feature,best_layer,test_accuracy,test_auc,ci_lower,ci_upper,p_value,is_significant
bathrooms_p1_more,19,0.8966861598440545,0.9444382861931514,0.8765583916407433,0.9138545335993595,7.547623469943649e-163,True
bedrooms_p1_more,22,0.9249512670565302,0.958899456521739,0.9071968446837884,0.9395354290377962,4.0344997274876115e-192,True
sqft_p1_larger,19,0.8879142300194932,0.9427292503346718,0.8671455721157898,0.9057889346300604,1.3596540322514393e-154,True
lot_p1_larger,23,0.8879142300194932,0.927282995618839,0.8671455721157898,0.9057889346300604,1.3596540322514393e-154,True
year_p1_newer,23,0.9473684210526315,0.9690939346990303,0.931960116464833,0.9594392267420644,6.167281405918061e-219,True
price_p1_higher,34,0.5857699805068226,0.6040210222667057,0.5553635367662908,0.6155365551775152,2.170876697027378e-08,True
