feature,best_layer,test_accuracy,test_auc,ci_lower,ci_upper,p_value,is_significant
bathrooms_p1_more,15,0.9015594541910331,0.9417646198117349,0.8818052350286385,0.9183179227082716,1.3609148749747333e-167,True
bedrooms_p1_more,15,0.9103313840155945,0.9606198828345568,0.8912842916997886,0.9263172845313744,1.95837641911807e-176,True
sqft_p1_larger,15,0.8693957115009746,0.9266497809419496,0.8473914992740126,0.8886441239839702,2.8899555549754714e-138,True
lot_p1_larger,15,0.8693957115009746,0.927066219423147,0.8473914992740126,0.8886441239839702,2.8899555549754714e-138,True
year_p1_newer,15,0.9590643274853801,0.9904745509841051,0.9451299397981583,0.9695739614010763,1.2976905524833755e-234,True
price_p1_higher,19,0.6072124756335283,0.6276463357549787,0.5769827037185705,0.6366424112111871,3.37365844695103e-12,True
