condition,accuracy,n_valid,n_total,time_sec
0_baseline_temp0,0.5590909090909091,4620,5130,1847.7506594657898
1_zeroshot_cot_temp0,0.5585953450387914,4898,5130,1682.7207903862
2_fewshot_cot_temp0,0.59317738791423,5130,5130,206.1082136631012
3_zeroshot_cot_topp01,0.556920556920557,4884,5130,1818.4738218784332
4_fewshot_cot_topp01,0.5927875243664718,5130,5130,209.68095993995667
