condition,accuracy,n_valid,n_total,time_sec
0_baseline_temp0,0.5726738293127914,4933,5130,9407.001781463623
1_zeroshot_cot_temp0,0.59581589958159,4780,5130,8964.352298736572
2_fewshot_cot_temp0,0.5922310351840553,4917,5130,12094.75660443306
3_zeroshot_cot_topp01,0.5982423101067169,4779,5130,9025.963643789291
4_fewshot_cot_topp01,0.5915464336516968,4921,5130,11602.552876472473
