pair_index,zpid_1,zpid_2,is_correct,pred_choice,loser_property,feature,step_index,increment_label,original_value,perturbed_value
0,11472360,11509807,True,1,2,bedrooms,0,+1,3.0,4.0
0,11472360,11509807,True,1,2,bedrooms,1,+2,3.0,5.0
0,11472360,11509807,True,1,2,bedrooms,2,+3,3.0,6.0
0,11472360,11509807,True,1,2,bedrooms,3,+4,3.0,7.0
0,11472360,11509807,True,1,2,bedrooms,4,+5,3.0,8.0
0,11472360,11509807,True,1,2,bedrooms,5,+6,3.0,9.0
0,11472360,11509807,True,1,2,bedrooms,6,+7,3.0,10.0
0,11472360,11509807,True,1,2,bathrooms,0,+1,3.0,4.0
0,11472360,11509807,True,1,2,bathrooms,1,+2,3.0,5.0
0,11472360,11509807,True,1,2,bathrooms,2,+3,3.0,6.0
0,11472360,11509807,True,1,2,bathrooms,3,+4,3.0,7.0
0,11472360,11509807,True,1,2,bathrooms,4,+5,3.0,8.0
0,11472360,11509807,True,1,2,bathrooms,5,+6,3.0,9.0
0,11472360,11509807,True,1,2,bathrooms,6,+7,3.0,10.0
0,11472360,11509807,True,1,2,yearBuilt,0,+2yr,1972.0,1974.0
0,11472360,11509807,True,1,2,yearBuilt,1,+4yr,1972.0,1976.0
0,11472360,11509807,True,1,2,yearBuilt,2,+6yr,1972.0,1978.0
0,11472360,11509807,True,1,2,yearBuilt,3,+8yr,1972.0,1980.0
0,11472360,11509807,True,1,2,yearBuilt,4,+10yr,1972.0,1982.0
0,11472360,11509807,True,1,2,yearBuilt,5,+12yr,1972.0,1984.0
0,11472360,11509807,True,1,2,yearBuilt,6,+14yr,1972.0,1986.0
0,11472360,11509807,True,1,2,yearBuilt,7,+16yr,1972.0,1988.0
0,11472360,11509807,True,1,2,yearBuilt,8,+18yr,1972.0,1990.0
0,11472360,11509807,True,1,2,yearBuilt,9,+20yr,1972.0,1992.0
0,11472360,11509807,True,1,2,yearBuilt,10,+22yr,1972.0,1994.0
0,11472360,11509807,True,1,2,yearBuilt,11,+24yr,1972.0,1996.0
0,11472360,11509807,True,1,2,yearBuilt,12,+26yr,1972.0,1998.0
0,11472360,11509807,True,1,2,yearBuilt,13,+28yr,1972.0,2000.0
0,11472360,11509807,True,1,2,yearBuilt,14,+30yr,1972.0,2002.0
0,11472360,11509807,True,1,2,yearBuilt,15,+32yr,1972.0,2004.0
0,11472360,11509807,True,1,2,yearBuilt,16,+34yr,1972.0,2006.0
0,11472360,11509807,True,1,2,yearBuilt,17,+36yr,1972.0,2008.0
0,11472360,11509807,True,1,2,yearBuilt,18,+38yr,1972.0,2010.0
0,11472360,11509807,True,1,2,yearBuilt,19,+40yr,1972.0,2012.0
0,11472360,11509807,True,1,2,yearBuilt,20,+42yr,1972.0,2014.0
0,11472360,11509807,True,1,2,yearBuilt,21,+44yr,1972.0,2016.0
0,11472360,11509807,True,1,2,yearBuilt,22,+46yr,1972.0,2018.0
0,11472360,11509807,True,1,2,yearBuilt,23,+48yr,1972.0,2020.0
0,11472360,11509807,True,1,2,yearBuilt,24,+50yr,1972.0,2022.0
0,11472360,11509807,True,1,2,yearBuilt,25,+52yr,1972.0,2024.0
0,11472360,11509807,True,1,2,lot,0,+100sqft,0.43,0.4323
0,11472360,11509807,True,1,2,lot,1,+200sqft,0.43,0.4346
0,11472360,11509807,True,1,2,lot,2,+300sqft,0.43,0.4369
0,11472360,11509807,True,1,2,lot,3,+400sqft,0.43,0.4392
0,11472360,11509807,True,1,2,lot,4,+500sqft,0.43,0.4415
0,11472360,11509807,True,1,2,lot,5,+600sqft,0.43,0.4438
0,11472360,11509807,True,1,2,lot,6,+700sqft,0.43,0.4461
0,11472360,11509807,True,1,2,lot,7,+800sqft,0.43,0.4484
0,11472360,11509807,True,1,2,lot,8,+900sqft,0.43,0.4507
0,11472360,11509807,True,1,2,lot,9,+1000sqft,0.43,0.453
0,11472360,11509807,True,1,2,lot,10,+1100sqft,0.43,0.4553
0,11472360,11509807,True,1,2,lot,11,+1200sqft,0.43,0.4575
0,11472360,11509807,True,1,2,lot,12,+1300sqft,0.43,0.4598
0,11472360,11509807,True,1,2,lot,13,+1400sqft,0.43,0.4621
0,11472360,11509807,True,1,2,lot,14,+1500sqft,0.43,0.4644
0,11472360,11509807,True,1,2,lot,15,+1600sqft,0.43,0.4667
0,11472360,11509807,True,1,2,lot,16,+1700sqft,0.43,0.469
0,11472360,11509807,True,1,2,lot,17,+1800sqft,0.43,0.4713
0,11472360,11509807,True,1,2,lot,18,+1900sqft,0.43,0.4736
0,11472360,11509807,True,1,2,lot,19,+2000sqft,0.43,0.4759
0,11472360,11509807,True,1,2,lot,20,+2100sqft,0.43,0.4782
0,11472360,11509807,True,1,2,lot,21,+2200sqft,0.43,0.4805
0,11472360,11509807,True,1,2,lot,22,+2300sqft,0.43,0.4828
0,11472360,11509807,True,1,2,lot,23,+2400sqft,0.43,0.4851
0,11472360,11509807,True,1,2,lot,24,+2500sqft,0.43,0.4874
0,11472360,11509807,True,1,2,lot,25,+2600sqft,0.43,0.4897
0,11472360,11509807,True,1,2,lot,26,+2700sqft,0.43,0.492
0,11472360,11509807,True,1,2,lot,27,+2800sqft,0.43,0.4943
0,11472360,11509807,True,1,2,lot,28,+2900sqft,0.43,0.4966
0,11472360,11509807,True,1,2,lot,29,+3000sqft,0.43,0.4989
0,11472360,11509807,True,1,2,lot,30,+3100sqft,0.43,0.5012
0,11472360,11509807,True,1,2,lot,31,+3200sqft,0.43,0.5035
0,11472360,11509807,True,1,2,lot,32,+3300sqft,0.43,0.5058
0,11472360,11509807,True,1,2,lot,33,+3400sqft,0.43,0.5081
0,11472360,11509807,True,1,2,lot,34,+3500sqft,0.43,0.5103
0,11472360,11509807,True,1,2,lot,35,+3600sqft,0.43,0.5126
0,11472360,11509807,True,1,2,lot,36,+3700sqft,0.43,0.5149
0,11472360,11509807,True,1,2,lot,37,+3800sqft,0.43,0.5172
0,11472360,11509807,True,1,2,lot,38,+3900sqft,0.43,0.5195
0,11472360,11509807,True,1,2,lot,39,+4000sqft,0.43,0.5218
0,11472360,11509807,True,1,2,lot,40,+4100sqft,0.43,0.5241
0,11472360,11509807,True,1,2,lot,41,+4200sqft,0.43,0.5264
0,11472360,11509807,True,1,2,lot,42,+4300sqft,0.43,0.5287
0,11472360,11509807,True,1,2,lot,43,+4400sqft,0.43,0.531
0,11472360,11509807,True,1,2,lot,44,+4500sqft,0.43,0.5333
0,11472360,11509807,True,1,2,lot,45,+4600sqft,0.43,0.5356
0,11472360,11509807,True,1,2,lot,46,+4700sqft,0.43,0.5379
0,11472360,11509807,True,1,2,lot,47,+4800sqft,0.43,0.5402
0,11472360,11509807,True,1,2,lot,48,+4900sqft,0.43,0.5425
0,11472360,11509807,True,1,2,lot,49,+5000sqft,0.43,0.5448
1,11510849,11511087,True,1,2,bedrooms,0,+1,3.0,4.0
1,11510849,11511087,True,1,2,bedrooms,1,+2,3.0,5.0
1,11510849,11511087,True,1,2,bedrooms,2,+3,3.0,6.0
1,11510849,11511087,True,1,2,bedrooms,3,+4,3.0,7.0
1,11510849,11511087,True,1,2,bedrooms,4,+5,3.0,8.0
1,11510849,11511087,True,1,2,bedrooms,5,+6,3.0,9.0
1,11510849,11511087,True,1,2,bedrooms,6,+7,3.0,10.0
1,11510849,11511087,True,1,2,bathrooms,0,+1,2.0,3.0
1,11510849,11511087,True,1,2,bathrooms,1,+2,2.0,4.0
1,11510849,11511087,True,1,2,bathrooms,2,+3,2.0,5.0
1,11510849,11511087,True,1,2,bathrooms,3,+4,2.0,6.0
1,11510849,11511087,True,1,2,bathrooms,4,+5,2.0,7.0
1,11510849,11511087,True,1,2,bathrooms,5,+6,2.0,8.0
1,11510849,11511087,True,1,2,bathrooms,6,+7,2.0,9.0
1,11510849,11511087,True,1,2,bathrooms,7,+8,2.0,10.0
1,11510849,11511087,True,1,2,yearBuilt,0,+2yr,1930.0,1932.0
1,11510849,11511087,True,1,2,yearBuilt,1,+4yr,1930.0,1934.0
1,11510849,11511087,True,1,2,yearBuilt,2,+6yr,1930.0,1936.0
1,11510849,11511087,True,1,2,yearBuilt,3,+8yr,1930.0,1938.0
1,11510849,11511087,True,1,2,yearBuilt,4,+10yr,1930.0,1940.0
1,11510849,11511087,True,1,2,yearBuilt,5,+12yr,1930.0,1942.0
1,11510849,11511087,True,1,2,yearBuilt,6,+14yr,1930.0,1944.0
1,11510849,11511087,True,1,2,yearBuilt,7,+16yr,1930.0,1946.0
1,11510849,11511087,True,1,2,yearBuilt,8,+18yr,1930.0,1948.0
1,11510849,11511087,True,1,2,yearBuilt,9,+20yr,1930.0,1950.0
1,11510849,11511087,True,1,2,yearBuilt,10,+22yr,1930.0,1952.0
1,11510849,11511087,True,1,2,yearBuilt,11,+24yr,1930.0,1954.0
1,11510849,11511087,True,1,2,yearBuilt,12,+26yr,1930.0,1956.0
1,11510849,11511087,True,1,2,yearBuilt,13,+28yr,1930.0,1958.0
1,11510849,11511087,True,1,2,yearBuilt,14,+30yr,1930.0,1960.0
1,11510849,11511087,True,1,2,yearBuilt,15,+32yr,1930.0,1962.0
1,11510849,11511087,True,1,2,yearBuilt,16,+34yr,1930.0,1964.0
1,11510849,11511087,True,1,2,yearBuilt,17,+36yr,1930.0,1966.0
1,11510849,11511087,True,1,2,yearBuilt,18,+38yr,1930.0,1968.0
1,11510849,11511087,True,1,2,yearBuilt,19,+40yr,1930.0,1970.0
1,11510849,11511087,True,1,2,yearBuilt,20,+42yr,1930.0,1972.0
1,11510849,11511087,True,1,2,yearBuilt,21,+44yr,1930.0,1974.0
1,11510849,11511087,True,1,2,yearBuilt,22,+46yr,1930.0,1976.0
1,11510849,11511087,True,1,2,yearBuilt,23,+48yr,1930.0,1978.0
1,11510849,11511087,True,1,2,yearBuilt,24,+50yr,1930.0,1980.0
1,11510849,11511087,True,1,2,yearBuilt,25,+52yr,1930.0,1982.0
1,11510849,11511087,True,1,2,yearBuilt,26,+54yr,1930.0,1984.0
1,11510849,11511087,True,1,2,yearBuilt,27,+56yr,1930.0,1986.0
1,11510849,11511087,True,1,2,yearBuilt,28,+58yr,1930.0,1988.0
1,11510849,11511087,True,1,2,yearBuilt,29,+60yr,1930.0,1990.0
1,11510849,11511087,True,1,2,yearBuilt,30,+62yr,1930.0,1992.0
1,11510849,11511087,True,1,2,yearBuilt,31,+64yr,1930.0,1994.0
1,11510849,11511087,True,1,2,yearBuilt,32,+66yr,1930.0,1996.0
1,11510849,11511087,True,1,2,yearBuilt,33,+68yr,1930.0,1998.0
1,11510849,11511087,True,1,2,yearBuilt,34,+70yr,1930.0,2000.0
1,11510849,11511087,True,1,2,yearBuilt,35,+72yr,1930.0,2002.0
1,11510849,11511087,True,1,2,yearBuilt,36,+74yr,1930.0,2004.0
1,11510849,11511087,True,1,2,yearBuilt,37,+76yr,1930.0,2006.0
1,11510849,11511087,True,1,2,yearBuilt,38,+78yr,1930.0,2008.0
1,11510849,11511087,True,1,2,yearBuilt,39,+80yr,1930.0,2010.0
1,11510849,11511087,True,1,2,yearBuilt,40,+82yr,1930.0,2012.0
1,11510849,11511087,True,1,2,yearBuilt,41,+84yr,1930.0,2014.0
1,11510849,11511087,True,1,2,yearBuilt,42,+86yr,1930.0,2016.0
1,11510849,11511087,True,1,2,yearBuilt,43,+88yr,1930.0,2018.0
1,11510849,11511087,True,1,2,yearBuilt,44,+90yr,1930.0,2020.0
1,11510849,11511087,True,1,2,yearBuilt,45,+92yr,1930.0,2022.0
1,11510849,11511087,True,1,2,yearBuilt,46,+94yr,1930.0,2024.0
1,11510849,11511087,True,1,2,lot,0,+100sqft,5401.0,5501.0
1,11510849,11511087,True,1,2,lot,1,+200sqft,5401.0,5601.0
1,11510849,11511087,True,1,2,lot,2,+300sqft,5401.0,5701.0
1,11510849,11511087,True,1,2,lot,3,+400sqft,5401.0,5801.0
1,11510849,11511087,True,1,2,lot,4,+500sqft,5401.0,5901.0
1,11510849,11511087,True,1,2,lot,5,+600sqft,5401.0,6001.0
1,11510849,11511087,True,1,2,lot,6,+700sqft,5401.0,6101.0
1,11510849,11511087,True,1,2,lot,7,+800sqft,5401.0,6201.0
1,11510849,11511087,True,1,2,lot,8,+900sqft,5401.0,6301.0
1,11510849,11511087,True,1,2,lot,9,+1000sqft,5401.0,6401.0
1,11510849,11511087,True,1,2,lot,10,+1100sqft,5401.0,6501.0
1,11510849,11511087,True,1,2,lot,11,+1200sqft,5401.0,6601.0
1,11510849,11511087,True,1,2,lot,12,+1300sqft,5401.0,6701.0
1,11510849,11511087,True,1,2,lot,13,+1400sqft,5401.0,6801.0
1,11510849,11511087,True,1,2,lot,14,+1500sqft,5401.0,6901.0
1,11510849,11511087,True,1,2,lot,15,+1600sqft,5401.0,7001.0
1,11510849,11511087,True,1,2,lot,16,+1700sqft,5401.0,7101.0
1,11510849,11511087,True,1,2,lot,17,+1800sqft,5401.0,7201.0
1,11510849,11511087,True,1,2,lot,18,+1900sqft,5401.0,7301.0
1,11510849,11511087,True,1,2,lot,19,+2000sqft,5401.0,7401.0
1,11510849,11511087,True,1,2,lot,20,+2100sqft,5401.0,7501.0
1,11510849,11511087,True,1,2,lot,21,+2200sqft,5401.0,7601.0
1,11510849,11511087,True,1,2,lot,22,+2300sqft,5401.0,7701.0
1,11510849,11511087,True,1,2,lot,23,+2400sqft,5401.0,7801.0
1,11510849,11511087,True,1,2,lot,24,+2500sqft,5401.0,7901.0
1,11510849,11511087,True,1,2,lot,25,+2600sqft,5401.0,8001.0
1,11510849,11511087,True,1,2,lot,26,+2700sqft,5401.0,8101.0
1,11510849,11511087,True,1,2,lot,27,+2800sqft,5401.0,8201.0
1,11510849,11511087,True,1,2,lot,28,+2900sqft,5401.0,8301.0
1,11510849,11511087,True,1,2,lot,29,+3000sqft,5401.0,8401.0
1,11510849,11511087,True,1,2,lot,30,+3100sqft,5401.0,8501.0
1,11510849,11511087,True,1,2,lot,31,+3200sqft,5401.0,8601.0
1,11510849,11511087,True,1,2,lot,32,+3300sqft,5401.0,8701.0
1,11510849,11511087,True,1,2,lot,33,+3400sqft,5401.0,8801.0
1,11510849,11511087,True,1,2,lot,34,+3500sqft,5401.0,8901.0
1,11510849,11511087,True,1,2,lot,35,+3600sqft,5401.0,9001.0
1,11510849,11511087,True,1,2,lot,36,+3700sqft,5401.0,9101.0
1,11510849,11511087,True,1,2,lot,37,+3800sqft,5401.0,9201.0
1,11510849,11511087,True,1,2,lot,38,+3900sqft,5401.0,9301.0
1,11510849,11511087,True,1,2,lot,39,+4000sqft,5401.0,9401.0
1,11510849,11511087,True,1,2,lot,40,+4100sqft,5401.0,9501.0
1,11510849,11511087,True,1,2,lot,41,+4200sqft,5401.0,9601.0
1,11510849,11511087,True,1,2,lot,42,+4300sqft,5401.0,9701.0
1,11510849,11511087,True,1,2,lot,43,+4400sqft,5401.0,9801.0
1,11510849,11511087,True,1,2,lot,44,+4500sqft,5401.0,9901.0
1,11510849,11511087,True,1,2,lot,45,+4600sqft,5401.0,10001.0
1,11510849,11511087,True,1,2,lot,46,+4700sqft,5401.0,10101.0
1,11510849,11511087,True,1,2,lot,47,+4800sqft,5401.0,10201.0
1,11510849,11511087,True,1,2,lot,48,+4900sqft,5401.0,10301.0
1,11510849,11511087,True,1,2,lot,49,+5000sqft,5401.0,10401.0
2,11335477,11570532,True,2,1,bedrooms,0,+1,3.0,4.0
2,11335477,11570532,True,2,1,bedrooms,1,+2,3.0,5.0
2,11335477,11570532,True,2,1,bedrooms,2,+3,3.0,6.0
2,11335477,11570532,True,2,1,bedrooms,3,+4,3.0,7.0
2,11335477,11570532,True,2,1,bedrooms,4,+5,3.0,8.0
2,11335477,11570532,True,2,1,bedrooms,5,+6,3.0,9.0
2,11335477,11570532,True,2,1,bedrooms,6,+7,3.0,10.0
2,11335477,11570532,True,2,1,bathrooms,0,+1,1.0,2.0
2,11335477,11570532,True,2,1,bathrooms,1,+2,1.0,3.0
2,11335477,11570532,True,2,1,bathrooms,2,+3,1.0,4.0
2,11335477,11570532,True,2,1,bathrooms,3,+4,1.0,5.0
2,11335477,11570532,True,2,1,bathrooms,4,+5,1.0,6.0
2,11335477,11570532,True,2,1,bathrooms,5,+6,1.0,7.0
2,11335477,11570532,True,2,1,bathrooms,6,+7,1.0,8.0
2,11335477,11570532,True,2,1,bathrooms,7,+8,1.0,9.0
2,11335477,11570532,True,2,1,bathrooms,8,+9,1.0,10.0
2,11335477,11570532,True,2,1,yearBuilt,0,+2yr,1939.0,1941.0
2,11335477,11570532,True,2,1,yearBuilt,1,+4yr,1939.0,1943.0
2,11335477,11570532,True,2,1,yearBuilt,2,+6yr,1939.0,1945.0
2,11335477,11570532,True,2,1,yearBuilt,3,+8yr,1939.0,1947.0
2,11335477,11570532,True,2,1,yearBuilt,4,+10yr,1939.0,1949.0
2,11335477,11570532,True,2,1,yearBuilt,5,+12yr,1939.0,1951.0
2,11335477,11570532,True,2,1,yearBuilt,6,+14yr,1939.0,1953.0
2,11335477,11570532,True,2,1,yearBuilt,7,+16yr,1939.0,1955.0
2,11335477,11570532,True,2,1,yearBuilt,8,+18yr,1939.0,1957.0
2,11335477,11570532,True,2,1,yearBuilt,9,+20yr,1939.0,1959.0
2,11335477,11570532,True,2,1,yearBuilt,10,+22yr,1939.0,1961.0
2,11335477,11570532,True,2,1,yearBuilt,11,+24yr,1939.0,1963.0
2,11335477,11570532,True,2,1,yearBuilt,12,+26yr,1939.0,1965.0
2,11335477,11570532,True,2,1,yearBuilt,13,+28yr,1939.0,1967.0
2,11335477,11570532,True,2,1,yearBuilt,14,+30yr,1939.0,1969.0
2,11335477,11570532,True,2,1,yearBuilt,15,+32yr,1939.0,1971.0
2,11335477,11570532,True,2,1,yearBuilt,16,+34yr,1939.0,1973.0
2,11335477,11570532,True,2,1,yearBuilt,17,+36yr,1939.0,1975.0
2,11335477,11570532,True,2,1,yearBuilt,18,+38yr,1939.0,1977.0
2,11335477,11570532,True,2,1,yearBuilt,19,+40yr,1939.0,1979.0
2,11335477,11570532,True,2,1,yearBuilt,20,+42yr,1939.0,1981.0
2,11335477,11570532,True,2,1,yearBuilt,21,+44yr,1939.0,1983.0
2,11335477,11570532,True,2,1,yearBuilt,22,+46yr,1939.0,1985.0
2,11335477,11570532,True,2,1,yearBuilt,23,+48yr,1939.0,1987.0
2,11335477,11570532,True,2,1,yearBuilt,24,+50yr,1939.0,1989.0
2,11335477,11570532,True,2,1,yearBuilt,25,+52yr,1939.0,1991.0
2,11335477,11570532,True,2,1,yearBuilt,26,+54yr,1939.0,1993.0
2,11335477,11570532,True,2,1,yearBuilt,27,+56yr,1939.0,1995.0
2,11335477,11570532,True,2,1,yearBuilt,28,+58yr,1939.0,1997.0
2,11335477,11570532,True,2,1,yearBuilt,29,+60yr,1939.0,1999.0
2,11335477,11570532,True,2,1,yearBuilt,30,+62yr,1939.0,2001.0
2,11335477,11570532,True,2,1,yearBuilt,31,+64yr,1939.0,2003.0
2,11335477,11570532,True,2,1,yearBuilt,32,+66yr,1939.0,2005.0
2,11335477,11570532,True,2,1,yearBuilt,33,+68yr,1939.0,2007.0
2,11335477,11570532,True,2,1,yearBuilt,34,+70yr,1939.0,2009.0
2,11335477,11570532,True,2,1,yearBuilt,35,+72yr,1939.0,2011.0
2,11335477,11570532,True,2,1,yearBuilt,36,+74yr,1939.0,2013.0
2,11335477,11570532,True,2,1,yearBuilt,37,+76yr,1939.0,2015.0
2,11335477,11570532,True,2,1,yearBuilt,38,+78yr,1939.0,2017.0
2,11335477,11570532,True,2,1,yearBuilt,39,+80yr,1939.0,2019.0
2,11335477,11570532,True,2,1,yearBuilt,40,+82yr,1939.0,2021.0
2,11335477,11570532,True,2,1,yearBuilt,41,+84yr,1939.0,2023.0
2,11335477,11570532,True,2,1,yearBuilt,42,+86yr,1939.0,2025.0
2,11335477,11570532,True,2,1,lot,0,+100sqft,5357.0,5457.0
2,11335477,11570532,True,2,1,lot,1,+200sqft,5357.0,5557.0
2,11335477,11570532,True,2,1,lot,2,+300sqft,5357.0,5657.0
2,11335477,11570532,True,2,1,lot,3,+400sqft,5357.0,5757.0
2,11335477,11570532,True,2,1,lot,4,+500sqft,5357.0,5857.0
2,11335477,11570532,True,2,1,lot,5,+600sqft,5357.0,5957.0
2,11335477,11570532,True,2,1,lot,6,+700sqft,5357.0,6057.0
2,11335477,11570532,True,2,1,lot,7,+800sqft,5357.0,6157.0
2,11335477,11570532,True,2,1,lot,8,+900sqft,5357.0,6257.0
2,11335477,11570532,True,2,1,lot,9,+1000sqft,5357.0,6357.0
2,11335477,11570532,True,2,1,lot,10,+1100sqft,5357.0,6457.0
2,11335477,11570532,True,2,1,lot,11,+1200sqft,5357.0,6557.0
2,11335477,11570532,True,2,1,lot,12,+1300sqft,5357.0,6657.0
2,11335477,11570532,True,2,1,lot,13,+1400sqft,5357.0,6757.0
2,11335477,11570532,True,2,1,lot,14,+1500sqft,5357.0,6857.0
2,11335477,11570532,True,2,1,lot,15,+1600sqft,5357.0,6957.0
2,11335477,11570532,True,2,1,lot,16,+1700sqft,5357.0,7057.0
2,11335477,11570532,True,2,1,lot,17,+1800sqft,5357.0,7157.0
2,11335477,11570532,True,2,1,lot,18,+1900sqft,5357.0,7257.0
2,11335477,11570532,True,2,1,lot,19,+2000sqft,5357.0,7357.0
2,11335477,11570532,True,2,1,lot,20,+2100sqft,5357.0,7457.0
2,11335477,11570532,True,2,1,lot,21,+2200sqft,5357.0,7557.0
2,11335477,11570532,True,2,1,lot,22,+2300sqft,5357.0,7657.0
2,11335477,11570532,True,2,1,lot,23,+2400sqft,5357.0,7757.0
2,11335477,11570532,True,2,1,lot,24,+2500sqft,5357.0,7857.0
2,11335477,11570532,True,2,1,lot,25,+2600sqft,5357.0,7957.0
2,11335477,11570532,True,2,1,lot,26,+2700sqft,5357.0,8057.0
2,11335477,11570532,True,2,1,lot,27,+2800sqft,5357.0,8157.0
2,11335477,11570532,True,2,1,lot,28,+2900sqft,5357.0,8257.0
2,11335477,11570532,True,2,1,lot,29,+3000sqft,5357.0,8357.0
2,11335477,11570532,True,2,1,lot,30,+3100sqft,5357.0,8457.0
2,11335477,11570532,True,2,1,lot,31,+3200sqft,5357.0,8557.0
2,11335477,11570532,True,2,1,lot,32,+3300sqft,5357.0,8657.0
2,11335477,11570532,True,2,1,lot,33,+3400sqft,5357.0,8757.0
2,11335477,11570532,True,2,1,lot,34,+3500sqft,5357.0,8857.0
2,11335477,11570532,True,2,1,lot,35,+3600sqft,5357.0,8957.0
2,11335477,11570532,True,2,1,lot,36,+3700sqft,5357.0,9057.0
2,11335477,11570532,True,2,1,lot,37,+3800sqft,5357.0,9157.0
2,11335477,11570532,True,2,1,lot,38,+3900sqft,5357.0,9257.0
2,11335477,11570532,True,2,1,lot,39,+4000sqft,5357.0,9357.0
2,11335477,11570532,True,2,1,lot,40,+4100sqft,5357.0,9457.0
2,11335477,11570532,True,2,1,lot,41,+4200sqft,5357.0,9557.0
2,11335477,11570532,True,2,1,lot,42,+4300sqft,5357.0,9657.0
2,11335477,11570532,True,2,1,lot,43,+4400sqft,5357.0,9757.0
2,11335477,11570532,True,2,1,lot,44,+4500sqft,5357.0,9857.0
2,11335477,11570532,True,2,1,lot,45,+4600sqft,5357.0,9957.0
2,11335477,11570532,True,2,1,lot,46,+4700sqft,5357.0,10057.0
2,11335477,11570532,True,2,1,lot,47,+4800sqft,5357.0,10157.0
2,11335477,11570532,True,2,1,lot,48,+4900sqft,5357.0,10257.0
2,11335477,11570532,True,2,1,lot,49,+5000sqft,5357.0,10357.0
3,11290461,11344264,False,2,1,bedrooms,0,+1,3.0,4.0
3,11290461,11344264,False,2,1,bedrooms,1,+2,3.0,5.0
3,11290461,11344264,False,2,1,bedrooms,2,+3,3.0,6.0
3,11290461,11344264,False,2,1,bedrooms,3,+4,3.0,7.0
3,11290461,11344264,False,2,1,bedrooms,4,+5,3.0,8.0
3,11290461,11344264,False,2,1,bedrooms,5,+6,3.0,9.0
3,11290461,11344264,False,2,1,bedrooms,6,+7,3.0,10.0
3,11290461,11344264,False,2,1,bathrooms,0,+1,2.0,3.0
3,11290461,11344264,False,2,1,bathrooms,1,+2,2.0,4.0
3,11290461,11344264,False,2,1,bathrooms,2,+3,2.0,5.0
3,11290461,11344264,False,2,1,bathrooms,3,+4,2.0,6.0
3,11290461,11344264,False,2,1,bathrooms,4,+5,2.0,7.0
3,11290461,11344264,False,2,1,bathrooms,5,+6,2.0,8.0
3,11290461,11344264,False,2,1,bathrooms,6,+7,2.0,9.0
3,11290461,11344264,False,2,1,bathrooms,7,+8,2.0,10.0
3,11290461,11344264,False,2,1,yearBuilt,0,+2yr,1950.0,1952.0
3,11290461,11344264,False,2,1,yearBuilt,1,+4yr,1950.0,1954.0
3,11290461,11344264,False,2,1,yearBuilt,2,+6yr,1950.0,1956.0
3,11290461,11344264,False,2,1,yearBuilt,3,+8yr,1950.0,1958.0
3,11290461,11344264,False,2,1,yearBuilt,4,+10yr,1950.0,1960.0
3,11290461,11344264,False,2,1,yearBuilt,5,+12yr,1950.0,1962.0
3,11290461,11344264,False,2,1,yearBuilt,6,+14yr,1950.0,1964.0
3,11290461,11344264,False,2,1,yearBuilt,7,+16yr,1950.0,1966.0
3,11290461,11344264,False,2,1,yearBuilt,8,+18yr,1950.0,1968.0
3,11290461,11344264,False,2,1,yearBuilt,9,+20yr,1950.0,1970.0
3,11290461,11344264,False,2,1,yearBuilt,10,+22yr,1950.0,1972.0
3,11290461,11344264,False,2,1,yearBuilt,11,+24yr,1950.0,1974.0
3,11290461,11344264,False,2,1,yearBuilt,12,+26yr,1950.0,1976.0
3,11290461,11344264,False,2,1,yearBuilt,13,+28yr,1950.0,1978.0
3,11290461,11344264,False,2,1,yearBuilt,14,+30yr,1950.0,1980.0
3,11290461,11344264,False,2,1,yearBuilt,15,+32yr,1950.0,1982.0
3,11290461,11344264,False,2,1,yearBuilt,16,+34yr,1950.0,1984.0
3,11290461,11344264,False,2,1,yearBuilt,17,+36yr,1950.0,1986.0
3,11290461,11344264,False,2,1,yearBuilt,18,+38yr,1950.0,1988.0
3,11290461,11344264,False,2,1,yearBuilt,19,+40yr,1950.0,1990.0
3,11290461,11344264,False,2,1,yearBuilt,20,+42yr,1950.0,1992.0
3,11290461,11344264,False,2,1,yearBuilt,21,+44yr,1950.0,1994.0
3,11290461,11344264,False,2,1,yearBuilt,22,+46yr,1950.0,1996.0
3,11290461,11344264,False,2,1,yearBuilt,23,+48yr,1950.0,1998.0
3,11290461,11344264,False,2,1,yearBuilt,24,+50yr,1950.0,2000.0
3,11290461,11344264,False,2,1,yearBuilt,25,+52yr,1950.0,2002.0
3,11290461,11344264,False,2,1,yearBuilt,26,+54yr,1950.0,2004.0
3,11290461,11344264,False,2,1,yearBuilt,27,+56yr,1950.0,2006.0
3,11290461,11344264,False,2,1,yearBuilt,28,+58yr,1950.0,2008.0
3,11290461,11344264,False,2,1,yearBuilt,29,+60yr,1950.0,2010.0
3,11290461,11344264,False,2,1,yearBuilt,30,+62yr,1950.0,2012.0
3,11290461,11344264,False,2,1,yearBuilt,31,+64yr,1950.0,2014.0
3,11290461,11344264,False,2,1,yearBuilt,32,+66yr,1950.0,2016.0
3,11290461,11344264,False,2,1,yearBuilt,33,+68yr,1950.0,2018.0
3,11290461,11344264,False,2,1,yearBuilt,34,+70yr,1950.0,2020.0
3,11290461,11344264,False,2,1,yearBuilt,35,+72yr,1950.0,2022.0
3,11290461,11344264,False,2,1,yearBuilt,36,+74yr,1950.0,2024.0
3,11290461,11344264,False,2,1,lot,0,+100sqft,0.26,0.2623
3,11290461,11344264,False,2,1,lot,1,+200sqft,0.26,0.2646
3,11290461,11344264,False,2,1,lot,2,+300sqft,0.26,0.2669
3,11290461,11344264,False,2,1,lot,3,+400sqft,0.26,0.2692
3,11290461,11344264,False,2,1,lot,4,+500sqft,0.26,0.2715
3,11290461,11344264,False,2,1,lot,5,+600sqft,0.26,0.2738
3,11290461,11344264,False,2,1,lot,6,+700sqft,0.26,0.2761
3,11290461,11344264,False,2,1,lot,7,+800sqft,0.26,0.2784
3,11290461,11344264,False,2,1,lot,8,+900sqft,0.26,0.2807
3,11290461,11344264,False,2,1,lot,9,+1000sqft,0.26,0.283
3,11290461,11344264,False,2,1,lot,10,+1100sqft,0.26,0.2853
3,11290461,11344264,False,2,1,lot,11,+1200sqft,0.26,0.2875
3,11290461,11344264,False,2,1,lot,12,+1300sqft,0.26,0.2898
3,11290461,11344264,False,2,1,lot,13,+1400sqft,0.26,0.2921
3,11290461,11344264,False,2,1,lot,14,+1500sqft,0.26,0.2944
3,11290461,11344264,False,2,1,lot,15,+1600sqft,0.26,0.2967
3,11290461,11344264,False,2,1,lot,16,+1700sqft,0.26,0.299
3,11290461,11344264,False,2,1,lot,17,+1800sqft,0.26,0.3013
3,11290461,11344264,False,2,1,lot,18,+1900sqft,0.26,0.3036
3,11290461,11344264,False,2,1,lot,19,+2000sqft,0.26,0.3059
3,11290461,11344264,False,2,1,lot,20,+2100sqft,0.26,0.3082
3,11290461,11344264,False,2,1,lot,21,+2200sqft,0.26,0.3105
3,11290461,11344264,False,2,1,lot,22,+2300sqft,0.26,0.3128
3,11290461,11344264,False,2,1,lot,23,+2400sqft,0.26,0.3151
3,11290461,11344264,False,2,1,lot,24,+2500sqft,0.26,0.3174
3,11290461,11344264,False,2,1,lot,25,+2600sqft,0.26,0.3197
3,11290461,11344264,False,2,1,lot,26,+2700sqft,0.26,0.322
3,11290461,11344264,False,2,1,lot,27,+2800sqft,0.26,0.3243
3,11290461,11344264,False,2,1,lot,28,+2900sqft,0.26,0.3266
3,11290461,11344264,False,2,1,lot,29,+3000sqft,0.26,0.3289
3,11290461,11344264,False,2,1,lot,30,+3100sqft,0.26,0.3312
3,11290461,11344264,False,2,1,lot,31,+3200sqft,0.26,0.3335
3,11290461,11344264,False,2,1,lot,32,+3300sqft,0.26,0.3358
3,11290461,11344264,False,2,1,lot,33,+3400sqft,0.26,0.3381
3,11290461,11344264,False,2,1,lot,34,+3500sqft,0.26,0.3403
3,11290461,11344264,False,2,1,lot,35,+3600sqft,0.26,0.3426
3,11290461,11344264,False,2,1,lot,36,+3700sqft,0.26,0.3449
3,11290461,11344264,False,2,1,lot,37,+3800sqft,0.26,0.3472
3,11290461,11344264,False,2,1,lot,38,+3900sqft,0.26,0.3495
3,11290461,11344264,False,2,1,lot,39,+4000sqft,0.26,0.3518
3,11290461,11344264,False,2,1,lot,40,+4100sqft,0.26,0.3541
3,11290461,11344264,False,2,1,lot,41,+4200sqft,0.26,0.3564
3,11290461,11344264,False,2,1,lot,42,+4300sqft,0.26,0.3587
3,11290461,11344264,False,2,1,lot,43,+4400sqft,0.26,0.361
3,11290461,11344264,False,2,1,lot,44,+4500sqft,0.26,0.3633
3,11290461,11344264,False,2,1,lot,45,+4600sqft,0.26,0.3656
3,11290461,11344264,False,2,1,lot,46,+4700sqft,0.26,0.3679
3,11290461,11344264,False,2,1,lot,47,+4800sqft,0.26,0.3702
3,11290461,11344264,False,2,1,lot,48,+4900sqft,0.26,0.3725
3,11290461,11344264,False,2,1,lot,49,+5000sqft,0.26,0.3748
4,11299770,11469737,True,1,2,bedrooms,0,+1,3.0,4.0
4,11299770,11469737,True,1,2,bedrooms,1,+2,3.0,5.0
4,11299770,11469737,True,1,2,bedrooms,2,+3,3.0,6.0
4,11299770,11469737,True,1,2,bedrooms,3,+4,3.0,7.0
4,11299770,11469737,True,1,2,bedrooms,4,+5,3.0,8.0
4,11299770,11469737,True,1,2,bedrooms,5,+6,3.0,9.0
4,11299770,11469737,True,1,2,bedrooms,6,+7,3.0,10.0
4,11299770,11469737,True,1,2,bathrooms,0,+1,3.0,4.0
4,11299770,11469737,True,1,2,bathrooms,1,+2,3.0,5.0
4,11299770,11469737,True,1,2,bathrooms,2,+3,3.0,6.0
4,11299770,11469737,True,1,2,bathrooms,3,+4,3.0,7.0
4,11299770,11469737,True,1,2,bathrooms,4,+5,3.0,8.0
4,11299770,11469737,True,1,2,bathrooms,5,+6,3.0,9.0
4,11299770,11469737,True,1,2,bathrooms,6,+7,3.0,10.0
4,11299770,11469737,True,1,2,yearBuilt,0,+2yr,1949.0,1951.0
4,11299770,11469737,True,1,2,yearBuilt,1,+4yr,1949.0,1953.0
4,11299770,11469737,True,1,2,yearBuilt,2,+6yr,1949.0,1955.0
4,11299770,11469737,True,1,2,yearBuilt,3,+8yr,1949.0,1957.0
4,11299770,11469737,True,1,2,yearBuilt,4,+10yr,1949.0,1959.0
4,11299770,11469737,True,1,2,yearBuilt,5,+12yr,1949.0,1961.0
4,11299770,11469737,True,1,2,yearBuilt,6,+14yr,1949.0,1963.0
4,11299770,11469737,True,1,2,yearBuilt,7,+16yr,1949.0,1965.0
4,11299770,11469737,True,1,2,yearBuilt,8,+18yr,1949.0,1967.0
4,11299770,11469737,True,1,2,yearBuilt,9,+20yr,1949.0,1969.0
4,11299770,11469737,True,1,2,yearBuilt,10,+22yr,1949.0,1971.0
4,11299770,11469737,True,1,2,yearBuilt,11,+24yr,1949.0,1973.0
4,11299770,11469737,True,1,2,yearBuilt,12,+26yr,1949.0,1975.0
4,11299770,11469737,True,1,2,yearBuilt,13,+28yr,1949.0,1977.0
4,11299770,11469737,True,1,2,yearBuilt,14,+30yr,1949.0,1979.0
4,11299770,11469737,True,1,2,yearBuilt,15,+32yr,1949.0,1981.0
4,11299770,11469737,True,1,2,yearBuilt,16,+34yr,1949.0,1983.0
4,11299770,11469737,True,1,2,yearBuilt,17,+36yr,1949.0,1985.0
4,11299770,11469737,True,1,2,yearBuilt,18,+38yr,1949.0,1987.0
4,11299770,11469737,True,1,2,yearBuilt,19,+40yr,1949.0,1989.0
4,11299770,11469737,True,1,2,yearBuilt,20,+42yr,1949.0,1991.0
4,11299770,11469737,True,1,2,yearBuilt,21,+44yr,1949.0,1993.0
4,11299770,11469737,True,1,2,yearBuilt,22,+46yr,1949.0,1995.0
4,11299770,11469737,True,1,2,yearBuilt,23,+48yr,1949.0,1997.0
4,11299770,11469737,True,1,2,yearBuilt,24,+50yr,1949.0,1999.0
4,11299770,11469737,True,1,2,yearBuilt,25,+52yr,1949.0,2001.0
4,11299770,11469737,True,1,2,yearBuilt,26,+54yr,1949.0,2003.0
4,11299770,11469737,True,1,2,yearBuilt,27,+56yr,1949.0,2005.0
4,11299770,11469737,True,1,2,yearBuilt,28,+58yr,1949.0,2007.0
4,11299770,11469737,True,1,2,yearBuilt,29,+60yr,1949.0,2009.0
4,11299770,11469737,True,1,2,yearBuilt,30,+62yr,1949.0,2011.0
4,11299770,11469737,True,1,2,yearBuilt,31,+64yr,1949.0,2013.0
4,11299770,11469737,True,1,2,yearBuilt,32,+66yr,1949.0,2015.0
4,11299770,11469737,True,1,2,yearBuilt,33,+68yr,1949.0,2017.0
4,11299770,11469737,True,1,2,yearBuilt,34,+70yr,1949.0,2019.0
4,11299770,11469737,True,1,2,yearBuilt,35,+72yr,1949.0,2021.0
4,11299770,11469737,True,1,2,yearBuilt,36,+74yr,1949.0,2023.0
4,11299770,11469737,True,1,2,yearBuilt,37,+76yr,1949.0,2025.0
4,11299770,11469737,True,1,2,lot,0,+100sqft,3162.0,3262.0
4,11299770,11469737,True,1,2,lot,1,+200sqft,3162.0,3362.0
4,11299770,11469737,True,1,2,lot,2,+300sqft,3162.0,3462.0
4,11299770,11469737,True,1,2,lot,3,+400sqft,3162.0,3562.0
4,11299770,11469737,True,1,2,lot,4,+500sqft,3162.0,3662.0
4,11299770,11469737,True,1,2,lot,5,+600sqft,3162.0,3762.0
4,11299770,11469737,True,1,2,lot,6,+700sqft,3162.0,3862.0
4,11299770,11469737,True,1,2,lot,7,+800sqft,3162.0,3962.0
4,11299770,11469737,True,1,2,lot,8,+900sqft,3162.0,4062.0
4,11299770,11469737,True,1,2,lot,9,+1000sqft,3162.0,4162.0
4,11299770,11469737,True,1,2,lot,10,+1100sqft,3162.0,4262.0
4,11299770,11469737,True,1,2,lot,11,+1200sqft,3162.0,4362.0
4,11299770,11469737,True,1,2,lot,12,+1300sqft,3162.0,4462.0
4,11299770,11469737,True,1,2,lot,13,+1400sqft,3162.0,4562.0
4,11299770,11469737,True,1,2,lot,14,+1500sqft,3162.0,4662.0
4,11299770,11469737,True,1,2,lot,15,+1600sqft,3162.0,4762.0
4,11299770,11469737,True,1,2,lot,16,+1700sqft,3162.0,4862.0
4,11299770,11469737,True,1,2,lot,17,+1800sqft,3162.0,4962.0
4,11299770,11469737,True,1,2,lot,18,+1900sqft,3162.0,5062.0
4,11299770,11469737,True,1,2,lot,19,+2000sqft,3162.0,5162.0
4,11299770,11469737,True,1,2,lot,20,+2100sqft,3162.0,5262.0
4,11299770,11469737,True,1,2,lot,21,+2200sqft,3162.0,5362.0
4,11299770,11469737,True,1,2,lot,22,+2300sqft,3162.0,5462.0
4,11299770,11469737,True,1,2,lot,23,+2400sqft,3162.0,5562.0
4,11299770,11469737,True,1,2,lot,24,+2500sqft,3162.0,5662.0
4,11299770,11469737,True,1,2,lot,25,+2600sqft,3162.0,5762.0
4,11299770,11469737,True,1,2,lot,26,+2700sqft,3162.0,5862.0
4,11299770,11469737,True,1,2,lot,27,+2800sqft,3162.0,5962.0
4,11299770,11469737,True,1,2,lot,28,+2900sqft,3162.0,6062.0
4,11299770,11469737,True,1,2,lot,29,+3000sqft,3162.0,6162.0
4,11299770,11469737,True,1,2,lot,30,+3100sqft,3162.0,6262.0
4,11299770,11469737,True,1,2,lot,31,+3200sqft,3162.0,6362.0
4,11299770,11469737,True,1,2,lot,32,+3300sqft,3162.0,6462.0
4,11299770,11469737,True,1,2,lot,33,+3400sqft,3162.0,6562.0
4,11299770,11469737,True,1,2,lot,34,+3500sqft,3162.0,6662.0
4,11299770,11469737,True,1,2,lot,35,+3600sqft,3162.0,6762.0
4,11299770,11469737,True,1,2,lot,36,+3700sqft,3162.0,6862.0
4,11299770,11469737,True,1,2,lot,37,+3800sqft,3162.0,6962.0
4,11299770,11469737,True,1,2,lot,38,+3900sqft,3162.0,7062.0
4,11299770,11469737,True,1,2,lot,39,+4000sqft,3162.0,7162.0
4,11299770,11469737,True,1,2,lot,40,+4100sqft,3162.0,7262.0
4,11299770,11469737,True,1,2,lot,41,+4200sqft,3162.0,7362.0
4,11299770,11469737,True,1,2,lot,42,+4300sqft,3162.0,7462.0
4,11299770,11469737,True,1,2,lot,43,+4400sqft,3162.0,7562.0
4,11299770,11469737,True,1,2,lot,44,+4500sqft,3162.0,7662.0
4,11299770,11469737,True,1,2,lot,45,+4600sqft,3162.0,7762.0
4,11299770,11469737,True,1,2,lot,46,+4700sqft,3162.0,7862.0
4,11299770,11469737,True,1,2,lot,47,+4800sqft,3162.0,7962.0
4,11299770,11469737,True,1,2,lot,48,+4900sqft,3162.0,8062.0
4,11299770,11469737,True,1,2,lot,49,+5000sqft,3162.0,8162.0
5,11369702,11408563,True,2,1,bedrooms,0,+1,2.0,3.0
5,11369702,11408563,True,2,1,bedrooms,1,+2,2.0,4.0
5,11369702,11408563,True,2,1,bedrooms,2,+3,2.0,5.0
5,11369702,11408563,True,2,1,bedrooms,3,+4,2.0,6.0
5,11369702,11408563,True,2,1,bedrooms,4,+5,2.0,7.0
5,11369702,11408563,True,2,1,bedrooms,5,+6,2.0,8.0
5,11369702,11408563,True,2,1,bedrooms,6,+7,2.0,9.0
5,11369702,11408563,True,2,1,bedrooms,7,+8,2.0,10.0
5,11369702,11408563,True,2,1,bathrooms,0,+1,2.0,3.0
5,11369702,11408563,True,2,1,bathrooms,1,+2,2.0,4.0
5,11369702,11408563,True,2,1,bathrooms,2,+3,2.0,5.0
5,11369702,11408563,True,2,1,bathrooms,3,+4,2.0,6.0
5,11369702,11408563,True,2,1,bathrooms,4,+5,2.0,7.0
5,11369702,11408563,True,2,1,bathrooms,5,+6,2.0,8.0
5,11369702,11408563,True,2,1,bathrooms,6,+7,2.0,9.0
5,11369702,11408563,True,2,1,bathrooms,7,+8,2.0,10.0
5,11369702,11408563,True,2,1,yearBuilt,0,+2yr,1984.0,1986.0
5,11369702,11408563,True,2,1,yearBuilt,1,+4yr,1984.0,1988.0
5,11369702,11408563,True,2,1,yearBuilt,2,+6yr,1984.0,1990.0
5,11369702,11408563,True,2,1,yearBuilt,3,+8yr,1984.0,1992.0
5,11369702,11408563,True,2,1,yearBuilt,4,+10yr,1984.0,1994.0
5,11369702,11408563,True,2,1,yearBuilt,5,+12yr,1984.0,1996.0
5,11369702,11408563,True,2,1,yearBuilt,6,+14yr,1984.0,1998.0
5,11369702,11408563,True,2,1,yearBuilt,7,+16yr,1984.0,2000.0
5,11369702,11408563,True,2,1,yearBuilt,8,+18yr,1984.0,2002.0
5,11369702,11408563,True,2,1,yearBuilt,9,+20yr,1984.0,2004.0
5,11369702,11408563,True,2,1,yearBuilt,10,+22yr,1984.0,2006.0
5,11369702,11408563,True,2,1,yearBuilt,11,+24yr,1984.0,2008.0
5,11369702,11408563,True,2,1,yearBuilt,12,+26yr,1984.0,2010.0
5,11369702,11408563,True,2,1,yearBuilt,13,+28yr,1984.0,2012.0
5,11369702,11408563,True,2,1,yearBuilt,14,+30yr,1984.0,2014.0
5,11369702,11408563,True,2,1,yearBuilt,15,+32yr,1984.0,2016.0
5,11369702,11408563,True,2,1,yearBuilt,16,+34yr,1984.0,2018.0
5,11369702,11408563,True,2,1,yearBuilt,17,+36yr,1984.0,2020.0
5,11369702,11408563,True,2,1,yearBuilt,18,+38yr,1984.0,2022.0
5,11369702,11408563,True,2,1,yearBuilt,19,+40yr,1984.0,2024.0
5,11369702,11408563,True,2,1,lot,0,+100sqft,1711.0,1811.0
5,11369702,11408563,True,2,1,lot,1,+200sqft,1711.0,1911.0
5,11369702,11408563,True,2,1,lot,2,+300sqft,1711.0,2011.0
5,11369702,11408563,True,2,1,lot,3,+400sqft,1711.0,2111.0
5,11369702,11408563,True,2,1,lot,4,+500sqft,1711.0,2211.0
5,11369702,11408563,True,2,1,lot,5,+600sqft,1711.0,2311.0
5,11369702,11408563,True,2,1,lot,6,+700sqft,1711.0,2411.0
5,11369702,11408563,True,2,1,lot,7,+800sqft,1711.0,2511.0
5,11369702,11408563,True,2,1,lot,8,+900sqft,1711.0,2611.0
5,11369702,11408563,True,2,1,lot,9,+1000sqft,1711.0,2711.0
5,11369702,11408563,True,2,1,lot,10,+1100sqft,1711.0,2811.0
5,11369702,11408563,True,2,1,lot,11,+1200sqft,1711.0,2911.0
5,11369702,11408563,True,2,1,lot,12,+1300sqft,1711.0,3011.0
5,11369702,11408563,True,2,1,lot,13,+1400sqft,1711.0,3111.0
5,11369702,11408563,True,2,1,lot,14,+1500sqft,1711.0,3211.0
5,11369702,11408563,True,2,1,lot,15,+1600sqft,1711.0,3311.0
5,11369702,11408563,True,2,1,lot,16,+1700sqft,1711.0,3411.0
5,11369702,11408563,True,2,1,lot,17,+1800sqft,1711.0,3511.0
5,11369702,11408563,True,2,1,lot,18,+1900sqft,1711.0,3611.0
5,11369702,11408563,True,2,1,lot,19,+2000sqft,1711.0,3711.0
5,11369702,11408563,True,2,1,lot,20,+2100sqft,1711.0,3811.0
5,11369702,11408563,True,2,1,lot,21,+2200sqft,1711.0,3911.0
5,11369702,11408563,True,2,1,lot,22,+2300sqft,1711.0,4011.0
5,11369702,11408563,True,2,1,lot,23,+2400sqft,1711.0,4111.0
5,11369702,11408563,True,2,1,lot,24,+2500sqft,1711.0,4211.0
5,11369702,11408563,True,2,1,lot,25,+2600sqft,1711.0,4311.0
5,11369702,11408563,True,2,1,lot,26,+2700sqft,1711.0,4411.0
5,11369702,11408563,True,2,1,lot,27,+2800sqft,1711.0,4511.0
5,11369702,11408563,True,2,1,lot,28,+2900sqft,1711.0,4611.0
5,11369702,11408563,True,2,1,lot,29,+3000sqft,1711.0,4711.0
5,11369702,11408563,True,2,1,lot,30,+3100sqft,1711.0,4811.0
5,11369702,11408563,True,2,1,lot,31,+3200sqft,1711.0,4911.0
5,11369702,11408563,True,2,1,lot,32,+3300sqft,1711.0,5011.0
5,11369702,11408563,True,2,1,lot,33,+3400sqft,1711.0,5111.0
5,11369702,11408563,True,2,1,lot,34,+3500sqft,1711.0,5211.0
5,11369702,11408563,True,2,1,lot,35,+3600sqft,1711.0,5311.0
5,11369702,11408563,True,2,1,lot,36,+3700sqft,1711.0,5411.0
5,11369702,11408563,True,2,1,lot,37,+3800sqft,1711.0,5511.0
5,11369702,11408563,True,2,1,lot,38,+3900sqft,1711.0,5611.0
5,11369702,11408563,True,2,1,lot,39,+4000sqft,1711.0,5711.0
5,11369702,11408563,True,2,1,lot,40,+4100sqft,1711.0,5811.0
5,11369702,11408563,True,2,1,lot,41,+4200sqft,1711.0,5911.0
5,11369702,11408563,True,2,1,lot,42,+4300sqft,1711.0,6011.0
5,11369702,11408563,True,2,1,lot,43,+4400sqft,1711.0,6111.0
5,11369702,11408563,True,2,1,lot,44,+4500sqft,1711.0,6211.0
5,11369702,11408563,True,2,1,lot,45,+4600sqft,1711.0,6311.0
5,11369702,11408563,True,2,1,lot,46,+4700sqft,1711.0,6411.0
5,11369702,11408563,True,2,1,lot,47,+4800sqft,1711.0,6511.0
5,11369702,11408563,True,2,1,lot,48,+4900sqft,1711.0,6611.0
5,11369702,11408563,True,2,1,lot,49,+5000sqft,1711.0,6711.0
6,11412169,11444509,False,2,1,bedrooms,0,+1,4.0,5.0
6,11412169,11444509,False,2,1,bedrooms,1,+2,4.0,6.0
6,11412169,11444509,False,2,1,bedrooms,2,+3,4.0,7.0
6,11412169,11444509,False,2,1,bedrooms,3,+4,4.0,8.0
6,11412169,11444509,False,2,1,bedrooms,4,+5,4.0,9.0
6,11412169,11444509,False,2,1,bedrooms,5,+6,4.0,10.0
6,11412169,11444509,False,2,1,bathrooms,0,+1,4.0,5.0
6,11412169,11444509,False,2,1,bathrooms,1,+2,4.0,6.0
6,11412169,11444509,False,2,1,bathrooms,2,+3,4.0,7.0
6,11412169,11444509,False,2,1,bathrooms,3,+4,4.0,8.0
6,11412169,11444509,False,2,1,bathrooms,4,+5,4.0,9.0
6,11412169,11444509,False,2,1,bathrooms,5,+6,4.0,10.0
6,11412169,11444509,False,2,1,yearBuilt,0,+2yr,1976.0,1978.0
6,11412169,11444509,False,2,1,yearBuilt,1,+4yr,1976.0,1980.0
6,11412169,11444509,False,2,1,yearBuilt,2,+6yr,1976.0,1982.0
6,11412169,11444509,False,2,1,yearBuilt,3,+8yr,1976.0,1984.0
6,11412169,11444509,False,2,1,yearBuilt,4,+10yr,1976.0,1986.0
6,11412169,11444509,False,2,1,yearBuilt,5,+12yr,1976.0,1988.0
6,11412169,11444509,False,2,1,yearBuilt,6,+14yr,1976.0,1990.0
6,11412169,11444509,False,2,1,yearBuilt,7,+16yr,1976.0,1992.0
6,11412169,11444509,False,2,1,yearBuilt,8,+18yr,1976.0,1994.0
6,11412169,11444509,False,2,1,yearBuilt,9,+20yr,1976.0,1996.0
6,11412169,11444509,False,2,1,yearBuilt,10,+22yr,1976.0,1998.0
6,11412169,11444509,False,2,1,yearBuilt,11,+24yr,1976.0,2000.0
6,11412169,11444509,False,2,1,yearBuilt,12,+26yr,1976.0,2002.0
6,11412169,11444509,False,2,1,yearBuilt,13,+28yr,1976.0,2004.0
6,11412169,11444509,False,2,1,yearBuilt,14,+30yr,1976.0,2006.0
6,11412169,11444509,False,2,1,yearBuilt,15,+32yr,1976.0,2008.0
6,11412169,11444509,False,2,1,yearBuilt,16,+34yr,1976.0,2010.0
6,11412169,11444509,False,2,1,yearBuilt,17,+36yr,1976.0,2012.0
6,11412169,11444509,False,2,1,yearBuilt,18,+38yr,1976.0,2014.0
6,11412169,11444509,False,2,1,yearBuilt,19,+40yr,1976.0,2016.0
6,11412169,11444509,False,2,1,yearBuilt,20,+42yr,1976.0,2018.0
6,11412169,11444509,False,2,1,yearBuilt,21,+44yr,1976.0,2020.0
6,11412169,11444509,False,2,1,yearBuilt,22,+46yr,1976.0,2022.0
6,11412169,11444509,False,2,1,yearBuilt,23,+48yr,1976.0,2024.0
6,11412169,11444509,False,2,1,lot,0,+100sqft,0.47,0.4723
6,11412169,11444509,False,2,1,lot,1,+200sqft,0.47,0.4746
6,11412169,11444509,False,2,1,lot,2,+300sqft,0.47,0.4769
6,11412169,11444509,False,2,1,lot,3,+400sqft,0.47,0.4792
6,11412169,11444509,False,2,1,lot,4,+500sqft,0.47,0.4815
6,11412169,11444509,False,2,1,lot,5,+600sqft,0.47,0.4838
6,11412169,11444509,False,2,1,lot,6,+700sqft,0.47,0.4861
6,11412169,11444509,False,2,1,lot,7,+800sqft,0.47,0.4884
6,11412169,11444509,False,2,1,lot,8,+900sqft,0.47,0.4907
6,11412169,11444509,False,2,1,lot,9,+1000sqft,0.47,0.493
6,11412169,11444509,False,2,1,lot,10,+1100sqft,0.47,0.4953
6,11412169,11444509,False,2,1,lot,11,+1200sqft,0.47,0.4975
6,11412169,11444509,False,2,1,lot,12,+1300sqft,0.47,0.4998
6,11412169,11444509,False,2,1,lot,13,+1400sqft,0.47,0.5021
6,11412169,11444509,False,2,1,lot,14,+1500sqft,0.47,0.5044
6,11412169,11444509,False,2,1,lot,15,+1600sqft,0.47,0.5067
6,11412169,11444509,False,2,1,lot,16,+1700sqft,0.47,0.509
6,11412169,11444509,False,2,1,lot,17,+1800sqft,0.47,0.5113
6,11412169,11444509,False,2,1,lot,18,+1900sqft,0.47,0.5136
6,11412169,11444509,False,2,1,lot,19,+2000sqft,0.47,0.5159
6,11412169,11444509,False,2,1,lot,20,+2100sqft,0.47,0.5182
6,11412169,11444509,False,2,1,lot,21,+2200sqft,0.47,0.5205
6,11412169,11444509,False,2,1,lot,22,+2300sqft,0.47,0.5228
6,11412169,11444509,False,2,1,lot,23,+2400sqft,0.47,0.5251
6,11412169,11444509,False,2,1,lot,24,+2500sqft,0.47,0.5274
6,11412169,11444509,False,2,1,lot,25,+2600sqft,0.47,0.5297
6,11412169,11444509,False,2,1,lot,26,+2700sqft,0.47,0.532
6,11412169,11444509,False,2,1,lot,27,+2800sqft,0.47,0.5343
6,11412169,11444509,False,2,1,lot,28,+2900sqft,0.47,0.5366
6,11412169,11444509,False,2,1,lot,29,+3000sqft,0.47,0.5389
6,11412169,11444509,False,2,1,lot,30,+3100sqft,0.47,0.5412
6,11412169,11444509,False,2,1,lot,31,+3200sqft,0.47,0.5435
6,11412169,11444509,False,2,1,lot,32,+3300sqft,0.47,0.5458
6,11412169,11444509,False,2,1,lot,33,+3400sqft,0.47,0.5481
6,11412169,11444509,False,2,1,lot,34,+3500sqft,0.47,0.5503
6,11412169,11444509,False,2,1,lot,35,+3600sqft,0.47,0.5526
6,11412169,11444509,False,2,1,lot,36,+3700sqft,0.47,0.5549
6,11412169,11444509,False,2,1,lot,37,+3800sqft,0.47,0.5572
6,11412169,11444509,False,2,1,lot,38,+3900sqft,0.47,0.5595
6,11412169,11444509,False,2,1,lot,39,+4000sqft,0.47,0.5618
6,11412169,11444509,False,2,1,lot,40,+4100sqft,0.47,0.5641
6,11412169,11444509,False,2,1,lot,41,+4200sqft,0.47,0.5664
6,11412169,11444509,False,2,1,lot,42,+4300sqft,0.47,0.5687
6,11412169,11444509,False,2,1,lot,43,+4400sqft,0.47,0.571
6,11412169,11444509,False,2,1,lot,44,+4500sqft,0.47,0.5733
6,11412169,11444509,False,2,1,lot,45,+4600sqft,0.47,0.5756
6,11412169,11444509,False,2,1,lot,46,+4700sqft,0.47,0.5779
6,11412169,11444509,False,2,1,lot,47,+4800sqft,0.47,0.5802
6,11412169,11444509,False,2,1,lot,48,+4900sqft,0.47,0.5825
6,11412169,11444509,False,2,1,lot,49,+5000sqft,0.47,0.5848
7,11432469,11510519,True,2,1,bedrooms,0,+1,4.0,5.0
7,11432469,11510519,True,2,1,bedrooms,1,+2,4.0,6.0
7,11432469,11510519,True,2,1,bedrooms,2,+3,4.0,7.0
7,11432469,11510519,True,2,1,bedrooms,3,+4,4.0,8.0
7,11432469,11510519,True,2,1,bedrooms,4,+5,4.0,9.0
7,11432469,11510519,True,2,1,bedrooms,5,+6,4.0,10.0
7,11432469,11510519,True,2,1,bathrooms,0,+1,4.0,5.0
7,11432469,11510519,True,2,1,bathrooms,1,+2,4.0,6.0
7,11432469,11510519,True,2,1,bathrooms,2,+3,4.0,7.0
7,11432469,11510519,True,2,1,bathrooms,3,+4,4.0,8.0
7,11432469,11510519,True,2,1,bathrooms,4,+5,4.0,9.0
7,11432469,11510519,True,2,1,bathrooms,5,+6,4.0,10.0
7,11432469,11510519,True,2,1,yearBuilt,0,+2yr,1988.0,1990.0
7,11432469,11510519,True,2,1,yearBuilt,1,+4yr,1988.0,1992.0
7,11432469,11510519,True,2,1,yearBuilt,2,+6yr,1988.0,1994.0
7,11432469,11510519,True,2,1,yearBuilt,3,+8yr,1988.0,1996.0
7,11432469,11510519,True,2,1,yearBuilt,4,+10yr,1988.0,1998.0
7,11432469,11510519,True,2,1,yearBuilt,5,+12yr,1988.0,2000.0
7,11432469,11510519,True,2,1,yearBuilt,6,+14yr,1988.0,2002.0
7,11432469,11510519,True,2,1,yearBuilt,7,+16yr,1988.0,2004.0
7,11432469,11510519,True,2,1,yearBuilt,8,+18yr,1988.0,2006.0
7,11432469,11510519,True,2,1,yearBuilt,9,+20yr,1988.0,2008.0
7,11432469,11510519,True,2,1,yearBuilt,10,+22yr,1988.0,2010.0
7,11432469,11510519,True,2,1,yearBuilt,11,+24yr,1988.0,2012.0
7,11432469,11510519,True,2,1,yearBuilt,12,+26yr,1988.0,2014.0
7,11432469,11510519,True,2,1,yearBuilt,13,+28yr,1988.0,2016.0
7,11432469,11510519,True,2,1,yearBuilt,14,+30yr,1988.0,2018.0
7,11432469,11510519,True,2,1,yearBuilt,15,+32yr,1988.0,2020.0
7,11432469,11510519,True,2,1,yearBuilt,16,+34yr,1988.0,2022.0
7,11432469,11510519,True,2,1,yearBuilt,17,+36yr,1988.0,2024.0
7,11432469,11510519,True,2,1,lot,0,+100sqft,10628.0,10728.0
7,11432469,11510519,True,2,1,lot,1,+200sqft,10628.0,10828.0
7,11432469,11510519,True,2,1,lot,2,+300sqft,10628.0,10928.0
7,11432469,11510519,True,2,1,lot,3,+400sqft,10628.0,11028.0
7,11432469,11510519,True,2,1,lot,4,+500sqft,10628.0,11128.0
7,11432469,11510519,True,2,1,lot,5,+600sqft,10628.0,11228.0
7,11432469,11510519,True,2,1,lot,6,+700sqft,10628.0,11328.0
7,11432469,11510519,True,2,1,lot,7,+800sqft,10628.0,11428.0
7,11432469,11510519,True,2,1,lot,8,+900sqft,10628.0,11528.0
7,11432469,11510519,True,2,1,lot,9,+1000sqft,10628.0,11628.0
7,11432469,11510519,True,2,1,lot,10,+1100sqft,10628.0,11728.0
7,11432469,11510519,True,2,1,lot,11,+1200sqft,10628.0,11828.0
7,11432469,11510519,True,2,1,lot,12,+1300sqft,10628.0,11928.0
7,11432469,11510519,True,2,1,lot,13,+1400sqft,10628.0,12028.0
7,11432469,11510519,True,2,1,lot,14,+1500sqft,10628.0,12128.0
7,11432469,11510519,True,2,1,lot,15,+1600sqft,10628.0,12228.0
7,11432469,11510519,True,2,1,lot,16,+1700sqft,10628.0,12328.0
7,11432469,11510519,True,2,1,lot,17,+1800sqft,10628.0,12428.0
7,11432469,11510519,True,2,1,lot,18,+1900sqft,10628.0,12528.0
7,11432469,11510519,True,2,1,lot,19,+2000sqft,10628.0,12628.0
7,11432469,11510519,True,2,1,lot,20,+2100sqft,10628.0,12728.0
7,11432469,11510519,True,2,1,lot,21,+2200sqft,10628.0,12828.0
7,11432469,11510519,True,2,1,lot,22,+2300sqft,10628.0,12928.0
7,11432469,11510519,True,2,1,lot,23,+2400sqft,10628.0,13028.0
7,11432469,11510519,True,2,1,lot,24,+2500sqft,10628.0,13128.0
7,11432469,11510519,True,2,1,lot,25,+2600sqft,10628.0,13228.0
7,11432469,11510519,True,2,1,lot,26,+2700sqft,10628.0,13328.0
7,11432469,11510519,True,2,1,lot,27,+2800sqft,10628.0,13428.0
7,11432469,11510519,True,2,1,lot,28,+2900sqft,10628.0,13528.0
7,11432469,11510519,True,2,1,lot,29,+3000sqft,10628.0,13628.0
7,11432469,11510519,True,2,1,lot,30,+3100sqft,10628.0,13728.0
7,11432469,11510519,True,2,1,lot,31,+3200sqft,10628.0,13828.0
7,11432469,11510519,True,2,1,lot,32,+3300sqft,10628.0,13928.0
7,11432469,11510519,True,2,1,lot,33,+3400sqft,10628.0,14028.0
7,11432469,11510519,True,2,1,lot,34,+3500sqft,10628.0,14128.0
7,11432469,11510519,True,2,1,lot,35,+3600sqft,10628.0,14228.0
7,11432469,11510519,True,2,1,lot,36,+3700sqft,10628.0,14328.0
7,11432469,11510519,True,2,1,lot,37,+3800sqft,10628.0,14428.0
7,11432469,11510519,True,2,1,lot,38,+3900sqft,10628.0,14528.0
7,11432469,11510519,True,2,1,lot,39,+4000sqft,10628.0,14628.0
7,11432469,11510519,True,2,1,lot,40,+4100sqft,10628.0,14728.0
7,11432469,11510519,True,2,1,lot,41,+4200sqft,10628.0,14828.0
7,11432469,11510519,True,2,1,lot,42,+4300sqft,10628.0,14928.0
7,11432469,11510519,True,2,1,lot,43,+4400sqft,10628.0,15028.0
7,11432469,11510519,True,2,1,lot,44,+4500sqft,10628.0,15128.0
7,11432469,11510519,True,2,1,lot,45,+4600sqft,10628.0,15228.0
7,11432469,11510519,True,2,1,lot,46,+4700sqft,10628.0,15328.0
7,11432469,11510519,True,2,1,lot,47,+4800sqft,10628.0,15428.0
7,11432469,11510519,True,2,1,lot,48,+4900sqft,10628.0,15528.0
7,11432469,11510519,True,2,1,lot,49,+5000sqft,10628.0,15628.0
8,11441967,11617394,True,2,1,bedrooms,0,+1,3.0,4.0
8,11441967,11617394,True,2,1,bedrooms,1,+2,3.0,5.0
8,11441967,11617394,True,2,1,bedrooms,2,+3,3.0,6.0
8,11441967,11617394,True,2,1,bedrooms,3,+4,3.0,7.0
8,11441967,11617394,True,2,1,bedrooms,4,+5,3.0,8.0
8,11441967,11617394,True,2,1,bedrooms,5,+6,3.0,9.0
8,11441967,11617394,True,2,1,bedrooms,6,+7,3.0,10.0
8,11441967,11617394,True,2,1,bathrooms,0,+1,3.0,4.0
8,11441967,11617394,True,2,1,bathrooms,1,+2,3.0,5.0
8,11441967,11617394,True,2,1,bathrooms,2,+3,3.0,6.0
8,11441967,11617394,True,2,1,bathrooms,3,+4,3.0,7.0
8,11441967,11617394,True,2,1,bathrooms,4,+5,3.0,8.0
8,11441967,11617394,True,2,1,bathrooms,5,+6,3.0,9.0
8,11441967,11617394,True,2,1,bathrooms,6,+7,3.0,10.0
8,11441967,11617394,True,2,1,yearBuilt,0,+2yr,1962.0,1964.0
8,11441967,11617394,True,2,1,yearBuilt,1,+4yr,1962.0,1966.0
8,11441967,11617394,True,2,1,yearBuilt,2,+6yr,1962.0,1968.0
8,11441967,11617394,True,2,1,yearBuilt,3,+8yr,1962.0,1970.0
8,11441967,11617394,True,2,1,yearBuilt,4,+10yr,1962.0,1972.0
8,11441967,11617394,True,2,1,yearBuilt,5,+12yr,1962.0,1974.0
8,11441967,11617394,True,2,1,yearBuilt,6,+14yr,1962.0,1976.0
8,11441967,11617394,True,2,1,yearBuilt,7,+16yr,1962.0,1978.0
8,11441967,11617394,True,2,1,yearBuilt,8,+18yr,1962.0,1980.0
8,11441967,11617394,True,2,1,yearBuilt,9,+20yr,1962.0,1982.0
8,11441967,11617394,True,2,1,yearBuilt,10,+22yr,1962.0,1984.0
8,11441967,11617394,True,2,1,yearBuilt,11,+24yr,1962.0,1986.0
8,11441967,11617394,True,2,1,yearBuilt,12,+26yr,1962.0,1988.0
8,11441967,11617394,True,2,1,yearBuilt,13,+28yr,1962.0,1990.0
8,11441967,11617394,True,2,1,yearBuilt,14,+30yr,1962.0,1992.0
8,11441967,11617394,True,2,1,yearBuilt,15,+32yr,1962.0,1994.0
8,11441967,11617394,True,2,1,yearBuilt,16,+34yr,1962.0,1996.0
8,11441967,11617394,True,2,1,yearBuilt,17,+36yr,1962.0,1998.0
8,11441967,11617394,True,2,1,yearBuilt,18,+38yr,1962.0,2000.0
8,11441967,11617394,True,2,1,yearBuilt,19,+40yr,1962.0,2002.0
8,11441967,11617394,True,2,1,yearBuilt,20,+42yr,1962.0,2004.0
8,11441967,11617394,True,2,1,yearBuilt,21,+44yr,1962.0,2006.0
8,11441967,11617394,True,2,1,yearBuilt,22,+46yr,1962.0,2008.0
8,11441967,11617394,True,2,1,yearBuilt,23,+48yr,1962.0,2010.0
8,11441967,11617394,True,2,1,yearBuilt,24,+50yr,1962.0,2012.0
8,11441967,11617394,True,2,1,yearBuilt,25,+52yr,1962.0,2014.0
8,11441967,11617394,True,2,1,yearBuilt,26,+54yr,1962.0,2016.0
8,11441967,11617394,True,2,1,yearBuilt,27,+56yr,1962.0,2018.0
8,11441967,11617394,True,2,1,yearBuilt,28,+58yr,1962.0,2020.0
8,11441967,11617394,True,2,1,yearBuilt,29,+60yr,1962.0,2022.0
8,11441967,11617394,True,2,1,yearBuilt,30,+62yr,1962.0,2024.0
8,11441967,11617394,True,2,1,lot,0,+100sqft,0.01,0.0123
8,11441967,11617394,True,2,1,lot,1,+200sqft,0.01,0.0146
8,11441967,11617394,True,2,1,lot,2,+300sqft,0.01,0.0169
8,11441967,11617394,True,2,1,lot,3,+400sqft,0.01,0.0192
8,11441967,11617394,True,2,1,lot,4,+500sqft,0.01,0.0215
8,11441967,11617394,True,2,1,lot,5,+600sqft,0.01,0.0238
8,11441967,11617394,True,2,1,lot,6,+700sqft,0.01,0.0261
8,11441967,11617394,True,2,1,lot,7,+800sqft,0.01,0.0284
8,11441967,11617394,True,2,1,lot,8,+900sqft,0.01,0.0307
8,11441967,11617394,True,2,1,lot,9,+1000sqft,0.01,0.033
8,11441967,11617394,True,2,1,lot,10,+1100sqft,0.01,0.0353
8,11441967,11617394,True,2,1,lot,11,+1200sqft,0.01,0.0375
8,11441967,11617394,True,2,1,lot,12,+1300sqft,0.01,0.0398
8,11441967,11617394,True,2,1,lot,13,+1400sqft,0.01,0.0421
8,11441967,11617394,True,2,1,lot,14,+1500sqft,0.01,0.0444
8,11441967,11617394,True,2,1,lot,15,+1600sqft,0.01,0.0467
8,11441967,11617394,True,2,1,lot,16,+1700sqft,0.01,0.049
8,11441967,11617394,True,2,1,lot,17,+1800sqft,0.01,0.0513
8,11441967,11617394,True,2,1,lot,18,+1900sqft,0.01,0.0536
8,11441967,11617394,True,2,1,lot,19,+2000sqft,0.01,0.0559
8,11441967,11617394,True,2,1,lot,20,+2100sqft,0.01,0.0582
8,11441967,11617394,True,2,1,lot,21,+2200sqft,0.01,0.0605
8,11441967,11617394,True,2,1,lot,22,+2300sqft,0.01,0.0628
8,11441967,11617394,True,2,1,lot,23,+2400sqft,0.01,0.0651
8,11441967,11617394,True,2,1,lot,24,+2500sqft,0.01,0.0674
8,11441967,11617394,True,2,1,lot,25,+2600sqft,0.01,0.0697
8,11441967,11617394,True,2,1,lot,26,+2700sqft,0.01,0.072
8,11441967,11617394,True,2,1,lot,27,+2800sqft,0.01,0.0743
8,11441967,11617394,True,2,1,lot,28,+2900sqft,0.01,0.0766
8,11441967,11617394,True,2,1,lot,29,+3000sqft,0.01,0.0789
8,11441967,11617394,True,2,1,lot,30,+3100sqft,0.01,0.0812
8,11441967,11617394,True,2,1,lot,31,+3200sqft,0.01,0.0835
8,11441967,11617394,True,2,1,lot,32,+3300sqft,0.01,0.0858
8,11441967,11617394,True,2,1,lot,33,+3400sqft,0.01,0.0881
8,11441967,11617394,True,2,1,lot,34,+3500sqft,0.01,0.0903
8,11441967,11617394,True,2,1,lot,35,+3600sqft,0.01,0.0926
8,11441967,11617394,True,2,1,lot,36,+3700sqft,0.01,0.0949
8,11441967,11617394,True,2,1,lot,37,+3800sqft,0.01,0.0972
8,11441967,11617394,True,2,1,lot,38,+3900sqft,0.01,0.0995
8,11441967,11617394,True,2,1,lot,39,+4000sqft,0.01,0.1018
8,11441967,11617394,True,2,1,lot,40,+4100sqft,0.01,0.1041
8,11441967,11617394,True,2,1,lot,41,+4200sqft,0.01,0.1064
8,11441967,11617394,True,2,1,lot,42,+4300sqft,0.01,0.1087
8,11441967,11617394,True,2,1,lot,43,+4400sqft,0.01,0.111
8,11441967,11617394,True,2,1,lot,44,+4500sqft,0.01,0.1133
8,11441967,11617394,True,2,1,lot,45,+4600sqft,0.01,0.1156
8,11441967,11617394,True,2,1,lot,46,+4700sqft,0.01,0.1179
8,11441967,11617394,True,2,1,lot,47,+4800sqft,0.01,0.1202
8,11441967,11617394,True,2,1,lot,48,+4900sqft,0.01,0.1225
8,11441967,11617394,True,2,1,lot,49,+5000sqft,0.01,0.1248
9,11393444,11506901,True,2,1,bedrooms,0,+1,2.0,3.0
9,11393444,11506901,True,2,1,bedrooms,1,+2,2.0,4.0
9,11393444,11506901,True,2,1,bedrooms,2,+3,2.0,5.0
9,11393444,11506901,True,2,1,bedrooms,3,+4,2.0,6.0
9,11393444,11506901,True,2,1,bedrooms,4,+5,2.0,7.0
9,11393444,11506901,True,2,1,bedrooms,5,+6,2.0,8.0
9,11393444,11506901,True,2,1,bedrooms,6,+7,2.0,9.0
9,11393444,11506901,True,2,1,bedrooms,7,+8,2.0,10.0
9,11393444,11506901,True,2,1,bathrooms,0,+1,2.0,3.0
9,11393444,11506901,True,2,1,bathrooms,1,+2,2.0,4.0
9,11393444,11506901,True,2,1,bathrooms,2,+3,2.0,5.0
9,11393444,11506901,True,2,1,bathrooms,3,+4,2.0,6.0
9,11393444,11506901,True,2,1,bathrooms,4,+5,2.0,7.0
9,11393444,11506901,True,2,1,bathrooms,5,+6,2.0,8.0
9,11393444,11506901,True,2,1,bathrooms,6,+7,2.0,9.0
9,11393444,11506901,True,2,1,bathrooms,7,+8,2.0,10.0
9,11393444,11506901,True,2,1,yearBuilt,0,+2yr,1984.0,1986.0
9,11393444,11506901,True,2,1,yearBuilt,1,+4yr,1984.0,1988.0
9,11393444,11506901,True,2,1,yearBuilt,2,+6yr,1984.0,1990.0
9,11393444,11506901,True,2,1,yearBuilt,3,+8yr,1984.0,1992.0
9,11393444,11506901,True,2,1,yearBuilt,4,+10yr,1984.0,1994.0
9,11393444,11506901,True,2,1,yearBuilt,5,+12yr,1984.0,1996.0
9,11393444,11506901,True,2,1,yearBuilt,6,+14yr,1984.0,1998.0
9,11393444,11506901,True,2,1,yearBuilt,7,+16yr,1984.0,2000.0
9,11393444,11506901,True,2,1,yearBuilt,8,+18yr,1984.0,2002.0
9,11393444,11506901,True,2,1,yearBuilt,9,+20yr,1984.0,2004.0
9,11393444,11506901,True,2,1,yearBuilt,10,+22yr,1984.0,2006.0
9,11393444,11506901,True,2,1,yearBuilt,11,+24yr,1984.0,2008.0
9,11393444,11506901,True,2,1,yearBuilt,12,+26yr,1984.0,2010.0
9,11393444,11506901,True,2,1,yearBuilt,13,+28yr,1984.0,2012.0
9,11393444,11506901,True,2,1,yearBuilt,14,+30yr,1984.0,2014.0
9,11393444,11506901,True,2,1,yearBuilt,15,+32yr,1984.0,2016.0
9,11393444,11506901,True,2,1,yearBuilt,16,+34yr,1984.0,2018.0
9,11393444,11506901,True,2,1,yearBuilt,17,+36yr,1984.0,2020.0
9,11393444,11506901,True,2,1,yearBuilt,18,+38yr,1984.0,2022.0
9,11393444,11506901,True,2,1,yearBuilt,19,+40yr,1984.0,2024.0
9,11393444,11506901,True,2,1,lot,0,+100sqft,1200.0,1300.0
9,11393444,11506901,True,2,1,lot,1,+200sqft,1200.0,1400.0
9,11393444,11506901,True,2,1,lot,2,+300sqft,1200.0,1500.0
9,11393444,11506901,True,2,1,lot,3,+400sqft,1200.0,1600.0
9,11393444,11506901,True,2,1,lot,4,+500sqft,1200.0,1700.0
9,11393444,11506901,True,2,1,lot,5,+600sqft,1200.0,1800.0
9,11393444,11506901,True,2,1,lot,6,+700sqft,1200.0,1900.0
9,11393444,11506901,True,2,1,lot,7,+800sqft,1200.0,2000.0
9,11393444,11506901,True,2,1,lot,8,+900sqft,1200.0,2100.0
9,11393444,11506901,True,2,1,lot,9,+1000sqft,1200.0,2200.0
9,11393444,11506901,True,2,1,lot,10,+1100sqft,1200.0,2300.0
9,11393444,11506901,True,2,1,lot,11,+1200sqft,1200.0,2400.0
9,11393444,11506901,True,2,1,lot,12,+1300sqft,1200.0,2500.0
9,11393444,11506901,True,2,1,lot,13,+1400sqft,1200.0,2600.0
9,11393444,11506901,True,2,1,lot,14,+1500sqft,1200.0,2700.0
9,11393444,11506901,True,2,1,lot,15,+1600sqft,1200.0,2800.0
9,11393444,11506901,True,2,1,lot,16,+1700sqft,1200.0,2900.0
9,11393444,11506901,True,2,1,lot,17,+1800sqft,1200.0,3000.0
9,11393444,11506901,True,2,1,lot,18,+1900sqft,1200.0,3100.0
9,11393444,11506901,True,2,1,lot,19,+2000sqft,1200.0,3200.0
9,11393444,11506901,True,2,1,lot,20,+2100sqft,1200.0,3300.0
9,11393444,11506901,True,2,1,lot,21,+2200sqft,1200.0,3400.0
9,11393444,11506901,True,2,1,lot,22,+2300sqft,1200.0,3500.0
9,11393444,11506901,True,2,1,lot,23,+2400sqft,1200.0,3600.0
9,11393444,11506901,True,2,1,lot,24,+2500sqft,1200.0,3700.0
9,11393444,11506901,True,2,1,lot,25,+2600sqft,1200.0,3800.0
9,11393444,11506901,True,2,1,lot,26,+2700sqft,1200.0,3900.0
9,11393444,11506901,True,2,1,lot,27,+2800sqft,1200.0,4000.0
9,11393444,11506901,True,2,1,lot,28,+2900sqft,1200.0,4100.0
9,11393444,11506901,True,2,1,lot,29,+3000sqft,1200.0,4200.0
9,11393444,11506901,True,2,1,lot,30,+3100sqft,1200.0,4300.0
9,11393444,11506901,True,2,1,lot,31,+3200sqft,1200.0,4400.0
9,11393444,11506901,True,2,1,lot,32,+3300sqft,1200.0,4500.0
9,11393444,11506901,True,2,1,lot,33,+3400sqft,1200.0,4600.0
9,11393444,11506901,True,2,1,lot,34,+3500sqft,1200.0,4700.0
9,11393444,11506901,True,2,1,lot,35,+3600sqft,1200.0,4800.0
9,11393444,11506901,True,2,1,lot,36,+3700sqft,1200.0,4900.0
9,11393444,11506901,True,2,1,lot,37,+3800sqft,1200.0,5000.0
9,11393444,11506901,True,2,1,lot,38,+3900sqft,1200.0,5100.0
9,11393444,11506901,True,2,1,lot,39,+4000sqft,1200.0,5200.0
9,11393444,11506901,True,2,1,lot,40,+4100sqft,1200.0,5300.0
9,11393444,11506901,True,2,1,lot,41,+4200sqft,1200.0,5400.0
9,11393444,11506901,True,2,1,lot,42,+4300sqft,1200.0,5500.0
9,11393444,11506901,True,2,1,lot,43,+4400sqft,1200.0,5600.0
9,11393444,11506901,True,2,1,lot,44,+4500sqft,1200.0,5700.0
9,11393444,11506901,True,2,1,lot,45,+4600sqft,1200.0,5800.0
9,11393444,11506901,True,2,1,lot,46,+4700sqft,1200.0,5900.0
9,11393444,11506901,True,2,1,lot,47,+4800sqft,1200.0,6000.0
9,11393444,11506901,True,2,1,lot,48,+4900sqft,1200.0,6100.0
9,11393444,11506901,True,2,1,lot,49,+5000sqft,1200.0,6200.0
10,11391142,11393827,True,2,1,bedrooms,0,+1,2.0,3.0
10,11391142,11393827,True,2,1,bedrooms,1,+2,2.0,4.0
10,11391142,11393827,True,2,1,bedrooms,2,+3,2.0,5.0
10,11391142,11393827,True,2,1,bedrooms,3,+4,2.0,6.0
10,11391142,11393827,True,2,1,bedrooms,4,+5,2.0,7.0
10,11391142,11393827,True,2,1,bedrooms,5,+6,2.0,8.0
10,11391142,11393827,True,2,1,bedrooms,6,+7,2.0,9.0
10,11391142,11393827,True,2,1,bedrooms,7,+8,2.0,10.0
10,11391142,11393827,True,2,1,bathrooms,0,+1,2.0,3.0
10,11391142,11393827,True,2,1,bathrooms,1,+2,2.0,4.0
10,11391142,11393827,True,2,1,bathrooms,2,+3,2.0,5.0
10,11391142,11393827,True,2,1,bathrooms,3,+4,2.0,6.0
10,11391142,11393827,True,2,1,bathrooms,4,+5,2.0,7.0
10,11391142,11393827,True,2,1,bathrooms,5,+6,2.0,8.0
10,11391142,11393827,True,2,1,bathrooms,6,+7,2.0,9.0
10,11391142,11393827,True,2,1,bathrooms,7,+8,2.0,10.0
10,11391142,11393827,True,2,1,yearBuilt,0,+2yr,1994.0,1996.0
10,11391142,11393827,True,2,1,yearBuilt,1,+4yr,1994.0,1998.0
10,11391142,11393827,True,2,1,yearBuilt,2,+6yr,1994.0,2000.0
10,11391142,11393827,True,2,1,yearBuilt,3,+8yr,1994.0,2002.0
10,11391142,11393827,True,2,1,yearBuilt,4,+10yr,1994.0,2004.0
10,11391142,11393827,True,2,1,yearBuilt,5,+12yr,1994.0,2006.0
10,11391142,11393827,True,2,1,yearBuilt,6,+14yr,1994.0,2008.0
10,11391142,11393827,True,2,1,yearBuilt,7,+16yr,1994.0,2010.0
10,11391142,11393827,True,2,1,yearBuilt,8,+18yr,1994.0,2012.0
10,11391142,11393827,True,2,1,yearBuilt,9,+20yr,1994.0,2014.0
10,11391142,11393827,True,2,1,yearBuilt,10,+22yr,1994.0,2016.0
10,11391142,11393827,True,2,1,yearBuilt,11,+24yr,1994.0,2018.0
10,11391142,11393827,True,2,1,yearBuilt,12,+26yr,1994.0,2020.0
10,11391142,11393827,True,2,1,yearBuilt,13,+28yr,1994.0,2022.0
10,11391142,11393827,True,2,1,yearBuilt,14,+30yr,1994.0,2024.0
10,11391142,11393827,True,2,1,lot,0,+100sqft,2336.0,2436.0
10,11391142,11393827,True,2,1,lot,1,+200sqft,2336.0,2536.0
10,11391142,11393827,True,2,1,lot,2,+300sqft,2336.0,2636.0
10,11391142,11393827,True,2,1,lot,3,+400sqft,2336.0,2736.0
10,11391142,11393827,True,2,1,lot,4,+500sqft,2336.0,2836.0
10,11391142,11393827,True,2,1,lot,5,+600sqft,2336.0,2936.0
10,11391142,11393827,True,2,1,lot,6,+700sqft,2336.0,3036.0
10,11391142,11393827,True,2,1,lot,7,+800sqft,2336.0,3136.0
10,11391142,11393827,True,2,1,lot,8,+900sqft,2336.0,3236.0
10,11391142,11393827,True,2,1,lot,9,+1000sqft,2336.0,3336.0
10,11391142,11393827,True,2,1,lot,10,+1100sqft,2336.0,3436.0
10,11391142,11393827,True,2,1,lot,11,+1200sqft,2336.0,3536.0
10,11391142,11393827,True,2,1,lot,12,+1300sqft,2336.0,3636.0
10,11391142,11393827,True,2,1,lot,13,+1400sqft,2336.0,3736.0
10,11391142,11393827,True,2,1,lot,14,+1500sqft,2336.0,3836.0
10,11391142,11393827,True,2,1,lot,15,+1600sqft,2336.0,3936.0
10,11391142,11393827,True,2,1,lot,16,+1700sqft,2336.0,4036.0
10,11391142,11393827,True,2,1,lot,17,+1800sqft,2336.0,4136.0
10,11391142,11393827,True,2,1,lot,18,+1900sqft,2336.0,4236.0
10,11391142,11393827,True,2,1,lot,19,+2000sqft,2336.0,4336.0
10,11391142,11393827,True,2,1,lot,20,+2100sqft,2336.0,4436.0
10,11391142,11393827,True,2,1,lot,21,+2200sqft,2336.0,4536.0
10,11391142,11393827,True,2,1,lot,22,+2300sqft,2336.0,4636.0
10,11391142,11393827,True,2,1,lot,23,+2400sqft,2336.0,4736.0
10,11391142,11393827,True,2,1,lot,24,+2500sqft,2336.0,4836.0
10,11391142,11393827,True,2,1,lot,25,+2600sqft,2336.0,4936.0
10,11391142,11393827,True,2,1,lot,26,+2700sqft,2336.0,5036.0
10,11391142,11393827,True,2,1,lot,27,+2800sqft,2336.0,5136.0
10,11391142,11393827,True,2,1,lot,28,+2900sqft,2336.0,5236.0
10,11391142,11393827,True,2,1,lot,29,+3000sqft,2336.0,5336.0
10,11391142,11393827,True,2,1,lot,30,+3100sqft,2336.0,5436.0
10,11391142,11393827,True,2,1,lot,31,+3200sqft,2336.0,5536.0
10,11391142,11393827,True,2,1,lot,32,+3300sqft,2336.0,5636.0
10,11391142,11393827,True,2,1,lot,33,+3400sqft,2336.0,5736.0
10,11391142,11393827,True,2,1,lot,34,+3500sqft,2336.0,5836.0
10,11391142,11393827,True,2,1,lot,35,+3600sqft,2336.0,5936.0
10,11391142,11393827,True,2,1,lot,36,+3700sqft,2336.0,6036.0
10,11391142,11393827,True,2,1,lot,37,+3800sqft,2336.0,6136.0
10,11391142,11393827,True,2,1,lot,38,+3900sqft,2336.0,6236.0
10,11391142,11393827,True,2,1,lot,39,+4000sqft,2336.0,6336.0
10,11391142,11393827,True,2,1,lot,40,+4100sqft,2336.0,6436.0
10,11391142,11393827,True,2,1,lot,41,+4200sqft,2336.0,6536.0
10,11391142,11393827,True,2,1,lot,42,+4300sqft,2336.0,6636.0
10,11391142,11393827,True,2,1,lot,43,+4400sqft,2336.0,6736.0
10,11391142,11393827,True,2,1,lot,44,+4500sqft,2336.0,6836.0
10,11391142,11393827,True,2,1,lot,45,+4600sqft,2336.0,6936.0
10,11391142,11393827,True,2,1,lot,46,+4700sqft,2336.0,7036.0
10,11391142,11393827,True,2,1,lot,47,+4800sqft,2336.0,7136.0
10,11391142,11393827,True,2,1,lot,48,+4900sqft,2336.0,7236.0
10,11391142,11393827,True,2,1,lot,49,+5000sqft,2336.0,7336.0
11,11382164,11419030,True,2,1,bedrooms,0,+1,3.0,4.0
11,11382164,11419030,True,2,1,bedrooms,1,+2,3.0,5.0
11,11382164,11419030,True,2,1,bedrooms,2,+3,3.0,6.0
11,11382164,11419030,True,2,1,bedrooms,3,+4,3.0,7.0
11,11382164,11419030,True,2,1,bedrooms,4,+5,3.0,8.0
11,11382164,11419030,True,2,1,bedrooms,5,+6,3.0,9.0
11,11382164,11419030,True,2,1,bedrooms,6,+7,3.0,10.0
11,11382164,11419030,True,2,1,bathrooms,0,+1,1.0,2.0
11,11382164,11419030,True,2,1,bathrooms,1,+2,1.0,3.0
11,11382164,11419030,True,2,1,bathrooms,2,+3,1.0,4.0
11,11382164,11419030,True,2,1,bathrooms,3,+4,1.0,5.0
11,11382164,11419030,True,2,1,bathrooms,4,+5,1.0,6.0
11,11382164,11419030,True,2,1,bathrooms,5,+6,1.0,7.0
11,11382164,11419030,True,2,1,bathrooms,6,+7,1.0,8.0
11,11382164,11419030,True,2,1,bathrooms,7,+8,1.0,9.0
11,11382164,11419030,True,2,1,bathrooms,8,+9,1.0,10.0
11,11382164,11419030,True,2,1,yearBuilt,0,+2yr,1955.0,1957.0
11,11382164,11419030,True,2,1,yearBuilt,1,+4yr,1955.0,1959.0
11,11382164,11419030,True,2,1,yearBuilt,2,+6yr,1955.0,1961.0
11,11382164,11419030,True,2,1,yearBuilt,3,+8yr,1955.0,1963.0
11,11382164,11419030,True,2,1,yearBuilt,4,+10yr,1955.0,1965.0
11,11382164,11419030,True,2,1,yearBuilt,5,+12yr,1955.0,1967.0
11,11382164,11419030,True,2,1,yearBuilt,6,+14yr,1955.0,1969.0
11,11382164,11419030,True,2,1,yearBuilt,7,+16yr,1955.0,1971.0
11,11382164,11419030,True,2,1,yearBuilt,8,+18yr,1955.0,1973.0
11,11382164,11419030,True,2,1,yearBuilt,9,+20yr,1955.0,1975.0
11,11382164,11419030,True,2,1,yearBuilt,10,+22yr,1955.0,1977.0
11,11382164,11419030,True,2,1,yearBuilt,11,+24yr,1955.0,1979.0
11,11382164,11419030,True,2,1,yearBuilt,12,+26yr,1955.0,1981.0
11,11382164,11419030,True,2,1,yearBuilt,13,+28yr,1955.0,1983.0
11,11382164,11419030,True,2,1,yearBuilt,14,+30yr,1955.0,1985.0
11,11382164,11419030,True,2,1,yearBuilt,15,+32yr,1955.0,1987.0
11,11382164,11419030,True,2,1,yearBuilt,16,+34yr,1955.0,1989.0
11,11382164,11419030,True,2,1,yearBuilt,17,+36yr,1955.0,1991.0
11,11382164,11419030,True,2,1,yearBuilt,18,+38yr,1955.0,1993.0
11,11382164,11419030,True,2,1,yearBuilt,19,+40yr,1955.0,1995.0
11,11382164,11419030,True,2,1,yearBuilt,20,+42yr,1955.0,1997.0
11,11382164,11419030,True,2,1,yearBuilt,21,+44yr,1955.0,1999.0
11,11382164,11419030,True,2,1,yearBuilt,22,+46yr,1955.0,2001.0
11,11382164,11419030,True,2,1,yearBuilt,23,+48yr,1955.0,2003.0
11,11382164,11419030,True,2,1,yearBuilt,24,+50yr,1955.0,2005.0
11,11382164,11419030,True,2,1,yearBuilt,25,+52yr,1955.0,2007.0
11,11382164,11419030,True,2,1,yearBuilt,26,+54yr,1955.0,2009.0
11,11382164,11419030,True,2,1,yearBuilt,27,+56yr,1955.0,2011.0
11,11382164,11419030,True,2,1,yearBuilt,28,+58yr,1955.0,2013.0
11,11382164,11419030,True,2,1,yearBuilt,29,+60yr,1955.0,2015.0
11,11382164,11419030,True,2,1,yearBuilt,30,+62yr,1955.0,2017.0
11,11382164,11419030,True,2,1,yearBuilt,31,+64yr,1955.0,2019.0
11,11382164,11419030,True,2,1,yearBuilt,32,+66yr,1955.0,2021.0
11,11382164,11419030,True,2,1,yearBuilt,33,+68yr,1955.0,2023.0
11,11382164,11419030,True,2,1,yearBuilt,34,+70yr,1955.0,2025.0
11,11382164,11419030,True,2,1,lot,0,+100sqft,9604.0,9704.0
11,11382164,11419030,True,2,1,lot,1,+200sqft,9604.0,9804.0
11,11382164,11419030,True,2,1,lot,2,+300sqft,9604.0,9904.0
11,11382164,11419030,True,2,1,lot,3,+400sqft,9604.0,10004.0
11,11382164,11419030,True,2,1,lot,4,+500sqft,9604.0,10104.0
11,11382164,11419030,True,2,1,lot,5,+600sqft,9604.0,10204.0
11,11382164,11419030,True,2,1,lot,6,+700sqft,9604.0,10304.0
11,11382164,11419030,True,2,1,lot,7,+800sqft,9604.0,10404.0
11,11382164,11419030,True,2,1,lot,8,+900sqft,9604.0,10504.0
11,11382164,11419030,True,2,1,lot,9,+1000sqft,9604.0,10604.0
11,11382164,11419030,True,2,1,lot,10,+1100sqft,9604.0,10704.0
11,11382164,11419030,True,2,1,lot,11,+1200sqft,9604.0,10804.0
11,11382164,11419030,True,2,1,lot,12,+1300sqft,9604.0,10904.0
11,11382164,11419030,True,2,1,lot,13,+1400sqft,9604.0,11004.0
11,11382164,11419030,True,2,1,lot,14,+1500sqft,9604.0,11104.0
11,11382164,11419030,True,2,1,lot,15,+1600sqft,9604.0,11204.0
11,11382164,11419030,True,2,1,lot,16,+1700sqft,9604.0,11304.0
11,11382164,11419030,True,2,1,lot,17,+1800sqft,9604.0,11404.0
11,11382164,11419030,True,2,1,lot,18,+1900sqft,9604.0,11504.0
11,11382164,11419030,True,2,1,lot,19,+2000sqft,9604.0,11604.0
11,11382164,11419030,True,2,1,lot,20,+2100sqft,9604.0,11704.0
11,11382164,11419030,True,2,1,lot,21,+2200sqft,9604.0,11804.0
11,11382164,11419030,True,2,1,lot,22,+2300sqft,9604.0,11904.0
11,11382164,11419030,True,2,1,lot,23,+2400sqft,9604.0,12004.0
11,11382164,11419030,True,2,1,lot,24,+2500sqft,9604.0,12104.0
11,11382164,11419030,True,2,1,lot,25,+2600sqft,9604.0,12204.0
11,11382164,11419030,True,2,1,lot,26,+2700sqft,9604.0,12304.0
11,11382164,11419030,True,2,1,lot,27,+2800sqft,9604.0,12404.0
11,11382164,11419030,True,2,1,lot,28,+2900sqft,9604.0,12504.0
11,11382164,11419030,True,2,1,lot,29,+3000sqft,9604.0,12604.0
11,11382164,11419030,True,2,1,lot,30,+3100sqft,9604.0,12704.0
11,11382164,11419030,True,2,1,lot,31,+3200sqft,9604.0,12804.0
11,11382164,11419030,True,2,1,lot,32,+3300sqft,9604.0,12904.0
11,11382164,11419030,True,2,1,lot,33,+3400sqft,9604.0,13004.0
11,11382164,11419030,True,2,1,lot,34,+3500sqft,9604.0,13104.0
11,11382164,11419030,True,2,1,lot,35,+3600sqft,9604.0,13204.0
11,11382164,11419030,True,2,1,lot,36,+3700sqft,9604.0,13304.0
11,11382164,11419030,True,2,1,lot,37,+3800sqft,9604.0,13404.0
11,11382164,11419030,True,2,1,lot,38,+3900sqft,9604.0,13504.0
11,11382164,11419030,True,2,1,lot,39,+4000sqft,9604.0,13604.0
11,11382164,11419030,True,2,1,lot,40,+4100sqft,9604.0,13704.0
11,11382164,11419030,True,2,1,lot,41,+4200sqft,9604.0,13804.0
11,11382164,11419030,True,2,1,lot,42,+4300sqft,9604.0,13904.0
11,11382164,11419030,True,2,1,lot,43,+4400sqft,9604.0,14004.0
11,11382164,11419030,True,2,1,lot,44,+4500sqft,9604.0,14104.0
11,11382164,11419030,True,2,1,lot,45,+4600sqft,9604.0,14204.0
11,11382164,11419030,True,2,1,lot,46,+4700sqft,9604.0,14304.0
11,11382164,11419030,True,2,1,lot,47,+4800sqft,9604.0,14404.0
11,11382164,11419030,True,2,1,lot,48,+4900sqft,9604.0,14504.0
11,11382164,11419030,True,2,1,lot,49,+5000sqft,9604.0,14604.0
12,11398852,11433579,True,1,2,bedrooms,0,+1,3.0,4.0
12,11398852,11433579,True,1,2,bedrooms,1,+2,3.0,5.0
12,11398852,11433579,True,1,2,bedrooms,2,+3,3.0,6.0
12,11398852,11433579,True,1,2,bedrooms,3,+4,3.0,7.0
12,11398852,11433579,True,1,2,bedrooms,4,+5,3.0,8.0
12,11398852,11433579,True,1,2,bedrooms,5,+6,3.0,9.0
12,11398852,11433579,True,1,2,bedrooms,6,+7,3.0,10.0
12,11398852,11433579,True,1,2,bathrooms,0,+1,3.0,4.0
12,11398852,11433579,True,1,2,bathrooms,1,+2,3.0,5.0
12,11398852,11433579,True,1,2,bathrooms,2,+3,3.0,6.0
12,11398852,11433579,True,1,2,bathrooms,3,+4,3.0,7.0
12,11398852,11433579,True,1,2,bathrooms,4,+5,3.0,8.0
12,11398852,11433579,True,1,2,bathrooms,5,+6,3.0,9.0
12,11398852,11433579,True,1,2,bathrooms,6,+7,3.0,10.0
12,11398852,11433579,True,1,2,yearBuilt,0,+2yr,1944.0,1946.0
12,11398852,11433579,True,1,2,yearBuilt,1,+4yr,1944.0,1948.0
12,11398852,11433579,True,1,2,yearBuilt,2,+6yr,1944.0,1950.0
12,11398852,11433579,True,1,2,yearBuilt,3,+8yr,1944.0,1952.0
12,11398852,11433579,True,1,2,yearBuilt,4,+10yr,1944.0,1954.0
12,11398852,11433579,True,1,2,yearBuilt,5,+12yr,1944.0,1956.0
12,11398852,11433579,True,1,2,yearBuilt,6,+14yr,1944.0,1958.0
12,11398852,11433579,True,1,2,yearBuilt,7,+16yr,1944.0,1960.0
12,11398852,11433579,True,1,2,yearBuilt,8,+18yr,1944.0,1962.0
12,11398852,11433579,True,1,2,yearBuilt,9,+20yr,1944.0,1964.0
12,11398852,11433579,True,1,2,yearBuilt,10,+22yr,1944.0,1966.0
12,11398852,11433579,True,1,2,yearBuilt,11,+24yr,1944.0,1968.0
12,11398852,11433579,True,1,2,yearBuilt,12,+26yr,1944.0,1970.0
12,11398852,11433579,True,1,2,yearBuilt,13,+28yr,1944.0,1972.0
12,11398852,11433579,True,1,2,yearBuilt,14,+30yr,1944.0,1974.0
12,11398852,11433579,True,1,2,yearBuilt,15,+32yr,1944.0,1976.0
12,11398852,11433579,True,1,2,yearBuilt,16,+34yr,1944.0,1978.0
12,11398852,11433579,True,1,2,yearBuilt,17,+36yr,1944.0,1980.0
12,11398852,11433579,True,1,2,yearBuilt,18,+38yr,1944.0,1982.0
12,11398852,11433579,True,1,2,yearBuilt,19,+40yr,1944.0,1984.0
12,11398852,11433579,True,1,2,yearBuilt,20,+42yr,1944.0,1986.0
12,11398852,11433579,True,1,2,yearBuilt,21,+44yr,1944.0,1988.0
12,11398852,11433579,True,1,2,yearBuilt,22,+46yr,1944.0,1990.0
12,11398852,11433579,True,1,2,yearBuilt,23,+48yr,1944.0,1992.0
12,11398852,11433579,True,1,2,yearBuilt,24,+50yr,1944.0,1994.0
12,11398852,11433579,True,1,2,yearBuilt,25,+52yr,1944.0,1996.0
12,11398852,11433579,True,1,2,yearBuilt,26,+54yr,1944.0,1998.0
12,11398852,11433579,True,1,2,yearBuilt,27,+56yr,1944.0,2000.0
12,11398852,11433579,True,1,2,yearBuilt,28,+58yr,1944.0,2002.0
12,11398852,11433579,True,1,2,yearBuilt,29,+60yr,1944.0,2004.0
12,11398852,11433579,True,1,2,yearBuilt,30,+62yr,1944.0,2006.0
12,11398852,11433579,True,1,2,yearBuilt,31,+64yr,1944.0,2008.0
12,11398852,11433579,True,1,2,yearBuilt,32,+66yr,1944.0,2010.0
12,11398852,11433579,True,1,2,yearBuilt,33,+68yr,1944.0,2012.0
12,11398852,11433579,True,1,2,yearBuilt,34,+70yr,1944.0,2014.0
12,11398852,11433579,True,1,2,yearBuilt,35,+72yr,1944.0,2016.0
12,11398852,11433579,True,1,2,yearBuilt,36,+74yr,1944.0,2018.0
12,11398852,11433579,True,1,2,yearBuilt,37,+76yr,1944.0,2020.0
12,11398852,11433579,True,1,2,yearBuilt,38,+78yr,1944.0,2022.0
12,11398852,11433579,True,1,2,yearBuilt,39,+80yr,1944.0,2024.0
12,11398852,11433579,True,1,2,lot,0,+100sqft,0.01,0.0123
12,11398852,11433579,True,1,2,lot,1,+200sqft,0.01,0.0146
12,11398852,11433579,True,1,2,lot,2,+300sqft,0.01,0.0169
12,11398852,11433579,True,1,2,lot,3,+400sqft,0.01,0.0192
12,11398852,11433579,True,1,2,lot,4,+500sqft,0.01,0.0215
12,11398852,11433579,True,1,2,lot,5,+600sqft,0.01,0.0238
12,11398852,11433579,True,1,2,lot,6,+700sqft,0.01,0.0261
12,11398852,11433579,True,1,2,lot,7,+800sqft,0.01,0.0284
12,11398852,11433579,True,1,2,lot,8,+900sqft,0.01,0.0307
12,11398852,11433579,True,1,2,lot,9,+1000sqft,0.01,0.033
12,11398852,11433579,True,1,2,lot,10,+1100sqft,0.01,0.0353
12,11398852,11433579,True,1,2,lot,11,+1200sqft,0.01,0.0375
12,11398852,11433579,True,1,2,lot,12,+1300sqft,0.01,0.0398
12,11398852,11433579,True,1,2,lot,13,+1400sqft,0.01,0.0421
12,11398852,11433579,True,1,2,lot,14,+1500sqft,0.01,0.0444
12,11398852,11433579,True,1,2,lot,15,+1600sqft,0.01,0.0467
12,11398852,11433579,True,1,2,lot,16,+1700sqft,0.01,0.049
12,11398852,11433579,True,1,2,lot,17,+1800sqft,0.01,0.0513
12,11398852,11433579,True,1,2,lot,18,+1900sqft,0.01,0.0536
12,11398852,11433579,True,1,2,lot,19,+2000sqft,0.01,0.0559
12,11398852,11433579,True,1,2,lot,20,+2100sqft,0.01,0.0582
12,11398852,11433579,True,1,2,lot,21,+2200sqft,0.01,0.0605
12,11398852,11433579,True,1,2,lot,22,+2300sqft,0.01,0.0628
12,11398852,11433579,True,1,2,lot,23,+2400sqft,0.01,0.0651
12,11398852,11433579,True,1,2,lot,24,+2500sqft,0.01,0.0674
12,11398852,11433579,True,1,2,lot,25,+2600sqft,0.01,0.0697
12,11398852,11433579,True,1,2,lot,26,+2700sqft,0.01,0.072
12,11398852,11433579,True,1,2,lot,27,+2800sqft,0.01,0.0743
12,11398852,11433579,True,1,2,lot,28,+2900sqft,0.01,0.0766
12,11398852,11433579,True,1,2,lot,29,+3000sqft,0.01,0.0789
12,11398852,11433579,True,1,2,lot,30,+3100sqft,0.01,0.0812
12,11398852,11433579,True,1,2,lot,31,+3200sqft,0.01,0.0835
12,11398852,11433579,True,1,2,lot,32,+3300sqft,0.01,0.0858
12,11398852,11433579,True,1,2,lot,33,+3400sqft,0.01,0.0881
12,11398852,11433579,True,1,2,lot,34,+3500sqft,0.01,0.0903
12,11398852,11433579,True,1,2,lot,35,+3600sqft,0.01,0.0926
12,11398852,11433579,True,1,2,lot,36,+3700sqft,0.01,0.0949
12,11398852,11433579,True,1,2,lot,37,+3800sqft,0.01,0.0972
12,11398852,11433579,True,1,2,lot,38,+3900sqft,0.01,0.0995
12,11398852,11433579,True,1,2,lot,39,+4000sqft,0.01,0.1018
12,11398852,11433579,True,1,2,lot,40,+4100sqft,0.01,0.1041
12,11398852,11433579,True,1,2,lot,41,+4200sqft,0.01,0.1064
12,11398852,11433579,True,1,2,lot,42,+4300sqft,0.01,0.1087
12,11398852,11433579,True,1,2,lot,43,+4400sqft,0.01,0.111
12,11398852,11433579,True,1,2,lot,44,+4500sqft,0.01,0.1133
12,11398852,11433579,True,1,2,lot,45,+4600sqft,0.01,0.1156
12,11398852,11433579,True,1,2,lot,46,+4700sqft,0.01,0.1179
12,11398852,11433579,True,1,2,lot,47,+4800sqft,0.01,0.1202
12,11398852,11433579,True,1,2,lot,48,+4900sqft,0.01,0.1225
12,11398852,11433579,True,1,2,lot,49,+5000sqft,0.01,0.1248
13,11304111,11354033,True,2,1,bedrooms,0,+1,3.0,4.0
13,11304111,11354033,True,2,1,bedrooms,1,+2,3.0,5.0
13,11304111,11354033,True,2,1,bedrooms,2,+3,3.0,6.0
13,11304111,11354033,True,2,1,bedrooms,3,+4,3.0,7.0
13,11304111,11354033,True,2,1,bedrooms,4,+5,3.0,8.0
13,11304111,11354033,True,2,1,bedrooms,5,+6,3.0,9.0
13,11304111,11354033,True,2,1,bedrooms,6,+7,3.0,10.0
13,11304111,11354033,True,2,1,bathrooms,0,+1,1.0,2.0
13,11304111,11354033,True,2,1,bathrooms,1,+2,1.0,3.0
13,11304111,11354033,True,2,1,bathrooms,2,+3,1.0,4.0
13,11304111,11354033,True,2,1,bathrooms,3,+4,1.0,5.0
13,11304111,11354033,True,2,1,bathrooms,4,+5,1.0,6.0
13,11304111,11354033,True,2,1,bathrooms,5,+6,1.0,7.0
13,11304111,11354033,True,2,1,bathrooms,6,+7,1.0,8.0
13,11304111,11354033,True,2,1,bathrooms,7,+8,1.0,9.0
13,11304111,11354033,True,2,1,bathrooms,8,+9,1.0,10.0
13,11304111,11354033,True,2,1,yearBuilt,0,+2yr,1930.0,1932.0
13,11304111,11354033,True,2,1,yearBuilt,1,+4yr,1930.0,1934.0
13,11304111,11354033,True,2,1,yearBuilt,2,+6yr,1930.0,1936.0
13,11304111,11354033,True,2,1,yearBuilt,3,+8yr,1930.0,1938.0
13,11304111,11354033,True,2,1,yearBuilt,4,+10yr,1930.0,1940.0
13,11304111,11354033,True,2,1,yearBuilt,5,+12yr,1930.0,1942.0
13,11304111,11354033,True,2,1,yearBuilt,6,+14yr,1930.0,1944.0
13,11304111,11354033,True,2,1,yearBuilt,7,+16yr,1930.0,1946.0
13,11304111,11354033,True,2,1,yearBuilt,8,+18yr,1930.0,1948.0
13,11304111,11354033,True,2,1,yearBuilt,9,+20yr,1930.0,1950.0
13,11304111,11354033,True,2,1,yearBuilt,10,+22yr,1930.0,1952.0
13,11304111,11354033,True,2,1,yearBuilt,11,+24yr,1930.0,1954.0
13,11304111,11354033,True,2,1,yearBuilt,12,+26yr,1930.0,1956.0
13,11304111,11354033,True,2,1,yearBuilt,13,+28yr,1930.0,1958.0
13,11304111,11354033,True,2,1,yearBuilt,14,+30yr,1930.0,1960.0
13,11304111,11354033,True,2,1,yearBuilt,15,+32yr,1930.0,1962.0
13,11304111,11354033,True,2,1,yearBuilt,16,+34yr,1930.0,1964.0
13,11304111,11354033,True,2,1,yearBuilt,17,+36yr,1930.0,1966.0
13,11304111,11354033,True,2,1,yearBuilt,18,+38yr,1930.0,1968.0
13,11304111,11354033,True,2,1,yearBuilt,19,+40yr,1930.0,1970.0
13,11304111,11354033,True,2,1,yearBuilt,20,+42yr,1930.0,1972.0
13,11304111,11354033,True,2,1,yearBuilt,21,+44yr,1930.0,1974.0
13,11304111,11354033,True,2,1,yearBuilt,22,+46yr,1930.0,1976.0
13,11304111,11354033,True,2,1,yearBuilt,23,+48yr,1930.0,1978.0
13,11304111,11354033,True,2,1,yearBuilt,24,+50yr,1930.0,1980.0
13,11304111,11354033,True,2,1,yearBuilt,25,+52yr,1930.0,1982.0
13,11304111,11354033,True,2,1,yearBuilt,26,+54yr,1930.0,1984.0
13,11304111,11354033,True,2,1,yearBuilt,27,+56yr,1930.0,1986.0
13,11304111,11354033,True,2,1,yearBuilt,28,+58yr,1930.0,1988.0
13,11304111,11354033,True,2,1,yearBuilt,29,+60yr,1930.0,1990.0
13,11304111,11354033,True,2,1,yearBuilt,30,+62yr,1930.0,1992.0
13,11304111,11354033,True,2,1,yearBuilt,31,+64yr,1930.0,1994.0
13,11304111,11354033,True,2,1,yearBuilt,32,+66yr,1930.0,1996.0
13,11304111,11354033,True,2,1,yearBuilt,33,+68yr,1930.0,1998.0
13,11304111,11354033,True,2,1,yearBuilt,34,+70yr,1930.0,2000.0
13,11304111,11354033,True,2,1,yearBuilt,35,+72yr,1930.0,2002.0
13,11304111,11354033,True,2,1,yearBuilt,36,+74yr,1930.0,2004.0
13,11304111,11354033,True,2,1,yearBuilt,37,+76yr,1930.0,2006.0
13,11304111,11354033,True,2,1,yearBuilt,38,+78yr,1930.0,2008.0
13,11304111,11354033,True,2,1,yearBuilt,39,+80yr,1930.0,2010.0
13,11304111,11354033,True,2,1,yearBuilt,40,+82yr,1930.0,2012.0
13,11304111,11354033,True,2,1,yearBuilt,41,+84yr,1930.0,2014.0
13,11304111,11354033,True,2,1,yearBuilt,42,+86yr,1930.0,2016.0
13,11304111,11354033,True,2,1,yearBuilt,43,+88yr,1930.0,2018.0
13,11304111,11354033,True,2,1,yearBuilt,44,+90yr,1930.0,2020.0
13,11304111,11354033,True,2,1,yearBuilt,45,+92yr,1930.0,2022.0
13,11304111,11354033,True,2,1,yearBuilt,46,+94yr,1930.0,2024.0
13,11304111,11354033,True,2,1,lot,0,+100sqft,3001.0,3101.0
13,11304111,11354033,True,2,1,lot,1,+200sqft,3001.0,3201.0
13,11304111,11354033,True,2,1,lot,2,+300sqft,3001.0,3301.0
13,11304111,11354033,True,2,1,lot,3,+400sqft,3001.0,3401.0
13,11304111,11354033,True,2,1,lot,4,+500sqft,3001.0,3501.0
13,11304111,11354033,True,2,1,lot,5,+600sqft,3001.0,3601.0
13,11304111,11354033,True,2,1,lot,6,+700sqft,3001.0,3701.0
13,11304111,11354033,True,2,1,lot,7,+800sqft,3001.0,3801.0
13,11304111,11354033,True,2,1,lot,8,+900sqft,3001.0,3901.0
13,11304111,11354033,True,2,1,lot,9,+1000sqft,3001.0,4001.0
13,11304111,11354033,True,2,1,lot,10,+1100sqft,3001.0,4101.0
13,11304111,11354033,True,2,1,lot,11,+1200sqft,3001.0,4201.0
13,11304111,11354033,True,2,1,lot,12,+1300sqft,3001.0,4301.0
13,11304111,11354033,True,2,1,lot,13,+1400sqft,3001.0,4401.0
13,11304111,11354033,True,2,1,lot,14,+1500sqft,3001.0,4501.0
13,11304111,11354033,True,2,1,lot,15,+1600sqft,3001.0,4601.0
13,11304111,11354033,True,2,1,lot,16,+1700sqft,3001.0,4701.0
13,11304111,11354033,True,2,1,lot,17,+1800sqft,3001.0,4801.0
13,11304111,11354033,True,2,1,lot,18,+1900sqft,3001.0,4901.0
13,11304111,11354033,True,2,1,lot,19,+2000sqft,3001.0,5001.0
13,11304111,11354033,True,2,1,lot,20,+2100sqft,3001.0,5101.0
13,11304111,11354033,True,2,1,lot,21,+2200sqft,3001.0,5201.0
13,11304111,11354033,True,2,1,lot,22,+2300sqft,3001.0,5301.0
13,11304111,11354033,True,2,1,lot,23,+2400sqft,3001.0,5401.0
13,11304111,11354033,True,2,1,lot,24,+2500sqft,3001.0,5501.0
13,11304111,11354033,True,2,1,lot,25,+2600sqft,3001.0,5601.0
13,11304111,11354033,True,2,1,lot,26,+2700sqft,3001.0,5701.0
13,11304111,11354033,True,2,1,lot,27,+2800sqft,3001.0,5801.0
13,11304111,11354033,True,2,1,lot,28,+2900sqft,3001.0,5901.0
13,11304111,11354033,True,2,1,lot,29,+3000sqft,3001.0,6001.0
13,11304111,11354033,True,2,1,lot,30,+3100sqft,3001.0,6101.0
13,11304111,11354033,True,2,1,lot,31,+3200sqft,3001.0,6201.0
13,11304111,11354033,True,2,1,lot,32,+3300sqft,3001.0,6301.0
13,11304111,11354033,True,2,1,lot,33,+3400sqft,3001.0,6401.0
13,11304111,11354033,True,2,1,lot,34,+3500sqft,3001.0,6501.0
13,11304111,11354033,True,2,1,lot,35,+3600sqft,3001.0,6601.0
13,11304111,11354033,True,2,1,lot,36,+3700sqft,3001.0,6701.0
13,11304111,11354033,True,2,1,lot,37,+3800sqft,3001.0,6801.0
13,11304111,11354033,True,2,1,lot,38,+3900sqft,3001.0,6901.0
13,11304111,11354033,True,2,1,lot,39,+4000sqft,3001.0,7001.0
13,11304111,11354033,True,2,1,lot,40,+4100sqft,3001.0,7101.0
13,11304111,11354033,True,2,1,lot,41,+4200sqft,3001.0,7201.0
13,11304111,11354033,True,2,1,lot,42,+4300sqft,3001.0,7301.0
13,11304111,11354033,True,2,1,lot,43,+4400sqft,3001.0,7401.0
13,11304111,11354033,True,2,1,lot,44,+4500sqft,3001.0,7501.0
13,11304111,11354033,True,2,1,lot,45,+4600sqft,3001.0,7601.0
13,11304111,11354033,True,2,1,lot,46,+4700sqft,3001.0,7701.0
13,11304111,11354033,True,2,1,lot,47,+4800sqft,3001.0,7801.0
13,11304111,11354033,True,2,1,lot,48,+4900sqft,3001.0,7901.0
13,11304111,11354033,True,2,1,lot,49,+5000sqft,3001.0,8001.0
14,11354685,11428676,True,2,1,bedrooms,0,+1,3.0,4.0
14,11354685,11428676,True,2,1,bedrooms,1,+2,3.0,5.0
14,11354685,11428676,True,2,1,bedrooms,2,+3,3.0,6.0
14,11354685,11428676,True,2,1,bedrooms,3,+4,3.0,7.0
14,11354685,11428676,True,2,1,bedrooms,4,+5,3.0,8.0
14,11354685,11428676,True,2,1,bedrooms,5,+6,3.0,9.0
14,11354685,11428676,True,2,1,bedrooms,6,+7,3.0,10.0
14,11354685,11428676,True,2,1,bathrooms,0,+1,1.0,2.0
14,11354685,11428676,True,2,1,bathrooms,1,+2,1.0,3.0
14,11354685,11428676,True,2,1,bathrooms,2,+3,1.0,4.0
14,11354685,11428676,True,2,1,bathrooms,3,+4,1.0,5.0
14,11354685,11428676,True,2,1,bathrooms,4,+5,1.0,6.0
14,11354685,11428676,True,2,1,bathrooms,5,+6,1.0,7.0
14,11354685,11428676,True,2,1,bathrooms,6,+7,1.0,8.0
14,11354685,11428676,True,2,1,bathrooms,7,+8,1.0,9.0
14,11354685,11428676,True,2,1,bathrooms,8,+9,1.0,10.0
14,11354685,11428676,True,2,1,yearBuilt,0,+2yr,1947.0,1949.0
14,11354685,11428676,True,2,1,yearBuilt,1,+4yr,1947.0,1951.0
14,11354685,11428676,True,2,1,yearBuilt,2,+6yr,1947.0,1953.0
14,11354685,11428676,True,2,1,yearBuilt,3,+8yr,1947.0,1955.0
14,11354685,11428676,True,2,1,yearBuilt,4,+10yr,1947.0,1957.0
14,11354685,11428676,True,2,1,yearBuilt,5,+12yr,1947.0,1959.0
14,11354685,11428676,True,2,1,yearBuilt,6,+14yr,1947.0,1961.0
14,11354685,11428676,True,2,1,yearBuilt,7,+16yr,1947.0,1963.0
14,11354685,11428676,True,2,1,yearBuilt,8,+18yr,1947.0,1965.0
14,11354685,11428676,True,2,1,yearBuilt,9,+20yr,1947.0,1967.0
14,11354685,11428676,True,2,1,yearBuilt,10,+22yr,1947.0,1969.0
14,11354685,11428676,True,2,1,yearBuilt,11,+24yr,1947.0,1971.0
14,11354685,11428676,True,2,1,yearBuilt,12,+26yr,1947.0,1973.0
14,11354685,11428676,True,2,1,yearBuilt,13,+28yr,1947.0,1975.0
14,11354685,11428676,True,2,1,yearBuilt,14,+30yr,1947.0,1977.0
14,11354685,11428676,True,2,1,yearBuilt,15,+32yr,1947.0,1979.0
14,11354685,11428676,True,2,1,yearBuilt,16,+34yr,1947.0,1981.0
14,11354685,11428676,True,2,1,yearBuilt,17,+36yr,1947.0,1983.0
14,11354685,11428676,True,2,1,yearBuilt,18,+38yr,1947.0,1985.0
14,11354685,11428676,True,2,1,yearBuilt,19,+40yr,1947.0,1987.0
14,11354685,11428676,True,2,1,yearBuilt,20,+42yr,1947.0,1989.0
14,11354685,11428676,True,2,1,yearBuilt,21,+44yr,1947.0,1991.0
14,11354685,11428676,True,2,1,yearBuilt,22,+46yr,1947.0,1993.0
14,11354685,11428676,True,2,1,yearBuilt,23,+48yr,1947.0,1995.0
14,11354685,11428676,True,2,1,yearBuilt,24,+50yr,1947.0,1997.0
14,11354685,11428676,True,2,1,yearBuilt,25,+52yr,1947.0,1999.0
14,11354685,11428676,True,2,1,yearBuilt,26,+54yr,1947.0,2001.0
14,11354685,11428676,True,2,1,yearBuilt,27,+56yr,1947.0,2003.0
14,11354685,11428676,True,2,1,yearBuilt,28,+58yr,1947.0,2005.0
14,11354685,11428676,True,2,1,yearBuilt,29,+60yr,1947.0,2007.0
14,11354685,11428676,True,2,1,yearBuilt,30,+62yr,1947.0,2009.0
14,11354685,11428676,True,2,1,yearBuilt,31,+64yr,1947.0,2011.0
14,11354685,11428676,True,2,1,yearBuilt,32,+66yr,1947.0,2013.0
14,11354685,11428676,True,2,1,yearBuilt,33,+68yr,1947.0,2015.0
14,11354685,11428676,True,2,1,yearBuilt,34,+70yr,1947.0,2017.0
14,11354685,11428676,True,2,1,yearBuilt,35,+72yr,1947.0,2019.0
14,11354685,11428676,True,2,1,yearBuilt,36,+74yr,1947.0,2021.0
14,11354685,11428676,True,2,1,yearBuilt,37,+76yr,1947.0,2023.0
14,11354685,11428676,True,2,1,yearBuilt,38,+78yr,1947.0,2025.0
14,11354685,11428676,True,2,1,lot,0,+100sqft,6499.0,6599.0
14,11354685,11428676,True,2,1,lot,1,+200sqft,6499.0,6699.0
14,11354685,11428676,True,2,1,lot,2,+300sqft,6499.0,6799.0
14,11354685,11428676,True,2,1,lot,3,+400sqft,6499.0,6899.0
14,11354685,11428676,True,2,1,lot,4,+500sqft,6499.0,6999.0
14,11354685,11428676,True,2,1,lot,5,+600sqft,6499.0,7099.0
14,11354685,11428676,True,2,1,lot,6,+700sqft,6499.0,7199.0
14,11354685,11428676,True,2,1,lot,7,+800sqft,6499.0,7299.0
14,11354685,11428676,True,2,1,lot,8,+900sqft,6499.0,7399.0
14,11354685,11428676,True,2,1,lot,9,+1000sqft,6499.0,7499.0
14,11354685,11428676,True,2,1,lot,10,+1100sqft,6499.0,7599.0
14,11354685,11428676,True,2,1,lot,11,+1200sqft,6499.0,7699.0
14,11354685,11428676,True,2,1,lot,12,+1300sqft,6499.0,7799.0
14,11354685,11428676,True,2,1,lot,13,+1400sqft,6499.0,7899.0
14,11354685,11428676,True,2,1,lot,14,+1500sqft,6499.0,7999.0
14,11354685,11428676,True,2,1,lot,15,+1600sqft,6499.0,8099.0
14,11354685,11428676,True,2,1,lot,16,+1700sqft,6499.0,8199.0
14,11354685,11428676,True,2,1,lot,17,+1800sqft,6499.0,8299.0
14,11354685,11428676,True,2,1,lot,18,+1900sqft,6499.0,8399.0
14,11354685,11428676,True,2,1,lot,19,+2000sqft,6499.0,8499.0
14,11354685,11428676,True,2,1,lot,20,+2100sqft,6499.0,8599.0
14,11354685,11428676,True,2,1,lot,21,+2200sqft,6499.0,8699.0
14,11354685,11428676,True,2,1,lot,22,+2300sqft,6499.0,8799.0
14,11354685,11428676,True,2,1,lot,23,+2400sqft,6499.0,8899.0
14,11354685,11428676,True,2,1,lot,24,+2500sqft,6499.0,8999.0
14,11354685,11428676,True,2,1,lot,25,+2600sqft,6499.0,9099.0
14,11354685,11428676,True,2,1,lot,26,+2700sqft,6499.0,9199.0
14,11354685,11428676,True,2,1,lot,27,+2800sqft,6499.0,9299.0
14,11354685,11428676,True,2,1,lot,28,+2900sqft,6499.0,9399.0
14,11354685,11428676,True,2,1,lot,29,+3000sqft,6499.0,9499.0
14,11354685,11428676,True,2,1,lot,30,+3100sqft,6499.0,9599.0
14,11354685,11428676,True,2,1,lot,31,+3200sqft,6499.0,9699.0
14,11354685,11428676,True,2,1,lot,32,+3300sqft,6499.0,9799.0
14,11354685,11428676,True,2,1,lot,33,+3400sqft,6499.0,9899.0
14,11354685,11428676,True,2,1,lot,34,+3500sqft,6499.0,9999.0
14,11354685,11428676,True,2,1,lot,35,+3600sqft,6499.0,10099.0
14,11354685,11428676,True,2,1,lot,36,+3700sqft,6499.0,10199.0
14,11354685,11428676,True,2,1,lot,37,+3800sqft,6499.0,10299.0
14,11354685,11428676,True,2,1,lot,38,+3900sqft,6499.0,10399.0
14,11354685,11428676,True,2,1,lot,39,+4000sqft,6499.0,10499.0
14,11354685,11428676,True,2,1,lot,40,+4100sqft,6499.0,10599.0
14,11354685,11428676,True,2,1,lot,41,+4200sqft,6499.0,10699.0
14,11354685,11428676,True,2,1,lot,42,+4300sqft,6499.0,10799.0
14,11354685,11428676,True,2,1,lot,43,+4400sqft,6499.0,10899.0
14,11354685,11428676,True,2,1,lot,44,+4500sqft,6499.0,10999.0
14,11354685,11428676,True,2,1,lot,45,+4600sqft,6499.0,11099.0
14,11354685,11428676,True,2,1,lot,46,+4700sqft,6499.0,11199.0
14,11354685,11428676,True,2,1,lot,47,+4800sqft,6499.0,11299.0
14,11354685,11428676,True,2,1,lot,48,+4900sqft,6499.0,11399.0
14,11354685,11428676,True,2,1,lot,49,+5000sqft,6499.0,11499.0
15,11485601,11558410,True,1,2,bedrooms,0,+1,2.0,3.0
15,11485601,11558410,True,1,2,bedrooms,1,+2,2.0,4.0
15,11485601,11558410,True,1,2,bedrooms,2,+3,2.0,5.0
15,11485601,11558410,True,1,2,bedrooms,3,+4,2.0,6.0
15,11485601,11558410,True,1,2,bedrooms,4,+5,2.0,7.0
15,11485601,11558410,True,1,2,bedrooms,5,+6,2.0,8.0
15,11485601,11558410,True,1,2,bedrooms,6,+7,2.0,9.0
15,11485601,11558410,True,1,2,bedrooms,7,+8,2.0,10.0
15,11485601,11558410,True,1,2,bathrooms,0,+1,3.0,4.0
15,11485601,11558410,True,1,2,bathrooms,1,+2,3.0,5.0
15,11485601,11558410,True,1,2,bathrooms,2,+3,3.0,6.0
15,11485601,11558410,True,1,2,bathrooms,3,+4,3.0,7.0
15,11485601,11558410,True,1,2,bathrooms,4,+5,3.0,8.0
15,11485601,11558410,True,1,2,bathrooms,5,+6,3.0,9.0
15,11485601,11558410,True,1,2,bathrooms,6,+7,3.0,10.0
15,11485601,11558410,True,1,2,yearBuilt,0,+2yr,1950.0,1952.0
15,11485601,11558410,True,1,2,yearBuilt,1,+4yr,1950.0,1954.0
15,11485601,11558410,True,1,2,yearBuilt,2,+6yr,1950.0,1956.0
15,11485601,11558410,True,1,2,yearBuilt,3,+8yr,1950.0,1958.0
15,11485601,11558410,True,1,2,yearBuilt,4,+10yr,1950.0,1960.0
15,11485601,11558410,True,1,2,yearBuilt,5,+12yr,1950.0,1962.0
15,11485601,11558410,True,1,2,yearBuilt,6,+14yr,1950.0,1964.0
15,11485601,11558410,True,1,2,yearBuilt,7,+16yr,1950.0,1966.0
15,11485601,11558410,True,1,2,yearBuilt,8,+18yr,1950.0,1968.0
15,11485601,11558410,True,1,2,yearBuilt,9,+20yr,1950.0,1970.0
15,11485601,11558410,True,1,2,yearBuilt,10,+22yr,1950.0,1972.0
15,11485601,11558410,True,1,2,yearBuilt,11,+24yr,1950.0,1974.0
15,11485601,11558410,True,1,2,yearBuilt,12,+26yr,1950.0,1976.0
15,11485601,11558410,True,1,2,yearBuilt,13,+28yr,1950.0,1978.0
15,11485601,11558410,True,1,2,yearBuilt,14,+30yr,1950.0,1980.0
15,11485601,11558410,True,1,2,yearBuilt,15,+32yr,1950.0,1982.0
15,11485601,11558410,True,1,2,yearBuilt,16,+34yr,1950.0,1984.0
15,11485601,11558410,True,1,2,yearBuilt,17,+36yr,1950.0,1986.0
15,11485601,11558410,True,1,2,yearBuilt,18,+38yr,1950.0,1988.0
15,11485601,11558410,True,1,2,yearBuilt,19,+40yr,1950.0,1990.0
15,11485601,11558410,True,1,2,yearBuilt,20,+42yr,1950.0,1992.0
15,11485601,11558410,True,1,2,yearBuilt,21,+44yr,1950.0,1994.0
15,11485601,11558410,True,1,2,yearBuilt,22,+46yr,1950.0,1996.0
15,11485601,11558410,True,1,2,yearBuilt,23,+48yr,1950.0,1998.0
15,11485601,11558410,True,1,2,yearBuilt,24,+50yr,1950.0,2000.0
15,11485601,11558410,True,1,2,yearBuilt,25,+52yr,1950.0,2002.0
15,11485601,11558410,True,1,2,yearBuilt,26,+54yr,1950.0,2004.0
15,11485601,11558410,True,1,2,yearBuilt,27,+56yr,1950.0,2006.0
15,11485601,11558410,True,1,2,yearBuilt,28,+58yr,1950.0,2008.0
15,11485601,11558410,True,1,2,yearBuilt,29,+60yr,1950.0,2010.0
15,11485601,11558410,True,1,2,yearBuilt,30,+62yr,1950.0,2012.0
15,11485601,11558410,True,1,2,yearBuilt,31,+64yr,1950.0,2014.0
15,11485601,11558410,True,1,2,yearBuilt,32,+66yr,1950.0,2016.0
15,11485601,11558410,True,1,2,yearBuilt,33,+68yr,1950.0,2018.0
15,11485601,11558410,True,1,2,yearBuilt,34,+70yr,1950.0,2020.0
15,11485601,11558410,True,1,2,yearBuilt,35,+72yr,1950.0,2022.0
15,11485601,11558410,True,1,2,yearBuilt,36,+74yr,1950.0,2024.0
15,11485601,11558410,True,1,2,lot,0,+100sqft,0.55,0.5523
15,11485601,11558410,True,1,2,lot,1,+200sqft,0.55,0.5546
15,11485601,11558410,True,1,2,lot,2,+300sqft,0.55,0.5569
15,11485601,11558410,True,1,2,lot,3,+400sqft,0.55,0.5592
15,11485601,11558410,True,1,2,lot,4,+500sqft,0.55,0.5615
15,11485601,11558410,True,1,2,lot,5,+600sqft,0.55,0.5638
15,11485601,11558410,True,1,2,lot,6,+700sqft,0.55,0.5661
15,11485601,11558410,True,1,2,lot,7,+800sqft,0.55,0.5684
15,11485601,11558410,True,1,2,lot,8,+900sqft,0.55,0.5707
15,11485601,11558410,True,1,2,lot,9,+1000sqft,0.55,0.573
15,11485601,11558410,True,1,2,lot,10,+1100sqft,0.55,0.5753
15,11485601,11558410,True,1,2,lot,11,+1200sqft,0.55,0.5775
15,11485601,11558410,True,1,2,lot,12,+1300sqft,0.55,0.5798
15,11485601,11558410,True,1,2,lot,13,+1400sqft,0.55,0.5821
15,11485601,11558410,True,1,2,lot,14,+1500sqft,0.55,0.5844
15,11485601,11558410,True,1,2,lot,15,+1600sqft,0.55,0.5867
15,11485601,11558410,True,1,2,lot,16,+1700sqft,0.55,0.589
15,11485601,11558410,True,1,2,lot,17,+1800sqft,0.55,0.5913
15,11485601,11558410,True,1,2,lot,18,+1900sqft,0.55,0.5936
15,11485601,11558410,True,1,2,lot,19,+2000sqft,0.55,0.5959
15,11485601,11558410,True,1,2,lot,20,+2100sqft,0.55,0.5982
15,11485601,11558410,True,1,2,lot,21,+2200sqft,0.55,0.6005
15,11485601,11558410,True,1,2,lot,22,+2300sqft,0.55,0.6028
15,11485601,11558410,True,1,2,lot,23,+2400sqft,0.55,0.6051
15,11485601,11558410,True,1,2,lot,24,+2500sqft,0.55,0.6074
15,11485601,11558410,True,1,2,lot,25,+2600sqft,0.55,0.6097
15,11485601,11558410,True,1,2,lot,26,+2700sqft,0.55,0.612
15,11485601,11558410,True,1,2,lot,27,+2800sqft,0.55,0.6143
15,11485601,11558410,True,1,2,lot,28,+2900sqft,0.55,0.6166
15,11485601,11558410,True,1,2,lot,29,+3000sqft,0.55,0.6189
15,11485601,11558410,True,1,2,lot,30,+3100sqft,0.55,0.6212
15,11485601,11558410,True,1,2,lot,31,+3200sqft,0.55,0.6235
15,11485601,11558410,True,1,2,lot,32,+3300sqft,0.55,0.6258
15,11485601,11558410,True,1,2,lot,33,+3400sqft,0.55,0.6281
15,11485601,11558410,True,1,2,lot,34,+3500sqft,0.55,0.6303
15,11485601,11558410,True,1,2,lot,35,+3600sqft,0.55,0.6326
15,11485601,11558410,True,1,2,lot,36,+3700sqft,0.55,0.6349
15,11485601,11558410,True,1,2,lot,37,+3800sqft,0.55,0.6372
15,11485601,11558410,True,1,2,lot,38,+3900sqft,0.55,0.6395
15,11485601,11558410,True,1,2,lot,39,+4000sqft,0.55,0.6418
15,11485601,11558410,True,1,2,lot,40,+4100sqft,0.55,0.6441
15,11485601,11558410,True,1,2,lot,41,+4200sqft,0.55,0.6464
15,11485601,11558410,True,1,2,lot,42,+4300sqft,0.55,0.6487
15,11485601,11558410,True,1,2,lot,43,+4400sqft,0.55,0.651
15,11485601,11558410,True,1,2,lot,44,+4500sqft,0.55,0.6533
15,11485601,11558410,True,1,2,lot,45,+4600sqft,0.55,0.6556
15,11485601,11558410,True,1,2,lot,46,+4700sqft,0.55,0.6579
15,11485601,11558410,True,1,2,lot,47,+4800sqft,0.55,0.6602
15,11485601,11558410,True,1,2,lot,48,+4900sqft,0.55,0.6625
15,11485601,11558410,True,1,2,lot,49,+5000sqft,0.55,0.6648
16,59142692,59158536,True,2,1,bedrooms,0,+1,4.0,5.0
16,59142692,59158536,True,2,1,bedrooms,1,+2,4.0,6.0
16,59142692,59158536,True,2,1,bedrooms,2,+3,4.0,7.0
16,59142692,59158536,True,2,1,bedrooms,3,+4,4.0,8.0
16,59142692,59158536,True,2,1,bedrooms,4,+5,4.0,9.0
16,59142692,59158536,True,2,1,bedrooms,5,+6,4.0,10.0
16,59142692,59158536,True,2,1,bathrooms,0,+1,2.0,3.0
16,59142692,59158536,True,2,1,bathrooms,1,+2,2.0,4.0
16,59142692,59158536,True,2,1,bathrooms,2,+3,2.0,5.0
16,59142692,59158536,True,2,1,bathrooms,3,+4,2.0,6.0
16,59142692,59158536,True,2,1,bathrooms,4,+5,2.0,7.0
16,59142692,59158536,True,2,1,bathrooms,5,+6,2.0,8.0
16,59142692,59158536,True,2,1,bathrooms,6,+7,2.0,9.0
16,59142692,59158536,True,2,1,bathrooms,7,+8,2.0,10.0
16,59142692,59158536,True,2,1,yearBuilt,0,+2yr,1929.0,1931.0
16,59142692,59158536,True,2,1,yearBuilt,1,+4yr,1929.0,1933.0
16,59142692,59158536,True,2,1,yearBuilt,2,+6yr,1929.0,1935.0
16,59142692,59158536,True,2,1,yearBuilt,3,+8yr,1929.0,1937.0
16,59142692,59158536,True,2,1,yearBuilt,4,+10yr,1929.0,1939.0
16,59142692,59158536,True,2,1,yearBuilt,5,+12yr,1929.0,1941.0
16,59142692,59158536,True,2,1,yearBuilt,6,+14yr,1929.0,1943.0
16,59142692,59158536,True,2,1,yearBuilt,7,+16yr,1929.0,1945.0
16,59142692,59158536,True,2,1,yearBuilt,8,+18yr,1929.0,1947.0
16,59142692,59158536,True,2,1,yearBuilt,9,+20yr,1929.0,1949.0
16,59142692,59158536,True,2,1,yearBuilt,10,+22yr,1929.0,1951.0
16,59142692,59158536,True,2,1,yearBuilt,11,+24yr,1929.0,1953.0
16,59142692,59158536,True,2,1,yearBuilt,12,+26yr,1929.0,1955.0
16,59142692,59158536,True,2,1,yearBuilt,13,+28yr,1929.0,1957.0
16,59142692,59158536,True,2,1,yearBuilt,14,+30yr,1929.0,1959.0
16,59142692,59158536,True,2,1,yearBuilt,15,+32yr,1929.0,1961.0
16,59142692,59158536,True,2,1,yearBuilt,16,+34yr,1929.0,1963.0
16,59142692,59158536,True,2,1,yearBuilt,17,+36yr,1929.0,1965.0
16,59142692,59158536,True,2,1,yearBuilt,18,+38yr,1929.0,1967.0
16,59142692,59158536,True,2,1,yearBuilt,19,+40yr,1929.0,1969.0
16,59142692,59158536,True,2,1,yearBuilt,20,+42yr,1929.0,1971.0
16,59142692,59158536,True,2,1,yearBuilt,21,+44yr,1929.0,1973.0
16,59142692,59158536,True,2,1,yearBuilt,22,+46yr,1929.0,1975.0
16,59142692,59158536,True,2,1,yearBuilt,23,+48yr,1929.0,1977.0
16,59142692,59158536,True,2,1,yearBuilt,24,+50yr,1929.0,1979.0
16,59142692,59158536,True,2,1,yearBuilt,25,+52yr,1929.0,1981.0
16,59142692,59158536,True,2,1,yearBuilt,26,+54yr,1929.0,1983.0
16,59142692,59158536,True,2,1,yearBuilt,27,+56yr,1929.0,1985.0
16,59142692,59158536,True,2,1,yearBuilt,28,+58yr,1929.0,1987.0
16,59142692,59158536,True,2,1,yearBuilt,29,+60yr,1929.0,1989.0
16,59142692,59158536,True,2,1,yearBuilt,30,+62yr,1929.0,1991.0
16,59142692,59158536,True,2,1,yearBuilt,31,+64yr,1929.0,1993.0
16,59142692,59158536,True,2,1,yearBuilt,32,+66yr,1929.0,1995.0
16,59142692,59158536,True,2,1,yearBuilt,33,+68yr,1929.0,1997.0
16,59142692,59158536,True,2,1,yearBuilt,34,+70yr,1929.0,1999.0
16,59142692,59158536,True,2,1,yearBuilt,35,+72yr,1929.0,2001.0
16,59142692,59158536,True,2,1,yearBuilt,36,+74yr,1929.0,2003.0
16,59142692,59158536,True,2,1,yearBuilt,37,+76yr,1929.0,2005.0
16,59142692,59158536,True,2,1,yearBuilt,38,+78yr,1929.0,2007.0
16,59142692,59158536,True,2,1,yearBuilt,39,+80yr,1929.0,2009.0
16,59142692,59158536,True,2,1,yearBuilt,40,+82yr,1929.0,2011.0
16,59142692,59158536,True,2,1,yearBuilt,41,+84yr,1929.0,2013.0
16,59142692,59158536,True,2,1,yearBuilt,42,+86yr,1929.0,2015.0
16,59142692,59158536,True,2,1,yearBuilt,43,+88yr,1929.0,2017.0
16,59142692,59158536,True,2,1,yearBuilt,44,+90yr,1929.0,2019.0
16,59142692,59158536,True,2,1,yearBuilt,45,+92yr,1929.0,2021.0
16,59142692,59158536,True,2,1,yearBuilt,46,+94yr,1929.0,2023.0
16,59142692,59158536,True,2,1,lot,0,+100sqft,6098.0,6198.0
16,59142692,59158536,True,2,1,lot,1,+200sqft,6098.0,6298.0
16,59142692,59158536,True,2,1,lot,2,+300sqft,6098.0,6398.0
16,59142692,59158536,True,2,1,lot,3,+400sqft,6098.0,6498.0
16,59142692,59158536,True,2,1,lot,4,+500sqft,6098.0,6598.0
16,59142692,59158536,True,2,1,lot,5,+600sqft,6098.0,6698.0
16,59142692,59158536,True,2,1,lot,6,+700sqft,6098.0,6798.0
16,59142692,59158536,True,2,1,lot,7,+800sqft,6098.0,6898.0
16,59142692,59158536,True,2,1,lot,8,+900sqft,6098.0,6998.0
16,59142692,59158536,True,2,1,lot,9,+1000sqft,6098.0,7098.0
16,59142692,59158536,True,2,1,lot,10,+1100sqft,6098.0,7198.0
16,59142692,59158536,True,2,1,lot,11,+1200sqft,6098.0,7298.0
16,59142692,59158536,True,2,1,lot,12,+1300sqft,6098.0,7398.0
16,59142692,59158536,True,2,1,lot,13,+1400sqft,6098.0,7498.0
16,59142692,59158536,True,2,1,lot,14,+1500sqft,6098.0,7598.0
16,59142692,59158536,True,2,1,lot,15,+1600sqft,6098.0,7698.0
16,59142692,59158536,True,2,1,lot,16,+1700sqft,6098.0,7798.0
16,59142692,59158536,True,2,1,lot,17,+1800sqft,6098.0,7898.0
16,59142692,59158536,True,2,1,lot,18,+1900sqft,6098.0,7998.0
16,59142692,59158536,True,2,1,lot,19,+2000sqft,6098.0,8098.0
16,59142692,59158536,True,2,1,lot,20,+2100sqft,6098.0,8198.0
16,59142692,59158536,True,2,1,lot,21,+2200sqft,6098.0,8298.0
16,59142692,59158536,True,2,1,lot,22,+2300sqft,6098.0,8398.0
16,59142692,59158536,True,2,1,lot,23,+2400sqft,6098.0,8498.0
16,59142692,59158536,True,2,1,lot,24,+2500sqft,6098.0,8598.0
16,59142692,59158536,True,2,1,lot,25,+2600sqft,6098.0,8698.0
16,59142692,59158536,True,2,1,lot,26,+2700sqft,6098.0,8798.0
16,59142692,59158536,True,2,1,lot,27,+2800sqft,6098.0,8898.0
16,59142692,59158536,True,2,1,lot,28,+2900sqft,6098.0,8998.0
16,59142692,59158536,True,2,1,lot,29,+3000sqft,6098.0,9098.0
16,59142692,59158536,True,2,1,lot,30,+3100sqft,6098.0,9198.0
16,59142692,59158536,True,2,1,lot,31,+3200sqft,6098.0,9298.0
16,59142692,59158536,True,2,1,lot,32,+3300sqft,6098.0,9398.0
16,59142692,59158536,True,2,1,lot,33,+3400sqft,6098.0,9498.0
16,59142692,59158536,True,2,1,lot,34,+3500sqft,6098.0,9598.0
16,59142692,59158536,True,2,1,lot,35,+3600sqft,6098.0,9698.0
16,59142692,59158536,True,2,1,lot,36,+3700sqft,6098.0,9798.0
16,59142692,59158536,True,2,1,lot,37,+3800sqft,6098.0,9898.0
16,59142692,59158536,True,2,1,lot,38,+3900sqft,6098.0,9998.0
16,59142692,59158536,True,2,1,lot,39,+4000sqft,6098.0,10098.0
16,59142692,59158536,True,2,1,lot,40,+4100sqft,6098.0,10198.0
16,59142692,59158536,True,2,1,lot,41,+4200sqft,6098.0,10298.0
16,59142692,59158536,True,2,1,lot,42,+4300sqft,6098.0,10398.0
16,59142692,59158536,True,2,1,lot,43,+4400sqft,6098.0,10498.0
16,59142692,59158536,True,2,1,lot,44,+4500sqft,6098.0,10598.0
16,59142692,59158536,True,2,1,lot,45,+4600sqft,6098.0,10698.0
16,59142692,59158536,True,2,1,lot,46,+4700sqft,6098.0,10798.0
16,59142692,59158536,True,2,1,lot,47,+4800sqft,6098.0,10898.0
16,59142692,59158536,True,2,1,lot,48,+4900sqft,6098.0,10998.0
16,59142692,59158536,True,2,1,lot,49,+5000sqft,6098.0,11098.0
17,11417583,11534817,True,1,2,bedrooms,0,+1,2.0,3.0
17,11417583,11534817,True,1,2,bedrooms,1,+2,2.0,4.0
17,11417583,11534817,True,1,2,bedrooms,2,+3,2.0,5.0
17,11417583,11534817,True,1,2,bedrooms,3,+4,2.0,6.0
17,11417583,11534817,True,1,2,bedrooms,4,+5,2.0,7.0
17,11417583,11534817,True,1,2,bedrooms,5,+6,2.0,8.0
17,11417583,11534817,True,1,2,bedrooms,6,+7,2.0,9.0
17,11417583,11534817,True,1,2,bedrooms,7,+8,2.0,10.0
17,11417583,11534817,True,1,2,bathrooms,0,+1,1.0,2.0
17,11417583,11534817,True,1,2,bathrooms,1,+2,1.0,3.0
17,11417583,11534817,True,1,2,bathrooms,2,+3,1.0,4.0
17,11417583,11534817,True,1,2,bathrooms,3,+4,1.0,5.0
17,11417583,11534817,True,1,2,bathrooms,4,+5,1.0,6.0
17,11417583,11534817,True,1,2,bathrooms,5,+6,1.0,7.0
17,11417583,11534817,True,1,2,bathrooms,6,+7,1.0,8.0
17,11417583,11534817,True,1,2,bathrooms,7,+8,1.0,9.0
17,11417583,11534817,True,1,2,bathrooms,8,+9,1.0,10.0
17,11417583,11534817,True,1,2,yearBuilt,0,+2yr,1954.0,1956.0
17,11417583,11534817,True,1,2,yearBuilt,1,+4yr,1954.0,1958.0
17,11417583,11534817,True,1,2,yearBuilt,2,+6yr,1954.0,1960.0
17,11417583,11534817,True,1,2,yearBuilt,3,+8yr,1954.0,1962.0
17,11417583,11534817,True,1,2,yearBuilt,4,+10yr,1954.0,1964.0
17,11417583,11534817,True,1,2,yearBuilt,5,+12yr,1954.0,1966.0
17,11417583,11534817,True,1,2,yearBuilt,6,+14yr,1954.0,1968.0
17,11417583,11534817,True,1,2,yearBuilt,7,+16yr,1954.0,1970.0
17,11417583,11534817,True,1,2,yearBuilt,8,+18yr,1954.0,1972.0
17,11417583,11534817,True,1,2,yearBuilt,9,+20yr,1954.0,1974.0
17,11417583,11534817,True,1,2,yearBuilt,10,+22yr,1954.0,1976.0
17,11417583,11534817,True,1,2,yearBuilt,11,+24yr,1954.0,1978.0
17,11417583,11534817,True,1,2,yearBuilt,12,+26yr,1954.0,1980.0
17,11417583,11534817,True,1,2,yearBuilt,13,+28yr,1954.0,1982.0
17,11417583,11534817,True,1,2,yearBuilt,14,+30yr,1954.0,1984.0
17,11417583,11534817,True,1,2,yearBuilt,15,+32yr,1954.0,1986.0
17,11417583,11534817,True,1,2,yearBuilt,16,+34yr,1954.0,1988.0
17,11417583,11534817,True,1,2,yearBuilt,17,+36yr,1954.0,1990.0
17,11417583,11534817,True,1,2,yearBuilt,18,+38yr,1954.0,1992.0
17,11417583,11534817,True,1,2,yearBuilt,19,+40yr,1954.0,1994.0
17,11417583,11534817,True,1,2,yearBuilt,20,+42yr,1954.0,1996.0
17,11417583,11534817,True,1,2,yearBuilt,21,+44yr,1954.0,1998.0
17,11417583,11534817,True,1,2,yearBuilt,22,+46yr,1954.0,2000.0
17,11417583,11534817,True,1,2,yearBuilt,23,+48yr,1954.0,2002.0
17,11417583,11534817,True,1,2,yearBuilt,24,+50yr,1954.0,2004.0
17,11417583,11534817,True,1,2,yearBuilt,25,+52yr,1954.0,2006.0
17,11417583,11534817,True,1,2,yearBuilt,26,+54yr,1954.0,2008.0
17,11417583,11534817,True,1,2,yearBuilt,27,+56yr,1954.0,2010.0
17,11417583,11534817,True,1,2,yearBuilt,28,+58yr,1954.0,2012.0
17,11417583,11534817,True,1,2,yearBuilt,29,+60yr,1954.0,2014.0
17,11417583,11534817,True,1,2,yearBuilt,30,+62yr,1954.0,2016.0
17,11417583,11534817,True,1,2,yearBuilt,31,+64yr,1954.0,2018.0
17,11417583,11534817,True,1,2,yearBuilt,32,+66yr,1954.0,2020.0
17,11417583,11534817,True,1,2,yearBuilt,33,+68yr,1954.0,2022.0
17,11417583,11534817,True,1,2,yearBuilt,34,+70yr,1954.0,2024.0
17,11417583,11534817,True,1,2,lot,0,+100sqft,6952.0,7052.0
17,11417583,11534817,True,1,2,lot,1,+200sqft,6952.0,7152.0
17,11417583,11534817,True,1,2,lot,2,+300sqft,6952.0,7252.0
17,11417583,11534817,True,1,2,lot,3,+400sqft,6952.0,7352.0
17,11417583,11534817,True,1,2,lot,4,+500sqft,6952.0,7452.0
17,11417583,11534817,True,1,2,lot,5,+600sqft,6952.0,7552.0
17,11417583,11534817,True,1,2,lot,6,+700sqft,6952.0,7652.0
17,11417583,11534817,True,1,2,lot,7,+800sqft,6952.0,7752.0
17,11417583,11534817,True,1,2,lot,8,+900sqft,6952.0,7852.0
17,11417583,11534817,True,1,2,lot,9,+1000sqft,6952.0,7952.0
17,11417583,11534817,True,1,2,lot,10,+1100sqft,6952.0,8052.0
17,11417583,11534817,True,1,2,lot,11,+1200sqft,6952.0,8152.0
17,11417583,11534817,True,1,2,lot,12,+1300sqft,6952.0,8252.0
17,11417583,11534817,True,1,2,lot,13,+1400sqft,6952.0,8352.0
17,11417583,11534817,True,1,2,lot,14,+1500sqft,6952.0,8452.0
17,11417583,11534817,True,1,2,lot,15,+1600sqft,6952.0,8552.0
17,11417583,11534817,True,1,2,lot,16,+1700sqft,6952.0,8652.0
17,11417583,11534817,True,1,2,lot,17,+1800sqft,6952.0,8752.0
17,11417583,11534817,True,1,2,lot,18,+1900sqft,6952.0,8852.0
17,11417583,11534817,True,1,2,lot,19,+2000sqft,6952.0,8952.0
17,11417583,11534817,True,1,2,lot,20,+2100sqft,6952.0,9052.0
17,11417583,11534817,True,1,2,lot,21,+2200sqft,6952.0,9152.0
17,11417583,11534817,True,1,2,lot,22,+2300sqft,6952.0,9252.0
17,11417583,11534817,True,1,2,lot,23,+2400sqft,6952.0,9352.0
17,11417583,11534817,True,1,2,lot,24,+2500sqft,6952.0,9452.0
17,11417583,11534817,True,1,2,lot,25,+2600sqft,6952.0,9552.0
17,11417583,11534817,True,1,2,lot,26,+2700sqft,6952.0,9652.0
17,11417583,11534817,True,1,2,lot,27,+2800sqft,6952.0,9752.0
17,11417583,11534817,True,1,2,lot,28,+2900sqft,6952.0,9852.0
17,11417583,11534817,True,1,2,lot,29,+3000sqft,6952.0,9952.0
17,11417583,11534817,True,1,2,lot,30,+3100sqft,6952.0,10052.0
17,11417583,11534817,True,1,2,lot,31,+3200sqft,6952.0,10152.0
17,11417583,11534817,True,1,2,lot,32,+3300sqft,6952.0,10252.0
17,11417583,11534817,True,1,2,lot,33,+3400sqft,6952.0,10352.0
17,11417583,11534817,True,1,2,lot,34,+3500sqft,6952.0,10452.0
17,11417583,11534817,True,1,2,lot,35,+3600sqft,6952.0,10552.0
17,11417583,11534817,True,1,2,lot,36,+3700sqft,6952.0,10652.0
17,11417583,11534817,True,1,2,lot,37,+3800sqft,6952.0,10752.0
17,11417583,11534817,True,1,2,lot,38,+3900sqft,6952.0,10852.0
17,11417583,11534817,True,1,2,lot,39,+4000sqft,6952.0,10952.0
17,11417583,11534817,True,1,2,lot,40,+4100sqft,6952.0,11052.0
17,11417583,11534817,True,1,2,lot,41,+4200sqft,6952.0,11152.0
17,11417583,11534817,True,1,2,lot,42,+4300sqft,6952.0,11252.0
17,11417583,11534817,True,1,2,lot,43,+4400sqft,6952.0,11352.0
17,11417583,11534817,True,1,2,lot,44,+4500sqft,6952.0,11452.0
17,11417583,11534817,True,1,2,lot,45,+4600sqft,6952.0,11552.0
17,11417583,11534817,True,1,2,lot,46,+4700sqft,6952.0,11652.0
17,11417583,11534817,True,1,2,lot,47,+4800sqft,6952.0,11752.0
17,11417583,11534817,True,1,2,lot,48,+4900sqft,6952.0,11852.0
17,11417583,11534817,True,1,2,lot,49,+5000sqft,6952.0,11952.0
18,11479109,11482811,True,1,2,bedrooms,0,+1,3.0,4.0
18,11479109,11482811,True,1,2,bedrooms,1,+2,3.0,5.0
18,11479109,11482811,True,1,2,bedrooms,2,+3,3.0,6.0
18,11479109,11482811,True,1,2,bedrooms,3,+4,3.0,7.0
18,11479109,11482811,True,1,2,bedrooms,4,+5,3.0,8.0
18,11479109,11482811,True,1,2,bedrooms,5,+6,3.0,9.0
18,11479109,11482811,True,1,2,bedrooms,6,+7,3.0,10.0
18,11479109,11482811,True,1,2,bathrooms,0,+1,1.0,2.0
18,11479109,11482811,True,1,2,bathrooms,1,+2,1.0,3.0
18,11479109,11482811,True,1,2,bathrooms,2,+3,1.0,4.0
18,11479109,11482811,True,1,2,bathrooms,3,+4,1.0,5.0
18,11479109,11482811,True,1,2,bathrooms,4,+5,1.0,6.0
18,11479109,11482811,True,1,2,bathrooms,5,+6,1.0,7.0
18,11479109,11482811,True,1,2,bathrooms,6,+7,1.0,8.0
18,11479109,11482811,True,1,2,bathrooms,7,+8,1.0,9.0
18,11479109,11482811,True,1,2,bathrooms,8,+9,1.0,10.0
18,11479109,11482811,True,1,2,yearBuilt,0,+2yr,1930.0,1932.0
18,11479109,11482811,True,1,2,yearBuilt,1,+4yr,1930.0,1934.0
18,11479109,11482811,True,1,2,yearBuilt,2,+6yr,1930.0,1936.0
18,11479109,11482811,True,1,2,yearBuilt,3,+8yr,1930.0,1938.0
18,11479109,11482811,True,1,2,yearBuilt,4,+10yr,1930.0,1940.0
18,11479109,11482811,True,1,2,yearBuilt,5,+12yr,1930.0,1942.0
18,11479109,11482811,True,1,2,yearBuilt,6,+14yr,1930.0,1944.0
18,11479109,11482811,True,1,2,yearBuilt,7,+16yr,1930.0,1946.0
18,11479109,11482811,True,1,2,yearBuilt,8,+18yr,1930.0,1948.0
18,11479109,11482811,True,1,2,yearBuilt,9,+20yr,1930.0,1950.0
18,11479109,11482811,True,1,2,yearBuilt,10,+22yr,1930.0,1952.0
18,11479109,11482811,True,1,2,yearBuilt,11,+24yr,1930.0,1954.0
18,11479109,11482811,True,1,2,yearBuilt,12,+26yr,1930.0,1956.0
18,11479109,11482811,True,1,2,yearBuilt,13,+28yr,1930.0,1958.0
18,11479109,11482811,True,1,2,yearBuilt,14,+30yr,1930.0,1960.0
18,11479109,11482811,True,1,2,yearBuilt,15,+32yr,1930.0,1962.0
18,11479109,11482811,True,1,2,yearBuilt,16,+34yr,1930.0,1964.0
18,11479109,11482811,True,1,2,yearBuilt,17,+36yr,1930.0,1966.0
18,11479109,11482811,True,1,2,yearBuilt,18,+38yr,1930.0,1968.0
18,11479109,11482811,True,1,2,yearBuilt,19,+40yr,1930.0,1970.0
18,11479109,11482811,True,1,2,yearBuilt,20,+42yr,1930.0,1972.0
18,11479109,11482811,True,1,2,yearBuilt,21,+44yr,1930.0,1974.0
18,11479109,11482811,True,1,2,yearBuilt,22,+46yr,1930.0,1976.0
18,11479109,11482811,True,1,2,yearBuilt,23,+48yr,1930.0,1978.0
18,11479109,11482811,True,1,2,yearBuilt,24,+50yr,1930.0,1980.0
18,11479109,11482811,True,1,2,yearBuilt,25,+52yr,1930.0,1982.0
18,11479109,11482811,True,1,2,yearBuilt,26,+54yr,1930.0,1984.0
18,11479109,11482811,True,1,2,yearBuilt,27,+56yr,1930.0,1986.0
18,11479109,11482811,True,1,2,yearBuilt,28,+58yr,1930.0,1988.0
18,11479109,11482811,True,1,2,yearBuilt,29,+60yr,1930.0,1990.0
18,11479109,11482811,True,1,2,yearBuilt,30,+62yr,1930.0,1992.0
18,11479109,11482811,True,1,2,yearBuilt,31,+64yr,1930.0,1994.0
18,11479109,11482811,True,1,2,yearBuilt,32,+66yr,1930.0,1996.0
18,11479109,11482811,True,1,2,yearBuilt,33,+68yr,1930.0,1998.0
18,11479109,11482811,True,1,2,yearBuilt,34,+70yr,1930.0,2000.0
18,11479109,11482811,True,1,2,yearBuilt,35,+72yr,1930.0,2002.0
18,11479109,11482811,True,1,2,yearBuilt,36,+74yr,1930.0,2004.0
18,11479109,11482811,True,1,2,yearBuilt,37,+76yr,1930.0,2006.0
18,11479109,11482811,True,1,2,yearBuilt,38,+78yr,1930.0,2008.0
18,11479109,11482811,True,1,2,yearBuilt,39,+80yr,1930.0,2010.0
18,11479109,11482811,True,1,2,yearBuilt,40,+82yr,1930.0,2012.0
18,11479109,11482811,True,1,2,yearBuilt,41,+84yr,1930.0,2014.0
18,11479109,11482811,True,1,2,yearBuilt,42,+86yr,1930.0,2016.0
18,11479109,11482811,True,1,2,yearBuilt,43,+88yr,1930.0,2018.0
18,11479109,11482811,True,1,2,yearBuilt,44,+90yr,1930.0,2020.0
18,11479109,11482811,True,1,2,yearBuilt,45,+92yr,1930.0,2022.0
18,11479109,11482811,True,1,2,yearBuilt,46,+94yr,1930.0,2024.0
18,11479109,11482811,True,1,2,lot,0,+100sqft,3402.0,3502.0
18,11479109,11482811,True,1,2,lot,1,+200sqft,3402.0,3602.0
18,11479109,11482811,True,1,2,lot,2,+300sqft,3402.0,3702.0
18,11479109,11482811,True,1,2,lot,3,+400sqft,3402.0,3802.0
18,11479109,11482811,True,1,2,lot,4,+500sqft,3402.0,3902.0
18,11479109,11482811,True,1,2,lot,5,+600sqft,3402.0,4002.0
18,11479109,11482811,True,1,2,lot,6,+700sqft,3402.0,4102.0
18,11479109,11482811,True,1,2,lot,7,+800sqft,3402.0,4202.0
18,11479109,11482811,True,1,2,lot,8,+900sqft,3402.0,4302.0
18,11479109,11482811,True,1,2,lot,9,+1000sqft,3402.0,4402.0
18,11479109,11482811,True,1,2,lot,10,+1100sqft,3402.0,4502.0
18,11479109,11482811,True,1,2,lot,11,+1200sqft,3402.0,4602.0
18,11479109,11482811,True,1,2,lot,12,+1300sqft,3402.0,4702.0
18,11479109,11482811,True,1,2,lot,13,+1400sqft,3402.0,4802.0
18,11479109,11482811,True,1,2,lot,14,+1500sqft,3402.0,4902.0
18,11479109,11482811,True,1,2,lot,15,+1600sqft,3402.0,5002.0
18,11479109,11482811,True,1,2,lot,16,+1700sqft,3402.0,5102.0
18,11479109,11482811,True,1,2,lot,17,+1800sqft,3402.0,5202.0
18,11479109,11482811,True,1,2,lot,18,+1900sqft,3402.0,5302.0
18,11479109,11482811,True,1,2,lot,19,+2000sqft,3402.0,5402.0
18,11479109,11482811,True,1,2,lot,20,+2100sqft,3402.0,5502.0
18,11479109,11482811,True,1,2,lot,21,+2200sqft,3402.0,5602.0
18,11479109,11482811,True,1,2,lot,22,+2300sqft,3402.0,5702.0
18,11479109,11482811,True,1,2,lot,23,+2400sqft,3402.0,5802.0
18,11479109,11482811,True,1,2,lot,24,+2500sqft,3402.0,5902.0
18,11479109,11482811,True,1,2,lot,25,+2600sqft,3402.0,6002.0
18,11479109,11482811,True,1,2,lot,26,+2700sqft,3402.0,6102.0
18,11479109,11482811,True,1,2,lot,27,+2800sqft,3402.0,6202.0
18,11479109,11482811,True,1,2,lot,28,+2900sqft,3402.0,6302.0
18,11479109,11482811,True,1,2,lot,29,+3000sqft,3402.0,6402.0
18,11479109,11482811,True,1,2,lot,30,+3100sqft,3402.0,6502.0
18,11479109,11482811,True,1,2,lot,31,+3200sqft,3402.0,6602.0
18,11479109,11482811,True,1,2,lot,32,+3300sqft,3402.0,6702.0
18,11479109,11482811,True,1,2,lot,33,+3400sqft,3402.0,6802.0
18,11479109,11482811,True,1,2,lot,34,+3500sqft,3402.0,6902.0
18,11479109,11482811,True,1,2,lot,35,+3600sqft,3402.0,7002.0
18,11479109,11482811,True,1,2,lot,36,+3700sqft,3402.0,7102.0
18,11479109,11482811,True,1,2,lot,37,+3800sqft,3402.0,7202.0
18,11479109,11482811,True,1,2,lot,38,+3900sqft,3402.0,7302.0
18,11479109,11482811,True,1,2,lot,39,+4000sqft,3402.0,7402.0
18,11479109,11482811,True,1,2,lot,40,+4100sqft,3402.0,7502.0
18,11479109,11482811,True,1,2,lot,41,+4200sqft,3402.0,7602.0
18,11479109,11482811,True,1,2,lot,42,+4300sqft,3402.0,7702.0
18,11479109,11482811,True,1,2,lot,43,+4400sqft,3402.0,7802.0
18,11479109,11482811,True,1,2,lot,44,+4500sqft,3402.0,7902.0
18,11479109,11482811,True,1,2,lot,45,+4600sqft,3402.0,8002.0
18,11479109,11482811,True,1,2,lot,46,+4700sqft,3402.0,8102.0
18,11479109,11482811,True,1,2,lot,47,+4800sqft,3402.0,8202.0
18,11479109,11482811,True,1,2,lot,48,+4900sqft,3402.0,8302.0
18,11479109,11482811,True,1,2,lot,49,+5000sqft,3402.0,8402.0
19,11314136,11361891,True,1,2,bedrooms,0,+1,4.0,5.0
19,11314136,11361891,True,1,2,bedrooms,1,+2,4.0,6.0
19,11314136,11361891,True,1,2,bedrooms,2,+3,4.0,7.0
19,11314136,11361891,True,1,2,bedrooms,3,+4,4.0,8.0
19,11314136,11361891,True,1,2,bedrooms,4,+5,4.0,9.0
19,11314136,11361891,True,1,2,bedrooms,5,+6,4.0,10.0
19,11314136,11361891,True,1,2,bathrooms,0,+1,2.0,3.0
19,11314136,11361891,True,1,2,bathrooms,1,+2,2.0,4.0
19,11314136,11361891,True,1,2,bathrooms,2,+3,2.0,5.0
19,11314136,11361891,True,1,2,bathrooms,3,+4,2.0,6.0
19,11314136,11361891,True,1,2,bathrooms,4,+5,2.0,7.0
19,11314136,11361891,True,1,2,bathrooms,5,+6,2.0,8.0
19,11314136,11361891,True,1,2,bathrooms,6,+7,2.0,9.0
19,11314136,11361891,True,1,2,bathrooms,7,+8,2.0,10.0
19,11314136,11361891,True,1,2,yearBuilt,0,+2yr,1946.0,1948.0
19,11314136,11361891,True,1,2,yearBuilt,1,+4yr,1946.0,1950.0
19,11314136,11361891,True,1,2,yearBuilt,2,+6yr,1946.0,1952.0
19,11314136,11361891,True,1,2,yearBuilt,3,+8yr,1946.0,1954.0
19,11314136,11361891,True,1,2,yearBuilt,4,+10yr,1946.0,1956.0
19,11314136,11361891,True,1,2,yearBuilt,5,+12yr,1946.0,1958.0
19,11314136,11361891,True,1,2,yearBuilt,6,+14yr,1946.0,1960.0
19,11314136,11361891,True,1,2,yearBuilt,7,+16yr,1946.0,1962.0
19,11314136,11361891,True,1,2,yearBuilt,8,+18yr,1946.0,1964.0
19,11314136,11361891,True,1,2,yearBuilt,9,+20yr,1946.0,1966.0
19,11314136,11361891,True,1,2,yearBuilt,10,+22yr,1946.0,1968.0
19,11314136,11361891,True,1,2,yearBuilt,11,+24yr,1946.0,1970.0
19,11314136,11361891,True,1,2,yearBuilt,12,+26yr,1946.0,1972.0
19,11314136,11361891,True,1,2,yearBuilt,13,+28yr,1946.0,1974.0
19,11314136,11361891,True,1,2,yearBuilt,14,+30yr,1946.0,1976.0
19,11314136,11361891,True,1,2,yearBuilt,15,+32yr,1946.0,1978.0
19,11314136,11361891,True,1,2,yearBuilt,16,+34yr,1946.0,1980.0
19,11314136,11361891,True,1,2,yearBuilt,17,+36yr,1946.0,1982.0
19,11314136,11361891,True,1,2,yearBuilt,18,+38yr,1946.0,1984.0
19,11314136,11361891,True,1,2,yearBuilt,19,+40yr,1946.0,1986.0
19,11314136,11361891,True,1,2,yearBuilt,20,+42yr,1946.0,1988.0
19,11314136,11361891,True,1,2,yearBuilt,21,+44yr,1946.0,1990.0
19,11314136,11361891,True,1,2,yearBuilt,22,+46yr,1946.0,1992.0
19,11314136,11361891,True,1,2,yearBuilt,23,+48yr,1946.0,1994.0
19,11314136,11361891,True,1,2,yearBuilt,24,+50yr,1946.0,1996.0
19,11314136,11361891,True,1,2,yearBuilt,25,+52yr,1946.0,1998.0
19,11314136,11361891,True,1,2,yearBuilt,26,+54yr,1946.0,2000.0
19,11314136,11361891,True,1,2,yearBuilt,27,+56yr,1946.0,2002.0
19,11314136,11361891,True,1,2,yearBuilt,28,+58yr,1946.0,2004.0
19,11314136,11361891,True,1,2,yearBuilt,29,+60yr,1946.0,2006.0
19,11314136,11361891,True,1,2,yearBuilt,30,+62yr,1946.0,2008.0
19,11314136,11361891,True,1,2,yearBuilt,31,+64yr,1946.0,2010.0
19,11314136,11361891,True,1,2,yearBuilt,32,+66yr,1946.0,2012.0
19,11314136,11361891,True,1,2,yearBuilt,33,+68yr,1946.0,2014.0
19,11314136,11361891,True,1,2,yearBuilt,34,+70yr,1946.0,2016.0
19,11314136,11361891,True,1,2,yearBuilt,35,+72yr,1946.0,2018.0
19,11314136,11361891,True,1,2,yearBuilt,36,+74yr,1946.0,2020.0
19,11314136,11361891,True,1,2,yearBuilt,37,+76yr,1946.0,2022.0
19,11314136,11361891,True,1,2,yearBuilt,38,+78yr,1946.0,2024.0
19,11314136,11361891,True,1,2,lot,0,+100sqft,5998.0,6098.0
19,11314136,11361891,True,1,2,lot,1,+200sqft,5998.0,6198.0
19,11314136,11361891,True,1,2,lot,2,+300sqft,5998.0,6298.0
19,11314136,11361891,True,1,2,lot,3,+400sqft,5998.0,6398.0
19,11314136,11361891,True,1,2,lot,4,+500sqft,5998.0,6498.0
19,11314136,11361891,True,1,2,lot,5,+600sqft,5998.0,6598.0
19,11314136,11361891,True,1,2,lot,6,+700sqft,5998.0,6698.0
19,11314136,11361891,True,1,2,lot,7,+800sqft,5998.0,6798.0
19,11314136,11361891,True,1,2,lot,8,+900sqft,5998.0,6898.0
19,11314136,11361891,True,1,2,lot,9,+1000sqft,5998.0,6998.0
19,11314136,11361891,True,1,2,lot,10,+1100sqft,5998.0,7098.0
19,11314136,11361891,True,1,2,lot,11,+1200sqft,5998.0,7198.0
19,11314136,11361891,True,1,2,lot,12,+1300sqft,5998.0,7298.0
19,11314136,11361891,True,1,2,lot,13,+1400sqft,5998.0,7398.0
19,11314136,11361891,True,1,2,lot,14,+1500sqft,5998.0,7498.0
19,11314136,11361891,True,1,2,lot,15,+1600sqft,5998.0,7598.0
19,11314136,11361891,True,1,2,lot,16,+1700sqft,5998.0,7698.0
19,11314136,11361891,True,1,2,lot,17,+1800sqft,5998.0,7798.0
19,11314136,11361891,True,1,2,lot,18,+1900sqft,5998.0,7898.0
19,11314136,11361891,True,1,2,lot,19,+2000sqft,5998.0,7998.0
19,11314136,11361891,True,1,2,lot,20,+2100sqft,5998.0,8098.0
19,11314136,11361891,True,1,2,lot,21,+2200sqft,5998.0,8198.0
19,11314136,11361891,True,1,2,lot,22,+2300sqft,5998.0,8298.0
19,11314136,11361891,True,1,2,lot,23,+2400sqft,5998.0,8398.0
19,11314136,11361891,True,1,2,lot,24,+2500sqft,5998.0,8498.0
19,11314136,11361891,True,1,2,lot,25,+2600sqft,5998.0,8598.0
19,11314136,11361891,True,1,2,lot,26,+2700sqft,5998.0,8698.0
19,11314136,11361891,True,1,2,lot,27,+2800sqft,5998.0,8798.0
19,11314136,11361891,True,1,2,lot,28,+2900sqft,5998.0,8898.0
19,11314136,11361891,True,1,2,lot,29,+3000sqft,5998.0,8998.0
19,11314136,11361891,True,1,2,lot,30,+3100sqft,5998.0,9098.0
19,11314136,11361891,True,1,2,lot,31,+3200sqft,5998.0,9198.0
19,11314136,11361891,True,1,2,lot,32,+3300sqft,5998.0,9298.0
19,11314136,11361891,True,1,2,lot,33,+3400sqft,5998.0,9398.0
19,11314136,11361891,True,1,2,lot,34,+3500sqft,5998.0,9498.0
19,11314136,11361891,True,1,2,lot,35,+3600sqft,5998.0,9598.0
19,11314136,11361891,True,1,2,lot,36,+3700sqft,5998.0,9698.0
19,11314136,11361891,True,1,2,lot,37,+3800sqft,5998.0,9798.0
19,11314136,11361891,True,1,2,lot,38,+3900sqft,5998.0,9898.0
19,11314136,11361891,True,1,2,lot,39,+4000sqft,5998.0,9998.0
19,11314136,11361891,True,1,2,lot,40,+4100sqft,5998.0,10098.0
19,11314136,11361891,True,1,2,lot,41,+4200sqft,5998.0,10198.0
19,11314136,11361891,True,1,2,lot,42,+4300sqft,5998.0,10298.0
19,11314136,11361891,True,1,2,lot,43,+4400sqft,5998.0,10398.0
19,11314136,11361891,True,1,2,lot,44,+4500sqft,5998.0,10498.0
19,11314136,11361891,True,1,2,lot,45,+4600sqft,5998.0,10598.0
19,11314136,11361891,True,1,2,lot,46,+4700sqft,5998.0,10698.0
19,11314136,11361891,True,1,2,lot,47,+4800sqft,5998.0,10798.0
19,11314136,11361891,True,1,2,lot,48,+4900sqft,5998.0,10898.0
19,11314136,11361891,True,1,2,lot,49,+5000sqft,5998.0,10998.0
20,59132443,59135218,True,2,1,bedrooms,0,+1,4.0,5.0
20,59132443,59135218,True,2,1,bedrooms,1,+2,4.0,6.0
20,59132443,59135218,True,2,1,bedrooms,2,+3,4.0,7.0
20,59132443,59135218,True,2,1,bedrooms,3,+4,4.0,8.0
20,59132443,59135218,True,2,1,bedrooms,4,+5,4.0,9.0
20,59132443,59135218,True,2,1,bedrooms,5,+6,4.0,10.0
20,59132443,59135218,True,2,1,bathrooms,0,+1,2.0,3.0
20,59132443,59135218,True,2,1,bathrooms,1,+2,2.0,4.0
20,59132443,59135218,True,2,1,bathrooms,2,+3,2.0,5.0
20,59132443,59135218,True,2,1,bathrooms,3,+4,2.0,6.0
20,59132443,59135218,True,2,1,bathrooms,4,+5,2.0,7.0
20,59132443,59135218,True,2,1,bathrooms,5,+6,2.0,8.0
20,59132443,59135218,True,2,1,bathrooms,6,+7,2.0,9.0
20,59132443,59135218,True,2,1,bathrooms,7,+8,2.0,10.0
20,59132443,59135218,True,2,1,yearBuilt,0,+2yr,1925.0,1927.0
20,59132443,59135218,True,2,1,yearBuilt,1,+4yr,1925.0,1929.0
20,59132443,59135218,True,2,1,yearBuilt,2,+6yr,1925.0,1931.0
20,59132443,59135218,True,2,1,yearBuilt,3,+8yr,1925.0,1933.0
20,59132443,59135218,True,2,1,yearBuilt,4,+10yr,1925.0,1935.0
20,59132443,59135218,True,2,1,yearBuilt,5,+12yr,1925.0,1937.0
20,59132443,59135218,True,2,1,yearBuilt,6,+14yr,1925.0,1939.0
20,59132443,59135218,True,2,1,yearBuilt,7,+16yr,1925.0,1941.0
20,59132443,59135218,True,2,1,yearBuilt,8,+18yr,1925.0,1943.0
20,59132443,59135218,True,2,1,yearBuilt,9,+20yr,1925.0,1945.0
20,59132443,59135218,True,2,1,yearBuilt,10,+22yr,1925.0,1947.0
20,59132443,59135218,True,2,1,yearBuilt,11,+24yr,1925.0,1949.0
20,59132443,59135218,True,2,1,yearBuilt,12,+26yr,1925.0,1951.0
20,59132443,59135218,True,2,1,yearBuilt,13,+28yr,1925.0,1953.0
20,59132443,59135218,True,2,1,yearBuilt,14,+30yr,1925.0,1955.0
20,59132443,59135218,True,2,1,yearBuilt,15,+32yr,1925.0,1957.0
20,59132443,59135218,True,2,1,yearBuilt,16,+34yr,1925.0,1959.0
20,59132443,59135218,True,2,1,yearBuilt,17,+36yr,1925.0,1961.0
20,59132443,59135218,True,2,1,yearBuilt,18,+38yr,1925.0,1963.0
20,59132443,59135218,True,2,1,yearBuilt,19,+40yr,1925.0,1965.0
20,59132443,59135218,True,2,1,yearBuilt,20,+42yr,1925.0,1967.0
20,59132443,59135218,True,2,1,yearBuilt,21,+44yr,1925.0,1969.0
20,59132443,59135218,True,2,1,yearBuilt,22,+46yr,1925.0,1971.0
20,59132443,59135218,True,2,1,yearBuilt,23,+48yr,1925.0,1973.0
20,59132443,59135218,True,2,1,yearBuilt,24,+50yr,1925.0,1975.0
20,59132443,59135218,True,2,1,yearBuilt,25,+52yr,1925.0,1977.0
20,59132443,59135218,True,2,1,yearBuilt,26,+54yr,1925.0,1979.0
20,59132443,59135218,True,2,1,yearBuilt,27,+56yr,1925.0,1981.0
20,59132443,59135218,True,2,1,yearBuilt,28,+58yr,1925.0,1983.0
20,59132443,59135218,True,2,1,yearBuilt,29,+60yr,1925.0,1985.0
20,59132443,59135218,True,2,1,yearBuilt,30,+62yr,1925.0,1987.0
20,59132443,59135218,True,2,1,yearBuilt,31,+64yr,1925.0,1989.0
20,59132443,59135218,True,2,1,yearBuilt,32,+66yr,1925.0,1991.0
20,59132443,59135218,True,2,1,yearBuilt,33,+68yr,1925.0,1993.0
20,59132443,59135218,True,2,1,yearBuilt,34,+70yr,1925.0,1995.0
20,59132443,59135218,True,2,1,yearBuilt,35,+72yr,1925.0,1997.0
20,59132443,59135218,True,2,1,yearBuilt,36,+74yr,1925.0,1999.0
20,59132443,59135218,True,2,1,yearBuilt,37,+76yr,1925.0,2001.0
20,59132443,59135218,True,2,1,yearBuilt,38,+78yr,1925.0,2003.0
20,59132443,59135218,True,2,1,yearBuilt,39,+80yr,1925.0,2005.0
20,59132443,59135218,True,2,1,yearBuilt,40,+82yr,1925.0,2007.0
20,59132443,59135218,True,2,1,yearBuilt,41,+84yr,1925.0,2009.0
20,59132443,59135218,True,2,1,yearBuilt,42,+86yr,1925.0,2011.0
20,59132443,59135218,True,2,1,yearBuilt,43,+88yr,1925.0,2013.0
20,59132443,59135218,True,2,1,yearBuilt,44,+90yr,1925.0,2015.0
20,59132443,59135218,True,2,1,yearBuilt,45,+92yr,1925.0,2017.0
20,59132443,59135218,True,2,1,yearBuilt,46,+94yr,1925.0,2019.0
20,59132443,59135218,True,2,1,lot,0,+100sqft,3920.0,4020.0
20,59132443,59135218,True,2,1,lot,1,+200sqft,3920.0,4120.0
20,59132443,59135218,True,2,1,lot,2,+300sqft,3920.0,4220.0
20,59132443,59135218,True,2,1,lot,3,+400sqft,3920.0,4320.0
20,59132443,59135218,True,2,1,lot,4,+500sqft,3920.0,4420.0
20,59132443,59135218,True,2,1,lot,5,+600sqft,3920.0,4520.0
20,59132443,59135218,True,2,1,lot,6,+700sqft,3920.0,4620.0
20,59132443,59135218,True,2,1,lot,7,+800sqft,3920.0,4720.0
20,59132443,59135218,True,2,1,lot,8,+900sqft,3920.0,4820.0
20,59132443,59135218,True,2,1,lot,9,+1000sqft,3920.0,4920.0
20,59132443,59135218,True,2,1,lot,10,+1100sqft,3920.0,5020.0
20,59132443,59135218,True,2,1,lot,11,+1200sqft,3920.0,5120.0
20,59132443,59135218,True,2,1,lot,12,+1300sqft,3920.0,5220.0
20,59132443,59135218,True,2,1,lot,13,+1400sqft,3920.0,5320.0
20,59132443,59135218,True,2,1,lot,14,+1500sqft,3920.0,5420.0
20,59132443,59135218,True,2,1,lot,15,+1600sqft,3920.0,5520.0
20,59132443,59135218,True,2,1,lot,16,+1700sqft,3920.0,5620.0
20,59132443,59135218,True,2,1,lot,17,+1800sqft,3920.0,5720.0
20,59132443,59135218,True,2,1,lot,18,+1900sqft,3920.0,5820.0
20,59132443,59135218,True,2,1,lot,19,+2000sqft,3920.0,5920.0
20,59132443,59135218,True,2,1,lot,20,+2100sqft,3920.0,6020.0
20,59132443,59135218,True,2,1,lot,21,+2200sqft,3920.0,6120.0
20,59132443,59135218,True,2,1,lot,22,+2300sqft,3920.0,6220.0
20,59132443,59135218,True,2,1,lot,23,+2400sqft,3920.0,6320.0
20,59132443,59135218,True,2,1,lot,24,+2500sqft,3920.0,6420.0
20,59132443,59135218,True,2,1,lot,25,+2600sqft,3920.0,6520.0
20,59132443,59135218,True,2,1,lot,26,+2700sqft,3920.0,6620.0
20,59132443,59135218,True,2,1,lot,27,+2800sqft,3920.0,6720.0
20,59132443,59135218,True,2,1,lot,28,+2900sqft,3920.0,6820.0
20,59132443,59135218,True,2,1,lot,29,+3000sqft,3920.0,6920.0
20,59132443,59135218,True,2,1,lot,30,+3100sqft,3920.0,7020.0
20,59132443,59135218,True,2,1,lot,31,+3200sqft,3920.0,7120.0
20,59132443,59135218,True,2,1,lot,32,+3300sqft,3920.0,7220.0
20,59132443,59135218,True,2,1,lot,33,+3400sqft,3920.0,7320.0
20,59132443,59135218,True,2,1,lot,34,+3500sqft,3920.0,7420.0
20,59132443,59135218,True,2,1,lot,35,+3600sqft,3920.0,7520.0
20,59132443,59135218,True,2,1,lot,36,+3700sqft,3920.0,7620.0
20,59132443,59135218,True,2,1,lot,37,+3800sqft,3920.0,7720.0
20,59132443,59135218,True,2,1,lot,38,+3900sqft,3920.0,7820.0
20,59132443,59135218,True,2,1,lot,39,+4000sqft,3920.0,7920.0
20,59132443,59135218,True,2,1,lot,40,+4100sqft,3920.0,8020.0
20,59132443,59135218,True,2,1,lot,41,+4200sqft,3920.0,8120.0
20,59132443,59135218,True,2,1,lot,42,+4300sqft,3920.0,8220.0
20,59132443,59135218,True,2,1,lot,43,+4400sqft,3920.0,8320.0
20,59132443,59135218,True,2,1,lot,44,+4500sqft,3920.0,8420.0
20,59132443,59135218,True,2,1,lot,45,+4600sqft,3920.0,8520.0
20,59132443,59135218,True,2,1,lot,46,+4700sqft,3920.0,8620.0
20,59132443,59135218,True,2,1,lot,47,+4800sqft,3920.0,8720.0
20,59132443,59135218,True,2,1,lot,48,+4900sqft,3920.0,8820.0
20,59132443,59135218,True,2,1,lot,49,+5000sqft,3920.0,8920.0
21,11406854,11440770,True,1,2,bedrooms,0,+1,3.0,4.0
21,11406854,11440770,True,1,2,bedrooms,1,+2,3.0,5.0
21,11406854,11440770,True,1,2,bedrooms,2,+3,3.0,6.0
21,11406854,11440770,True,1,2,bedrooms,3,+4,3.0,7.0
21,11406854,11440770,True,1,2,bedrooms,4,+5,3.0,8.0
21,11406854,11440770,True,1,2,bedrooms,5,+6,3.0,9.0
21,11406854,11440770,True,1,2,bedrooms,6,+7,3.0,10.0
21,11406854,11440770,True,1,2,bathrooms,0,+1,2.0,3.0
21,11406854,11440770,True,1,2,bathrooms,1,+2,2.0,4.0
21,11406854,11440770,True,1,2,bathrooms,2,+3,2.0,5.0
21,11406854,11440770,True,1,2,bathrooms,3,+4,2.0,6.0
21,11406854,11440770,True,1,2,bathrooms,4,+5,2.0,7.0
21,11406854,11440770,True,1,2,bathrooms,5,+6,2.0,8.0
21,11406854,11440770,True,1,2,bathrooms,6,+7,2.0,9.0
21,11406854,11440770,True,1,2,bathrooms,7,+8,2.0,10.0
21,11406854,11440770,True,1,2,yearBuilt,0,+2yr,1940.0,1942.0
21,11406854,11440770,True,1,2,yearBuilt,1,+4yr,1940.0,1944.0
21,11406854,11440770,True,1,2,yearBuilt,2,+6yr,1940.0,1946.0
21,11406854,11440770,True,1,2,yearBuilt,3,+8yr,1940.0,1948.0
21,11406854,11440770,True,1,2,yearBuilt,4,+10yr,1940.0,1950.0
21,11406854,11440770,True,1,2,yearBuilt,5,+12yr,1940.0,1952.0
21,11406854,11440770,True,1,2,yearBuilt,6,+14yr,1940.0,1954.0
21,11406854,11440770,True,1,2,yearBuilt,7,+16yr,1940.0,1956.0
21,11406854,11440770,True,1,2,yearBuilt,8,+18yr,1940.0,1958.0
21,11406854,11440770,True,1,2,yearBuilt,9,+20yr,1940.0,1960.0
21,11406854,11440770,True,1,2,yearBuilt,10,+22yr,1940.0,1962.0
21,11406854,11440770,True,1,2,yearBuilt,11,+24yr,1940.0,1964.0
21,11406854,11440770,True,1,2,yearBuilt,12,+26yr,1940.0,1966.0
21,11406854,11440770,True,1,2,yearBuilt,13,+28yr,1940.0,1968.0
21,11406854,11440770,True,1,2,yearBuilt,14,+30yr,1940.0,1970.0
21,11406854,11440770,True,1,2,yearBuilt,15,+32yr,1940.0,1972.0
21,11406854,11440770,True,1,2,yearBuilt,16,+34yr,1940.0,1974.0
21,11406854,11440770,True,1,2,yearBuilt,17,+36yr,1940.0,1976.0
21,11406854,11440770,True,1,2,yearBuilt,18,+38yr,1940.0,1978.0
21,11406854,11440770,True,1,2,yearBuilt,19,+40yr,1940.0,1980.0
21,11406854,11440770,True,1,2,yearBuilt,20,+42yr,1940.0,1982.0
21,11406854,11440770,True,1,2,yearBuilt,21,+44yr,1940.0,1984.0
21,11406854,11440770,True,1,2,yearBuilt,22,+46yr,1940.0,1986.0
21,11406854,11440770,True,1,2,yearBuilt,23,+48yr,1940.0,1988.0
21,11406854,11440770,True,1,2,yearBuilt,24,+50yr,1940.0,1990.0
21,11406854,11440770,True,1,2,yearBuilt,25,+52yr,1940.0,1992.0
21,11406854,11440770,True,1,2,yearBuilt,26,+54yr,1940.0,1994.0
21,11406854,11440770,True,1,2,yearBuilt,27,+56yr,1940.0,1996.0
21,11406854,11440770,True,1,2,yearBuilt,28,+58yr,1940.0,1998.0
21,11406854,11440770,True,1,2,yearBuilt,29,+60yr,1940.0,2000.0
21,11406854,11440770,True,1,2,yearBuilt,30,+62yr,1940.0,2002.0
21,11406854,11440770,True,1,2,yearBuilt,31,+64yr,1940.0,2004.0
21,11406854,11440770,True,1,2,yearBuilt,32,+66yr,1940.0,2006.0
21,11406854,11440770,True,1,2,yearBuilt,33,+68yr,1940.0,2008.0
21,11406854,11440770,True,1,2,yearBuilt,34,+70yr,1940.0,2010.0
21,11406854,11440770,True,1,2,yearBuilt,35,+72yr,1940.0,2012.0
21,11406854,11440770,True,1,2,yearBuilt,36,+74yr,1940.0,2014.0
21,11406854,11440770,True,1,2,yearBuilt,37,+76yr,1940.0,2016.0
21,11406854,11440770,True,1,2,yearBuilt,38,+78yr,1940.0,2018.0
21,11406854,11440770,True,1,2,yearBuilt,39,+80yr,1940.0,2020.0
21,11406854,11440770,True,1,2,yearBuilt,40,+82yr,1940.0,2022.0
21,11406854,11440770,True,1,2,yearBuilt,41,+84yr,1940.0,2024.0
21,11406854,11440770,True,1,2,lot,0,+100sqft,5998.0,6098.0
21,11406854,11440770,True,1,2,lot,1,+200sqft,5998.0,6198.0
21,11406854,11440770,True,1,2,lot,2,+300sqft,5998.0,6298.0
21,11406854,11440770,True,1,2,lot,3,+400sqft,5998.0,6398.0
21,11406854,11440770,True,1,2,lot,4,+500sqft,5998.0,6498.0
21,11406854,11440770,True,1,2,lot,5,+600sqft,5998.0,6598.0
21,11406854,11440770,True,1,2,lot,6,+700sqft,5998.0,6698.0
21,11406854,11440770,True,1,2,lot,7,+800sqft,5998.0,6798.0
21,11406854,11440770,True,1,2,lot,8,+900sqft,5998.0,6898.0
21,11406854,11440770,True,1,2,lot,9,+1000sqft,5998.0,6998.0
21,11406854,11440770,True,1,2,lot,10,+1100sqft,5998.0,7098.0
21,11406854,11440770,True,1,2,lot,11,+1200sqft,5998.0,7198.0
21,11406854,11440770,True,1,2,lot,12,+1300sqft,5998.0,7298.0
21,11406854,11440770,True,1,2,lot,13,+1400sqft,5998.0,7398.0
21,11406854,11440770,True,1,2,lot,14,+1500sqft,5998.0,7498.0
21,11406854,11440770,True,1,2,lot,15,+1600sqft,5998.0,7598.0
21,11406854,11440770,True,1,2,lot,16,+1700sqft,5998.0,7698.0
21,11406854,11440770,True,1,2,lot,17,+1800sqft,5998.0,7798.0
21,11406854,11440770,True,1,2,lot,18,+1900sqft,5998.0,7898.0
21,11406854,11440770,True,1,2,lot,19,+2000sqft,5998.0,7998.0
21,11406854,11440770,True,1,2,lot,20,+2100sqft,5998.0,8098.0
21,11406854,11440770,True,1,2,lot,21,+2200sqft,5998.0,8198.0
21,11406854,11440770,True,1,2,lot,22,+2300sqft,5998.0,8298.0
21,11406854,11440770,True,1,2,lot,23,+2400sqft,5998.0,8398.0
21,11406854,11440770,True,1,2,lot,24,+2500sqft,5998.0,8498.0
21,11406854,11440770,True,1,2,lot,25,+2600sqft,5998.0,8598.0
21,11406854,11440770,True,1,2,lot,26,+2700sqft,5998.0,8698.0
21,11406854,11440770,True,1,2,lot,27,+2800sqft,5998.0,8798.0
21,11406854,11440770,True,1,2,lot,28,+2900sqft,5998.0,8898.0
21,11406854,11440770,True,1,2,lot,29,+3000sqft,5998.0,8998.0
21,11406854,11440770,True,1,2,lot,30,+3100sqft,5998.0,9098.0
21,11406854,11440770,True,1,2,lot,31,+3200sqft,5998.0,9198.0
21,11406854,11440770,True,1,2,lot,32,+3300sqft,5998.0,9298.0
21,11406854,11440770,True,1,2,lot,33,+3400sqft,5998.0,9398.0
21,11406854,11440770,True,1,2,lot,34,+3500sqft,5998.0,9498.0
21,11406854,11440770,True,1,2,lot,35,+3600sqft,5998.0,9598.0
21,11406854,11440770,True,1,2,lot,36,+3700sqft,5998.0,9698.0
21,11406854,11440770,True,1,2,lot,37,+3800sqft,5998.0,9798.0
21,11406854,11440770,True,1,2,lot,38,+3900sqft,5998.0,9898.0
21,11406854,11440770,True,1,2,lot,39,+4000sqft,5998.0,9998.0
21,11406854,11440770,True,1,2,lot,40,+4100sqft,5998.0,10098.0
21,11406854,11440770,True,1,2,lot,41,+4200sqft,5998.0,10198.0
21,11406854,11440770,True,1,2,lot,42,+4300sqft,5998.0,10298.0
21,11406854,11440770,True,1,2,lot,43,+4400sqft,5998.0,10398.0
21,11406854,11440770,True,1,2,lot,44,+4500sqft,5998.0,10498.0
21,11406854,11440770,True,1,2,lot,45,+4600sqft,5998.0,10598.0
21,11406854,11440770,True,1,2,lot,46,+4700sqft,5998.0,10698.0
21,11406854,11440770,True,1,2,lot,47,+4800sqft,5998.0,10798.0
21,11406854,11440770,True,1,2,lot,48,+4900sqft,5998.0,10898.0
21,11406854,11440770,True,1,2,lot,49,+5000sqft,5998.0,10998.0
22,11524047,164305284,True,1,2,bedrooms,0,+1,3.0,4.0
22,11524047,164305284,True,1,2,bedrooms,1,+2,3.0,5.0
22,11524047,164305284,True,1,2,bedrooms,2,+3,3.0,6.0
22,11524047,164305284,True,1,2,bedrooms,3,+4,3.0,7.0
22,11524047,164305284,True,1,2,bedrooms,4,+5,3.0,8.0
22,11524047,164305284,True,1,2,bedrooms,5,+6,3.0,9.0
22,11524047,164305284,True,1,2,bedrooms,6,+7,3.0,10.0
22,11524047,164305284,True,1,2,bathrooms,0,+1,3.0,4.0
22,11524047,164305284,True,1,2,bathrooms,1,+2,3.0,5.0
22,11524047,164305284,True,1,2,bathrooms,2,+3,3.0,6.0
22,11524047,164305284,True,1,2,bathrooms,3,+4,3.0,7.0
22,11524047,164305284,True,1,2,bathrooms,4,+5,3.0,8.0
22,11524047,164305284,True,1,2,bathrooms,5,+6,3.0,9.0
22,11524047,164305284,True,1,2,bathrooms,6,+7,3.0,10.0
22,11524047,164305284,True,1,2,yearBuilt,0,+2yr,2015.0,2017.0
22,11524047,164305284,True,1,2,yearBuilt,1,+4yr,2015.0,2019.0
22,11524047,164305284,True,1,2,yearBuilt,2,+6yr,2015.0,2021.0
22,11524047,164305284,True,1,2,yearBuilt,3,+8yr,2015.0,2023.0
22,11524047,164305284,True,1,2,yearBuilt,4,+10yr,2015.0,2025.0
22,11524047,164305284,True,1,2,lot,0,+100sqft,3236.0,3336.0
22,11524047,164305284,True,1,2,lot,1,+200sqft,3236.0,3436.0
22,11524047,164305284,True,1,2,lot,2,+300sqft,3236.0,3536.0
22,11524047,164305284,True,1,2,lot,3,+400sqft,3236.0,3636.0
22,11524047,164305284,True,1,2,lot,4,+500sqft,3236.0,3736.0
22,11524047,164305284,True,1,2,lot,5,+600sqft,3236.0,3836.0
22,11524047,164305284,True,1,2,lot,6,+700sqft,3236.0,3936.0
22,11524047,164305284,True,1,2,lot,7,+800sqft,3236.0,4036.0
22,11524047,164305284,True,1,2,lot,8,+900sqft,3236.0,4136.0
22,11524047,164305284,True,1,2,lot,9,+1000sqft,3236.0,4236.0
22,11524047,164305284,True,1,2,lot,10,+1100sqft,3236.0,4336.0
22,11524047,164305284,True,1,2,lot,11,+1200sqft,3236.0,4436.0
22,11524047,164305284,True,1,2,lot,12,+1300sqft,3236.0,4536.0
22,11524047,164305284,True,1,2,lot,13,+1400sqft,3236.0,4636.0
22,11524047,164305284,True,1,2,lot,14,+1500sqft,3236.0,4736.0
22,11524047,164305284,True,1,2,lot,15,+1600sqft,3236.0,4836.0
22,11524047,164305284,True,1,2,lot,16,+1700sqft,3236.0,4936.0
22,11524047,164305284,True,1,2,lot,17,+1800sqft,3236.0,5036.0
22,11524047,164305284,True,1,2,lot,18,+1900sqft,3236.0,5136.0
22,11524047,164305284,True,1,2,lot,19,+2000sqft,3236.0,5236.0
22,11524047,164305284,True,1,2,lot,20,+2100sqft,3236.0,5336.0
22,11524047,164305284,True,1,2,lot,21,+2200sqft,3236.0,5436.0
22,11524047,164305284,True,1,2,lot,22,+2300sqft,3236.0,5536.0
22,11524047,164305284,True,1,2,lot,23,+2400sqft,3236.0,5636.0
22,11524047,164305284,True,1,2,lot,24,+2500sqft,3236.0,5736.0
22,11524047,164305284,True,1,2,lot,25,+2600sqft,3236.0,5836.0
22,11524047,164305284,True,1,2,lot,26,+2700sqft,3236.0,5936.0
22,11524047,164305284,True,1,2,lot,27,+2800sqft,3236.0,6036.0
22,11524047,164305284,True,1,2,lot,28,+2900sqft,3236.0,6136.0
22,11524047,164305284,True,1,2,lot,29,+3000sqft,3236.0,6236.0
22,11524047,164305284,True,1,2,lot,30,+3100sqft,3236.0,6336.0
22,11524047,164305284,True,1,2,lot,31,+3200sqft,3236.0,6436.0
22,11524047,164305284,True,1,2,lot,32,+3300sqft,3236.0,6536.0
22,11524047,164305284,True,1,2,lot,33,+3400sqft,3236.0,6636.0
22,11524047,164305284,True,1,2,lot,34,+3500sqft,3236.0,6736.0
22,11524047,164305284,True,1,2,lot,35,+3600sqft,3236.0,6836.0
22,11524047,164305284,True,1,2,lot,36,+3700sqft,3236.0,6936.0
22,11524047,164305284,True,1,2,lot,37,+3800sqft,3236.0,7036.0
22,11524047,164305284,True,1,2,lot,38,+3900sqft,3236.0,7136.0
22,11524047,164305284,True,1,2,lot,39,+4000sqft,3236.0,7236.0
22,11524047,164305284,True,1,2,lot,40,+4100sqft,3236.0,7336.0
22,11524047,164305284,True,1,2,lot,41,+4200sqft,3236.0,7436.0
22,11524047,164305284,True,1,2,lot,42,+4300sqft,3236.0,7536.0
22,11524047,164305284,True,1,2,lot,43,+4400sqft,3236.0,7636.0
22,11524047,164305284,True,1,2,lot,44,+4500sqft,3236.0,7736.0
22,11524047,164305284,True,1,2,lot,45,+4600sqft,3236.0,7836.0
22,11524047,164305284,True,1,2,lot,46,+4700sqft,3236.0,7936.0
22,11524047,164305284,True,1,2,lot,47,+4800sqft,3236.0,8036.0
22,11524047,164305284,True,1,2,lot,48,+4900sqft,3236.0,8136.0
22,11524047,164305284,True,1,2,lot,49,+5000sqft,3236.0,8236.0
23,11355827,11453469,True,2,1,bedrooms,0,+1,3.0,4.0
23,11355827,11453469,True,2,1,bedrooms,1,+2,3.0,5.0
23,11355827,11453469,True,2,1,bedrooms,2,+3,3.0,6.0
23,11355827,11453469,True,2,1,bedrooms,3,+4,3.0,7.0
23,11355827,11453469,True,2,1,bedrooms,4,+5,3.0,8.0
23,11355827,11453469,True,2,1,bedrooms,5,+6,3.0,9.0
23,11355827,11453469,True,2,1,bedrooms,6,+7,3.0,10.0
23,11355827,11453469,True,2,1,bathrooms,0,+1,2.0,3.0
23,11355827,11453469,True,2,1,bathrooms,1,+2,2.0,4.0
23,11355827,11453469,True,2,1,bathrooms,2,+3,2.0,5.0
23,11355827,11453469,True,2,1,bathrooms,3,+4,2.0,6.0
23,11355827,11453469,True,2,1,bathrooms,4,+5,2.0,7.0
23,11355827,11453469,True,2,1,bathrooms,5,+6,2.0,8.0
23,11355827,11453469,True,2,1,bathrooms,6,+7,2.0,9.0
23,11355827,11453469,True,2,1,bathrooms,7,+8,2.0,10.0
23,11355827,11453469,True,2,1,yearBuilt,0,+2yr,1950.0,1952.0
23,11355827,11453469,True,2,1,yearBuilt,1,+4yr,1950.0,1954.0
23,11355827,11453469,True,2,1,yearBuilt,2,+6yr,1950.0,1956.0
23,11355827,11453469,True,2,1,yearBuilt,3,+8yr,1950.0,1958.0
23,11355827,11453469,True,2,1,yearBuilt,4,+10yr,1950.0,1960.0
23,11355827,11453469,True,2,1,yearBuilt,5,+12yr,1950.0,1962.0
23,11355827,11453469,True,2,1,yearBuilt,6,+14yr,1950.0,1964.0
23,11355827,11453469,True,2,1,yearBuilt,7,+16yr,1950.0,1966.0
23,11355827,11453469,True,2,1,yearBuilt,8,+18yr,1950.0,1968.0
23,11355827,11453469,True,2,1,yearBuilt,9,+20yr,1950.0,1970.0
23,11355827,11453469,True,2,1,yearBuilt,10,+22yr,1950.0,1972.0
23,11355827,11453469,True,2,1,yearBuilt,11,+24yr,1950.0,1974.0
23,11355827,11453469,True,2,1,yearBuilt,12,+26yr,1950.0,1976.0
23,11355827,11453469,True,2,1,yearBuilt,13,+28yr,1950.0,1978.0
23,11355827,11453469,True,2,1,yearBuilt,14,+30yr,1950.0,1980.0
23,11355827,11453469,True,2,1,yearBuilt,15,+32yr,1950.0,1982.0
23,11355827,11453469,True,2,1,yearBuilt,16,+34yr,1950.0,1984.0
23,11355827,11453469,True,2,1,yearBuilt,17,+36yr,1950.0,1986.0
23,11355827,11453469,True,2,1,yearBuilt,18,+38yr,1950.0,1988.0
23,11355827,11453469,True,2,1,yearBuilt,19,+40yr,1950.0,1990.0
23,11355827,11453469,True,2,1,yearBuilt,20,+42yr,1950.0,1992.0
23,11355827,11453469,True,2,1,yearBuilt,21,+44yr,1950.0,1994.0
23,11355827,11453469,True,2,1,yearBuilt,22,+46yr,1950.0,1996.0
23,11355827,11453469,True,2,1,yearBuilt,23,+48yr,1950.0,1998.0
23,11355827,11453469,True,2,1,yearBuilt,24,+50yr,1950.0,2000.0
23,11355827,11453469,True,2,1,yearBuilt,25,+52yr,1950.0,2002.0
23,11355827,11453469,True,2,1,yearBuilt,26,+54yr,1950.0,2004.0
23,11355827,11453469,True,2,1,yearBuilt,27,+56yr,1950.0,2006.0
23,11355827,11453469,True,2,1,yearBuilt,28,+58yr,1950.0,2008.0
23,11355827,11453469,True,2,1,yearBuilt,29,+60yr,1950.0,2010.0
23,11355827,11453469,True,2,1,yearBuilt,30,+62yr,1950.0,2012.0
23,11355827,11453469,True,2,1,yearBuilt,31,+64yr,1950.0,2014.0
23,11355827,11453469,True,2,1,yearBuilt,32,+66yr,1950.0,2016.0
23,11355827,11453469,True,2,1,yearBuilt,33,+68yr,1950.0,2018.0
23,11355827,11453469,True,2,1,yearBuilt,34,+70yr,1950.0,2020.0
23,11355827,11453469,True,2,1,yearBuilt,35,+72yr,1950.0,2022.0
23,11355827,11453469,True,2,1,yearBuilt,36,+74yr,1950.0,2024.0
23,11355827,11453469,True,2,1,lot,0,+100sqft,5000.0,5100.0
23,11355827,11453469,True,2,1,lot,1,+200sqft,5000.0,5200.0
23,11355827,11453469,True,2,1,lot,2,+300sqft,5000.0,5300.0
23,11355827,11453469,True,2,1,lot,3,+400sqft,5000.0,5400.0
23,11355827,11453469,True,2,1,lot,4,+500sqft,5000.0,5500.0
23,11355827,11453469,True,2,1,lot,5,+600sqft,5000.0,5600.0
23,11355827,11453469,True,2,1,lot,6,+700sqft,5000.0,5700.0
23,11355827,11453469,True,2,1,lot,7,+800sqft,5000.0,5800.0
23,11355827,11453469,True,2,1,lot,8,+900sqft,5000.0,5900.0
23,11355827,11453469,True,2,1,lot,9,+1000sqft,5000.0,6000.0
23,11355827,11453469,True,2,1,lot,10,+1100sqft,5000.0,6100.0
23,11355827,11453469,True,2,1,lot,11,+1200sqft,5000.0,6200.0
23,11355827,11453469,True,2,1,lot,12,+1300sqft,5000.0,6300.0
23,11355827,11453469,True,2,1,lot,13,+1400sqft,5000.0,6400.0
23,11355827,11453469,True,2,1,lot,14,+1500sqft,5000.0,6500.0
23,11355827,11453469,True,2,1,lot,15,+1600sqft,5000.0,6600.0
23,11355827,11453469,True,2,1,lot,16,+1700sqft,5000.0,6700.0
23,11355827,11453469,True,2,1,lot,17,+1800sqft,5000.0,6800.0
23,11355827,11453469,True,2,1,lot,18,+1900sqft,5000.0,6900.0
23,11355827,11453469,True,2,1,lot,19,+2000sqft,5000.0,7000.0
23,11355827,11453469,True,2,1,lot,20,+2100sqft,5000.0,7100.0
23,11355827,11453469,True,2,1,lot,21,+2200sqft,5000.0,7200.0
23,11355827,11453469,True,2,1,lot,22,+2300sqft,5000.0,7300.0
23,11355827,11453469,True,2,1,lot,23,+2400sqft,5000.0,7400.0
23,11355827,11453469,True,2,1,lot,24,+2500sqft,5000.0,7500.0
23,11355827,11453469,True,2,1,lot,25,+2600sqft,5000.0,7600.0
23,11355827,11453469,True,2,1,lot,26,+2700sqft,5000.0,7700.0
23,11355827,11453469,True,2,1,lot,27,+2800sqft,5000.0,7800.0
23,11355827,11453469,True,2,1,lot,28,+2900sqft,5000.0,7900.0
23,11355827,11453469,True,2,1,lot,29,+3000sqft,5000.0,8000.0
23,11355827,11453469,True,2,1,lot,30,+3100sqft,5000.0,8100.0
23,11355827,11453469,True,2,1,lot,31,+3200sqft,5000.0,8200.0
23,11355827,11453469,True,2,1,lot,32,+3300sqft,5000.0,8300.0
23,11355827,11453469,True,2,1,lot,33,+3400sqft,5000.0,8400.0
23,11355827,11453469,True,2,1,lot,34,+3500sqft,5000.0,8500.0
23,11355827,11453469,True,2,1,lot,35,+3600sqft,5000.0,8600.0
23,11355827,11453469,True,2,1,lot,36,+3700sqft,5000.0,8700.0
23,11355827,11453469,True,2,1,lot,37,+3800sqft,5000.0,8800.0
23,11355827,11453469,True,2,1,lot,38,+3900sqft,5000.0,8900.0
23,11355827,11453469,True,2,1,lot,39,+4000sqft,5000.0,9000.0
23,11355827,11453469,True,2,1,lot,40,+4100sqft,5000.0,9100.0
23,11355827,11453469,True,2,1,lot,41,+4200sqft,5000.0,9200.0
23,11355827,11453469,True,2,1,lot,42,+4300sqft,5000.0,9300.0
23,11355827,11453469,True,2,1,lot,43,+4400sqft,5000.0,9400.0
23,11355827,11453469,True,2,1,lot,44,+4500sqft,5000.0,9500.0
23,11355827,11453469,True,2,1,lot,45,+4600sqft,5000.0,9600.0
23,11355827,11453469,True,2,1,lot,46,+4700sqft,5000.0,9700.0
23,11355827,11453469,True,2,1,lot,47,+4800sqft,5000.0,9800.0
23,11355827,11453469,True,2,1,lot,48,+4900sqft,5000.0,9900.0
23,11355827,11453469,True,2,1,lot,49,+5000sqft,5000.0,10000.0
24,11333908,11334862,True,1,2,bedrooms,0,+1,2.0,3.0
24,11333908,11334862,True,1,2,bedrooms,1,+2,2.0,4.0
24,11333908,11334862,True,1,2,bedrooms,2,+3,2.0,5.0
24,11333908,11334862,True,1,2,bedrooms,3,+4,2.0,6.0
24,11333908,11334862,True,1,2,bedrooms,4,+5,2.0,7.0
24,11333908,11334862,True,1,2,bedrooms,5,+6,2.0,8.0
24,11333908,11334862,True,1,2,bedrooms,6,+7,2.0,9.0
24,11333908,11334862,True,1,2,bedrooms,7,+8,2.0,10.0
24,11333908,11334862,True,1,2,bathrooms,0,+1,1.0,2.0
24,11333908,11334862,True,1,2,bathrooms,1,+2,1.0,3.0
24,11333908,11334862,True,1,2,bathrooms,2,+3,1.0,4.0
24,11333908,11334862,True,1,2,bathrooms,3,+4,1.0,5.0
24,11333908,11334862,True,1,2,bathrooms,4,+5,1.0,6.0
24,11333908,11334862,True,1,2,bathrooms,5,+6,1.0,7.0
24,11333908,11334862,True,1,2,bathrooms,6,+7,1.0,8.0
24,11333908,11334862,True,1,2,bathrooms,7,+8,1.0,9.0
24,11333908,11334862,True,1,2,bathrooms,8,+9,1.0,10.0
24,11333908,11334862,True,1,2,yearBuilt,0,+2yr,1910.0,1912.0
24,11333908,11334862,True,1,2,yearBuilt,1,+4yr,1910.0,1914.0
24,11333908,11334862,True,1,2,yearBuilt,2,+6yr,1910.0,1916.0
24,11333908,11334862,True,1,2,yearBuilt,3,+8yr,1910.0,1918.0
24,11333908,11334862,True,1,2,yearBuilt,4,+10yr,1910.0,1920.0
24,11333908,11334862,True,1,2,yearBuilt,5,+12yr,1910.0,1922.0
24,11333908,11334862,True,1,2,yearBuilt,6,+14yr,1910.0,1924.0
24,11333908,11334862,True,1,2,yearBuilt,7,+16yr,1910.0,1926.0
24,11333908,11334862,True,1,2,yearBuilt,8,+18yr,1910.0,1928.0
24,11333908,11334862,True,1,2,yearBuilt,9,+20yr,1910.0,1930.0
24,11333908,11334862,True,1,2,yearBuilt,10,+22yr,1910.0,1932.0
24,11333908,11334862,True,1,2,yearBuilt,11,+24yr,1910.0,1934.0
24,11333908,11334862,True,1,2,yearBuilt,12,+26yr,1910.0,1936.0
24,11333908,11334862,True,1,2,yearBuilt,13,+28yr,1910.0,1938.0
24,11333908,11334862,True,1,2,yearBuilt,14,+30yr,1910.0,1940.0
24,11333908,11334862,True,1,2,yearBuilt,15,+32yr,1910.0,1942.0
24,11333908,11334862,True,1,2,yearBuilt,16,+34yr,1910.0,1944.0
24,11333908,11334862,True,1,2,yearBuilt,17,+36yr,1910.0,1946.0
24,11333908,11334862,True,1,2,yearBuilt,18,+38yr,1910.0,1948.0
24,11333908,11334862,True,1,2,yearBuilt,19,+40yr,1910.0,1950.0
24,11333908,11334862,True,1,2,yearBuilt,20,+42yr,1910.0,1952.0
24,11333908,11334862,True,1,2,yearBuilt,21,+44yr,1910.0,1954.0
24,11333908,11334862,True,1,2,yearBuilt,22,+46yr,1910.0,1956.0
24,11333908,11334862,True,1,2,yearBuilt,23,+48yr,1910.0,1958.0
24,11333908,11334862,True,1,2,yearBuilt,24,+50yr,1910.0,1960.0
24,11333908,11334862,True,1,2,yearBuilt,25,+52yr,1910.0,1962.0
24,11333908,11334862,True,1,2,yearBuilt,26,+54yr,1910.0,1964.0
24,11333908,11334862,True,1,2,yearBuilt,27,+56yr,1910.0,1966.0
24,11333908,11334862,True,1,2,yearBuilt,28,+58yr,1910.0,1968.0
24,11333908,11334862,True,1,2,yearBuilt,29,+60yr,1910.0,1970.0
24,11333908,11334862,True,1,2,yearBuilt,30,+62yr,1910.0,1972.0
24,11333908,11334862,True,1,2,yearBuilt,31,+64yr,1910.0,1974.0
24,11333908,11334862,True,1,2,yearBuilt,32,+66yr,1910.0,1976.0
24,11333908,11334862,True,1,2,yearBuilt,33,+68yr,1910.0,1978.0
24,11333908,11334862,True,1,2,yearBuilt,34,+70yr,1910.0,1980.0
24,11333908,11334862,True,1,2,yearBuilt,35,+72yr,1910.0,1982.0
24,11333908,11334862,True,1,2,yearBuilt,36,+74yr,1910.0,1984.0
24,11333908,11334862,True,1,2,yearBuilt,37,+76yr,1910.0,1986.0
24,11333908,11334862,True,1,2,yearBuilt,38,+78yr,1910.0,1988.0
24,11333908,11334862,True,1,2,yearBuilt,39,+80yr,1910.0,1990.0
24,11333908,11334862,True,1,2,yearBuilt,40,+82yr,1910.0,1992.0
24,11333908,11334862,True,1,2,yearBuilt,41,+84yr,1910.0,1994.0
24,11333908,11334862,True,1,2,yearBuilt,42,+86yr,1910.0,1996.0
24,11333908,11334862,True,1,2,yearBuilt,43,+88yr,1910.0,1998.0
24,11333908,11334862,True,1,2,yearBuilt,44,+90yr,1910.0,2000.0
24,11333908,11334862,True,1,2,yearBuilt,45,+92yr,1910.0,2002.0
24,11333908,11334862,True,1,2,yearBuilt,46,+94yr,1910.0,2004.0
24,11333908,11334862,True,1,2,lot,0,+100sqft,1999.0,2099.0
24,11333908,11334862,True,1,2,lot,1,+200sqft,1999.0,2199.0
24,11333908,11334862,True,1,2,lot,2,+300sqft,1999.0,2299.0
24,11333908,11334862,True,1,2,lot,3,+400sqft,1999.0,2399.0
24,11333908,11334862,True,1,2,lot,4,+500sqft,1999.0,2499.0
24,11333908,11334862,True,1,2,lot,5,+600sqft,1999.0,2599.0
24,11333908,11334862,True,1,2,lot,6,+700sqft,1999.0,2699.0
24,11333908,11334862,True,1,2,lot,7,+800sqft,1999.0,2799.0
24,11333908,11334862,True,1,2,lot,8,+900sqft,1999.0,2899.0
24,11333908,11334862,True,1,2,lot,9,+1000sqft,1999.0,2999.0
24,11333908,11334862,True,1,2,lot,10,+1100sqft,1999.0,3099.0
24,11333908,11334862,True,1,2,lot,11,+1200sqft,1999.0,3199.0
24,11333908,11334862,True,1,2,lot,12,+1300sqft,1999.0,3299.0
24,11333908,11334862,True,1,2,lot,13,+1400sqft,1999.0,3399.0
24,11333908,11334862,True,1,2,lot,14,+1500sqft,1999.0,3499.0
24,11333908,11334862,True,1,2,lot,15,+1600sqft,1999.0,3599.0
24,11333908,11334862,True,1,2,lot,16,+1700sqft,1999.0,3699.0
24,11333908,11334862,True,1,2,lot,17,+1800sqft,1999.0,3799.0
24,11333908,11334862,True,1,2,lot,18,+1900sqft,1999.0,3899.0
24,11333908,11334862,True,1,2,lot,19,+2000sqft,1999.0,3999.0
24,11333908,11334862,True,1,2,lot,20,+2100sqft,1999.0,4099.0
24,11333908,11334862,True,1,2,lot,21,+2200sqft,1999.0,4199.0
24,11333908,11334862,True,1,2,lot,22,+2300sqft,1999.0,4299.0
24,11333908,11334862,True,1,2,lot,23,+2400sqft,1999.0,4399.0
24,11333908,11334862,True,1,2,lot,24,+2500sqft,1999.0,4499.0
24,11333908,11334862,True,1,2,lot,25,+2600sqft,1999.0,4599.0
24,11333908,11334862,True,1,2,lot,26,+2700sqft,1999.0,4699.0
24,11333908,11334862,True,1,2,lot,27,+2800sqft,1999.0,4799.0
24,11333908,11334862,True,1,2,lot,28,+2900sqft,1999.0,4899.0
24,11333908,11334862,True,1,2,lot,29,+3000sqft,1999.0,4999.0
24,11333908,11334862,True,1,2,lot,30,+3100sqft,1999.0,5099.0
24,11333908,11334862,True,1,2,lot,31,+3200sqft,1999.0,5199.0
24,11333908,11334862,True,1,2,lot,32,+3300sqft,1999.0,5299.0
24,11333908,11334862,True,1,2,lot,33,+3400sqft,1999.0,5399.0
24,11333908,11334862,True,1,2,lot,34,+3500sqft,1999.0,5499.0
24,11333908,11334862,True,1,2,lot,35,+3600sqft,1999.0,5599.0
24,11333908,11334862,True,1,2,lot,36,+3700sqft,1999.0,5699.0
24,11333908,11334862,True,1,2,lot,37,+3800sqft,1999.0,5799.0
24,11333908,11334862,True,1,2,lot,38,+3900sqft,1999.0,5899.0
24,11333908,11334862,True,1,2,lot,39,+4000sqft,1999.0,5999.0
24,11333908,11334862,True,1,2,lot,40,+4100sqft,1999.0,6099.0
24,11333908,11334862,True,1,2,lot,41,+4200sqft,1999.0,6199.0
24,11333908,11334862,True,1,2,lot,42,+4300sqft,1999.0,6299.0
24,11333908,11334862,True,1,2,lot,43,+4400sqft,1999.0,6399.0
24,11333908,11334862,True,1,2,lot,44,+4500sqft,1999.0,6499.0
24,11333908,11334862,True,1,2,lot,45,+4600sqft,1999.0,6599.0
24,11333908,11334862,True,1,2,lot,46,+4700sqft,1999.0,6699.0
24,11333908,11334862,True,1,2,lot,47,+4800sqft,1999.0,6799.0
24,11333908,11334862,True,1,2,lot,48,+4900sqft,1999.0,6899.0
24,11333908,11334862,True,1,2,lot,49,+5000sqft,1999.0,6999.0
25,11445609,11570492,True,1,2,bedrooms,0,+1,3.0,4.0
25,11445609,11570492,True,1,2,bedrooms,1,+2,3.0,5.0
25,11445609,11570492,True,1,2,bedrooms,2,+3,3.0,6.0
25,11445609,11570492,True,1,2,bedrooms,3,+4,3.0,7.0
25,11445609,11570492,True,1,2,bedrooms,4,+5,3.0,8.0
25,11445609,11570492,True,1,2,bedrooms,5,+6,3.0,9.0
25,11445609,11570492,True,1,2,bedrooms,6,+7,3.0,10.0
25,11445609,11570492,True,1,2,bathrooms,0,+1,1.0,2.0
25,11445609,11570492,True,1,2,bathrooms,1,+2,1.0,3.0
25,11445609,11570492,True,1,2,bathrooms,2,+3,1.0,4.0
25,11445609,11570492,True,1,2,bathrooms,3,+4,1.0,5.0
25,11445609,11570492,True,1,2,bathrooms,4,+5,1.0,6.0
25,11445609,11570492,True,1,2,bathrooms,5,+6,1.0,7.0
25,11445609,11570492,True,1,2,bathrooms,6,+7,1.0,8.0
25,11445609,11570492,True,1,2,bathrooms,7,+8,1.0,9.0
25,11445609,11570492,True,1,2,bathrooms,8,+9,1.0,10.0
25,11445609,11570492,True,1,2,yearBuilt,0,+2yr,1912.0,1914.0
25,11445609,11570492,True,1,2,yearBuilt,1,+4yr,1912.0,1916.0
25,11445609,11570492,True,1,2,yearBuilt,2,+6yr,1912.0,1918.0
25,11445609,11570492,True,1,2,yearBuilt,3,+8yr,1912.0,1920.0
25,11445609,11570492,True,1,2,yearBuilt,4,+10yr,1912.0,1922.0
25,11445609,11570492,True,1,2,yearBuilt,5,+12yr,1912.0,1924.0
25,11445609,11570492,True,1,2,yearBuilt,6,+14yr,1912.0,1926.0
25,11445609,11570492,True,1,2,yearBuilt,7,+16yr,1912.0,1928.0
25,11445609,11570492,True,1,2,yearBuilt,8,+18yr,1912.0,1930.0
25,11445609,11570492,True,1,2,yearBuilt,9,+20yr,1912.0,1932.0
25,11445609,11570492,True,1,2,yearBuilt,10,+22yr,1912.0,1934.0
25,11445609,11570492,True,1,2,yearBuilt,11,+24yr,1912.0,1936.0
25,11445609,11570492,True,1,2,yearBuilt,12,+26yr,1912.0,1938.0
25,11445609,11570492,True,1,2,yearBuilt,13,+28yr,1912.0,1940.0
25,11445609,11570492,True,1,2,yearBuilt,14,+30yr,1912.0,1942.0
25,11445609,11570492,True,1,2,yearBuilt,15,+32yr,1912.0,1944.0
25,11445609,11570492,True,1,2,yearBuilt,16,+34yr,1912.0,1946.0
25,11445609,11570492,True,1,2,yearBuilt,17,+36yr,1912.0,1948.0
25,11445609,11570492,True,1,2,yearBuilt,18,+38yr,1912.0,1950.0
25,11445609,11570492,True,1,2,yearBuilt,19,+40yr,1912.0,1952.0
25,11445609,11570492,True,1,2,yearBuilt,20,+42yr,1912.0,1954.0
25,11445609,11570492,True,1,2,yearBuilt,21,+44yr,1912.0,1956.0
25,11445609,11570492,True,1,2,yearBuilt,22,+46yr,1912.0,1958.0
25,11445609,11570492,True,1,2,yearBuilt,23,+48yr,1912.0,1960.0
25,11445609,11570492,True,1,2,yearBuilt,24,+50yr,1912.0,1962.0
25,11445609,11570492,True,1,2,yearBuilt,25,+52yr,1912.0,1964.0
25,11445609,11570492,True,1,2,yearBuilt,26,+54yr,1912.0,1966.0
25,11445609,11570492,True,1,2,yearBuilt,27,+56yr,1912.0,1968.0
25,11445609,11570492,True,1,2,yearBuilt,28,+58yr,1912.0,1970.0
25,11445609,11570492,True,1,2,yearBuilt,29,+60yr,1912.0,1972.0
25,11445609,11570492,True,1,2,yearBuilt,30,+62yr,1912.0,1974.0
25,11445609,11570492,True,1,2,yearBuilt,31,+64yr,1912.0,1976.0
25,11445609,11570492,True,1,2,yearBuilt,32,+66yr,1912.0,1978.0
25,11445609,11570492,True,1,2,yearBuilt,33,+68yr,1912.0,1980.0
25,11445609,11570492,True,1,2,yearBuilt,34,+70yr,1912.0,1982.0
25,11445609,11570492,True,1,2,yearBuilt,35,+72yr,1912.0,1984.0
25,11445609,11570492,True,1,2,yearBuilt,36,+74yr,1912.0,1986.0
25,11445609,11570492,True,1,2,yearBuilt,37,+76yr,1912.0,1988.0
25,11445609,11570492,True,1,2,yearBuilt,38,+78yr,1912.0,1990.0
25,11445609,11570492,True,1,2,yearBuilt,39,+80yr,1912.0,1992.0
25,11445609,11570492,True,1,2,yearBuilt,40,+82yr,1912.0,1994.0
25,11445609,11570492,True,1,2,yearBuilt,41,+84yr,1912.0,1996.0
25,11445609,11570492,True,1,2,yearBuilt,42,+86yr,1912.0,1998.0
25,11445609,11570492,True,1,2,yearBuilt,43,+88yr,1912.0,2000.0
25,11445609,11570492,True,1,2,yearBuilt,44,+90yr,1912.0,2002.0
25,11445609,11570492,True,1,2,yearBuilt,45,+92yr,1912.0,2004.0
25,11445609,11570492,True,1,2,yearBuilt,46,+94yr,1912.0,2006.0
25,11445609,11570492,True,1,2,lot,0,+100sqft,3049.0,3149.0
25,11445609,11570492,True,1,2,lot,1,+200sqft,3049.0,3249.0
25,11445609,11570492,True,1,2,lot,2,+300sqft,3049.0,3349.0
25,11445609,11570492,True,1,2,lot,3,+400sqft,3049.0,3449.0
25,11445609,11570492,True,1,2,lot,4,+500sqft,3049.0,3549.0
25,11445609,11570492,True,1,2,lot,5,+600sqft,3049.0,3649.0
25,11445609,11570492,True,1,2,lot,6,+700sqft,3049.0,3749.0
25,11445609,11570492,True,1,2,lot,7,+800sqft,3049.0,3849.0
25,11445609,11570492,True,1,2,lot,8,+900sqft,3049.0,3949.0
25,11445609,11570492,True,1,2,lot,9,+1000sqft,3049.0,4049.0
25,11445609,11570492,True,1,2,lot,10,+1100sqft,3049.0,4149.0
25,11445609,11570492,True,1,2,lot,11,+1200sqft,3049.0,4249.0
25,11445609,11570492,True,1,2,lot,12,+1300sqft,3049.0,4349.0
25,11445609,11570492,True,1,2,lot,13,+1400sqft,3049.0,4449.0
25,11445609,11570492,True,1,2,lot,14,+1500sqft,3049.0,4549.0
25,11445609,11570492,True,1,2,lot,15,+1600sqft,3049.0,4649.0
25,11445609,11570492,True,1,2,lot,16,+1700sqft,3049.0,4749.0
25,11445609,11570492,True,1,2,lot,17,+1800sqft,3049.0,4849.0
25,11445609,11570492,True,1,2,lot,18,+1900sqft,3049.0,4949.0
25,11445609,11570492,True,1,2,lot,19,+2000sqft,3049.0,5049.0
25,11445609,11570492,True,1,2,lot,20,+2100sqft,3049.0,5149.0
25,11445609,11570492,True,1,2,lot,21,+2200sqft,3049.0,5249.0
25,11445609,11570492,True,1,2,lot,22,+2300sqft,3049.0,5349.0
25,11445609,11570492,True,1,2,lot,23,+2400sqft,3049.0,5449.0
25,11445609,11570492,True,1,2,lot,24,+2500sqft,3049.0,5549.0
25,11445609,11570492,True,1,2,lot,25,+2600sqft,3049.0,5649.0
25,11445609,11570492,True,1,2,lot,26,+2700sqft,3049.0,5749.0
25,11445609,11570492,True,1,2,lot,27,+2800sqft,3049.0,5849.0
25,11445609,11570492,True,1,2,lot,28,+2900sqft,3049.0,5949.0
25,11445609,11570492,True,1,2,lot,29,+3000sqft,3049.0,6049.0
25,11445609,11570492,True,1,2,lot,30,+3100sqft,3049.0,6149.0
25,11445609,11570492,True,1,2,lot,31,+3200sqft,3049.0,6249.0
25,11445609,11570492,True,1,2,lot,32,+3300sqft,3049.0,6349.0
25,11445609,11570492,True,1,2,lot,33,+3400sqft,3049.0,6449.0
25,11445609,11570492,True,1,2,lot,34,+3500sqft,3049.0,6549.0
25,11445609,11570492,True,1,2,lot,35,+3600sqft,3049.0,6649.0
25,11445609,11570492,True,1,2,lot,36,+3700sqft,3049.0,6749.0
25,11445609,11570492,True,1,2,lot,37,+3800sqft,3049.0,6849.0
25,11445609,11570492,True,1,2,lot,38,+3900sqft,3049.0,6949.0
25,11445609,11570492,True,1,2,lot,39,+4000sqft,3049.0,7049.0
25,11445609,11570492,True,1,2,lot,40,+4100sqft,3049.0,7149.0
25,11445609,11570492,True,1,2,lot,41,+4200sqft,3049.0,7249.0
25,11445609,11570492,True,1,2,lot,42,+4300sqft,3049.0,7349.0
25,11445609,11570492,True,1,2,lot,43,+4400sqft,3049.0,7449.0
25,11445609,11570492,True,1,2,lot,44,+4500sqft,3049.0,7549.0
25,11445609,11570492,True,1,2,lot,45,+4600sqft,3049.0,7649.0
25,11445609,11570492,True,1,2,lot,46,+4700sqft,3049.0,7749.0
25,11445609,11570492,True,1,2,lot,47,+4800sqft,3049.0,7849.0
25,11445609,11570492,True,1,2,lot,48,+4900sqft,3049.0,7949.0
25,11445609,11570492,True,1,2,lot,49,+5000sqft,3049.0,8049.0
26,11383249,11454888,True,2,1,bedrooms,0,+1,3.0,4.0
26,11383249,11454888,True,2,1,bedrooms,1,+2,3.0,5.0
26,11383249,11454888,True,2,1,bedrooms,2,+3,3.0,6.0
26,11383249,11454888,True,2,1,bedrooms,3,+4,3.0,7.0
26,11383249,11454888,True,2,1,bedrooms,4,+5,3.0,8.0
26,11383249,11454888,True,2,1,bedrooms,5,+6,3.0,9.0
26,11383249,11454888,True,2,1,bedrooms,6,+7,3.0,10.0
26,11383249,11454888,True,2,1,bathrooms,0,+1,2.0,3.0
26,11383249,11454888,True,2,1,bathrooms,1,+2,2.0,4.0
26,11383249,11454888,True,2,1,bathrooms,2,+3,2.0,5.0
26,11383249,11454888,True,2,1,bathrooms,3,+4,2.0,6.0
26,11383249,11454888,True,2,1,bathrooms,4,+5,2.0,7.0
26,11383249,11454888,True,2,1,bathrooms,5,+6,2.0,8.0
26,11383249,11454888,True,2,1,bathrooms,6,+7,2.0,9.0
26,11383249,11454888,True,2,1,bathrooms,7,+8,2.0,10.0
26,11383249,11454888,True,2,1,yearBuilt,0,+2yr,1954.0,1956.0
26,11383249,11454888,True,2,1,yearBuilt,1,+4yr,1954.0,1958.0
26,11383249,11454888,True,2,1,yearBuilt,2,+6yr,1954.0,1960.0
26,11383249,11454888,True,2,1,yearBuilt,3,+8yr,1954.0,1962.0
26,11383249,11454888,True,2,1,yearBuilt,4,+10yr,1954.0,1964.0
26,11383249,11454888,True,2,1,yearBuilt,5,+12yr,1954.0,1966.0
26,11383249,11454888,True,2,1,yearBuilt,6,+14yr,1954.0,1968.0
26,11383249,11454888,True,2,1,yearBuilt,7,+16yr,1954.0,1970.0
26,11383249,11454888,True,2,1,yearBuilt,8,+18yr,1954.0,1972.0
26,11383249,11454888,True,2,1,yearBuilt,9,+20yr,1954.0,1974.0
26,11383249,11454888,True,2,1,yearBuilt,10,+22yr,1954.0,1976.0
26,11383249,11454888,True,2,1,yearBuilt,11,+24yr,1954.0,1978.0
26,11383249,11454888,True,2,1,yearBuilt,12,+26yr,1954.0,1980.0
26,11383249,11454888,True,2,1,yearBuilt,13,+28yr,1954.0,1982.0
26,11383249,11454888,True,2,1,yearBuilt,14,+30yr,1954.0,1984.0
26,11383249,11454888,True,2,1,yearBuilt,15,+32yr,1954.0,1986.0
26,11383249,11454888,True,2,1,yearBuilt,16,+34yr,1954.0,1988.0
26,11383249,11454888,True,2,1,yearBuilt,17,+36yr,1954.0,1990.0
26,11383249,11454888,True,2,1,yearBuilt,18,+38yr,1954.0,1992.0
26,11383249,11454888,True,2,1,yearBuilt,19,+40yr,1954.0,1994.0
26,11383249,11454888,True,2,1,yearBuilt,20,+42yr,1954.0,1996.0
26,11383249,11454888,True,2,1,yearBuilt,21,+44yr,1954.0,1998.0
26,11383249,11454888,True,2,1,yearBuilt,22,+46yr,1954.0,2000.0
26,11383249,11454888,True,2,1,yearBuilt,23,+48yr,1954.0,2002.0
26,11383249,11454888,True,2,1,yearBuilt,24,+50yr,1954.0,2004.0
26,11383249,11454888,True,2,1,yearBuilt,25,+52yr,1954.0,2006.0
26,11383249,11454888,True,2,1,yearBuilt,26,+54yr,1954.0,2008.0
26,11383249,11454888,True,2,1,yearBuilt,27,+56yr,1954.0,2010.0
26,11383249,11454888,True,2,1,yearBuilt,28,+58yr,1954.0,2012.0
26,11383249,11454888,True,2,1,yearBuilt,29,+60yr,1954.0,2014.0
26,11383249,11454888,True,2,1,yearBuilt,30,+62yr,1954.0,2016.0
26,11383249,11454888,True,2,1,yearBuilt,31,+64yr,1954.0,2018.0
26,11383249,11454888,True,2,1,yearBuilt,32,+66yr,1954.0,2020.0
26,11383249,11454888,True,2,1,yearBuilt,33,+68yr,1954.0,2022.0
26,11383249,11454888,True,2,1,yearBuilt,34,+70yr,1954.0,2024.0
26,11383249,11454888,True,2,1,lot,0,+100sqft,7501.0,7601.0
26,11383249,11454888,True,2,1,lot,1,+200sqft,7501.0,7701.0
26,11383249,11454888,True,2,1,lot,2,+300sqft,7501.0,7801.0
26,11383249,11454888,True,2,1,lot,3,+400sqft,7501.0,7901.0
26,11383249,11454888,True,2,1,lot,4,+500sqft,7501.0,8001.0
26,11383249,11454888,True,2,1,lot,5,+600sqft,7501.0,8101.0
26,11383249,11454888,True,2,1,lot,6,+700sqft,7501.0,8201.0
26,11383249,11454888,True,2,1,lot,7,+800sqft,7501.0,8301.0
26,11383249,11454888,True,2,1,lot,8,+900sqft,7501.0,8401.0
26,11383249,11454888,True,2,1,lot,9,+1000sqft,7501.0,8501.0
26,11383249,11454888,True,2,1,lot,10,+1100sqft,7501.0,8601.0
26,11383249,11454888,True,2,1,lot,11,+1200sqft,7501.0,8701.0
26,11383249,11454888,True,2,1,lot,12,+1300sqft,7501.0,8801.0
26,11383249,11454888,True,2,1,lot,13,+1400sqft,7501.0,8901.0
26,11383249,11454888,True,2,1,lot,14,+1500sqft,7501.0,9001.0
26,11383249,11454888,True,2,1,lot,15,+1600sqft,7501.0,9101.0
26,11383249,11454888,True,2,1,lot,16,+1700sqft,7501.0,9201.0
26,11383249,11454888,True,2,1,lot,17,+1800sqft,7501.0,9301.0
26,11383249,11454888,True,2,1,lot,18,+1900sqft,7501.0,9401.0
26,11383249,11454888,True,2,1,lot,19,+2000sqft,7501.0,9501.0
26,11383249,11454888,True,2,1,lot,20,+2100sqft,7501.0,9601.0
26,11383249,11454888,True,2,1,lot,21,+2200sqft,7501.0,9701.0
26,11383249,11454888,True,2,1,lot,22,+2300sqft,7501.0,9801.0
26,11383249,11454888,True,2,1,lot,23,+2400sqft,7501.0,9901.0
26,11383249,11454888,True,2,1,lot,24,+2500sqft,7501.0,10001.0
26,11383249,11454888,True,2,1,lot,25,+2600sqft,7501.0,10101.0
26,11383249,11454888,True,2,1,lot,26,+2700sqft,7501.0,10201.0
26,11383249,11454888,True,2,1,lot,27,+2800sqft,7501.0,10301.0
26,11383249,11454888,True,2,1,lot,28,+2900sqft,7501.0,10401.0
26,11383249,11454888,True,2,1,lot,29,+3000sqft,7501.0,10501.0
26,11383249,11454888,True,2,1,lot,30,+3100sqft,7501.0,10601.0
26,11383249,11454888,True,2,1,lot,31,+3200sqft,7501.0,10701.0
26,11383249,11454888,True,2,1,lot,32,+3300sqft,7501.0,10801.0
26,11383249,11454888,True,2,1,lot,33,+3400sqft,7501.0,10901.0
26,11383249,11454888,True,2,1,lot,34,+3500sqft,7501.0,11001.0
26,11383249,11454888,True,2,1,lot,35,+3600sqft,7501.0,11101.0
26,11383249,11454888,True,2,1,lot,36,+3700sqft,7501.0,11201.0
26,11383249,11454888,True,2,1,lot,37,+3800sqft,7501.0,11301.0
26,11383249,11454888,True,2,1,lot,38,+3900sqft,7501.0,11401.0
26,11383249,11454888,True,2,1,lot,39,+4000sqft,7501.0,11501.0
26,11383249,11454888,True,2,1,lot,40,+4100sqft,7501.0,11601.0
26,11383249,11454888,True,2,1,lot,41,+4200sqft,7501.0,11701.0
26,11383249,11454888,True,2,1,lot,42,+4300sqft,7501.0,11801.0
26,11383249,11454888,True,2,1,lot,43,+4400sqft,7501.0,11901.0
26,11383249,11454888,True,2,1,lot,44,+4500sqft,7501.0,12001.0
26,11383249,11454888,True,2,1,lot,45,+4600sqft,7501.0,12101.0
26,11383249,11454888,True,2,1,lot,46,+4700sqft,7501.0,12201.0
26,11383249,11454888,True,2,1,lot,47,+4800sqft,7501.0,12301.0
26,11383249,11454888,True,2,1,lot,48,+4900sqft,7501.0,12401.0
26,11383249,11454888,True,2,1,lot,49,+5000sqft,7501.0,12501.0
27,11309288,11396648,True,1,2,bedrooms,0,+1,4.0,5.0
27,11309288,11396648,True,1,2,bedrooms,1,+2,4.0,6.0
27,11309288,11396648,True,1,2,bedrooms,2,+3,4.0,7.0
27,11309288,11396648,True,1,2,bedrooms,3,+4,4.0,8.0
27,11309288,11396648,True,1,2,bedrooms,4,+5,4.0,9.0
27,11309288,11396648,True,1,2,bedrooms,5,+6,4.0,10.0
27,11309288,11396648,True,1,2,bathrooms,0,+1,5.0,6.0
27,11309288,11396648,True,1,2,bathrooms,1,+2,5.0,7.0
27,11309288,11396648,True,1,2,bathrooms,2,+3,5.0,8.0
27,11309288,11396648,True,1,2,bathrooms,3,+4,5.0,9.0
27,11309288,11396648,True,1,2,bathrooms,4,+5,5.0,10.0
27,11309288,11396648,True,1,2,yearBuilt,0,+2yr,1930.0,1932.0
27,11309288,11396648,True,1,2,yearBuilt,1,+4yr,1930.0,1934.0
27,11309288,11396648,True,1,2,yearBuilt,2,+6yr,1930.0,1936.0
27,11309288,11396648,True,1,2,yearBuilt,3,+8yr,1930.0,1938.0
27,11309288,11396648,True,1,2,yearBuilt,4,+10yr,1930.0,1940.0
27,11309288,11396648,True,1,2,yearBuilt,5,+12yr,1930.0,1942.0
27,11309288,11396648,True,1,2,yearBuilt,6,+14yr,1930.0,1944.0
27,11309288,11396648,True,1,2,yearBuilt,7,+16yr,1930.0,1946.0
27,11309288,11396648,True,1,2,yearBuilt,8,+18yr,1930.0,1948.0
27,11309288,11396648,True,1,2,yearBuilt,9,+20yr,1930.0,1950.0
27,11309288,11396648,True,1,2,yearBuilt,10,+22yr,1930.0,1952.0
27,11309288,11396648,True,1,2,yearBuilt,11,+24yr,1930.0,1954.0
27,11309288,11396648,True,1,2,yearBuilt,12,+26yr,1930.0,1956.0
27,11309288,11396648,True,1,2,yearBuilt,13,+28yr,1930.0,1958.0
27,11309288,11396648,True,1,2,yearBuilt,14,+30yr,1930.0,1960.0
27,11309288,11396648,True,1,2,yearBuilt,15,+32yr,1930.0,1962.0
27,11309288,11396648,True,1,2,yearBuilt,16,+34yr,1930.0,1964.0
27,11309288,11396648,True,1,2,yearBuilt,17,+36yr,1930.0,1966.0
27,11309288,11396648,True,1,2,yearBuilt,18,+38yr,1930.0,1968.0
27,11309288,11396648,True,1,2,yearBuilt,19,+40yr,1930.0,1970.0
27,11309288,11396648,True,1,2,yearBuilt,20,+42yr,1930.0,1972.0
27,11309288,11396648,True,1,2,yearBuilt,21,+44yr,1930.0,1974.0
27,11309288,11396648,True,1,2,yearBuilt,22,+46yr,1930.0,1976.0
27,11309288,11396648,True,1,2,yearBuilt,23,+48yr,1930.0,1978.0
27,11309288,11396648,True,1,2,yearBuilt,24,+50yr,1930.0,1980.0
27,11309288,11396648,True,1,2,yearBuilt,25,+52yr,1930.0,1982.0
27,11309288,11396648,True,1,2,yearBuilt,26,+54yr,1930.0,1984.0
27,11309288,11396648,True,1,2,yearBuilt,27,+56yr,1930.0,1986.0
27,11309288,11396648,True,1,2,yearBuilt,28,+58yr,1930.0,1988.0
27,11309288,11396648,True,1,2,yearBuilt,29,+60yr,1930.0,1990.0
27,11309288,11396648,True,1,2,yearBuilt,30,+62yr,1930.0,1992.0
27,11309288,11396648,True,1,2,yearBuilt,31,+64yr,1930.0,1994.0
27,11309288,11396648,True,1,2,yearBuilt,32,+66yr,1930.0,1996.0
27,11309288,11396648,True,1,2,yearBuilt,33,+68yr,1930.0,1998.0
27,11309288,11396648,True,1,2,yearBuilt,34,+70yr,1930.0,2000.0
27,11309288,11396648,True,1,2,yearBuilt,35,+72yr,1930.0,2002.0
27,11309288,11396648,True,1,2,yearBuilt,36,+74yr,1930.0,2004.0
27,11309288,11396648,True,1,2,yearBuilt,37,+76yr,1930.0,2006.0
27,11309288,11396648,True,1,2,yearBuilt,38,+78yr,1930.0,2008.0
27,11309288,11396648,True,1,2,yearBuilt,39,+80yr,1930.0,2010.0
27,11309288,11396648,True,1,2,yearBuilt,40,+82yr,1930.0,2012.0
27,11309288,11396648,True,1,2,yearBuilt,41,+84yr,1930.0,2014.0
27,11309288,11396648,True,1,2,yearBuilt,42,+86yr,1930.0,2016.0
27,11309288,11396648,True,1,2,yearBuilt,43,+88yr,1930.0,2018.0
27,11309288,11396648,True,1,2,yearBuilt,44,+90yr,1930.0,2020.0
27,11309288,11396648,True,1,2,yearBuilt,45,+92yr,1930.0,2022.0
27,11309288,11396648,True,1,2,yearBuilt,46,+94yr,1930.0,2024.0
27,11309288,11396648,True,1,2,lot,0,+100sqft,10058.0,10158.0
27,11309288,11396648,True,1,2,lot,1,+200sqft,10058.0,10258.0
27,11309288,11396648,True,1,2,lot,2,+300sqft,10058.0,10358.0
27,11309288,11396648,True,1,2,lot,3,+400sqft,10058.0,10458.0
27,11309288,11396648,True,1,2,lot,4,+500sqft,10058.0,10558.0
27,11309288,11396648,True,1,2,lot,5,+600sqft,10058.0,10658.0
27,11309288,11396648,True,1,2,lot,6,+700sqft,10058.0,10758.0
27,11309288,11396648,True,1,2,lot,7,+800sqft,10058.0,10858.0
27,11309288,11396648,True,1,2,lot,8,+900sqft,10058.0,10958.0
27,11309288,11396648,True,1,2,lot,9,+1000sqft,10058.0,11058.0
27,11309288,11396648,True,1,2,lot,10,+1100sqft,10058.0,11158.0
27,11309288,11396648,True,1,2,lot,11,+1200sqft,10058.0,11258.0
27,11309288,11396648,True,1,2,lot,12,+1300sqft,10058.0,11358.0
27,11309288,11396648,True,1,2,lot,13,+1400sqft,10058.0,11458.0
27,11309288,11396648,True,1,2,lot,14,+1500sqft,10058.0,11558.0
27,11309288,11396648,True,1,2,lot,15,+1600sqft,10058.0,11658.0
27,11309288,11396648,True,1,2,lot,16,+1700sqft,10058.0,11758.0
27,11309288,11396648,True,1,2,lot,17,+1800sqft,10058.0,11858.0
27,11309288,11396648,True,1,2,lot,18,+1900sqft,10058.0,11958.0
27,11309288,11396648,True,1,2,lot,19,+2000sqft,10058.0,12058.0
27,11309288,11396648,True,1,2,lot,20,+2100sqft,10058.0,12158.0
27,11309288,11396648,True,1,2,lot,21,+2200sqft,10058.0,12258.0
27,11309288,11396648,True,1,2,lot,22,+2300sqft,10058.0,12358.0
27,11309288,11396648,True,1,2,lot,23,+2400sqft,10058.0,12458.0
27,11309288,11396648,True,1,2,lot,24,+2500sqft,10058.0,12558.0
27,11309288,11396648,True,1,2,lot,25,+2600sqft,10058.0,12658.0
27,11309288,11396648,True,1,2,lot,26,+2700sqft,10058.0,12758.0
27,11309288,11396648,True,1,2,lot,27,+2800sqft,10058.0,12858.0
27,11309288,11396648,True,1,2,lot,28,+2900sqft,10058.0,12958.0
27,11309288,11396648,True,1,2,lot,29,+3000sqft,10058.0,13058.0
27,11309288,11396648,True,1,2,lot,30,+3100sqft,10058.0,13158.0
27,11309288,11396648,True,1,2,lot,31,+3200sqft,10058.0,13258.0
27,11309288,11396648,True,1,2,lot,32,+3300sqft,10058.0,13358.0
27,11309288,11396648,True,1,2,lot,33,+3400sqft,10058.0,13458.0
27,11309288,11396648,True,1,2,lot,34,+3500sqft,10058.0,13558.0
27,11309288,11396648,True,1,2,lot,35,+3600sqft,10058.0,13658.0
27,11309288,11396648,True,1,2,lot,36,+3700sqft,10058.0,13758.0
27,11309288,11396648,True,1,2,lot,37,+3800sqft,10058.0,13858.0
27,11309288,11396648,True,1,2,lot,38,+3900sqft,10058.0,13958.0
27,11309288,11396648,True,1,2,lot,39,+4000sqft,10058.0,14058.0
27,11309288,11396648,True,1,2,lot,40,+4100sqft,10058.0,14158.0
27,11309288,11396648,True,1,2,lot,41,+4200sqft,10058.0,14258.0
27,11309288,11396648,True,1,2,lot,42,+4300sqft,10058.0,14358.0
27,11309288,11396648,True,1,2,lot,43,+4400sqft,10058.0,14458.0
27,11309288,11396648,True,1,2,lot,44,+4500sqft,10058.0,14558.0
27,11309288,11396648,True,1,2,lot,45,+4600sqft,10058.0,14658.0
27,11309288,11396648,True,1,2,lot,46,+4700sqft,10058.0,14758.0
27,11309288,11396648,True,1,2,lot,47,+4800sqft,10058.0,14858.0
27,11309288,11396648,True,1,2,lot,48,+4900sqft,10058.0,14958.0
27,11309288,11396648,True,1,2,lot,49,+5000sqft,10058.0,15058.0
28,11267315,11369921,True,2,1,bedrooms,0,+1,4.0,5.0
28,11267315,11369921,True,2,1,bedrooms,1,+2,4.0,6.0
28,11267315,11369921,True,2,1,bedrooms,2,+3,4.0,7.0
28,11267315,11369921,True,2,1,bedrooms,3,+4,4.0,8.0
28,11267315,11369921,True,2,1,bedrooms,4,+5,4.0,9.0
28,11267315,11369921,True,2,1,bedrooms,5,+6,4.0,10.0
28,11267315,11369921,True,2,1,bathrooms,0,+1,1.0,2.0
28,11267315,11369921,True,2,1,bathrooms,1,+2,1.0,3.0
28,11267315,11369921,True,2,1,bathrooms,2,+3,1.0,4.0
28,11267315,11369921,True,2,1,bathrooms,3,+4,1.0,5.0
28,11267315,11369921,True,2,1,bathrooms,4,+5,1.0,6.0
28,11267315,11369921,True,2,1,bathrooms,5,+6,1.0,7.0
28,11267315,11369921,True,2,1,bathrooms,6,+7,1.0,8.0
28,11267315,11369921,True,2,1,bathrooms,7,+8,1.0,9.0
28,11267315,11369921,True,2,1,bathrooms,8,+9,1.0,10.0
28,11267315,11369921,True,2,1,yearBuilt,0,+2yr,1930.0,1932.0
28,11267315,11369921,True,2,1,yearBuilt,1,+4yr,1930.0,1934.0
28,11267315,11369921,True,2,1,yearBuilt,2,+6yr,1930.0,1936.0
28,11267315,11369921,True,2,1,yearBuilt,3,+8yr,1930.0,1938.0
28,11267315,11369921,True,2,1,yearBuilt,4,+10yr,1930.0,1940.0
28,11267315,11369921,True,2,1,yearBuilt,5,+12yr,1930.0,1942.0
28,11267315,11369921,True,2,1,yearBuilt,6,+14yr,1930.0,1944.0
28,11267315,11369921,True,2,1,yearBuilt,7,+16yr,1930.0,1946.0
28,11267315,11369921,True,2,1,yearBuilt,8,+18yr,1930.0,1948.0
28,11267315,11369921,True,2,1,yearBuilt,9,+20yr,1930.0,1950.0
28,11267315,11369921,True,2,1,yearBuilt,10,+22yr,1930.0,1952.0
28,11267315,11369921,True,2,1,yearBuilt,11,+24yr,1930.0,1954.0
28,11267315,11369921,True,2,1,yearBuilt,12,+26yr,1930.0,1956.0
28,11267315,11369921,True,2,1,yearBuilt,13,+28yr,1930.0,1958.0
28,11267315,11369921,True,2,1,yearBuilt,14,+30yr,1930.0,1960.0
28,11267315,11369921,True,2,1,yearBuilt,15,+32yr,1930.0,1962.0
28,11267315,11369921,True,2,1,yearBuilt,16,+34yr,1930.0,1964.0
28,11267315,11369921,True,2,1,yearBuilt,17,+36yr,1930.0,1966.0
28,11267315,11369921,True,2,1,yearBuilt,18,+38yr,1930.0,1968.0
28,11267315,11369921,True,2,1,yearBuilt,19,+40yr,1930.0,1970.0
28,11267315,11369921,True,2,1,yearBuilt,20,+42yr,1930.0,1972.0
28,11267315,11369921,True,2,1,yearBuilt,21,+44yr,1930.0,1974.0
28,11267315,11369921,True,2,1,yearBuilt,22,+46yr,1930.0,1976.0
28,11267315,11369921,True,2,1,yearBuilt,23,+48yr,1930.0,1978.0
28,11267315,11369921,True,2,1,yearBuilt,24,+50yr,1930.0,1980.0
28,11267315,11369921,True,2,1,yearBuilt,25,+52yr,1930.0,1982.0
28,11267315,11369921,True,2,1,yearBuilt,26,+54yr,1930.0,1984.0
28,11267315,11369921,True,2,1,yearBuilt,27,+56yr,1930.0,1986.0
28,11267315,11369921,True,2,1,yearBuilt,28,+58yr,1930.0,1988.0
28,11267315,11369921,True,2,1,yearBuilt,29,+60yr,1930.0,1990.0
28,11267315,11369921,True,2,1,yearBuilt,30,+62yr,1930.0,1992.0
28,11267315,11369921,True,2,1,yearBuilt,31,+64yr,1930.0,1994.0
28,11267315,11369921,True,2,1,yearBuilt,32,+66yr,1930.0,1996.0
28,11267315,11369921,True,2,1,yearBuilt,33,+68yr,1930.0,1998.0
28,11267315,11369921,True,2,1,yearBuilt,34,+70yr,1930.0,2000.0
28,11267315,11369921,True,2,1,yearBuilt,35,+72yr,1930.0,2002.0
28,11267315,11369921,True,2,1,yearBuilt,36,+74yr,1930.0,2004.0
28,11267315,11369921,True,2,1,yearBuilt,37,+76yr,1930.0,2006.0
28,11267315,11369921,True,2,1,yearBuilt,38,+78yr,1930.0,2008.0
28,11267315,11369921,True,2,1,yearBuilt,39,+80yr,1930.0,2010.0
28,11267315,11369921,True,2,1,yearBuilt,40,+82yr,1930.0,2012.0
28,11267315,11369921,True,2,1,yearBuilt,41,+84yr,1930.0,2014.0
28,11267315,11369921,True,2,1,yearBuilt,42,+86yr,1930.0,2016.0
28,11267315,11369921,True,2,1,yearBuilt,43,+88yr,1930.0,2018.0
28,11267315,11369921,True,2,1,yearBuilt,44,+90yr,1930.0,2020.0
28,11267315,11369921,True,2,1,yearBuilt,45,+92yr,1930.0,2022.0
28,11267315,11369921,True,2,1,yearBuilt,46,+94yr,1930.0,2024.0
28,11267315,11369921,True,2,1,lot,0,+100sqft,3040.0,3140.0
28,11267315,11369921,True,2,1,lot,1,+200sqft,3040.0,3240.0
28,11267315,11369921,True,2,1,lot,2,+300sqft,3040.0,3340.0
28,11267315,11369921,True,2,1,lot,3,+400sqft,3040.0,3440.0
28,11267315,11369921,True,2,1,lot,4,+500sqft,3040.0,3540.0
28,11267315,11369921,True,2,1,lot,5,+600sqft,3040.0,3640.0
28,11267315,11369921,True,2,1,lot,6,+700sqft,3040.0,3740.0
28,11267315,11369921,True,2,1,lot,7,+800sqft,3040.0,3840.0
28,11267315,11369921,True,2,1,lot,8,+900sqft,3040.0,3940.0
28,11267315,11369921,True,2,1,lot,9,+1000sqft,3040.0,4040.0
28,11267315,11369921,True,2,1,lot,10,+1100sqft,3040.0,4140.0
28,11267315,11369921,True,2,1,lot,11,+1200sqft,3040.0,4240.0
28,11267315,11369921,True,2,1,lot,12,+1300sqft,3040.0,4340.0
28,11267315,11369921,True,2,1,lot,13,+1400sqft,3040.0,4440.0
28,11267315,11369921,True,2,1,lot,14,+1500sqft,3040.0,4540.0
28,11267315,11369921,True,2,1,lot,15,+1600sqft,3040.0,4640.0
28,11267315,11369921,True,2,1,lot,16,+1700sqft,3040.0,4740.0
28,11267315,11369921,True,2,1,lot,17,+1800sqft,3040.0,4840.0
28,11267315,11369921,True,2,1,lot,18,+1900sqft,3040.0,4940.0
28,11267315,11369921,True,2,1,lot,19,+2000sqft,3040.0,5040.0
28,11267315,11369921,True,2,1,lot,20,+2100sqft,3040.0,5140.0
28,11267315,11369921,True,2,1,lot,21,+2200sqft,3040.0,5240.0
28,11267315,11369921,True,2,1,lot,22,+2300sqft,3040.0,5340.0
28,11267315,11369921,True,2,1,lot,23,+2400sqft,3040.0,5440.0
28,11267315,11369921,True,2,1,lot,24,+2500sqft,3040.0,5540.0
28,11267315,11369921,True,2,1,lot,25,+2600sqft,3040.0,5640.0
28,11267315,11369921,True,2,1,lot,26,+2700sqft,3040.0,5740.0
28,11267315,11369921,True,2,1,lot,27,+2800sqft,3040.0,5840.0
28,11267315,11369921,True,2,1,lot,28,+2900sqft,3040.0,5940.0
28,11267315,11369921,True,2,1,lot,29,+3000sqft,3040.0,6040.0
28,11267315,11369921,True,2,1,lot,30,+3100sqft,3040.0,6140.0
28,11267315,11369921,True,2,1,lot,31,+3200sqft,3040.0,6240.0
28,11267315,11369921,True,2,1,lot,32,+3300sqft,3040.0,6340.0
28,11267315,11369921,True,2,1,lot,33,+3400sqft,3040.0,6440.0
28,11267315,11369921,True,2,1,lot,34,+3500sqft,3040.0,6540.0
28,11267315,11369921,True,2,1,lot,35,+3600sqft,3040.0,6640.0
28,11267315,11369921,True,2,1,lot,36,+3700sqft,3040.0,6740.0
28,11267315,11369921,True,2,1,lot,37,+3800sqft,3040.0,6840.0
28,11267315,11369921,True,2,1,lot,38,+3900sqft,3040.0,6940.0
28,11267315,11369921,True,2,1,lot,39,+4000sqft,3040.0,7040.0
28,11267315,11369921,True,2,1,lot,40,+4100sqft,3040.0,7140.0
28,11267315,11369921,True,2,1,lot,41,+4200sqft,3040.0,7240.0
28,11267315,11369921,True,2,1,lot,42,+4300sqft,3040.0,7340.0
28,11267315,11369921,True,2,1,lot,43,+4400sqft,3040.0,7440.0
28,11267315,11369921,True,2,1,lot,44,+4500sqft,3040.0,7540.0
28,11267315,11369921,True,2,1,lot,45,+4600sqft,3040.0,7640.0
28,11267315,11369921,True,2,1,lot,46,+4700sqft,3040.0,7740.0
28,11267315,11369921,True,2,1,lot,47,+4800sqft,3040.0,7840.0
28,11267315,11369921,True,2,1,lot,48,+4900sqft,3040.0,7940.0
28,11267315,11369921,True,2,1,lot,49,+5000sqft,3040.0,8040.0
29,11354685,11355581,True,2,1,bedrooms,0,+1,3.0,4.0
29,11354685,11355581,True,2,1,bedrooms,1,+2,3.0,5.0
29,11354685,11355581,True,2,1,bedrooms,2,+3,3.0,6.0
29,11354685,11355581,True,2,1,bedrooms,3,+4,3.0,7.0
29,11354685,11355581,True,2,1,bedrooms,4,+5,3.0,8.0
29,11354685,11355581,True,2,1,bedrooms,5,+6,3.0,9.0
29,11354685,11355581,True,2,1,bedrooms,6,+7,3.0,10.0
29,11354685,11355581,True,2,1,bathrooms,0,+1,1.0,2.0
29,11354685,11355581,True,2,1,bathrooms,1,+2,1.0,3.0
29,11354685,11355581,True,2,1,bathrooms,2,+3,1.0,4.0
29,11354685,11355581,True,2,1,bathrooms,3,+4,1.0,5.0
29,11354685,11355581,True,2,1,bathrooms,4,+5,1.0,6.0
29,11354685,11355581,True,2,1,bathrooms,5,+6,1.0,7.0
29,11354685,11355581,True,2,1,bathrooms,6,+7,1.0,8.0
29,11354685,11355581,True,2,1,bathrooms,7,+8,1.0,9.0
29,11354685,11355581,True,2,1,bathrooms,8,+9,1.0,10.0
29,11354685,11355581,True,2,1,yearBuilt,0,+2yr,1947.0,1949.0
29,11354685,11355581,True,2,1,yearBuilt,1,+4yr,1947.0,1951.0
29,11354685,11355581,True,2,1,yearBuilt,2,+6yr,1947.0,1953.0
29,11354685,11355581,True,2,1,yearBuilt,3,+8yr,1947.0,1955.0
29,11354685,11355581,True,2,1,yearBuilt,4,+10yr,1947.0,1957.0
29,11354685,11355581,True,2,1,yearBuilt,5,+12yr,1947.0,1959.0
29,11354685,11355581,True,2,1,yearBuilt,6,+14yr,1947.0,1961.0
29,11354685,11355581,True,2,1,yearBuilt,7,+16yr,1947.0,1963.0
29,11354685,11355581,True,2,1,yearBuilt,8,+18yr,1947.0,1965.0
29,11354685,11355581,True,2,1,yearBuilt,9,+20yr,1947.0,1967.0
29,11354685,11355581,True,2,1,yearBuilt,10,+22yr,1947.0,1969.0
29,11354685,11355581,True,2,1,yearBuilt,11,+24yr,1947.0,1971.0
29,11354685,11355581,True,2,1,yearBuilt,12,+26yr,1947.0,1973.0
29,11354685,11355581,True,2,1,yearBuilt,13,+28yr,1947.0,1975.0
29,11354685,11355581,True,2,1,yearBuilt,14,+30yr,1947.0,1977.0
29,11354685,11355581,True,2,1,yearBuilt,15,+32yr,1947.0,1979.0
29,11354685,11355581,True,2,1,yearBuilt,16,+34yr,1947.0,1981.0
29,11354685,11355581,True,2,1,yearBuilt,17,+36yr,1947.0,1983.0
29,11354685,11355581,True,2,1,yearBuilt,18,+38yr,1947.0,1985.0
29,11354685,11355581,True,2,1,yearBuilt,19,+40yr,1947.0,1987.0
29,11354685,11355581,True,2,1,yearBuilt,20,+42yr,1947.0,1989.0
29,11354685,11355581,True,2,1,yearBuilt,21,+44yr,1947.0,1991.0
29,11354685,11355581,True,2,1,yearBuilt,22,+46yr,1947.0,1993.0
29,11354685,11355581,True,2,1,yearBuilt,23,+48yr,1947.0,1995.0
29,11354685,11355581,True,2,1,yearBuilt,24,+50yr,1947.0,1997.0
29,11354685,11355581,True,2,1,yearBuilt,25,+52yr,1947.0,1999.0
29,11354685,11355581,True,2,1,yearBuilt,26,+54yr,1947.0,2001.0
29,11354685,11355581,True,2,1,yearBuilt,27,+56yr,1947.0,2003.0
29,11354685,11355581,True,2,1,yearBuilt,28,+58yr,1947.0,2005.0
29,11354685,11355581,True,2,1,yearBuilt,29,+60yr,1947.0,2007.0
29,11354685,11355581,True,2,1,yearBuilt,30,+62yr,1947.0,2009.0
29,11354685,11355581,True,2,1,yearBuilt,31,+64yr,1947.0,2011.0
29,11354685,11355581,True,2,1,yearBuilt,32,+66yr,1947.0,2013.0
29,11354685,11355581,True,2,1,yearBuilt,33,+68yr,1947.0,2015.0
29,11354685,11355581,True,2,1,yearBuilt,34,+70yr,1947.0,2017.0
29,11354685,11355581,True,2,1,yearBuilt,35,+72yr,1947.0,2019.0
29,11354685,11355581,True,2,1,yearBuilt,36,+74yr,1947.0,2021.0
29,11354685,11355581,True,2,1,yearBuilt,37,+76yr,1947.0,2023.0
29,11354685,11355581,True,2,1,yearBuilt,38,+78yr,1947.0,2025.0
29,11354685,11355581,True,2,1,lot,0,+100sqft,6499.0,6599.0
29,11354685,11355581,True,2,1,lot,1,+200sqft,6499.0,6699.0
29,11354685,11355581,True,2,1,lot,2,+300sqft,6499.0,6799.0
29,11354685,11355581,True,2,1,lot,3,+400sqft,6499.0,6899.0
29,11354685,11355581,True,2,1,lot,4,+500sqft,6499.0,6999.0
29,11354685,11355581,True,2,1,lot,5,+600sqft,6499.0,7099.0
29,11354685,11355581,True,2,1,lot,6,+700sqft,6499.0,7199.0
29,11354685,11355581,True,2,1,lot,7,+800sqft,6499.0,7299.0
29,11354685,11355581,True,2,1,lot,8,+900sqft,6499.0,7399.0
29,11354685,11355581,True,2,1,lot,9,+1000sqft,6499.0,7499.0
29,11354685,11355581,True,2,1,lot,10,+1100sqft,6499.0,7599.0
29,11354685,11355581,True,2,1,lot,11,+1200sqft,6499.0,7699.0
29,11354685,11355581,True,2,1,lot,12,+1300sqft,6499.0,7799.0
29,11354685,11355581,True,2,1,lot,13,+1400sqft,6499.0,7899.0
29,11354685,11355581,True,2,1,lot,14,+1500sqft,6499.0,7999.0
29,11354685,11355581,True,2,1,lot,15,+1600sqft,6499.0,8099.0
29,11354685,11355581,True,2,1,lot,16,+1700sqft,6499.0,8199.0
29,11354685,11355581,True,2,1,lot,17,+1800sqft,6499.0,8299.0
29,11354685,11355581,True,2,1,lot,18,+1900sqft,6499.0,8399.0
29,11354685,11355581,True,2,1,lot,19,+2000sqft,6499.0,8499.0
29,11354685,11355581,True,2,1,lot,20,+2100sqft,6499.0,8599.0
29,11354685,11355581,True,2,1,lot,21,+2200sqft,6499.0,8699.0
29,11354685,11355581,True,2,1,lot,22,+2300sqft,6499.0,8799.0
29,11354685,11355581,True,2,1,lot,23,+2400sqft,6499.0,8899.0
29,11354685,11355581,True,2,1,lot,24,+2500sqft,6499.0,8999.0
29,11354685,11355581,True,2,1,lot,25,+2600sqft,6499.0,9099.0
29,11354685,11355581,True,2,1,lot,26,+2700sqft,6499.0,9199.0
29,11354685,11355581,True,2,1,lot,27,+2800sqft,6499.0,9299.0
29,11354685,11355581,True,2,1,lot,28,+2900sqft,6499.0,9399.0
29,11354685,11355581,True,2,1,lot,29,+3000sqft,6499.0,9499.0
29,11354685,11355581,True,2,1,lot,30,+3100sqft,6499.0,9599.0
29,11354685,11355581,True,2,1,lot,31,+3200sqft,6499.0,9699.0
29,11354685,11355581,True,2,1,lot,32,+3300sqft,6499.0,9799.0
29,11354685,11355581,True,2,1,lot,33,+3400sqft,6499.0,9899.0
29,11354685,11355581,True,2,1,lot,34,+3500sqft,6499.0,9999.0
29,11354685,11355581,True,2,1,lot,35,+3600sqft,6499.0,10099.0
29,11354685,11355581,True,2,1,lot,36,+3700sqft,6499.0,10199.0
29,11354685,11355581,True,2,1,lot,37,+3800sqft,6499.0,10299.0
29,11354685,11355581,True,2,1,lot,38,+3900sqft,6499.0,10399.0
29,11354685,11355581,True,2,1,lot,39,+4000sqft,6499.0,10499.0
29,11354685,11355581,True,2,1,lot,40,+4100sqft,6499.0,10599.0
29,11354685,11355581,True,2,1,lot,41,+4200sqft,6499.0,10699.0
29,11354685,11355581,True,2,1,lot,42,+4300sqft,6499.0,10799.0
29,11354685,11355581,True,2,1,lot,43,+4400sqft,6499.0,10899.0
29,11354685,11355581,True,2,1,lot,44,+4500sqft,6499.0,10999.0
29,11354685,11355581,True,2,1,lot,45,+4600sqft,6499.0,11099.0
29,11354685,11355581,True,2,1,lot,46,+4700sqft,6499.0,11199.0
29,11354685,11355581,True,2,1,lot,47,+4800sqft,6499.0,11299.0
29,11354685,11355581,True,2,1,lot,48,+4900sqft,6499.0,11399.0
29,11354685,11355581,True,2,1,lot,49,+5000sqft,6499.0,11499.0
30,11275385,11275502,True,2,1,bedrooms,0,+1,3.0,4.0
30,11275385,11275502,True,2,1,bedrooms,1,+2,3.0,5.0
30,11275385,11275502,True,2,1,bedrooms,2,+3,3.0,6.0
30,11275385,11275502,True,2,1,bedrooms,3,+4,3.0,7.0
30,11275385,11275502,True,2,1,bedrooms,4,+5,3.0,8.0
30,11275385,11275502,True,2,1,bedrooms,5,+6,3.0,9.0
30,11275385,11275502,True,2,1,bedrooms,6,+7,3.0,10.0
30,11275385,11275502,True,2,1,bathrooms,0,+1,2.0,3.0
30,11275385,11275502,True,2,1,bathrooms,1,+2,2.0,4.0
30,11275385,11275502,True,2,1,bathrooms,2,+3,2.0,5.0
30,11275385,11275502,True,2,1,bathrooms,3,+4,2.0,6.0
30,11275385,11275502,True,2,1,bathrooms,4,+5,2.0,7.0
30,11275385,11275502,True,2,1,bathrooms,5,+6,2.0,8.0
30,11275385,11275502,True,2,1,bathrooms,6,+7,2.0,9.0
30,11275385,11275502,True,2,1,bathrooms,7,+8,2.0,10.0
30,11275385,11275502,True,2,1,yearBuilt,0,+2yr,1942.0,1944.0
30,11275385,11275502,True,2,1,yearBuilt,1,+4yr,1942.0,1946.0
30,11275385,11275502,True,2,1,yearBuilt,2,+6yr,1942.0,1948.0
30,11275385,11275502,True,2,1,yearBuilt,3,+8yr,1942.0,1950.0
30,11275385,11275502,True,2,1,yearBuilt,4,+10yr,1942.0,1952.0
30,11275385,11275502,True,2,1,yearBuilt,5,+12yr,1942.0,1954.0
30,11275385,11275502,True,2,1,yearBuilt,6,+14yr,1942.0,1956.0
30,11275385,11275502,True,2,1,yearBuilt,7,+16yr,1942.0,1958.0
30,11275385,11275502,True,2,1,yearBuilt,8,+18yr,1942.0,1960.0
30,11275385,11275502,True,2,1,yearBuilt,9,+20yr,1942.0,1962.0
30,11275385,11275502,True,2,1,yearBuilt,10,+22yr,1942.0,1964.0
30,11275385,11275502,True,2,1,yearBuilt,11,+24yr,1942.0,1966.0
30,11275385,11275502,True,2,1,yearBuilt,12,+26yr,1942.0,1968.0
30,11275385,11275502,True,2,1,yearBuilt,13,+28yr,1942.0,1970.0
30,11275385,11275502,True,2,1,yearBuilt,14,+30yr,1942.0,1972.0
30,11275385,11275502,True,2,1,yearBuilt,15,+32yr,1942.0,1974.0
30,11275385,11275502,True,2,1,yearBuilt,16,+34yr,1942.0,1976.0
30,11275385,11275502,True,2,1,yearBuilt,17,+36yr,1942.0,1978.0
30,11275385,11275502,True,2,1,yearBuilt,18,+38yr,1942.0,1980.0
30,11275385,11275502,True,2,1,yearBuilt,19,+40yr,1942.0,1982.0
30,11275385,11275502,True,2,1,yearBuilt,20,+42yr,1942.0,1984.0
30,11275385,11275502,True,2,1,yearBuilt,21,+44yr,1942.0,1986.0
30,11275385,11275502,True,2,1,yearBuilt,22,+46yr,1942.0,1988.0
30,11275385,11275502,True,2,1,yearBuilt,23,+48yr,1942.0,1990.0
30,11275385,11275502,True,2,1,yearBuilt,24,+50yr,1942.0,1992.0
30,11275385,11275502,True,2,1,yearBuilt,25,+52yr,1942.0,1994.0
30,11275385,11275502,True,2,1,yearBuilt,26,+54yr,1942.0,1996.0
30,11275385,11275502,True,2,1,yearBuilt,27,+56yr,1942.0,1998.0
30,11275385,11275502,True,2,1,yearBuilt,28,+58yr,1942.0,2000.0
30,11275385,11275502,True,2,1,yearBuilt,29,+60yr,1942.0,2002.0
30,11275385,11275502,True,2,1,yearBuilt,30,+62yr,1942.0,2004.0
30,11275385,11275502,True,2,1,yearBuilt,31,+64yr,1942.0,2006.0
30,11275385,11275502,True,2,1,yearBuilt,32,+66yr,1942.0,2008.0
30,11275385,11275502,True,2,1,yearBuilt,33,+68yr,1942.0,2010.0
30,11275385,11275502,True,2,1,yearBuilt,34,+70yr,1942.0,2012.0
30,11275385,11275502,True,2,1,yearBuilt,35,+72yr,1942.0,2014.0
30,11275385,11275502,True,2,1,yearBuilt,36,+74yr,1942.0,2016.0
30,11275385,11275502,True,2,1,yearBuilt,37,+76yr,1942.0,2018.0
30,11275385,11275502,True,2,1,yearBuilt,38,+78yr,1942.0,2020.0
30,11275385,11275502,True,2,1,yearBuilt,39,+80yr,1942.0,2022.0
30,11275385,11275502,True,2,1,yearBuilt,40,+82yr,1942.0,2024.0
30,11275385,11275502,True,2,1,lot,0,+100sqft,4159.0,4259.0
30,11275385,11275502,True,2,1,lot,1,+200sqft,4159.0,4359.0
30,11275385,11275502,True,2,1,lot,2,+300sqft,4159.0,4459.0
30,11275385,11275502,True,2,1,lot,3,+400sqft,4159.0,4559.0
30,11275385,11275502,True,2,1,lot,4,+500sqft,4159.0,4659.0
30,11275385,11275502,True,2,1,lot,5,+600sqft,4159.0,4759.0
30,11275385,11275502,True,2,1,lot,6,+700sqft,4159.0,4859.0
30,11275385,11275502,True,2,1,lot,7,+800sqft,4159.0,4959.0
30,11275385,11275502,True,2,1,lot,8,+900sqft,4159.0,5059.0
30,11275385,11275502,True,2,1,lot,9,+1000sqft,4159.0,5159.0
30,11275385,11275502,True,2,1,lot,10,+1100sqft,4159.0,5259.0
30,11275385,11275502,True,2,1,lot,11,+1200sqft,4159.0,5359.0
30,11275385,11275502,True,2,1,lot,12,+1300sqft,4159.0,5459.0
30,11275385,11275502,True,2,1,lot,13,+1400sqft,4159.0,5559.0
30,11275385,11275502,True,2,1,lot,14,+1500sqft,4159.0,5659.0
30,11275385,11275502,True,2,1,lot,15,+1600sqft,4159.0,5759.0
30,11275385,11275502,True,2,1,lot,16,+1700sqft,4159.0,5859.0
30,11275385,11275502,True,2,1,lot,17,+1800sqft,4159.0,5959.0
30,11275385,11275502,True,2,1,lot,18,+1900sqft,4159.0,6059.0
30,11275385,11275502,True,2,1,lot,19,+2000sqft,4159.0,6159.0
30,11275385,11275502,True,2,1,lot,20,+2100sqft,4159.0,6259.0
30,11275385,11275502,True,2,1,lot,21,+2200sqft,4159.0,6359.0
30,11275385,11275502,True,2,1,lot,22,+2300sqft,4159.0,6459.0
30,11275385,11275502,True,2,1,lot,23,+2400sqft,4159.0,6559.0
30,11275385,11275502,True,2,1,lot,24,+2500sqft,4159.0,6659.0
30,11275385,11275502,True,2,1,lot,25,+2600sqft,4159.0,6759.0
30,11275385,11275502,True,2,1,lot,26,+2700sqft,4159.0,6859.0
30,11275385,11275502,True,2,1,lot,27,+2800sqft,4159.0,6959.0
30,11275385,11275502,True,2,1,lot,28,+2900sqft,4159.0,7059.0
30,11275385,11275502,True,2,1,lot,29,+3000sqft,4159.0,7159.0
30,11275385,11275502,True,2,1,lot,30,+3100sqft,4159.0,7259.0
30,11275385,11275502,True,2,1,lot,31,+3200sqft,4159.0,7359.0
30,11275385,11275502,True,2,1,lot,32,+3300sqft,4159.0,7459.0
30,11275385,11275502,True,2,1,lot,33,+3400sqft,4159.0,7559.0
30,11275385,11275502,True,2,1,lot,34,+3500sqft,4159.0,7659.0
30,11275385,11275502,True,2,1,lot,35,+3600sqft,4159.0,7759.0
30,11275385,11275502,True,2,1,lot,36,+3700sqft,4159.0,7859.0
30,11275385,11275502,True,2,1,lot,37,+3800sqft,4159.0,7959.0
30,11275385,11275502,True,2,1,lot,38,+3900sqft,4159.0,8059.0
30,11275385,11275502,True,2,1,lot,39,+4000sqft,4159.0,8159.0
30,11275385,11275502,True,2,1,lot,40,+4100sqft,4159.0,8259.0
30,11275385,11275502,True,2,1,lot,41,+4200sqft,4159.0,8359.0
30,11275385,11275502,True,2,1,lot,42,+4300sqft,4159.0,8459.0
30,11275385,11275502,True,2,1,lot,43,+4400sqft,4159.0,8559.0
30,11275385,11275502,True,2,1,lot,44,+4500sqft,4159.0,8659.0
30,11275385,11275502,True,2,1,lot,45,+4600sqft,4159.0,8759.0
30,11275385,11275502,True,2,1,lot,46,+4700sqft,4159.0,8859.0
30,11275385,11275502,True,2,1,lot,47,+4800sqft,4159.0,8959.0
30,11275385,11275502,True,2,1,lot,48,+4900sqft,4159.0,9059.0
30,11275385,11275502,True,2,1,lot,49,+5000sqft,4159.0,9159.0
31,11343591,11344062,True,1,2,bedrooms,0,+1,3.0,4.0
31,11343591,11344062,True,1,2,bedrooms,1,+2,3.0,5.0
31,11343591,11344062,True,1,2,bedrooms,2,+3,3.0,6.0
31,11343591,11344062,True,1,2,bedrooms,3,+4,3.0,7.0
31,11343591,11344062,True,1,2,bedrooms,4,+5,3.0,8.0
31,11343591,11344062,True,1,2,bedrooms,5,+6,3.0,9.0
31,11343591,11344062,True,1,2,bedrooms,6,+7,3.0,10.0
31,11343591,11344062,True,1,2,bathrooms,0,+1,2.0,3.0
31,11343591,11344062,True,1,2,bathrooms,1,+2,2.0,4.0
31,11343591,11344062,True,1,2,bathrooms,2,+3,2.0,5.0
31,11343591,11344062,True,1,2,bathrooms,3,+4,2.0,6.0
31,11343591,11344062,True,1,2,bathrooms,4,+5,2.0,7.0
31,11343591,11344062,True,1,2,bathrooms,5,+6,2.0,8.0
31,11343591,11344062,True,1,2,bathrooms,6,+7,2.0,9.0
31,11343591,11344062,True,1,2,bathrooms,7,+8,2.0,10.0
31,11343591,11344062,True,1,2,yearBuilt,0,+2yr,1933.0,1935.0
31,11343591,11344062,True,1,2,yearBuilt,1,+4yr,1933.0,1937.0
31,11343591,11344062,True,1,2,yearBuilt,2,+6yr,1933.0,1939.0
31,11343591,11344062,True,1,2,yearBuilt,3,+8yr,1933.0,1941.0
31,11343591,11344062,True,1,2,yearBuilt,4,+10yr,1933.0,1943.0
31,11343591,11344062,True,1,2,yearBuilt,5,+12yr,1933.0,1945.0
31,11343591,11344062,True,1,2,yearBuilt,6,+14yr,1933.0,1947.0
31,11343591,11344062,True,1,2,yearBuilt,7,+16yr,1933.0,1949.0
31,11343591,11344062,True,1,2,yearBuilt,8,+18yr,1933.0,1951.0
31,11343591,11344062,True,1,2,yearBuilt,9,+20yr,1933.0,1953.0
31,11343591,11344062,True,1,2,yearBuilt,10,+22yr,1933.0,1955.0
31,11343591,11344062,True,1,2,yearBuilt,11,+24yr,1933.0,1957.0
31,11343591,11344062,True,1,2,yearBuilt,12,+26yr,1933.0,1959.0
31,11343591,11344062,True,1,2,yearBuilt,13,+28yr,1933.0,1961.0
31,11343591,11344062,True,1,2,yearBuilt,14,+30yr,1933.0,1963.0
31,11343591,11344062,True,1,2,yearBuilt,15,+32yr,1933.0,1965.0
31,11343591,11344062,True,1,2,yearBuilt,16,+34yr,1933.0,1967.0
31,11343591,11344062,True,1,2,yearBuilt,17,+36yr,1933.0,1969.0
31,11343591,11344062,True,1,2,yearBuilt,18,+38yr,1933.0,1971.0
31,11343591,11344062,True,1,2,yearBuilt,19,+40yr,1933.0,1973.0
31,11343591,11344062,True,1,2,yearBuilt,20,+42yr,1933.0,1975.0
31,11343591,11344062,True,1,2,yearBuilt,21,+44yr,1933.0,1977.0
31,11343591,11344062,True,1,2,yearBuilt,22,+46yr,1933.0,1979.0
31,11343591,11344062,True,1,2,yearBuilt,23,+48yr,1933.0,1981.0
31,11343591,11344062,True,1,2,yearBuilt,24,+50yr,1933.0,1983.0
31,11343591,11344062,True,1,2,yearBuilt,25,+52yr,1933.0,1985.0
31,11343591,11344062,True,1,2,yearBuilt,26,+54yr,1933.0,1987.0
31,11343591,11344062,True,1,2,yearBuilt,27,+56yr,1933.0,1989.0
31,11343591,11344062,True,1,2,yearBuilt,28,+58yr,1933.0,1991.0
31,11343591,11344062,True,1,2,yearBuilt,29,+60yr,1933.0,1993.0
31,11343591,11344062,True,1,2,yearBuilt,30,+62yr,1933.0,1995.0
31,11343591,11344062,True,1,2,yearBuilt,31,+64yr,1933.0,1997.0
31,11343591,11344062,True,1,2,yearBuilt,32,+66yr,1933.0,1999.0
31,11343591,11344062,True,1,2,yearBuilt,33,+68yr,1933.0,2001.0
31,11343591,11344062,True,1,2,yearBuilt,34,+70yr,1933.0,2003.0
31,11343591,11344062,True,1,2,yearBuilt,35,+72yr,1933.0,2005.0
31,11343591,11344062,True,1,2,yearBuilt,36,+74yr,1933.0,2007.0
31,11343591,11344062,True,1,2,yearBuilt,37,+76yr,1933.0,2009.0
31,11343591,11344062,True,1,2,yearBuilt,38,+78yr,1933.0,2011.0
31,11343591,11344062,True,1,2,yearBuilt,39,+80yr,1933.0,2013.0
31,11343591,11344062,True,1,2,yearBuilt,40,+82yr,1933.0,2015.0
31,11343591,11344062,True,1,2,yearBuilt,41,+84yr,1933.0,2017.0
31,11343591,11344062,True,1,2,yearBuilt,42,+86yr,1933.0,2019.0
31,11343591,11344062,True,1,2,yearBuilt,43,+88yr,1933.0,2021.0
31,11343591,11344062,True,1,2,yearBuilt,44,+90yr,1933.0,2023.0
31,11343591,11344062,True,1,2,yearBuilt,45,+92yr,1933.0,2025.0
31,11343591,11344062,True,1,2,lot,0,+100sqft,4199.0,4299.0
31,11343591,11344062,True,1,2,lot,1,+200sqft,4199.0,4399.0
31,11343591,11344062,True,1,2,lot,2,+300sqft,4199.0,4499.0
31,11343591,11344062,True,1,2,lot,3,+400sqft,4199.0,4599.0
31,11343591,11344062,True,1,2,lot,4,+500sqft,4199.0,4699.0
31,11343591,11344062,True,1,2,lot,5,+600sqft,4199.0,4799.0
31,11343591,11344062,True,1,2,lot,6,+700sqft,4199.0,4899.0
31,11343591,11344062,True,1,2,lot,7,+800sqft,4199.0,4999.0
31,11343591,11344062,True,1,2,lot,8,+900sqft,4199.0,5099.0
31,11343591,11344062,True,1,2,lot,9,+1000sqft,4199.0,5199.0
31,11343591,11344062,True,1,2,lot,10,+1100sqft,4199.0,5299.0
31,11343591,11344062,True,1,2,lot,11,+1200sqft,4199.0,5399.0
31,11343591,11344062,True,1,2,lot,12,+1300sqft,4199.0,5499.0
31,11343591,11344062,True,1,2,lot,13,+1400sqft,4199.0,5599.0
31,11343591,11344062,True,1,2,lot,14,+1500sqft,4199.0,5699.0
31,11343591,11344062,True,1,2,lot,15,+1600sqft,4199.0,5799.0
31,11343591,11344062,True,1,2,lot,16,+1700sqft,4199.0,5899.0
31,11343591,11344062,True,1,2,lot,17,+1800sqft,4199.0,5999.0
31,11343591,11344062,True,1,2,lot,18,+1900sqft,4199.0,6099.0
31,11343591,11344062,True,1,2,lot,19,+2000sqft,4199.0,6199.0
31,11343591,11344062,True,1,2,lot,20,+2100sqft,4199.0,6299.0
31,11343591,11344062,True,1,2,lot,21,+2200sqft,4199.0,6399.0
31,11343591,11344062,True,1,2,lot,22,+2300sqft,4199.0,6499.0
31,11343591,11344062,True,1,2,lot,23,+2400sqft,4199.0,6599.0
31,11343591,11344062,True,1,2,lot,24,+2500sqft,4199.0,6699.0
31,11343591,11344062,True,1,2,lot,25,+2600sqft,4199.0,6799.0
31,11343591,11344062,True,1,2,lot,26,+2700sqft,4199.0,6899.0
31,11343591,11344062,True,1,2,lot,27,+2800sqft,4199.0,6999.0
31,11343591,11344062,True,1,2,lot,28,+2900sqft,4199.0,7099.0
31,11343591,11344062,True,1,2,lot,29,+3000sqft,4199.0,7199.0
31,11343591,11344062,True,1,2,lot,30,+3100sqft,4199.0,7299.0
31,11343591,11344062,True,1,2,lot,31,+3200sqft,4199.0,7399.0
31,11343591,11344062,True,1,2,lot,32,+3300sqft,4199.0,7499.0
31,11343591,11344062,True,1,2,lot,33,+3400sqft,4199.0,7599.0
31,11343591,11344062,True,1,2,lot,34,+3500sqft,4199.0,7699.0
31,11343591,11344062,True,1,2,lot,35,+3600sqft,4199.0,7799.0
31,11343591,11344062,True,1,2,lot,36,+3700sqft,4199.0,7899.0
31,11343591,11344062,True,1,2,lot,37,+3800sqft,4199.0,7999.0
31,11343591,11344062,True,1,2,lot,38,+3900sqft,4199.0,8099.0
31,11343591,11344062,True,1,2,lot,39,+4000sqft,4199.0,8199.0
31,11343591,11344062,True,1,2,lot,40,+4100sqft,4199.0,8299.0
31,11343591,11344062,True,1,2,lot,41,+4200sqft,4199.0,8399.0
31,11343591,11344062,True,1,2,lot,42,+4300sqft,4199.0,8499.0
31,11343591,11344062,True,1,2,lot,43,+4400sqft,4199.0,8599.0
31,11343591,11344062,True,1,2,lot,44,+4500sqft,4199.0,8699.0
31,11343591,11344062,True,1,2,lot,45,+4600sqft,4199.0,8799.0
31,11343591,11344062,True,1,2,lot,46,+4700sqft,4199.0,8899.0
31,11343591,11344062,True,1,2,lot,47,+4800sqft,4199.0,8999.0
31,11343591,11344062,True,1,2,lot,48,+4900sqft,4199.0,9099.0
31,11343591,11344062,True,1,2,lot,49,+5000sqft,4199.0,9199.0
32,11642781,11643821,True,1,2,bedrooms,0,+1,3.0,4.0
32,11642781,11643821,True,1,2,bedrooms,1,+2,3.0,5.0
32,11642781,11643821,True,1,2,bedrooms,2,+3,3.0,6.0
32,11642781,11643821,True,1,2,bedrooms,3,+4,3.0,7.0
32,11642781,11643821,True,1,2,bedrooms,4,+5,3.0,8.0
32,11642781,11643821,True,1,2,bedrooms,5,+6,3.0,9.0
32,11642781,11643821,True,1,2,bedrooms,6,+7,3.0,10.0
32,11642781,11643821,True,1,2,bathrooms,0,+1,3.0,4.0
32,11642781,11643821,True,1,2,bathrooms,1,+2,3.0,5.0
32,11642781,11643821,True,1,2,bathrooms,2,+3,3.0,6.0
32,11642781,11643821,True,1,2,bathrooms,3,+4,3.0,7.0
32,11642781,11643821,True,1,2,bathrooms,4,+5,3.0,8.0
32,11642781,11643821,True,1,2,bathrooms,5,+6,3.0,9.0
32,11642781,11643821,True,1,2,bathrooms,6,+7,3.0,10.0
32,11642781,11643821,True,1,2,yearBuilt,0,+2yr,1950.0,1952.0
32,11642781,11643821,True,1,2,yearBuilt,1,+4yr,1950.0,1954.0
32,11642781,11643821,True,1,2,yearBuilt,2,+6yr,1950.0,1956.0
32,11642781,11643821,True,1,2,yearBuilt,3,+8yr,1950.0,1958.0
32,11642781,11643821,True,1,2,yearBuilt,4,+10yr,1950.0,1960.0
32,11642781,11643821,True,1,2,yearBuilt,5,+12yr,1950.0,1962.0
32,11642781,11643821,True,1,2,yearBuilt,6,+14yr,1950.0,1964.0
32,11642781,11643821,True,1,2,yearBuilt,7,+16yr,1950.0,1966.0
32,11642781,11643821,True,1,2,yearBuilt,8,+18yr,1950.0,1968.0
32,11642781,11643821,True,1,2,yearBuilt,9,+20yr,1950.0,1970.0
32,11642781,11643821,True,1,2,yearBuilt,10,+22yr,1950.0,1972.0
32,11642781,11643821,True,1,2,yearBuilt,11,+24yr,1950.0,1974.0
32,11642781,11643821,True,1,2,yearBuilt,12,+26yr,1950.0,1976.0
32,11642781,11643821,True,1,2,yearBuilt,13,+28yr,1950.0,1978.0
32,11642781,11643821,True,1,2,yearBuilt,14,+30yr,1950.0,1980.0
32,11642781,11643821,True,1,2,yearBuilt,15,+32yr,1950.0,1982.0
32,11642781,11643821,True,1,2,yearBuilt,16,+34yr,1950.0,1984.0
32,11642781,11643821,True,1,2,yearBuilt,17,+36yr,1950.0,1986.0
32,11642781,11643821,True,1,2,yearBuilt,18,+38yr,1950.0,1988.0
32,11642781,11643821,True,1,2,yearBuilt,19,+40yr,1950.0,1990.0
32,11642781,11643821,True,1,2,yearBuilt,20,+42yr,1950.0,1992.0
32,11642781,11643821,True,1,2,yearBuilt,21,+44yr,1950.0,1994.0
32,11642781,11643821,True,1,2,yearBuilt,22,+46yr,1950.0,1996.0
32,11642781,11643821,True,1,2,yearBuilt,23,+48yr,1950.0,1998.0
32,11642781,11643821,True,1,2,yearBuilt,24,+50yr,1950.0,2000.0
32,11642781,11643821,True,1,2,yearBuilt,25,+52yr,1950.0,2002.0
32,11642781,11643821,True,1,2,yearBuilt,26,+54yr,1950.0,2004.0
32,11642781,11643821,True,1,2,yearBuilt,27,+56yr,1950.0,2006.0
32,11642781,11643821,True,1,2,yearBuilt,28,+58yr,1950.0,2008.0
32,11642781,11643821,True,1,2,yearBuilt,29,+60yr,1950.0,2010.0
32,11642781,11643821,True,1,2,yearBuilt,30,+62yr,1950.0,2012.0
32,11642781,11643821,True,1,2,yearBuilt,31,+64yr,1950.0,2014.0
32,11642781,11643821,True,1,2,yearBuilt,32,+66yr,1950.0,2016.0
32,11642781,11643821,True,1,2,yearBuilt,33,+68yr,1950.0,2018.0
32,11642781,11643821,True,1,2,yearBuilt,34,+70yr,1950.0,2020.0
32,11642781,11643821,True,1,2,yearBuilt,35,+72yr,1950.0,2022.0
32,11642781,11643821,True,1,2,yearBuilt,36,+74yr,1950.0,2024.0
32,11642781,11643821,True,1,2,lot,0,+100sqft,0.72,0.7223
32,11642781,11643821,True,1,2,lot,1,+200sqft,0.72,0.7246
32,11642781,11643821,True,1,2,lot,2,+300sqft,0.72,0.7269
32,11642781,11643821,True,1,2,lot,3,+400sqft,0.72,0.7292
32,11642781,11643821,True,1,2,lot,4,+500sqft,0.72,0.7315
32,11642781,11643821,True,1,2,lot,5,+600sqft,0.72,0.7338
32,11642781,11643821,True,1,2,lot,6,+700sqft,0.72,0.7361
32,11642781,11643821,True,1,2,lot,7,+800sqft,0.72,0.7384
32,11642781,11643821,True,1,2,lot,8,+900sqft,0.72,0.7407
32,11642781,11643821,True,1,2,lot,9,+1000sqft,0.72,0.743
32,11642781,11643821,True,1,2,lot,10,+1100sqft,0.72,0.7453
32,11642781,11643821,True,1,2,lot,11,+1200sqft,0.72,0.7475
32,11642781,11643821,True,1,2,lot,12,+1300sqft,0.72,0.7498
32,11642781,11643821,True,1,2,lot,13,+1400sqft,0.72,0.7521
32,11642781,11643821,True,1,2,lot,14,+1500sqft,0.72,0.7544
32,11642781,11643821,True,1,2,lot,15,+1600sqft,0.72,0.7567
32,11642781,11643821,True,1,2,lot,16,+1700sqft,0.72,0.759
32,11642781,11643821,True,1,2,lot,17,+1800sqft,0.72,0.7613
32,11642781,11643821,True,1,2,lot,18,+1900sqft,0.72,0.7636
32,11642781,11643821,True,1,2,lot,19,+2000sqft,0.72,0.7659
32,11642781,11643821,True,1,2,lot,20,+2100sqft,0.72,0.7682
32,11642781,11643821,True,1,2,lot,21,+2200sqft,0.72,0.7705
32,11642781,11643821,True,1,2,lot,22,+2300sqft,0.72,0.7728
32,11642781,11643821,True,1,2,lot,23,+2400sqft,0.72,0.7751
32,11642781,11643821,True,1,2,lot,24,+2500sqft,0.72,0.7774
32,11642781,11643821,True,1,2,lot,25,+2600sqft,0.72,0.7797
32,11642781,11643821,True,1,2,lot,26,+2700sqft,0.72,0.782
32,11642781,11643821,True,1,2,lot,27,+2800sqft,0.72,0.7843
32,11642781,11643821,True,1,2,lot,28,+2900sqft,0.72,0.7866
32,11642781,11643821,True,1,2,lot,29,+3000sqft,0.72,0.7889
32,11642781,11643821,True,1,2,lot,30,+3100sqft,0.72,0.7912
32,11642781,11643821,True,1,2,lot,31,+3200sqft,0.72,0.7935
32,11642781,11643821,True,1,2,lot,32,+3300sqft,0.72,0.7958
32,11642781,11643821,True,1,2,lot,33,+3400sqft,0.72,0.7981
32,11642781,11643821,True,1,2,lot,34,+3500sqft,0.72,0.8003
32,11642781,11643821,True,1,2,lot,35,+3600sqft,0.72,0.8026
32,11642781,11643821,True,1,2,lot,36,+3700sqft,0.72,0.8049
32,11642781,11643821,True,1,2,lot,37,+3800sqft,0.72,0.8072
32,11642781,11643821,True,1,2,lot,38,+3900sqft,0.72,0.8095
32,11642781,11643821,True,1,2,lot,39,+4000sqft,0.72,0.8118
32,11642781,11643821,True,1,2,lot,40,+4100sqft,0.72,0.8141
32,11642781,11643821,True,1,2,lot,41,+4200sqft,0.72,0.8164
32,11642781,11643821,True,1,2,lot,42,+4300sqft,0.72,0.8187
32,11642781,11643821,True,1,2,lot,43,+4400sqft,0.72,0.821
32,11642781,11643821,True,1,2,lot,44,+4500sqft,0.72,0.8233
32,11642781,11643821,True,1,2,lot,45,+4600sqft,0.72,0.8256
32,11642781,11643821,True,1,2,lot,46,+4700sqft,0.72,0.8279
32,11642781,11643821,True,1,2,lot,47,+4800sqft,0.72,0.8302
32,11642781,11643821,True,1,2,lot,48,+4900sqft,0.72,0.8325
32,11642781,11643821,True,1,2,lot,49,+5000sqft,0.72,0.8348
33,11277964,11620016,True,1,2,bedrooms,0,+1,2.0,3.0
33,11277964,11620016,True,1,2,bedrooms,1,+2,2.0,4.0
33,11277964,11620016,True,1,2,bedrooms,2,+3,2.0,5.0
33,11277964,11620016,True,1,2,bedrooms,3,+4,2.0,6.0
33,11277964,11620016,True,1,2,bedrooms,4,+5,2.0,7.0
33,11277964,11620016,True,1,2,bedrooms,5,+6,2.0,8.0
33,11277964,11620016,True,1,2,bedrooms,6,+7,2.0,9.0
33,11277964,11620016,True,1,2,bedrooms,7,+8,2.0,10.0
33,11277964,11620016,True,1,2,bathrooms,0,+1,1.0,2.0
33,11277964,11620016,True,1,2,bathrooms,1,+2,1.0,3.0
33,11277964,11620016,True,1,2,bathrooms,2,+3,1.0,4.0
33,11277964,11620016,True,1,2,bathrooms,3,+4,1.0,5.0
33,11277964,11620016,True,1,2,bathrooms,4,+5,1.0,6.0
33,11277964,11620016,True,1,2,bathrooms,5,+6,1.0,7.0
33,11277964,11620016,True,1,2,bathrooms,6,+7,1.0,8.0
33,11277964,11620016,True,1,2,bathrooms,7,+8,1.0,9.0
33,11277964,11620016,True,1,2,bathrooms,8,+9,1.0,10.0
33,11277964,11620016,True,1,2,yearBuilt,0,+2yr,1925.0,1927.0
33,11277964,11620016,True,1,2,yearBuilt,1,+4yr,1925.0,1929.0
33,11277964,11620016,True,1,2,yearBuilt,2,+6yr,1925.0,1931.0
33,11277964,11620016,True,1,2,yearBuilt,3,+8yr,1925.0,1933.0
33,11277964,11620016,True,1,2,yearBuilt,4,+10yr,1925.0,1935.0
33,11277964,11620016,True,1,2,yearBuilt,5,+12yr,1925.0,1937.0
33,11277964,11620016,True,1,2,yearBuilt,6,+14yr,1925.0,1939.0
33,11277964,11620016,True,1,2,yearBuilt,7,+16yr,1925.0,1941.0
33,11277964,11620016,True,1,2,yearBuilt,8,+18yr,1925.0,1943.0
33,11277964,11620016,True,1,2,yearBuilt,9,+20yr,1925.0,1945.0
33,11277964,11620016,True,1,2,yearBuilt,10,+22yr,1925.0,1947.0
33,11277964,11620016,True,1,2,yearBuilt,11,+24yr,1925.0,1949.0
33,11277964,11620016,True,1,2,yearBuilt,12,+26yr,1925.0,1951.0
33,11277964,11620016,True,1,2,yearBuilt,13,+28yr,1925.0,1953.0
33,11277964,11620016,True,1,2,yearBuilt,14,+30yr,1925.0,1955.0
33,11277964,11620016,True,1,2,yearBuilt,15,+32yr,1925.0,1957.0
33,11277964,11620016,True,1,2,yearBuilt,16,+34yr,1925.0,1959.0
33,11277964,11620016,True,1,2,yearBuilt,17,+36yr,1925.0,1961.0
33,11277964,11620016,True,1,2,yearBuilt,18,+38yr,1925.0,1963.0
33,11277964,11620016,True,1,2,yearBuilt,19,+40yr,1925.0,1965.0
33,11277964,11620016,True,1,2,yearBuilt,20,+42yr,1925.0,1967.0
33,11277964,11620016,True,1,2,yearBuilt,21,+44yr,1925.0,1969.0
33,11277964,11620016,True,1,2,yearBuilt,22,+46yr,1925.0,1971.0
33,11277964,11620016,True,1,2,yearBuilt,23,+48yr,1925.0,1973.0
33,11277964,11620016,True,1,2,yearBuilt,24,+50yr,1925.0,1975.0
33,11277964,11620016,True,1,2,yearBuilt,25,+52yr,1925.0,1977.0
33,11277964,11620016,True,1,2,yearBuilt,26,+54yr,1925.0,1979.0
33,11277964,11620016,True,1,2,yearBuilt,27,+56yr,1925.0,1981.0
33,11277964,11620016,True,1,2,yearBuilt,28,+58yr,1925.0,1983.0
33,11277964,11620016,True,1,2,yearBuilt,29,+60yr,1925.0,1985.0
33,11277964,11620016,True,1,2,yearBuilt,30,+62yr,1925.0,1987.0
33,11277964,11620016,True,1,2,yearBuilt,31,+64yr,1925.0,1989.0
33,11277964,11620016,True,1,2,yearBuilt,32,+66yr,1925.0,1991.0
33,11277964,11620016,True,1,2,yearBuilt,33,+68yr,1925.0,1993.0
33,11277964,11620016,True,1,2,yearBuilt,34,+70yr,1925.0,1995.0
33,11277964,11620016,True,1,2,yearBuilt,35,+72yr,1925.0,1997.0
33,11277964,11620016,True,1,2,yearBuilt,36,+74yr,1925.0,1999.0
33,11277964,11620016,True,1,2,yearBuilt,37,+76yr,1925.0,2001.0
33,11277964,11620016,True,1,2,yearBuilt,38,+78yr,1925.0,2003.0
33,11277964,11620016,True,1,2,yearBuilt,39,+80yr,1925.0,2005.0
33,11277964,11620016,True,1,2,yearBuilt,40,+82yr,1925.0,2007.0
33,11277964,11620016,True,1,2,yearBuilt,41,+84yr,1925.0,2009.0
33,11277964,11620016,True,1,2,yearBuilt,42,+86yr,1925.0,2011.0
33,11277964,11620016,True,1,2,yearBuilt,43,+88yr,1925.0,2013.0
33,11277964,11620016,True,1,2,yearBuilt,44,+90yr,1925.0,2015.0
33,11277964,11620016,True,1,2,yearBuilt,45,+92yr,1925.0,2017.0
33,11277964,11620016,True,1,2,yearBuilt,46,+94yr,1925.0,2019.0
33,11277964,11620016,True,1,2,lot,0,+100sqft,2565.0,2665.0
33,11277964,11620016,True,1,2,lot,1,+200sqft,2565.0,2765.0
33,11277964,11620016,True,1,2,lot,2,+300sqft,2565.0,2865.0
33,11277964,11620016,True,1,2,lot,3,+400sqft,2565.0,2965.0
33,11277964,11620016,True,1,2,lot,4,+500sqft,2565.0,3065.0
33,11277964,11620016,True,1,2,lot,5,+600sqft,2565.0,3165.0
33,11277964,11620016,True,1,2,lot,6,+700sqft,2565.0,3265.0
33,11277964,11620016,True,1,2,lot,7,+800sqft,2565.0,3365.0
33,11277964,11620016,True,1,2,lot,8,+900sqft,2565.0,3465.0
33,11277964,11620016,True,1,2,lot,9,+1000sqft,2565.0,3565.0
33,11277964,11620016,True,1,2,lot,10,+1100sqft,2565.0,3665.0
33,11277964,11620016,True,1,2,lot,11,+1200sqft,2565.0,3765.0
33,11277964,11620016,True,1,2,lot,12,+1300sqft,2565.0,3865.0
33,11277964,11620016,True,1,2,lot,13,+1400sqft,2565.0,3965.0
33,11277964,11620016,True,1,2,lot,14,+1500sqft,2565.0,4065.0
33,11277964,11620016,True,1,2,lot,15,+1600sqft,2565.0,4165.0
33,11277964,11620016,True,1,2,lot,16,+1700sqft,2565.0,4265.0
33,11277964,11620016,True,1,2,lot,17,+1800sqft,2565.0,4365.0
33,11277964,11620016,True,1,2,lot,18,+1900sqft,2565.0,4465.0
33,11277964,11620016,True,1,2,lot,19,+2000sqft,2565.0,4565.0
33,11277964,11620016,True,1,2,lot,20,+2100sqft,2565.0,4665.0
33,11277964,11620016,True,1,2,lot,21,+2200sqft,2565.0,4765.0
33,11277964,11620016,True,1,2,lot,22,+2300sqft,2565.0,4865.0
33,11277964,11620016,True,1,2,lot,23,+2400sqft,2565.0,4965.0
33,11277964,11620016,True,1,2,lot,24,+2500sqft,2565.0,5065.0
33,11277964,11620016,True,1,2,lot,25,+2600sqft,2565.0,5165.0
33,11277964,11620016,True,1,2,lot,26,+2700sqft,2565.0,5265.0
33,11277964,11620016,True,1,2,lot,27,+2800sqft,2565.0,5365.0
33,11277964,11620016,True,1,2,lot,28,+2900sqft,2565.0,5465.0
33,11277964,11620016,True,1,2,lot,29,+3000sqft,2565.0,5565.0
33,11277964,11620016,True,1,2,lot,30,+3100sqft,2565.0,5665.0
33,11277964,11620016,True,1,2,lot,31,+3200sqft,2565.0,5765.0
33,11277964,11620016,True,1,2,lot,32,+3300sqft,2565.0,5865.0
33,11277964,11620016,True,1,2,lot,33,+3400sqft,2565.0,5965.0
33,11277964,11620016,True,1,2,lot,34,+3500sqft,2565.0,6065.0
33,11277964,11620016,True,1,2,lot,35,+3600sqft,2565.0,6165.0
33,11277964,11620016,True,1,2,lot,36,+3700sqft,2565.0,6265.0
33,11277964,11620016,True,1,2,lot,37,+3800sqft,2565.0,6365.0
33,11277964,11620016,True,1,2,lot,38,+3900sqft,2565.0,6465.0
33,11277964,11620016,True,1,2,lot,39,+4000sqft,2565.0,6565.0
33,11277964,11620016,True,1,2,lot,40,+4100sqft,2565.0,6665.0
33,11277964,11620016,True,1,2,lot,41,+4200sqft,2565.0,6765.0
33,11277964,11620016,True,1,2,lot,42,+4300sqft,2565.0,6865.0
33,11277964,11620016,True,1,2,lot,43,+4400sqft,2565.0,6965.0
33,11277964,11620016,True,1,2,lot,44,+4500sqft,2565.0,7065.0
33,11277964,11620016,True,1,2,lot,45,+4600sqft,2565.0,7165.0
33,11277964,11620016,True,1,2,lot,46,+4700sqft,2565.0,7265.0
33,11277964,11620016,True,1,2,lot,47,+4800sqft,2565.0,7365.0
33,11277964,11620016,True,1,2,lot,48,+4900sqft,2565.0,7465.0
33,11277964,11620016,True,1,2,lot,49,+5000sqft,2565.0,7565.0
34,11533433,11568209,True,1,2,bedrooms,0,+1,3.0,4.0
34,11533433,11568209,True,1,2,bedrooms,1,+2,3.0,5.0
34,11533433,11568209,True,1,2,bedrooms,2,+3,3.0,6.0
34,11533433,11568209,True,1,2,bedrooms,3,+4,3.0,7.0
34,11533433,11568209,True,1,2,bedrooms,4,+5,3.0,8.0
34,11533433,11568209,True,1,2,bedrooms,5,+6,3.0,9.0
34,11533433,11568209,True,1,2,bedrooms,6,+7,3.0,10.0
34,11533433,11568209,True,1,2,bathrooms,0,+1,2.0,3.0
34,11533433,11568209,True,1,2,bathrooms,1,+2,2.0,4.0
34,11533433,11568209,True,1,2,bathrooms,2,+3,2.0,5.0
34,11533433,11568209,True,1,2,bathrooms,3,+4,2.0,6.0
34,11533433,11568209,True,1,2,bathrooms,4,+5,2.0,7.0
34,11533433,11568209,True,1,2,bathrooms,5,+6,2.0,8.0
34,11533433,11568209,True,1,2,bathrooms,6,+7,2.0,9.0
34,11533433,11568209,True,1,2,bathrooms,7,+8,2.0,10.0
34,11533433,11568209,True,1,2,yearBuilt,0,+2yr,1967.0,1969.0
34,11533433,11568209,True,1,2,yearBuilt,1,+4yr,1967.0,1971.0
34,11533433,11568209,True,1,2,yearBuilt,2,+6yr,1967.0,1973.0
34,11533433,11568209,True,1,2,yearBuilt,3,+8yr,1967.0,1975.0
34,11533433,11568209,True,1,2,yearBuilt,4,+10yr,1967.0,1977.0
34,11533433,11568209,True,1,2,yearBuilt,5,+12yr,1967.0,1979.0
34,11533433,11568209,True,1,2,yearBuilt,6,+14yr,1967.0,1981.0
34,11533433,11568209,True,1,2,yearBuilt,7,+16yr,1967.0,1983.0
34,11533433,11568209,True,1,2,yearBuilt,8,+18yr,1967.0,1985.0
34,11533433,11568209,True,1,2,yearBuilt,9,+20yr,1967.0,1987.0
34,11533433,11568209,True,1,2,yearBuilt,10,+22yr,1967.0,1989.0
34,11533433,11568209,True,1,2,yearBuilt,11,+24yr,1967.0,1991.0
34,11533433,11568209,True,1,2,yearBuilt,12,+26yr,1967.0,1993.0
34,11533433,11568209,True,1,2,yearBuilt,13,+28yr,1967.0,1995.0
34,11533433,11568209,True,1,2,yearBuilt,14,+30yr,1967.0,1997.0
34,11533433,11568209,True,1,2,yearBuilt,15,+32yr,1967.0,1999.0
34,11533433,11568209,True,1,2,yearBuilt,16,+34yr,1967.0,2001.0
34,11533433,11568209,True,1,2,yearBuilt,17,+36yr,1967.0,2003.0
34,11533433,11568209,True,1,2,yearBuilt,18,+38yr,1967.0,2005.0
34,11533433,11568209,True,1,2,yearBuilt,19,+40yr,1967.0,2007.0
34,11533433,11568209,True,1,2,yearBuilt,20,+42yr,1967.0,2009.0
34,11533433,11568209,True,1,2,yearBuilt,21,+44yr,1967.0,2011.0
34,11533433,11568209,True,1,2,yearBuilt,22,+46yr,1967.0,2013.0
34,11533433,11568209,True,1,2,yearBuilt,23,+48yr,1967.0,2015.0
34,11533433,11568209,True,1,2,yearBuilt,24,+50yr,1967.0,2017.0
34,11533433,11568209,True,1,2,yearBuilt,25,+52yr,1967.0,2019.0
34,11533433,11568209,True,1,2,yearBuilt,26,+54yr,1967.0,2021.0
34,11533433,11568209,True,1,2,yearBuilt,27,+56yr,1967.0,2023.0
34,11533433,11568209,True,1,2,yearBuilt,28,+58yr,1967.0,2025.0
34,11533433,11568209,True,1,2,lot,0,+100sqft,7832.0,7932.0
34,11533433,11568209,True,1,2,lot,1,+200sqft,7832.0,8032.0
34,11533433,11568209,True,1,2,lot,2,+300sqft,7832.0,8132.0
34,11533433,11568209,True,1,2,lot,3,+400sqft,7832.0,8232.0
34,11533433,11568209,True,1,2,lot,4,+500sqft,7832.0,8332.0
34,11533433,11568209,True,1,2,lot,5,+600sqft,7832.0,8432.0
34,11533433,11568209,True,1,2,lot,6,+700sqft,7832.0,8532.0
34,11533433,11568209,True,1,2,lot,7,+800sqft,7832.0,8632.0
34,11533433,11568209,True,1,2,lot,8,+900sqft,7832.0,8732.0
34,11533433,11568209,True,1,2,lot,9,+1000sqft,7832.0,8832.0
34,11533433,11568209,True,1,2,lot,10,+1100sqft,7832.0,8932.0
34,11533433,11568209,True,1,2,lot,11,+1200sqft,7832.0,9032.0
34,11533433,11568209,True,1,2,lot,12,+1300sqft,7832.0,9132.0
34,11533433,11568209,True,1,2,lot,13,+1400sqft,7832.0,9232.0
34,11533433,11568209,True,1,2,lot,14,+1500sqft,7832.0,9332.0
34,11533433,11568209,True,1,2,lot,15,+1600sqft,7832.0,9432.0
34,11533433,11568209,True,1,2,lot,16,+1700sqft,7832.0,9532.0
34,11533433,11568209,True,1,2,lot,17,+1800sqft,7832.0,9632.0
34,11533433,11568209,True,1,2,lot,18,+1900sqft,7832.0,9732.0
34,11533433,11568209,True,1,2,lot,19,+2000sqft,7832.0,9832.0
34,11533433,11568209,True,1,2,lot,20,+2100sqft,7832.0,9932.0
34,11533433,11568209,True,1,2,lot,21,+2200sqft,7832.0,10032.0
34,11533433,11568209,True,1,2,lot,22,+2300sqft,7832.0,10132.0
34,11533433,11568209,True,1,2,lot,23,+2400sqft,7832.0,10232.0
34,11533433,11568209,True,1,2,lot,24,+2500sqft,7832.0,10332.0
34,11533433,11568209,True,1,2,lot,25,+2600sqft,7832.0,10432.0
34,11533433,11568209,True,1,2,lot,26,+2700sqft,7832.0,10532.0
34,11533433,11568209,True,1,2,lot,27,+2800sqft,7832.0,10632.0
34,11533433,11568209,True,1,2,lot,28,+2900sqft,7832.0,10732.0
34,11533433,11568209,True,1,2,lot,29,+3000sqft,7832.0,10832.0
34,11533433,11568209,True,1,2,lot,30,+3100sqft,7832.0,10932.0
34,11533433,11568209,True,1,2,lot,31,+3200sqft,7832.0,11032.0
34,11533433,11568209,True,1,2,lot,32,+3300sqft,7832.0,11132.0
34,11533433,11568209,True,1,2,lot,33,+3400sqft,7832.0,11232.0
34,11533433,11568209,True,1,2,lot,34,+3500sqft,7832.0,11332.0
34,11533433,11568209,True,1,2,lot,35,+3600sqft,7832.0,11432.0
34,11533433,11568209,True,1,2,lot,36,+3700sqft,7832.0,11532.0
34,11533433,11568209,True,1,2,lot,37,+3800sqft,7832.0,11632.0
34,11533433,11568209,True,1,2,lot,38,+3900sqft,7832.0,11732.0
34,11533433,11568209,True,1,2,lot,39,+4000sqft,7832.0,11832.0
34,11533433,11568209,True,1,2,lot,40,+4100sqft,7832.0,11932.0
34,11533433,11568209,True,1,2,lot,41,+4200sqft,7832.0,12032.0
34,11533433,11568209,True,1,2,lot,42,+4300sqft,7832.0,12132.0
34,11533433,11568209,True,1,2,lot,43,+4400sqft,7832.0,12232.0
34,11533433,11568209,True,1,2,lot,44,+4500sqft,7832.0,12332.0
34,11533433,11568209,True,1,2,lot,45,+4600sqft,7832.0,12432.0
34,11533433,11568209,True,1,2,lot,46,+4700sqft,7832.0,12532.0
34,11533433,11568209,True,1,2,lot,47,+4800sqft,7832.0,12632.0
34,11533433,11568209,True,1,2,lot,48,+4900sqft,7832.0,12732.0
34,11533433,11568209,True,1,2,lot,49,+5000sqft,7832.0,12832.0
35,11557965,11618233,True,2,1,bedrooms,0,+1,4.0,5.0
35,11557965,11618233,True,2,1,bedrooms,1,+2,4.0,6.0
35,11557965,11618233,True,2,1,bedrooms,2,+3,4.0,7.0
35,11557965,11618233,True,2,1,bedrooms,3,+4,4.0,8.0
35,11557965,11618233,True,2,1,bedrooms,4,+5,4.0,9.0
35,11557965,11618233,True,2,1,bedrooms,5,+6,4.0,10.0
35,11557965,11618233,True,2,1,bathrooms,0,+1,3.0,4.0
35,11557965,11618233,True,2,1,bathrooms,1,+2,3.0,5.0
35,11557965,11618233,True,2,1,bathrooms,2,+3,3.0,6.0
35,11557965,11618233,True,2,1,bathrooms,3,+4,3.0,7.0
35,11557965,11618233,True,2,1,bathrooms,4,+5,3.0,8.0
35,11557965,11618233,True,2,1,bathrooms,5,+6,3.0,9.0
35,11557965,11618233,True,2,1,bathrooms,6,+7,3.0,10.0
35,11557965,11618233,True,2,1,yearBuilt,0,+2yr,1956.0,1958.0
35,11557965,11618233,True,2,1,yearBuilt,1,+4yr,1956.0,1960.0
35,11557965,11618233,True,2,1,yearBuilt,2,+6yr,1956.0,1962.0
35,11557965,11618233,True,2,1,yearBuilt,3,+8yr,1956.0,1964.0
35,11557965,11618233,True,2,1,yearBuilt,4,+10yr,1956.0,1966.0
35,11557965,11618233,True,2,1,yearBuilt,5,+12yr,1956.0,1968.0
35,11557965,11618233,True,2,1,yearBuilt,6,+14yr,1956.0,1970.0
35,11557965,11618233,True,2,1,yearBuilt,7,+16yr,1956.0,1972.0
35,11557965,11618233,True,2,1,yearBuilt,8,+18yr,1956.0,1974.0
35,11557965,11618233,True,2,1,yearBuilt,9,+20yr,1956.0,1976.0
35,11557965,11618233,True,2,1,yearBuilt,10,+22yr,1956.0,1978.0
35,11557965,11618233,True,2,1,yearBuilt,11,+24yr,1956.0,1980.0
35,11557965,11618233,True,2,1,yearBuilt,12,+26yr,1956.0,1982.0
35,11557965,11618233,True,2,1,yearBuilt,13,+28yr,1956.0,1984.0
35,11557965,11618233,True,2,1,yearBuilt,14,+30yr,1956.0,1986.0
35,11557965,11618233,True,2,1,yearBuilt,15,+32yr,1956.0,1988.0
35,11557965,11618233,True,2,1,yearBuilt,16,+34yr,1956.0,1990.0
35,11557965,11618233,True,2,1,yearBuilt,17,+36yr,1956.0,1992.0
35,11557965,11618233,True,2,1,yearBuilt,18,+38yr,1956.0,1994.0
35,11557965,11618233,True,2,1,yearBuilt,19,+40yr,1956.0,1996.0
35,11557965,11618233,True,2,1,yearBuilt,20,+42yr,1956.0,1998.0
35,11557965,11618233,True,2,1,yearBuilt,21,+44yr,1956.0,2000.0
35,11557965,11618233,True,2,1,yearBuilt,22,+46yr,1956.0,2002.0
35,11557965,11618233,True,2,1,yearBuilt,23,+48yr,1956.0,2004.0
35,11557965,11618233,True,2,1,yearBuilt,24,+50yr,1956.0,2006.0
35,11557965,11618233,True,2,1,yearBuilt,25,+52yr,1956.0,2008.0
35,11557965,11618233,True,2,1,yearBuilt,26,+54yr,1956.0,2010.0
35,11557965,11618233,True,2,1,yearBuilt,27,+56yr,1956.0,2012.0
35,11557965,11618233,True,2,1,yearBuilt,28,+58yr,1956.0,2014.0
35,11557965,11618233,True,2,1,yearBuilt,29,+60yr,1956.0,2016.0
35,11557965,11618233,True,2,1,yearBuilt,30,+62yr,1956.0,2018.0
35,11557965,11618233,True,2,1,yearBuilt,31,+64yr,1956.0,2020.0
35,11557965,11618233,True,2,1,yearBuilt,32,+66yr,1956.0,2022.0
35,11557965,11618233,True,2,1,yearBuilt,33,+68yr,1956.0,2024.0
35,11557965,11618233,True,2,1,lot,0,+100sqft,0.33,0.3323
35,11557965,11618233,True,2,1,lot,1,+200sqft,0.33,0.3346
35,11557965,11618233,True,2,1,lot,2,+300sqft,0.33,0.3369
35,11557965,11618233,True,2,1,lot,3,+400sqft,0.33,0.3392
35,11557965,11618233,True,2,1,lot,4,+500sqft,0.33,0.3415
35,11557965,11618233,True,2,1,lot,5,+600sqft,0.33,0.3438
35,11557965,11618233,True,2,1,lot,6,+700sqft,0.33,0.3461
35,11557965,11618233,True,2,1,lot,7,+800sqft,0.33,0.3484
35,11557965,11618233,True,2,1,lot,8,+900sqft,0.33,0.3507
35,11557965,11618233,True,2,1,lot,9,+1000sqft,0.33,0.353
35,11557965,11618233,True,2,1,lot,10,+1100sqft,0.33,0.3553
35,11557965,11618233,True,2,1,lot,11,+1200sqft,0.33,0.3575
35,11557965,11618233,True,2,1,lot,12,+1300sqft,0.33,0.3598
35,11557965,11618233,True,2,1,lot,13,+1400sqft,0.33,0.3621
35,11557965,11618233,True,2,1,lot,14,+1500sqft,0.33,0.3644
35,11557965,11618233,True,2,1,lot,15,+1600sqft,0.33,0.3667
35,11557965,11618233,True,2,1,lot,16,+1700sqft,0.33,0.369
35,11557965,11618233,True,2,1,lot,17,+1800sqft,0.33,0.3713
35,11557965,11618233,True,2,1,lot,18,+1900sqft,0.33,0.3736
35,11557965,11618233,True,2,1,lot,19,+2000sqft,0.33,0.3759
35,11557965,11618233,True,2,1,lot,20,+2100sqft,0.33,0.3782
35,11557965,11618233,True,2,1,lot,21,+2200sqft,0.33,0.3805
35,11557965,11618233,True,2,1,lot,22,+2300sqft,0.33,0.3828
35,11557965,11618233,True,2,1,lot,23,+2400sqft,0.33,0.3851
35,11557965,11618233,True,2,1,lot,24,+2500sqft,0.33,0.3874
35,11557965,11618233,True,2,1,lot,25,+2600sqft,0.33,0.3897
35,11557965,11618233,True,2,1,lot,26,+2700sqft,0.33,0.392
35,11557965,11618233,True,2,1,lot,27,+2800sqft,0.33,0.3943
35,11557965,11618233,True,2,1,lot,28,+2900sqft,0.33,0.3966
35,11557965,11618233,True,2,1,lot,29,+3000sqft,0.33,0.3989
35,11557965,11618233,True,2,1,lot,30,+3100sqft,0.33,0.4012
35,11557965,11618233,True,2,1,lot,31,+3200sqft,0.33,0.4035
35,11557965,11618233,True,2,1,lot,32,+3300sqft,0.33,0.4058
35,11557965,11618233,True,2,1,lot,33,+3400sqft,0.33,0.4081
35,11557965,11618233,True,2,1,lot,34,+3500sqft,0.33,0.4103
35,11557965,11618233,True,2,1,lot,35,+3600sqft,0.33,0.4126
35,11557965,11618233,True,2,1,lot,36,+3700sqft,0.33,0.4149
35,11557965,11618233,True,2,1,lot,37,+3800sqft,0.33,0.4172
35,11557965,11618233,True,2,1,lot,38,+3900sqft,0.33,0.4195
35,11557965,11618233,True,2,1,lot,39,+4000sqft,0.33,0.4218
35,11557965,11618233,True,2,1,lot,40,+4100sqft,0.33,0.4241
35,11557965,11618233,True,2,1,lot,41,+4200sqft,0.33,0.4264
35,11557965,11618233,True,2,1,lot,42,+4300sqft,0.33,0.4287
35,11557965,11618233,True,2,1,lot,43,+4400sqft,0.33,0.431
35,11557965,11618233,True,2,1,lot,44,+4500sqft,0.33,0.4333
35,11557965,11618233,True,2,1,lot,45,+4600sqft,0.33,0.4356
35,11557965,11618233,True,2,1,lot,46,+4700sqft,0.33,0.4379
35,11557965,11618233,True,2,1,lot,47,+4800sqft,0.33,0.4402
35,11557965,11618233,True,2,1,lot,48,+4900sqft,0.33,0.4425
35,11557965,11618233,True,2,1,lot,49,+5000sqft,0.33,0.4448
36,11429174,11467668,True,1,2,bedrooms,0,+1,3.0,4.0
36,11429174,11467668,True,1,2,bedrooms,1,+2,3.0,5.0
36,11429174,11467668,True,1,2,bedrooms,2,+3,3.0,6.0
36,11429174,11467668,True,1,2,bedrooms,3,+4,3.0,7.0
36,11429174,11467668,True,1,2,bedrooms,4,+5,3.0,8.0
36,11429174,11467668,True,1,2,bedrooms,5,+6,3.0,9.0
36,11429174,11467668,True,1,2,bedrooms,6,+7,3.0,10.0
36,11429174,11467668,True,1,2,bathrooms,0,+1,2.0,3.0
36,11429174,11467668,True,1,2,bathrooms,1,+2,2.0,4.0
36,11429174,11467668,True,1,2,bathrooms,2,+3,2.0,5.0
36,11429174,11467668,True,1,2,bathrooms,3,+4,2.0,6.0
36,11429174,11467668,True,1,2,bathrooms,4,+5,2.0,7.0
36,11429174,11467668,True,1,2,bathrooms,5,+6,2.0,8.0
36,11429174,11467668,True,1,2,bathrooms,6,+7,2.0,9.0
36,11429174,11467668,True,1,2,bathrooms,7,+8,2.0,10.0
36,11429174,11467668,True,1,2,yearBuilt,0,+2yr,1955.0,1957.0
36,11429174,11467668,True,1,2,yearBuilt,1,+4yr,1955.0,1959.0
36,11429174,11467668,True,1,2,yearBuilt,2,+6yr,1955.0,1961.0
36,11429174,11467668,True,1,2,yearBuilt,3,+8yr,1955.0,1963.0
36,11429174,11467668,True,1,2,yearBuilt,4,+10yr,1955.0,1965.0
36,11429174,11467668,True,1,2,yearBuilt,5,+12yr,1955.0,1967.0
36,11429174,11467668,True,1,2,yearBuilt,6,+14yr,1955.0,1969.0
36,11429174,11467668,True,1,2,yearBuilt,7,+16yr,1955.0,1971.0
36,11429174,11467668,True,1,2,yearBuilt,8,+18yr,1955.0,1973.0
36,11429174,11467668,True,1,2,yearBuilt,9,+20yr,1955.0,1975.0
36,11429174,11467668,True,1,2,yearBuilt,10,+22yr,1955.0,1977.0
36,11429174,11467668,True,1,2,yearBuilt,11,+24yr,1955.0,1979.0
36,11429174,11467668,True,1,2,yearBuilt,12,+26yr,1955.0,1981.0
36,11429174,11467668,True,1,2,yearBuilt,13,+28yr,1955.0,1983.0
36,11429174,11467668,True,1,2,yearBuilt,14,+30yr,1955.0,1985.0
36,11429174,11467668,True,1,2,yearBuilt,15,+32yr,1955.0,1987.0
36,11429174,11467668,True,1,2,yearBuilt,16,+34yr,1955.0,1989.0
36,11429174,11467668,True,1,2,yearBuilt,17,+36yr,1955.0,1991.0
36,11429174,11467668,True,1,2,yearBuilt,18,+38yr,1955.0,1993.0
36,11429174,11467668,True,1,2,yearBuilt,19,+40yr,1955.0,1995.0
36,11429174,11467668,True,1,2,yearBuilt,20,+42yr,1955.0,1997.0
36,11429174,11467668,True,1,2,yearBuilt,21,+44yr,1955.0,1999.0
36,11429174,11467668,True,1,2,yearBuilt,22,+46yr,1955.0,2001.0
36,11429174,11467668,True,1,2,yearBuilt,23,+48yr,1955.0,2003.0
36,11429174,11467668,True,1,2,yearBuilt,24,+50yr,1955.0,2005.0
36,11429174,11467668,True,1,2,yearBuilt,25,+52yr,1955.0,2007.0
36,11429174,11467668,True,1,2,yearBuilt,26,+54yr,1955.0,2009.0
36,11429174,11467668,True,1,2,yearBuilt,27,+56yr,1955.0,2011.0
36,11429174,11467668,True,1,2,yearBuilt,28,+58yr,1955.0,2013.0
36,11429174,11467668,True,1,2,yearBuilt,29,+60yr,1955.0,2015.0
36,11429174,11467668,True,1,2,yearBuilt,30,+62yr,1955.0,2017.0
36,11429174,11467668,True,1,2,yearBuilt,31,+64yr,1955.0,2019.0
36,11429174,11467668,True,1,2,yearBuilt,32,+66yr,1955.0,2021.0
36,11429174,11467668,True,1,2,yearBuilt,33,+68yr,1955.0,2023.0
36,11429174,11467668,True,1,2,yearBuilt,34,+70yr,1955.0,2025.0
36,11429174,11467668,True,1,2,lot,0,+100sqft,6499.0,6599.0
36,11429174,11467668,True,1,2,lot,1,+200sqft,6499.0,6699.0
36,11429174,11467668,True,1,2,lot,2,+300sqft,6499.0,6799.0
36,11429174,11467668,True,1,2,lot,3,+400sqft,6499.0,6899.0
36,11429174,11467668,True,1,2,lot,4,+500sqft,6499.0,6999.0
36,11429174,11467668,True,1,2,lot,5,+600sqft,6499.0,7099.0
36,11429174,11467668,True,1,2,lot,6,+700sqft,6499.0,7199.0
36,11429174,11467668,True,1,2,lot,7,+800sqft,6499.0,7299.0
36,11429174,11467668,True,1,2,lot,8,+900sqft,6499.0,7399.0
36,11429174,11467668,True,1,2,lot,9,+1000sqft,6499.0,7499.0
36,11429174,11467668,True,1,2,lot,10,+1100sqft,6499.0,7599.0
36,11429174,11467668,True,1,2,lot,11,+1200sqft,6499.0,7699.0
36,11429174,11467668,True,1,2,lot,12,+1300sqft,6499.0,7799.0
36,11429174,11467668,True,1,2,lot,13,+1400sqft,6499.0,7899.0
36,11429174,11467668,True,1,2,lot,14,+1500sqft,6499.0,7999.0
36,11429174,11467668,True,1,2,lot,15,+1600sqft,6499.0,8099.0
36,11429174,11467668,True,1,2,lot,16,+1700sqft,6499.0,8199.0
36,11429174,11467668,True,1,2,lot,17,+1800sqft,6499.0,8299.0
36,11429174,11467668,True,1,2,lot,18,+1900sqft,6499.0,8399.0
36,11429174,11467668,True,1,2,lot,19,+2000sqft,6499.0,8499.0
36,11429174,11467668,True,1,2,lot,20,+2100sqft,6499.0,8599.0
36,11429174,11467668,True,1,2,lot,21,+2200sqft,6499.0,8699.0
36,11429174,11467668,True,1,2,lot,22,+2300sqft,6499.0,8799.0
36,11429174,11467668,True,1,2,lot,23,+2400sqft,6499.0,8899.0
36,11429174,11467668,True,1,2,lot,24,+2500sqft,6499.0,8999.0
36,11429174,11467668,True,1,2,lot,25,+2600sqft,6499.0,9099.0
36,11429174,11467668,True,1,2,lot,26,+2700sqft,6499.0,9199.0
36,11429174,11467668,True,1,2,lot,27,+2800sqft,6499.0,9299.0
36,11429174,11467668,True,1,2,lot,28,+2900sqft,6499.0,9399.0
36,11429174,11467668,True,1,2,lot,29,+3000sqft,6499.0,9499.0
36,11429174,11467668,True,1,2,lot,30,+3100sqft,6499.0,9599.0
36,11429174,11467668,True,1,2,lot,31,+3200sqft,6499.0,9699.0
36,11429174,11467668,True,1,2,lot,32,+3300sqft,6499.0,9799.0
36,11429174,11467668,True,1,2,lot,33,+3400sqft,6499.0,9899.0
36,11429174,11467668,True,1,2,lot,34,+3500sqft,6499.0,9999.0
36,11429174,11467668,True,1,2,lot,35,+3600sqft,6499.0,10099.0
36,11429174,11467668,True,1,2,lot,36,+3700sqft,6499.0,10199.0
36,11429174,11467668,True,1,2,lot,37,+3800sqft,6499.0,10299.0
36,11429174,11467668,True,1,2,lot,38,+3900sqft,6499.0,10399.0
36,11429174,11467668,True,1,2,lot,39,+4000sqft,6499.0,10499.0
36,11429174,11467668,True,1,2,lot,40,+4100sqft,6499.0,10599.0
36,11429174,11467668,True,1,2,lot,41,+4200sqft,6499.0,10699.0
36,11429174,11467668,True,1,2,lot,42,+4300sqft,6499.0,10799.0
36,11429174,11467668,True,1,2,lot,43,+4400sqft,6499.0,10899.0
36,11429174,11467668,True,1,2,lot,44,+4500sqft,6499.0,10999.0
36,11429174,11467668,True,1,2,lot,45,+4600sqft,6499.0,11099.0
36,11429174,11467668,True,1,2,lot,46,+4700sqft,6499.0,11199.0
36,11429174,11467668,True,1,2,lot,47,+4800sqft,6499.0,11299.0
36,11429174,11467668,True,1,2,lot,48,+4900sqft,6499.0,11399.0
36,11429174,11467668,True,1,2,lot,49,+5000sqft,6499.0,11499.0
37,11370489,11616581,True,1,2,bedrooms,0,+1,4.0,5.0
37,11370489,11616581,True,1,2,bedrooms,1,+2,4.0,6.0
37,11370489,11616581,True,1,2,bedrooms,2,+3,4.0,7.0
37,11370489,11616581,True,1,2,bedrooms,3,+4,4.0,8.0
37,11370489,11616581,True,1,2,bedrooms,4,+5,4.0,9.0
37,11370489,11616581,True,1,2,bedrooms,5,+6,4.0,10.0
37,11370489,11616581,True,1,2,bathrooms,0,+1,3.0,4.0
37,11370489,11616581,True,1,2,bathrooms,1,+2,3.0,5.0
37,11370489,11616581,True,1,2,bathrooms,2,+3,3.0,6.0
37,11370489,11616581,True,1,2,bathrooms,3,+4,3.0,7.0
37,11370489,11616581,True,1,2,bathrooms,4,+5,3.0,8.0
37,11370489,11616581,True,1,2,bathrooms,5,+6,3.0,9.0
37,11370489,11616581,True,1,2,bathrooms,6,+7,3.0,10.0
37,11370489,11616581,True,1,2,yearBuilt,0,+2yr,1999.0,2001.0
37,11370489,11616581,True,1,2,yearBuilt,1,+4yr,1999.0,2003.0
37,11370489,11616581,True,1,2,yearBuilt,2,+6yr,1999.0,2005.0
37,11370489,11616581,True,1,2,yearBuilt,3,+8yr,1999.0,2007.0
37,11370489,11616581,True,1,2,yearBuilt,4,+10yr,1999.0,2009.0
37,11370489,11616581,True,1,2,yearBuilt,5,+12yr,1999.0,2011.0
37,11370489,11616581,True,1,2,yearBuilt,6,+14yr,1999.0,2013.0
37,11370489,11616581,True,1,2,yearBuilt,7,+16yr,1999.0,2015.0
37,11370489,11616581,True,1,2,yearBuilt,8,+18yr,1999.0,2017.0
37,11370489,11616581,True,1,2,yearBuilt,9,+20yr,1999.0,2019.0
37,11370489,11616581,True,1,2,yearBuilt,10,+22yr,1999.0,2021.0
37,11370489,11616581,True,1,2,yearBuilt,11,+24yr,1999.0,2023.0
37,11370489,11616581,True,1,2,yearBuilt,12,+26yr,1999.0,2025.0
37,11370489,11616581,True,1,2,lot,0,+100sqft,0.46,0.4623
37,11370489,11616581,True,1,2,lot,1,+200sqft,0.46,0.4646
37,11370489,11616581,True,1,2,lot,2,+300sqft,0.46,0.4669
37,11370489,11616581,True,1,2,lot,3,+400sqft,0.46,0.4692
37,11370489,11616581,True,1,2,lot,4,+500sqft,0.46,0.4715
37,11370489,11616581,True,1,2,lot,5,+600sqft,0.46,0.4738
37,11370489,11616581,True,1,2,lot,6,+700sqft,0.46,0.4761
37,11370489,11616581,True,1,2,lot,7,+800sqft,0.46,0.4784
37,11370489,11616581,True,1,2,lot,8,+900sqft,0.46,0.4807
37,11370489,11616581,True,1,2,lot,9,+1000sqft,0.46,0.483
37,11370489,11616581,True,1,2,lot,10,+1100sqft,0.46,0.4853
37,11370489,11616581,True,1,2,lot,11,+1200sqft,0.46,0.4875
37,11370489,11616581,True,1,2,lot,12,+1300sqft,0.46,0.4898
37,11370489,11616581,True,1,2,lot,13,+1400sqft,0.46,0.4921
37,11370489,11616581,True,1,2,lot,14,+1500sqft,0.46,0.4944
37,11370489,11616581,True,1,2,lot,15,+1600sqft,0.46,0.4967
37,11370489,11616581,True,1,2,lot,16,+1700sqft,0.46,0.499
37,11370489,11616581,True,1,2,lot,17,+1800sqft,0.46,0.5013
37,11370489,11616581,True,1,2,lot,18,+1900sqft,0.46,0.5036
37,11370489,11616581,True,1,2,lot,19,+2000sqft,0.46,0.5059
37,11370489,11616581,True,1,2,lot,20,+2100sqft,0.46,0.5082
37,11370489,11616581,True,1,2,lot,21,+2200sqft,0.46,0.5105
37,11370489,11616581,True,1,2,lot,22,+2300sqft,0.46,0.5128
37,11370489,11616581,True,1,2,lot,23,+2400sqft,0.46,0.5151
37,11370489,11616581,True,1,2,lot,24,+2500sqft,0.46,0.5174
37,11370489,11616581,True,1,2,lot,25,+2600sqft,0.46,0.5197
37,11370489,11616581,True,1,2,lot,26,+2700sqft,0.46,0.522
37,11370489,11616581,True,1,2,lot,27,+2800sqft,0.46,0.5243
37,11370489,11616581,True,1,2,lot,28,+2900sqft,0.46,0.5266
37,11370489,11616581,True,1,2,lot,29,+3000sqft,0.46,0.5289
37,11370489,11616581,True,1,2,lot,30,+3100sqft,0.46,0.5312
37,11370489,11616581,True,1,2,lot,31,+3200sqft,0.46,0.5335
37,11370489,11616581,True,1,2,lot,32,+3300sqft,0.46,0.5358
37,11370489,11616581,True,1,2,lot,33,+3400sqft,0.46,0.5381
37,11370489,11616581,True,1,2,lot,34,+3500sqft,0.46,0.5403
37,11370489,11616581,True,1,2,lot,35,+3600sqft,0.46,0.5426
37,11370489,11616581,True,1,2,lot,36,+3700sqft,0.46,0.5449
37,11370489,11616581,True,1,2,lot,37,+3800sqft,0.46,0.5472
37,11370489,11616581,True,1,2,lot,38,+3900sqft,0.46,0.5495
37,11370489,11616581,True,1,2,lot,39,+4000sqft,0.46,0.5518
37,11370489,11616581,True,1,2,lot,40,+4100sqft,0.46,0.5541
37,11370489,11616581,True,1,2,lot,41,+4200sqft,0.46,0.5564
37,11370489,11616581,True,1,2,lot,42,+4300sqft,0.46,0.5587
37,11370489,11616581,True,1,2,lot,43,+4400sqft,0.46,0.561
37,11370489,11616581,True,1,2,lot,44,+4500sqft,0.46,0.5633
37,11370489,11616581,True,1,2,lot,45,+4600sqft,0.46,0.5656
37,11370489,11616581,True,1,2,lot,46,+4700sqft,0.46,0.5679
37,11370489,11616581,True,1,2,lot,47,+4800sqft,0.46,0.5702
37,11370489,11616581,True,1,2,lot,48,+4900sqft,0.46,0.5725
37,11370489,11616581,True,1,2,lot,49,+5000sqft,0.46,0.5748
38,11394062,11506768,True,2,1,bedrooms,0,+1,2.0,3.0
38,11394062,11506768,True,2,1,bedrooms,1,+2,2.0,4.0
38,11394062,11506768,True,2,1,bedrooms,2,+3,2.0,5.0
38,11394062,11506768,True,2,1,bedrooms,3,+4,2.0,6.0
38,11394062,11506768,True,2,1,bedrooms,4,+5,2.0,7.0
38,11394062,11506768,True,2,1,bedrooms,5,+6,2.0,8.0
38,11394062,11506768,True,2,1,bedrooms,6,+7,2.0,9.0
38,11394062,11506768,True,2,1,bedrooms,7,+8,2.0,10.0
38,11394062,11506768,True,2,1,bathrooms,0,+1,1.0,2.0
38,11394062,11506768,True,2,1,bathrooms,1,+2,1.0,3.0
38,11394062,11506768,True,2,1,bathrooms,2,+3,1.0,4.0
38,11394062,11506768,True,2,1,bathrooms,3,+4,1.0,5.0
38,11394062,11506768,True,2,1,bathrooms,4,+5,1.0,6.0
38,11394062,11506768,True,2,1,bathrooms,5,+6,1.0,7.0
38,11394062,11506768,True,2,1,bathrooms,6,+7,1.0,8.0
38,11394062,11506768,True,2,1,bathrooms,7,+8,1.0,9.0
38,11394062,11506768,True,2,1,bathrooms,8,+9,1.0,10.0
38,11394062,11506768,True,2,1,yearBuilt,0,+2yr,1953.0,1955.0
38,11394062,11506768,True,2,1,yearBuilt,1,+4yr,1953.0,1957.0
38,11394062,11506768,True,2,1,yearBuilt,2,+6yr,1953.0,1959.0
38,11394062,11506768,True,2,1,yearBuilt,3,+8yr,1953.0,1961.0
38,11394062,11506768,True,2,1,yearBuilt,4,+10yr,1953.0,1963.0
38,11394062,11506768,True,2,1,yearBuilt,5,+12yr,1953.0,1965.0
38,11394062,11506768,True,2,1,yearBuilt,6,+14yr,1953.0,1967.0
38,11394062,11506768,True,2,1,yearBuilt,7,+16yr,1953.0,1969.0
38,11394062,11506768,True,2,1,yearBuilt,8,+18yr,1953.0,1971.0
38,11394062,11506768,True,2,1,yearBuilt,9,+20yr,1953.0,1973.0
38,11394062,11506768,True,2,1,yearBuilt,10,+22yr,1953.0,1975.0
38,11394062,11506768,True,2,1,yearBuilt,11,+24yr,1953.0,1977.0
38,11394062,11506768,True,2,1,yearBuilt,12,+26yr,1953.0,1979.0
38,11394062,11506768,True,2,1,yearBuilt,13,+28yr,1953.0,1981.0
38,11394062,11506768,True,2,1,yearBuilt,14,+30yr,1953.0,1983.0
38,11394062,11506768,True,2,1,yearBuilt,15,+32yr,1953.0,1985.0
38,11394062,11506768,True,2,1,yearBuilt,16,+34yr,1953.0,1987.0
38,11394062,11506768,True,2,1,yearBuilt,17,+36yr,1953.0,1989.0
38,11394062,11506768,True,2,1,yearBuilt,18,+38yr,1953.0,1991.0
38,11394062,11506768,True,2,1,yearBuilt,19,+40yr,1953.0,1993.0
38,11394062,11506768,True,2,1,yearBuilt,20,+42yr,1953.0,1995.0
38,11394062,11506768,True,2,1,yearBuilt,21,+44yr,1953.0,1997.0
38,11394062,11506768,True,2,1,yearBuilt,22,+46yr,1953.0,1999.0
38,11394062,11506768,True,2,1,yearBuilt,23,+48yr,1953.0,2001.0
38,11394062,11506768,True,2,1,yearBuilt,24,+50yr,1953.0,2003.0
38,11394062,11506768,True,2,1,yearBuilt,25,+52yr,1953.0,2005.0
38,11394062,11506768,True,2,1,yearBuilt,26,+54yr,1953.0,2007.0
38,11394062,11506768,True,2,1,yearBuilt,27,+56yr,1953.0,2009.0
38,11394062,11506768,True,2,1,yearBuilt,28,+58yr,1953.0,2011.0
38,11394062,11506768,True,2,1,yearBuilt,29,+60yr,1953.0,2013.0
38,11394062,11506768,True,2,1,yearBuilt,30,+62yr,1953.0,2015.0
38,11394062,11506768,True,2,1,yearBuilt,31,+64yr,1953.0,2017.0
38,11394062,11506768,True,2,1,yearBuilt,32,+66yr,1953.0,2019.0
38,11394062,11506768,True,2,1,yearBuilt,33,+68yr,1953.0,2021.0
38,11394062,11506768,True,2,1,yearBuilt,34,+70yr,1953.0,2023.0
38,11394062,11506768,True,2,1,yearBuilt,35,+72yr,1953.0,2025.0
38,11394062,11506768,True,2,1,lot,0,+100sqft,7440.0,7540.0
38,11394062,11506768,True,2,1,lot,1,+200sqft,7440.0,7640.0
38,11394062,11506768,True,2,1,lot,2,+300sqft,7440.0,7740.0
38,11394062,11506768,True,2,1,lot,3,+400sqft,7440.0,7840.0
38,11394062,11506768,True,2,1,lot,4,+500sqft,7440.0,7940.0
38,11394062,11506768,True,2,1,lot,5,+600sqft,7440.0,8040.0
38,11394062,11506768,True,2,1,lot,6,+700sqft,7440.0,8140.0
38,11394062,11506768,True,2,1,lot,7,+800sqft,7440.0,8240.0
38,11394062,11506768,True,2,1,lot,8,+900sqft,7440.0,8340.0
38,11394062,11506768,True,2,1,lot,9,+1000sqft,7440.0,8440.0
38,11394062,11506768,True,2,1,lot,10,+1100sqft,7440.0,8540.0
38,11394062,11506768,True,2,1,lot,11,+1200sqft,7440.0,8640.0
38,11394062,11506768,True,2,1,lot,12,+1300sqft,7440.0,8740.0
38,11394062,11506768,True,2,1,lot,13,+1400sqft,7440.0,8840.0
38,11394062,11506768,True,2,1,lot,14,+1500sqft,7440.0,8940.0
38,11394062,11506768,True,2,1,lot,15,+1600sqft,7440.0,9040.0
38,11394062,11506768,True,2,1,lot,16,+1700sqft,7440.0,9140.0
38,11394062,11506768,True,2,1,lot,17,+1800sqft,7440.0,9240.0
38,11394062,11506768,True,2,1,lot,18,+1900sqft,7440.0,9340.0
38,11394062,11506768,True,2,1,lot,19,+2000sqft,7440.0,9440.0
38,11394062,11506768,True,2,1,lot,20,+2100sqft,7440.0,9540.0
38,11394062,11506768,True,2,1,lot,21,+2200sqft,7440.0,9640.0
38,11394062,11506768,True,2,1,lot,22,+2300sqft,7440.0,9740.0
38,11394062,11506768,True,2,1,lot,23,+2400sqft,7440.0,9840.0
38,11394062,11506768,True,2,1,lot,24,+2500sqft,7440.0,9940.0
38,11394062,11506768,True,2,1,lot,25,+2600sqft,7440.0,10040.0
38,11394062,11506768,True,2,1,lot,26,+2700sqft,7440.0,10140.0
38,11394062,11506768,True,2,1,lot,27,+2800sqft,7440.0,10240.0
38,11394062,11506768,True,2,1,lot,28,+2900sqft,7440.0,10340.0
38,11394062,11506768,True,2,1,lot,29,+3000sqft,7440.0,10440.0
38,11394062,11506768,True,2,1,lot,30,+3100sqft,7440.0,10540.0
38,11394062,11506768,True,2,1,lot,31,+3200sqft,7440.0,10640.0
38,11394062,11506768,True,2,1,lot,32,+3300sqft,7440.0,10740.0
38,11394062,11506768,True,2,1,lot,33,+3400sqft,7440.0,10840.0
38,11394062,11506768,True,2,1,lot,34,+3500sqft,7440.0,10940.0
38,11394062,11506768,True,2,1,lot,35,+3600sqft,7440.0,11040.0
38,11394062,11506768,True,2,1,lot,36,+3700sqft,7440.0,11140.0
38,11394062,11506768,True,2,1,lot,37,+3800sqft,7440.0,11240.0
38,11394062,11506768,True,2,1,lot,38,+3900sqft,7440.0,11340.0
38,11394062,11506768,True,2,1,lot,39,+4000sqft,7440.0,11440.0
38,11394062,11506768,True,2,1,lot,40,+4100sqft,7440.0,11540.0
38,11394062,11506768,True,2,1,lot,41,+4200sqft,7440.0,11640.0
38,11394062,11506768,True,2,1,lot,42,+4300sqft,7440.0,11740.0
38,11394062,11506768,True,2,1,lot,43,+4400sqft,7440.0,11840.0
38,11394062,11506768,True,2,1,lot,44,+4500sqft,7440.0,11940.0
38,11394062,11506768,True,2,1,lot,45,+4600sqft,7440.0,12040.0
38,11394062,11506768,True,2,1,lot,46,+4700sqft,7440.0,12140.0
38,11394062,11506768,True,2,1,lot,47,+4800sqft,7440.0,12240.0
38,11394062,11506768,True,2,1,lot,48,+4900sqft,7440.0,12340.0
38,11394062,11506768,True,2,1,lot,49,+5000sqft,7440.0,12440.0
39,11395079,11395432,True,2,1,bedrooms,0,+1,3.0,4.0
39,11395079,11395432,True,2,1,bedrooms,1,+2,3.0,5.0
39,11395079,11395432,True,2,1,bedrooms,2,+3,3.0,6.0
39,11395079,11395432,True,2,1,bedrooms,3,+4,3.0,7.0
39,11395079,11395432,True,2,1,bedrooms,4,+5,3.0,8.0
39,11395079,11395432,True,2,1,bedrooms,5,+6,3.0,9.0
39,11395079,11395432,True,2,1,bedrooms,6,+7,3.0,10.0
39,11395079,11395432,True,2,1,bathrooms,0,+1,2.0,3.0
39,11395079,11395432,True,2,1,bathrooms,1,+2,2.0,4.0
39,11395079,11395432,True,2,1,bathrooms,2,+3,2.0,5.0
39,11395079,11395432,True,2,1,bathrooms,3,+4,2.0,6.0
39,11395079,11395432,True,2,1,bathrooms,4,+5,2.0,7.0
39,11395079,11395432,True,2,1,bathrooms,5,+6,2.0,8.0
39,11395079,11395432,True,2,1,bathrooms,6,+7,2.0,9.0
39,11395079,11395432,True,2,1,bathrooms,7,+8,2.0,10.0
39,11395079,11395432,True,2,1,yearBuilt,0,+2yr,1900.0,1902.0
39,11395079,11395432,True,2,1,yearBuilt,1,+4yr,1900.0,1904.0
39,11395079,11395432,True,2,1,yearBuilt,2,+6yr,1900.0,1906.0
39,11395079,11395432,True,2,1,yearBuilt,3,+8yr,1900.0,1908.0
39,11395079,11395432,True,2,1,yearBuilt,4,+10yr,1900.0,1910.0
39,11395079,11395432,True,2,1,yearBuilt,5,+12yr,1900.0,1912.0
39,11395079,11395432,True,2,1,yearBuilt,6,+14yr,1900.0,1914.0
39,11395079,11395432,True,2,1,yearBuilt,7,+16yr,1900.0,1916.0
39,11395079,11395432,True,2,1,yearBuilt,8,+18yr,1900.0,1918.0
39,11395079,11395432,True,2,1,yearBuilt,9,+20yr,1900.0,1920.0
39,11395079,11395432,True,2,1,yearBuilt,10,+22yr,1900.0,1922.0
39,11395079,11395432,True,2,1,yearBuilt,11,+24yr,1900.0,1924.0
39,11395079,11395432,True,2,1,yearBuilt,12,+26yr,1900.0,1926.0
39,11395079,11395432,True,2,1,yearBuilt,13,+28yr,1900.0,1928.0
39,11395079,11395432,True,2,1,yearBuilt,14,+30yr,1900.0,1930.0
39,11395079,11395432,True,2,1,yearBuilt,15,+32yr,1900.0,1932.0
39,11395079,11395432,True,2,1,yearBuilt,16,+34yr,1900.0,1934.0
39,11395079,11395432,True,2,1,yearBuilt,17,+36yr,1900.0,1936.0
39,11395079,11395432,True,2,1,yearBuilt,18,+38yr,1900.0,1938.0
39,11395079,11395432,True,2,1,yearBuilt,19,+40yr,1900.0,1940.0
39,11395079,11395432,True,2,1,yearBuilt,20,+42yr,1900.0,1942.0
39,11395079,11395432,True,2,1,yearBuilt,21,+44yr,1900.0,1944.0
39,11395079,11395432,True,2,1,yearBuilt,22,+46yr,1900.0,1946.0
39,11395079,11395432,True,2,1,yearBuilt,23,+48yr,1900.0,1948.0
39,11395079,11395432,True,2,1,yearBuilt,24,+50yr,1900.0,1950.0
39,11395079,11395432,True,2,1,yearBuilt,25,+52yr,1900.0,1952.0
39,11395079,11395432,True,2,1,yearBuilt,26,+54yr,1900.0,1954.0
39,11395079,11395432,True,2,1,yearBuilt,27,+56yr,1900.0,1956.0
39,11395079,11395432,True,2,1,yearBuilt,28,+58yr,1900.0,1958.0
39,11395079,11395432,True,2,1,yearBuilt,29,+60yr,1900.0,1960.0
39,11395079,11395432,True,2,1,yearBuilt,30,+62yr,1900.0,1962.0
39,11395079,11395432,True,2,1,yearBuilt,31,+64yr,1900.0,1964.0
39,11395079,11395432,True,2,1,yearBuilt,32,+66yr,1900.0,1966.0
39,11395079,11395432,True,2,1,yearBuilt,33,+68yr,1900.0,1968.0
39,11395079,11395432,True,2,1,yearBuilt,34,+70yr,1900.0,1970.0
39,11395079,11395432,True,2,1,yearBuilt,35,+72yr,1900.0,1972.0
39,11395079,11395432,True,2,1,yearBuilt,36,+74yr,1900.0,1974.0
39,11395079,11395432,True,2,1,yearBuilt,37,+76yr,1900.0,1976.0
39,11395079,11395432,True,2,1,yearBuilt,38,+78yr,1900.0,1978.0
39,11395079,11395432,True,2,1,yearBuilt,39,+80yr,1900.0,1980.0
39,11395079,11395432,True,2,1,yearBuilt,40,+82yr,1900.0,1982.0
39,11395079,11395432,True,2,1,yearBuilt,41,+84yr,1900.0,1984.0
39,11395079,11395432,True,2,1,yearBuilt,42,+86yr,1900.0,1986.0
39,11395079,11395432,True,2,1,yearBuilt,43,+88yr,1900.0,1988.0
39,11395079,11395432,True,2,1,yearBuilt,44,+90yr,1900.0,1990.0
39,11395079,11395432,True,2,1,yearBuilt,45,+92yr,1900.0,1992.0
39,11395079,11395432,True,2,1,yearBuilt,46,+94yr,1900.0,1994.0
39,11395079,11395432,True,2,1,lot,0,+100sqft,1058.0,1158.0
39,11395079,11395432,True,2,1,lot,1,+200sqft,1058.0,1258.0
39,11395079,11395432,True,2,1,lot,2,+300sqft,1058.0,1358.0
39,11395079,11395432,True,2,1,lot,3,+400sqft,1058.0,1458.0
39,11395079,11395432,True,2,1,lot,4,+500sqft,1058.0,1558.0
39,11395079,11395432,True,2,1,lot,5,+600sqft,1058.0,1658.0
39,11395079,11395432,True,2,1,lot,6,+700sqft,1058.0,1758.0
39,11395079,11395432,True,2,1,lot,7,+800sqft,1058.0,1858.0
39,11395079,11395432,True,2,1,lot,8,+900sqft,1058.0,1958.0
39,11395079,11395432,True,2,1,lot,9,+1000sqft,1058.0,2058.0
39,11395079,11395432,True,2,1,lot,10,+1100sqft,1058.0,2158.0
39,11395079,11395432,True,2,1,lot,11,+1200sqft,1058.0,2258.0
39,11395079,11395432,True,2,1,lot,12,+1300sqft,1058.0,2358.0
39,11395079,11395432,True,2,1,lot,13,+1400sqft,1058.0,2458.0
39,11395079,11395432,True,2,1,lot,14,+1500sqft,1058.0,2558.0
39,11395079,11395432,True,2,1,lot,15,+1600sqft,1058.0,2658.0
39,11395079,11395432,True,2,1,lot,16,+1700sqft,1058.0,2758.0
39,11395079,11395432,True,2,1,lot,17,+1800sqft,1058.0,2858.0
39,11395079,11395432,True,2,1,lot,18,+1900sqft,1058.0,2958.0
39,11395079,11395432,True,2,1,lot,19,+2000sqft,1058.0,3058.0
39,11395079,11395432,True,2,1,lot,20,+2100sqft,1058.0,3158.0
39,11395079,11395432,True,2,1,lot,21,+2200sqft,1058.0,3258.0
39,11395079,11395432,True,2,1,lot,22,+2300sqft,1058.0,3358.0
39,11395079,11395432,True,2,1,lot,23,+2400sqft,1058.0,3458.0
39,11395079,11395432,True,2,1,lot,24,+2500sqft,1058.0,3558.0
39,11395079,11395432,True,2,1,lot,25,+2600sqft,1058.0,3658.0
39,11395079,11395432,True,2,1,lot,26,+2700sqft,1058.0,3758.0
39,11395079,11395432,True,2,1,lot,27,+2800sqft,1058.0,3858.0
39,11395079,11395432,True,2,1,lot,28,+2900sqft,1058.0,3958.0
39,11395079,11395432,True,2,1,lot,29,+3000sqft,1058.0,4058.0
39,11395079,11395432,True,2,1,lot,30,+3100sqft,1058.0,4158.0
39,11395079,11395432,True,2,1,lot,31,+3200sqft,1058.0,4258.0
39,11395079,11395432,True,2,1,lot,32,+3300sqft,1058.0,4358.0
39,11395079,11395432,True,2,1,lot,33,+3400sqft,1058.0,4458.0
39,11395079,11395432,True,2,1,lot,34,+3500sqft,1058.0,4558.0
39,11395079,11395432,True,2,1,lot,35,+3600sqft,1058.0,4658.0
39,11395079,11395432,True,2,1,lot,36,+3700sqft,1058.0,4758.0
39,11395079,11395432,True,2,1,lot,37,+3800sqft,1058.0,4858.0
39,11395079,11395432,True,2,1,lot,38,+3900sqft,1058.0,4958.0
39,11395079,11395432,True,2,1,lot,39,+4000sqft,1058.0,5058.0
39,11395079,11395432,True,2,1,lot,40,+4100sqft,1058.0,5158.0
39,11395079,11395432,True,2,1,lot,41,+4200sqft,1058.0,5258.0
39,11395079,11395432,True,2,1,lot,42,+4300sqft,1058.0,5358.0
39,11395079,11395432,True,2,1,lot,43,+4400sqft,1058.0,5458.0
39,11395079,11395432,True,2,1,lot,44,+4500sqft,1058.0,5558.0
39,11395079,11395432,True,2,1,lot,45,+4600sqft,1058.0,5658.0
39,11395079,11395432,True,2,1,lot,46,+4700sqft,1058.0,5758.0
39,11395079,11395432,True,2,1,lot,47,+4800sqft,1058.0,5858.0
39,11395079,11395432,True,2,1,lot,48,+4900sqft,1058.0,5958.0
39,11395079,11395432,True,2,1,lot,49,+5000sqft,1058.0,6058.0
40,11429990,11469194,True,1,2,bedrooms,0,+1,3.0,4.0
40,11429990,11469194,True,1,2,bedrooms,1,+2,3.0,5.0
40,11429990,11469194,True,1,2,bedrooms,2,+3,3.0,6.0
40,11429990,11469194,True,1,2,bedrooms,3,+4,3.0,7.0
40,11429990,11469194,True,1,2,bedrooms,4,+5,3.0,8.0
40,11429990,11469194,True,1,2,bedrooms,5,+6,3.0,9.0
40,11429990,11469194,True,1,2,bedrooms,6,+7,3.0,10.0
40,11429990,11469194,True,1,2,bathrooms,0,+1,2.0,3.0
40,11429990,11469194,True,1,2,bathrooms,1,+2,2.0,4.0
40,11429990,11469194,True,1,2,bathrooms,2,+3,2.0,5.0
40,11429990,11469194,True,1,2,bathrooms,3,+4,2.0,6.0
40,11429990,11469194,True,1,2,bathrooms,4,+5,2.0,7.0
40,11429990,11469194,True,1,2,bathrooms,5,+6,2.0,8.0
40,11429990,11469194,True,1,2,bathrooms,6,+7,2.0,9.0
40,11429990,11469194,True,1,2,bathrooms,7,+8,2.0,10.0
40,11429990,11469194,True,1,2,yearBuilt,0,+2yr,1954.0,1956.0
40,11429990,11469194,True,1,2,yearBuilt,1,+4yr,1954.0,1958.0
40,11429990,11469194,True,1,2,yearBuilt,2,+6yr,1954.0,1960.0
40,11429990,11469194,True,1,2,yearBuilt,3,+8yr,1954.0,1962.0
40,11429990,11469194,True,1,2,yearBuilt,4,+10yr,1954.0,1964.0
40,11429990,11469194,True,1,2,yearBuilt,5,+12yr,1954.0,1966.0
40,11429990,11469194,True,1,2,yearBuilt,6,+14yr,1954.0,1968.0
40,11429990,11469194,True,1,2,yearBuilt,7,+16yr,1954.0,1970.0
40,11429990,11469194,True,1,2,yearBuilt,8,+18yr,1954.0,1972.0
40,11429990,11469194,True,1,2,yearBuilt,9,+20yr,1954.0,1974.0
40,11429990,11469194,True,1,2,yearBuilt,10,+22yr,1954.0,1976.0
40,11429990,11469194,True,1,2,yearBuilt,11,+24yr,1954.0,1978.0
40,11429990,11469194,True,1,2,yearBuilt,12,+26yr,1954.0,1980.0
40,11429990,11469194,True,1,2,yearBuilt,13,+28yr,1954.0,1982.0
40,11429990,11469194,True,1,2,yearBuilt,14,+30yr,1954.0,1984.0
40,11429990,11469194,True,1,2,yearBuilt,15,+32yr,1954.0,1986.0
40,11429990,11469194,True,1,2,yearBuilt,16,+34yr,1954.0,1988.0
40,11429990,11469194,True,1,2,yearBuilt,17,+36yr,1954.0,1990.0
40,11429990,11469194,True,1,2,yearBuilt,18,+38yr,1954.0,1992.0
40,11429990,11469194,True,1,2,yearBuilt,19,+40yr,1954.0,1994.0
40,11429990,11469194,True,1,2,yearBuilt,20,+42yr,1954.0,1996.0
40,11429990,11469194,True,1,2,yearBuilt,21,+44yr,1954.0,1998.0
40,11429990,11469194,True,1,2,yearBuilt,22,+46yr,1954.0,2000.0
40,11429990,11469194,True,1,2,yearBuilt,23,+48yr,1954.0,2002.0
40,11429990,11469194,True,1,2,yearBuilt,24,+50yr,1954.0,2004.0
40,11429990,11469194,True,1,2,yearBuilt,25,+52yr,1954.0,2006.0
40,11429990,11469194,True,1,2,yearBuilt,26,+54yr,1954.0,2008.0
40,11429990,11469194,True,1,2,yearBuilt,27,+56yr,1954.0,2010.0
40,11429990,11469194,True,1,2,yearBuilt,28,+58yr,1954.0,2012.0
40,11429990,11469194,True,1,2,yearBuilt,29,+60yr,1954.0,2014.0
40,11429990,11469194,True,1,2,yearBuilt,30,+62yr,1954.0,2016.0
40,11429990,11469194,True,1,2,yearBuilt,31,+64yr,1954.0,2018.0
40,11429990,11469194,True,1,2,yearBuilt,32,+66yr,1954.0,2020.0
40,11429990,11469194,True,1,2,yearBuilt,33,+68yr,1954.0,2022.0
40,11429990,11469194,True,1,2,yearBuilt,34,+70yr,1954.0,2024.0
40,11429990,11469194,True,1,2,lot,0,+100sqft,7150.0,7250.0
40,11429990,11469194,True,1,2,lot,1,+200sqft,7150.0,7350.0
40,11429990,11469194,True,1,2,lot,2,+300sqft,7150.0,7450.0
40,11429990,11469194,True,1,2,lot,3,+400sqft,7150.0,7550.0
40,11429990,11469194,True,1,2,lot,4,+500sqft,7150.0,7650.0
40,11429990,11469194,True,1,2,lot,5,+600sqft,7150.0,7750.0
40,11429990,11469194,True,1,2,lot,6,+700sqft,7150.0,7850.0
40,11429990,11469194,True,1,2,lot,7,+800sqft,7150.0,7950.0
40,11429990,11469194,True,1,2,lot,8,+900sqft,7150.0,8050.0
40,11429990,11469194,True,1,2,lot,9,+1000sqft,7150.0,8150.0
40,11429990,11469194,True,1,2,lot,10,+1100sqft,7150.0,8250.0
40,11429990,11469194,True,1,2,lot,11,+1200sqft,7150.0,8350.0
40,11429990,11469194,True,1,2,lot,12,+1300sqft,7150.0,8450.0
40,11429990,11469194,True,1,2,lot,13,+1400sqft,7150.0,8550.0
40,11429990,11469194,True,1,2,lot,14,+1500sqft,7150.0,8650.0
40,11429990,11469194,True,1,2,lot,15,+1600sqft,7150.0,8750.0
40,11429990,11469194,True,1,2,lot,16,+1700sqft,7150.0,8850.0
40,11429990,11469194,True,1,2,lot,17,+1800sqft,7150.0,8950.0
40,11429990,11469194,True,1,2,lot,18,+1900sqft,7150.0,9050.0
40,11429990,11469194,True,1,2,lot,19,+2000sqft,7150.0,9150.0
40,11429990,11469194,True,1,2,lot,20,+2100sqft,7150.0,9250.0
40,11429990,11469194,True,1,2,lot,21,+2200sqft,7150.0,9350.0
40,11429990,11469194,True,1,2,lot,22,+2300sqft,7150.0,9450.0
40,11429990,11469194,True,1,2,lot,23,+2400sqft,7150.0,9550.0
40,11429990,11469194,True,1,2,lot,24,+2500sqft,7150.0,9650.0
40,11429990,11469194,True,1,2,lot,25,+2600sqft,7150.0,9750.0
40,11429990,11469194,True,1,2,lot,26,+2700sqft,7150.0,9850.0
40,11429990,11469194,True,1,2,lot,27,+2800sqft,7150.0,9950.0
40,11429990,11469194,True,1,2,lot,28,+2900sqft,7150.0,10050.0
40,11429990,11469194,True,1,2,lot,29,+3000sqft,7150.0,10150.0
40,11429990,11469194,True,1,2,lot,30,+3100sqft,7150.0,10250.0
40,11429990,11469194,True,1,2,lot,31,+3200sqft,7150.0,10350.0
40,11429990,11469194,True,1,2,lot,32,+3300sqft,7150.0,10450.0
40,11429990,11469194,True,1,2,lot,33,+3400sqft,7150.0,10550.0
40,11429990,11469194,True,1,2,lot,34,+3500sqft,7150.0,10650.0
40,11429990,11469194,True,1,2,lot,35,+3600sqft,7150.0,10750.0
40,11429990,11469194,True,1,2,lot,36,+3700sqft,7150.0,10850.0
40,11429990,11469194,True,1,2,lot,37,+3800sqft,7150.0,10950.0
40,11429990,11469194,True,1,2,lot,38,+3900sqft,7150.0,11050.0
40,11429990,11469194,True,1,2,lot,39,+4000sqft,7150.0,11150.0
40,11429990,11469194,True,1,2,lot,40,+4100sqft,7150.0,11250.0
40,11429990,11469194,True,1,2,lot,41,+4200sqft,7150.0,11350.0
40,11429990,11469194,True,1,2,lot,42,+4300sqft,7150.0,11450.0
40,11429990,11469194,True,1,2,lot,43,+4400sqft,7150.0,11550.0
40,11429990,11469194,True,1,2,lot,44,+4500sqft,7150.0,11650.0
40,11429990,11469194,True,1,2,lot,45,+4600sqft,7150.0,11750.0
40,11429990,11469194,True,1,2,lot,46,+4700sqft,7150.0,11850.0
40,11429990,11469194,True,1,2,lot,47,+4800sqft,7150.0,11950.0
40,11429990,11469194,True,1,2,lot,48,+4900sqft,7150.0,12050.0
40,11429990,11469194,True,1,2,lot,49,+5000sqft,7150.0,12150.0
41,11617295,11643925,True,1,2,bedrooms,0,+1,4.0,5.0
41,11617295,11643925,True,1,2,bedrooms,1,+2,4.0,6.0
41,11617295,11643925,True,1,2,bedrooms,2,+3,4.0,7.0
41,11617295,11643925,True,1,2,bedrooms,3,+4,4.0,8.0
41,11617295,11643925,True,1,2,bedrooms,4,+5,4.0,9.0
41,11617295,11643925,True,1,2,bedrooms,5,+6,4.0,10.0
41,11617295,11643925,True,1,2,bathrooms,0,+1,3.0,4.0
41,11617295,11643925,True,1,2,bathrooms,1,+2,3.0,5.0
41,11617295,11643925,True,1,2,bathrooms,2,+3,3.0,6.0
41,11617295,11643925,True,1,2,bathrooms,3,+4,3.0,7.0
41,11617295,11643925,True,1,2,bathrooms,4,+5,3.0,8.0
41,11617295,11643925,True,1,2,bathrooms,5,+6,3.0,9.0
41,11617295,11643925,True,1,2,bathrooms,6,+7,3.0,10.0
41,11617295,11643925,True,1,2,yearBuilt,0,+2yr,1983.0,1985.0
41,11617295,11643925,True,1,2,yearBuilt,1,+4yr,1983.0,1987.0
41,11617295,11643925,True,1,2,yearBuilt,2,+6yr,1983.0,1989.0
41,11617295,11643925,True,1,2,yearBuilt,3,+8yr,1983.0,1991.0
41,11617295,11643925,True,1,2,yearBuilt,4,+10yr,1983.0,1993.0
41,11617295,11643925,True,1,2,yearBuilt,5,+12yr,1983.0,1995.0
41,11617295,11643925,True,1,2,yearBuilt,6,+14yr,1983.0,1997.0
41,11617295,11643925,True,1,2,yearBuilt,7,+16yr,1983.0,1999.0
41,11617295,11643925,True,1,2,yearBuilt,8,+18yr,1983.0,2001.0
41,11617295,11643925,True,1,2,yearBuilt,9,+20yr,1983.0,2003.0
41,11617295,11643925,True,1,2,yearBuilt,10,+22yr,1983.0,2005.0
41,11617295,11643925,True,1,2,yearBuilt,11,+24yr,1983.0,2007.0
41,11617295,11643925,True,1,2,yearBuilt,12,+26yr,1983.0,2009.0
41,11617295,11643925,True,1,2,yearBuilt,13,+28yr,1983.0,2011.0
41,11617295,11643925,True,1,2,yearBuilt,14,+30yr,1983.0,2013.0
41,11617295,11643925,True,1,2,yearBuilt,15,+32yr,1983.0,2015.0
41,11617295,11643925,True,1,2,yearBuilt,16,+34yr,1983.0,2017.0
41,11617295,11643925,True,1,2,yearBuilt,17,+36yr,1983.0,2019.0
41,11617295,11643925,True,1,2,yearBuilt,18,+38yr,1983.0,2021.0
41,11617295,11643925,True,1,2,yearBuilt,19,+40yr,1983.0,2023.0
41,11617295,11643925,True,1,2,yearBuilt,20,+42yr,1983.0,2025.0
41,11617295,11643925,True,1,2,lot,0,+100sqft,0.28,0.2823
41,11617295,11643925,True,1,2,lot,1,+200sqft,0.28,0.2846
41,11617295,11643925,True,1,2,lot,2,+300sqft,0.28,0.2869
41,11617295,11643925,True,1,2,lot,3,+400sqft,0.28,0.2892
41,11617295,11643925,True,1,2,lot,4,+500sqft,0.28,0.2915
41,11617295,11643925,True,1,2,lot,5,+600sqft,0.28,0.2938
41,11617295,11643925,True,1,2,lot,6,+700sqft,0.28,0.2961
41,11617295,11643925,True,1,2,lot,7,+800sqft,0.28,0.2984
41,11617295,11643925,True,1,2,lot,8,+900sqft,0.28,0.3007
41,11617295,11643925,True,1,2,lot,9,+1000sqft,0.28,0.303
41,11617295,11643925,True,1,2,lot,10,+1100sqft,0.28,0.3053
41,11617295,11643925,True,1,2,lot,11,+1200sqft,0.28,0.3075
41,11617295,11643925,True,1,2,lot,12,+1300sqft,0.28,0.3098
41,11617295,11643925,True,1,2,lot,13,+1400sqft,0.28,0.3121
41,11617295,11643925,True,1,2,lot,14,+1500sqft,0.28,0.3144
41,11617295,11643925,True,1,2,lot,15,+1600sqft,0.28,0.3167
41,11617295,11643925,True,1,2,lot,16,+1700sqft,0.28,0.319
41,11617295,11643925,True,1,2,lot,17,+1800sqft,0.28,0.3213
41,11617295,11643925,True,1,2,lot,18,+1900sqft,0.28,0.3236
41,11617295,11643925,True,1,2,lot,19,+2000sqft,0.28,0.3259
41,11617295,11643925,True,1,2,lot,20,+2100sqft,0.28,0.3282
41,11617295,11643925,True,1,2,lot,21,+2200sqft,0.28,0.3305
41,11617295,11643925,True,1,2,lot,22,+2300sqft,0.28,0.3328
41,11617295,11643925,True,1,2,lot,23,+2400sqft,0.28,0.3351
41,11617295,11643925,True,1,2,lot,24,+2500sqft,0.28,0.3374
41,11617295,11643925,True,1,2,lot,25,+2600sqft,0.28,0.3397
41,11617295,11643925,True,1,2,lot,26,+2700sqft,0.28,0.342
41,11617295,11643925,True,1,2,lot,27,+2800sqft,0.28,0.3443
41,11617295,11643925,True,1,2,lot,28,+2900sqft,0.28,0.3466
41,11617295,11643925,True,1,2,lot,29,+3000sqft,0.28,0.3489
41,11617295,11643925,True,1,2,lot,30,+3100sqft,0.28,0.3512
41,11617295,11643925,True,1,2,lot,31,+3200sqft,0.28,0.3535
41,11617295,11643925,True,1,2,lot,32,+3300sqft,0.28,0.3558
41,11617295,11643925,True,1,2,lot,33,+3400sqft,0.28,0.3581
41,11617295,11643925,True,1,2,lot,34,+3500sqft,0.28,0.3603
41,11617295,11643925,True,1,2,lot,35,+3600sqft,0.28,0.3626
41,11617295,11643925,True,1,2,lot,36,+3700sqft,0.28,0.3649
41,11617295,11643925,True,1,2,lot,37,+3800sqft,0.28,0.3672
41,11617295,11643925,True,1,2,lot,38,+3900sqft,0.28,0.3695
41,11617295,11643925,True,1,2,lot,39,+4000sqft,0.28,0.3718
41,11617295,11643925,True,1,2,lot,40,+4100sqft,0.28,0.3741
41,11617295,11643925,True,1,2,lot,41,+4200sqft,0.28,0.3764
41,11617295,11643925,True,1,2,lot,42,+4300sqft,0.28,0.3787
41,11617295,11643925,True,1,2,lot,43,+4400sqft,0.28,0.381
41,11617295,11643925,True,1,2,lot,44,+4500sqft,0.28,0.3833
41,11617295,11643925,True,1,2,lot,45,+4600sqft,0.28,0.3856
41,11617295,11643925,True,1,2,lot,46,+4700sqft,0.28,0.3879
41,11617295,11643925,True,1,2,lot,47,+4800sqft,0.28,0.3902
41,11617295,11643925,True,1,2,lot,48,+4900sqft,0.28,0.3925
41,11617295,11643925,True,1,2,lot,49,+5000sqft,0.28,0.3948
42,11452448,11534634,True,2,1,bedrooms,0,+1,2.0,3.0
42,11452448,11534634,True,2,1,bedrooms,1,+2,2.0,4.0
42,11452448,11534634,True,2,1,bedrooms,2,+3,2.0,5.0
42,11452448,11534634,True,2,1,bedrooms,3,+4,2.0,6.0
42,11452448,11534634,True,2,1,bedrooms,4,+5,2.0,7.0
42,11452448,11534634,True,2,1,bedrooms,5,+6,2.0,8.0
42,11452448,11534634,True,2,1,bedrooms,6,+7,2.0,9.0
42,11452448,11534634,True,2,1,bedrooms,7,+8,2.0,10.0
42,11452448,11534634,True,2,1,bathrooms,0,+1,2.0,3.0
42,11452448,11534634,True,2,1,bathrooms,1,+2,2.0,4.0
42,11452448,11534634,True,2,1,bathrooms,2,+3,2.0,5.0
42,11452448,11534634,True,2,1,bathrooms,3,+4,2.0,6.0
42,11452448,11534634,True,2,1,bathrooms,4,+5,2.0,7.0
42,11452448,11534634,True,2,1,bathrooms,5,+6,2.0,8.0
42,11452448,11534634,True,2,1,bathrooms,6,+7,2.0,9.0
42,11452448,11534634,True,2,1,bathrooms,7,+8,2.0,10.0
42,11452448,11534634,True,2,1,yearBuilt,0,+2yr,1959.0,1961.0
42,11452448,11534634,True,2,1,yearBuilt,1,+4yr,1959.0,1963.0
42,11452448,11534634,True,2,1,yearBuilt,2,+6yr,1959.0,1965.0
42,11452448,11534634,True,2,1,yearBuilt,3,+8yr,1959.0,1967.0
42,11452448,11534634,True,2,1,yearBuilt,4,+10yr,1959.0,1969.0
42,11452448,11534634,True,2,1,yearBuilt,5,+12yr,1959.0,1971.0
42,11452448,11534634,True,2,1,yearBuilt,6,+14yr,1959.0,1973.0
42,11452448,11534634,True,2,1,yearBuilt,7,+16yr,1959.0,1975.0
42,11452448,11534634,True,2,1,yearBuilt,8,+18yr,1959.0,1977.0
42,11452448,11534634,True,2,1,yearBuilt,9,+20yr,1959.0,1979.0
42,11452448,11534634,True,2,1,yearBuilt,10,+22yr,1959.0,1981.0
42,11452448,11534634,True,2,1,yearBuilt,11,+24yr,1959.0,1983.0
42,11452448,11534634,True,2,1,yearBuilt,12,+26yr,1959.0,1985.0
42,11452448,11534634,True,2,1,yearBuilt,13,+28yr,1959.0,1987.0
42,11452448,11534634,True,2,1,yearBuilt,14,+30yr,1959.0,1989.0
42,11452448,11534634,True,2,1,yearBuilt,15,+32yr,1959.0,1991.0
42,11452448,11534634,True,2,1,yearBuilt,16,+34yr,1959.0,1993.0
42,11452448,11534634,True,2,1,yearBuilt,17,+36yr,1959.0,1995.0
42,11452448,11534634,True,2,1,yearBuilt,18,+38yr,1959.0,1997.0
42,11452448,11534634,True,2,1,yearBuilt,19,+40yr,1959.0,1999.0
42,11452448,11534634,True,2,1,yearBuilt,20,+42yr,1959.0,2001.0
42,11452448,11534634,True,2,1,yearBuilt,21,+44yr,1959.0,2003.0
42,11452448,11534634,True,2,1,yearBuilt,22,+46yr,1959.0,2005.0
42,11452448,11534634,True,2,1,yearBuilt,23,+48yr,1959.0,2007.0
42,11452448,11534634,True,2,1,yearBuilt,24,+50yr,1959.0,2009.0
42,11452448,11534634,True,2,1,yearBuilt,25,+52yr,1959.0,2011.0
42,11452448,11534634,True,2,1,yearBuilt,26,+54yr,1959.0,2013.0
42,11452448,11534634,True,2,1,yearBuilt,27,+56yr,1959.0,2015.0
42,11452448,11534634,True,2,1,yearBuilt,28,+58yr,1959.0,2017.0
42,11452448,11534634,True,2,1,yearBuilt,29,+60yr,1959.0,2019.0
42,11452448,11534634,True,2,1,yearBuilt,30,+62yr,1959.0,2021.0
42,11452448,11534634,True,2,1,yearBuilt,31,+64yr,1959.0,2023.0
42,11452448,11534634,True,2,1,yearBuilt,32,+66yr,1959.0,2025.0
42,11452448,11534634,True,2,1,lot,0,+100sqft,5998.0,6098.0
42,11452448,11534634,True,2,1,lot,1,+200sqft,5998.0,6198.0
42,11452448,11534634,True,2,1,lot,2,+300sqft,5998.0,6298.0
42,11452448,11534634,True,2,1,lot,3,+400sqft,5998.0,6398.0
42,11452448,11534634,True,2,1,lot,4,+500sqft,5998.0,6498.0
42,11452448,11534634,True,2,1,lot,5,+600sqft,5998.0,6598.0
42,11452448,11534634,True,2,1,lot,6,+700sqft,5998.0,6698.0
42,11452448,11534634,True,2,1,lot,7,+800sqft,5998.0,6798.0
42,11452448,11534634,True,2,1,lot,8,+900sqft,5998.0,6898.0
42,11452448,11534634,True,2,1,lot,9,+1000sqft,5998.0,6998.0
42,11452448,11534634,True,2,1,lot,10,+1100sqft,5998.0,7098.0
42,11452448,11534634,True,2,1,lot,11,+1200sqft,5998.0,7198.0
42,11452448,11534634,True,2,1,lot,12,+1300sqft,5998.0,7298.0
42,11452448,11534634,True,2,1,lot,13,+1400sqft,5998.0,7398.0
42,11452448,11534634,True,2,1,lot,14,+1500sqft,5998.0,7498.0
42,11452448,11534634,True,2,1,lot,15,+1600sqft,5998.0,7598.0
42,11452448,11534634,True,2,1,lot,16,+1700sqft,5998.0,7698.0
42,11452448,11534634,True,2,1,lot,17,+1800sqft,5998.0,7798.0
42,11452448,11534634,True,2,1,lot,18,+1900sqft,5998.0,7898.0
42,11452448,11534634,True,2,1,lot,19,+2000sqft,5998.0,7998.0
42,11452448,11534634,True,2,1,lot,20,+2100sqft,5998.0,8098.0
42,11452448,11534634,True,2,1,lot,21,+2200sqft,5998.0,8198.0
42,11452448,11534634,True,2,1,lot,22,+2300sqft,5998.0,8298.0
42,11452448,11534634,True,2,1,lot,23,+2400sqft,5998.0,8398.0
42,11452448,11534634,True,2,1,lot,24,+2500sqft,5998.0,8498.0
42,11452448,11534634,True,2,1,lot,25,+2600sqft,5998.0,8598.0
42,11452448,11534634,True,2,1,lot,26,+2700sqft,5998.0,8698.0
42,11452448,11534634,True,2,1,lot,27,+2800sqft,5998.0,8798.0
42,11452448,11534634,True,2,1,lot,28,+2900sqft,5998.0,8898.0
42,11452448,11534634,True,2,1,lot,29,+3000sqft,5998.0,8998.0
42,11452448,11534634,True,2,1,lot,30,+3100sqft,5998.0,9098.0
42,11452448,11534634,True,2,1,lot,31,+3200sqft,5998.0,9198.0
42,11452448,11534634,True,2,1,lot,32,+3300sqft,5998.0,9298.0
42,11452448,11534634,True,2,1,lot,33,+3400sqft,5998.0,9398.0
42,11452448,11534634,True,2,1,lot,34,+3500sqft,5998.0,9498.0
42,11452448,11534634,True,2,1,lot,35,+3600sqft,5998.0,9598.0
42,11452448,11534634,True,2,1,lot,36,+3700sqft,5998.0,9698.0
42,11452448,11534634,True,2,1,lot,37,+3800sqft,5998.0,9798.0
42,11452448,11534634,True,2,1,lot,38,+3900sqft,5998.0,9898.0
42,11452448,11534634,True,2,1,lot,39,+4000sqft,5998.0,9998.0
42,11452448,11534634,True,2,1,lot,40,+4100sqft,5998.0,10098.0
42,11452448,11534634,True,2,1,lot,41,+4200sqft,5998.0,10198.0
42,11452448,11534634,True,2,1,lot,42,+4300sqft,5998.0,10298.0
42,11452448,11534634,True,2,1,lot,43,+4400sqft,5998.0,10398.0
42,11452448,11534634,True,2,1,lot,44,+4500sqft,5998.0,10498.0
42,11452448,11534634,True,2,1,lot,45,+4600sqft,5998.0,10598.0
42,11452448,11534634,True,2,1,lot,46,+4700sqft,5998.0,10698.0
42,11452448,11534634,True,2,1,lot,47,+4800sqft,5998.0,10798.0
42,11452448,11534634,True,2,1,lot,48,+4900sqft,5998.0,10898.0
42,11452448,11534634,True,2,1,lot,49,+5000sqft,5998.0,10998.0
43,11311611,11358193,True,1,2,bedrooms,0,+1,4.0,5.0
43,11311611,11358193,True,1,2,bedrooms,1,+2,4.0,6.0
43,11311611,11358193,True,1,2,bedrooms,2,+3,4.0,7.0
43,11311611,11358193,True,1,2,bedrooms,3,+4,4.0,8.0
43,11311611,11358193,True,1,2,bedrooms,4,+5,4.0,9.0
43,11311611,11358193,True,1,2,bedrooms,5,+6,4.0,10.0
43,11311611,11358193,True,1,2,bathrooms,0,+1,5.0,6.0
43,11311611,11358193,True,1,2,bathrooms,1,+2,5.0,7.0
43,11311611,11358193,True,1,2,bathrooms,2,+3,5.0,8.0
43,11311611,11358193,True,1,2,bathrooms,3,+4,5.0,9.0
43,11311611,11358193,True,1,2,bathrooms,4,+5,5.0,10.0
43,11311611,11358193,True,1,2,yearBuilt,0,+2yr,1928.0,1930.0
43,11311611,11358193,True,1,2,yearBuilt,1,+4yr,1928.0,1932.0
43,11311611,11358193,True,1,2,yearBuilt,2,+6yr,1928.0,1934.0
43,11311611,11358193,True,1,2,yearBuilt,3,+8yr,1928.0,1936.0
43,11311611,11358193,True,1,2,yearBuilt,4,+10yr,1928.0,1938.0
43,11311611,11358193,True,1,2,yearBuilt,5,+12yr,1928.0,1940.0
43,11311611,11358193,True,1,2,yearBuilt,6,+14yr,1928.0,1942.0
43,11311611,11358193,True,1,2,yearBuilt,7,+16yr,1928.0,1944.0
43,11311611,11358193,True,1,2,yearBuilt,8,+18yr,1928.0,1946.0
43,11311611,11358193,True,1,2,yearBuilt,9,+20yr,1928.0,1948.0
43,11311611,11358193,True,1,2,yearBuilt,10,+22yr,1928.0,1950.0
43,11311611,11358193,True,1,2,yearBuilt,11,+24yr,1928.0,1952.0
43,11311611,11358193,True,1,2,yearBuilt,12,+26yr,1928.0,1954.0
43,11311611,11358193,True,1,2,yearBuilt,13,+28yr,1928.0,1956.0
43,11311611,11358193,True,1,2,yearBuilt,14,+30yr,1928.0,1958.0
43,11311611,11358193,True,1,2,yearBuilt,15,+32yr,1928.0,1960.0
43,11311611,11358193,True,1,2,yearBuilt,16,+34yr,1928.0,1962.0
43,11311611,11358193,True,1,2,yearBuilt,17,+36yr,1928.0,1964.0
43,11311611,11358193,True,1,2,yearBuilt,18,+38yr,1928.0,1966.0
43,11311611,11358193,True,1,2,yearBuilt,19,+40yr,1928.0,1968.0
43,11311611,11358193,True,1,2,yearBuilt,20,+42yr,1928.0,1970.0
43,11311611,11358193,True,1,2,yearBuilt,21,+44yr,1928.0,1972.0
43,11311611,11358193,True,1,2,yearBuilt,22,+46yr,1928.0,1974.0
43,11311611,11358193,True,1,2,yearBuilt,23,+48yr,1928.0,1976.0
43,11311611,11358193,True,1,2,yearBuilt,24,+50yr,1928.0,1978.0
43,11311611,11358193,True,1,2,yearBuilt,25,+52yr,1928.0,1980.0
43,11311611,11358193,True,1,2,yearBuilt,26,+54yr,1928.0,1982.0
43,11311611,11358193,True,1,2,yearBuilt,27,+56yr,1928.0,1984.0
43,11311611,11358193,True,1,2,yearBuilt,28,+58yr,1928.0,1986.0
43,11311611,11358193,True,1,2,yearBuilt,29,+60yr,1928.0,1988.0
43,11311611,11358193,True,1,2,yearBuilt,30,+62yr,1928.0,1990.0
43,11311611,11358193,True,1,2,yearBuilt,31,+64yr,1928.0,1992.0
43,11311611,11358193,True,1,2,yearBuilt,32,+66yr,1928.0,1994.0
43,11311611,11358193,True,1,2,yearBuilt,33,+68yr,1928.0,1996.0
43,11311611,11358193,True,1,2,yearBuilt,34,+70yr,1928.0,1998.0
43,11311611,11358193,True,1,2,yearBuilt,35,+72yr,1928.0,2000.0
43,11311611,11358193,True,1,2,yearBuilt,36,+74yr,1928.0,2002.0
43,11311611,11358193,True,1,2,yearBuilt,37,+76yr,1928.0,2004.0
43,11311611,11358193,True,1,2,yearBuilt,38,+78yr,1928.0,2006.0
43,11311611,11358193,True,1,2,yearBuilt,39,+80yr,1928.0,2008.0
43,11311611,11358193,True,1,2,yearBuilt,40,+82yr,1928.0,2010.0
43,11311611,11358193,True,1,2,yearBuilt,41,+84yr,1928.0,2012.0
43,11311611,11358193,True,1,2,yearBuilt,42,+86yr,1928.0,2014.0
43,11311611,11358193,True,1,2,yearBuilt,43,+88yr,1928.0,2016.0
43,11311611,11358193,True,1,2,yearBuilt,44,+90yr,1928.0,2018.0
43,11311611,11358193,True,1,2,yearBuilt,45,+92yr,1928.0,2020.0
43,11311611,11358193,True,1,2,yearBuilt,46,+94yr,1928.0,2022.0
43,11311611,11358193,True,1,2,lot,0,+100sqft,0.28,0.2823
43,11311611,11358193,True,1,2,lot,1,+200sqft,0.28,0.2846
43,11311611,11358193,True,1,2,lot,2,+300sqft,0.28,0.2869
43,11311611,11358193,True,1,2,lot,3,+400sqft,0.28,0.2892
43,11311611,11358193,True,1,2,lot,4,+500sqft,0.28,0.2915
43,11311611,11358193,True,1,2,lot,5,+600sqft,0.28,0.2938
43,11311611,11358193,True,1,2,lot,6,+700sqft,0.28,0.2961
43,11311611,11358193,True,1,2,lot,7,+800sqft,0.28,0.2984
43,11311611,11358193,True,1,2,lot,8,+900sqft,0.28,0.3007
43,11311611,11358193,True,1,2,lot,9,+1000sqft,0.28,0.303
43,11311611,11358193,True,1,2,lot,10,+1100sqft,0.28,0.3053
43,11311611,11358193,True,1,2,lot,11,+1200sqft,0.28,0.3075
43,11311611,11358193,True,1,2,lot,12,+1300sqft,0.28,0.3098
43,11311611,11358193,True,1,2,lot,13,+1400sqft,0.28,0.3121
43,11311611,11358193,True,1,2,lot,14,+1500sqft,0.28,0.3144
43,11311611,11358193,True,1,2,lot,15,+1600sqft,0.28,0.3167
43,11311611,11358193,True,1,2,lot,16,+1700sqft,0.28,0.319
43,11311611,11358193,True,1,2,lot,17,+1800sqft,0.28,0.3213
43,11311611,11358193,True,1,2,lot,18,+1900sqft,0.28,0.3236
43,11311611,11358193,True,1,2,lot,19,+2000sqft,0.28,0.3259
43,11311611,11358193,True,1,2,lot,20,+2100sqft,0.28,0.3282
43,11311611,11358193,True,1,2,lot,21,+2200sqft,0.28,0.3305
43,11311611,11358193,True,1,2,lot,22,+2300sqft,0.28,0.3328
43,11311611,11358193,True,1,2,lot,23,+2400sqft,0.28,0.3351
43,11311611,11358193,True,1,2,lot,24,+2500sqft,0.28,0.3374
43,11311611,11358193,True,1,2,lot,25,+2600sqft,0.28,0.3397
43,11311611,11358193,True,1,2,lot,26,+2700sqft,0.28,0.342
43,11311611,11358193,True,1,2,lot,27,+2800sqft,0.28,0.3443
43,11311611,11358193,True,1,2,lot,28,+2900sqft,0.28,0.3466
43,11311611,11358193,True,1,2,lot,29,+3000sqft,0.28,0.3489
43,11311611,11358193,True,1,2,lot,30,+3100sqft,0.28,0.3512
43,11311611,11358193,True,1,2,lot,31,+3200sqft,0.28,0.3535
43,11311611,11358193,True,1,2,lot,32,+3300sqft,0.28,0.3558
43,11311611,11358193,True,1,2,lot,33,+3400sqft,0.28,0.3581
43,11311611,11358193,True,1,2,lot,34,+3500sqft,0.28,0.3603
43,11311611,11358193,True,1,2,lot,35,+3600sqft,0.28,0.3626
43,11311611,11358193,True,1,2,lot,36,+3700sqft,0.28,0.3649
43,11311611,11358193,True,1,2,lot,37,+3800sqft,0.28,0.3672
43,11311611,11358193,True,1,2,lot,38,+3900sqft,0.28,0.3695
43,11311611,11358193,True,1,2,lot,39,+4000sqft,0.28,0.3718
43,11311611,11358193,True,1,2,lot,40,+4100sqft,0.28,0.3741
43,11311611,11358193,True,1,2,lot,41,+4200sqft,0.28,0.3764
43,11311611,11358193,True,1,2,lot,42,+4300sqft,0.28,0.3787
43,11311611,11358193,True,1,2,lot,43,+4400sqft,0.28,0.381
43,11311611,11358193,True,1,2,lot,44,+4500sqft,0.28,0.3833
43,11311611,11358193,True,1,2,lot,45,+4600sqft,0.28,0.3856
43,11311611,11358193,True,1,2,lot,46,+4700sqft,0.28,0.3879
43,11311611,11358193,True,1,2,lot,47,+4800sqft,0.28,0.3902
43,11311611,11358193,True,1,2,lot,48,+4900sqft,0.28,0.3925
43,11311611,11358193,True,1,2,lot,49,+5000sqft,0.28,0.3948
44,11308484,11436909,True,1,2,bedrooms,0,+1,3.0,4.0
44,11308484,11436909,True,1,2,bedrooms,1,+2,3.0,5.0
44,11308484,11436909,True,1,2,bedrooms,2,+3,3.0,6.0
44,11308484,11436909,True,1,2,bedrooms,3,+4,3.0,7.0
44,11308484,11436909,True,1,2,bedrooms,4,+5,3.0,8.0
44,11308484,11436909,True,1,2,bedrooms,5,+6,3.0,9.0
44,11308484,11436909,True,1,2,bedrooms,6,+7,3.0,10.0
44,11308484,11436909,True,1,2,bathrooms,0,+1,2.0,3.0
44,11308484,11436909,True,1,2,bathrooms,1,+2,2.0,4.0
44,11308484,11436909,True,1,2,bathrooms,2,+3,2.0,5.0
44,11308484,11436909,True,1,2,bathrooms,3,+4,2.0,6.0
44,11308484,11436909,True,1,2,bathrooms,4,+5,2.0,7.0
44,11308484,11436909,True,1,2,bathrooms,5,+6,2.0,8.0
44,11308484,11436909,True,1,2,bathrooms,6,+7,2.0,9.0
44,11308484,11436909,True,1,2,bathrooms,7,+8,2.0,10.0
44,11308484,11436909,True,1,2,yearBuilt,0,+2yr,1945.0,1947.0
44,11308484,11436909,True,1,2,yearBuilt,1,+4yr,1945.0,1949.0
44,11308484,11436909,True,1,2,yearBuilt,2,+6yr,1945.0,1951.0
44,11308484,11436909,True,1,2,yearBuilt,3,+8yr,1945.0,1953.0
44,11308484,11436909,True,1,2,yearBuilt,4,+10yr,1945.0,1955.0
44,11308484,11436909,True,1,2,yearBuilt,5,+12yr,1945.0,1957.0
44,11308484,11436909,True,1,2,yearBuilt,6,+14yr,1945.0,1959.0
44,11308484,11436909,True,1,2,yearBuilt,7,+16yr,1945.0,1961.0
44,11308484,11436909,True,1,2,yearBuilt,8,+18yr,1945.0,1963.0
44,11308484,11436909,True,1,2,yearBuilt,9,+20yr,1945.0,1965.0
44,11308484,11436909,True,1,2,yearBuilt,10,+22yr,1945.0,1967.0
44,11308484,11436909,True,1,2,yearBuilt,11,+24yr,1945.0,1969.0
44,11308484,11436909,True,1,2,yearBuilt,12,+26yr,1945.0,1971.0
44,11308484,11436909,True,1,2,yearBuilt,13,+28yr,1945.0,1973.0
44,11308484,11436909,True,1,2,yearBuilt,14,+30yr,1945.0,1975.0
44,11308484,11436909,True,1,2,yearBuilt,15,+32yr,1945.0,1977.0
44,11308484,11436909,True,1,2,yearBuilt,16,+34yr,1945.0,1979.0
44,11308484,11436909,True,1,2,yearBuilt,17,+36yr,1945.0,1981.0
44,11308484,11436909,True,1,2,yearBuilt,18,+38yr,1945.0,1983.0
44,11308484,11436909,True,1,2,yearBuilt,19,+40yr,1945.0,1985.0
44,11308484,11436909,True,1,2,yearBuilt,20,+42yr,1945.0,1987.0
44,11308484,11436909,True,1,2,yearBuilt,21,+44yr,1945.0,1989.0
44,11308484,11436909,True,1,2,yearBuilt,22,+46yr,1945.0,1991.0
44,11308484,11436909,True,1,2,yearBuilt,23,+48yr,1945.0,1993.0
44,11308484,11436909,True,1,2,yearBuilt,24,+50yr,1945.0,1995.0
44,11308484,11436909,True,1,2,yearBuilt,25,+52yr,1945.0,1997.0
44,11308484,11436909,True,1,2,yearBuilt,26,+54yr,1945.0,1999.0
44,11308484,11436909,True,1,2,yearBuilt,27,+56yr,1945.0,2001.0
44,11308484,11436909,True,1,2,yearBuilt,28,+58yr,1945.0,2003.0
44,11308484,11436909,True,1,2,yearBuilt,29,+60yr,1945.0,2005.0
44,11308484,11436909,True,1,2,yearBuilt,30,+62yr,1945.0,2007.0
44,11308484,11436909,True,1,2,yearBuilt,31,+64yr,1945.0,2009.0
44,11308484,11436909,True,1,2,yearBuilt,32,+66yr,1945.0,2011.0
44,11308484,11436909,True,1,2,yearBuilt,33,+68yr,1945.0,2013.0
44,11308484,11436909,True,1,2,yearBuilt,34,+70yr,1945.0,2015.0
44,11308484,11436909,True,1,2,yearBuilt,35,+72yr,1945.0,2017.0
44,11308484,11436909,True,1,2,yearBuilt,36,+74yr,1945.0,2019.0
44,11308484,11436909,True,1,2,yearBuilt,37,+76yr,1945.0,2021.0
44,11308484,11436909,True,1,2,yearBuilt,38,+78yr,1945.0,2023.0
44,11308484,11436909,True,1,2,yearBuilt,39,+80yr,1945.0,2025.0
44,11308484,11436909,True,1,2,lot,0,+100sqft,4800.0,4900.0
44,11308484,11436909,True,1,2,lot,1,+200sqft,4800.0,5000.0
44,11308484,11436909,True,1,2,lot,2,+300sqft,4800.0,5100.0
44,11308484,11436909,True,1,2,lot,3,+400sqft,4800.0,5200.0
44,11308484,11436909,True,1,2,lot,4,+500sqft,4800.0,5300.0
44,11308484,11436909,True,1,2,lot,5,+600sqft,4800.0,5400.0
44,11308484,11436909,True,1,2,lot,6,+700sqft,4800.0,5500.0
44,11308484,11436909,True,1,2,lot,7,+800sqft,4800.0,5600.0
44,11308484,11436909,True,1,2,lot,8,+900sqft,4800.0,5700.0
44,11308484,11436909,True,1,2,lot,9,+1000sqft,4800.0,5800.0
44,11308484,11436909,True,1,2,lot,10,+1100sqft,4800.0,5900.0
44,11308484,11436909,True,1,2,lot,11,+1200sqft,4800.0,6000.0
44,11308484,11436909,True,1,2,lot,12,+1300sqft,4800.0,6100.0
44,11308484,11436909,True,1,2,lot,13,+1400sqft,4800.0,6200.0
44,11308484,11436909,True,1,2,lot,14,+1500sqft,4800.0,6300.0
44,11308484,11436909,True,1,2,lot,15,+1600sqft,4800.0,6400.0
44,11308484,11436909,True,1,2,lot,16,+1700sqft,4800.0,6500.0
44,11308484,11436909,True,1,2,lot,17,+1800sqft,4800.0,6600.0
44,11308484,11436909,True,1,2,lot,18,+1900sqft,4800.0,6700.0
44,11308484,11436909,True,1,2,lot,19,+2000sqft,4800.0,6800.0
44,11308484,11436909,True,1,2,lot,20,+2100sqft,4800.0,6900.0
44,11308484,11436909,True,1,2,lot,21,+2200sqft,4800.0,7000.0
44,11308484,11436909,True,1,2,lot,22,+2300sqft,4800.0,7100.0
44,11308484,11436909,True,1,2,lot,23,+2400sqft,4800.0,7200.0
44,11308484,11436909,True,1,2,lot,24,+2500sqft,4800.0,7300.0
44,11308484,11436909,True,1,2,lot,25,+2600sqft,4800.0,7400.0
44,11308484,11436909,True,1,2,lot,26,+2700sqft,4800.0,7500.0
44,11308484,11436909,True,1,2,lot,27,+2800sqft,4800.0,7600.0
44,11308484,11436909,True,1,2,lot,28,+2900sqft,4800.0,7700.0
44,11308484,11436909,True,1,2,lot,29,+3000sqft,4800.0,7800.0
44,11308484,11436909,True,1,2,lot,30,+3100sqft,4800.0,7900.0
44,11308484,11436909,True,1,2,lot,31,+3200sqft,4800.0,8000.0
44,11308484,11436909,True,1,2,lot,32,+3300sqft,4800.0,8100.0
44,11308484,11436909,True,1,2,lot,33,+3400sqft,4800.0,8200.0
44,11308484,11436909,True,1,2,lot,34,+3500sqft,4800.0,8300.0
44,11308484,11436909,True,1,2,lot,35,+3600sqft,4800.0,8400.0
44,11308484,11436909,True,1,2,lot,36,+3700sqft,4800.0,8500.0
44,11308484,11436909,True,1,2,lot,37,+3800sqft,4800.0,8600.0
44,11308484,11436909,True,1,2,lot,38,+3900sqft,4800.0,8700.0
44,11308484,11436909,True,1,2,lot,39,+4000sqft,4800.0,8800.0
44,11308484,11436909,True,1,2,lot,40,+4100sqft,4800.0,8900.0
44,11308484,11436909,True,1,2,lot,41,+4200sqft,4800.0,9000.0
44,11308484,11436909,True,1,2,lot,42,+4300sqft,4800.0,9100.0
44,11308484,11436909,True,1,2,lot,43,+4400sqft,4800.0,9200.0
44,11308484,11436909,True,1,2,lot,44,+4500sqft,4800.0,9300.0
44,11308484,11436909,True,1,2,lot,45,+4600sqft,4800.0,9400.0
44,11308484,11436909,True,1,2,lot,46,+4700sqft,4800.0,9500.0
44,11308484,11436909,True,1,2,lot,47,+4800sqft,4800.0,9600.0
44,11308484,11436909,True,1,2,lot,48,+4900sqft,4800.0,9700.0
44,11308484,11436909,True,1,2,lot,49,+5000sqft,4800.0,9800.0
45,11656278,11658318,False,1,2,bedrooms,0,+1,3.0,4.0
45,11656278,11658318,False,1,2,bedrooms,1,+2,3.0,5.0
45,11656278,11658318,False,1,2,bedrooms,2,+3,3.0,6.0
45,11656278,11658318,False,1,2,bedrooms,3,+4,3.0,7.0
45,11656278,11658318,False,1,2,bedrooms,4,+5,3.0,8.0
45,11656278,11658318,False,1,2,bedrooms,5,+6,3.0,9.0
45,11656278,11658318,False,1,2,bedrooms,6,+7,3.0,10.0
45,11656278,11658318,False,1,2,bathrooms,0,+1,2.0,3.0
45,11656278,11658318,False,1,2,bathrooms,1,+2,2.0,4.0
45,11656278,11658318,False,1,2,bathrooms,2,+3,2.0,5.0
45,11656278,11658318,False,1,2,bathrooms,3,+4,2.0,6.0
45,11656278,11658318,False,1,2,bathrooms,4,+5,2.0,7.0
45,11656278,11658318,False,1,2,bathrooms,5,+6,2.0,8.0
45,11656278,11658318,False,1,2,bathrooms,6,+7,2.0,9.0
45,11656278,11658318,False,1,2,bathrooms,7,+8,2.0,10.0
45,11656278,11658318,False,1,2,yearBuilt,0,+2yr,1936.0,1938.0
45,11656278,11658318,False,1,2,yearBuilt,1,+4yr,1936.0,1940.0
45,11656278,11658318,False,1,2,yearBuilt,2,+6yr,1936.0,1942.0
45,11656278,11658318,False,1,2,yearBuilt,3,+8yr,1936.0,1944.0
45,11656278,11658318,False,1,2,yearBuilt,4,+10yr,1936.0,1946.0
45,11656278,11658318,False,1,2,yearBuilt,5,+12yr,1936.0,1948.0
45,11656278,11658318,False,1,2,yearBuilt,6,+14yr,1936.0,1950.0
45,11656278,11658318,False,1,2,yearBuilt,7,+16yr,1936.0,1952.0
45,11656278,11658318,False,1,2,yearBuilt,8,+18yr,1936.0,1954.0
45,11656278,11658318,False,1,2,yearBuilt,9,+20yr,1936.0,1956.0
45,11656278,11658318,False,1,2,yearBuilt,10,+22yr,1936.0,1958.0
45,11656278,11658318,False,1,2,yearBuilt,11,+24yr,1936.0,1960.0
45,11656278,11658318,False,1,2,yearBuilt,12,+26yr,1936.0,1962.0
45,11656278,11658318,False,1,2,yearBuilt,13,+28yr,1936.0,1964.0
45,11656278,11658318,False,1,2,yearBuilt,14,+30yr,1936.0,1966.0
45,11656278,11658318,False,1,2,yearBuilt,15,+32yr,1936.0,1968.0
45,11656278,11658318,False,1,2,yearBuilt,16,+34yr,1936.0,1970.0
45,11656278,11658318,False,1,2,yearBuilt,17,+36yr,1936.0,1972.0
45,11656278,11658318,False,1,2,yearBuilt,18,+38yr,1936.0,1974.0
45,11656278,11658318,False,1,2,yearBuilt,19,+40yr,1936.0,1976.0
45,11656278,11658318,False,1,2,yearBuilt,20,+42yr,1936.0,1978.0
45,11656278,11658318,False,1,2,yearBuilt,21,+44yr,1936.0,1980.0
45,11656278,11658318,False,1,2,yearBuilt,22,+46yr,1936.0,1982.0
45,11656278,11658318,False,1,2,yearBuilt,23,+48yr,1936.0,1984.0
45,11656278,11658318,False,1,2,yearBuilt,24,+50yr,1936.0,1986.0
45,11656278,11658318,False,1,2,yearBuilt,25,+52yr,1936.0,1988.0
45,11656278,11658318,False,1,2,yearBuilt,26,+54yr,1936.0,1990.0
45,11656278,11658318,False,1,2,yearBuilt,27,+56yr,1936.0,1992.0
45,11656278,11658318,False,1,2,yearBuilt,28,+58yr,1936.0,1994.0
45,11656278,11658318,False,1,2,yearBuilt,29,+60yr,1936.0,1996.0
45,11656278,11658318,False,1,2,yearBuilt,30,+62yr,1936.0,1998.0
45,11656278,11658318,False,1,2,yearBuilt,31,+64yr,1936.0,2000.0
45,11656278,11658318,False,1,2,yearBuilt,32,+66yr,1936.0,2002.0
45,11656278,11658318,False,1,2,yearBuilt,33,+68yr,1936.0,2004.0
45,11656278,11658318,False,1,2,yearBuilt,34,+70yr,1936.0,2006.0
45,11656278,11658318,False,1,2,yearBuilt,35,+72yr,1936.0,2008.0
45,11656278,11658318,False,1,2,yearBuilt,36,+74yr,1936.0,2010.0
45,11656278,11658318,False,1,2,yearBuilt,37,+76yr,1936.0,2012.0
45,11656278,11658318,False,1,2,yearBuilt,38,+78yr,1936.0,2014.0
45,11656278,11658318,False,1,2,yearBuilt,39,+80yr,1936.0,2016.0
45,11656278,11658318,False,1,2,yearBuilt,40,+82yr,1936.0,2018.0
45,11656278,11658318,False,1,2,yearBuilt,41,+84yr,1936.0,2020.0
45,11656278,11658318,False,1,2,yearBuilt,42,+86yr,1936.0,2022.0
45,11656278,11658318,False,1,2,yearBuilt,43,+88yr,1936.0,2024.0
45,11656278,11658318,False,1,2,lot,0,+100sqft,8084.0,8184.0
45,11656278,11658318,False,1,2,lot,1,+200sqft,8084.0,8284.0
45,11656278,11658318,False,1,2,lot,2,+300sqft,8084.0,8384.0
45,11656278,11658318,False,1,2,lot,3,+400sqft,8084.0,8484.0
45,11656278,11658318,False,1,2,lot,4,+500sqft,8084.0,8584.0
45,11656278,11658318,False,1,2,lot,5,+600sqft,8084.0,8684.0
45,11656278,11658318,False,1,2,lot,6,+700sqft,8084.0,8784.0
45,11656278,11658318,False,1,2,lot,7,+800sqft,8084.0,8884.0
45,11656278,11658318,False,1,2,lot,8,+900sqft,8084.0,8984.0
45,11656278,11658318,False,1,2,lot,9,+1000sqft,8084.0,9084.0
45,11656278,11658318,False,1,2,lot,10,+1100sqft,8084.0,9184.0
45,11656278,11658318,False,1,2,lot,11,+1200sqft,8084.0,9284.0
45,11656278,11658318,False,1,2,lot,12,+1300sqft,8084.0,9384.0
45,11656278,11658318,False,1,2,lot,13,+1400sqft,8084.0,9484.0
45,11656278,11658318,False,1,2,lot,14,+1500sqft,8084.0,9584.0
45,11656278,11658318,False,1,2,lot,15,+1600sqft,8084.0,9684.0
45,11656278,11658318,False,1,2,lot,16,+1700sqft,8084.0,9784.0
45,11656278,11658318,False,1,2,lot,17,+1800sqft,8084.0,9884.0
45,11656278,11658318,False,1,2,lot,18,+1900sqft,8084.0,9984.0
45,11656278,11658318,False,1,2,lot,19,+2000sqft,8084.0,10084.0
45,11656278,11658318,False,1,2,lot,20,+2100sqft,8084.0,10184.0
45,11656278,11658318,False,1,2,lot,21,+2200sqft,8084.0,10284.0
45,11656278,11658318,False,1,2,lot,22,+2300sqft,8084.0,10384.0
45,11656278,11658318,False,1,2,lot,23,+2400sqft,8084.0,10484.0
45,11656278,11658318,False,1,2,lot,24,+2500sqft,8084.0,10584.0
45,11656278,11658318,False,1,2,lot,25,+2600sqft,8084.0,10684.0
45,11656278,11658318,False,1,2,lot,26,+2700sqft,8084.0,10784.0
45,11656278,11658318,False,1,2,lot,27,+2800sqft,8084.0,10884.0
45,11656278,11658318,False,1,2,lot,28,+2900sqft,8084.0,10984.0
45,11656278,11658318,False,1,2,lot,29,+3000sqft,8084.0,11084.0
45,11656278,11658318,False,1,2,lot,30,+3100sqft,8084.0,11184.0
45,11656278,11658318,False,1,2,lot,31,+3200sqft,8084.0,11284.0
45,11656278,11658318,False,1,2,lot,32,+3300sqft,8084.0,11384.0
45,11656278,11658318,False,1,2,lot,33,+3400sqft,8084.0,11484.0
45,11656278,11658318,False,1,2,lot,34,+3500sqft,8084.0,11584.0
45,11656278,11658318,False,1,2,lot,35,+3600sqft,8084.0,11684.0
45,11656278,11658318,False,1,2,lot,36,+3700sqft,8084.0,11784.0
45,11656278,11658318,False,1,2,lot,37,+3800sqft,8084.0,11884.0
45,11656278,11658318,False,1,2,lot,38,+3900sqft,8084.0,11984.0
45,11656278,11658318,False,1,2,lot,39,+4000sqft,8084.0,12084.0
45,11656278,11658318,False,1,2,lot,40,+4100sqft,8084.0,12184.0
45,11656278,11658318,False,1,2,lot,41,+4200sqft,8084.0,12284.0
45,11656278,11658318,False,1,2,lot,42,+4300sqft,8084.0,12384.0
45,11656278,11658318,False,1,2,lot,43,+4400sqft,8084.0,12484.0
45,11656278,11658318,False,1,2,lot,44,+4500sqft,8084.0,12584.0
45,11656278,11658318,False,1,2,lot,45,+4600sqft,8084.0,12684.0
45,11656278,11658318,False,1,2,lot,46,+4700sqft,8084.0,12784.0
45,11656278,11658318,False,1,2,lot,47,+4800sqft,8084.0,12884.0
45,11656278,11658318,False,1,2,lot,48,+4900sqft,8084.0,12984.0
45,11656278,11658318,False,1,2,lot,49,+5000sqft,8084.0,13084.0
46,11590145,11618500,False,2,1,bedrooms,0,+1,2.0,3.0
46,11590145,11618500,False,2,1,bedrooms,1,+2,2.0,4.0
46,11590145,11618500,False,2,1,bedrooms,2,+3,2.0,5.0
46,11590145,11618500,False,2,1,bedrooms,3,+4,2.0,6.0
46,11590145,11618500,False,2,1,bedrooms,4,+5,2.0,7.0
46,11590145,11618500,False,2,1,bedrooms,5,+6,2.0,8.0
46,11590145,11618500,False,2,1,bedrooms,6,+7,2.0,9.0
46,11590145,11618500,False,2,1,bedrooms,7,+8,2.0,10.0
46,11590145,11618500,False,2,1,bathrooms,0,+1,1.0,2.0
46,11590145,11618500,False,2,1,bathrooms,1,+2,1.0,3.0
46,11590145,11618500,False,2,1,bathrooms,2,+3,1.0,4.0
46,11590145,11618500,False,2,1,bathrooms,3,+4,1.0,5.0
46,11590145,11618500,False,2,1,bathrooms,4,+5,1.0,6.0
46,11590145,11618500,False,2,1,bathrooms,5,+6,1.0,7.0
46,11590145,11618500,False,2,1,bathrooms,6,+7,1.0,8.0
46,11590145,11618500,False,2,1,bathrooms,7,+8,1.0,9.0
46,11590145,11618500,False,2,1,bathrooms,8,+9,1.0,10.0
46,11590145,11618500,False,2,1,yearBuilt,0,+2yr,1922.0,1924.0
46,11590145,11618500,False,2,1,yearBuilt,1,+4yr,1922.0,1926.0
46,11590145,11618500,False,2,1,yearBuilt,2,+6yr,1922.0,1928.0
46,11590145,11618500,False,2,1,yearBuilt,3,+8yr,1922.0,1930.0
46,11590145,11618500,False,2,1,yearBuilt,4,+10yr,1922.0,1932.0
46,11590145,11618500,False,2,1,yearBuilt,5,+12yr,1922.0,1934.0
46,11590145,11618500,False,2,1,yearBuilt,6,+14yr,1922.0,1936.0
46,11590145,11618500,False,2,1,yearBuilt,7,+16yr,1922.0,1938.0
46,11590145,11618500,False,2,1,yearBuilt,8,+18yr,1922.0,1940.0
46,11590145,11618500,False,2,1,yearBuilt,9,+20yr,1922.0,1942.0
46,11590145,11618500,False,2,1,yearBuilt,10,+22yr,1922.0,1944.0
46,11590145,11618500,False,2,1,yearBuilt,11,+24yr,1922.0,1946.0
46,11590145,11618500,False,2,1,yearBuilt,12,+26yr,1922.0,1948.0
46,11590145,11618500,False,2,1,yearBuilt,13,+28yr,1922.0,1950.0
46,11590145,11618500,False,2,1,yearBuilt,14,+30yr,1922.0,1952.0
46,11590145,11618500,False,2,1,yearBuilt,15,+32yr,1922.0,1954.0
46,11590145,11618500,False,2,1,yearBuilt,16,+34yr,1922.0,1956.0
46,11590145,11618500,False,2,1,yearBuilt,17,+36yr,1922.0,1958.0
46,11590145,11618500,False,2,1,yearBuilt,18,+38yr,1922.0,1960.0
46,11590145,11618500,False,2,1,yearBuilt,19,+40yr,1922.0,1962.0
46,11590145,11618500,False,2,1,yearBuilt,20,+42yr,1922.0,1964.0
46,11590145,11618500,False,2,1,yearBuilt,21,+44yr,1922.0,1966.0
46,11590145,11618500,False,2,1,yearBuilt,22,+46yr,1922.0,1968.0
46,11590145,11618500,False,2,1,yearBuilt,23,+48yr,1922.0,1970.0
46,11590145,11618500,False,2,1,yearBuilt,24,+50yr,1922.0,1972.0
46,11590145,11618500,False,2,1,yearBuilt,25,+52yr,1922.0,1974.0
46,11590145,11618500,False,2,1,yearBuilt,26,+54yr,1922.0,1976.0
46,11590145,11618500,False,2,1,yearBuilt,27,+56yr,1922.0,1978.0
46,11590145,11618500,False,2,1,yearBuilt,28,+58yr,1922.0,1980.0
46,11590145,11618500,False,2,1,yearBuilt,29,+60yr,1922.0,1982.0
46,11590145,11618500,False,2,1,yearBuilt,30,+62yr,1922.0,1984.0
46,11590145,11618500,False,2,1,yearBuilt,31,+64yr,1922.0,1986.0
46,11590145,11618500,False,2,1,yearBuilt,32,+66yr,1922.0,1988.0
46,11590145,11618500,False,2,1,yearBuilt,33,+68yr,1922.0,1990.0
46,11590145,11618500,False,2,1,yearBuilt,34,+70yr,1922.0,1992.0
46,11590145,11618500,False,2,1,yearBuilt,35,+72yr,1922.0,1994.0
46,11590145,11618500,False,2,1,yearBuilt,36,+74yr,1922.0,1996.0
46,11590145,11618500,False,2,1,yearBuilt,37,+76yr,1922.0,1998.0
46,11590145,11618500,False,2,1,yearBuilt,38,+78yr,1922.0,2000.0
46,11590145,11618500,False,2,1,yearBuilt,39,+80yr,1922.0,2002.0
46,11590145,11618500,False,2,1,yearBuilt,40,+82yr,1922.0,2004.0
46,11590145,11618500,False,2,1,yearBuilt,41,+84yr,1922.0,2006.0
46,11590145,11618500,False,2,1,yearBuilt,42,+86yr,1922.0,2008.0
46,11590145,11618500,False,2,1,yearBuilt,43,+88yr,1922.0,2010.0
46,11590145,11618500,False,2,1,yearBuilt,44,+90yr,1922.0,2012.0
46,11590145,11618500,False,2,1,yearBuilt,45,+92yr,1922.0,2014.0
46,11590145,11618500,False,2,1,yearBuilt,46,+94yr,1922.0,2016.0
46,11590145,11618500,False,2,1,lot,0,+100sqft,0.49,0.4923
46,11590145,11618500,False,2,1,lot,1,+200sqft,0.49,0.4946
46,11590145,11618500,False,2,1,lot,2,+300sqft,0.49,0.4969
46,11590145,11618500,False,2,1,lot,3,+400sqft,0.49,0.4992
46,11590145,11618500,False,2,1,lot,4,+500sqft,0.49,0.5015
46,11590145,11618500,False,2,1,lot,5,+600sqft,0.49,0.5038
46,11590145,11618500,False,2,1,lot,6,+700sqft,0.49,0.5061
46,11590145,11618500,False,2,1,lot,7,+800sqft,0.49,0.5084
46,11590145,11618500,False,2,1,lot,8,+900sqft,0.49,0.5107
46,11590145,11618500,False,2,1,lot,9,+1000sqft,0.49,0.513
46,11590145,11618500,False,2,1,lot,10,+1100sqft,0.49,0.5153
46,11590145,11618500,False,2,1,lot,11,+1200sqft,0.49,0.5175
46,11590145,11618500,False,2,1,lot,12,+1300sqft,0.49,0.5198
46,11590145,11618500,False,2,1,lot,13,+1400sqft,0.49,0.5221
46,11590145,11618500,False,2,1,lot,14,+1500sqft,0.49,0.5244
46,11590145,11618500,False,2,1,lot,15,+1600sqft,0.49,0.5267
46,11590145,11618500,False,2,1,lot,16,+1700sqft,0.49,0.529
46,11590145,11618500,False,2,1,lot,17,+1800sqft,0.49,0.5313
46,11590145,11618500,False,2,1,lot,18,+1900sqft,0.49,0.5336
46,11590145,11618500,False,2,1,lot,19,+2000sqft,0.49,0.5359
46,11590145,11618500,False,2,1,lot,20,+2100sqft,0.49,0.5382
46,11590145,11618500,False,2,1,lot,21,+2200sqft,0.49,0.5405
46,11590145,11618500,False,2,1,lot,22,+2300sqft,0.49,0.5428
46,11590145,11618500,False,2,1,lot,23,+2400sqft,0.49,0.5451
46,11590145,11618500,False,2,1,lot,24,+2500sqft,0.49,0.5474
46,11590145,11618500,False,2,1,lot,25,+2600sqft,0.49,0.5497
46,11590145,11618500,False,2,1,lot,26,+2700sqft,0.49,0.552
46,11590145,11618500,False,2,1,lot,27,+2800sqft,0.49,0.5543
46,11590145,11618500,False,2,1,lot,28,+2900sqft,0.49,0.5566
46,11590145,11618500,False,2,1,lot,29,+3000sqft,0.49,0.5589
46,11590145,11618500,False,2,1,lot,30,+3100sqft,0.49,0.5612
46,11590145,11618500,False,2,1,lot,31,+3200sqft,0.49,0.5635
46,11590145,11618500,False,2,1,lot,32,+3300sqft,0.49,0.5658
46,11590145,11618500,False,2,1,lot,33,+3400sqft,0.49,0.5681
46,11590145,11618500,False,2,1,lot,34,+3500sqft,0.49,0.5703
46,11590145,11618500,False,2,1,lot,35,+3600sqft,0.49,0.5726
46,11590145,11618500,False,2,1,lot,36,+3700sqft,0.49,0.5749
46,11590145,11618500,False,2,1,lot,37,+3800sqft,0.49,0.5772
46,11590145,11618500,False,2,1,lot,38,+3900sqft,0.49,0.5795
46,11590145,11618500,False,2,1,lot,39,+4000sqft,0.49,0.5818
46,11590145,11618500,False,2,1,lot,40,+4100sqft,0.49,0.5841
46,11590145,11618500,False,2,1,lot,41,+4200sqft,0.49,0.5864
46,11590145,11618500,False,2,1,lot,42,+4300sqft,0.49,0.5887
46,11590145,11618500,False,2,1,lot,43,+4400sqft,0.49,0.591
46,11590145,11618500,False,2,1,lot,44,+4500sqft,0.49,0.5933
46,11590145,11618500,False,2,1,lot,45,+4600sqft,0.49,0.5956
46,11590145,11618500,False,2,1,lot,46,+4700sqft,0.49,0.5979
46,11590145,11618500,False,2,1,lot,47,+4800sqft,0.49,0.6002
46,11590145,11618500,False,2,1,lot,48,+4900sqft,0.49,0.6025
46,11590145,11618500,False,2,1,lot,49,+5000sqft,0.49,0.6048
47,11369409,11369649,True,2,1,bedrooms,0,+1,3.0,4.0
47,11369409,11369649,True,2,1,bedrooms,1,+2,3.0,5.0
47,11369409,11369649,True,2,1,bedrooms,2,+3,3.0,6.0
47,11369409,11369649,True,2,1,bedrooms,3,+4,3.0,7.0
47,11369409,11369649,True,2,1,bedrooms,4,+5,3.0,8.0
47,11369409,11369649,True,2,1,bedrooms,5,+6,3.0,9.0
47,11369409,11369649,True,2,1,bedrooms,6,+7,3.0,10.0
47,11369409,11369649,True,2,1,bathrooms,0,+1,1.0,2.0
47,11369409,11369649,True,2,1,bathrooms,1,+2,1.0,3.0
47,11369409,11369649,True,2,1,bathrooms,2,+3,1.0,4.0
47,11369409,11369649,True,2,1,bathrooms,3,+4,1.0,5.0
47,11369409,11369649,True,2,1,bathrooms,4,+5,1.0,6.0
47,11369409,11369649,True,2,1,bathrooms,5,+6,1.0,7.0
47,11369409,11369649,True,2,1,bathrooms,6,+7,1.0,8.0
47,11369409,11369649,True,2,1,bathrooms,7,+8,1.0,9.0
47,11369409,11369649,True,2,1,bathrooms,8,+9,1.0,10.0
47,11369409,11369649,True,2,1,yearBuilt,0,+2yr,1931.0,1933.0
47,11369409,11369649,True,2,1,yearBuilt,1,+4yr,1931.0,1935.0
47,11369409,11369649,True,2,1,yearBuilt,2,+6yr,1931.0,1937.0
47,11369409,11369649,True,2,1,yearBuilt,3,+8yr,1931.0,1939.0
47,11369409,11369649,True,2,1,yearBuilt,4,+10yr,1931.0,1941.0
47,11369409,11369649,True,2,1,yearBuilt,5,+12yr,1931.0,1943.0
47,11369409,11369649,True,2,1,yearBuilt,6,+14yr,1931.0,1945.0
47,11369409,11369649,True,2,1,yearBuilt,7,+16yr,1931.0,1947.0
47,11369409,11369649,True,2,1,yearBuilt,8,+18yr,1931.0,1949.0
47,11369409,11369649,True,2,1,yearBuilt,9,+20yr,1931.0,1951.0
47,11369409,11369649,True,2,1,yearBuilt,10,+22yr,1931.0,1953.0
47,11369409,11369649,True,2,1,yearBuilt,11,+24yr,1931.0,1955.0
47,11369409,11369649,True,2,1,yearBuilt,12,+26yr,1931.0,1957.0
47,11369409,11369649,True,2,1,yearBuilt,13,+28yr,1931.0,1959.0
47,11369409,11369649,True,2,1,yearBuilt,14,+30yr,1931.0,1961.0
47,11369409,11369649,True,2,1,yearBuilt,15,+32yr,1931.0,1963.0
47,11369409,11369649,True,2,1,yearBuilt,16,+34yr,1931.0,1965.0
47,11369409,11369649,True,2,1,yearBuilt,17,+36yr,1931.0,1967.0
47,11369409,11369649,True,2,1,yearBuilt,18,+38yr,1931.0,1969.0
47,11369409,11369649,True,2,1,yearBuilt,19,+40yr,1931.0,1971.0
47,11369409,11369649,True,2,1,yearBuilt,20,+42yr,1931.0,1973.0
47,11369409,11369649,True,2,1,yearBuilt,21,+44yr,1931.0,1975.0
47,11369409,11369649,True,2,1,yearBuilt,22,+46yr,1931.0,1977.0
47,11369409,11369649,True,2,1,yearBuilt,23,+48yr,1931.0,1979.0
47,11369409,11369649,True,2,1,yearBuilt,24,+50yr,1931.0,1981.0
47,11369409,11369649,True,2,1,yearBuilt,25,+52yr,1931.0,1983.0
47,11369409,11369649,True,2,1,yearBuilt,26,+54yr,1931.0,1985.0
47,11369409,11369649,True,2,1,yearBuilt,27,+56yr,1931.0,1987.0
47,11369409,11369649,True,2,1,yearBuilt,28,+58yr,1931.0,1989.0
47,11369409,11369649,True,2,1,yearBuilt,29,+60yr,1931.0,1991.0
47,11369409,11369649,True,2,1,yearBuilt,30,+62yr,1931.0,1993.0
47,11369409,11369649,True,2,1,yearBuilt,31,+64yr,1931.0,1995.0
47,11369409,11369649,True,2,1,yearBuilt,32,+66yr,1931.0,1997.0
47,11369409,11369649,True,2,1,yearBuilt,33,+68yr,1931.0,1999.0
47,11369409,11369649,True,2,1,yearBuilt,34,+70yr,1931.0,2001.0
47,11369409,11369649,True,2,1,yearBuilt,35,+72yr,1931.0,2003.0
47,11369409,11369649,True,2,1,yearBuilt,36,+74yr,1931.0,2005.0
47,11369409,11369649,True,2,1,yearBuilt,37,+76yr,1931.0,2007.0
47,11369409,11369649,True,2,1,yearBuilt,38,+78yr,1931.0,2009.0
47,11369409,11369649,True,2,1,yearBuilt,39,+80yr,1931.0,2011.0
47,11369409,11369649,True,2,1,yearBuilt,40,+82yr,1931.0,2013.0
47,11369409,11369649,True,2,1,yearBuilt,41,+84yr,1931.0,2015.0
47,11369409,11369649,True,2,1,yearBuilt,42,+86yr,1931.0,2017.0
47,11369409,11369649,True,2,1,yearBuilt,43,+88yr,1931.0,2019.0
47,11369409,11369649,True,2,1,yearBuilt,44,+90yr,1931.0,2021.0
47,11369409,11369649,True,2,1,yearBuilt,45,+92yr,1931.0,2023.0
47,11369409,11369649,True,2,1,yearBuilt,46,+94yr,1931.0,2025.0
47,11369409,11369649,True,2,1,lot,0,+100sqft,4800.0,4900.0
47,11369409,11369649,True,2,1,lot,1,+200sqft,4800.0,5000.0
47,11369409,11369649,True,2,1,lot,2,+300sqft,4800.0,5100.0
47,11369409,11369649,True,2,1,lot,3,+400sqft,4800.0,5200.0
47,11369409,11369649,True,2,1,lot,4,+500sqft,4800.0,5300.0
47,11369409,11369649,True,2,1,lot,5,+600sqft,4800.0,5400.0
47,11369409,11369649,True,2,1,lot,6,+700sqft,4800.0,5500.0
47,11369409,11369649,True,2,1,lot,7,+800sqft,4800.0,5600.0
47,11369409,11369649,True,2,1,lot,8,+900sqft,4800.0,5700.0
47,11369409,11369649,True,2,1,lot,9,+1000sqft,4800.0,5800.0
47,11369409,11369649,True,2,1,lot,10,+1100sqft,4800.0,5900.0
47,11369409,11369649,True,2,1,lot,11,+1200sqft,4800.0,6000.0
47,11369409,11369649,True,2,1,lot,12,+1300sqft,4800.0,6100.0
47,11369409,11369649,True,2,1,lot,13,+1400sqft,4800.0,6200.0
47,11369409,11369649,True,2,1,lot,14,+1500sqft,4800.0,6300.0
47,11369409,11369649,True,2,1,lot,15,+1600sqft,4800.0,6400.0
47,11369409,11369649,True,2,1,lot,16,+1700sqft,4800.0,6500.0
47,11369409,11369649,True,2,1,lot,17,+1800sqft,4800.0,6600.0
47,11369409,11369649,True,2,1,lot,18,+1900sqft,4800.0,6700.0
47,11369409,11369649,True,2,1,lot,19,+2000sqft,4800.0,6800.0
47,11369409,11369649,True,2,1,lot,20,+2100sqft,4800.0,6900.0
47,11369409,11369649,True,2,1,lot,21,+2200sqft,4800.0,7000.0
47,11369409,11369649,True,2,1,lot,22,+2300sqft,4800.0,7100.0
47,11369409,11369649,True,2,1,lot,23,+2400sqft,4800.0,7200.0
47,11369409,11369649,True,2,1,lot,24,+2500sqft,4800.0,7300.0
47,11369409,11369649,True,2,1,lot,25,+2600sqft,4800.0,7400.0
47,11369409,11369649,True,2,1,lot,26,+2700sqft,4800.0,7500.0
47,11369409,11369649,True,2,1,lot,27,+2800sqft,4800.0,7600.0
47,11369409,11369649,True,2,1,lot,28,+2900sqft,4800.0,7700.0
47,11369409,11369649,True,2,1,lot,29,+3000sqft,4800.0,7800.0
47,11369409,11369649,True,2,1,lot,30,+3100sqft,4800.0,7900.0
47,11369409,11369649,True,2,1,lot,31,+3200sqft,4800.0,8000.0
47,11369409,11369649,True,2,1,lot,32,+3300sqft,4800.0,8100.0
47,11369409,11369649,True,2,1,lot,33,+3400sqft,4800.0,8200.0
47,11369409,11369649,True,2,1,lot,34,+3500sqft,4800.0,8300.0
47,11369409,11369649,True,2,1,lot,35,+3600sqft,4800.0,8400.0
47,11369409,11369649,True,2,1,lot,36,+3700sqft,4800.0,8500.0
47,11369409,11369649,True,2,1,lot,37,+3800sqft,4800.0,8600.0
47,11369409,11369649,True,2,1,lot,38,+3900sqft,4800.0,8700.0
47,11369409,11369649,True,2,1,lot,39,+4000sqft,4800.0,8800.0
47,11369409,11369649,True,2,1,lot,40,+4100sqft,4800.0,8900.0
47,11369409,11369649,True,2,1,lot,41,+4200sqft,4800.0,9000.0
47,11369409,11369649,True,2,1,lot,42,+4300sqft,4800.0,9100.0
47,11369409,11369649,True,2,1,lot,43,+4400sqft,4800.0,9200.0
47,11369409,11369649,True,2,1,lot,44,+4500sqft,4800.0,9300.0
47,11369409,11369649,True,2,1,lot,45,+4600sqft,4800.0,9400.0
47,11369409,11369649,True,2,1,lot,46,+4700sqft,4800.0,9500.0
47,11369409,11369649,True,2,1,lot,47,+4800sqft,4800.0,9600.0
47,11369409,11369649,True,2,1,lot,48,+4900sqft,4800.0,9700.0
47,11369409,11369649,True,2,1,lot,49,+5000sqft,4800.0,9800.0
48,11415481,11568898,False,2,1,bedrooms,0,+1,3.0,4.0
48,11415481,11568898,False,2,1,bedrooms,1,+2,3.0,5.0
48,11415481,11568898,False,2,1,bedrooms,2,+3,3.0,6.0
48,11415481,11568898,False,2,1,bedrooms,3,+4,3.0,7.0
48,11415481,11568898,False,2,1,bedrooms,4,+5,3.0,8.0
48,11415481,11568898,False,2,1,bedrooms,5,+6,3.0,9.0
48,11415481,11568898,False,2,1,bedrooms,6,+7,3.0,10.0
48,11415481,11568898,False,2,1,bathrooms,0,+1,3.0,4.0
48,11415481,11568898,False,2,1,bathrooms,1,+2,3.0,5.0
48,11415481,11568898,False,2,1,bathrooms,2,+3,3.0,6.0
48,11415481,11568898,False,2,1,bathrooms,3,+4,3.0,7.0
48,11415481,11568898,False,2,1,bathrooms,4,+5,3.0,8.0
48,11415481,11568898,False,2,1,bathrooms,5,+6,3.0,9.0
48,11415481,11568898,False,2,1,bathrooms,6,+7,3.0,10.0
48,11415481,11568898,False,2,1,yearBuilt,0,+2yr,1950.0,1952.0
48,11415481,11568898,False,2,1,yearBuilt,1,+4yr,1950.0,1954.0
48,11415481,11568898,False,2,1,yearBuilt,2,+6yr,1950.0,1956.0
48,11415481,11568898,False,2,1,yearBuilt,3,+8yr,1950.0,1958.0
48,11415481,11568898,False,2,1,yearBuilt,4,+10yr,1950.0,1960.0
48,11415481,11568898,False,2,1,yearBuilt,5,+12yr,1950.0,1962.0
48,11415481,11568898,False,2,1,yearBuilt,6,+14yr,1950.0,1964.0
48,11415481,11568898,False,2,1,yearBuilt,7,+16yr,1950.0,1966.0
48,11415481,11568898,False,2,1,yearBuilt,8,+18yr,1950.0,1968.0
48,11415481,11568898,False,2,1,yearBuilt,9,+20yr,1950.0,1970.0
48,11415481,11568898,False,2,1,yearBuilt,10,+22yr,1950.0,1972.0
48,11415481,11568898,False,2,1,yearBuilt,11,+24yr,1950.0,1974.0
48,11415481,11568898,False,2,1,yearBuilt,12,+26yr,1950.0,1976.0
48,11415481,11568898,False,2,1,yearBuilt,13,+28yr,1950.0,1978.0
48,11415481,11568898,False,2,1,yearBuilt,14,+30yr,1950.0,1980.0
48,11415481,11568898,False,2,1,yearBuilt,15,+32yr,1950.0,1982.0
48,11415481,11568898,False,2,1,yearBuilt,16,+34yr,1950.0,1984.0
48,11415481,11568898,False,2,1,yearBuilt,17,+36yr,1950.0,1986.0
48,11415481,11568898,False,2,1,yearBuilt,18,+38yr,1950.0,1988.0
48,11415481,11568898,False,2,1,yearBuilt,19,+40yr,1950.0,1990.0
48,11415481,11568898,False,2,1,yearBuilt,20,+42yr,1950.0,1992.0
48,11415481,11568898,False,2,1,yearBuilt,21,+44yr,1950.0,1994.0
48,11415481,11568898,False,2,1,yearBuilt,22,+46yr,1950.0,1996.0
48,11415481,11568898,False,2,1,yearBuilt,23,+48yr,1950.0,1998.0
48,11415481,11568898,False,2,1,yearBuilt,24,+50yr,1950.0,2000.0
48,11415481,11568898,False,2,1,yearBuilt,25,+52yr,1950.0,2002.0
48,11415481,11568898,False,2,1,yearBuilt,26,+54yr,1950.0,2004.0
48,11415481,11568898,False,2,1,yearBuilt,27,+56yr,1950.0,2006.0
48,11415481,11568898,False,2,1,yearBuilt,28,+58yr,1950.0,2008.0
48,11415481,11568898,False,2,1,yearBuilt,29,+60yr,1950.0,2010.0
48,11415481,11568898,False,2,1,yearBuilt,30,+62yr,1950.0,2012.0
48,11415481,11568898,False,2,1,yearBuilt,31,+64yr,1950.0,2014.0
48,11415481,11568898,False,2,1,yearBuilt,32,+66yr,1950.0,2016.0
48,11415481,11568898,False,2,1,yearBuilt,33,+68yr,1950.0,2018.0
48,11415481,11568898,False,2,1,yearBuilt,34,+70yr,1950.0,2020.0
48,11415481,11568898,False,2,1,yearBuilt,35,+72yr,1950.0,2022.0
48,11415481,11568898,False,2,1,yearBuilt,36,+74yr,1950.0,2024.0
48,11415481,11568898,False,2,1,lot,0,+100sqft,0.27,0.2723
48,11415481,11568898,False,2,1,lot,1,+200sqft,0.27,0.2746
48,11415481,11568898,False,2,1,lot,2,+300sqft,0.27,0.2769
48,11415481,11568898,False,2,1,lot,3,+400sqft,0.27,0.2792
48,11415481,11568898,False,2,1,lot,4,+500sqft,0.27,0.2815
48,11415481,11568898,False,2,1,lot,5,+600sqft,0.27,0.2838
48,11415481,11568898,False,2,1,lot,6,+700sqft,0.27,0.2861
48,11415481,11568898,False,2,1,lot,7,+800sqft,0.27,0.2884
48,11415481,11568898,False,2,1,lot,8,+900sqft,0.27,0.2907
48,11415481,11568898,False,2,1,lot,9,+1000sqft,0.27,0.293
48,11415481,11568898,False,2,1,lot,10,+1100sqft,0.27,0.2953
48,11415481,11568898,False,2,1,lot,11,+1200sqft,0.27,0.2975
48,11415481,11568898,False,2,1,lot,12,+1300sqft,0.27,0.2998
48,11415481,11568898,False,2,1,lot,13,+1400sqft,0.27,0.3021
48,11415481,11568898,False,2,1,lot,14,+1500sqft,0.27,0.3044
48,11415481,11568898,False,2,1,lot,15,+1600sqft,0.27,0.3067
48,11415481,11568898,False,2,1,lot,16,+1700sqft,0.27,0.309
48,11415481,11568898,False,2,1,lot,17,+1800sqft,0.27,0.3113
48,11415481,11568898,False,2,1,lot,18,+1900sqft,0.27,0.3136
48,11415481,11568898,False,2,1,lot,19,+2000sqft,0.27,0.3159
48,11415481,11568898,False,2,1,lot,20,+2100sqft,0.27,0.3182
48,11415481,11568898,False,2,1,lot,21,+2200sqft,0.27,0.3205
48,11415481,11568898,False,2,1,lot,22,+2300sqft,0.27,0.3228
48,11415481,11568898,False,2,1,lot,23,+2400sqft,0.27,0.3251
48,11415481,11568898,False,2,1,lot,24,+2500sqft,0.27,0.3274
48,11415481,11568898,False,2,1,lot,25,+2600sqft,0.27,0.3297
48,11415481,11568898,False,2,1,lot,26,+2700sqft,0.27,0.332
48,11415481,11568898,False,2,1,lot,27,+2800sqft,0.27,0.3343
48,11415481,11568898,False,2,1,lot,28,+2900sqft,0.27,0.3366
48,11415481,11568898,False,2,1,lot,29,+3000sqft,0.27,0.3389
48,11415481,11568898,False,2,1,lot,30,+3100sqft,0.27,0.3412
48,11415481,11568898,False,2,1,lot,31,+3200sqft,0.27,0.3435
48,11415481,11568898,False,2,1,lot,32,+3300sqft,0.27,0.3458
48,11415481,11568898,False,2,1,lot,33,+3400sqft,0.27,0.3481
48,11415481,11568898,False,2,1,lot,34,+3500sqft,0.27,0.3503
48,11415481,11568898,False,2,1,lot,35,+3600sqft,0.27,0.3526
48,11415481,11568898,False,2,1,lot,36,+3700sqft,0.27,0.3549
48,11415481,11568898,False,2,1,lot,37,+3800sqft,0.27,0.3572
48,11415481,11568898,False,2,1,lot,38,+3900sqft,0.27,0.3595
48,11415481,11568898,False,2,1,lot,39,+4000sqft,0.27,0.3618
48,11415481,11568898,False,2,1,lot,40,+4100sqft,0.27,0.3641
48,11415481,11568898,False,2,1,lot,41,+4200sqft,0.27,0.3664
48,11415481,11568898,False,2,1,lot,42,+4300sqft,0.27,0.3687
48,11415481,11568898,False,2,1,lot,43,+4400sqft,0.27,0.371
48,11415481,11568898,False,2,1,lot,44,+4500sqft,0.27,0.3733
48,11415481,11568898,False,2,1,lot,45,+4600sqft,0.27,0.3756
48,11415481,11568898,False,2,1,lot,46,+4700sqft,0.27,0.3779
48,11415481,11568898,False,2,1,lot,47,+4800sqft,0.27,0.3802
48,11415481,11568898,False,2,1,lot,48,+4900sqft,0.27,0.3825
48,11415481,11568898,False,2,1,lot,49,+5000sqft,0.27,0.3848
49,11556684,11648231,True,1,2,bedrooms,0,+1,5.0,6.0
49,11556684,11648231,True,1,2,bedrooms,1,+2,5.0,7.0
49,11556684,11648231,True,1,2,bedrooms,2,+3,5.0,8.0
49,11556684,11648231,True,1,2,bedrooms,3,+4,5.0,9.0
49,11556684,11648231,True,1,2,bedrooms,4,+5,5.0,10.0
49,11556684,11648231,True,1,2,bathrooms,0,+1,3.0,4.0
49,11556684,11648231,True,1,2,bathrooms,1,+2,3.0,5.0
49,11556684,11648231,True,1,2,bathrooms,2,+3,3.0,6.0
49,11556684,11648231,True,1,2,bathrooms,3,+4,3.0,7.0
49,11556684,11648231,True,1,2,bathrooms,4,+5,3.0,8.0
49,11556684,11648231,True,1,2,bathrooms,5,+6,3.0,9.0
49,11556684,11648231,True,1,2,bathrooms,6,+7,3.0,10.0
49,11556684,11648231,True,1,2,yearBuilt,0,+2yr,1937.0,1939.0
49,11556684,11648231,True,1,2,yearBuilt,1,+4yr,1937.0,1941.0
49,11556684,11648231,True,1,2,yearBuilt,2,+6yr,1937.0,1943.0
49,11556684,11648231,True,1,2,yearBuilt,3,+8yr,1937.0,1945.0
49,11556684,11648231,True,1,2,yearBuilt,4,+10yr,1937.0,1947.0
49,11556684,11648231,True,1,2,yearBuilt,5,+12yr,1937.0,1949.0
49,11556684,11648231,True,1,2,yearBuilt,6,+14yr,1937.0,1951.0
49,11556684,11648231,True,1,2,yearBuilt,7,+16yr,1937.0,1953.0
49,11556684,11648231,True,1,2,yearBuilt,8,+18yr,1937.0,1955.0
49,11556684,11648231,True,1,2,yearBuilt,9,+20yr,1937.0,1957.0
49,11556684,11648231,True,1,2,yearBuilt,10,+22yr,1937.0,1959.0
49,11556684,11648231,True,1,2,yearBuilt,11,+24yr,1937.0,1961.0
49,11556684,11648231,True,1,2,yearBuilt,12,+26yr,1937.0,1963.0
49,11556684,11648231,True,1,2,yearBuilt,13,+28yr,1937.0,1965.0
49,11556684,11648231,True,1,2,yearBuilt,14,+30yr,1937.0,1967.0
49,11556684,11648231,True,1,2,yearBuilt,15,+32yr,1937.0,1969.0
49,11556684,11648231,True,1,2,yearBuilt,16,+34yr,1937.0,1971.0
49,11556684,11648231,True,1,2,yearBuilt,17,+36yr,1937.0,1973.0
49,11556684,11648231,True,1,2,yearBuilt,18,+38yr,1937.0,1975.0
49,11556684,11648231,True,1,2,yearBuilt,19,+40yr,1937.0,1977.0
49,11556684,11648231,True,1,2,yearBuilt,20,+42yr,1937.0,1979.0
49,11556684,11648231,True,1,2,yearBuilt,21,+44yr,1937.0,1981.0
49,11556684,11648231,True,1,2,yearBuilt,22,+46yr,1937.0,1983.0
49,11556684,11648231,True,1,2,yearBuilt,23,+48yr,1937.0,1985.0
49,11556684,11648231,True,1,2,yearBuilt,24,+50yr,1937.0,1987.0
49,11556684,11648231,True,1,2,yearBuilt,25,+52yr,1937.0,1989.0
49,11556684,11648231,True,1,2,yearBuilt,26,+54yr,1937.0,1991.0
49,11556684,11648231,True,1,2,yearBuilt,27,+56yr,1937.0,1993.0
49,11556684,11648231,True,1,2,yearBuilt,28,+58yr,1937.0,1995.0
49,11556684,11648231,True,1,2,yearBuilt,29,+60yr,1937.0,1997.0
49,11556684,11648231,True,1,2,yearBuilt,30,+62yr,1937.0,1999.0
49,11556684,11648231,True,1,2,yearBuilt,31,+64yr,1937.0,2001.0
49,11556684,11648231,True,1,2,yearBuilt,32,+66yr,1937.0,2003.0
49,11556684,11648231,True,1,2,yearBuilt,33,+68yr,1937.0,2005.0
49,11556684,11648231,True,1,2,yearBuilt,34,+70yr,1937.0,2007.0
49,11556684,11648231,True,1,2,yearBuilt,35,+72yr,1937.0,2009.0
49,11556684,11648231,True,1,2,yearBuilt,36,+74yr,1937.0,2011.0
49,11556684,11648231,True,1,2,yearBuilt,37,+76yr,1937.0,2013.0
49,11556684,11648231,True,1,2,yearBuilt,38,+78yr,1937.0,2015.0
49,11556684,11648231,True,1,2,yearBuilt,39,+80yr,1937.0,2017.0
49,11556684,11648231,True,1,2,yearBuilt,40,+82yr,1937.0,2019.0
49,11556684,11648231,True,1,2,yearBuilt,41,+84yr,1937.0,2021.0
49,11556684,11648231,True,1,2,yearBuilt,42,+86yr,1937.0,2023.0
49,11556684,11648231,True,1,2,yearBuilt,43,+88yr,1937.0,2025.0
49,11556684,11648231,True,1,2,lot,0,+100sqft,5000.0,5100.0
49,11556684,11648231,True,1,2,lot,1,+200sqft,5000.0,5200.0
49,11556684,11648231,True,1,2,lot,2,+300sqft,5000.0,5300.0
49,11556684,11648231,True,1,2,lot,3,+400sqft,5000.0,5400.0
49,11556684,11648231,True,1,2,lot,4,+500sqft,5000.0,5500.0
49,11556684,11648231,True,1,2,lot,5,+600sqft,5000.0,5600.0
49,11556684,11648231,True,1,2,lot,6,+700sqft,5000.0,5700.0
49,11556684,11648231,True,1,2,lot,7,+800sqft,5000.0,5800.0
49,11556684,11648231,True,1,2,lot,8,+900sqft,5000.0,5900.0
49,11556684,11648231,True,1,2,lot,9,+1000sqft,5000.0,6000.0
49,11556684,11648231,True,1,2,lot,10,+1100sqft,5000.0,6100.0
49,11556684,11648231,True,1,2,lot,11,+1200sqft,5000.0,6200.0
49,11556684,11648231,True,1,2,lot,12,+1300sqft,5000.0,6300.0
49,11556684,11648231,True,1,2,lot,13,+1400sqft,5000.0,6400.0
49,11556684,11648231,True,1,2,lot,14,+1500sqft,5000.0,6500.0
49,11556684,11648231,True,1,2,lot,15,+1600sqft,5000.0,6600.0
49,11556684,11648231,True,1,2,lot,16,+1700sqft,5000.0,6700.0
49,11556684,11648231,True,1,2,lot,17,+1800sqft,5000.0,6800.0
49,11556684,11648231,True,1,2,lot,18,+1900sqft,5000.0,6900.0
49,11556684,11648231,True,1,2,lot,19,+2000sqft,5000.0,7000.0
49,11556684,11648231,True,1,2,lot,20,+2100sqft,5000.0,7100.0
49,11556684,11648231,True,1,2,lot,21,+2200sqft,5000.0,7200.0
49,11556684,11648231,True,1,2,lot,22,+2300sqft,5000.0,7300.0
49,11556684,11648231,True,1,2,lot,23,+2400sqft,5000.0,7400.0
49,11556684,11648231,True,1,2,lot,24,+2500sqft,5000.0,7500.0
49,11556684,11648231,True,1,2,lot,25,+2600sqft,5000.0,7600.0
49,11556684,11648231,True,1,2,lot,26,+2700sqft,5000.0,7700.0
49,11556684,11648231,True,1,2,lot,27,+2800sqft,5000.0,7800.0
49,11556684,11648231,True,1,2,lot,28,+2900sqft,5000.0,7900.0
49,11556684,11648231,True,1,2,lot,29,+3000sqft,5000.0,8000.0
49,11556684,11648231,True,1,2,lot,30,+3100sqft,5000.0,8100.0
49,11556684,11648231,True,1,2,lot,31,+3200sqft,5000.0,8200.0
49,11556684,11648231,True,1,2,lot,32,+3300sqft,5000.0,8300.0
49,11556684,11648231,True,1,2,lot,33,+3400sqft,5000.0,8400.0
49,11556684,11648231,True,1,2,lot,34,+3500sqft,5000.0,8500.0
49,11556684,11648231,True,1,2,lot,35,+3600sqft,5000.0,8600.0
49,11556684,11648231,True,1,2,lot,36,+3700sqft,5000.0,8700.0
49,11556684,11648231,True,1,2,lot,37,+3800sqft,5000.0,8800.0
49,11556684,11648231,True,1,2,lot,38,+3900sqft,5000.0,8900.0
49,11556684,11648231,True,1,2,lot,39,+4000sqft,5000.0,9000.0
49,11556684,11648231,True,1,2,lot,40,+4100sqft,5000.0,9100.0
49,11556684,11648231,True,1,2,lot,41,+4200sqft,5000.0,9200.0
49,11556684,11648231,True,1,2,lot,42,+4300sqft,5000.0,9300.0
49,11556684,11648231,True,1,2,lot,43,+4400sqft,5000.0,9400.0
49,11556684,11648231,True,1,2,lot,44,+4500sqft,5000.0,9500.0
49,11556684,11648231,True,1,2,lot,45,+4600sqft,5000.0,9600.0
49,11556684,11648231,True,1,2,lot,46,+4700sqft,5000.0,9700.0
49,11556684,11648231,True,1,2,lot,47,+4800sqft,5000.0,9800.0
49,11556684,11648231,True,1,2,lot,48,+4900sqft,5000.0,9900.0
49,11556684,11648231,True,1,2,lot,49,+5000sqft,5000.0,10000.0
50,11307757,11474798,True,1,2,bedrooms,0,+1,2.0,3.0
50,11307757,11474798,True,1,2,bedrooms,1,+2,2.0,4.0
50,11307757,11474798,True,1,2,bedrooms,2,+3,2.0,5.0
50,11307757,11474798,True,1,2,bedrooms,3,+4,2.0,6.0
50,11307757,11474798,True,1,2,bedrooms,4,+5,2.0,7.0
50,11307757,11474798,True,1,2,bedrooms,5,+6,2.0,8.0
50,11307757,11474798,True,1,2,bedrooms,6,+7,2.0,9.0
50,11307757,11474798,True,1,2,bedrooms,7,+8,2.0,10.0
50,11307757,11474798,True,1,2,bathrooms,0,+1,1.0,2.0
50,11307757,11474798,True,1,2,bathrooms,1,+2,1.0,3.0
50,11307757,11474798,True,1,2,bathrooms,2,+3,1.0,4.0
50,11307757,11474798,True,1,2,bathrooms,3,+4,1.0,5.0
50,11307757,11474798,True,1,2,bathrooms,4,+5,1.0,6.0
50,11307757,11474798,True,1,2,bathrooms,5,+6,1.0,7.0
50,11307757,11474798,True,1,2,bathrooms,6,+7,1.0,8.0
50,11307757,11474798,True,1,2,bathrooms,7,+8,1.0,9.0
50,11307757,11474798,True,1,2,bathrooms,8,+9,1.0,10.0
50,11307757,11474798,True,1,2,yearBuilt,0,+2yr,1900.0,1902.0
50,11307757,11474798,True,1,2,yearBuilt,1,+4yr,1900.0,1904.0
50,11307757,11474798,True,1,2,yearBuilt,2,+6yr,1900.0,1906.0
50,11307757,11474798,True,1,2,yearBuilt,3,+8yr,1900.0,1908.0
50,11307757,11474798,True,1,2,yearBuilt,4,+10yr,1900.0,1910.0
50,11307757,11474798,True,1,2,yearBuilt,5,+12yr,1900.0,1912.0
50,11307757,11474798,True,1,2,yearBuilt,6,+14yr,1900.0,1914.0
50,11307757,11474798,True,1,2,yearBuilt,7,+16yr,1900.0,1916.0
50,11307757,11474798,True,1,2,yearBuilt,8,+18yr,1900.0,1918.0
50,11307757,11474798,True,1,2,yearBuilt,9,+20yr,1900.0,1920.0
50,11307757,11474798,True,1,2,yearBuilt,10,+22yr,1900.0,1922.0
50,11307757,11474798,True,1,2,yearBuilt,11,+24yr,1900.0,1924.0
50,11307757,11474798,True,1,2,yearBuilt,12,+26yr,1900.0,1926.0
50,11307757,11474798,True,1,2,yearBuilt,13,+28yr,1900.0,1928.0
50,11307757,11474798,True,1,2,yearBuilt,14,+30yr,1900.0,1930.0
50,11307757,11474798,True,1,2,yearBuilt,15,+32yr,1900.0,1932.0
50,11307757,11474798,True,1,2,yearBuilt,16,+34yr,1900.0,1934.0
50,11307757,11474798,True,1,2,yearBuilt,17,+36yr,1900.0,1936.0
50,11307757,11474798,True,1,2,yearBuilt,18,+38yr,1900.0,1938.0
50,11307757,11474798,True,1,2,yearBuilt,19,+40yr,1900.0,1940.0
50,11307757,11474798,True,1,2,yearBuilt,20,+42yr,1900.0,1942.0
50,11307757,11474798,True,1,2,yearBuilt,21,+44yr,1900.0,1944.0
50,11307757,11474798,True,1,2,yearBuilt,22,+46yr,1900.0,1946.0
50,11307757,11474798,True,1,2,yearBuilt,23,+48yr,1900.0,1948.0
50,11307757,11474798,True,1,2,yearBuilt,24,+50yr,1900.0,1950.0
50,11307757,11474798,True,1,2,yearBuilt,25,+52yr,1900.0,1952.0
50,11307757,11474798,True,1,2,yearBuilt,26,+54yr,1900.0,1954.0
50,11307757,11474798,True,1,2,yearBuilt,27,+56yr,1900.0,1956.0
50,11307757,11474798,True,1,2,yearBuilt,28,+58yr,1900.0,1958.0
50,11307757,11474798,True,1,2,yearBuilt,29,+60yr,1900.0,1960.0
50,11307757,11474798,True,1,2,yearBuilt,30,+62yr,1900.0,1962.0
50,11307757,11474798,True,1,2,yearBuilt,31,+64yr,1900.0,1964.0
50,11307757,11474798,True,1,2,yearBuilt,32,+66yr,1900.0,1966.0
50,11307757,11474798,True,1,2,yearBuilt,33,+68yr,1900.0,1968.0
50,11307757,11474798,True,1,2,yearBuilt,34,+70yr,1900.0,1970.0
50,11307757,11474798,True,1,2,yearBuilt,35,+72yr,1900.0,1972.0
50,11307757,11474798,True,1,2,yearBuilt,36,+74yr,1900.0,1974.0
50,11307757,11474798,True,1,2,yearBuilt,37,+76yr,1900.0,1976.0
50,11307757,11474798,True,1,2,yearBuilt,38,+78yr,1900.0,1978.0
50,11307757,11474798,True,1,2,yearBuilt,39,+80yr,1900.0,1980.0
50,11307757,11474798,True,1,2,yearBuilt,40,+82yr,1900.0,1982.0
50,11307757,11474798,True,1,2,yearBuilt,41,+84yr,1900.0,1984.0
50,11307757,11474798,True,1,2,yearBuilt,42,+86yr,1900.0,1986.0
50,11307757,11474798,True,1,2,yearBuilt,43,+88yr,1900.0,1988.0
50,11307757,11474798,True,1,2,yearBuilt,44,+90yr,1900.0,1990.0
50,11307757,11474798,True,1,2,yearBuilt,45,+92yr,1900.0,1992.0
50,11307757,11474798,True,1,2,yearBuilt,46,+94yr,1900.0,1994.0
50,11307757,11474798,True,1,2,lot,0,+100sqft,1459.0,1559.0
50,11307757,11474798,True,1,2,lot,1,+200sqft,1459.0,1659.0
50,11307757,11474798,True,1,2,lot,2,+300sqft,1459.0,1759.0
50,11307757,11474798,True,1,2,lot,3,+400sqft,1459.0,1859.0
50,11307757,11474798,True,1,2,lot,4,+500sqft,1459.0,1959.0
50,11307757,11474798,True,1,2,lot,5,+600sqft,1459.0,2059.0
50,11307757,11474798,True,1,2,lot,6,+700sqft,1459.0,2159.0
50,11307757,11474798,True,1,2,lot,7,+800sqft,1459.0,2259.0
50,11307757,11474798,True,1,2,lot,8,+900sqft,1459.0,2359.0
50,11307757,11474798,True,1,2,lot,9,+1000sqft,1459.0,2459.0
50,11307757,11474798,True,1,2,lot,10,+1100sqft,1459.0,2559.0
50,11307757,11474798,True,1,2,lot,11,+1200sqft,1459.0,2659.0
50,11307757,11474798,True,1,2,lot,12,+1300sqft,1459.0,2759.0
50,11307757,11474798,True,1,2,lot,13,+1400sqft,1459.0,2859.0
50,11307757,11474798,True,1,2,lot,14,+1500sqft,1459.0,2959.0
50,11307757,11474798,True,1,2,lot,15,+1600sqft,1459.0,3059.0
50,11307757,11474798,True,1,2,lot,16,+1700sqft,1459.0,3159.0
50,11307757,11474798,True,1,2,lot,17,+1800sqft,1459.0,3259.0
50,11307757,11474798,True,1,2,lot,18,+1900sqft,1459.0,3359.0
50,11307757,11474798,True,1,2,lot,19,+2000sqft,1459.0,3459.0
50,11307757,11474798,True,1,2,lot,20,+2100sqft,1459.0,3559.0
50,11307757,11474798,True,1,2,lot,21,+2200sqft,1459.0,3659.0
50,11307757,11474798,True,1,2,lot,22,+2300sqft,1459.0,3759.0
50,11307757,11474798,True,1,2,lot,23,+2400sqft,1459.0,3859.0
50,11307757,11474798,True,1,2,lot,24,+2500sqft,1459.0,3959.0
50,11307757,11474798,True,1,2,lot,25,+2600sqft,1459.0,4059.0
50,11307757,11474798,True,1,2,lot,26,+2700sqft,1459.0,4159.0
50,11307757,11474798,True,1,2,lot,27,+2800sqft,1459.0,4259.0
50,11307757,11474798,True,1,2,lot,28,+2900sqft,1459.0,4359.0
50,11307757,11474798,True,1,2,lot,29,+3000sqft,1459.0,4459.0
50,11307757,11474798,True,1,2,lot,30,+3100sqft,1459.0,4559.0
50,11307757,11474798,True,1,2,lot,31,+3200sqft,1459.0,4659.0
50,11307757,11474798,True,1,2,lot,32,+3300sqft,1459.0,4759.0
50,11307757,11474798,True,1,2,lot,33,+3400sqft,1459.0,4859.0
50,11307757,11474798,True,1,2,lot,34,+3500sqft,1459.0,4959.0
50,11307757,11474798,True,1,2,lot,35,+3600sqft,1459.0,5059.0
50,11307757,11474798,True,1,2,lot,36,+3700sqft,1459.0,5159.0
50,11307757,11474798,True,1,2,lot,37,+3800sqft,1459.0,5259.0
50,11307757,11474798,True,1,2,lot,38,+3900sqft,1459.0,5359.0
50,11307757,11474798,True,1,2,lot,39,+4000sqft,1459.0,5459.0
50,11307757,11474798,True,1,2,lot,40,+4100sqft,1459.0,5559.0
50,11307757,11474798,True,1,2,lot,41,+4200sqft,1459.0,5659.0
50,11307757,11474798,True,1,2,lot,42,+4300sqft,1459.0,5759.0
50,11307757,11474798,True,1,2,lot,43,+4400sqft,1459.0,5859.0
50,11307757,11474798,True,1,2,lot,44,+4500sqft,1459.0,5959.0
50,11307757,11474798,True,1,2,lot,45,+4600sqft,1459.0,6059.0
50,11307757,11474798,True,1,2,lot,46,+4700sqft,1459.0,6159.0
50,11307757,11474798,True,1,2,lot,47,+4800sqft,1459.0,6259.0
50,11307757,11474798,True,1,2,lot,48,+4900sqft,1459.0,6359.0
50,11307757,11474798,True,1,2,lot,49,+5000sqft,1459.0,6459.0
51,11507979,11641572,True,1,2,bedrooms,0,+1,2.0,3.0
51,11507979,11641572,True,1,2,bedrooms,1,+2,2.0,4.0
51,11507979,11641572,True,1,2,bedrooms,2,+3,2.0,5.0
51,11507979,11641572,True,1,2,bedrooms,3,+4,2.0,6.0
51,11507979,11641572,True,1,2,bedrooms,4,+5,2.0,7.0
51,11507979,11641572,True,1,2,bedrooms,5,+6,2.0,8.0
51,11507979,11641572,True,1,2,bedrooms,6,+7,2.0,9.0
51,11507979,11641572,True,1,2,bedrooms,7,+8,2.0,10.0
51,11507979,11641572,True,1,2,bathrooms,0,+1,2.0,3.0
51,11507979,11641572,True,1,2,bathrooms,1,+2,2.0,4.0
51,11507979,11641572,True,1,2,bathrooms,2,+3,2.0,5.0
51,11507979,11641572,True,1,2,bathrooms,3,+4,2.0,6.0
51,11507979,11641572,True,1,2,bathrooms,4,+5,2.0,7.0
51,11507979,11641572,True,1,2,bathrooms,5,+6,2.0,8.0
51,11507979,11641572,True,1,2,bathrooms,6,+7,2.0,9.0
51,11507979,11641572,True,1,2,bathrooms,7,+8,2.0,10.0
51,11507979,11641572,True,1,2,yearBuilt,0,+2yr,1956.0,1958.0
51,11507979,11641572,True,1,2,yearBuilt,1,+4yr,1956.0,1960.0
51,11507979,11641572,True,1,2,yearBuilt,2,+6yr,1956.0,1962.0
51,11507979,11641572,True,1,2,yearBuilt,3,+8yr,1956.0,1964.0
51,11507979,11641572,True,1,2,yearBuilt,4,+10yr,1956.0,1966.0
51,11507979,11641572,True,1,2,yearBuilt,5,+12yr,1956.0,1968.0
51,11507979,11641572,True,1,2,yearBuilt,6,+14yr,1956.0,1970.0
51,11507979,11641572,True,1,2,yearBuilt,7,+16yr,1956.0,1972.0
51,11507979,11641572,True,1,2,yearBuilt,8,+18yr,1956.0,1974.0
51,11507979,11641572,True,1,2,yearBuilt,9,+20yr,1956.0,1976.0
51,11507979,11641572,True,1,2,yearBuilt,10,+22yr,1956.0,1978.0
51,11507979,11641572,True,1,2,yearBuilt,11,+24yr,1956.0,1980.0
51,11507979,11641572,True,1,2,yearBuilt,12,+26yr,1956.0,1982.0
51,11507979,11641572,True,1,2,yearBuilt,13,+28yr,1956.0,1984.0
51,11507979,11641572,True,1,2,yearBuilt,14,+30yr,1956.0,1986.0
51,11507979,11641572,True,1,2,yearBuilt,15,+32yr,1956.0,1988.0
51,11507979,11641572,True,1,2,yearBuilt,16,+34yr,1956.0,1990.0
51,11507979,11641572,True,1,2,yearBuilt,17,+36yr,1956.0,1992.0
51,11507979,11641572,True,1,2,yearBuilt,18,+38yr,1956.0,1994.0
51,11507979,11641572,True,1,2,yearBuilt,19,+40yr,1956.0,1996.0
51,11507979,11641572,True,1,2,yearBuilt,20,+42yr,1956.0,1998.0
51,11507979,11641572,True,1,2,yearBuilt,21,+44yr,1956.0,2000.0
51,11507979,11641572,True,1,2,yearBuilt,22,+46yr,1956.0,2002.0
51,11507979,11641572,True,1,2,yearBuilt,23,+48yr,1956.0,2004.0
51,11507979,11641572,True,1,2,yearBuilt,24,+50yr,1956.0,2006.0
51,11507979,11641572,True,1,2,yearBuilt,25,+52yr,1956.0,2008.0
51,11507979,11641572,True,1,2,yearBuilt,26,+54yr,1956.0,2010.0
51,11507979,11641572,True,1,2,yearBuilt,27,+56yr,1956.0,2012.0
51,11507979,11641572,True,1,2,yearBuilt,28,+58yr,1956.0,2014.0
51,11507979,11641572,True,1,2,yearBuilt,29,+60yr,1956.0,2016.0
51,11507979,11641572,True,1,2,yearBuilt,30,+62yr,1956.0,2018.0
51,11507979,11641572,True,1,2,yearBuilt,31,+64yr,1956.0,2020.0
51,11507979,11641572,True,1,2,yearBuilt,32,+66yr,1956.0,2022.0
51,11507979,11641572,True,1,2,yearBuilt,33,+68yr,1956.0,2024.0
51,11507979,11641572,True,1,2,lot,0,+100sqft,6586.0,6686.0
51,11507979,11641572,True,1,2,lot,1,+200sqft,6586.0,6786.0
51,11507979,11641572,True,1,2,lot,2,+300sqft,6586.0,6886.0
51,11507979,11641572,True,1,2,lot,3,+400sqft,6586.0,6986.0
51,11507979,11641572,True,1,2,lot,4,+500sqft,6586.0,7086.0
51,11507979,11641572,True,1,2,lot,5,+600sqft,6586.0,7186.0
51,11507979,11641572,True,1,2,lot,6,+700sqft,6586.0,7286.0
51,11507979,11641572,True,1,2,lot,7,+800sqft,6586.0,7386.0
51,11507979,11641572,True,1,2,lot,8,+900sqft,6586.0,7486.0
51,11507979,11641572,True,1,2,lot,9,+1000sqft,6586.0,7586.0
51,11507979,11641572,True,1,2,lot,10,+1100sqft,6586.0,7686.0
51,11507979,11641572,True,1,2,lot,11,+1200sqft,6586.0,7786.0
51,11507979,11641572,True,1,2,lot,12,+1300sqft,6586.0,7886.0
51,11507979,11641572,True,1,2,lot,13,+1400sqft,6586.0,7986.0
51,11507979,11641572,True,1,2,lot,14,+1500sqft,6586.0,8086.0
51,11507979,11641572,True,1,2,lot,15,+1600sqft,6586.0,8186.0
51,11507979,11641572,True,1,2,lot,16,+1700sqft,6586.0,8286.0
51,11507979,11641572,True,1,2,lot,17,+1800sqft,6586.0,8386.0
51,11507979,11641572,True,1,2,lot,18,+1900sqft,6586.0,8486.0
51,11507979,11641572,True,1,2,lot,19,+2000sqft,6586.0,8586.0
51,11507979,11641572,True,1,2,lot,20,+2100sqft,6586.0,8686.0
51,11507979,11641572,True,1,2,lot,21,+2200sqft,6586.0,8786.0
51,11507979,11641572,True,1,2,lot,22,+2300sqft,6586.0,8886.0
51,11507979,11641572,True,1,2,lot,23,+2400sqft,6586.0,8986.0
51,11507979,11641572,True,1,2,lot,24,+2500sqft,6586.0,9086.0
51,11507979,11641572,True,1,2,lot,25,+2600sqft,6586.0,9186.0
51,11507979,11641572,True,1,2,lot,26,+2700sqft,6586.0,9286.0
51,11507979,11641572,True,1,2,lot,27,+2800sqft,6586.0,9386.0
51,11507979,11641572,True,1,2,lot,28,+2900sqft,6586.0,9486.0
51,11507979,11641572,True,1,2,lot,29,+3000sqft,6586.0,9586.0
51,11507979,11641572,True,1,2,lot,30,+3100sqft,6586.0,9686.0
51,11507979,11641572,True,1,2,lot,31,+3200sqft,6586.0,9786.0
51,11507979,11641572,True,1,2,lot,32,+3300sqft,6586.0,9886.0
51,11507979,11641572,True,1,2,lot,33,+3400sqft,6586.0,9986.0
51,11507979,11641572,True,1,2,lot,34,+3500sqft,6586.0,10086.0
51,11507979,11641572,True,1,2,lot,35,+3600sqft,6586.0,10186.0
51,11507979,11641572,True,1,2,lot,36,+3700sqft,6586.0,10286.0
51,11507979,11641572,True,1,2,lot,37,+3800sqft,6586.0,10386.0
51,11507979,11641572,True,1,2,lot,38,+3900sqft,6586.0,10486.0
51,11507979,11641572,True,1,2,lot,39,+4000sqft,6586.0,10586.0
51,11507979,11641572,True,1,2,lot,40,+4100sqft,6586.0,10686.0
51,11507979,11641572,True,1,2,lot,41,+4200sqft,6586.0,10786.0
51,11507979,11641572,True,1,2,lot,42,+4300sqft,6586.0,10886.0
51,11507979,11641572,True,1,2,lot,43,+4400sqft,6586.0,10986.0
51,11507979,11641572,True,1,2,lot,44,+4500sqft,6586.0,11086.0
51,11507979,11641572,True,1,2,lot,45,+4600sqft,6586.0,11186.0
51,11507979,11641572,True,1,2,lot,46,+4700sqft,6586.0,11286.0
51,11507979,11641572,True,1,2,lot,47,+4800sqft,6586.0,11386.0
51,11507979,11641572,True,1,2,lot,48,+4900sqft,6586.0,11486.0
51,11507979,11641572,True,1,2,lot,49,+5000sqft,6586.0,11586.0
52,11275855,11614859,False,1,2,bedrooms,0,+1,3.0,4.0
52,11275855,11614859,False,1,2,bedrooms,1,+2,3.0,5.0
52,11275855,11614859,False,1,2,bedrooms,2,+3,3.0,6.0
52,11275855,11614859,False,1,2,bedrooms,3,+4,3.0,7.0
52,11275855,11614859,False,1,2,bedrooms,4,+5,3.0,8.0
52,11275855,11614859,False,1,2,bedrooms,5,+6,3.0,9.0
52,11275855,11614859,False,1,2,bedrooms,6,+7,3.0,10.0
52,11275855,11614859,False,1,2,bathrooms,0,+1,3.0,4.0
52,11275855,11614859,False,1,2,bathrooms,1,+2,3.0,5.0
52,11275855,11614859,False,1,2,bathrooms,2,+3,3.0,6.0
52,11275855,11614859,False,1,2,bathrooms,3,+4,3.0,7.0
52,11275855,11614859,False,1,2,bathrooms,4,+5,3.0,8.0
52,11275855,11614859,False,1,2,bathrooms,5,+6,3.0,9.0
52,11275855,11614859,False,1,2,bathrooms,6,+7,3.0,10.0
52,11275855,11614859,False,1,2,yearBuilt,0,+2yr,2020.0,2022.0
52,11275855,11614859,False,1,2,yearBuilt,1,+4yr,2020.0,2024.0
52,11275855,11614859,False,1,2,lot,0,+100sqft,1576.0,1676.0
52,11275855,11614859,False,1,2,lot,1,+200sqft,1576.0,1776.0
52,11275855,11614859,False,1,2,lot,2,+300sqft,1576.0,1876.0
52,11275855,11614859,False,1,2,lot,3,+400sqft,1576.0,1976.0
52,11275855,11614859,False,1,2,lot,4,+500sqft,1576.0,2076.0
52,11275855,11614859,False,1,2,lot,5,+600sqft,1576.0,2176.0
52,11275855,11614859,False,1,2,lot,6,+700sqft,1576.0,2276.0
52,11275855,11614859,False,1,2,lot,7,+800sqft,1576.0,2376.0
52,11275855,11614859,False,1,2,lot,8,+900sqft,1576.0,2476.0
52,11275855,11614859,False,1,2,lot,9,+1000sqft,1576.0,2576.0
52,11275855,11614859,False,1,2,lot,10,+1100sqft,1576.0,2676.0
52,11275855,11614859,False,1,2,lot,11,+1200sqft,1576.0,2776.0
52,11275855,11614859,False,1,2,lot,12,+1300sqft,1576.0,2876.0
52,11275855,11614859,False,1,2,lot,13,+1400sqft,1576.0,2976.0
52,11275855,11614859,False,1,2,lot,14,+1500sqft,1576.0,3076.0
52,11275855,11614859,False,1,2,lot,15,+1600sqft,1576.0,3176.0
52,11275855,11614859,False,1,2,lot,16,+1700sqft,1576.0,3276.0
52,11275855,11614859,False,1,2,lot,17,+1800sqft,1576.0,3376.0
52,11275855,11614859,False,1,2,lot,18,+1900sqft,1576.0,3476.0
52,11275855,11614859,False,1,2,lot,19,+2000sqft,1576.0,3576.0
52,11275855,11614859,False,1,2,lot,20,+2100sqft,1576.0,3676.0
52,11275855,11614859,False,1,2,lot,21,+2200sqft,1576.0,3776.0
52,11275855,11614859,False,1,2,lot,22,+2300sqft,1576.0,3876.0
52,11275855,11614859,False,1,2,lot,23,+2400sqft,1576.0,3976.0
52,11275855,11614859,False,1,2,lot,24,+2500sqft,1576.0,4076.0
52,11275855,11614859,False,1,2,lot,25,+2600sqft,1576.0,4176.0
52,11275855,11614859,False,1,2,lot,26,+2700sqft,1576.0,4276.0
52,11275855,11614859,False,1,2,lot,27,+2800sqft,1576.0,4376.0
52,11275855,11614859,False,1,2,lot,28,+2900sqft,1576.0,4476.0
52,11275855,11614859,False,1,2,lot,29,+3000sqft,1576.0,4576.0
52,11275855,11614859,False,1,2,lot,30,+3100sqft,1576.0,4676.0
52,11275855,11614859,False,1,2,lot,31,+3200sqft,1576.0,4776.0
52,11275855,11614859,False,1,2,lot,32,+3300sqft,1576.0,4876.0
52,11275855,11614859,False,1,2,lot,33,+3400sqft,1576.0,4976.0
52,11275855,11614859,False,1,2,lot,34,+3500sqft,1576.0,5076.0
52,11275855,11614859,False,1,2,lot,35,+3600sqft,1576.0,5176.0
52,11275855,11614859,False,1,2,lot,36,+3700sqft,1576.0,5276.0
52,11275855,11614859,False,1,2,lot,37,+3800sqft,1576.0,5376.0
52,11275855,11614859,False,1,2,lot,38,+3900sqft,1576.0,5476.0
52,11275855,11614859,False,1,2,lot,39,+4000sqft,1576.0,5576.0
52,11275855,11614859,False,1,2,lot,40,+4100sqft,1576.0,5676.0
52,11275855,11614859,False,1,2,lot,41,+4200sqft,1576.0,5776.0
52,11275855,11614859,False,1,2,lot,42,+4300sqft,1576.0,5876.0
52,11275855,11614859,False,1,2,lot,43,+4400sqft,1576.0,5976.0
52,11275855,11614859,False,1,2,lot,44,+4500sqft,1576.0,6076.0
52,11275855,11614859,False,1,2,lot,45,+4600sqft,1576.0,6176.0
52,11275855,11614859,False,1,2,lot,46,+4700sqft,1576.0,6276.0
52,11275855,11614859,False,1,2,lot,47,+4800sqft,1576.0,6376.0
52,11275855,11614859,False,1,2,lot,48,+4900sqft,1576.0,6476.0
52,11275855,11614859,False,1,2,lot,49,+5000sqft,1576.0,6576.0
53,11299770,11470081,True,1,2,bedrooms,0,+1,3.0,4.0
53,11299770,11470081,True,1,2,bedrooms,1,+2,3.0,5.0
53,11299770,11470081,True,1,2,bedrooms,2,+3,3.0,6.0
53,11299770,11470081,True,1,2,bedrooms,3,+4,3.0,7.0
53,11299770,11470081,True,1,2,bedrooms,4,+5,3.0,8.0
53,11299770,11470081,True,1,2,bedrooms,5,+6,3.0,9.0
53,11299770,11470081,True,1,2,bedrooms,6,+7,3.0,10.0
53,11299770,11470081,True,1,2,bathrooms,0,+1,2.0,3.0
53,11299770,11470081,True,1,2,bathrooms,1,+2,2.0,4.0
53,11299770,11470081,True,1,2,bathrooms,2,+3,2.0,5.0
53,11299770,11470081,True,1,2,bathrooms,3,+4,2.0,6.0
53,11299770,11470081,True,1,2,bathrooms,4,+5,2.0,7.0
53,11299770,11470081,True,1,2,bathrooms,5,+6,2.0,8.0
53,11299770,11470081,True,1,2,bathrooms,6,+7,2.0,9.0
53,11299770,11470081,True,1,2,bathrooms,7,+8,2.0,10.0
53,11299770,11470081,True,1,2,yearBuilt,0,+2yr,1920.0,1922.0
53,11299770,11470081,True,1,2,yearBuilt,1,+4yr,1920.0,1924.0
53,11299770,11470081,True,1,2,yearBuilt,2,+6yr,1920.0,1926.0
53,11299770,11470081,True,1,2,yearBuilt,3,+8yr,1920.0,1928.0
53,11299770,11470081,True,1,2,yearBuilt,4,+10yr,1920.0,1930.0
53,11299770,11470081,True,1,2,yearBuilt,5,+12yr,1920.0,1932.0
53,11299770,11470081,True,1,2,yearBuilt,6,+14yr,1920.0,1934.0
53,11299770,11470081,True,1,2,yearBuilt,7,+16yr,1920.0,1936.0
53,11299770,11470081,True,1,2,yearBuilt,8,+18yr,1920.0,1938.0
53,11299770,11470081,True,1,2,yearBuilt,9,+20yr,1920.0,1940.0
53,11299770,11470081,True,1,2,yearBuilt,10,+22yr,1920.0,1942.0
53,11299770,11470081,True,1,2,yearBuilt,11,+24yr,1920.0,1944.0
53,11299770,11470081,True,1,2,yearBuilt,12,+26yr,1920.0,1946.0
53,11299770,11470081,True,1,2,yearBuilt,13,+28yr,1920.0,1948.0
53,11299770,11470081,True,1,2,yearBuilt,14,+30yr,1920.0,1950.0
53,11299770,11470081,True,1,2,yearBuilt,15,+32yr,1920.0,1952.0
53,11299770,11470081,True,1,2,yearBuilt,16,+34yr,1920.0,1954.0
53,11299770,11470081,True,1,2,yearBuilt,17,+36yr,1920.0,1956.0
53,11299770,11470081,True,1,2,yearBuilt,18,+38yr,1920.0,1958.0
53,11299770,11470081,True,1,2,yearBuilt,19,+40yr,1920.0,1960.0
53,11299770,11470081,True,1,2,yearBuilt,20,+42yr,1920.0,1962.0
53,11299770,11470081,True,1,2,yearBuilt,21,+44yr,1920.0,1964.0
53,11299770,11470081,True,1,2,yearBuilt,22,+46yr,1920.0,1966.0
53,11299770,11470081,True,1,2,yearBuilt,23,+48yr,1920.0,1968.0
53,11299770,11470081,True,1,2,yearBuilt,24,+50yr,1920.0,1970.0
53,11299770,11470081,True,1,2,yearBuilt,25,+52yr,1920.0,1972.0
53,11299770,11470081,True,1,2,yearBuilt,26,+54yr,1920.0,1974.0
53,11299770,11470081,True,1,2,yearBuilt,27,+56yr,1920.0,1976.0
53,11299770,11470081,True,1,2,yearBuilt,28,+58yr,1920.0,1978.0
53,11299770,11470081,True,1,2,yearBuilt,29,+60yr,1920.0,1980.0
53,11299770,11470081,True,1,2,yearBuilt,30,+62yr,1920.0,1982.0
53,11299770,11470081,True,1,2,yearBuilt,31,+64yr,1920.0,1984.0
53,11299770,11470081,True,1,2,yearBuilt,32,+66yr,1920.0,1986.0
53,11299770,11470081,True,1,2,yearBuilt,33,+68yr,1920.0,1988.0
53,11299770,11470081,True,1,2,yearBuilt,34,+70yr,1920.0,1990.0
53,11299770,11470081,True,1,2,yearBuilt,35,+72yr,1920.0,1992.0
53,11299770,11470081,True,1,2,yearBuilt,36,+74yr,1920.0,1994.0
53,11299770,11470081,True,1,2,yearBuilt,37,+76yr,1920.0,1996.0
53,11299770,11470081,True,1,2,yearBuilt,38,+78yr,1920.0,1998.0
53,11299770,11470081,True,1,2,yearBuilt,39,+80yr,1920.0,2000.0
53,11299770,11470081,True,1,2,yearBuilt,40,+82yr,1920.0,2002.0
53,11299770,11470081,True,1,2,yearBuilt,41,+84yr,1920.0,2004.0
53,11299770,11470081,True,1,2,yearBuilt,42,+86yr,1920.0,2006.0
53,11299770,11470081,True,1,2,yearBuilt,43,+88yr,1920.0,2008.0
53,11299770,11470081,True,1,2,yearBuilt,44,+90yr,1920.0,2010.0
53,11299770,11470081,True,1,2,yearBuilt,45,+92yr,1920.0,2012.0
53,11299770,11470081,True,1,2,yearBuilt,46,+94yr,1920.0,2014.0
53,11299770,11470081,True,1,2,lot,0,+100sqft,7000.0,7100.0
53,11299770,11470081,True,1,2,lot,1,+200sqft,7000.0,7200.0
53,11299770,11470081,True,1,2,lot,2,+300sqft,7000.0,7300.0
53,11299770,11470081,True,1,2,lot,3,+400sqft,7000.0,7400.0
53,11299770,11470081,True,1,2,lot,4,+500sqft,7000.0,7500.0
53,11299770,11470081,True,1,2,lot,5,+600sqft,7000.0,7600.0
53,11299770,11470081,True,1,2,lot,6,+700sqft,7000.0,7700.0
53,11299770,11470081,True,1,2,lot,7,+800sqft,7000.0,7800.0
53,11299770,11470081,True,1,2,lot,8,+900sqft,7000.0,7900.0
53,11299770,11470081,True,1,2,lot,9,+1000sqft,7000.0,8000.0
53,11299770,11470081,True,1,2,lot,10,+1100sqft,7000.0,8100.0
53,11299770,11470081,True,1,2,lot,11,+1200sqft,7000.0,8200.0
53,11299770,11470081,True,1,2,lot,12,+1300sqft,7000.0,8300.0
53,11299770,11470081,True,1,2,lot,13,+1400sqft,7000.0,8400.0
53,11299770,11470081,True,1,2,lot,14,+1500sqft,7000.0,8500.0
53,11299770,11470081,True,1,2,lot,15,+1600sqft,7000.0,8600.0
53,11299770,11470081,True,1,2,lot,16,+1700sqft,7000.0,8700.0
53,11299770,11470081,True,1,2,lot,17,+1800sqft,7000.0,8800.0
53,11299770,11470081,True,1,2,lot,18,+1900sqft,7000.0,8900.0
53,11299770,11470081,True,1,2,lot,19,+2000sqft,7000.0,9000.0
53,11299770,11470081,True,1,2,lot,20,+2100sqft,7000.0,9100.0
53,11299770,11470081,True,1,2,lot,21,+2200sqft,7000.0,9200.0
53,11299770,11470081,True,1,2,lot,22,+2300sqft,7000.0,9300.0
53,11299770,11470081,True,1,2,lot,23,+2400sqft,7000.0,9400.0
53,11299770,11470081,True,1,2,lot,24,+2500sqft,7000.0,9500.0
53,11299770,11470081,True,1,2,lot,25,+2600sqft,7000.0,9600.0
53,11299770,11470081,True,1,2,lot,26,+2700sqft,7000.0,9700.0
53,11299770,11470081,True,1,2,lot,27,+2800sqft,7000.0,9800.0
53,11299770,11470081,True,1,2,lot,28,+2900sqft,7000.0,9900.0
53,11299770,11470081,True,1,2,lot,29,+3000sqft,7000.0,10000.0
53,11299770,11470081,True,1,2,lot,30,+3100sqft,7000.0,10100.0
53,11299770,11470081,True,1,2,lot,31,+3200sqft,7000.0,10200.0
53,11299770,11470081,True,1,2,lot,32,+3300sqft,7000.0,10300.0
53,11299770,11470081,True,1,2,lot,33,+3400sqft,7000.0,10400.0
53,11299770,11470081,True,1,2,lot,34,+3500sqft,7000.0,10500.0
53,11299770,11470081,True,1,2,lot,35,+3600sqft,7000.0,10600.0
53,11299770,11470081,True,1,2,lot,36,+3700sqft,7000.0,10700.0
53,11299770,11470081,True,1,2,lot,37,+3800sqft,7000.0,10800.0
53,11299770,11470081,True,1,2,lot,38,+3900sqft,7000.0,10900.0
53,11299770,11470081,True,1,2,lot,39,+4000sqft,7000.0,11000.0
53,11299770,11470081,True,1,2,lot,40,+4100sqft,7000.0,11100.0
53,11299770,11470081,True,1,2,lot,41,+4200sqft,7000.0,11200.0
53,11299770,11470081,True,1,2,lot,42,+4300sqft,7000.0,11300.0
53,11299770,11470081,True,1,2,lot,43,+4400sqft,7000.0,11400.0
53,11299770,11470081,True,1,2,lot,44,+4500sqft,7000.0,11500.0
53,11299770,11470081,True,1,2,lot,45,+4600sqft,7000.0,11600.0
53,11299770,11470081,True,1,2,lot,46,+4700sqft,7000.0,11700.0
53,11299770,11470081,True,1,2,lot,47,+4800sqft,7000.0,11800.0
53,11299770,11470081,True,1,2,lot,48,+4900sqft,7000.0,11900.0
53,11299770,11470081,True,1,2,lot,49,+5000sqft,7000.0,12000.0
54,11417585,11451689,True,1,2,bedrooms,0,+1,3.0,4.0
54,11417585,11451689,True,1,2,bedrooms,1,+2,3.0,5.0
54,11417585,11451689,True,1,2,bedrooms,2,+3,3.0,6.0
54,11417585,11451689,True,1,2,bedrooms,3,+4,3.0,7.0
54,11417585,11451689,True,1,2,bedrooms,4,+5,3.0,8.0
54,11417585,11451689,True,1,2,bedrooms,5,+6,3.0,9.0
54,11417585,11451689,True,1,2,bedrooms,6,+7,3.0,10.0
54,11417585,11451689,True,1,2,bathrooms,0,+1,2.0,3.0
54,11417585,11451689,True,1,2,bathrooms,1,+2,2.0,4.0
54,11417585,11451689,True,1,2,bathrooms,2,+3,2.0,5.0
54,11417585,11451689,True,1,2,bathrooms,3,+4,2.0,6.0
54,11417585,11451689,True,1,2,bathrooms,4,+5,2.0,7.0
54,11417585,11451689,True,1,2,bathrooms,5,+6,2.0,8.0
54,11417585,11451689,True,1,2,bathrooms,6,+7,2.0,9.0
54,11417585,11451689,True,1,2,bathrooms,7,+8,2.0,10.0
54,11417585,11451689,True,1,2,yearBuilt,0,+2yr,1910.0,1912.0
54,11417585,11451689,True,1,2,yearBuilt,1,+4yr,1910.0,1914.0
54,11417585,11451689,True,1,2,yearBuilt,2,+6yr,1910.0,1916.0
54,11417585,11451689,True,1,2,yearBuilt,3,+8yr,1910.0,1918.0
54,11417585,11451689,True,1,2,yearBuilt,4,+10yr,1910.0,1920.0
54,11417585,11451689,True,1,2,yearBuilt,5,+12yr,1910.0,1922.0
54,11417585,11451689,True,1,2,yearBuilt,6,+14yr,1910.0,1924.0
54,11417585,11451689,True,1,2,yearBuilt,7,+16yr,1910.0,1926.0
54,11417585,11451689,True,1,2,yearBuilt,8,+18yr,1910.0,1928.0
54,11417585,11451689,True,1,2,yearBuilt,9,+20yr,1910.0,1930.0
54,11417585,11451689,True,1,2,yearBuilt,10,+22yr,1910.0,1932.0
54,11417585,11451689,True,1,2,yearBuilt,11,+24yr,1910.0,1934.0
54,11417585,11451689,True,1,2,yearBuilt,12,+26yr,1910.0,1936.0
54,11417585,11451689,True,1,2,yearBuilt,13,+28yr,1910.0,1938.0
54,11417585,11451689,True,1,2,yearBuilt,14,+30yr,1910.0,1940.0
54,11417585,11451689,True,1,2,yearBuilt,15,+32yr,1910.0,1942.0
54,11417585,11451689,True,1,2,yearBuilt,16,+34yr,1910.0,1944.0
54,11417585,11451689,True,1,2,yearBuilt,17,+36yr,1910.0,1946.0
54,11417585,11451689,True,1,2,yearBuilt,18,+38yr,1910.0,1948.0
54,11417585,11451689,True,1,2,yearBuilt,19,+40yr,1910.0,1950.0
54,11417585,11451689,True,1,2,yearBuilt,20,+42yr,1910.0,1952.0
54,11417585,11451689,True,1,2,yearBuilt,21,+44yr,1910.0,1954.0
54,11417585,11451689,True,1,2,yearBuilt,22,+46yr,1910.0,1956.0
54,11417585,11451689,True,1,2,yearBuilt,23,+48yr,1910.0,1958.0
54,11417585,11451689,True,1,2,yearBuilt,24,+50yr,1910.0,1960.0
54,11417585,11451689,True,1,2,yearBuilt,25,+52yr,1910.0,1962.0
54,11417585,11451689,True,1,2,yearBuilt,26,+54yr,1910.0,1964.0
54,11417585,11451689,True,1,2,yearBuilt,27,+56yr,1910.0,1966.0
54,11417585,11451689,True,1,2,yearBuilt,28,+58yr,1910.0,1968.0
54,11417585,11451689,True,1,2,yearBuilt,29,+60yr,1910.0,1970.0
54,11417585,11451689,True,1,2,yearBuilt,30,+62yr,1910.0,1972.0
54,11417585,11451689,True,1,2,yearBuilt,31,+64yr,1910.0,1974.0
54,11417585,11451689,True,1,2,yearBuilt,32,+66yr,1910.0,1976.0
54,11417585,11451689,True,1,2,yearBuilt,33,+68yr,1910.0,1978.0
54,11417585,11451689,True,1,2,yearBuilt,34,+70yr,1910.0,1980.0
54,11417585,11451689,True,1,2,yearBuilt,35,+72yr,1910.0,1982.0
54,11417585,11451689,True,1,2,yearBuilt,36,+74yr,1910.0,1984.0
54,11417585,11451689,True,1,2,yearBuilt,37,+76yr,1910.0,1986.0
54,11417585,11451689,True,1,2,yearBuilt,38,+78yr,1910.0,1988.0
54,11417585,11451689,True,1,2,yearBuilt,39,+80yr,1910.0,1990.0
54,11417585,11451689,True,1,2,yearBuilt,40,+82yr,1910.0,1992.0
54,11417585,11451689,True,1,2,yearBuilt,41,+84yr,1910.0,1994.0
54,11417585,11451689,True,1,2,yearBuilt,42,+86yr,1910.0,1996.0
54,11417585,11451689,True,1,2,yearBuilt,43,+88yr,1910.0,1998.0
54,11417585,11451689,True,1,2,yearBuilt,44,+90yr,1910.0,2000.0
54,11417585,11451689,True,1,2,yearBuilt,45,+92yr,1910.0,2002.0
54,11417585,11451689,True,1,2,yearBuilt,46,+94yr,1910.0,2004.0
54,11417585,11451689,True,1,2,lot,0,+100sqft,5998.0,6098.0
54,11417585,11451689,True,1,2,lot,1,+200sqft,5998.0,6198.0
54,11417585,11451689,True,1,2,lot,2,+300sqft,5998.0,6298.0
54,11417585,11451689,True,1,2,lot,3,+400sqft,5998.0,6398.0
54,11417585,11451689,True,1,2,lot,4,+500sqft,5998.0,6498.0
54,11417585,11451689,True,1,2,lot,5,+600sqft,5998.0,6598.0
54,11417585,11451689,True,1,2,lot,6,+700sqft,5998.0,6698.0
54,11417585,11451689,True,1,2,lot,7,+800sqft,5998.0,6798.0
54,11417585,11451689,True,1,2,lot,8,+900sqft,5998.0,6898.0
54,11417585,11451689,True,1,2,lot,9,+1000sqft,5998.0,6998.0
54,11417585,11451689,True,1,2,lot,10,+1100sqft,5998.0,7098.0
54,11417585,11451689,True,1,2,lot,11,+1200sqft,5998.0,7198.0
54,11417585,11451689,True,1,2,lot,12,+1300sqft,5998.0,7298.0
54,11417585,11451689,True,1,2,lot,13,+1400sqft,5998.0,7398.0
54,11417585,11451689,True,1,2,lot,14,+1500sqft,5998.0,7498.0
54,11417585,11451689,True,1,2,lot,15,+1600sqft,5998.0,7598.0
54,11417585,11451689,True,1,2,lot,16,+1700sqft,5998.0,7698.0
54,11417585,11451689,True,1,2,lot,17,+1800sqft,5998.0,7798.0
54,11417585,11451689,True,1,2,lot,18,+1900sqft,5998.0,7898.0
54,11417585,11451689,True,1,2,lot,19,+2000sqft,5998.0,7998.0
54,11417585,11451689,True,1,2,lot,20,+2100sqft,5998.0,8098.0
54,11417585,11451689,True,1,2,lot,21,+2200sqft,5998.0,8198.0
54,11417585,11451689,True,1,2,lot,22,+2300sqft,5998.0,8298.0
54,11417585,11451689,True,1,2,lot,23,+2400sqft,5998.0,8398.0
54,11417585,11451689,True,1,2,lot,24,+2500sqft,5998.0,8498.0
54,11417585,11451689,True,1,2,lot,25,+2600sqft,5998.0,8598.0
54,11417585,11451689,True,1,2,lot,26,+2700sqft,5998.0,8698.0
54,11417585,11451689,True,1,2,lot,27,+2800sqft,5998.0,8798.0
54,11417585,11451689,True,1,2,lot,28,+2900sqft,5998.0,8898.0
54,11417585,11451689,True,1,2,lot,29,+3000sqft,5998.0,8998.0
54,11417585,11451689,True,1,2,lot,30,+3100sqft,5998.0,9098.0
54,11417585,11451689,True,1,2,lot,31,+3200sqft,5998.0,9198.0
54,11417585,11451689,True,1,2,lot,32,+3300sqft,5998.0,9298.0
54,11417585,11451689,True,1,2,lot,33,+3400sqft,5998.0,9398.0
54,11417585,11451689,True,1,2,lot,34,+3500sqft,5998.0,9498.0
54,11417585,11451689,True,1,2,lot,35,+3600sqft,5998.0,9598.0
54,11417585,11451689,True,1,2,lot,36,+3700sqft,5998.0,9698.0
54,11417585,11451689,True,1,2,lot,37,+3800sqft,5998.0,9798.0
54,11417585,11451689,True,1,2,lot,38,+3900sqft,5998.0,9898.0
54,11417585,11451689,True,1,2,lot,39,+4000sqft,5998.0,9998.0
54,11417585,11451689,True,1,2,lot,40,+4100sqft,5998.0,10098.0
54,11417585,11451689,True,1,2,lot,41,+4200sqft,5998.0,10198.0
54,11417585,11451689,True,1,2,lot,42,+4300sqft,5998.0,10298.0
54,11417585,11451689,True,1,2,lot,43,+4400sqft,5998.0,10398.0
54,11417585,11451689,True,1,2,lot,44,+4500sqft,5998.0,10498.0
54,11417585,11451689,True,1,2,lot,45,+4600sqft,5998.0,10598.0
54,11417585,11451689,True,1,2,lot,46,+4700sqft,5998.0,10698.0
54,11417585,11451689,True,1,2,lot,47,+4800sqft,5998.0,10798.0
54,11417585,11451689,True,1,2,lot,48,+4900sqft,5998.0,10898.0
54,11417585,11451689,True,1,2,lot,49,+5000sqft,5998.0,10998.0
55,11277949,11277954,False,2,1,bedrooms,0,+1,3.0,4.0
55,11277949,11277954,False,2,1,bedrooms,1,+2,3.0,5.0
55,11277949,11277954,False,2,1,bedrooms,2,+3,3.0,6.0
55,11277949,11277954,False,2,1,bedrooms,3,+4,3.0,7.0
55,11277949,11277954,False,2,1,bedrooms,4,+5,3.0,8.0
55,11277949,11277954,False,2,1,bedrooms,5,+6,3.0,9.0
55,11277949,11277954,False,2,1,bedrooms,6,+7,3.0,10.0
55,11277949,11277954,False,2,1,bathrooms,0,+1,2.0,3.0
55,11277949,11277954,False,2,1,bathrooms,1,+2,2.0,4.0
55,11277949,11277954,False,2,1,bathrooms,2,+3,2.0,5.0
55,11277949,11277954,False,2,1,bathrooms,3,+4,2.0,6.0
55,11277949,11277954,False,2,1,bathrooms,4,+5,2.0,7.0
55,11277949,11277954,False,2,1,bathrooms,5,+6,2.0,8.0
55,11277949,11277954,False,2,1,bathrooms,6,+7,2.0,9.0
55,11277949,11277954,False,2,1,bathrooms,7,+8,2.0,10.0
55,11277949,11277954,False,2,1,yearBuilt,0,+2yr,1925.0,1927.0
55,11277949,11277954,False,2,1,yearBuilt,1,+4yr,1925.0,1929.0
55,11277949,11277954,False,2,1,yearBuilt,2,+6yr,1925.0,1931.0
55,11277949,11277954,False,2,1,yearBuilt,3,+8yr,1925.0,1933.0
55,11277949,11277954,False,2,1,yearBuilt,4,+10yr,1925.0,1935.0
55,11277949,11277954,False,2,1,yearBuilt,5,+12yr,1925.0,1937.0
55,11277949,11277954,False,2,1,yearBuilt,6,+14yr,1925.0,1939.0
55,11277949,11277954,False,2,1,yearBuilt,7,+16yr,1925.0,1941.0
55,11277949,11277954,False,2,1,yearBuilt,8,+18yr,1925.0,1943.0
55,11277949,11277954,False,2,1,yearBuilt,9,+20yr,1925.0,1945.0
55,11277949,11277954,False,2,1,yearBuilt,10,+22yr,1925.0,1947.0
55,11277949,11277954,False,2,1,yearBuilt,11,+24yr,1925.0,1949.0
55,11277949,11277954,False,2,1,yearBuilt,12,+26yr,1925.0,1951.0
55,11277949,11277954,False,2,1,yearBuilt,13,+28yr,1925.0,1953.0
55,11277949,11277954,False,2,1,yearBuilt,14,+30yr,1925.0,1955.0
55,11277949,11277954,False,2,1,yearBuilt,15,+32yr,1925.0,1957.0
55,11277949,11277954,False,2,1,yearBuilt,16,+34yr,1925.0,1959.0
55,11277949,11277954,False,2,1,yearBuilt,17,+36yr,1925.0,1961.0
55,11277949,11277954,False,2,1,yearBuilt,18,+38yr,1925.0,1963.0
55,11277949,11277954,False,2,1,yearBuilt,19,+40yr,1925.0,1965.0
55,11277949,11277954,False,2,1,yearBuilt,20,+42yr,1925.0,1967.0
55,11277949,11277954,False,2,1,yearBuilt,21,+44yr,1925.0,1969.0
55,11277949,11277954,False,2,1,yearBuilt,22,+46yr,1925.0,1971.0
55,11277949,11277954,False,2,1,yearBuilt,23,+48yr,1925.0,1973.0
55,11277949,11277954,False,2,1,yearBuilt,24,+50yr,1925.0,1975.0
55,11277949,11277954,False,2,1,yearBuilt,25,+52yr,1925.0,1977.0
55,11277949,11277954,False,2,1,yearBuilt,26,+54yr,1925.0,1979.0
55,11277949,11277954,False,2,1,yearBuilt,27,+56yr,1925.0,1981.0
55,11277949,11277954,False,2,1,yearBuilt,28,+58yr,1925.0,1983.0
55,11277949,11277954,False,2,1,yearBuilt,29,+60yr,1925.0,1985.0
55,11277949,11277954,False,2,1,yearBuilt,30,+62yr,1925.0,1987.0
55,11277949,11277954,False,2,1,yearBuilt,31,+64yr,1925.0,1989.0
55,11277949,11277954,False,2,1,yearBuilt,32,+66yr,1925.0,1991.0
55,11277949,11277954,False,2,1,yearBuilt,33,+68yr,1925.0,1993.0
55,11277949,11277954,False,2,1,yearBuilt,34,+70yr,1925.0,1995.0
55,11277949,11277954,False,2,1,yearBuilt,35,+72yr,1925.0,1997.0
55,11277949,11277954,False,2,1,yearBuilt,36,+74yr,1925.0,1999.0
55,11277949,11277954,False,2,1,yearBuilt,37,+76yr,1925.0,2001.0
55,11277949,11277954,False,2,1,yearBuilt,38,+78yr,1925.0,2003.0
55,11277949,11277954,False,2,1,yearBuilt,39,+80yr,1925.0,2005.0
55,11277949,11277954,False,2,1,yearBuilt,40,+82yr,1925.0,2007.0
55,11277949,11277954,False,2,1,yearBuilt,41,+84yr,1925.0,2009.0
55,11277949,11277954,False,2,1,yearBuilt,42,+86yr,1925.0,2011.0
55,11277949,11277954,False,2,1,yearBuilt,43,+88yr,1925.0,2013.0
55,11277949,11277954,False,2,1,yearBuilt,44,+90yr,1925.0,2015.0
55,11277949,11277954,False,2,1,yearBuilt,45,+92yr,1925.0,2017.0
55,11277949,11277954,False,2,1,yearBuilt,46,+94yr,1925.0,2019.0
55,11277949,11277954,False,2,1,lot,0,+100sqft,3001.0,3101.0
55,11277949,11277954,False,2,1,lot,1,+200sqft,3001.0,3201.0
55,11277949,11277954,False,2,1,lot,2,+300sqft,3001.0,3301.0
55,11277949,11277954,False,2,1,lot,3,+400sqft,3001.0,3401.0
55,11277949,11277954,False,2,1,lot,4,+500sqft,3001.0,3501.0
55,11277949,11277954,False,2,1,lot,5,+600sqft,3001.0,3601.0
55,11277949,11277954,False,2,1,lot,6,+700sqft,3001.0,3701.0
55,11277949,11277954,False,2,1,lot,7,+800sqft,3001.0,3801.0
55,11277949,11277954,False,2,1,lot,8,+900sqft,3001.0,3901.0
55,11277949,11277954,False,2,1,lot,9,+1000sqft,3001.0,4001.0
55,11277949,11277954,False,2,1,lot,10,+1100sqft,3001.0,4101.0
55,11277949,11277954,False,2,1,lot,11,+1200sqft,3001.0,4201.0
55,11277949,11277954,False,2,1,lot,12,+1300sqft,3001.0,4301.0
55,11277949,11277954,False,2,1,lot,13,+1400sqft,3001.0,4401.0
55,11277949,11277954,False,2,1,lot,14,+1500sqft,3001.0,4501.0
55,11277949,11277954,False,2,1,lot,15,+1600sqft,3001.0,4601.0
55,11277949,11277954,False,2,1,lot,16,+1700sqft,3001.0,4701.0
55,11277949,11277954,False,2,1,lot,17,+1800sqft,3001.0,4801.0
55,11277949,11277954,False,2,1,lot,18,+1900sqft,3001.0,4901.0
55,11277949,11277954,False,2,1,lot,19,+2000sqft,3001.0,5001.0
55,11277949,11277954,False,2,1,lot,20,+2100sqft,3001.0,5101.0
55,11277949,11277954,False,2,1,lot,21,+2200sqft,3001.0,5201.0
55,11277949,11277954,False,2,1,lot,22,+2300sqft,3001.0,5301.0
55,11277949,11277954,False,2,1,lot,23,+2400sqft,3001.0,5401.0
55,11277949,11277954,False,2,1,lot,24,+2500sqft,3001.0,5501.0
55,11277949,11277954,False,2,1,lot,25,+2600sqft,3001.0,5601.0
55,11277949,11277954,False,2,1,lot,26,+2700sqft,3001.0,5701.0
55,11277949,11277954,False,2,1,lot,27,+2800sqft,3001.0,5801.0
55,11277949,11277954,False,2,1,lot,28,+2900sqft,3001.0,5901.0
55,11277949,11277954,False,2,1,lot,29,+3000sqft,3001.0,6001.0
55,11277949,11277954,False,2,1,lot,30,+3100sqft,3001.0,6101.0
55,11277949,11277954,False,2,1,lot,31,+3200sqft,3001.0,6201.0
55,11277949,11277954,False,2,1,lot,32,+3300sqft,3001.0,6301.0
55,11277949,11277954,False,2,1,lot,33,+3400sqft,3001.0,6401.0
55,11277949,11277954,False,2,1,lot,34,+3500sqft,3001.0,6501.0
55,11277949,11277954,False,2,1,lot,35,+3600sqft,3001.0,6601.0
55,11277949,11277954,False,2,1,lot,36,+3700sqft,3001.0,6701.0
55,11277949,11277954,False,2,1,lot,37,+3800sqft,3001.0,6801.0
55,11277949,11277954,False,2,1,lot,38,+3900sqft,3001.0,6901.0
55,11277949,11277954,False,2,1,lot,39,+4000sqft,3001.0,7001.0
55,11277949,11277954,False,2,1,lot,40,+4100sqft,3001.0,7101.0
55,11277949,11277954,False,2,1,lot,41,+4200sqft,3001.0,7201.0
55,11277949,11277954,False,2,1,lot,42,+4300sqft,3001.0,7301.0
55,11277949,11277954,False,2,1,lot,43,+4400sqft,3001.0,7401.0
55,11277949,11277954,False,2,1,lot,44,+4500sqft,3001.0,7501.0
55,11277949,11277954,False,2,1,lot,45,+4600sqft,3001.0,7601.0
55,11277949,11277954,False,2,1,lot,46,+4700sqft,3001.0,7701.0
55,11277949,11277954,False,2,1,lot,47,+4800sqft,3001.0,7801.0
55,11277949,11277954,False,2,1,lot,48,+4900sqft,3001.0,7901.0
55,11277949,11277954,False,2,1,lot,49,+5000sqft,3001.0,8001.0
56,11278513,11282714,True,2,1,bedrooms,0,+1,3.0,4.0
56,11278513,11282714,True,2,1,bedrooms,1,+2,3.0,5.0
56,11278513,11282714,True,2,1,bedrooms,2,+3,3.0,6.0
56,11278513,11282714,True,2,1,bedrooms,3,+4,3.0,7.0
56,11278513,11282714,True,2,1,bedrooms,4,+5,3.0,8.0
56,11278513,11282714,True,2,1,bedrooms,5,+6,3.0,9.0
56,11278513,11282714,True,2,1,bedrooms,6,+7,3.0,10.0
56,11278513,11282714,True,2,1,bathrooms,0,+1,2.0,3.0
56,11278513,11282714,True,2,1,bathrooms,1,+2,2.0,4.0
56,11278513,11282714,True,2,1,bathrooms,2,+3,2.0,5.0
56,11278513,11282714,True,2,1,bathrooms,3,+4,2.0,6.0
56,11278513,11282714,True,2,1,bathrooms,4,+5,2.0,7.0
56,11278513,11282714,True,2,1,bathrooms,5,+6,2.0,8.0
56,11278513,11282714,True,2,1,bathrooms,6,+7,2.0,9.0
56,11278513,11282714,True,2,1,bathrooms,7,+8,2.0,10.0
56,11278513,11282714,True,2,1,yearBuilt,0,+2yr,1930.0,1932.0
56,11278513,11282714,True,2,1,yearBuilt,1,+4yr,1930.0,1934.0
56,11278513,11282714,True,2,1,yearBuilt,2,+6yr,1930.0,1936.0
56,11278513,11282714,True,2,1,yearBuilt,3,+8yr,1930.0,1938.0
56,11278513,11282714,True,2,1,yearBuilt,4,+10yr,1930.0,1940.0
56,11278513,11282714,True,2,1,yearBuilt,5,+12yr,1930.0,1942.0
56,11278513,11282714,True,2,1,yearBuilt,6,+14yr,1930.0,1944.0
56,11278513,11282714,True,2,1,yearBuilt,7,+16yr,1930.0,1946.0
56,11278513,11282714,True,2,1,yearBuilt,8,+18yr,1930.0,1948.0
56,11278513,11282714,True,2,1,yearBuilt,9,+20yr,1930.0,1950.0
56,11278513,11282714,True,2,1,yearBuilt,10,+22yr,1930.0,1952.0
56,11278513,11282714,True,2,1,yearBuilt,11,+24yr,1930.0,1954.0
56,11278513,11282714,True,2,1,yearBuilt,12,+26yr,1930.0,1956.0
56,11278513,11282714,True,2,1,yearBuilt,13,+28yr,1930.0,1958.0
56,11278513,11282714,True,2,1,yearBuilt,14,+30yr,1930.0,1960.0
56,11278513,11282714,True,2,1,yearBuilt,15,+32yr,1930.0,1962.0
56,11278513,11282714,True,2,1,yearBuilt,16,+34yr,1930.0,1964.0
56,11278513,11282714,True,2,1,yearBuilt,17,+36yr,1930.0,1966.0
56,11278513,11282714,True,2,1,yearBuilt,18,+38yr,1930.0,1968.0
56,11278513,11282714,True,2,1,yearBuilt,19,+40yr,1930.0,1970.0
56,11278513,11282714,True,2,1,yearBuilt,20,+42yr,1930.0,1972.0
56,11278513,11282714,True,2,1,yearBuilt,21,+44yr,1930.0,1974.0
56,11278513,11282714,True,2,1,yearBuilt,22,+46yr,1930.0,1976.0
56,11278513,11282714,True,2,1,yearBuilt,23,+48yr,1930.0,1978.0
56,11278513,11282714,True,2,1,yearBuilt,24,+50yr,1930.0,1980.0
56,11278513,11282714,True,2,1,yearBuilt,25,+52yr,1930.0,1982.0
56,11278513,11282714,True,2,1,yearBuilt,26,+54yr,1930.0,1984.0
56,11278513,11282714,True,2,1,yearBuilt,27,+56yr,1930.0,1986.0
56,11278513,11282714,True,2,1,yearBuilt,28,+58yr,1930.0,1988.0
56,11278513,11282714,True,2,1,yearBuilt,29,+60yr,1930.0,1990.0
56,11278513,11282714,True,2,1,yearBuilt,30,+62yr,1930.0,1992.0
56,11278513,11282714,True,2,1,yearBuilt,31,+64yr,1930.0,1994.0
56,11278513,11282714,True,2,1,yearBuilt,32,+66yr,1930.0,1996.0
56,11278513,11282714,True,2,1,yearBuilt,33,+68yr,1930.0,1998.0
56,11278513,11282714,True,2,1,yearBuilt,34,+70yr,1930.0,2000.0
56,11278513,11282714,True,2,1,yearBuilt,35,+72yr,1930.0,2002.0
56,11278513,11282714,True,2,1,yearBuilt,36,+74yr,1930.0,2004.0
56,11278513,11282714,True,2,1,yearBuilt,37,+76yr,1930.0,2006.0
56,11278513,11282714,True,2,1,yearBuilt,38,+78yr,1930.0,2008.0
56,11278513,11282714,True,2,1,yearBuilt,39,+80yr,1930.0,2010.0
56,11278513,11282714,True,2,1,yearBuilt,40,+82yr,1930.0,2012.0
56,11278513,11282714,True,2,1,yearBuilt,41,+84yr,1930.0,2014.0
56,11278513,11282714,True,2,1,yearBuilt,42,+86yr,1930.0,2016.0
56,11278513,11282714,True,2,1,yearBuilt,43,+88yr,1930.0,2018.0
56,11278513,11282714,True,2,1,yearBuilt,44,+90yr,1930.0,2020.0
56,11278513,11282714,True,2,1,yearBuilt,45,+92yr,1930.0,2022.0
56,11278513,11282714,True,2,1,yearBuilt,46,+94yr,1930.0,2024.0
56,11278513,11282714,True,2,1,lot,0,+100sqft,3001.0,3101.0
56,11278513,11282714,True,2,1,lot,1,+200sqft,3001.0,3201.0
56,11278513,11282714,True,2,1,lot,2,+300sqft,3001.0,3301.0
56,11278513,11282714,True,2,1,lot,3,+400sqft,3001.0,3401.0
56,11278513,11282714,True,2,1,lot,4,+500sqft,3001.0,3501.0
56,11278513,11282714,True,2,1,lot,5,+600sqft,3001.0,3601.0
56,11278513,11282714,True,2,1,lot,6,+700sqft,3001.0,3701.0
56,11278513,11282714,True,2,1,lot,7,+800sqft,3001.0,3801.0
56,11278513,11282714,True,2,1,lot,8,+900sqft,3001.0,3901.0
56,11278513,11282714,True,2,1,lot,9,+1000sqft,3001.0,4001.0
56,11278513,11282714,True,2,1,lot,10,+1100sqft,3001.0,4101.0
56,11278513,11282714,True,2,1,lot,11,+1200sqft,3001.0,4201.0
56,11278513,11282714,True,2,1,lot,12,+1300sqft,3001.0,4301.0
56,11278513,11282714,True,2,1,lot,13,+1400sqft,3001.0,4401.0
56,11278513,11282714,True,2,1,lot,14,+1500sqft,3001.0,4501.0
56,11278513,11282714,True,2,1,lot,15,+1600sqft,3001.0,4601.0
56,11278513,11282714,True,2,1,lot,16,+1700sqft,3001.0,4701.0
56,11278513,11282714,True,2,1,lot,17,+1800sqft,3001.0,4801.0
56,11278513,11282714,True,2,1,lot,18,+1900sqft,3001.0,4901.0
56,11278513,11282714,True,2,1,lot,19,+2000sqft,3001.0,5001.0
56,11278513,11282714,True,2,1,lot,20,+2100sqft,3001.0,5101.0
56,11278513,11282714,True,2,1,lot,21,+2200sqft,3001.0,5201.0
56,11278513,11282714,True,2,1,lot,22,+2300sqft,3001.0,5301.0
56,11278513,11282714,True,2,1,lot,23,+2400sqft,3001.0,5401.0
56,11278513,11282714,True,2,1,lot,24,+2500sqft,3001.0,5501.0
56,11278513,11282714,True,2,1,lot,25,+2600sqft,3001.0,5601.0
56,11278513,11282714,True,2,1,lot,26,+2700sqft,3001.0,5701.0
56,11278513,11282714,True,2,1,lot,27,+2800sqft,3001.0,5801.0
56,11278513,11282714,True,2,1,lot,28,+2900sqft,3001.0,5901.0
56,11278513,11282714,True,2,1,lot,29,+3000sqft,3001.0,6001.0
56,11278513,11282714,True,2,1,lot,30,+3100sqft,3001.0,6101.0
56,11278513,11282714,True,2,1,lot,31,+3200sqft,3001.0,6201.0
56,11278513,11282714,True,2,1,lot,32,+3300sqft,3001.0,6301.0
56,11278513,11282714,True,2,1,lot,33,+3400sqft,3001.0,6401.0
56,11278513,11282714,True,2,1,lot,34,+3500sqft,3001.0,6501.0
56,11278513,11282714,True,2,1,lot,35,+3600sqft,3001.0,6601.0
56,11278513,11282714,True,2,1,lot,36,+3700sqft,3001.0,6701.0
56,11278513,11282714,True,2,1,lot,37,+3800sqft,3001.0,6801.0
56,11278513,11282714,True,2,1,lot,38,+3900sqft,3001.0,6901.0
56,11278513,11282714,True,2,1,lot,39,+4000sqft,3001.0,7001.0
56,11278513,11282714,True,2,1,lot,40,+4100sqft,3001.0,7101.0
56,11278513,11282714,True,2,1,lot,41,+4200sqft,3001.0,7201.0
56,11278513,11282714,True,2,1,lot,42,+4300sqft,3001.0,7301.0
56,11278513,11282714,True,2,1,lot,43,+4400sqft,3001.0,7401.0
56,11278513,11282714,True,2,1,lot,44,+4500sqft,3001.0,7501.0
56,11278513,11282714,True,2,1,lot,45,+4600sqft,3001.0,7601.0
56,11278513,11282714,True,2,1,lot,46,+4700sqft,3001.0,7701.0
56,11278513,11282714,True,2,1,lot,47,+4800sqft,3001.0,7801.0
56,11278513,11282714,True,2,1,lot,48,+4900sqft,3001.0,7901.0
56,11278513,11282714,True,2,1,lot,49,+5000sqft,3001.0,8001.0
57,11620181,11620485,True,1,2,bedrooms,0,+1,3.0,4.0
57,11620181,11620485,True,1,2,bedrooms,1,+2,3.0,5.0
57,11620181,11620485,True,1,2,bedrooms,2,+3,3.0,6.0
57,11620181,11620485,True,1,2,bedrooms,3,+4,3.0,7.0
57,11620181,11620485,True,1,2,bedrooms,4,+5,3.0,8.0
57,11620181,11620485,True,1,2,bedrooms,5,+6,3.0,9.0
57,11620181,11620485,True,1,2,bedrooms,6,+7,3.0,10.0
57,11620181,11620485,True,1,2,bathrooms,0,+1,1.0,2.0
57,11620181,11620485,True,1,2,bathrooms,1,+2,1.0,3.0
57,11620181,11620485,True,1,2,bathrooms,2,+3,1.0,4.0
57,11620181,11620485,True,1,2,bathrooms,3,+4,1.0,5.0
57,11620181,11620485,True,1,2,bathrooms,4,+5,1.0,6.0
57,11620181,11620485,True,1,2,bathrooms,5,+6,1.0,7.0
57,11620181,11620485,True,1,2,bathrooms,6,+7,1.0,8.0
57,11620181,11620485,True,1,2,bathrooms,7,+8,1.0,9.0
57,11620181,11620485,True,1,2,bathrooms,8,+9,1.0,10.0
57,11620181,11620485,True,1,2,yearBuilt,0,+2yr,1940.0,1942.0
57,11620181,11620485,True,1,2,yearBuilt,1,+4yr,1940.0,1944.0
57,11620181,11620485,True,1,2,yearBuilt,2,+6yr,1940.0,1946.0
57,11620181,11620485,True,1,2,yearBuilt,3,+8yr,1940.0,1948.0
57,11620181,11620485,True,1,2,yearBuilt,4,+10yr,1940.0,1950.0
57,11620181,11620485,True,1,2,yearBuilt,5,+12yr,1940.0,1952.0
57,11620181,11620485,True,1,2,yearBuilt,6,+14yr,1940.0,1954.0
57,11620181,11620485,True,1,2,yearBuilt,7,+16yr,1940.0,1956.0
57,11620181,11620485,True,1,2,yearBuilt,8,+18yr,1940.0,1958.0
57,11620181,11620485,True,1,2,yearBuilt,9,+20yr,1940.0,1960.0
57,11620181,11620485,True,1,2,yearBuilt,10,+22yr,1940.0,1962.0
57,11620181,11620485,True,1,2,yearBuilt,11,+24yr,1940.0,1964.0
57,11620181,11620485,True,1,2,yearBuilt,12,+26yr,1940.0,1966.0
57,11620181,11620485,True,1,2,yearBuilt,13,+28yr,1940.0,1968.0
57,11620181,11620485,True,1,2,yearBuilt,14,+30yr,1940.0,1970.0
57,11620181,11620485,True,1,2,yearBuilt,15,+32yr,1940.0,1972.0
57,11620181,11620485,True,1,2,yearBuilt,16,+34yr,1940.0,1974.0
57,11620181,11620485,True,1,2,yearBuilt,17,+36yr,1940.0,1976.0
57,11620181,11620485,True,1,2,yearBuilt,18,+38yr,1940.0,1978.0
57,11620181,11620485,True,1,2,yearBuilt,19,+40yr,1940.0,1980.0
57,11620181,11620485,True,1,2,yearBuilt,20,+42yr,1940.0,1982.0
57,11620181,11620485,True,1,2,yearBuilt,21,+44yr,1940.0,1984.0
57,11620181,11620485,True,1,2,yearBuilt,22,+46yr,1940.0,1986.0
57,11620181,11620485,True,1,2,yearBuilt,23,+48yr,1940.0,1988.0
57,11620181,11620485,True,1,2,yearBuilt,24,+50yr,1940.0,1990.0
57,11620181,11620485,True,1,2,yearBuilt,25,+52yr,1940.0,1992.0
57,11620181,11620485,True,1,2,yearBuilt,26,+54yr,1940.0,1994.0
57,11620181,11620485,True,1,2,yearBuilt,27,+56yr,1940.0,1996.0
57,11620181,11620485,True,1,2,yearBuilt,28,+58yr,1940.0,1998.0
57,11620181,11620485,True,1,2,yearBuilt,29,+60yr,1940.0,2000.0
57,11620181,11620485,True,1,2,yearBuilt,30,+62yr,1940.0,2002.0
57,11620181,11620485,True,1,2,yearBuilt,31,+64yr,1940.0,2004.0
57,11620181,11620485,True,1,2,yearBuilt,32,+66yr,1940.0,2006.0
57,11620181,11620485,True,1,2,yearBuilt,33,+68yr,1940.0,2008.0
57,11620181,11620485,True,1,2,yearBuilt,34,+70yr,1940.0,2010.0
57,11620181,11620485,True,1,2,yearBuilt,35,+72yr,1940.0,2012.0
57,11620181,11620485,True,1,2,yearBuilt,36,+74yr,1940.0,2014.0
57,11620181,11620485,True,1,2,yearBuilt,37,+76yr,1940.0,2016.0
57,11620181,11620485,True,1,2,yearBuilt,38,+78yr,1940.0,2018.0
57,11620181,11620485,True,1,2,yearBuilt,39,+80yr,1940.0,2020.0
57,11620181,11620485,True,1,2,yearBuilt,40,+82yr,1940.0,2022.0
57,11620181,11620485,True,1,2,yearBuilt,41,+84yr,1940.0,2024.0
57,11620181,11620485,True,1,2,lot,0,+100sqft,2861.0,2961.0
57,11620181,11620485,True,1,2,lot,1,+200sqft,2861.0,3061.0
57,11620181,11620485,True,1,2,lot,2,+300sqft,2861.0,3161.0
57,11620181,11620485,True,1,2,lot,3,+400sqft,2861.0,3261.0
57,11620181,11620485,True,1,2,lot,4,+500sqft,2861.0,3361.0
57,11620181,11620485,True,1,2,lot,5,+600sqft,2861.0,3461.0
57,11620181,11620485,True,1,2,lot,6,+700sqft,2861.0,3561.0
57,11620181,11620485,True,1,2,lot,7,+800sqft,2861.0,3661.0
57,11620181,11620485,True,1,2,lot,8,+900sqft,2861.0,3761.0
57,11620181,11620485,True,1,2,lot,9,+1000sqft,2861.0,3861.0
57,11620181,11620485,True,1,2,lot,10,+1100sqft,2861.0,3961.0
57,11620181,11620485,True,1,2,lot,11,+1200sqft,2861.0,4061.0
57,11620181,11620485,True,1,2,lot,12,+1300sqft,2861.0,4161.0
57,11620181,11620485,True,1,2,lot,13,+1400sqft,2861.0,4261.0
57,11620181,11620485,True,1,2,lot,14,+1500sqft,2861.0,4361.0
57,11620181,11620485,True,1,2,lot,15,+1600sqft,2861.0,4461.0
57,11620181,11620485,True,1,2,lot,16,+1700sqft,2861.0,4561.0
57,11620181,11620485,True,1,2,lot,17,+1800sqft,2861.0,4661.0
57,11620181,11620485,True,1,2,lot,18,+1900sqft,2861.0,4761.0
57,11620181,11620485,True,1,2,lot,19,+2000sqft,2861.0,4861.0
57,11620181,11620485,True,1,2,lot,20,+2100sqft,2861.0,4961.0
57,11620181,11620485,True,1,2,lot,21,+2200sqft,2861.0,5061.0
57,11620181,11620485,True,1,2,lot,22,+2300sqft,2861.0,5161.0
57,11620181,11620485,True,1,2,lot,23,+2400sqft,2861.0,5261.0
57,11620181,11620485,True,1,2,lot,24,+2500sqft,2861.0,5361.0
57,11620181,11620485,True,1,2,lot,25,+2600sqft,2861.0,5461.0
57,11620181,11620485,True,1,2,lot,26,+2700sqft,2861.0,5561.0
57,11620181,11620485,True,1,2,lot,27,+2800sqft,2861.0,5661.0
57,11620181,11620485,True,1,2,lot,28,+2900sqft,2861.0,5761.0
57,11620181,11620485,True,1,2,lot,29,+3000sqft,2861.0,5861.0
57,11620181,11620485,True,1,2,lot,30,+3100sqft,2861.0,5961.0
57,11620181,11620485,True,1,2,lot,31,+3200sqft,2861.0,6061.0
57,11620181,11620485,True,1,2,lot,32,+3300sqft,2861.0,6161.0
57,11620181,11620485,True,1,2,lot,33,+3400sqft,2861.0,6261.0
57,11620181,11620485,True,1,2,lot,34,+3500sqft,2861.0,6361.0
57,11620181,11620485,True,1,2,lot,35,+3600sqft,2861.0,6461.0
57,11620181,11620485,True,1,2,lot,36,+3700sqft,2861.0,6561.0
57,11620181,11620485,True,1,2,lot,37,+3800sqft,2861.0,6661.0
57,11620181,11620485,True,1,2,lot,38,+3900sqft,2861.0,6761.0
57,11620181,11620485,True,1,2,lot,39,+4000sqft,2861.0,6861.0
57,11620181,11620485,True,1,2,lot,40,+4100sqft,2861.0,6961.0
57,11620181,11620485,True,1,2,lot,41,+4200sqft,2861.0,7061.0
57,11620181,11620485,True,1,2,lot,42,+4300sqft,2861.0,7161.0
57,11620181,11620485,True,1,2,lot,43,+4400sqft,2861.0,7261.0
57,11620181,11620485,True,1,2,lot,44,+4500sqft,2861.0,7361.0
57,11620181,11620485,True,1,2,lot,45,+4600sqft,2861.0,7461.0
57,11620181,11620485,True,1,2,lot,46,+4700sqft,2861.0,7561.0
57,11620181,11620485,True,1,2,lot,47,+4800sqft,2861.0,7661.0
57,11620181,11620485,True,1,2,lot,48,+4900sqft,2861.0,7761.0
57,11620181,11620485,True,1,2,lot,49,+5000sqft,2861.0,7861.0
58,11268355,11268712,True,2,1,bedrooms,0,+1,2.0,3.0
58,11268355,11268712,True,2,1,bedrooms,1,+2,2.0,4.0
58,11268355,11268712,True,2,1,bedrooms,2,+3,2.0,5.0
58,11268355,11268712,True,2,1,bedrooms,3,+4,2.0,6.0
58,11268355,11268712,True,2,1,bedrooms,4,+5,2.0,7.0
58,11268355,11268712,True,2,1,bedrooms,5,+6,2.0,8.0
58,11268355,11268712,True,2,1,bedrooms,6,+7,2.0,9.0
58,11268355,11268712,True,2,1,bedrooms,7,+8,2.0,10.0
58,11268355,11268712,True,2,1,bathrooms,0,+1,2.0,3.0
58,11268355,11268712,True,2,1,bathrooms,1,+2,2.0,4.0
58,11268355,11268712,True,2,1,bathrooms,2,+3,2.0,5.0
58,11268355,11268712,True,2,1,bathrooms,3,+4,2.0,6.0
58,11268355,11268712,True,2,1,bathrooms,4,+5,2.0,7.0
58,11268355,11268712,True,2,1,bathrooms,5,+6,2.0,8.0
58,11268355,11268712,True,2,1,bathrooms,6,+7,2.0,9.0
58,11268355,11268712,True,2,1,bathrooms,7,+8,2.0,10.0
58,11268355,11268712,True,2,1,yearBuilt,0,+2yr,1940.0,1942.0
58,11268355,11268712,True,2,1,yearBuilt,1,+4yr,1940.0,1944.0
58,11268355,11268712,True,2,1,yearBuilt,2,+6yr,1940.0,1946.0
58,11268355,11268712,True,2,1,yearBuilt,3,+8yr,1940.0,1948.0
58,11268355,11268712,True,2,1,yearBuilt,4,+10yr,1940.0,1950.0
58,11268355,11268712,True,2,1,yearBuilt,5,+12yr,1940.0,1952.0
58,11268355,11268712,True,2,1,yearBuilt,6,+14yr,1940.0,1954.0
58,11268355,11268712,True,2,1,yearBuilt,7,+16yr,1940.0,1956.0
58,11268355,11268712,True,2,1,yearBuilt,8,+18yr,1940.0,1958.0
58,11268355,11268712,True,2,1,yearBuilt,9,+20yr,1940.0,1960.0
58,11268355,11268712,True,2,1,yearBuilt,10,+22yr,1940.0,1962.0
58,11268355,11268712,True,2,1,yearBuilt,11,+24yr,1940.0,1964.0
58,11268355,11268712,True,2,1,yearBuilt,12,+26yr,1940.0,1966.0
58,11268355,11268712,True,2,1,yearBuilt,13,+28yr,1940.0,1968.0
58,11268355,11268712,True,2,1,yearBuilt,14,+30yr,1940.0,1970.0
58,11268355,11268712,True,2,1,yearBuilt,15,+32yr,1940.0,1972.0
58,11268355,11268712,True,2,1,yearBuilt,16,+34yr,1940.0,1974.0
58,11268355,11268712,True,2,1,yearBuilt,17,+36yr,1940.0,1976.0
58,11268355,11268712,True,2,1,yearBuilt,18,+38yr,1940.0,1978.0
58,11268355,11268712,True,2,1,yearBuilt,19,+40yr,1940.0,1980.0
58,11268355,11268712,True,2,1,yearBuilt,20,+42yr,1940.0,1982.0
58,11268355,11268712,True,2,1,yearBuilt,21,+44yr,1940.0,1984.0
58,11268355,11268712,True,2,1,yearBuilt,22,+46yr,1940.0,1986.0
58,11268355,11268712,True,2,1,yearBuilt,23,+48yr,1940.0,1988.0
58,11268355,11268712,True,2,1,yearBuilt,24,+50yr,1940.0,1990.0
58,11268355,11268712,True,2,1,yearBuilt,25,+52yr,1940.0,1992.0
58,11268355,11268712,True,2,1,yearBuilt,26,+54yr,1940.0,1994.0
58,11268355,11268712,True,2,1,yearBuilt,27,+56yr,1940.0,1996.0
58,11268355,11268712,True,2,1,yearBuilt,28,+58yr,1940.0,1998.0
58,11268355,11268712,True,2,1,yearBuilt,29,+60yr,1940.0,2000.0
58,11268355,11268712,True,2,1,yearBuilt,30,+62yr,1940.0,2002.0
58,11268355,11268712,True,2,1,yearBuilt,31,+64yr,1940.0,2004.0
58,11268355,11268712,True,2,1,yearBuilt,32,+66yr,1940.0,2006.0
58,11268355,11268712,True,2,1,yearBuilt,33,+68yr,1940.0,2008.0
58,11268355,11268712,True,2,1,yearBuilt,34,+70yr,1940.0,2010.0
58,11268355,11268712,True,2,1,yearBuilt,35,+72yr,1940.0,2012.0
58,11268355,11268712,True,2,1,yearBuilt,36,+74yr,1940.0,2014.0
58,11268355,11268712,True,2,1,yearBuilt,37,+76yr,1940.0,2016.0
58,11268355,11268712,True,2,1,yearBuilt,38,+78yr,1940.0,2018.0
58,11268355,11268712,True,2,1,yearBuilt,39,+80yr,1940.0,2020.0
58,11268355,11268712,True,2,1,yearBuilt,40,+82yr,1940.0,2022.0
58,11268355,11268712,True,2,1,yearBuilt,41,+84yr,1940.0,2024.0
58,11268355,11268712,True,2,1,lot,0,+100sqft,7000.0,7100.0
58,11268355,11268712,True,2,1,lot,1,+200sqft,7000.0,7200.0
58,11268355,11268712,True,2,1,lot,2,+300sqft,7000.0,7300.0
58,11268355,11268712,True,2,1,lot,3,+400sqft,7000.0,7400.0
58,11268355,11268712,True,2,1,lot,4,+500sqft,7000.0,7500.0
58,11268355,11268712,True,2,1,lot,5,+600sqft,7000.0,7600.0
58,11268355,11268712,True,2,1,lot,6,+700sqft,7000.0,7700.0
58,11268355,11268712,True,2,1,lot,7,+800sqft,7000.0,7800.0
58,11268355,11268712,True,2,1,lot,8,+900sqft,7000.0,7900.0
58,11268355,11268712,True,2,1,lot,9,+1000sqft,7000.0,8000.0
58,11268355,11268712,True,2,1,lot,10,+1100sqft,7000.0,8100.0
58,11268355,11268712,True,2,1,lot,11,+1200sqft,7000.0,8200.0
58,11268355,11268712,True,2,1,lot,12,+1300sqft,7000.0,8300.0
58,11268355,11268712,True,2,1,lot,13,+1400sqft,7000.0,8400.0
58,11268355,11268712,True,2,1,lot,14,+1500sqft,7000.0,8500.0
58,11268355,11268712,True,2,1,lot,15,+1600sqft,7000.0,8600.0
58,11268355,11268712,True,2,1,lot,16,+1700sqft,7000.0,8700.0
58,11268355,11268712,True,2,1,lot,17,+1800sqft,7000.0,8800.0
58,11268355,11268712,True,2,1,lot,18,+1900sqft,7000.0,8900.0
58,11268355,11268712,True,2,1,lot,19,+2000sqft,7000.0,9000.0
58,11268355,11268712,True,2,1,lot,20,+2100sqft,7000.0,9100.0
58,11268355,11268712,True,2,1,lot,21,+2200sqft,7000.0,9200.0
58,11268355,11268712,True,2,1,lot,22,+2300sqft,7000.0,9300.0
58,11268355,11268712,True,2,1,lot,23,+2400sqft,7000.0,9400.0
58,11268355,11268712,True,2,1,lot,24,+2500sqft,7000.0,9500.0
58,11268355,11268712,True,2,1,lot,25,+2600sqft,7000.0,9600.0
58,11268355,11268712,True,2,1,lot,26,+2700sqft,7000.0,9700.0
58,11268355,11268712,True,2,1,lot,27,+2800sqft,7000.0,9800.0
58,11268355,11268712,True,2,1,lot,28,+2900sqft,7000.0,9900.0
58,11268355,11268712,True,2,1,lot,29,+3000sqft,7000.0,10000.0
58,11268355,11268712,True,2,1,lot,30,+3100sqft,7000.0,10100.0
58,11268355,11268712,True,2,1,lot,31,+3200sqft,7000.0,10200.0
58,11268355,11268712,True,2,1,lot,32,+3300sqft,7000.0,10300.0
58,11268355,11268712,True,2,1,lot,33,+3400sqft,7000.0,10400.0
58,11268355,11268712,True,2,1,lot,34,+3500sqft,7000.0,10500.0
58,11268355,11268712,True,2,1,lot,35,+3600sqft,7000.0,10600.0
58,11268355,11268712,True,2,1,lot,36,+3700sqft,7000.0,10700.0
58,11268355,11268712,True,2,1,lot,37,+3800sqft,7000.0,10800.0
58,11268355,11268712,True,2,1,lot,38,+3900sqft,7000.0,10900.0
58,11268355,11268712,True,2,1,lot,39,+4000sqft,7000.0,11000.0
58,11268355,11268712,True,2,1,lot,40,+4100sqft,7000.0,11100.0
58,11268355,11268712,True,2,1,lot,41,+4200sqft,7000.0,11200.0
58,11268355,11268712,True,2,1,lot,42,+4300sqft,7000.0,11300.0
58,11268355,11268712,True,2,1,lot,43,+4400sqft,7000.0,11400.0
58,11268355,11268712,True,2,1,lot,44,+4500sqft,7000.0,11500.0
58,11268355,11268712,True,2,1,lot,45,+4600sqft,7000.0,11600.0
58,11268355,11268712,True,2,1,lot,46,+4700sqft,7000.0,11700.0
58,11268355,11268712,True,2,1,lot,47,+4800sqft,7000.0,11800.0
58,11268355,11268712,True,2,1,lot,48,+4900sqft,7000.0,11900.0
58,11268355,11268712,True,2,1,lot,49,+5000sqft,7000.0,12000.0
59,11312006,11312421,True,1,2,bedrooms,0,+1,3.0,4.0
59,11312006,11312421,True,1,2,bedrooms,1,+2,3.0,5.0
59,11312006,11312421,True,1,2,bedrooms,2,+3,3.0,6.0
59,11312006,11312421,True,1,2,bedrooms,3,+4,3.0,7.0
59,11312006,11312421,True,1,2,bedrooms,4,+5,3.0,8.0
59,11312006,11312421,True,1,2,bedrooms,5,+6,3.0,9.0
59,11312006,11312421,True,1,2,bedrooms,6,+7,3.0,10.0
59,11312006,11312421,True,1,2,bathrooms,0,+1,2.0,3.0
59,11312006,11312421,True,1,2,bathrooms,1,+2,2.0,4.0
59,11312006,11312421,True,1,2,bathrooms,2,+3,2.0,5.0
59,11312006,11312421,True,1,2,bathrooms,3,+4,2.0,6.0
59,11312006,11312421,True,1,2,bathrooms,4,+5,2.0,7.0
59,11312006,11312421,True,1,2,bathrooms,5,+6,2.0,8.0
59,11312006,11312421,True,1,2,bathrooms,6,+7,2.0,9.0
59,11312006,11312421,True,1,2,bathrooms,7,+8,2.0,10.0
59,11312006,11312421,True,1,2,yearBuilt,0,+2yr,1924.0,1926.0
59,11312006,11312421,True,1,2,yearBuilt,1,+4yr,1924.0,1928.0
59,11312006,11312421,True,1,2,yearBuilt,2,+6yr,1924.0,1930.0
59,11312006,11312421,True,1,2,yearBuilt,3,+8yr,1924.0,1932.0
59,11312006,11312421,True,1,2,yearBuilt,4,+10yr,1924.0,1934.0
59,11312006,11312421,True,1,2,yearBuilt,5,+12yr,1924.0,1936.0
59,11312006,11312421,True,1,2,yearBuilt,6,+14yr,1924.0,1938.0
59,11312006,11312421,True,1,2,yearBuilt,7,+16yr,1924.0,1940.0
59,11312006,11312421,True,1,2,yearBuilt,8,+18yr,1924.0,1942.0
59,11312006,11312421,True,1,2,yearBuilt,9,+20yr,1924.0,1944.0
59,11312006,11312421,True,1,2,yearBuilt,10,+22yr,1924.0,1946.0
59,11312006,11312421,True,1,2,yearBuilt,11,+24yr,1924.0,1948.0
59,11312006,11312421,True,1,2,yearBuilt,12,+26yr,1924.0,1950.0
59,11312006,11312421,True,1,2,yearBuilt,13,+28yr,1924.0,1952.0
59,11312006,11312421,True,1,2,yearBuilt,14,+30yr,1924.0,1954.0
59,11312006,11312421,True,1,2,yearBuilt,15,+32yr,1924.0,1956.0
59,11312006,11312421,True,1,2,yearBuilt,16,+34yr,1924.0,1958.0
59,11312006,11312421,True,1,2,yearBuilt,17,+36yr,1924.0,1960.0
59,11312006,11312421,True,1,2,yearBuilt,18,+38yr,1924.0,1962.0
59,11312006,11312421,True,1,2,yearBuilt,19,+40yr,1924.0,1964.0
59,11312006,11312421,True,1,2,yearBuilt,20,+42yr,1924.0,1966.0
59,11312006,11312421,True,1,2,yearBuilt,21,+44yr,1924.0,1968.0
59,11312006,11312421,True,1,2,yearBuilt,22,+46yr,1924.0,1970.0
59,11312006,11312421,True,1,2,yearBuilt,23,+48yr,1924.0,1972.0
59,11312006,11312421,True,1,2,yearBuilt,24,+50yr,1924.0,1974.0
59,11312006,11312421,True,1,2,yearBuilt,25,+52yr,1924.0,1976.0
59,11312006,11312421,True,1,2,yearBuilt,26,+54yr,1924.0,1978.0
59,11312006,11312421,True,1,2,yearBuilt,27,+56yr,1924.0,1980.0
59,11312006,11312421,True,1,2,yearBuilt,28,+58yr,1924.0,1982.0
59,11312006,11312421,True,1,2,yearBuilt,29,+60yr,1924.0,1984.0
59,11312006,11312421,True,1,2,yearBuilt,30,+62yr,1924.0,1986.0
59,11312006,11312421,True,1,2,yearBuilt,31,+64yr,1924.0,1988.0
59,11312006,11312421,True,1,2,yearBuilt,32,+66yr,1924.0,1990.0
59,11312006,11312421,True,1,2,yearBuilt,33,+68yr,1924.0,1992.0
59,11312006,11312421,True,1,2,yearBuilt,34,+70yr,1924.0,1994.0
59,11312006,11312421,True,1,2,yearBuilt,35,+72yr,1924.0,1996.0
59,11312006,11312421,True,1,2,yearBuilt,36,+74yr,1924.0,1998.0
59,11312006,11312421,True,1,2,yearBuilt,37,+76yr,1924.0,2000.0
59,11312006,11312421,True,1,2,yearBuilt,38,+78yr,1924.0,2002.0
59,11312006,11312421,True,1,2,yearBuilt,39,+80yr,1924.0,2004.0
59,11312006,11312421,True,1,2,yearBuilt,40,+82yr,1924.0,2006.0
59,11312006,11312421,True,1,2,yearBuilt,41,+84yr,1924.0,2008.0
59,11312006,11312421,True,1,2,yearBuilt,42,+86yr,1924.0,2010.0
59,11312006,11312421,True,1,2,yearBuilt,43,+88yr,1924.0,2012.0
59,11312006,11312421,True,1,2,yearBuilt,44,+90yr,1924.0,2014.0
59,11312006,11312421,True,1,2,yearBuilt,45,+92yr,1924.0,2016.0
59,11312006,11312421,True,1,2,yearBuilt,46,+94yr,1924.0,2018.0
59,11312006,11312421,True,1,2,lot,0,+100sqft,5749.0,5849.0
59,11312006,11312421,True,1,2,lot,1,+200sqft,5749.0,5949.0
59,11312006,11312421,True,1,2,lot,2,+300sqft,5749.0,6049.0
59,11312006,11312421,True,1,2,lot,3,+400sqft,5749.0,6149.0
59,11312006,11312421,True,1,2,lot,4,+500sqft,5749.0,6249.0
59,11312006,11312421,True,1,2,lot,5,+600sqft,5749.0,6349.0
59,11312006,11312421,True,1,2,lot,6,+700sqft,5749.0,6449.0
59,11312006,11312421,True,1,2,lot,7,+800sqft,5749.0,6549.0
59,11312006,11312421,True,1,2,lot,8,+900sqft,5749.0,6649.0
59,11312006,11312421,True,1,2,lot,9,+1000sqft,5749.0,6749.0
59,11312006,11312421,True,1,2,lot,10,+1100sqft,5749.0,6849.0
59,11312006,11312421,True,1,2,lot,11,+1200sqft,5749.0,6949.0
59,11312006,11312421,True,1,2,lot,12,+1300sqft,5749.0,7049.0
59,11312006,11312421,True,1,2,lot,13,+1400sqft,5749.0,7149.0
59,11312006,11312421,True,1,2,lot,14,+1500sqft,5749.0,7249.0
59,11312006,11312421,True,1,2,lot,15,+1600sqft,5749.0,7349.0
59,11312006,11312421,True,1,2,lot,16,+1700sqft,5749.0,7449.0
59,11312006,11312421,True,1,2,lot,17,+1800sqft,5749.0,7549.0
59,11312006,11312421,True,1,2,lot,18,+1900sqft,5749.0,7649.0
59,11312006,11312421,True,1,2,lot,19,+2000sqft,5749.0,7749.0
59,11312006,11312421,True,1,2,lot,20,+2100sqft,5749.0,7849.0
59,11312006,11312421,True,1,2,lot,21,+2200sqft,5749.0,7949.0
59,11312006,11312421,True,1,2,lot,22,+2300sqft,5749.0,8049.0
59,11312006,11312421,True,1,2,lot,23,+2400sqft,5749.0,8149.0
59,11312006,11312421,True,1,2,lot,24,+2500sqft,5749.0,8249.0
59,11312006,11312421,True,1,2,lot,25,+2600sqft,5749.0,8349.0
59,11312006,11312421,True,1,2,lot,26,+2700sqft,5749.0,8449.0
59,11312006,11312421,True,1,2,lot,27,+2800sqft,5749.0,8549.0
59,11312006,11312421,True,1,2,lot,28,+2900sqft,5749.0,8649.0
59,11312006,11312421,True,1,2,lot,29,+3000sqft,5749.0,8749.0
59,11312006,11312421,True,1,2,lot,30,+3100sqft,5749.0,8849.0
59,11312006,11312421,True,1,2,lot,31,+3200sqft,5749.0,8949.0
59,11312006,11312421,True,1,2,lot,32,+3300sqft,5749.0,9049.0
59,11312006,11312421,True,1,2,lot,33,+3400sqft,5749.0,9149.0
59,11312006,11312421,True,1,2,lot,34,+3500sqft,5749.0,9249.0
59,11312006,11312421,True,1,2,lot,35,+3600sqft,5749.0,9349.0
59,11312006,11312421,True,1,2,lot,36,+3700sqft,5749.0,9449.0
59,11312006,11312421,True,1,2,lot,37,+3800sqft,5749.0,9549.0
59,11312006,11312421,True,1,2,lot,38,+3900sqft,5749.0,9649.0
59,11312006,11312421,True,1,2,lot,39,+4000sqft,5749.0,9749.0
59,11312006,11312421,True,1,2,lot,40,+4100sqft,5749.0,9849.0
59,11312006,11312421,True,1,2,lot,41,+4200sqft,5749.0,9949.0
59,11312006,11312421,True,1,2,lot,42,+4300sqft,5749.0,10049.0
59,11312006,11312421,True,1,2,lot,43,+4400sqft,5749.0,10149.0
59,11312006,11312421,True,1,2,lot,44,+4500sqft,5749.0,10249.0
59,11312006,11312421,True,1,2,lot,45,+4600sqft,5749.0,10349.0
59,11312006,11312421,True,1,2,lot,46,+4700sqft,5749.0,10449.0
59,11312006,11312421,True,1,2,lot,47,+4800sqft,5749.0,10549.0
59,11312006,11312421,True,1,2,lot,48,+4900sqft,5749.0,10649.0
59,11312006,11312421,True,1,2,lot,49,+5000sqft,5749.0,10749.0
60,11326093,11369430,True,1,2,bedrooms,0,+1,2.0,3.0
60,11326093,11369430,True,1,2,bedrooms,1,+2,2.0,4.0
60,11326093,11369430,True,1,2,bedrooms,2,+3,2.0,5.0
60,11326093,11369430,True,1,2,bedrooms,3,+4,2.0,6.0
60,11326093,11369430,True,1,2,bedrooms,4,+5,2.0,7.0
60,11326093,11369430,True,1,2,bedrooms,5,+6,2.0,8.0
60,11326093,11369430,True,1,2,bedrooms,6,+7,2.0,9.0
60,11326093,11369430,True,1,2,bedrooms,7,+8,2.0,10.0
60,11326093,11369430,True,1,2,bathrooms,0,+1,2.0,3.0
60,11326093,11369430,True,1,2,bathrooms,1,+2,2.0,4.0
60,11326093,11369430,True,1,2,bathrooms,2,+3,2.0,5.0
60,11326093,11369430,True,1,2,bathrooms,3,+4,2.0,6.0
60,11326093,11369430,True,1,2,bathrooms,4,+5,2.0,7.0
60,11326093,11369430,True,1,2,bathrooms,5,+6,2.0,8.0
60,11326093,11369430,True,1,2,bathrooms,6,+7,2.0,9.0
60,11326093,11369430,True,1,2,bathrooms,7,+8,2.0,10.0
60,11326093,11369430,True,1,2,yearBuilt,0,+2yr,1959.0,1961.0
60,11326093,11369430,True,1,2,yearBuilt,1,+4yr,1959.0,1963.0
60,11326093,11369430,True,1,2,yearBuilt,2,+6yr,1959.0,1965.0
60,11326093,11369430,True,1,2,yearBuilt,3,+8yr,1959.0,1967.0
60,11326093,11369430,True,1,2,yearBuilt,4,+10yr,1959.0,1969.0
60,11326093,11369430,True,1,2,yearBuilt,5,+12yr,1959.0,1971.0
60,11326093,11369430,True,1,2,yearBuilt,6,+14yr,1959.0,1973.0
60,11326093,11369430,True,1,2,yearBuilt,7,+16yr,1959.0,1975.0
60,11326093,11369430,True,1,2,yearBuilt,8,+18yr,1959.0,1977.0
60,11326093,11369430,True,1,2,yearBuilt,9,+20yr,1959.0,1979.0
60,11326093,11369430,True,1,2,yearBuilt,10,+22yr,1959.0,1981.0
60,11326093,11369430,True,1,2,yearBuilt,11,+24yr,1959.0,1983.0
60,11326093,11369430,True,1,2,yearBuilt,12,+26yr,1959.0,1985.0
60,11326093,11369430,True,1,2,yearBuilt,13,+28yr,1959.0,1987.0
60,11326093,11369430,True,1,2,yearBuilt,14,+30yr,1959.0,1989.0
60,11326093,11369430,True,1,2,yearBuilt,15,+32yr,1959.0,1991.0
60,11326093,11369430,True,1,2,yearBuilt,16,+34yr,1959.0,1993.0
60,11326093,11369430,True,1,2,yearBuilt,17,+36yr,1959.0,1995.0
60,11326093,11369430,True,1,2,yearBuilt,18,+38yr,1959.0,1997.0
60,11326093,11369430,True,1,2,yearBuilt,19,+40yr,1959.0,1999.0
60,11326093,11369430,True,1,2,yearBuilt,20,+42yr,1959.0,2001.0
60,11326093,11369430,True,1,2,yearBuilt,21,+44yr,1959.0,2003.0
60,11326093,11369430,True,1,2,yearBuilt,22,+46yr,1959.0,2005.0
60,11326093,11369430,True,1,2,yearBuilt,23,+48yr,1959.0,2007.0
60,11326093,11369430,True,1,2,yearBuilt,24,+50yr,1959.0,2009.0
60,11326093,11369430,True,1,2,yearBuilt,25,+52yr,1959.0,2011.0
60,11326093,11369430,True,1,2,yearBuilt,26,+54yr,1959.0,2013.0
60,11326093,11369430,True,1,2,yearBuilt,27,+56yr,1959.0,2015.0
60,11326093,11369430,True,1,2,yearBuilt,28,+58yr,1959.0,2017.0
60,11326093,11369430,True,1,2,yearBuilt,29,+60yr,1959.0,2019.0
60,11326093,11369430,True,1,2,yearBuilt,30,+62yr,1959.0,2021.0
60,11326093,11369430,True,1,2,yearBuilt,31,+64yr,1959.0,2023.0
60,11326093,11369430,True,1,2,yearBuilt,32,+66yr,1959.0,2025.0
60,11326093,11369430,True,1,2,lot,0,+100sqft,7104.0,7204.0
60,11326093,11369430,True,1,2,lot,1,+200sqft,7104.0,7304.0
60,11326093,11369430,True,1,2,lot,2,+300sqft,7104.0,7404.0
60,11326093,11369430,True,1,2,lot,3,+400sqft,7104.0,7504.0
60,11326093,11369430,True,1,2,lot,4,+500sqft,7104.0,7604.0
60,11326093,11369430,True,1,2,lot,5,+600sqft,7104.0,7704.0
60,11326093,11369430,True,1,2,lot,6,+700sqft,7104.0,7804.0
60,11326093,11369430,True,1,2,lot,7,+800sqft,7104.0,7904.0
60,11326093,11369430,True,1,2,lot,8,+900sqft,7104.0,8004.0
60,11326093,11369430,True,1,2,lot,9,+1000sqft,7104.0,8104.0
60,11326093,11369430,True,1,2,lot,10,+1100sqft,7104.0,8204.0
60,11326093,11369430,True,1,2,lot,11,+1200sqft,7104.0,8304.0
60,11326093,11369430,True,1,2,lot,12,+1300sqft,7104.0,8404.0
60,11326093,11369430,True,1,2,lot,13,+1400sqft,7104.0,8504.0
60,11326093,11369430,True,1,2,lot,14,+1500sqft,7104.0,8604.0
60,11326093,11369430,True,1,2,lot,15,+1600sqft,7104.0,8704.0
60,11326093,11369430,True,1,2,lot,16,+1700sqft,7104.0,8804.0
60,11326093,11369430,True,1,2,lot,17,+1800sqft,7104.0,8904.0
60,11326093,11369430,True,1,2,lot,18,+1900sqft,7104.0,9004.0
60,11326093,11369430,True,1,2,lot,19,+2000sqft,7104.0,9104.0
60,11326093,11369430,True,1,2,lot,20,+2100sqft,7104.0,9204.0
60,11326093,11369430,True,1,2,lot,21,+2200sqft,7104.0,9304.0
60,11326093,11369430,True,1,2,lot,22,+2300sqft,7104.0,9404.0
60,11326093,11369430,True,1,2,lot,23,+2400sqft,7104.0,9504.0
60,11326093,11369430,True,1,2,lot,24,+2500sqft,7104.0,9604.0
60,11326093,11369430,True,1,2,lot,25,+2600sqft,7104.0,9704.0
60,11326093,11369430,True,1,2,lot,26,+2700sqft,7104.0,9804.0
60,11326093,11369430,True,1,2,lot,27,+2800sqft,7104.0,9904.0
60,11326093,11369430,True,1,2,lot,28,+2900sqft,7104.0,10004.0
60,11326093,11369430,True,1,2,lot,29,+3000sqft,7104.0,10104.0
60,11326093,11369430,True,1,2,lot,30,+3100sqft,7104.0,10204.0
60,11326093,11369430,True,1,2,lot,31,+3200sqft,7104.0,10304.0
60,11326093,11369430,True,1,2,lot,32,+3300sqft,7104.0,10404.0
60,11326093,11369430,True,1,2,lot,33,+3400sqft,7104.0,10504.0
60,11326093,11369430,True,1,2,lot,34,+3500sqft,7104.0,10604.0
60,11326093,11369430,True,1,2,lot,35,+3600sqft,7104.0,10704.0
60,11326093,11369430,True,1,2,lot,36,+3700sqft,7104.0,10804.0
60,11326093,11369430,True,1,2,lot,37,+3800sqft,7104.0,10904.0
60,11326093,11369430,True,1,2,lot,38,+3900sqft,7104.0,11004.0
60,11326093,11369430,True,1,2,lot,39,+4000sqft,7104.0,11104.0
60,11326093,11369430,True,1,2,lot,40,+4100sqft,7104.0,11204.0
60,11326093,11369430,True,1,2,lot,41,+4200sqft,7104.0,11304.0
60,11326093,11369430,True,1,2,lot,42,+4300sqft,7104.0,11404.0
60,11326093,11369430,True,1,2,lot,43,+4400sqft,7104.0,11504.0
60,11326093,11369430,True,1,2,lot,44,+4500sqft,7104.0,11604.0
60,11326093,11369430,True,1,2,lot,45,+4600sqft,7104.0,11704.0
60,11326093,11369430,True,1,2,lot,46,+4700sqft,7104.0,11804.0
60,11326093,11369430,True,1,2,lot,47,+4800sqft,7104.0,11904.0
60,11326093,11369430,True,1,2,lot,48,+4900sqft,7104.0,12004.0
60,11326093,11369430,True,1,2,lot,49,+5000sqft,7104.0,12104.0
61,11361895,11399030,False,2,1,bedrooms,0,+1,3.0,4.0
61,11361895,11399030,False,2,1,bedrooms,1,+2,3.0,5.0
61,11361895,11399030,False,2,1,bedrooms,2,+3,3.0,6.0
61,11361895,11399030,False,2,1,bedrooms,3,+4,3.0,7.0
61,11361895,11399030,False,2,1,bedrooms,4,+5,3.0,8.0
61,11361895,11399030,False,2,1,bedrooms,5,+6,3.0,9.0
61,11361895,11399030,False,2,1,bedrooms,6,+7,3.0,10.0
61,11361895,11399030,False,2,1,bathrooms,0,+1,1.0,2.0
61,11361895,11399030,False,2,1,bathrooms,1,+2,1.0,3.0
61,11361895,11399030,False,2,1,bathrooms,2,+3,1.0,4.0
61,11361895,11399030,False,2,1,bathrooms,3,+4,1.0,5.0
61,11361895,11399030,False,2,1,bathrooms,4,+5,1.0,6.0
61,11361895,11399030,False,2,1,bathrooms,5,+6,1.0,7.0
61,11361895,11399030,False,2,1,bathrooms,6,+7,1.0,8.0
61,11361895,11399030,False,2,1,bathrooms,7,+8,1.0,9.0
61,11361895,11399030,False,2,1,bathrooms,8,+9,1.0,10.0
61,11361895,11399030,False,2,1,yearBuilt,0,+2yr,1948.0,1950.0
61,11361895,11399030,False,2,1,yearBuilt,1,+4yr,1948.0,1952.0
61,11361895,11399030,False,2,1,yearBuilt,2,+6yr,1948.0,1954.0
61,11361895,11399030,False,2,1,yearBuilt,3,+8yr,1948.0,1956.0
61,11361895,11399030,False,2,1,yearBuilt,4,+10yr,1948.0,1958.0
61,11361895,11399030,False,2,1,yearBuilt,5,+12yr,1948.0,1960.0
61,11361895,11399030,False,2,1,yearBuilt,6,+14yr,1948.0,1962.0
61,11361895,11399030,False,2,1,yearBuilt,7,+16yr,1948.0,1964.0
61,11361895,11399030,False,2,1,yearBuilt,8,+18yr,1948.0,1966.0
61,11361895,11399030,False,2,1,yearBuilt,9,+20yr,1948.0,1968.0
61,11361895,11399030,False,2,1,yearBuilt,10,+22yr,1948.0,1970.0
61,11361895,11399030,False,2,1,yearBuilt,11,+24yr,1948.0,1972.0
61,11361895,11399030,False,2,1,yearBuilt,12,+26yr,1948.0,1974.0
61,11361895,11399030,False,2,1,yearBuilt,13,+28yr,1948.0,1976.0
61,11361895,11399030,False,2,1,yearBuilt,14,+30yr,1948.0,1978.0
61,11361895,11399030,False,2,1,yearBuilt,15,+32yr,1948.0,1980.0
61,11361895,11399030,False,2,1,yearBuilt,16,+34yr,1948.0,1982.0
61,11361895,11399030,False,2,1,yearBuilt,17,+36yr,1948.0,1984.0
61,11361895,11399030,False,2,1,yearBuilt,18,+38yr,1948.0,1986.0
61,11361895,11399030,False,2,1,yearBuilt,19,+40yr,1948.0,1988.0
61,11361895,11399030,False,2,1,yearBuilt,20,+42yr,1948.0,1990.0
61,11361895,11399030,False,2,1,yearBuilt,21,+44yr,1948.0,1992.0
61,11361895,11399030,False,2,1,yearBuilt,22,+46yr,1948.0,1994.0
61,11361895,11399030,False,2,1,yearBuilt,23,+48yr,1948.0,1996.0
61,11361895,11399030,False,2,1,yearBuilt,24,+50yr,1948.0,1998.0
61,11361895,11399030,False,2,1,yearBuilt,25,+52yr,1948.0,2000.0
61,11361895,11399030,False,2,1,yearBuilt,26,+54yr,1948.0,2002.0
61,11361895,11399030,False,2,1,yearBuilt,27,+56yr,1948.0,2004.0
61,11361895,11399030,False,2,1,yearBuilt,28,+58yr,1948.0,2006.0
61,11361895,11399030,False,2,1,yearBuilt,29,+60yr,1948.0,2008.0
61,11361895,11399030,False,2,1,yearBuilt,30,+62yr,1948.0,2010.0
61,11361895,11399030,False,2,1,yearBuilt,31,+64yr,1948.0,2012.0
61,11361895,11399030,False,2,1,yearBuilt,32,+66yr,1948.0,2014.0
61,11361895,11399030,False,2,1,yearBuilt,33,+68yr,1948.0,2016.0
61,11361895,11399030,False,2,1,yearBuilt,34,+70yr,1948.0,2018.0
61,11361895,11399030,False,2,1,yearBuilt,35,+72yr,1948.0,2020.0
61,11361895,11399030,False,2,1,yearBuilt,36,+74yr,1948.0,2022.0
61,11361895,11399030,False,2,1,yearBuilt,37,+76yr,1948.0,2024.0
61,11361895,11399030,False,2,1,lot,0,+100sqft,6000.0,6100.0
61,11361895,11399030,False,2,1,lot,1,+200sqft,6000.0,6200.0
61,11361895,11399030,False,2,1,lot,2,+300sqft,6000.0,6300.0
61,11361895,11399030,False,2,1,lot,3,+400sqft,6000.0,6400.0
61,11361895,11399030,False,2,1,lot,4,+500sqft,6000.0,6500.0
61,11361895,11399030,False,2,1,lot,5,+600sqft,6000.0,6600.0
61,11361895,11399030,False,2,1,lot,6,+700sqft,6000.0,6700.0
61,11361895,11399030,False,2,1,lot,7,+800sqft,6000.0,6800.0
61,11361895,11399030,False,2,1,lot,8,+900sqft,6000.0,6900.0
61,11361895,11399030,False,2,1,lot,9,+1000sqft,6000.0,7000.0
61,11361895,11399030,False,2,1,lot,10,+1100sqft,6000.0,7100.0
61,11361895,11399030,False,2,1,lot,11,+1200sqft,6000.0,7200.0
61,11361895,11399030,False,2,1,lot,12,+1300sqft,6000.0,7300.0
61,11361895,11399030,False,2,1,lot,13,+1400sqft,6000.0,7400.0
61,11361895,11399030,False,2,1,lot,14,+1500sqft,6000.0,7500.0
61,11361895,11399030,False,2,1,lot,15,+1600sqft,6000.0,7600.0
61,11361895,11399030,False,2,1,lot,16,+1700sqft,6000.0,7700.0
61,11361895,11399030,False,2,1,lot,17,+1800sqft,6000.0,7800.0
61,11361895,11399030,False,2,1,lot,18,+1900sqft,6000.0,7900.0
61,11361895,11399030,False,2,1,lot,19,+2000sqft,6000.0,8000.0
61,11361895,11399030,False,2,1,lot,20,+2100sqft,6000.0,8100.0
61,11361895,11399030,False,2,1,lot,21,+2200sqft,6000.0,8200.0
61,11361895,11399030,False,2,1,lot,22,+2300sqft,6000.0,8300.0
61,11361895,11399030,False,2,1,lot,23,+2400sqft,6000.0,8400.0
61,11361895,11399030,False,2,1,lot,24,+2500sqft,6000.0,8500.0
61,11361895,11399030,False,2,1,lot,25,+2600sqft,6000.0,8600.0
61,11361895,11399030,False,2,1,lot,26,+2700sqft,6000.0,8700.0
61,11361895,11399030,False,2,1,lot,27,+2800sqft,6000.0,8800.0
61,11361895,11399030,False,2,1,lot,28,+2900sqft,6000.0,8900.0
61,11361895,11399030,False,2,1,lot,29,+3000sqft,6000.0,9000.0
61,11361895,11399030,False,2,1,lot,30,+3100sqft,6000.0,9100.0
61,11361895,11399030,False,2,1,lot,31,+3200sqft,6000.0,9200.0
61,11361895,11399030,False,2,1,lot,32,+3300sqft,6000.0,9300.0
61,11361895,11399030,False,2,1,lot,33,+3400sqft,6000.0,9400.0
61,11361895,11399030,False,2,1,lot,34,+3500sqft,6000.0,9500.0
61,11361895,11399030,False,2,1,lot,35,+3600sqft,6000.0,9600.0
61,11361895,11399030,False,2,1,lot,36,+3700sqft,6000.0,9700.0
61,11361895,11399030,False,2,1,lot,37,+3800sqft,6000.0,9800.0
61,11361895,11399030,False,2,1,lot,38,+3900sqft,6000.0,9900.0
61,11361895,11399030,False,2,1,lot,39,+4000sqft,6000.0,10000.0
61,11361895,11399030,False,2,1,lot,40,+4100sqft,6000.0,10100.0
61,11361895,11399030,False,2,1,lot,41,+4200sqft,6000.0,10200.0
61,11361895,11399030,False,2,1,lot,42,+4300sqft,6000.0,10300.0
61,11361895,11399030,False,2,1,lot,43,+4400sqft,6000.0,10400.0
61,11361895,11399030,False,2,1,lot,44,+4500sqft,6000.0,10500.0
61,11361895,11399030,False,2,1,lot,45,+4600sqft,6000.0,10600.0
61,11361895,11399030,False,2,1,lot,46,+4700sqft,6000.0,10700.0
61,11361895,11399030,False,2,1,lot,47,+4800sqft,6000.0,10800.0
61,11361895,11399030,False,2,1,lot,48,+4900sqft,6000.0,10900.0
61,11361895,11399030,False,2,1,lot,49,+5000sqft,6000.0,11000.0
62,11567668,11569017,True,1,2,bedrooms,0,+1,4.0,5.0
62,11567668,11569017,True,1,2,bedrooms,1,+2,4.0,6.0
62,11567668,11569017,True,1,2,bedrooms,2,+3,4.0,7.0
62,11567668,11569017,True,1,2,bedrooms,3,+4,4.0,8.0
62,11567668,11569017,True,1,2,bedrooms,4,+5,4.0,9.0
62,11567668,11569017,True,1,2,bedrooms,5,+6,4.0,10.0
62,11567668,11569017,True,1,2,bathrooms,0,+1,1.0,2.0
62,11567668,11569017,True,1,2,bathrooms,1,+2,1.0,3.0
62,11567668,11569017,True,1,2,bathrooms,2,+3,1.0,4.0
62,11567668,11569017,True,1,2,bathrooms,3,+4,1.0,5.0
62,11567668,11569017,True,1,2,bathrooms,4,+5,1.0,6.0
62,11567668,11569017,True,1,2,bathrooms,5,+6,1.0,7.0
62,11567668,11569017,True,1,2,bathrooms,6,+7,1.0,8.0
62,11567668,11569017,True,1,2,bathrooms,7,+8,1.0,9.0
62,11567668,11569017,True,1,2,bathrooms,8,+9,1.0,10.0
62,11567668,11569017,True,1,2,yearBuilt,0,+2yr,1977.0,1979.0
62,11567668,11569017,True,1,2,yearBuilt,1,+4yr,1977.0,1981.0
62,11567668,11569017,True,1,2,yearBuilt,2,+6yr,1977.0,1983.0
62,11567668,11569017,True,1,2,yearBuilt,3,+8yr,1977.0,1985.0
62,11567668,11569017,True,1,2,yearBuilt,4,+10yr,1977.0,1987.0
62,11567668,11569017,True,1,2,yearBuilt,5,+12yr,1977.0,1989.0
62,11567668,11569017,True,1,2,yearBuilt,6,+14yr,1977.0,1991.0
62,11567668,11569017,True,1,2,yearBuilt,7,+16yr,1977.0,1993.0
62,11567668,11569017,True,1,2,yearBuilt,8,+18yr,1977.0,1995.0
62,11567668,11569017,True,1,2,yearBuilt,9,+20yr,1977.0,1997.0
62,11567668,11569017,True,1,2,yearBuilt,10,+22yr,1977.0,1999.0
62,11567668,11569017,True,1,2,yearBuilt,11,+24yr,1977.0,2001.0
62,11567668,11569017,True,1,2,yearBuilt,12,+26yr,1977.0,2003.0
62,11567668,11569017,True,1,2,yearBuilt,13,+28yr,1977.0,2005.0
62,11567668,11569017,True,1,2,yearBuilt,14,+30yr,1977.0,2007.0
62,11567668,11569017,True,1,2,yearBuilt,15,+32yr,1977.0,2009.0
62,11567668,11569017,True,1,2,yearBuilt,16,+34yr,1977.0,2011.0
62,11567668,11569017,True,1,2,yearBuilt,17,+36yr,1977.0,2013.0
62,11567668,11569017,True,1,2,yearBuilt,18,+38yr,1977.0,2015.0
62,11567668,11569017,True,1,2,yearBuilt,19,+40yr,1977.0,2017.0
62,11567668,11569017,True,1,2,yearBuilt,20,+42yr,1977.0,2019.0
62,11567668,11569017,True,1,2,yearBuilt,21,+44yr,1977.0,2021.0
62,11567668,11569017,True,1,2,yearBuilt,22,+46yr,1977.0,2023.0
62,11567668,11569017,True,1,2,yearBuilt,23,+48yr,1977.0,2025.0
62,11567668,11569017,True,1,2,lot,0,+100sqft,5100.0,5200.0
62,11567668,11569017,True,1,2,lot,1,+200sqft,5100.0,5300.0
62,11567668,11569017,True,1,2,lot,2,+300sqft,5100.0,5400.0
62,11567668,11569017,True,1,2,lot,3,+400sqft,5100.0,5500.0
62,11567668,11569017,True,1,2,lot,4,+500sqft,5100.0,5600.0
62,11567668,11569017,True,1,2,lot,5,+600sqft,5100.0,5700.0
62,11567668,11569017,True,1,2,lot,6,+700sqft,5100.0,5800.0
62,11567668,11569017,True,1,2,lot,7,+800sqft,5100.0,5900.0
62,11567668,11569017,True,1,2,lot,8,+900sqft,5100.0,6000.0
62,11567668,11569017,True,1,2,lot,9,+1000sqft,5100.0,6100.0
62,11567668,11569017,True,1,2,lot,10,+1100sqft,5100.0,6200.0
62,11567668,11569017,True,1,2,lot,11,+1200sqft,5100.0,6300.0
62,11567668,11569017,True,1,2,lot,12,+1300sqft,5100.0,6400.0
62,11567668,11569017,True,1,2,lot,13,+1400sqft,5100.0,6500.0
62,11567668,11569017,True,1,2,lot,14,+1500sqft,5100.0,6600.0
62,11567668,11569017,True,1,2,lot,15,+1600sqft,5100.0,6700.0
62,11567668,11569017,True,1,2,lot,16,+1700sqft,5100.0,6800.0
62,11567668,11569017,True,1,2,lot,17,+1800sqft,5100.0,6900.0
62,11567668,11569017,True,1,2,lot,18,+1900sqft,5100.0,7000.0
62,11567668,11569017,True,1,2,lot,19,+2000sqft,5100.0,7100.0
62,11567668,11569017,True,1,2,lot,20,+2100sqft,5100.0,7200.0
62,11567668,11569017,True,1,2,lot,21,+2200sqft,5100.0,7300.0
62,11567668,11569017,True,1,2,lot,22,+2300sqft,5100.0,7400.0
62,11567668,11569017,True,1,2,lot,23,+2400sqft,5100.0,7500.0
62,11567668,11569017,True,1,2,lot,24,+2500sqft,5100.0,7600.0
62,11567668,11569017,True,1,2,lot,25,+2600sqft,5100.0,7700.0
62,11567668,11569017,True,1,2,lot,26,+2700sqft,5100.0,7800.0
62,11567668,11569017,True,1,2,lot,27,+2800sqft,5100.0,7900.0
62,11567668,11569017,True,1,2,lot,28,+2900sqft,5100.0,8000.0
62,11567668,11569017,True,1,2,lot,29,+3000sqft,5100.0,8100.0
62,11567668,11569017,True,1,2,lot,30,+3100sqft,5100.0,8200.0
62,11567668,11569017,True,1,2,lot,31,+3200sqft,5100.0,8300.0
62,11567668,11569017,True,1,2,lot,32,+3300sqft,5100.0,8400.0
62,11567668,11569017,True,1,2,lot,33,+3400sqft,5100.0,8500.0
62,11567668,11569017,True,1,2,lot,34,+3500sqft,5100.0,8600.0
62,11567668,11569017,True,1,2,lot,35,+3600sqft,5100.0,8700.0
62,11567668,11569017,True,1,2,lot,36,+3700sqft,5100.0,8800.0
62,11567668,11569017,True,1,2,lot,37,+3800sqft,5100.0,8900.0
62,11567668,11569017,True,1,2,lot,38,+3900sqft,5100.0,9000.0
62,11567668,11569017,True,1,2,lot,39,+4000sqft,5100.0,9100.0
62,11567668,11569017,True,1,2,lot,40,+4100sqft,5100.0,9200.0
62,11567668,11569017,True,1,2,lot,41,+4200sqft,5100.0,9300.0
62,11567668,11569017,True,1,2,lot,42,+4300sqft,5100.0,9400.0
62,11567668,11569017,True,1,2,lot,43,+4400sqft,5100.0,9500.0
62,11567668,11569017,True,1,2,lot,44,+4500sqft,5100.0,9600.0
62,11567668,11569017,True,1,2,lot,45,+4600sqft,5100.0,9700.0
62,11567668,11569017,True,1,2,lot,46,+4700sqft,5100.0,9800.0
62,11567668,11569017,True,1,2,lot,47,+4800sqft,5100.0,9900.0
62,11567668,11569017,True,1,2,lot,48,+4900sqft,5100.0,10000.0
62,11567668,11569017,True,1,2,lot,49,+5000sqft,5100.0,10100.0
63,11546969,59837033,False,1,2,bedrooms,0,+1,2.0,3.0
63,11546969,59837033,False,1,2,bedrooms,1,+2,2.0,4.0
63,11546969,59837033,False,1,2,bedrooms,2,+3,2.0,5.0
63,11546969,59837033,False,1,2,bedrooms,3,+4,2.0,6.0
63,11546969,59837033,False,1,2,bedrooms,4,+5,2.0,7.0
63,11546969,59837033,False,1,2,bedrooms,5,+6,2.0,8.0
63,11546969,59837033,False,1,2,bedrooms,6,+7,2.0,9.0
63,11546969,59837033,False,1,2,bedrooms,7,+8,2.0,10.0
63,11546969,59837033,False,1,2,bathrooms,0,+1,3.0,4.0
63,11546969,59837033,False,1,2,bathrooms,1,+2,3.0,5.0
63,11546969,59837033,False,1,2,bathrooms,2,+3,3.0,6.0
63,11546969,59837033,False,1,2,bathrooms,3,+4,3.0,7.0
63,11546969,59837033,False,1,2,bathrooms,4,+5,3.0,8.0
63,11546969,59837033,False,1,2,bathrooms,5,+6,3.0,9.0
63,11546969,59837033,False,1,2,bathrooms,6,+7,3.0,10.0
63,11546969,59837033,False,1,2,yearBuilt,0,+2yr,2002.0,2004.0
63,11546969,59837033,False,1,2,yearBuilt,1,+4yr,2002.0,2006.0
63,11546969,59837033,False,1,2,yearBuilt,2,+6yr,2002.0,2008.0
63,11546969,59837033,False,1,2,yearBuilt,3,+8yr,2002.0,2010.0
63,11546969,59837033,False,1,2,yearBuilt,4,+10yr,2002.0,2012.0
63,11546969,59837033,False,1,2,yearBuilt,5,+12yr,2002.0,2014.0
63,11546969,59837033,False,1,2,yearBuilt,6,+14yr,2002.0,2016.0
63,11546969,59837033,False,1,2,yearBuilt,7,+16yr,2002.0,2018.0
63,11546969,59837033,False,1,2,yearBuilt,8,+18yr,2002.0,2020.0
63,11546969,59837033,False,1,2,yearBuilt,9,+20yr,2002.0,2022.0
63,11546969,59837033,False,1,2,yearBuilt,10,+22yr,2002.0,2024.0
63,11546969,59837033,False,1,2,lot,0,+100sqft,1306.0,1406.0
63,11546969,59837033,False,1,2,lot,1,+200sqft,1306.0,1506.0
63,11546969,59837033,False,1,2,lot,2,+300sqft,1306.0,1606.0
63,11546969,59837033,False,1,2,lot,3,+400sqft,1306.0,1706.0
63,11546969,59837033,False,1,2,lot,4,+500sqft,1306.0,1806.0
63,11546969,59837033,False,1,2,lot,5,+600sqft,1306.0,1906.0
63,11546969,59837033,False,1,2,lot,6,+700sqft,1306.0,2006.0
63,11546969,59837033,False,1,2,lot,7,+800sqft,1306.0,2106.0
63,11546969,59837033,False,1,2,lot,8,+900sqft,1306.0,2206.0
63,11546969,59837033,False,1,2,lot,9,+1000sqft,1306.0,2306.0
63,11546969,59837033,False,1,2,lot,10,+1100sqft,1306.0,2406.0
63,11546969,59837033,False,1,2,lot,11,+1200sqft,1306.0,2506.0
63,11546969,59837033,False,1,2,lot,12,+1300sqft,1306.0,2606.0
63,11546969,59837033,False,1,2,lot,13,+1400sqft,1306.0,2706.0
63,11546969,59837033,False,1,2,lot,14,+1500sqft,1306.0,2806.0
63,11546969,59837033,False,1,2,lot,15,+1600sqft,1306.0,2906.0
63,11546969,59837033,False,1,2,lot,16,+1700sqft,1306.0,3006.0
63,11546969,59837033,False,1,2,lot,17,+1800sqft,1306.0,3106.0
63,11546969,59837033,False,1,2,lot,18,+1900sqft,1306.0,3206.0
63,11546969,59837033,False,1,2,lot,19,+2000sqft,1306.0,3306.0
63,11546969,59837033,False,1,2,lot,20,+2100sqft,1306.0,3406.0
63,11546969,59837033,False,1,2,lot,21,+2200sqft,1306.0,3506.0
63,11546969,59837033,False,1,2,lot,22,+2300sqft,1306.0,3606.0
63,11546969,59837033,False,1,2,lot,23,+2400sqft,1306.0,3706.0
63,11546969,59837033,False,1,2,lot,24,+2500sqft,1306.0,3806.0
63,11546969,59837033,False,1,2,lot,25,+2600sqft,1306.0,3906.0
63,11546969,59837033,False,1,2,lot,26,+2700sqft,1306.0,4006.0
63,11546969,59837033,False,1,2,lot,27,+2800sqft,1306.0,4106.0
63,11546969,59837033,False,1,2,lot,28,+2900sqft,1306.0,4206.0
63,11546969,59837033,False,1,2,lot,29,+3000sqft,1306.0,4306.0
63,11546969,59837033,False,1,2,lot,30,+3100sqft,1306.0,4406.0
63,11546969,59837033,False,1,2,lot,31,+3200sqft,1306.0,4506.0
63,11546969,59837033,False,1,2,lot,32,+3300sqft,1306.0,4606.0
63,11546969,59837033,False,1,2,lot,33,+3400sqft,1306.0,4706.0
63,11546969,59837033,False,1,2,lot,34,+3500sqft,1306.0,4806.0
63,11546969,59837033,False,1,2,lot,35,+3600sqft,1306.0,4906.0
63,11546969,59837033,False,1,2,lot,36,+3700sqft,1306.0,5006.0
63,11546969,59837033,False,1,2,lot,37,+3800sqft,1306.0,5106.0
63,11546969,59837033,False,1,2,lot,38,+3900sqft,1306.0,5206.0
63,11546969,59837033,False,1,2,lot,39,+4000sqft,1306.0,5306.0
63,11546969,59837033,False,1,2,lot,40,+4100sqft,1306.0,5406.0
63,11546969,59837033,False,1,2,lot,41,+4200sqft,1306.0,5506.0
63,11546969,59837033,False,1,2,lot,42,+4300sqft,1306.0,5606.0
63,11546969,59837033,False,1,2,lot,43,+4400sqft,1306.0,5706.0
63,11546969,59837033,False,1,2,lot,44,+4500sqft,1306.0,5806.0
63,11546969,59837033,False,1,2,lot,45,+4600sqft,1306.0,5906.0
63,11546969,59837033,False,1,2,lot,46,+4700sqft,1306.0,6006.0
63,11546969,59837033,False,1,2,lot,47,+4800sqft,1306.0,6106.0
63,11546969,59837033,False,1,2,lot,48,+4900sqft,1306.0,6206.0
63,11546969,59837033,False,1,2,lot,49,+5000sqft,1306.0,6306.0
64,11454560,11456336,False,1,2,bedrooms,0,+1,2.0,3.0
64,11454560,11456336,False,1,2,bedrooms,1,+2,2.0,4.0
64,11454560,11456336,False,1,2,bedrooms,2,+3,2.0,5.0
64,11454560,11456336,False,1,2,bedrooms,3,+4,2.0,6.0
64,11454560,11456336,False,1,2,bedrooms,4,+5,2.0,7.0
64,11454560,11456336,False,1,2,bedrooms,5,+6,2.0,8.0
64,11454560,11456336,False,1,2,bedrooms,6,+7,2.0,9.0
64,11454560,11456336,False,1,2,bedrooms,7,+8,2.0,10.0
64,11454560,11456336,False,1,2,bathrooms,0,+1,2.0,3.0
64,11454560,11456336,False,1,2,bathrooms,1,+2,2.0,4.0
64,11454560,11456336,False,1,2,bathrooms,2,+3,2.0,5.0
64,11454560,11456336,False,1,2,bathrooms,3,+4,2.0,6.0
64,11454560,11456336,False,1,2,bathrooms,4,+5,2.0,7.0
64,11454560,11456336,False,1,2,bathrooms,5,+6,2.0,8.0
64,11454560,11456336,False,1,2,bathrooms,6,+7,2.0,9.0
64,11454560,11456336,False,1,2,bathrooms,7,+8,2.0,10.0
64,11454560,11456336,False,1,2,yearBuilt,0,+2yr,1953.0,1955.0
64,11454560,11456336,False,1,2,yearBuilt,1,+4yr,1953.0,1957.0
64,11454560,11456336,False,1,2,yearBuilt,2,+6yr,1953.0,1959.0
64,11454560,11456336,False,1,2,yearBuilt,3,+8yr,1953.0,1961.0
64,11454560,11456336,False,1,2,yearBuilt,4,+10yr,1953.0,1963.0
64,11454560,11456336,False,1,2,yearBuilt,5,+12yr,1953.0,1965.0
64,11454560,11456336,False,1,2,yearBuilt,6,+14yr,1953.0,1967.0
64,11454560,11456336,False,1,2,yearBuilt,7,+16yr,1953.0,1969.0
64,11454560,11456336,False,1,2,yearBuilt,8,+18yr,1953.0,1971.0
64,11454560,11456336,False,1,2,yearBuilt,9,+20yr,1953.0,1973.0
64,11454560,11456336,False,1,2,yearBuilt,10,+22yr,1953.0,1975.0
64,11454560,11456336,False,1,2,yearBuilt,11,+24yr,1953.0,1977.0
64,11454560,11456336,False,1,2,yearBuilt,12,+26yr,1953.0,1979.0
64,11454560,11456336,False,1,2,yearBuilt,13,+28yr,1953.0,1981.0
64,11454560,11456336,False,1,2,yearBuilt,14,+30yr,1953.0,1983.0
64,11454560,11456336,False,1,2,yearBuilt,15,+32yr,1953.0,1985.0
64,11454560,11456336,False,1,2,yearBuilt,16,+34yr,1953.0,1987.0
64,11454560,11456336,False,1,2,yearBuilt,17,+36yr,1953.0,1989.0
64,11454560,11456336,False,1,2,yearBuilt,18,+38yr,1953.0,1991.0
64,11454560,11456336,False,1,2,yearBuilt,19,+40yr,1953.0,1993.0
64,11454560,11456336,False,1,2,yearBuilt,20,+42yr,1953.0,1995.0
64,11454560,11456336,False,1,2,yearBuilt,21,+44yr,1953.0,1997.0
64,11454560,11456336,False,1,2,yearBuilt,22,+46yr,1953.0,1999.0
64,11454560,11456336,False,1,2,yearBuilt,23,+48yr,1953.0,2001.0
64,11454560,11456336,False,1,2,yearBuilt,24,+50yr,1953.0,2003.0
64,11454560,11456336,False,1,2,yearBuilt,25,+52yr,1953.0,2005.0
64,11454560,11456336,False,1,2,yearBuilt,26,+54yr,1953.0,2007.0
64,11454560,11456336,False,1,2,yearBuilt,27,+56yr,1953.0,2009.0
64,11454560,11456336,False,1,2,yearBuilt,28,+58yr,1953.0,2011.0
64,11454560,11456336,False,1,2,yearBuilt,29,+60yr,1953.0,2013.0
64,11454560,11456336,False,1,2,yearBuilt,30,+62yr,1953.0,2015.0
64,11454560,11456336,False,1,2,yearBuilt,31,+64yr,1953.0,2017.0
64,11454560,11456336,False,1,2,yearBuilt,32,+66yr,1953.0,2019.0
64,11454560,11456336,False,1,2,yearBuilt,33,+68yr,1953.0,2021.0
64,11454560,11456336,False,1,2,yearBuilt,34,+70yr,1953.0,2023.0
64,11454560,11456336,False,1,2,yearBuilt,35,+72yr,1953.0,2025.0
64,11454560,11456336,False,1,2,lot,0,+100sqft,4199.0,4299.0
64,11454560,11456336,False,1,2,lot,1,+200sqft,4199.0,4399.0
64,11454560,11456336,False,1,2,lot,2,+300sqft,4199.0,4499.0
64,11454560,11456336,False,1,2,lot,3,+400sqft,4199.0,4599.0
64,11454560,11456336,False,1,2,lot,4,+500sqft,4199.0,4699.0
64,11454560,11456336,False,1,2,lot,5,+600sqft,4199.0,4799.0
64,11454560,11456336,False,1,2,lot,6,+700sqft,4199.0,4899.0
64,11454560,11456336,False,1,2,lot,7,+800sqft,4199.0,4999.0
64,11454560,11456336,False,1,2,lot,8,+900sqft,4199.0,5099.0
64,11454560,11456336,False,1,2,lot,9,+1000sqft,4199.0,5199.0
64,11454560,11456336,False,1,2,lot,10,+1100sqft,4199.0,5299.0
64,11454560,11456336,False,1,2,lot,11,+1200sqft,4199.0,5399.0
64,11454560,11456336,False,1,2,lot,12,+1300sqft,4199.0,5499.0
64,11454560,11456336,False,1,2,lot,13,+1400sqft,4199.0,5599.0
64,11454560,11456336,False,1,2,lot,14,+1500sqft,4199.0,5699.0
64,11454560,11456336,False,1,2,lot,15,+1600sqft,4199.0,5799.0
64,11454560,11456336,False,1,2,lot,16,+1700sqft,4199.0,5899.0
64,11454560,11456336,False,1,2,lot,17,+1800sqft,4199.0,5999.0
64,11454560,11456336,False,1,2,lot,18,+1900sqft,4199.0,6099.0
64,11454560,11456336,False,1,2,lot,19,+2000sqft,4199.0,6199.0
64,11454560,11456336,False,1,2,lot,20,+2100sqft,4199.0,6299.0
64,11454560,11456336,False,1,2,lot,21,+2200sqft,4199.0,6399.0
64,11454560,11456336,False,1,2,lot,22,+2300sqft,4199.0,6499.0
64,11454560,11456336,False,1,2,lot,23,+2400sqft,4199.0,6599.0
64,11454560,11456336,False,1,2,lot,24,+2500sqft,4199.0,6699.0
64,11454560,11456336,False,1,2,lot,25,+2600sqft,4199.0,6799.0
64,11454560,11456336,False,1,2,lot,26,+2700sqft,4199.0,6899.0
64,11454560,11456336,False,1,2,lot,27,+2800sqft,4199.0,6999.0
64,11454560,11456336,False,1,2,lot,28,+2900sqft,4199.0,7099.0
64,11454560,11456336,False,1,2,lot,29,+3000sqft,4199.0,7199.0
64,11454560,11456336,False,1,2,lot,30,+3100sqft,4199.0,7299.0
64,11454560,11456336,False,1,2,lot,31,+3200sqft,4199.0,7399.0
64,11454560,11456336,False,1,2,lot,32,+3300sqft,4199.0,7499.0
64,11454560,11456336,False,1,2,lot,33,+3400sqft,4199.0,7599.0
64,11454560,11456336,False,1,2,lot,34,+3500sqft,4199.0,7699.0
64,11454560,11456336,False,1,2,lot,35,+3600sqft,4199.0,7799.0
64,11454560,11456336,False,1,2,lot,36,+3700sqft,4199.0,7899.0
64,11454560,11456336,False,1,2,lot,37,+3800sqft,4199.0,7999.0
64,11454560,11456336,False,1,2,lot,38,+3900sqft,4199.0,8099.0
64,11454560,11456336,False,1,2,lot,39,+4000sqft,4199.0,8199.0
64,11454560,11456336,False,1,2,lot,40,+4100sqft,4199.0,8299.0
64,11454560,11456336,False,1,2,lot,41,+4200sqft,4199.0,8399.0
64,11454560,11456336,False,1,2,lot,42,+4300sqft,4199.0,8499.0
64,11454560,11456336,False,1,2,lot,43,+4400sqft,4199.0,8599.0
64,11454560,11456336,False,1,2,lot,44,+4500sqft,4199.0,8699.0
64,11454560,11456336,False,1,2,lot,45,+4600sqft,4199.0,8799.0
64,11454560,11456336,False,1,2,lot,46,+4700sqft,4199.0,8899.0
64,11454560,11456336,False,1,2,lot,47,+4800sqft,4199.0,8999.0
64,11454560,11456336,False,1,2,lot,48,+4900sqft,4199.0,9099.0
64,11454560,11456336,False,1,2,lot,49,+5000sqft,4199.0,9199.0
65,11355250,11390795,False,1,2,bedrooms,0,+1,3.0,4.0
65,11355250,11390795,False,1,2,bedrooms,1,+2,3.0,5.0
65,11355250,11390795,False,1,2,bedrooms,2,+3,3.0,6.0
65,11355250,11390795,False,1,2,bedrooms,3,+4,3.0,7.0
65,11355250,11390795,False,1,2,bedrooms,4,+5,3.0,8.0
65,11355250,11390795,False,1,2,bedrooms,5,+6,3.0,9.0
65,11355250,11390795,False,1,2,bedrooms,6,+7,3.0,10.0
65,11355250,11390795,False,1,2,bathrooms,0,+1,3.0,4.0
65,11355250,11390795,False,1,2,bathrooms,1,+2,3.0,5.0
65,11355250,11390795,False,1,2,bathrooms,2,+3,3.0,6.0
65,11355250,11390795,False,1,2,bathrooms,3,+4,3.0,7.0
65,11355250,11390795,False,1,2,bathrooms,4,+5,3.0,8.0
65,11355250,11390795,False,1,2,bathrooms,5,+6,3.0,9.0
65,11355250,11390795,False,1,2,bathrooms,6,+7,3.0,10.0
65,11355250,11390795,False,1,2,yearBuilt,0,+2yr,1942.0,1944.0
65,11355250,11390795,False,1,2,yearBuilt,1,+4yr,1942.0,1946.0
65,11355250,11390795,False,1,2,yearBuilt,2,+6yr,1942.0,1948.0
65,11355250,11390795,False,1,2,yearBuilt,3,+8yr,1942.0,1950.0
65,11355250,11390795,False,1,2,yearBuilt,4,+10yr,1942.0,1952.0
65,11355250,11390795,False,1,2,yearBuilt,5,+12yr,1942.0,1954.0
65,11355250,11390795,False,1,2,yearBuilt,6,+14yr,1942.0,1956.0
65,11355250,11390795,False,1,2,yearBuilt,7,+16yr,1942.0,1958.0
65,11355250,11390795,False,1,2,yearBuilt,8,+18yr,1942.0,1960.0
65,11355250,11390795,False,1,2,yearBuilt,9,+20yr,1942.0,1962.0
65,11355250,11390795,False,1,2,yearBuilt,10,+22yr,1942.0,1964.0
65,11355250,11390795,False,1,2,yearBuilt,11,+24yr,1942.0,1966.0
65,11355250,11390795,False,1,2,yearBuilt,12,+26yr,1942.0,1968.0
65,11355250,11390795,False,1,2,yearBuilt,13,+28yr,1942.0,1970.0
65,11355250,11390795,False,1,2,yearBuilt,14,+30yr,1942.0,1972.0
65,11355250,11390795,False,1,2,yearBuilt,15,+32yr,1942.0,1974.0
65,11355250,11390795,False,1,2,yearBuilt,16,+34yr,1942.0,1976.0
65,11355250,11390795,False,1,2,yearBuilt,17,+36yr,1942.0,1978.0
65,11355250,11390795,False,1,2,yearBuilt,18,+38yr,1942.0,1980.0
65,11355250,11390795,False,1,2,yearBuilt,19,+40yr,1942.0,1982.0
65,11355250,11390795,False,1,2,yearBuilt,20,+42yr,1942.0,1984.0
65,11355250,11390795,False,1,2,yearBuilt,21,+44yr,1942.0,1986.0
65,11355250,11390795,False,1,2,yearBuilt,22,+46yr,1942.0,1988.0
65,11355250,11390795,False,1,2,yearBuilt,23,+48yr,1942.0,1990.0
65,11355250,11390795,False,1,2,yearBuilt,24,+50yr,1942.0,1992.0
65,11355250,11390795,False,1,2,yearBuilt,25,+52yr,1942.0,1994.0
65,11355250,11390795,False,1,2,yearBuilt,26,+54yr,1942.0,1996.0
65,11355250,11390795,False,1,2,yearBuilt,27,+56yr,1942.0,1998.0
65,11355250,11390795,False,1,2,yearBuilt,28,+58yr,1942.0,2000.0
65,11355250,11390795,False,1,2,yearBuilt,29,+60yr,1942.0,2002.0
65,11355250,11390795,False,1,2,yearBuilt,30,+62yr,1942.0,2004.0
65,11355250,11390795,False,1,2,yearBuilt,31,+64yr,1942.0,2006.0
65,11355250,11390795,False,1,2,yearBuilt,32,+66yr,1942.0,2008.0
65,11355250,11390795,False,1,2,yearBuilt,33,+68yr,1942.0,2010.0
65,11355250,11390795,False,1,2,yearBuilt,34,+70yr,1942.0,2012.0
65,11355250,11390795,False,1,2,yearBuilt,35,+72yr,1942.0,2014.0
65,11355250,11390795,False,1,2,yearBuilt,36,+74yr,1942.0,2016.0
65,11355250,11390795,False,1,2,yearBuilt,37,+76yr,1942.0,2018.0
65,11355250,11390795,False,1,2,yearBuilt,38,+78yr,1942.0,2020.0
65,11355250,11390795,False,1,2,yearBuilt,39,+80yr,1942.0,2022.0
65,11355250,11390795,False,1,2,yearBuilt,40,+82yr,1942.0,2024.0
65,11355250,11390795,False,1,2,lot,0,+100sqft,8141.0,8241.0
65,11355250,11390795,False,1,2,lot,1,+200sqft,8141.0,8341.0
65,11355250,11390795,False,1,2,lot,2,+300sqft,8141.0,8441.0
65,11355250,11390795,False,1,2,lot,3,+400sqft,8141.0,8541.0
65,11355250,11390795,False,1,2,lot,4,+500sqft,8141.0,8641.0
65,11355250,11390795,False,1,2,lot,5,+600sqft,8141.0,8741.0
65,11355250,11390795,False,1,2,lot,6,+700sqft,8141.0,8841.0
65,11355250,11390795,False,1,2,lot,7,+800sqft,8141.0,8941.0
65,11355250,11390795,False,1,2,lot,8,+900sqft,8141.0,9041.0
65,11355250,11390795,False,1,2,lot,9,+1000sqft,8141.0,9141.0
65,11355250,11390795,False,1,2,lot,10,+1100sqft,8141.0,9241.0
65,11355250,11390795,False,1,2,lot,11,+1200sqft,8141.0,9341.0
65,11355250,11390795,False,1,2,lot,12,+1300sqft,8141.0,9441.0
65,11355250,11390795,False,1,2,lot,13,+1400sqft,8141.0,9541.0
65,11355250,11390795,False,1,2,lot,14,+1500sqft,8141.0,9641.0
65,11355250,11390795,False,1,2,lot,15,+1600sqft,8141.0,9741.0
65,11355250,11390795,False,1,2,lot,16,+1700sqft,8141.0,9841.0
65,11355250,11390795,False,1,2,lot,17,+1800sqft,8141.0,9941.0
65,11355250,11390795,False,1,2,lot,18,+1900sqft,8141.0,10041.0
65,11355250,11390795,False,1,2,lot,19,+2000sqft,8141.0,10141.0
65,11355250,11390795,False,1,2,lot,20,+2100sqft,8141.0,10241.0
65,11355250,11390795,False,1,2,lot,21,+2200sqft,8141.0,10341.0
65,11355250,11390795,False,1,2,lot,22,+2300sqft,8141.0,10441.0
65,11355250,11390795,False,1,2,lot,23,+2400sqft,8141.0,10541.0
65,11355250,11390795,False,1,2,lot,24,+2500sqft,8141.0,10641.0
65,11355250,11390795,False,1,2,lot,25,+2600sqft,8141.0,10741.0
65,11355250,11390795,False,1,2,lot,26,+2700sqft,8141.0,10841.0
65,11355250,11390795,False,1,2,lot,27,+2800sqft,8141.0,10941.0
65,11355250,11390795,False,1,2,lot,28,+2900sqft,8141.0,11041.0
65,11355250,11390795,False,1,2,lot,29,+3000sqft,8141.0,11141.0
65,11355250,11390795,False,1,2,lot,30,+3100sqft,8141.0,11241.0
65,11355250,11390795,False,1,2,lot,31,+3200sqft,8141.0,11341.0
65,11355250,11390795,False,1,2,lot,32,+3300sqft,8141.0,11441.0
65,11355250,11390795,False,1,2,lot,33,+3400sqft,8141.0,11541.0
65,11355250,11390795,False,1,2,lot,34,+3500sqft,8141.0,11641.0
65,11355250,11390795,False,1,2,lot,35,+3600sqft,8141.0,11741.0
65,11355250,11390795,False,1,2,lot,36,+3700sqft,8141.0,11841.0
65,11355250,11390795,False,1,2,lot,37,+3800sqft,8141.0,11941.0
65,11355250,11390795,False,1,2,lot,38,+3900sqft,8141.0,12041.0
65,11355250,11390795,False,1,2,lot,39,+4000sqft,8141.0,12141.0
65,11355250,11390795,False,1,2,lot,40,+4100sqft,8141.0,12241.0
65,11355250,11390795,False,1,2,lot,41,+4200sqft,8141.0,12341.0
65,11355250,11390795,False,1,2,lot,42,+4300sqft,8141.0,12441.0
65,11355250,11390795,False,1,2,lot,43,+4400sqft,8141.0,12541.0
65,11355250,11390795,False,1,2,lot,44,+4500sqft,8141.0,12641.0
65,11355250,11390795,False,1,2,lot,45,+4600sqft,8141.0,12741.0
65,11355250,11390795,False,1,2,lot,46,+4700sqft,8141.0,12841.0
65,11355250,11390795,False,1,2,lot,47,+4800sqft,8141.0,12941.0
65,11355250,11390795,False,1,2,lot,48,+4900sqft,8141.0,13041.0
65,11355250,11390795,False,1,2,lot,49,+5000sqft,8141.0,13141.0
66,11309985,11398032,False,1,2,bedrooms,0,+1,3.0,4.0
66,11309985,11398032,False,1,2,bedrooms,1,+2,3.0,5.0
66,11309985,11398032,False,1,2,bedrooms,2,+3,3.0,6.0
66,11309985,11398032,False,1,2,bedrooms,3,+4,3.0,7.0
66,11309985,11398032,False,1,2,bedrooms,4,+5,3.0,8.0
66,11309985,11398032,False,1,2,bedrooms,5,+6,3.0,9.0
66,11309985,11398032,False,1,2,bedrooms,6,+7,3.0,10.0
66,11309985,11398032,False,1,2,bathrooms,0,+1,2.0,3.0
66,11309985,11398032,False,1,2,bathrooms,1,+2,2.0,4.0
66,11309985,11398032,False,1,2,bathrooms,2,+3,2.0,5.0
66,11309985,11398032,False,1,2,bathrooms,3,+4,2.0,6.0
66,11309985,11398032,False,1,2,bathrooms,4,+5,2.0,7.0
66,11309985,11398032,False,1,2,bathrooms,5,+6,2.0,8.0
66,11309985,11398032,False,1,2,bathrooms,6,+7,2.0,9.0
66,11309985,11398032,False,1,2,bathrooms,7,+8,2.0,10.0
66,11309985,11398032,False,1,2,yearBuilt,0,+2yr,1945.0,1947.0
66,11309985,11398032,False,1,2,yearBuilt,1,+4yr,1945.0,1949.0
66,11309985,11398032,False,1,2,yearBuilt,2,+6yr,1945.0,1951.0
66,11309985,11398032,False,1,2,yearBuilt,3,+8yr,1945.0,1953.0
66,11309985,11398032,False,1,2,yearBuilt,4,+10yr,1945.0,1955.0
66,11309985,11398032,False,1,2,yearBuilt,5,+12yr,1945.0,1957.0
66,11309985,11398032,False,1,2,yearBuilt,6,+14yr,1945.0,1959.0
66,11309985,11398032,False,1,2,yearBuilt,7,+16yr,1945.0,1961.0
66,11309985,11398032,False,1,2,yearBuilt,8,+18yr,1945.0,1963.0
66,11309985,11398032,False,1,2,yearBuilt,9,+20yr,1945.0,1965.0
66,11309985,11398032,False,1,2,yearBuilt,10,+22yr,1945.0,1967.0
66,11309985,11398032,False,1,2,yearBuilt,11,+24yr,1945.0,1969.0
66,11309985,11398032,False,1,2,yearBuilt,12,+26yr,1945.0,1971.0
66,11309985,11398032,False,1,2,yearBuilt,13,+28yr,1945.0,1973.0
66,11309985,11398032,False,1,2,yearBuilt,14,+30yr,1945.0,1975.0
66,11309985,11398032,False,1,2,yearBuilt,15,+32yr,1945.0,1977.0
66,11309985,11398032,False,1,2,yearBuilt,16,+34yr,1945.0,1979.0
66,11309985,11398032,False,1,2,yearBuilt,17,+36yr,1945.0,1981.0
66,11309985,11398032,False,1,2,yearBuilt,18,+38yr,1945.0,1983.0
66,11309985,11398032,False,1,2,yearBuilt,19,+40yr,1945.0,1985.0
66,11309985,11398032,False,1,2,yearBuilt,20,+42yr,1945.0,1987.0
66,11309985,11398032,False,1,2,yearBuilt,21,+44yr,1945.0,1989.0
66,11309985,11398032,False,1,2,yearBuilt,22,+46yr,1945.0,1991.0
66,11309985,11398032,False,1,2,yearBuilt,23,+48yr,1945.0,1993.0
66,11309985,11398032,False,1,2,yearBuilt,24,+50yr,1945.0,1995.0
66,11309985,11398032,False,1,2,yearBuilt,25,+52yr,1945.0,1997.0
66,11309985,11398032,False,1,2,yearBuilt,26,+54yr,1945.0,1999.0
66,11309985,11398032,False,1,2,yearBuilt,27,+56yr,1945.0,2001.0
66,11309985,11398032,False,1,2,yearBuilt,28,+58yr,1945.0,2003.0
66,11309985,11398032,False,1,2,yearBuilt,29,+60yr,1945.0,2005.0
66,11309985,11398032,False,1,2,yearBuilt,30,+62yr,1945.0,2007.0
66,11309985,11398032,False,1,2,yearBuilt,31,+64yr,1945.0,2009.0
66,11309985,11398032,False,1,2,yearBuilt,32,+66yr,1945.0,2011.0
66,11309985,11398032,False,1,2,yearBuilt,33,+68yr,1945.0,2013.0
66,11309985,11398032,False,1,2,yearBuilt,34,+70yr,1945.0,2015.0
66,11309985,11398032,False,1,2,yearBuilt,35,+72yr,1945.0,2017.0
66,11309985,11398032,False,1,2,yearBuilt,36,+74yr,1945.0,2019.0
66,11309985,11398032,False,1,2,yearBuilt,37,+76yr,1945.0,2021.0
66,11309985,11398032,False,1,2,yearBuilt,38,+78yr,1945.0,2023.0
66,11309985,11398032,False,1,2,yearBuilt,39,+80yr,1945.0,2025.0
66,11309985,11398032,False,1,2,lot,0,+100sqft,6067.0,6167.0
66,11309985,11398032,False,1,2,lot,1,+200sqft,6067.0,6267.0
66,11309985,11398032,False,1,2,lot,2,+300sqft,6067.0,6367.0
66,11309985,11398032,False,1,2,lot,3,+400sqft,6067.0,6467.0
66,11309985,11398032,False,1,2,lot,4,+500sqft,6067.0,6567.0
66,11309985,11398032,False,1,2,lot,5,+600sqft,6067.0,6667.0
66,11309985,11398032,False,1,2,lot,6,+700sqft,6067.0,6767.0
66,11309985,11398032,False,1,2,lot,7,+800sqft,6067.0,6867.0
66,11309985,11398032,False,1,2,lot,8,+900sqft,6067.0,6967.0
66,11309985,11398032,False,1,2,lot,9,+1000sqft,6067.0,7067.0
66,11309985,11398032,False,1,2,lot,10,+1100sqft,6067.0,7167.0
66,11309985,11398032,False,1,2,lot,11,+1200sqft,6067.0,7267.0
66,11309985,11398032,False,1,2,lot,12,+1300sqft,6067.0,7367.0
66,11309985,11398032,False,1,2,lot,13,+1400sqft,6067.0,7467.0
66,11309985,11398032,False,1,2,lot,14,+1500sqft,6067.0,7567.0
66,11309985,11398032,False,1,2,lot,15,+1600sqft,6067.0,7667.0
66,11309985,11398032,False,1,2,lot,16,+1700sqft,6067.0,7767.0
66,11309985,11398032,False,1,2,lot,17,+1800sqft,6067.0,7867.0
66,11309985,11398032,False,1,2,lot,18,+1900sqft,6067.0,7967.0
66,11309985,11398032,False,1,2,lot,19,+2000sqft,6067.0,8067.0
66,11309985,11398032,False,1,2,lot,20,+2100sqft,6067.0,8167.0
66,11309985,11398032,False,1,2,lot,21,+2200sqft,6067.0,8267.0
66,11309985,11398032,False,1,2,lot,22,+2300sqft,6067.0,8367.0
66,11309985,11398032,False,1,2,lot,23,+2400sqft,6067.0,8467.0
66,11309985,11398032,False,1,2,lot,24,+2500sqft,6067.0,8567.0
66,11309985,11398032,False,1,2,lot,25,+2600sqft,6067.0,8667.0
66,11309985,11398032,False,1,2,lot,26,+2700sqft,6067.0,8767.0
66,11309985,11398032,False,1,2,lot,27,+2800sqft,6067.0,8867.0
66,11309985,11398032,False,1,2,lot,28,+2900sqft,6067.0,8967.0
66,11309985,11398032,False,1,2,lot,29,+3000sqft,6067.0,9067.0
66,11309985,11398032,False,1,2,lot,30,+3100sqft,6067.0,9167.0
66,11309985,11398032,False,1,2,lot,31,+3200sqft,6067.0,9267.0
66,11309985,11398032,False,1,2,lot,32,+3300sqft,6067.0,9367.0
66,11309985,11398032,False,1,2,lot,33,+3400sqft,6067.0,9467.0
66,11309985,11398032,False,1,2,lot,34,+3500sqft,6067.0,9567.0
66,11309985,11398032,False,1,2,lot,35,+3600sqft,6067.0,9667.0
66,11309985,11398032,False,1,2,lot,36,+3700sqft,6067.0,9767.0
66,11309985,11398032,False,1,2,lot,37,+3800sqft,6067.0,9867.0
66,11309985,11398032,False,1,2,lot,38,+3900sqft,6067.0,9967.0
66,11309985,11398032,False,1,2,lot,39,+4000sqft,6067.0,10067.0
66,11309985,11398032,False,1,2,lot,40,+4100sqft,6067.0,10167.0
66,11309985,11398032,False,1,2,lot,41,+4200sqft,6067.0,10267.0
66,11309985,11398032,False,1,2,lot,42,+4300sqft,6067.0,10367.0
66,11309985,11398032,False,1,2,lot,43,+4400sqft,6067.0,10467.0
66,11309985,11398032,False,1,2,lot,44,+4500sqft,6067.0,10567.0
66,11309985,11398032,False,1,2,lot,45,+4600sqft,6067.0,10667.0
66,11309985,11398032,False,1,2,lot,46,+4700sqft,6067.0,10767.0
66,11309985,11398032,False,1,2,lot,47,+4800sqft,6067.0,10867.0
66,11309985,11398032,False,1,2,lot,48,+4900sqft,6067.0,10967.0
66,11309985,11398032,False,1,2,lot,49,+5000sqft,6067.0,11067.0
67,11421226,11454801,False,1,2,bedrooms,0,+1,3.0,4.0
67,11421226,11454801,False,1,2,bedrooms,1,+2,3.0,5.0
67,11421226,11454801,False,1,2,bedrooms,2,+3,3.0,6.0
67,11421226,11454801,False,1,2,bedrooms,3,+4,3.0,7.0
67,11421226,11454801,False,1,2,bedrooms,4,+5,3.0,8.0
67,11421226,11454801,False,1,2,bedrooms,5,+6,3.0,9.0
67,11421226,11454801,False,1,2,bedrooms,6,+7,3.0,10.0
67,11421226,11454801,False,1,2,bathrooms,0,+1,2.0,3.0
67,11421226,11454801,False,1,2,bathrooms,1,+2,2.0,4.0
67,11421226,11454801,False,1,2,bathrooms,2,+3,2.0,5.0
67,11421226,11454801,False,1,2,bathrooms,3,+4,2.0,6.0
67,11421226,11454801,False,1,2,bathrooms,4,+5,2.0,7.0
67,11421226,11454801,False,1,2,bathrooms,5,+6,2.0,8.0
67,11421226,11454801,False,1,2,bathrooms,6,+7,2.0,9.0
67,11421226,11454801,False,1,2,bathrooms,7,+8,2.0,10.0
67,11421226,11454801,False,1,2,yearBuilt,0,+2yr,1948.0,1950.0
67,11421226,11454801,False,1,2,yearBuilt,1,+4yr,1948.0,1952.0
67,11421226,11454801,False,1,2,yearBuilt,2,+6yr,1948.0,1954.0
67,11421226,11454801,False,1,2,yearBuilt,3,+8yr,1948.0,1956.0
67,11421226,11454801,False,1,2,yearBuilt,4,+10yr,1948.0,1958.0
67,11421226,11454801,False,1,2,yearBuilt,5,+12yr,1948.0,1960.0
67,11421226,11454801,False,1,2,yearBuilt,6,+14yr,1948.0,1962.0
67,11421226,11454801,False,1,2,yearBuilt,7,+16yr,1948.0,1964.0
67,11421226,11454801,False,1,2,yearBuilt,8,+18yr,1948.0,1966.0
67,11421226,11454801,False,1,2,yearBuilt,9,+20yr,1948.0,1968.0
67,11421226,11454801,False,1,2,yearBuilt,10,+22yr,1948.0,1970.0
67,11421226,11454801,False,1,2,yearBuilt,11,+24yr,1948.0,1972.0
67,11421226,11454801,False,1,2,yearBuilt,12,+26yr,1948.0,1974.0
67,11421226,11454801,False,1,2,yearBuilt,13,+28yr,1948.0,1976.0
67,11421226,11454801,False,1,2,yearBuilt,14,+30yr,1948.0,1978.0
67,11421226,11454801,False,1,2,yearBuilt,15,+32yr,1948.0,1980.0
67,11421226,11454801,False,1,2,yearBuilt,16,+34yr,1948.0,1982.0
67,11421226,11454801,False,1,2,yearBuilt,17,+36yr,1948.0,1984.0
67,11421226,11454801,False,1,2,yearBuilt,18,+38yr,1948.0,1986.0
67,11421226,11454801,False,1,2,yearBuilt,19,+40yr,1948.0,1988.0
67,11421226,11454801,False,1,2,yearBuilt,20,+42yr,1948.0,1990.0
67,11421226,11454801,False,1,2,yearBuilt,21,+44yr,1948.0,1992.0
67,11421226,11454801,False,1,2,yearBuilt,22,+46yr,1948.0,1994.0
67,11421226,11454801,False,1,2,yearBuilt,23,+48yr,1948.0,1996.0
67,11421226,11454801,False,1,2,yearBuilt,24,+50yr,1948.0,1998.0
67,11421226,11454801,False,1,2,yearBuilt,25,+52yr,1948.0,2000.0
67,11421226,11454801,False,1,2,yearBuilt,26,+54yr,1948.0,2002.0
67,11421226,11454801,False,1,2,yearBuilt,27,+56yr,1948.0,2004.0
67,11421226,11454801,False,1,2,yearBuilt,28,+58yr,1948.0,2006.0
67,11421226,11454801,False,1,2,yearBuilt,29,+60yr,1948.0,2008.0
67,11421226,11454801,False,1,2,yearBuilt,30,+62yr,1948.0,2010.0
67,11421226,11454801,False,1,2,yearBuilt,31,+64yr,1948.0,2012.0
67,11421226,11454801,False,1,2,yearBuilt,32,+66yr,1948.0,2014.0
67,11421226,11454801,False,1,2,yearBuilt,33,+68yr,1948.0,2016.0
67,11421226,11454801,False,1,2,yearBuilt,34,+70yr,1948.0,2018.0
67,11421226,11454801,False,1,2,yearBuilt,35,+72yr,1948.0,2020.0
67,11421226,11454801,False,1,2,yearBuilt,36,+74yr,1948.0,2022.0
67,11421226,11454801,False,1,2,yearBuilt,37,+76yr,1948.0,2024.0
67,11421226,11454801,False,1,2,lot,0,+100sqft,5998.0,6098.0
67,11421226,11454801,False,1,2,lot,1,+200sqft,5998.0,6198.0
67,11421226,11454801,False,1,2,lot,2,+300sqft,5998.0,6298.0
67,11421226,11454801,False,1,2,lot,3,+400sqft,5998.0,6398.0
67,11421226,11454801,False,1,2,lot,4,+500sqft,5998.0,6498.0
67,11421226,11454801,False,1,2,lot,5,+600sqft,5998.0,6598.0
67,11421226,11454801,False,1,2,lot,6,+700sqft,5998.0,6698.0
67,11421226,11454801,False,1,2,lot,7,+800sqft,5998.0,6798.0
67,11421226,11454801,False,1,2,lot,8,+900sqft,5998.0,6898.0
67,11421226,11454801,False,1,2,lot,9,+1000sqft,5998.0,6998.0
67,11421226,11454801,False,1,2,lot,10,+1100sqft,5998.0,7098.0
67,11421226,11454801,False,1,2,lot,11,+1200sqft,5998.0,7198.0
67,11421226,11454801,False,1,2,lot,12,+1300sqft,5998.0,7298.0
67,11421226,11454801,False,1,2,lot,13,+1400sqft,5998.0,7398.0
67,11421226,11454801,False,1,2,lot,14,+1500sqft,5998.0,7498.0
67,11421226,11454801,False,1,2,lot,15,+1600sqft,5998.0,7598.0
67,11421226,11454801,False,1,2,lot,16,+1700sqft,5998.0,7698.0
67,11421226,11454801,False,1,2,lot,17,+1800sqft,5998.0,7798.0
67,11421226,11454801,False,1,2,lot,18,+1900sqft,5998.0,7898.0
67,11421226,11454801,False,1,2,lot,19,+2000sqft,5998.0,7998.0
67,11421226,11454801,False,1,2,lot,20,+2100sqft,5998.0,8098.0
67,11421226,11454801,False,1,2,lot,21,+2200sqft,5998.0,8198.0
67,11421226,11454801,False,1,2,lot,22,+2300sqft,5998.0,8298.0
67,11421226,11454801,False,1,2,lot,23,+2400sqft,5998.0,8398.0
67,11421226,11454801,False,1,2,lot,24,+2500sqft,5998.0,8498.0
67,11421226,11454801,False,1,2,lot,25,+2600sqft,5998.0,8598.0
67,11421226,11454801,False,1,2,lot,26,+2700sqft,5998.0,8698.0
67,11421226,11454801,False,1,2,lot,27,+2800sqft,5998.0,8798.0
67,11421226,11454801,False,1,2,lot,28,+2900sqft,5998.0,8898.0
67,11421226,11454801,False,1,2,lot,29,+3000sqft,5998.0,8998.0
67,11421226,11454801,False,1,2,lot,30,+3100sqft,5998.0,9098.0
67,11421226,11454801,False,1,2,lot,31,+3200sqft,5998.0,9198.0
67,11421226,11454801,False,1,2,lot,32,+3300sqft,5998.0,9298.0
67,11421226,11454801,False,1,2,lot,33,+3400sqft,5998.0,9398.0
67,11421226,11454801,False,1,2,lot,34,+3500sqft,5998.0,9498.0
67,11421226,11454801,False,1,2,lot,35,+3600sqft,5998.0,9598.0
67,11421226,11454801,False,1,2,lot,36,+3700sqft,5998.0,9698.0
67,11421226,11454801,False,1,2,lot,37,+3800sqft,5998.0,9798.0
67,11421226,11454801,False,1,2,lot,38,+3900sqft,5998.0,9898.0
67,11421226,11454801,False,1,2,lot,39,+4000sqft,5998.0,9998.0
67,11421226,11454801,False,1,2,lot,40,+4100sqft,5998.0,10098.0
67,11421226,11454801,False,1,2,lot,41,+4200sqft,5998.0,10198.0
67,11421226,11454801,False,1,2,lot,42,+4300sqft,5998.0,10298.0
67,11421226,11454801,False,1,2,lot,43,+4400sqft,5998.0,10398.0
67,11421226,11454801,False,1,2,lot,44,+4500sqft,5998.0,10498.0
67,11421226,11454801,False,1,2,lot,45,+4600sqft,5998.0,10598.0
67,11421226,11454801,False,1,2,lot,46,+4700sqft,5998.0,10698.0
67,11421226,11454801,False,1,2,lot,47,+4800sqft,5998.0,10798.0
67,11421226,11454801,False,1,2,lot,48,+4900sqft,5998.0,10898.0
67,11421226,11454801,False,1,2,lot,49,+5000sqft,5998.0,10998.0
68,11353799,11391496,False,2,1,bedrooms,0,+1,3.0,4.0
68,11353799,11391496,False,2,1,bedrooms,1,+2,3.0,5.0
68,11353799,11391496,False,2,1,bedrooms,2,+3,3.0,6.0
68,11353799,11391496,False,2,1,bedrooms,3,+4,3.0,7.0
68,11353799,11391496,False,2,1,bedrooms,4,+5,3.0,8.0
68,11353799,11391496,False,2,1,bedrooms,5,+6,3.0,9.0
68,11353799,11391496,False,2,1,bedrooms,6,+7,3.0,10.0
68,11353799,11391496,False,2,1,bathrooms,0,+1,2.0,3.0
68,11353799,11391496,False,2,1,bathrooms,1,+2,2.0,4.0
68,11353799,11391496,False,2,1,bathrooms,2,+3,2.0,5.0
68,11353799,11391496,False,2,1,bathrooms,3,+4,2.0,6.0
68,11353799,11391496,False,2,1,bathrooms,4,+5,2.0,7.0
68,11353799,11391496,False,2,1,bathrooms,5,+6,2.0,8.0
68,11353799,11391496,False,2,1,bathrooms,6,+7,2.0,9.0
68,11353799,11391496,False,2,1,bathrooms,7,+8,2.0,10.0
68,11353799,11391496,False,2,1,yearBuilt,0,+2yr,1952.0,1954.0
68,11353799,11391496,False,2,1,yearBuilt,1,+4yr,1952.0,1956.0
68,11353799,11391496,False,2,1,yearBuilt,2,+6yr,1952.0,1958.0
68,11353799,11391496,False,2,1,yearBuilt,3,+8yr,1952.0,1960.0
68,11353799,11391496,False,2,1,yearBuilt,4,+10yr,1952.0,1962.0
68,11353799,11391496,False,2,1,yearBuilt,5,+12yr,1952.0,1964.0
68,11353799,11391496,False,2,1,yearBuilt,6,+14yr,1952.0,1966.0
68,11353799,11391496,False,2,1,yearBuilt,7,+16yr,1952.0,1968.0
68,11353799,11391496,False,2,1,yearBuilt,8,+18yr,1952.0,1970.0
68,11353799,11391496,False,2,1,yearBuilt,9,+20yr,1952.0,1972.0
68,11353799,11391496,False,2,1,yearBuilt,10,+22yr,1952.0,1974.0
68,11353799,11391496,False,2,1,yearBuilt,11,+24yr,1952.0,1976.0
68,11353799,11391496,False,2,1,yearBuilt,12,+26yr,1952.0,1978.0
68,11353799,11391496,False,2,1,yearBuilt,13,+28yr,1952.0,1980.0
68,11353799,11391496,False,2,1,yearBuilt,14,+30yr,1952.0,1982.0
68,11353799,11391496,False,2,1,yearBuilt,15,+32yr,1952.0,1984.0
68,11353799,11391496,False,2,1,yearBuilt,16,+34yr,1952.0,1986.0
68,11353799,11391496,False,2,1,yearBuilt,17,+36yr,1952.0,1988.0
68,11353799,11391496,False,2,1,yearBuilt,18,+38yr,1952.0,1990.0
68,11353799,11391496,False,2,1,yearBuilt,19,+40yr,1952.0,1992.0
68,11353799,11391496,False,2,1,yearBuilt,20,+42yr,1952.0,1994.0
68,11353799,11391496,False,2,1,yearBuilt,21,+44yr,1952.0,1996.0
68,11353799,11391496,False,2,1,yearBuilt,22,+46yr,1952.0,1998.0
68,11353799,11391496,False,2,1,yearBuilt,23,+48yr,1952.0,2000.0
68,11353799,11391496,False,2,1,yearBuilt,24,+50yr,1952.0,2002.0
68,11353799,11391496,False,2,1,yearBuilt,25,+52yr,1952.0,2004.0
68,11353799,11391496,False,2,1,yearBuilt,26,+54yr,1952.0,2006.0
68,11353799,11391496,False,2,1,yearBuilt,27,+56yr,1952.0,2008.0
68,11353799,11391496,False,2,1,yearBuilt,28,+58yr,1952.0,2010.0
68,11353799,11391496,False,2,1,yearBuilt,29,+60yr,1952.0,2012.0
68,11353799,11391496,False,2,1,yearBuilt,30,+62yr,1952.0,2014.0
68,11353799,11391496,False,2,1,yearBuilt,31,+64yr,1952.0,2016.0
68,11353799,11391496,False,2,1,yearBuilt,32,+66yr,1952.0,2018.0
68,11353799,11391496,False,2,1,yearBuilt,33,+68yr,1952.0,2020.0
68,11353799,11391496,False,2,1,yearBuilt,34,+70yr,1952.0,2022.0
68,11353799,11391496,False,2,1,yearBuilt,35,+72yr,1952.0,2024.0
68,11353799,11391496,False,2,1,lot,0,+100sqft,10606.0,10706.0
68,11353799,11391496,False,2,1,lot,1,+200sqft,10606.0,10806.0
68,11353799,11391496,False,2,1,lot,2,+300sqft,10606.0,10906.0
68,11353799,11391496,False,2,1,lot,3,+400sqft,10606.0,11006.0
68,11353799,11391496,False,2,1,lot,4,+500sqft,10606.0,11106.0
68,11353799,11391496,False,2,1,lot,5,+600sqft,10606.0,11206.0
68,11353799,11391496,False,2,1,lot,6,+700sqft,10606.0,11306.0
68,11353799,11391496,False,2,1,lot,7,+800sqft,10606.0,11406.0
68,11353799,11391496,False,2,1,lot,8,+900sqft,10606.0,11506.0
68,11353799,11391496,False,2,1,lot,9,+1000sqft,10606.0,11606.0
68,11353799,11391496,False,2,1,lot,10,+1100sqft,10606.0,11706.0
68,11353799,11391496,False,2,1,lot,11,+1200sqft,10606.0,11806.0
68,11353799,11391496,False,2,1,lot,12,+1300sqft,10606.0,11906.0
68,11353799,11391496,False,2,1,lot,13,+1400sqft,10606.0,12006.0
68,11353799,11391496,False,2,1,lot,14,+1500sqft,10606.0,12106.0
68,11353799,11391496,False,2,1,lot,15,+1600sqft,10606.0,12206.0
68,11353799,11391496,False,2,1,lot,16,+1700sqft,10606.0,12306.0
68,11353799,11391496,False,2,1,lot,17,+1800sqft,10606.0,12406.0
68,11353799,11391496,False,2,1,lot,18,+1900sqft,10606.0,12506.0
68,11353799,11391496,False,2,1,lot,19,+2000sqft,10606.0,12606.0
68,11353799,11391496,False,2,1,lot,20,+2100sqft,10606.0,12706.0
68,11353799,11391496,False,2,1,lot,21,+2200sqft,10606.0,12806.0
68,11353799,11391496,False,2,1,lot,22,+2300sqft,10606.0,12906.0
68,11353799,11391496,False,2,1,lot,23,+2400sqft,10606.0,13006.0
68,11353799,11391496,False,2,1,lot,24,+2500sqft,10606.0,13106.0
68,11353799,11391496,False,2,1,lot,25,+2600sqft,10606.0,13206.0
68,11353799,11391496,False,2,1,lot,26,+2700sqft,10606.0,13306.0
68,11353799,11391496,False,2,1,lot,27,+2800sqft,10606.0,13406.0
68,11353799,11391496,False,2,1,lot,28,+2900sqft,10606.0,13506.0
68,11353799,11391496,False,2,1,lot,29,+3000sqft,10606.0,13606.0
68,11353799,11391496,False,2,1,lot,30,+3100sqft,10606.0,13706.0
68,11353799,11391496,False,2,1,lot,31,+3200sqft,10606.0,13806.0
68,11353799,11391496,False,2,1,lot,32,+3300sqft,10606.0,13906.0
68,11353799,11391496,False,2,1,lot,33,+3400sqft,10606.0,14006.0
68,11353799,11391496,False,2,1,lot,34,+3500sqft,10606.0,14106.0
68,11353799,11391496,False,2,1,lot,35,+3600sqft,10606.0,14206.0
68,11353799,11391496,False,2,1,lot,36,+3700sqft,10606.0,14306.0
68,11353799,11391496,False,2,1,lot,37,+3800sqft,10606.0,14406.0
68,11353799,11391496,False,2,1,lot,38,+3900sqft,10606.0,14506.0
68,11353799,11391496,False,2,1,lot,39,+4000sqft,10606.0,14606.0
68,11353799,11391496,False,2,1,lot,40,+4100sqft,10606.0,14706.0
68,11353799,11391496,False,2,1,lot,41,+4200sqft,10606.0,14806.0
68,11353799,11391496,False,2,1,lot,42,+4300sqft,10606.0,14906.0
68,11353799,11391496,False,2,1,lot,43,+4400sqft,10606.0,15006.0
68,11353799,11391496,False,2,1,lot,44,+4500sqft,10606.0,15106.0
68,11353799,11391496,False,2,1,lot,45,+4600sqft,10606.0,15206.0
68,11353799,11391496,False,2,1,lot,46,+4700sqft,10606.0,15306.0
68,11353799,11391496,False,2,1,lot,47,+4800sqft,10606.0,15406.0
68,11353799,11391496,False,2,1,lot,48,+4900sqft,10606.0,15506.0
68,11353799,11391496,False,2,1,lot,49,+5000sqft,10606.0,15606.0
69,11562056,11650292,True,1,2,bedrooms,0,+1,3.0,4.0
69,11562056,11650292,True,1,2,bedrooms,1,+2,3.0,5.0
69,11562056,11650292,True,1,2,bedrooms,2,+3,3.0,6.0
69,11562056,11650292,True,1,2,bedrooms,3,+4,3.0,7.0
69,11562056,11650292,True,1,2,bedrooms,4,+5,3.0,8.0
69,11562056,11650292,True,1,2,bedrooms,5,+6,3.0,9.0
69,11562056,11650292,True,1,2,bedrooms,6,+7,3.0,10.0
69,11562056,11650292,True,1,2,bathrooms,0,+1,2.0,3.0
69,11562056,11650292,True,1,2,bathrooms,1,+2,2.0,4.0
69,11562056,11650292,True,1,2,bathrooms,2,+3,2.0,5.0
69,11562056,11650292,True,1,2,bathrooms,3,+4,2.0,6.0
69,11562056,11650292,True,1,2,bathrooms,4,+5,2.0,7.0
69,11562056,11650292,True,1,2,bathrooms,5,+6,2.0,8.0
69,11562056,11650292,True,1,2,bathrooms,6,+7,2.0,9.0
69,11562056,11650292,True,1,2,bathrooms,7,+8,2.0,10.0
69,11562056,11650292,True,1,2,yearBuilt,0,+2yr,1920.0,1922.0
69,11562056,11650292,True,1,2,yearBuilt,1,+4yr,1920.0,1924.0
69,11562056,11650292,True,1,2,yearBuilt,2,+6yr,1920.0,1926.0
69,11562056,11650292,True,1,2,yearBuilt,3,+8yr,1920.0,1928.0
69,11562056,11650292,True,1,2,yearBuilt,4,+10yr,1920.0,1930.0
69,11562056,11650292,True,1,2,yearBuilt,5,+12yr,1920.0,1932.0
69,11562056,11650292,True,1,2,yearBuilt,6,+14yr,1920.0,1934.0
69,11562056,11650292,True,1,2,yearBuilt,7,+16yr,1920.0,1936.0
69,11562056,11650292,True,1,2,yearBuilt,8,+18yr,1920.0,1938.0
69,11562056,11650292,True,1,2,yearBuilt,9,+20yr,1920.0,1940.0
69,11562056,11650292,True,1,2,yearBuilt,10,+22yr,1920.0,1942.0
69,11562056,11650292,True,1,2,yearBuilt,11,+24yr,1920.0,1944.0
69,11562056,11650292,True,1,2,yearBuilt,12,+26yr,1920.0,1946.0
69,11562056,11650292,True,1,2,yearBuilt,13,+28yr,1920.0,1948.0
69,11562056,11650292,True,1,2,yearBuilt,14,+30yr,1920.0,1950.0
69,11562056,11650292,True,1,2,yearBuilt,15,+32yr,1920.0,1952.0
69,11562056,11650292,True,1,2,yearBuilt,16,+34yr,1920.0,1954.0
69,11562056,11650292,True,1,2,yearBuilt,17,+36yr,1920.0,1956.0
69,11562056,11650292,True,1,2,yearBuilt,18,+38yr,1920.0,1958.0
69,11562056,11650292,True,1,2,yearBuilt,19,+40yr,1920.0,1960.0
69,11562056,11650292,True,1,2,yearBuilt,20,+42yr,1920.0,1962.0
69,11562056,11650292,True,1,2,yearBuilt,21,+44yr,1920.0,1964.0
69,11562056,11650292,True,1,2,yearBuilt,22,+46yr,1920.0,1966.0
69,11562056,11650292,True,1,2,yearBuilt,23,+48yr,1920.0,1968.0
69,11562056,11650292,True,1,2,yearBuilt,24,+50yr,1920.0,1970.0
69,11562056,11650292,True,1,2,yearBuilt,25,+52yr,1920.0,1972.0
69,11562056,11650292,True,1,2,yearBuilt,26,+54yr,1920.0,1974.0
69,11562056,11650292,True,1,2,yearBuilt,27,+56yr,1920.0,1976.0
69,11562056,11650292,True,1,2,yearBuilt,28,+58yr,1920.0,1978.0
69,11562056,11650292,True,1,2,yearBuilt,29,+60yr,1920.0,1980.0
69,11562056,11650292,True,1,2,yearBuilt,30,+62yr,1920.0,1982.0
69,11562056,11650292,True,1,2,yearBuilt,31,+64yr,1920.0,1984.0
69,11562056,11650292,True,1,2,yearBuilt,32,+66yr,1920.0,1986.0
69,11562056,11650292,True,1,2,yearBuilt,33,+68yr,1920.0,1988.0
69,11562056,11650292,True,1,2,yearBuilt,34,+70yr,1920.0,1990.0
69,11562056,11650292,True,1,2,yearBuilt,35,+72yr,1920.0,1992.0
69,11562056,11650292,True,1,2,yearBuilt,36,+74yr,1920.0,1994.0
69,11562056,11650292,True,1,2,yearBuilt,37,+76yr,1920.0,1996.0
69,11562056,11650292,True,1,2,yearBuilt,38,+78yr,1920.0,1998.0
69,11562056,11650292,True,1,2,yearBuilt,39,+80yr,1920.0,2000.0
69,11562056,11650292,True,1,2,yearBuilt,40,+82yr,1920.0,2002.0
69,11562056,11650292,True,1,2,yearBuilt,41,+84yr,1920.0,2004.0
69,11562056,11650292,True,1,2,yearBuilt,42,+86yr,1920.0,2006.0
69,11562056,11650292,True,1,2,yearBuilt,43,+88yr,1920.0,2008.0
69,11562056,11650292,True,1,2,yearBuilt,44,+90yr,1920.0,2010.0
69,11562056,11650292,True,1,2,yearBuilt,45,+92yr,1920.0,2012.0
69,11562056,11650292,True,1,2,yearBuilt,46,+94yr,1920.0,2014.0
69,11562056,11650292,True,1,2,lot,0,+100sqft,3171.0,3271.0
69,11562056,11650292,True,1,2,lot,1,+200sqft,3171.0,3371.0
69,11562056,11650292,True,1,2,lot,2,+300sqft,3171.0,3471.0
69,11562056,11650292,True,1,2,lot,3,+400sqft,3171.0,3571.0
69,11562056,11650292,True,1,2,lot,4,+500sqft,3171.0,3671.0
69,11562056,11650292,True,1,2,lot,5,+600sqft,3171.0,3771.0
69,11562056,11650292,True,1,2,lot,6,+700sqft,3171.0,3871.0
69,11562056,11650292,True,1,2,lot,7,+800sqft,3171.0,3971.0
69,11562056,11650292,True,1,2,lot,8,+900sqft,3171.0,4071.0
69,11562056,11650292,True,1,2,lot,9,+1000sqft,3171.0,4171.0
69,11562056,11650292,True,1,2,lot,10,+1100sqft,3171.0,4271.0
69,11562056,11650292,True,1,2,lot,11,+1200sqft,3171.0,4371.0
69,11562056,11650292,True,1,2,lot,12,+1300sqft,3171.0,4471.0
69,11562056,11650292,True,1,2,lot,13,+1400sqft,3171.0,4571.0
69,11562056,11650292,True,1,2,lot,14,+1500sqft,3171.0,4671.0
69,11562056,11650292,True,1,2,lot,15,+1600sqft,3171.0,4771.0
69,11562056,11650292,True,1,2,lot,16,+1700sqft,3171.0,4871.0
69,11562056,11650292,True,1,2,lot,17,+1800sqft,3171.0,4971.0
69,11562056,11650292,True,1,2,lot,18,+1900sqft,3171.0,5071.0
69,11562056,11650292,True,1,2,lot,19,+2000sqft,3171.0,5171.0
69,11562056,11650292,True,1,2,lot,20,+2100sqft,3171.0,5271.0
69,11562056,11650292,True,1,2,lot,21,+2200sqft,3171.0,5371.0
69,11562056,11650292,True,1,2,lot,22,+2300sqft,3171.0,5471.0
69,11562056,11650292,True,1,2,lot,23,+2400sqft,3171.0,5571.0
69,11562056,11650292,True,1,2,lot,24,+2500sqft,3171.0,5671.0
69,11562056,11650292,True,1,2,lot,25,+2600sqft,3171.0,5771.0
69,11562056,11650292,True,1,2,lot,26,+2700sqft,3171.0,5871.0
69,11562056,11650292,True,1,2,lot,27,+2800sqft,3171.0,5971.0
69,11562056,11650292,True,1,2,lot,28,+2900sqft,3171.0,6071.0
69,11562056,11650292,True,1,2,lot,29,+3000sqft,3171.0,6171.0
69,11562056,11650292,True,1,2,lot,30,+3100sqft,3171.0,6271.0
69,11562056,11650292,True,1,2,lot,31,+3200sqft,3171.0,6371.0
69,11562056,11650292,True,1,2,lot,32,+3300sqft,3171.0,6471.0
69,11562056,11650292,True,1,2,lot,33,+3400sqft,3171.0,6571.0
69,11562056,11650292,True,1,2,lot,34,+3500sqft,3171.0,6671.0
69,11562056,11650292,True,1,2,lot,35,+3600sqft,3171.0,6771.0
69,11562056,11650292,True,1,2,lot,36,+3700sqft,3171.0,6871.0
69,11562056,11650292,True,1,2,lot,37,+3800sqft,3171.0,6971.0
69,11562056,11650292,True,1,2,lot,38,+3900sqft,3171.0,7071.0
69,11562056,11650292,True,1,2,lot,39,+4000sqft,3171.0,7171.0
69,11562056,11650292,True,1,2,lot,40,+4100sqft,3171.0,7271.0
69,11562056,11650292,True,1,2,lot,41,+4200sqft,3171.0,7371.0
69,11562056,11650292,True,1,2,lot,42,+4300sqft,3171.0,7471.0
69,11562056,11650292,True,1,2,lot,43,+4400sqft,3171.0,7571.0
69,11562056,11650292,True,1,2,lot,44,+4500sqft,3171.0,7671.0
69,11562056,11650292,True,1,2,lot,45,+4600sqft,3171.0,7771.0
69,11562056,11650292,True,1,2,lot,46,+4700sqft,3171.0,7871.0
69,11562056,11650292,True,1,2,lot,47,+4800sqft,3171.0,7971.0
69,11562056,11650292,True,1,2,lot,48,+4900sqft,3171.0,8071.0
69,11562056,11650292,True,1,2,lot,49,+5000sqft,3171.0,8171.0
70,11306740,11306997,False,1,2,bedrooms,0,+1,2.0,3.0
70,11306740,11306997,False,1,2,bedrooms,1,+2,2.0,4.0
70,11306740,11306997,False,1,2,bedrooms,2,+3,2.0,5.0
70,11306740,11306997,False,1,2,bedrooms,3,+4,2.0,6.0
70,11306740,11306997,False,1,2,bedrooms,4,+5,2.0,7.0
70,11306740,11306997,False,1,2,bedrooms,5,+6,2.0,8.0
70,11306740,11306997,False,1,2,bedrooms,6,+7,2.0,9.0
70,11306740,11306997,False,1,2,bedrooms,7,+8,2.0,10.0
70,11306740,11306997,False,1,2,bathrooms,0,+1,2.0,3.0
70,11306740,11306997,False,1,2,bathrooms,1,+2,2.0,4.0
70,11306740,11306997,False,1,2,bathrooms,2,+3,2.0,5.0
70,11306740,11306997,False,1,2,bathrooms,3,+4,2.0,6.0
70,11306740,11306997,False,1,2,bathrooms,4,+5,2.0,7.0
70,11306740,11306997,False,1,2,bathrooms,5,+6,2.0,8.0
70,11306740,11306997,False,1,2,bathrooms,6,+7,2.0,9.0
70,11306740,11306997,False,1,2,bathrooms,7,+8,2.0,10.0
70,11306740,11306997,False,1,2,yearBuilt,0,+2yr,1950.0,1952.0
70,11306740,11306997,False,1,2,yearBuilt,1,+4yr,1950.0,1954.0
70,11306740,11306997,False,1,2,yearBuilt,2,+6yr,1950.0,1956.0
70,11306740,11306997,False,1,2,yearBuilt,3,+8yr,1950.0,1958.0
70,11306740,11306997,False,1,2,yearBuilt,4,+10yr,1950.0,1960.0
70,11306740,11306997,False,1,2,yearBuilt,5,+12yr,1950.0,1962.0
70,11306740,11306997,False,1,2,yearBuilt,6,+14yr,1950.0,1964.0
70,11306740,11306997,False,1,2,yearBuilt,7,+16yr,1950.0,1966.0
70,11306740,11306997,False,1,2,yearBuilt,8,+18yr,1950.0,1968.0
70,11306740,11306997,False,1,2,yearBuilt,9,+20yr,1950.0,1970.0
70,11306740,11306997,False,1,2,yearBuilt,10,+22yr,1950.0,1972.0
70,11306740,11306997,False,1,2,yearBuilt,11,+24yr,1950.0,1974.0
70,11306740,11306997,False,1,2,yearBuilt,12,+26yr,1950.0,1976.0
70,11306740,11306997,False,1,2,yearBuilt,13,+28yr,1950.0,1978.0
70,11306740,11306997,False,1,2,yearBuilt,14,+30yr,1950.0,1980.0
70,11306740,11306997,False,1,2,yearBuilt,15,+32yr,1950.0,1982.0
70,11306740,11306997,False,1,2,yearBuilt,16,+34yr,1950.0,1984.0
70,11306740,11306997,False,1,2,yearBuilt,17,+36yr,1950.0,1986.0
70,11306740,11306997,False,1,2,yearBuilt,18,+38yr,1950.0,1988.0
70,11306740,11306997,False,1,2,yearBuilt,19,+40yr,1950.0,1990.0
70,11306740,11306997,False,1,2,yearBuilt,20,+42yr,1950.0,1992.0
70,11306740,11306997,False,1,2,yearBuilt,21,+44yr,1950.0,1994.0
70,11306740,11306997,False,1,2,yearBuilt,22,+46yr,1950.0,1996.0
70,11306740,11306997,False,1,2,yearBuilt,23,+48yr,1950.0,1998.0
70,11306740,11306997,False,1,2,yearBuilt,24,+50yr,1950.0,2000.0
70,11306740,11306997,False,1,2,yearBuilt,25,+52yr,1950.0,2002.0
70,11306740,11306997,False,1,2,yearBuilt,26,+54yr,1950.0,2004.0
70,11306740,11306997,False,1,2,yearBuilt,27,+56yr,1950.0,2006.0
70,11306740,11306997,False,1,2,yearBuilt,28,+58yr,1950.0,2008.0
70,11306740,11306997,False,1,2,yearBuilt,29,+60yr,1950.0,2010.0
70,11306740,11306997,False,1,2,yearBuilt,30,+62yr,1950.0,2012.0
70,11306740,11306997,False,1,2,yearBuilt,31,+64yr,1950.0,2014.0
70,11306740,11306997,False,1,2,yearBuilt,32,+66yr,1950.0,2016.0
70,11306740,11306997,False,1,2,yearBuilt,33,+68yr,1950.0,2018.0
70,11306740,11306997,False,1,2,yearBuilt,34,+70yr,1950.0,2020.0
70,11306740,11306997,False,1,2,yearBuilt,35,+72yr,1950.0,2022.0
70,11306740,11306997,False,1,2,yearBuilt,36,+74yr,1950.0,2024.0
70,11306740,11306997,False,1,2,lot,0,+100sqft,6600.0,6700.0
70,11306740,11306997,False,1,2,lot,1,+200sqft,6600.0,6800.0
70,11306740,11306997,False,1,2,lot,2,+300sqft,6600.0,6900.0
70,11306740,11306997,False,1,2,lot,3,+400sqft,6600.0,7000.0
70,11306740,11306997,False,1,2,lot,4,+500sqft,6600.0,7100.0
70,11306740,11306997,False,1,2,lot,5,+600sqft,6600.0,7200.0
70,11306740,11306997,False,1,2,lot,6,+700sqft,6600.0,7300.0
70,11306740,11306997,False,1,2,lot,7,+800sqft,6600.0,7400.0
70,11306740,11306997,False,1,2,lot,8,+900sqft,6600.0,7500.0
70,11306740,11306997,False,1,2,lot,9,+1000sqft,6600.0,7600.0
70,11306740,11306997,False,1,2,lot,10,+1100sqft,6600.0,7700.0
70,11306740,11306997,False,1,2,lot,11,+1200sqft,6600.0,7800.0
70,11306740,11306997,False,1,2,lot,12,+1300sqft,6600.0,7900.0
70,11306740,11306997,False,1,2,lot,13,+1400sqft,6600.0,8000.0
70,11306740,11306997,False,1,2,lot,14,+1500sqft,6600.0,8100.0
70,11306740,11306997,False,1,2,lot,15,+1600sqft,6600.0,8200.0
70,11306740,11306997,False,1,2,lot,16,+1700sqft,6600.0,8300.0
70,11306740,11306997,False,1,2,lot,17,+1800sqft,6600.0,8400.0
70,11306740,11306997,False,1,2,lot,18,+1900sqft,6600.0,8500.0
70,11306740,11306997,False,1,2,lot,19,+2000sqft,6600.0,8600.0
70,11306740,11306997,False,1,2,lot,20,+2100sqft,6600.0,8700.0
70,11306740,11306997,False,1,2,lot,21,+2200sqft,6600.0,8800.0
70,11306740,11306997,False,1,2,lot,22,+2300sqft,6600.0,8900.0
70,11306740,11306997,False,1,2,lot,23,+2400sqft,6600.0,9000.0
70,11306740,11306997,False,1,2,lot,24,+2500sqft,6600.0,9100.0
70,11306740,11306997,False,1,2,lot,25,+2600sqft,6600.0,9200.0
70,11306740,11306997,False,1,2,lot,26,+2700sqft,6600.0,9300.0
70,11306740,11306997,False,1,2,lot,27,+2800sqft,6600.0,9400.0
70,11306740,11306997,False,1,2,lot,28,+2900sqft,6600.0,9500.0
70,11306740,11306997,False,1,2,lot,29,+3000sqft,6600.0,9600.0
70,11306740,11306997,False,1,2,lot,30,+3100sqft,6600.0,9700.0
70,11306740,11306997,False,1,2,lot,31,+3200sqft,6600.0,9800.0
70,11306740,11306997,False,1,2,lot,32,+3300sqft,6600.0,9900.0
70,11306740,11306997,False,1,2,lot,33,+3400sqft,6600.0,10000.0
70,11306740,11306997,False,1,2,lot,34,+3500sqft,6600.0,10100.0
70,11306740,11306997,False,1,2,lot,35,+3600sqft,6600.0,10200.0
70,11306740,11306997,False,1,2,lot,36,+3700sqft,6600.0,10300.0
70,11306740,11306997,False,1,2,lot,37,+3800sqft,6600.0,10400.0
70,11306740,11306997,False,1,2,lot,38,+3900sqft,6600.0,10500.0
70,11306740,11306997,False,1,2,lot,39,+4000sqft,6600.0,10600.0
70,11306740,11306997,False,1,2,lot,40,+4100sqft,6600.0,10700.0
70,11306740,11306997,False,1,2,lot,41,+4200sqft,6600.0,10800.0
70,11306740,11306997,False,1,2,lot,42,+4300sqft,6600.0,10900.0
70,11306740,11306997,False,1,2,lot,43,+4400sqft,6600.0,11000.0
70,11306740,11306997,False,1,2,lot,44,+4500sqft,6600.0,11100.0
70,11306740,11306997,False,1,2,lot,45,+4600sqft,6600.0,11200.0
70,11306740,11306997,False,1,2,lot,46,+4700sqft,6600.0,11300.0
70,11306740,11306997,False,1,2,lot,47,+4800sqft,6600.0,11400.0
70,11306740,11306997,False,1,2,lot,48,+4900sqft,6600.0,11500.0
70,11306740,11306997,False,1,2,lot,49,+5000sqft,6600.0,11600.0
71,59157128,59161565,True,1,2,bedrooms,0,+1,3.0,4.0
71,59157128,59161565,True,1,2,bedrooms,1,+2,3.0,5.0
71,59157128,59161565,True,1,2,bedrooms,2,+3,3.0,6.0
71,59157128,59161565,True,1,2,bedrooms,3,+4,3.0,7.0
71,59157128,59161565,True,1,2,bedrooms,4,+5,3.0,8.0
71,59157128,59161565,True,1,2,bedrooms,5,+6,3.0,9.0
71,59157128,59161565,True,1,2,bedrooms,6,+7,3.0,10.0
71,59157128,59161565,True,1,2,bathrooms,0,+1,2.0,3.0
71,59157128,59161565,True,1,2,bathrooms,1,+2,2.0,4.0
71,59157128,59161565,True,1,2,bathrooms,2,+3,2.0,5.0
71,59157128,59161565,True,1,2,bathrooms,3,+4,2.0,6.0
71,59157128,59161565,True,1,2,bathrooms,4,+5,2.0,7.0
71,59157128,59161565,True,1,2,bathrooms,5,+6,2.0,8.0
71,59157128,59161565,True,1,2,bathrooms,6,+7,2.0,9.0
71,59157128,59161565,True,1,2,bathrooms,7,+8,2.0,10.0
71,59157128,59161565,True,1,2,yearBuilt,0,+2yr,1940.0,1942.0
71,59157128,59161565,True,1,2,yearBuilt,1,+4yr,1940.0,1944.0
71,59157128,59161565,True,1,2,yearBuilt,2,+6yr,1940.0,1946.0
71,59157128,59161565,True,1,2,yearBuilt,3,+8yr,1940.0,1948.0
71,59157128,59161565,True,1,2,yearBuilt,4,+10yr,1940.0,1950.0
71,59157128,59161565,True,1,2,yearBuilt,5,+12yr,1940.0,1952.0
71,59157128,59161565,True,1,2,yearBuilt,6,+14yr,1940.0,1954.0
71,59157128,59161565,True,1,2,yearBuilt,7,+16yr,1940.0,1956.0
71,59157128,59161565,True,1,2,yearBuilt,8,+18yr,1940.0,1958.0
71,59157128,59161565,True,1,2,yearBuilt,9,+20yr,1940.0,1960.0
71,59157128,59161565,True,1,2,yearBuilt,10,+22yr,1940.0,1962.0
71,59157128,59161565,True,1,2,yearBuilt,11,+24yr,1940.0,1964.0
71,59157128,59161565,True,1,2,yearBuilt,12,+26yr,1940.0,1966.0
71,59157128,59161565,True,1,2,yearBuilt,13,+28yr,1940.0,1968.0
71,59157128,59161565,True,1,2,yearBuilt,14,+30yr,1940.0,1970.0
71,59157128,59161565,True,1,2,yearBuilt,15,+32yr,1940.0,1972.0
71,59157128,59161565,True,1,2,yearBuilt,16,+34yr,1940.0,1974.0
71,59157128,59161565,True,1,2,yearBuilt,17,+36yr,1940.0,1976.0
71,59157128,59161565,True,1,2,yearBuilt,18,+38yr,1940.0,1978.0
71,59157128,59161565,True,1,2,yearBuilt,19,+40yr,1940.0,1980.0
71,59157128,59161565,True,1,2,yearBuilt,20,+42yr,1940.0,1982.0
71,59157128,59161565,True,1,2,yearBuilt,21,+44yr,1940.0,1984.0
71,59157128,59161565,True,1,2,yearBuilt,22,+46yr,1940.0,1986.0
71,59157128,59161565,True,1,2,yearBuilt,23,+48yr,1940.0,1988.0
71,59157128,59161565,True,1,2,yearBuilt,24,+50yr,1940.0,1990.0
71,59157128,59161565,True,1,2,yearBuilt,25,+52yr,1940.0,1992.0
71,59157128,59161565,True,1,2,yearBuilt,26,+54yr,1940.0,1994.0
71,59157128,59161565,True,1,2,yearBuilt,27,+56yr,1940.0,1996.0
71,59157128,59161565,True,1,2,yearBuilt,28,+58yr,1940.0,1998.0
71,59157128,59161565,True,1,2,yearBuilt,29,+60yr,1940.0,2000.0
71,59157128,59161565,True,1,2,yearBuilt,30,+62yr,1940.0,2002.0
71,59157128,59161565,True,1,2,yearBuilt,31,+64yr,1940.0,2004.0
71,59157128,59161565,True,1,2,yearBuilt,32,+66yr,1940.0,2006.0
71,59157128,59161565,True,1,2,yearBuilt,33,+68yr,1940.0,2008.0
71,59157128,59161565,True,1,2,yearBuilt,34,+70yr,1940.0,2010.0
71,59157128,59161565,True,1,2,yearBuilt,35,+72yr,1940.0,2012.0
71,59157128,59161565,True,1,2,yearBuilt,36,+74yr,1940.0,2014.0
71,59157128,59161565,True,1,2,yearBuilt,37,+76yr,1940.0,2016.0
71,59157128,59161565,True,1,2,yearBuilt,38,+78yr,1940.0,2018.0
71,59157128,59161565,True,1,2,yearBuilt,39,+80yr,1940.0,2020.0
71,59157128,59161565,True,1,2,yearBuilt,40,+82yr,1940.0,2022.0
71,59157128,59161565,True,1,2,yearBuilt,41,+84yr,1940.0,2024.0
71,59157128,59161565,True,1,2,lot,0,+100sqft,10018.0,10118.0
71,59157128,59161565,True,1,2,lot,1,+200sqft,10018.0,10218.0
71,59157128,59161565,True,1,2,lot,2,+300sqft,10018.0,10318.0
71,59157128,59161565,True,1,2,lot,3,+400sqft,10018.0,10418.0
71,59157128,59161565,True,1,2,lot,4,+500sqft,10018.0,10518.0
71,59157128,59161565,True,1,2,lot,5,+600sqft,10018.0,10618.0
71,59157128,59161565,True,1,2,lot,6,+700sqft,10018.0,10718.0
71,59157128,59161565,True,1,2,lot,7,+800sqft,10018.0,10818.0
71,59157128,59161565,True,1,2,lot,8,+900sqft,10018.0,10918.0
71,59157128,59161565,True,1,2,lot,9,+1000sqft,10018.0,11018.0
71,59157128,59161565,True,1,2,lot,10,+1100sqft,10018.0,11118.0
71,59157128,59161565,True,1,2,lot,11,+1200sqft,10018.0,11218.0
71,59157128,59161565,True,1,2,lot,12,+1300sqft,10018.0,11318.0
71,59157128,59161565,True,1,2,lot,13,+1400sqft,10018.0,11418.0
71,59157128,59161565,True,1,2,lot,14,+1500sqft,10018.0,11518.0
71,59157128,59161565,True,1,2,lot,15,+1600sqft,10018.0,11618.0
71,59157128,59161565,True,1,2,lot,16,+1700sqft,10018.0,11718.0
71,59157128,59161565,True,1,2,lot,17,+1800sqft,10018.0,11818.0
71,59157128,59161565,True,1,2,lot,18,+1900sqft,10018.0,11918.0
71,59157128,59161565,True,1,2,lot,19,+2000sqft,10018.0,12018.0
71,59157128,59161565,True,1,2,lot,20,+2100sqft,10018.0,12118.0
71,59157128,59161565,True,1,2,lot,21,+2200sqft,10018.0,12218.0
71,59157128,59161565,True,1,2,lot,22,+2300sqft,10018.0,12318.0
71,59157128,59161565,True,1,2,lot,23,+2400sqft,10018.0,12418.0
71,59157128,59161565,True,1,2,lot,24,+2500sqft,10018.0,12518.0
71,59157128,59161565,True,1,2,lot,25,+2600sqft,10018.0,12618.0
71,59157128,59161565,True,1,2,lot,26,+2700sqft,10018.0,12718.0
71,59157128,59161565,True,1,2,lot,27,+2800sqft,10018.0,12818.0
71,59157128,59161565,True,1,2,lot,28,+2900sqft,10018.0,12918.0
71,59157128,59161565,True,1,2,lot,29,+3000sqft,10018.0,13018.0
71,59157128,59161565,True,1,2,lot,30,+3100sqft,10018.0,13118.0
71,59157128,59161565,True,1,2,lot,31,+3200sqft,10018.0,13218.0
71,59157128,59161565,True,1,2,lot,32,+3300sqft,10018.0,13318.0
71,59157128,59161565,True,1,2,lot,33,+3400sqft,10018.0,13418.0
71,59157128,59161565,True,1,2,lot,34,+3500sqft,10018.0,13518.0
71,59157128,59161565,True,1,2,lot,35,+3600sqft,10018.0,13618.0
71,59157128,59161565,True,1,2,lot,36,+3700sqft,10018.0,13718.0
71,59157128,59161565,True,1,2,lot,37,+3800sqft,10018.0,13818.0
71,59157128,59161565,True,1,2,lot,38,+3900sqft,10018.0,13918.0
71,59157128,59161565,True,1,2,lot,39,+4000sqft,10018.0,14018.0
71,59157128,59161565,True,1,2,lot,40,+4100sqft,10018.0,14118.0
71,59157128,59161565,True,1,2,lot,41,+4200sqft,10018.0,14218.0
71,59157128,59161565,True,1,2,lot,42,+4300sqft,10018.0,14318.0
71,59157128,59161565,True,1,2,lot,43,+4400sqft,10018.0,14418.0
71,59157128,59161565,True,1,2,lot,44,+4500sqft,10018.0,14518.0
71,59157128,59161565,True,1,2,lot,45,+4600sqft,10018.0,14618.0
71,59157128,59161565,True,1,2,lot,46,+4700sqft,10018.0,14718.0
71,59157128,59161565,True,1,2,lot,47,+4800sqft,10018.0,14818.0
71,59157128,59161565,True,1,2,lot,48,+4900sqft,10018.0,14918.0
71,59157128,59161565,True,1,2,lot,49,+5000sqft,10018.0,15018.0
72,11649968,11653739,False,2,1,bedrooms,0,+1,3.0,4.0
72,11649968,11653739,False,2,1,bedrooms,1,+2,3.0,5.0
72,11649968,11653739,False,2,1,bedrooms,2,+3,3.0,6.0
72,11649968,11653739,False,2,1,bedrooms,3,+4,3.0,7.0
72,11649968,11653739,False,2,1,bedrooms,4,+5,3.0,8.0
72,11649968,11653739,False,2,1,bedrooms,5,+6,3.0,9.0
72,11649968,11653739,False,2,1,bedrooms,6,+7,3.0,10.0
72,11649968,11653739,False,2,1,bathrooms,0,+1,1.0,2.0
72,11649968,11653739,False,2,1,bathrooms,1,+2,1.0,3.0
72,11649968,11653739,False,2,1,bathrooms,2,+3,1.0,4.0
72,11649968,11653739,False,2,1,bathrooms,3,+4,1.0,5.0
72,11649968,11653739,False,2,1,bathrooms,4,+5,1.0,6.0
72,11649968,11653739,False,2,1,bathrooms,5,+6,1.0,7.0
72,11649968,11653739,False,2,1,bathrooms,6,+7,1.0,8.0
72,11649968,11653739,False,2,1,bathrooms,7,+8,1.0,9.0
72,11649968,11653739,False,2,1,bathrooms,8,+9,1.0,10.0
72,11649968,11653739,False,2,1,yearBuilt,0,+2yr,1910.0,1912.0
72,11649968,11653739,False,2,1,yearBuilt,1,+4yr,1910.0,1914.0
72,11649968,11653739,False,2,1,yearBuilt,2,+6yr,1910.0,1916.0
72,11649968,11653739,False,2,1,yearBuilt,3,+8yr,1910.0,1918.0
72,11649968,11653739,False,2,1,yearBuilt,4,+10yr,1910.0,1920.0
72,11649968,11653739,False,2,1,yearBuilt,5,+12yr,1910.0,1922.0
72,11649968,11653739,False,2,1,yearBuilt,6,+14yr,1910.0,1924.0
72,11649968,11653739,False,2,1,yearBuilt,7,+16yr,1910.0,1926.0
72,11649968,11653739,False,2,1,yearBuilt,8,+18yr,1910.0,1928.0
72,11649968,11653739,False,2,1,yearBuilt,9,+20yr,1910.0,1930.0
72,11649968,11653739,False,2,1,yearBuilt,10,+22yr,1910.0,1932.0
72,11649968,11653739,False,2,1,yearBuilt,11,+24yr,1910.0,1934.0
72,11649968,11653739,False,2,1,yearBuilt,12,+26yr,1910.0,1936.0
72,11649968,11653739,False,2,1,yearBuilt,13,+28yr,1910.0,1938.0
72,11649968,11653739,False,2,1,yearBuilt,14,+30yr,1910.0,1940.0
72,11649968,11653739,False,2,1,yearBuilt,15,+32yr,1910.0,1942.0
72,11649968,11653739,False,2,1,yearBuilt,16,+34yr,1910.0,1944.0
72,11649968,11653739,False,2,1,yearBuilt,17,+36yr,1910.0,1946.0
72,11649968,11653739,False,2,1,yearBuilt,18,+38yr,1910.0,1948.0
72,11649968,11653739,False,2,1,yearBuilt,19,+40yr,1910.0,1950.0
72,11649968,11653739,False,2,1,yearBuilt,20,+42yr,1910.0,1952.0
72,11649968,11653739,False,2,1,yearBuilt,21,+44yr,1910.0,1954.0
72,11649968,11653739,False,2,1,yearBuilt,22,+46yr,1910.0,1956.0
72,11649968,11653739,False,2,1,yearBuilt,23,+48yr,1910.0,1958.0
72,11649968,11653739,False,2,1,yearBuilt,24,+50yr,1910.0,1960.0
72,11649968,11653739,False,2,1,yearBuilt,25,+52yr,1910.0,1962.0
72,11649968,11653739,False,2,1,yearBuilt,26,+54yr,1910.0,1964.0
72,11649968,11653739,False,2,1,yearBuilt,27,+56yr,1910.0,1966.0
72,11649968,11653739,False,2,1,yearBuilt,28,+58yr,1910.0,1968.0
72,11649968,11653739,False,2,1,yearBuilt,29,+60yr,1910.0,1970.0
72,11649968,11653739,False,2,1,yearBuilt,30,+62yr,1910.0,1972.0
72,11649968,11653739,False,2,1,yearBuilt,31,+64yr,1910.0,1974.0
72,11649968,11653739,False,2,1,yearBuilt,32,+66yr,1910.0,1976.0
72,11649968,11653739,False,2,1,yearBuilt,33,+68yr,1910.0,1978.0
72,11649968,11653739,False,2,1,yearBuilt,34,+70yr,1910.0,1980.0
72,11649968,11653739,False,2,1,yearBuilt,35,+72yr,1910.0,1982.0
72,11649968,11653739,False,2,1,yearBuilt,36,+74yr,1910.0,1984.0
72,11649968,11653739,False,2,1,yearBuilt,37,+76yr,1910.0,1986.0
72,11649968,11653739,False,2,1,yearBuilt,38,+78yr,1910.0,1988.0
72,11649968,11653739,False,2,1,yearBuilt,39,+80yr,1910.0,1990.0
72,11649968,11653739,False,2,1,yearBuilt,40,+82yr,1910.0,1992.0
72,11649968,11653739,False,2,1,yearBuilt,41,+84yr,1910.0,1994.0
72,11649968,11653739,False,2,1,yearBuilt,42,+86yr,1910.0,1996.0
72,11649968,11653739,False,2,1,yearBuilt,43,+88yr,1910.0,1998.0
72,11649968,11653739,False,2,1,yearBuilt,44,+90yr,1910.0,2000.0
72,11649968,11653739,False,2,1,yearBuilt,45,+92yr,1910.0,2002.0
72,11649968,11653739,False,2,1,yearBuilt,46,+94yr,1910.0,2004.0
72,11649968,11653739,False,2,1,lot,0,+100sqft,3600.0,3700.0
72,11649968,11653739,False,2,1,lot,1,+200sqft,3600.0,3800.0
72,11649968,11653739,False,2,1,lot,2,+300sqft,3600.0,3900.0
72,11649968,11653739,False,2,1,lot,3,+400sqft,3600.0,4000.0
72,11649968,11653739,False,2,1,lot,4,+500sqft,3600.0,4100.0
72,11649968,11653739,False,2,1,lot,5,+600sqft,3600.0,4200.0
72,11649968,11653739,False,2,1,lot,6,+700sqft,3600.0,4300.0
72,11649968,11653739,False,2,1,lot,7,+800sqft,3600.0,4400.0
72,11649968,11653739,False,2,1,lot,8,+900sqft,3600.0,4500.0
72,11649968,11653739,False,2,1,lot,9,+1000sqft,3600.0,4600.0
72,11649968,11653739,False,2,1,lot,10,+1100sqft,3600.0,4700.0
72,11649968,11653739,False,2,1,lot,11,+1200sqft,3600.0,4800.0
72,11649968,11653739,False,2,1,lot,12,+1300sqft,3600.0,4900.0
72,11649968,11653739,False,2,1,lot,13,+1400sqft,3600.0,5000.0
72,11649968,11653739,False,2,1,lot,14,+1500sqft,3600.0,5100.0
72,11649968,11653739,False,2,1,lot,15,+1600sqft,3600.0,5200.0
72,11649968,11653739,False,2,1,lot,16,+1700sqft,3600.0,5300.0
72,11649968,11653739,False,2,1,lot,17,+1800sqft,3600.0,5400.0
72,11649968,11653739,False,2,1,lot,18,+1900sqft,3600.0,5500.0
72,11649968,11653739,False,2,1,lot,19,+2000sqft,3600.0,5600.0
72,11649968,11653739,False,2,1,lot,20,+2100sqft,3600.0,5700.0
72,11649968,11653739,False,2,1,lot,21,+2200sqft,3600.0,5800.0
72,11649968,11653739,False,2,1,lot,22,+2300sqft,3600.0,5900.0
72,11649968,11653739,False,2,1,lot,23,+2400sqft,3600.0,6000.0
72,11649968,11653739,False,2,1,lot,24,+2500sqft,3600.0,6100.0
72,11649968,11653739,False,2,1,lot,25,+2600sqft,3600.0,6200.0
72,11649968,11653739,False,2,1,lot,26,+2700sqft,3600.0,6300.0
72,11649968,11653739,False,2,1,lot,27,+2800sqft,3600.0,6400.0
72,11649968,11653739,False,2,1,lot,28,+2900sqft,3600.0,6500.0
72,11649968,11653739,False,2,1,lot,29,+3000sqft,3600.0,6600.0
72,11649968,11653739,False,2,1,lot,30,+3100sqft,3600.0,6700.0
72,11649968,11653739,False,2,1,lot,31,+3200sqft,3600.0,6800.0
72,11649968,11653739,False,2,1,lot,32,+3300sqft,3600.0,6900.0
72,11649968,11653739,False,2,1,lot,33,+3400sqft,3600.0,7000.0
72,11649968,11653739,False,2,1,lot,34,+3500sqft,3600.0,7100.0
72,11649968,11653739,False,2,1,lot,35,+3600sqft,3600.0,7200.0
72,11649968,11653739,False,2,1,lot,36,+3700sqft,3600.0,7300.0
72,11649968,11653739,False,2,1,lot,37,+3800sqft,3600.0,7400.0
72,11649968,11653739,False,2,1,lot,38,+3900sqft,3600.0,7500.0
72,11649968,11653739,False,2,1,lot,39,+4000sqft,3600.0,7600.0
72,11649968,11653739,False,2,1,lot,40,+4100sqft,3600.0,7700.0
72,11649968,11653739,False,2,1,lot,41,+4200sqft,3600.0,7800.0
72,11649968,11653739,False,2,1,lot,42,+4300sqft,3600.0,7900.0
72,11649968,11653739,False,2,1,lot,43,+4400sqft,3600.0,8000.0
72,11649968,11653739,False,2,1,lot,44,+4500sqft,3600.0,8100.0
72,11649968,11653739,False,2,1,lot,45,+4600sqft,3600.0,8200.0
72,11649968,11653739,False,2,1,lot,46,+4700sqft,3600.0,8300.0
72,11649968,11653739,False,2,1,lot,47,+4800sqft,3600.0,8400.0
72,11649968,11653739,False,2,1,lot,48,+4900sqft,3600.0,8500.0
72,11649968,11653739,False,2,1,lot,49,+5000sqft,3600.0,8600.0
73,11483882,11590703,False,2,1,bedrooms,0,+1,3.0,4.0
73,11483882,11590703,False,2,1,bedrooms,1,+2,3.0,5.0
73,11483882,11590703,False,2,1,bedrooms,2,+3,3.0,6.0
73,11483882,11590703,False,2,1,bedrooms,3,+4,3.0,7.0
73,11483882,11590703,False,2,1,bedrooms,4,+5,3.0,8.0
73,11483882,11590703,False,2,1,bedrooms,5,+6,3.0,9.0
73,11483882,11590703,False,2,1,bedrooms,6,+7,3.0,10.0
73,11483882,11590703,False,2,1,bathrooms,0,+1,3.0,4.0
73,11483882,11590703,False,2,1,bathrooms,1,+2,3.0,5.0
73,11483882,11590703,False,2,1,bathrooms,2,+3,3.0,6.0
73,11483882,11590703,False,2,1,bathrooms,3,+4,3.0,7.0
73,11483882,11590703,False,2,1,bathrooms,4,+5,3.0,8.0
73,11483882,11590703,False,2,1,bathrooms,5,+6,3.0,9.0
73,11483882,11590703,False,2,1,bathrooms,6,+7,3.0,10.0
73,11483882,11590703,False,2,1,yearBuilt,0,+2yr,1964.0,1966.0
73,11483882,11590703,False,2,1,yearBuilt,1,+4yr,1964.0,1968.0
73,11483882,11590703,False,2,1,yearBuilt,2,+6yr,1964.0,1970.0
73,11483882,11590703,False,2,1,yearBuilt,3,+8yr,1964.0,1972.0
73,11483882,11590703,False,2,1,yearBuilt,4,+10yr,1964.0,1974.0
73,11483882,11590703,False,2,1,yearBuilt,5,+12yr,1964.0,1976.0
73,11483882,11590703,False,2,1,yearBuilt,6,+14yr,1964.0,1978.0
73,11483882,11590703,False,2,1,yearBuilt,7,+16yr,1964.0,1980.0
73,11483882,11590703,False,2,1,yearBuilt,8,+18yr,1964.0,1982.0
73,11483882,11590703,False,2,1,yearBuilt,9,+20yr,1964.0,1984.0
73,11483882,11590703,False,2,1,yearBuilt,10,+22yr,1964.0,1986.0
73,11483882,11590703,False,2,1,yearBuilt,11,+24yr,1964.0,1988.0
73,11483882,11590703,False,2,1,yearBuilt,12,+26yr,1964.0,1990.0
73,11483882,11590703,False,2,1,yearBuilt,13,+28yr,1964.0,1992.0
73,11483882,11590703,False,2,1,yearBuilt,14,+30yr,1964.0,1994.0
73,11483882,11590703,False,2,1,yearBuilt,15,+32yr,1964.0,1996.0
73,11483882,11590703,False,2,1,yearBuilt,16,+34yr,1964.0,1998.0
73,11483882,11590703,False,2,1,yearBuilt,17,+36yr,1964.0,2000.0
73,11483882,11590703,False,2,1,yearBuilt,18,+38yr,1964.0,2002.0
73,11483882,11590703,False,2,1,yearBuilt,19,+40yr,1964.0,2004.0
73,11483882,11590703,False,2,1,yearBuilt,20,+42yr,1964.0,2006.0
73,11483882,11590703,False,2,1,yearBuilt,21,+44yr,1964.0,2008.0
73,11483882,11590703,False,2,1,yearBuilt,22,+46yr,1964.0,2010.0
73,11483882,11590703,False,2,1,yearBuilt,23,+48yr,1964.0,2012.0
73,11483882,11590703,False,2,1,yearBuilt,24,+50yr,1964.0,2014.0
73,11483882,11590703,False,2,1,yearBuilt,25,+52yr,1964.0,2016.0
73,11483882,11590703,False,2,1,yearBuilt,26,+54yr,1964.0,2018.0
73,11483882,11590703,False,2,1,yearBuilt,27,+56yr,1964.0,2020.0
73,11483882,11590703,False,2,1,yearBuilt,28,+58yr,1964.0,2022.0
73,11483882,11590703,False,2,1,yearBuilt,29,+60yr,1964.0,2024.0
73,11483882,11590703,False,2,1,lot,0,+100sqft,9099.0,9199.0
73,11483882,11590703,False,2,1,lot,1,+200sqft,9099.0,9299.0
73,11483882,11590703,False,2,1,lot,2,+300sqft,9099.0,9399.0
73,11483882,11590703,False,2,1,lot,3,+400sqft,9099.0,9499.0
73,11483882,11590703,False,2,1,lot,4,+500sqft,9099.0,9599.0
73,11483882,11590703,False,2,1,lot,5,+600sqft,9099.0,9699.0
73,11483882,11590703,False,2,1,lot,6,+700sqft,9099.0,9799.0
73,11483882,11590703,False,2,1,lot,7,+800sqft,9099.0,9899.0
73,11483882,11590703,False,2,1,lot,8,+900sqft,9099.0,9999.0
73,11483882,11590703,False,2,1,lot,9,+1000sqft,9099.0,10099.0
73,11483882,11590703,False,2,1,lot,10,+1100sqft,9099.0,10199.0
73,11483882,11590703,False,2,1,lot,11,+1200sqft,9099.0,10299.0
73,11483882,11590703,False,2,1,lot,12,+1300sqft,9099.0,10399.0
73,11483882,11590703,False,2,1,lot,13,+1400sqft,9099.0,10499.0
73,11483882,11590703,False,2,1,lot,14,+1500sqft,9099.0,10599.0
73,11483882,11590703,False,2,1,lot,15,+1600sqft,9099.0,10699.0
73,11483882,11590703,False,2,1,lot,16,+1700sqft,9099.0,10799.0
73,11483882,11590703,False,2,1,lot,17,+1800sqft,9099.0,10899.0
73,11483882,11590703,False,2,1,lot,18,+1900sqft,9099.0,10999.0
73,11483882,11590703,False,2,1,lot,19,+2000sqft,9099.0,11099.0
73,11483882,11590703,False,2,1,lot,20,+2100sqft,9099.0,11199.0
73,11483882,11590703,False,2,1,lot,21,+2200sqft,9099.0,11299.0
73,11483882,11590703,False,2,1,lot,22,+2300sqft,9099.0,11399.0
73,11483882,11590703,False,2,1,lot,23,+2400sqft,9099.0,11499.0
73,11483882,11590703,False,2,1,lot,24,+2500sqft,9099.0,11599.0
73,11483882,11590703,False,2,1,lot,25,+2600sqft,9099.0,11699.0
73,11483882,11590703,False,2,1,lot,26,+2700sqft,9099.0,11799.0
73,11483882,11590703,False,2,1,lot,27,+2800sqft,9099.0,11899.0
73,11483882,11590703,False,2,1,lot,28,+2900sqft,9099.0,11999.0
73,11483882,11590703,False,2,1,lot,29,+3000sqft,9099.0,12099.0
73,11483882,11590703,False,2,1,lot,30,+3100sqft,9099.0,12199.0
73,11483882,11590703,False,2,1,lot,31,+3200sqft,9099.0,12299.0
73,11483882,11590703,False,2,1,lot,32,+3300sqft,9099.0,12399.0
73,11483882,11590703,False,2,1,lot,33,+3400sqft,9099.0,12499.0
73,11483882,11590703,False,2,1,lot,34,+3500sqft,9099.0,12599.0
73,11483882,11590703,False,2,1,lot,35,+3600sqft,9099.0,12699.0
73,11483882,11590703,False,2,1,lot,36,+3700sqft,9099.0,12799.0
73,11483882,11590703,False,2,1,lot,37,+3800sqft,9099.0,12899.0
73,11483882,11590703,False,2,1,lot,38,+3900sqft,9099.0,12999.0
73,11483882,11590703,False,2,1,lot,39,+4000sqft,9099.0,13099.0
73,11483882,11590703,False,2,1,lot,40,+4100sqft,9099.0,13199.0
73,11483882,11590703,False,2,1,lot,41,+4200sqft,9099.0,13299.0
73,11483882,11590703,False,2,1,lot,42,+4300sqft,9099.0,13399.0
73,11483882,11590703,False,2,1,lot,43,+4400sqft,9099.0,13499.0
73,11483882,11590703,False,2,1,lot,44,+4500sqft,9099.0,13599.0
73,11483882,11590703,False,2,1,lot,45,+4600sqft,9099.0,13699.0
73,11483882,11590703,False,2,1,lot,46,+4700sqft,9099.0,13799.0
73,11483882,11590703,False,2,1,lot,47,+4800sqft,9099.0,13899.0
73,11483882,11590703,False,2,1,lot,48,+4900sqft,9099.0,13999.0
73,11483882,11590703,False,2,1,lot,49,+5000sqft,9099.0,14099.0
74,11312417,11359516,False,1,2,bedrooms,0,+1,3.0,4.0
74,11312417,11359516,False,1,2,bedrooms,1,+2,3.0,5.0
74,11312417,11359516,False,1,2,bedrooms,2,+3,3.0,6.0
74,11312417,11359516,False,1,2,bedrooms,3,+4,3.0,7.0
74,11312417,11359516,False,1,2,bedrooms,4,+5,3.0,8.0
74,11312417,11359516,False,1,2,bedrooms,5,+6,3.0,9.0
74,11312417,11359516,False,1,2,bedrooms,6,+7,3.0,10.0
74,11312417,11359516,False,1,2,bathrooms,0,+1,3.0,4.0
74,11312417,11359516,False,1,2,bathrooms,1,+2,3.0,5.0
74,11312417,11359516,False,1,2,bathrooms,2,+3,3.0,6.0
74,11312417,11359516,False,1,2,bathrooms,3,+4,3.0,7.0
74,11312417,11359516,False,1,2,bathrooms,4,+5,3.0,8.0
74,11312417,11359516,False,1,2,bathrooms,5,+6,3.0,9.0
74,11312417,11359516,False,1,2,bathrooms,6,+7,3.0,10.0
74,11312417,11359516,False,1,2,yearBuilt,0,+2yr,1941.0,1943.0
74,11312417,11359516,False,1,2,yearBuilt,1,+4yr,1941.0,1945.0
74,11312417,11359516,False,1,2,yearBuilt,2,+6yr,1941.0,1947.0
74,11312417,11359516,False,1,2,yearBuilt,3,+8yr,1941.0,1949.0
74,11312417,11359516,False,1,2,yearBuilt,4,+10yr,1941.0,1951.0
74,11312417,11359516,False,1,2,yearBuilt,5,+12yr,1941.0,1953.0
74,11312417,11359516,False,1,2,yearBuilt,6,+14yr,1941.0,1955.0
74,11312417,11359516,False,1,2,yearBuilt,7,+16yr,1941.0,1957.0
74,11312417,11359516,False,1,2,yearBuilt,8,+18yr,1941.0,1959.0
74,11312417,11359516,False,1,2,yearBuilt,9,+20yr,1941.0,1961.0
74,11312417,11359516,False,1,2,yearBuilt,10,+22yr,1941.0,1963.0
74,11312417,11359516,False,1,2,yearBuilt,11,+24yr,1941.0,1965.0
74,11312417,11359516,False,1,2,yearBuilt,12,+26yr,1941.0,1967.0
74,11312417,11359516,False,1,2,yearBuilt,13,+28yr,1941.0,1969.0
74,11312417,11359516,False,1,2,yearBuilt,14,+30yr,1941.0,1971.0
74,11312417,11359516,False,1,2,yearBuilt,15,+32yr,1941.0,1973.0
74,11312417,11359516,False,1,2,yearBuilt,16,+34yr,1941.0,1975.0
74,11312417,11359516,False,1,2,yearBuilt,17,+36yr,1941.0,1977.0
74,11312417,11359516,False,1,2,yearBuilt,18,+38yr,1941.0,1979.0
74,11312417,11359516,False,1,2,yearBuilt,19,+40yr,1941.0,1981.0
74,11312417,11359516,False,1,2,yearBuilt,20,+42yr,1941.0,1983.0
74,11312417,11359516,False,1,2,yearBuilt,21,+44yr,1941.0,1985.0
74,11312417,11359516,False,1,2,yearBuilt,22,+46yr,1941.0,1987.0
74,11312417,11359516,False,1,2,yearBuilt,23,+48yr,1941.0,1989.0
74,11312417,11359516,False,1,2,yearBuilt,24,+50yr,1941.0,1991.0
74,11312417,11359516,False,1,2,yearBuilt,25,+52yr,1941.0,1993.0
74,11312417,11359516,False,1,2,yearBuilt,26,+54yr,1941.0,1995.0
74,11312417,11359516,False,1,2,yearBuilt,27,+56yr,1941.0,1997.0
74,11312417,11359516,False,1,2,yearBuilt,28,+58yr,1941.0,1999.0
74,11312417,11359516,False,1,2,yearBuilt,29,+60yr,1941.0,2001.0
74,11312417,11359516,False,1,2,yearBuilt,30,+62yr,1941.0,2003.0
74,11312417,11359516,False,1,2,yearBuilt,31,+64yr,1941.0,2005.0
74,11312417,11359516,False,1,2,yearBuilt,32,+66yr,1941.0,2007.0
74,11312417,11359516,False,1,2,yearBuilt,33,+68yr,1941.0,2009.0
74,11312417,11359516,False,1,2,yearBuilt,34,+70yr,1941.0,2011.0
74,11312417,11359516,False,1,2,yearBuilt,35,+72yr,1941.0,2013.0
74,11312417,11359516,False,1,2,yearBuilt,36,+74yr,1941.0,2015.0
74,11312417,11359516,False,1,2,yearBuilt,37,+76yr,1941.0,2017.0
74,11312417,11359516,False,1,2,yearBuilt,38,+78yr,1941.0,2019.0
74,11312417,11359516,False,1,2,yearBuilt,39,+80yr,1941.0,2021.0
74,11312417,11359516,False,1,2,yearBuilt,40,+82yr,1941.0,2023.0
74,11312417,11359516,False,1,2,yearBuilt,41,+84yr,1941.0,2025.0
74,11312417,11359516,False,1,2,lot,0,+100sqft,1292.0,1392.0
74,11312417,11359516,False,1,2,lot,1,+200sqft,1292.0,1492.0
74,11312417,11359516,False,1,2,lot,2,+300sqft,1292.0,1592.0
74,11312417,11359516,False,1,2,lot,3,+400sqft,1292.0,1692.0
74,11312417,11359516,False,1,2,lot,4,+500sqft,1292.0,1792.0
74,11312417,11359516,False,1,2,lot,5,+600sqft,1292.0,1892.0
74,11312417,11359516,False,1,2,lot,6,+700sqft,1292.0,1992.0
74,11312417,11359516,False,1,2,lot,7,+800sqft,1292.0,2092.0
74,11312417,11359516,False,1,2,lot,8,+900sqft,1292.0,2192.0
74,11312417,11359516,False,1,2,lot,9,+1000sqft,1292.0,2292.0
74,11312417,11359516,False,1,2,lot,10,+1100sqft,1292.0,2392.0
74,11312417,11359516,False,1,2,lot,11,+1200sqft,1292.0,2492.0
74,11312417,11359516,False,1,2,lot,12,+1300sqft,1292.0,2592.0
74,11312417,11359516,False,1,2,lot,13,+1400sqft,1292.0,2692.0
74,11312417,11359516,False,1,2,lot,14,+1500sqft,1292.0,2792.0
74,11312417,11359516,False,1,2,lot,15,+1600sqft,1292.0,2892.0
74,11312417,11359516,False,1,2,lot,16,+1700sqft,1292.0,2992.0
74,11312417,11359516,False,1,2,lot,17,+1800sqft,1292.0,3092.0
74,11312417,11359516,False,1,2,lot,18,+1900sqft,1292.0,3192.0
74,11312417,11359516,False,1,2,lot,19,+2000sqft,1292.0,3292.0
74,11312417,11359516,False,1,2,lot,20,+2100sqft,1292.0,3392.0
74,11312417,11359516,False,1,2,lot,21,+2200sqft,1292.0,3492.0
74,11312417,11359516,False,1,2,lot,22,+2300sqft,1292.0,3592.0
74,11312417,11359516,False,1,2,lot,23,+2400sqft,1292.0,3692.0
74,11312417,11359516,False,1,2,lot,24,+2500sqft,1292.0,3792.0
74,11312417,11359516,False,1,2,lot,25,+2600sqft,1292.0,3892.0
74,11312417,11359516,False,1,2,lot,26,+2700sqft,1292.0,3992.0
74,11312417,11359516,False,1,2,lot,27,+2800sqft,1292.0,4092.0
74,11312417,11359516,False,1,2,lot,28,+2900sqft,1292.0,4192.0
74,11312417,11359516,False,1,2,lot,29,+3000sqft,1292.0,4292.0
74,11312417,11359516,False,1,2,lot,30,+3100sqft,1292.0,4392.0
74,11312417,11359516,False,1,2,lot,31,+3200sqft,1292.0,4492.0
74,11312417,11359516,False,1,2,lot,32,+3300sqft,1292.0,4592.0
74,11312417,11359516,False,1,2,lot,33,+3400sqft,1292.0,4692.0
74,11312417,11359516,False,1,2,lot,34,+3500sqft,1292.0,4792.0
74,11312417,11359516,False,1,2,lot,35,+3600sqft,1292.0,4892.0
74,11312417,11359516,False,1,2,lot,36,+3700sqft,1292.0,4992.0
74,11312417,11359516,False,1,2,lot,37,+3800sqft,1292.0,5092.0
74,11312417,11359516,False,1,2,lot,38,+3900sqft,1292.0,5192.0
74,11312417,11359516,False,1,2,lot,39,+4000sqft,1292.0,5292.0
74,11312417,11359516,False,1,2,lot,40,+4100sqft,1292.0,5392.0
74,11312417,11359516,False,1,2,lot,41,+4200sqft,1292.0,5492.0
74,11312417,11359516,False,1,2,lot,42,+4300sqft,1292.0,5592.0
74,11312417,11359516,False,1,2,lot,43,+4400sqft,1292.0,5692.0
74,11312417,11359516,False,1,2,lot,44,+4500sqft,1292.0,5792.0
74,11312417,11359516,False,1,2,lot,45,+4600sqft,1292.0,5892.0
74,11312417,11359516,False,1,2,lot,46,+4700sqft,1292.0,5992.0
74,11312417,11359516,False,1,2,lot,47,+4800sqft,1292.0,6092.0
74,11312417,11359516,False,1,2,lot,48,+4900sqft,1292.0,6192.0
74,11312417,11359516,False,1,2,lot,49,+5000sqft,1292.0,6292.0
75,11484848,11521595,False,2,1,bedrooms,0,+1,4.0,5.0
75,11484848,11521595,False,2,1,bedrooms,1,+2,4.0,6.0
75,11484848,11521595,False,2,1,bedrooms,2,+3,4.0,7.0
75,11484848,11521595,False,2,1,bedrooms,3,+4,4.0,8.0
75,11484848,11521595,False,2,1,bedrooms,4,+5,4.0,9.0
75,11484848,11521595,False,2,1,bedrooms,5,+6,4.0,10.0
75,11484848,11521595,False,2,1,bathrooms,0,+1,3.0,4.0
75,11484848,11521595,False,2,1,bathrooms,1,+2,3.0,5.0
75,11484848,11521595,False,2,1,bathrooms,2,+3,3.0,6.0
75,11484848,11521595,False,2,1,bathrooms,3,+4,3.0,7.0
75,11484848,11521595,False,2,1,bathrooms,4,+5,3.0,8.0
75,11484848,11521595,False,2,1,bathrooms,5,+6,3.0,9.0
75,11484848,11521595,False,2,1,bathrooms,6,+7,3.0,10.0
75,11484848,11521595,False,2,1,yearBuilt,0,+2yr,1950.0,1952.0
75,11484848,11521595,False,2,1,yearBuilt,1,+4yr,1950.0,1954.0
75,11484848,11521595,False,2,1,yearBuilt,2,+6yr,1950.0,1956.0
75,11484848,11521595,False,2,1,yearBuilt,3,+8yr,1950.0,1958.0
75,11484848,11521595,False,2,1,yearBuilt,4,+10yr,1950.0,1960.0
75,11484848,11521595,False,2,1,yearBuilt,5,+12yr,1950.0,1962.0
75,11484848,11521595,False,2,1,yearBuilt,6,+14yr,1950.0,1964.0
75,11484848,11521595,False,2,1,yearBuilt,7,+16yr,1950.0,1966.0
75,11484848,11521595,False,2,1,yearBuilt,8,+18yr,1950.0,1968.0
75,11484848,11521595,False,2,1,yearBuilt,9,+20yr,1950.0,1970.0
75,11484848,11521595,False,2,1,yearBuilt,10,+22yr,1950.0,1972.0
75,11484848,11521595,False,2,1,yearBuilt,11,+24yr,1950.0,1974.0
75,11484848,11521595,False,2,1,yearBuilt,12,+26yr,1950.0,1976.0
75,11484848,11521595,False,2,1,yearBuilt,13,+28yr,1950.0,1978.0
75,11484848,11521595,False,2,1,yearBuilt,14,+30yr,1950.0,1980.0
75,11484848,11521595,False,2,1,yearBuilt,15,+32yr,1950.0,1982.0
75,11484848,11521595,False,2,1,yearBuilt,16,+34yr,1950.0,1984.0
75,11484848,11521595,False,2,1,yearBuilt,17,+36yr,1950.0,1986.0
75,11484848,11521595,False,2,1,yearBuilt,18,+38yr,1950.0,1988.0
75,11484848,11521595,False,2,1,yearBuilt,19,+40yr,1950.0,1990.0
75,11484848,11521595,False,2,1,yearBuilt,20,+42yr,1950.0,1992.0
75,11484848,11521595,False,2,1,yearBuilt,21,+44yr,1950.0,1994.0
75,11484848,11521595,False,2,1,yearBuilt,22,+46yr,1950.0,1996.0
75,11484848,11521595,False,2,1,yearBuilt,23,+48yr,1950.0,1998.0
75,11484848,11521595,False,2,1,yearBuilt,24,+50yr,1950.0,2000.0
75,11484848,11521595,False,2,1,yearBuilt,25,+52yr,1950.0,2002.0
75,11484848,11521595,False,2,1,yearBuilt,26,+54yr,1950.0,2004.0
75,11484848,11521595,False,2,1,yearBuilt,27,+56yr,1950.0,2006.0
75,11484848,11521595,False,2,1,yearBuilt,28,+58yr,1950.0,2008.0
75,11484848,11521595,False,2,1,yearBuilt,29,+60yr,1950.0,2010.0
75,11484848,11521595,False,2,1,yearBuilt,30,+62yr,1950.0,2012.0
75,11484848,11521595,False,2,1,yearBuilt,31,+64yr,1950.0,2014.0
75,11484848,11521595,False,2,1,yearBuilt,32,+66yr,1950.0,2016.0
75,11484848,11521595,False,2,1,yearBuilt,33,+68yr,1950.0,2018.0
75,11484848,11521595,False,2,1,yearBuilt,34,+70yr,1950.0,2020.0
75,11484848,11521595,False,2,1,yearBuilt,35,+72yr,1950.0,2022.0
75,11484848,11521595,False,2,1,yearBuilt,36,+74yr,1950.0,2024.0
75,11484848,11521595,False,2,1,lot,0,+100sqft,0.28,0.2823
75,11484848,11521595,False,2,1,lot,1,+200sqft,0.28,0.2846
75,11484848,11521595,False,2,1,lot,2,+300sqft,0.28,0.2869
75,11484848,11521595,False,2,1,lot,3,+400sqft,0.28,0.2892
75,11484848,11521595,False,2,1,lot,4,+500sqft,0.28,0.2915
75,11484848,11521595,False,2,1,lot,5,+600sqft,0.28,0.2938
75,11484848,11521595,False,2,1,lot,6,+700sqft,0.28,0.2961
75,11484848,11521595,False,2,1,lot,7,+800sqft,0.28,0.2984
75,11484848,11521595,False,2,1,lot,8,+900sqft,0.28,0.3007
75,11484848,11521595,False,2,1,lot,9,+1000sqft,0.28,0.303
75,11484848,11521595,False,2,1,lot,10,+1100sqft,0.28,0.3053
75,11484848,11521595,False,2,1,lot,11,+1200sqft,0.28,0.3075
75,11484848,11521595,False,2,1,lot,12,+1300sqft,0.28,0.3098
75,11484848,11521595,False,2,1,lot,13,+1400sqft,0.28,0.3121
75,11484848,11521595,False,2,1,lot,14,+1500sqft,0.28,0.3144
75,11484848,11521595,False,2,1,lot,15,+1600sqft,0.28,0.3167
75,11484848,11521595,False,2,1,lot,16,+1700sqft,0.28,0.319
75,11484848,11521595,False,2,1,lot,17,+1800sqft,0.28,0.3213
75,11484848,11521595,False,2,1,lot,18,+1900sqft,0.28,0.3236
75,11484848,11521595,False,2,1,lot,19,+2000sqft,0.28,0.3259
75,11484848,11521595,False,2,1,lot,20,+2100sqft,0.28,0.3282
75,11484848,11521595,False,2,1,lot,21,+2200sqft,0.28,0.3305
75,11484848,11521595,False,2,1,lot,22,+2300sqft,0.28,0.3328
75,11484848,11521595,False,2,1,lot,23,+2400sqft,0.28,0.3351
75,11484848,11521595,False,2,1,lot,24,+2500sqft,0.28,0.3374
75,11484848,11521595,False,2,1,lot,25,+2600sqft,0.28,0.3397
75,11484848,11521595,False,2,1,lot,26,+2700sqft,0.28,0.342
75,11484848,11521595,False,2,1,lot,27,+2800sqft,0.28,0.3443
75,11484848,11521595,False,2,1,lot,28,+2900sqft,0.28,0.3466
75,11484848,11521595,False,2,1,lot,29,+3000sqft,0.28,0.3489
75,11484848,11521595,False,2,1,lot,30,+3100sqft,0.28,0.3512
75,11484848,11521595,False,2,1,lot,31,+3200sqft,0.28,0.3535
75,11484848,11521595,False,2,1,lot,32,+3300sqft,0.28,0.3558
75,11484848,11521595,False,2,1,lot,33,+3400sqft,0.28,0.3581
75,11484848,11521595,False,2,1,lot,34,+3500sqft,0.28,0.3603
75,11484848,11521595,False,2,1,lot,35,+3600sqft,0.28,0.3626
75,11484848,11521595,False,2,1,lot,36,+3700sqft,0.28,0.3649
75,11484848,11521595,False,2,1,lot,37,+3800sqft,0.28,0.3672
75,11484848,11521595,False,2,1,lot,38,+3900sqft,0.28,0.3695
75,11484848,11521595,False,2,1,lot,39,+4000sqft,0.28,0.3718
75,11484848,11521595,False,2,1,lot,40,+4100sqft,0.28,0.3741
75,11484848,11521595,False,2,1,lot,41,+4200sqft,0.28,0.3764
75,11484848,11521595,False,2,1,lot,42,+4300sqft,0.28,0.3787
75,11484848,11521595,False,2,1,lot,43,+4400sqft,0.28,0.381
75,11484848,11521595,False,2,1,lot,44,+4500sqft,0.28,0.3833
75,11484848,11521595,False,2,1,lot,45,+4600sqft,0.28,0.3856
75,11484848,11521595,False,2,1,lot,46,+4700sqft,0.28,0.3879
75,11484848,11521595,False,2,1,lot,47,+4800sqft,0.28,0.3902
75,11484848,11521595,False,2,1,lot,48,+4900sqft,0.28,0.3925
75,11484848,11521595,False,2,1,lot,49,+5000sqft,0.28,0.3948
76,11514124,11514650,False,1,2,bedrooms,0,+1,2.0,3.0
76,11514124,11514650,False,1,2,bedrooms,1,+2,2.0,4.0
76,11514124,11514650,False,1,2,bedrooms,2,+3,2.0,5.0
76,11514124,11514650,False,1,2,bedrooms,3,+4,2.0,6.0
76,11514124,11514650,False,1,2,bedrooms,4,+5,2.0,7.0
76,11514124,11514650,False,1,2,bedrooms,5,+6,2.0,8.0
76,11514124,11514650,False,1,2,bedrooms,6,+7,2.0,9.0
76,11514124,11514650,False,1,2,bedrooms,7,+8,2.0,10.0
76,11514124,11514650,False,1,2,bathrooms,0,+1,1.0,2.0
76,11514124,11514650,False,1,2,bathrooms,1,+2,1.0,3.0
76,11514124,11514650,False,1,2,bathrooms,2,+3,1.0,4.0
76,11514124,11514650,False,1,2,bathrooms,3,+4,1.0,5.0
76,11514124,11514650,False,1,2,bathrooms,4,+5,1.0,6.0
76,11514124,11514650,False,1,2,bathrooms,5,+6,1.0,7.0
76,11514124,11514650,False,1,2,bathrooms,6,+7,1.0,8.0
76,11514124,11514650,False,1,2,bathrooms,7,+8,1.0,9.0
76,11514124,11514650,False,1,2,bathrooms,8,+9,1.0,10.0
76,11514124,11514650,False,1,2,yearBuilt,0,+2yr,1890.0,1892.0
76,11514124,11514650,False,1,2,yearBuilt,1,+4yr,1890.0,1894.0
76,11514124,11514650,False,1,2,yearBuilt,2,+6yr,1890.0,1896.0
76,11514124,11514650,False,1,2,yearBuilt,3,+8yr,1890.0,1898.0
76,11514124,11514650,False,1,2,yearBuilt,4,+10yr,1890.0,1900.0
76,11514124,11514650,False,1,2,yearBuilt,5,+12yr,1890.0,1902.0
76,11514124,11514650,False,1,2,yearBuilt,6,+14yr,1890.0,1904.0
76,11514124,11514650,False,1,2,yearBuilt,7,+16yr,1890.0,1906.0
76,11514124,11514650,False,1,2,yearBuilt,8,+18yr,1890.0,1908.0
76,11514124,11514650,False,1,2,yearBuilt,9,+20yr,1890.0,1910.0
76,11514124,11514650,False,1,2,yearBuilt,10,+22yr,1890.0,1912.0
76,11514124,11514650,False,1,2,yearBuilt,11,+24yr,1890.0,1914.0
76,11514124,11514650,False,1,2,yearBuilt,12,+26yr,1890.0,1916.0
76,11514124,11514650,False,1,2,yearBuilt,13,+28yr,1890.0,1918.0
76,11514124,11514650,False,1,2,yearBuilt,14,+30yr,1890.0,1920.0
76,11514124,11514650,False,1,2,yearBuilt,15,+32yr,1890.0,1922.0
76,11514124,11514650,False,1,2,yearBuilt,16,+34yr,1890.0,1924.0
76,11514124,11514650,False,1,2,yearBuilt,17,+36yr,1890.0,1926.0
76,11514124,11514650,False,1,2,yearBuilt,18,+38yr,1890.0,1928.0
76,11514124,11514650,False,1,2,yearBuilt,19,+40yr,1890.0,1930.0
76,11514124,11514650,False,1,2,yearBuilt,20,+42yr,1890.0,1932.0
76,11514124,11514650,False,1,2,yearBuilt,21,+44yr,1890.0,1934.0
76,11514124,11514650,False,1,2,yearBuilt,22,+46yr,1890.0,1936.0
76,11514124,11514650,False,1,2,yearBuilt,23,+48yr,1890.0,1938.0
76,11514124,11514650,False,1,2,yearBuilt,24,+50yr,1890.0,1940.0
76,11514124,11514650,False,1,2,yearBuilt,25,+52yr,1890.0,1942.0
76,11514124,11514650,False,1,2,yearBuilt,26,+54yr,1890.0,1944.0
76,11514124,11514650,False,1,2,yearBuilt,27,+56yr,1890.0,1946.0
76,11514124,11514650,False,1,2,yearBuilt,28,+58yr,1890.0,1948.0
76,11514124,11514650,False,1,2,yearBuilt,29,+60yr,1890.0,1950.0
76,11514124,11514650,False,1,2,yearBuilt,30,+62yr,1890.0,1952.0
76,11514124,11514650,False,1,2,yearBuilt,31,+64yr,1890.0,1954.0
76,11514124,11514650,False,1,2,yearBuilt,32,+66yr,1890.0,1956.0
76,11514124,11514650,False,1,2,yearBuilt,33,+68yr,1890.0,1958.0
76,11514124,11514650,False,1,2,yearBuilt,34,+70yr,1890.0,1960.0
76,11514124,11514650,False,1,2,yearBuilt,35,+72yr,1890.0,1962.0
76,11514124,11514650,False,1,2,yearBuilt,36,+74yr,1890.0,1964.0
76,11514124,11514650,False,1,2,yearBuilt,37,+76yr,1890.0,1966.0
76,11514124,11514650,False,1,2,yearBuilt,38,+78yr,1890.0,1968.0
76,11514124,11514650,False,1,2,yearBuilt,39,+80yr,1890.0,1970.0
76,11514124,11514650,False,1,2,yearBuilt,40,+82yr,1890.0,1972.0
76,11514124,11514650,False,1,2,yearBuilt,41,+84yr,1890.0,1974.0
76,11514124,11514650,False,1,2,yearBuilt,42,+86yr,1890.0,1976.0
76,11514124,11514650,False,1,2,yearBuilt,43,+88yr,1890.0,1978.0
76,11514124,11514650,False,1,2,yearBuilt,44,+90yr,1890.0,1980.0
76,11514124,11514650,False,1,2,yearBuilt,45,+92yr,1890.0,1982.0
76,11514124,11514650,False,1,2,yearBuilt,46,+94yr,1890.0,1984.0
76,11514124,11514650,False,1,2,lot,0,+100sqft,1999.0,2099.0
76,11514124,11514650,False,1,2,lot,1,+200sqft,1999.0,2199.0
76,11514124,11514650,False,1,2,lot,2,+300sqft,1999.0,2299.0
76,11514124,11514650,False,1,2,lot,3,+400sqft,1999.0,2399.0
76,11514124,11514650,False,1,2,lot,4,+500sqft,1999.0,2499.0
76,11514124,11514650,False,1,2,lot,5,+600sqft,1999.0,2599.0
76,11514124,11514650,False,1,2,lot,6,+700sqft,1999.0,2699.0
76,11514124,11514650,False,1,2,lot,7,+800sqft,1999.0,2799.0
76,11514124,11514650,False,1,2,lot,8,+900sqft,1999.0,2899.0
76,11514124,11514650,False,1,2,lot,9,+1000sqft,1999.0,2999.0
76,11514124,11514650,False,1,2,lot,10,+1100sqft,1999.0,3099.0
76,11514124,11514650,False,1,2,lot,11,+1200sqft,1999.0,3199.0
76,11514124,11514650,False,1,2,lot,12,+1300sqft,1999.0,3299.0
76,11514124,11514650,False,1,2,lot,13,+1400sqft,1999.0,3399.0
76,11514124,11514650,False,1,2,lot,14,+1500sqft,1999.0,3499.0
76,11514124,11514650,False,1,2,lot,15,+1600sqft,1999.0,3599.0
76,11514124,11514650,False,1,2,lot,16,+1700sqft,1999.0,3699.0
76,11514124,11514650,False,1,2,lot,17,+1800sqft,1999.0,3799.0
76,11514124,11514650,False,1,2,lot,18,+1900sqft,1999.0,3899.0
76,11514124,11514650,False,1,2,lot,19,+2000sqft,1999.0,3999.0
76,11514124,11514650,False,1,2,lot,20,+2100sqft,1999.0,4099.0
76,11514124,11514650,False,1,2,lot,21,+2200sqft,1999.0,4199.0
76,11514124,11514650,False,1,2,lot,22,+2300sqft,1999.0,4299.0
76,11514124,11514650,False,1,2,lot,23,+2400sqft,1999.0,4399.0
76,11514124,11514650,False,1,2,lot,24,+2500sqft,1999.0,4499.0
76,11514124,11514650,False,1,2,lot,25,+2600sqft,1999.0,4599.0
76,11514124,11514650,False,1,2,lot,26,+2700sqft,1999.0,4699.0
76,11514124,11514650,False,1,2,lot,27,+2800sqft,1999.0,4799.0
76,11514124,11514650,False,1,2,lot,28,+2900sqft,1999.0,4899.0
76,11514124,11514650,False,1,2,lot,29,+3000sqft,1999.0,4999.0
76,11514124,11514650,False,1,2,lot,30,+3100sqft,1999.0,5099.0
76,11514124,11514650,False,1,2,lot,31,+3200sqft,1999.0,5199.0
76,11514124,11514650,False,1,2,lot,32,+3300sqft,1999.0,5299.0
76,11514124,11514650,False,1,2,lot,33,+3400sqft,1999.0,5399.0
76,11514124,11514650,False,1,2,lot,34,+3500sqft,1999.0,5499.0
76,11514124,11514650,False,1,2,lot,35,+3600sqft,1999.0,5599.0
76,11514124,11514650,False,1,2,lot,36,+3700sqft,1999.0,5699.0
76,11514124,11514650,False,1,2,lot,37,+3800sqft,1999.0,5799.0
76,11514124,11514650,False,1,2,lot,38,+3900sqft,1999.0,5899.0
76,11514124,11514650,False,1,2,lot,39,+4000sqft,1999.0,5999.0
76,11514124,11514650,False,1,2,lot,40,+4100sqft,1999.0,6099.0
76,11514124,11514650,False,1,2,lot,41,+4200sqft,1999.0,6199.0
76,11514124,11514650,False,1,2,lot,42,+4300sqft,1999.0,6299.0
76,11514124,11514650,False,1,2,lot,43,+4400sqft,1999.0,6399.0
76,11514124,11514650,False,1,2,lot,44,+4500sqft,1999.0,6499.0
76,11514124,11514650,False,1,2,lot,45,+4600sqft,1999.0,6599.0
76,11514124,11514650,False,1,2,lot,46,+4700sqft,1999.0,6699.0
76,11514124,11514650,False,1,2,lot,47,+4800sqft,1999.0,6799.0
76,11514124,11514650,False,1,2,lot,48,+4900sqft,1999.0,6899.0
76,11514124,11514650,False,1,2,lot,49,+5000sqft,1999.0,6999.0
77,11404834,11405320,True,1,2,bedrooms,0,+1,4.0,5.0
77,11404834,11405320,True,1,2,bedrooms,1,+2,4.0,6.0
77,11404834,11405320,True,1,2,bedrooms,2,+3,4.0,7.0
77,11404834,11405320,True,1,2,bedrooms,3,+4,4.0,8.0
77,11404834,11405320,True,1,2,bedrooms,4,+5,4.0,9.0
77,11404834,11405320,True,1,2,bedrooms,5,+6,4.0,10.0
77,11404834,11405320,True,1,2,bathrooms,0,+1,2.0,3.0
77,11404834,11405320,True,1,2,bathrooms,1,+2,2.0,4.0
77,11404834,11405320,True,1,2,bathrooms,2,+3,2.0,5.0
77,11404834,11405320,True,1,2,bathrooms,3,+4,2.0,6.0
77,11404834,11405320,True,1,2,bathrooms,4,+5,2.0,7.0
77,11404834,11405320,True,1,2,bathrooms,5,+6,2.0,8.0
77,11404834,11405320,True,1,2,bathrooms,6,+7,2.0,9.0
77,11404834,11405320,True,1,2,bathrooms,7,+8,2.0,10.0
77,11404834,11405320,True,1,2,yearBuilt,0,+2yr,1897.0,1899.0
77,11404834,11405320,True,1,2,yearBuilt,1,+4yr,1897.0,1901.0
77,11404834,11405320,True,1,2,yearBuilt,2,+6yr,1897.0,1903.0
77,11404834,11405320,True,1,2,yearBuilt,3,+8yr,1897.0,1905.0
77,11404834,11405320,True,1,2,yearBuilt,4,+10yr,1897.0,1907.0
77,11404834,11405320,True,1,2,yearBuilt,5,+12yr,1897.0,1909.0
77,11404834,11405320,True,1,2,yearBuilt,6,+14yr,1897.0,1911.0
77,11404834,11405320,True,1,2,yearBuilt,7,+16yr,1897.0,1913.0
77,11404834,11405320,True,1,2,yearBuilt,8,+18yr,1897.0,1915.0
77,11404834,11405320,True,1,2,yearBuilt,9,+20yr,1897.0,1917.0
77,11404834,11405320,True,1,2,yearBuilt,10,+22yr,1897.0,1919.0
77,11404834,11405320,True,1,2,yearBuilt,11,+24yr,1897.0,1921.0
77,11404834,11405320,True,1,2,yearBuilt,12,+26yr,1897.0,1923.0
77,11404834,11405320,True,1,2,yearBuilt,13,+28yr,1897.0,1925.0
77,11404834,11405320,True,1,2,yearBuilt,14,+30yr,1897.0,1927.0
77,11404834,11405320,True,1,2,yearBuilt,15,+32yr,1897.0,1929.0
77,11404834,11405320,True,1,2,yearBuilt,16,+34yr,1897.0,1931.0
77,11404834,11405320,True,1,2,yearBuilt,17,+36yr,1897.0,1933.0
77,11404834,11405320,True,1,2,yearBuilt,18,+38yr,1897.0,1935.0
77,11404834,11405320,True,1,2,yearBuilt,19,+40yr,1897.0,1937.0
77,11404834,11405320,True,1,2,yearBuilt,20,+42yr,1897.0,1939.0
77,11404834,11405320,True,1,2,yearBuilt,21,+44yr,1897.0,1941.0
77,11404834,11405320,True,1,2,yearBuilt,22,+46yr,1897.0,1943.0
77,11404834,11405320,True,1,2,yearBuilt,23,+48yr,1897.0,1945.0
77,11404834,11405320,True,1,2,yearBuilt,24,+50yr,1897.0,1947.0
77,11404834,11405320,True,1,2,yearBuilt,25,+52yr,1897.0,1949.0
77,11404834,11405320,True,1,2,yearBuilt,26,+54yr,1897.0,1951.0
77,11404834,11405320,True,1,2,yearBuilt,27,+56yr,1897.0,1953.0
77,11404834,11405320,True,1,2,yearBuilt,28,+58yr,1897.0,1955.0
77,11404834,11405320,True,1,2,yearBuilt,29,+60yr,1897.0,1957.0
77,11404834,11405320,True,1,2,yearBuilt,30,+62yr,1897.0,1959.0
77,11404834,11405320,True,1,2,yearBuilt,31,+64yr,1897.0,1961.0
77,11404834,11405320,True,1,2,yearBuilt,32,+66yr,1897.0,1963.0
77,11404834,11405320,True,1,2,yearBuilt,33,+68yr,1897.0,1965.0
77,11404834,11405320,True,1,2,yearBuilt,34,+70yr,1897.0,1967.0
77,11404834,11405320,True,1,2,yearBuilt,35,+72yr,1897.0,1969.0
77,11404834,11405320,True,1,2,yearBuilt,36,+74yr,1897.0,1971.0
77,11404834,11405320,True,1,2,yearBuilt,37,+76yr,1897.0,1973.0
77,11404834,11405320,True,1,2,yearBuilt,38,+78yr,1897.0,1975.0
77,11404834,11405320,True,1,2,yearBuilt,39,+80yr,1897.0,1977.0
77,11404834,11405320,True,1,2,yearBuilt,40,+82yr,1897.0,1979.0
77,11404834,11405320,True,1,2,yearBuilt,41,+84yr,1897.0,1981.0
77,11404834,11405320,True,1,2,yearBuilt,42,+86yr,1897.0,1983.0
77,11404834,11405320,True,1,2,yearBuilt,43,+88yr,1897.0,1985.0
77,11404834,11405320,True,1,2,yearBuilt,44,+90yr,1897.0,1987.0
77,11404834,11405320,True,1,2,yearBuilt,45,+92yr,1897.0,1989.0
77,11404834,11405320,True,1,2,yearBuilt,46,+94yr,1897.0,1991.0
77,11404834,11405320,True,1,2,lot,0,+100sqft,10349.0,10449.0
77,11404834,11405320,True,1,2,lot,1,+200sqft,10349.0,10549.0
77,11404834,11405320,True,1,2,lot,2,+300sqft,10349.0,10649.0
77,11404834,11405320,True,1,2,lot,3,+400sqft,10349.0,10749.0
77,11404834,11405320,True,1,2,lot,4,+500sqft,10349.0,10849.0
77,11404834,11405320,True,1,2,lot,5,+600sqft,10349.0,10949.0
77,11404834,11405320,True,1,2,lot,6,+700sqft,10349.0,11049.0
77,11404834,11405320,True,1,2,lot,7,+800sqft,10349.0,11149.0
77,11404834,11405320,True,1,2,lot,8,+900sqft,10349.0,11249.0
77,11404834,11405320,True,1,2,lot,9,+1000sqft,10349.0,11349.0
77,11404834,11405320,True,1,2,lot,10,+1100sqft,10349.0,11449.0
77,11404834,11405320,True,1,2,lot,11,+1200sqft,10349.0,11549.0
77,11404834,11405320,True,1,2,lot,12,+1300sqft,10349.0,11649.0
77,11404834,11405320,True,1,2,lot,13,+1400sqft,10349.0,11749.0
77,11404834,11405320,True,1,2,lot,14,+1500sqft,10349.0,11849.0
77,11404834,11405320,True,1,2,lot,15,+1600sqft,10349.0,11949.0
77,11404834,11405320,True,1,2,lot,16,+1700sqft,10349.0,12049.0
77,11404834,11405320,True,1,2,lot,17,+1800sqft,10349.0,12149.0
77,11404834,11405320,True,1,2,lot,18,+1900sqft,10349.0,12249.0
77,11404834,11405320,True,1,2,lot,19,+2000sqft,10349.0,12349.0
77,11404834,11405320,True,1,2,lot,20,+2100sqft,10349.0,12449.0
77,11404834,11405320,True,1,2,lot,21,+2200sqft,10349.0,12549.0
77,11404834,11405320,True,1,2,lot,22,+2300sqft,10349.0,12649.0
77,11404834,11405320,True,1,2,lot,23,+2400sqft,10349.0,12749.0
77,11404834,11405320,True,1,2,lot,24,+2500sqft,10349.0,12849.0
77,11404834,11405320,True,1,2,lot,25,+2600sqft,10349.0,12949.0
77,11404834,11405320,True,1,2,lot,26,+2700sqft,10349.0,13049.0
77,11404834,11405320,True,1,2,lot,27,+2800sqft,10349.0,13149.0
77,11404834,11405320,True,1,2,lot,28,+2900sqft,10349.0,13249.0
77,11404834,11405320,True,1,2,lot,29,+3000sqft,10349.0,13349.0
77,11404834,11405320,True,1,2,lot,30,+3100sqft,10349.0,13449.0
77,11404834,11405320,True,1,2,lot,31,+3200sqft,10349.0,13549.0
77,11404834,11405320,True,1,2,lot,32,+3300sqft,10349.0,13649.0
77,11404834,11405320,True,1,2,lot,33,+3400sqft,10349.0,13749.0
77,11404834,11405320,True,1,2,lot,34,+3500sqft,10349.0,13849.0
77,11404834,11405320,True,1,2,lot,35,+3600sqft,10349.0,13949.0
77,11404834,11405320,True,1,2,lot,36,+3700sqft,10349.0,14049.0
77,11404834,11405320,True,1,2,lot,37,+3800sqft,10349.0,14149.0
77,11404834,11405320,True,1,2,lot,38,+3900sqft,10349.0,14249.0
77,11404834,11405320,True,1,2,lot,39,+4000sqft,10349.0,14349.0
77,11404834,11405320,True,1,2,lot,40,+4100sqft,10349.0,14449.0
77,11404834,11405320,True,1,2,lot,41,+4200sqft,10349.0,14549.0
77,11404834,11405320,True,1,2,lot,42,+4300sqft,10349.0,14649.0
77,11404834,11405320,True,1,2,lot,43,+4400sqft,10349.0,14749.0
77,11404834,11405320,True,1,2,lot,44,+4500sqft,10349.0,14849.0
77,11404834,11405320,True,1,2,lot,45,+4600sqft,10349.0,14949.0
77,11404834,11405320,True,1,2,lot,46,+4700sqft,10349.0,15049.0
77,11404834,11405320,True,1,2,lot,47,+4800sqft,10349.0,15149.0
77,11404834,11405320,True,1,2,lot,48,+4900sqft,10349.0,15249.0
77,11404834,11405320,True,1,2,lot,49,+5000sqft,10349.0,15349.0
78,11561836,11653749,False,1,2,bedrooms,0,+1,2.0,3.0
78,11561836,11653749,False,1,2,bedrooms,1,+2,2.0,4.0
78,11561836,11653749,False,1,2,bedrooms,2,+3,2.0,5.0
78,11561836,11653749,False,1,2,bedrooms,3,+4,2.0,6.0
78,11561836,11653749,False,1,2,bedrooms,4,+5,2.0,7.0
78,11561836,11653749,False,1,2,bedrooms,5,+6,2.0,8.0
78,11561836,11653749,False,1,2,bedrooms,6,+7,2.0,9.0
78,11561836,11653749,False,1,2,bedrooms,7,+8,2.0,10.0
78,11561836,11653749,False,1,2,bathrooms,0,+1,2.0,3.0
78,11561836,11653749,False,1,2,bathrooms,1,+2,2.0,4.0
78,11561836,11653749,False,1,2,bathrooms,2,+3,2.0,5.0
78,11561836,11653749,False,1,2,bathrooms,3,+4,2.0,6.0
78,11561836,11653749,False,1,2,bathrooms,4,+5,2.0,7.0
78,11561836,11653749,False,1,2,bathrooms,5,+6,2.0,8.0
78,11561836,11653749,False,1,2,bathrooms,6,+7,2.0,9.0
78,11561836,11653749,False,1,2,bathrooms,7,+8,2.0,10.0
78,11561836,11653749,False,1,2,yearBuilt,0,+2yr,1940.0,1942.0
78,11561836,11653749,False,1,2,yearBuilt,1,+4yr,1940.0,1944.0
78,11561836,11653749,False,1,2,yearBuilt,2,+6yr,1940.0,1946.0
78,11561836,11653749,False,1,2,yearBuilt,3,+8yr,1940.0,1948.0
78,11561836,11653749,False,1,2,yearBuilt,4,+10yr,1940.0,1950.0
78,11561836,11653749,False,1,2,yearBuilt,5,+12yr,1940.0,1952.0
78,11561836,11653749,False,1,2,yearBuilt,6,+14yr,1940.0,1954.0
78,11561836,11653749,False,1,2,yearBuilt,7,+16yr,1940.0,1956.0
78,11561836,11653749,False,1,2,yearBuilt,8,+18yr,1940.0,1958.0
78,11561836,11653749,False,1,2,yearBuilt,9,+20yr,1940.0,1960.0
78,11561836,11653749,False,1,2,yearBuilt,10,+22yr,1940.0,1962.0
78,11561836,11653749,False,1,2,yearBuilt,11,+24yr,1940.0,1964.0
78,11561836,11653749,False,1,2,yearBuilt,12,+26yr,1940.0,1966.0
78,11561836,11653749,False,1,2,yearBuilt,13,+28yr,1940.0,1968.0
78,11561836,11653749,False,1,2,yearBuilt,14,+30yr,1940.0,1970.0
78,11561836,11653749,False,1,2,yearBuilt,15,+32yr,1940.0,1972.0
78,11561836,11653749,False,1,2,yearBuilt,16,+34yr,1940.0,1974.0
78,11561836,11653749,False,1,2,yearBuilt,17,+36yr,1940.0,1976.0
78,11561836,11653749,False,1,2,yearBuilt,18,+38yr,1940.0,1978.0
78,11561836,11653749,False,1,2,yearBuilt,19,+40yr,1940.0,1980.0
78,11561836,11653749,False,1,2,yearBuilt,20,+42yr,1940.0,1982.0
78,11561836,11653749,False,1,2,yearBuilt,21,+44yr,1940.0,1984.0
78,11561836,11653749,False,1,2,yearBuilt,22,+46yr,1940.0,1986.0
78,11561836,11653749,False,1,2,yearBuilt,23,+48yr,1940.0,1988.0
78,11561836,11653749,False,1,2,yearBuilt,24,+50yr,1940.0,1990.0
78,11561836,11653749,False,1,2,yearBuilt,25,+52yr,1940.0,1992.0
78,11561836,11653749,False,1,2,yearBuilt,26,+54yr,1940.0,1994.0
78,11561836,11653749,False,1,2,yearBuilt,27,+56yr,1940.0,1996.0
78,11561836,11653749,False,1,2,yearBuilt,28,+58yr,1940.0,1998.0
78,11561836,11653749,False,1,2,yearBuilt,29,+60yr,1940.0,2000.0
78,11561836,11653749,False,1,2,yearBuilt,30,+62yr,1940.0,2002.0
78,11561836,11653749,False,1,2,yearBuilt,31,+64yr,1940.0,2004.0
78,11561836,11653749,False,1,2,yearBuilt,32,+66yr,1940.0,2006.0
78,11561836,11653749,False,1,2,yearBuilt,33,+68yr,1940.0,2008.0
78,11561836,11653749,False,1,2,yearBuilt,34,+70yr,1940.0,2010.0
78,11561836,11653749,False,1,2,yearBuilt,35,+72yr,1940.0,2012.0
78,11561836,11653749,False,1,2,yearBuilt,36,+74yr,1940.0,2014.0
78,11561836,11653749,False,1,2,yearBuilt,37,+76yr,1940.0,2016.0
78,11561836,11653749,False,1,2,yearBuilt,38,+78yr,1940.0,2018.0
78,11561836,11653749,False,1,2,yearBuilt,39,+80yr,1940.0,2020.0
78,11561836,11653749,False,1,2,yearBuilt,40,+82yr,1940.0,2022.0
78,11561836,11653749,False,1,2,yearBuilt,41,+84yr,1940.0,2024.0
78,11561836,11653749,False,1,2,lot,0,+100sqft,4965.0,5065.0
78,11561836,11653749,False,1,2,lot,1,+200sqft,4965.0,5165.0
78,11561836,11653749,False,1,2,lot,2,+300sqft,4965.0,5265.0
78,11561836,11653749,False,1,2,lot,3,+400sqft,4965.0,5365.0
78,11561836,11653749,False,1,2,lot,4,+500sqft,4965.0,5465.0
78,11561836,11653749,False,1,2,lot,5,+600sqft,4965.0,5565.0
78,11561836,11653749,False,1,2,lot,6,+700sqft,4965.0,5665.0
78,11561836,11653749,False,1,2,lot,7,+800sqft,4965.0,5765.0
78,11561836,11653749,False,1,2,lot,8,+900sqft,4965.0,5865.0
78,11561836,11653749,False,1,2,lot,9,+1000sqft,4965.0,5965.0
78,11561836,11653749,False,1,2,lot,10,+1100sqft,4965.0,6065.0
78,11561836,11653749,False,1,2,lot,11,+1200sqft,4965.0,6165.0
78,11561836,11653749,False,1,2,lot,12,+1300sqft,4965.0,6265.0
78,11561836,11653749,False,1,2,lot,13,+1400sqft,4965.0,6365.0
78,11561836,11653749,False,1,2,lot,14,+1500sqft,4965.0,6465.0
78,11561836,11653749,False,1,2,lot,15,+1600sqft,4965.0,6565.0
78,11561836,11653749,False,1,2,lot,16,+1700sqft,4965.0,6665.0
78,11561836,11653749,False,1,2,lot,17,+1800sqft,4965.0,6765.0
78,11561836,11653749,False,1,2,lot,18,+1900sqft,4965.0,6865.0
78,11561836,11653749,False,1,2,lot,19,+2000sqft,4965.0,6965.0
78,11561836,11653749,False,1,2,lot,20,+2100sqft,4965.0,7065.0
78,11561836,11653749,False,1,2,lot,21,+2200sqft,4965.0,7165.0
78,11561836,11653749,False,1,2,lot,22,+2300sqft,4965.0,7265.0
78,11561836,11653749,False,1,2,lot,23,+2400sqft,4965.0,7365.0
78,11561836,11653749,False,1,2,lot,24,+2500sqft,4965.0,7465.0
78,11561836,11653749,False,1,2,lot,25,+2600sqft,4965.0,7565.0
78,11561836,11653749,False,1,2,lot,26,+2700sqft,4965.0,7665.0
78,11561836,11653749,False,1,2,lot,27,+2800sqft,4965.0,7765.0
78,11561836,11653749,False,1,2,lot,28,+2900sqft,4965.0,7865.0
78,11561836,11653749,False,1,2,lot,29,+3000sqft,4965.0,7965.0
78,11561836,11653749,False,1,2,lot,30,+3100sqft,4965.0,8065.0
78,11561836,11653749,False,1,2,lot,31,+3200sqft,4965.0,8165.0
78,11561836,11653749,False,1,2,lot,32,+3300sqft,4965.0,8265.0
78,11561836,11653749,False,1,2,lot,33,+3400sqft,4965.0,8365.0
78,11561836,11653749,False,1,2,lot,34,+3500sqft,4965.0,8465.0
78,11561836,11653749,False,1,2,lot,35,+3600sqft,4965.0,8565.0
78,11561836,11653749,False,1,2,lot,36,+3700sqft,4965.0,8665.0
78,11561836,11653749,False,1,2,lot,37,+3800sqft,4965.0,8765.0
78,11561836,11653749,False,1,2,lot,38,+3900sqft,4965.0,8865.0
78,11561836,11653749,False,1,2,lot,39,+4000sqft,4965.0,8965.0
78,11561836,11653749,False,1,2,lot,40,+4100sqft,4965.0,9065.0
78,11561836,11653749,False,1,2,lot,41,+4200sqft,4965.0,9165.0
78,11561836,11653749,False,1,2,lot,42,+4300sqft,4965.0,9265.0
78,11561836,11653749,False,1,2,lot,43,+4400sqft,4965.0,9365.0
78,11561836,11653749,False,1,2,lot,44,+4500sqft,4965.0,9465.0
78,11561836,11653749,False,1,2,lot,45,+4600sqft,4965.0,9565.0
78,11561836,11653749,False,1,2,lot,46,+4700sqft,4965.0,9665.0
78,11561836,11653749,False,1,2,lot,47,+4800sqft,4965.0,9765.0
78,11561836,11653749,False,1,2,lot,48,+4900sqft,4965.0,9865.0
78,11561836,11653749,False,1,2,lot,49,+5000sqft,4965.0,9965.0
79,59156376,59158535,True,1,2,bedrooms,0,+1,4.0,5.0
79,59156376,59158535,True,1,2,bedrooms,1,+2,4.0,6.0
79,59156376,59158535,True,1,2,bedrooms,2,+3,4.0,7.0
79,59156376,59158535,True,1,2,bedrooms,3,+4,4.0,8.0
79,59156376,59158535,True,1,2,bedrooms,4,+5,4.0,9.0
79,59156376,59158535,True,1,2,bedrooms,5,+6,4.0,10.0
79,59156376,59158535,True,1,2,bathrooms,0,+1,3.0,4.0
79,59156376,59158535,True,1,2,bathrooms,1,+2,3.0,5.0
79,59156376,59158535,True,1,2,bathrooms,2,+3,3.0,6.0
79,59156376,59158535,True,1,2,bathrooms,3,+4,3.0,7.0
79,59156376,59158535,True,1,2,bathrooms,4,+5,3.0,8.0
79,59156376,59158535,True,1,2,bathrooms,5,+6,3.0,9.0
79,59156376,59158535,True,1,2,bathrooms,6,+7,3.0,10.0
79,59156376,59158535,True,1,2,yearBuilt,0,+2yr,2016.0,2018.0
79,59156376,59158535,True,1,2,yearBuilt,1,+4yr,2016.0,2020.0
79,59156376,59158535,True,1,2,yearBuilt,2,+6yr,2016.0,2022.0
79,59156376,59158535,True,1,2,yearBuilt,3,+8yr,2016.0,2024.0
79,59156376,59158535,True,1,2,lot,0,+100sqft,6534.0,6634.0
79,59156376,59158535,True,1,2,lot,1,+200sqft,6534.0,6734.0
79,59156376,59158535,True,1,2,lot,2,+300sqft,6534.0,6834.0
79,59156376,59158535,True,1,2,lot,3,+400sqft,6534.0,6934.0
79,59156376,59158535,True,1,2,lot,4,+500sqft,6534.0,7034.0
79,59156376,59158535,True,1,2,lot,5,+600sqft,6534.0,7134.0
79,59156376,59158535,True,1,2,lot,6,+700sqft,6534.0,7234.0
79,59156376,59158535,True,1,2,lot,7,+800sqft,6534.0,7334.0
79,59156376,59158535,True,1,2,lot,8,+900sqft,6534.0,7434.0
79,59156376,59158535,True,1,2,lot,9,+1000sqft,6534.0,7534.0
79,59156376,59158535,True,1,2,lot,10,+1100sqft,6534.0,7634.0
79,59156376,59158535,True,1,2,lot,11,+1200sqft,6534.0,7734.0
79,59156376,59158535,True,1,2,lot,12,+1300sqft,6534.0,7834.0
79,59156376,59158535,True,1,2,lot,13,+1400sqft,6534.0,7934.0
79,59156376,59158535,True,1,2,lot,14,+1500sqft,6534.0,8034.0
79,59156376,59158535,True,1,2,lot,15,+1600sqft,6534.0,8134.0
79,59156376,59158535,True,1,2,lot,16,+1700sqft,6534.0,8234.0
79,59156376,59158535,True,1,2,lot,17,+1800sqft,6534.0,8334.0
79,59156376,59158535,True,1,2,lot,18,+1900sqft,6534.0,8434.0
79,59156376,59158535,True,1,2,lot,19,+2000sqft,6534.0,8534.0
79,59156376,59158535,True,1,2,lot,20,+2100sqft,6534.0,8634.0
79,59156376,59158535,True,1,2,lot,21,+2200sqft,6534.0,8734.0
79,59156376,59158535,True,1,2,lot,22,+2300sqft,6534.0,8834.0
79,59156376,59158535,True,1,2,lot,23,+2400sqft,6534.0,8934.0
79,59156376,59158535,True,1,2,lot,24,+2500sqft,6534.0,9034.0
79,59156376,59158535,True,1,2,lot,25,+2600sqft,6534.0,9134.0
79,59156376,59158535,True,1,2,lot,26,+2700sqft,6534.0,9234.0
79,59156376,59158535,True,1,2,lot,27,+2800sqft,6534.0,9334.0
79,59156376,59158535,True,1,2,lot,28,+2900sqft,6534.0,9434.0
79,59156376,59158535,True,1,2,lot,29,+3000sqft,6534.0,9534.0
79,59156376,59158535,True,1,2,lot,30,+3100sqft,6534.0,9634.0
79,59156376,59158535,True,1,2,lot,31,+3200sqft,6534.0,9734.0
79,59156376,59158535,True,1,2,lot,32,+3300sqft,6534.0,9834.0
79,59156376,59158535,True,1,2,lot,33,+3400sqft,6534.0,9934.0
79,59156376,59158535,True,1,2,lot,34,+3500sqft,6534.0,10034.0
79,59156376,59158535,True,1,2,lot,35,+3600sqft,6534.0,10134.0
79,59156376,59158535,True,1,2,lot,36,+3700sqft,6534.0,10234.0
79,59156376,59158535,True,1,2,lot,37,+3800sqft,6534.0,10334.0
79,59156376,59158535,True,1,2,lot,38,+3900sqft,6534.0,10434.0
79,59156376,59158535,True,1,2,lot,39,+4000sqft,6534.0,10534.0
79,59156376,59158535,True,1,2,lot,40,+4100sqft,6534.0,10634.0
79,59156376,59158535,True,1,2,lot,41,+4200sqft,6534.0,10734.0
79,59156376,59158535,True,1,2,lot,42,+4300sqft,6534.0,10834.0
79,59156376,59158535,True,1,2,lot,43,+4400sqft,6534.0,10934.0
79,59156376,59158535,True,1,2,lot,44,+4500sqft,6534.0,11034.0
79,59156376,59158535,True,1,2,lot,45,+4600sqft,6534.0,11134.0
79,59156376,59158535,True,1,2,lot,46,+4700sqft,6534.0,11234.0
79,59156376,59158535,True,1,2,lot,47,+4800sqft,6534.0,11334.0
79,59156376,59158535,True,1,2,lot,48,+4900sqft,6534.0,11434.0
79,59156376,59158535,True,1,2,lot,49,+5000sqft,6534.0,11534.0
80,11483974,11484635,False,1,2,bedrooms,0,+1,3.0,4.0
80,11483974,11484635,False,1,2,bedrooms,1,+2,3.0,5.0
80,11483974,11484635,False,1,2,bedrooms,2,+3,3.0,6.0
80,11483974,11484635,False,1,2,bedrooms,3,+4,3.0,7.0
80,11483974,11484635,False,1,2,bedrooms,4,+5,3.0,8.0
80,11483974,11484635,False,1,2,bedrooms,5,+6,3.0,9.0
80,11483974,11484635,False,1,2,bedrooms,6,+7,3.0,10.0
80,11483974,11484635,False,1,2,bathrooms,0,+1,4.0,5.0
80,11483974,11484635,False,1,2,bathrooms,1,+2,4.0,6.0
80,11483974,11484635,False,1,2,bathrooms,2,+3,4.0,7.0
80,11483974,11484635,False,1,2,bathrooms,3,+4,4.0,8.0
80,11483974,11484635,False,1,2,bathrooms,4,+5,4.0,9.0
80,11483974,11484635,False,1,2,bathrooms,5,+6,4.0,10.0
80,11483974,11484635,False,1,2,yearBuilt,0,+2yr,1975.0,1977.0
80,11483974,11484635,False,1,2,yearBuilt,1,+4yr,1975.0,1979.0
80,11483974,11484635,False,1,2,yearBuilt,2,+6yr,1975.0,1981.0
80,11483974,11484635,False,1,2,yearBuilt,3,+8yr,1975.0,1983.0
80,11483974,11484635,False,1,2,yearBuilt,4,+10yr,1975.0,1985.0
80,11483974,11484635,False,1,2,yearBuilt,5,+12yr,1975.0,1987.0
80,11483974,11484635,False,1,2,yearBuilt,6,+14yr,1975.0,1989.0
80,11483974,11484635,False,1,2,yearBuilt,7,+16yr,1975.0,1991.0
80,11483974,11484635,False,1,2,yearBuilt,8,+18yr,1975.0,1993.0
80,11483974,11484635,False,1,2,yearBuilt,9,+20yr,1975.0,1995.0
80,11483974,11484635,False,1,2,yearBuilt,10,+22yr,1975.0,1997.0
80,11483974,11484635,False,1,2,yearBuilt,11,+24yr,1975.0,1999.0
80,11483974,11484635,False,1,2,yearBuilt,12,+26yr,1975.0,2001.0
80,11483974,11484635,False,1,2,yearBuilt,13,+28yr,1975.0,2003.0
80,11483974,11484635,False,1,2,yearBuilt,14,+30yr,1975.0,2005.0
80,11483974,11484635,False,1,2,yearBuilt,15,+32yr,1975.0,2007.0
80,11483974,11484635,False,1,2,yearBuilt,16,+34yr,1975.0,2009.0
80,11483974,11484635,False,1,2,yearBuilt,17,+36yr,1975.0,2011.0
80,11483974,11484635,False,1,2,yearBuilt,18,+38yr,1975.0,2013.0
80,11483974,11484635,False,1,2,yearBuilt,19,+40yr,1975.0,2015.0
80,11483974,11484635,False,1,2,yearBuilt,20,+42yr,1975.0,2017.0
80,11483974,11484635,False,1,2,yearBuilt,21,+44yr,1975.0,2019.0
80,11483974,11484635,False,1,2,yearBuilt,22,+46yr,1975.0,2021.0
80,11483974,11484635,False,1,2,yearBuilt,23,+48yr,1975.0,2023.0
80,11483974,11484635,False,1,2,yearBuilt,24,+50yr,1975.0,2025.0
80,11483974,11484635,False,1,2,lot,0,+100sqft,0.33,0.3323
80,11483974,11484635,False,1,2,lot,1,+200sqft,0.33,0.3346
80,11483974,11484635,False,1,2,lot,2,+300sqft,0.33,0.3369
80,11483974,11484635,False,1,2,lot,3,+400sqft,0.33,0.3392
80,11483974,11484635,False,1,2,lot,4,+500sqft,0.33,0.3415
80,11483974,11484635,False,1,2,lot,5,+600sqft,0.33,0.3438
80,11483974,11484635,False,1,2,lot,6,+700sqft,0.33,0.3461
80,11483974,11484635,False,1,2,lot,7,+800sqft,0.33,0.3484
80,11483974,11484635,False,1,2,lot,8,+900sqft,0.33,0.3507
80,11483974,11484635,False,1,2,lot,9,+1000sqft,0.33,0.353
80,11483974,11484635,False,1,2,lot,10,+1100sqft,0.33,0.3553
80,11483974,11484635,False,1,2,lot,11,+1200sqft,0.33,0.3575
80,11483974,11484635,False,1,2,lot,12,+1300sqft,0.33,0.3598
80,11483974,11484635,False,1,2,lot,13,+1400sqft,0.33,0.3621
80,11483974,11484635,False,1,2,lot,14,+1500sqft,0.33,0.3644
80,11483974,11484635,False,1,2,lot,15,+1600sqft,0.33,0.3667
80,11483974,11484635,False,1,2,lot,16,+1700sqft,0.33,0.369
80,11483974,11484635,False,1,2,lot,17,+1800sqft,0.33,0.3713
80,11483974,11484635,False,1,2,lot,18,+1900sqft,0.33,0.3736
80,11483974,11484635,False,1,2,lot,19,+2000sqft,0.33,0.3759
80,11483974,11484635,False,1,2,lot,20,+2100sqft,0.33,0.3782
80,11483974,11484635,False,1,2,lot,21,+2200sqft,0.33,0.3805
80,11483974,11484635,False,1,2,lot,22,+2300sqft,0.33,0.3828
80,11483974,11484635,False,1,2,lot,23,+2400sqft,0.33,0.3851
80,11483974,11484635,False,1,2,lot,24,+2500sqft,0.33,0.3874
80,11483974,11484635,False,1,2,lot,25,+2600sqft,0.33,0.3897
80,11483974,11484635,False,1,2,lot,26,+2700sqft,0.33,0.392
80,11483974,11484635,False,1,2,lot,27,+2800sqft,0.33,0.3943
80,11483974,11484635,False,1,2,lot,28,+2900sqft,0.33,0.3966
80,11483974,11484635,False,1,2,lot,29,+3000sqft,0.33,0.3989
80,11483974,11484635,False,1,2,lot,30,+3100sqft,0.33,0.4012
80,11483974,11484635,False,1,2,lot,31,+3200sqft,0.33,0.4035
80,11483974,11484635,False,1,2,lot,32,+3300sqft,0.33,0.4058
80,11483974,11484635,False,1,2,lot,33,+3400sqft,0.33,0.4081
80,11483974,11484635,False,1,2,lot,34,+3500sqft,0.33,0.4103
80,11483974,11484635,False,1,2,lot,35,+3600sqft,0.33,0.4126
80,11483974,11484635,False,1,2,lot,36,+3700sqft,0.33,0.4149
80,11483974,11484635,False,1,2,lot,37,+3800sqft,0.33,0.4172
80,11483974,11484635,False,1,2,lot,38,+3900sqft,0.33,0.4195
80,11483974,11484635,False,1,2,lot,39,+4000sqft,0.33,0.4218
80,11483974,11484635,False,1,2,lot,40,+4100sqft,0.33,0.4241
80,11483974,11484635,False,1,2,lot,41,+4200sqft,0.33,0.4264
80,11483974,11484635,False,1,2,lot,42,+4300sqft,0.33,0.4287
80,11483974,11484635,False,1,2,lot,43,+4400sqft,0.33,0.431
80,11483974,11484635,False,1,2,lot,44,+4500sqft,0.33,0.4333
80,11483974,11484635,False,1,2,lot,45,+4600sqft,0.33,0.4356
80,11483974,11484635,False,1,2,lot,46,+4700sqft,0.33,0.4379
80,11483974,11484635,False,1,2,lot,47,+4800sqft,0.33,0.4402
80,11483974,11484635,False,1,2,lot,48,+4900sqft,0.33,0.4425
80,11483974,11484635,False,1,2,lot,49,+5000sqft,0.33,0.4448
81,59124864,59161144,False,2,1,bedrooms,0,+1,3.0,4.0
81,59124864,59161144,False,2,1,bedrooms,1,+2,3.0,5.0
81,59124864,59161144,False,2,1,bedrooms,2,+3,3.0,6.0
81,59124864,59161144,False,2,1,bedrooms,3,+4,3.0,7.0
81,59124864,59161144,False,2,1,bedrooms,4,+5,3.0,8.0
81,59124864,59161144,False,2,1,bedrooms,5,+6,3.0,9.0
81,59124864,59161144,False,2,1,bedrooms,6,+7,3.0,10.0
81,59124864,59161144,False,2,1,bathrooms,0,+1,3.0,4.0
81,59124864,59161144,False,2,1,bathrooms,1,+2,3.0,5.0
81,59124864,59161144,False,2,1,bathrooms,2,+3,3.0,6.0
81,59124864,59161144,False,2,1,bathrooms,3,+4,3.0,7.0
81,59124864,59161144,False,2,1,bathrooms,4,+5,3.0,8.0
81,59124864,59161144,False,2,1,bathrooms,5,+6,3.0,9.0
81,59124864,59161144,False,2,1,bathrooms,6,+7,3.0,10.0
81,59124864,59161144,False,2,1,yearBuilt,0,+2yr,1950.0,1952.0
81,59124864,59161144,False,2,1,yearBuilt,1,+4yr,1950.0,1954.0
81,59124864,59161144,False,2,1,yearBuilt,2,+6yr,1950.0,1956.0
81,59124864,59161144,False,2,1,yearBuilt,3,+8yr,1950.0,1958.0
81,59124864,59161144,False,2,1,yearBuilt,4,+10yr,1950.0,1960.0
81,59124864,59161144,False,2,1,yearBuilt,5,+12yr,1950.0,1962.0
81,59124864,59161144,False,2,1,yearBuilt,6,+14yr,1950.0,1964.0
81,59124864,59161144,False,2,1,yearBuilt,7,+16yr,1950.0,1966.0
81,59124864,59161144,False,2,1,yearBuilt,8,+18yr,1950.0,1968.0
81,59124864,59161144,False,2,1,yearBuilt,9,+20yr,1950.0,1970.0
81,59124864,59161144,False,2,1,yearBuilt,10,+22yr,1950.0,1972.0
81,59124864,59161144,False,2,1,yearBuilt,11,+24yr,1950.0,1974.0
81,59124864,59161144,False,2,1,yearBuilt,12,+26yr,1950.0,1976.0
81,59124864,59161144,False,2,1,yearBuilt,13,+28yr,1950.0,1978.0
81,59124864,59161144,False,2,1,yearBuilt,14,+30yr,1950.0,1980.0
81,59124864,59161144,False,2,1,yearBuilt,15,+32yr,1950.0,1982.0
81,59124864,59161144,False,2,1,yearBuilt,16,+34yr,1950.0,1984.0
81,59124864,59161144,False,2,1,yearBuilt,17,+36yr,1950.0,1986.0
81,59124864,59161144,False,2,1,yearBuilt,18,+38yr,1950.0,1988.0
81,59124864,59161144,False,2,1,yearBuilt,19,+40yr,1950.0,1990.0
81,59124864,59161144,False,2,1,yearBuilt,20,+42yr,1950.0,1992.0
81,59124864,59161144,False,2,1,yearBuilt,21,+44yr,1950.0,1994.0
81,59124864,59161144,False,2,1,yearBuilt,22,+46yr,1950.0,1996.0
81,59124864,59161144,False,2,1,yearBuilt,23,+48yr,1950.0,1998.0
81,59124864,59161144,False,2,1,yearBuilt,24,+50yr,1950.0,2000.0
81,59124864,59161144,False,2,1,yearBuilt,25,+52yr,1950.0,2002.0
81,59124864,59161144,False,2,1,yearBuilt,26,+54yr,1950.0,2004.0
81,59124864,59161144,False,2,1,yearBuilt,27,+56yr,1950.0,2006.0
81,59124864,59161144,False,2,1,yearBuilt,28,+58yr,1950.0,2008.0
81,59124864,59161144,False,2,1,yearBuilt,29,+60yr,1950.0,2010.0
81,59124864,59161144,False,2,1,yearBuilt,30,+62yr,1950.0,2012.0
81,59124864,59161144,False,2,1,yearBuilt,31,+64yr,1950.0,2014.0
81,59124864,59161144,False,2,1,yearBuilt,32,+66yr,1950.0,2016.0
81,59124864,59161144,False,2,1,yearBuilt,33,+68yr,1950.0,2018.0
81,59124864,59161144,False,2,1,yearBuilt,34,+70yr,1950.0,2020.0
81,59124864,59161144,False,2,1,yearBuilt,35,+72yr,1950.0,2022.0
81,59124864,59161144,False,2,1,yearBuilt,36,+74yr,1950.0,2024.0
81,59124864,59161144,False,2,1,lot,0,+100sqft,8712.0,8812.0
81,59124864,59161144,False,2,1,lot,1,+200sqft,8712.0,8912.0
81,59124864,59161144,False,2,1,lot,2,+300sqft,8712.0,9012.0
81,59124864,59161144,False,2,1,lot,3,+400sqft,8712.0,9112.0
81,59124864,59161144,False,2,1,lot,4,+500sqft,8712.0,9212.0
81,59124864,59161144,False,2,1,lot,5,+600sqft,8712.0,9312.0
81,59124864,59161144,False,2,1,lot,6,+700sqft,8712.0,9412.0
81,59124864,59161144,False,2,1,lot,7,+800sqft,8712.0,9512.0
81,59124864,59161144,False,2,1,lot,8,+900sqft,8712.0,9612.0
81,59124864,59161144,False,2,1,lot,9,+1000sqft,8712.0,9712.0
81,59124864,59161144,False,2,1,lot,10,+1100sqft,8712.0,9812.0
81,59124864,59161144,False,2,1,lot,11,+1200sqft,8712.0,9912.0
81,59124864,59161144,False,2,1,lot,12,+1300sqft,8712.0,10012.0
81,59124864,59161144,False,2,1,lot,13,+1400sqft,8712.0,10112.0
81,59124864,59161144,False,2,1,lot,14,+1500sqft,8712.0,10212.0
81,59124864,59161144,False,2,1,lot,15,+1600sqft,8712.0,10312.0
81,59124864,59161144,False,2,1,lot,16,+1700sqft,8712.0,10412.0
81,59124864,59161144,False,2,1,lot,17,+1800sqft,8712.0,10512.0
81,59124864,59161144,False,2,1,lot,18,+1900sqft,8712.0,10612.0
81,59124864,59161144,False,2,1,lot,19,+2000sqft,8712.0,10712.0
81,59124864,59161144,False,2,1,lot,20,+2100sqft,8712.0,10812.0
81,59124864,59161144,False,2,1,lot,21,+2200sqft,8712.0,10912.0
81,59124864,59161144,False,2,1,lot,22,+2300sqft,8712.0,11012.0
81,59124864,59161144,False,2,1,lot,23,+2400sqft,8712.0,11112.0
81,59124864,59161144,False,2,1,lot,24,+2500sqft,8712.0,11212.0
81,59124864,59161144,False,2,1,lot,25,+2600sqft,8712.0,11312.0
81,59124864,59161144,False,2,1,lot,26,+2700sqft,8712.0,11412.0
81,59124864,59161144,False,2,1,lot,27,+2800sqft,8712.0,11512.0
81,59124864,59161144,False,2,1,lot,28,+2900sqft,8712.0,11612.0
81,59124864,59161144,False,2,1,lot,29,+3000sqft,8712.0,11712.0
81,59124864,59161144,False,2,1,lot,30,+3100sqft,8712.0,11812.0
81,59124864,59161144,False,2,1,lot,31,+3200sqft,8712.0,11912.0
81,59124864,59161144,False,2,1,lot,32,+3300sqft,8712.0,12012.0
81,59124864,59161144,False,2,1,lot,33,+3400sqft,8712.0,12112.0
81,59124864,59161144,False,2,1,lot,34,+3500sqft,8712.0,12212.0
81,59124864,59161144,False,2,1,lot,35,+3600sqft,8712.0,12312.0
81,59124864,59161144,False,2,1,lot,36,+3700sqft,8712.0,12412.0
81,59124864,59161144,False,2,1,lot,37,+3800sqft,8712.0,12512.0
81,59124864,59161144,False,2,1,lot,38,+3900sqft,8712.0,12612.0
81,59124864,59161144,False,2,1,lot,39,+4000sqft,8712.0,12712.0
81,59124864,59161144,False,2,1,lot,40,+4100sqft,8712.0,12812.0
81,59124864,59161144,False,2,1,lot,41,+4200sqft,8712.0,12912.0
81,59124864,59161144,False,2,1,lot,42,+4300sqft,8712.0,13012.0
81,59124864,59161144,False,2,1,lot,43,+4400sqft,8712.0,13112.0
81,59124864,59161144,False,2,1,lot,44,+4500sqft,8712.0,13212.0
81,59124864,59161144,False,2,1,lot,45,+4600sqft,8712.0,13312.0
81,59124864,59161144,False,2,1,lot,46,+4700sqft,8712.0,13412.0
81,59124864,59161144,False,2,1,lot,47,+4800sqft,8712.0,13512.0
81,59124864,59161144,False,2,1,lot,48,+4900sqft,8712.0,13612.0
81,59124864,59161144,False,2,1,lot,49,+5000sqft,8712.0,13712.0
82,11335906,11571133,False,2,1,bedrooms,0,+1,3.0,4.0
82,11335906,11571133,False,2,1,bedrooms,1,+2,3.0,5.0
82,11335906,11571133,False,2,1,bedrooms,2,+3,3.0,6.0
82,11335906,11571133,False,2,1,bedrooms,3,+4,3.0,7.0
82,11335906,11571133,False,2,1,bedrooms,4,+5,3.0,8.0
82,11335906,11571133,False,2,1,bedrooms,5,+6,3.0,9.0
82,11335906,11571133,False,2,1,bedrooms,6,+7,3.0,10.0
82,11335906,11571133,False,2,1,bathrooms,0,+1,2.0,3.0
82,11335906,11571133,False,2,1,bathrooms,1,+2,2.0,4.0
82,11335906,11571133,False,2,1,bathrooms,2,+3,2.0,5.0
82,11335906,11571133,False,2,1,bathrooms,3,+4,2.0,6.0
82,11335906,11571133,False,2,1,bathrooms,4,+5,2.0,7.0
82,11335906,11571133,False,2,1,bathrooms,5,+6,2.0,8.0
82,11335906,11571133,False,2,1,bathrooms,6,+7,2.0,9.0
82,11335906,11571133,False,2,1,bathrooms,7,+8,2.0,10.0
82,11335906,11571133,False,2,1,yearBuilt,0,+2yr,1951.0,1953.0
82,11335906,11571133,False,2,1,yearBuilt,1,+4yr,1951.0,1955.0
82,11335906,11571133,False,2,1,yearBuilt,2,+6yr,1951.0,1957.0
82,11335906,11571133,False,2,1,yearBuilt,3,+8yr,1951.0,1959.0
82,11335906,11571133,False,2,1,yearBuilt,4,+10yr,1951.0,1961.0
82,11335906,11571133,False,2,1,yearBuilt,5,+12yr,1951.0,1963.0
82,11335906,11571133,False,2,1,yearBuilt,6,+14yr,1951.0,1965.0
82,11335906,11571133,False,2,1,yearBuilt,7,+16yr,1951.0,1967.0
82,11335906,11571133,False,2,1,yearBuilt,8,+18yr,1951.0,1969.0
82,11335906,11571133,False,2,1,yearBuilt,9,+20yr,1951.0,1971.0
82,11335906,11571133,False,2,1,yearBuilt,10,+22yr,1951.0,1973.0
82,11335906,11571133,False,2,1,yearBuilt,11,+24yr,1951.0,1975.0
82,11335906,11571133,False,2,1,yearBuilt,12,+26yr,1951.0,1977.0
82,11335906,11571133,False,2,1,yearBuilt,13,+28yr,1951.0,1979.0
82,11335906,11571133,False,2,1,yearBuilt,14,+30yr,1951.0,1981.0
82,11335906,11571133,False,2,1,yearBuilt,15,+32yr,1951.0,1983.0
82,11335906,11571133,False,2,1,yearBuilt,16,+34yr,1951.0,1985.0
82,11335906,11571133,False,2,1,yearBuilt,17,+36yr,1951.0,1987.0
82,11335906,11571133,False,2,1,yearBuilt,18,+38yr,1951.0,1989.0
82,11335906,11571133,False,2,1,yearBuilt,19,+40yr,1951.0,1991.0
82,11335906,11571133,False,2,1,yearBuilt,20,+42yr,1951.0,1993.0
82,11335906,11571133,False,2,1,yearBuilt,21,+44yr,1951.0,1995.0
82,11335906,11571133,False,2,1,yearBuilt,22,+46yr,1951.0,1997.0
82,11335906,11571133,False,2,1,yearBuilt,23,+48yr,1951.0,1999.0
82,11335906,11571133,False,2,1,yearBuilt,24,+50yr,1951.0,2001.0
82,11335906,11571133,False,2,1,yearBuilt,25,+52yr,1951.0,2003.0
82,11335906,11571133,False,2,1,yearBuilt,26,+54yr,1951.0,2005.0
82,11335906,11571133,False,2,1,yearBuilt,27,+56yr,1951.0,2007.0
82,11335906,11571133,False,2,1,yearBuilt,28,+58yr,1951.0,2009.0
82,11335906,11571133,False,2,1,yearBuilt,29,+60yr,1951.0,2011.0
82,11335906,11571133,False,2,1,yearBuilt,30,+62yr,1951.0,2013.0
82,11335906,11571133,False,2,1,yearBuilt,31,+64yr,1951.0,2015.0
82,11335906,11571133,False,2,1,yearBuilt,32,+66yr,1951.0,2017.0
82,11335906,11571133,False,2,1,yearBuilt,33,+68yr,1951.0,2019.0
82,11335906,11571133,False,2,1,yearBuilt,34,+70yr,1951.0,2021.0
82,11335906,11571133,False,2,1,yearBuilt,35,+72yr,1951.0,2023.0
82,11335906,11571133,False,2,1,yearBuilt,36,+74yr,1951.0,2025.0
82,11335906,11571133,False,2,1,lot,0,+100sqft,3449.0,3549.0
82,11335906,11571133,False,2,1,lot,1,+200sqft,3449.0,3649.0
82,11335906,11571133,False,2,1,lot,2,+300sqft,3449.0,3749.0
82,11335906,11571133,False,2,1,lot,3,+400sqft,3449.0,3849.0
82,11335906,11571133,False,2,1,lot,4,+500sqft,3449.0,3949.0
82,11335906,11571133,False,2,1,lot,5,+600sqft,3449.0,4049.0
82,11335906,11571133,False,2,1,lot,6,+700sqft,3449.0,4149.0
82,11335906,11571133,False,2,1,lot,7,+800sqft,3449.0,4249.0
82,11335906,11571133,False,2,1,lot,8,+900sqft,3449.0,4349.0
82,11335906,11571133,False,2,1,lot,9,+1000sqft,3449.0,4449.0
82,11335906,11571133,False,2,1,lot,10,+1100sqft,3449.0,4549.0
82,11335906,11571133,False,2,1,lot,11,+1200sqft,3449.0,4649.0
82,11335906,11571133,False,2,1,lot,12,+1300sqft,3449.0,4749.0
82,11335906,11571133,False,2,1,lot,13,+1400sqft,3449.0,4849.0
82,11335906,11571133,False,2,1,lot,14,+1500sqft,3449.0,4949.0
82,11335906,11571133,False,2,1,lot,15,+1600sqft,3449.0,5049.0
82,11335906,11571133,False,2,1,lot,16,+1700sqft,3449.0,5149.0
82,11335906,11571133,False,2,1,lot,17,+1800sqft,3449.0,5249.0
82,11335906,11571133,False,2,1,lot,18,+1900sqft,3449.0,5349.0
82,11335906,11571133,False,2,1,lot,19,+2000sqft,3449.0,5449.0
82,11335906,11571133,False,2,1,lot,20,+2100sqft,3449.0,5549.0
82,11335906,11571133,False,2,1,lot,21,+2200sqft,3449.0,5649.0
82,11335906,11571133,False,2,1,lot,22,+2300sqft,3449.0,5749.0
82,11335906,11571133,False,2,1,lot,23,+2400sqft,3449.0,5849.0
82,11335906,11571133,False,2,1,lot,24,+2500sqft,3449.0,5949.0
82,11335906,11571133,False,2,1,lot,25,+2600sqft,3449.0,6049.0
82,11335906,11571133,False,2,1,lot,26,+2700sqft,3449.0,6149.0
82,11335906,11571133,False,2,1,lot,27,+2800sqft,3449.0,6249.0
82,11335906,11571133,False,2,1,lot,28,+2900sqft,3449.0,6349.0
82,11335906,11571133,False,2,1,lot,29,+3000sqft,3449.0,6449.0
82,11335906,11571133,False,2,1,lot,30,+3100sqft,3449.0,6549.0
82,11335906,11571133,False,2,1,lot,31,+3200sqft,3449.0,6649.0
82,11335906,11571133,False,2,1,lot,32,+3300sqft,3449.0,6749.0
82,11335906,11571133,False,2,1,lot,33,+3400sqft,3449.0,6849.0
82,11335906,11571133,False,2,1,lot,34,+3500sqft,3449.0,6949.0
82,11335906,11571133,False,2,1,lot,35,+3600sqft,3449.0,7049.0
82,11335906,11571133,False,2,1,lot,36,+3700sqft,3449.0,7149.0
82,11335906,11571133,False,2,1,lot,37,+3800sqft,3449.0,7249.0
82,11335906,11571133,False,2,1,lot,38,+3900sqft,3449.0,7349.0
82,11335906,11571133,False,2,1,lot,39,+4000sqft,3449.0,7449.0
82,11335906,11571133,False,2,1,lot,40,+4100sqft,3449.0,7549.0
82,11335906,11571133,False,2,1,lot,41,+4200sqft,3449.0,7649.0
82,11335906,11571133,False,2,1,lot,42,+4300sqft,3449.0,7749.0
82,11335906,11571133,False,2,1,lot,43,+4400sqft,3449.0,7849.0
82,11335906,11571133,False,2,1,lot,44,+4500sqft,3449.0,7949.0
82,11335906,11571133,False,2,1,lot,45,+4600sqft,3449.0,8049.0
82,11335906,11571133,False,2,1,lot,46,+4700sqft,3449.0,8149.0
82,11335906,11571133,False,2,1,lot,47,+4800sqft,3449.0,8249.0
82,11335906,11571133,False,2,1,lot,48,+4900sqft,3449.0,8349.0
82,11335906,11571133,False,2,1,lot,49,+5000sqft,3449.0,8449.0
83,11549475,11609449,False,1,2,bedrooms,0,+1,3.0,4.0
83,11549475,11609449,False,1,2,bedrooms,1,+2,3.0,5.0
83,11549475,11609449,False,1,2,bedrooms,2,+3,3.0,6.0
83,11549475,11609449,False,1,2,bedrooms,3,+4,3.0,7.0
83,11549475,11609449,False,1,2,bedrooms,4,+5,3.0,8.0
83,11549475,11609449,False,1,2,bedrooms,5,+6,3.0,9.0
83,11549475,11609449,False,1,2,bedrooms,6,+7,3.0,10.0
83,11549475,11609449,False,1,2,bathrooms,0,+1,3.0,4.0
83,11549475,11609449,False,1,2,bathrooms,1,+2,3.0,5.0
83,11549475,11609449,False,1,2,bathrooms,2,+3,3.0,6.0
83,11549475,11609449,False,1,2,bathrooms,3,+4,3.0,7.0
83,11549475,11609449,False,1,2,bathrooms,4,+5,3.0,8.0
83,11549475,11609449,False,1,2,bathrooms,5,+6,3.0,9.0
83,11549475,11609449,False,1,2,bathrooms,6,+7,3.0,10.0
83,11549475,11609449,False,1,2,yearBuilt,0,+2yr,1987.0,1989.0
83,11549475,11609449,False,1,2,yearBuilt,1,+4yr,1987.0,1991.0
83,11549475,11609449,False,1,2,yearBuilt,2,+6yr,1987.0,1993.0
83,11549475,11609449,False,1,2,yearBuilt,3,+8yr,1987.0,1995.0
83,11549475,11609449,False,1,2,yearBuilt,4,+10yr,1987.0,1997.0
83,11549475,11609449,False,1,2,yearBuilt,5,+12yr,1987.0,1999.0
83,11549475,11609449,False,1,2,yearBuilt,6,+14yr,1987.0,2001.0
83,11549475,11609449,False,1,2,yearBuilt,7,+16yr,1987.0,2003.0
83,11549475,11609449,False,1,2,yearBuilt,8,+18yr,1987.0,2005.0
83,11549475,11609449,False,1,2,yearBuilt,9,+20yr,1987.0,2007.0
83,11549475,11609449,False,1,2,yearBuilt,10,+22yr,1987.0,2009.0
83,11549475,11609449,False,1,2,yearBuilt,11,+24yr,1987.0,2011.0
83,11549475,11609449,False,1,2,yearBuilt,12,+26yr,1987.0,2013.0
83,11549475,11609449,False,1,2,yearBuilt,13,+28yr,1987.0,2015.0
83,11549475,11609449,False,1,2,yearBuilt,14,+30yr,1987.0,2017.0
83,11549475,11609449,False,1,2,yearBuilt,15,+32yr,1987.0,2019.0
83,11549475,11609449,False,1,2,yearBuilt,16,+34yr,1987.0,2021.0
83,11549475,11609449,False,1,2,yearBuilt,17,+36yr,1987.0,2023.0
83,11549475,11609449,False,1,2,yearBuilt,18,+38yr,1987.0,2025.0
83,11549475,11609449,False,1,2,lot,0,+100sqft,0.31,0.3123
83,11549475,11609449,False,1,2,lot,1,+200sqft,0.31,0.3146
83,11549475,11609449,False,1,2,lot,2,+300sqft,0.31,0.3169
83,11549475,11609449,False,1,2,lot,3,+400sqft,0.31,0.3192
83,11549475,11609449,False,1,2,lot,4,+500sqft,0.31,0.3215
83,11549475,11609449,False,1,2,lot,5,+600sqft,0.31,0.3238
83,11549475,11609449,False,1,2,lot,6,+700sqft,0.31,0.3261
83,11549475,11609449,False,1,2,lot,7,+800sqft,0.31,0.3284
83,11549475,11609449,False,1,2,lot,8,+900sqft,0.31,0.3307
83,11549475,11609449,False,1,2,lot,9,+1000sqft,0.31,0.333
83,11549475,11609449,False,1,2,lot,10,+1100sqft,0.31,0.3353
83,11549475,11609449,False,1,2,lot,11,+1200sqft,0.31,0.3375
83,11549475,11609449,False,1,2,lot,12,+1300sqft,0.31,0.3398
83,11549475,11609449,False,1,2,lot,13,+1400sqft,0.31,0.3421
83,11549475,11609449,False,1,2,lot,14,+1500sqft,0.31,0.3444
83,11549475,11609449,False,1,2,lot,15,+1600sqft,0.31,0.3467
83,11549475,11609449,False,1,2,lot,16,+1700sqft,0.31,0.349
83,11549475,11609449,False,1,2,lot,17,+1800sqft,0.31,0.3513
83,11549475,11609449,False,1,2,lot,18,+1900sqft,0.31,0.3536
83,11549475,11609449,False,1,2,lot,19,+2000sqft,0.31,0.3559
83,11549475,11609449,False,1,2,lot,20,+2100sqft,0.31,0.3582
83,11549475,11609449,False,1,2,lot,21,+2200sqft,0.31,0.3605
83,11549475,11609449,False,1,2,lot,22,+2300sqft,0.31,0.3628
83,11549475,11609449,False,1,2,lot,23,+2400sqft,0.31,0.3651
83,11549475,11609449,False,1,2,lot,24,+2500sqft,0.31,0.3674
83,11549475,11609449,False,1,2,lot,25,+2600sqft,0.31,0.3697
83,11549475,11609449,False,1,2,lot,26,+2700sqft,0.31,0.372
83,11549475,11609449,False,1,2,lot,27,+2800sqft,0.31,0.3743
83,11549475,11609449,False,1,2,lot,28,+2900sqft,0.31,0.3766
83,11549475,11609449,False,1,2,lot,29,+3000sqft,0.31,0.3789
83,11549475,11609449,False,1,2,lot,30,+3100sqft,0.31,0.3812
83,11549475,11609449,False,1,2,lot,31,+3200sqft,0.31,0.3835
83,11549475,11609449,False,1,2,lot,32,+3300sqft,0.31,0.3858
83,11549475,11609449,False,1,2,lot,33,+3400sqft,0.31,0.3881
83,11549475,11609449,False,1,2,lot,34,+3500sqft,0.31,0.3903
83,11549475,11609449,False,1,2,lot,35,+3600sqft,0.31,0.3926
83,11549475,11609449,False,1,2,lot,36,+3700sqft,0.31,0.3949
83,11549475,11609449,False,1,2,lot,37,+3800sqft,0.31,0.3972
83,11549475,11609449,False,1,2,lot,38,+3900sqft,0.31,0.3995
83,11549475,11609449,False,1,2,lot,39,+4000sqft,0.31,0.4018
83,11549475,11609449,False,1,2,lot,40,+4100sqft,0.31,0.4041
83,11549475,11609449,False,1,2,lot,41,+4200sqft,0.31,0.4064
83,11549475,11609449,False,1,2,lot,42,+4300sqft,0.31,0.4087
83,11549475,11609449,False,1,2,lot,43,+4400sqft,0.31,0.411
83,11549475,11609449,False,1,2,lot,44,+4500sqft,0.31,0.4133
83,11549475,11609449,False,1,2,lot,45,+4600sqft,0.31,0.4156
83,11549475,11609449,False,1,2,lot,46,+4700sqft,0.31,0.4179
83,11549475,11609449,False,1,2,lot,47,+4800sqft,0.31,0.4202
83,11549475,11609449,False,1,2,lot,48,+4900sqft,0.31,0.4225
83,11549475,11609449,False,1,2,lot,49,+5000sqft,0.31,0.4248
84,11286333,11287142,False,2,1,bedrooms,0,+1,4.0,5.0
84,11286333,11287142,False,2,1,bedrooms,1,+2,4.0,6.0
84,11286333,11287142,False,2,1,bedrooms,2,+3,4.0,7.0
84,11286333,11287142,False,2,1,bedrooms,3,+4,4.0,8.0
84,11286333,11287142,False,2,1,bedrooms,4,+5,4.0,9.0
84,11286333,11287142,False,2,1,bedrooms,5,+6,4.0,10.0
84,11286333,11287142,False,2,1,bathrooms,0,+1,4.0,5.0
84,11286333,11287142,False,2,1,bathrooms,1,+2,4.0,6.0
84,11286333,11287142,False,2,1,bathrooms,2,+3,4.0,7.0
84,11286333,11287142,False,2,1,bathrooms,3,+4,4.0,8.0
84,11286333,11287142,False,2,1,bathrooms,4,+5,4.0,9.0
84,11286333,11287142,False,2,1,bathrooms,5,+6,4.0,10.0
84,11286333,11287142,False,2,1,yearBuilt,0,+2yr,1955.0,1957.0
84,11286333,11287142,False,2,1,yearBuilt,1,+4yr,1955.0,1959.0
84,11286333,11287142,False,2,1,yearBuilt,2,+6yr,1955.0,1961.0
84,11286333,11287142,False,2,1,yearBuilt,3,+8yr,1955.0,1963.0
84,11286333,11287142,False,2,1,yearBuilt,4,+10yr,1955.0,1965.0
84,11286333,11287142,False,2,1,yearBuilt,5,+12yr,1955.0,1967.0
84,11286333,11287142,False,2,1,yearBuilt,6,+14yr,1955.0,1969.0
84,11286333,11287142,False,2,1,yearBuilt,7,+16yr,1955.0,1971.0
84,11286333,11287142,False,2,1,yearBuilt,8,+18yr,1955.0,1973.0
84,11286333,11287142,False,2,1,yearBuilt,9,+20yr,1955.0,1975.0
84,11286333,11287142,False,2,1,yearBuilt,10,+22yr,1955.0,1977.0
84,11286333,11287142,False,2,1,yearBuilt,11,+24yr,1955.0,1979.0
84,11286333,11287142,False,2,1,yearBuilt,12,+26yr,1955.0,1981.0
84,11286333,11287142,False,2,1,yearBuilt,13,+28yr,1955.0,1983.0
84,11286333,11287142,False,2,1,yearBuilt,14,+30yr,1955.0,1985.0
84,11286333,11287142,False,2,1,yearBuilt,15,+32yr,1955.0,1987.0
84,11286333,11287142,False,2,1,yearBuilt,16,+34yr,1955.0,1989.0
84,11286333,11287142,False,2,1,yearBuilt,17,+36yr,1955.0,1991.0
84,11286333,11287142,False,2,1,yearBuilt,18,+38yr,1955.0,1993.0
84,11286333,11287142,False,2,1,yearBuilt,19,+40yr,1955.0,1995.0
84,11286333,11287142,False,2,1,yearBuilt,20,+42yr,1955.0,1997.0
84,11286333,11287142,False,2,1,yearBuilt,21,+44yr,1955.0,1999.0
84,11286333,11287142,False,2,1,yearBuilt,22,+46yr,1955.0,2001.0
84,11286333,11287142,False,2,1,yearBuilt,23,+48yr,1955.0,2003.0
84,11286333,11287142,False,2,1,yearBuilt,24,+50yr,1955.0,2005.0
84,11286333,11287142,False,2,1,yearBuilt,25,+52yr,1955.0,2007.0
84,11286333,11287142,False,2,1,yearBuilt,26,+54yr,1955.0,2009.0
84,11286333,11287142,False,2,1,yearBuilt,27,+56yr,1955.0,2011.0
84,11286333,11287142,False,2,1,yearBuilt,28,+58yr,1955.0,2013.0
84,11286333,11287142,False,2,1,yearBuilt,29,+60yr,1955.0,2015.0
84,11286333,11287142,False,2,1,yearBuilt,30,+62yr,1955.0,2017.0
84,11286333,11287142,False,2,1,yearBuilt,31,+64yr,1955.0,2019.0
84,11286333,11287142,False,2,1,yearBuilt,32,+66yr,1955.0,2021.0
84,11286333,11287142,False,2,1,yearBuilt,33,+68yr,1955.0,2023.0
84,11286333,11287142,False,2,1,yearBuilt,34,+70yr,1955.0,2025.0
84,11286333,11287142,False,2,1,lot,0,+100sqft,6060.0,6160.0
84,11286333,11287142,False,2,1,lot,1,+200sqft,6060.0,6260.0
84,11286333,11287142,False,2,1,lot,2,+300sqft,6060.0,6360.0
84,11286333,11287142,False,2,1,lot,3,+400sqft,6060.0,6460.0
84,11286333,11287142,False,2,1,lot,4,+500sqft,6060.0,6560.0
84,11286333,11287142,False,2,1,lot,5,+600sqft,6060.0,6660.0
84,11286333,11287142,False,2,1,lot,6,+700sqft,6060.0,6760.0
84,11286333,11287142,False,2,1,lot,7,+800sqft,6060.0,6860.0
84,11286333,11287142,False,2,1,lot,8,+900sqft,6060.0,6960.0
84,11286333,11287142,False,2,1,lot,9,+1000sqft,6060.0,7060.0
84,11286333,11287142,False,2,1,lot,10,+1100sqft,6060.0,7160.0
84,11286333,11287142,False,2,1,lot,11,+1200sqft,6060.0,7260.0
84,11286333,11287142,False,2,1,lot,12,+1300sqft,6060.0,7360.0
84,11286333,11287142,False,2,1,lot,13,+1400sqft,6060.0,7460.0
84,11286333,11287142,False,2,1,lot,14,+1500sqft,6060.0,7560.0
84,11286333,11287142,False,2,1,lot,15,+1600sqft,6060.0,7660.0
84,11286333,11287142,False,2,1,lot,16,+1700sqft,6060.0,7760.0
84,11286333,11287142,False,2,1,lot,17,+1800sqft,6060.0,7860.0
84,11286333,11287142,False,2,1,lot,18,+1900sqft,6060.0,7960.0
84,11286333,11287142,False,2,1,lot,19,+2000sqft,6060.0,8060.0
84,11286333,11287142,False,2,1,lot,20,+2100sqft,6060.0,8160.0
84,11286333,11287142,False,2,1,lot,21,+2200sqft,6060.0,8260.0
84,11286333,11287142,False,2,1,lot,22,+2300sqft,6060.0,8360.0
84,11286333,11287142,False,2,1,lot,23,+2400sqft,6060.0,8460.0
84,11286333,11287142,False,2,1,lot,24,+2500sqft,6060.0,8560.0
84,11286333,11287142,False,2,1,lot,25,+2600sqft,6060.0,8660.0
84,11286333,11287142,False,2,1,lot,26,+2700sqft,6060.0,8760.0
84,11286333,11287142,False,2,1,lot,27,+2800sqft,6060.0,8860.0
84,11286333,11287142,False,2,1,lot,28,+2900sqft,6060.0,8960.0
84,11286333,11287142,False,2,1,lot,29,+3000sqft,6060.0,9060.0
84,11286333,11287142,False,2,1,lot,30,+3100sqft,6060.0,9160.0
84,11286333,11287142,False,2,1,lot,31,+3200sqft,6060.0,9260.0
84,11286333,11287142,False,2,1,lot,32,+3300sqft,6060.0,9360.0
84,11286333,11287142,False,2,1,lot,33,+3400sqft,6060.0,9460.0
84,11286333,11287142,False,2,1,lot,34,+3500sqft,6060.0,9560.0
84,11286333,11287142,False,2,1,lot,35,+3600sqft,6060.0,9660.0
84,11286333,11287142,False,2,1,lot,36,+3700sqft,6060.0,9760.0
84,11286333,11287142,False,2,1,lot,37,+3800sqft,6060.0,9860.0
84,11286333,11287142,False,2,1,lot,38,+3900sqft,6060.0,9960.0
84,11286333,11287142,False,2,1,lot,39,+4000sqft,6060.0,10060.0
84,11286333,11287142,False,2,1,lot,40,+4100sqft,6060.0,10160.0
84,11286333,11287142,False,2,1,lot,41,+4200sqft,6060.0,10260.0
84,11286333,11287142,False,2,1,lot,42,+4300sqft,6060.0,10360.0
84,11286333,11287142,False,2,1,lot,43,+4400sqft,6060.0,10460.0
84,11286333,11287142,False,2,1,lot,44,+4500sqft,6060.0,10560.0
84,11286333,11287142,False,2,1,lot,45,+4600sqft,6060.0,10660.0
84,11286333,11287142,False,2,1,lot,46,+4700sqft,6060.0,10760.0
84,11286333,11287142,False,2,1,lot,47,+4800sqft,6060.0,10860.0
84,11286333,11287142,False,2,1,lot,48,+4900sqft,6060.0,10960.0
84,11286333,11287142,False,2,1,lot,49,+5000sqft,6060.0,11060.0
85,11451173,11533224,False,1,2,bedrooms,0,+1,3.0,4.0
85,11451173,11533224,False,1,2,bedrooms,1,+2,3.0,5.0
85,11451173,11533224,False,1,2,bedrooms,2,+3,3.0,6.0
85,11451173,11533224,False,1,2,bedrooms,3,+4,3.0,7.0
85,11451173,11533224,False,1,2,bedrooms,4,+5,3.0,8.0
85,11451173,11533224,False,1,2,bedrooms,5,+6,3.0,9.0
85,11451173,11533224,False,1,2,bedrooms,6,+7,3.0,10.0
85,11451173,11533224,False,1,2,bathrooms,0,+1,2.0,3.0
85,11451173,11533224,False,1,2,bathrooms,1,+2,2.0,4.0
85,11451173,11533224,False,1,2,bathrooms,2,+3,2.0,5.0
85,11451173,11533224,False,1,2,bathrooms,3,+4,2.0,6.0
85,11451173,11533224,False,1,2,bathrooms,4,+5,2.0,7.0
85,11451173,11533224,False,1,2,bathrooms,5,+6,2.0,8.0
85,11451173,11533224,False,1,2,bathrooms,6,+7,2.0,9.0
85,11451173,11533224,False,1,2,bathrooms,7,+8,2.0,10.0
85,11451173,11533224,False,1,2,yearBuilt,0,+2yr,1955.0,1957.0
85,11451173,11533224,False,1,2,yearBuilt,1,+4yr,1955.0,1959.0
85,11451173,11533224,False,1,2,yearBuilt,2,+6yr,1955.0,1961.0
85,11451173,11533224,False,1,2,yearBuilt,3,+8yr,1955.0,1963.0
85,11451173,11533224,False,1,2,yearBuilt,4,+10yr,1955.0,1965.0
85,11451173,11533224,False,1,2,yearBuilt,5,+12yr,1955.0,1967.0
85,11451173,11533224,False,1,2,yearBuilt,6,+14yr,1955.0,1969.0
85,11451173,11533224,False,1,2,yearBuilt,7,+16yr,1955.0,1971.0
85,11451173,11533224,False,1,2,yearBuilt,8,+18yr,1955.0,1973.0
85,11451173,11533224,False,1,2,yearBuilt,9,+20yr,1955.0,1975.0
85,11451173,11533224,False,1,2,yearBuilt,10,+22yr,1955.0,1977.0
85,11451173,11533224,False,1,2,yearBuilt,11,+24yr,1955.0,1979.0
85,11451173,11533224,False,1,2,yearBuilt,12,+26yr,1955.0,1981.0
85,11451173,11533224,False,1,2,yearBuilt,13,+28yr,1955.0,1983.0
85,11451173,11533224,False,1,2,yearBuilt,14,+30yr,1955.0,1985.0
85,11451173,11533224,False,1,2,yearBuilt,15,+32yr,1955.0,1987.0
85,11451173,11533224,False,1,2,yearBuilt,16,+34yr,1955.0,1989.0
85,11451173,11533224,False,1,2,yearBuilt,17,+36yr,1955.0,1991.0
85,11451173,11533224,False,1,2,yearBuilt,18,+38yr,1955.0,1993.0
85,11451173,11533224,False,1,2,yearBuilt,19,+40yr,1955.0,1995.0
85,11451173,11533224,False,1,2,yearBuilt,20,+42yr,1955.0,1997.0
85,11451173,11533224,False,1,2,yearBuilt,21,+44yr,1955.0,1999.0
85,11451173,11533224,False,1,2,yearBuilt,22,+46yr,1955.0,2001.0
85,11451173,11533224,False,1,2,yearBuilt,23,+48yr,1955.0,2003.0
85,11451173,11533224,False,1,2,yearBuilt,24,+50yr,1955.0,2005.0
85,11451173,11533224,False,1,2,yearBuilt,25,+52yr,1955.0,2007.0
85,11451173,11533224,False,1,2,yearBuilt,26,+54yr,1955.0,2009.0
85,11451173,11533224,False,1,2,yearBuilt,27,+56yr,1955.0,2011.0
85,11451173,11533224,False,1,2,yearBuilt,28,+58yr,1955.0,2013.0
85,11451173,11533224,False,1,2,yearBuilt,29,+60yr,1955.0,2015.0
85,11451173,11533224,False,1,2,yearBuilt,30,+62yr,1955.0,2017.0
85,11451173,11533224,False,1,2,yearBuilt,31,+64yr,1955.0,2019.0
85,11451173,11533224,False,1,2,yearBuilt,32,+66yr,1955.0,2021.0
85,11451173,11533224,False,1,2,yearBuilt,33,+68yr,1955.0,2023.0
85,11451173,11533224,False,1,2,yearBuilt,34,+70yr,1955.0,2025.0
85,11451173,11533224,False,1,2,lot,0,+100sqft,6067.0,6167.0
85,11451173,11533224,False,1,2,lot,1,+200sqft,6067.0,6267.0
85,11451173,11533224,False,1,2,lot,2,+300sqft,6067.0,6367.0
85,11451173,11533224,False,1,2,lot,3,+400sqft,6067.0,6467.0
85,11451173,11533224,False,1,2,lot,4,+500sqft,6067.0,6567.0
85,11451173,11533224,False,1,2,lot,5,+600sqft,6067.0,6667.0
85,11451173,11533224,False,1,2,lot,6,+700sqft,6067.0,6767.0
85,11451173,11533224,False,1,2,lot,7,+800sqft,6067.0,6867.0
85,11451173,11533224,False,1,2,lot,8,+900sqft,6067.0,6967.0
85,11451173,11533224,False,1,2,lot,9,+1000sqft,6067.0,7067.0
85,11451173,11533224,False,1,2,lot,10,+1100sqft,6067.0,7167.0
85,11451173,11533224,False,1,2,lot,11,+1200sqft,6067.0,7267.0
85,11451173,11533224,False,1,2,lot,12,+1300sqft,6067.0,7367.0
85,11451173,11533224,False,1,2,lot,13,+1400sqft,6067.0,7467.0
85,11451173,11533224,False,1,2,lot,14,+1500sqft,6067.0,7567.0
85,11451173,11533224,False,1,2,lot,15,+1600sqft,6067.0,7667.0
85,11451173,11533224,False,1,2,lot,16,+1700sqft,6067.0,7767.0
85,11451173,11533224,False,1,2,lot,17,+1800sqft,6067.0,7867.0
85,11451173,11533224,False,1,2,lot,18,+1900sqft,6067.0,7967.0
85,11451173,11533224,False,1,2,lot,19,+2000sqft,6067.0,8067.0
85,11451173,11533224,False,1,2,lot,20,+2100sqft,6067.0,8167.0
85,11451173,11533224,False,1,2,lot,21,+2200sqft,6067.0,8267.0
85,11451173,11533224,False,1,2,lot,22,+2300sqft,6067.0,8367.0
85,11451173,11533224,False,1,2,lot,23,+2400sqft,6067.0,8467.0
85,11451173,11533224,False,1,2,lot,24,+2500sqft,6067.0,8567.0
85,11451173,11533224,False,1,2,lot,25,+2600sqft,6067.0,8667.0
85,11451173,11533224,False,1,2,lot,26,+2700sqft,6067.0,8767.0
85,11451173,11533224,False,1,2,lot,27,+2800sqft,6067.0,8867.0
85,11451173,11533224,False,1,2,lot,28,+2900sqft,6067.0,8967.0
85,11451173,11533224,False,1,2,lot,29,+3000sqft,6067.0,9067.0
85,11451173,11533224,False,1,2,lot,30,+3100sqft,6067.0,9167.0
85,11451173,11533224,False,1,2,lot,31,+3200sqft,6067.0,9267.0
85,11451173,11533224,False,1,2,lot,32,+3300sqft,6067.0,9367.0
85,11451173,11533224,False,1,2,lot,33,+3400sqft,6067.0,9467.0
85,11451173,11533224,False,1,2,lot,34,+3500sqft,6067.0,9567.0
85,11451173,11533224,False,1,2,lot,35,+3600sqft,6067.0,9667.0
85,11451173,11533224,False,1,2,lot,36,+3700sqft,6067.0,9767.0
85,11451173,11533224,False,1,2,lot,37,+3800sqft,6067.0,9867.0
85,11451173,11533224,False,1,2,lot,38,+3900sqft,6067.0,9967.0
85,11451173,11533224,False,1,2,lot,39,+4000sqft,6067.0,10067.0
85,11451173,11533224,False,1,2,lot,40,+4100sqft,6067.0,10167.0
85,11451173,11533224,False,1,2,lot,41,+4200sqft,6067.0,10267.0
85,11451173,11533224,False,1,2,lot,42,+4300sqft,6067.0,10367.0
85,11451173,11533224,False,1,2,lot,43,+4400sqft,6067.0,10467.0
85,11451173,11533224,False,1,2,lot,44,+4500sqft,6067.0,10567.0
85,11451173,11533224,False,1,2,lot,45,+4600sqft,6067.0,10667.0
85,11451173,11533224,False,1,2,lot,46,+4700sqft,6067.0,10767.0
85,11451173,11533224,False,1,2,lot,47,+4800sqft,6067.0,10867.0
85,11451173,11533224,False,1,2,lot,48,+4900sqft,6067.0,10967.0
85,11451173,11533224,False,1,2,lot,49,+5000sqft,6067.0,11067.0
86,11470364,11547114,False,1,2,bedrooms,0,+1,3.0,4.0
86,11470364,11547114,False,1,2,bedrooms,1,+2,3.0,5.0
86,11470364,11547114,False,1,2,bedrooms,2,+3,3.0,6.0
86,11470364,11547114,False,1,2,bedrooms,3,+4,3.0,7.0
86,11470364,11547114,False,1,2,bedrooms,4,+5,3.0,8.0
86,11470364,11547114,False,1,2,bedrooms,5,+6,3.0,9.0
86,11470364,11547114,False,1,2,bedrooms,6,+7,3.0,10.0
86,11470364,11547114,False,1,2,bathrooms,0,+1,2.0,3.0
86,11470364,11547114,False,1,2,bathrooms,1,+2,2.0,4.0
86,11470364,11547114,False,1,2,bathrooms,2,+3,2.0,5.0
86,11470364,11547114,False,1,2,bathrooms,3,+4,2.0,6.0
86,11470364,11547114,False,1,2,bathrooms,4,+5,2.0,7.0
86,11470364,11547114,False,1,2,bathrooms,5,+6,2.0,8.0
86,11470364,11547114,False,1,2,bathrooms,6,+7,2.0,9.0
86,11470364,11547114,False,1,2,bathrooms,7,+8,2.0,10.0
86,11470364,11547114,False,1,2,yearBuilt,0,+2yr,1979.0,1981.0
86,11470364,11547114,False,1,2,yearBuilt,1,+4yr,1979.0,1983.0
86,11470364,11547114,False,1,2,yearBuilt,2,+6yr,1979.0,1985.0
86,11470364,11547114,False,1,2,yearBuilt,3,+8yr,1979.0,1987.0
86,11470364,11547114,False,1,2,yearBuilt,4,+10yr,1979.0,1989.0
86,11470364,11547114,False,1,2,yearBuilt,5,+12yr,1979.0,1991.0
86,11470364,11547114,False,1,2,yearBuilt,6,+14yr,1979.0,1993.0
86,11470364,11547114,False,1,2,yearBuilt,7,+16yr,1979.0,1995.0
86,11470364,11547114,False,1,2,yearBuilt,8,+18yr,1979.0,1997.0
86,11470364,11547114,False,1,2,yearBuilt,9,+20yr,1979.0,1999.0
86,11470364,11547114,False,1,2,yearBuilt,10,+22yr,1979.0,2001.0
86,11470364,11547114,False,1,2,yearBuilt,11,+24yr,1979.0,2003.0
86,11470364,11547114,False,1,2,yearBuilt,12,+26yr,1979.0,2005.0
86,11470364,11547114,False,1,2,yearBuilt,13,+28yr,1979.0,2007.0
86,11470364,11547114,False,1,2,yearBuilt,14,+30yr,1979.0,2009.0
86,11470364,11547114,False,1,2,yearBuilt,15,+32yr,1979.0,2011.0
86,11470364,11547114,False,1,2,yearBuilt,16,+34yr,1979.0,2013.0
86,11470364,11547114,False,1,2,yearBuilt,17,+36yr,1979.0,2015.0
86,11470364,11547114,False,1,2,yearBuilt,18,+38yr,1979.0,2017.0
86,11470364,11547114,False,1,2,yearBuilt,19,+40yr,1979.0,2019.0
86,11470364,11547114,False,1,2,yearBuilt,20,+42yr,1979.0,2021.0
86,11470364,11547114,False,1,2,yearBuilt,21,+44yr,1979.0,2023.0
86,11470364,11547114,False,1,2,yearBuilt,22,+46yr,1979.0,2025.0
86,11470364,11547114,False,1,2,lot,0,+100sqft,2877.0,2977.0
86,11470364,11547114,False,1,2,lot,1,+200sqft,2877.0,3077.0
86,11470364,11547114,False,1,2,lot,2,+300sqft,2877.0,3177.0
86,11470364,11547114,False,1,2,lot,3,+400sqft,2877.0,3277.0
86,11470364,11547114,False,1,2,lot,4,+500sqft,2877.0,3377.0
86,11470364,11547114,False,1,2,lot,5,+600sqft,2877.0,3477.0
86,11470364,11547114,False,1,2,lot,6,+700sqft,2877.0,3577.0
86,11470364,11547114,False,1,2,lot,7,+800sqft,2877.0,3677.0
86,11470364,11547114,False,1,2,lot,8,+900sqft,2877.0,3777.0
86,11470364,11547114,False,1,2,lot,9,+1000sqft,2877.0,3877.0
86,11470364,11547114,False,1,2,lot,10,+1100sqft,2877.0,3977.0
86,11470364,11547114,False,1,2,lot,11,+1200sqft,2877.0,4077.0
86,11470364,11547114,False,1,2,lot,12,+1300sqft,2877.0,4177.0
86,11470364,11547114,False,1,2,lot,13,+1400sqft,2877.0,4277.0
86,11470364,11547114,False,1,2,lot,14,+1500sqft,2877.0,4377.0
86,11470364,11547114,False,1,2,lot,15,+1600sqft,2877.0,4477.0
86,11470364,11547114,False,1,2,lot,16,+1700sqft,2877.0,4577.0
86,11470364,11547114,False,1,2,lot,17,+1800sqft,2877.0,4677.0
86,11470364,11547114,False,1,2,lot,18,+1900sqft,2877.0,4777.0
86,11470364,11547114,False,1,2,lot,19,+2000sqft,2877.0,4877.0
86,11470364,11547114,False,1,2,lot,20,+2100sqft,2877.0,4977.0
86,11470364,11547114,False,1,2,lot,21,+2200sqft,2877.0,5077.0
86,11470364,11547114,False,1,2,lot,22,+2300sqft,2877.0,5177.0
86,11470364,11547114,False,1,2,lot,23,+2400sqft,2877.0,5277.0
86,11470364,11547114,False,1,2,lot,24,+2500sqft,2877.0,5377.0
86,11470364,11547114,False,1,2,lot,25,+2600sqft,2877.0,5477.0
86,11470364,11547114,False,1,2,lot,26,+2700sqft,2877.0,5577.0
86,11470364,11547114,False,1,2,lot,27,+2800sqft,2877.0,5677.0
86,11470364,11547114,False,1,2,lot,28,+2900sqft,2877.0,5777.0
86,11470364,11547114,False,1,2,lot,29,+3000sqft,2877.0,5877.0
86,11470364,11547114,False,1,2,lot,30,+3100sqft,2877.0,5977.0
86,11470364,11547114,False,1,2,lot,31,+3200sqft,2877.0,6077.0
86,11470364,11547114,False,1,2,lot,32,+3300sqft,2877.0,6177.0
86,11470364,11547114,False,1,2,lot,33,+3400sqft,2877.0,6277.0
86,11470364,11547114,False,1,2,lot,34,+3500sqft,2877.0,6377.0
86,11470364,11547114,False,1,2,lot,35,+3600sqft,2877.0,6477.0
86,11470364,11547114,False,1,2,lot,36,+3700sqft,2877.0,6577.0
86,11470364,11547114,False,1,2,lot,37,+3800sqft,2877.0,6677.0
86,11470364,11547114,False,1,2,lot,38,+3900sqft,2877.0,6777.0
86,11470364,11547114,False,1,2,lot,39,+4000sqft,2877.0,6877.0
86,11470364,11547114,False,1,2,lot,40,+4100sqft,2877.0,6977.0
86,11470364,11547114,False,1,2,lot,41,+4200sqft,2877.0,7077.0
86,11470364,11547114,False,1,2,lot,42,+4300sqft,2877.0,7177.0
86,11470364,11547114,False,1,2,lot,43,+4400sqft,2877.0,7277.0
86,11470364,11547114,False,1,2,lot,44,+4500sqft,2877.0,7377.0
86,11470364,11547114,False,1,2,lot,45,+4600sqft,2877.0,7477.0
86,11470364,11547114,False,1,2,lot,46,+4700sqft,2877.0,7577.0
86,11470364,11547114,False,1,2,lot,47,+4800sqft,2877.0,7677.0
86,11470364,11547114,False,1,2,lot,48,+4900sqft,2877.0,7777.0
86,11470364,11547114,False,1,2,lot,49,+5000sqft,2877.0,7877.0
87,11654967,11655166,False,2,1,bedrooms,0,+1,4.0,5.0
87,11654967,11655166,False,2,1,bedrooms,1,+2,4.0,6.0
87,11654967,11655166,False,2,1,bedrooms,2,+3,4.0,7.0
87,11654967,11655166,False,2,1,bedrooms,3,+4,4.0,8.0
87,11654967,11655166,False,2,1,bedrooms,4,+5,4.0,9.0
87,11654967,11655166,False,2,1,bedrooms,5,+6,4.0,10.0
87,11654967,11655166,False,2,1,bathrooms,0,+1,2.0,3.0
87,11654967,11655166,False,2,1,bathrooms,1,+2,2.0,4.0
87,11654967,11655166,False,2,1,bathrooms,2,+3,2.0,5.0
87,11654967,11655166,False,2,1,bathrooms,3,+4,2.0,6.0
87,11654967,11655166,False,2,1,bathrooms,4,+5,2.0,7.0
87,11654967,11655166,False,2,1,bathrooms,5,+6,2.0,8.0
87,11654967,11655166,False,2,1,bathrooms,6,+7,2.0,9.0
87,11654967,11655166,False,2,1,bathrooms,7,+8,2.0,10.0
87,11654967,11655166,False,2,1,yearBuilt,0,+2yr,1920.0,1922.0
87,11654967,11655166,False,2,1,yearBuilt,1,+4yr,1920.0,1924.0
87,11654967,11655166,False,2,1,yearBuilt,2,+6yr,1920.0,1926.0
87,11654967,11655166,False,2,1,yearBuilt,3,+8yr,1920.0,1928.0
87,11654967,11655166,False,2,1,yearBuilt,4,+10yr,1920.0,1930.0
87,11654967,11655166,False,2,1,yearBuilt,5,+12yr,1920.0,1932.0
87,11654967,11655166,False,2,1,yearBuilt,6,+14yr,1920.0,1934.0
87,11654967,11655166,False,2,1,yearBuilt,7,+16yr,1920.0,1936.0
87,11654967,11655166,False,2,1,yearBuilt,8,+18yr,1920.0,1938.0
87,11654967,11655166,False,2,1,yearBuilt,9,+20yr,1920.0,1940.0
87,11654967,11655166,False,2,1,yearBuilt,10,+22yr,1920.0,1942.0
87,11654967,11655166,False,2,1,yearBuilt,11,+24yr,1920.0,1944.0
87,11654967,11655166,False,2,1,yearBuilt,12,+26yr,1920.0,1946.0
87,11654967,11655166,False,2,1,yearBuilt,13,+28yr,1920.0,1948.0
87,11654967,11655166,False,2,1,yearBuilt,14,+30yr,1920.0,1950.0
87,11654967,11655166,False,2,1,yearBuilt,15,+32yr,1920.0,1952.0
87,11654967,11655166,False,2,1,yearBuilt,16,+34yr,1920.0,1954.0
87,11654967,11655166,False,2,1,yearBuilt,17,+36yr,1920.0,1956.0
87,11654967,11655166,False,2,1,yearBuilt,18,+38yr,1920.0,1958.0
87,11654967,11655166,False,2,1,yearBuilt,19,+40yr,1920.0,1960.0
87,11654967,11655166,False,2,1,yearBuilt,20,+42yr,1920.0,1962.0
87,11654967,11655166,False,2,1,yearBuilt,21,+44yr,1920.0,1964.0
87,11654967,11655166,False,2,1,yearBuilt,22,+46yr,1920.0,1966.0
87,11654967,11655166,False,2,1,yearBuilt,23,+48yr,1920.0,1968.0
87,11654967,11655166,False,2,1,yearBuilt,24,+50yr,1920.0,1970.0
87,11654967,11655166,False,2,1,yearBuilt,25,+52yr,1920.0,1972.0
87,11654967,11655166,False,2,1,yearBuilt,26,+54yr,1920.0,1974.0
87,11654967,11655166,False,2,1,yearBuilt,27,+56yr,1920.0,1976.0
87,11654967,11655166,False,2,1,yearBuilt,28,+58yr,1920.0,1978.0
87,11654967,11655166,False,2,1,yearBuilt,29,+60yr,1920.0,1980.0
87,11654967,11655166,False,2,1,yearBuilt,30,+62yr,1920.0,1982.0
87,11654967,11655166,False,2,1,yearBuilt,31,+64yr,1920.0,1984.0
87,11654967,11655166,False,2,1,yearBuilt,32,+66yr,1920.0,1986.0
87,11654967,11655166,False,2,1,yearBuilt,33,+68yr,1920.0,1988.0
87,11654967,11655166,False,2,1,yearBuilt,34,+70yr,1920.0,1990.0
87,11654967,11655166,False,2,1,yearBuilt,35,+72yr,1920.0,1992.0
87,11654967,11655166,False,2,1,yearBuilt,36,+74yr,1920.0,1994.0
87,11654967,11655166,False,2,1,yearBuilt,37,+76yr,1920.0,1996.0
87,11654967,11655166,False,2,1,yearBuilt,38,+78yr,1920.0,1998.0
87,11654967,11655166,False,2,1,yearBuilt,39,+80yr,1920.0,2000.0
87,11654967,11655166,False,2,1,yearBuilt,40,+82yr,1920.0,2002.0
87,11654967,11655166,False,2,1,yearBuilt,41,+84yr,1920.0,2004.0
87,11654967,11655166,False,2,1,yearBuilt,42,+86yr,1920.0,2006.0
87,11654967,11655166,False,2,1,yearBuilt,43,+88yr,1920.0,2008.0
87,11654967,11655166,False,2,1,yearBuilt,44,+90yr,1920.0,2010.0
87,11654967,11655166,False,2,1,yearBuilt,45,+92yr,1920.0,2012.0
87,11654967,11655166,False,2,1,yearBuilt,46,+94yr,1920.0,2014.0
87,11654967,11655166,False,2,1,lot,0,+100sqft,3001.0,3101.0
87,11654967,11655166,False,2,1,lot,1,+200sqft,3001.0,3201.0
87,11654967,11655166,False,2,1,lot,2,+300sqft,3001.0,3301.0
87,11654967,11655166,False,2,1,lot,3,+400sqft,3001.0,3401.0
87,11654967,11655166,False,2,1,lot,4,+500sqft,3001.0,3501.0
87,11654967,11655166,False,2,1,lot,5,+600sqft,3001.0,3601.0
87,11654967,11655166,False,2,1,lot,6,+700sqft,3001.0,3701.0
87,11654967,11655166,False,2,1,lot,7,+800sqft,3001.0,3801.0
87,11654967,11655166,False,2,1,lot,8,+900sqft,3001.0,3901.0
87,11654967,11655166,False,2,1,lot,9,+1000sqft,3001.0,4001.0
87,11654967,11655166,False,2,1,lot,10,+1100sqft,3001.0,4101.0
87,11654967,11655166,False,2,1,lot,11,+1200sqft,3001.0,4201.0
87,11654967,11655166,False,2,1,lot,12,+1300sqft,3001.0,4301.0
87,11654967,11655166,False,2,1,lot,13,+1400sqft,3001.0,4401.0
87,11654967,11655166,False,2,1,lot,14,+1500sqft,3001.0,4501.0
87,11654967,11655166,False,2,1,lot,15,+1600sqft,3001.0,4601.0
87,11654967,11655166,False,2,1,lot,16,+1700sqft,3001.0,4701.0
87,11654967,11655166,False,2,1,lot,17,+1800sqft,3001.0,4801.0
87,11654967,11655166,False,2,1,lot,18,+1900sqft,3001.0,4901.0
87,11654967,11655166,False,2,1,lot,19,+2000sqft,3001.0,5001.0
87,11654967,11655166,False,2,1,lot,20,+2100sqft,3001.0,5101.0
87,11654967,11655166,False,2,1,lot,21,+2200sqft,3001.0,5201.0
87,11654967,11655166,False,2,1,lot,22,+2300sqft,3001.0,5301.0
87,11654967,11655166,False,2,1,lot,23,+2400sqft,3001.0,5401.0
87,11654967,11655166,False,2,1,lot,24,+2500sqft,3001.0,5501.0
87,11654967,11655166,False,2,1,lot,25,+2600sqft,3001.0,5601.0
87,11654967,11655166,False,2,1,lot,26,+2700sqft,3001.0,5701.0
87,11654967,11655166,False,2,1,lot,27,+2800sqft,3001.0,5801.0
87,11654967,11655166,False,2,1,lot,28,+2900sqft,3001.0,5901.0
87,11654967,11655166,False,2,1,lot,29,+3000sqft,3001.0,6001.0
87,11654967,11655166,False,2,1,lot,30,+3100sqft,3001.0,6101.0
87,11654967,11655166,False,2,1,lot,31,+3200sqft,3001.0,6201.0
87,11654967,11655166,False,2,1,lot,32,+3300sqft,3001.0,6301.0
87,11654967,11655166,False,2,1,lot,33,+3400sqft,3001.0,6401.0
87,11654967,11655166,False,2,1,lot,34,+3500sqft,3001.0,6501.0
87,11654967,11655166,False,2,1,lot,35,+3600sqft,3001.0,6601.0
87,11654967,11655166,False,2,1,lot,36,+3700sqft,3001.0,6701.0
87,11654967,11655166,False,2,1,lot,37,+3800sqft,3001.0,6801.0
87,11654967,11655166,False,2,1,lot,38,+3900sqft,3001.0,6901.0
87,11654967,11655166,False,2,1,lot,39,+4000sqft,3001.0,7001.0
87,11654967,11655166,False,2,1,lot,40,+4100sqft,3001.0,7101.0
87,11654967,11655166,False,2,1,lot,41,+4200sqft,3001.0,7201.0
87,11654967,11655166,False,2,1,lot,42,+4300sqft,3001.0,7301.0
87,11654967,11655166,False,2,1,lot,43,+4400sqft,3001.0,7401.0
87,11654967,11655166,False,2,1,lot,44,+4500sqft,3001.0,7501.0
87,11654967,11655166,False,2,1,lot,45,+4600sqft,3001.0,7601.0
87,11654967,11655166,False,2,1,lot,46,+4700sqft,3001.0,7701.0
87,11654967,11655166,False,2,1,lot,47,+4800sqft,3001.0,7801.0
87,11654967,11655166,False,2,1,lot,48,+4900sqft,3001.0,7901.0
87,11654967,11655166,False,2,1,lot,49,+5000sqft,3001.0,8001.0
88,11284179,11284236,False,1,2,bedrooms,0,+1,4.0,5.0
88,11284179,11284236,False,1,2,bedrooms,1,+2,4.0,6.0
88,11284179,11284236,False,1,2,bedrooms,2,+3,4.0,7.0
88,11284179,11284236,False,1,2,bedrooms,3,+4,4.0,8.0
88,11284179,11284236,False,1,2,bedrooms,4,+5,4.0,9.0
88,11284179,11284236,False,1,2,bedrooms,5,+6,4.0,10.0
88,11284179,11284236,False,1,2,bathrooms,0,+1,2.0,3.0
88,11284179,11284236,False,1,2,bathrooms,1,+2,2.0,4.0
88,11284179,11284236,False,1,2,bathrooms,2,+3,2.0,5.0
88,11284179,11284236,False,1,2,bathrooms,3,+4,2.0,6.0
88,11284179,11284236,False,1,2,bathrooms,4,+5,2.0,7.0
88,11284179,11284236,False,1,2,bathrooms,5,+6,2.0,8.0
88,11284179,11284236,False,1,2,bathrooms,6,+7,2.0,9.0
88,11284179,11284236,False,1,2,bathrooms,7,+8,2.0,10.0
88,11284179,11284236,False,1,2,yearBuilt,0,+2yr,1925.0,1927.0
88,11284179,11284236,False,1,2,yearBuilt,1,+4yr,1925.0,1929.0
88,11284179,11284236,False,1,2,yearBuilt,2,+6yr,1925.0,1931.0
88,11284179,11284236,False,1,2,yearBuilt,3,+8yr,1925.0,1933.0
88,11284179,11284236,False,1,2,yearBuilt,4,+10yr,1925.0,1935.0
88,11284179,11284236,False,1,2,yearBuilt,5,+12yr,1925.0,1937.0
88,11284179,11284236,False,1,2,yearBuilt,6,+14yr,1925.0,1939.0
88,11284179,11284236,False,1,2,yearBuilt,7,+16yr,1925.0,1941.0
88,11284179,11284236,False,1,2,yearBuilt,8,+18yr,1925.0,1943.0
88,11284179,11284236,False,1,2,yearBuilt,9,+20yr,1925.0,1945.0
88,11284179,11284236,False,1,2,yearBuilt,10,+22yr,1925.0,1947.0
88,11284179,11284236,False,1,2,yearBuilt,11,+24yr,1925.0,1949.0
88,11284179,11284236,False,1,2,yearBuilt,12,+26yr,1925.0,1951.0
88,11284179,11284236,False,1,2,yearBuilt,13,+28yr,1925.0,1953.0
88,11284179,11284236,False,1,2,yearBuilt,14,+30yr,1925.0,1955.0
88,11284179,11284236,False,1,2,yearBuilt,15,+32yr,1925.0,1957.0
88,11284179,11284236,False,1,2,yearBuilt,16,+34yr,1925.0,1959.0
88,11284179,11284236,False,1,2,yearBuilt,17,+36yr,1925.0,1961.0
88,11284179,11284236,False,1,2,yearBuilt,18,+38yr,1925.0,1963.0
88,11284179,11284236,False,1,2,yearBuilt,19,+40yr,1925.0,1965.0
88,11284179,11284236,False,1,2,yearBuilt,20,+42yr,1925.0,1967.0
88,11284179,11284236,False,1,2,yearBuilt,21,+44yr,1925.0,1969.0
88,11284179,11284236,False,1,2,yearBuilt,22,+46yr,1925.0,1971.0
88,11284179,11284236,False,1,2,yearBuilt,23,+48yr,1925.0,1973.0
88,11284179,11284236,False,1,2,yearBuilt,24,+50yr,1925.0,1975.0
88,11284179,11284236,False,1,2,yearBuilt,25,+52yr,1925.0,1977.0
88,11284179,11284236,False,1,2,yearBuilt,26,+54yr,1925.0,1979.0
88,11284179,11284236,False,1,2,yearBuilt,27,+56yr,1925.0,1981.0
88,11284179,11284236,False,1,2,yearBuilt,28,+58yr,1925.0,1983.0
88,11284179,11284236,False,1,2,yearBuilt,29,+60yr,1925.0,1985.0
88,11284179,11284236,False,1,2,yearBuilt,30,+62yr,1925.0,1987.0
88,11284179,11284236,False,1,2,yearBuilt,31,+64yr,1925.0,1989.0
88,11284179,11284236,False,1,2,yearBuilt,32,+66yr,1925.0,1991.0
88,11284179,11284236,False,1,2,yearBuilt,33,+68yr,1925.0,1993.0
88,11284179,11284236,False,1,2,yearBuilt,34,+70yr,1925.0,1995.0
88,11284179,11284236,False,1,2,yearBuilt,35,+72yr,1925.0,1997.0
88,11284179,11284236,False,1,2,yearBuilt,36,+74yr,1925.0,1999.0
88,11284179,11284236,False,1,2,yearBuilt,37,+76yr,1925.0,2001.0
88,11284179,11284236,False,1,2,yearBuilt,38,+78yr,1925.0,2003.0
88,11284179,11284236,False,1,2,yearBuilt,39,+80yr,1925.0,2005.0
88,11284179,11284236,False,1,2,yearBuilt,40,+82yr,1925.0,2007.0
88,11284179,11284236,False,1,2,yearBuilt,41,+84yr,1925.0,2009.0
88,11284179,11284236,False,1,2,yearBuilt,42,+86yr,1925.0,2011.0
88,11284179,11284236,False,1,2,yearBuilt,43,+88yr,1925.0,2013.0
88,11284179,11284236,False,1,2,yearBuilt,44,+90yr,1925.0,2015.0
88,11284179,11284236,False,1,2,yearBuilt,45,+92yr,1925.0,2017.0
88,11284179,11284236,False,1,2,yearBuilt,46,+94yr,1925.0,2019.0
88,11284179,11284236,False,1,2,lot,0,+100sqft,3898.0,3998.0
88,11284179,11284236,False,1,2,lot,1,+200sqft,3898.0,4098.0
88,11284179,11284236,False,1,2,lot,2,+300sqft,3898.0,4198.0
88,11284179,11284236,False,1,2,lot,3,+400sqft,3898.0,4298.0
88,11284179,11284236,False,1,2,lot,4,+500sqft,3898.0,4398.0
88,11284179,11284236,False,1,2,lot,5,+600sqft,3898.0,4498.0
88,11284179,11284236,False,1,2,lot,6,+700sqft,3898.0,4598.0
88,11284179,11284236,False,1,2,lot,7,+800sqft,3898.0,4698.0
88,11284179,11284236,False,1,2,lot,8,+900sqft,3898.0,4798.0
88,11284179,11284236,False,1,2,lot,9,+1000sqft,3898.0,4898.0
88,11284179,11284236,False,1,2,lot,10,+1100sqft,3898.0,4998.0
88,11284179,11284236,False,1,2,lot,11,+1200sqft,3898.0,5098.0
88,11284179,11284236,False,1,2,lot,12,+1300sqft,3898.0,5198.0
88,11284179,11284236,False,1,2,lot,13,+1400sqft,3898.0,5298.0
88,11284179,11284236,False,1,2,lot,14,+1500sqft,3898.0,5398.0
88,11284179,11284236,False,1,2,lot,15,+1600sqft,3898.0,5498.0
88,11284179,11284236,False,1,2,lot,16,+1700sqft,3898.0,5598.0
88,11284179,11284236,False,1,2,lot,17,+1800sqft,3898.0,5698.0
88,11284179,11284236,False,1,2,lot,18,+1900sqft,3898.0,5798.0
88,11284179,11284236,False,1,2,lot,19,+2000sqft,3898.0,5898.0
88,11284179,11284236,False,1,2,lot,20,+2100sqft,3898.0,5998.0
88,11284179,11284236,False,1,2,lot,21,+2200sqft,3898.0,6098.0
88,11284179,11284236,False,1,2,lot,22,+2300sqft,3898.0,6198.0
88,11284179,11284236,False,1,2,lot,23,+2400sqft,3898.0,6298.0
88,11284179,11284236,False,1,2,lot,24,+2500sqft,3898.0,6398.0
88,11284179,11284236,False,1,2,lot,25,+2600sqft,3898.0,6498.0
88,11284179,11284236,False,1,2,lot,26,+2700sqft,3898.0,6598.0
88,11284179,11284236,False,1,2,lot,27,+2800sqft,3898.0,6698.0
88,11284179,11284236,False,1,2,lot,28,+2900sqft,3898.0,6798.0
88,11284179,11284236,False,1,2,lot,29,+3000sqft,3898.0,6898.0
88,11284179,11284236,False,1,2,lot,30,+3100sqft,3898.0,6998.0
88,11284179,11284236,False,1,2,lot,31,+3200sqft,3898.0,7098.0
88,11284179,11284236,False,1,2,lot,32,+3300sqft,3898.0,7198.0
88,11284179,11284236,False,1,2,lot,33,+3400sqft,3898.0,7298.0
88,11284179,11284236,False,1,2,lot,34,+3500sqft,3898.0,7398.0
88,11284179,11284236,False,1,2,lot,35,+3600sqft,3898.0,7498.0
88,11284179,11284236,False,1,2,lot,36,+3700sqft,3898.0,7598.0
88,11284179,11284236,False,1,2,lot,37,+3800sqft,3898.0,7698.0
88,11284179,11284236,False,1,2,lot,38,+3900sqft,3898.0,7798.0
88,11284179,11284236,False,1,2,lot,39,+4000sqft,3898.0,7898.0
88,11284179,11284236,False,1,2,lot,40,+4100sqft,3898.0,7998.0
88,11284179,11284236,False,1,2,lot,41,+4200sqft,3898.0,8098.0
88,11284179,11284236,False,1,2,lot,42,+4300sqft,3898.0,8198.0
88,11284179,11284236,False,1,2,lot,43,+4400sqft,3898.0,8298.0
88,11284179,11284236,False,1,2,lot,44,+4500sqft,3898.0,8398.0
88,11284179,11284236,False,1,2,lot,45,+4600sqft,3898.0,8498.0
88,11284179,11284236,False,1,2,lot,46,+4700sqft,3898.0,8598.0
88,11284179,11284236,False,1,2,lot,47,+4800sqft,3898.0,8698.0
88,11284179,11284236,False,1,2,lot,48,+4900sqft,3898.0,8798.0
88,11284179,11284236,False,1,2,lot,49,+5000sqft,3898.0,8898.0
89,11354025,11354209,False,1,2,bedrooms,0,+1,4.0,5.0
89,11354025,11354209,False,1,2,bedrooms,1,+2,4.0,6.0
89,11354025,11354209,False,1,2,bedrooms,2,+3,4.0,7.0
89,11354025,11354209,False,1,2,bedrooms,3,+4,4.0,8.0
89,11354025,11354209,False,1,2,bedrooms,4,+5,4.0,9.0
89,11354025,11354209,False,1,2,bedrooms,5,+6,4.0,10.0
89,11354025,11354209,False,1,2,bathrooms,0,+1,2.0,3.0
89,11354025,11354209,False,1,2,bathrooms,1,+2,2.0,4.0
89,11354025,11354209,False,1,2,bathrooms,2,+3,2.0,5.0
89,11354025,11354209,False,1,2,bathrooms,3,+4,2.0,6.0
89,11354025,11354209,False,1,2,bathrooms,4,+5,2.0,7.0
89,11354025,11354209,False,1,2,bathrooms,5,+6,2.0,8.0
89,11354025,11354209,False,1,2,bathrooms,6,+7,2.0,9.0
89,11354025,11354209,False,1,2,bathrooms,7,+8,2.0,10.0
89,11354025,11354209,False,1,2,yearBuilt,0,+2yr,1945.0,1947.0
89,11354025,11354209,False,1,2,yearBuilt,1,+4yr,1945.0,1949.0
89,11354025,11354209,False,1,2,yearBuilt,2,+6yr,1945.0,1951.0
89,11354025,11354209,False,1,2,yearBuilt,3,+8yr,1945.0,1953.0
89,11354025,11354209,False,1,2,yearBuilt,4,+10yr,1945.0,1955.0
89,11354025,11354209,False,1,2,yearBuilt,5,+12yr,1945.0,1957.0
89,11354025,11354209,False,1,2,yearBuilt,6,+14yr,1945.0,1959.0
89,11354025,11354209,False,1,2,yearBuilt,7,+16yr,1945.0,1961.0
89,11354025,11354209,False,1,2,yearBuilt,8,+18yr,1945.0,1963.0
89,11354025,11354209,False,1,2,yearBuilt,9,+20yr,1945.0,1965.0
89,11354025,11354209,False,1,2,yearBuilt,10,+22yr,1945.0,1967.0
89,11354025,11354209,False,1,2,yearBuilt,11,+24yr,1945.0,1969.0
89,11354025,11354209,False,1,2,yearBuilt,12,+26yr,1945.0,1971.0
89,11354025,11354209,False,1,2,yearBuilt,13,+28yr,1945.0,1973.0
89,11354025,11354209,False,1,2,yearBuilt,14,+30yr,1945.0,1975.0
89,11354025,11354209,False,1,2,yearBuilt,15,+32yr,1945.0,1977.0
89,11354025,11354209,False,1,2,yearBuilt,16,+34yr,1945.0,1979.0
89,11354025,11354209,False,1,2,yearBuilt,17,+36yr,1945.0,1981.0
89,11354025,11354209,False,1,2,yearBuilt,18,+38yr,1945.0,1983.0
89,11354025,11354209,False,1,2,yearBuilt,19,+40yr,1945.0,1985.0
89,11354025,11354209,False,1,2,yearBuilt,20,+42yr,1945.0,1987.0
89,11354025,11354209,False,1,2,yearBuilt,21,+44yr,1945.0,1989.0
89,11354025,11354209,False,1,2,yearBuilt,22,+46yr,1945.0,1991.0
89,11354025,11354209,False,1,2,yearBuilt,23,+48yr,1945.0,1993.0
89,11354025,11354209,False,1,2,yearBuilt,24,+50yr,1945.0,1995.0
89,11354025,11354209,False,1,2,yearBuilt,25,+52yr,1945.0,1997.0
89,11354025,11354209,False,1,2,yearBuilt,26,+54yr,1945.0,1999.0
89,11354025,11354209,False,1,2,yearBuilt,27,+56yr,1945.0,2001.0
89,11354025,11354209,False,1,2,yearBuilt,28,+58yr,1945.0,2003.0
89,11354025,11354209,False,1,2,yearBuilt,29,+60yr,1945.0,2005.0
89,11354025,11354209,False,1,2,yearBuilt,30,+62yr,1945.0,2007.0
89,11354025,11354209,False,1,2,yearBuilt,31,+64yr,1945.0,2009.0
89,11354025,11354209,False,1,2,yearBuilt,32,+66yr,1945.0,2011.0
89,11354025,11354209,False,1,2,yearBuilt,33,+68yr,1945.0,2013.0
89,11354025,11354209,False,1,2,yearBuilt,34,+70yr,1945.0,2015.0
89,11354025,11354209,False,1,2,yearBuilt,35,+72yr,1945.0,2017.0
89,11354025,11354209,False,1,2,yearBuilt,36,+74yr,1945.0,2019.0
89,11354025,11354209,False,1,2,yearBuilt,37,+76yr,1945.0,2021.0
89,11354025,11354209,False,1,2,yearBuilt,38,+78yr,1945.0,2023.0
89,11354025,11354209,False,1,2,yearBuilt,39,+80yr,1945.0,2025.0
89,11354025,11354209,False,1,2,lot,0,+100sqft,4499.0,4599.0
89,11354025,11354209,False,1,2,lot,1,+200sqft,4499.0,4699.0
89,11354025,11354209,False,1,2,lot,2,+300sqft,4499.0,4799.0
89,11354025,11354209,False,1,2,lot,3,+400sqft,4499.0,4899.0
89,11354025,11354209,False,1,2,lot,4,+500sqft,4499.0,4999.0
89,11354025,11354209,False,1,2,lot,5,+600sqft,4499.0,5099.0
89,11354025,11354209,False,1,2,lot,6,+700sqft,4499.0,5199.0
89,11354025,11354209,False,1,2,lot,7,+800sqft,4499.0,5299.0
89,11354025,11354209,False,1,2,lot,8,+900sqft,4499.0,5399.0
89,11354025,11354209,False,1,2,lot,9,+1000sqft,4499.0,5499.0
89,11354025,11354209,False,1,2,lot,10,+1100sqft,4499.0,5599.0
89,11354025,11354209,False,1,2,lot,11,+1200sqft,4499.0,5699.0
89,11354025,11354209,False,1,2,lot,12,+1300sqft,4499.0,5799.0
89,11354025,11354209,False,1,2,lot,13,+1400sqft,4499.0,5899.0
89,11354025,11354209,False,1,2,lot,14,+1500sqft,4499.0,5999.0
89,11354025,11354209,False,1,2,lot,15,+1600sqft,4499.0,6099.0
89,11354025,11354209,False,1,2,lot,16,+1700sqft,4499.0,6199.0
89,11354025,11354209,False,1,2,lot,17,+1800sqft,4499.0,6299.0
89,11354025,11354209,False,1,2,lot,18,+1900sqft,4499.0,6399.0
89,11354025,11354209,False,1,2,lot,19,+2000sqft,4499.0,6499.0
89,11354025,11354209,False,1,2,lot,20,+2100sqft,4499.0,6599.0
89,11354025,11354209,False,1,2,lot,21,+2200sqft,4499.0,6699.0
89,11354025,11354209,False,1,2,lot,22,+2300sqft,4499.0,6799.0
89,11354025,11354209,False,1,2,lot,23,+2400sqft,4499.0,6899.0
89,11354025,11354209,False,1,2,lot,24,+2500sqft,4499.0,6999.0
89,11354025,11354209,False,1,2,lot,25,+2600sqft,4499.0,7099.0
89,11354025,11354209,False,1,2,lot,26,+2700sqft,4499.0,7199.0
89,11354025,11354209,False,1,2,lot,27,+2800sqft,4499.0,7299.0
89,11354025,11354209,False,1,2,lot,28,+2900sqft,4499.0,7399.0
89,11354025,11354209,False,1,2,lot,29,+3000sqft,4499.0,7499.0
89,11354025,11354209,False,1,2,lot,30,+3100sqft,4499.0,7599.0
89,11354025,11354209,False,1,2,lot,31,+3200sqft,4499.0,7699.0
89,11354025,11354209,False,1,2,lot,32,+3300sqft,4499.0,7799.0
89,11354025,11354209,False,1,2,lot,33,+3400sqft,4499.0,7899.0
89,11354025,11354209,False,1,2,lot,34,+3500sqft,4499.0,7999.0
89,11354025,11354209,False,1,2,lot,35,+3600sqft,4499.0,8099.0
89,11354025,11354209,False,1,2,lot,36,+3700sqft,4499.0,8199.0
89,11354025,11354209,False,1,2,lot,37,+3800sqft,4499.0,8299.0
89,11354025,11354209,False,1,2,lot,38,+3900sqft,4499.0,8399.0
89,11354025,11354209,False,1,2,lot,39,+4000sqft,4499.0,8499.0
89,11354025,11354209,False,1,2,lot,40,+4100sqft,4499.0,8599.0
89,11354025,11354209,False,1,2,lot,41,+4200sqft,4499.0,8699.0
89,11354025,11354209,False,1,2,lot,42,+4300sqft,4499.0,8799.0
89,11354025,11354209,False,1,2,lot,43,+4400sqft,4499.0,8899.0
89,11354025,11354209,False,1,2,lot,44,+4500sqft,4499.0,8999.0
89,11354025,11354209,False,1,2,lot,45,+4600sqft,4499.0,9099.0
89,11354025,11354209,False,1,2,lot,46,+4700sqft,4499.0,9199.0
89,11354025,11354209,False,1,2,lot,47,+4800sqft,4499.0,9299.0
89,11354025,11354209,False,1,2,lot,48,+4900sqft,4499.0,9399.0
89,11354025,11354209,False,1,2,lot,49,+5000sqft,4499.0,9499.0
90,11617445,11643265,False,2,1,bedrooms,0,+1,3.0,4.0
90,11617445,11643265,False,2,1,bedrooms,1,+2,3.0,5.0
90,11617445,11643265,False,2,1,bedrooms,2,+3,3.0,6.0
90,11617445,11643265,False,2,1,bedrooms,3,+4,3.0,7.0
90,11617445,11643265,False,2,1,bedrooms,4,+5,3.0,8.0
90,11617445,11643265,False,2,1,bedrooms,5,+6,3.0,9.0
90,11617445,11643265,False,2,1,bedrooms,6,+7,3.0,10.0
90,11617445,11643265,False,2,1,bathrooms,0,+1,3.0,4.0
90,11617445,11643265,False,2,1,bathrooms,1,+2,3.0,5.0
90,11617445,11643265,False,2,1,bathrooms,2,+3,3.0,6.0
90,11617445,11643265,False,2,1,bathrooms,3,+4,3.0,7.0
90,11617445,11643265,False,2,1,bathrooms,4,+5,3.0,8.0
90,11617445,11643265,False,2,1,bathrooms,5,+6,3.0,9.0
90,11617445,11643265,False,2,1,bathrooms,6,+7,3.0,10.0
90,11617445,11643265,False,2,1,yearBuilt,0,+2yr,1938.0,1940.0
90,11617445,11643265,False,2,1,yearBuilt,1,+4yr,1938.0,1942.0
90,11617445,11643265,False,2,1,yearBuilt,2,+6yr,1938.0,1944.0
90,11617445,11643265,False,2,1,yearBuilt,3,+8yr,1938.0,1946.0
90,11617445,11643265,False,2,1,yearBuilt,4,+10yr,1938.0,1948.0
90,11617445,11643265,False,2,1,yearBuilt,5,+12yr,1938.0,1950.0
90,11617445,11643265,False,2,1,yearBuilt,6,+14yr,1938.0,1952.0
90,11617445,11643265,False,2,1,yearBuilt,7,+16yr,1938.0,1954.0
90,11617445,11643265,False,2,1,yearBuilt,8,+18yr,1938.0,1956.0
90,11617445,11643265,False,2,1,yearBuilt,9,+20yr,1938.0,1958.0
90,11617445,11643265,False,2,1,yearBuilt,10,+22yr,1938.0,1960.0
90,11617445,11643265,False,2,1,yearBuilt,11,+24yr,1938.0,1962.0
90,11617445,11643265,False,2,1,yearBuilt,12,+26yr,1938.0,1964.0
90,11617445,11643265,False,2,1,yearBuilt,13,+28yr,1938.0,1966.0
90,11617445,11643265,False,2,1,yearBuilt,14,+30yr,1938.0,1968.0
90,11617445,11643265,False,2,1,yearBuilt,15,+32yr,1938.0,1970.0
90,11617445,11643265,False,2,1,yearBuilt,16,+34yr,1938.0,1972.0
90,11617445,11643265,False,2,1,yearBuilt,17,+36yr,1938.0,1974.0
90,11617445,11643265,False,2,1,yearBuilt,18,+38yr,1938.0,1976.0
90,11617445,11643265,False,2,1,yearBuilt,19,+40yr,1938.0,1978.0
90,11617445,11643265,False,2,1,yearBuilt,20,+42yr,1938.0,1980.0
90,11617445,11643265,False,2,1,yearBuilt,21,+44yr,1938.0,1982.0
90,11617445,11643265,False,2,1,yearBuilt,22,+46yr,1938.0,1984.0
90,11617445,11643265,False,2,1,yearBuilt,23,+48yr,1938.0,1986.0
90,11617445,11643265,False,2,1,yearBuilt,24,+50yr,1938.0,1988.0
90,11617445,11643265,False,2,1,yearBuilt,25,+52yr,1938.0,1990.0
90,11617445,11643265,False,2,1,yearBuilt,26,+54yr,1938.0,1992.0
90,11617445,11643265,False,2,1,yearBuilt,27,+56yr,1938.0,1994.0
90,11617445,11643265,False,2,1,yearBuilt,28,+58yr,1938.0,1996.0
90,11617445,11643265,False,2,1,yearBuilt,29,+60yr,1938.0,1998.0
90,11617445,11643265,False,2,1,yearBuilt,30,+62yr,1938.0,2000.0
90,11617445,11643265,False,2,1,yearBuilt,31,+64yr,1938.0,2002.0
90,11617445,11643265,False,2,1,yearBuilt,32,+66yr,1938.0,2004.0
90,11617445,11643265,False,2,1,yearBuilt,33,+68yr,1938.0,2006.0
90,11617445,11643265,False,2,1,yearBuilt,34,+70yr,1938.0,2008.0
90,11617445,11643265,False,2,1,yearBuilt,35,+72yr,1938.0,2010.0
90,11617445,11643265,False,2,1,yearBuilt,36,+74yr,1938.0,2012.0
90,11617445,11643265,False,2,1,yearBuilt,37,+76yr,1938.0,2014.0
90,11617445,11643265,False,2,1,yearBuilt,38,+78yr,1938.0,2016.0
90,11617445,11643265,False,2,1,yearBuilt,39,+80yr,1938.0,2018.0
90,11617445,11643265,False,2,1,yearBuilt,40,+82yr,1938.0,2020.0
90,11617445,11643265,False,2,1,yearBuilt,41,+84yr,1938.0,2022.0
90,11617445,11643265,False,2,1,yearBuilt,42,+86yr,1938.0,2024.0
90,11617445,11643265,False,2,1,lot,0,+100sqft,0.01,0.0123
90,11617445,11643265,False,2,1,lot,1,+200sqft,0.01,0.0146
90,11617445,11643265,False,2,1,lot,2,+300sqft,0.01,0.0169
90,11617445,11643265,False,2,1,lot,3,+400sqft,0.01,0.0192
90,11617445,11643265,False,2,1,lot,4,+500sqft,0.01,0.0215
90,11617445,11643265,False,2,1,lot,5,+600sqft,0.01,0.0238
90,11617445,11643265,False,2,1,lot,6,+700sqft,0.01,0.0261
90,11617445,11643265,False,2,1,lot,7,+800sqft,0.01,0.0284
90,11617445,11643265,False,2,1,lot,8,+900sqft,0.01,0.0307
90,11617445,11643265,False,2,1,lot,9,+1000sqft,0.01,0.033
90,11617445,11643265,False,2,1,lot,10,+1100sqft,0.01,0.0353
90,11617445,11643265,False,2,1,lot,11,+1200sqft,0.01,0.0375
90,11617445,11643265,False,2,1,lot,12,+1300sqft,0.01,0.0398
90,11617445,11643265,False,2,1,lot,13,+1400sqft,0.01,0.0421
90,11617445,11643265,False,2,1,lot,14,+1500sqft,0.01,0.0444
90,11617445,11643265,False,2,1,lot,15,+1600sqft,0.01,0.0467
90,11617445,11643265,False,2,1,lot,16,+1700sqft,0.01,0.049
90,11617445,11643265,False,2,1,lot,17,+1800sqft,0.01,0.0513
90,11617445,11643265,False,2,1,lot,18,+1900sqft,0.01,0.0536
90,11617445,11643265,False,2,1,lot,19,+2000sqft,0.01,0.0559
90,11617445,11643265,False,2,1,lot,20,+2100sqft,0.01,0.0582
90,11617445,11643265,False,2,1,lot,21,+2200sqft,0.01,0.0605
90,11617445,11643265,False,2,1,lot,22,+2300sqft,0.01,0.0628
90,11617445,11643265,False,2,1,lot,23,+2400sqft,0.01,0.0651
90,11617445,11643265,False,2,1,lot,24,+2500sqft,0.01,0.0674
90,11617445,11643265,False,2,1,lot,25,+2600sqft,0.01,0.0697
90,11617445,11643265,False,2,1,lot,26,+2700sqft,0.01,0.072
90,11617445,11643265,False,2,1,lot,27,+2800sqft,0.01,0.0743
90,11617445,11643265,False,2,1,lot,28,+2900sqft,0.01,0.0766
90,11617445,11643265,False,2,1,lot,29,+3000sqft,0.01,0.0789
90,11617445,11643265,False,2,1,lot,30,+3100sqft,0.01,0.0812
90,11617445,11643265,False,2,1,lot,31,+3200sqft,0.01,0.0835
90,11617445,11643265,False,2,1,lot,32,+3300sqft,0.01,0.0858
90,11617445,11643265,False,2,1,lot,33,+3400sqft,0.01,0.0881
90,11617445,11643265,False,2,1,lot,34,+3500sqft,0.01,0.0903
90,11617445,11643265,False,2,1,lot,35,+3600sqft,0.01,0.0926
90,11617445,11643265,False,2,1,lot,36,+3700sqft,0.01,0.0949
90,11617445,11643265,False,2,1,lot,37,+3800sqft,0.01,0.0972
90,11617445,11643265,False,2,1,lot,38,+3900sqft,0.01,0.0995
90,11617445,11643265,False,2,1,lot,39,+4000sqft,0.01,0.1018
90,11617445,11643265,False,2,1,lot,40,+4100sqft,0.01,0.1041
90,11617445,11643265,False,2,1,lot,41,+4200sqft,0.01,0.1064
90,11617445,11643265,False,2,1,lot,42,+4300sqft,0.01,0.1087
90,11617445,11643265,False,2,1,lot,43,+4400sqft,0.01,0.111
90,11617445,11643265,False,2,1,lot,44,+4500sqft,0.01,0.1133
90,11617445,11643265,False,2,1,lot,45,+4600sqft,0.01,0.1156
90,11617445,11643265,False,2,1,lot,46,+4700sqft,0.01,0.1179
90,11617445,11643265,False,2,1,lot,47,+4800sqft,0.01,0.1202
90,11617445,11643265,False,2,1,lot,48,+4900sqft,0.01,0.1225
90,11617445,11643265,False,2,1,lot,49,+5000sqft,0.01,0.1248
91,11439929,11656362,False,1,2,bedrooms,0,+1,3.0,4.0
91,11439929,11656362,False,1,2,bedrooms,1,+2,3.0,5.0
91,11439929,11656362,False,1,2,bedrooms,2,+3,3.0,6.0
91,11439929,11656362,False,1,2,bedrooms,3,+4,3.0,7.0
91,11439929,11656362,False,1,2,bedrooms,4,+5,3.0,8.0
91,11439929,11656362,False,1,2,bedrooms,5,+6,3.0,9.0
91,11439929,11656362,False,1,2,bedrooms,6,+7,3.0,10.0
91,11439929,11656362,False,1,2,bathrooms,0,+1,2.0,3.0
91,11439929,11656362,False,1,2,bathrooms,1,+2,2.0,4.0
91,11439929,11656362,False,1,2,bathrooms,2,+3,2.0,5.0
91,11439929,11656362,False,1,2,bathrooms,3,+4,2.0,6.0
91,11439929,11656362,False,1,2,bathrooms,4,+5,2.0,7.0
91,11439929,11656362,False,1,2,bathrooms,5,+6,2.0,8.0
91,11439929,11656362,False,1,2,bathrooms,6,+7,2.0,9.0
91,11439929,11656362,False,1,2,bathrooms,7,+8,2.0,10.0
91,11439929,11656362,False,1,2,yearBuilt,0,+2yr,1930.0,1932.0
91,11439929,11656362,False,1,2,yearBuilt,1,+4yr,1930.0,1934.0
91,11439929,11656362,False,1,2,yearBuilt,2,+6yr,1930.0,1936.0
91,11439929,11656362,False,1,2,yearBuilt,3,+8yr,1930.0,1938.0
91,11439929,11656362,False,1,2,yearBuilt,4,+10yr,1930.0,1940.0
91,11439929,11656362,False,1,2,yearBuilt,5,+12yr,1930.0,1942.0
91,11439929,11656362,False,1,2,yearBuilt,6,+14yr,1930.0,1944.0
91,11439929,11656362,False,1,2,yearBuilt,7,+16yr,1930.0,1946.0
91,11439929,11656362,False,1,2,yearBuilt,8,+18yr,1930.0,1948.0
91,11439929,11656362,False,1,2,yearBuilt,9,+20yr,1930.0,1950.0
91,11439929,11656362,False,1,2,yearBuilt,10,+22yr,1930.0,1952.0
91,11439929,11656362,False,1,2,yearBuilt,11,+24yr,1930.0,1954.0
91,11439929,11656362,False,1,2,yearBuilt,12,+26yr,1930.0,1956.0
91,11439929,11656362,False,1,2,yearBuilt,13,+28yr,1930.0,1958.0
91,11439929,11656362,False,1,2,yearBuilt,14,+30yr,1930.0,1960.0
91,11439929,11656362,False,1,2,yearBuilt,15,+32yr,1930.0,1962.0
91,11439929,11656362,False,1,2,yearBuilt,16,+34yr,1930.0,1964.0
91,11439929,11656362,False,1,2,yearBuilt,17,+36yr,1930.0,1966.0
91,11439929,11656362,False,1,2,yearBuilt,18,+38yr,1930.0,1968.0
91,11439929,11656362,False,1,2,yearBuilt,19,+40yr,1930.0,1970.0
91,11439929,11656362,False,1,2,yearBuilt,20,+42yr,1930.0,1972.0
91,11439929,11656362,False,1,2,yearBuilt,21,+44yr,1930.0,1974.0
91,11439929,11656362,False,1,2,yearBuilt,22,+46yr,1930.0,1976.0
91,11439929,11656362,False,1,2,yearBuilt,23,+48yr,1930.0,1978.0
91,11439929,11656362,False,1,2,yearBuilt,24,+50yr,1930.0,1980.0
91,11439929,11656362,False,1,2,yearBuilt,25,+52yr,1930.0,1982.0
91,11439929,11656362,False,1,2,yearBuilt,26,+54yr,1930.0,1984.0
91,11439929,11656362,False,1,2,yearBuilt,27,+56yr,1930.0,1986.0
91,11439929,11656362,False,1,2,yearBuilt,28,+58yr,1930.0,1988.0
91,11439929,11656362,False,1,2,yearBuilt,29,+60yr,1930.0,1990.0
91,11439929,11656362,False,1,2,yearBuilt,30,+62yr,1930.0,1992.0
91,11439929,11656362,False,1,2,yearBuilt,31,+64yr,1930.0,1994.0
91,11439929,11656362,False,1,2,yearBuilt,32,+66yr,1930.0,1996.0
91,11439929,11656362,False,1,2,yearBuilt,33,+68yr,1930.0,1998.0
91,11439929,11656362,False,1,2,yearBuilt,34,+70yr,1930.0,2000.0
91,11439929,11656362,False,1,2,yearBuilt,35,+72yr,1930.0,2002.0
91,11439929,11656362,False,1,2,yearBuilt,36,+74yr,1930.0,2004.0
91,11439929,11656362,False,1,2,yearBuilt,37,+76yr,1930.0,2006.0
91,11439929,11656362,False,1,2,yearBuilt,38,+78yr,1930.0,2008.0
91,11439929,11656362,False,1,2,yearBuilt,39,+80yr,1930.0,2010.0
91,11439929,11656362,False,1,2,yearBuilt,40,+82yr,1930.0,2012.0
91,11439929,11656362,False,1,2,yearBuilt,41,+84yr,1930.0,2014.0
91,11439929,11656362,False,1,2,yearBuilt,42,+86yr,1930.0,2016.0
91,11439929,11656362,False,1,2,yearBuilt,43,+88yr,1930.0,2018.0
91,11439929,11656362,False,1,2,yearBuilt,44,+90yr,1930.0,2020.0
91,11439929,11656362,False,1,2,yearBuilt,45,+92yr,1930.0,2022.0
91,11439929,11656362,False,1,2,yearBuilt,46,+94yr,1930.0,2024.0
91,11439929,11656362,False,1,2,lot,0,+100sqft,5087.0,5187.0
91,11439929,11656362,False,1,2,lot,1,+200sqft,5087.0,5287.0
91,11439929,11656362,False,1,2,lot,2,+300sqft,5087.0,5387.0
91,11439929,11656362,False,1,2,lot,3,+400sqft,5087.0,5487.0
91,11439929,11656362,False,1,2,lot,4,+500sqft,5087.0,5587.0
91,11439929,11656362,False,1,2,lot,5,+600sqft,5087.0,5687.0
91,11439929,11656362,False,1,2,lot,6,+700sqft,5087.0,5787.0
91,11439929,11656362,False,1,2,lot,7,+800sqft,5087.0,5887.0
91,11439929,11656362,False,1,2,lot,8,+900sqft,5087.0,5987.0
91,11439929,11656362,False,1,2,lot,9,+1000sqft,5087.0,6087.0
91,11439929,11656362,False,1,2,lot,10,+1100sqft,5087.0,6187.0
91,11439929,11656362,False,1,2,lot,11,+1200sqft,5087.0,6287.0
91,11439929,11656362,False,1,2,lot,12,+1300sqft,5087.0,6387.0
91,11439929,11656362,False,1,2,lot,13,+1400sqft,5087.0,6487.0
91,11439929,11656362,False,1,2,lot,14,+1500sqft,5087.0,6587.0
91,11439929,11656362,False,1,2,lot,15,+1600sqft,5087.0,6687.0
91,11439929,11656362,False,1,2,lot,16,+1700sqft,5087.0,6787.0
91,11439929,11656362,False,1,2,lot,17,+1800sqft,5087.0,6887.0
91,11439929,11656362,False,1,2,lot,18,+1900sqft,5087.0,6987.0
91,11439929,11656362,False,1,2,lot,19,+2000sqft,5087.0,7087.0
91,11439929,11656362,False,1,2,lot,20,+2100sqft,5087.0,7187.0
91,11439929,11656362,False,1,2,lot,21,+2200sqft,5087.0,7287.0
91,11439929,11656362,False,1,2,lot,22,+2300sqft,5087.0,7387.0
91,11439929,11656362,False,1,2,lot,23,+2400sqft,5087.0,7487.0
91,11439929,11656362,False,1,2,lot,24,+2500sqft,5087.0,7587.0
91,11439929,11656362,False,1,2,lot,25,+2600sqft,5087.0,7687.0
91,11439929,11656362,False,1,2,lot,26,+2700sqft,5087.0,7787.0
91,11439929,11656362,False,1,2,lot,27,+2800sqft,5087.0,7887.0
91,11439929,11656362,False,1,2,lot,28,+2900sqft,5087.0,7987.0
91,11439929,11656362,False,1,2,lot,29,+3000sqft,5087.0,8087.0
91,11439929,11656362,False,1,2,lot,30,+3100sqft,5087.0,8187.0
91,11439929,11656362,False,1,2,lot,31,+3200sqft,5087.0,8287.0
91,11439929,11656362,False,1,2,lot,32,+3300sqft,5087.0,8387.0
91,11439929,11656362,False,1,2,lot,33,+3400sqft,5087.0,8487.0
91,11439929,11656362,False,1,2,lot,34,+3500sqft,5087.0,8587.0
91,11439929,11656362,False,1,2,lot,35,+3600sqft,5087.0,8687.0
91,11439929,11656362,False,1,2,lot,36,+3700sqft,5087.0,8787.0
91,11439929,11656362,False,1,2,lot,37,+3800sqft,5087.0,8887.0
91,11439929,11656362,False,1,2,lot,38,+3900sqft,5087.0,8987.0
91,11439929,11656362,False,1,2,lot,39,+4000sqft,5087.0,9087.0
91,11439929,11656362,False,1,2,lot,40,+4100sqft,5087.0,9187.0
91,11439929,11656362,False,1,2,lot,41,+4200sqft,5087.0,9287.0
91,11439929,11656362,False,1,2,lot,42,+4300sqft,5087.0,9387.0
91,11439929,11656362,False,1,2,lot,43,+4400sqft,5087.0,9487.0
91,11439929,11656362,False,1,2,lot,44,+4500sqft,5087.0,9587.0
91,11439929,11656362,False,1,2,lot,45,+4600sqft,5087.0,9687.0
91,11439929,11656362,False,1,2,lot,46,+4700sqft,5087.0,9787.0
91,11439929,11656362,False,1,2,lot,47,+4800sqft,5087.0,9887.0
91,11439929,11656362,False,1,2,lot,48,+4900sqft,5087.0,9987.0
91,11439929,11656362,False,1,2,lot,49,+5000sqft,5087.0,10087.0
92,11513765,123271271,False,1,2,bedrooms,0,+1,3.0,4.0
92,11513765,123271271,False,1,2,bedrooms,1,+2,3.0,5.0
92,11513765,123271271,False,1,2,bedrooms,2,+3,3.0,6.0
92,11513765,123271271,False,1,2,bedrooms,3,+4,3.0,7.0
92,11513765,123271271,False,1,2,bedrooms,4,+5,3.0,8.0
92,11513765,123271271,False,1,2,bedrooms,5,+6,3.0,9.0
92,11513765,123271271,False,1,2,bedrooms,6,+7,3.0,10.0
92,11513765,123271271,False,1,2,bathrooms,0,+1,3.0,4.0
92,11513765,123271271,False,1,2,bathrooms,1,+2,3.0,5.0
92,11513765,123271271,False,1,2,bathrooms,2,+3,3.0,6.0
92,11513765,123271271,False,1,2,bathrooms,3,+4,3.0,7.0
92,11513765,123271271,False,1,2,bathrooms,4,+5,3.0,8.0
92,11513765,123271271,False,1,2,bathrooms,5,+6,3.0,9.0
92,11513765,123271271,False,1,2,bathrooms,6,+7,3.0,10.0
92,11513765,123271271,False,1,2,yearBuilt,0,+2yr,1919.0,1921.0
92,11513765,123271271,False,1,2,yearBuilt,1,+4yr,1919.0,1923.0
92,11513765,123271271,False,1,2,yearBuilt,2,+6yr,1919.0,1925.0
92,11513765,123271271,False,1,2,yearBuilt,3,+8yr,1919.0,1927.0
92,11513765,123271271,False,1,2,yearBuilt,4,+10yr,1919.0,1929.0
92,11513765,123271271,False,1,2,yearBuilt,5,+12yr,1919.0,1931.0
92,11513765,123271271,False,1,2,yearBuilt,6,+14yr,1919.0,1933.0
92,11513765,123271271,False,1,2,yearBuilt,7,+16yr,1919.0,1935.0
92,11513765,123271271,False,1,2,yearBuilt,8,+18yr,1919.0,1937.0
92,11513765,123271271,False,1,2,yearBuilt,9,+20yr,1919.0,1939.0
92,11513765,123271271,False,1,2,yearBuilt,10,+22yr,1919.0,1941.0
92,11513765,123271271,False,1,2,yearBuilt,11,+24yr,1919.0,1943.0
92,11513765,123271271,False,1,2,yearBuilt,12,+26yr,1919.0,1945.0
92,11513765,123271271,False,1,2,yearBuilt,13,+28yr,1919.0,1947.0
92,11513765,123271271,False,1,2,yearBuilt,14,+30yr,1919.0,1949.0
92,11513765,123271271,False,1,2,yearBuilt,15,+32yr,1919.0,1951.0
92,11513765,123271271,False,1,2,yearBuilt,16,+34yr,1919.0,1953.0
92,11513765,123271271,False,1,2,yearBuilt,17,+36yr,1919.0,1955.0
92,11513765,123271271,False,1,2,yearBuilt,18,+38yr,1919.0,1957.0
92,11513765,123271271,False,1,2,yearBuilt,19,+40yr,1919.0,1959.0
92,11513765,123271271,False,1,2,yearBuilt,20,+42yr,1919.0,1961.0
92,11513765,123271271,False,1,2,yearBuilt,21,+44yr,1919.0,1963.0
92,11513765,123271271,False,1,2,yearBuilt,22,+46yr,1919.0,1965.0
92,11513765,123271271,False,1,2,yearBuilt,23,+48yr,1919.0,1967.0
92,11513765,123271271,False,1,2,yearBuilt,24,+50yr,1919.0,1969.0
92,11513765,123271271,False,1,2,yearBuilt,25,+52yr,1919.0,1971.0
92,11513765,123271271,False,1,2,yearBuilt,26,+54yr,1919.0,1973.0
92,11513765,123271271,False,1,2,yearBuilt,27,+56yr,1919.0,1975.0
92,11513765,123271271,False,1,2,yearBuilt,28,+58yr,1919.0,1977.0
92,11513765,123271271,False,1,2,yearBuilt,29,+60yr,1919.0,1979.0
92,11513765,123271271,False,1,2,yearBuilt,30,+62yr,1919.0,1981.0
92,11513765,123271271,False,1,2,yearBuilt,31,+64yr,1919.0,1983.0
92,11513765,123271271,False,1,2,yearBuilt,32,+66yr,1919.0,1985.0
92,11513765,123271271,False,1,2,yearBuilt,33,+68yr,1919.0,1987.0
92,11513765,123271271,False,1,2,yearBuilt,34,+70yr,1919.0,1989.0
92,11513765,123271271,False,1,2,yearBuilt,35,+72yr,1919.0,1991.0
92,11513765,123271271,False,1,2,yearBuilt,36,+74yr,1919.0,1993.0
92,11513765,123271271,False,1,2,yearBuilt,37,+76yr,1919.0,1995.0
92,11513765,123271271,False,1,2,yearBuilt,38,+78yr,1919.0,1997.0
92,11513765,123271271,False,1,2,yearBuilt,39,+80yr,1919.0,1999.0
92,11513765,123271271,False,1,2,yearBuilt,40,+82yr,1919.0,2001.0
92,11513765,123271271,False,1,2,yearBuilt,41,+84yr,1919.0,2003.0
92,11513765,123271271,False,1,2,yearBuilt,42,+86yr,1919.0,2005.0
92,11513765,123271271,False,1,2,yearBuilt,43,+88yr,1919.0,2007.0
92,11513765,123271271,False,1,2,yearBuilt,44,+90yr,1919.0,2009.0
92,11513765,123271271,False,1,2,yearBuilt,45,+92yr,1919.0,2011.0
92,11513765,123271271,False,1,2,yearBuilt,46,+94yr,1919.0,2013.0
92,11513765,123271271,False,1,2,lot,0,+100sqft,988.0,1088.0
92,11513765,123271271,False,1,2,lot,1,+200sqft,988.0,1188.0
92,11513765,123271271,False,1,2,lot,2,+300sqft,988.0,1288.0
92,11513765,123271271,False,1,2,lot,3,+400sqft,988.0,1388.0
92,11513765,123271271,False,1,2,lot,4,+500sqft,988.0,1488.0
92,11513765,123271271,False,1,2,lot,5,+600sqft,988.0,1588.0
92,11513765,123271271,False,1,2,lot,6,+700sqft,988.0,1688.0
92,11513765,123271271,False,1,2,lot,7,+800sqft,988.0,1788.0
92,11513765,123271271,False,1,2,lot,8,+900sqft,988.0,1888.0
92,11513765,123271271,False,1,2,lot,9,+1000sqft,988.0,1988.0
92,11513765,123271271,False,1,2,lot,10,+1100sqft,988.0,2088.0
92,11513765,123271271,False,1,2,lot,11,+1200sqft,988.0,2188.0
92,11513765,123271271,False,1,2,lot,12,+1300sqft,988.0,2288.0
92,11513765,123271271,False,1,2,lot,13,+1400sqft,988.0,2388.0
92,11513765,123271271,False,1,2,lot,14,+1500sqft,988.0,2488.0
92,11513765,123271271,False,1,2,lot,15,+1600sqft,988.0,2588.0
92,11513765,123271271,False,1,2,lot,16,+1700sqft,988.0,2688.0
92,11513765,123271271,False,1,2,lot,17,+1800sqft,988.0,2788.0
92,11513765,123271271,False,1,2,lot,18,+1900sqft,988.0,2888.0
92,11513765,123271271,False,1,2,lot,19,+2000sqft,988.0,2988.0
92,11513765,123271271,False,1,2,lot,20,+2100sqft,988.0,3088.0
92,11513765,123271271,False,1,2,lot,21,+2200sqft,988.0,3188.0
92,11513765,123271271,False,1,2,lot,22,+2300sqft,988.0,3288.0
92,11513765,123271271,False,1,2,lot,23,+2400sqft,988.0,3388.0
92,11513765,123271271,False,1,2,lot,24,+2500sqft,988.0,3488.0
92,11513765,123271271,False,1,2,lot,25,+2600sqft,988.0,3588.0
92,11513765,123271271,False,1,2,lot,26,+2700sqft,988.0,3688.0
92,11513765,123271271,False,1,2,lot,27,+2800sqft,988.0,3788.0
92,11513765,123271271,False,1,2,lot,28,+2900sqft,988.0,3888.0
92,11513765,123271271,False,1,2,lot,29,+3000sqft,988.0,3988.0
92,11513765,123271271,False,1,2,lot,30,+3100sqft,988.0,4088.0
92,11513765,123271271,False,1,2,lot,31,+3200sqft,988.0,4188.0
92,11513765,123271271,False,1,2,lot,32,+3300sqft,988.0,4288.0
92,11513765,123271271,False,1,2,lot,33,+3400sqft,988.0,4388.0
92,11513765,123271271,False,1,2,lot,34,+3500sqft,988.0,4488.0
92,11513765,123271271,False,1,2,lot,35,+3600sqft,988.0,4588.0
92,11513765,123271271,False,1,2,lot,36,+3700sqft,988.0,4688.0
92,11513765,123271271,False,1,2,lot,37,+3800sqft,988.0,4788.0
92,11513765,123271271,False,1,2,lot,38,+3900sqft,988.0,4888.0
92,11513765,123271271,False,1,2,lot,39,+4000sqft,988.0,4988.0
92,11513765,123271271,False,1,2,lot,40,+4100sqft,988.0,5088.0
92,11513765,123271271,False,1,2,lot,41,+4200sqft,988.0,5188.0
92,11513765,123271271,False,1,2,lot,42,+4300sqft,988.0,5288.0
92,11513765,123271271,False,1,2,lot,43,+4400sqft,988.0,5388.0
92,11513765,123271271,False,1,2,lot,44,+4500sqft,988.0,5488.0
92,11513765,123271271,False,1,2,lot,45,+4600sqft,988.0,5588.0
92,11513765,123271271,False,1,2,lot,46,+4700sqft,988.0,5688.0
92,11513765,123271271,False,1,2,lot,47,+4800sqft,988.0,5788.0
92,11513765,123271271,False,1,2,lot,48,+4900sqft,988.0,5888.0
92,11513765,123271271,False,1,2,lot,49,+5000sqft,988.0,5988.0
93,11306307,11354115,False,1,2,bedrooms,0,+1,3.0,4.0
93,11306307,11354115,False,1,2,bedrooms,1,+2,3.0,5.0
93,11306307,11354115,False,1,2,bedrooms,2,+3,3.0,6.0
93,11306307,11354115,False,1,2,bedrooms,3,+4,3.0,7.0
93,11306307,11354115,False,1,2,bedrooms,4,+5,3.0,8.0
93,11306307,11354115,False,1,2,bedrooms,5,+6,3.0,9.0
93,11306307,11354115,False,1,2,bedrooms,6,+7,3.0,10.0
93,11306307,11354115,False,1,2,bathrooms,0,+1,1.0,2.0
93,11306307,11354115,False,1,2,bathrooms,1,+2,1.0,3.0
93,11306307,11354115,False,1,2,bathrooms,2,+3,1.0,4.0
93,11306307,11354115,False,1,2,bathrooms,3,+4,1.0,5.0
93,11306307,11354115,False,1,2,bathrooms,4,+5,1.0,6.0
93,11306307,11354115,False,1,2,bathrooms,5,+6,1.0,7.0
93,11306307,11354115,False,1,2,bathrooms,6,+7,1.0,8.0
93,11306307,11354115,False,1,2,bathrooms,7,+8,1.0,9.0
93,11306307,11354115,False,1,2,bathrooms,8,+9,1.0,10.0
93,11306307,11354115,False,1,2,yearBuilt,0,+2yr,1940.0,1942.0
93,11306307,11354115,False,1,2,yearBuilt,1,+4yr,1940.0,1944.0
93,11306307,11354115,False,1,2,yearBuilt,2,+6yr,1940.0,1946.0
93,11306307,11354115,False,1,2,yearBuilt,3,+8yr,1940.0,1948.0
93,11306307,11354115,False,1,2,yearBuilt,4,+10yr,1940.0,1950.0
93,11306307,11354115,False,1,2,yearBuilt,5,+12yr,1940.0,1952.0
93,11306307,11354115,False,1,2,yearBuilt,6,+14yr,1940.0,1954.0
93,11306307,11354115,False,1,2,yearBuilt,7,+16yr,1940.0,1956.0
93,11306307,11354115,False,1,2,yearBuilt,8,+18yr,1940.0,1958.0
93,11306307,11354115,False,1,2,yearBuilt,9,+20yr,1940.0,1960.0
93,11306307,11354115,False,1,2,yearBuilt,10,+22yr,1940.0,1962.0
93,11306307,11354115,False,1,2,yearBuilt,11,+24yr,1940.0,1964.0
93,11306307,11354115,False,1,2,yearBuilt,12,+26yr,1940.0,1966.0
93,11306307,11354115,False,1,2,yearBuilt,13,+28yr,1940.0,1968.0
93,11306307,11354115,False,1,2,yearBuilt,14,+30yr,1940.0,1970.0
93,11306307,11354115,False,1,2,yearBuilt,15,+32yr,1940.0,1972.0
93,11306307,11354115,False,1,2,yearBuilt,16,+34yr,1940.0,1974.0
93,11306307,11354115,False,1,2,yearBuilt,17,+36yr,1940.0,1976.0
93,11306307,11354115,False,1,2,yearBuilt,18,+38yr,1940.0,1978.0
93,11306307,11354115,False,1,2,yearBuilt,19,+40yr,1940.0,1980.0
93,11306307,11354115,False,1,2,yearBuilt,20,+42yr,1940.0,1982.0
93,11306307,11354115,False,1,2,yearBuilt,21,+44yr,1940.0,1984.0
93,11306307,11354115,False,1,2,yearBuilt,22,+46yr,1940.0,1986.0
93,11306307,11354115,False,1,2,yearBuilt,23,+48yr,1940.0,1988.0
93,11306307,11354115,False,1,2,yearBuilt,24,+50yr,1940.0,1990.0
93,11306307,11354115,False,1,2,yearBuilt,25,+52yr,1940.0,1992.0
93,11306307,11354115,False,1,2,yearBuilt,26,+54yr,1940.0,1994.0
93,11306307,11354115,False,1,2,yearBuilt,27,+56yr,1940.0,1996.0
93,11306307,11354115,False,1,2,yearBuilt,28,+58yr,1940.0,1998.0
93,11306307,11354115,False,1,2,yearBuilt,29,+60yr,1940.0,2000.0
93,11306307,11354115,False,1,2,yearBuilt,30,+62yr,1940.0,2002.0
93,11306307,11354115,False,1,2,yearBuilt,31,+64yr,1940.0,2004.0
93,11306307,11354115,False,1,2,yearBuilt,32,+66yr,1940.0,2006.0
93,11306307,11354115,False,1,2,yearBuilt,33,+68yr,1940.0,2008.0
93,11306307,11354115,False,1,2,yearBuilt,34,+70yr,1940.0,2010.0
93,11306307,11354115,False,1,2,yearBuilt,35,+72yr,1940.0,2012.0
93,11306307,11354115,False,1,2,yearBuilt,36,+74yr,1940.0,2014.0
93,11306307,11354115,False,1,2,yearBuilt,37,+76yr,1940.0,2016.0
93,11306307,11354115,False,1,2,yearBuilt,38,+78yr,1940.0,2018.0
93,11306307,11354115,False,1,2,yearBuilt,39,+80yr,1940.0,2020.0
93,11306307,11354115,False,1,2,yearBuilt,40,+82yr,1940.0,2022.0
93,11306307,11354115,False,1,2,yearBuilt,41,+84yr,1940.0,2024.0
93,11306307,11354115,False,1,2,lot,0,+100sqft,4399.0,4499.0
93,11306307,11354115,False,1,2,lot,1,+200sqft,4399.0,4599.0
93,11306307,11354115,False,1,2,lot,2,+300sqft,4399.0,4699.0
93,11306307,11354115,False,1,2,lot,3,+400sqft,4399.0,4799.0
93,11306307,11354115,False,1,2,lot,4,+500sqft,4399.0,4899.0
93,11306307,11354115,False,1,2,lot,5,+600sqft,4399.0,4999.0
93,11306307,11354115,False,1,2,lot,6,+700sqft,4399.0,5099.0
93,11306307,11354115,False,1,2,lot,7,+800sqft,4399.0,5199.0
93,11306307,11354115,False,1,2,lot,8,+900sqft,4399.0,5299.0
93,11306307,11354115,False,1,2,lot,9,+1000sqft,4399.0,5399.0
93,11306307,11354115,False,1,2,lot,10,+1100sqft,4399.0,5499.0
93,11306307,11354115,False,1,2,lot,11,+1200sqft,4399.0,5599.0
93,11306307,11354115,False,1,2,lot,12,+1300sqft,4399.0,5699.0
93,11306307,11354115,False,1,2,lot,13,+1400sqft,4399.0,5799.0
93,11306307,11354115,False,1,2,lot,14,+1500sqft,4399.0,5899.0
93,11306307,11354115,False,1,2,lot,15,+1600sqft,4399.0,5999.0
93,11306307,11354115,False,1,2,lot,16,+1700sqft,4399.0,6099.0
93,11306307,11354115,False,1,2,lot,17,+1800sqft,4399.0,6199.0
93,11306307,11354115,False,1,2,lot,18,+1900sqft,4399.0,6299.0
93,11306307,11354115,False,1,2,lot,19,+2000sqft,4399.0,6399.0
93,11306307,11354115,False,1,2,lot,20,+2100sqft,4399.0,6499.0
93,11306307,11354115,False,1,2,lot,21,+2200sqft,4399.0,6599.0
93,11306307,11354115,False,1,2,lot,22,+2300sqft,4399.0,6699.0
93,11306307,11354115,False,1,2,lot,23,+2400sqft,4399.0,6799.0
93,11306307,11354115,False,1,2,lot,24,+2500sqft,4399.0,6899.0
93,11306307,11354115,False,1,2,lot,25,+2600sqft,4399.0,6999.0
93,11306307,11354115,False,1,2,lot,26,+2700sqft,4399.0,7099.0
93,11306307,11354115,False,1,2,lot,27,+2800sqft,4399.0,7199.0
93,11306307,11354115,False,1,2,lot,28,+2900sqft,4399.0,7299.0
93,11306307,11354115,False,1,2,lot,29,+3000sqft,4399.0,7399.0
93,11306307,11354115,False,1,2,lot,30,+3100sqft,4399.0,7499.0
93,11306307,11354115,False,1,2,lot,31,+3200sqft,4399.0,7599.0
93,11306307,11354115,False,1,2,lot,32,+3300sqft,4399.0,7699.0
93,11306307,11354115,False,1,2,lot,33,+3400sqft,4399.0,7799.0
93,11306307,11354115,False,1,2,lot,34,+3500sqft,4399.0,7899.0
93,11306307,11354115,False,1,2,lot,35,+3600sqft,4399.0,7999.0
93,11306307,11354115,False,1,2,lot,36,+3700sqft,4399.0,8099.0
93,11306307,11354115,False,1,2,lot,37,+3800sqft,4399.0,8199.0
93,11306307,11354115,False,1,2,lot,38,+3900sqft,4399.0,8299.0
93,11306307,11354115,False,1,2,lot,39,+4000sqft,4399.0,8399.0
93,11306307,11354115,False,1,2,lot,40,+4100sqft,4399.0,8499.0
93,11306307,11354115,False,1,2,lot,41,+4200sqft,4399.0,8599.0
93,11306307,11354115,False,1,2,lot,42,+4300sqft,4399.0,8699.0
93,11306307,11354115,False,1,2,lot,43,+4400sqft,4399.0,8799.0
93,11306307,11354115,False,1,2,lot,44,+4500sqft,4399.0,8899.0
93,11306307,11354115,False,1,2,lot,45,+4600sqft,4399.0,8999.0
93,11306307,11354115,False,1,2,lot,46,+4700sqft,4399.0,9099.0
93,11306307,11354115,False,1,2,lot,47,+4800sqft,4399.0,9199.0
93,11306307,11354115,False,1,2,lot,48,+4900sqft,4399.0,9299.0
93,11306307,11354115,False,1,2,lot,49,+5000sqft,4399.0,9399.0
94,11306307,11392669,False,1,2,bedrooms,0,+1,2.0,3.0
94,11306307,11392669,False,1,2,bedrooms,1,+2,2.0,4.0
94,11306307,11392669,False,1,2,bedrooms,2,+3,2.0,5.0
94,11306307,11392669,False,1,2,bedrooms,3,+4,2.0,6.0
94,11306307,11392669,False,1,2,bedrooms,4,+5,2.0,7.0
94,11306307,11392669,False,1,2,bedrooms,5,+6,2.0,8.0
94,11306307,11392669,False,1,2,bedrooms,6,+7,2.0,9.0
94,11306307,11392669,False,1,2,bedrooms,7,+8,2.0,10.0
94,11306307,11392669,False,1,2,bathrooms,0,+1,2.0,3.0
94,11306307,11392669,False,1,2,bathrooms,1,+2,2.0,4.0
94,11306307,11392669,False,1,2,bathrooms,2,+3,2.0,5.0
94,11306307,11392669,False,1,2,bathrooms,3,+4,2.0,6.0
94,11306307,11392669,False,1,2,bathrooms,4,+5,2.0,7.0
94,11306307,11392669,False,1,2,bathrooms,5,+6,2.0,8.0
94,11306307,11392669,False,1,2,bathrooms,6,+7,2.0,9.0
94,11306307,11392669,False,1,2,bathrooms,7,+8,2.0,10.0
94,11306307,11392669,False,1,2,yearBuilt,0,+2yr,1953.0,1955.0
94,11306307,11392669,False,1,2,yearBuilt,1,+4yr,1953.0,1957.0
94,11306307,11392669,False,1,2,yearBuilt,2,+6yr,1953.0,1959.0
94,11306307,11392669,False,1,2,yearBuilt,3,+8yr,1953.0,1961.0
94,11306307,11392669,False,1,2,yearBuilt,4,+10yr,1953.0,1963.0
94,11306307,11392669,False,1,2,yearBuilt,5,+12yr,1953.0,1965.0
94,11306307,11392669,False,1,2,yearBuilt,6,+14yr,1953.0,1967.0
94,11306307,11392669,False,1,2,yearBuilt,7,+16yr,1953.0,1969.0
94,11306307,11392669,False,1,2,yearBuilt,8,+18yr,1953.0,1971.0
94,11306307,11392669,False,1,2,yearBuilt,9,+20yr,1953.0,1973.0
94,11306307,11392669,False,1,2,yearBuilt,10,+22yr,1953.0,1975.0
94,11306307,11392669,False,1,2,yearBuilt,11,+24yr,1953.0,1977.0
94,11306307,11392669,False,1,2,yearBuilt,12,+26yr,1953.0,1979.0
94,11306307,11392669,False,1,2,yearBuilt,13,+28yr,1953.0,1981.0
94,11306307,11392669,False,1,2,yearBuilt,14,+30yr,1953.0,1983.0
94,11306307,11392669,False,1,2,yearBuilt,15,+32yr,1953.0,1985.0
94,11306307,11392669,False,1,2,yearBuilt,16,+34yr,1953.0,1987.0
94,11306307,11392669,False,1,2,yearBuilt,17,+36yr,1953.0,1989.0
94,11306307,11392669,False,1,2,yearBuilt,18,+38yr,1953.0,1991.0
94,11306307,11392669,False,1,2,yearBuilt,19,+40yr,1953.0,1993.0
94,11306307,11392669,False,1,2,yearBuilt,20,+42yr,1953.0,1995.0
94,11306307,11392669,False,1,2,yearBuilt,21,+44yr,1953.0,1997.0
94,11306307,11392669,False,1,2,yearBuilt,22,+46yr,1953.0,1999.0
94,11306307,11392669,False,1,2,yearBuilt,23,+48yr,1953.0,2001.0
94,11306307,11392669,False,1,2,yearBuilt,24,+50yr,1953.0,2003.0
94,11306307,11392669,False,1,2,yearBuilt,25,+52yr,1953.0,2005.0
94,11306307,11392669,False,1,2,yearBuilt,26,+54yr,1953.0,2007.0
94,11306307,11392669,False,1,2,yearBuilt,27,+56yr,1953.0,2009.0
94,11306307,11392669,False,1,2,yearBuilt,28,+58yr,1953.0,2011.0
94,11306307,11392669,False,1,2,yearBuilt,29,+60yr,1953.0,2013.0
94,11306307,11392669,False,1,2,yearBuilt,30,+62yr,1953.0,2015.0
94,11306307,11392669,False,1,2,yearBuilt,31,+64yr,1953.0,2017.0
94,11306307,11392669,False,1,2,yearBuilt,32,+66yr,1953.0,2019.0
94,11306307,11392669,False,1,2,yearBuilt,33,+68yr,1953.0,2021.0
94,11306307,11392669,False,1,2,yearBuilt,34,+70yr,1953.0,2023.0
94,11306307,11392669,False,1,2,yearBuilt,35,+72yr,1953.0,2025.0
94,11306307,11392669,False,1,2,lot,0,+100sqft,8123.0,8223.0
94,11306307,11392669,False,1,2,lot,1,+200sqft,8123.0,8323.0
94,11306307,11392669,False,1,2,lot,2,+300sqft,8123.0,8423.0
94,11306307,11392669,False,1,2,lot,3,+400sqft,8123.0,8523.0
94,11306307,11392669,False,1,2,lot,4,+500sqft,8123.0,8623.0
94,11306307,11392669,False,1,2,lot,5,+600sqft,8123.0,8723.0
94,11306307,11392669,False,1,2,lot,6,+700sqft,8123.0,8823.0
94,11306307,11392669,False,1,2,lot,7,+800sqft,8123.0,8923.0
94,11306307,11392669,False,1,2,lot,8,+900sqft,8123.0,9023.0
94,11306307,11392669,False,1,2,lot,9,+1000sqft,8123.0,9123.0
94,11306307,11392669,False,1,2,lot,10,+1100sqft,8123.0,9223.0
94,11306307,11392669,False,1,2,lot,11,+1200sqft,8123.0,9323.0
94,11306307,11392669,False,1,2,lot,12,+1300sqft,8123.0,9423.0
94,11306307,11392669,False,1,2,lot,13,+1400sqft,8123.0,9523.0
94,11306307,11392669,False,1,2,lot,14,+1500sqft,8123.0,9623.0
94,11306307,11392669,False,1,2,lot,15,+1600sqft,8123.0,9723.0
94,11306307,11392669,False,1,2,lot,16,+1700sqft,8123.0,9823.0
94,11306307,11392669,False,1,2,lot,17,+1800sqft,8123.0,9923.0
94,11306307,11392669,False,1,2,lot,18,+1900sqft,8123.0,10023.0
94,11306307,11392669,False,1,2,lot,19,+2000sqft,8123.0,10123.0
94,11306307,11392669,False,1,2,lot,20,+2100sqft,8123.0,10223.0
94,11306307,11392669,False,1,2,lot,21,+2200sqft,8123.0,10323.0
94,11306307,11392669,False,1,2,lot,22,+2300sqft,8123.0,10423.0
94,11306307,11392669,False,1,2,lot,23,+2400sqft,8123.0,10523.0
94,11306307,11392669,False,1,2,lot,24,+2500sqft,8123.0,10623.0
94,11306307,11392669,False,1,2,lot,25,+2600sqft,8123.0,10723.0
94,11306307,11392669,False,1,2,lot,26,+2700sqft,8123.0,10823.0
94,11306307,11392669,False,1,2,lot,27,+2800sqft,8123.0,10923.0
94,11306307,11392669,False,1,2,lot,28,+2900sqft,8123.0,11023.0
94,11306307,11392669,False,1,2,lot,29,+3000sqft,8123.0,11123.0
94,11306307,11392669,False,1,2,lot,30,+3100sqft,8123.0,11223.0
94,11306307,11392669,False,1,2,lot,31,+3200sqft,8123.0,11323.0
94,11306307,11392669,False,1,2,lot,32,+3300sqft,8123.0,11423.0
94,11306307,11392669,False,1,2,lot,33,+3400sqft,8123.0,11523.0
94,11306307,11392669,False,1,2,lot,34,+3500sqft,8123.0,11623.0
94,11306307,11392669,False,1,2,lot,35,+3600sqft,8123.0,11723.0
94,11306307,11392669,False,1,2,lot,36,+3700sqft,8123.0,11823.0
94,11306307,11392669,False,1,2,lot,37,+3800sqft,8123.0,11923.0
94,11306307,11392669,False,1,2,lot,38,+3900sqft,8123.0,12023.0
94,11306307,11392669,False,1,2,lot,39,+4000sqft,8123.0,12123.0
94,11306307,11392669,False,1,2,lot,40,+4100sqft,8123.0,12223.0
94,11306307,11392669,False,1,2,lot,41,+4200sqft,8123.0,12323.0
94,11306307,11392669,False,1,2,lot,42,+4300sqft,8123.0,12423.0
94,11306307,11392669,False,1,2,lot,43,+4400sqft,8123.0,12523.0
94,11306307,11392669,False,1,2,lot,44,+4500sqft,8123.0,12623.0
94,11306307,11392669,False,1,2,lot,45,+4600sqft,8123.0,12723.0
94,11306307,11392669,False,1,2,lot,46,+4700sqft,8123.0,12823.0
94,11306307,11392669,False,1,2,lot,47,+4800sqft,8123.0,12923.0
94,11306307,11392669,False,1,2,lot,48,+4900sqft,8123.0,13023.0
94,11306307,11392669,False,1,2,lot,49,+5000sqft,8123.0,13123.0
95,11622311,11622932,False,1,2,bedrooms,0,+1,5.0,6.0
95,11622311,11622932,False,1,2,bedrooms,1,+2,5.0,7.0
95,11622311,11622932,False,1,2,bedrooms,2,+3,5.0,8.0
95,11622311,11622932,False,1,2,bedrooms,3,+4,5.0,9.0
95,11622311,11622932,False,1,2,bedrooms,4,+5,5.0,10.0
95,11622311,11622932,False,1,2,bathrooms,0,+1,2.0,3.0
95,11622311,11622932,False,1,2,bathrooms,1,+2,2.0,4.0
95,11622311,11622932,False,1,2,bathrooms,2,+3,2.0,5.0
95,11622311,11622932,False,1,2,bathrooms,3,+4,2.0,6.0
95,11622311,11622932,False,1,2,bathrooms,4,+5,2.0,7.0
95,11622311,11622932,False,1,2,bathrooms,5,+6,2.0,8.0
95,11622311,11622932,False,1,2,bathrooms,6,+7,2.0,9.0
95,11622311,11622932,False,1,2,bathrooms,7,+8,2.0,10.0
95,11622311,11622932,False,1,2,yearBuilt,0,+2yr,1885.0,1887.0
95,11622311,11622932,False,1,2,yearBuilt,1,+4yr,1885.0,1889.0
95,11622311,11622932,False,1,2,yearBuilt,2,+6yr,1885.0,1891.0
95,11622311,11622932,False,1,2,yearBuilt,3,+8yr,1885.0,1893.0
95,11622311,11622932,False,1,2,yearBuilt,4,+10yr,1885.0,1895.0
95,11622311,11622932,False,1,2,yearBuilt,5,+12yr,1885.0,1897.0
95,11622311,11622932,False,1,2,yearBuilt,6,+14yr,1885.0,1899.0
95,11622311,11622932,False,1,2,yearBuilt,7,+16yr,1885.0,1901.0
95,11622311,11622932,False,1,2,yearBuilt,8,+18yr,1885.0,1903.0
95,11622311,11622932,False,1,2,yearBuilt,9,+20yr,1885.0,1905.0
95,11622311,11622932,False,1,2,yearBuilt,10,+22yr,1885.0,1907.0
95,11622311,11622932,False,1,2,yearBuilt,11,+24yr,1885.0,1909.0
95,11622311,11622932,False,1,2,yearBuilt,12,+26yr,1885.0,1911.0
95,11622311,11622932,False,1,2,yearBuilt,13,+28yr,1885.0,1913.0
95,11622311,11622932,False,1,2,yearBuilt,14,+30yr,1885.0,1915.0
95,11622311,11622932,False,1,2,yearBuilt,15,+32yr,1885.0,1917.0
95,11622311,11622932,False,1,2,yearBuilt,16,+34yr,1885.0,1919.0
95,11622311,11622932,False,1,2,yearBuilt,17,+36yr,1885.0,1921.0
95,11622311,11622932,False,1,2,yearBuilt,18,+38yr,1885.0,1923.0
95,11622311,11622932,False,1,2,yearBuilt,19,+40yr,1885.0,1925.0
95,11622311,11622932,False,1,2,yearBuilt,20,+42yr,1885.0,1927.0
95,11622311,11622932,False,1,2,yearBuilt,21,+44yr,1885.0,1929.0
95,11622311,11622932,False,1,2,yearBuilt,22,+46yr,1885.0,1931.0
95,11622311,11622932,False,1,2,yearBuilt,23,+48yr,1885.0,1933.0
95,11622311,11622932,False,1,2,yearBuilt,24,+50yr,1885.0,1935.0
95,11622311,11622932,False,1,2,yearBuilt,25,+52yr,1885.0,1937.0
95,11622311,11622932,False,1,2,yearBuilt,26,+54yr,1885.0,1939.0
95,11622311,11622932,False,1,2,yearBuilt,27,+56yr,1885.0,1941.0
95,11622311,11622932,False,1,2,yearBuilt,28,+58yr,1885.0,1943.0
95,11622311,11622932,False,1,2,yearBuilt,29,+60yr,1885.0,1945.0
95,11622311,11622932,False,1,2,yearBuilt,30,+62yr,1885.0,1947.0
95,11622311,11622932,False,1,2,yearBuilt,31,+64yr,1885.0,1949.0
95,11622311,11622932,False,1,2,yearBuilt,32,+66yr,1885.0,1951.0
95,11622311,11622932,False,1,2,yearBuilt,33,+68yr,1885.0,1953.0
95,11622311,11622932,False,1,2,yearBuilt,34,+70yr,1885.0,1955.0
95,11622311,11622932,False,1,2,yearBuilt,35,+72yr,1885.0,1957.0
95,11622311,11622932,False,1,2,yearBuilt,36,+74yr,1885.0,1959.0
95,11622311,11622932,False,1,2,yearBuilt,37,+76yr,1885.0,1961.0
95,11622311,11622932,False,1,2,yearBuilt,38,+78yr,1885.0,1963.0
95,11622311,11622932,False,1,2,yearBuilt,39,+80yr,1885.0,1965.0
95,11622311,11622932,False,1,2,yearBuilt,40,+82yr,1885.0,1967.0
95,11622311,11622932,False,1,2,yearBuilt,41,+84yr,1885.0,1969.0
95,11622311,11622932,False,1,2,yearBuilt,42,+86yr,1885.0,1971.0
95,11622311,11622932,False,1,2,yearBuilt,43,+88yr,1885.0,1973.0
95,11622311,11622932,False,1,2,yearBuilt,44,+90yr,1885.0,1975.0
95,11622311,11622932,False,1,2,yearBuilt,45,+92yr,1885.0,1977.0
95,11622311,11622932,False,1,2,yearBuilt,46,+94yr,1885.0,1979.0
95,11622311,11622932,False,1,2,lot,0,+100sqft,2330.0,2430.0
95,11622311,11622932,False,1,2,lot,1,+200sqft,2330.0,2530.0
95,11622311,11622932,False,1,2,lot,2,+300sqft,2330.0,2630.0
95,11622311,11622932,False,1,2,lot,3,+400sqft,2330.0,2730.0
95,11622311,11622932,False,1,2,lot,4,+500sqft,2330.0,2830.0
95,11622311,11622932,False,1,2,lot,5,+600sqft,2330.0,2930.0
95,11622311,11622932,False,1,2,lot,6,+700sqft,2330.0,3030.0
95,11622311,11622932,False,1,2,lot,7,+800sqft,2330.0,3130.0
95,11622311,11622932,False,1,2,lot,8,+900sqft,2330.0,3230.0
95,11622311,11622932,False,1,2,lot,9,+1000sqft,2330.0,3330.0
95,11622311,11622932,False,1,2,lot,10,+1100sqft,2330.0,3430.0
95,11622311,11622932,False,1,2,lot,11,+1200sqft,2330.0,3530.0
95,11622311,11622932,False,1,2,lot,12,+1300sqft,2330.0,3630.0
95,11622311,11622932,False,1,2,lot,13,+1400sqft,2330.0,3730.0
95,11622311,11622932,False,1,2,lot,14,+1500sqft,2330.0,3830.0
95,11622311,11622932,False,1,2,lot,15,+1600sqft,2330.0,3930.0
95,11622311,11622932,False,1,2,lot,16,+1700sqft,2330.0,4030.0
95,11622311,11622932,False,1,2,lot,17,+1800sqft,2330.0,4130.0
95,11622311,11622932,False,1,2,lot,18,+1900sqft,2330.0,4230.0
95,11622311,11622932,False,1,2,lot,19,+2000sqft,2330.0,4330.0
95,11622311,11622932,False,1,2,lot,20,+2100sqft,2330.0,4430.0
95,11622311,11622932,False,1,2,lot,21,+2200sqft,2330.0,4530.0
95,11622311,11622932,False,1,2,lot,22,+2300sqft,2330.0,4630.0
95,11622311,11622932,False,1,2,lot,23,+2400sqft,2330.0,4730.0
95,11622311,11622932,False,1,2,lot,24,+2500sqft,2330.0,4830.0
95,11622311,11622932,False,1,2,lot,25,+2600sqft,2330.0,4930.0
95,11622311,11622932,False,1,2,lot,26,+2700sqft,2330.0,5030.0
95,11622311,11622932,False,1,2,lot,27,+2800sqft,2330.0,5130.0
95,11622311,11622932,False,1,2,lot,28,+2900sqft,2330.0,5230.0
95,11622311,11622932,False,1,2,lot,29,+3000sqft,2330.0,5330.0
95,11622311,11622932,False,1,2,lot,30,+3100sqft,2330.0,5430.0
95,11622311,11622932,False,1,2,lot,31,+3200sqft,2330.0,5530.0
95,11622311,11622932,False,1,2,lot,32,+3300sqft,2330.0,5630.0
95,11622311,11622932,False,1,2,lot,33,+3400sqft,2330.0,5730.0
95,11622311,11622932,False,1,2,lot,34,+3500sqft,2330.0,5830.0
95,11622311,11622932,False,1,2,lot,35,+3600sqft,2330.0,5930.0
95,11622311,11622932,False,1,2,lot,36,+3700sqft,2330.0,6030.0
95,11622311,11622932,False,1,2,lot,37,+3800sqft,2330.0,6130.0
95,11622311,11622932,False,1,2,lot,38,+3900sqft,2330.0,6230.0
95,11622311,11622932,False,1,2,lot,39,+4000sqft,2330.0,6330.0
95,11622311,11622932,False,1,2,lot,40,+4100sqft,2330.0,6430.0
95,11622311,11622932,False,1,2,lot,41,+4200sqft,2330.0,6530.0
95,11622311,11622932,False,1,2,lot,42,+4300sqft,2330.0,6630.0
95,11622311,11622932,False,1,2,lot,43,+4400sqft,2330.0,6730.0
95,11622311,11622932,False,1,2,lot,44,+4500sqft,2330.0,6830.0
95,11622311,11622932,False,1,2,lot,45,+4600sqft,2330.0,6930.0
95,11622311,11622932,False,1,2,lot,46,+4700sqft,2330.0,7030.0
95,11622311,11622932,False,1,2,lot,47,+4800sqft,2330.0,7130.0
95,11622311,11622932,False,1,2,lot,48,+4900sqft,2330.0,7230.0
95,11622311,11622932,False,1,2,lot,49,+5000sqft,2330.0,7330.0
96,11450777,11492375,False,1,2,bedrooms,0,+1,3.0,4.0
96,11450777,11492375,False,1,2,bedrooms,1,+2,3.0,5.0
96,11450777,11492375,False,1,2,bedrooms,2,+3,3.0,6.0
96,11450777,11492375,False,1,2,bedrooms,3,+4,3.0,7.0
96,11450777,11492375,False,1,2,bedrooms,4,+5,3.0,8.0
96,11450777,11492375,False,1,2,bedrooms,5,+6,3.0,9.0
96,11450777,11492375,False,1,2,bedrooms,6,+7,3.0,10.0
96,11450777,11492375,False,1,2,bathrooms,0,+1,2.0,3.0
96,11450777,11492375,False,1,2,bathrooms,1,+2,2.0,4.0
96,11450777,11492375,False,1,2,bathrooms,2,+3,2.0,5.0
96,11450777,11492375,False,1,2,bathrooms,3,+4,2.0,6.0
96,11450777,11492375,False,1,2,bathrooms,4,+5,2.0,7.0
96,11450777,11492375,False,1,2,bathrooms,5,+6,2.0,8.0
96,11450777,11492375,False,1,2,bathrooms,6,+7,2.0,9.0
96,11450777,11492375,False,1,2,bathrooms,7,+8,2.0,10.0
96,11450777,11492375,False,1,2,yearBuilt,0,+2yr,1960.0,1962.0
96,11450777,11492375,False,1,2,yearBuilt,1,+4yr,1960.0,1964.0
96,11450777,11492375,False,1,2,yearBuilt,2,+6yr,1960.0,1966.0
96,11450777,11492375,False,1,2,yearBuilt,3,+8yr,1960.0,1968.0
96,11450777,11492375,False,1,2,yearBuilt,4,+10yr,1960.0,1970.0
96,11450777,11492375,False,1,2,yearBuilt,5,+12yr,1960.0,1972.0
96,11450777,11492375,False,1,2,yearBuilt,6,+14yr,1960.0,1974.0
96,11450777,11492375,False,1,2,yearBuilt,7,+16yr,1960.0,1976.0
96,11450777,11492375,False,1,2,yearBuilt,8,+18yr,1960.0,1978.0
96,11450777,11492375,False,1,2,yearBuilt,9,+20yr,1960.0,1980.0
96,11450777,11492375,False,1,2,yearBuilt,10,+22yr,1960.0,1982.0
96,11450777,11492375,False,1,2,yearBuilt,11,+24yr,1960.0,1984.0
96,11450777,11492375,False,1,2,yearBuilt,12,+26yr,1960.0,1986.0
96,11450777,11492375,False,1,2,yearBuilt,13,+28yr,1960.0,1988.0
96,11450777,11492375,False,1,2,yearBuilt,14,+30yr,1960.0,1990.0
96,11450777,11492375,False,1,2,yearBuilt,15,+32yr,1960.0,1992.0
96,11450777,11492375,False,1,2,yearBuilt,16,+34yr,1960.0,1994.0
96,11450777,11492375,False,1,2,yearBuilt,17,+36yr,1960.0,1996.0
96,11450777,11492375,False,1,2,yearBuilt,18,+38yr,1960.0,1998.0
96,11450777,11492375,False,1,2,yearBuilt,19,+40yr,1960.0,2000.0
96,11450777,11492375,False,1,2,yearBuilt,20,+42yr,1960.0,2002.0
96,11450777,11492375,False,1,2,yearBuilt,21,+44yr,1960.0,2004.0
96,11450777,11492375,False,1,2,yearBuilt,22,+46yr,1960.0,2006.0
96,11450777,11492375,False,1,2,yearBuilt,23,+48yr,1960.0,2008.0
96,11450777,11492375,False,1,2,yearBuilt,24,+50yr,1960.0,2010.0
96,11450777,11492375,False,1,2,yearBuilt,25,+52yr,1960.0,2012.0
96,11450777,11492375,False,1,2,yearBuilt,26,+54yr,1960.0,2014.0
96,11450777,11492375,False,1,2,yearBuilt,27,+56yr,1960.0,2016.0
96,11450777,11492375,False,1,2,yearBuilt,28,+58yr,1960.0,2018.0
96,11450777,11492375,False,1,2,yearBuilt,29,+60yr,1960.0,2020.0
96,11450777,11492375,False,1,2,yearBuilt,30,+62yr,1960.0,2022.0
96,11450777,11492375,False,1,2,yearBuilt,31,+64yr,1960.0,2024.0
96,11450777,11492375,False,1,2,lot,0,+100sqft,7165.0,7265.0
96,11450777,11492375,False,1,2,lot,1,+200sqft,7165.0,7365.0
96,11450777,11492375,False,1,2,lot,2,+300sqft,7165.0,7465.0
96,11450777,11492375,False,1,2,lot,3,+400sqft,7165.0,7565.0
96,11450777,11492375,False,1,2,lot,4,+500sqft,7165.0,7665.0
96,11450777,11492375,False,1,2,lot,5,+600sqft,7165.0,7765.0
96,11450777,11492375,False,1,2,lot,6,+700sqft,7165.0,7865.0
96,11450777,11492375,False,1,2,lot,7,+800sqft,7165.0,7965.0
96,11450777,11492375,False,1,2,lot,8,+900sqft,7165.0,8065.0
96,11450777,11492375,False,1,2,lot,9,+1000sqft,7165.0,8165.0
96,11450777,11492375,False,1,2,lot,10,+1100sqft,7165.0,8265.0
96,11450777,11492375,False,1,2,lot,11,+1200sqft,7165.0,8365.0
96,11450777,11492375,False,1,2,lot,12,+1300sqft,7165.0,8465.0
96,11450777,11492375,False,1,2,lot,13,+1400sqft,7165.0,8565.0
96,11450777,11492375,False,1,2,lot,14,+1500sqft,7165.0,8665.0
96,11450777,11492375,False,1,2,lot,15,+1600sqft,7165.0,8765.0
96,11450777,11492375,False,1,2,lot,16,+1700sqft,7165.0,8865.0
96,11450777,11492375,False,1,2,lot,17,+1800sqft,7165.0,8965.0
96,11450777,11492375,False,1,2,lot,18,+1900sqft,7165.0,9065.0
96,11450777,11492375,False,1,2,lot,19,+2000sqft,7165.0,9165.0
96,11450777,11492375,False,1,2,lot,20,+2100sqft,7165.0,9265.0
96,11450777,11492375,False,1,2,lot,21,+2200sqft,7165.0,9365.0
96,11450777,11492375,False,1,2,lot,22,+2300sqft,7165.0,9465.0
96,11450777,11492375,False,1,2,lot,23,+2400sqft,7165.0,9565.0
96,11450777,11492375,False,1,2,lot,24,+2500sqft,7165.0,9665.0
96,11450777,11492375,False,1,2,lot,25,+2600sqft,7165.0,9765.0
96,11450777,11492375,False,1,2,lot,26,+2700sqft,7165.0,9865.0
96,11450777,11492375,False,1,2,lot,27,+2800sqft,7165.0,9965.0
96,11450777,11492375,False,1,2,lot,28,+2900sqft,7165.0,10065.0
96,11450777,11492375,False,1,2,lot,29,+3000sqft,7165.0,10165.0
96,11450777,11492375,False,1,2,lot,30,+3100sqft,7165.0,10265.0
96,11450777,11492375,False,1,2,lot,31,+3200sqft,7165.0,10365.0
96,11450777,11492375,False,1,2,lot,32,+3300sqft,7165.0,10465.0
96,11450777,11492375,False,1,2,lot,33,+3400sqft,7165.0,10565.0
96,11450777,11492375,False,1,2,lot,34,+3500sqft,7165.0,10665.0
96,11450777,11492375,False,1,2,lot,35,+3600sqft,7165.0,10765.0
96,11450777,11492375,False,1,2,lot,36,+3700sqft,7165.0,10865.0
96,11450777,11492375,False,1,2,lot,37,+3800sqft,7165.0,10965.0
96,11450777,11492375,False,1,2,lot,38,+3900sqft,7165.0,11065.0
96,11450777,11492375,False,1,2,lot,39,+4000sqft,7165.0,11165.0
96,11450777,11492375,False,1,2,lot,40,+4100sqft,7165.0,11265.0
96,11450777,11492375,False,1,2,lot,41,+4200sqft,7165.0,11365.0
96,11450777,11492375,False,1,2,lot,42,+4300sqft,7165.0,11465.0
96,11450777,11492375,False,1,2,lot,43,+4400sqft,7165.0,11565.0
96,11450777,11492375,False,1,2,lot,44,+4500sqft,7165.0,11665.0
96,11450777,11492375,False,1,2,lot,45,+4600sqft,7165.0,11765.0
96,11450777,11492375,False,1,2,lot,46,+4700sqft,7165.0,11865.0
96,11450777,11492375,False,1,2,lot,47,+4800sqft,7165.0,11965.0
96,11450777,11492375,False,1,2,lot,48,+4900sqft,7165.0,12065.0
96,11450777,11492375,False,1,2,lot,49,+5000sqft,7165.0,12165.0
97,11405788,11409003,False,1,2,bedrooms,0,+1,3.0,4.0
97,11405788,11409003,False,1,2,bedrooms,1,+2,3.0,5.0
97,11405788,11409003,False,1,2,bedrooms,2,+3,3.0,6.0
97,11405788,11409003,False,1,2,bedrooms,3,+4,3.0,7.0
97,11405788,11409003,False,1,2,bedrooms,4,+5,3.0,8.0
97,11405788,11409003,False,1,2,bedrooms,5,+6,3.0,9.0
97,11405788,11409003,False,1,2,bedrooms,6,+7,3.0,10.0
97,11405788,11409003,False,1,2,bathrooms,0,+1,2.0,3.0
97,11405788,11409003,False,1,2,bathrooms,1,+2,2.0,4.0
97,11405788,11409003,False,1,2,bathrooms,2,+3,2.0,5.0
97,11405788,11409003,False,1,2,bathrooms,3,+4,2.0,6.0
97,11405788,11409003,False,1,2,bathrooms,4,+5,2.0,7.0
97,11405788,11409003,False,1,2,bathrooms,5,+6,2.0,8.0
97,11405788,11409003,False,1,2,bathrooms,6,+7,2.0,9.0
97,11405788,11409003,False,1,2,bathrooms,7,+8,2.0,10.0
97,11405788,11409003,False,1,2,yearBuilt,0,+2yr,1920.0,1922.0
97,11405788,11409003,False,1,2,yearBuilt,1,+4yr,1920.0,1924.0
97,11405788,11409003,False,1,2,yearBuilt,2,+6yr,1920.0,1926.0
97,11405788,11409003,False,1,2,yearBuilt,3,+8yr,1920.0,1928.0
97,11405788,11409003,False,1,2,yearBuilt,4,+10yr,1920.0,1930.0
97,11405788,11409003,False,1,2,yearBuilt,5,+12yr,1920.0,1932.0
97,11405788,11409003,False,1,2,yearBuilt,6,+14yr,1920.0,1934.0
97,11405788,11409003,False,1,2,yearBuilt,7,+16yr,1920.0,1936.0
97,11405788,11409003,False,1,2,yearBuilt,8,+18yr,1920.0,1938.0
97,11405788,11409003,False,1,2,yearBuilt,9,+20yr,1920.0,1940.0
97,11405788,11409003,False,1,2,yearBuilt,10,+22yr,1920.0,1942.0
97,11405788,11409003,False,1,2,yearBuilt,11,+24yr,1920.0,1944.0
97,11405788,11409003,False,1,2,yearBuilt,12,+26yr,1920.0,1946.0
97,11405788,11409003,False,1,2,yearBuilt,13,+28yr,1920.0,1948.0
97,11405788,11409003,False,1,2,yearBuilt,14,+30yr,1920.0,1950.0
97,11405788,11409003,False,1,2,yearBuilt,15,+32yr,1920.0,1952.0
97,11405788,11409003,False,1,2,yearBuilt,16,+34yr,1920.0,1954.0
97,11405788,11409003,False,1,2,yearBuilt,17,+36yr,1920.0,1956.0
97,11405788,11409003,False,1,2,yearBuilt,18,+38yr,1920.0,1958.0
97,11405788,11409003,False,1,2,yearBuilt,19,+40yr,1920.0,1960.0
97,11405788,11409003,False,1,2,yearBuilt,20,+42yr,1920.0,1962.0
97,11405788,11409003,False,1,2,yearBuilt,21,+44yr,1920.0,1964.0
97,11405788,11409003,False,1,2,yearBuilt,22,+46yr,1920.0,1966.0
97,11405788,11409003,False,1,2,yearBuilt,23,+48yr,1920.0,1968.0
97,11405788,11409003,False,1,2,yearBuilt,24,+50yr,1920.0,1970.0
97,11405788,11409003,False,1,2,yearBuilt,25,+52yr,1920.0,1972.0
97,11405788,11409003,False,1,2,yearBuilt,26,+54yr,1920.0,1974.0
97,11405788,11409003,False,1,2,yearBuilt,27,+56yr,1920.0,1976.0
97,11405788,11409003,False,1,2,yearBuilt,28,+58yr,1920.0,1978.0
97,11405788,11409003,False,1,2,yearBuilt,29,+60yr,1920.0,1980.0
97,11405788,11409003,False,1,2,yearBuilt,30,+62yr,1920.0,1982.0
97,11405788,11409003,False,1,2,yearBuilt,31,+64yr,1920.0,1984.0
97,11405788,11409003,False,1,2,yearBuilt,32,+66yr,1920.0,1986.0
97,11405788,11409003,False,1,2,yearBuilt,33,+68yr,1920.0,1988.0
97,11405788,11409003,False,1,2,yearBuilt,34,+70yr,1920.0,1990.0
97,11405788,11409003,False,1,2,yearBuilt,35,+72yr,1920.0,1992.0
97,11405788,11409003,False,1,2,yearBuilt,36,+74yr,1920.0,1994.0
97,11405788,11409003,False,1,2,yearBuilt,37,+76yr,1920.0,1996.0
97,11405788,11409003,False,1,2,yearBuilt,38,+78yr,1920.0,1998.0
97,11405788,11409003,False,1,2,yearBuilt,39,+80yr,1920.0,2000.0
97,11405788,11409003,False,1,2,yearBuilt,40,+82yr,1920.0,2002.0
97,11405788,11409003,False,1,2,yearBuilt,41,+84yr,1920.0,2004.0
97,11405788,11409003,False,1,2,yearBuilt,42,+86yr,1920.0,2006.0
97,11405788,11409003,False,1,2,yearBuilt,43,+88yr,1920.0,2008.0
97,11405788,11409003,False,1,2,yearBuilt,44,+90yr,1920.0,2010.0
97,11405788,11409003,False,1,2,yearBuilt,45,+92yr,1920.0,2012.0
97,11405788,11409003,False,1,2,yearBuilt,46,+94yr,1920.0,2014.0
97,11405788,11409003,False,1,2,lot,0,+100sqft,3600.0,3700.0
97,11405788,11409003,False,1,2,lot,1,+200sqft,3600.0,3800.0
97,11405788,11409003,False,1,2,lot,2,+300sqft,3600.0,3900.0
97,11405788,11409003,False,1,2,lot,3,+400sqft,3600.0,4000.0
97,11405788,11409003,False,1,2,lot,4,+500sqft,3600.0,4100.0
97,11405788,11409003,False,1,2,lot,5,+600sqft,3600.0,4200.0
97,11405788,11409003,False,1,2,lot,6,+700sqft,3600.0,4300.0
97,11405788,11409003,False,1,2,lot,7,+800sqft,3600.0,4400.0
97,11405788,11409003,False,1,2,lot,8,+900sqft,3600.0,4500.0
97,11405788,11409003,False,1,2,lot,9,+1000sqft,3600.0,4600.0
97,11405788,11409003,False,1,2,lot,10,+1100sqft,3600.0,4700.0
97,11405788,11409003,False,1,2,lot,11,+1200sqft,3600.0,4800.0
97,11405788,11409003,False,1,2,lot,12,+1300sqft,3600.0,4900.0
97,11405788,11409003,False,1,2,lot,13,+1400sqft,3600.0,5000.0
97,11405788,11409003,False,1,2,lot,14,+1500sqft,3600.0,5100.0
97,11405788,11409003,False,1,2,lot,15,+1600sqft,3600.0,5200.0
97,11405788,11409003,False,1,2,lot,16,+1700sqft,3600.0,5300.0
97,11405788,11409003,False,1,2,lot,17,+1800sqft,3600.0,5400.0
97,11405788,11409003,False,1,2,lot,18,+1900sqft,3600.0,5500.0
97,11405788,11409003,False,1,2,lot,19,+2000sqft,3600.0,5600.0
97,11405788,11409003,False,1,2,lot,20,+2100sqft,3600.0,5700.0
97,11405788,11409003,False,1,2,lot,21,+2200sqft,3600.0,5800.0
97,11405788,11409003,False,1,2,lot,22,+2300sqft,3600.0,5900.0
97,11405788,11409003,False,1,2,lot,23,+2400sqft,3600.0,6000.0
97,11405788,11409003,False,1,2,lot,24,+2500sqft,3600.0,6100.0
97,11405788,11409003,False,1,2,lot,25,+2600sqft,3600.0,6200.0
97,11405788,11409003,False,1,2,lot,26,+2700sqft,3600.0,6300.0
97,11405788,11409003,False,1,2,lot,27,+2800sqft,3600.0,6400.0
97,11405788,11409003,False,1,2,lot,28,+2900sqft,3600.0,6500.0
97,11405788,11409003,False,1,2,lot,29,+3000sqft,3600.0,6600.0
97,11405788,11409003,False,1,2,lot,30,+3100sqft,3600.0,6700.0
97,11405788,11409003,False,1,2,lot,31,+3200sqft,3600.0,6800.0
97,11405788,11409003,False,1,2,lot,32,+3300sqft,3600.0,6900.0
97,11405788,11409003,False,1,2,lot,33,+3400sqft,3600.0,7000.0
97,11405788,11409003,False,1,2,lot,34,+3500sqft,3600.0,7100.0
97,11405788,11409003,False,1,2,lot,35,+3600sqft,3600.0,7200.0
97,11405788,11409003,False,1,2,lot,36,+3700sqft,3600.0,7300.0
97,11405788,11409003,False,1,2,lot,37,+3800sqft,3600.0,7400.0
97,11405788,11409003,False,1,2,lot,38,+3900sqft,3600.0,7500.0
97,11405788,11409003,False,1,2,lot,39,+4000sqft,3600.0,7600.0
97,11405788,11409003,False,1,2,lot,40,+4100sqft,3600.0,7700.0
97,11405788,11409003,False,1,2,lot,41,+4200sqft,3600.0,7800.0
97,11405788,11409003,False,1,2,lot,42,+4300sqft,3600.0,7900.0
97,11405788,11409003,False,1,2,lot,43,+4400sqft,3600.0,8000.0
97,11405788,11409003,False,1,2,lot,44,+4500sqft,3600.0,8100.0
97,11405788,11409003,False,1,2,lot,45,+4600sqft,3600.0,8200.0
97,11405788,11409003,False,1,2,lot,46,+4700sqft,3600.0,8300.0
97,11405788,11409003,False,1,2,lot,47,+4800sqft,3600.0,8400.0
97,11405788,11409003,False,1,2,lot,48,+4900sqft,3600.0,8500.0
97,11405788,11409003,False,1,2,lot,49,+5000sqft,3600.0,8600.0
98,11417114,11417554,False,1,2,bedrooms,0,+1,4.0,5.0
98,11417114,11417554,False,1,2,bedrooms,1,+2,4.0,6.0
98,11417114,11417554,False,1,2,bedrooms,2,+3,4.0,7.0
98,11417114,11417554,False,1,2,bedrooms,3,+4,4.0,8.0
98,11417114,11417554,False,1,2,bedrooms,4,+5,4.0,9.0
98,11417114,11417554,False,1,2,bedrooms,5,+6,4.0,10.0
98,11417114,11417554,False,1,2,bathrooms,0,+1,2.0,3.0
98,11417114,11417554,False,1,2,bathrooms,1,+2,2.0,4.0
98,11417114,11417554,False,1,2,bathrooms,2,+3,2.0,5.0
98,11417114,11417554,False,1,2,bathrooms,3,+4,2.0,6.0
98,11417114,11417554,False,1,2,bathrooms,4,+5,2.0,7.0
98,11417114,11417554,False,1,2,bathrooms,5,+6,2.0,8.0
98,11417114,11417554,False,1,2,bathrooms,6,+7,2.0,9.0
98,11417114,11417554,False,1,2,bathrooms,7,+8,2.0,10.0
98,11417114,11417554,False,1,2,yearBuilt,0,+2yr,1940.0,1942.0
98,11417114,11417554,False,1,2,yearBuilt,1,+4yr,1940.0,1944.0
98,11417114,11417554,False,1,2,yearBuilt,2,+6yr,1940.0,1946.0
98,11417114,11417554,False,1,2,yearBuilt,3,+8yr,1940.0,1948.0
98,11417114,11417554,False,1,2,yearBuilt,4,+10yr,1940.0,1950.0
98,11417114,11417554,False,1,2,yearBuilt,5,+12yr,1940.0,1952.0
98,11417114,11417554,False,1,2,yearBuilt,6,+14yr,1940.0,1954.0
98,11417114,11417554,False,1,2,yearBuilt,7,+16yr,1940.0,1956.0
98,11417114,11417554,False,1,2,yearBuilt,8,+18yr,1940.0,1958.0
98,11417114,11417554,False,1,2,yearBuilt,9,+20yr,1940.0,1960.0
98,11417114,11417554,False,1,2,yearBuilt,10,+22yr,1940.0,1962.0
98,11417114,11417554,False,1,2,yearBuilt,11,+24yr,1940.0,1964.0
98,11417114,11417554,False,1,2,yearBuilt,12,+26yr,1940.0,1966.0
98,11417114,11417554,False,1,2,yearBuilt,13,+28yr,1940.0,1968.0
98,11417114,11417554,False,1,2,yearBuilt,14,+30yr,1940.0,1970.0
98,11417114,11417554,False,1,2,yearBuilt,15,+32yr,1940.0,1972.0
98,11417114,11417554,False,1,2,yearBuilt,16,+34yr,1940.0,1974.0
98,11417114,11417554,False,1,2,yearBuilt,17,+36yr,1940.0,1976.0
98,11417114,11417554,False,1,2,yearBuilt,18,+38yr,1940.0,1978.0
98,11417114,11417554,False,1,2,yearBuilt,19,+40yr,1940.0,1980.0
98,11417114,11417554,False,1,2,yearBuilt,20,+42yr,1940.0,1982.0
98,11417114,11417554,False,1,2,yearBuilt,21,+44yr,1940.0,1984.0
98,11417114,11417554,False,1,2,yearBuilt,22,+46yr,1940.0,1986.0
98,11417114,11417554,False,1,2,yearBuilt,23,+48yr,1940.0,1988.0
98,11417114,11417554,False,1,2,yearBuilt,24,+50yr,1940.0,1990.0
98,11417114,11417554,False,1,2,yearBuilt,25,+52yr,1940.0,1992.0
98,11417114,11417554,False,1,2,yearBuilt,26,+54yr,1940.0,1994.0
98,11417114,11417554,False,1,2,yearBuilt,27,+56yr,1940.0,1996.0
98,11417114,11417554,False,1,2,yearBuilt,28,+58yr,1940.0,1998.0
98,11417114,11417554,False,1,2,yearBuilt,29,+60yr,1940.0,2000.0
98,11417114,11417554,False,1,2,yearBuilt,30,+62yr,1940.0,2002.0
98,11417114,11417554,False,1,2,yearBuilt,31,+64yr,1940.0,2004.0
98,11417114,11417554,False,1,2,yearBuilt,32,+66yr,1940.0,2006.0
98,11417114,11417554,False,1,2,yearBuilt,33,+68yr,1940.0,2008.0
98,11417114,11417554,False,1,2,yearBuilt,34,+70yr,1940.0,2010.0
98,11417114,11417554,False,1,2,yearBuilt,35,+72yr,1940.0,2012.0
98,11417114,11417554,False,1,2,yearBuilt,36,+74yr,1940.0,2014.0
98,11417114,11417554,False,1,2,yearBuilt,37,+76yr,1940.0,2016.0
98,11417114,11417554,False,1,2,yearBuilt,38,+78yr,1940.0,2018.0
98,11417114,11417554,False,1,2,yearBuilt,39,+80yr,1940.0,2020.0
98,11417114,11417554,False,1,2,yearBuilt,40,+82yr,1940.0,2022.0
98,11417114,11417554,False,1,2,yearBuilt,41,+84yr,1940.0,2024.0
98,11417114,11417554,False,1,2,lot,0,+100sqft,5179.0,5279.0
98,11417114,11417554,False,1,2,lot,1,+200sqft,5179.0,5379.0
98,11417114,11417554,False,1,2,lot,2,+300sqft,5179.0,5479.0
98,11417114,11417554,False,1,2,lot,3,+400sqft,5179.0,5579.0
98,11417114,11417554,False,1,2,lot,4,+500sqft,5179.0,5679.0
98,11417114,11417554,False,1,2,lot,5,+600sqft,5179.0,5779.0
98,11417114,11417554,False,1,2,lot,6,+700sqft,5179.0,5879.0
98,11417114,11417554,False,1,2,lot,7,+800sqft,5179.0,5979.0
98,11417114,11417554,False,1,2,lot,8,+900sqft,5179.0,6079.0
98,11417114,11417554,False,1,2,lot,9,+1000sqft,5179.0,6179.0
98,11417114,11417554,False,1,2,lot,10,+1100sqft,5179.0,6279.0
98,11417114,11417554,False,1,2,lot,11,+1200sqft,5179.0,6379.0
98,11417114,11417554,False,1,2,lot,12,+1300sqft,5179.0,6479.0
98,11417114,11417554,False,1,2,lot,13,+1400sqft,5179.0,6579.0
98,11417114,11417554,False,1,2,lot,14,+1500sqft,5179.0,6679.0
98,11417114,11417554,False,1,2,lot,15,+1600sqft,5179.0,6779.0
98,11417114,11417554,False,1,2,lot,16,+1700sqft,5179.0,6879.0
98,11417114,11417554,False,1,2,lot,17,+1800sqft,5179.0,6979.0
98,11417114,11417554,False,1,2,lot,18,+1900sqft,5179.0,7079.0
98,11417114,11417554,False,1,2,lot,19,+2000sqft,5179.0,7179.0
98,11417114,11417554,False,1,2,lot,20,+2100sqft,5179.0,7279.0
98,11417114,11417554,False,1,2,lot,21,+2200sqft,5179.0,7379.0
98,11417114,11417554,False,1,2,lot,22,+2300sqft,5179.0,7479.0
98,11417114,11417554,False,1,2,lot,23,+2400sqft,5179.0,7579.0
98,11417114,11417554,False,1,2,lot,24,+2500sqft,5179.0,7679.0
98,11417114,11417554,False,1,2,lot,25,+2600sqft,5179.0,7779.0
98,11417114,11417554,False,1,2,lot,26,+2700sqft,5179.0,7879.0
98,11417114,11417554,False,1,2,lot,27,+2800sqft,5179.0,7979.0
98,11417114,11417554,False,1,2,lot,28,+2900sqft,5179.0,8079.0
98,11417114,11417554,False,1,2,lot,29,+3000sqft,5179.0,8179.0
98,11417114,11417554,False,1,2,lot,30,+3100sqft,5179.0,8279.0
98,11417114,11417554,False,1,2,lot,31,+3200sqft,5179.0,8379.0
98,11417114,11417554,False,1,2,lot,32,+3300sqft,5179.0,8479.0
98,11417114,11417554,False,1,2,lot,33,+3400sqft,5179.0,8579.0
98,11417114,11417554,False,1,2,lot,34,+3500sqft,5179.0,8679.0
98,11417114,11417554,False,1,2,lot,35,+3600sqft,5179.0,8779.0
98,11417114,11417554,False,1,2,lot,36,+3700sqft,5179.0,8879.0
98,11417114,11417554,False,1,2,lot,37,+3800sqft,5179.0,8979.0
98,11417114,11417554,False,1,2,lot,38,+3900sqft,5179.0,9079.0
98,11417114,11417554,False,1,2,lot,39,+4000sqft,5179.0,9179.0
98,11417114,11417554,False,1,2,lot,40,+4100sqft,5179.0,9279.0
98,11417114,11417554,False,1,2,lot,41,+4200sqft,5179.0,9379.0
98,11417114,11417554,False,1,2,lot,42,+4300sqft,5179.0,9479.0
98,11417114,11417554,False,1,2,lot,43,+4400sqft,5179.0,9579.0
98,11417114,11417554,False,1,2,lot,44,+4500sqft,5179.0,9679.0
98,11417114,11417554,False,1,2,lot,45,+4600sqft,5179.0,9779.0
98,11417114,11417554,False,1,2,lot,46,+4700sqft,5179.0,9879.0
98,11417114,11417554,False,1,2,lot,47,+4800sqft,5179.0,9979.0
98,11417114,11417554,False,1,2,lot,48,+4900sqft,5179.0,10079.0
98,11417114,11417554,False,1,2,lot,49,+5000sqft,5179.0,10179.0
99,11356651,11356944,True,1,2,bedrooms,0,+1,3.0,4.0
99,11356651,11356944,True,1,2,bedrooms,1,+2,3.0,5.0
99,11356651,11356944,True,1,2,bedrooms,2,+3,3.0,6.0
99,11356651,11356944,True,1,2,bedrooms,3,+4,3.0,7.0
99,11356651,11356944,True,1,2,bedrooms,4,+5,3.0,8.0
99,11356651,11356944,True,1,2,bedrooms,5,+6,3.0,9.0
99,11356651,11356944,True,1,2,bedrooms,6,+7,3.0,10.0
99,11356651,11356944,True,1,2,bathrooms,0,+1,1.0,2.0
99,11356651,11356944,True,1,2,bathrooms,1,+2,1.0,3.0
99,11356651,11356944,True,1,2,bathrooms,2,+3,1.0,4.0
99,11356651,11356944,True,1,2,bathrooms,3,+4,1.0,5.0
99,11356651,11356944,True,1,2,bathrooms,4,+5,1.0,6.0
99,11356651,11356944,True,1,2,bathrooms,5,+6,1.0,7.0
99,11356651,11356944,True,1,2,bathrooms,6,+7,1.0,8.0
99,11356651,11356944,True,1,2,bathrooms,7,+8,1.0,9.0
99,11356651,11356944,True,1,2,bathrooms,8,+9,1.0,10.0
99,11356651,11356944,True,1,2,yearBuilt,0,+2yr,1925.0,1927.0
99,11356651,11356944,True,1,2,yearBuilt,1,+4yr,1925.0,1929.0
99,11356651,11356944,True,1,2,yearBuilt,2,+6yr,1925.0,1931.0
99,11356651,11356944,True,1,2,yearBuilt,3,+8yr,1925.0,1933.0
99,11356651,11356944,True,1,2,yearBuilt,4,+10yr,1925.0,1935.0
99,11356651,11356944,True,1,2,yearBuilt,5,+12yr,1925.0,1937.0
99,11356651,11356944,True,1,2,yearBuilt,6,+14yr,1925.0,1939.0
99,11356651,11356944,True,1,2,yearBuilt,7,+16yr,1925.0,1941.0
99,11356651,11356944,True,1,2,yearBuilt,8,+18yr,1925.0,1943.0
99,11356651,11356944,True,1,2,yearBuilt,9,+20yr,1925.0,1945.0
99,11356651,11356944,True,1,2,yearBuilt,10,+22yr,1925.0,1947.0
99,11356651,11356944,True,1,2,yearBuilt,11,+24yr,1925.0,1949.0
99,11356651,11356944,True,1,2,yearBuilt,12,+26yr,1925.0,1951.0
99,11356651,11356944,True,1,2,yearBuilt,13,+28yr,1925.0,1953.0
99,11356651,11356944,True,1,2,yearBuilt,14,+30yr,1925.0,1955.0
99,11356651,11356944,True,1,2,yearBuilt,15,+32yr,1925.0,1957.0
99,11356651,11356944,True,1,2,yearBuilt,16,+34yr,1925.0,1959.0
99,11356651,11356944,True,1,2,yearBuilt,17,+36yr,1925.0,1961.0
99,11356651,11356944,True,1,2,yearBuilt,18,+38yr,1925.0,1963.0
99,11356651,11356944,True,1,2,yearBuilt,19,+40yr,1925.0,1965.0
99,11356651,11356944,True,1,2,yearBuilt,20,+42yr,1925.0,1967.0
99,11356651,11356944,True,1,2,yearBuilt,21,+44yr,1925.0,1969.0
99,11356651,11356944,True,1,2,yearBuilt,22,+46yr,1925.0,1971.0
99,11356651,11356944,True,1,2,yearBuilt,23,+48yr,1925.0,1973.0
99,11356651,11356944,True,1,2,yearBuilt,24,+50yr,1925.0,1975.0
99,11356651,11356944,True,1,2,yearBuilt,25,+52yr,1925.0,1977.0
99,11356651,11356944,True,1,2,yearBuilt,26,+54yr,1925.0,1979.0
99,11356651,11356944,True,1,2,yearBuilt,27,+56yr,1925.0,1981.0
99,11356651,11356944,True,1,2,yearBuilt,28,+58yr,1925.0,1983.0
99,11356651,11356944,True,1,2,yearBuilt,29,+60yr,1925.0,1985.0
99,11356651,11356944,True,1,2,yearBuilt,30,+62yr,1925.0,1987.0
99,11356651,11356944,True,1,2,yearBuilt,31,+64yr,1925.0,1989.0
99,11356651,11356944,True,1,2,yearBuilt,32,+66yr,1925.0,1991.0
99,11356651,11356944,True,1,2,yearBuilt,33,+68yr,1925.0,1993.0
99,11356651,11356944,True,1,2,yearBuilt,34,+70yr,1925.0,1995.0
99,11356651,11356944,True,1,2,yearBuilt,35,+72yr,1925.0,1997.0
99,11356651,11356944,True,1,2,yearBuilt,36,+74yr,1925.0,1999.0
99,11356651,11356944,True,1,2,yearBuilt,37,+76yr,1925.0,2001.0
99,11356651,11356944,True,1,2,yearBuilt,38,+78yr,1925.0,2003.0
99,11356651,11356944,True,1,2,yearBuilt,39,+80yr,1925.0,2005.0
99,11356651,11356944,True,1,2,yearBuilt,40,+82yr,1925.0,2007.0
99,11356651,11356944,True,1,2,yearBuilt,41,+84yr,1925.0,2009.0
99,11356651,11356944,True,1,2,yearBuilt,42,+86yr,1925.0,2011.0
99,11356651,11356944,True,1,2,yearBuilt,43,+88yr,1925.0,2013.0
99,11356651,11356944,True,1,2,yearBuilt,44,+90yr,1925.0,2015.0
99,11356651,11356944,True,1,2,yearBuilt,45,+92yr,1925.0,2017.0
99,11356651,11356944,True,1,2,yearBuilt,46,+94yr,1925.0,2019.0
