pair_index,zpid_1,zpid_2,is_correct,pred_choice,loser_property,feature,step_index,increment_label,original_value,perturbed_value
0,59156691,59160911,True,2,1,bedrooms,0,+1,6.0,7.0
0,59156691,59160911,True,2,1,bedrooms,1,+2,6.0,8.0
0,59156691,59160911,True,2,1,bedrooms,2,+3,6.0,9.0
0,59156691,59160911,True,2,1,bedrooms,3,+4,6.0,10.0
0,59156691,59160911,True,2,1,bathrooms,0,+1,2.0,3.0
0,59156691,59160911,True,2,1,bathrooms,1,+2,2.0,4.0
0,59156691,59160911,True,2,1,bathrooms,2,+3,2.0,5.0
0,59156691,59160911,True,2,1,bathrooms,3,+4,2.0,6.0
0,59156691,59160911,True,2,1,bathrooms,4,+5,2.0,7.0
0,59156691,59160911,True,2,1,bathrooms,5,+6,2.0,8.0
0,59156691,59160911,True,2,1,bathrooms,6,+7,2.0,9.0
0,59156691,59160911,True,2,1,bathrooms,7,+8,2.0,10.0
0,59156691,59160911,True,2,1,yearBuilt,0,+2yr,1930.0,1932.0
0,59156691,59160911,True,2,1,yearBuilt,1,+4yr,1930.0,1934.0
0,59156691,59160911,True,2,1,yearBuilt,2,+6yr,1930.0,1936.0
0,59156691,59160911,True,2,1,yearBuilt,3,+8yr,1930.0,1938.0
0,59156691,59160911,True,2,1,yearBuilt,4,+10yr,1930.0,1940.0
0,59156691,59160911,True,2,1,yearBuilt,5,+12yr,1930.0,1942.0
0,59156691,59160911,True,2,1,yearBuilt,6,+14yr,1930.0,1944.0
0,59156691,59160911,True,2,1,yearBuilt,7,+16yr,1930.0,1946.0
0,59156691,59160911,True,2,1,yearBuilt,8,+18yr,1930.0,1948.0
0,59156691,59160911,True,2,1,yearBuilt,9,+20yr,1930.0,1950.0
0,59156691,59160911,True,2,1,yearBuilt,10,+22yr,1930.0,1952.0
0,59156691,59160911,True,2,1,yearBuilt,11,+24yr,1930.0,1954.0
0,59156691,59160911,True,2,1,yearBuilt,12,+26yr,1930.0,1956.0
0,59156691,59160911,True,2,1,yearBuilt,13,+28yr,1930.0,1958.0
0,59156691,59160911,True,2,1,yearBuilt,14,+30yr,1930.0,1960.0
0,59156691,59160911,True,2,1,yearBuilt,15,+32yr,1930.0,1962.0
0,59156691,59160911,True,2,1,yearBuilt,16,+34yr,1930.0,1964.0
0,59156691,59160911,True,2,1,yearBuilt,17,+36yr,1930.0,1966.0
0,59156691,59160911,True,2,1,yearBuilt,18,+38yr,1930.0,1968.0
0,59156691,59160911,True,2,1,yearBuilt,19,+40yr,1930.0,1970.0
0,59156691,59160911,True,2,1,yearBuilt,20,+42yr,1930.0,1972.0
0,59156691,59160911,True,2,1,yearBuilt,21,+44yr,1930.0,1974.0
0,59156691,59160911,True,2,1,yearBuilt,22,+46yr,1930.0,1976.0
0,59156691,59160911,True,2,1,yearBuilt,23,+48yr,1930.0,1978.0
0,59156691,59160911,True,2,1,yearBuilt,24,+50yr,1930.0,1980.0
0,59156691,59160911,True,2,1,yearBuilt,25,+52yr,1930.0,1982.0
0,59156691,59160911,True,2,1,yearBuilt,26,+54yr,1930.0,1984.0
0,59156691,59160911,True,2,1,yearBuilt,27,+56yr,1930.0,1986.0
0,59156691,59160911,True,2,1,yearBuilt,28,+58yr,1930.0,1988.0
0,59156691,59160911,True,2,1,yearBuilt,29,+60yr,1930.0,1990.0
0,59156691,59160911,True,2,1,yearBuilt,30,+62yr,1930.0,1992.0
0,59156691,59160911,True,2,1,yearBuilt,31,+64yr,1930.0,1994.0
0,59156691,59160911,True,2,1,yearBuilt,32,+66yr,1930.0,1996.0
0,59156691,59160911,True,2,1,yearBuilt,33,+68yr,1930.0,1998.0
0,59156691,59160911,True,2,1,yearBuilt,34,+70yr,1930.0,2000.0
0,59156691,59160911,True,2,1,yearBuilt,35,+72yr,1930.0,2002.0
0,59156691,59160911,True,2,1,yearBuilt,36,+74yr,1930.0,2004.0
0,59156691,59160911,True,2,1,yearBuilt,37,+76yr,1930.0,2006.0
0,59156691,59160911,True,2,1,yearBuilt,38,+78yr,1930.0,2008.0
0,59156691,59160911,True,2,1,yearBuilt,39,+80yr,1930.0,2010.0
0,59156691,59160911,True,2,1,yearBuilt,40,+82yr,1930.0,2012.0
0,59156691,59160911,True,2,1,yearBuilt,41,+84yr,1930.0,2014.0
0,59156691,59160911,True,2,1,yearBuilt,42,+86yr,1930.0,2016.0
0,59156691,59160911,True,2,1,yearBuilt,43,+88yr,1930.0,2018.0
0,59156691,59160911,True,2,1,yearBuilt,44,+90yr,1930.0,2020.0
0,59156691,59160911,True,2,1,yearBuilt,45,+92yr,1930.0,2022.0
0,59156691,59160911,True,2,1,yearBuilt,46,+94yr,1930.0,2024.0
0,59156691,59160911,True,2,1,lot,0,+100sqft,5227.0,5327.0
0,59156691,59160911,True,2,1,lot,1,+200sqft,5227.0,5427.0
0,59156691,59160911,True,2,1,lot,2,+300sqft,5227.0,5527.0
0,59156691,59160911,True,2,1,lot,3,+400sqft,5227.0,5627.0
0,59156691,59160911,True,2,1,lot,4,+500sqft,5227.0,5727.0
0,59156691,59160911,True,2,1,lot,5,+600sqft,5227.0,5827.0
0,59156691,59160911,True,2,1,lot,6,+700sqft,5227.0,5927.0
0,59156691,59160911,True,2,1,lot,7,+800sqft,5227.0,6027.0
0,59156691,59160911,True,2,1,lot,8,+900sqft,5227.0,6127.0
0,59156691,59160911,True,2,1,lot,9,+1000sqft,5227.0,6227.0
0,59156691,59160911,True,2,1,lot,10,+1100sqft,5227.0,6327.0
0,59156691,59160911,True,2,1,lot,11,+1200sqft,5227.0,6427.0
0,59156691,59160911,True,2,1,lot,12,+1300sqft,5227.0,6527.0
0,59156691,59160911,True,2,1,lot,13,+1400sqft,5227.0,6627.0
0,59156691,59160911,True,2,1,lot,14,+1500sqft,5227.0,6727.0
0,59156691,59160911,True,2,1,lot,15,+1600sqft,5227.0,6827.0
0,59156691,59160911,True,2,1,lot,16,+1700sqft,5227.0,6927.0
0,59156691,59160911,True,2,1,lot,17,+1800sqft,5227.0,7027.0
0,59156691,59160911,True,2,1,lot,18,+1900sqft,5227.0,7127.0
0,59156691,59160911,True,2,1,lot,19,+2000sqft,5227.0,7227.0
0,59156691,59160911,True,2,1,lot,20,+2100sqft,5227.0,7327.0
0,59156691,59160911,True,2,1,lot,21,+2200sqft,5227.0,7427.0
0,59156691,59160911,True,2,1,lot,22,+2300sqft,5227.0,7527.0
0,59156691,59160911,True,2,1,lot,23,+2400sqft,5227.0,7627.0
0,59156691,59160911,True,2,1,lot,24,+2500sqft,5227.0,7727.0
0,59156691,59160911,True,2,1,lot,25,+2600sqft,5227.0,7827.0
0,59156691,59160911,True,2,1,lot,26,+2700sqft,5227.0,7927.0
0,59156691,59160911,True,2,1,lot,27,+2800sqft,5227.0,8027.0
0,59156691,59160911,True,2,1,lot,28,+2900sqft,5227.0,8127.0
0,59156691,59160911,True,2,1,lot,29,+3000sqft,5227.0,8227.0
0,59156691,59160911,True,2,1,lot,30,+3100sqft,5227.0,8327.0
0,59156691,59160911,True,2,1,lot,31,+3200sqft,5227.0,8427.0
0,59156691,59160911,True,2,1,lot,32,+3300sqft,5227.0,8527.0
0,59156691,59160911,True,2,1,lot,33,+3400sqft,5227.0,8627.0
0,59156691,59160911,True,2,1,lot,34,+3500sqft,5227.0,8727.0
0,59156691,59160911,True,2,1,lot,35,+3600sqft,5227.0,8827.0
0,59156691,59160911,True,2,1,lot,36,+3700sqft,5227.0,8927.0
0,59156691,59160911,True,2,1,lot,37,+3800sqft,5227.0,9027.0
0,59156691,59160911,True,2,1,lot,38,+3900sqft,5227.0,9127.0
0,59156691,59160911,True,2,1,lot,39,+4000sqft,5227.0,9227.0
0,59156691,59160911,True,2,1,lot,40,+4100sqft,5227.0,9327.0
0,59156691,59160911,True,2,1,lot,41,+4200sqft,5227.0,9427.0
0,59156691,59160911,True,2,1,lot,42,+4300sqft,5227.0,9527.0
0,59156691,59160911,True,2,1,lot,43,+4400sqft,5227.0,9627.0
0,59156691,59160911,True,2,1,lot,44,+4500sqft,5227.0,9727.0
0,59156691,59160911,True,2,1,lot,45,+4600sqft,5227.0,9827.0
0,59156691,59160911,True,2,1,lot,46,+4700sqft,5227.0,9927.0
0,59156691,59160911,True,2,1,lot,47,+4800sqft,5227.0,10027.0
0,59156691,59160911,True,2,1,lot,48,+4900sqft,5227.0,10127.0
0,59156691,59160911,True,2,1,lot,49,+5000sqft,5227.0,10227.0
1,11570769,11571588,True,1,2,bedrooms,0,+1,2.0,3.0
1,11570769,11571588,True,1,2,bedrooms,1,+2,2.0,4.0
1,11570769,11571588,True,1,2,bedrooms,2,+3,2.0,5.0
1,11570769,11571588,True,1,2,bedrooms,3,+4,2.0,6.0
1,11570769,11571588,True,1,2,bedrooms,4,+5,2.0,7.0
1,11570769,11571588,True,1,2,bedrooms,5,+6,2.0,8.0
1,11570769,11571588,True,1,2,bedrooms,6,+7,2.0,9.0
1,11570769,11571588,True,1,2,bedrooms,7,+8,2.0,10.0
1,11570769,11571588,True,1,2,bathrooms,0,+1,2.0,3.0
1,11570769,11571588,True,1,2,bathrooms,1,+2,2.0,4.0
1,11570769,11571588,True,1,2,bathrooms,2,+3,2.0,5.0
1,11570769,11571588,True,1,2,bathrooms,3,+4,2.0,6.0
1,11570769,11571588,True,1,2,bathrooms,4,+5,2.0,7.0
1,11570769,11571588,True,1,2,bathrooms,5,+6,2.0,8.0
1,11570769,11571588,True,1,2,bathrooms,6,+7,2.0,9.0
1,11570769,11571588,True,1,2,bathrooms,7,+8,2.0,10.0
1,11570769,11571588,True,1,2,yearBuilt,0,+2yr,1948.0,1950.0
1,11570769,11571588,True,1,2,yearBuilt,1,+4yr,1948.0,1952.0
1,11570769,11571588,True,1,2,yearBuilt,2,+6yr,1948.0,1954.0
1,11570769,11571588,True,1,2,yearBuilt,3,+8yr,1948.0,1956.0
1,11570769,11571588,True,1,2,yearBuilt,4,+10yr,1948.0,1958.0
1,11570769,11571588,True,1,2,yearBuilt,5,+12yr,1948.0,1960.0
1,11570769,11571588,True,1,2,yearBuilt,6,+14yr,1948.0,1962.0
1,11570769,11571588,True,1,2,yearBuilt,7,+16yr,1948.0,1964.0
1,11570769,11571588,True,1,2,yearBuilt,8,+18yr,1948.0,1966.0
1,11570769,11571588,True,1,2,yearBuilt,9,+20yr,1948.0,1968.0
1,11570769,11571588,True,1,2,yearBuilt,10,+22yr,1948.0,1970.0
1,11570769,11571588,True,1,2,yearBuilt,11,+24yr,1948.0,1972.0
1,11570769,11571588,True,1,2,yearBuilt,12,+26yr,1948.0,1974.0
1,11570769,11571588,True,1,2,yearBuilt,13,+28yr,1948.0,1976.0
1,11570769,11571588,True,1,2,yearBuilt,14,+30yr,1948.0,1978.0
1,11570769,11571588,True,1,2,yearBuilt,15,+32yr,1948.0,1980.0
1,11570769,11571588,True,1,2,yearBuilt,16,+34yr,1948.0,1982.0
1,11570769,11571588,True,1,2,yearBuilt,17,+36yr,1948.0,1984.0
1,11570769,11571588,True,1,2,yearBuilt,18,+38yr,1948.0,1986.0
1,11570769,11571588,True,1,2,yearBuilt,19,+40yr,1948.0,1988.0
1,11570769,11571588,True,1,2,yearBuilt,20,+42yr,1948.0,1990.0
1,11570769,11571588,True,1,2,yearBuilt,21,+44yr,1948.0,1992.0
1,11570769,11571588,True,1,2,yearBuilt,22,+46yr,1948.0,1994.0
1,11570769,11571588,True,1,2,yearBuilt,23,+48yr,1948.0,1996.0
1,11570769,11571588,True,1,2,yearBuilt,24,+50yr,1948.0,1998.0
1,11570769,11571588,True,1,2,yearBuilt,25,+52yr,1948.0,2000.0
1,11570769,11571588,True,1,2,yearBuilt,26,+54yr,1948.0,2002.0
1,11570769,11571588,True,1,2,yearBuilt,27,+56yr,1948.0,2004.0
1,11570769,11571588,True,1,2,yearBuilt,28,+58yr,1948.0,2006.0
1,11570769,11571588,True,1,2,yearBuilt,29,+60yr,1948.0,2008.0
1,11570769,11571588,True,1,2,yearBuilt,30,+62yr,1948.0,2010.0
1,11570769,11571588,True,1,2,yearBuilt,31,+64yr,1948.0,2012.0
1,11570769,11571588,True,1,2,yearBuilt,32,+66yr,1948.0,2014.0
1,11570769,11571588,True,1,2,yearBuilt,33,+68yr,1948.0,2016.0
1,11570769,11571588,True,1,2,yearBuilt,34,+70yr,1948.0,2018.0
1,11570769,11571588,True,1,2,yearBuilt,35,+72yr,1948.0,2020.0
1,11570769,11571588,True,1,2,yearBuilt,36,+74yr,1948.0,2022.0
1,11570769,11571588,True,1,2,yearBuilt,37,+76yr,1948.0,2024.0
1,11570769,11571588,True,1,2,lot,0,+100sqft,3001.0,3101.0
1,11570769,11571588,True,1,2,lot,1,+200sqft,3001.0,3201.0
1,11570769,11571588,True,1,2,lot,2,+300sqft,3001.0,3301.0
1,11570769,11571588,True,1,2,lot,3,+400sqft,3001.0,3401.0
1,11570769,11571588,True,1,2,lot,4,+500sqft,3001.0,3501.0
1,11570769,11571588,True,1,2,lot,5,+600sqft,3001.0,3601.0
1,11570769,11571588,True,1,2,lot,6,+700sqft,3001.0,3701.0
1,11570769,11571588,True,1,2,lot,7,+800sqft,3001.0,3801.0
1,11570769,11571588,True,1,2,lot,8,+900sqft,3001.0,3901.0
1,11570769,11571588,True,1,2,lot,9,+1000sqft,3001.0,4001.0
1,11570769,11571588,True,1,2,lot,10,+1100sqft,3001.0,4101.0
1,11570769,11571588,True,1,2,lot,11,+1200sqft,3001.0,4201.0
1,11570769,11571588,True,1,2,lot,12,+1300sqft,3001.0,4301.0
1,11570769,11571588,True,1,2,lot,13,+1400sqft,3001.0,4401.0
1,11570769,11571588,True,1,2,lot,14,+1500sqft,3001.0,4501.0
1,11570769,11571588,True,1,2,lot,15,+1600sqft,3001.0,4601.0
1,11570769,11571588,True,1,2,lot,16,+1700sqft,3001.0,4701.0
1,11570769,11571588,True,1,2,lot,17,+1800sqft,3001.0,4801.0
1,11570769,11571588,True,1,2,lot,18,+1900sqft,3001.0,4901.0
1,11570769,11571588,True,1,2,lot,19,+2000sqft,3001.0,5001.0
1,11570769,11571588,True,1,2,lot,20,+2100sqft,3001.0,5101.0
1,11570769,11571588,True,1,2,lot,21,+2200sqft,3001.0,5201.0
1,11570769,11571588,True,1,2,lot,22,+2300sqft,3001.0,5301.0
1,11570769,11571588,True,1,2,lot,23,+2400sqft,3001.0,5401.0
1,11570769,11571588,True,1,2,lot,24,+2500sqft,3001.0,5501.0
1,11570769,11571588,True,1,2,lot,25,+2600sqft,3001.0,5601.0
1,11570769,11571588,True,1,2,lot,26,+2700sqft,3001.0,5701.0
1,11570769,11571588,True,1,2,lot,27,+2800sqft,3001.0,5801.0
1,11570769,11571588,True,1,2,lot,28,+2900sqft,3001.0,5901.0
1,11570769,11571588,True,1,2,lot,29,+3000sqft,3001.0,6001.0
1,11570769,11571588,True,1,2,lot,30,+3100sqft,3001.0,6101.0
1,11570769,11571588,True,1,2,lot,31,+3200sqft,3001.0,6201.0
1,11570769,11571588,True,1,2,lot,32,+3300sqft,3001.0,6301.0
1,11570769,11571588,True,1,2,lot,33,+3400sqft,3001.0,6401.0
1,11570769,11571588,True,1,2,lot,34,+3500sqft,3001.0,6501.0
1,11570769,11571588,True,1,2,lot,35,+3600sqft,3001.0,6601.0
1,11570769,11571588,True,1,2,lot,36,+3700sqft,3001.0,6701.0
1,11570769,11571588,True,1,2,lot,37,+3800sqft,3001.0,6801.0
1,11570769,11571588,True,1,2,lot,38,+3900sqft,3001.0,6901.0
1,11570769,11571588,True,1,2,lot,39,+4000sqft,3001.0,7001.0
1,11570769,11571588,True,1,2,lot,40,+4100sqft,3001.0,7101.0
1,11570769,11571588,True,1,2,lot,41,+4200sqft,3001.0,7201.0
1,11570769,11571588,True,1,2,lot,42,+4300sqft,3001.0,7301.0
1,11570769,11571588,True,1,2,lot,43,+4400sqft,3001.0,7401.0
1,11570769,11571588,True,1,2,lot,44,+4500sqft,3001.0,7501.0
1,11570769,11571588,True,1,2,lot,45,+4600sqft,3001.0,7601.0
1,11570769,11571588,True,1,2,lot,46,+4700sqft,3001.0,7701.0
1,11570769,11571588,True,1,2,lot,47,+4800sqft,3001.0,7801.0
1,11570769,11571588,True,1,2,lot,48,+4900sqft,3001.0,7901.0
1,11570769,11571588,True,1,2,lot,49,+5000sqft,3001.0,8001.0
2,11327731,11328009,False,1,2,bedrooms,0,+1,3.0,4.0
2,11327731,11328009,False,1,2,bedrooms,1,+2,3.0,5.0
2,11327731,11328009,False,1,2,bedrooms,2,+3,3.0,6.0
2,11327731,11328009,False,1,2,bedrooms,3,+4,3.0,7.0
2,11327731,11328009,False,1,2,bedrooms,4,+5,3.0,8.0
2,11327731,11328009,False,1,2,bedrooms,5,+6,3.0,9.0
2,11327731,11328009,False,1,2,bedrooms,6,+7,3.0,10.0
2,11327731,11328009,False,1,2,bathrooms,0,+1,2.0,3.0
2,11327731,11328009,False,1,2,bathrooms,1,+2,2.0,4.0
2,11327731,11328009,False,1,2,bathrooms,2,+3,2.0,5.0
2,11327731,11328009,False,1,2,bathrooms,3,+4,2.0,6.0
2,11327731,11328009,False,1,2,bathrooms,4,+5,2.0,7.0
2,11327731,11328009,False,1,2,bathrooms,5,+6,2.0,8.0
2,11327731,11328009,False,1,2,bathrooms,6,+7,2.0,9.0
2,11327731,11328009,False,1,2,bathrooms,7,+8,2.0,10.0
2,11327731,11328009,False,1,2,yearBuilt,0,+2yr,1920.0,1922.0
2,11327731,11328009,False,1,2,yearBuilt,1,+4yr,1920.0,1924.0
2,11327731,11328009,False,1,2,yearBuilt,2,+6yr,1920.0,1926.0
2,11327731,11328009,False,1,2,yearBuilt,3,+8yr,1920.0,1928.0
2,11327731,11328009,False,1,2,yearBuilt,4,+10yr,1920.0,1930.0
2,11327731,11328009,False,1,2,yearBuilt,5,+12yr,1920.0,1932.0
2,11327731,11328009,False,1,2,yearBuilt,6,+14yr,1920.0,1934.0
2,11327731,11328009,False,1,2,yearBuilt,7,+16yr,1920.0,1936.0
2,11327731,11328009,False,1,2,yearBuilt,8,+18yr,1920.0,1938.0
2,11327731,11328009,False,1,2,yearBuilt,9,+20yr,1920.0,1940.0
2,11327731,11328009,False,1,2,yearBuilt,10,+22yr,1920.0,1942.0
2,11327731,11328009,False,1,2,yearBuilt,11,+24yr,1920.0,1944.0
2,11327731,11328009,False,1,2,yearBuilt,12,+26yr,1920.0,1946.0
2,11327731,11328009,False,1,2,yearBuilt,13,+28yr,1920.0,1948.0
2,11327731,11328009,False,1,2,yearBuilt,14,+30yr,1920.0,1950.0
2,11327731,11328009,False,1,2,yearBuilt,15,+32yr,1920.0,1952.0
2,11327731,11328009,False,1,2,yearBuilt,16,+34yr,1920.0,1954.0
2,11327731,11328009,False,1,2,yearBuilt,17,+36yr,1920.0,1956.0
2,11327731,11328009,False,1,2,yearBuilt,18,+38yr,1920.0,1958.0
2,11327731,11328009,False,1,2,yearBuilt,19,+40yr,1920.0,1960.0
2,11327731,11328009,False,1,2,yearBuilt,20,+42yr,1920.0,1962.0
2,11327731,11328009,False,1,2,yearBuilt,21,+44yr,1920.0,1964.0
2,11327731,11328009,False,1,2,yearBuilt,22,+46yr,1920.0,1966.0
2,11327731,11328009,False,1,2,yearBuilt,23,+48yr,1920.0,1968.0
2,11327731,11328009,False,1,2,yearBuilt,24,+50yr,1920.0,1970.0
2,11327731,11328009,False,1,2,yearBuilt,25,+52yr,1920.0,1972.0
2,11327731,11328009,False,1,2,yearBuilt,26,+54yr,1920.0,1974.0
2,11327731,11328009,False,1,2,yearBuilt,27,+56yr,1920.0,1976.0
2,11327731,11328009,False,1,2,yearBuilt,28,+58yr,1920.0,1978.0
2,11327731,11328009,False,1,2,yearBuilt,29,+60yr,1920.0,1980.0
2,11327731,11328009,False,1,2,yearBuilt,30,+62yr,1920.0,1982.0
2,11327731,11328009,False,1,2,yearBuilt,31,+64yr,1920.0,1984.0
2,11327731,11328009,False,1,2,yearBuilt,32,+66yr,1920.0,1986.0
2,11327731,11328009,False,1,2,yearBuilt,33,+68yr,1920.0,1988.0
2,11327731,11328009,False,1,2,yearBuilt,34,+70yr,1920.0,1990.0
2,11327731,11328009,False,1,2,yearBuilt,35,+72yr,1920.0,1992.0
2,11327731,11328009,False,1,2,yearBuilt,36,+74yr,1920.0,1994.0
2,11327731,11328009,False,1,2,yearBuilt,37,+76yr,1920.0,1996.0
2,11327731,11328009,False,1,2,yearBuilt,38,+78yr,1920.0,1998.0
2,11327731,11328009,False,1,2,yearBuilt,39,+80yr,1920.0,2000.0
2,11327731,11328009,False,1,2,yearBuilt,40,+82yr,1920.0,2002.0
2,11327731,11328009,False,1,2,yearBuilt,41,+84yr,1920.0,2004.0
2,11327731,11328009,False,1,2,yearBuilt,42,+86yr,1920.0,2006.0
2,11327731,11328009,False,1,2,yearBuilt,43,+88yr,1920.0,2008.0
2,11327731,11328009,False,1,2,yearBuilt,44,+90yr,1920.0,2010.0
2,11327731,11328009,False,1,2,yearBuilt,45,+92yr,1920.0,2012.0
2,11327731,11328009,False,1,2,yearBuilt,46,+94yr,1920.0,2014.0
2,11327731,11328009,False,1,2,lot,0,+100sqft,5200.0,5300.0
2,11327731,11328009,False,1,2,lot,1,+200sqft,5200.0,5400.0
2,11327731,11328009,False,1,2,lot,2,+300sqft,5200.0,5500.0
2,11327731,11328009,False,1,2,lot,3,+400sqft,5200.0,5600.0
2,11327731,11328009,False,1,2,lot,4,+500sqft,5200.0,5700.0
2,11327731,11328009,False,1,2,lot,5,+600sqft,5200.0,5800.0
2,11327731,11328009,False,1,2,lot,6,+700sqft,5200.0,5900.0
2,11327731,11328009,False,1,2,lot,7,+800sqft,5200.0,6000.0
2,11327731,11328009,False,1,2,lot,8,+900sqft,5200.0,6100.0
2,11327731,11328009,False,1,2,lot,9,+1000sqft,5200.0,6200.0
2,11327731,11328009,False,1,2,lot,10,+1100sqft,5200.0,6300.0
2,11327731,11328009,False,1,2,lot,11,+1200sqft,5200.0,6400.0
2,11327731,11328009,False,1,2,lot,12,+1300sqft,5200.0,6500.0
2,11327731,11328009,False,1,2,lot,13,+1400sqft,5200.0,6600.0
2,11327731,11328009,False,1,2,lot,14,+1500sqft,5200.0,6700.0
2,11327731,11328009,False,1,2,lot,15,+1600sqft,5200.0,6800.0
2,11327731,11328009,False,1,2,lot,16,+1700sqft,5200.0,6900.0
2,11327731,11328009,False,1,2,lot,17,+1800sqft,5200.0,7000.0
2,11327731,11328009,False,1,2,lot,18,+1900sqft,5200.0,7100.0
2,11327731,11328009,False,1,2,lot,19,+2000sqft,5200.0,7200.0
2,11327731,11328009,False,1,2,lot,20,+2100sqft,5200.0,7300.0
2,11327731,11328009,False,1,2,lot,21,+2200sqft,5200.0,7400.0
2,11327731,11328009,False,1,2,lot,22,+2300sqft,5200.0,7500.0
2,11327731,11328009,False,1,2,lot,23,+2400sqft,5200.0,7600.0
2,11327731,11328009,False,1,2,lot,24,+2500sqft,5200.0,7700.0
2,11327731,11328009,False,1,2,lot,25,+2600sqft,5200.0,7800.0
2,11327731,11328009,False,1,2,lot,26,+2700sqft,5200.0,7900.0
2,11327731,11328009,False,1,2,lot,27,+2800sqft,5200.0,8000.0
2,11327731,11328009,False,1,2,lot,28,+2900sqft,5200.0,8100.0
2,11327731,11328009,False,1,2,lot,29,+3000sqft,5200.0,8200.0
2,11327731,11328009,False,1,2,lot,30,+3100sqft,5200.0,8300.0
2,11327731,11328009,False,1,2,lot,31,+3200sqft,5200.0,8400.0
2,11327731,11328009,False,1,2,lot,32,+3300sqft,5200.0,8500.0
2,11327731,11328009,False,1,2,lot,33,+3400sqft,5200.0,8600.0
2,11327731,11328009,False,1,2,lot,34,+3500sqft,5200.0,8700.0
2,11327731,11328009,False,1,2,lot,35,+3600sqft,5200.0,8800.0
2,11327731,11328009,False,1,2,lot,36,+3700sqft,5200.0,8900.0
2,11327731,11328009,False,1,2,lot,37,+3800sqft,5200.0,9000.0
2,11327731,11328009,False,1,2,lot,38,+3900sqft,5200.0,9100.0
2,11327731,11328009,False,1,2,lot,39,+4000sqft,5200.0,9200.0
2,11327731,11328009,False,1,2,lot,40,+4100sqft,5200.0,9300.0
2,11327731,11328009,False,1,2,lot,41,+4200sqft,5200.0,9400.0
2,11327731,11328009,False,1,2,lot,42,+4300sqft,5200.0,9500.0
2,11327731,11328009,False,1,2,lot,43,+4400sqft,5200.0,9600.0
2,11327731,11328009,False,1,2,lot,44,+4500sqft,5200.0,9700.0
2,11327731,11328009,False,1,2,lot,45,+4600sqft,5200.0,9800.0
2,11327731,11328009,False,1,2,lot,46,+4700sqft,5200.0,9900.0
2,11327731,11328009,False,1,2,lot,47,+4800sqft,5200.0,10000.0
2,11327731,11328009,False,1,2,lot,48,+4900sqft,5200.0,10100.0
2,11327731,11328009,False,1,2,lot,49,+5000sqft,5200.0,10200.0
3,11394910,11610426,True,1,2,bedrooms,0,+1,2.0,3.0
3,11394910,11610426,True,1,2,bedrooms,1,+2,2.0,4.0
3,11394910,11610426,True,1,2,bedrooms,2,+3,2.0,5.0
3,11394910,11610426,True,1,2,bedrooms,3,+4,2.0,6.0
3,11394910,11610426,True,1,2,bedrooms,4,+5,2.0,7.0
3,11394910,11610426,True,1,2,bedrooms,5,+6,2.0,8.0
3,11394910,11610426,True,1,2,bedrooms,6,+7,2.0,9.0
3,11394910,11610426,True,1,2,bedrooms,7,+8,2.0,10.0
3,11394910,11610426,True,1,2,bathrooms,0,+1,2.0,3.0
3,11394910,11610426,True,1,2,bathrooms,1,+2,2.0,4.0
3,11394910,11610426,True,1,2,bathrooms,2,+3,2.0,5.0
3,11394910,11610426,True,1,2,bathrooms,3,+4,2.0,6.0
3,11394910,11610426,True,1,2,bathrooms,4,+5,2.0,7.0
3,11394910,11610426,True,1,2,bathrooms,5,+6,2.0,8.0
3,11394910,11610426,True,1,2,bathrooms,6,+7,2.0,9.0
3,11394910,11610426,True,1,2,bathrooms,7,+8,2.0,10.0
3,11394910,11610426,True,1,2,yearBuilt,0,+2yr,1955.0,1957.0
3,11394910,11610426,True,1,2,yearBuilt,1,+4yr,1955.0,1959.0
3,11394910,11610426,True,1,2,yearBuilt,2,+6yr,1955.0,1961.0
3,11394910,11610426,True,1,2,yearBuilt,3,+8yr,1955.0,1963.0
3,11394910,11610426,True,1,2,yearBuilt,4,+10yr,1955.0,1965.0
3,11394910,11610426,True,1,2,yearBuilt,5,+12yr,1955.0,1967.0
3,11394910,11610426,True,1,2,yearBuilt,6,+14yr,1955.0,1969.0
3,11394910,11610426,True,1,2,yearBuilt,7,+16yr,1955.0,1971.0
3,11394910,11610426,True,1,2,yearBuilt,8,+18yr,1955.0,1973.0
3,11394910,11610426,True,1,2,yearBuilt,9,+20yr,1955.0,1975.0
3,11394910,11610426,True,1,2,yearBuilt,10,+22yr,1955.0,1977.0
3,11394910,11610426,True,1,2,yearBuilt,11,+24yr,1955.0,1979.0
3,11394910,11610426,True,1,2,yearBuilt,12,+26yr,1955.0,1981.0
3,11394910,11610426,True,1,2,yearBuilt,13,+28yr,1955.0,1983.0
3,11394910,11610426,True,1,2,yearBuilt,14,+30yr,1955.0,1985.0
3,11394910,11610426,True,1,2,yearBuilt,15,+32yr,1955.0,1987.0
3,11394910,11610426,True,1,2,yearBuilt,16,+34yr,1955.0,1989.0
3,11394910,11610426,True,1,2,yearBuilt,17,+36yr,1955.0,1991.0
3,11394910,11610426,True,1,2,yearBuilt,18,+38yr,1955.0,1993.0
3,11394910,11610426,True,1,2,yearBuilt,19,+40yr,1955.0,1995.0
3,11394910,11610426,True,1,2,yearBuilt,20,+42yr,1955.0,1997.0
3,11394910,11610426,True,1,2,yearBuilt,21,+44yr,1955.0,1999.0
3,11394910,11610426,True,1,2,yearBuilt,22,+46yr,1955.0,2001.0
3,11394910,11610426,True,1,2,yearBuilt,23,+48yr,1955.0,2003.0
3,11394910,11610426,True,1,2,yearBuilt,24,+50yr,1955.0,2005.0
3,11394910,11610426,True,1,2,yearBuilt,25,+52yr,1955.0,2007.0
3,11394910,11610426,True,1,2,yearBuilt,26,+54yr,1955.0,2009.0
3,11394910,11610426,True,1,2,yearBuilt,27,+56yr,1955.0,2011.0
3,11394910,11610426,True,1,2,yearBuilt,28,+58yr,1955.0,2013.0
3,11394910,11610426,True,1,2,yearBuilt,29,+60yr,1955.0,2015.0
3,11394910,11610426,True,1,2,yearBuilt,30,+62yr,1955.0,2017.0
3,11394910,11610426,True,1,2,yearBuilt,31,+64yr,1955.0,2019.0
3,11394910,11610426,True,1,2,yearBuilt,32,+66yr,1955.0,2021.0
3,11394910,11610426,True,1,2,yearBuilt,33,+68yr,1955.0,2023.0
3,11394910,11610426,True,1,2,yearBuilt,34,+70yr,1955.0,2025.0
3,11394910,11610426,True,1,2,lot,0,+100sqft,7213.0,7313.0
3,11394910,11610426,True,1,2,lot,1,+200sqft,7213.0,7413.0
3,11394910,11610426,True,1,2,lot,2,+300sqft,7213.0,7513.0
3,11394910,11610426,True,1,2,lot,3,+400sqft,7213.0,7613.0
3,11394910,11610426,True,1,2,lot,4,+500sqft,7213.0,7713.0
3,11394910,11610426,True,1,2,lot,5,+600sqft,7213.0,7813.0
3,11394910,11610426,True,1,2,lot,6,+700sqft,7213.0,7913.0
3,11394910,11610426,True,1,2,lot,7,+800sqft,7213.0,8013.0
3,11394910,11610426,True,1,2,lot,8,+900sqft,7213.0,8113.0
3,11394910,11610426,True,1,2,lot,9,+1000sqft,7213.0,8213.0
3,11394910,11610426,True,1,2,lot,10,+1100sqft,7213.0,8313.0
3,11394910,11610426,True,1,2,lot,11,+1200sqft,7213.0,8413.0
3,11394910,11610426,True,1,2,lot,12,+1300sqft,7213.0,8513.0
3,11394910,11610426,True,1,2,lot,13,+1400sqft,7213.0,8613.0
3,11394910,11610426,True,1,2,lot,14,+1500sqft,7213.0,8713.0
3,11394910,11610426,True,1,2,lot,15,+1600sqft,7213.0,8813.0
3,11394910,11610426,True,1,2,lot,16,+1700sqft,7213.0,8913.0
3,11394910,11610426,True,1,2,lot,17,+1800sqft,7213.0,9013.0
3,11394910,11610426,True,1,2,lot,18,+1900sqft,7213.0,9113.0
3,11394910,11610426,True,1,2,lot,19,+2000sqft,7213.0,9213.0
3,11394910,11610426,True,1,2,lot,20,+2100sqft,7213.0,9313.0
3,11394910,11610426,True,1,2,lot,21,+2200sqft,7213.0,9413.0
3,11394910,11610426,True,1,2,lot,22,+2300sqft,7213.0,9513.0
3,11394910,11610426,True,1,2,lot,23,+2400sqft,7213.0,9613.0
3,11394910,11610426,True,1,2,lot,24,+2500sqft,7213.0,9713.0
3,11394910,11610426,True,1,2,lot,25,+2600sqft,7213.0,9813.0
3,11394910,11610426,True,1,2,lot,26,+2700sqft,7213.0,9913.0
3,11394910,11610426,True,1,2,lot,27,+2800sqft,7213.0,10013.0
3,11394910,11610426,True,1,2,lot,28,+2900sqft,7213.0,10113.0
3,11394910,11610426,True,1,2,lot,29,+3000sqft,7213.0,10213.0
3,11394910,11610426,True,1,2,lot,30,+3100sqft,7213.0,10313.0
3,11394910,11610426,True,1,2,lot,31,+3200sqft,7213.0,10413.0
3,11394910,11610426,True,1,2,lot,32,+3300sqft,7213.0,10513.0
3,11394910,11610426,True,1,2,lot,33,+3400sqft,7213.0,10613.0
3,11394910,11610426,True,1,2,lot,34,+3500sqft,7213.0,10713.0
3,11394910,11610426,True,1,2,lot,35,+3600sqft,7213.0,10813.0
3,11394910,11610426,True,1,2,lot,36,+3700sqft,7213.0,10913.0
3,11394910,11610426,True,1,2,lot,37,+3800sqft,7213.0,11013.0
3,11394910,11610426,True,1,2,lot,38,+3900sqft,7213.0,11113.0
3,11394910,11610426,True,1,2,lot,39,+4000sqft,7213.0,11213.0
3,11394910,11610426,True,1,2,lot,40,+4100sqft,7213.0,11313.0
3,11394910,11610426,True,1,2,lot,41,+4200sqft,7213.0,11413.0
3,11394910,11610426,True,1,2,lot,42,+4300sqft,7213.0,11513.0
3,11394910,11610426,True,1,2,lot,43,+4400sqft,7213.0,11613.0
3,11394910,11610426,True,1,2,lot,44,+4500sqft,7213.0,11713.0
3,11394910,11610426,True,1,2,lot,45,+4600sqft,7213.0,11813.0
3,11394910,11610426,True,1,2,lot,46,+4700sqft,7213.0,11913.0
3,11394910,11610426,True,1,2,lot,47,+4800sqft,7213.0,12013.0
3,11394910,11610426,True,1,2,lot,48,+4900sqft,7213.0,12113.0
3,11394910,11610426,True,1,2,lot,49,+5000sqft,7213.0,12213.0
4,11545140,11635346,True,1,2,bedrooms,0,+1,3.0,4.0
4,11545140,11635346,True,1,2,bedrooms,1,+2,3.0,5.0
4,11545140,11635346,True,1,2,bedrooms,2,+3,3.0,6.0
4,11545140,11635346,True,1,2,bedrooms,3,+4,3.0,7.0
4,11545140,11635346,True,1,2,bedrooms,4,+5,3.0,8.0
4,11545140,11635346,True,1,2,bedrooms,5,+6,3.0,9.0
4,11545140,11635346,True,1,2,bedrooms,6,+7,3.0,10.0
4,11545140,11635346,True,1,2,bathrooms,0,+1,2.0,3.0
4,11545140,11635346,True,1,2,bathrooms,1,+2,2.0,4.0
4,11545140,11635346,True,1,2,bathrooms,2,+3,2.0,5.0
4,11545140,11635346,True,1,2,bathrooms,3,+4,2.0,6.0
4,11545140,11635346,True,1,2,bathrooms,4,+5,2.0,7.0
4,11545140,11635346,True,1,2,bathrooms,5,+6,2.0,8.0
4,11545140,11635346,True,1,2,bathrooms,6,+7,2.0,9.0
4,11545140,11635346,True,1,2,bathrooms,7,+8,2.0,10.0
4,11545140,11635346,True,1,2,yearBuilt,0,+2yr,1955.0,1957.0
4,11545140,11635346,True,1,2,yearBuilt,1,+4yr,1955.0,1959.0
4,11545140,11635346,True,1,2,yearBuilt,2,+6yr,1955.0,1961.0
4,11545140,11635346,True,1,2,yearBuilt,3,+8yr,1955.0,1963.0
4,11545140,11635346,True,1,2,yearBuilt,4,+10yr,1955.0,1965.0
4,11545140,11635346,True,1,2,yearBuilt,5,+12yr,1955.0,1967.0
4,11545140,11635346,True,1,2,yearBuilt,6,+14yr,1955.0,1969.0
4,11545140,11635346,True,1,2,yearBuilt,7,+16yr,1955.0,1971.0
4,11545140,11635346,True,1,2,yearBuilt,8,+18yr,1955.0,1973.0
4,11545140,11635346,True,1,2,yearBuilt,9,+20yr,1955.0,1975.0
4,11545140,11635346,True,1,2,yearBuilt,10,+22yr,1955.0,1977.0
4,11545140,11635346,True,1,2,yearBuilt,11,+24yr,1955.0,1979.0
4,11545140,11635346,True,1,2,yearBuilt,12,+26yr,1955.0,1981.0
4,11545140,11635346,True,1,2,yearBuilt,13,+28yr,1955.0,1983.0
4,11545140,11635346,True,1,2,yearBuilt,14,+30yr,1955.0,1985.0
4,11545140,11635346,True,1,2,yearBuilt,15,+32yr,1955.0,1987.0
4,11545140,11635346,True,1,2,yearBuilt,16,+34yr,1955.0,1989.0
4,11545140,11635346,True,1,2,yearBuilt,17,+36yr,1955.0,1991.0
4,11545140,11635346,True,1,2,yearBuilt,18,+38yr,1955.0,1993.0
4,11545140,11635346,True,1,2,yearBuilt,19,+40yr,1955.0,1995.0
4,11545140,11635346,True,1,2,yearBuilt,20,+42yr,1955.0,1997.0
4,11545140,11635346,True,1,2,yearBuilt,21,+44yr,1955.0,1999.0
4,11545140,11635346,True,1,2,yearBuilt,22,+46yr,1955.0,2001.0
4,11545140,11635346,True,1,2,yearBuilt,23,+48yr,1955.0,2003.0
4,11545140,11635346,True,1,2,yearBuilt,24,+50yr,1955.0,2005.0
4,11545140,11635346,True,1,2,yearBuilt,25,+52yr,1955.0,2007.0
4,11545140,11635346,True,1,2,yearBuilt,26,+54yr,1955.0,2009.0
4,11545140,11635346,True,1,2,yearBuilt,27,+56yr,1955.0,2011.0
4,11545140,11635346,True,1,2,yearBuilt,28,+58yr,1955.0,2013.0
4,11545140,11635346,True,1,2,yearBuilt,29,+60yr,1955.0,2015.0
4,11545140,11635346,True,1,2,yearBuilt,30,+62yr,1955.0,2017.0
4,11545140,11635346,True,1,2,yearBuilt,31,+64yr,1955.0,2019.0
4,11545140,11635346,True,1,2,yearBuilt,32,+66yr,1955.0,2021.0
4,11545140,11635346,True,1,2,yearBuilt,33,+68yr,1955.0,2023.0
4,11545140,11635346,True,1,2,yearBuilt,34,+70yr,1955.0,2025.0
4,11545140,11635346,True,1,2,lot,0,+100sqft,2731.0,2831.0
4,11545140,11635346,True,1,2,lot,1,+200sqft,2731.0,2931.0
4,11545140,11635346,True,1,2,lot,2,+300sqft,2731.0,3031.0
4,11545140,11635346,True,1,2,lot,3,+400sqft,2731.0,3131.0
4,11545140,11635346,True,1,2,lot,4,+500sqft,2731.0,3231.0
4,11545140,11635346,True,1,2,lot,5,+600sqft,2731.0,3331.0
4,11545140,11635346,True,1,2,lot,6,+700sqft,2731.0,3431.0
4,11545140,11635346,True,1,2,lot,7,+800sqft,2731.0,3531.0
4,11545140,11635346,True,1,2,lot,8,+900sqft,2731.0,3631.0
4,11545140,11635346,True,1,2,lot,9,+1000sqft,2731.0,3731.0
4,11545140,11635346,True,1,2,lot,10,+1100sqft,2731.0,3831.0
4,11545140,11635346,True,1,2,lot,11,+1200sqft,2731.0,3931.0
4,11545140,11635346,True,1,2,lot,12,+1300sqft,2731.0,4031.0
4,11545140,11635346,True,1,2,lot,13,+1400sqft,2731.0,4131.0
4,11545140,11635346,True,1,2,lot,14,+1500sqft,2731.0,4231.0
4,11545140,11635346,True,1,2,lot,15,+1600sqft,2731.0,4331.0
4,11545140,11635346,True,1,2,lot,16,+1700sqft,2731.0,4431.0
4,11545140,11635346,True,1,2,lot,17,+1800sqft,2731.0,4531.0
4,11545140,11635346,True,1,2,lot,18,+1900sqft,2731.0,4631.0
4,11545140,11635346,True,1,2,lot,19,+2000sqft,2731.0,4731.0
4,11545140,11635346,True,1,2,lot,20,+2100sqft,2731.0,4831.0
4,11545140,11635346,True,1,2,lot,21,+2200sqft,2731.0,4931.0
4,11545140,11635346,True,1,2,lot,22,+2300sqft,2731.0,5031.0
4,11545140,11635346,True,1,2,lot,23,+2400sqft,2731.0,5131.0
4,11545140,11635346,True,1,2,lot,24,+2500sqft,2731.0,5231.0
4,11545140,11635346,True,1,2,lot,25,+2600sqft,2731.0,5331.0
4,11545140,11635346,True,1,2,lot,26,+2700sqft,2731.0,5431.0
4,11545140,11635346,True,1,2,lot,27,+2800sqft,2731.0,5531.0
4,11545140,11635346,True,1,2,lot,28,+2900sqft,2731.0,5631.0
4,11545140,11635346,True,1,2,lot,29,+3000sqft,2731.0,5731.0
4,11545140,11635346,True,1,2,lot,30,+3100sqft,2731.0,5831.0
4,11545140,11635346,True,1,2,lot,31,+3200sqft,2731.0,5931.0
4,11545140,11635346,True,1,2,lot,32,+3300sqft,2731.0,6031.0
4,11545140,11635346,True,1,2,lot,33,+3400sqft,2731.0,6131.0
4,11545140,11635346,True,1,2,lot,34,+3500sqft,2731.0,6231.0
4,11545140,11635346,True,1,2,lot,35,+3600sqft,2731.0,6331.0
4,11545140,11635346,True,1,2,lot,36,+3700sqft,2731.0,6431.0
4,11545140,11635346,True,1,2,lot,37,+3800sqft,2731.0,6531.0
4,11545140,11635346,True,1,2,lot,38,+3900sqft,2731.0,6631.0
4,11545140,11635346,True,1,2,lot,39,+4000sqft,2731.0,6731.0
4,11545140,11635346,True,1,2,lot,40,+4100sqft,2731.0,6831.0
4,11545140,11635346,True,1,2,lot,41,+4200sqft,2731.0,6931.0
4,11545140,11635346,True,1,2,lot,42,+4300sqft,2731.0,7031.0
4,11545140,11635346,True,1,2,lot,43,+4400sqft,2731.0,7131.0
4,11545140,11635346,True,1,2,lot,44,+4500sqft,2731.0,7231.0
4,11545140,11635346,True,1,2,lot,45,+4600sqft,2731.0,7331.0
4,11545140,11635346,True,1,2,lot,46,+4700sqft,2731.0,7431.0
4,11545140,11635346,True,1,2,lot,47,+4800sqft,2731.0,7531.0
4,11545140,11635346,True,1,2,lot,48,+4900sqft,2731.0,7631.0
4,11545140,11635346,True,1,2,lot,49,+5000sqft,2731.0,7731.0
5,11441995,11522615,True,2,1,bedrooms,0,+1,3.0,4.0
5,11441995,11522615,True,2,1,bedrooms,1,+2,3.0,5.0
5,11441995,11522615,True,2,1,bedrooms,2,+3,3.0,6.0
5,11441995,11522615,True,2,1,bedrooms,3,+4,3.0,7.0
5,11441995,11522615,True,2,1,bedrooms,4,+5,3.0,8.0
5,11441995,11522615,True,2,1,bedrooms,5,+6,3.0,9.0
5,11441995,11522615,True,2,1,bedrooms,6,+7,3.0,10.0
5,11441995,11522615,True,2,1,bathrooms,0,+1,2.0,3.0
5,11441995,11522615,True,2,1,bathrooms,1,+2,2.0,4.0
5,11441995,11522615,True,2,1,bathrooms,2,+3,2.0,5.0
5,11441995,11522615,True,2,1,bathrooms,3,+4,2.0,6.0
5,11441995,11522615,True,2,1,bathrooms,4,+5,2.0,7.0
5,11441995,11522615,True,2,1,bathrooms,5,+6,2.0,8.0
5,11441995,11522615,True,2,1,bathrooms,6,+7,2.0,9.0
5,11441995,11522615,True,2,1,bathrooms,7,+8,2.0,10.0
5,11441995,11522615,True,2,1,yearBuilt,0,+2yr,1950.0,1952.0
5,11441995,11522615,True,2,1,yearBuilt,1,+4yr,1950.0,1954.0
5,11441995,11522615,True,2,1,yearBuilt,2,+6yr,1950.0,1956.0
5,11441995,11522615,True,2,1,yearBuilt,3,+8yr,1950.0,1958.0
5,11441995,11522615,True,2,1,yearBuilt,4,+10yr,1950.0,1960.0
5,11441995,11522615,True,2,1,yearBuilt,5,+12yr,1950.0,1962.0
5,11441995,11522615,True,2,1,yearBuilt,6,+14yr,1950.0,1964.0
5,11441995,11522615,True,2,1,yearBuilt,7,+16yr,1950.0,1966.0
5,11441995,11522615,True,2,1,yearBuilt,8,+18yr,1950.0,1968.0
5,11441995,11522615,True,2,1,yearBuilt,9,+20yr,1950.0,1970.0
5,11441995,11522615,True,2,1,yearBuilt,10,+22yr,1950.0,1972.0
5,11441995,11522615,True,2,1,yearBuilt,11,+24yr,1950.0,1974.0
5,11441995,11522615,True,2,1,yearBuilt,12,+26yr,1950.0,1976.0
5,11441995,11522615,True,2,1,yearBuilt,13,+28yr,1950.0,1978.0
5,11441995,11522615,True,2,1,yearBuilt,14,+30yr,1950.0,1980.0
5,11441995,11522615,True,2,1,yearBuilt,15,+32yr,1950.0,1982.0
5,11441995,11522615,True,2,1,yearBuilt,16,+34yr,1950.0,1984.0
5,11441995,11522615,True,2,1,yearBuilt,17,+36yr,1950.0,1986.0
5,11441995,11522615,True,2,1,yearBuilt,18,+38yr,1950.0,1988.0
5,11441995,11522615,True,2,1,yearBuilt,19,+40yr,1950.0,1990.0
5,11441995,11522615,True,2,1,yearBuilt,20,+42yr,1950.0,1992.0
5,11441995,11522615,True,2,1,yearBuilt,21,+44yr,1950.0,1994.0
5,11441995,11522615,True,2,1,yearBuilt,22,+46yr,1950.0,1996.0
5,11441995,11522615,True,2,1,yearBuilt,23,+48yr,1950.0,1998.0
5,11441995,11522615,True,2,1,yearBuilt,24,+50yr,1950.0,2000.0
5,11441995,11522615,True,2,1,yearBuilt,25,+52yr,1950.0,2002.0
5,11441995,11522615,True,2,1,yearBuilt,26,+54yr,1950.0,2004.0
5,11441995,11522615,True,2,1,yearBuilt,27,+56yr,1950.0,2006.0
5,11441995,11522615,True,2,1,yearBuilt,28,+58yr,1950.0,2008.0
5,11441995,11522615,True,2,1,yearBuilt,29,+60yr,1950.0,2010.0
5,11441995,11522615,True,2,1,yearBuilt,30,+62yr,1950.0,2012.0
5,11441995,11522615,True,2,1,yearBuilt,31,+64yr,1950.0,2014.0
5,11441995,11522615,True,2,1,yearBuilt,32,+66yr,1950.0,2016.0
5,11441995,11522615,True,2,1,yearBuilt,33,+68yr,1950.0,2018.0
5,11441995,11522615,True,2,1,yearBuilt,34,+70yr,1950.0,2020.0
5,11441995,11522615,True,2,1,yearBuilt,35,+72yr,1950.0,2022.0
5,11441995,11522615,True,2,1,yearBuilt,36,+74yr,1950.0,2024.0
5,11441995,11522615,True,2,1,lot,0,+100sqft,0.33,0.3323
5,11441995,11522615,True,2,1,lot,1,+200sqft,0.33,0.3346
5,11441995,11522615,True,2,1,lot,2,+300sqft,0.33,0.3369
5,11441995,11522615,True,2,1,lot,3,+400sqft,0.33,0.3392
5,11441995,11522615,True,2,1,lot,4,+500sqft,0.33,0.3415
5,11441995,11522615,True,2,1,lot,5,+600sqft,0.33,0.3438
5,11441995,11522615,True,2,1,lot,6,+700sqft,0.33,0.3461
5,11441995,11522615,True,2,1,lot,7,+800sqft,0.33,0.3484
5,11441995,11522615,True,2,1,lot,8,+900sqft,0.33,0.3507
5,11441995,11522615,True,2,1,lot,9,+1000sqft,0.33,0.353
5,11441995,11522615,True,2,1,lot,10,+1100sqft,0.33,0.3553
5,11441995,11522615,True,2,1,lot,11,+1200sqft,0.33,0.3575
5,11441995,11522615,True,2,1,lot,12,+1300sqft,0.33,0.3598
5,11441995,11522615,True,2,1,lot,13,+1400sqft,0.33,0.3621
5,11441995,11522615,True,2,1,lot,14,+1500sqft,0.33,0.3644
5,11441995,11522615,True,2,1,lot,15,+1600sqft,0.33,0.3667
5,11441995,11522615,True,2,1,lot,16,+1700sqft,0.33,0.369
5,11441995,11522615,True,2,1,lot,17,+1800sqft,0.33,0.3713
5,11441995,11522615,True,2,1,lot,18,+1900sqft,0.33,0.3736
5,11441995,11522615,True,2,1,lot,19,+2000sqft,0.33,0.3759
5,11441995,11522615,True,2,1,lot,20,+2100sqft,0.33,0.3782
5,11441995,11522615,True,2,1,lot,21,+2200sqft,0.33,0.3805
5,11441995,11522615,True,2,1,lot,22,+2300sqft,0.33,0.3828
5,11441995,11522615,True,2,1,lot,23,+2400sqft,0.33,0.3851
5,11441995,11522615,True,2,1,lot,24,+2500sqft,0.33,0.3874
5,11441995,11522615,True,2,1,lot,25,+2600sqft,0.33,0.3897
5,11441995,11522615,True,2,1,lot,26,+2700sqft,0.33,0.392
5,11441995,11522615,True,2,1,lot,27,+2800sqft,0.33,0.3943
5,11441995,11522615,True,2,1,lot,28,+2900sqft,0.33,0.3966
5,11441995,11522615,True,2,1,lot,29,+3000sqft,0.33,0.3989
5,11441995,11522615,True,2,1,lot,30,+3100sqft,0.33,0.4012
5,11441995,11522615,True,2,1,lot,31,+3200sqft,0.33,0.4035
5,11441995,11522615,True,2,1,lot,32,+3300sqft,0.33,0.4058
5,11441995,11522615,True,2,1,lot,33,+3400sqft,0.33,0.4081
5,11441995,11522615,True,2,1,lot,34,+3500sqft,0.33,0.4103
5,11441995,11522615,True,2,1,lot,35,+3600sqft,0.33,0.4126
5,11441995,11522615,True,2,1,lot,36,+3700sqft,0.33,0.4149
5,11441995,11522615,True,2,1,lot,37,+3800sqft,0.33,0.4172
5,11441995,11522615,True,2,1,lot,38,+3900sqft,0.33,0.4195
5,11441995,11522615,True,2,1,lot,39,+4000sqft,0.33,0.4218
5,11441995,11522615,True,2,1,lot,40,+4100sqft,0.33,0.4241
5,11441995,11522615,True,2,1,lot,41,+4200sqft,0.33,0.4264
5,11441995,11522615,True,2,1,lot,42,+4300sqft,0.33,0.4287
5,11441995,11522615,True,2,1,lot,43,+4400sqft,0.33,0.431
5,11441995,11522615,True,2,1,lot,44,+4500sqft,0.33,0.4333
5,11441995,11522615,True,2,1,lot,45,+4600sqft,0.33,0.4356
5,11441995,11522615,True,2,1,lot,46,+4700sqft,0.33,0.4379
5,11441995,11522615,True,2,1,lot,47,+4800sqft,0.33,0.4402
5,11441995,11522615,True,2,1,lot,48,+4900sqft,0.33,0.4425
5,11441995,11522615,True,2,1,lot,49,+5000sqft,0.33,0.4448
6,11304040,11645110,False,1,2,bedrooms,0,+1,3.0,4.0
6,11304040,11645110,False,1,2,bedrooms,1,+2,3.0,5.0
6,11304040,11645110,False,1,2,bedrooms,2,+3,3.0,6.0
6,11304040,11645110,False,1,2,bedrooms,3,+4,3.0,7.0
6,11304040,11645110,False,1,2,bedrooms,4,+5,3.0,8.0
6,11304040,11645110,False,1,2,bedrooms,5,+6,3.0,9.0
6,11304040,11645110,False,1,2,bedrooms,6,+7,3.0,10.0
6,11304040,11645110,False,1,2,bathrooms,0,+1,3.0,4.0
6,11304040,11645110,False,1,2,bathrooms,1,+2,3.0,5.0
6,11304040,11645110,False,1,2,bathrooms,2,+3,3.0,6.0
6,11304040,11645110,False,1,2,bathrooms,3,+4,3.0,7.0
6,11304040,11645110,False,1,2,bathrooms,4,+5,3.0,8.0
6,11304040,11645110,False,1,2,bathrooms,5,+6,3.0,9.0
6,11304040,11645110,False,1,2,bathrooms,6,+7,3.0,10.0
6,11304040,11645110,False,1,2,yearBuilt,0,+2yr,1940.0,1942.0
6,11304040,11645110,False,1,2,yearBuilt,1,+4yr,1940.0,1944.0
6,11304040,11645110,False,1,2,yearBuilt,2,+6yr,1940.0,1946.0
6,11304040,11645110,False,1,2,yearBuilt,3,+8yr,1940.0,1948.0
6,11304040,11645110,False,1,2,yearBuilt,4,+10yr,1940.0,1950.0
6,11304040,11645110,False,1,2,yearBuilt,5,+12yr,1940.0,1952.0
6,11304040,11645110,False,1,2,yearBuilt,6,+14yr,1940.0,1954.0
6,11304040,11645110,False,1,2,yearBuilt,7,+16yr,1940.0,1956.0
6,11304040,11645110,False,1,2,yearBuilt,8,+18yr,1940.0,1958.0
6,11304040,11645110,False,1,2,yearBuilt,9,+20yr,1940.0,1960.0
6,11304040,11645110,False,1,2,yearBuilt,10,+22yr,1940.0,1962.0
6,11304040,11645110,False,1,2,yearBuilt,11,+24yr,1940.0,1964.0
6,11304040,11645110,False,1,2,yearBuilt,12,+26yr,1940.0,1966.0
6,11304040,11645110,False,1,2,yearBuilt,13,+28yr,1940.0,1968.0
6,11304040,11645110,False,1,2,yearBuilt,14,+30yr,1940.0,1970.0
6,11304040,11645110,False,1,2,yearBuilt,15,+32yr,1940.0,1972.0
6,11304040,11645110,False,1,2,yearBuilt,16,+34yr,1940.0,1974.0
6,11304040,11645110,False,1,2,yearBuilt,17,+36yr,1940.0,1976.0
6,11304040,11645110,False,1,2,yearBuilt,18,+38yr,1940.0,1978.0
6,11304040,11645110,False,1,2,yearBuilt,19,+40yr,1940.0,1980.0
6,11304040,11645110,False,1,2,yearBuilt,20,+42yr,1940.0,1982.0
6,11304040,11645110,False,1,2,yearBuilt,21,+44yr,1940.0,1984.0
6,11304040,11645110,False,1,2,yearBuilt,22,+46yr,1940.0,1986.0
6,11304040,11645110,False,1,2,yearBuilt,23,+48yr,1940.0,1988.0
6,11304040,11645110,False,1,2,yearBuilt,24,+50yr,1940.0,1990.0
6,11304040,11645110,False,1,2,yearBuilt,25,+52yr,1940.0,1992.0
6,11304040,11645110,False,1,2,yearBuilt,26,+54yr,1940.0,1994.0
6,11304040,11645110,False,1,2,yearBuilt,27,+56yr,1940.0,1996.0
6,11304040,11645110,False,1,2,yearBuilt,28,+58yr,1940.0,1998.0
6,11304040,11645110,False,1,2,yearBuilt,29,+60yr,1940.0,2000.0
6,11304040,11645110,False,1,2,yearBuilt,30,+62yr,1940.0,2002.0
6,11304040,11645110,False,1,2,yearBuilt,31,+64yr,1940.0,2004.0
6,11304040,11645110,False,1,2,yearBuilt,32,+66yr,1940.0,2006.0
6,11304040,11645110,False,1,2,yearBuilt,33,+68yr,1940.0,2008.0
6,11304040,11645110,False,1,2,yearBuilt,34,+70yr,1940.0,2010.0
6,11304040,11645110,False,1,2,yearBuilt,35,+72yr,1940.0,2012.0
6,11304040,11645110,False,1,2,yearBuilt,36,+74yr,1940.0,2014.0
6,11304040,11645110,False,1,2,yearBuilt,37,+76yr,1940.0,2016.0
6,11304040,11645110,False,1,2,yearBuilt,38,+78yr,1940.0,2018.0
6,11304040,11645110,False,1,2,yearBuilt,39,+80yr,1940.0,2020.0
6,11304040,11645110,False,1,2,yearBuilt,40,+82yr,1940.0,2022.0
6,11304040,11645110,False,1,2,yearBuilt,41,+84yr,1940.0,2024.0
6,11304040,11645110,False,1,2,lot,0,+100sqft,3149.0,3249.0
6,11304040,11645110,False,1,2,lot,1,+200sqft,3149.0,3349.0
6,11304040,11645110,False,1,2,lot,2,+300sqft,3149.0,3449.0
6,11304040,11645110,False,1,2,lot,3,+400sqft,3149.0,3549.0
6,11304040,11645110,False,1,2,lot,4,+500sqft,3149.0,3649.0
6,11304040,11645110,False,1,2,lot,5,+600sqft,3149.0,3749.0
6,11304040,11645110,False,1,2,lot,6,+700sqft,3149.0,3849.0
6,11304040,11645110,False,1,2,lot,7,+800sqft,3149.0,3949.0
6,11304040,11645110,False,1,2,lot,8,+900sqft,3149.0,4049.0
6,11304040,11645110,False,1,2,lot,9,+1000sqft,3149.0,4149.0
6,11304040,11645110,False,1,2,lot,10,+1100sqft,3149.0,4249.0
6,11304040,11645110,False,1,2,lot,11,+1200sqft,3149.0,4349.0
6,11304040,11645110,False,1,2,lot,12,+1300sqft,3149.0,4449.0
6,11304040,11645110,False,1,2,lot,13,+1400sqft,3149.0,4549.0
6,11304040,11645110,False,1,2,lot,14,+1500sqft,3149.0,4649.0
6,11304040,11645110,False,1,2,lot,15,+1600sqft,3149.0,4749.0
6,11304040,11645110,False,1,2,lot,16,+1700sqft,3149.0,4849.0
6,11304040,11645110,False,1,2,lot,17,+1800sqft,3149.0,4949.0
6,11304040,11645110,False,1,2,lot,18,+1900sqft,3149.0,5049.0
6,11304040,11645110,False,1,2,lot,19,+2000sqft,3149.0,5149.0
6,11304040,11645110,False,1,2,lot,20,+2100sqft,3149.0,5249.0
6,11304040,11645110,False,1,2,lot,21,+2200sqft,3149.0,5349.0
6,11304040,11645110,False,1,2,lot,22,+2300sqft,3149.0,5449.0
6,11304040,11645110,False,1,2,lot,23,+2400sqft,3149.0,5549.0
6,11304040,11645110,False,1,2,lot,24,+2500sqft,3149.0,5649.0
6,11304040,11645110,False,1,2,lot,25,+2600sqft,3149.0,5749.0
6,11304040,11645110,False,1,2,lot,26,+2700sqft,3149.0,5849.0
6,11304040,11645110,False,1,2,lot,27,+2800sqft,3149.0,5949.0
6,11304040,11645110,False,1,2,lot,28,+2900sqft,3149.0,6049.0
6,11304040,11645110,False,1,2,lot,29,+3000sqft,3149.0,6149.0
6,11304040,11645110,False,1,2,lot,30,+3100sqft,3149.0,6249.0
6,11304040,11645110,False,1,2,lot,31,+3200sqft,3149.0,6349.0
6,11304040,11645110,False,1,2,lot,32,+3300sqft,3149.0,6449.0
6,11304040,11645110,False,1,2,lot,33,+3400sqft,3149.0,6549.0
6,11304040,11645110,False,1,2,lot,34,+3500sqft,3149.0,6649.0
6,11304040,11645110,False,1,2,lot,35,+3600sqft,3149.0,6749.0
6,11304040,11645110,False,1,2,lot,36,+3700sqft,3149.0,6849.0
6,11304040,11645110,False,1,2,lot,37,+3800sqft,3149.0,6949.0
6,11304040,11645110,False,1,2,lot,38,+3900sqft,3149.0,7049.0
6,11304040,11645110,False,1,2,lot,39,+4000sqft,3149.0,7149.0
6,11304040,11645110,False,1,2,lot,40,+4100sqft,3149.0,7249.0
6,11304040,11645110,False,1,2,lot,41,+4200sqft,3149.0,7349.0
6,11304040,11645110,False,1,2,lot,42,+4300sqft,3149.0,7449.0
6,11304040,11645110,False,1,2,lot,43,+4400sqft,3149.0,7549.0
6,11304040,11645110,False,1,2,lot,44,+4500sqft,3149.0,7649.0
6,11304040,11645110,False,1,2,lot,45,+4600sqft,3149.0,7749.0
6,11304040,11645110,False,1,2,lot,46,+4700sqft,3149.0,7849.0
6,11304040,11645110,False,1,2,lot,47,+4800sqft,3149.0,7949.0
6,11304040,11645110,False,1,2,lot,48,+4900sqft,3149.0,8049.0
6,11304040,11645110,False,1,2,lot,49,+5000sqft,3149.0,8149.0
7,59158397,59162165,True,2,1,bedrooms,0,+1,4.0,5.0
7,59158397,59162165,True,2,1,bedrooms,1,+2,4.0,6.0
7,59158397,59162165,True,2,1,bedrooms,2,+3,4.0,7.0
7,59158397,59162165,True,2,1,bedrooms,3,+4,4.0,8.0
7,59158397,59162165,True,2,1,bedrooms,4,+5,4.0,9.0
7,59158397,59162165,True,2,1,bedrooms,5,+6,4.0,10.0
7,59158397,59162165,True,2,1,bathrooms,0,+1,3.0,4.0
7,59158397,59162165,True,2,1,bathrooms,1,+2,3.0,5.0
7,59158397,59162165,True,2,1,bathrooms,2,+3,3.0,6.0
7,59158397,59162165,True,2,1,bathrooms,3,+4,3.0,7.0
7,59158397,59162165,True,2,1,bathrooms,4,+5,3.0,8.0
7,59158397,59162165,True,2,1,bathrooms,5,+6,3.0,9.0
7,59158397,59162165,True,2,1,bathrooms,6,+7,3.0,10.0
7,59158397,59162165,True,2,1,yearBuilt,0,+2yr,1935.0,1937.0
7,59158397,59162165,True,2,1,yearBuilt,1,+4yr,1935.0,1939.0
7,59158397,59162165,True,2,1,yearBuilt,2,+6yr,1935.0,1941.0
7,59158397,59162165,True,2,1,yearBuilt,3,+8yr,1935.0,1943.0
7,59158397,59162165,True,2,1,yearBuilt,4,+10yr,1935.0,1945.0
7,59158397,59162165,True,2,1,yearBuilt,5,+12yr,1935.0,1947.0
7,59158397,59162165,True,2,1,yearBuilt,6,+14yr,1935.0,1949.0
7,59158397,59162165,True,2,1,yearBuilt,7,+16yr,1935.0,1951.0
7,59158397,59162165,True,2,1,yearBuilt,8,+18yr,1935.0,1953.0
7,59158397,59162165,True,2,1,yearBuilt,9,+20yr,1935.0,1955.0
7,59158397,59162165,True,2,1,yearBuilt,10,+22yr,1935.0,1957.0
7,59158397,59162165,True,2,1,yearBuilt,11,+24yr,1935.0,1959.0
7,59158397,59162165,True,2,1,yearBuilt,12,+26yr,1935.0,1961.0
7,59158397,59162165,True,2,1,yearBuilt,13,+28yr,1935.0,1963.0
7,59158397,59162165,True,2,1,yearBuilt,14,+30yr,1935.0,1965.0
7,59158397,59162165,True,2,1,yearBuilt,15,+32yr,1935.0,1967.0
7,59158397,59162165,True,2,1,yearBuilt,16,+34yr,1935.0,1969.0
7,59158397,59162165,True,2,1,yearBuilt,17,+36yr,1935.0,1971.0
7,59158397,59162165,True,2,1,yearBuilt,18,+38yr,1935.0,1973.0
7,59158397,59162165,True,2,1,yearBuilt,19,+40yr,1935.0,1975.0
7,59158397,59162165,True,2,1,yearBuilt,20,+42yr,1935.0,1977.0
7,59158397,59162165,True,2,1,yearBuilt,21,+44yr,1935.0,1979.0
7,59158397,59162165,True,2,1,yearBuilt,22,+46yr,1935.0,1981.0
7,59158397,59162165,True,2,1,yearBuilt,23,+48yr,1935.0,1983.0
7,59158397,59162165,True,2,1,yearBuilt,24,+50yr,1935.0,1985.0
7,59158397,59162165,True,2,1,yearBuilt,25,+52yr,1935.0,1987.0
7,59158397,59162165,True,2,1,yearBuilt,26,+54yr,1935.0,1989.0
7,59158397,59162165,True,2,1,yearBuilt,27,+56yr,1935.0,1991.0
7,59158397,59162165,True,2,1,yearBuilt,28,+58yr,1935.0,1993.0
7,59158397,59162165,True,2,1,yearBuilt,29,+60yr,1935.0,1995.0
7,59158397,59162165,True,2,1,yearBuilt,30,+62yr,1935.0,1997.0
7,59158397,59162165,True,2,1,yearBuilt,31,+64yr,1935.0,1999.0
7,59158397,59162165,True,2,1,yearBuilt,32,+66yr,1935.0,2001.0
7,59158397,59162165,True,2,1,yearBuilt,33,+68yr,1935.0,2003.0
7,59158397,59162165,True,2,1,yearBuilt,34,+70yr,1935.0,2005.0
7,59158397,59162165,True,2,1,yearBuilt,35,+72yr,1935.0,2007.0
7,59158397,59162165,True,2,1,yearBuilt,36,+74yr,1935.0,2009.0
7,59158397,59162165,True,2,1,yearBuilt,37,+76yr,1935.0,2011.0
7,59158397,59162165,True,2,1,yearBuilt,38,+78yr,1935.0,2013.0
7,59158397,59162165,True,2,1,yearBuilt,39,+80yr,1935.0,2015.0
7,59158397,59162165,True,2,1,yearBuilt,40,+82yr,1935.0,2017.0
7,59158397,59162165,True,2,1,yearBuilt,41,+84yr,1935.0,2019.0
7,59158397,59162165,True,2,1,yearBuilt,42,+86yr,1935.0,2021.0
7,59158397,59162165,True,2,1,yearBuilt,43,+88yr,1935.0,2023.0
7,59158397,59162165,True,2,1,yearBuilt,44,+90yr,1935.0,2025.0
7,59158397,59162165,True,2,1,lot,0,+100sqft,5227.0,5327.0
7,59158397,59162165,True,2,1,lot,1,+200sqft,5227.0,5427.0
7,59158397,59162165,True,2,1,lot,2,+300sqft,5227.0,5527.0
7,59158397,59162165,True,2,1,lot,3,+400sqft,5227.0,5627.0
7,59158397,59162165,True,2,1,lot,4,+500sqft,5227.0,5727.0
7,59158397,59162165,True,2,1,lot,5,+600sqft,5227.0,5827.0
7,59158397,59162165,True,2,1,lot,6,+700sqft,5227.0,5927.0
7,59158397,59162165,True,2,1,lot,7,+800sqft,5227.0,6027.0
7,59158397,59162165,True,2,1,lot,8,+900sqft,5227.0,6127.0
7,59158397,59162165,True,2,1,lot,9,+1000sqft,5227.0,6227.0
7,59158397,59162165,True,2,1,lot,10,+1100sqft,5227.0,6327.0
7,59158397,59162165,True,2,1,lot,11,+1200sqft,5227.0,6427.0
7,59158397,59162165,True,2,1,lot,12,+1300sqft,5227.0,6527.0
7,59158397,59162165,True,2,1,lot,13,+1400sqft,5227.0,6627.0
7,59158397,59162165,True,2,1,lot,14,+1500sqft,5227.0,6727.0
7,59158397,59162165,True,2,1,lot,15,+1600sqft,5227.0,6827.0
7,59158397,59162165,True,2,1,lot,16,+1700sqft,5227.0,6927.0
7,59158397,59162165,True,2,1,lot,17,+1800sqft,5227.0,7027.0
7,59158397,59162165,True,2,1,lot,18,+1900sqft,5227.0,7127.0
7,59158397,59162165,True,2,1,lot,19,+2000sqft,5227.0,7227.0
7,59158397,59162165,True,2,1,lot,20,+2100sqft,5227.0,7327.0
7,59158397,59162165,True,2,1,lot,21,+2200sqft,5227.0,7427.0
7,59158397,59162165,True,2,1,lot,22,+2300sqft,5227.0,7527.0
7,59158397,59162165,True,2,1,lot,23,+2400sqft,5227.0,7627.0
7,59158397,59162165,True,2,1,lot,24,+2500sqft,5227.0,7727.0
7,59158397,59162165,True,2,1,lot,25,+2600sqft,5227.0,7827.0
7,59158397,59162165,True,2,1,lot,26,+2700sqft,5227.0,7927.0
7,59158397,59162165,True,2,1,lot,27,+2800sqft,5227.0,8027.0
7,59158397,59162165,True,2,1,lot,28,+2900sqft,5227.0,8127.0
7,59158397,59162165,True,2,1,lot,29,+3000sqft,5227.0,8227.0
7,59158397,59162165,True,2,1,lot,30,+3100sqft,5227.0,8327.0
7,59158397,59162165,True,2,1,lot,31,+3200sqft,5227.0,8427.0
7,59158397,59162165,True,2,1,lot,32,+3300sqft,5227.0,8527.0
7,59158397,59162165,True,2,1,lot,33,+3400sqft,5227.0,8627.0
7,59158397,59162165,True,2,1,lot,34,+3500sqft,5227.0,8727.0
7,59158397,59162165,True,2,1,lot,35,+3600sqft,5227.0,8827.0
7,59158397,59162165,True,2,1,lot,36,+3700sqft,5227.0,8927.0
7,59158397,59162165,True,2,1,lot,37,+3800sqft,5227.0,9027.0
7,59158397,59162165,True,2,1,lot,38,+3900sqft,5227.0,9127.0
7,59158397,59162165,True,2,1,lot,39,+4000sqft,5227.0,9227.0
7,59158397,59162165,True,2,1,lot,40,+4100sqft,5227.0,9327.0
7,59158397,59162165,True,2,1,lot,41,+4200sqft,5227.0,9427.0
7,59158397,59162165,True,2,1,lot,42,+4300sqft,5227.0,9527.0
7,59158397,59162165,True,2,1,lot,43,+4400sqft,5227.0,9627.0
7,59158397,59162165,True,2,1,lot,44,+4500sqft,5227.0,9727.0
7,59158397,59162165,True,2,1,lot,45,+4600sqft,5227.0,9827.0
7,59158397,59162165,True,2,1,lot,46,+4700sqft,5227.0,9927.0
7,59158397,59162165,True,2,1,lot,47,+4800sqft,5227.0,10027.0
7,59158397,59162165,True,2,1,lot,48,+4900sqft,5227.0,10127.0
7,59158397,59162165,True,2,1,lot,49,+5000sqft,5227.0,10227.0
8,11304749,11305203,True,1,2,bedrooms,0,+1,2.0,3.0
8,11304749,11305203,True,1,2,bedrooms,1,+2,2.0,4.0
8,11304749,11305203,True,1,2,bedrooms,2,+3,2.0,5.0
8,11304749,11305203,True,1,2,bedrooms,3,+4,2.0,6.0
8,11304749,11305203,True,1,2,bedrooms,4,+5,2.0,7.0
8,11304749,11305203,True,1,2,bedrooms,5,+6,2.0,8.0
8,11304749,11305203,True,1,2,bedrooms,6,+7,2.0,9.0
8,11304749,11305203,True,1,2,bedrooms,7,+8,2.0,10.0
8,11304749,11305203,True,1,2,bathrooms,0,+1,1.0,2.0
8,11304749,11305203,True,1,2,bathrooms,1,+2,1.0,3.0
8,11304749,11305203,True,1,2,bathrooms,2,+3,1.0,4.0
8,11304749,11305203,True,1,2,bathrooms,3,+4,1.0,5.0
8,11304749,11305203,True,1,2,bathrooms,4,+5,1.0,6.0
8,11304749,11305203,True,1,2,bathrooms,5,+6,1.0,7.0
8,11304749,11305203,True,1,2,bathrooms,6,+7,1.0,8.0
8,11304749,11305203,True,1,2,bathrooms,7,+8,1.0,9.0
8,11304749,11305203,True,1,2,bathrooms,8,+9,1.0,10.0
8,11304749,11305203,True,1,2,yearBuilt,0,+2yr,1941.0,1943.0
8,11304749,11305203,True,1,2,yearBuilt,1,+4yr,1941.0,1945.0
8,11304749,11305203,True,1,2,yearBuilt,2,+6yr,1941.0,1947.0
8,11304749,11305203,True,1,2,yearBuilt,3,+8yr,1941.0,1949.0
8,11304749,11305203,True,1,2,yearBuilt,4,+10yr,1941.0,1951.0
8,11304749,11305203,True,1,2,yearBuilt,5,+12yr,1941.0,1953.0
8,11304749,11305203,True,1,2,yearBuilt,6,+14yr,1941.0,1955.0
8,11304749,11305203,True,1,2,yearBuilt,7,+16yr,1941.0,1957.0
8,11304749,11305203,True,1,2,yearBuilt,8,+18yr,1941.0,1959.0
8,11304749,11305203,True,1,2,yearBuilt,9,+20yr,1941.0,1961.0
8,11304749,11305203,True,1,2,yearBuilt,10,+22yr,1941.0,1963.0
8,11304749,11305203,True,1,2,yearBuilt,11,+24yr,1941.0,1965.0
8,11304749,11305203,True,1,2,yearBuilt,12,+26yr,1941.0,1967.0
8,11304749,11305203,True,1,2,yearBuilt,13,+28yr,1941.0,1969.0
8,11304749,11305203,True,1,2,yearBuilt,14,+30yr,1941.0,1971.0
8,11304749,11305203,True,1,2,yearBuilt,15,+32yr,1941.0,1973.0
8,11304749,11305203,True,1,2,yearBuilt,16,+34yr,1941.0,1975.0
8,11304749,11305203,True,1,2,yearBuilt,17,+36yr,1941.0,1977.0
8,11304749,11305203,True,1,2,yearBuilt,18,+38yr,1941.0,1979.0
8,11304749,11305203,True,1,2,yearBuilt,19,+40yr,1941.0,1981.0
8,11304749,11305203,True,1,2,yearBuilt,20,+42yr,1941.0,1983.0
8,11304749,11305203,True,1,2,yearBuilt,21,+44yr,1941.0,1985.0
8,11304749,11305203,True,1,2,yearBuilt,22,+46yr,1941.0,1987.0
8,11304749,11305203,True,1,2,yearBuilt,23,+48yr,1941.0,1989.0
8,11304749,11305203,True,1,2,yearBuilt,24,+50yr,1941.0,1991.0
8,11304749,11305203,True,1,2,yearBuilt,25,+52yr,1941.0,1993.0
8,11304749,11305203,True,1,2,yearBuilt,26,+54yr,1941.0,1995.0
8,11304749,11305203,True,1,2,yearBuilt,27,+56yr,1941.0,1997.0
8,11304749,11305203,True,1,2,yearBuilt,28,+58yr,1941.0,1999.0
8,11304749,11305203,True,1,2,yearBuilt,29,+60yr,1941.0,2001.0
8,11304749,11305203,True,1,2,yearBuilt,30,+62yr,1941.0,2003.0
8,11304749,11305203,True,1,2,yearBuilt,31,+64yr,1941.0,2005.0
8,11304749,11305203,True,1,2,yearBuilt,32,+66yr,1941.0,2007.0
8,11304749,11305203,True,1,2,yearBuilt,33,+68yr,1941.0,2009.0
8,11304749,11305203,True,1,2,yearBuilt,34,+70yr,1941.0,2011.0
8,11304749,11305203,True,1,2,yearBuilt,35,+72yr,1941.0,2013.0
8,11304749,11305203,True,1,2,yearBuilt,36,+74yr,1941.0,2015.0
8,11304749,11305203,True,1,2,yearBuilt,37,+76yr,1941.0,2017.0
8,11304749,11305203,True,1,2,yearBuilt,38,+78yr,1941.0,2019.0
8,11304749,11305203,True,1,2,yearBuilt,39,+80yr,1941.0,2021.0
8,11304749,11305203,True,1,2,yearBuilt,40,+82yr,1941.0,2023.0
8,11304749,11305203,True,1,2,yearBuilt,41,+84yr,1941.0,2025.0
8,11304749,11305203,True,1,2,lot,0,+100sqft,3145.0,3245.0
8,11304749,11305203,True,1,2,lot,1,+200sqft,3145.0,3345.0
8,11304749,11305203,True,1,2,lot,2,+300sqft,3145.0,3445.0
8,11304749,11305203,True,1,2,lot,3,+400sqft,3145.0,3545.0
8,11304749,11305203,True,1,2,lot,4,+500sqft,3145.0,3645.0
8,11304749,11305203,True,1,2,lot,5,+600sqft,3145.0,3745.0
8,11304749,11305203,True,1,2,lot,6,+700sqft,3145.0,3845.0
8,11304749,11305203,True,1,2,lot,7,+800sqft,3145.0,3945.0
8,11304749,11305203,True,1,2,lot,8,+900sqft,3145.0,4045.0
8,11304749,11305203,True,1,2,lot,9,+1000sqft,3145.0,4145.0
8,11304749,11305203,True,1,2,lot,10,+1100sqft,3145.0,4245.0
8,11304749,11305203,True,1,2,lot,11,+1200sqft,3145.0,4345.0
8,11304749,11305203,True,1,2,lot,12,+1300sqft,3145.0,4445.0
8,11304749,11305203,True,1,2,lot,13,+1400sqft,3145.0,4545.0
8,11304749,11305203,True,1,2,lot,14,+1500sqft,3145.0,4645.0
8,11304749,11305203,True,1,2,lot,15,+1600sqft,3145.0,4745.0
8,11304749,11305203,True,1,2,lot,16,+1700sqft,3145.0,4845.0
8,11304749,11305203,True,1,2,lot,17,+1800sqft,3145.0,4945.0
8,11304749,11305203,True,1,2,lot,18,+1900sqft,3145.0,5045.0
8,11304749,11305203,True,1,2,lot,19,+2000sqft,3145.0,5145.0
8,11304749,11305203,True,1,2,lot,20,+2100sqft,3145.0,5245.0
8,11304749,11305203,True,1,2,lot,21,+2200sqft,3145.0,5345.0
8,11304749,11305203,True,1,2,lot,22,+2300sqft,3145.0,5445.0
8,11304749,11305203,True,1,2,lot,23,+2400sqft,3145.0,5545.0
8,11304749,11305203,True,1,2,lot,24,+2500sqft,3145.0,5645.0
8,11304749,11305203,True,1,2,lot,25,+2600sqft,3145.0,5745.0
8,11304749,11305203,True,1,2,lot,26,+2700sqft,3145.0,5845.0
8,11304749,11305203,True,1,2,lot,27,+2800sqft,3145.0,5945.0
8,11304749,11305203,True,1,2,lot,28,+2900sqft,3145.0,6045.0
8,11304749,11305203,True,1,2,lot,29,+3000sqft,3145.0,6145.0
8,11304749,11305203,True,1,2,lot,30,+3100sqft,3145.0,6245.0
8,11304749,11305203,True,1,2,lot,31,+3200sqft,3145.0,6345.0
8,11304749,11305203,True,1,2,lot,32,+3300sqft,3145.0,6445.0
8,11304749,11305203,True,1,2,lot,33,+3400sqft,3145.0,6545.0
8,11304749,11305203,True,1,2,lot,34,+3500sqft,3145.0,6645.0
8,11304749,11305203,True,1,2,lot,35,+3600sqft,3145.0,6745.0
8,11304749,11305203,True,1,2,lot,36,+3700sqft,3145.0,6845.0
8,11304749,11305203,True,1,2,lot,37,+3800sqft,3145.0,6945.0
8,11304749,11305203,True,1,2,lot,38,+3900sqft,3145.0,7045.0
8,11304749,11305203,True,1,2,lot,39,+4000sqft,3145.0,7145.0
8,11304749,11305203,True,1,2,lot,40,+4100sqft,3145.0,7245.0
8,11304749,11305203,True,1,2,lot,41,+4200sqft,3145.0,7345.0
8,11304749,11305203,True,1,2,lot,42,+4300sqft,3145.0,7445.0
8,11304749,11305203,True,1,2,lot,43,+4400sqft,3145.0,7545.0
8,11304749,11305203,True,1,2,lot,44,+4500sqft,3145.0,7645.0
8,11304749,11305203,True,1,2,lot,45,+4600sqft,3145.0,7745.0
8,11304749,11305203,True,1,2,lot,46,+4700sqft,3145.0,7845.0
8,11304749,11305203,True,1,2,lot,47,+4800sqft,3145.0,7945.0
8,11304749,11305203,True,1,2,lot,48,+4900sqft,3145.0,8045.0
8,11304749,11305203,True,1,2,lot,49,+5000sqft,3145.0,8145.0
9,11445120,11570894,False,2,1,bedrooms,0,+1,3.0,4.0
9,11445120,11570894,False,2,1,bedrooms,1,+2,3.0,5.0
9,11445120,11570894,False,2,1,bedrooms,2,+3,3.0,6.0
9,11445120,11570894,False,2,1,bedrooms,3,+4,3.0,7.0
9,11445120,11570894,False,2,1,bedrooms,4,+5,3.0,8.0
9,11445120,11570894,False,2,1,bedrooms,5,+6,3.0,9.0
9,11445120,11570894,False,2,1,bedrooms,6,+7,3.0,10.0
9,11445120,11570894,False,2,1,bathrooms,0,+1,2.0,3.0
9,11445120,11570894,False,2,1,bathrooms,1,+2,2.0,4.0
9,11445120,11570894,False,2,1,bathrooms,2,+3,2.0,5.0
9,11445120,11570894,False,2,1,bathrooms,3,+4,2.0,6.0
9,11445120,11570894,False,2,1,bathrooms,4,+5,2.0,7.0
9,11445120,11570894,False,2,1,bathrooms,5,+6,2.0,8.0
9,11445120,11570894,False,2,1,bathrooms,6,+7,2.0,9.0
9,11445120,11570894,False,2,1,bathrooms,7,+8,2.0,10.0
9,11445120,11570894,False,2,1,yearBuilt,0,+2yr,1925.0,1927.0
9,11445120,11570894,False,2,1,yearBuilt,1,+4yr,1925.0,1929.0
9,11445120,11570894,False,2,1,yearBuilt,2,+6yr,1925.0,1931.0
9,11445120,11570894,False,2,1,yearBuilt,3,+8yr,1925.0,1933.0
9,11445120,11570894,False,2,1,yearBuilt,4,+10yr,1925.0,1935.0
9,11445120,11570894,False,2,1,yearBuilt,5,+12yr,1925.0,1937.0
9,11445120,11570894,False,2,1,yearBuilt,6,+14yr,1925.0,1939.0
9,11445120,11570894,False,2,1,yearBuilt,7,+16yr,1925.0,1941.0
9,11445120,11570894,False,2,1,yearBuilt,8,+18yr,1925.0,1943.0
9,11445120,11570894,False,2,1,yearBuilt,9,+20yr,1925.0,1945.0
9,11445120,11570894,False,2,1,yearBuilt,10,+22yr,1925.0,1947.0
9,11445120,11570894,False,2,1,yearBuilt,11,+24yr,1925.0,1949.0
9,11445120,11570894,False,2,1,yearBuilt,12,+26yr,1925.0,1951.0
9,11445120,11570894,False,2,1,yearBuilt,13,+28yr,1925.0,1953.0
9,11445120,11570894,False,2,1,yearBuilt,14,+30yr,1925.0,1955.0
9,11445120,11570894,False,2,1,yearBuilt,15,+32yr,1925.0,1957.0
9,11445120,11570894,False,2,1,yearBuilt,16,+34yr,1925.0,1959.0
9,11445120,11570894,False,2,1,yearBuilt,17,+36yr,1925.0,1961.0
9,11445120,11570894,False,2,1,yearBuilt,18,+38yr,1925.0,1963.0
9,11445120,11570894,False,2,1,yearBuilt,19,+40yr,1925.0,1965.0
9,11445120,11570894,False,2,1,yearBuilt,20,+42yr,1925.0,1967.0
9,11445120,11570894,False,2,1,yearBuilt,21,+44yr,1925.0,1969.0
9,11445120,11570894,False,2,1,yearBuilt,22,+46yr,1925.0,1971.0
9,11445120,11570894,False,2,1,yearBuilt,23,+48yr,1925.0,1973.0
9,11445120,11570894,False,2,1,yearBuilt,24,+50yr,1925.0,1975.0
9,11445120,11570894,False,2,1,yearBuilt,25,+52yr,1925.0,1977.0
9,11445120,11570894,False,2,1,yearBuilt,26,+54yr,1925.0,1979.0
9,11445120,11570894,False,2,1,yearBuilt,27,+56yr,1925.0,1981.0
9,11445120,11570894,False,2,1,yearBuilt,28,+58yr,1925.0,1983.0
9,11445120,11570894,False,2,1,yearBuilt,29,+60yr,1925.0,1985.0
9,11445120,11570894,False,2,1,yearBuilt,30,+62yr,1925.0,1987.0
9,11445120,11570894,False,2,1,yearBuilt,31,+64yr,1925.0,1989.0
9,11445120,11570894,False,2,1,yearBuilt,32,+66yr,1925.0,1991.0
9,11445120,11570894,False,2,1,yearBuilt,33,+68yr,1925.0,1993.0
9,11445120,11570894,False,2,1,yearBuilt,34,+70yr,1925.0,1995.0
9,11445120,11570894,False,2,1,yearBuilt,35,+72yr,1925.0,1997.0
9,11445120,11570894,False,2,1,yearBuilt,36,+74yr,1925.0,1999.0
9,11445120,11570894,False,2,1,yearBuilt,37,+76yr,1925.0,2001.0
9,11445120,11570894,False,2,1,yearBuilt,38,+78yr,1925.0,2003.0
9,11445120,11570894,False,2,1,yearBuilt,39,+80yr,1925.0,2005.0
9,11445120,11570894,False,2,1,yearBuilt,40,+82yr,1925.0,2007.0
9,11445120,11570894,False,2,1,yearBuilt,41,+84yr,1925.0,2009.0
9,11445120,11570894,False,2,1,yearBuilt,42,+86yr,1925.0,2011.0
9,11445120,11570894,False,2,1,yearBuilt,43,+88yr,1925.0,2013.0
9,11445120,11570894,False,2,1,yearBuilt,44,+90yr,1925.0,2015.0
9,11445120,11570894,False,2,1,yearBuilt,45,+92yr,1925.0,2017.0
9,11445120,11570894,False,2,1,yearBuilt,46,+94yr,1925.0,2019.0
9,11445120,11570894,False,2,1,lot,0,+100sqft,3001.0,3101.0
9,11445120,11570894,False,2,1,lot,1,+200sqft,3001.0,3201.0
9,11445120,11570894,False,2,1,lot,2,+300sqft,3001.0,3301.0
9,11445120,11570894,False,2,1,lot,3,+400sqft,3001.0,3401.0
9,11445120,11570894,False,2,1,lot,4,+500sqft,3001.0,3501.0
9,11445120,11570894,False,2,1,lot,5,+600sqft,3001.0,3601.0
9,11445120,11570894,False,2,1,lot,6,+700sqft,3001.0,3701.0
9,11445120,11570894,False,2,1,lot,7,+800sqft,3001.0,3801.0
9,11445120,11570894,False,2,1,lot,8,+900sqft,3001.0,3901.0
9,11445120,11570894,False,2,1,lot,9,+1000sqft,3001.0,4001.0
9,11445120,11570894,False,2,1,lot,10,+1100sqft,3001.0,4101.0
9,11445120,11570894,False,2,1,lot,11,+1200sqft,3001.0,4201.0
9,11445120,11570894,False,2,1,lot,12,+1300sqft,3001.0,4301.0
9,11445120,11570894,False,2,1,lot,13,+1400sqft,3001.0,4401.0
9,11445120,11570894,False,2,1,lot,14,+1500sqft,3001.0,4501.0
9,11445120,11570894,False,2,1,lot,15,+1600sqft,3001.0,4601.0
9,11445120,11570894,False,2,1,lot,16,+1700sqft,3001.0,4701.0
9,11445120,11570894,False,2,1,lot,17,+1800sqft,3001.0,4801.0
9,11445120,11570894,False,2,1,lot,18,+1900sqft,3001.0,4901.0
9,11445120,11570894,False,2,1,lot,19,+2000sqft,3001.0,5001.0
9,11445120,11570894,False,2,1,lot,20,+2100sqft,3001.0,5101.0
9,11445120,11570894,False,2,1,lot,21,+2200sqft,3001.0,5201.0
9,11445120,11570894,False,2,1,lot,22,+2300sqft,3001.0,5301.0
9,11445120,11570894,False,2,1,lot,23,+2400sqft,3001.0,5401.0
9,11445120,11570894,False,2,1,lot,24,+2500sqft,3001.0,5501.0
9,11445120,11570894,False,2,1,lot,25,+2600sqft,3001.0,5601.0
9,11445120,11570894,False,2,1,lot,26,+2700sqft,3001.0,5701.0
9,11445120,11570894,False,2,1,lot,27,+2800sqft,3001.0,5801.0
9,11445120,11570894,False,2,1,lot,28,+2900sqft,3001.0,5901.0
9,11445120,11570894,False,2,1,lot,29,+3000sqft,3001.0,6001.0
9,11445120,11570894,False,2,1,lot,30,+3100sqft,3001.0,6101.0
9,11445120,11570894,False,2,1,lot,31,+3200sqft,3001.0,6201.0
9,11445120,11570894,False,2,1,lot,32,+3300sqft,3001.0,6301.0
9,11445120,11570894,False,2,1,lot,33,+3400sqft,3001.0,6401.0
9,11445120,11570894,False,2,1,lot,34,+3500sqft,3001.0,6501.0
9,11445120,11570894,False,2,1,lot,35,+3600sqft,3001.0,6601.0
9,11445120,11570894,False,2,1,lot,36,+3700sqft,3001.0,6701.0
9,11445120,11570894,False,2,1,lot,37,+3800sqft,3001.0,6801.0
9,11445120,11570894,False,2,1,lot,38,+3900sqft,3001.0,6901.0
9,11445120,11570894,False,2,1,lot,39,+4000sqft,3001.0,7001.0
9,11445120,11570894,False,2,1,lot,40,+4100sqft,3001.0,7101.0
9,11445120,11570894,False,2,1,lot,41,+4200sqft,3001.0,7201.0
9,11445120,11570894,False,2,1,lot,42,+4300sqft,3001.0,7301.0
9,11445120,11570894,False,2,1,lot,43,+4400sqft,3001.0,7401.0
9,11445120,11570894,False,2,1,lot,44,+4500sqft,3001.0,7501.0
9,11445120,11570894,False,2,1,lot,45,+4600sqft,3001.0,7601.0
9,11445120,11570894,False,2,1,lot,46,+4700sqft,3001.0,7701.0
9,11445120,11570894,False,2,1,lot,47,+4800sqft,3001.0,7801.0
9,11445120,11570894,False,2,1,lot,48,+4900sqft,3001.0,7901.0
9,11445120,11570894,False,2,1,lot,49,+5000sqft,3001.0,8001.0
10,11522518,11559309,True,1,2,bedrooms,0,+1,4.0,5.0
10,11522518,11559309,True,1,2,bedrooms,1,+2,4.0,6.0
10,11522518,11559309,True,1,2,bedrooms,2,+3,4.0,7.0
10,11522518,11559309,True,1,2,bedrooms,3,+4,4.0,8.0
10,11522518,11559309,True,1,2,bedrooms,4,+5,4.0,9.0
10,11522518,11559309,True,1,2,bedrooms,5,+6,4.0,10.0
10,11522518,11559309,True,1,2,bathrooms,0,+1,3.0,4.0
10,11522518,11559309,True,1,2,bathrooms,1,+2,3.0,5.0
10,11522518,11559309,True,1,2,bathrooms,2,+3,3.0,6.0
10,11522518,11559309,True,1,2,bathrooms,3,+4,3.0,7.0
10,11522518,11559309,True,1,2,bathrooms,4,+5,3.0,8.0
10,11522518,11559309,True,1,2,bathrooms,5,+6,3.0,9.0
10,11522518,11559309,True,1,2,bathrooms,6,+7,3.0,10.0
10,11522518,11559309,True,1,2,yearBuilt,0,+2yr,1964.0,1966.0
10,11522518,11559309,True,1,2,yearBuilt,1,+4yr,1964.0,1968.0
10,11522518,11559309,True,1,2,yearBuilt,2,+6yr,1964.0,1970.0
10,11522518,11559309,True,1,2,yearBuilt,3,+8yr,1964.0,1972.0
10,11522518,11559309,True,1,2,yearBuilt,4,+10yr,1964.0,1974.0
10,11522518,11559309,True,1,2,yearBuilt,5,+12yr,1964.0,1976.0
10,11522518,11559309,True,1,2,yearBuilt,6,+14yr,1964.0,1978.0
10,11522518,11559309,True,1,2,yearBuilt,7,+16yr,1964.0,1980.0
10,11522518,11559309,True,1,2,yearBuilt,8,+18yr,1964.0,1982.0
10,11522518,11559309,True,1,2,yearBuilt,9,+20yr,1964.0,1984.0
10,11522518,11559309,True,1,2,yearBuilt,10,+22yr,1964.0,1986.0
10,11522518,11559309,True,1,2,yearBuilt,11,+24yr,1964.0,1988.0
10,11522518,11559309,True,1,2,yearBuilt,12,+26yr,1964.0,1990.0
10,11522518,11559309,True,1,2,yearBuilt,13,+28yr,1964.0,1992.0
10,11522518,11559309,True,1,2,yearBuilt,14,+30yr,1964.0,1994.0
10,11522518,11559309,True,1,2,yearBuilt,15,+32yr,1964.0,1996.0
10,11522518,11559309,True,1,2,yearBuilt,16,+34yr,1964.0,1998.0
10,11522518,11559309,True,1,2,yearBuilt,17,+36yr,1964.0,2000.0
10,11522518,11559309,True,1,2,yearBuilt,18,+38yr,1964.0,2002.0
10,11522518,11559309,True,1,2,yearBuilt,19,+40yr,1964.0,2004.0
10,11522518,11559309,True,1,2,yearBuilt,20,+42yr,1964.0,2006.0
10,11522518,11559309,True,1,2,yearBuilt,21,+44yr,1964.0,2008.0
10,11522518,11559309,True,1,2,yearBuilt,22,+46yr,1964.0,2010.0
10,11522518,11559309,True,1,2,yearBuilt,23,+48yr,1964.0,2012.0
10,11522518,11559309,True,1,2,yearBuilt,24,+50yr,1964.0,2014.0
10,11522518,11559309,True,1,2,yearBuilt,25,+52yr,1964.0,2016.0
10,11522518,11559309,True,1,2,yearBuilt,26,+54yr,1964.0,2018.0
10,11522518,11559309,True,1,2,yearBuilt,27,+56yr,1964.0,2020.0
10,11522518,11559309,True,1,2,yearBuilt,28,+58yr,1964.0,2022.0
10,11522518,11559309,True,1,2,yearBuilt,29,+60yr,1964.0,2024.0
10,11522518,11559309,True,1,2,lot,0,+100sqft,6150.0,6250.0
10,11522518,11559309,True,1,2,lot,1,+200sqft,6150.0,6350.0
10,11522518,11559309,True,1,2,lot,2,+300sqft,6150.0,6450.0
10,11522518,11559309,True,1,2,lot,3,+400sqft,6150.0,6550.0
10,11522518,11559309,True,1,2,lot,4,+500sqft,6150.0,6650.0
10,11522518,11559309,True,1,2,lot,5,+600sqft,6150.0,6750.0
10,11522518,11559309,True,1,2,lot,6,+700sqft,6150.0,6850.0
10,11522518,11559309,True,1,2,lot,7,+800sqft,6150.0,6950.0
10,11522518,11559309,True,1,2,lot,8,+900sqft,6150.0,7050.0
10,11522518,11559309,True,1,2,lot,9,+1000sqft,6150.0,7150.0
10,11522518,11559309,True,1,2,lot,10,+1100sqft,6150.0,7250.0
10,11522518,11559309,True,1,2,lot,11,+1200sqft,6150.0,7350.0
10,11522518,11559309,True,1,2,lot,12,+1300sqft,6150.0,7450.0
10,11522518,11559309,True,1,2,lot,13,+1400sqft,6150.0,7550.0
10,11522518,11559309,True,1,2,lot,14,+1500sqft,6150.0,7650.0
10,11522518,11559309,True,1,2,lot,15,+1600sqft,6150.0,7750.0
10,11522518,11559309,True,1,2,lot,16,+1700sqft,6150.0,7850.0
10,11522518,11559309,True,1,2,lot,17,+1800sqft,6150.0,7950.0
10,11522518,11559309,True,1,2,lot,18,+1900sqft,6150.0,8050.0
10,11522518,11559309,True,1,2,lot,19,+2000sqft,6150.0,8150.0
10,11522518,11559309,True,1,2,lot,20,+2100sqft,6150.0,8250.0
10,11522518,11559309,True,1,2,lot,21,+2200sqft,6150.0,8350.0
10,11522518,11559309,True,1,2,lot,22,+2300sqft,6150.0,8450.0
10,11522518,11559309,True,1,2,lot,23,+2400sqft,6150.0,8550.0
10,11522518,11559309,True,1,2,lot,24,+2500sqft,6150.0,8650.0
10,11522518,11559309,True,1,2,lot,25,+2600sqft,6150.0,8750.0
10,11522518,11559309,True,1,2,lot,26,+2700sqft,6150.0,8850.0
10,11522518,11559309,True,1,2,lot,27,+2800sqft,6150.0,8950.0
10,11522518,11559309,True,1,2,lot,28,+2900sqft,6150.0,9050.0
10,11522518,11559309,True,1,2,lot,29,+3000sqft,6150.0,9150.0
10,11522518,11559309,True,1,2,lot,30,+3100sqft,6150.0,9250.0
10,11522518,11559309,True,1,2,lot,31,+3200sqft,6150.0,9350.0
10,11522518,11559309,True,1,2,lot,32,+3300sqft,6150.0,9450.0
10,11522518,11559309,True,1,2,lot,33,+3400sqft,6150.0,9550.0
10,11522518,11559309,True,1,2,lot,34,+3500sqft,6150.0,9650.0
10,11522518,11559309,True,1,2,lot,35,+3600sqft,6150.0,9750.0
10,11522518,11559309,True,1,2,lot,36,+3700sqft,6150.0,9850.0
10,11522518,11559309,True,1,2,lot,37,+3800sqft,6150.0,9950.0
10,11522518,11559309,True,1,2,lot,38,+3900sqft,6150.0,10050.0
10,11522518,11559309,True,1,2,lot,39,+4000sqft,6150.0,10150.0
10,11522518,11559309,True,1,2,lot,40,+4100sqft,6150.0,10250.0
10,11522518,11559309,True,1,2,lot,41,+4200sqft,6150.0,10350.0
10,11522518,11559309,True,1,2,lot,42,+4300sqft,6150.0,10450.0
10,11522518,11559309,True,1,2,lot,43,+4400sqft,6150.0,10550.0
10,11522518,11559309,True,1,2,lot,44,+4500sqft,6150.0,10650.0
10,11522518,11559309,True,1,2,lot,45,+4600sqft,6150.0,10750.0
10,11522518,11559309,True,1,2,lot,46,+4700sqft,6150.0,10850.0
10,11522518,11559309,True,1,2,lot,47,+4800sqft,6150.0,10950.0
10,11522518,11559309,True,1,2,lot,48,+4900sqft,6150.0,11050.0
10,11522518,11559309,True,1,2,lot,49,+5000sqft,6150.0,11150.0
11,11290286,11343224,True,2,1,bedrooms,0,+1,4.0,5.0
11,11290286,11343224,True,2,1,bedrooms,1,+2,4.0,6.0
11,11290286,11343224,True,2,1,bedrooms,2,+3,4.0,7.0
11,11290286,11343224,True,2,1,bedrooms,3,+4,4.0,8.0
11,11290286,11343224,True,2,1,bedrooms,4,+5,4.0,9.0
11,11290286,11343224,True,2,1,bedrooms,5,+6,4.0,10.0
11,11290286,11343224,True,2,1,bathrooms,0,+1,3.0,4.0
11,11290286,11343224,True,2,1,bathrooms,1,+2,3.0,5.0
11,11290286,11343224,True,2,1,bathrooms,2,+3,3.0,6.0
11,11290286,11343224,True,2,1,bathrooms,3,+4,3.0,7.0
11,11290286,11343224,True,2,1,bathrooms,4,+5,3.0,8.0
11,11290286,11343224,True,2,1,bathrooms,5,+6,3.0,9.0
11,11290286,11343224,True,2,1,bathrooms,6,+7,3.0,10.0
11,11290286,11343224,True,2,1,yearBuilt,0,+2yr,1967.0,1969.0
11,11290286,11343224,True,2,1,yearBuilt,1,+4yr,1967.0,1971.0
11,11290286,11343224,True,2,1,yearBuilt,2,+6yr,1967.0,1973.0
11,11290286,11343224,True,2,1,yearBuilt,3,+8yr,1967.0,1975.0
11,11290286,11343224,True,2,1,yearBuilt,4,+10yr,1967.0,1977.0
11,11290286,11343224,True,2,1,yearBuilt,5,+12yr,1967.0,1979.0
11,11290286,11343224,True,2,1,yearBuilt,6,+14yr,1967.0,1981.0
11,11290286,11343224,True,2,1,yearBuilt,7,+16yr,1967.0,1983.0
11,11290286,11343224,True,2,1,yearBuilt,8,+18yr,1967.0,1985.0
11,11290286,11343224,True,2,1,yearBuilt,9,+20yr,1967.0,1987.0
11,11290286,11343224,True,2,1,yearBuilt,10,+22yr,1967.0,1989.0
11,11290286,11343224,True,2,1,yearBuilt,11,+24yr,1967.0,1991.0
11,11290286,11343224,True,2,1,yearBuilt,12,+26yr,1967.0,1993.0
11,11290286,11343224,True,2,1,yearBuilt,13,+28yr,1967.0,1995.0
11,11290286,11343224,True,2,1,yearBuilt,14,+30yr,1967.0,1997.0
11,11290286,11343224,True,2,1,yearBuilt,15,+32yr,1967.0,1999.0
11,11290286,11343224,True,2,1,yearBuilt,16,+34yr,1967.0,2001.0
11,11290286,11343224,True,2,1,yearBuilt,17,+36yr,1967.0,2003.0
11,11290286,11343224,True,2,1,yearBuilt,18,+38yr,1967.0,2005.0
11,11290286,11343224,True,2,1,yearBuilt,19,+40yr,1967.0,2007.0
11,11290286,11343224,True,2,1,yearBuilt,20,+42yr,1967.0,2009.0
11,11290286,11343224,True,2,1,yearBuilt,21,+44yr,1967.0,2011.0
11,11290286,11343224,True,2,1,yearBuilt,22,+46yr,1967.0,2013.0
11,11290286,11343224,True,2,1,yearBuilt,23,+48yr,1967.0,2015.0
11,11290286,11343224,True,2,1,yearBuilt,24,+50yr,1967.0,2017.0
11,11290286,11343224,True,2,1,yearBuilt,25,+52yr,1967.0,2019.0
11,11290286,11343224,True,2,1,yearBuilt,26,+54yr,1967.0,2021.0
11,11290286,11343224,True,2,1,yearBuilt,27,+56yr,1967.0,2023.0
11,11290286,11343224,True,2,1,yearBuilt,28,+58yr,1967.0,2025.0
11,11290286,11343224,True,2,1,lot,0,+100sqft,1306.0,1406.0
11,11290286,11343224,True,2,1,lot,1,+200sqft,1306.0,1506.0
11,11290286,11343224,True,2,1,lot,2,+300sqft,1306.0,1606.0
11,11290286,11343224,True,2,1,lot,3,+400sqft,1306.0,1706.0
11,11290286,11343224,True,2,1,lot,4,+500sqft,1306.0,1806.0
11,11290286,11343224,True,2,1,lot,5,+600sqft,1306.0,1906.0
11,11290286,11343224,True,2,1,lot,6,+700sqft,1306.0,2006.0
11,11290286,11343224,True,2,1,lot,7,+800sqft,1306.0,2106.0
11,11290286,11343224,True,2,1,lot,8,+900sqft,1306.0,2206.0
11,11290286,11343224,True,2,1,lot,9,+1000sqft,1306.0,2306.0
11,11290286,11343224,True,2,1,lot,10,+1100sqft,1306.0,2406.0
11,11290286,11343224,True,2,1,lot,11,+1200sqft,1306.0,2506.0
11,11290286,11343224,True,2,1,lot,12,+1300sqft,1306.0,2606.0
11,11290286,11343224,True,2,1,lot,13,+1400sqft,1306.0,2706.0
11,11290286,11343224,True,2,1,lot,14,+1500sqft,1306.0,2806.0
11,11290286,11343224,True,2,1,lot,15,+1600sqft,1306.0,2906.0
11,11290286,11343224,True,2,1,lot,16,+1700sqft,1306.0,3006.0
11,11290286,11343224,True,2,1,lot,17,+1800sqft,1306.0,3106.0
11,11290286,11343224,True,2,1,lot,18,+1900sqft,1306.0,3206.0
11,11290286,11343224,True,2,1,lot,19,+2000sqft,1306.0,3306.0
11,11290286,11343224,True,2,1,lot,20,+2100sqft,1306.0,3406.0
11,11290286,11343224,True,2,1,lot,21,+2200sqft,1306.0,3506.0
11,11290286,11343224,True,2,1,lot,22,+2300sqft,1306.0,3606.0
11,11290286,11343224,True,2,1,lot,23,+2400sqft,1306.0,3706.0
11,11290286,11343224,True,2,1,lot,24,+2500sqft,1306.0,3806.0
11,11290286,11343224,True,2,1,lot,25,+2600sqft,1306.0,3906.0
11,11290286,11343224,True,2,1,lot,26,+2700sqft,1306.0,4006.0
11,11290286,11343224,True,2,1,lot,27,+2800sqft,1306.0,4106.0
11,11290286,11343224,True,2,1,lot,28,+2900sqft,1306.0,4206.0
11,11290286,11343224,True,2,1,lot,29,+3000sqft,1306.0,4306.0
11,11290286,11343224,True,2,1,lot,30,+3100sqft,1306.0,4406.0
11,11290286,11343224,True,2,1,lot,31,+3200sqft,1306.0,4506.0
11,11290286,11343224,True,2,1,lot,32,+3300sqft,1306.0,4606.0
11,11290286,11343224,True,2,1,lot,33,+3400sqft,1306.0,4706.0
11,11290286,11343224,True,2,1,lot,34,+3500sqft,1306.0,4806.0
11,11290286,11343224,True,2,1,lot,35,+3600sqft,1306.0,4906.0
11,11290286,11343224,True,2,1,lot,36,+3700sqft,1306.0,5006.0
11,11290286,11343224,True,2,1,lot,37,+3800sqft,1306.0,5106.0
11,11290286,11343224,True,2,1,lot,38,+3900sqft,1306.0,5206.0
11,11290286,11343224,True,2,1,lot,39,+4000sqft,1306.0,5306.0
11,11290286,11343224,True,2,1,lot,40,+4100sqft,1306.0,5406.0
11,11290286,11343224,True,2,1,lot,41,+4200sqft,1306.0,5506.0
11,11290286,11343224,True,2,1,lot,42,+4300sqft,1306.0,5606.0
11,11290286,11343224,True,2,1,lot,43,+4400sqft,1306.0,5706.0
11,11290286,11343224,True,2,1,lot,44,+4500sqft,1306.0,5806.0
11,11290286,11343224,True,2,1,lot,45,+4600sqft,1306.0,5906.0
11,11290286,11343224,True,2,1,lot,46,+4700sqft,1306.0,6006.0
11,11290286,11343224,True,2,1,lot,47,+4800sqft,1306.0,6106.0
11,11290286,11343224,True,2,1,lot,48,+4900sqft,1306.0,6206.0
11,11290286,11343224,True,2,1,lot,49,+5000sqft,1306.0,6306.0
12,11472728,11580863,True,1,2,bedrooms,0,+1,3.0,4.0
12,11472728,11580863,True,1,2,bedrooms,1,+2,3.0,5.0
12,11472728,11580863,True,1,2,bedrooms,2,+3,3.0,6.0
12,11472728,11580863,True,1,2,bedrooms,3,+4,3.0,7.0
12,11472728,11580863,True,1,2,bedrooms,4,+5,3.0,8.0
12,11472728,11580863,True,1,2,bedrooms,5,+6,3.0,9.0
12,11472728,11580863,True,1,2,bedrooms,6,+7,3.0,10.0
12,11472728,11580863,True,1,2,bathrooms,0,+1,2.0,3.0
12,11472728,11580863,True,1,2,bathrooms,1,+2,2.0,4.0
12,11472728,11580863,True,1,2,bathrooms,2,+3,2.0,5.0
12,11472728,11580863,True,1,2,bathrooms,3,+4,2.0,6.0
12,11472728,11580863,True,1,2,bathrooms,4,+5,2.0,7.0
12,11472728,11580863,True,1,2,bathrooms,5,+6,2.0,8.0
12,11472728,11580863,True,1,2,bathrooms,6,+7,2.0,9.0
12,11472728,11580863,True,1,2,bathrooms,7,+8,2.0,10.0
12,11472728,11580863,True,1,2,yearBuilt,0,+2yr,1955.0,1957.0
12,11472728,11580863,True,1,2,yearBuilt,1,+4yr,1955.0,1959.0
12,11472728,11580863,True,1,2,yearBuilt,2,+6yr,1955.0,1961.0
12,11472728,11580863,True,1,2,yearBuilt,3,+8yr,1955.0,1963.0
12,11472728,11580863,True,1,2,yearBuilt,4,+10yr,1955.0,1965.0
12,11472728,11580863,True,1,2,yearBuilt,5,+12yr,1955.0,1967.0
12,11472728,11580863,True,1,2,yearBuilt,6,+14yr,1955.0,1969.0
12,11472728,11580863,True,1,2,yearBuilt,7,+16yr,1955.0,1971.0
12,11472728,11580863,True,1,2,yearBuilt,8,+18yr,1955.0,1973.0
12,11472728,11580863,True,1,2,yearBuilt,9,+20yr,1955.0,1975.0
12,11472728,11580863,True,1,2,yearBuilt,10,+22yr,1955.0,1977.0
12,11472728,11580863,True,1,2,yearBuilt,11,+24yr,1955.0,1979.0
12,11472728,11580863,True,1,2,yearBuilt,12,+26yr,1955.0,1981.0
12,11472728,11580863,True,1,2,yearBuilt,13,+28yr,1955.0,1983.0
12,11472728,11580863,True,1,2,yearBuilt,14,+30yr,1955.0,1985.0
12,11472728,11580863,True,1,2,yearBuilt,15,+32yr,1955.0,1987.0
12,11472728,11580863,True,1,2,yearBuilt,16,+34yr,1955.0,1989.0
12,11472728,11580863,True,1,2,yearBuilt,17,+36yr,1955.0,1991.0
12,11472728,11580863,True,1,2,yearBuilt,18,+38yr,1955.0,1993.0
12,11472728,11580863,True,1,2,yearBuilt,19,+40yr,1955.0,1995.0
12,11472728,11580863,True,1,2,yearBuilt,20,+42yr,1955.0,1997.0
12,11472728,11580863,True,1,2,yearBuilt,21,+44yr,1955.0,1999.0
12,11472728,11580863,True,1,2,yearBuilt,22,+46yr,1955.0,2001.0
12,11472728,11580863,True,1,2,yearBuilt,23,+48yr,1955.0,2003.0
12,11472728,11580863,True,1,2,yearBuilt,24,+50yr,1955.0,2005.0
12,11472728,11580863,True,1,2,yearBuilt,25,+52yr,1955.0,2007.0
12,11472728,11580863,True,1,2,yearBuilt,26,+54yr,1955.0,2009.0
12,11472728,11580863,True,1,2,yearBuilt,27,+56yr,1955.0,2011.0
12,11472728,11580863,True,1,2,yearBuilt,28,+58yr,1955.0,2013.0
12,11472728,11580863,True,1,2,yearBuilt,29,+60yr,1955.0,2015.0
12,11472728,11580863,True,1,2,yearBuilt,30,+62yr,1955.0,2017.0
12,11472728,11580863,True,1,2,yearBuilt,31,+64yr,1955.0,2019.0
12,11472728,11580863,True,1,2,yearBuilt,32,+66yr,1955.0,2021.0
12,11472728,11580863,True,1,2,yearBuilt,33,+68yr,1955.0,2023.0
12,11472728,11580863,True,1,2,yearBuilt,34,+70yr,1955.0,2025.0
12,11472728,11580863,True,1,2,lot,0,+100sqft,0.25,0.2523
12,11472728,11580863,True,1,2,lot,1,+200sqft,0.25,0.2546
12,11472728,11580863,True,1,2,lot,2,+300sqft,0.25,0.2569
12,11472728,11580863,True,1,2,lot,3,+400sqft,0.25,0.2592
12,11472728,11580863,True,1,2,lot,4,+500sqft,0.25,0.2615
12,11472728,11580863,True,1,2,lot,5,+600sqft,0.25,0.2638
12,11472728,11580863,True,1,2,lot,6,+700sqft,0.25,0.2661
12,11472728,11580863,True,1,2,lot,7,+800sqft,0.25,0.2684
12,11472728,11580863,True,1,2,lot,8,+900sqft,0.25,0.2707
12,11472728,11580863,True,1,2,lot,9,+1000sqft,0.25,0.273
12,11472728,11580863,True,1,2,lot,10,+1100sqft,0.25,0.2753
12,11472728,11580863,True,1,2,lot,11,+1200sqft,0.25,0.2775
12,11472728,11580863,True,1,2,lot,12,+1300sqft,0.25,0.2798
12,11472728,11580863,True,1,2,lot,13,+1400sqft,0.25,0.2821
12,11472728,11580863,True,1,2,lot,14,+1500sqft,0.25,0.2844
12,11472728,11580863,True,1,2,lot,15,+1600sqft,0.25,0.2867
12,11472728,11580863,True,1,2,lot,16,+1700sqft,0.25,0.289
12,11472728,11580863,True,1,2,lot,17,+1800sqft,0.25,0.2913
12,11472728,11580863,True,1,2,lot,18,+1900sqft,0.25,0.2936
12,11472728,11580863,True,1,2,lot,19,+2000sqft,0.25,0.2959
12,11472728,11580863,True,1,2,lot,20,+2100sqft,0.25,0.2982
12,11472728,11580863,True,1,2,lot,21,+2200sqft,0.25,0.3005
12,11472728,11580863,True,1,2,lot,22,+2300sqft,0.25,0.3028
12,11472728,11580863,True,1,2,lot,23,+2400sqft,0.25,0.3051
12,11472728,11580863,True,1,2,lot,24,+2500sqft,0.25,0.3074
12,11472728,11580863,True,1,2,lot,25,+2600sqft,0.25,0.3097
12,11472728,11580863,True,1,2,lot,26,+2700sqft,0.25,0.312
12,11472728,11580863,True,1,2,lot,27,+2800sqft,0.25,0.3143
12,11472728,11580863,True,1,2,lot,28,+2900sqft,0.25,0.3166
12,11472728,11580863,True,1,2,lot,29,+3000sqft,0.25,0.3189
12,11472728,11580863,True,1,2,lot,30,+3100sqft,0.25,0.3212
12,11472728,11580863,True,1,2,lot,31,+3200sqft,0.25,0.3235
12,11472728,11580863,True,1,2,lot,32,+3300sqft,0.25,0.3258
12,11472728,11580863,True,1,2,lot,33,+3400sqft,0.25,0.3281
12,11472728,11580863,True,1,2,lot,34,+3500sqft,0.25,0.3303
12,11472728,11580863,True,1,2,lot,35,+3600sqft,0.25,0.3326
12,11472728,11580863,True,1,2,lot,36,+3700sqft,0.25,0.3349
12,11472728,11580863,True,1,2,lot,37,+3800sqft,0.25,0.3372
12,11472728,11580863,True,1,2,lot,38,+3900sqft,0.25,0.3395
12,11472728,11580863,True,1,2,lot,39,+4000sqft,0.25,0.3418
12,11472728,11580863,True,1,2,lot,40,+4100sqft,0.25,0.3441
12,11472728,11580863,True,1,2,lot,41,+4200sqft,0.25,0.3464
12,11472728,11580863,True,1,2,lot,42,+4300sqft,0.25,0.3487
12,11472728,11580863,True,1,2,lot,43,+4400sqft,0.25,0.351
12,11472728,11580863,True,1,2,lot,44,+4500sqft,0.25,0.3533
12,11472728,11580863,True,1,2,lot,45,+4600sqft,0.25,0.3556
12,11472728,11580863,True,1,2,lot,46,+4700sqft,0.25,0.3579
12,11472728,11580863,True,1,2,lot,47,+4800sqft,0.25,0.3602
12,11472728,11580863,True,1,2,lot,48,+4900sqft,0.25,0.3625
12,11472728,11580863,True,1,2,lot,49,+5000sqft,0.25,0.3648
13,11515713,11585668,True,1,2,bedrooms,0,+1,3.0,4.0
13,11515713,11585668,True,1,2,bedrooms,1,+2,3.0,5.0
13,11515713,11585668,True,1,2,bedrooms,2,+3,3.0,6.0
13,11515713,11585668,True,1,2,bedrooms,3,+4,3.0,7.0
13,11515713,11585668,True,1,2,bedrooms,4,+5,3.0,8.0
13,11515713,11585668,True,1,2,bedrooms,5,+6,3.0,9.0
13,11515713,11585668,True,1,2,bedrooms,6,+7,3.0,10.0
13,11515713,11585668,True,1,2,bathrooms,0,+1,2.0,3.0
13,11515713,11585668,True,1,2,bathrooms,1,+2,2.0,4.0
13,11515713,11585668,True,1,2,bathrooms,2,+3,2.0,5.0
13,11515713,11585668,True,1,2,bathrooms,3,+4,2.0,6.0
13,11515713,11585668,True,1,2,bathrooms,4,+5,2.0,7.0
13,11515713,11585668,True,1,2,bathrooms,5,+6,2.0,8.0
13,11515713,11585668,True,1,2,bathrooms,6,+7,2.0,9.0
13,11515713,11585668,True,1,2,bathrooms,7,+8,2.0,10.0
13,11515713,11585668,True,1,2,yearBuilt,0,+2yr,1900.0,1902.0
13,11515713,11585668,True,1,2,yearBuilt,1,+4yr,1900.0,1904.0
13,11515713,11585668,True,1,2,yearBuilt,2,+6yr,1900.0,1906.0
13,11515713,11585668,True,1,2,yearBuilt,3,+8yr,1900.0,1908.0
13,11515713,11585668,True,1,2,yearBuilt,4,+10yr,1900.0,1910.0
13,11515713,11585668,True,1,2,yearBuilt,5,+12yr,1900.0,1912.0
13,11515713,11585668,True,1,2,yearBuilt,6,+14yr,1900.0,1914.0
13,11515713,11585668,True,1,2,yearBuilt,7,+16yr,1900.0,1916.0
13,11515713,11585668,True,1,2,yearBuilt,8,+18yr,1900.0,1918.0
13,11515713,11585668,True,1,2,yearBuilt,9,+20yr,1900.0,1920.0
13,11515713,11585668,True,1,2,yearBuilt,10,+22yr,1900.0,1922.0
13,11515713,11585668,True,1,2,yearBuilt,11,+24yr,1900.0,1924.0
13,11515713,11585668,True,1,2,yearBuilt,12,+26yr,1900.0,1926.0
13,11515713,11585668,True,1,2,yearBuilt,13,+28yr,1900.0,1928.0
13,11515713,11585668,True,1,2,yearBuilt,14,+30yr,1900.0,1930.0
13,11515713,11585668,True,1,2,yearBuilt,15,+32yr,1900.0,1932.0
13,11515713,11585668,True,1,2,yearBuilt,16,+34yr,1900.0,1934.0
13,11515713,11585668,True,1,2,yearBuilt,17,+36yr,1900.0,1936.0
13,11515713,11585668,True,1,2,yearBuilt,18,+38yr,1900.0,1938.0
13,11515713,11585668,True,1,2,yearBuilt,19,+40yr,1900.0,1940.0
13,11515713,11585668,True,1,2,yearBuilt,20,+42yr,1900.0,1942.0
13,11515713,11585668,True,1,2,yearBuilt,21,+44yr,1900.0,1944.0
13,11515713,11585668,True,1,2,yearBuilt,22,+46yr,1900.0,1946.0
13,11515713,11585668,True,1,2,yearBuilt,23,+48yr,1900.0,1948.0
13,11515713,11585668,True,1,2,yearBuilt,24,+50yr,1900.0,1950.0
13,11515713,11585668,True,1,2,yearBuilt,25,+52yr,1900.0,1952.0
13,11515713,11585668,True,1,2,yearBuilt,26,+54yr,1900.0,1954.0
13,11515713,11585668,True,1,2,yearBuilt,27,+56yr,1900.0,1956.0
13,11515713,11585668,True,1,2,yearBuilt,28,+58yr,1900.0,1958.0
13,11515713,11585668,True,1,2,yearBuilt,29,+60yr,1900.0,1960.0
13,11515713,11585668,True,1,2,yearBuilt,30,+62yr,1900.0,1962.0
13,11515713,11585668,True,1,2,yearBuilt,31,+64yr,1900.0,1964.0
13,11515713,11585668,True,1,2,yearBuilt,32,+66yr,1900.0,1966.0
13,11515713,11585668,True,1,2,yearBuilt,33,+68yr,1900.0,1968.0
13,11515713,11585668,True,1,2,yearBuilt,34,+70yr,1900.0,1970.0
13,11515713,11585668,True,1,2,yearBuilt,35,+72yr,1900.0,1972.0
13,11515713,11585668,True,1,2,yearBuilt,36,+74yr,1900.0,1974.0
13,11515713,11585668,True,1,2,yearBuilt,37,+76yr,1900.0,1976.0
13,11515713,11585668,True,1,2,yearBuilt,38,+78yr,1900.0,1978.0
13,11515713,11585668,True,1,2,yearBuilt,39,+80yr,1900.0,1980.0
13,11515713,11585668,True,1,2,yearBuilt,40,+82yr,1900.0,1982.0
13,11515713,11585668,True,1,2,yearBuilt,41,+84yr,1900.0,1984.0
13,11515713,11585668,True,1,2,yearBuilt,42,+86yr,1900.0,1986.0
13,11515713,11585668,True,1,2,yearBuilt,43,+88yr,1900.0,1988.0
13,11515713,11585668,True,1,2,yearBuilt,44,+90yr,1900.0,1990.0
13,11515713,11585668,True,1,2,yearBuilt,45,+92yr,1900.0,1992.0
13,11515713,11585668,True,1,2,yearBuilt,46,+94yr,1900.0,1994.0
13,11515713,11585668,True,1,2,lot,0,+100sqft,2400.0,2500.0
13,11515713,11585668,True,1,2,lot,1,+200sqft,2400.0,2600.0
13,11515713,11585668,True,1,2,lot,2,+300sqft,2400.0,2700.0
13,11515713,11585668,True,1,2,lot,3,+400sqft,2400.0,2800.0
13,11515713,11585668,True,1,2,lot,4,+500sqft,2400.0,2900.0
13,11515713,11585668,True,1,2,lot,5,+600sqft,2400.0,3000.0
13,11515713,11585668,True,1,2,lot,6,+700sqft,2400.0,3100.0
13,11515713,11585668,True,1,2,lot,7,+800sqft,2400.0,3200.0
13,11515713,11585668,True,1,2,lot,8,+900sqft,2400.0,3300.0
13,11515713,11585668,True,1,2,lot,9,+1000sqft,2400.0,3400.0
13,11515713,11585668,True,1,2,lot,10,+1100sqft,2400.0,3500.0
13,11515713,11585668,True,1,2,lot,11,+1200sqft,2400.0,3600.0
13,11515713,11585668,True,1,2,lot,12,+1300sqft,2400.0,3700.0
13,11515713,11585668,True,1,2,lot,13,+1400sqft,2400.0,3800.0
13,11515713,11585668,True,1,2,lot,14,+1500sqft,2400.0,3900.0
13,11515713,11585668,True,1,2,lot,15,+1600sqft,2400.0,4000.0
13,11515713,11585668,True,1,2,lot,16,+1700sqft,2400.0,4100.0
13,11515713,11585668,True,1,2,lot,17,+1800sqft,2400.0,4200.0
13,11515713,11585668,True,1,2,lot,18,+1900sqft,2400.0,4300.0
13,11515713,11585668,True,1,2,lot,19,+2000sqft,2400.0,4400.0
13,11515713,11585668,True,1,2,lot,20,+2100sqft,2400.0,4500.0
13,11515713,11585668,True,1,2,lot,21,+2200sqft,2400.0,4600.0
13,11515713,11585668,True,1,2,lot,22,+2300sqft,2400.0,4700.0
13,11515713,11585668,True,1,2,lot,23,+2400sqft,2400.0,4800.0
13,11515713,11585668,True,1,2,lot,24,+2500sqft,2400.0,4900.0
13,11515713,11585668,True,1,2,lot,25,+2600sqft,2400.0,5000.0
13,11515713,11585668,True,1,2,lot,26,+2700sqft,2400.0,5100.0
13,11515713,11585668,True,1,2,lot,27,+2800sqft,2400.0,5200.0
13,11515713,11585668,True,1,2,lot,28,+2900sqft,2400.0,5300.0
13,11515713,11585668,True,1,2,lot,29,+3000sqft,2400.0,5400.0
13,11515713,11585668,True,1,2,lot,30,+3100sqft,2400.0,5500.0
13,11515713,11585668,True,1,2,lot,31,+3200sqft,2400.0,5600.0
13,11515713,11585668,True,1,2,lot,32,+3300sqft,2400.0,5700.0
13,11515713,11585668,True,1,2,lot,33,+3400sqft,2400.0,5800.0
13,11515713,11585668,True,1,2,lot,34,+3500sqft,2400.0,5900.0
13,11515713,11585668,True,1,2,lot,35,+3600sqft,2400.0,6000.0
13,11515713,11585668,True,1,2,lot,36,+3700sqft,2400.0,6100.0
13,11515713,11585668,True,1,2,lot,37,+3800sqft,2400.0,6200.0
13,11515713,11585668,True,1,2,lot,38,+3900sqft,2400.0,6300.0
13,11515713,11585668,True,1,2,lot,39,+4000sqft,2400.0,6400.0
13,11515713,11585668,True,1,2,lot,40,+4100sqft,2400.0,6500.0
13,11515713,11585668,True,1,2,lot,41,+4200sqft,2400.0,6600.0
13,11515713,11585668,True,1,2,lot,42,+4300sqft,2400.0,6700.0
13,11515713,11585668,True,1,2,lot,43,+4400sqft,2400.0,6800.0
13,11515713,11585668,True,1,2,lot,44,+4500sqft,2400.0,6900.0
13,11515713,11585668,True,1,2,lot,45,+4600sqft,2400.0,7000.0
13,11515713,11585668,True,1,2,lot,46,+4700sqft,2400.0,7100.0
13,11515713,11585668,True,1,2,lot,47,+4800sqft,2400.0,7200.0
13,11515713,11585668,True,1,2,lot,48,+4900sqft,2400.0,7300.0
13,11515713,11585668,True,1,2,lot,49,+5000sqft,2400.0,7400.0
14,11483855,92381120,True,2,1,bedrooms,0,+1,4.0,5.0
14,11483855,92381120,True,2,1,bedrooms,1,+2,4.0,6.0
14,11483855,92381120,True,2,1,bedrooms,2,+3,4.0,7.0
14,11483855,92381120,True,2,1,bedrooms,3,+4,4.0,8.0
14,11483855,92381120,True,2,1,bedrooms,4,+5,4.0,9.0
14,11483855,92381120,True,2,1,bedrooms,5,+6,4.0,10.0
14,11483855,92381120,True,2,1,bathrooms,0,+1,4.0,5.0
14,11483855,92381120,True,2,1,bathrooms,1,+2,4.0,6.0
14,11483855,92381120,True,2,1,bathrooms,2,+3,4.0,7.0
14,11483855,92381120,True,2,1,bathrooms,3,+4,4.0,8.0
14,11483855,92381120,True,2,1,bathrooms,4,+5,4.0,9.0
14,11483855,92381120,True,2,1,bathrooms,5,+6,4.0,10.0
14,11483855,92381120,True,2,1,yearBuilt,0,+2yr,1930.0,1932.0
14,11483855,92381120,True,2,1,yearBuilt,1,+4yr,1930.0,1934.0
14,11483855,92381120,True,2,1,yearBuilt,2,+6yr,1930.0,1936.0
14,11483855,92381120,True,2,1,yearBuilt,3,+8yr,1930.0,1938.0
14,11483855,92381120,True,2,1,yearBuilt,4,+10yr,1930.0,1940.0
14,11483855,92381120,True,2,1,yearBuilt,5,+12yr,1930.0,1942.0
14,11483855,92381120,True,2,1,yearBuilt,6,+14yr,1930.0,1944.0
14,11483855,92381120,True,2,1,yearBuilt,7,+16yr,1930.0,1946.0
14,11483855,92381120,True,2,1,yearBuilt,8,+18yr,1930.0,1948.0
14,11483855,92381120,True,2,1,yearBuilt,9,+20yr,1930.0,1950.0
14,11483855,92381120,True,2,1,yearBuilt,10,+22yr,1930.0,1952.0
14,11483855,92381120,True,2,1,yearBuilt,11,+24yr,1930.0,1954.0
14,11483855,92381120,True,2,1,yearBuilt,12,+26yr,1930.0,1956.0
14,11483855,92381120,True,2,1,yearBuilt,13,+28yr,1930.0,1958.0
14,11483855,92381120,True,2,1,yearBuilt,14,+30yr,1930.0,1960.0
14,11483855,92381120,True,2,1,yearBuilt,15,+32yr,1930.0,1962.0
14,11483855,92381120,True,2,1,yearBuilt,16,+34yr,1930.0,1964.0
14,11483855,92381120,True,2,1,yearBuilt,17,+36yr,1930.0,1966.0
14,11483855,92381120,True,2,1,yearBuilt,18,+38yr,1930.0,1968.0
14,11483855,92381120,True,2,1,yearBuilt,19,+40yr,1930.0,1970.0
14,11483855,92381120,True,2,1,yearBuilt,20,+42yr,1930.0,1972.0
14,11483855,92381120,True,2,1,yearBuilt,21,+44yr,1930.0,1974.0
14,11483855,92381120,True,2,1,yearBuilt,22,+46yr,1930.0,1976.0
14,11483855,92381120,True,2,1,yearBuilt,23,+48yr,1930.0,1978.0
14,11483855,92381120,True,2,1,yearBuilt,24,+50yr,1930.0,1980.0
14,11483855,92381120,True,2,1,yearBuilt,25,+52yr,1930.0,1982.0
14,11483855,92381120,True,2,1,yearBuilt,26,+54yr,1930.0,1984.0
14,11483855,92381120,True,2,1,yearBuilt,27,+56yr,1930.0,1986.0
14,11483855,92381120,True,2,1,yearBuilt,28,+58yr,1930.0,1988.0
14,11483855,92381120,True,2,1,yearBuilt,29,+60yr,1930.0,1990.0
14,11483855,92381120,True,2,1,yearBuilt,30,+62yr,1930.0,1992.0
14,11483855,92381120,True,2,1,yearBuilt,31,+64yr,1930.0,1994.0
14,11483855,92381120,True,2,1,yearBuilt,32,+66yr,1930.0,1996.0
14,11483855,92381120,True,2,1,yearBuilt,33,+68yr,1930.0,1998.0
14,11483855,92381120,True,2,1,yearBuilt,34,+70yr,1930.0,2000.0
14,11483855,92381120,True,2,1,yearBuilt,35,+72yr,1930.0,2002.0
14,11483855,92381120,True,2,1,yearBuilt,36,+74yr,1930.0,2004.0
14,11483855,92381120,True,2,1,yearBuilt,37,+76yr,1930.0,2006.0
14,11483855,92381120,True,2,1,yearBuilt,38,+78yr,1930.0,2008.0
14,11483855,92381120,True,2,1,yearBuilt,39,+80yr,1930.0,2010.0
14,11483855,92381120,True,2,1,yearBuilt,40,+82yr,1930.0,2012.0
14,11483855,92381120,True,2,1,yearBuilt,41,+84yr,1930.0,2014.0
14,11483855,92381120,True,2,1,yearBuilt,42,+86yr,1930.0,2016.0
14,11483855,92381120,True,2,1,yearBuilt,43,+88yr,1930.0,2018.0
14,11483855,92381120,True,2,1,yearBuilt,44,+90yr,1930.0,2020.0
14,11483855,92381120,True,2,1,yearBuilt,45,+92yr,1930.0,2022.0
14,11483855,92381120,True,2,1,yearBuilt,46,+94yr,1930.0,2024.0
14,11483855,92381120,True,2,1,lot,0,+100sqft,0.29,0.2923
14,11483855,92381120,True,2,1,lot,1,+200sqft,0.29,0.2946
14,11483855,92381120,True,2,1,lot,2,+300sqft,0.29,0.2969
14,11483855,92381120,True,2,1,lot,3,+400sqft,0.29,0.2992
14,11483855,92381120,True,2,1,lot,4,+500sqft,0.29,0.3015
14,11483855,92381120,True,2,1,lot,5,+600sqft,0.29,0.3038
14,11483855,92381120,True,2,1,lot,6,+700sqft,0.29,0.3061
14,11483855,92381120,True,2,1,lot,7,+800sqft,0.29,0.3084
14,11483855,92381120,True,2,1,lot,8,+900sqft,0.29,0.3107
14,11483855,92381120,True,2,1,lot,9,+1000sqft,0.29,0.313
14,11483855,92381120,True,2,1,lot,10,+1100sqft,0.29,0.3153
14,11483855,92381120,True,2,1,lot,11,+1200sqft,0.29,0.3175
14,11483855,92381120,True,2,1,lot,12,+1300sqft,0.29,0.3198
14,11483855,92381120,True,2,1,lot,13,+1400sqft,0.29,0.3221
14,11483855,92381120,True,2,1,lot,14,+1500sqft,0.29,0.3244
14,11483855,92381120,True,2,1,lot,15,+1600sqft,0.29,0.3267
14,11483855,92381120,True,2,1,lot,16,+1700sqft,0.29,0.329
14,11483855,92381120,True,2,1,lot,17,+1800sqft,0.29,0.3313
14,11483855,92381120,True,2,1,lot,18,+1900sqft,0.29,0.3336
14,11483855,92381120,True,2,1,lot,19,+2000sqft,0.29,0.3359
14,11483855,92381120,True,2,1,lot,20,+2100sqft,0.29,0.3382
14,11483855,92381120,True,2,1,lot,21,+2200sqft,0.29,0.3405
14,11483855,92381120,True,2,1,lot,22,+2300sqft,0.29,0.3428
14,11483855,92381120,True,2,1,lot,23,+2400sqft,0.29,0.3451
14,11483855,92381120,True,2,1,lot,24,+2500sqft,0.29,0.3474
14,11483855,92381120,True,2,1,lot,25,+2600sqft,0.29,0.3497
14,11483855,92381120,True,2,1,lot,26,+2700sqft,0.29,0.352
14,11483855,92381120,True,2,1,lot,27,+2800sqft,0.29,0.3543
14,11483855,92381120,True,2,1,lot,28,+2900sqft,0.29,0.3566
14,11483855,92381120,True,2,1,lot,29,+3000sqft,0.29,0.3589
14,11483855,92381120,True,2,1,lot,30,+3100sqft,0.29,0.3612
14,11483855,92381120,True,2,1,lot,31,+3200sqft,0.29,0.3635
14,11483855,92381120,True,2,1,lot,32,+3300sqft,0.29,0.3658
14,11483855,92381120,True,2,1,lot,33,+3400sqft,0.29,0.3681
14,11483855,92381120,True,2,1,lot,34,+3500sqft,0.29,0.3703
14,11483855,92381120,True,2,1,lot,35,+3600sqft,0.29,0.3726
14,11483855,92381120,True,2,1,lot,36,+3700sqft,0.29,0.3749
14,11483855,92381120,True,2,1,lot,37,+3800sqft,0.29,0.3772
14,11483855,92381120,True,2,1,lot,38,+3900sqft,0.29,0.3795
14,11483855,92381120,True,2,1,lot,39,+4000sqft,0.29,0.3818
14,11483855,92381120,True,2,1,lot,40,+4100sqft,0.29,0.3841
14,11483855,92381120,True,2,1,lot,41,+4200sqft,0.29,0.3864
14,11483855,92381120,True,2,1,lot,42,+4300sqft,0.29,0.3887
14,11483855,92381120,True,2,1,lot,43,+4400sqft,0.29,0.391
14,11483855,92381120,True,2,1,lot,44,+4500sqft,0.29,0.3933
14,11483855,92381120,True,2,1,lot,45,+4600sqft,0.29,0.3956
14,11483855,92381120,True,2,1,lot,46,+4700sqft,0.29,0.3979
14,11483855,92381120,True,2,1,lot,47,+4800sqft,0.29,0.4002
14,11483855,92381120,True,2,1,lot,48,+4900sqft,0.29,0.4025
14,11483855,92381120,True,2,1,lot,49,+5000sqft,0.29,0.4048
15,11491404,11492519,True,2,1,bedrooms,0,+1,3.0,4.0
15,11491404,11492519,True,2,1,bedrooms,1,+2,3.0,5.0
15,11491404,11492519,True,2,1,bedrooms,2,+3,3.0,6.0
15,11491404,11492519,True,2,1,bedrooms,3,+4,3.0,7.0
15,11491404,11492519,True,2,1,bedrooms,4,+5,3.0,8.0
15,11491404,11492519,True,2,1,bedrooms,5,+6,3.0,9.0
15,11491404,11492519,True,2,1,bedrooms,6,+7,3.0,10.0
15,11491404,11492519,True,2,1,bathrooms,0,+1,1.0,2.0
15,11491404,11492519,True,2,1,bathrooms,1,+2,1.0,3.0
15,11491404,11492519,True,2,1,bathrooms,2,+3,1.0,4.0
15,11491404,11492519,True,2,1,bathrooms,3,+4,1.0,5.0
15,11491404,11492519,True,2,1,bathrooms,4,+5,1.0,6.0
15,11491404,11492519,True,2,1,bathrooms,5,+6,1.0,7.0
15,11491404,11492519,True,2,1,bathrooms,6,+7,1.0,8.0
15,11491404,11492519,True,2,1,bathrooms,7,+8,1.0,9.0
15,11491404,11492519,True,2,1,bathrooms,8,+9,1.0,10.0
15,11491404,11492519,True,2,1,yearBuilt,0,+2yr,1951.0,1953.0
15,11491404,11492519,True,2,1,yearBuilt,1,+4yr,1951.0,1955.0
15,11491404,11492519,True,2,1,yearBuilt,2,+6yr,1951.0,1957.0
15,11491404,11492519,True,2,1,yearBuilt,3,+8yr,1951.0,1959.0
15,11491404,11492519,True,2,1,yearBuilt,4,+10yr,1951.0,1961.0
15,11491404,11492519,True,2,1,yearBuilt,5,+12yr,1951.0,1963.0
15,11491404,11492519,True,2,1,yearBuilt,6,+14yr,1951.0,1965.0
15,11491404,11492519,True,2,1,yearBuilt,7,+16yr,1951.0,1967.0
15,11491404,11492519,True,2,1,yearBuilt,8,+18yr,1951.0,1969.0
15,11491404,11492519,True,2,1,yearBuilt,9,+20yr,1951.0,1971.0
15,11491404,11492519,True,2,1,yearBuilt,10,+22yr,1951.0,1973.0
15,11491404,11492519,True,2,1,yearBuilt,11,+24yr,1951.0,1975.0
15,11491404,11492519,True,2,1,yearBuilt,12,+26yr,1951.0,1977.0
15,11491404,11492519,True,2,1,yearBuilt,13,+28yr,1951.0,1979.0
15,11491404,11492519,True,2,1,yearBuilt,14,+30yr,1951.0,1981.0
15,11491404,11492519,True,2,1,yearBuilt,15,+32yr,1951.0,1983.0
15,11491404,11492519,True,2,1,yearBuilt,16,+34yr,1951.0,1985.0
15,11491404,11492519,True,2,1,yearBuilt,17,+36yr,1951.0,1987.0
15,11491404,11492519,True,2,1,yearBuilt,18,+38yr,1951.0,1989.0
15,11491404,11492519,True,2,1,yearBuilt,19,+40yr,1951.0,1991.0
15,11491404,11492519,True,2,1,yearBuilt,20,+42yr,1951.0,1993.0
15,11491404,11492519,True,2,1,yearBuilt,21,+44yr,1951.0,1995.0
15,11491404,11492519,True,2,1,yearBuilt,22,+46yr,1951.0,1997.0
15,11491404,11492519,True,2,1,yearBuilt,23,+48yr,1951.0,1999.0
15,11491404,11492519,True,2,1,yearBuilt,24,+50yr,1951.0,2001.0
15,11491404,11492519,True,2,1,yearBuilt,25,+52yr,1951.0,2003.0
15,11491404,11492519,True,2,1,yearBuilt,26,+54yr,1951.0,2005.0
15,11491404,11492519,True,2,1,yearBuilt,27,+56yr,1951.0,2007.0
15,11491404,11492519,True,2,1,yearBuilt,28,+58yr,1951.0,2009.0
15,11491404,11492519,True,2,1,yearBuilt,29,+60yr,1951.0,2011.0
15,11491404,11492519,True,2,1,yearBuilt,30,+62yr,1951.0,2013.0
15,11491404,11492519,True,2,1,yearBuilt,31,+64yr,1951.0,2015.0
15,11491404,11492519,True,2,1,yearBuilt,32,+66yr,1951.0,2017.0
15,11491404,11492519,True,2,1,yearBuilt,33,+68yr,1951.0,2019.0
15,11491404,11492519,True,2,1,yearBuilt,34,+70yr,1951.0,2021.0
15,11491404,11492519,True,2,1,yearBuilt,35,+72yr,1951.0,2023.0
15,11491404,11492519,True,2,1,yearBuilt,36,+74yr,1951.0,2025.0
15,11491404,11492519,True,2,1,lot,0,+100sqft,0.26,0.2623
15,11491404,11492519,True,2,1,lot,1,+200sqft,0.26,0.2646
15,11491404,11492519,True,2,1,lot,2,+300sqft,0.26,0.2669
15,11491404,11492519,True,2,1,lot,3,+400sqft,0.26,0.2692
15,11491404,11492519,True,2,1,lot,4,+500sqft,0.26,0.2715
15,11491404,11492519,True,2,1,lot,5,+600sqft,0.26,0.2738
15,11491404,11492519,True,2,1,lot,6,+700sqft,0.26,0.2761
15,11491404,11492519,True,2,1,lot,7,+800sqft,0.26,0.2784
15,11491404,11492519,True,2,1,lot,8,+900sqft,0.26,0.2807
15,11491404,11492519,True,2,1,lot,9,+1000sqft,0.26,0.283
15,11491404,11492519,True,2,1,lot,10,+1100sqft,0.26,0.2853
15,11491404,11492519,True,2,1,lot,11,+1200sqft,0.26,0.2875
15,11491404,11492519,True,2,1,lot,12,+1300sqft,0.26,0.2898
15,11491404,11492519,True,2,1,lot,13,+1400sqft,0.26,0.2921
15,11491404,11492519,True,2,1,lot,14,+1500sqft,0.26,0.2944
15,11491404,11492519,True,2,1,lot,15,+1600sqft,0.26,0.2967
15,11491404,11492519,True,2,1,lot,16,+1700sqft,0.26,0.299
15,11491404,11492519,True,2,1,lot,17,+1800sqft,0.26,0.3013
15,11491404,11492519,True,2,1,lot,18,+1900sqft,0.26,0.3036
15,11491404,11492519,True,2,1,lot,19,+2000sqft,0.26,0.3059
15,11491404,11492519,True,2,1,lot,20,+2100sqft,0.26,0.3082
15,11491404,11492519,True,2,1,lot,21,+2200sqft,0.26,0.3105
15,11491404,11492519,True,2,1,lot,22,+2300sqft,0.26,0.3128
15,11491404,11492519,True,2,1,lot,23,+2400sqft,0.26,0.3151
15,11491404,11492519,True,2,1,lot,24,+2500sqft,0.26,0.3174
15,11491404,11492519,True,2,1,lot,25,+2600sqft,0.26,0.3197
15,11491404,11492519,True,2,1,lot,26,+2700sqft,0.26,0.322
15,11491404,11492519,True,2,1,lot,27,+2800sqft,0.26,0.3243
15,11491404,11492519,True,2,1,lot,28,+2900sqft,0.26,0.3266
15,11491404,11492519,True,2,1,lot,29,+3000sqft,0.26,0.3289
15,11491404,11492519,True,2,1,lot,30,+3100sqft,0.26,0.3312
15,11491404,11492519,True,2,1,lot,31,+3200sqft,0.26,0.3335
15,11491404,11492519,True,2,1,lot,32,+3300sqft,0.26,0.3358
15,11491404,11492519,True,2,1,lot,33,+3400sqft,0.26,0.3381
15,11491404,11492519,True,2,1,lot,34,+3500sqft,0.26,0.3403
15,11491404,11492519,True,2,1,lot,35,+3600sqft,0.26,0.3426
15,11491404,11492519,True,2,1,lot,36,+3700sqft,0.26,0.3449
15,11491404,11492519,True,2,1,lot,37,+3800sqft,0.26,0.3472
15,11491404,11492519,True,2,1,lot,38,+3900sqft,0.26,0.3495
15,11491404,11492519,True,2,1,lot,39,+4000sqft,0.26,0.3518
15,11491404,11492519,True,2,1,lot,40,+4100sqft,0.26,0.3541
15,11491404,11492519,True,2,1,lot,41,+4200sqft,0.26,0.3564
15,11491404,11492519,True,2,1,lot,42,+4300sqft,0.26,0.3587
15,11491404,11492519,True,2,1,lot,43,+4400sqft,0.26,0.361
15,11491404,11492519,True,2,1,lot,44,+4500sqft,0.26,0.3633
15,11491404,11492519,True,2,1,lot,45,+4600sqft,0.26,0.3656
15,11491404,11492519,True,2,1,lot,46,+4700sqft,0.26,0.3679
15,11491404,11492519,True,2,1,lot,47,+4800sqft,0.26,0.3702
15,11491404,11492519,True,2,1,lot,48,+4900sqft,0.26,0.3725
15,11491404,11492519,True,2,1,lot,49,+5000sqft,0.26,0.3748
16,11467909,11506567,True,2,1,bedrooms,0,+1,3.0,4.0
16,11467909,11506567,True,2,1,bedrooms,1,+2,3.0,5.0
16,11467909,11506567,True,2,1,bedrooms,2,+3,3.0,6.0
16,11467909,11506567,True,2,1,bedrooms,3,+4,3.0,7.0
16,11467909,11506567,True,2,1,bedrooms,4,+5,3.0,8.0
16,11467909,11506567,True,2,1,bedrooms,5,+6,3.0,9.0
16,11467909,11506567,True,2,1,bedrooms,6,+7,3.0,10.0
16,11467909,11506567,True,2,1,bathrooms,0,+1,2.0,3.0
16,11467909,11506567,True,2,1,bathrooms,1,+2,2.0,4.0
16,11467909,11506567,True,2,1,bathrooms,2,+3,2.0,5.0
16,11467909,11506567,True,2,1,bathrooms,3,+4,2.0,6.0
16,11467909,11506567,True,2,1,bathrooms,4,+5,2.0,7.0
16,11467909,11506567,True,2,1,bathrooms,5,+6,2.0,8.0
16,11467909,11506567,True,2,1,bathrooms,6,+7,2.0,9.0
16,11467909,11506567,True,2,1,bathrooms,7,+8,2.0,10.0
16,11467909,11506567,True,2,1,yearBuilt,0,+2yr,1986.0,1988.0
16,11467909,11506567,True,2,1,yearBuilt,1,+4yr,1986.0,1990.0
16,11467909,11506567,True,2,1,yearBuilt,2,+6yr,1986.0,1992.0
16,11467909,11506567,True,2,1,yearBuilt,3,+8yr,1986.0,1994.0
16,11467909,11506567,True,2,1,yearBuilt,4,+10yr,1986.0,1996.0
16,11467909,11506567,True,2,1,yearBuilt,5,+12yr,1986.0,1998.0
16,11467909,11506567,True,2,1,yearBuilt,6,+14yr,1986.0,2000.0
16,11467909,11506567,True,2,1,yearBuilt,7,+16yr,1986.0,2002.0
16,11467909,11506567,True,2,1,yearBuilt,8,+18yr,1986.0,2004.0
16,11467909,11506567,True,2,1,yearBuilt,9,+20yr,1986.0,2006.0
16,11467909,11506567,True,2,1,yearBuilt,10,+22yr,1986.0,2008.0
16,11467909,11506567,True,2,1,yearBuilt,11,+24yr,1986.0,2010.0
16,11467909,11506567,True,2,1,yearBuilt,12,+26yr,1986.0,2012.0
16,11467909,11506567,True,2,1,yearBuilt,13,+28yr,1986.0,2014.0
16,11467909,11506567,True,2,1,yearBuilt,14,+30yr,1986.0,2016.0
16,11467909,11506567,True,2,1,yearBuilt,15,+32yr,1986.0,2018.0
16,11467909,11506567,True,2,1,yearBuilt,16,+34yr,1986.0,2020.0
16,11467909,11506567,True,2,1,yearBuilt,17,+36yr,1986.0,2022.0
16,11467909,11506567,True,2,1,yearBuilt,18,+38yr,1986.0,2024.0
16,11467909,11506567,True,2,1,lot,0,+100sqft,6625.0,6725.0
16,11467909,11506567,True,2,1,lot,1,+200sqft,6625.0,6825.0
16,11467909,11506567,True,2,1,lot,2,+300sqft,6625.0,6925.0
16,11467909,11506567,True,2,1,lot,3,+400sqft,6625.0,7025.0
16,11467909,11506567,True,2,1,lot,4,+500sqft,6625.0,7125.0
16,11467909,11506567,True,2,1,lot,5,+600sqft,6625.0,7225.0
16,11467909,11506567,True,2,1,lot,6,+700sqft,6625.0,7325.0
16,11467909,11506567,True,2,1,lot,7,+800sqft,6625.0,7425.0
16,11467909,11506567,True,2,1,lot,8,+900sqft,6625.0,7525.0
16,11467909,11506567,True,2,1,lot,9,+1000sqft,6625.0,7625.0
16,11467909,11506567,True,2,1,lot,10,+1100sqft,6625.0,7725.0
16,11467909,11506567,True,2,1,lot,11,+1200sqft,6625.0,7825.0
16,11467909,11506567,True,2,1,lot,12,+1300sqft,6625.0,7925.0
16,11467909,11506567,True,2,1,lot,13,+1400sqft,6625.0,8025.0
16,11467909,11506567,True,2,1,lot,14,+1500sqft,6625.0,8125.0
16,11467909,11506567,True,2,1,lot,15,+1600sqft,6625.0,8225.0
16,11467909,11506567,True,2,1,lot,16,+1700sqft,6625.0,8325.0
16,11467909,11506567,True,2,1,lot,17,+1800sqft,6625.0,8425.0
16,11467909,11506567,True,2,1,lot,18,+1900sqft,6625.0,8525.0
16,11467909,11506567,True,2,1,lot,19,+2000sqft,6625.0,8625.0
16,11467909,11506567,True,2,1,lot,20,+2100sqft,6625.0,8725.0
16,11467909,11506567,True,2,1,lot,21,+2200sqft,6625.0,8825.0
16,11467909,11506567,True,2,1,lot,22,+2300sqft,6625.0,8925.0
16,11467909,11506567,True,2,1,lot,23,+2400sqft,6625.0,9025.0
16,11467909,11506567,True,2,1,lot,24,+2500sqft,6625.0,9125.0
16,11467909,11506567,True,2,1,lot,25,+2600sqft,6625.0,9225.0
16,11467909,11506567,True,2,1,lot,26,+2700sqft,6625.0,9325.0
16,11467909,11506567,True,2,1,lot,27,+2800sqft,6625.0,9425.0
16,11467909,11506567,True,2,1,lot,28,+2900sqft,6625.0,9525.0
16,11467909,11506567,True,2,1,lot,29,+3000sqft,6625.0,9625.0
16,11467909,11506567,True,2,1,lot,30,+3100sqft,6625.0,9725.0
16,11467909,11506567,True,2,1,lot,31,+3200sqft,6625.0,9825.0
16,11467909,11506567,True,2,1,lot,32,+3300sqft,6625.0,9925.0
16,11467909,11506567,True,2,1,lot,33,+3400sqft,6625.0,10025.0
16,11467909,11506567,True,2,1,lot,34,+3500sqft,6625.0,10125.0
16,11467909,11506567,True,2,1,lot,35,+3600sqft,6625.0,10225.0
16,11467909,11506567,True,2,1,lot,36,+3700sqft,6625.0,10325.0
16,11467909,11506567,True,2,1,lot,37,+3800sqft,6625.0,10425.0
16,11467909,11506567,True,2,1,lot,38,+3900sqft,6625.0,10525.0
16,11467909,11506567,True,2,1,lot,39,+4000sqft,6625.0,10625.0
16,11467909,11506567,True,2,1,lot,40,+4100sqft,6625.0,10725.0
16,11467909,11506567,True,2,1,lot,41,+4200sqft,6625.0,10825.0
16,11467909,11506567,True,2,1,lot,42,+4300sqft,6625.0,10925.0
16,11467909,11506567,True,2,1,lot,43,+4400sqft,6625.0,11025.0
16,11467909,11506567,True,2,1,lot,44,+4500sqft,6625.0,11125.0
16,11467909,11506567,True,2,1,lot,45,+4600sqft,6625.0,11225.0
16,11467909,11506567,True,2,1,lot,46,+4700sqft,6625.0,11325.0
16,11467909,11506567,True,2,1,lot,47,+4800sqft,6625.0,11425.0
16,11467909,11506567,True,2,1,lot,48,+4900sqft,6625.0,11525.0
16,11467909,11506567,True,2,1,lot,49,+5000sqft,6625.0,11625.0
17,11441235,87994822,True,2,1,bedrooms,0,+1,4.0,5.0
17,11441235,87994822,True,2,1,bedrooms,1,+2,4.0,6.0
17,11441235,87994822,True,2,1,bedrooms,2,+3,4.0,7.0
17,11441235,87994822,True,2,1,bedrooms,3,+4,4.0,8.0
17,11441235,87994822,True,2,1,bedrooms,4,+5,4.0,9.0
17,11441235,87994822,True,2,1,bedrooms,5,+6,4.0,10.0
17,11441235,87994822,True,2,1,bathrooms,0,+1,3.0,4.0
17,11441235,87994822,True,2,1,bathrooms,1,+2,3.0,5.0
17,11441235,87994822,True,2,1,bathrooms,2,+3,3.0,6.0
17,11441235,87994822,True,2,1,bathrooms,3,+4,3.0,7.0
17,11441235,87994822,True,2,1,bathrooms,4,+5,3.0,8.0
17,11441235,87994822,True,2,1,bathrooms,5,+6,3.0,9.0
17,11441235,87994822,True,2,1,bathrooms,6,+7,3.0,10.0
17,11441235,87994822,True,2,1,yearBuilt,0,+2yr,1952.0,1954.0
17,11441235,87994822,True,2,1,yearBuilt,1,+4yr,1952.0,1956.0
17,11441235,87994822,True,2,1,yearBuilt,2,+6yr,1952.0,1958.0
17,11441235,87994822,True,2,1,yearBuilt,3,+8yr,1952.0,1960.0
17,11441235,87994822,True,2,1,yearBuilt,4,+10yr,1952.0,1962.0
17,11441235,87994822,True,2,1,yearBuilt,5,+12yr,1952.0,1964.0
17,11441235,87994822,True,2,1,yearBuilt,6,+14yr,1952.0,1966.0
17,11441235,87994822,True,2,1,yearBuilt,7,+16yr,1952.0,1968.0
17,11441235,87994822,True,2,1,yearBuilt,8,+18yr,1952.0,1970.0
17,11441235,87994822,True,2,1,yearBuilt,9,+20yr,1952.0,1972.0
17,11441235,87994822,True,2,1,yearBuilt,10,+22yr,1952.0,1974.0
17,11441235,87994822,True,2,1,yearBuilt,11,+24yr,1952.0,1976.0
17,11441235,87994822,True,2,1,yearBuilt,12,+26yr,1952.0,1978.0
17,11441235,87994822,True,2,1,yearBuilt,13,+28yr,1952.0,1980.0
17,11441235,87994822,True,2,1,yearBuilt,14,+30yr,1952.0,1982.0
17,11441235,87994822,True,2,1,yearBuilt,15,+32yr,1952.0,1984.0
17,11441235,87994822,True,2,1,yearBuilt,16,+34yr,1952.0,1986.0
17,11441235,87994822,True,2,1,yearBuilt,17,+36yr,1952.0,1988.0
17,11441235,87994822,True,2,1,yearBuilt,18,+38yr,1952.0,1990.0
17,11441235,87994822,True,2,1,yearBuilt,19,+40yr,1952.0,1992.0
17,11441235,87994822,True,2,1,yearBuilt,20,+42yr,1952.0,1994.0
17,11441235,87994822,True,2,1,yearBuilt,21,+44yr,1952.0,1996.0
17,11441235,87994822,True,2,1,yearBuilt,22,+46yr,1952.0,1998.0
17,11441235,87994822,True,2,1,yearBuilt,23,+48yr,1952.0,2000.0
17,11441235,87994822,True,2,1,yearBuilt,24,+50yr,1952.0,2002.0
17,11441235,87994822,True,2,1,yearBuilt,25,+52yr,1952.0,2004.0
17,11441235,87994822,True,2,1,yearBuilt,26,+54yr,1952.0,2006.0
17,11441235,87994822,True,2,1,yearBuilt,27,+56yr,1952.0,2008.0
17,11441235,87994822,True,2,1,yearBuilt,28,+58yr,1952.0,2010.0
17,11441235,87994822,True,2,1,yearBuilt,29,+60yr,1952.0,2012.0
17,11441235,87994822,True,2,1,yearBuilt,30,+62yr,1952.0,2014.0
17,11441235,87994822,True,2,1,yearBuilt,31,+64yr,1952.0,2016.0
17,11441235,87994822,True,2,1,yearBuilt,32,+66yr,1952.0,2018.0
17,11441235,87994822,True,2,1,yearBuilt,33,+68yr,1952.0,2020.0
17,11441235,87994822,True,2,1,yearBuilt,34,+70yr,1952.0,2022.0
17,11441235,87994822,True,2,1,yearBuilt,35,+72yr,1952.0,2024.0
17,11441235,87994822,True,2,1,lot,0,+100sqft,7800.0,7900.0
17,11441235,87994822,True,2,1,lot,1,+200sqft,7800.0,8000.0
17,11441235,87994822,True,2,1,lot,2,+300sqft,7800.0,8100.0
17,11441235,87994822,True,2,1,lot,3,+400sqft,7800.0,8200.0
17,11441235,87994822,True,2,1,lot,4,+500sqft,7800.0,8300.0
17,11441235,87994822,True,2,1,lot,5,+600sqft,7800.0,8400.0
17,11441235,87994822,True,2,1,lot,6,+700sqft,7800.0,8500.0
17,11441235,87994822,True,2,1,lot,7,+800sqft,7800.0,8600.0
17,11441235,87994822,True,2,1,lot,8,+900sqft,7800.0,8700.0
17,11441235,87994822,True,2,1,lot,9,+1000sqft,7800.0,8800.0
17,11441235,87994822,True,2,1,lot,10,+1100sqft,7800.0,8900.0
17,11441235,87994822,True,2,1,lot,11,+1200sqft,7800.0,9000.0
17,11441235,87994822,True,2,1,lot,12,+1300sqft,7800.0,9100.0
17,11441235,87994822,True,2,1,lot,13,+1400sqft,7800.0,9200.0
17,11441235,87994822,True,2,1,lot,14,+1500sqft,7800.0,9300.0
17,11441235,87994822,True,2,1,lot,15,+1600sqft,7800.0,9400.0
17,11441235,87994822,True,2,1,lot,16,+1700sqft,7800.0,9500.0
17,11441235,87994822,True,2,1,lot,17,+1800sqft,7800.0,9600.0
17,11441235,87994822,True,2,1,lot,18,+1900sqft,7800.0,9700.0
17,11441235,87994822,True,2,1,lot,19,+2000sqft,7800.0,9800.0
17,11441235,87994822,True,2,1,lot,20,+2100sqft,7800.0,9900.0
17,11441235,87994822,True,2,1,lot,21,+2200sqft,7800.0,10000.0
17,11441235,87994822,True,2,1,lot,22,+2300sqft,7800.0,10100.0
17,11441235,87994822,True,2,1,lot,23,+2400sqft,7800.0,10200.0
17,11441235,87994822,True,2,1,lot,24,+2500sqft,7800.0,10300.0
17,11441235,87994822,True,2,1,lot,25,+2600sqft,7800.0,10400.0
17,11441235,87994822,True,2,1,lot,26,+2700sqft,7800.0,10500.0
17,11441235,87994822,True,2,1,lot,27,+2800sqft,7800.0,10600.0
17,11441235,87994822,True,2,1,lot,28,+2900sqft,7800.0,10700.0
17,11441235,87994822,True,2,1,lot,29,+3000sqft,7800.0,10800.0
17,11441235,87994822,True,2,1,lot,30,+3100sqft,7800.0,10900.0
17,11441235,87994822,True,2,1,lot,31,+3200sqft,7800.0,11000.0
17,11441235,87994822,True,2,1,lot,32,+3300sqft,7800.0,11100.0
17,11441235,87994822,True,2,1,lot,33,+3400sqft,7800.0,11200.0
17,11441235,87994822,True,2,1,lot,34,+3500sqft,7800.0,11300.0
17,11441235,87994822,True,2,1,lot,35,+3600sqft,7800.0,11400.0
17,11441235,87994822,True,2,1,lot,36,+3700sqft,7800.0,11500.0
17,11441235,87994822,True,2,1,lot,37,+3800sqft,7800.0,11600.0
17,11441235,87994822,True,2,1,lot,38,+3900sqft,7800.0,11700.0
17,11441235,87994822,True,2,1,lot,39,+4000sqft,7800.0,11800.0
17,11441235,87994822,True,2,1,lot,40,+4100sqft,7800.0,11900.0
17,11441235,87994822,True,2,1,lot,41,+4200sqft,7800.0,12000.0
17,11441235,87994822,True,2,1,lot,42,+4300sqft,7800.0,12100.0
17,11441235,87994822,True,2,1,lot,43,+4400sqft,7800.0,12200.0
17,11441235,87994822,True,2,1,lot,44,+4500sqft,7800.0,12300.0
17,11441235,87994822,True,2,1,lot,45,+4600sqft,7800.0,12400.0
17,11441235,87994822,True,2,1,lot,46,+4700sqft,7800.0,12500.0
17,11441235,87994822,True,2,1,lot,47,+4800sqft,7800.0,12600.0
17,11441235,87994822,True,2,1,lot,48,+4900sqft,7800.0,12700.0
17,11441235,87994822,True,2,1,lot,49,+5000sqft,7800.0,12800.0
18,11405796,11409041,True,2,1,bedrooms,0,+1,3.0,4.0
18,11405796,11409041,True,2,1,bedrooms,1,+2,3.0,5.0
18,11405796,11409041,True,2,1,bedrooms,2,+3,3.0,6.0
18,11405796,11409041,True,2,1,bedrooms,3,+4,3.0,7.0
18,11405796,11409041,True,2,1,bedrooms,4,+5,3.0,8.0
18,11405796,11409041,True,2,1,bedrooms,5,+6,3.0,9.0
18,11405796,11409041,True,2,1,bedrooms,6,+7,3.0,10.0
18,11405796,11409041,True,2,1,bathrooms,0,+1,1.0,2.0
18,11405796,11409041,True,2,1,bathrooms,1,+2,1.0,3.0
18,11405796,11409041,True,2,1,bathrooms,2,+3,1.0,4.0
18,11405796,11409041,True,2,1,bathrooms,3,+4,1.0,5.0
18,11405796,11409041,True,2,1,bathrooms,4,+5,1.0,6.0
18,11405796,11409041,True,2,1,bathrooms,5,+6,1.0,7.0
18,11405796,11409041,True,2,1,bathrooms,6,+7,1.0,8.0
18,11405796,11409041,True,2,1,bathrooms,7,+8,1.0,9.0
18,11405796,11409041,True,2,1,bathrooms,8,+9,1.0,10.0
18,11405796,11409041,True,2,1,yearBuilt,0,+2yr,1940.0,1942.0
18,11405796,11409041,True,2,1,yearBuilt,1,+4yr,1940.0,1944.0
18,11405796,11409041,True,2,1,yearBuilt,2,+6yr,1940.0,1946.0
18,11405796,11409041,True,2,1,yearBuilt,3,+8yr,1940.0,1948.0
18,11405796,11409041,True,2,1,yearBuilt,4,+10yr,1940.0,1950.0
18,11405796,11409041,True,2,1,yearBuilt,5,+12yr,1940.0,1952.0
18,11405796,11409041,True,2,1,yearBuilt,6,+14yr,1940.0,1954.0
18,11405796,11409041,True,2,1,yearBuilt,7,+16yr,1940.0,1956.0
18,11405796,11409041,True,2,1,yearBuilt,8,+18yr,1940.0,1958.0
18,11405796,11409041,True,2,1,yearBuilt,9,+20yr,1940.0,1960.0
18,11405796,11409041,True,2,1,yearBuilt,10,+22yr,1940.0,1962.0
18,11405796,11409041,True,2,1,yearBuilt,11,+24yr,1940.0,1964.0
18,11405796,11409041,True,2,1,yearBuilt,12,+26yr,1940.0,1966.0
18,11405796,11409041,True,2,1,yearBuilt,13,+28yr,1940.0,1968.0
18,11405796,11409041,True,2,1,yearBuilt,14,+30yr,1940.0,1970.0
18,11405796,11409041,True,2,1,yearBuilt,15,+32yr,1940.0,1972.0
18,11405796,11409041,True,2,1,yearBuilt,16,+34yr,1940.0,1974.0
18,11405796,11409041,True,2,1,yearBuilt,17,+36yr,1940.0,1976.0
18,11405796,11409041,True,2,1,yearBuilt,18,+38yr,1940.0,1978.0
18,11405796,11409041,True,2,1,yearBuilt,19,+40yr,1940.0,1980.0
18,11405796,11409041,True,2,1,yearBuilt,20,+42yr,1940.0,1982.0
18,11405796,11409041,True,2,1,yearBuilt,21,+44yr,1940.0,1984.0
18,11405796,11409041,True,2,1,yearBuilt,22,+46yr,1940.0,1986.0
18,11405796,11409041,True,2,1,yearBuilt,23,+48yr,1940.0,1988.0
18,11405796,11409041,True,2,1,yearBuilt,24,+50yr,1940.0,1990.0
18,11405796,11409041,True,2,1,yearBuilt,25,+52yr,1940.0,1992.0
18,11405796,11409041,True,2,1,yearBuilt,26,+54yr,1940.0,1994.0
18,11405796,11409041,True,2,1,yearBuilt,27,+56yr,1940.0,1996.0
18,11405796,11409041,True,2,1,yearBuilt,28,+58yr,1940.0,1998.0
18,11405796,11409041,True,2,1,yearBuilt,29,+60yr,1940.0,2000.0
18,11405796,11409041,True,2,1,yearBuilt,30,+62yr,1940.0,2002.0
18,11405796,11409041,True,2,1,yearBuilt,31,+64yr,1940.0,2004.0
18,11405796,11409041,True,2,1,yearBuilt,32,+66yr,1940.0,2006.0
18,11405796,11409041,True,2,1,yearBuilt,33,+68yr,1940.0,2008.0
18,11405796,11409041,True,2,1,yearBuilt,34,+70yr,1940.0,2010.0
18,11405796,11409041,True,2,1,yearBuilt,35,+72yr,1940.0,2012.0
18,11405796,11409041,True,2,1,yearBuilt,36,+74yr,1940.0,2014.0
18,11405796,11409041,True,2,1,yearBuilt,37,+76yr,1940.0,2016.0
18,11405796,11409041,True,2,1,yearBuilt,38,+78yr,1940.0,2018.0
18,11405796,11409041,True,2,1,yearBuilt,39,+80yr,1940.0,2020.0
18,11405796,11409041,True,2,1,yearBuilt,40,+82yr,1940.0,2022.0
18,11405796,11409041,True,2,1,yearBuilt,41,+84yr,1940.0,2024.0
18,11405796,11409041,True,2,1,lot,0,+100sqft,3300.0,3400.0
18,11405796,11409041,True,2,1,lot,1,+200sqft,3300.0,3500.0
18,11405796,11409041,True,2,1,lot,2,+300sqft,3300.0,3600.0
18,11405796,11409041,True,2,1,lot,3,+400sqft,3300.0,3700.0
18,11405796,11409041,True,2,1,lot,4,+500sqft,3300.0,3800.0
18,11405796,11409041,True,2,1,lot,5,+600sqft,3300.0,3900.0
18,11405796,11409041,True,2,1,lot,6,+700sqft,3300.0,4000.0
18,11405796,11409041,True,2,1,lot,7,+800sqft,3300.0,4100.0
18,11405796,11409041,True,2,1,lot,8,+900sqft,3300.0,4200.0
18,11405796,11409041,True,2,1,lot,9,+1000sqft,3300.0,4300.0
18,11405796,11409041,True,2,1,lot,10,+1100sqft,3300.0,4400.0
18,11405796,11409041,True,2,1,lot,11,+1200sqft,3300.0,4500.0
18,11405796,11409041,True,2,1,lot,12,+1300sqft,3300.0,4600.0
18,11405796,11409041,True,2,1,lot,13,+1400sqft,3300.0,4700.0
18,11405796,11409041,True,2,1,lot,14,+1500sqft,3300.0,4800.0
18,11405796,11409041,True,2,1,lot,15,+1600sqft,3300.0,4900.0
18,11405796,11409041,True,2,1,lot,16,+1700sqft,3300.0,5000.0
18,11405796,11409041,True,2,1,lot,17,+1800sqft,3300.0,5100.0
18,11405796,11409041,True,2,1,lot,18,+1900sqft,3300.0,5200.0
18,11405796,11409041,True,2,1,lot,19,+2000sqft,3300.0,5300.0
18,11405796,11409041,True,2,1,lot,20,+2100sqft,3300.0,5400.0
18,11405796,11409041,True,2,1,lot,21,+2200sqft,3300.0,5500.0
18,11405796,11409041,True,2,1,lot,22,+2300sqft,3300.0,5600.0
18,11405796,11409041,True,2,1,lot,23,+2400sqft,3300.0,5700.0
18,11405796,11409041,True,2,1,lot,24,+2500sqft,3300.0,5800.0
18,11405796,11409041,True,2,1,lot,25,+2600sqft,3300.0,5900.0
18,11405796,11409041,True,2,1,lot,26,+2700sqft,3300.0,6000.0
18,11405796,11409041,True,2,1,lot,27,+2800sqft,3300.0,6100.0
18,11405796,11409041,True,2,1,lot,28,+2900sqft,3300.0,6200.0
18,11405796,11409041,True,2,1,lot,29,+3000sqft,3300.0,6300.0
18,11405796,11409041,True,2,1,lot,30,+3100sqft,3300.0,6400.0
18,11405796,11409041,True,2,1,lot,31,+3200sqft,3300.0,6500.0
18,11405796,11409041,True,2,1,lot,32,+3300sqft,3300.0,6600.0
18,11405796,11409041,True,2,1,lot,33,+3400sqft,3300.0,6700.0
18,11405796,11409041,True,2,1,lot,34,+3500sqft,3300.0,6800.0
18,11405796,11409041,True,2,1,lot,35,+3600sqft,3300.0,6900.0
18,11405796,11409041,True,2,1,lot,36,+3700sqft,3300.0,7000.0
18,11405796,11409041,True,2,1,lot,37,+3800sqft,3300.0,7100.0
18,11405796,11409041,True,2,1,lot,38,+3900sqft,3300.0,7200.0
18,11405796,11409041,True,2,1,lot,39,+4000sqft,3300.0,7300.0
18,11405796,11409041,True,2,1,lot,40,+4100sqft,3300.0,7400.0
18,11405796,11409041,True,2,1,lot,41,+4200sqft,3300.0,7500.0
18,11405796,11409041,True,2,1,lot,42,+4300sqft,3300.0,7600.0
18,11405796,11409041,True,2,1,lot,43,+4400sqft,3300.0,7700.0
18,11405796,11409041,True,2,1,lot,44,+4500sqft,3300.0,7800.0
18,11405796,11409041,True,2,1,lot,45,+4600sqft,3300.0,7900.0
18,11405796,11409041,True,2,1,lot,46,+4700sqft,3300.0,8000.0
18,11405796,11409041,True,2,1,lot,47,+4800sqft,3300.0,8100.0
18,11405796,11409041,True,2,1,lot,48,+4900sqft,3300.0,8200.0
18,11405796,11409041,True,2,1,lot,49,+5000sqft,3300.0,8300.0
19,59134121,59136299,True,2,1,bedrooms,0,+1,3.0,4.0
19,59134121,59136299,True,2,1,bedrooms,1,+2,3.0,5.0
19,59134121,59136299,True,2,1,bedrooms,2,+3,3.0,6.0
19,59134121,59136299,True,2,1,bedrooms,3,+4,3.0,7.0
19,59134121,59136299,True,2,1,bedrooms,4,+5,3.0,8.0
19,59134121,59136299,True,2,1,bedrooms,5,+6,3.0,9.0
19,59134121,59136299,True,2,1,bedrooms,6,+7,3.0,10.0
19,59134121,59136299,True,2,1,bathrooms,0,+1,1.0,2.0
19,59134121,59136299,True,2,1,bathrooms,1,+2,1.0,3.0
19,59134121,59136299,True,2,1,bathrooms,2,+3,1.0,4.0
19,59134121,59136299,True,2,1,bathrooms,3,+4,1.0,5.0
19,59134121,59136299,True,2,1,bathrooms,4,+5,1.0,6.0
19,59134121,59136299,True,2,1,bathrooms,5,+6,1.0,7.0
19,59134121,59136299,True,2,1,bathrooms,6,+7,1.0,8.0
19,59134121,59136299,True,2,1,bathrooms,7,+8,1.0,9.0
19,59134121,59136299,True,2,1,bathrooms,8,+9,1.0,10.0
19,59134121,59136299,True,2,1,yearBuilt,0,+2yr,1950.0,1952.0
19,59134121,59136299,True,2,1,yearBuilt,1,+4yr,1950.0,1954.0
19,59134121,59136299,True,2,1,yearBuilt,2,+6yr,1950.0,1956.0
19,59134121,59136299,True,2,1,yearBuilt,3,+8yr,1950.0,1958.0
19,59134121,59136299,True,2,1,yearBuilt,4,+10yr,1950.0,1960.0
19,59134121,59136299,True,2,1,yearBuilt,5,+12yr,1950.0,1962.0
19,59134121,59136299,True,2,1,yearBuilt,6,+14yr,1950.0,1964.0
19,59134121,59136299,True,2,1,yearBuilt,7,+16yr,1950.0,1966.0
19,59134121,59136299,True,2,1,yearBuilt,8,+18yr,1950.0,1968.0
19,59134121,59136299,True,2,1,yearBuilt,9,+20yr,1950.0,1970.0
19,59134121,59136299,True,2,1,yearBuilt,10,+22yr,1950.0,1972.0
19,59134121,59136299,True,2,1,yearBuilt,11,+24yr,1950.0,1974.0
19,59134121,59136299,True,2,1,yearBuilt,12,+26yr,1950.0,1976.0
19,59134121,59136299,True,2,1,yearBuilt,13,+28yr,1950.0,1978.0
19,59134121,59136299,True,2,1,yearBuilt,14,+30yr,1950.0,1980.0
19,59134121,59136299,True,2,1,yearBuilt,15,+32yr,1950.0,1982.0
19,59134121,59136299,True,2,1,yearBuilt,16,+34yr,1950.0,1984.0
19,59134121,59136299,True,2,1,yearBuilt,17,+36yr,1950.0,1986.0
19,59134121,59136299,True,2,1,yearBuilt,18,+38yr,1950.0,1988.0
19,59134121,59136299,True,2,1,yearBuilt,19,+40yr,1950.0,1990.0
19,59134121,59136299,True,2,1,yearBuilt,20,+42yr,1950.0,1992.0
19,59134121,59136299,True,2,1,yearBuilt,21,+44yr,1950.0,1994.0
19,59134121,59136299,True,2,1,yearBuilt,22,+46yr,1950.0,1996.0
19,59134121,59136299,True,2,1,yearBuilt,23,+48yr,1950.0,1998.0
19,59134121,59136299,True,2,1,yearBuilt,24,+50yr,1950.0,2000.0
19,59134121,59136299,True,2,1,yearBuilt,25,+52yr,1950.0,2002.0
19,59134121,59136299,True,2,1,yearBuilt,26,+54yr,1950.0,2004.0
19,59134121,59136299,True,2,1,yearBuilt,27,+56yr,1950.0,2006.0
19,59134121,59136299,True,2,1,yearBuilt,28,+58yr,1950.0,2008.0
19,59134121,59136299,True,2,1,yearBuilt,29,+60yr,1950.0,2010.0
19,59134121,59136299,True,2,1,yearBuilt,30,+62yr,1950.0,2012.0
19,59134121,59136299,True,2,1,yearBuilt,31,+64yr,1950.0,2014.0
19,59134121,59136299,True,2,1,yearBuilt,32,+66yr,1950.0,2016.0
19,59134121,59136299,True,2,1,yearBuilt,33,+68yr,1950.0,2018.0
19,59134121,59136299,True,2,1,yearBuilt,34,+70yr,1950.0,2020.0
19,59134121,59136299,True,2,1,yearBuilt,35,+72yr,1950.0,2022.0
19,59134121,59136299,True,2,1,yearBuilt,36,+74yr,1950.0,2024.0
19,59134121,59136299,True,2,1,lot,0,+100sqft,3484.0,3584.0
19,59134121,59136299,True,2,1,lot,1,+200sqft,3484.0,3684.0
19,59134121,59136299,True,2,1,lot,2,+300sqft,3484.0,3784.0
19,59134121,59136299,True,2,1,lot,3,+400sqft,3484.0,3884.0
19,59134121,59136299,True,2,1,lot,4,+500sqft,3484.0,3984.0
19,59134121,59136299,True,2,1,lot,5,+600sqft,3484.0,4084.0
19,59134121,59136299,True,2,1,lot,6,+700sqft,3484.0,4184.0
19,59134121,59136299,True,2,1,lot,7,+800sqft,3484.0,4284.0
19,59134121,59136299,True,2,1,lot,8,+900sqft,3484.0,4384.0
19,59134121,59136299,True,2,1,lot,9,+1000sqft,3484.0,4484.0
19,59134121,59136299,True,2,1,lot,10,+1100sqft,3484.0,4584.0
19,59134121,59136299,True,2,1,lot,11,+1200sqft,3484.0,4684.0
19,59134121,59136299,True,2,1,lot,12,+1300sqft,3484.0,4784.0
19,59134121,59136299,True,2,1,lot,13,+1400sqft,3484.0,4884.0
19,59134121,59136299,True,2,1,lot,14,+1500sqft,3484.0,4984.0
19,59134121,59136299,True,2,1,lot,15,+1600sqft,3484.0,5084.0
19,59134121,59136299,True,2,1,lot,16,+1700sqft,3484.0,5184.0
19,59134121,59136299,True,2,1,lot,17,+1800sqft,3484.0,5284.0
19,59134121,59136299,True,2,1,lot,18,+1900sqft,3484.0,5384.0
19,59134121,59136299,True,2,1,lot,19,+2000sqft,3484.0,5484.0
19,59134121,59136299,True,2,1,lot,20,+2100sqft,3484.0,5584.0
19,59134121,59136299,True,2,1,lot,21,+2200sqft,3484.0,5684.0
19,59134121,59136299,True,2,1,lot,22,+2300sqft,3484.0,5784.0
19,59134121,59136299,True,2,1,lot,23,+2400sqft,3484.0,5884.0
19,59134121,59136299,True,2,1,lot,24,+2500sqft,3484.0,5984.0
19,59134121,59136299,True,2,1,lot,25,+2600sqft,3484.0,6084.0
19,59134121,59136299,True,2,1,lot,26,+2700sqft,3484.0,6184.0
19,59134121,59136299,True,2,1,lot,27,+2800sqft,3484.0,6284.0
19,59134121,59136299,True,2,1,lot,28,+2900sqft,3484.0,6384.0
19,59134121,59136299,True,2,1,lot,29,+3000sqft,3484.0,6484.0
19,59134121,59136299,True,2,1,lot,30,+3100sqft,3484.0,6584.0
19,59134121,59136299,True,2,1,lot,31,+3200sqft,3484.0,6684.0
19,59134121,59136299,True,2,1,lot,32,+3300sqft,3484.0,6784.0
19,59134121,59136299,True,2,1,lot,33,+3400sqft,3484.0,6884.0
19,59134121,59136299,True,2,1,lot,34,+3500sqft,3484.0,6984.0
19,59134121,59136299,True,2,1,lot,35,+3600sqft,3484.0,7084.0
19,59134121,59136299,True,2,1,lot,36,+3700sqft,3484.0,7184.0
19,59134121,59136299,True,2,1,lot,37,+3800sqft,3484.0,7284.0
19,59134121,59136299,True,2,1,lot,38,+3900sqft,3484.0,7384.0
19,59134121,59136299,True,2,1,lot,39,+4000sqft,3484.0,7484.0
19,59134121,59136299,True,2,1,lot,40,+4100sqft,3484.0,7584.0
19,59134121,59136299,True,2,1,lot,41,+4200sqft,3484.0,7684.0
19,59134121,59136299,True,2,1,lot,42,+4300sqft,3484.0,7784.0
19,59134121,59136299,True,2,1,lot,43,+4400sqft,3484.0,7884.0
19,59134121,59136299,True,2,1,lot,44,+4500sqft,3484.0,7984.0
19,59134121,59136299,True,2,1,lot,45,+4600sqft,3484.0,8084.0
19,59134121,59136299,True,2,1,lot,46,+4700sqft,3484.0,8184.0
19,59134121,59136299,True,2,1,lot,47,+4800sqft,3484.0,8284.0
19,59134121,59136299,True,2,1,lot,48,+4900sqft,3484.0,8384.0
19,59134121,59136299,True,2,1,lot,49,+5000sqft,3484.0,8484.0
20,11492982,11568044,False,1,2,bedrooms,0,+1,3.0,4.0
20,11492982,11568044,False,1,2,bedrooms,1,+2,3.0,5.0
20,11492982,11568044,False,1,2,bedrooms,2,+3,3.0,6.0
20,11492982,11568044,False,1,2,bedrooms,3,+4,3.0,7.0
20,11492982,11568044,False,1,2,bedrooms,4,+5,3.0,8.0
20,11492982,11568044,False,1,2,bedrooms,5,+6,3.0,9.0
20,11492982,11568044,False,1,2,bedrooms,6,+7,3.0,10.0
20,11492982,11568044,False,1,2,bathrooms,0,+1,2.0,3.0
20,11492982,11568044,False,1,2,bathrooms,1,+2,2.0,4.0
20,11492982,11568044,False,1,2,bathrooms,2,+3,2.0,5.0
20,11492982,11568044,False,1,2,bathrooms,3,+4,2.0,6.0
20,11492982,11568044,False,1,2,bathrooms,4,+5,2.0,7.0
20,11492982,11568044,False,1,2,bathrooms,5,+6,2.0,8.0
20,11492982,11568044,False,1,2,bathrooms,6,+7,2.0,9.0
20,11492982,11568044,False,1,2,bathrooms,7,+8,2.0,10.0
20,11492982,11568044,False,1,2,yearBuilt,0,+2yr,1915.0,1917.0
20,11492982,11568044,False,1,2,yearBuilt,1,+4yr,1915.0,1919.0
20,11492982,11568044,False,1,2,yearBuilt,2,+6yr,1915.0,1921.0
20,11492982,11568044,False,1,2,yearBuilt,3,+8yr,1915.0,1923.0
20,11492982,11568044,False,1,2,yearBuilt,4,+10yr,1915.0,1925.0
20,11492982,11568044,False,1,2,yearBuilt,5,+12yr,1915.0,1927.0
20,11492982,11568044,False,1,2,yearBuilt,6,+14yr,1915.0,1929.0
20,11492982,11568044,False,1,2,yearBuilt,7,+16yr,1915.0,1931.0
20,11492982,11568044,False,1,2,yearBuilt,8,+18yr,1915.0,1933.0
20,11492982,11568044,False,1,2,yearBuilt,9,+20yr,1915.0,1935.0
20,11492982,11568044,False,1,2,yearBuilt,10,+22yr,1915.0,1937.0
20,11492982,11568044,False,1,2,yearBuilt,11,+24yr,1915.0,1939.0
20,11492982,11568044,False,1,2,yearBuilt,12,+26yr,1915.0,1941.0
20,11492982,11568044,False,1,2,yearBuilt,13,+28yr,1915.0,1943.0
20,11492982,11568044,False,1,2,yearBuilt,14,+30yr,1915.0,1945.0
20,11492982,11568044,False,1,2,yearBuilt,15,+32yr,1915.0,1947.0
20,11492982,11568044,False,1,2,yearBuilt,16,+34yr,1915.0,1949.0
20,11492982,11568044,False,1,2,yearBuilt,17,+36yr,1915.0,1951.0
20,11492982,11568044,False,1,2,yearBuilt,18,+38yr,1915.0,1953.0
20,11492982,11568044,False,1,2,yearBuilt,19,+40yr,1915.0,1955.0
20,11492982,11568044,False,1,2,yearBuilt,20,+42yr,1915.0,1957.0
20,11492982,11568044,False,1,2,yearBuilt,21,+44yr,1915.0,1959.0
20,11492982,11568044,False,1,2,yearBuilt,22,+46yr,1915.0,1961.0
20,11492982,11568044,False,1,2,yearBuilt,23,+48yr,1915.0,1963.0
20,11492982,11568044,False,1,2,yearBuilt,24,+50yr,1915.0,1965.0
20,11492982,11568044,False,1,2,yearBuilt,25,+52yr,1915.0,1967.0
20,11492982,11568044,False,1,2,yearBuilt,26,+54yr,1915.0,1969.0
20,11492982,11568044,False,1,2,yearBuilt,27,+56yr,1915.0,1971.0
20,11492982,11568044,False,1,2,yearBuilt,28,+58yr,1915.0,1973.0
20,11492982,11568044,False,1,2,yearBuilt,29,+60yr,1915.0,1975.0
20,11492982,11568044,False,1,2,yearBuilt,30,+62yr,1915.0,1977.0
20,11492982,11568044,False,1,2,yearBuilt,31,+64yr,1915.0,1979.0
20,11492982,11568044,False,1,2,yearBuilt,32,+66yr,1915.0,1981.0
20,11492982,11568044,False,1,2,yearBuilt,33,+68yr,1915.0,1983.0
20,11492982,11568044,False,1,2,yearBuilt,34,+70yr,1915.0,1985.0
20,11492982,11568044,False,1,2,yearBuilt,35,+72yr,1915.0,1987.0
20,11492982,11568044,False,1,2,yearBuilt,36,+74yr,1915.0,1989.0
20,11492982,11568044,False,1,2,yearBuilt,37,+76yr,1915.0,1991.0
20,11492982,11568044,False,1,2,yearBuilt,38,+78yr,1915.0,1993.0
20,11492982,11568044,False,1,2,yearBuilt,39,+80yr,1915.0,1995.0
20,11492982,11568044,False,1,2,yearBuilt,40,+82yr,1915.0,1997.0
20,11492982,11568044,False,1,2,yearBuilt,41,+84yr,1915.0,1999.0
20,11492982,11568044,False,1,2,yearBuilt,42,+86yr,1915.0,2001.0
20,11492982,11568044,False,1,2,yearBuilt,43,+88yr,1915.0,2003.0
20,11492982,11568044,False,1,2,yearBuilt,44,+90yr,1915.0,2005.0
20,11492982,11568044,False,1,2,yearBuilt,45,+92yr,1915.0,2007.0
20,11492982,11568044,False,1,2,yearBuilt,46,+94yr,1915.0,2009.0
20,11492982,11568044,False,1,2,lot,0,+100sqft,5501.0,5601.0
20,11492982,11568044,False,1,2,lot,1,+200sqft,5501.0,5701.0
20,11492982,11568044,False,1,2,lot,2,+300sqft,5501.0,5801.0
20,11492982,11568044,False,1,2,lot,3,+400sqft,5501.0,5901.0
20,11492982,11568044,False,1,2,lot,4,+500sqft,5501.0,6001.0
20,11492982,11568044,False,1,2,lot,5,+600sqft,5501.0,6101.0
20,11492982,11568044,False,1,2,lot,6,+700sqft,5501.0,6201.0
20,11492982,11568044,False,1,2,lot,7,+800sqft,5501.0,6301.0
20,11492982,11568044,False,1,2,lot,8,+900sqft,5501.0,6401.0
20,11492982,11568044,False,1,2,lot,9,+1000sqft,5501.0,6501.0
20,11492982,11568044,False,1,2,lot,10,+1100sqft,5501.0,6601.0
20,11492982,11568044,False,1,2,lot,11,+1200sqft,5501.0,6701.0
20,11492982,11568044,False,1,2,lot,12,+1300sqft,5501.0,6801.0
20,11492982,11568044,False,1,2,lot,13,+1400sqft,5501.0,6901.0
20,11492982,11568044,False,1,2,lot,14,+1500sqft,5501.0,7001.0
20,11492982,11568044,False,1,2,lot,15,+1600sqft,5501.0,7101.0
20,11492982,11568044,False,1,2,lot,16,+1700sqft,5501.0,7201.0
20,11492982,11568044,False,1,2,lot,17,+1800sqft,5501.0,7301.0
20,11492982,11568044,False,1,2,lot,18,+1900sqft,5501.0,7401.0
20,11492982,11568044,False,1,2,lot,19,+2000sqft,5501.0,7501.0
20,11492982,11568044,False,1,2,lot,20,+2100sqft,5501.0,7601.0
20,11492982,11568044,False,1,2,lot,21,+2200sqft,5501.0,7701.0
20,11492982,11568044,False,1,2,lot,22,+2300sqft,5501.0,7801.0
20,11492982,11568044,False,1,2,lot,23,+2400sqft,5501.0,7901.0
20,11492982,11568044,False,1,2,lot,24,+2500sqft,5501.0,8001.0
20,11492982,11568044,False,1,2,lot,25,+2600sqft,5501.0,8101.0
20,11492982,11568044,False,1,2,lot,26,+2700sqft,5501.0,8201.0
20,11492982,11568044,False,1,2,lot,27,+2800sqft,5501.0,8301.0
20,11492982,11568044,False,1,2,lot,28,+2900sqft,5501.0,8401.0
20,11492982,11568044,False,1,2,lot,29,+3000sqft,5501.0,8501.0
20,11492982,11568044,False,1,2,lot,30,+3100sqft,5501.0,8601.0
20,11492982,11568044,False,1,2,lot,31,+3200sqft,5501.0,8701.0
20,11492982,11568044,False,1,2,lot,32,+3300sqft,5501.0,8801.0
20,11492982,11568044,False,1,2,lot,33,+3400sqft,5501.0,8901.0
20,11492982,11568044,False,1,2,lot,34,+3500sqft,5501.0,9001.0
20,11492982,11568044,False,1,2,lot,35,+3600sqft,5501.0,9101.0
20,11492982,11568044,False,1,2,lot,36,+3700sqft,5501.0,9201.0
20,11492982,11568044,False,1,2,lot,37,+3800sqft,5501.0,9301.0
20,11492982,11568044,False,1,2,lot,38,+3900sqft,5501.0,9401.0
20,11492982,11568044,False,1,2,lot,39,+4000sqft,5501.0,9501.0
20,11492982,11568044,False,1,2,lot,40,+4100sqft,5501.0,9601.0
20,11492982,11568044,False,1,2,lot,41,+4200sqft,5501.0,9701.0
20,11492982,11568044,False,1,2,lot,42,+4300sqft,5501.0,9801.0
20,11492982,11568044,False,1,2,lot,43,+4400sqft,5501.0,9901.0
20,11492982,11568044,False,1,2,lot,44,+4500sqft,5501.0,10001.0
20,11492982,11568044,False,1,2,lot,45,+4600sqft,5501.0,10101.0
20,11492982,11568044,False,1,2,lot,46,+4700sqft,5501.0,10201.0
20,11492982,11568044,False,1,2,lot,47,+4800sqft,5501.0,10301.0
20,11492982,11568044,False,1,2,lot,48,+4900sqft,5501.0,10401.0
20,11492982,11568044,False,1,2,lot,49,+5000sqft,5501.0,10501.0
21,11391129,11468155,True,2,1,bedrooms,0,+1,2.0,3.0
21,11391129,11468155,True,2,1,bedrooms,1,+2,2.0,4.0
21,11391129,11468155,True,2,1,bedrooms,2,+3,2.0,5.0
21,11391129,11468155,True,2,1,bedrooms,3,+4,2.0,6.0
21,11391129,11468155,True,2,1,bedrooms,4,+5,2.0,7.0
21,11391129,11468155,True,2,1,bedrooms,5,+6,2.0,8.0
21,11391129,11468155,True,2,1,bedrooms,6,+7,2.0,9.0
21,11391129,11468155,True,2,1,bedrooms,7,+8,2.0,10.0
21,11391129,11468155,True,2,1,bathrooms,0,+1,2.0,3.0
21,11391129,11468155,True,2,1,bathrooms,1,+2,2.0,4.0
21,11391129,11468155,True,2,1,bathrooms,2,+3,2.0,5.0
21,11391129,11468155,True,2,1,bathrooms,3,+4,2.0,6.0
21,11391129,11468155,True,2,1,bathrooms,4,+5,2.0,7.0
21,11391129,11468155,True,2,1,bathrooms,5,+6,2.0,8.0
21,11391129,11468155,True,2,1,bathrooms,6,+7,2.0,9.0
21,11391129,11468155,True,2,1,bathrooms,7,+8,2.0,10.0
21,11391129,11468155,True,2,1,yearBuilt,0,+2yr,1994.0,1996.0
21,11391129,11468155,True,2,1,yearBuilt,1,+4yr,1994.0,1998.0
21,11391129,11468155,True,2,1,yearBuilt,2,+6yr,1994.0,2000.0
21,11391129,11468155,True,2,1,yearBuilt,3,+8yr,1994.0,2002.0
21,11391129,11468155,True,2,1,yearBuilt,4,+10yr,1994.0,2004.0
21,11391129,11468155,True,2,1,yearBuilt,5,+12yr,1994.0,2006.0
21,11391129,11468155,True,2,1,yearBuilt,6,+14yr,1994.0,2008.0
21,11391129,11468155,True,2,1,yearBuilt,7,+16yr,1994.0,2010.0
21,11391129,11468155,True,2,1,yearBuilt,8,+18yr,1994.0,2012.0
21,11391129,11468155,True,2,1,yearBuilt,9,+20yr,1994.0,2014.0
21,11391129,11468155,True,2,1,yearBuilt,10,+22yr,1994.0,2016.0
21,11391129,11468155,True,2,1,yearBuilt,11,+24yr,1994.0,2018.0
21,11391129,11468155,True,2,1,yearBuilt,12,+26yr,1994.0,2020.0
21,11391129,11468155,True,2,1,yearBuilt,13,+28yr,1994.0,2022.0
21,11391129,11468155,True,2,1,yearBuilt,14,+30yr,1994.0,2024.0
21,11391129,11468155,True,2,1,lot,0,+100sqft,2224.0,2324.0
21,11391129,11468155,True,2,1,lot,1,+200sqft,2224.0,2424.0
21,11391129,11468155,True,2,1,lot,2,+300sqft,2224.0,2524.0
21,11391129,11468155,True,2,1,lot,3,+400sqft,2224.0,2624.0
21,11391129,11468155,True,2,1,lot,4,+500sqft,2224.0,2724.0
21,11391129,11468155,True,2,1,lot,5,+600sqft,2224.0,2824.0
21,11391129,11468155,True,2,1,lot,6,+700sqft,2224.0,2924.0
21,11391129,11468155,True,2,1,lot,7,+800sqft,2224.0,3024.0
21,11391129,11468155,True,2,1,lot,8,+900sqft,2224.0,3124.0
21,11391129,11468155,True,2,1,lot,9,+1000sqft,2224.0,3224.0
21,11391129,11468155,True,2,1,lot,10,+1100sqft,2224.0,3324.0
21,11391129,11468155,True,2,1,lot,11,+1200sqft,2224.0,3424.0
21,11391129,11468155,True,2,1,lot,12,+1300sqft,2224.0,3524.0
21,11391129,11468155,True,2,1,lot,13,+1400sqft,2224.0,3624.0
21,11391129,11468155,True,2,1,lot,14,+1500sqft,2224.0,3724.0
21,11391129,11468155,True,2,1,lot,15,+1600sqft,2224.0,3824.0
21,11391129,11468155,True,2,1,lot,16,+1700sqft,2224.0,3924.0
21,11391129,11468155,True,2,1,lot,17,+1800sqft,2224.0,4024.0
21,11391129,11468155,True,2,1,lot,18,+1900sqft,2224.0,4124.0
21,11391129,11468155,True,2,1,lot,19,+2000sqft,2224.0,4224.0
21,11391129,11468155,True,2,1,lot,20,+2100sqft,2224.0,4324.0
21,11391129,11468155,True,2,1,lot,21,+2200sqft,2224.0,4424.0
21,11391129,11468155,True,2,1,lot,22,+2300sqft,2224.0,4524.0
21,11391129,11468155,True,2,1,lot,23,+2400sqft,2224.0,4624.0
21,11391129,11468155,True,2,1,lot,24,+2500sqft,2224.0,4724.0
21,11391129,11468155,True,2,1,lot,25,+2600sqft,2224.0,4824.0
21,11391129,11468155,True,2,1,lot,26,+2700sqft,2224.0,4924.0
21,11391129,11468155,True,2,1,lot,27,+2800sqft,2224.0,5024.0
21,11391129,11468155,True,2,1,lot,28,+2900sqft,2224.0,5124.0
21,11391129,11468155,True,2,1,lot,29,+3000sqft,2224.0,5224.0
21,11391129,11468155,True,2,1,lot,30,+3100sqft,2224.0,5324.0
21,11391129,11468155,True,2,1,lot,31,+3200sqft,2224.0,5424.0
21,11391129,11468155,True,2,1,lot,32,+3300sqft,2224.0,5524.0
21,11391129,11468155,True,2,1,lot,33,+3400sqft,2224.0,5624.0
21,11391129,11468155,True,2,1,lot,34,+3500sqft,2224.0,5724.0
21,11391129,11468155,True,2,1,lot,35,+3600sqft,2224.0,5824.0
21,11391129,11468155,True,2,1,lot,36,+3700sqft,2224.0,5924.0
21,11391129,11468155,True,2,1,lot,37,+3800sqft,2224.0,6024.0
21,11391129,11468155,True,2,1,lot,38,+3900sqft,2224.0,6124.0
21,11391129,11468155,True,2,1,lot,39,+4000sqft,2224.0,6224.0
21,11391129,11468155,True,2,1,lot,40,+4100sqft,2224.0,6324.0
21,11391129,11468155,True,2,1,lot,41,+4200sqft,2224.0,6424.0
21,11391129,11468155,True,2,1,lot,42,+4300sqft,2224.0,6524.0
21,11391129,11468155,True,2,1,lot,43,+4400sqft,2224.0,6624.0
21,11391129,11468155,True,2,1,lot,44,+4500sqft,2224.0,6724.0
21,11391129,11468155,True,2,1,lot,45,+4600sqft,2224.0,6824.0
21,11391129,11468155,True,2,1,lot,46,+4700sqft,2224.0,6924.0
21,11391129,11468155,True,2,1,lot,47,+4800sqft,2224.0,7024.0
21,11391129,11468155,True,2,1,lot,48,+4900sqft,2224.0,7124.0
21,11391129,11468155,True,2,1,lot,49,+5000sqft,2224.0,7224.0
22,11429833,11506473,True,2,1,bedrooms,0,+1,3.0,4.0
22,11429833,11506473,True,2,1,bedrooms,1,+2,3.0,5.0
22,11429833,11506473,True,2,1,bedrooms,2,+3,3.0,6.0
22,11429833,11506473,True,2,1,bedrooms,3,+4,3.0,7.0
22,11429833,11506473,True,2,1,bedrooms,4,+5,3.0,8.0
22,11429833,11506473,True,2,1,bedrooms,5,+6,3.0,9.0
22,11429833,11506473,True,2,1,bedrooms,6,+7,3.0,10.0
22,11429833,11506473,True,2,1,bathrooms,0,+1,2.0,3.0
22,11429833,11506473,True,2,1,bathrooms,1,+2,2.0,4.0
22,11429833,11506473,True,2,1,bathrooms,2,+3,2.0,5.0
22,11429833,11506473,True,2,1,bathrooms,3,+4,2.0,6.0
22,11429833,11506473,True,2,1,bathrooms,4,+5,2.0,7.0
22,11429833,11506473,True,2,1,bathrooms,5,+6,2.0,8.0
22,11429833,11506473,True,2,1,bathrooms,6,+7,2.0,9.0
22,11429833,11506473,True,2,1,bathrooms,7,+8,2.0,10.0
22,11429833,11506473,True,2,1,yearBuilt,0,+2yr,1957.0,1959.0
22,11429833,11506473,True,2,1,yearBuilt,1,+4yr,1957.0,1961.0
22,11429833,11506473,True,2,1,yearBuilt,2,+6yr,1957.0,1963.0
22,11429833,11506473,True,2,1,yearBuilt,3,+8yr,1957.0,1965.0
22,11429833,11506473,True,2,1,yearBuilt,4,+10yr,1957.0,1967.0
22,11429833,11506473,True,2,1,yearBuilt,5,+12yr,1957.0,1969.0
22,11429833,11506473,True,2,1,yearBuilt,6,+14yr,1957.0,1971.0
22,11429833,11506473,True,2,1,yearBuilt,7,+16yr,1957.0,1973.0
22,11429833,11506473,True,2,1,yearBuilt,8,+18yr,1957.0,1975.0
22,11429833,11506473,True,2,1,yearBuilt,9,+20yr,1957.0,1977.0
22,11429833,11506473,True,2,1,yearBuilt,10,+22yr,1957.0,1979.0
22,11429833,11506473,True,2,1,yearBuilt,11,+24yr,1957.0,1981.0
22,11429833,11506473,True,2,1,yearBuilt,12,+26yr,1957.0,1983.0
22,11429833,11506473,True,2,1,yearBuilt,13,+28yr,1957.0,1985.0
22,11429833,11506473,True,2,1,yearBuilt,14,+30yr,1957.0,1987.0
22,11429833,11506473,True,2,1,yearBuilt,15,+32yr,1957.0,1989.0
22,11429833,11506473,True,2,1,yearBuilt,16,+34yr,1957.0,1991.0
22,11429833,11506473,True,2,1,yearBuilt,17,+36yr,1957.0,1993.0
22,11429833,11506473,True,2,1,yearBuilt,18,+38yr,1957.0,1995.0
22,11429833,11506473,True,2,1,yearBuilt,19,+40yr,1957.0,1997.0
22,11429833,11506473,True,2,1,yearBuilt,20,+42yr,1957.0,1999.0
22,11429833,11506473,True,2,1,yearBuilt,21,+44yr,1957.0,2001.0
22,11429833,11506473,True,2,1,yearBuilt,22,+46yr,1957.0,2003.0
22,11429833,11506473,True,2,1,yearBuilt,23,+48yr,1957.0,2005.0
22,11429833,11506473,True,2,1,yearBuilt,24,+50yr,1957.0,2007.0
22,11429833,11506473,True,2,1,yearBuilt,25,+52yr,1957.0,2009.0
22,11429833,11506473,True,2,1,yearBuilt,26,+54yr,1957.0,2011.0
22,11429833,11506473,True,2,1,yearBuilt,27,+56yr,1957.0,2013.0
22,11429833,11506473,True,2,1,yearBuilt,28,+58yr,1957.0,2015.0
22,11429833,11506473,True,2,1,yearBuilt,29,+60yr,1957.0,2017.0
22,11429833,11506473,True,2,1,yearBuilt,30,+62yr,1957.0,2019.0
22,11429833,11506473,True,2,1,yearBuilt,31,+64yr,1957.0,2021.0
22,11429833,11506473,True,2,1,yearBuilt,32,+66yr,1957.0,2023.0
22,11429833,11506473,True,2,1,yearBuilt,33,+68yr,1957.0,2025.0
22,11429833,11506473,True,2,1,lot,0,+100sqft,6500.0,6600.0
22,11429833,11506473,True,2,1,lot,1,+200sqft,6500.0,6700.0
22,11429833,11506473,True,2,1,lot,2,+300sqft,6500.0,6800.0
22,11429833,11506473,True,2,1,lot,3,+400sqft,6500.0,6900.0
22,11429833,11506473,True,2,1,lot,4,+500sqft,6500.0,7000.0
22,11429833,11506473,True,2,1,lot,5,+600sqft,6500.0,7100.0
22,11429833,11506473,True,2,1,lot,6,+700sqft,6500.0,7200.0
22,11429833,11506473,True,2,1,lot,7,+800sqft,6500.0,7300.0
22,11429833,11506473,True,2,1,lot,8,+900sqft,6500.0,7400.0
22,11429833,11506473,True,2,1,lot,9,+1000sqft,6500.0,7500.0
22,11429833,11506473,True,2,1,lot,10,+1100sqft,6500.0,7600.0
22,11429833,11506473,True,2,1,lot,11,+1200sqft,6500.0,7700.0
22,11429833,11506473,True,2,1,lot,12,+1300sqft,6500.0,7800.0
22,11429833,11506473,True,2,1,lot,13,+1400sqft,6500.0,7900.0
22,11429833,11506473,True,2,1,lot,14,+1500sqft,6500.0,8000.0
22,11429833,11506473,True,2,1,lot,15,+1600sqft,6500.0,8100.0
22,11429833,11506473,True,2,1,lot,16,+1700sqft,6500.0,8200.0
22,11429833,11506473,True,2,1,lot,17,+1800sqft,6500.0,8300.0
22,11429833,11506473,True,2,1,lot,18,+1900sqft,6500.0,8400.0
22,11429833,11506473,True,2,1,lot,19,+2000sqft,6500.0,8500.0
22,11429833,11506473,True,2,1,lot,20,+2100sqft,6500.0,8600.0
22,11429833,11506473,True,2,1,lot,21,+2200sqft,6500.0,8700.0
22,11429833,11506473,True,2,1,lot,22,+2300sqft,6500.0,8800.0
22,11429833,11506473,True,2,1,lot,23,+2400sqft,6500.0,8900.0
22,11429833,11506473,True,2,1,lot,24,+2500sqft,6500.0,9000.0
22,11429833,11506473,True,2,1,lot,25,+2600sqft,6500.0,9100.0
22,11429833,11506473,True,2,1,lot,26,+2700sqft,6500.0,9200.0
22,11429833,11506473,True,2,1,lot,27,+2800sqft,6500.0,9300.0
22,11429833,11506473,True,2,1,lot,28,+2900sqft,6500.0,9400.0
22,11429833,11506473,True,2,1,lot,29,+3000sqft,6500.0,9500.0
22,11429833,11506473,True,2,1,lot,30,+3100sqft,6500.0,9600.0
22,11429833,11506473,True,2,1,lot,31,+3200sqft,6500.0,9700.0
22,11429833,11506473,True,2,1,lot,32,+3300sqft,6500.0,9800.0
22,11429833,11506473,True,2,1,lot,33,+3400sqft,6500.0,9900.0
22,11429833,11506473,True,2,1,lot,34,+3500sqft,6500.0,10000.0
22,11429833,11506473,True,2,1,lot,35,+3600sqft,6500.0,10100.0
22,11429833,11506473,True,2,1,lot,36,+3700sqft,6500.0,10200.0
22,11429833,11506473,True,2,1,lot,37,+3800sqft,6500.0,10300.0
22,11429833,11506473,True,2,1,lot,38,+3900sqft,6500.0,10400.0
22,11429833,11506473,True,2,1,lot,39,+4000sqft,6500.0,10500.0
22,11429833,11506473,True,2,1,lot,40,+4100sqft,6500.0,10600.0
22,11429833,11506473,True,2,1,lot,41,+4200sqft,6500.0,10700.0
22,11429833,11506473,True,2,1,lot,42,+4300sqft,6500.0,10800.0
22,11429833,11506473,True,2,1,lot,43,+4400sqft,6500.0,10900.0
22,11429833,11506473,True,2,1,lot,44,+4500sqft,6500.0,11000.0
22,11429833,11506473,True,2,1,lot,45,+4600sqft,6500.0,11100.0
22,11429833,11506473,True,2,1,lot,46,+4700sqft,6500.0,11200.0
22,11429833,11506473,True,2,1,lot,47,+4800sqft,6500.0,11300.0
22,11429833,11506473,True,2,1,lot,48,+4900sqft,6500.0,11400.0
22,11429833,11506473,True,2,1,lot,49,+5000sqft,6500.0,11500.0
23,11393919,11467668,True,1,2,bedrooms,0,+1,3.0,4.0
23,11393919,11467668,True,1,2,bedrooms,1,+2,3.0,5.0
23,11393919,11467668,True,1,2,bedrooms,2,+3,3.0,6.0
23,11393919,11467668,True,1,2,bedrooms,3,+4,3.0,7.0
23,11393919,11467668,True,1,2,bedrooms,4,+5,3.0,8.0
23,11393919,11467668,True,1,2,bedrooms,5,+6,3.0,9.0
23,11393919,11467668,True,1,2,bedrooms,6,+7,3.0,10.0
23,11393919,11467668,True,1,2,bathrooms,0,+1,2.0,3.0
23,11393919,11467668,True,1,2,bathrooms,1,+2,2.0,4.0
23,11393919,11467668,True,1,2,bathrooms,2,+3,2.0,5.0
23,11393919,11467668,True,1,2,bathrooms,3,+4,2.0,6.0
23,11393919,11467668,True,1,2,bathrooms,4,+5,2.0,7.0
23,11393919,11467668,True,1,2,bathrooms,5,+6,2.0,8.0
23,11393919,11467668,True,1,2,bathrooms,6,+7,2.0,9.0
23,11393919,11467668,True,1,2,bathrooms,7,+8,2.0,10.0
23,11393919,11467668,True,1,2,yearBuilt,0,+2yr,1955.0,1957.0
23,11393919,11467668,True,1,2,yearBuilt,1,+4yr,1955.0,1959.0
23,11393919,11467668,True,1,2,yearBuilt,2,+6yr,1955.0,1961.0
23,11393919,11467668,True,1,2,yearBuilt,3,+8yr,1955.0,1963.0
23,11393919,11467668,True,1,2,yearBuilt,4,+10yr,1955.0,1965.0
23,11393919,11467668,True,1,2,yearBuilt,5,+12yr,1955.0,1967.0
23,11393919,11467668,True,1,2,yearBuilt,6,+14yr,1955.0,1969.0
23,11393919,11467668,True,1,2,yearBuilt,7,+16yr,1955.0,1971.0
23,11393919,11467668,True,1,2,yearBuilt,8,+18yr,1955.0,1973.0
23,11393919,11467668,True,1,2,yearBuilt,9,+20yr,1955.0,1975.0
23,11393919,11467668,True,1,2,yearBuilt,10,+22yr,1955.0,1977.0
23,11393919,11467668,True,1,2,yearBuilt,11,+24yr,1955.0,1979.0
23,11393919,11467668,True,1,2,yearBuilt,12,+26yr,1955.0,1981.0
23,11393919,11467668,True,1,2,yearBuilt,13,+28yr,1955.0,1983.0
23,11393919,11467668,True,1,2,yearBuilt,14,+30yr,1955.0,1985.0
23,11393919,11467668,True,1,2,yearBuilt,15,+32yr,1955.0,1987.0
23,11393919,11467668,True,1,2,yearBuilt,16,+34yr,1955.0,1989.0
23,11393919,11467668,True,1,2,yearBuilt,17,+36yr,1955.0,1991.0
23,11393919,11467668,True,1,2,yearBuilt,18,+38yr,1955.0,1993.0
23,11393919,11467668,True,1,2,yearBuilt,19,+40yr,1955.0,1995.0
23,11393919,11467668,True,1,2,yearBuilt,20,+42yr,1955.0,1997.0
23,11393919,11467668,True,1,2,yearBuilt,21,+44yr,1955.0,1999.0
23,11393919,11467668,True,1,2,yearBuilt,22,+46yr,1955.0,2001.0
23,11393919,11467668,True,1,2,yearBuilt,23,+48yr,1955.0,2003.0
23,11393919,11467668,True,1,2,yearBuilt,24,+50yr,1955.0,2005.0
23,11393919,11467668,True,1,2,yearBuilt,25,+52yr,1955.0,2007.0
23,11393919,11467668,True,1,2,yearBuilt,26,+54yr,1955.0,2009.0
23,11393919,11467668,True,1,2,yearBuilt,27,+56yr,1955.0,2011.0
23,11393919,11467668,True,1,2,yearBuilt,28,+58yr,1955.0,2013.0
23,11393919,11467668,True,1,2,yearBuilt,29,+60yr,1955.0,2015.0
23,11393919,11467668,True,1,2,yearBuilt,30,+62yr,1955.0,2017.0
23,11393919,11467668,True,1,2,yearBuilt,31,+64yr,1955.0,2019.0
23,11393919,11467668,True,1,2,yearBuilt,32,+66yr,1955.0,2021.0
23,11393919,11467668,True,1,2,yearBuilt,33,+68yr,1955.0,2023.0
23,11393919,11467668,True,1,2,yearBuilt,34,+70yr,1955.0,2025.0
23,11393919,11467668,True,1,2,lot,0,+100sqft,6499.0,6599.0
23,11393919,11467668,True,1,2,lot,1,+200sqft,6499.0,6699.0
23,11393919,11467668,True,1,2,lot,2,+300sqft,6499.0,6799.0
23,11393919,11467668,True,1,2,lot,3,+400sqft,6499.0,6899.0
23,11393919,11467668,True,1,2,lot,4,+500sqft,6499.0,6999.0
23,11393919,11467668,True,1,2,lot,5,+600sqft,6499.0,7099.0
23,11393919,11467668,True,1,2,lot,6,+700sqft,6499.0,7199.0
23,11393919,11467668,True,1,2,lot,7,+800sqft,6499.0,7299.0
23,11393919,11467668,True,1,2,lot,8,+900sqft,6499.0,7399.0
23,11393919,11467668,True,1,2,lot,9,+1000sqft,6499.0,7499.0
23,11393919,11467668,True,1,2,lot,10,+1100sqft,6499.0,7599.0
23,11393919,11467668,True,1,2,lot,11,+1200sqft,6499.0,7699.0
23,11393919,11467668,True,1,2,lot,12,+1300sqft,6499.0,7799.0
23,11393919,11467668,True,1,2,lot,13,+1400sqft,6499.0,7899.0
23,11393919,11467668,True,1,2,lot,14,+1500sqft,6499.0,7999.0
23,11393919,11467668,True,1,2,lot,15,+1600sqft,6499.0,8099.0
23,11393919,11467668,True,1,2,lot,16,+1700sqft,6499.0,8199.0
23,11393919,11467668,True,1,2,lot,17,+1800sqft,6499.0,8299.0
23,11393919,11467668,True,1,2,lot,18,+1900sqft,6499.0,8399.0
23,11393919,11467668,True,1,2,lot,19,+2000sqft,6499.0,8499.0
23,11393919,11467668,True,1,2,lot,20,+2100sqft,6499.0,8599.0
23,11393919,11467668,True,1,2,lot,21,+2200sqft,6499.0,8699.0
23,11393919,11467668,True,1,2,lot,22,+2300sqft,6499.0,8799.0
23,11393919,11467668,True,1,2,lot,23,+2400sqft,6499.0,8899.0
23,11393919,11467668,True,1,2,lot,24,+2500sqft,6499.0,8999.0
23,11393919,11467668,True,1,2,lot,25,+2600sqft,6499.0,9099.0
23,11393919,11467668,True,1,2,lot,26,+2700sqft,6499.0,9199.0
23,11393919,11467668,True,1,2,lot,27,+2800sqft,6499.0,9299.0
23,11393919,11467668,True,1,2,lot,28,+2900sqft,6499.0,9399.0
23,11393919,11467668,True,1,2,lot,29,+3000sqft,6499.0,9499.0
23,11393919,11467668,True,1,2,lot,30,+3100sqft,6499.0,9599.0
23,11393919,11467668,True,1,2,lot,31,+3200sqft,6499.0,9699.0
23,11393919,11467668,True,1,2,lot,32,+3300sqft,6499.0,9799.0
23,11393919,11467668,True,1,2,lot,33,+3400sqft,6499.0,9899.0
23,11393919,11467668,True,1,2,lot,34,+3500sqft,6499.0,9999.0
23,11393919,11467668,True,1,2,lot,35,+3600sqft,6499.0,10099.0
23,11393919,11467668,True,1,2,lot,36,+3700sqft,6499.0,10199.0
23,11393919,11467668,True,1,2,lot,37,+3800sqft,6499.0,10299.0
23,11393919,11467668,True,1,2,lot,38,+3900sqft,6499.0,10399.0
23,11393919,11467668,True,1,2,lot,39,+4000sqft,6499.0,10499.0
23,11393919,11467668,True,1,2,lot,40,+4100sqft,6499.0,10599.0
23,11393919,11467668,True,1,2,lot,41,+4200sqft,6499.0,10699.0
23,11393919,11467668,True,1,2,lot,42,+4300sqft,6499.0,10799.0
23,11393919,11467668,True,1,2,lot,43,+4400sqft,6499.0,10899.0
23,11393919,11467668,True,1,2,lot,44,+4500sqft,6499.0,10999.0
23,11393919,11467668,True,1,2,lot,45,+4600sqft,6499.0,11099.0
23,11393919,11467668,True,1,2,lot,46,+4700sqft,6499.0,11199.0
23,11393919,11467668,True,1,2,lot,47,+4800sqft,6499.0,11299.0
23,11393919,11467668,True,1,2,lot,48,+4900sqft,6499.0,11399.0
23,11393919,11467668,True,1,2,lot,49,+5000sqft,6499.0,11499.0
24,11442092,121887344,True,2,1,bedrooms,0,+1,3.0,4.0
24,11442092,121887344,True,2,1,bedrooms,1,+2,3.0,5.0
24,11442092,121887344,True,2,1,bedrooms,2,+3,3.0,6.0
24,11442092,121887344,True,2,1,bedrooms,3,+4,3.0,7.0
24,11442092,121887344,True,2,1,bedrooms,4,+5,3.0,8.0
24,11442092,121887344,True,2,1,bedrooms,5,+6,3.0,9.0
24,11442092,121887344,True,2,1,bedrooms,6,+7,3.0,10.0
24,11442092,121887344,True,2,1,bathrooms,0,+1,3.0,4.0
24,11442092,121887344,True,2,1,bathrooms,1,+2,3.0,5.0
24,11442092,121887344,True,2,1,bathrooms,2,+3,3.0,6.0
24,11442092,121887344,True,2,1,bathrooms,3,+4,3.0,7.0
24,11442092,121887344,True,2,1,bathrooms,4,+5,3.0,8.0
24,11442092,121887344,True,2,1,bathrooms,5,+6,3.0,9.0
24,11442092,121887344,True,2,1,bathrooms,6,+7,3.0,10.0
24,11442092,121887344,True,2,1,yearBuilt,0,+2yr,1973.0,1975.0
24,11442092,121887344,True,2,1,yearBuilt,1,+4yr,1973.0,1977.0
24,11442092,121887344,True,2,1,yearBuilt,2,+6yr,1973.0,1979.0
24,11442092,121887344,True,2,1,yearBuilt,3,+8yr,1973.0,1981.0
24,11442092,121887344,True,2,1,yearBuilt,4,+10yr,1973.0,1983.0
24,11442092,121887344,True,2,1,yearBuilt,5,+12yr,1973.0,1985.0
24,11442092,121887344,True,2,1,yearBuilt,6,+14yr,1973.0,1987.0
24,11442092,121887344,True,2,1,yearBuilt,7,+16yr,1973.0,1989.0
24,11442092,121887344,True,2,1,yearBuilt,8,+18yr,1973.0,1991.0
24,11442092,121887344,True,2,1,yearBuilt,9,+20yr,1973.0,1993.0
24,11442092,121887344,True,2,1,yearBuilt,10,+22yr,1973.0,1995.0
24,11442092,121887344,True,2,1,yearBuilt,11,+24yr,1973.0,1997.0
24,11442092,121887344,True,2,1,yearBuilt,12,+26yr,1973.0,1999.0
24,11442092,121887344,True,2,1,yearBuilt,13,+28yr,1973.0,2001.0
24,11442092,121887344,True,2,1,yearBuilt,14,+30yr,1973.0,2003.0
24,11442092,121887344,True,2,1,yearBuilt,15,+32yr,1973.0,2005.0
24,11442092,121887344,True,2,1,yearBuilt,16,+34yr,1973.0,2007.0
24,11442092,121887344,True,2,1,yearBuilt,17,+36yr,1973.0,2009.0
24,11442092,121887344,True,2,1,yearBuilt,18,+38yr,1973.0,2011.0
24,11442092,121887344,True,2,1,yearBuilt,19,+40yr,1973.0,2013.0
24,11442092,121887344,True,2,1,yearBuilt,20,+42yr,1973.0,2015.0
24,11442092,121887344,True,2,1,yearBuilt,21,+44yr,1973.0,2017.0
24,11442092,121887344,True,2,1,yearBuilt,22,+46yr,1973.0,2019.0
24,11442092,121887344,True,2,1,yearBuilt,23,+48yr,1973.0,2021.0
24,11442092,121887344,True,2,1,yearBuilt,24,+50yr,1973.0,2023.0
24,11442092,121887344,True,2,1,yearBuilt,25,+52yr,1973.0,2025.0
24,11442092,121887344,True,2,1,lot,0,+100sqft,0.59,0.5923
24,11442092,121887344,True,2,1,lot,1,+200sqft,0.59,0.5946
24,11442092,121887344,True,2,1,lot,2,+300sqft,0.59,0.5969
24,11442092,121887344,True,2,1,lot,3,+400sqft,0.59,0.5992
24,11442092,121887344,True,2,1,lot,4,+500sqft,0.59,0.6015
24,11442092,121887344,True,2,1,lot,5,+600sqft,0.59,0.6038
24,11442092,121887344,True,2,1,lot,6,+700sqft,0.59,0.6061
24,11442092,121887344,True,2,1,lot,7,+800sqft,0.59,0.6084
24,11442092,121887344,True,2,1,lot,8,+900sqft,0.59,0.6107
24,11442092,121887344,True,2,1,lot,9,+1000sqft,0.59,0.613
24,11442092,121887344,True,2,1,lot,10,+1100sqft,0.59,0.6153
24,11442092,121887344,True,2,1,lot,11,+1200sqft,0.59,0.6175
24,11442092,121887344,True,2,1,lot,12,+1300sqft,0.59,0.6198
24,11442092,121887344,True,2,1,lot,13,+1400sqft,0.59,0.6221
24,11442092,121887344,True,2,1,lot,14,+1500sqft,0.59,0.6244
24,11442092,121887344,True,2,1,lot,15,+1600sqft,0.59,0.6267
24,11442092,121887344,True,2,1,lot,16,+1700sqft,0.59,0.629
24,11442092,121887344,True,2,1,lot,17,+1800sqft,0.59,0.6313
24,11442092,121887344,True,2,1,lot,18,+1900sqft,0.59,0.6336
24,11442092,121887344,True,2,1,lot,19,+2000sqft,0.59,0.6359
24,11442092,121887344,True,2,1,lot,20,+2100sqft,0.59,0.6382
24,11442092,121887344,True,2,1,lot,21,+2200sqft,0.59,0.6405
24,11442092,121887344,True,2,1,lot,22,+2300sqft,0.59,0.6428
24,11442092,121887344,True,2,1,lot,23,+2400sqft,0.59,0.6451
24,11442092,121887344,True,2,1,lot,24,+2500sqft,0.59,0.6474
24,11442092,121887344,True,2,1,lot,25,+2600sqft,0.59,0.6497
24,11442092,121887344,True,2,1,lot,26,+2700sqft,0.59,0.652
24,11442092,121887344,True,2,1,lot,27,+2800sqft,0.59,0.6543
24,11442092,121887344,True,2,1,lot,28,+2900sqft,0.59,0.6566
24,11442092,121887344,True,2,1,lot,29,+3000sqft,0.59,0.6589
24,11442092,121887344,True,2,1,lot,30,+3100sqft,0.59,0.6612
24,11442092,121887344,True,2,1,lot,31,+3200sqft,0.59,0.6635
24,11442092,121887344,True,2,1,lot,32,+3300sqft,0.59,0.6658
24,11442092,121887344,True,2,1,lot,33,+3400sqft,0.59,0.6681
24,11442092,121887344,True,2,1,lot,34,+3500sqft,0.59,0.6703
24,11442092,121887344,True,2,1,lot,35,+3600sqft,0.59,0.6726
24,11442092,121887344,True,2,1,lot,36,+3700sqft,0.59,0.6749
24,11442092,121887344,True,2,1,lot,37,+3800sqft,0.59,0.6772
24,11442092,121887344,True,2,1,lot,38,+3900sqft,0.59,0.6795
24,11442092,121887344,True,2,1,lot,39,+4000sqft,0.59,0.6818
24,11442092,121887344,True,2,1,lot,40,+4100sqft,0.59,0.6841
24,11442092,121887344,True,2,1,lot,41,+4200sqft,0.59,0.6864
24,11442092,121887344,True,2,1,lot,42,+4300sqft,0.59,0.6887
24,11442092,121887344,True,2,1,lot,43,+4400sqft,0.59,0.691
24,11442092,121887344,True,2,1,lot,44,+4500sqft,0.59,0.6933
24,11442092,121887344,True,2,1,lot,45,+4600sqft,0.59,0.6956
24,11442092,121887344,True,2,1,lot,46,+4700sqft,0.59,0.6979
24,11442092,121887344,True,2,1,lot,47,+4800sqft,0.59,0.7002
24,11442092,121887344,True,2,1,lot,48,+4900sqft,0.59,0.7025
24,11442092,121887344,True,2,1,lot,49,+5000sqft,0.59,0.7048
25,11540399,11639336,True,1,2,bedrooms,0,+1,3.0,4.0
25,11540399,11639336,True,1,2,bedrooms,1,+2,3.0,5.0
25,11540399,11639336,True,1,2,bedrooms,2,+3,3.0,6.0
25,11540399,11639336,True,1,2,bedrooms,3,+4,3.0,7.0
25,11540399,11639336,True,1,2,bedrooms,4,+5,3.0,8.0
25,11540399,11639336,True,1,2,bedrooms,5,+6,3.0,9.0
25,11540399,11639336,True,1,2,bedrooms,6,+7,3.0,10.0
25,11540399,11639336,True,1,2,bathrooms,0,+1,1.0,2.0
25,11540399,11639336,True,1,2,bathrooms,1,+2,1.0,3.0
25,11540399,11639336,True,1,2,bathrooms,2,+3,1.0,4.0
25,11540399,11639336,True,1,2,bathrooms,3,+4,1.0,5.0
25,11540399,11639336,True,1,2,bathrooms,4,+5,1.0,6.0
25,11540399,11639336,True,1,2,bathrooms,5,+6,1.0,7.0
25,11540399,11639336,True,1,2,bathrooms,6,+7,1.0,8.0
25,11540399,11639336,True,1,2,bathrooms,7,+8,1.0,9.0
25,11540399,11639336,True,1,2,bathrooms,8,+9,1.0,10.0
25,11540399,11639336,True,1,2,yearBuilt,0,+2yr,1920.0,1922.0
25,11540399,11639336,True,1,2,yearBuilt,1,+4yr,1920.0,1924.0
25,11540399,11639336,True,1,2,yearBuilt,2,+6yr,1920.0,1926.0
25,11540399,11639336,True,1,2,yearBuilt,3,+8yr,1920.0,1928.0
25,11540399,11639336,True,1,2,yearBuilt,4,+10yr,1920.0,1930.0
25,11540399,11639336,True,1,2,yearBuilt,5,+12yr,1920.0,1932.0
25,11540399,11639336,True,1,2,yearBuilt,6,+14yr,1920.0,1934.0
25,11540399,11639336,True,1,2,yearBuilt,7,+16yr,1920.0,1936.0
25,11540399,11639336,True,1,2,yearBuilt,8,+18yr,1920.0,1938.0
25,11540399,11639336,True,1,2,yearBuilt,9,+20yr,1920.0,1940.0
25,11540399,11639336,True,1,2,yearBuilt,10,+22yr,1920.0,1942.0
25,11540399,11639336,True,1,2,yearBuilt,11,+24yr,1920.0,1944.0
25,11540399,11639336,True,1,2,yearBuilt,12,+26yr,1920.0,1946.0
25,11540399,11639336,True,1,2,yearBuilt,13,+28yr,1920.0,1948.0
25,11540399,11639336,True,1,2,yearBuilt,14,+30yr,1920.0,1950.0
25,11540399,11639336,True,1,2,yearBuilt,15,+32yr,1920.0,1952.0
25,11540399,11639336,True,1,2,yearBuilt,16,+34yr,1920.0,1954.0
25,11540399,11639336,True,1,2,yearBuilt,17,+36yr,1920.0,1956.0
25,11540399,11639336,True,1,2,yearBuilt,18,+38yr,1920.0,1958.0
25,11540399,11639336,True,1,2,yearBuilt,19,+40yr,1920.0,1960.0
25,11540399,11639336,True,1,2,yearBuilt,20,+42yr,1920.0,1962.0
25,11540399,11639336,True,1,2,yearBuilt,21,+44yr,1920.0,1964.0
25,11540399,11639336,True,1,2,yearBuilt,22,+46yr,1920.0,1966.0
25,11540399,11639336,True,1,2,yearBuilt,23,+48yr,1920.0,1968.0
25,11540399,11639336,True,1,2,yearBuilt,24,+50yr,1920.0,1970.0
25,11540399,11639336,True,1,2,yearBuilt,25,+52yr,1920.0,1972.0
25,11540399,11639336,True,1,2,yearBuilt,26,+54yr,1920.0,1974.0
25,11540399,11639336,True,1,2,yearBuilt,27,+56yr,1920.0,1976.0
25,11540399,11639336,True,1,2,yearBuilt,28,+58yr,1920.0,1978.0
25,11540399,11639336,True,1,2,yearBuilt,29,+60yr,1920.0,1980.0
25,11540399,11639336,True,1,2,yearBuilt,30,+62yr,1920.0,1982.0
25,11540399,11639336,True,1,2,yearBuilt,31,+64yr,1920.0,1984.0
25,11540399,11639336,True,1,2,yearBuilt,32,+66yr,1920.0,1986.0
25,11540399,11639336,True,1,2,yearBuilt,33,+68yr,1920.0,1988.0
25,11540399,11639336,True,1,2,yearBuilt,34,+70yr,1920.0,1990.0
25,11540399,11639336,True,1,2,yearBuilt,35,+72yr,1920.0,1992.0
25,11540399,11639336,True,1,2,yearBuilt,36,+74yr,1920.0,1994.0
25,11540399,11639336,True,1,2,yearBuilt,37,+76yr,1920.0,1996.0
25,11540399,11639336,True,1,2,yearBuilt,38,+78yr,1920.0,1998.0
25,11540399,11639336,True,1,2,yearBuilt,39,+80yr,1920.0,2000.0
25,11540399,11639336,True,1,2,yearBuilt,40,+82yr,1920.0,2002.0
25,11540399,11639336,True,1,2,yearBuilt,41,+84yr,1920.0,2004.0
25,11540399,11639336,True,1,2,yearBuilt,42,+86yr,1920.0,2006.0
25,11540399,11639336,True,1,2,yearBuilt,43,+88yr,1920.0,2008.0
25,11540399,11639336,True,1,2,yearBuilt,44,+90yr,1920.0,2010.0
25,11540399,11639336,True,1,2,yearBuilt,45,+92yr,1920.0,2012.0
25,11540399,11639336,True,1,2,yearBuilt,46,+94yr,1920.0,2014.0
25,11540399,11639336,True,1,2,lot,0,+100sqft,2252.0,2352.0
25,11540399,11639336,True,1,2,lot,1,+200sqft,2252.0,2452.0
25,11540399,11639336,True,1,2,lot,2,+300sqft,2252.0,2552.0
25,11540399,11639336,True,1,2,lot,3,+400sqft,2252.0,2652.0
25,11540399,11639336,True,1,2,lot,4,+500sqft,2252.0,2752.0
25,11540399,11639336,True,1,2,lot,5,+600sqft,2252.0,2852.0
25,11540399,11639336,True,1,2,lot,6,+700sqft,2252.0,2952.0
25,11540399,11639336,True,1,2,lot,7,+800sqft,2252.0,3052.0
25,11540399,11639336,True,1,2,lot,8,+900sqft,2252.0,3152.0
25,11540399,11639336,True,1,2,lot,9,+1000sqft,2252.0,3252.0
25,11540399,11639336,True,1,2,lot,10,+1100sqft,2252.0,3352.0
25,11540399,11639336,True,1,2,lot,11,+1200sqft,2252.0,3452.0
25,11540399,11639336,True,1,2,lot,12,+1300sqft,2252.0,3552.0
25,11540399,11639336,True,1,2,lot,13,+1400sqft,2252.0,3652.0
25,11540399,11639336,True,1,2,lot,14,+1500sqft,2252.0,3752.0
25,11540399,11639336,True,1,2,lot,15,+1600sqft,2252.0,3852.0
25,11540399,11639336,True,1,2,lot,16,+1700sqft,2252.0,3952.0
25,11540399,11639336,True,1,2,lot,17,+1800sqft,2252.0,4052.0
25,11540399,11639336,True,1,2,lot,18,+1900sqft,2252.0,4152.0
25,11540399,11639336,True,1,2,lot,19,+2000sqft,2252.0,4252.0
25,11540399,11639336,True,1,2,lot,20,+2100sqft,2252.0,4352.0
25,11540399,11639336,True,1,2,lot,21,+2200sqft,2252.0,4452.0
25,11540399,11639336,True,1,2,lot,22,+2300sqft,2252.0,4552.0
25,11540399,11639336,True,1,2,lot,23,+2400sqft,2252.0,4652.0
25,11540399,11639336,True,1,2,lot,24,+2500sqft,2252.0,4752.0
25,11540399,11639336,True,1,2,lot,25,+2600sqft,2252.0,4852.0
25,11540399,11639336,True,1,2,lot,26,+2700sqft,2252.0,4952.0
25,11540399,11639336,True,1,2,lot,27,+2800sqft,2252.0,5052.0
25,11540399,11639336,True,1,2,lot,28,+2900sqft,2252.0,5152.0
25,11540399,11639336,True,1,2,lot,29,+3000sqft,2252.0,5252.0
25,11540399,11639336,True,1,2,lot,30,+3100sqft,2252.0,5352.0
25,11540399,11639336,True,1,2,lot,31,+3200sqft,2252.0,5452.0
25,11540399,11639336,True,1,2,lot,32,+3300sqft,2252.0,5552.0
25,11540399,11639336,True,1,2,lot,33,+3400sqft,2252.0,5652.0
25,11540399,11639336,True,1,2,lot,34,+3500sqft,2252.0,5752.0
25,11540399,11639336,True,1,2,lot,35,+3600sqft,2252.0,5852.0
25,11540399,11639336,True,1,2,lot,36,+3700sqft,2252.0,5952.0
25,11540399,11639336,True,1,2,lot,37,+3800sqft,2252.0,6052.0
25,11540399,11639336,True,1,2,lot,38,+3900sqft,2252.0,6152.0
25,11540399,11639336,True,1,2,lot,39,+4000sqft,2252.0,6252.0
25,11540399,11639336,True,1,2,lot,40,+4100sqft,2252.0,6352.0
25,11540399,11639336,True,1,2,lot,41,+4200sqft,2252.0,6452.0
25,11540399,11639336,True,1,2,lot,42,+4300sqft,2252.0,6552.0
25,11540399,11639336,True,1,2,lot,43,+4400sqft,2252.0,6652.0
25,11540399,11639336,True,1,2,lot,44,+4500sqft,2252.0,6752.0
25,11540399,11639336,True,1,2,lot,45,+4600sqft,2252.0,6852.0
25,11540399,11639336,True,1,2,lot,46,+4700sqft,2252.0,6952.0
25,11540399,11639336,True,1,2,lot,47,+4800sqft,2252.0,7052.0
25,11540399,11639336,True,1,2,lot,48,+4900sqft,2252.0,7152.0
25,11540399,11639336,True,1,2,lot,49,+5000sqft,2252.0,7252.0
26,11432769,11580921,True,2,1,bedrooms,0,+1,3.0,4.0
26,11432769,11580921,True,2,1,bedrooms,1,+2,3.0,5.0
26,11432769,11580921,True,2,1,bedrooms,2,+3,3.0,6.0
26,11432769,11580921,True,2,1,bedrooms,3,+4,3.0,7.0
26,11432769,11580921,True,2,1,bedrooms,4,+5,3.0,8.0
26,11432769,11580921,True,2,1,bedrooms,5,+6,3.0,9.0
26,11432769,11580921,True,2,1,bedrooms,6,+7,3.0,10.0
26,11432769,11580921,True,2,1,bathrooms,0,+1,3.0,4.0
26,11432769,11580921,True,2,1,bathrooms,1,+2,3.0,5.0
26,11432769,11580921,True,2,1,bathrooms,2,+3,3.0,6.0
26,11432769,11580921,True,2,1,bathrooms,3,+4,3.0,7.0
26,11432769,11580921,True,2,1,bathrooms,4,+5,3.0,8.0
26,11432769,11580921,True,2,1,bathrooms,5,+6,3.0,9.0
26,11432769,11580921,True,2,1,bathrooms,6,+7,3.0,10.0
26,11432769,11580921,True,2,1,yearBuilt,0,+2yr,1940.0,1942.0
26,11432769,11580921,True,2,1,yearBuilt,1,+4yr,1940.0,1944.0
26,11432769,11580921,True,2,1,yearBuilt,2,+6yr,1940.0,1946.0
26,11432769,11580921,True,2,1,yearBuilt,3,+8yr,1940.0,1948.0
26,11432769,11580921,True,2,1,yearBuilt,4,+10yr,1940.0,1950.0
26,11432769,11580921,True,2,1,yearBuilt,5,+12yr,1940.0,1952.0
26,11432769,11580921,True,2,1,yearBuilt,6,+14yr,1940.0,1954.0
26,11432769,11580921,True,2,1,yearBuilt,7,+16yr,1940.0,1956.0
26,11432769,11580921,True,2,1,yearBuilt,8,+18yr,1940.0,1958.0
26,11432769,11580921,True,2,1,yearBuilt,9,+20yr,1940.0,1960.0
26,11432769,11580921,True,2,1,yearBuilt,10,+22yr,1940.0,1962.0
26,11432769,11580921,True,2,1,yearBuilt,11,+24yr,1940.0,1964.0
26,11432769,11580921,True,2,1,yearBuilt,12,+26yr,1940.0,1966.0
26,11432769,11580921,True,2,1,yearBuilt,13,+28yr,1940.0,1968.0
26,11432769,11580921,True,2,1,yearBuilt,14,+30yr,1940.0,1970.0
26,11432769,11580921,True,2,1,yearBuilt,15,+32yr,1940.0,1972.0
26,11432769,11580921,True,2,1,yearBuilt,16,+34yr,1940.0,1974.0
26,11432769,11580921,True,2,1,yearBuilt,17,+36yr,1940.0,1976.0
26,11432769,11580921,True,2,1,yearBuilt,18,+38yr,1940.0,1978.0
26,11432769,11580921,True,2,1,yearBuilt,19,+40yr,1940.0,1980.0
26,11432769,11580921,True,2,1,yearBuilt,20,+42yr,1940.0,1982.0
26,11432769,11580921,True,2,1,yearBuilt,21,+44yr,1940.0,1984.0
26,11432769,11580921,True,2,1,yearBuilt,22,+46yr,1940.0,1986.0
26,11432769,11580921,True,2,1,yearBuilt,23,+48yr,1940.0,1988.0
26,11432769,11580921,True,2,1,yearBuilt,24,+50yr,1940.0,1990.0
26,11432769,11580921,True,2,1,yearBuilt,25,+52yr,1940.0,1992.0
26,11432769,11580921,True,2,1,yearBuilt,26,+54yr,1940.0,1994.0
26,11432769,11580921,True,2,1,yearBuilt,27,+56yr,1940.0,1996.0
26,11432769,11580921,True,2,1,yearBuilt,28,+58yr,1940.0,1998.0
26,11432769,11580921,True,2,1,yearBuilt,29,+60yr,1940.0,2000.0
26,11432769,11580921,True,2,1,yearBuilt,30,+62yr,1940.0,2002.0
26,11432769,11580921,True,2,1,yearBuilt,31,+64yr,1940.0,2004.0
26,11432769,11580921,True,2,1,yearBuilt,32,+66yr,1940.0,2006.0
26,11432769,11580921,True,2,1,yearBuilt,33,+68yr,1940.0,2008.0
26,11432769,11580921,True,2,1,yearBuilt,34,+70yr,1940.0,2010.0
26,11432769,11580921,True,2,1,yearBuilt,35,+72yr,1940.0,2012.0
26,11432769,11580921,True,2,1,yearBuilt,36,+74yr,1940.0,2014.0
26,11432769,11580921,True,2,1,yearBuilt,37,+76yr,1940.0,2016.0
26,11432769,11580921,True,2,1,yearBuilt,38,+78yr,1940.0,2018.0
26,11432769,11580921,True,2,1,yearBuilt,39,+80yr,1940.0,2020.0
26,11432769,11580921,True,2,1,yearBuilt,40,+82yr,1940.0,2022.0
26,11432769,11580921,True,2,1,yearBuilt,41,+84yr,1940.0,2024.0
26,11432769,11580921,True,2,1,lot,0,+100sqft,9840.0,9940.0
26,11432769,11580921,True,2,1,lot,1,+200sqft,9840.0,10040.0
26,11432769,11580921,True,2,1,lot,2,+300sqft,9840.0,10140.0
26,11432769,11580921,True,2,1,lot,3,+400sqft,9840.0,10240.0
26,11432769,11580921,True,2,1,lot,4,+500sqft,9840.0,10340.0
26,11432769,11580921,True,2,1,lot,5,+600sqft,9840.0,10440.0
26,11432769,11580921,True,2,1,lot,6,+700sqft,9840.0,10540.0
26,11432769,11580921,True,2,1,lot,7,+800sqft,9840.0,10640.0
26,11432769,11580921,True,2,1,lot,8,+900sqft,9840.0,10740.0
26,11432769,11580921,True,2,1,lot,9,+1000sqft,9840.0,10840.0
26,11432769,11580921,True,2,1,lot,10,+1100sqft,9840.0,10940.0
26,11432769,11580921,True,2,1,lot,11,+1200sqft,9840.0,11040.0
26,11432769,11580921,True,2,1,lot,12,+1300sqft,9840.0,11140.0
26,11432769,11580921,True,2,1,lot,13,+1400sqft,9840.0,11240.0
26,11432769,11580921,True,2,1,lot,14,+1500sqft,9840.0,11340.0
26,11432769,11580921,True,2,1,lot,15,+1600sqft,9840.0,11440.0
26,11432769,11580921,True,2,1,lot,16,+1700sqft,9840.0,11540.0
26,11432769,11580921,True,2,1,lot,17,+1800sqft,9840.0,11640.0
26,11432769,11580921,True,2,1,lot,18,+1900sqft,9840.0,11740.0
26,11432769,11580921,True,2,1,lot,19,+2000sqft,9840.0,11840.0
26,11432769,11580921,True,2,1,lot,20,+2100sqft,9840.0,11940.0
26,11432769,11580921,True,2,1,lot,21,+2200sqft,9840.0,12040.0
26,11432769,11580921,True,2,1,lot,22,+2300sqft,9840.0,12140.0
26,11432769,11580921,True,2,1,lot,23,+2400sqft,9840.0,12240.0
26,11432769,11580921,True,2,1,lot,24,+2500sqft,9840.0,12340.0
26,11432769,11580921,True,2,1,lot,25,+2600sqft,9840.0,12440.0
26,11432769,11580921,True,2,1,lot,26,+2700sqft,9840.0,12540.0
26,11432769,11580921,True,2,1,lot,27,+2800sqft,9840.0,12640.0
26,11432769,11580921,True,2,1,lot,28,+2900sqft,9840.0,12740.0
26,11432769,11580921,True,2,1,lot,29,+3000sqft,9840.0,12840.0
26,11432769,11580921,True,2,1,lot,30,+3100sqft,9840.0,12940.0
26,11432769,11580921,True,2,1,lot,31,+3200sqft,9840.0,13040.0
26,11432769,11580921,True,2,1,lot,32,+3300sqft,9840.0,13140.0
26,11432769,11580921,True,2,1,lot,33,+3400sqft,9840.0,13240.0
26,11432769,11580921,True,2,1,lot,34,+3500sqft,9840.0,13340.0
26,11432769,11580921,True,2,1,lot,35,+3600sqft,9840.0,13440.0
26,11432769,11580921,True,2,1,lot,36,+3700sqft,9840.0,13540.0
26,11432769,11580921,True,2,1,lot,37,+3800sqft,9840.0,13640.0
26,11432769,11580921,True,2,1,lot,38,+3900sqft,9840.0,13740.0
26,11432769,11580921,True,2,1,lot,39,+4000sqft,9840.0,13840.0
26,11432769,11580921,True,2,1,lot,40,+4100sqft,9840.0,13940.0
26,11432769,11580921,True,2,1,lot,41,+4200sqft,9840.0,14040.0
26,11432769,11580921,True,2,1,lot,42,+4300sqft,9840.0,14140.0
26,11432769,11580921,True,2,1,lot,43,+4400sqft,9840.0,14240.0
26,11432769,11580921,True,2,1,lot,44,+4500sqft,9840.0,14340.0
26,11432769,11580921,True,2,1,lot,45,+4600sqft,9840.0,14440.0
26,11432769,11580921,True,2,1,lot,46,+4700sqft,9840.0,14540.0
26,11432769,11580921,True,2,1,lot,47,+4800sqft,9840.0,14640.0
26,11432769,11580921,True,2,1,lot,48,+4900sqft,9840.0,14740.0
26,11432769,11580921,True,2,1,lot,49,+5000sqft,9840.0,14840.0
27,11278098,11619813,True,2,1,bedrooms,0,+1,4.0,5.0
27,11278098,11619813,True,2,1,bedrooms,1,+2,4.0,6.0
27,11278098,11619813,True,2,1,bedrooms,2,+3,4.0,7.0
27,11278098,11619813,True,2,1,bedrooms,3,+4,4.0,8.0
27,11278098,11619813,True,2,1,bedrooms,4,+5,4.0,9.0
27,11278098,11619813,True,2,1,bedrooms,5,+6,4.0,10.0
27,11278098,11619813,True,2,1,bathrooms,0,+1,3.0,4.0
27,11278098,11619813,True,2,1,bathrooms,1,+2,3.0,5.0
27,11278098,11619813,True,2,1,bathrooms,2,+3,3.0,6.0
27,11278098,11619813,True,2,1,bathrooms,3,+4,3.0,7.0
27,11278098,11619813,True,2,1,bathrooms,4,+5,3.0,8.0
27,11278098,11619813,True,2,1,bathrooms,5,+6,3.0,9.0
27,11278098,11619813,True,2,1,bathrooms,6,+7,3.0,10.0
27,11278098,11619813,True,2,1,yearBuilt,0,+2yr,1925.0,1927.0
27,11278098,11619813,True,2,1,yearBuilt,1,+4yr,1925.0,1929.0
27,11278098,11619813,True,2,1,yearBuilt,2,+6yr,1925.0,1931.0
27,11278098,11619813,True,2,1,yearBuilt,3,+8yr,1925.0,1933.0
27,11278098,11619813,True,2,1,yearBuilt,4,+10yr,1925.0,1935.0
27,11278098,11619813,True,2,1,yearBuilt,5,+12yr,1925.0,1937.0
27,11278098,11619813,True,2,1,yearBuilt,6,+14yr,1925.0,1939.0
27,11278098,11619813,True,2,1,yearBuilt,7,+16yr,1925.0,1941.0
27,11278098,11619813,True,2,1,yearBuilt,8,+18yr,1925.0,1943.0
27,11278098,11619813,True,2,1,yearBuilt,9,+20yr,1925.0,1945.0
27,11278098,11619813,True,2,1,yearBuilt,10,+22yr,1925.0,1947.0
27,11278098,11619813,True,2,1,yearBuilt,11,+24yr,1925.0,1949.0
27,11278098,11619813,True,2,1,yearBuilt,12,+26yr,1925.0,1951.0
27,11278098,11619813,True,2,1,yearBuilt,13,+28yr,1925.0,1953.0
27,11278098,11619813,True,2,1,yearBuilt,14,+30yr,1925.0,1955.0
27,11278098,11619813,True,2,1,yearBuilt,15,+32yr,1925.0,1957.0
27,11278098,11619813,True,2,1,yearBuilt,16,+34yr,1925.0,1959.0
27,11278098,11619813,True,2,1,yearBuilt,17,+36yr,1925.0,1961.0
27,11278098,11619813,True,2,1,yearBuilt,18,+38yr,1925.0,1963.0
27,11278098,11619813,True,2,1,yearBuilt,19,+40yr,1925.0,1965.0
27,11278098,11619813,True,2,1,yearBuilt,20,+42yr,1925.0,1967.0
27,11278098,11619813,True,2,1,yearBuilt,21,+44yr,1925.0,1969.0
27,11278098,11619813,True,2,1,yearBuilt,22,+46yr,1925.0,1971.0
27,11278098,11619813,True,2,1,yearBuilt,23,+48yr,1925.0,1973.0
27,11278098,11619813,True,2,1,yearBuilt,24,+50yr,1925.0,1975.0
27,11278098,11619813,True,2,1,yearBuilt,25,+52yr,1925.0,1977.0
27,11278098,11619813,True,2,1,yearBuilt,26,+54yr,1925.0,1979.0
27,11278098,11619813,True,2,1,yearBuilt,27,+56yr,1925.0,1981.0
27,11278098,11619813,True,2,1,yearBuilt,28,+58yr,1925.0,1983.0
27,11278098,11619813,True,2,1,yearBuilt,29,+60yr,1925.0,1985.0
27,11278098,11619813,True,2,1,yearBuilt,30,+62yr,1925.0,1987.0
27,11278098,11619813,True,2,1,yearBuilt,31,+64yr,1925.0,1989.0
27,11278098,11619813,True,2,1,yearBuilt,32,+66yr,1925.0,1991.0
27,11278098,11619813,True,2,1,yearBuilt,33,+68yr,1925.0,1993.0
27,11278098,11619813,True,2,1,yearBuilt,34,+70yr,1925.0,1995.0
27,11278098,11619813,True,2,1,yearBuilt,35,+72yr,1925.0,1997.0
27,11278098,11619813,True,2,1,yearBuilt,36,+74yr,1925.0,1999.0
27,11278098,11619813,True,2,1,yearBuilt,37,+76yr,1925.0,2001.0
27,11278098,11619813,True,2,1,yearBuilt,38,+78yr,1925.0,2003.0
27,11278098,11619813,True,2,1,yearBuilt,39,+80yr,1925.0,2005.0
27,11278098,11619813,True,2,1,yearBuilt,40,+82yr,1925.0,2007.0
27,11278098,11619813,True,2,1,yearBuilt,41,+84yr,1925.0,2009.0
27,11278098,11619813,True,2,1,yearBuilt,42,+86yr,1925.0,2011.0
27,11278098,11619813,True,2,1,yearBuilt,43,+88yr,1925.0,2013.0
27,11278098,11619813,True,2,1,yearBuilt,44,+90yr,1925.0,2015.0
27,11278098,11619813,True,2,1,yearBuilt,45,+92yr,1925.0,2017.0
27,11278098,11619813,True,2,1,yearBuilt,46,+94yr,1925.0,2019.0
27,11278098,11619813,True,2,1,lot,0,+100sqft,2400.0,2500.0
27,11278098,11619813,True,2,1,lot,1,+200sqft,2400.0,2600.0
27,11278098,11619813,True,2,1,lot,2,+300sqft,2400.0,2700.0
27,11278098,11619813,True,2,1,lot,3,+400sqft,2400.0,2800.0
27,11278098,11619813,True,2,1,lot,4,+500sqft,2400.0,2900.0
27,11278098,11619813,True,2,1,lot,5,+600sqft,2400.0,3000.0
27,11278098,11619813,True,2,1,lot,6,+700sqft,2400.0,3100.0
27,11278098,11619813,True,2,1,lot,7,+800sqft,2400.0,3200.0
27,11278098,11619813,True,2,1,lot,8,+900sqft,2400.0,3300.0
27,11278098,11619813,True,2,1,lot,9,+1000sqft,2400.0,3400.0
27,11278098,11619813,True,2,1,lot,10,+1100sqft,2400.0,3500.0
27,11278098,11619813,True,2,1,lot,11,+1200sqft,2400.0,3600.0
27,11278098,11619813,True,2,1,lot,12,+1300sqft,2400.0,3700.0
27,11278098,11619813,True,2,1,lot,13,+1400sqft,2400.0,3800.0
27,11278098,11619813,True,2,1,lot,14,+1500sqft,2400.0,3900.0
27,11278098,11619813,True,2,1,lot,15,+1600sqft,2400.0,4000.0
27,11278098,11619813,True,2,1,lot,16,+1700sqft,2400.0,4100.0
27,11278098,11619813,True,2,1,lot,17,+1800sqft,2400.0,4200.0
27,11278098,11619813,True,2,1,lot,18,+1900sqft,2400.0,4300.0
27,11278098,11619813,True,2,1,lot,19,+2000sqft,2400.0,4400.0
27,11278098,11619813,True,2,1,lot,20,+2100sqft,2400.0,4500.0
27,11278098,11619813,True,2,1,lot,21,+2200sqft,2400.0,4600.0
27,11278098,11619813,True,2,1,lot,22,+2300sqft,2400.0,4700.0
27,11278098,11619813,True,2,1,lot,23,+2400sqft,2400.0,4800.0
27,11278098,11619813,True,2,1,lot,24,+2500sqft,2400.0,4900.0
27,11278098,11619813,True,2,1,lot,25,+2600sqft,2400.0,5000.0
27,11278098,11619813,True,2,1,lot,26,+2700sqft,2400.0,5100.0
27,11278098,11619813,True,2,1,lot,27,+2800sqft,2400.0,5200.0
27,11278098,11619813,True,2,1,lot,28,+2900sqft,2400.0,5300.0
27,11278098,11619813,True,2,1,lot,29,+3000sqft,2400.0,5400.0
27,11278098,11619813,True,2,1,lot,30,+3100sqft,2400.0,5500.0
27,11278098,11619813,True,2,1,lot,31,+3200sqft,2400.0,5600.0
27,11278098,11619813,True,2,1,lot,32,+3300sqft,2400.0,5700.0
27,11278098,11619813,True,2,1,lot,33,+3400sqft,2400.0,5800.0
27,11278098,11619813,True,2,1,lot,34,+3500sqft,2400.0,5900.0
27,11278098,11619813,True,2,1,lot,35,+3600sqft,2400.0,6000.0
27,11278098,11619813,True,2,1,lot,36,+3700sqft,2400.0,6100.0
27,11278098,11619813,True,2,1,lot,37,+3800sqft,2400.0,6200.0
27,11278098,11619813,True,2,1,lot,38,+3900sqft,2400.0,6300.0
27,11278098,11619813,True,2,1,lot,39,+4000sqft,2400.0,6400.0
27,11278098,11619813,True,2,1,lot,40,+4100sqft,2400.0,6500.0
27,11278098,11619813,True,2,1,lot,41,+4200sqft,2400.0,6600.0
27,11278098,11619813,True,2,1,lot,42,+4300sqft,2400.0,6700.0
27,11278098,11619813,True,2,1,lot,43,+4400sqft,2400.0,6800.0
27,11278098,11619813,True,2,1,lot,44,+4500sqft,2400.0,6900.0
27,11278098,11619813,True,2,1,lot,45,+4600sqft,2400.0,7000.0
27,11278098,11619813,True,2,1,lot,46,+4700sqft,2400.0,7100.0
27,11278098,11619813,True,2,1,lot,47,+4800sqft,2400.0,7200.0
27,11278098,11619813,True,2,1,lot,48,+4900sqft,2400.0,7300.0
27,11278098,11619813,True,2,1,lot,49,+5000sqft,2400.0,7400.0
28,59125951,59128372,True,2,1,bedrooms,0,+1,3.0,4.0
28,59125951,59128372,True,2,1,bedrooms,1,+2,3.0,5.0
28,59125951,59128372,True,2,1,bedrooms,2,+3,3.0,6.0
28,59125951,59128372,True,2,1,bedrooms,3,+4,3.0,7.0
28,59125951,59128372,True,2,1,bedrooms,4,+5,3.0,8.0
28,59125951,59128372,True,2,1,bedrooms,5,+6,3.0,9.0
28,59125951,59128372,True,2,1,bedrooms,6,+7,3.0,10.0
28,59125951,59128372,True,2,1,bathrooms,0,+1,2.0,3.0
28,59125951,59128372,True,2,1,bathrooms,1,+2,2.0,4.0
28,59125951,59128372,True,2,1,bathrooms,2,+3,2.0,5.0
28,59125951,59128372,True,2,1,bathrooms,3,+4,2.0,6.0
28,59125951,59128372,True,2,1,bathrooms,4,+5,2.0,7.0
28,59125951,59128372,True,2,1,bathrooms,5,+6,2.0,8.0
28,59125951,59128372,True,2,1,bathrooms,6,+7,2.0,9.0
28,59125951,59128372,True,2,1,bathrooms,7,+8,2.0,10.0
28,59125951,59128372,True,2,1,yearBuilt,0,+2yr,1900.0,1902.0
28,59125951,59128372,True,2,1,yearBuilt,1,+4yr,1900.0,1904.0
28,59125951,59128372,True,2,1,yearBuilt,2,+6yr,1900.0,1906.0
28,59125951,59128372,True,2,1,yearBuilt,3,+8yr,1900.0,1908.0
28,59125951,59128372,True,2,1,yearBuilt,4,+10yr,1900.0,1910.0
28,59125951,59128372,True,2,1,yearBuilt,5,+12yr,1900.0,1912.0
28,59125951,59128372,True,2,1,yearBuilt,6,+14yr,1900.0,1914.0
28,59125951,59128372,True,2,1,yearBuilt,7,+16yr,1900.0,1916.0
28,59125951,59128372,True,2,1,yearBuilt,8,+18yr,1900.0,1918.0
28,59125951,59128372,True,2,1,yearBuilt,9,+20yr,1900.0,1920.0
28,59125951,59128372,True,2,1,yearBuilt,10,+22yr,1900.0,1922.0
28,59125951,59128372,True,2,1,yearBuilt,11,+24yr,1900.0,1924.0
28,59125951,59128372,True,2,1,yearBuilt,12,+26yr,1900.0,1926.0
28,59125951,59128372,True,2,1,yearBuilt,13,+28yr,1900.0,1928.0
28,59125951,59128372,True,2,1,yearBuilt,14,+30yr,1900.0,1930.0
28,59125951,59128372,True,2,1,yearBuilt,15,+32yr,1900.0,1932.0
28,59125951,59128372,True,2,1,yearBuilt,16,+34yr,1900.0,1934.0
28,59125951,59128372,True,2,1,yearBuilt,17,+36yr,1900.0,1936.0
28,59125951,59128372,True,2,1,yearBuilt,18,+38yr,1900.0,1938.0
28,59125951,59128372,True,2,1,yearBuilt,19,+40yr,1900.0,1940.0
28,59125951,59128372,True,2,1,yearBuilt,20,+42yr,1900.0,1942.0
28,59125951,59128372,True,2,1,yearBuilt,21,+44yr,1900.0,1944.0
28,59125951,59128372,True,2,1,yearBuilt,22,+46yr,1900.0,1946.0
28,59125951,59128372,True,2,1,yearBuilt,23,+48yr,1900.0,1948.0
28,59125951,59128372,True,2,1,yearBuilt,24,+50yr,1900.0,1950.0
28,59125951,59128372,True,2,1,yearBuilt,25,+52yr,1900.0,1952.0
28,59125951,59128372,True,2,1,yearBuilt,26,+54yr,1900.0,1954.0
28,59125951,59128372,True,2,1,yearBuilt,27,+56yr,1900.0,1956.0
28,59125951,59128372,True,2,1,yearBuilt,28,+58yr,1900.0,1958.0
28,59125951,59128372,True,2,1,yearBuilt,29,+60yr,1900.0,1960.0
28,59125951,59128372,True,2,1,yearBuilt,30,+62yr,1900.0,1962.0
28,59125951,59128372,True,2,1,yearBuilt,31,+64yr,1900.0,1964.0
28,59125951,59128372,True,2,1,yearBuilt,32,+66yr,1900.0,1966.0
28,59125951,59128372,True,2,1,yearBuilt,33,+68yr,1900.0,1968.0
28,59125951,59128372,True,2,1,yearBuilt,34,+70yr,1900.0,1970.0
28,59125951,59128372,True,2,1,yearBuilt,35,+72yr,1900.0,1972.0
28,59125951,59128372,True,2,1,yearBuilt,36,+74yr,1900.0,1974.0
28,59125951,59128372,True,2,1,yearBuilt,37,+76yr,1900.0,1976.0
28,59125951,59128372,True,2,1,yearBuilt,38,+78yr,1900.0,1978.0
28,59125951,59128372,True,2,1,yearBuilt,39,+80yr,1900.0,1980.0
28,59125951,59128372,True,2,1,yearBuilt,40,+82yr,1900.0,1982.0
28,59125951,59128372,True,2,1,yearBuilt,41,+84yr,1900.0,1984.0
28,59125951,59128372,True,2,1,yearBuilt,42,+86yr,1900.0,1986.0
28,59125951,59128372,True,2,1,yearBuilt,43,+88yr,1900.0,1988.0
28,59125951,59128372,True,2,1,yearBuilt,44,+90yr,1900.0,1990.0
28,59125951,59128372,True,2,1,yearBuilt,45,+92yr,1900.0,1992.0
28,59125951,59128372,True,2,1,yearBuilt,46,+94yr,1900.0,1994.0
28,59125951,59128372,True,2,1,lot,0,+100sqft,7840.0,7940.0
28,59125951,59128372,True,2,1,lot,1,+200sqft,7840.0,8040.0
28,59125951,59128372,True,2,1,lot,2,+300sqft,7840.0,8140.0
28,59125951,59128372,True,2,1,lot,3,+400sqft,7840.0,8240.0
28,59125951,59128372,True,2,1,lot,4,+500sqft,7840.0,8340.0
28,59125951,59128372,True,2,1,lot,5,+600sqft,7840.0,8440.0
28,59125951,59128372,True,2,1,lot,6,+700sqft,7840.0,8540.0
28,59125951,59128372,True,2,1,lot,7,+800sqft,7840.0,8640.0
28,59125951,59128372,True,2,1,lot,8,+900sqft,7840.0,8740.0
28,59125951,59128372,True,2,1,lot,9,+1000sqft,7840.0,8840.0
28,59125951,59128372,True,2,1,lot,10,+1100sqft,7840.0,8940.0
28,59125951,59128372,True,2,1,lot,11,+1200sqft,7840.0,9040.0
28,59125951,59128372,True,2,1,lot,12,+1300sqft,7840.0,9140.0
28,59125951,59128372,True,2,1,lot,13,+1400sqft,7840.0,9240.0
28,59125951,59128372,True,2,1,lot,14,+1500sqft,7840.0,9340.0
28,59125951,59128372,True,2,1,lot,15,+1600sqft,7840.0,9440.0
28,59125951,59128372,True,2,1,lot,16,+1700sqft,7840.0,9540.0
28,59125951,59128372,True,2,1,lot,17,+1800sqft,7840.0,9640.0
28,59125951,59128372,True,2,1,lot,18,+1900sqft,7840.0,9740.0
28,59125951,59128372,True,2,1,lot,19,+2000sqft,7840.0,9840.0
28,59125951,59128372,True,2,1,lot,20,+2100sqft,7840.0,9940.0
28,59125951,59128372,True,2,1,lot,21,+2200sqft,7840.0,10040.0
28,59125951,59128372,True,2,1,lot,22,+2300sqft,7840.0,10140.0
28,59125951,59128372,True,2,1,lot,23,+2400sqft,7840.0,10240.0
28,59125951,59128372,True,2,1,lot,24,+2500sqft,7840.0,10340.0
28,59125951,59128372,True,2,1,lot,25,+2600sqft,7840.0,10440.0
28,59125951,59128372,True,2,1,lot,26,+2700sqft,7840.0,10540.0
28,59125951,59128372,True,2,1,lot,27,+2800sqft,7840.0,10640.0
28,59125951,59128372,True,2,1,lot,28,+2900sqft,7840.0,10740.0
28,59125951,59128372,True,2,1,lot,29,+3000sqft,7840.0,10840.0
28,59125951,59128372,True,2,1,lot,30,+3100sqft,7840.0,10940.0
28,59125951,59128372,True,2,1,lot,31,+3200sqft,7840.0,11040.0
28,59125951,59128372,True,2,1,lot,32,+3300sqft,7840.0,11140.0
28,59125951,59128372,True,2,1,lot,33,+3400sqft,7840.0,11240.0
28,59125951,59128372,True,2,1,lot,34,+3500sqft,7840.0,11340.0
28,59125951,59128372,True,2,1,lot,35,+3600sqft,7840.0,11440.0
28,59125951,59128372,True,2,1,lot,36,+3700sqft,7840.0,11540.0
28,59125951,59128372,True,2,1,lot,37,+3800sqft,7840.0,11640.0
28,59125951,59128372,True,2,1,lot,38,+3900sqft,7840.0,11740.0
28,59125951,59128372,True,2,1,lot,39,+4000sqft,7840.0,11840.0
28,59125951,59128372,True,2,1,lot,40,+4100sqft,7840.0,11940.0
28,59125951,59128372,True,2,1,lot,41,+4200sqft,7840.0,12040.0
28,59125951,59128372,True,2,1,lot,42,+4300sqft,7840.0,12140.0
28,59125951,59128372,True,2,1,lot,43,+4400sqft,7840.0,12240.0
28,59125951,59128372,True,2,1,lot,44,+4500sqft,7840.0,12340.0
28,59125951,59128372,True,2,1,lot,45,+4600sqft,7840.0,12440.0
28,59125951,59128372,True,2,1,lot,46,+4700sqft,7840.0,12540.0
28,59125951,59128372,True,2,1,lot,47,+4800sqft,7840.0,12640.0
28,59125951,59128372,True,2,1,lot,48,+4900sqft,7840.0,12740.0
28,59125951,59128372,True,2,1,lot,49,+5000sqft,7840.0,12840.0
29,11469450,11507215,True,2,1,bedrooms,0,+1,2.0,3.0
29,11469450,11507215,True,2,1,bedrooms,1,+2,2.0,4.0
29,11469450,11507215,True,2,1,bedrooms,2,+3,2.0,5.0
29,11469450,11507215,True,2,1,bedrooms,3,+4,2.0,6.0
29,11469450,11507215,True,2,1,bedrooms,4,+5,2.0,7.0
29,11469450,11507215,True,2,1,bedrooms,5,+6,2.0,8.0
29,11469450,11507215,True,2,1,bedrooms,6,+7,2.0,9.0
29,11469450,11507215,True,2,1,bedrooms,7,+8,2.0,10.0
29,11469450,11507215,True,2,1,bathrooms,0,+1,2.0,3.0
29,11469450,11507215,True,2,1,bathrooms,1,+2,2.0,4.0
29,11469450,11507215,True,2,1,bathrooms,2,+3,2.0,5.0
29,11469450,11507215,True,2,1,bathrooms,3,+4,2.0,6.0
29,11469450,11507215,True,2,1,bathrooms,4,+5,2.0,7.0
29,11469450,11507215,True,2,1,bathrooms,5,+6,2.0,8.0
29,11469450,11507215,True,2,1,bathrooms,6,+7,2.0,9.0
29,11469450,11507215,True,2,1,bathrooms,7,+8,2.0,10.0
29,11469450,11507215,True,2,1,yearBuilt,0,+2yr,1940.0,1942.0
29,11469450,11507215,True,2,1,yearBuilt,1,+4yr,1940.0,1944.0
29,11469450,11507215,True,2,1,yearBuilt,2,+6yr,1940.0,1946.0
29,11469450,11507215,True,2,1,yearBuilt,3,+8yr,1940.0,1948.0
29,11469450,11507215,True,2,1,yearBuilt,4,+10yr,1940.0,1950.0
29,11469450,11507215,True,2,1,yearBuilt,5,+12yr,1940.0,1952.0
29,11469450,11507215,True,2,1,yearBuilt,6,+14yr,1940.0,1954.0
29,11469450,11507215,True,2,1,yearBuilt,7,+16yr,1940.0,1956.0
29,11469450,11507215,True,2,1,yearBuilt,8,+18yr,1940.0,1958.0
29,11469450,11507215,True,2,1,yearBuilt,9,+20yr,1940.0,1960.0
29,11469450,11507215,True,2,1,yearBuilt,10,+22yr,1940.0,1962.0
29,11469450,11507215,True,2,1,yearBuilt,11,+24yr,1940.0,1964.0
29,11469450,11507215,True,2,1,yearBuilt,12,+26yr,1940.0,1966.0
29,11469450,11507215,True,2,1,yearBuilt,13,+28yr,1940.0,1968.0
29,11469450,11507215,True,2,1,yearBuilt,14,+30yr,1940.0,1970.0
29,11469450,11507215,True,2,1,yearBuilt,15,+32yr,1940.0,1972.0
29,11469450,11507215,True,2,1,yearBuilt,16,+34yr,1940.0,1974.0
29,11469450,11507215,True,2,1,yearBuilt,17,+36yr,1940.0,1976.0
29,11469450,11507215,True,2,1,yearBuilt,18,+38yr,1940.0,1978.0
29,11469450,11507215,True,2,1,yearBuilt,19,+40yr,1940.0,1980.0
29,11469450,11507215,True,2,1,yearBuilt,20,+42yr,1940.0,1982.0
29,11469450,11507215,True,2,1,yearBuilt,21,+44yr,1940.0,1984.0
29,11469450,11507215,True,2,1,yearBuilt,22,+46yr,1940.0,1986.0
29,11469450,11507215,True,2,1,yearBuilt,23,+48yr,1940.0,1988.0
29,11469450,11507215,True,2,1,yearBuilt,24,+50yr,1940.0,1990.0
29,11469450,11507215,True,2,1,yearBuilt,25,+52yr,1940.0,1992.0
29,11469450,11507215,True,2,1,yearBuilt,26,+54yr,1940.0,1994.0
29,11469450,11507215,True,2,1,yearBuilt,27,+56yr,1940.0,1996.0
29,11469450,11507215,True,2,1,yearBuilt,28,+58yr,1940.0,1998.0
29,11469450,11507215,True,2,1,yearBuilt,29,+60yr,1940.0,2000.0
29,11469450,11507215,True,2,1,yearBuilt,30,+62yr,1940.0,2002.0
29,11469450,11507215,True,2,1,yearBuilt,31,+64yr,1940.0,2004.0
29,11469450,11507215,True,2,1,yearBuilt,32,+66yr,1940.0,2006.0
29,11469450,11507215,True,2,1,yearBuilt,33,+68yr,1940.0,2008.0
29,11469450,11507215,True,2,1,yearBuilt,34,+70yr,1940.0,2010.0
29,11469450,11507215,True,2,1,yearBuilt,35,+72yr,1940.0,2012.0
29,11469450,11507215,True,2,1,yearBuilt,36,+74yr,1940.0,2014.0
29,11469450,11507215,True,2,1,yearBuilt,37,+76yr,1940.0,2016.0
29,11469450,11507215,True,2,1,yearBuilt,38,+78yr,1940.0,2018.0
29,11469450,11507215,True,2,1,yearBuilt,39,+80yr,1940.0,2020.0
29,11469450,11507215,True,2,1,yearBuilt,40,+82yr,1940.0,2022.0
29,11469450,11507215,True,2,1,yearBuilt,41,+84yr,1940.0,2024.0
29,11469450,11507215,True,2,1,lot,0,+100sqft,0.45,0.4523
29,11469450,11507215,True,2,1,lot,1,+200sqft,0.45,0.4546
29,11469450,11507215,True,2,1,lot,2,+300sqft,0.45,0.4569
29,11469450,11507215,True,2,1,lot,3,+400sqft,0.45,0.4592
29,11469450,11507215,True,2,1,lot,4,+500sqft,0.45,0.4615
29,11469450,11507215,True,2,1,lot,5,+600sqft,0.45,0.4638
29,11469450,11507215,True,2,1,lot,6,+700sqft,0.45,0.4661
29,11469450,11507215,True,2,1,lot,7,+800sqft,0.45,0.4684
29,11469450,11507215,True,2,1,lot,8,+900sqft,0.45,0.4707
29,11469450,11507215,True,2,1,lot,9,+1000sqft,0.45,0.473
29,11469450,11507215,True,2,1,lot,10,+1100sqft,0.45,0.4753
29,11469450,11507215,True,2,1,lot,11,+1200sqft,0.45,0.4775
29,11469450,11507215,True,2,1,lot,12,+1300sqft,0.45,0.4798
29,11469450,11507215,True,2,1,lot,13,+1400sqft,0.45,0.4821
29,11469450,11507215,True,2,1,lot,14,+1500sqft,0.45,0.4844
29,11469450,11507215,True,2,1,lot,15,+1600sqft,0.45,0.4867
29,11469450,11507215,True,2,1,lot,16,+1700sqft,0.45,0.489
29,11469450,11507215,True,2,1,lot,17,+1800sqft,0.45,0.4913
29,11469450,11507215,True,2,1,lot,18,+1900sqft,0.45,0.4936
29,11469450,11507215,True,2,1,lot,19,+2000sqft,0.45,0.4959
29,11469450,11507215,True,2,1,lot,20,+2100sqft,0.45,0.4982
29,11469450,11507215,True,2,1,lot,21,+2200sqft,0.45,0.5005
29,11469450,11507215,True,2,1,lot,22,+2300sqft,0.45,0.5028
29,11469450,11507215,True,2,1,lot,23,+2400sqft,0.45,0.5051
29,11469450,11507215,True,2,1,lot,24,+2500sqft,0.45,0.5074
29,11469450,11507215,True,2,1,lot,25,+2600sqft,0.45,0.5097
29,11469450,11507215,True,2,1,lot,26,+2700sqft,0.45,0.512
29,11469450,11507215,True,2,1,lot,27,+2800sqft,0.45,0.5143
29,11469450,11507215,True,2,1,lot,28,+2900sqft,0.45,0.5166
29,11469450,11507215,True,2,1,lot,29,+3000sqft,0.45,0.5189
29,11469450,11507215,True,2,1,lot,30,+3100sqft,0.45,0.5212
29,11469450,11507215,True,2,1,lot,31,+3200sqft,0.45,0.5235
29,11469450,11507215,True,2,1,lot,32,+3300sqft,0.45,0.5258
29,11469450,11507215,True,2,1,lot,33,+3400sqft,0.45,0.5281
29,11469450,11507215,True,2,1,lot,34,+3500sqft,0.45,0.5303
29,11469450,11507215,True,2,1,lot,35,+3600sqft,0.45,0.5326
29,11469450,11507215,True,2,1,lot,36,+3700sqft,0.45,0.5349
29,11469450,11507215,True,2,1,lot,37,+3800sqft,0.45,0.5372
29,11469450,11507215,True,2,1,lot,38,+3900sqft,0.45,0.5395
29,11469450,11507215,True,2,1,lot,39,+4000sqft,0.45,0.5418
29,11469450,11507215,True,2,1,lot,40,+4100sqft,0.45,0.5441
29,11469450,11507215,True,2,1,lot,41,+4200sqft,0.45,0.5464
29,11469450,11507215,True,2,1,lot,42,+4300sqft,0.45,0.5487
29,11469450,11507215,True,2,1,lot,43,+4400sqft,0.45,0.551
29,11469450,11507215,True,2,1,lot,44,+4500sqft,0.45,0.5533
29,11469450,11507215,True,2,1,lot,45,+4600sqft,0.45,0.5556
29,11469450,11507215,True,2,1,lot,46,+4700sqft,0.45,0.5579
29,11469450,11507215,True,2,1,lot,47,+4800sqft,0.45,0.5602
29,11469450,11507215,True,2,1,lot,48,+4900sqft,0.45,0.5625
29,11469450,11507215,True,2,1,lot,49,+5000sqft,0.45,0.5648
30,11467692,11470022,False,2,1,bedrooms,0,+1,3.0,4.0
30,11467692,11470022,False,2,1,bedrooms,1,+2,3.0,5.0
30,11467692,11470022,False,2,1,bedrooms,2,+3,3.0,6.0
30,11467692,11470022,False,2,1,bedrooms,3,+4,3.0,7.0
30,11467692,11470022,False,2,1,bedrooms,4,+5,3.0,8.0
30,11467692,11470022,False,2,1,bedrooms,5,+6,3.0,9.0
30,11467692,11470022,False,2,1,bedrooms,6,+7,3.0,10.0
30,11467692,11470022,False,2,1,bathrooms,0,+1,3.0,4.0
30,11467692,11470022,False,2,1,bathrooms,1,+2,3.0,5.0
30,11467692,11470022,False,2,1,bathrooms,2,+3,3.0,6.0
30,11467692,11470022,False,2,1,bathrooms,3,+4,3.0,7.0
30,11467692,11470022,False,2,1,bathrooms,4,+5,3.0,8.0
30,11467692,11470022,False,2,1,bathrooms,5,+6,3.0,9.0
30,11467692,11470022,False,2,1,bathrooms,6,+7,3.0,10.0
30,11467692,11470022,False,2,1,yearBuilt,0,+2yr,1995.0,1997.0
30,11467692,11470022,False,2,1,yearBuilt,1,+4yr,1995.0,1999.0
30,11467692,11470022,False,2,1,yearBuilt,2,+6yr,1995.0,2001.0
30,11467692,11470022,False,2,1,yearBuilt,3,+8yr,1995.0,2003.0
30,11467692,11470022,False,2,1,yearBuilt,4,+10yr,1995.0,2005.0
30,11467692,11470022,False,2,1,yearBuilt,5,+12yr,1995.0,2007.0
30,11467692,11470022,False,2,1,yearBuilt,6,+14yr,1995.0,2009.0
30,11467692,11470022,False,2,1,yearBuilt,7,+16yr,1995.0,2011.0
30,11467692,11470022,False,2,1,yearBuilt,8,+18yr,1995.0,2013.0
30,11467692,11470022,False,2,1,yearBuilt,9,+20yr,1995.0,2015.0
30,11467692,11470022,False,2,1,yearBuilt,10,+22yr,1995.0,2017.0
30,11467692,11470022,False,2,1,yearBuilt,11,+24yr,1995.0,2019.0
30,11467692,11470022,False,2,1,yearBuilt,12,+26yr,1995.0,2021.0
30,11467692,11470022,False,2,1,yearBuilt,13,+28yr,1995.0,2023.0
30,11467692,11470022,False,2,1,yearBuilt,14,+30yr,1995.0,2025.0
30,11467692,11470022,False,2,1,lot,0,+100sqft,7248.0,7348.0
30,11467692,11470022,False,2,1,lot,1,+200sqft,7248.0,7448.0
30,11467692,11470022,False,2,1,lot,2,+300sqft,7248.0,7548.0
30,11467692,11470022,False,2,1,lot,3,+400sqft,7248.0,7648.0
30,11467692,11470022,False,2,1,lot,4,+500sqft,7248.0,7748.0
30,11467692,11470022,False,2,1,lot,5,+600sqft,7248.0,7848.0
30,11467692,11470022,False,2,1,lot,6,+700sqft,7248.0,7948.0
30,11467692,11470022,False,2,1,lot,7,+800sqft,7248.0,8048.0
30,11467692,11470022,False,2,1,lot,8,+900sqft,7248.0,8148.0
30,11467692,11470022,False,2,1,lot,9,+1000sqft,7248.0,8248.0
30,11467692,11470022,False,2,1,lot,10,+1100sqft,7248.0,8348.0
30,11467692,11470022,False,2,1,lot,11,+1200sqft,7248.0,8448.0
30,11467692,11470022,False,2,1,lot,12,+1300sqft,7248.0,8548.0
30,11467692,11470022,False,2,1,lot,13,+1400sqft,7248.0,8648.0
30,11467692,11470022,False,2,1,lot,14,+1500sqft,7248.0,8748.0
30,11467692,11470022,False,2,1,lot,15,+1600sqft,7248.0,8848.0
30,11467692,11470022,False,2,1,lot,16,+1700sqft,7248.0,8948.0
30,11467692,11470022,False,2,1,lot,17,+1800sqft,7248.0,9048.0
30,11467692,11470022,False,2,1,lot,18,+1900sqft,7248.0,9148.0
30,11467692,11470022,False,2,1,lot,19,+2000sqft,7248.0,9248.0
30,11467692,11470022,False,2,1,lot,20,+2100sqft,7248.0,9348.0
30,11467692,11470022,False,2,1,lot,21,+2200sqft,7248.0,9448.0
30,11467692,11470022,False,2,1,lot,22,+2300sqft,7248.0,9548.0
30,11467692,11470022,False,2,1,lot,23,+2400sqft,7248.0,9648.0
30,11467692,11470022,False,2,1,lot,24,+2500sqft,7248.0,9748.0
30,11467692,11470022,False,2,1,lot,25,+2600sqft,7248.0,9848.0
30,11467692,11470022,False,2,1,lot,26,+2700sqft,7248.0,9948.0
30,11467692,11470022,False,2,1,lot,27,+2800sqft,7248.0,10048.0
30,11467692,11470022,False,2,1,lot,28,+2900sqft,7248.0,10148.0
30,11467692,11470022,False,2,1,lot,29,+3000sqft,7248.0,10248.0
30,11467692,11470022,False,2,1,lot,30,+3100sqft,7248.0,10348.0
30,11467692,11470022,False,2,1,lot,31,+3200sqft,7248.0,10448.0
30,11467692,11470022,False,2,1,lot,32,+3300sqft,7248.0,10548.0
30,11467692,11470022,False,2,1,lot,33,+3400sqft,7248.0,10648.0
30,11467692,11470022,False,2,1,lot,34,+3500sqft,7248.0,10748.0
30,11467692,11470022,False,2,1,lot,35,+3600sqft,7248.0,10848.0
30,11467692,11470022,False,2,1,lot,36,+3700sqft,7248.0,10948.0
30,11467692,11470022,False,2,1,lot,37,+3800sqft,7248.0,11048.0
30,11467692,11470022,False,2,1,lot,38,+3900sqft,7248.0,11148.0
30,11467692,11470022,False,2,1,lot,39,+4000sqft,7248.0,11248.0
30,11467692,11470022,False,2,1,lot,40,+4100sqft,7248.0,11348.0
30,11467692,11470022,False,2,1,lot,41,+4200sqft,7248.0,11448.0
30,11467692,11470022,False,2,1,lot,42,+4300sqft,7248.0,11548.0
30,11467692,11470022,False,2,1,lot,43,+4400sqft,7248.0,11648.0
30,11467692,11470022,False,2,1,lot,44,+4500sqft,7248.0,11748.0
30,11467692,11470022,False,2,1,lot,45,+4600sqft,7248.0,11848.0
30,11467692,11470022,False,2,1,lot,46,+4700sqft,7248.0,11948.0
30,11467692,11470022,False,2,1,lot,47,+4800sqft,7248.0,12048.0
30,11467692,11470022,False,2,1,lot,48,+4900sqft,7248.0,12148.0
30,11467692,11470022,False,2,1,lot,49,+5000sqft,7248.0,12248.0
31,11508783,11581586,True,2,1,bedrooms,0,+1,4.0,5.0
31,11508783,11581586,True,2,1,bedrooms,1,+2,4.0,6.0
31,11508783,11581586,True,2,1,bedrooms,2,+3,4.0,7.0
31,11508783,11581586,True,2,1,bedrooms,3,+4,4.0,8.0
31,11508783,11581586,True,2,1,bedrooms,4,+5,4.0,9.0
31,11508783,11581586,True,2,1,bedrooms,5,+6,4.0,10.0
31,11508783,11581586,True,2,1,bathrooms,0,+1,3.0,4.0
31,11508783,11581586,True,2,1,bathrooms,1,+2,3.0,5.0
31,11508783,11581586,True,2,1,bathrooms,2,+3,3.0,6.0
31,11508783,11581586,True,2,1,bathrooms,3,+4,3.0,7.0
31,11508783,11581586,True,2,1,bathrooms,4,+5,3.0,8.0
31,11508783,11581586,True,2,1,bathrooms,5,+6,3.0,9.0
31,11508783,11581586,True,2,1,bathrooms,6,+7,3.0,10.0
31,11508783,11581586,True,2,1,yearBuilt,0,+2yr,1979.0,1981.0
31,11508783,11581586,True,2,1,yearBuilt,1,+4yr,1979.0,1983.0
31,11508783,11581586,True,2,1,yearBuilt,2,+6yr,1979.0,1985.0
31,11508783,11581586,True,2,1,yearBuilt,3,+8yr,1979.0,1987.0
31,11508783,11581586,True,2,1,yearBuilt,4,+10yr,1979.0,1989.0
31,11508783,11581586,True,2,1,yearBuilt,5,+12yr,1979.0,1991.0
31,11508783,11581586,True,2,1,yearBuilt,6,+14yr,1979.0,1993.0
31,11508783,11581586,True,2,1,yearBuilt,7,+16yr,1979.0,1995.0
31,11508783,11581586,True,2,1,yearBuilt,8,+18yr,1979.0,1997.0
31,11508783,11581586,True,2,1,yearBuilt,9,+20yr,1979.0,1999.0
31,11508783,11581586,True,2,1,yearBuilt,10,+22yr,1979.0,2001.0
31,11508783,11581586,True,2,1,yearBuilt,11,+24yr,1979.0,2003.0
31,11508783,11581586,True,2,1,yearBuilt,12,+26yr,1979.0,2005.0
31,11508783,11581586,True,2,1,yearBuilt,13,+28yr,1979.0,2007.0
31,11508783,11581586,True,2,1,yearBuilt,14,+30yr,1979.0,2009.0
31,11508783,11581586,True,2,1,yearBuilt,15,+32yr,1979.0,2011.0
31,11508783,11581586,True,2,1,yearBuilt,16,+34yr,1979.0,2013.0
31,11508783,11581586,True,2,1,yearBuilt,17,+36yr,1979.0,2015.0
31,11508783,11581586,True,2,1,yearBuilt,18,+38yr,1979.0,2017.0
31,11508783,11581586,True,2,1,yearBuilt,19,+40yr,1979.0,2019.0
31,11508783,11581586,True,2,1,yearBuilt,20,+42yr,1979.0,2021.0
31,11508783,11581586,True,2,1,yearBuilt,21,+44yr,1979.0,2023.0
31,11508783,11581586,True,2,1,yearBuilt,22,+46yr,1979.0,2025.0
31,11508783,11581586,True,2,1,lot,0,+100sqft,0.01,0.0123
31,11508783,11581586,True,2,1,lot,1,+200sqft,0.01,0.0146
31,11508783,11581586,True,2,1,lot,2,+300sqft,0.01,0.0169
31,11508783,11581586,True,2,1,lot,3,+400sqft,0.01,0.0192
31,11508783,11581586,True,2,1,lot,4,+500sqft,0.01,0.0215
31,11508783,11581586,True,2,1,lot,5,+600sqft,0.01,0.0238
31,11508783,11581586,True,2,1,lot,6,+700sqft,0.01,0.0261
31,11508783,11581586,True,2,1,lot,7,+800sqft,0.01,0.0284
31,11508783,11581586,True,2,1,lot,8,+900sqft,0.01,0.0307
31,11508783,11581586,True,2,1,lot,9,+1000sqft,0.01,0.033
31,11508783,11581586,True,2,1,lot,10,+1100sqft,0.01,0.0353
31,11508783,11581586,True,2,1,lot,11,+1200sqft,0.01,0.0375
31,11508783,11581586,True,2,1,lot,12,+1300sqft,0.01,0.0398
31,11508783,11581586,True,2,1,lot,13,+1400sqft,0.01,0.0421
31,11508783,11581586,True,2,1,lot,14,+1500sqft,0.01,0.0444
31,11508783,11581586,True,2,1,lot,15,+1600sqft,0.01,0.0467
31,11508783,11581586,True,2,1,lot,16,+1700sqft,0.01,0.049
31,11508783,11581586,True,2,1,lot,17,+1800sqft,0.01,0.0513
31,11508783,11581586,True,2,1,lot,18,+1900sqft,0.01,0.0536
31,11508783,11581586,True,2,1,lot,19,+2000sqft,0.01,0.0559
31,11508783,11581586,True,2,1,lot,20,+2100sqft,0.01,0.0582
31,11508783,11581586,True,2,1,lot,21,+2200sqft,0.01,0.0605
31,11508783,11581586,True,2,1,lot,22,+2300sqft,0.01,0.0628
31,11508783,11581586,True,2,1,lot,23,+2400sqft,0.01,0.0651
31,11508783,11581586,True,2,1,lot,24,+2500sqft,0.01,0.0674
31,11508783,11581586,True,2,1,lot,25,+2600sqft,0.01,0.0697
31,11508783,11581586,True,2,1,lot,26,+2700sqft,0.01,0.072
31,11508783,11581586,True,2,1,lot,27,+2800sqft,0.01,0.0743
31,11508783,11581586,True,2,1,lot,28,+2900sqft,0.01,0.0766
31,11508783,11581586,True,2,1,lot,29,+3000sqft,0.01,0.0789
31,11508783,11581586,True,2,1,lot,30,+3100sqft,0.01,0.0812
31,11508783,11581586,True,2,1,lot,31,+3200sqft,0.01,0.0835
31,11508783,11581586,True,2,1,lot,32,+3300sqft,0.01,0.0858
31,11508783,11581586,True,2,1,lot,33,+3400sqft,0.01,0.0881
31,11508783,11581586,True,2,1,lot,34,+3500sqft,0.01,0.0903
31,11508783,11581586,True,2,1,lot,35,+3600sqft,0.01,0.0926
31,11508783,11581586,True,2,1,lot,36,+3700sqft,0.01,0.0949
31,11508783,11581586,True,2,1,lot,37,+3800sqft,0.01,0.0972
31,11508783,11581586,True,2,1,lot,38,+3900sqft,0.01,0.0995
31,11508783,11581586,True,2,1,lot,39,+4000sqft,0.01,0.1018
31,11508783,11581586,True,2,1,lot,40,+4100sqft,0.01,0.1041
31,11508783,11581586,True,2,1,lot,41,+4200sqft,0.01,0.1064
31,11508783,11581586,True,2,1,lot,42,+4300sqft,0.01,0.1087
31,11508783,11581586,True,2,1,lot,43,+4400sqft,0.01,0.111
31,11508783,11581586,True,2,1,lot,44,+4500sqft,0.01,0.1133
31,11508783,11581586,True,2,1,lot,45,+4600sqft,0.01,0.1156
31,11508783,11581586,True,2,1,lot,46,+4700sqft,0.01,0.1179
31,11508783,11581586,True,2,1,lot,47,+4800sqft,0.01,0.1202
31,11508783,11581586,True,2,1,lot,48,+4900sqft,0.01,0.1225
31,11508783,11581586,True,2,1,lot,49,+5000sqft,0.01,0.1248
32,11636435,11636470,True,2,1,bedrooms,0,+1,3.0,4.0
32,11636435,11636470,True,2,1,bedrooms,1,+2,3.0,5.0
32,11636435,11636470,True,2,1,bedrooms,2,+3,3.0,6.0
32,11636435,11636470,True,2,1,bedrooms,3,+4,3.0,7.0
32,11636435,11636470,True,2,1,bedrooms,4,+5,3.0,8.0
32,11636435,11636470,True,2,1,bedrooms,5,+6,3.0,9.0
32,11636435,11636470,True,2,1,bedrooms,6,+7,3.0,10.0
32,11636435,11636470,True,2,1,bathrooms,0,+1,2.0,3.0
32,11636435,11636470,True,2,1,bathrooms,1,+2,2.0,4.0
32,11636435,11636470,True,2,1,bathrooms,2,+3,2.0,5.0
32,11636435,11636470,True,2,1,bathrooms,3,+4,2.0,6.0
32,11636435,11636470,True,2,1,bathrooms,4,+5,2.0,7.0
32,11636435,11636470,True,2,1,bathrooms,5,+6,2.0,8.0
32,11636435,11636470,True,2,1,bathrooms,6,+7,2.0,9.0
32,11636435,11636470,True,2,1,bathrooms,7,+8,2.0,10.0
32,11636435,11636470,True,2,1,yearBuilt,0,+2yr,1929.0,1931.0
32,11636435,11636470,True,2,1,yearBuilt,1,+4yr,1929.0,1933.0
32,11636435,11636470,True,2,1,yearBuilt,2,+6yr,1929.0,1935.0
32,11636435,11636470,True,2,1,yearBuilt,3,+8yr,1929.0,1937.0
32,11636435,11636470,True,2,1,yearBuilt,4,+10yr,1929.0,1939.0
32,11636435,11636470,True,2,1,yearBuilt,5,+12yr,1929.0,1941.0
32,11636435,11636470,True,2,1,yearBuilt,6,+14yr,1929.0,1943.0
32,11636435,11636470,True,2,1,yearBuilt,7,+16yr,1929.0,1945.0
32,11636435,11636470,True,2,1,yearBuilt,8,+18yr,1929.0,1947.0
32,11636435,11636470,True,2,1,yearBuilt,9,+20yr,1929.0,1949.0
32,11636435,11636470,True,2,1,yearBuilt,10,+22yr,1929.0,1951.0
32,11636435,11636470,True,2,1,yearBuilt,11,+24yr,1929.0,1953.0
32,11636435,11636470,True,2,1,yearBuilt,12,+26yr,1929.0,1955.0
32,11636435,11636470,True,2,1,yearBuilt,13,+28yr,1929.0,1957.0
32,11636435,11636470,True,2,1,yearBuilt,14,+30yr,1929.0,1959.0
32,11636435,11636470,True,2,1,yearBuilt,15,+32yr,1929.0,1961.0
32,11636435,11636470,True,2,1,yearBuilt,16,+34yr,1929.0,1963.0
32,11636435,11636470,True,2,1,yearBuilt,17,+36yr,1929.0,1965.0
32,11636435,11636470,True,2,1,yearBuilt,18,+38yr,1929.0,1967.0
32,11636435,11636470,True,2,1,yearBuilt,19,+40yr,1929.0,1969.0
32,11636435,11636470,True,2,1,yearBuilt,20,+42yr,1929.0,1971.0
32,11636435,11636470,True,2,1,yearBuilt,21,+44yr,1929.0,1973.0
32,11636435,11636470,True,2,1,yearBuilt,22,+46yr,1929.0,1975.0
32,11636435,11636470,True,2,1,yearBuilt,23,+48yr,1929.0,1977.0
32,11636435,11636470,True,2,1,yearBuilt,24,+50yr,1929.0,1979.0
32,11636435,11636470,True,2,1,yearBuilt,25,+52yr,1929.0,1981.0
32,11636435,11636470,True,2,1,yearBuilt,26,+54yr,1929.0,1983.0
32,11636435,11636470,True,2,1,yearBuilt,27,+56yr,1929.0,1985.0
32,11636435,11636470,True,2,1,yearBuilt,28,+58yr,1929.0,1987.0
32,11636435,11636470,True,2,1,yearBuilt,29,+60yr,1929.0,1989.0
32,11636435,11636470,True,2,1,yearBuilt,30,+62yr,1929.0,1991.0
32,11636435,11636470,True,2,1,yearBuilt,31,+64yr,1929.0,1993.0
32,11636435,11636470,True,2,1,yearBuilt,32,+66yr,1929.0,1995.0
32,11636435,11636470,True,2,1,yearBuilt,33,+68yr,1929.0,1997.0
32,11636435,11636470,True,2,1,yearBuilt,34,+70yr,1929.0,1999.0
32,11636435,11636470,True,2,1,yearBuilt,35,+72yr,1929.0,2001.0
32,11636435,11636470,True,2,1,yearBuilt,36,+74yr,1929.0,2003.0
32,11636435,11636470,True,2,1,yearBuilt,37,+76yr,1929.0,2005.0
32,11636435,11636470,True,2,1,yearBuilt,38,+78yr,1929.0,2007.0
32,11636435,11636470,True,2,1,yearBuilt,39,+80yr,1929.0,2009.0
32,11636435,11636470,True,2,1,yearBuilt,40,+82yr,1929.0,2011.0
32,11636435,11636470,True,2,1,yearBuilt,41,+84yr,1929.0,2013.0
32,11636435,11636470,True,2,1,yearBuilt,42,+86yr,1929.0,2015.0
32,11636435,11636470,True,2,1,yearBuilt,43,+88yr,1929.0,2017.0
32,11636435,11636470,True,2,1,yearBuilt,44,+90yr,1929.0,2019.0
32,11636435,11636470,True,2,1,yearBuilt,45,+92yr,1929.0,2021.0
32,11636435,11636470,True,2,1,yearBuilt,46,+94yr,1929.0,2023.0
32,11636435,11636470,True,2,1,lot,0,+100sqft,4200.0,4300.0
32,11636435,11636470,True,2,1,lot,1,+200sqft,4200.0,4400.0
32,11636435,11636470,True,2,1,lot,2,+300sqft,4200.0,4500.0
32,11636435,11636470,True,2,1,lot,3,+400sqft,4200.0,4600.0
32,11636435,11636470,True,2,1,lot,4,+500sqft,4200.0,4700.0
32,11636435,11636470,True,2,1,lot,5,+600sqft,4200.0,4800.0
32,11636435,11636470,True,2,1,lot,6,+700sqft,4200.0,4900.0
32,11636435,11636470,True,2,1,lot,7,+800sqft,4200.0,5000.0
32,11636435,11636470,True,2,1,lot,8,+900sqft,4200.0,5100.0
32,11636435,11636470,True,2,1,lot,9,+1000sqft,4200.0,5200.0
32,11636435,11636470,True,2,1,lot,10,+1100sqft,4200.0,5300.0
32,11636435,11636470,True,2,1,lot,11,+1200sqft,4200.0,5400.0
32,11636435,11636470,True,2,1,lot,12,+1300sqft,4200.0,5500.0
32,11636435,11636470,True,2,1,lot,13,+1400sqft,4200.0,5600.0
32,11636435,11636470,True,2,1,lot,14,+1500sqft,4200.0,5700.0
32,11636435,11636470,True,2,1,lot,15,+1600sqft,4200.0,5800.0
32,11636435,11636470,True,2,1,lot,16,+1700sqft,4200.0,5900.0
32,11636435,11636470,True,2,1,lot,17,+1800sqft,4200.0,6000.0
32,11636435,11636470,True,2,1,lot,18,+1900sqft,4200.0,6100.0
32,11636435,11636470,True,2,1,lot,19,+2000sqft,4200.0,6200.0
32,11636435,11636470,True,2,1,lot,20,+2100sqft,4200.0,6300.0
32,11636435,11636470,True,2,1,lot,21,+2200sqft,4200.0,6400.0
32,11636435,11636470,True,2,1,lot,22,+2300sqft,4200.0,6500.0
32,11636435,11636470,True,2,1,lot,23,+2400sqft,4200.0,6600.0
32,11636435,11636470,True,2,1,lot,24,+2500sqft,4200.0,6700.0
32,11636435,11636470,True,2,1,lot,25,+2600sqft,4200.0,6800.0
32,11636435,11636470,True,2,1,lot,26,+2700sqft,4200.0,6900.0
32,11636435,11636470,True,2,1,lot,27,+2800sqft,4200.0,7000.0
32,11636435,11636470,True,2,1,lot,28,+2900sqft,4200.0,7100.0
32,11636435,11636470,True,2,1,lot,29,+3000sqft,4200.0,7200.0
32,11636435,11636470,True,2,1,lot,30,+3100sqft,4200.0,7300.0
32,11636435,11636470,True,2,1,lot,31,+3200sqft,4200.0,7400.0
32,11636435,11636470,True,2,1,lot,32,+3300sqft,4200.0,7500.0
32,11636435,11636470,True,2,1,lot,33,+3400sqft,4200.0,7600.0
32,11636435,11636470,True,2,1,lot,34,+3500sqft,4200.0,7700.0
32,11636435,11636470,True,2,1,lot,35,+3600sqft,4200.0,7800.0
32,11636435,11636470,True,2,1,lot,36,+3700sqft,4200.0,7900.0
32,11636435,11636470,True,2,1,lot,37,+3800sqft,4200.0,8000.0
32,11636435,11636470,True,2,1,lot,38,+3900sqft,4200.0,8100.0
32,11636435,11636470,True,2,1,lot,39,+4000sqft,4200.0,8200.0
32,11636435,11636470,True,2,1,lot,40,+4100sqft,4200.0,8300.0
32,11636435,11636470,True,2,1,lot,41,+4200sqft,4200.0,8400.0
32,11636435,11636470,True,2,1,lot,42,+4300sqft,4200.0,8500.0
32,11636435,11636470,True,2,1,lot,43,+4400sqft,4200.0,8600.0
32,11636435,11636470,True,2,1,lot,44,+4500sqft,4200.0,8700.0
32,11636435,11636470,True,2,1,lot,45,+4600sqft,4200.0,8800.0
32,11636435,11636470,True,2,1,lot,46,+4700sqft,4200.0,8900.0
32,11636435,11636470,True,2,1,lot,47,+4800sqft,4200.0,9000.0
32,11636435,11636470,True,2,1,lot,48,+4900sqft,4200.0,9100.0
32,11636435,11636470,True,2,1,lot,49,+5000sqft,4200.0,9200.0
33,11327825,11505720,True,2,1,bedrooms,0,+1,2.0,3.0
33,11327825,11505720,True,2,1,bedrooms,1,+2,2.0,4.0
33,11327825,11505720,True,2,1,bedrooms,2,+3,2.0,5.0
33,11327825,11505720,True,2,1,bedrooms,3,+4,2.0,6.0
33,11327825,11505720,True,2,1,bedrooms,4,+5,2.0,7.0
33,11327825,11505720,True,2,1,bedrooms,5,+6,2.0,8.0
33,11327825,11505720,True,2,1,bedrooms,6,+7,2.0,9.0
33,11327825,11505720,True,2,1,bedrooms,7,+8,2.0,10.0
33,11327825,11505720,True,2,1,bathrooms,0,+1,2.0,3.0
33,11327825,11505720,True,2,1,bathrooms,1,+2,2.0,4.0
33,11327825,11505720,True,2,1,bathrooms,2,+3,2.0,5.0
33,11327825,11505720,True,2,1,bathrooms,3,+4,2.0,6.0
33,11327825,11505720,True,2,1,bathrooms,4,+5,2.0,7.0
33,11327825,11505720,True,2,1,bathrooms,5,+6,2.0,8.0
33,11327825,11505720,True,2,1,bathrooms,6,+7,2.0,9.0
33,11327825,11505720,True,2,1,bathrooms,7,+8,2.0,10.0
33,11327825,11505720,True,2,1,yearBuilt,0,+2yr,1940.0,1942.0
33,11327825,11505720,True,2,1,yearBuilt,1,+4yr,1940.0,1944.0
33,11327825,11505720,True,2,1,yearBuilt,2,+6yr,1940.0,1946.0
33,11327825,11505720,True,2,1,yearBuilt,3,+8yr,1940.0,1948.0
33,11327825,11505720,True,2,1,yearBuilt,4,+10yr,1940.0,1950.0
33,11327825,11505720,True,2,1,yearBuilt,5,+12yr,1940.0,1952.0
33,11327825,11505720,True,2,1,yearBuilt,6,+14yr,1940.0,1954.0
33,11327825,11505720,True,2,1,yearBuilt,7,+16yr,1940.0,1956.0
33,11327825,11505720,True,2,1,yearBuilt,8,+18yr,1940.0,1958.0
33,11327825,11505720,True,2,1,yearBuilt,9,+20yr,1940.0,1960.0
33,11327825,11505720,True,2,1,yearBuilt,10,+22yr,1940.0,1962.0
33,11327825,11505720,True,2,1,yearBuilt,11,+24yr,1940.0,1964.0
33,11327825,11505720,True,2,1,yearBuilt,12,+26yr,1940.0,1966.0
33,11327825,11505720,True,2,1,yearBuilt,13,+28yr,1940.0,1968.0
33,11327825,11505720,True,2,1,yearBuilt,14,+30yr,1940.0,1970.0
33,11327825,11505720,True,2,1,yearBuilt,15,+32yr,1940.0,1972.0
33,11327825,11505720,True,2,1,yearBuilt,16,+34yr,1940.0,1974.0
33,11327825,11505720,True,2,1,yearBuilt,17,+36yr,1940.0,1976.0
33,11327825,11505720,True,2,1,yearBuilt,18,+38yr,1940.0,1978.0
33,11327825,11505720,True,2,1,yearBuilt,19,+40yr,1940.0,1980.0
33,11327825,11505720,True,2,1,yearBuilt,20,+42yr,1940.0,1982.0
33,11327825,11505720,True,2,1,yearBuilt,21,+44yr,1940.0,1984.0
33,11327825,11505720,True,2,1,yearBuilt,22,+46yr,1940.0,1986.0
33,11327825,11505720,True,2,1,yearBuilt,23,+48yr,1940.0,1988.0
33,11327825,11505720,True,2,1,yearBuilt,24,+50yr,1940.0,1990.0
33,11327825,11505720,True,2,1,yearBuilt,25,+52yr,1940.0,1992.0
33,11327825,11505720,True,2,1,yearBuilt,26,+54yr,1940.0,1994.0
33,11327825,11505720,True,2,1,yearBuilt,27,+56yr,1940.0,1996.0
33,11327825,11505720,True,2,1,yearBuilt,28,+58yr,1940.0,1998.0
33,11327825,11505720,True,2,1,yearBuilt,29,+60yr,1940.0,2000.0
33,11327825,11505720,True,2,1,yearBuilt,30,+62yr,1940.0,2002.0
33,11327825,11505720,True,2,1,yearBuilt,31,+64yr,1940.0,2004.0
33,11327825,11505720,True,2,1,yearBuilt,32,+66yr,1940.0,2006.0
33,11327825,11505720,True,2,1,yearBuilt,33,+68yr,1940.0,2008.0
33,11327825,11505720,True,2,1,yearBuilt,34,+70yr,1940.0,2010.0
33,11327825,11505720,True,2,1,yearBuilt,35,+72yr,1940.0,2012.0
33,11327825,11505720,True,2,1,yearBuilt,36,+74yr,1940.0,2014.0
33,11327825,11505720,True,2,1,yearBuilt,37,+76yr,1940.0,2016.0
33,11327825,11505720,True,2,1,yearBuilt,38,+78yr,1940.0,2018.0
33,11327825,11505720,True,2,1,yearBuilt,39,+80yr,1940.0,2020.0
33,11327825,11505720,True,2,1,yearBuilt,40,+82yr,1940.0,2022.0
33,11327825,11505720,True,2,1,yearBuilt,41,+84yr,1940.0,2024.0
33,11327825,11505720,True,2,1,lot,0,+100sqft,0.65,0.6523
33,11327825,11505720,True,2,1,lot,1,+200sqft,0.65,0.6546
33,11327825,11505720,True,2,1,lot,2,+300sqft,0.65,0.6569
33,11327825,11505720,True,2,1,lot,3,+400sqft,0.65,0.6592
33,11327825,11505720,True,2,1,lot,4,+500sqft,0.65,0.6615
33,11327825,11505720,True,2,1,lot,5,+600sqft,0.65,0.6638
33,11327825,11505720,True,2,1,lot,6,+700sqft,0.65,0.6661
33,11327825,11505720,True,2,1,lot,7,+800sqft,0.65,0.6684
33,11327825,11505720,True,2,1,lot,8,+900sqft,0.65,0.6707
33,11327825,11505720,True,2,1,lot,9,+1000sqft,0.65,0.673
33,11327825,11505720,True,2,1,lot,10,+1100sqft,0.65,0.6753
33,11327825,11505720,True,2,1,lot,11,+1200sqft,0.65,0.6775
33,11327825,11505720,True,2,1,lot,12,+1300sqft,0.65,0.6798
33,11327825,11505720,True,2,1,lot,13,+1400sqft,0.65,0.6821
33,11327825,11505720,True,2,1,lot,14,+1500sqft,0.65,0.6844
33,11327825,11505720,True,2,1,lot,15,+1600sqft,0.65,0.6867
33,11327825,11505720,True,2,1,lot,16,+1700sqft,0.65,0.689
33,11327825,11505720,True,2,1,lot,17,+1800sqft,0.65,0.6913
33,11327825,11505720,True,2,1,lot,18,+1900sqft,0.65,0.6936
33,11327825,11505720,True,2,1,lot,19,+2000sqft,0.65,0.6959
33,11327825,11505720,True,2,1,lot,20,+2100sqft,0.65,0.6982
33,11327825,11505720,True,2,1,lot,21,+2200sqft,0.65,0.7005
33,11327825,11505720,True,2,1,lot,22,+2300sqft,0.65,0.7028
33,11327825,11505720,True,2,1,lot,23,+2400sqft,0.65,0.7051
33,11327825,11505720,True,2,1,lot,24,+2500sqft,0.65,0.7074
33,11327825,11505720,True,2,1,lot,25,+2600sqft,0.65,0.7097
33,11327825,11505720,True,2,1,lot,26,+2700sqft,0.65,0.712
33,11327825,11505720,True,2,1,lot,27,+2800sqft,0.65,0.7143
33,11327825,11505720,True,2,1,lot,28,+2900sqft,0.65,0.7166
33,11327825,11505720,True,2,1,lot,29,+3000sqft,0.65,0.7189
33,11327825,11505720,True,2,1,lot,30,+3100sqft,0.65,0.7212
33,11327825,11505720,True,2,1,lot,31,+3200sqft,0.65,0.7235
33,11327825,11505720,True,2,1,lot,32,+3300sqft,0.65,0.7258
33,11327825,11505720,True,2,1,lot,33,+3400sqft,0.65,0.7281
33,11327825,11505720,True,2,1,lot,34,+3500sqft,0.65,0.7303
33,11327825,11505720,True,2,1,lot,35,+3600sqft,0.65,0.7326
33,11327825,11505720,True,2,1,lot,36,+3700sqft,0.65,0.7349
33,11327825,11505720,True,2,1,lot,37,+3800sqft,0.65,0.7372
33,11327825,11505720,True,2,1,lot,38,+3900sqft,0.65,0.7395
33,11327825,11505720,True,2,1,lot,39,+4000sqft,0.65,0.7418
33,11327825,11505720,True,2,1,lot,40,+4100sqft,0.65,0.7441
33,11327825,11505720,True,2,1,lot,41,+4200sqft,0.65,0.7464
33,11327825,11505720,True,2,1,lot,42,+4300sqft,0.65,0.7487
33,11327825,11505720,True,2,1,lot,43,+4400sqft,0.65,0.751
33,11327825,11505720,True,2,1,lot,44,+4500sqft,0.65,0.7533
33,11327825,11505720,True,2,1,lot,45,+4600sqft,0.65,0.7556
33,11327825,11505720,True,2,1,lot,46,+4700sqft,0.65,0.7579
33,11327825,11505720,True,2,1,lot,47,+4800sqft,0.65,0.7602
33,11327825,11505720,True,2,1,lot,48,+4900sqft,0.65,0.7625
33,11327825,11505720,True,2,1,lot,49,+5000sqft,0.65,0.7648
34,11470137,11547218,True,2,1,bedrooms,0,+1,4.0,5.0
34,11470137,11547218,True,2,1,bedrooms,1,+2,4.0,6.0
34,11470137,11547218,True,2,1,bedrooms,2,+3,4.0,7.0
34,11470137,11547218,True,2,1,bedrooms,3,+4,4.0,8.0
34,11470137,11547218,True,2,1,bedrooms,4,+5,4.0,9.0
34,11470137,11547218,True,2,1,bedrooms,5,+6,4.0,10.0
34,11470137,11547218,True,2,1,bathrooms,0,+1,2.0,3.0
34,11470137,11547218,True,2,1,bathrooms,1,+2,2.0,4.0
34,11470137,11547218,True,2,1,bathrooms,2,+3,2.0,5.0
34,11470137,11547218,True,2,1,bathrooms,3,+4,2.0,6.0
34,11470137,11547218,True,2,1,bathrooms,4,+5,2.0,7.0
34,11470137,11547218,True,2,1,bathrooms,5,+6,2.0,8.0
34,11470137,11547218,True,2,1,bathrooms,6,+7,2.0,9.0
34,11470137,11547218,True,2,1,bathrooms,7,+8,2.0,10.0
34,11470137,11547218,True,2,1,yearBuilt,0,+2yr,1961.0,1963.0
34,11470137,11547218,True,2,1,yearBuilt,1,+4yr,1961.0,1965.0
34,11470137,11547218,True,2,1,yearBuilt,2,+6yr,1961.0,1967.0
34,11470137,11547218,True,2,1,yearBuilt,3,+8yr,1961.0,1969.0
34,11470137,11547218,True,2,1,yearBuilt,4,+10yr,1961.0,1971.0
34,11470137,11547218,True,2,1,yearBuilt,5,+12yr,1961.0,1973.0
34,11470137,11547218,True,2,1,yearBuilt,6,+14yr,1961.0,1975.0
34,11470137,11547218,True,2,1,yearBuilt,7,+16yr,1961.0,1977.0
34,11470137,11547218,True,2,1,yearBuilt,8,+18yr,1961.0,1979.0
34,11470137,11547218,True,2,1,yearBuilt,9,+20yr,1961.0,1981.0
34,11470137,11547218,True,2,1,yearBuilt,10,+22yr,1961.0,1983.0
34,11470137,11547218,True,2,1,yearBuilt,11,+24yr,1961.0,1985.0
34,11470137,11547218,True,2,1,yearBuilt,12,+26yr,1961.0,1987.0
34,11470137,11547218,True,2,1,yearBuilt,13,+28yr,1961.0,1989.0
34,11470137,11547218,True,2,1,yearBuilt,14,+30yr,1961.0,1991.0
34,11470137,11547218,True,2,1,yearBuilt,15,+32yr,1961.0,1993.0
34,11470137,11547218,True,2,1,yearBuilt,16,+34yr,1961.0,1995.0
34,11470137,11547218,True,2,1,yearBuilt,17,+36yr,1961.0,1997.0
34,11470137,11547218,True,2,1,yearBuilt,18,+38yr,1961.0,1999.0
34,11470137,11547218,True,2,1,yearBuilt,19,+40yr,1961.0,2001.0
34,11470137,11547218,True,2,1,yearBuilt,20,+42yr,1961.0,2003.0
34,11470137,11547218,True,2,1,yearBuilt,21,+44yr,1961.0,2005.0
34,11470137,11547218,True,2,1,yearBuilt,22,+46yr,1961.0,2007.0
34,11470137,11547218,True,2,1,yearBuilt,23,+48yr,1961.0,2009.0
34,11470137,11547218,True,2,1,yearBuilt,24,+50yr,1961.0,2011.0
34,11470137,11547218,True,2,1,yearBuilt,25,+52yr,1961.0,2013.0
34,11470137,11547218,True,2,1,yearBuilt,26,+54yr,1961.0,2015.0
34,11470137,11547218,True,2,1,yearBuilt,27,+56yr,1961.0,2017.0
34,11470137,11547218,True,2,1,yearBuilt,28,+58yr,1961.0,2019.0
34,11470137,11547218,True,2,1,yearBuilt,29,+60yr,1961.0,2021.0
34,11470137,11547218,True,2,1,yearBuilt,30,+62yr,1961.0,2023.0
34,11470137,11547218,True,2,1,yearBuilt,31,+64yr,1961.0,2025.0
35,11417666,11494319,True,1,2,bedrooms,0,+1,2.0,3.0
35,11417666,11494319,True,1,2,bedrooms,1,+2,2.0,4.0
35,11417666,11494319,True,1,2,bedrooms,2,+3,2.0,5.0
35,11417666,11494319,True,1,2,bedrooms,3,+4,2.0,6.0
35,11417666,11494319,True,1,2,bedrooms,4,+5,2.0,7.0
35,11417666,11494319,True,1,2,bedrooms,5,+6,2.0,8.0
35,11417666,11494319,True,1,2,bedrooms,6,+7,2.0,9.0
35,11417666,11494319,True,1,2,bedrooms,7,+8,2.0,10.0
35,11417666,11494319,True,1,2,bathrooms,0,+1,1.0,2.0
35,11417666,11494319,True,1,2,bathrooms,1,+2,1.0,3.0
35,11417666,11494319,True,1,2,bathrooms,2,+3,1.0,4.0
35,11417666,11494319,True,1,2,bathrooms,3,+4,1.0,5.0
35,11417666,11494319,True,1,2,bathrooms,4,+5,1.0,6.0
35,11417666,11494319,True,1,2,bathrooms,5,+6,1.0,7.0
35,11417666,11494319,True,1,2,bathrooms,6,+7,1.0,8.0
35,11417666,11494319,True,1,2,bathrooms,7,+8,1.0,9.0
35,11417666,11494319,True,1,2,bathrooms,8,+9,1.0,10.0
35,11417666,11494319,True,1,2,yearBuilt,0,+2yr,1950.0,1952.0
35,11417666,11494319,True,1,2,yearBuilt,1,+4yr,1950.0,1954.0
35,11417666,11494319,True,1,2,yearBuilt,2,+6yr,1950.0,1956.0
35,11417666,11494319,True,1,2,yearBuilt,3,+8yr,1950.0,1958.0
35,11417666,11494319,True,1,2,yearBuilt,4,+10yr,1950.0,1960.0
35,11417666,11494319,True,1,2,yearBuilt,5,+12yr,1950.0,1962.0
35,11417666,11494319,True,1,2,yearBuilt,6,+14yr,1950.0,1964.0
35,11417666,11494319,True,1,2,yearBuilt,7,+16yr,1950.0,1966.0
35,11417666,11494319,True,1,2,yearBuilt,8,+18yr,1950.0,1968.0
35,11417666,11494319,True,1,2,yearBuilt,9,+20yr,1950.0,1970.0
35,11417666,11494319,True,1,2,yearBuilt,10,+22yr,1950.0,1972.0
35,11417666,11494319,True,1,2,yearBuilt,11,+24yr,1950.0,1974.0
35,11417666,11494319,True,1,2,yearBuilt,12,+26yr,1950.0,1976.0
35,11417666,11494319,True,1,2,yearBuilt,13,+28yr,1950.0,1978.0
35,11417666,11494319,True,1,2,yearBuilt,14,+30yr,1950.0,1980.0
35,11417666,11494319,True,1,2,yearBuilt,15,+32yr,1950.0,1982.0
35,11417666,11494319,True,1,2,yearBuilt,16,+34yr,1950.0,1984.0
35,11417666,11494319,True,1,2,yearBuilt,17,+36yr,1950.0,1986.0
35,11417666,11494319,True,1,2,yearBuilt,18,+38yr,1950.0,1988.0
35,11417666,11494319,True,1,2,yearBuilt,19,+40yr,1950.0,1990.0
35,11417666,11494319,True,1,2,yearBuilt,20,+42yr,1950.0,1992.0
35,11417666,11494319,True,1,2,yearBuilt,21,+44yr,1950.0,1994.0
35,11417666,11494319,True,1,2,yearBuilt,22,+46yr,1950.0,1996.0
35,11417666,11494319,True,1,2,yearBuilt,23,+48yr,1950.0,1998.0
35,11417666,11494319,True,1,2,yearBuilt,24,+50yr,1950.0,2000.0
35,11417666,11494319,True,1,2,yearBuilt,25,+52yr,1950.0,2002.0
35,11417666,11494319,True,1,2,yearBuilt,26,+54yr,1950.0,2004.0
35,11417666,11494319,True,1,2,yearBuilt,27,+56yr,1950.0,2006.0
35,11417666,11494319,True,1,2,yearBuilt,28,+58yr,1950.0,2008.0
35,11417666,11494319,True,1,2,yearBuilt,29,+60yr,1950.0,2010.0
35,11417666,11494319,True,1,2,yearBuilt,30,+62yr,1950.0,2012.0
35,11417666,11494319,True,1,2,yearBuilt,31,+64yr,1950.0,2014.0
35,11417666,11494319,True,1,2,yearBuilt,32,+66yr,1950.0,2016.0
35,11417666,11494319,True,1,2,yearBuilt,33,+68yr,1950.0,2018.0
35,11417666,11494319,True,1,2,yearBuilt,34,+70yr,1950.0,2020.0
35,11417666,11494319,True,1,2,yearBuilt,35,+72yr,1950.0,2022.0
35,11417666,11494319,True,1,2,yearBuilt,36,+74yr,1950.0,2024.0
35,11417666,11494319,True,1,2,lot,0,+100sqft,0.5,0.5023
35,11417666,11494319,True,1,2,lot,1,+200sqft,0.5,0.5046
35,11417666,11494319,True,1,2,lot,2,+300sqft,0.5,0.5069
35,11417666,11494319,True,1,2,lot,3,+400sqft,0.5,0.5092
35,11417666,11494319,True,1,2,lot,4,+500sqft,0.5,0.5115
35,11417666,11494319,True,1,2,lot,5,+600sqft,0.5,0.5138
35,11417666,11494319,True,1,2,lot,6,+700sqft,0.5,0.5161
35,11417666,11494319,True,1,2,lot,7,+800sqft,0.5,0.5184
35,11417666,11494319,True,1,2,lot,8,+900sqft,0.5,0.5207
35,11417666,11494319,True,1,2,lot,9,+1000sqft,0.5,0.523
35,11417666,11494319,True,1,2,lot,10,+1100sqft,0.5,0.5253
35,11417666,11494319,True,1,2,lot,11,+1200sqft,0.5,0.5275
35,11417666,11494319,True,1,2,lot,12,+1300sqft,0.5,0.5298
35,11417666,11494319,True,1,2,lot,13,+1400sqft,0.5,0.5321
35,11417666,11494319,True,1,2,lot,14,+1500sqft,0.5,0.5344
35,11417666,11494319,True,1,2,lot,15,+1600sqft,0.5,0.5367
35,11417666,11494319,True,1,2,lot,16,+1700sqft,0.5,0.539
35,11417666,11494319,True,1,2,lot,17,+1800sqft,0.5,0.5413
35,11417666,11494319,True,1,2,lot,18,+1900sqft,0.5,0.5436
35,11417666,11494319,True,1,2,lot,19,+2000sqft,0.5,0.5459
35,11417666,11494319,True,1,2,lot,20,+2100sqft,0.5,0.5482
35,11417666,11494319,True,1,2,lot,21,+2200sqft,0.5,0.5505
35,11417666,11494319,True,1,2,lot,22,+2300sqft,0.5,0.5528
35,11417666,11494319,True,1,2,lot,23,+2400sqft,0.5,0.5551
35,11417666,11494319,True,1,2,lot,24,+2500sqft,0.5,0.5574
35,11417666,11494319,True,1,2,lot,25,+2600sqft,0.5,0.5597
35,11417666,11494319,True,1,2,lot,26,+2700sqft,0.5,0.562
35,11417666,11494319,True,1,2,lot,27,+2800sqft,0.5,0.5643
35,11417666,11494319,True,1,2,lot,28,+2900sqft,0.5,0.5666
35,11417666,11494319,True,1,2,lot,29,+3000sqft,0.5,0.5689
35,11417666,11494319,True,1,2,lot,30,+3100sqft,0.5,0.5712
35,11417666,11494319,True,1,2,lot,31,+3200sqft,0.5,0.5735
35,11417666,11494319,True,1,2,lot,32,+3300sqft,0.5,0.5758
35,11417666,11494319,True,1,2,lot,33,+3400sqft,0.5,0.5781
35,11417666,11494319,True,1,2,lot,34,+3500sqft,0.5,0.5803
35,11417666,11494319,True,1,2,lot,35,+3600sqft,0.5,0.5826
35,11417666,11494319,True,1,2,lot,36,+3700sqft,0.5,0.5849
35,11417666,11494319,True,1,2,lot,37,+3800sqft,0.5,0.5872
35,11417666,11494319,True,1,2,lot,38,+3900sqft,0.5,0.5895
35,11417666,11494319,True,1,2,lot,39,+4000sqft,0.5,0.5918
35,11417666,11494319,True,1,2,lot,40,+4100sqft,0.5,0.5941
35,11417666,11494319,True,1,2,lot,41,+4200sqft,0.5,0.5964
35,11417666,11494319,True,1,2,lot,42,+4300sqft,0.5,0.5987
35,11417666,11494319,True,1,2,lot,43,+4400sqft,0.5,0.601
35,11417666,11494319,True,1,2,lot,44,+4500sqft,0.5,0.6033
35,11417666,11494319,True,1,2,lot,45,+4600sqft,0.5,0.6056
35,11417666,11494319,True,1,2,lot,46,+4700sqft,0.5,0.6079
35,11417666,11494319,True,1,2,lot,47,+4800sqft,0.5,0.6102
35,11417666,11494319,True,1,2,lot,48,+4900sqft,0.5,0.6125
35,11417666,11494319,True,1,2,lot,49,+5000sqft,0.5,0.6148
36,59156994,59160722,True,2,1,bedrooms,0,+1,2.0,3.0
36,59156994,59160722,True,2,1,bedrooms,1,+2,2.0,4.0
36,59156994,59160722,True,2,1,bedrooms,2,+3,2.0,5.0
36,59156994,59160722,True,2,1,bedrooms,3,+4,2.0,6.0
36,59156994,59160722,True,2,1,bedrooms,4,+5,2.0,7.0
36,59156994,59160722,True,2,1,bedrooms,5,+6,2.0,8.0
36,59156994,59160722,True,2,1,bedrooms,6,+7,2.0,9.0
36,59156994,59160722,True,2,1,bedrooms,7,+8,2.0,10.0
36,59156994,59160722,True,2,1,bathrooms,0,+1,2.0,3.0
36,59156994,59160722,True,2,1,bathrooms,1,+2,2.0,4.0
36,59156994,59160722,True,2,1,bathrooms,2,+3,2.0,5.0
36,59156994,59160722,True,2,1,bathrooms,3,+4,2.0,6.0
36,59156994,59160722,True,2,1,bathrooms,4,+5,2.0,7.0
36,59156994,59160722,True,2,1,bathrooms,5,+6,2.0,8.0
36,59156994,59160722,True,2,1,bathrooms,6,+7,2.0,9.0
36,59156994,59160722,True,2,1,bathrooms,7,+8,2.0,10.0
36,59156994,59160722,True,2,1,yearBuilt,0,+2yr,1940.0,1942.0
36,59156994,59160722,True,2,1,yearBuilt,1,+4yr,1940.0,1944.0
36,59156994,59160722,True,2,1,yearBuilt,2,+6yr,1940.0,1946.0
36,59156994,59160722,True,2,1,yearBuilt,3,+8yr,1940.0,1948.0
36,59156994,59160722,True,2,1,yearBuilt,4,+10yr,1940.0,1950.0
36,59156994,59160722,True,2,1,yearBuilt,5,+12yr,1940.0,1952.0
36,59156994,59160722,True,2,1,yearBuilt,6,+14yr,1940.0,1954.0
36,59156994,59160722,True,2,1,yearBuilt,7,+16yr,1940.0,1956.0
36,59156994,59160722,True,2,1,yearBuilt,8,+18yr,1940.0,1958.0
36,59156994,59160722,True,2,1,yearBuilt,9,+20yr,1940.0,1960.0
36,59156994,59160722,True,2,1,yearBuilt,10,+22yr,1940.0,1962.0
36,59156994,59160722,True,2,1,yearBuilt,11,+24yr,1940.0,1964.0
36,59156994,59160722,True,2,1,yearBuilt,12,+26yr,1940.0,1966.0
36,59156994,59160722,True,2,1,yearBuilt,13,+28yr,1940.0,1968.0
36,59156994,59160722,True,2,1,yearBuilt,14,+30yr,1940.0,1970.0
36,59156994,59160722,True,2,1,yearBuilt,15,+32yr,1940.0,1972.0
36,59156994,59160722,True,2,1,yearBuilt,16,+34yr,1940.0,1974.0
36,59156994,59160722,True,2,1,yearBuilt,17,+36yr,1940.0,1976.0
36,59156994,59160722,True,2,1,yearBuilt,18,+38yr,1940.0,1978.0
36,59156994,59160722,True,2,1,yearBuilt,19,+40yr,1940.0,1980.0
36,59156994,59160722,True,2,1,yearBuilt,20,+42yr,1940.0,1982.0
36,59156994,59160722,True,2,1,yearBuilt,21,+44yr,1940.0,1984.0
36,59156994,59160722,True,2,1,yearBuilt,22,+46yr,1940.0,1986.0
36,59156994,59160722,True,2,1,yearBuilt,23,+48yr,1940.0,1988.0
36,59156994,59160722,True,2,1,yearBuilt,24,+50yr,1940.0,1990.0
36,59156994,59160722,True,2,1,yearBuilt,25,+52yr,1940.0,1992.0
36,59156994,59160722,True,2,1,yearBuilt,26,+54yr,1940.0,1994.0
36,59156994,59160722,True,2,1,yearBuilt,27,+56yr,1940.0,1996.0
36,59156994,59160722,True,2,1,yearBuilt,28,+58yr,1940.0,1998.0
36,59156994,59160722,True,2,1,yearBuilt,29,+60yr,1940.0,2000.0
36,59156994,59160722,True,2,1,yearBuilt,30,+62yr,1940.0,2002.0
36,59156994,59160722,True,2,1,yearBuilt,31,+64yr,1940.0,2004.0
36,59156994,59160722,True,2,1,yearBuilt,32,+66yr,1940.0,2006.0
36,59156994,59160722,True,2,1,yearBuilt,33,+68yr,1940.0,2008.0
36,59156994,59160722,True,2,1,yearBuilt,34,+70yr,1940.0,2010.0
36,59156994,59160722,True,2,1,yearBuilt,35,+72yr,1940.0,2012.0
36,59156994,59160722,True,2,1,yearBuilt,36,+74yr,1940.0,2014.0
36,59156994,59160722,True,2,1,yearBuilt,37,+76yr,1940.0,2016.0
36,59156994,59160722,True,2,1,yearBuilt,38,+78yr,1940.0,2018.0
36,59156994,59160722,True,2,1,yearBuilt,39,+80yr,1940.0,2020.0
36,59156994,59160722,True,2,1,yearBuilt,40,+82yr,1940.0,2022.0
36,59156994,59160722,True,2,1,yearBuilt,41,+84yr,1940.0,2024.0
36,59156994,59160722,True,2,1,lot,0,+100sqft,3484.0,3584.0
36,59156994,59160722,True,2,1,lot,1,+200sqft,3484.0,3684.0
36,59156994,59160722,True,2,1,lot,2,+300sqft,3484.0,3784.0
36,59156994,59160722,True,2,1,lot,3,+400sqft,3484.0,3884.0
36,59156994,59160722,True,2,1,lot,4,+500sqft,3484.0,3984.0
36,59156994,59160722,True,2,1,lot,5,+600sqft,3484.0,4084.0
36,59156994,59160722,True,2,1,lot,6,+700sqft,3484.0,4184.0
36,59156994,59160722,True,2,1,lot,7,+800sqft,3484.0,4284.0
36,59156994,59160722,True,2,1,lot,8,+900sqft,3484.0,4384.0
36,59156994,59160722,True,2,1,lot,9,+1000sqft,3484.0,4484.0
36,59156994,59160722,True,2,1,lot,10,+1100sqft,3484.0,4584.0
36,59156994,59160722,True,2,1,lot,11,+1200sqft,3484.0,4684.0
36,59156994,59160722,True,2,1,lot,12,+1300sqft,3484.0,4784.0
36,59156994,59160722,True,2,1,lot,13,+1400sqft,3484.0,4884.0
36,59156994,59160722,True,2,1,lot,14,+1500sqft,3484.0,4984.0
36,59156994,59160722,True,2,1,lot,15,+1600sqft,3484.0,5084.0
36,59156994,59160722,True,2,1,lot,16,+1700sqft,3484.0,5184.0
36,59156994,59160722,True,2,1,lot,17,+1800sqft,3484.0,5284.0
36,59156994,59160722,True,2,1,lot,18,+1900sqft,3484.0,5384.0
36,59156994,59160722,True,2,1,lot,19,+2000sqft,3484.0,5484.0
36,59156994,59160722,True,2,1,lot,20,+2100sqft,3484.0,5584.0
36,59156994,59160722,True,2,1,lot,21,+2200sqft,3484.0,5684.0
36,59156994,59160722,True,2,1,lot,22,+2300sqft,3484.0,5784.0
36,59156994,59160722,True,2,1,lot,23,+2400sqft,3484.0,5884.0
36,59156994,59160722,True,2,1,lot,24,+2500sqft,3484.0,5984.0
36,59156994,59160722,True,2,1,lot,25,+2600sqft,3484.0,6084.0
36,59156994,59160722,True,2,1,lot,26,+2700sqft,3484.0,6184.0
36,59156994,59160722,True,2,1,lot,27,+2800sqft,3484.0,6284.0
36,59156994,59160722,True,2,1,lot,28,+2900sqft,3484.0,6384.0
36,59156994,59160722,True,2,1,lot,29,+3000sqft,3484.0,6484.0
36,59156994,59160722,True,2,1,lot,30,+3100sqft,3484.0,6584.0
36,59156994,59160722,True,2,1,lot,31,+3200sqft,3484.0,6684.0
36,59156994,59160722,True,2,1,lot,32,+3300sqft,3484.0,6784.0
36,59156994,59160722,True,2,1,lot,33,+3400sqft,3484.0,6884.0
36,59156994,59160722,True,2,1,lot,34,+3500sqft,3484.0,6984.0
36,59156994,59160722,True,2,1,lot,35,+3600sqft,3484.0,7084.0
36,59156994,59160722,True,2,1,lot,36,+3700sqft,3484.0,7184.0
36,59156994,59160722,True,2,1,lot,37,+3800sqft,3484.0,7284.0
36,59156994,59160722,True,2,1,lot,38,+3900sqft,3484.0,7384.0
36,59156994,59160722,True,2,1,lot,39,+4000sqft,3484.0,7484.0
36,59156994,59160722,True,2,1,lot,40,+4100sqft,3484.0,7584.0
36,59156994,59160722,True,2,1,lot,41,+4200sqft,3484.0,7684.0
36,59156994,59160722,True,2,1,lot,42,+4300sqft,3484.0,7784.0
36,59156994,59160722,True,2,1,lot,43,+4400sqft,3484.0,7884.0
36,59156994,59160722,True,2,1,lot,44,+4500sqft,3484.0,7984.0
36,59156994,59160722,True,2,1,lot,45,+4600sqft,3484.0,8084.0
36,59156994,59160722,True,2,1,lot,46,+4700sqft,3484.0,8184.0
36,59156994,59160722,True,2,1,lot,47,+4800sqft,3484.0,8284.0
36,59156994,59160722,True,2,1,lot,48,+4900sqft,3484.0,8384.0
36,59156994,59160722,True,2,1,lot,49,+5000sqft,3484.0,8484.0
37,59157549,59160570,True,2,1,bedrooms,0,+1,3.0,4.0
37,59157549,59160570,True,2,1,bedrooms,1,+2,3.0,5.0
37,59157549,59160570,True,2,1,bedrooms,2,+3,3.0,6.0
37,59157549,59160570,True,2,1,bedrooms,3,+4,3.0,7.0
37,59157549,59160570,True,2,1,bedrooms,4,+5,3.0,8.0
37,59157549,59160570,True,2,1,bedrooms,5,+6,3.0,9.0
37,59157549,59160570,True,2,1,bedrooms,6,+7,3.0,10.0
37,59157549,59160570,True,2,1,bathrooms,0,+1,2.0,3.0
37,59157549,59160570,True,2,1,bathrooms,1,+2,2.0,4.0
37,59157549,59160570,True,2,1,bathrooms,2,+3,2.0,5.0
37,59157549,59160570,True,2,1,bathrooms,3,+4,2.0,6.0
37,59157549,59160570,True,2,1,bathrooms,4,+5,2.0,7.0
37,59157549,59160570,True,2,1,bathrooms,5,+6,2.0,8.0
37,59157549,59160570,True,2,1,bathrooms,6,+7,2.0,9.0
37,59157549,59160570,True,2,1,bathrooms,7,+8,2.0,10.0
37,59157549,59160570,True,2,1,yearBuilt,0,+2yr,1935.0,1937.0
37,59157549,59160570,True,2,1,yearBuilt,1,+4yr,1935.0,1939.0
37,59157549,59160570,True,2,1,yearBuilt,2,+6yr,1935.0,1941.0
37,59157549,59160570,True,2,1,yearBuilt,3,+8yr,1935.0,1943.0
37,59157549,59160570,True,2,1,yearBuilt,4,+10yr,1935.0,1945.0
37,59157549,59160570,True,2,1,yearBuilt,5,+12yr,1935.0,1947.0
37,59157549,59160570,True,2,1,yearBuilt,6,+14yr,1935.0,1949.0
37,59157549,59160570,True,2,1,yearBuilt,7,+16yr,1935.0,1951.0
37,59157549,59160570,True,2,1,yearBuilt,8,+18yr,1935.0,1953.0
37,59157549,59160570,True,2,1,yearBuilt,9,+20yr,1935.0,1955.0
37,59157549,59160570,True,2,1,yearBuilt,10,+22yr,1935.0,1957.0
37,59157549,59160570,True,2,1,yearBuilt,11,+24yr,1935.0,1959.0
37,59157549,59160570,True,2,1,yearBuilt,12,+26yr,1935.0,1961.0
37,59157549,59160570,True,2,1,yearBuilt,13,+28yr,1935.0,1963.0
37,59157549,59160570,True,2,1,yearBuilt,14,+30yr,1935.0,1965.0
37,59157549,59160570,True,2,1,yearBuilt,15,+32yr,1935.0,1967.0
37,59157549,59160570,True,2,1,yearBuilt,16,+34yr,1935.0,1969.0
37,59157549,59160570,True,2,1,yearBuilt,17,+36yr,1935.0,1971.0
37,59157549,59160570,True,2,1,yearBuilt,18,+38yr,1935.0,1973.0
37,59157549,59160570,True,2,1,yearBuilt,19,+40yr,1935.0,1975.0
37,59157549,59160570,True,2,1,yearBuilt,20,+42yr,1935.0,1977.0
37,59157549,59160570,True,2,1,yearBuilt,21,+44yr,1935.0,1979.0
37,59157549,59160570,True,2,1,yearBuilt,22,+46yr,1935.0,1981.0
37,59157549,59160570,True,2,1,yearBuilt,23,+48yr,1935.0,1983.0
37,59157549,59160570,True,2,1,yearBuilt,24,+50yr,1935.0,1985.0
37,59157549,59160570,True,2,1,yearBuilt,25,+52yr,1935.0,1987.0
37,59157549,59160570,True,2,1,yearBuilt,26,+54yr,1935.0,1989.0
37,59157549,59160570,True,2,1,yearBuilt,27,+56yr,1935.0,1991.0
37,59157549,59160570,True,2,1,yearBuilt,28,+58yr,1935.0,1993.0
37,59157549,59160570,True,2,1,yearBuilt,29,+60yr,1935.0,1995.0
37,59157549,59160570,True,2,1,yearBuilt,30,+62yr,1935.0,1997.0
37,59157549,59160570,True,2,1,yearBuilt,31,+64yr,1935.0,1999.0
37,59157549,59160570,True,2,1,yearBuilt,32,+66yr,1935.0,2001.0
37,59157549,59160570,True,2,1,yearBuilt,33,+68yr,1935.0,2003.0
37,59157549,59160570,True,2,1,yearBuilt,34,+70yr,1935.0,2005.0
37,59157549,59160570,True,2,1,yearBuilt,35,+72yr,1935.0,2007.0
37,59157549,59160570,True,2,1,yearBuilt,36,+74yr,1935.0,2009.0
37,59157549,59160570,True,2,1,yearBuilt,37,+76yr,1935.0,2011.0
37,59157549,59160570,True,2,1,yearBuilt,38,+78yr,1935.0,2013.0
37,59157549,59160570,True,2,1,yearBuilt,39,+80yr,1935.0,2015.0
37,59157549,59160570,True,2,1,yearBuilt,40,+82yr,1935.0,2017.0
37,59157549,59160570,True,2,1,yearBuilt,41,+84yr,1935.0,2019.0
37,59157549,59160570,True,2,1,yearBuilt,42,+86yr,1935.0,2021.0
37,59157549,59160570,True,2,1,yearBuilt,43,+88yr,1935.0,2023.0
37,59157549,59160570,True,2,1,yearBuilt,44,+90yr,1935.0,2025.0
37,59157549,59160570,True,2,1,lot,0,+100sqft,9147.0,9247.0
37,59157549,59160570,True,2,1,lot,1,+200sqft,9147.0,9347.0
37,59157549,59160570,True,2,1,lot,2,+300sqft,9147.0,9447.0
37,59157549,59160570,True,2,1,lot,3,+400sqft,9147.0,9547.0
37,59157549,59160570,True,2,1,lot,4,+500sqft,9147.0,9647.0
37,59157549,59160570,True,2,1,lot,5,+600sqft,9147.0,9747.0
37,59157549,59160570,True,2,1,lot,6,+700sqft,9147.0,9847.0
37,59157549,59160570,True,2,1,lot,7,+800sqft,9147.0,9947.0
37,59157549,59160570,True,2,1,lot,8,+900sqft,9147.0,10047.0
37,59157549,59160570,True,2,1,lot,9,+1000sqft,9147.0,10147.0
37,59157549,59160570,True,2,1,lot,10,+1100sqft,9147.0,10247.0
37,59157549,59160570,True,2,1,lot,11,+1200sqft,9147.0,10347.0
37,59157549,59160570,True,2,1,lot,12,+1300sqft,9147.0,10447.0
37,59157549,59160570,True,2,1,lot,13,+1400sqft,9147.0,10547.0
37,59157549,59160570,True,2,1,lot,14,+1500sqft,9147.0,10647.0
37,59157549,59160570,True,2,1,lot,15,+1600sqft,9147.0,10747.0
37,59157549,59160570,True,2,1,lot,16,+1700sqft,9147.0,10847.0
37,59157549,59160570,True,2,1,lot,17,+1800sqft,9147.0,10947.0
37,59157549,59160570,True,2,1,lot,18,+1900sqft,9147.0,11047.0
37,59157549,59160570,True,2,1,lot,19,+2000sqft,9147.0,11147.0
37,59157549,59160570,True,2,1,lot,20,+2100sqft,9147.0,11247.0
37,59157549,59160570,True,2,1,lot,21,+2200sqft,9147.0,11347.0
37,59157549,59160570,True,2,1,lot,22,+2300sqft,9147.0,11447.0
37,59157549,59160570,True,2,1,lot,23,+2400sqft,9147.0,11547.0
37,59157549,59160570,True,2,1,lot,24,+2500sqft,9147.0,11647.0
37,59157549,59160570,True,2,1,lot,25,+2600sqft,9147.0,11747.0
37,59157549,59160570,True,2,1,lot,26,+2700sqft,9147.0,11847.0
37,59157549,59160570,True,2,1,lot,27,+2800sqft,9147.0,11947.0
37,59157549,59160570,True,2,1,lot,28,+2900sqft,9147.0,12047.0
37,59157549,59160570,True,2,1,lot,29,+3000sqft,9147.0,12147.0
37,59157549,59160570,True,2,1,lot,30,+3100sqft,9147.0,12247.0
37,59157549,59160570,True,2,1,lot,31,+3200sqft,9147.0,12347.0
37,59157549,59160570,True,2,1,lot,32,+3300sqft,9147.0,12447.0
37,59157549,59160570,True,2,1,lot,33,+3400sqft,9147.0,12547.0
37,59157549,59160570,True,2,1,lot,34,+3500sqft,9147.0,12647.0
37,59157549,59160570,True,2,1,lot,35,+3600sqft,9147.0,12747.0
37,59157549,59160570,True,2,1,lot,36,+3700sqft,9147.0,12847.0
37,59157549,59160570,True,2,1,lot,37,+3800sqft,9147.0,12947.0
37,59157549,59160570,True,2,1,lot,38,+3900sqft,9147.0,13047.0
37,59157549,59160570,True,2,1,lot,39,+4000sqft,9147.0,13147.0
37,59157549,59160570,True,2,1,lot,40,+4100sqft,9147.0,13247.0
37,59157549,59160570,True,2,1,lot,41,+4200sqft,9147.0,13347.0
37,59157549,59160570,True,2,1,lot,42,+4300sqft,9147.0,13447.0
37,59157549,59160570,True,2,1,lot,43,+4400sqft,9147.0,13547.0
37,59157549,59160570,True,2,1,lot,44,+4500sqft,9147.0,13647.0
37,59157549,59160570,True,2,1,lot,45,+4600sqft,9147.0,13747.0
37,59157549,59160570,True,2,1,lot,46,+4700sqft,9147.0,13847.0
37,59157549,59160570,True,2,1,lot,47,+4800sqft,9147.0,13947.0
37,59157549,59160570,True,2,1,lot,48,+4900sqft,9147.0,14047.0
37,59157549,59160570,True,2,1,lot,49,+5000sqft,9147.0,14147.0
38,11325144,11404688,True,2,1,bedrooms,0,+1,4.0,5.0
38,11325144,11404688,True,2,1,bedrooms,1,+2,4.0,6.0
38,11325144,11404688,True,2,1,bedrooms,2,+3,4.0,7.0
38,11325144,11404688,True,2,1,bedrooms,3,+4,4.0,8.0
38,11325144,11404688,True,2,1,bedrooms,4,+5,4.0,9.0
38,11325144,11404688,True,2,1,bedrooms,5,+6,4.0,10.0
38,11325144,11404688,True,2,1,bathrooms,0,+1,2.0,3.0
38,11325144,11404688,True,2,1,bathrooms,1,+2,2.0,4.0
38,11325144,11404688,True,2,1,bathrooms,2,+3,2.0,5.0
38,11325144,11404688,True,2,1,bathrooms,3,+4,2.0,6.0
38,11325144,11404688,True,2,1,bathrooms,4,+5,2.0,7.0
38,11325144,11404688,True,2,1,bathrooms,5,+6,2.0,8.0
38,11325144,11404688,True,2,1,bathrooms,6,+7,2.0,9.0
38,11325144,11404688,True,2,1,bathrooms,7,+8,2.0,10.0
38,11325144,11404688,True,2,1,yearBuilt,0,+2yr,1934.0,1936.0
38,11325144,11404688,True,2,1,yearBuilt,1,+4yr,1934.0,1938.0
38,11325144,11404688,True,2,1,yearBuilt,2,+6yr,1934.0,1940.0
38,11325144,11404688,True,2,1,yearBuilt,3,+8yr,1934.0,1942.0
38,11325144,11404688,True,2,1,yearBuilt,4,+10yr,1934.0,1944.0
38,11325144,11404688,True,2,1,yearBuilt,5,+12yr,1934.0,1946.0
38,11325144,11404688,True,2,1,yearBuilt,6,+14yr,1934.0,1948.0
38,11325144,11404688,True,2,1,yearBuilt,7,+16yr,1934.0,1950.0
38,11325144,11404688,True,2,1,yearBuilt,8,+18yr,1934.0,1952.0
38,11325144,11404688,True,2,1,yearBuilt,9,+20yr,1934.0,1954.0
38,11325144,11404688,True,2,1,yearBuilt,10,+22yr,1934.0,1956.0
38,11325144,11404688,True,2,1,yearBuilt,11,+24yr,1934.0,1958.0
38,11325144,11404688,True,2,1,yearBuilt,12,+26yr,1934.0,1960.0
38,11325144,11404688,True,2,1,yearBuilt,13,+28yr,1934.0,1962.0
38,11325144,11404688,True,2,1,yearBuilt,14,+30yr,1934.0,1964.0
38,11325144,11404688,True,2,1,yearBuilt,15,+32yr,1934.0,1966.0
38,11325144,11404688,True,2,1,yearBuilt,16,+34yr,1934.0,1968.0
38,11325144,11404688,True,2,1,yearBuilt,17,+36yr,1934.0,1970.0
38,11325144,11404688,True,2,1,yearBuilt,18,+38yr,1934.0,1972.0
38,11325144,11404688,True,2,1,yearBuilt,19,+40yr,1934.0,1974.0
38,11325144,11404688,True,2,1,yearBuilt,20,+42yr,1934.0,1976.0
38,11325144,11404688,True,2,1,yearBuilt,21,+44yr,1934.0,1978.0
38,11325144,11404688,True,2,1,yearBuilt,22,+46yr,1934.0,1980.0
38,11325144,11404688,True,2,1,yearBuilt,23,+48yr,1934.0,1982.0
38,11325144,11404688,True,2,1,yearBuilt,24,+50yr,1934.0,1984.0
38,11325144,11404688,True,2,1,yearBuilt,25,+52yr,1934.0,1986.0
38,11325144,11404688,True,2,1,yearBuilt,26,+54yr,1934.0,1988.0
38,11325144,11404688,True,2,1,yearBuilt,27,+56yr,1934.0,1990.0
38,11325144,11404688,True,2,1,yearBuilt,28,+58yr,1934.0,1992.0
38,11325144,11404688,True,2,1,yearBuilt,29,+60yr,1934.0,1994.0
38,11325144,11404688,True,2,1,yearBuilt,30,+62yr,1934.0,1996.0
38,11325144,11404688,True,2,1,yearBuilt,31,+64yr,1934.0,1998.0
38,11325144,11404688,True,2,1,yearBuilt,32,+66yr,1934.0,2000.0
38,11325144,11404688,True,2,1,yearBuilt,33,+68yr,1934.0,2002.0
38,11325144,11404688,True,2,1,yearBuilt,34,+70yr,1934.0,2004.0
38,11325144,11404688,True,2,1,yearBuilt,35,+72yr,1934.0,2006.0
38,11325144,11404688,True,2,1,yearBuilt,36,+74yr,1934.0,2008.0
38,11325144,11404688,True,2,1,yearBuilt,37,+76yr,1934.0,2010.0
38,11325144,11404688,True,2,1,yearBuilt,38,+78yr,1934.0,2012.0
38,11325144,11404688,True,2,1,yearBuilt,39,+80yr,1934.0,2014.0
38,11325144,11404688,True,2,1,yearBuilt,40,+82yr,1934.0,2016.0
38,11325144,11404688,True,2,1,yearBuilt,41,+84yr,1934.0,2018.0
38,11325144,11404688,True,2,1,yearBuilt,42,+86yr,1934.0,2020.0
38,11325144,11404688,True,2,1,yearBuilt,43,+88yr,1934.0,2022.0
38,11325144,11404688,True,2,1,yearBuilt,44,+90yr,1934.0,2024.0
38,11325144,11404688,True,2,1,lot,0,+100sqft,2561.0,2661.0
38,11325144,11404688,True,2,1,lot,1,+200sqft,2561.0,2761.0
38,11325144,11404688,True,2,1,lot,2,+300sqft,2561.0,2861.0
38,11325144,11404688,True,2,1,lot,3,+400sqft,2561.0,2961.0
38,11325144,11404688,True,2,1,lot,4,+500sqft,2561.0,3061.0
38,11325144,11404688,True,2,1,lot,5,+600sqft,2561.0,3161.0
38,11325144,11404688,True,2,1,lot,6,+700sqft,2561.0,3261.0
38,11325144,11404688,True,2,1,lot,7,+800sqft,2561.0,3361.0
38,11325144,11404688,True,2,1,lot,8,+900sqft,2561.0,3461.0
38,11325144,11404688,True,2,1,lot,9,+1000sqft,2561.0,3561.0
38,11325144,11404688,True,2,1,lot,10,+1100sqft,2561.0,3661.0
38,11325144,11404688,True,2,1,lot,11,+1200sqft,2561.0,3761.0
38,11325144,11404688,True,2,1,lot,12,+1300sqft,2561.0,3861.0
38,11325144,11404688,True,2,1,lot,13,+1400sqft,2561.0,3961.0
38,11325144,11404688,True,2,1,lot,14,+1500sqft,2561.0,4061.0
38,11325144,11404688,True,2,1,lot,15,+1600sqft,2561.0,4161.0
38,11325144,11404688,True,2,1,lot,16,+1700sqft,2561.0,4261.0
38,11325144,11404688,True,2,1,lot,17,+1800sqft,2561.0,4361.0
38,11325144,11404688,True,2,1,lot,18,+1900sqft,2561.0,4461.0
38,11325144,11404688,True,2,1,lot,19,+2000sqft,2561.0,4561.0
38,11325144,11404688,True,2,1,lot,20,+2100sqft,2561.0,4661.0
38,11325144,11404688,True,2,1,lot,21,+2200sqft,2561.0,4761.0
38,11325144,11404688,True,2,1,lot,22,+2300sqft,2561.0,4861.0
38,11325144,11404688,True,2,1,lot,23,+2400sqft,2561.0,4961.0
38,11325144,11404688,True,2,1,lot,24,+2500sqft,2561.0,5061.0
38,11325144,11404688,True,2,1,lot,25,+2600sqft,2561.0,5161.0
38,11325144,11404688,True,2,1,lot,26,+2700sqft,2561.0,5261.0
38,11325144,11404688,True,2,1,lot,27,+2800sqft,2561.0,5361.0
38,11325144,11404688,True,2,1,lot,28,+2900sqft,2561.0,5461.0
38,11325144,11404688,True,2,1,lot,29,+3000sqft,2561.0,5561.0
38,11325144,11404688,True,2,1,lot,30,+3100sqft,2561.0,5661.0
38,11325144,11404688,True,2,1,lot,31,+3200sqft,2561.0,5761.0
38,11325144,11404688,True,2,1,lot,32,+3300sqft,2561.0,5861.0
38,11325144,11404688,True,2,1,lot,33,+3400sqft,2561.0,5961.0
38,11325144,11404688,True,2,1,lot,34,+3500sqft,2561.0,6061.0
38,11325144,11404688,True,2,1,lot,35,+3600sqft,2561.0,6161.0
38,11325144,11404688,True,2,1,lot,36,+3700sqft,2561.0,6261.0
38,11325144,11404688,True,2,1,lot,37,+3800sqft,2561.0,6361.0
38,11325144,11404688,True,2,1,lot,38,+3900sqft,2561.0,6461.0
38,11325144,11404688,True,2,1,lot,39,+4000sqft,2561.0,6561.0
38,11325144,11404688,True,2,1,lot,40,+4100sqft,2561.0,6661.0
38,11325144,11404688,True,2,1,lot,41,+4200sqft,2561.0,6761.0
38,11325144,11404688,True,2,1,lot,42,+4300sqft,2561.0,6861.0
38,11325144,11404688,True,2,1,lot,43,+4400sqft,2561.0,6961.0
38,11325144,11404688,True,2,1,lot,44,+4500sqft,2561.0,7061.0
38,11325144,11404688,True,2,1,lot,45,+4600sqft,2561.0,7161.0
38,11325144,11404688,True,2,1,lot,46,+4700sqft,2561.0,7261.0
38,11325144,11404688,True,2,1,lot,47,+4800sqft,2561.0,7361.0
38,11325144,11404688,True,2,1,lot,48,+4900sqft,2561.0,7461.0
38,11325144,11404688,True,2,1,lot,49,+5000sqft,2561.0,7561.0
39,11305408,11391075,True,1,2,bedrooms,0,+1,2.0,3.0
39,11305408,11391075,True,1,2,bedrooms,1,+2,2.0,4.0
39,11305408,11391075,True,1,2,bedrooms,2,+3,2.0,5.0
39,11305408,11391075,True,1,2,bedrooms,3,+4,2.0,6.0
39,11305408,11391075,True,1,2,bedrooms,4,+5,2.0,7.0
39,11305408,11391075,True,1,2,bedrooms,5,+6,2.0,8.0
39,11305408,11391075,True,1,2,bedrooms,6,+7,2.0,9.0
39,11305408,11391075,True,1,2,bedrooms,7,+8,2.0,10.0
39,11305408,11391075,True,1,2,bathrooms,0,+1,2.0,3.0
39,11305408,11391075,True,1,2,bathrooms,1,+2,2.0,4.0
39,11305408,11391075,True,1,2,bathrooms,2,+3,2.0,5.0
39,11305408,11391075,True,1,2,bathrooms,3,+4,2.0,6.0
39,11305408,11391075,True,1,2,bathrooms,4,+5,2.0,7.0
39,11305408,11391075,True,1,2,bathrooms,5,+6,2.0,8.0
39,11305408,11391075,True,1,2,bathrooms,6,+7,2.0,9.0
39,11305408,11391075,True,1,2,bathrooms,7,+8,2.0,10.0
39,11305408,11391075,True,1,2,yearBuilt,0,+2yr,1950.0,1952.0
39,11305408,11391075,True,1,2,yearBuilt,1,+4yr,1950.0,1954.0
39,11305408,11391075,True,1,2,yearBuilt,2,+6yr,1950.0,1956.0
39,11305408,11391075,True,1,2,yearBuilt,3,+8yr,1950.0,1958.0
39,11305408,11391075,True,1,2,yearBuilt,4,+10yr,1950.0,1960.0
39,11305408,11391075,True,1,2,yearBuilt,5,+12yr,1950.0,1962.0
39,11305408,11391075,True,1,2,yearBuilt,6,+14yr,1950.0,1964.0
39,11305408,11391075,True,1,2,yearBuilt,7,+16yr,1950.0,1966.0
39,11305408,11391075,True,1,2,yearBuilt,8,+18yr,1950.0,1968.0
39,11305408,11391075,True,1,2,yearBuilt,9,+20yr,1950.0,1970.0
39,11305408,11391075,True,1,2,yearBuilt,10,+22yr,1950.0,1972.0
39,11305408,11391075,True,1,2,yearBuilt,11,+24yr,1950.0,1974.0
39,11305408,11391075,True,1,2,yearBuilt,12,+26yr,1950.0,1976.0
39,11305408,11391075,True,1,2,yearBuilt,13,+28yr,1950.0,1978.0
39,11305408,11391075,True,1,2,yearBuilt,14,+30yr,1950.0,1980.0
39,11305408,11391075,True,1,2,yearBuilt,15,+32yr,1950.0,1982.0
39,11305408,11391075,True,1,2,yearBuilt,16,+34yr,1950.0,1984.0
39,11305408,11391075,True,1,2,yearBuilt,17,+36yr,1950.0,1986.0
39,11305408,11391075,True,1,2,yearBuilt,18,+38yr,1950.0,1988.0
39,11305408,11391075,True,1,2,yearBuilt,19,+40yr,1950.0,1990.0
39,11305408,11391075,True,1,2,yearBuilt,20,+42yr,1950.0,1992.0
39,11305408,11391075,True,1,2,yearBuilt,21,+44yr,1950.0,1994.0
39,11305408,11391075,True,1,2,yearBuilt,22,+46yr,1950.0,1996.0
39,11305408,11391075,True,1,2,yearBuilt,23,+48yr,1950.0,1998.0
39,11305408,11391075,True,1,2,yearBuilt,24,+50yr,1950.0,2000.0
39,11305408,11391075,True,1,2,yearBuilt,25,+52yr,1950.0,2002.0
39,11305408,11391075,True,1,2,yearBuilt,26,+54yr,1950.0,2004.0
39,11305408,11391075,True,1,2,yearBuilt,27,+56yr,1950.0,2006.0
39,11305408,11391075,True,1,2,yearBuilt,28,+58yr,1950.0,2008.0
39,11305408,11391075,True,1,2,yearBuilt,29,+60yr,1950.0,2010.0
39,11305408,11391075,True,1,2,yearBuilt,30,+62yr,1950.0,2012.0
39,11305408,11391075,True,1,2,yearBuilt,31,+64yr,1950.0,2014.0
39,11305408,11391075,True,1,2,yearBuilt,32,+66yr,1950.0,2016.0
39,11305408,11391075,True,1,2,yearBuilt,33,+68yr,1950.0,2018.0
39,11305408,11391075,True,1,2,yearBuilt,34,+70yr,1950.0,2020.0
39,11305408,11391075,True,1,2,yearBuilt,35,+72yr,1950.0,2022.0
39,11305408,11391075,True,1,2,yearBuilt,36,+74yr,1950.0,2024.0
39,11305408,11391075,True,1,2,lot,0,+100sqft,7749.0,7849.0
39,11305408,11391075,True,1,2,lot,1,+200sqft,7749.0,7949.0
39,11305408,11391075,True,1,2,lot,2,+300sqft,7749.0,8049.0
39,11305408,11391075,True,1,2,lot,3,+400sqft,7749.0,8149.0
39,11305408,11391075,True,1,2,lot,4,+500sqft,7749.0,8249.0
39,11305408,11391075,True,1,2,lot,5,+600sqft,7749.0,8349.0
39,11305408,11391075,True,1,2,lot,6,+700sqft,7749.0,8449.0
39,11305408,11391075,True,1,2,lot,7,+800sqft,7749.0,8549.0
39,11305408,11391075,True,1,2,lot,8,+900sqft,7749.0,8649.0
39,11305408,11391075,True,1,2,lot,9,+1000sqft,7749.0,8749.0
39,11305408,11391075,True,1,2,lot,10,+1100sqft,7749.0,8849.0
39,11305408,11391075,True,1,2,lot,11,+1200sqft,7749.0,8949.0
39,11305408,11391075,True,1,2,lot,12,+1300sqft,7749.0,9049.0
39,11305408,11391075,True,1,2,lot,13,+1400sqft,7749.0,9149.0
39,11305408,11391075,True,1,2,lot,14,+1500sqft,7749.0,9249.0
39,11305408,11391075,True,1,2,lot,15,+1600sqft,7749.0,9349.0
39,11305408,11391075,True,1,2,lot,16,+1700sqft,7749.0,9449.0
39,11305408,11391075,True,1,2,lot,17,+1800sqft,7749.0,9549.0
39,11305408,11391075,True,1,2,lot,18,+1900sqft,7749.0,9649.0
39,11305408,11391075,True,1,2,lot,19,+2000sqft,7749.0,9749.0
39,11305408,11391075,True,1,2,lot,20,+2100sqft,7749.0,9849.0
39,11305408,11391075,True,1,2,lot,21,+2200sqft,7749.0,9949.0
39,11305408,11391075,True,1,2,lot,22,+2300sqft,7749.0,10049.0
39,11305408,11391075,True,1,2,lot,23,+2400sqft,7749.0,10149.0
39,11305408,11391075,True,1,2,lot,24,+2500sqft,7749.0,10249.0
39,11305408,11391075,True,1,2,lot,25,+2600sqft,7749.0,10349.0
39,11305408,11391075,True,1,2,lot,26,+2700sqft,7749.0,10449.0
39,11305408,11391075,True,1,2,lot,27,+2800sqft,7749.0,10549.0
39,11305408,11391075,True,1,2,lot,28,+2900sqft,7749.0,10649.0
39,11305408,11391075,True,1,2,lot,29,+3000sqft,7749.0,10749.0
39,11305408,11391075,True,1,2,lot,30,+3100sqft,7749.0,10849.0
39,11305408,11391075,True,1,2,lot,31,+3200sqft,7749.0,10949.0
39,11305408,11391075,True,1,2,lot,32,+3300sqft,7749.0,11049.0
39,11305408,11391075,True,1,2,lot,33,+3400sqft,7749.0,11149.0
39,11305408,11391075,True,1,2,lot,34,+3500sqft,7749.0,11249.0
39,11305408,11391075,True,1,2,lot,35,+3600sqft,7749.0,11349.0
39,11305408,11391075,True,1,2,lot,36,+3700sqft,7749.0,11449.0
39,11305408,11391075,True,1,2,lot,37,+3800sqft,7749.0,11549.0
39,11305408,11391075,True,1,2,lot,38,+3900sqft,7749.0,11649.0
39,11305408,11391075,True,1,2,lot,39,+4000sqft,7749.0,11749.0
39,11305408,11391075,True,1,2,lot,40,+4100sqft,7749.0,11849.0
39,11305408,11391075,True,1,2,lot,41,+4200sqft,7749.0,11949.0
39,11305408,11391075,True,1,2,lot,42,+4300sqft,7749.0,12049.0
39,11305408,11391075,True,1,2,lot,43,+4400sqft,7749.0,12149.0
39,11305408,11391075,True,1,2,lot,44,+4500sqft,7749.0,12249.0
39,11305408,11391075,True,1,2,lot,45,+4600sqft,7749.0,12349.0
39,11305408,11391075,True,1,2,lot,46,+4700sqft,7749.0,12449.0
39,11305408,11391075,True,1,2,lot,47,+4800sqft,7749.0,12549.0
39,11305408,11391075,True,1,2,lot,48,+4900sqft,7749.0,12649.0
39,11305408,11391075,True,1,2,lot,49,+5000sqft,7749.0,12749.0
40,59160591,117686106,True,1,2,bedrooms,0,+1,2.0,3.0
40,59160591,117686106,True,1,2,bedrooms,1,+2,2.0,4.0
40,59160591,117686106,True,1,2,bedrooms,2,+3,2.0,5.0
40,59160591,117686106,True,1,2,bedrooms,3,+4,2.0,6.0
40,59160591,117686106,True,1,2,bedrooms,4,+5,2.0,7.0
40,59160591,117686106,True,1,2,bedrooms,5,+6,2.0,8.0
40,59160591,117686106,True,1,2,bedrooms,6,+7,2.0,9.0
40,59160591,117686106,True,1,2,bedrooms,7,+8,2.0,10.0
40,59160591,117686106,True,1,2,bathrooms,0,+1,2.0,3.0
40,59160591,117686106,True,1,2,bathrooms,1,+2,2.0,4.0
40,59160591,117686106,True,1,2,bathrooms,2,+3,2.0,5.0
40,59160591,117686106,True,1,2,bathrooms,3,+4,2.0,6.0
40,59160591,117686106,True,1,2,bathrooms,4,+5,2.0,7.0
40,59160591,117686106,True,1,2,bathrooms,5,+6,2.0,8.0
40,59160591,117686106,True,1,2,bathrooms,6,+7,2.0,9.0
40,59160591,117686106,True,1,2,bathrooms,7,+8,2.0,10.0
40,59160591,117686106,True,1,2,yearBuilt,0,+2yr,2010.0,2012.0
40,59160591,117686106,True,1,2,yearBuilt,1,+4yr,2010.0,2014.0
40,59160591,117686106,True,1,2,yearBuilt,2,+6yr,2010.0,2016.0
40,59160591,117686106,True,1,2,yearBuilt,3,+8yr,2010.0,2018.0
40,59160591,117686106,True,1,2,yearBuilt,4,+10yr,2010.0,2020.0
40,59160591,117686106,True,1,2,yearBuilt,5,+12yr,2010.0,2022.0
40,59160591,117686106,True,1,2,yearBuilt,6,+14yr,2010.0,2024.0
40,59160591,117686106,True,1,2,lot,0,+100sqft,1306.0,1406.0
40,59160591,117686106,True,1,2,lot,1,+200sqft,1306.0,1506.0
40,59160591,117686106,True,1,2,lot,2,+300sqft,1306.0,1606.0
40,59160591,117686106,True,1,2,lot,3,+400sqft,1306.0,1706.0
40,59160591,117686106,True,1,2,lot,4,+500sqft,1306.0,1806.0
40,59160591,117686106,True,1,2,lot,5,+600sqft,1306.0,1906.0
40,59160591,117686106,True,1,2,lot,6,+700sqft,1306.0,2006.0
40,59160591,117686106,True,1,2,lot,7,+800sqft,1306.0,2106.0
40,59160591,117686106,True,1,2,lot,8,+900sqft,1306.0,2206.0
40,59160591,117686106,True,1,2,lot,9,+1000sqft,1306.0,2306.0
40,59160591,117686106,True,1,2,lot,10,+1100sqft,1306.0,2406.0
40,59160591,117686106,True,1,2,lot,11,+1200sqft,1306.0,2506.0
40,59160591,117686106,True,1,2,lot,12,+1300sqft,1306.0,2606.0
40,59160591,117686106,True,1,2,lot,13,+1400sqft,1306.0,2706.0
40,59160591,117686106,True,1,2,lot,14,+1500sqft,1306.0,2806.0
40,59160591,117686106,True,1,2,lot,15,+1600sqft,1306.0,2906.0
40,59160591,117686106,True,1,2,lot,16,+1700sqft,1306.0,3006.0
40,59160591,117686106,True,1,2,lot,17,+1800sqft,1306.0,3106.0
40,59160591,117686106,True,1,2,lot,18,+1900sqft,1306.0,3206.0
40,59160591,117686106,True,1,2,lot,19,+2000sqft,1306.0,3306.0
40,59160591,117686106,True,1,2,lot,20,+2100sqft,1306.0,3406.0
40,59160591,117686106,True,1,2,lot,21,+2200sqft,1306.0,3506.0
40,59160591,117686106,True,1,2,lot,22,+2300sqft,1306.0,3606.0
40,59160591,117686106,True,1,2,lot,23,+2400sqft,1306.0,3706.0
40,59160591,117686106,True,1,2,lot,24,+2500sqft,1306.0,3806.0
40,59160591,117686106,True,1,2,lot,25,+2600sqft,1306.0,3906.0
40,59160591,117686106,True,1,2,lot,26,+2700sqft,1306.0,4006.0
40,59160591,117686106,True,1,2,lot,27,+2800sqft,1306.0,4106.0
40,59160591,117686106,True,1,2,lot,28,+2900sqft,1306.0,4206.0
40,59160591,117686106,True,1,2,lot,29,+3000sqft,1306.0,4306.0
40,59160591,117686106,True,1,2,lot,30,+3100sqft,1306.0,4406.0
40,59160591,117686106,True,1,2,lot,31,+3200sqft,1306.0,4506.0
40,59160591,117686106,True,1,2,lot,32,+3300sqft,1306.0,4606.0
40,59160591,117686106,True,1,2,lot,33,+3400sqft,1306.0,4706.0
40,59160591,117686106,True,1,2,lot,34,+3500sqft,1306.0,4806.0
40,59160591,117686106,True,1,2,lot,35,+3600sqft,1306.0,4906.0
40,59160591,117686106,True,1,2,lot,36,+3700sqft,1306.0,5006.0
40,59160591,117686106,True,1,2,lot,37,+3800sqft,1306.0,5106.0
40,59160591,117686106,True,1,2,lot,38,+3900sqft,1306.0,5206.0
40,59160591,117686106,True,1,2,lot,39,+4000sqft,1306.0,5306.0
40,59160591,117686106,True,1,2,lot,40,+4100sqft,1306.0,5406.0
40,59160591,117686106,True,1,2,lot,41,+4200sqft,1306.0,5506.0
40,59160591,117686106,True,1,2,lot,42,+4300sqft,1306.0,5606.0
40,59160591,117686106,True,1,2,lot,43,+4400sqft,1306.0,5706.0
40,59160591,117686106,True,1,2,lot,44,+4500sqft,1306.0,5806.0
40,59160591,117686106,True,1,2,lot,45,+4600sqft,1306.0,5906.0
40,59160591,117686106,True,1,2,lot,46,+4700sqft,1306.0,6006.0
40,59160591,117686106,True,1,2,lot,47,+4800sqft,1306.0,6106.0
40,59160591,117686106,True,1,2,lot,48,+4900sqft,1306.0,6206.0
40,59160591,117686106,True,1,2,lot,49,+5000sqft,1306.0,6306.0
41,11522821,11617337,False,2,1,bedrooms,0,+1,3.0,4.0
41,11522821,11617337,False,2,1,bedrooms,1,+2,3.0,5.0
41,11522821,11617337,False,2,1,bedrooms,2,+3,3.0,6.0
41,11522821,11617337,False,2,1,bedrooms,3,+4,3.0,7.0
41,11522821,11617337,False,2,1,bedrooms,4,+5,3.0,8.0
41,11522821,11617337,False,2,1,bedrooms,5,+6,3.0,9.0
41,11522821,11617337,False,2,1,bedrooms,6,+7,3.0,10.0
41,11522821,11617337,False,2,1,bathrooms,0,+1,2.0,3.0
41,11522821,11617337,False,2,1,bathrooms,1,+2,2.0,4.0
41,11522821,11617337,False,2,1,bathrooms,2,+3,2.0,5.0
41,11522821,11617337,False,2,1,bathrooms,3,+4,2.0,6.0
41,11522821,11617337,False,2,1,bathrooms,4,+5,2.0,7.0
41,11522821,11617337,False,2,1,bathrooms,5,+6,2.0,8.0
41,11522821,11617337,False,2,1,bathrooms,6,+7,2.0,9.0
41,11522821,11617337,False,2,1,bathrooms,7,+8,2.0,10.0
41,11522821,11617337,False,2,1,yearBuilt,0,+2yr,1926.0,1928.0
41,11522821,11617337,False,2,1,yearBuilt,1,+4yr,1926.0,1930.0
41,11522821,11617337,False,2,1,yearBuilt,2,+6yr,1926.0,1932.0
41,11522821,11617337,False,2,1,yearBuilt,3,+8yr,1926.0,1934.0
41,11522821,11617337,False,2,1,yearBuilt,4,+10yr,1926.0,1936.0
41,11522821,11617337,False,2,1,yearBuilt,5,+12yr,1926.0,1938.0
41,11522821,11617337,False,2,1,yearBuilt,6,+14yr,1926.0,1940.0
41,11522821,11617337,False,2,1,yearBuilt,7,+16yr,1926.0,1942.0
41,11522821,11617337,False,2,1,yearBuilt,8,+18yr,1926.0,1944.0
41,11522821,11617337,False,2,1,yearBuilt,9,+20yr,1926.0,1946.0
41,11522821,11617337,False,2,1,yearBuilt,10,+22yr,1926.0,1948.0
41,11522821,11617337,False,2,1,yearBuilt,11,+24yr,1926.0,1950.0
41,11522821,11617337,False,2,1,yearBuilt,12,+26yr,1926.0,1952.0
41,11522821,11617337,False,2,1,yearBuilt,13,+28yr,1926.0,1954.0
41,11522821,11617337,False,2,1,yearBuilt,14,+30yr,1926.0,1956.0
41,11522821,11617337,False,2,1,yearBuilt,15,+32yr,1926.0,1958.0
41,11522821,11617337,False,2,1,yearBuilt,16,+34yr,1926.0,1960.0
41,11522821,11617337,False,2,1,yearBuilt,17,+36yr,1926.0,1962.0
41,11522821,11617337,False,2,1,yearBuilt,18,+38yr,1926.0,1964.0
41,11522821,11617337,False,2,1,yearBuilt,19,+40yr,1926.0,1966.0
41,11522821,11617337,False,2,1,yearBuilt,20,+42yr,1926.0,1968.0
41,11522821,11617337,False,2,1,yearBuilt,21,+44yr,1926.0,1970.0
41,11522821,11617337,False,2,1,yearBuilt,22,+46yr,1926.0,1972.0
41,11522821,11617337,False,2,1,yearBuilt,23,+48yr,1926.0,1974.0
41,11522821,11617337,False,2,1,yearBuilt,24,+50yr,1926.0,1976.0
41,11522821,11617337,False,2,1,yearBuilt,25,+52yr,1926.0,1978.0
41,11522821,11617337,False,2,1,yearBuilt,26,+54yr,1926.0,1980.0
41,11522821,11617337,False,2,1,yearBuilt,27,+56yr,1926.0,1982.0
41,11522821,11617337,False,2,1,yearBuilt,28,+58yr,1926.0,1984.0
41,11522821,11617337,False,2,1,yearBuilt,29,+60yr,1926.0,1986.0
41,11522821,11617337,False,2,1,yearBuilt,30,+62yr,1926.0,1988.0
41,11522821,11617337,False,2,1,yearBuilt,31,+64yr,1926.0,1990.0
41,11522821,11617337,False,2,1,yearBuilt,32,+66yr,1926.0,1992.0
41,11522821,11617337,False,2,1,yearBuilt,33,+68yr,1926.0,1994.0
41,11522821,11617337,False,2,1,yearBuilt,34,+70yr,1926.0,1996.0
41,11522821,11617337,False,2,1,yearBuilt,35,+72yr,1926.0,1998.0
41,11522821,11617337,False,2,1,yearBuilt,36,+74yr,1926.0,2000.0
41,11522821,11617337,False,2,1,yearBuilt,37,+76yr,1926.0,2002.0
41,11522821,11617337,False,2,1,yearBuilt,38,+78yr,1926.0,2004.0
41,11522821,11617337,False,2,1,yearBuilt,39,+80yr,1926.0,2006.0
41,11522821,11617337,False,2,1,yearBuilt,40,+82yr,1926.0,2008.0
41,11522821,11617337,False,2,1,yearBuilt,41,+84yr,1926.0,2010.0
41,11522821,11617337,False,2,1,yearBuilt,42,+86yr,1926.0,2012.0
41,11522821,11617337,False,2,1,yearBuilt,43,+88yr,1926.0,2014.0
41,11522821,11617337,False,2,1,yearBuilt,44,+90yr,1926.0,2016.0
41,11522821,11617337,False,2,1,yearBuilt,45,+92yr,1926.0,2018.0
41,11522821,11617337,False,2,1,yearBuilt,46,+94yr,1926.0,2020.0
41,11522821,11617337,False,2,1,lot,0,+100sqft,0.36,0.3623
41,11522821,11617337,False,2,1,lot,1,+200sqft,0.36,0.3646
41,11522821,11617337,False,2,1,lot,2,+300sqft,0.36,0.3669
41,11522821,11617337,False,2,1,lot,3,+400sqft,0.36,0.3692
41,11522821,11617337,False,2,1,lot,4,+500sqft,0.36,0.3715
41,11522821,11617337,False,2,1,lot,5,+600sqft,0.36,0.3738
41,11522821,11617337,False,2,1,lot,6,+700sqft,0.36,0.3761
41,11522821,11617337,False,2,1,lot,7,+800sqft,0.36,0.3784
41,11522821,11617337,False,2,1,lot,8,+900sqft,0.36,0.3807
41,11522821,11617337,False,2,1,lot,9,+1000sqft,0.36,0.383
41,11522821,11617337,False,2,1,lot,10,+1100sqft,0.36,0.3853
41,11522821,11617337,False,2,1,lot,11,+1200sqft,0.36,0.3875
41,11522821,11617337,False,2,1,lot,12,+1300sqft,0.36,0.3898
41,11522821,11617337,False,2,1,lot,13,+1400sqft,0.36,0.3921
41,11522821,11617337,False,2,1,lot,14,+1500sqft,0.36,0.3944
41,11522821,11617337,False,2,1,lot,15,+1600sqft,0.36,0.3967
41,11522821,11617337,False,2,1,lot,16,+1700sqft,0.36,0.399
41,11522821,11617337,False,2,1,lot,17,+1800sqft,0.36,0.4013
41,11522821,11617337,False,2,1,lot,18,+1900sqft,0.36,0.4036
41,11522821,11617337,False,2,1,lot,19,+2000sqft,0.36,0.4059
41,11522821,11617337,False,2,1,lot,20,+2100sqft,0.36,0.4082
41,11522821,11617337,False,2,1,lot,21,+2200sqft,0.36,0.4105
41,11522821,11617337,False,2,1,lot,22,+2300sqft,0.36,0.4128
41,11522821,11617337,False,2,1,lot,23,+2400sqft,0.36,0.4151
41,11522821,11617337,False,2,1,lot,24,+2500sqft,0.36,0.4174
41,11522821,11617337,False,2,1,lot,25,+2600sqft,0.36,0.4197
41,11522821,11617337,False,2,1,lot,26,+2700sqft,0.36,0.422
41,11522821,11617337,False,2,1,lot,27,+2800sqft,0.36,0.4243
41,11522821,11617337,False,2,1,lot,28,+2900sqft,0.36,0.4266
41,11522821,11617337,False,2,1,lot,29,+3000sqft,0.36,0.4289
41,11522821,11617337,False,2,1,lot,30,+3100sqft,0.36,0.4312
41,11522821,11617337,False,2,1,lot,31,+3200sqft,0.36,0.4335
41,11522821,11617337,False,2,1,lot,32,+3300sqft,0.36,0.4358
41,11522821,11617337,False,2,1,lot,33,+3400sqft,0.36,0.4381
41,11522821,11617337,False,2,1,lot,34,+3500sqft,0.36,0.4403
41,11522821,11617337,False,2,1,lot,35,+3600sqft,0.36,0.4426
41,11522821,11617337,False,2,1,lot,36,+3700sqft,0.36,0.4449
41,11522821,11617337,False,2,1,lot,37,+3800sqft,0.36,0.4472
41,11522821,11617337,False,2,1,lot,38,+3900sqft,0.36,0.4495
41,11522821,11617337,False,2,1,lot,39,+4000sqft,0.36,0.4518
41,11522821,11617337,False,2,1,lot,40,+4100sqft,0.36,0.4541
41,11522821,11617337,False,2,1,lot,41,+4200sqft,0.36,0.4564
41,11522821,11617337,False,2,1,lot,42,+4300sqft,0.36,0.4587
41,11522821,11617337,False,2,1,lot,43,+4400sqft,0.36,0.461
41,11522821,11617337,False,2,1,lot,44,+4500sqft,0.36,0.4633
41,11522821,11617337,False,2,1,lot,45,+4600sqft,0.36,0.4656
41,11522821,11617337,False,2,1,lot,46,+4700sqft,0.36,0.4679
41,11522821,11617337,False,2,1,lot,47,+4800sqft,0.36,0.4702
41,11522821,11617337,False,2,1,lot,48,+4900sqft,0.36,0.4725
41,11522821,11617337,False,2,1,lot,49,+5000sqft,0.36,0.4748
42,11394013,11470364,True,2,1,bedrooms,0,+1,3.0,4.0
42,11394013,11470364,True,2,1,bedrooms,1,+2,3.0,5.0
42,11394013,11470364,True,2,1,bedrooms,2,+3,3.0,6.0
42,11394013,11470364,True,2,1,bedrooms,3,+4,3.0,7.0
42,11394013,11470364,True,2,1,bedrooms,4,+5,3.0,8.0
42,11394013,11470364,True,2,1,bedrooms,5,+6,3.0,9.0
42,11394013,11470364,True,2,1,bedrooms,6,+7,3.0,10.0
42,11394013,11470364,True,2,1,bathrooms,0,+1,2.0,3.0
42,11394013,11470364,True,2,1,bathrooms,1,+2,2.0,4.0
42,11394013,11470364,True,2,1,bathrooms,2,+3,2.0,5.0
42,11394013,11470364,True,2,1,bathrooms,3,+4,2.0,6.0
42,11394013,11470364,True,2,1,bathrooms,4,+5,2.0,7.0
42,11394013,11470364,True,2,1,bathrooms,5,+6,2.0,8.0
42,11394013,11470364,True,2,1,bathrooms,6,+7,2.0,9.0
42,11394013,11470364,True,2,1,bathrooms,7,+8,2.0,10.0
42,11394013,11470364,True,2,1,yearBuilt,0,+2yr,1941.0,1943.0
42,11394013,11470364,True,2,1,yearBuilt,1,+4yr,1941.0,1945.0
42,11394013,11470364,True,2,1,yearBuilt,2,+6yr,1941.0,1947.0
42,11394013,11470364,True,2,1,yearBuilt,3,+8yr,1941.0,1949.0
42,11394013,11470364,True,2,1,yearBuilt,4,+10yr,1941.0,1951.0
42,11394013,11470364,True,2,1,yearBuilt,5,+12yr,1941.0,1953.0
42,11394013,11470364,True,2,1,yearBuilt,6,+14yr,1941.0,1955.0
42,11394013,11470364,True,2,1,yearBuilt,7,+16yr,1941.0,1957.0
42,11394013,11470364,True,2,1,yearBuilt,8,+18yr,1941.0,1959.0
42,11394013,11470364,True,2,1,yearBuilt,9,+20yr,1941.0,1961.0
42,11394013,11470364,True,2,1,yearBuilt,10,+22yr,1941.0,1963.0
42,11394013,11470364,True,2,1,yearBuilt,11,+24yr,1941.0,1965.0
42,11394013,11470364,True,2,1,yearBuilt,12,+26yr,1941.0,1967.0
42,11394013,11470364,True,2,1,yearBuilt,13,+28yr,1941.0,1969.0
42,11394013,11470364,True,2,1,yearBuilt,14,+30yr,1941.0,1971.0
42,11394013,11470364,True,2,1,yearBuilt,15,+32yr,1941.0,1973.0
42,11394013,11470364,True,2,1,yearBuilt,16,+34yr,1941.0,1975.0
42,11394013,11470364,True,2,1,yearBuilt,17,+36yr,1941.0,1977.0
42,11394013,11470364,True,2,1,yearBuilt,18,+38yr,1941.0,1979.0
42,11394013,11470364,True,2,1,yearBuilt,19,+40yr,1941.0,1981.0
42,11394013,11470364,True,2,1,yearBuilt,20,+42yr,1941.0,1983.0
42,11394013,11470364,True,2,1,yearBuilt,21,+44yr,1941.0,1985.0
42,11394013,11470364,True,2,1,yearBuilt,22,+46yr,1941.0,1987.0
42,11394013,11470364,True,2,1,yearBuilt,23,+48yr,1941.0,1989.0
42,11394013,11470364,True,2,1,yearBuilt,24,+50yr,1941.0,1991.0
42,11394013,11470364,True,2,1,yearBuilt,25,+52yr,1941.0,1993.0
42,11394013,11470364,True,2,1,yearBuilt,26,+54yr,1941.0,1995.0
42,11394013,11470364,True,2,1,yearBuilt,27,+56yr,1941.0,1997.0
42,11394013,11470364,True,2,1,yearBuilt,28,+58yr,1941.0,1999.0
42,11394013,11470364,True,2,1,yearBuilt,29,+60yr,1941.0,2001.0
42,11394013,11470364,True,2,1,yearBuilt,30,+62yr,1941.0,2003.0
42,11394013,11470364,True,2,1,yearBuilt,31,+64yr,1941.0,2005.0
42,11394013,11470364,True,2,1,yearBuilt,32,+66yr,1941.0,2007.0
42,11394013,11470364,True,2,1,yearBuilt,33,+68yr,1941.0,2009.0
42,11394013,11470364,True,2,1,yearBuilt,34,+70yr,1941.0,2011.0
42,11394013,11470364,True,2,1,yearBuilt,35,+72yr,1941.0,2013.0
42,11394013,11470364,True,2,1,yearBuilt,36,+74yr,1941.0,2015.0
42,11394013,11470364,True,2,1,yearBuilt,37,+76yr,1941.0,2017.0
42,11394013,11470364,True,2,1,yearBuilt,38,+78yr,1941.0,2019.0
42,11394013,11470364,True,2,1,yearBuilt,39,+80yr,1941.0,2021.0
42,11394013,11470364,True,2,1,yearBuilt,40,+82yr,1941.0,2023.0
42,11394013,11470364,True,2,1,yearBuilt,41,+84yr,1941.0,2025.0
42,11394013,11470364,True,2,1,lot,0,+100sqft,4356.0,4456.0
42,11394013,11470364,True,2,1,lot,1,+200sqft,4356.0,4556.0
42,11394013,11470364,True,2,1,lot,2,+300sqft,4356.0,4656.0
42,11394013,11470364,True,2,1,lot,3,+400sqft,4356.0,4756.0
42,11394013,11470364,True,2,1,lot,4,+500sqft,4356.0,4856.0
42,11394013,11470364,True,2,1,lot,5,+600sqft,4356.0,4956.0
42,11394013,11470364,True,2,1,lot,6,+700sqft,4356.0,5056.0
42,11394013,11470364,True,2,1,lot,7,+800sqft,4356.0,5156.0
42,11394013,11470364,True,2,1,lot,8,+900sqft,4356.0,5256.0
42,11394013,11470364,True,2,1,lot,9,+1000sqft,4356.0,5356.0
42,11394013,11470364,True,2,1,lot,10,+1100sqft,4356.0,5456.0
42,11394013,11470364,True,2,1,lot,11,+1200sqft,4356.0,5556.0
42,11394013,11470364,True,2,1,lot,12,+1300sqft,4356.0,5656.0
42,11394013,11470364,True,2,1,lot,13,+1400sqft,4356.0,5756.0
42,11394013,11470364,True,2,1,lot,14,+1500sqft,4356.0,5856.0
42,11394013,11470364,True,2,1,lot,15,+1600sqft,4356.0,5956.0
42,11394013,11470364,True,2,1,lot,16,+1700sqft,4356.0,6056.0
42,11394013,11470364,True,2,1,lot,17,+1800sqft,4356.0,6156.0
42,11394013,11470364,True,2,1,lot,18,+1900sqft,4356.0,6256.0
42,11394013,11470364,True,2,1,lot,19,+2000sqft,4356.0,6356.0
42,11394013,11470364,True,2,1,lot,20,+2100sqft,4356.0,6456.0
42,11394013,11470364,True,2,1,lot,21,+2200sqft,4356.0,6556.0
42,11394013,11470364,True,2,1,lot,22,+2300sqft,4356.0,6656.0
42,11394013,11470364,True,2,1,lot,23,+2400sqft,4356.0,6756.0
42,11394013,11470364,True,2,1,lot,24,+2500sqft,4356.0,6856.0
42,11394013,11470364,True,2,1,lot,25,+2600sqft,4356.0,6956.0
42,11394013,11470364,True,2,1,lot,26,+2700sqft,4356.0,7056.0
42,11394013,11470364,True,2,1,lot,27,+2800sqft,4356.0,7156.0
42,11394013,11470364,True,2,1,lot,28,+2900sqft,4356.0,7256.0
42,11394013,11470364,True,2,1,lot,29,+3000sqft,4356.0,7356.0
42,11394013,11470364,True,2,1,lot,30,+3100sqft,4356.0,7456.0
42,11394013,11470364,True,2,1,lot,31,+3200sqft,4356.0,7556.0
42,11394013,11470364,True,2,1,lot,32,+3300sqft,4356.0,7656.0
42,11394013,11470364,True,2,1,lot,33,+3400sqft,4356.0,7756.0
42,11394013,11470364,True,2,1,lot,34,+3500sqft,4356.0,7856.0
42,11394013,11470364,True,2,1,lot,35,+3600sqft,4356.0,7956.0
42,11394013,11470364,True,2,1,lot,36,+3700sqft,4356.0,8056.0
42,11394013,11470364,True,2,1,lot,37,+3800sqft,4356.0,8156.0
42,11394013,11470364,True,2,1,lot,38,+3900sqft,4356.0,8256.0
42,11394013,11470364,True,2,1,lot,39,+4000sqft,4356.0,8356.0
42,11394013,11470364,True,2,1,lot,40,+4100sqft,4356.0,8456.0
42,11394013,11470364,True,2,1,lot,41,+4200sqft,4356.0,8556.0
42,11394013,11470364,True,2,1,lot,42,+4300sqft,4356.0,8656.0
42,11394013,11470364,True,2,1,lot,43,+4400sqft,4356.0,8756.0
42,11394013,11470364,True,2,1,lot,44,+4500sqft,4356.0,8856.0
42,11394013,11470364,True,2,1,lot,45,+4600sqft,4356.0,8956.0
42,11394013,11470364,True,2,1,lot,46,+4700sqft,4356.0,9056.0
42,11394013,11470364,True,2,1,lot,47,+4800sqft,4356.0,9156.0
42,11394013,11470364,True,2,1,lot,48,+4900sqft,4356.0,9256.0
42,11394013,11470364,True,2,1,lot,49,+5000sqft,4356.0,9356.0
43,11452973,11460620,True,2,1,bedrooms,0,+1,4.0,5.0
43,11452973,11460620,True,2,1,bedrooms,1,+2,4.0,6.0
43,11452973,11460620,True,2,1,bedrooms,2,+3,4.0,7.0
43,11452973,11460620,True,2,1,bedrooms,3,+4,4.0,8.0
43,11452973,11460620,True,2,1,bedrooms,4,+5,4.0,9.0
43,11452973,11460620,True,2,1,bedrooms,5,+6,4.0,10.0
43,11452973,11460620,True,2,1,bathrooms,0,+1,2.0,3.0
43,11452973,11460620,True,2,1,bathrooms,1,+2,2.0,4.0
43,11452973,11460620,True,2,1,bathrooms,2,+3,2.0,5.0
43,11452973,11460620,True,2,1,bathrooms,3,+4,2.0,6.0
43,11452973,11460620,True,2,1,bathrooms,4,+5,2.0,7.0
43,11452973,11460620,True,2,1,bathrooms,5,+6,2.0,8.0
43,11452973,11460620,True,2,1,bathrooms,6,+7,2.0,9.0
43,11452973,11460620,True,2,1,bathrooms,7,+8,2.0,10.0
43,11452973,11460620,True,2,1,yearBuilt,0,+2yr,1952.0,1954.0
43,11452973,11460620,True,2,1,yearBuilt,1,+4yr,1952.0,1956.0
43,11452973,11460620,True,2,1,yearBuilt,2,+6yr,1952.0,1958.0
43,11452973,11460620,True,2,1,yearBuilt,3,+8yr,1952.0,1960.0
43,11452973,11460620,True,2,1,yearBuilt,4,+10yr,1952.0,1962.0
43,11452973,11460620,True,2,1,yearBuilt,5,+12yr,1952.0,1964.0
43,11452973,11460620,True,2,1,yearBuilt,6,+14yr,1952.0,1966.0
43,11452973,11460620,True,2,1,yearBuilt,7,+16yr,1952.0,1968.0
43,11452973,11460620,True,2,1,yearBuilt,8,+18yr,1952.0,1970.0
43,11452973,11460620,True,2,1,yearBuilt,9,+20yr,1952.0,1972.0
43,11452973,11460620,True,2,1,yearBuilt,10,+22yr,1952.0,1974.0
43,11452973,11460620,True,2,1,yearBuilt,11,+24yr,1952.0,1976.0
43,11452973,11460620,True,2,1,yearBuilt,12,+26yr,1952.0,1978.0
43,11452973,11460620,True,2,1,yearBuilt,13,+28yr,1952.0,1980.0
43,11452973,11460620,True,2,1,yearBuilt,14,+30yr,1952.0,1982.0
43,11452973,11460620,True,2,1,yearBuilt,15,+32yr,1952.0,1984.0
43,11452973,11460620,True,2,1,yearBuilt,16,+34yr,1952.0,1986.0
43,11452973,11460620,True,2,1,yearBuilt,17,+36yr,1952.0,1988.0
43,11452973,11460620,True,2,1,yearBuilt,18,+38yr,1952.0,1990.0
43,11452973,11460620,True,2,1,yearBuilt,19,+40yr,1952.0,1992.0
43,11452973,11460620,True,2,1,yearBuilt,20,+42yr,1952.0,1994.0
43,11452973,11460620,True,2,1,yearBuilt,21,+44yr,1952.0,1996.0
43,11452973,11460620,True,2,1,yearBuilt,22,+46yr,1952.0,1998.0
43,11452973,11460620,True,2,1,yearBuilt,23,+48yr,1952.0,2000.0
43,11452973,11460620,True,2,1,yearBuilt,24,+50yr,1952.0,2002.0
43,11452973,11460620,True,2,1,yearBuilt,25,+52yr,1952.0,2004.0
43,11452973,11460620,True,2,1,yearBuilt,26,+54yr,1952.0,2006.0
43,11452973,11460620,True,2,1,yearBuilt,27,+56yr,1952.0,2008.0
43,11452973,11460620,True,2,1,yearBuilt,28,+58yr,1952.0,2010.0
43,11452973,11460620,True,2,1,yearBuilt,29,+60yr,1952.0,2012.0
43,11452973,11460620,True,2,1,yearBuilt,30,+62yr,1952.0,2014.0
43,11452973,11460620,True,2,1,yearBuilt,31,+64yr,1952.0,2016.0
43,11452973,11460620,True,2,1,yearBuilt,32,+66yr,1952.0,2018.0
43,11452973,11460620,True,2,1,yearBuilt,33,+68yr,1952.0,2020.0
43,11452973,11460620,True,2,1,yearBuilt,34,+70yr,1952.0,2022.0
43,11452973,11460620,True,2,1,yearBuilt,35,+72yr,1952.0,2024.0
43,11452973,11460620,True,2,1,lot,0,+100sqft,6696.0,6796.0
43,11452973,11460620,True,2,1,lot,1,+200sqft,6696.0,6896.0
43,11452973,11460620,True,2,1,lot,2,+300sqft,6696.0,6996.0
43,11452973,11460620,True,2,1,lot,3,+400sqft,6696.0,7096.0
43,11452973,11460620,True,2,1,lot,4,+500sqft,6696.0,7196.0
43,11452973,11460620,True,2,1,lot,5,+600sqft,6696.0,7296.0
43,11452973,11460620,True,2,1,lot,6,+700sqft,6696.0,7396.0
43,11452973,11460620,True,2,1,lot,7,+800sqft,6696.0,7496.0
43,11452973,11460620,True,2,1,lot,8,+900sqft,6696.0,7596.0
43,11452973,11460620,True,2,1,lot,9,+1000sqft,6696.0,7696.0
43,11452973,11460620,True,2,1,lot,10,+1100sqft,6696.0,7796.0
43,11452973,11460620,True,2,1,lot,11,+1200sqft,6696.0,7896.0
43,11452973,11460620,True,2,1,lot,12,+1300sqft,6696.0,7996.0
43,11452973,11460620,True,2,1,lot,13,+1400sqft,6696.0,8096.0
43,11452973,11460620,True,2,1,lot,14,+1500sqft,6696.0,8196.0
43,11452973,11460620,True,2,1,lot,15,+1600sqft,6696.0,8296.0
43,11452973,11460620,True,2,1,lot,16,+1700sqft,6696.0,8396.0
43,11452973,11460620,True,2,1,lot,17,+1800sqft,6696.0,8496.0
43,11452973,11460620,True,2,1,lot,18,+1900sqft,6696.0,8596.0
43,11452973,11460620,True,2,1,lot,19,+2000sqft,6696.0,8696.0
43,11452973,11460620,True,2,1,lot,20,+2100sqft,6696.0,8796.0
43,11452973,11460620,True,2,1,lot,21,+2200sqft,6696.0,8896.0
43,11452973,11460620,True,2,1,lot,22,+2300sqft,6696.0,8996.0
43,11452973,11460620,True,2,1,lot,23,+2400sqft,6696.0,9096.0
43,11452973,11460620,True,2,1,lot,24,+2500sqft,6696.0,9196.0
43,11452973,11460620,True,2,1,lot,25,+2600sqft,6696.0,9296.0
43,11452973,11460620,True,2,1,lot,26,+2700sqft,6696.0,9396.0
43,11452973,11460620,True,2,1,lot,27,+2800sqft,6696.0,9496.0
43,11452973,11460620,True,2,1,lot,28,+2900sqft,6696.0,9596.0
43,11452973,11460620,True,2,1,lot,29,+3000sqft,6696.0,9696.0
43,11452973,11460620,True,2,1,lot,30,+3100sqft,6696.0,9796.0
43,11452973,11460620,True,2,1,lot,31,+3200sqft,6696.0,9896.0
43,11452973,11460620,True,2,1,lot,32,+3300sqft,6696.0,9996.0
43,11452973,11460620,True,2,1,lot,33,+3400sqft,6696.0,10096.0
43,11452973,11460620,True,2,1,lot,34,+3500sqft,6696.0,10196.0
43,11452973,11460620,True,2,1,lot,35,+3600sqft,6696.0,10296.0
43,11452973,11460620,True,2,1,lot,36,+3700sqft,6696.0,10396.0
43,11452973,11460620,True,2,1,lot,37,+3800sqft,6696.0,10496.0
43,11452973,11460620,True,2,1,lot,38,+3900sqft,6696.0,10596.0
43,11452973,11460620,True,2,1,lot,39,+4000sqft,6696.0,10696.0
43,11452973,11460620,True,2,1,lot,40,+4100sqft,6696.0,10796.0
43,11452973,11460620,True,2,1,lot,41,+4200sqft,6696.0,10896.0
43,11452973,11460620,True,2,1,lot,42,+4300sqft,6696.0,10996.0
43,11452973,11460620,True,2,1,lot,43,+4400sqft,6696.0,11096.0
43,11452973,11460620,True,2,1,lot,44,+4500sqft,6696.0,11196.0
43,11452973,11460620,True,2,1,lot,45,+4600sqft,6696.0,11296.0
43,11452973,11460620,True,2,1,lot,46,+4700sqft,6696.0,11396.0
43,11452973,11460620,True,2,1,lot,47,+4800sqft,6696.0,11496.0
43,11452973,11460620,True,2,1,lot,48,+4900sqft,6696.0,11596.0
43,11452973,11460620,True,2,1,lot,49,+5000sqft,6696.0,11696.0
44,11484380,11590428,True,2,1,bedrooms,0,+1,3.0,4.0
44,11484380,11590428,True,2,1,bedrooms,1,+2,3.0,5.0
44,11484380,11590428,True,2,1,bedrooms,2,+3,3.0,6.0
44,11484380,11590428,True,2,1,bedrooms,3,+4,3.0,7.0
44,11484380,11590428,True,2,1,bedrooms,4,+5,3.0,8.0
44,11484380,11590428,True,2,1,bedrooms,5,+6,3.0,9.0
44,11484380,11590428,True,2,1,bedrooms,6,+7,3.0,10.0
44,11484380,11590428,True,2,1,bathrooms,0,+1,2.0,3.0
44,11484380,11590428,True,2,1,bathrooms,1,+2,2.0,4.0
44,11484380,11590428,True,2,1,bathrooms,2,+3,2.0,5.0
44,11484380,11590428,True,2,1,bathrooms,3,+4,2.0,6.0
44,11484380,11590428,True,2,1,bathrooms,4,+5,2.0,7.0
44,11484380,11590428,True,2,1,bathrooms,5,+6,2.0,8.0
44,11484380,11590428,True,2,1,bathrooms,6,+7,2.0,9.0
44,11484380,11590428,True,2,1,bathrooms,7,+8,2.0,10.0
44,11484380,11590428,True,2,1,yearBuilt,0,+2yr,1935.0,1937.0
44,11484380,11590428,True,2,1,yearBuilt,1,+4yr,1935.0,1939.0
44,11484380,11590428,True,2,1,yearBuilt,2,+6yr,1935.0,1941.0
44,11484380,11590428,True,2,1,yearBuilt,3,+8yr,1935.0,1943.0
44,11484380,11590428,True,2,1,yearBuilt,4,+10yr,1935.0,1945.0
44,11484380,11590428,True,2,1,yearBuilt,5,+12yr,1935.0,1947.0
44,11484380,11590428,True,2,1,yearBuilt,6,+14yr,1935.0,1949.0
44,11484380,11590428,True,2,1,yearBuilt,7,+16yr,1935.0,1951.0
44,11484380,11590428,True,2,1,yearBuilt,8,+18yr,1935.0,1953.0
44,11484380,11590428,True,2,1,yearBuilt,9,+20yr,1935.0,1955.0
44,11484380,11590428,True,2,1,yearBuilt,10,+22yr,1935.0,1957.0
44,11484380,11590428,True,2,1,yearBuilt,11,+24yr,1935.0,1959.0
44,11484380,11590428,True,2,1,yearBuilt,12,+26yr,1935.0,1961.0
44,11484380,11590428,True,2,1,yearBuilt,13,+28yr,1935.0,1963.0
44,11484380,11590428,True,2,1,yearBuilt,14,+30yr,1935.0,1965.0
44,11484380,11590428,True,2,1,yearBuilt,15,+32yr,1935.0,1967.0
44,11484380,11590428,True,2,1,yearBuilt,16,+34yr,1935.0,1969.0
44,11484380,11590428,True,2,1,yearBuilt,17,+36yr,1935.0,1971.0
44,11484380,11590428,True,2,1,yearBuilt,18,+38yr,1935.0,1973.0
44,11484380,11590428,True,2,1,yearBuilt,19,+40yr,1935.0,1975.0
44,11484380,11590428,True,2,1,yearBuilt,20,+42yr,1935.0,1977.0
44,11484380,11590428,True,2,1,yearBuilt,21,+44yr,1935.0,1979.0
44,11484380,11590428,True,2,1,yearBuilt,22,+46yr,1935.0,1981.0
44,11484380,11590428,True,2,1,yearBuilt,23,+48yr,1935.0,1983.0
44,11484380,11590428,True,2,1,yearBuilt,24,+50yr,1935.0,1985.0
44,11484380,11590428,True,2,1,yearBuilt,25,+52yr,1935.0,1987.0
44,11484380,11590428,True,2,1,yearBuilt,26,+54yr,1935.0,1989.0
44,11484380,11590428,True,2,1,yearBuilt,27,+56yr,1935.0,1991.0
44,11484380,11590428,True,2,1,yearBuilt,28,+58yr,1935.0,1993.0
44,11484380,11590428,True,2,1,yearBuilt,29,+60yr,1935.0,1995.0
44,11484380,11590428,True,2,1,yearBuilt,30,+62yr,1935.0,1997.0
44,11484380,11590428,True,2,1,yearBuilt,31,+64yr,1935.0,1999.0
44,11484380,11590428,True,2,1,yearBuilt,32,+66yr,1935.0,2001.0
44,11484380,11590428,True,2,1,yearBuilt,33,+68yr,1935.0,2003.0
44,11484380,11590428,True,2,1,yearBuilt,34,+70yr,1935.0,2005.0
44,11484380,11590428,True,2,1,yearBuilt,35,+72yr,1935.0,2007.0
44,11484380,11590428,True,2,1,yearBuilt,36,+74yr,1935.0,2009.0
44,11484380,11590428,True,2,1,yearBuilt,37,+76yr,1935.0,2011.0
44,11484380,11590428,True,2,1,yearBuilt,38,+78yr,1935.0,2013.0
44,11484380,11590428,True,2,1,yearBuilt,39,+80yr,1935.0,2015.0
44,11484380,11590428,True,2,1,yearBuilt,40,+82yr,1935.0,2017.0
44,11484380,11590428,True,2,1,yearBuilt,41,+84yr,1935.0,2019.0
44,11484380,11590428,True,2,1,yearBuilt,42,+86yr,1935.0,2021.0
44,11484380,11590428,True,2,1,yearBuilt,43,+88yr,1935.0,2023.0
44,11484380,11590428,True,2,1,yearBuilt,44,+90yr,1935.0,2025.0
44,11484380,11590428,True,2,1,lot,0,+100sqft,8698.0,8798.0
44,11484380,11590428,True,2,1,lot,1,+200sqft,8698.0,8898.0
44,11484380,11590428,True,2,1,lot,2,+300sqft,8698.0,8998.0
44,11484380,11590428,True,2,1,lot,3,+400sqft,8698.0,9098.0
44,11484380,11590428,True,2,1,lot,4,+500sqft,8698.0,9198.0
44,11484380,11590428,True,2,1,lot,5,+600sqft,8698.0,9298.0
44,11484380,11590428,True,2,1,lot,6,+700sqft,8698.0,9398.0
44,11484380,11590428,True,2,1,lot,7,+800sqft,8698.0,9498.0
44,11484380,11590428,True,2,1,lot,8,+900sqft,8698.0,9598.0
44,11484380,11590428,True,2,1,lot,9,+1000sqft,8698.0,9698.0
44,11484380,11590428,True,2,1,lot,10,+1100sqft,8698.0,9798.0
44,11484380,11590428,True,2,1,lot,11,+1200sqft,8698.0,9898.0
44,11484380,11590428,True,2,1,lot,12,+1300sqft,8698.0,9998.0
44,11484380,11590428,True,2,1,lot,13,+1400sqft,8698.0,10098.0
44,11484380,11590428,True,2,1,lot,14,+1500sqft,8698.0,10198.0
44,11484380,11590428,True,2,1,lot,15,+1600sqft,8698.0,10298.0
44,11484380,11590428,True,2,1,lot,16,+1700sqft,8698.0,10398.0
44,11484380,11590428,True,2,1,lot,17,+1800sqft,8698.0,10498.0
44,11484380,11590428,True,2,1,lot,18,+1900sqft,8698.0,10598.0
44,11484380,11590428,True,2,1,lot,19,+2000sqft,8698.0,10698.0
44,11484380,11590428,True,2,1,lot,20,+2100sqft,8698.0,10798.0
44,11484380,11590428,True,2,1,lot,21,+2200sqft,8698.0,10898.0
44,11484380,11590428,True,2,1,lot,22,+2300sqft,8698.0,10998.0
44,11484380,11590428,True,2,1,lot,23,+2400sqft,8698.0,11098.0
44,11484380,11590428,True,2,1,lot,24,+2500sqft,8698.0,11198.0
44,11484380,11590428,True,2,1,lot,25,+2600sqft,8698.0,11298.0
44,11484380,11590428,True,2,1,lot,26,+2700sqft,8698.0,11398.0
44,11484380,11590428,True,2,1,lot,27,+2800sqft,8698.0,11498.0
44,11484380,11590428,True,2,1,lot,28,+2900sqft,8698.0,11598.0
44,11484380,11590428,True,2,1,lot,29,+3000sqft,8698.0,11698.0
44,11484380,11590428,True,2,1,lot,30,+3100sqft,8698.0,11798.0
44,11484380,11590428,True,2,1,lot,31,+3200sqft,8698.0,11898.0
44,11484380,11590428,True,2,1,lot,32,+3300sqft,8698.0,11998.0
44,11484380,11590428,True,2,1,lot,33,+3400sqft,8698.0,12098.0
44,11484380,11590428,True,2,1,lot,34,+3500sqft,8698.0,12198.0
44,11484380,11590428,True,2,1,lot,35,+3600sqft,8698.0,12298.0
44,11484380,11590428,True,2,1,lot,36,+3700sqft,8698.0,12398.0
44,11484380,11590428,True,2,1,lot,37,+3800sqft,8698.0,12498.0
44,11484380,11590428,True,2,1,lot,38,+3900sqft,8698.0,12598.0
44,11484380,11590428,True,2,1,lot,39,+4000sqft,8698.0,12698.0
44,11484380,11590428,True,2,1,lot,40,+4100sqft,8698.0,12798.0
44,11484380,11590428,True,2,1,lot,41,+4200sqft,8698.0,12898.0
44,11484380,11590428,True,2,1,lot,42,+4300sqft,8698.0,12998.0
44,11484380,11590428,True,2,1,lot,43,+4400sqft,8698.0,13098.0
44,11484380,11590428,True,2,1,lot,44,+4500sqft,8698.0,13198.0
44,11484380,11590428,True,2,1,lot,45,+4600sqft,8698.0,13298.0
44,11484380,11590428,True,2,1,lot,46,+4700sqft,8698.0,13398.0
44,11484380,11590428,True,2,1,lot,47,+4800sqft,8698.0,13498.0
44,11484380,11590428,True,2,1,lot,48,+4900sqft,8698.0,13598.0
44,11484380,11590428,True,2,1,lot,49,+5000sqft,8698.0,13698.0
45,11468495,11469194,True,1,2,bedrooms,0,+1,3.0,4.0
45,11468495,11469194,True,1,2,bedrooms,1,+2,3.0,5.0
45,11468495,11469194,True,1,2,bedrooms,2,+3,3.0,6.0
45,11468495,11469194,True,1,2,bedrooms,3,+4,3.0,7.0
45,11468495,11469194,True,1,2,bedrooms,4,+5,3.0,8.0
45,11468495,11469194,True,1,2,bedrooms,5,+6,3.0,9.0
45,11468495,11469194,True,1,2,bedrooms,6,+7,3.0,10.0
45,11468495,11469194,True,1,2,bathrooms,0,+1,2.0,3.0
45,11468495,11469194,True,1,2,bathrooms,1,+2,2.0,4.0
45,11468495,11469194,True,1,2,bathrooms,2,+3,2.0,5.0
45,11468495,11469194,True,1,2,bathrooms,3,+4,2.0,6.0
45,11468495,11469194,True,1,2,bathrooms,4,+5,2.0,7.0
45,11468495,11469194,True,1,2,bathrooms,5,+6,2.0,8.0
45,11468495,11469194,True,1,2,bathrooms,6,+7,2.0,9.0
45,11468495,11469194,True,1,2,bathrooms,7,+8,2.0,10.0
45,11468495,11469194,True,1,2,yearBuilt,0,+2yr,1954.0,1956.0
45,11468495,11469194,True,1,2,yearBuilt,1,+4yr,1954.0,1958.0
45,11468495,11469194,True,1,2,yearBuilt,2,+6yr,1954.0,1960.0
45,11468495,11469194,True,1,2,yearBuilt,3,+8yr,1954.0,1962.0
45,11468495,11469194,True,1,2,yearBuilt,4,+10yr,1954.0,1964.0
45,11468495,11469194,True,1,2,yearBuilt,5,+12yr,1954.0,1966.0
45,11468495,11469194,True,1,2,yearBuilt,6,+14yr,1954.0,1968.0
45,11468495,11469194,True,1,2,yearBuilt,7,+16yr,1954.0,1970.0
45,11468495,11469194,True,1,2,yearBuilt,8,+18yr,1954.0,1972.0
45,11468495,11469194,True,1,2,yearBuilt,9,+20yr,1954.0,1974.0
45,11468495,11469194,True,1,2,yearBuilt,10,+22yr,1954.0,1976.0
45,11468495,11469194,True,1,2,yearBuilt,11,+24yr,1954.0,1978.0
45,11468495,11469194,True,1,2,yearBuilt,12,+26yr,1954.0,1980.0
45,11468495,11469194,True,1,2,yearBuilt,13,+28yr,1954.0,1982.0
45,11468495,11469194,True,1,2,yearBuilt,14,+30yr,1954.0,1984.0
45,11468495,11469194,True,1,2,yearBuilt,15,+32yr,1954.0,1986.0
45,11468495,11469194,True,1,2,yearBuilt,16,+34yr,1954.0,1988.0
45,11468495,11469194,True,1,2,yearBuilt,17,+36yr,1954.0,1990.0
45,11468495,11469194,True,1,2,yearBuilt,18,+38yr,1954.0,1992.0
45,11468495,11469194,True,1,2,yearBuilt,19,+40yr,1954.0,1994.0
45,11468495,11469194,True,1,2,yearBuilt,20,+42yr,1954.0,1996.0
45,11468495,11469194,True,1,2,yearBuilt,21,+44yr,1954.0,1998.0
45,11468495,11469194,True,1,2,yearBuilt,22,+46yr,1954.0,2000.0
45,11468495,11469194,True,1,2,yearBuilt,23,+48yr,1954.0,2002.0
45,11468495,11469194,True,1,2,yearBuilt,24,+50yr,1954.0,2004.0
45,11468495,11469194,True,1,2,yearBuilt,25,+52yr,1954.0,2006.0
45,11468495,11469194,True,1,2,yearBuilt,26,+54yr,1954.0,2008.0
45,11468495,11469194,True,1,2,yearBuilt,27,+56yr,1954.0,2010.0
45,11468495,11469194,True,1,2,yearBuilt,28,+58yr,1954.0,2012.0
45,11468495,11469194,True,1,2,yearBuilt,29,+60yr,1954.0,2014.0
45,11468495,11469194,True,1,2,yearBuilt,30,+62yr,1954.0,2016.0
45,11468495,11469194,True,1,2,yearBuilt,31,+64yr,1954.0,2018.0
45,11468495,11469194,True,1,2,yearBuilt,32,+66yr,1954.0,2020.0
45,11468495,11469194,True,1,2,yearBuilt,33,+68yr,1954.0,2022.0
45,11468495,11469194,True,1,2,yearBuilt,34,+70yr,1954.0,2024.0
45,11468495,11469194,True,1,2,lot,0,+100sqft,7150.0,7250.0
45,11468495,11469194,True,1,2,lot,1,+200sqft,7150.0,7350.0
45,11468495,11469194,True,1,2,lot,2,+300sqft,7150.0,7450.0
45,11468495,11469194,True,1,2,lot,3,+400sqft,7150.0,7550.0
45,11468495,11469194,True,1,2,lot,4,+500sqft,7150.0,7650.0
45,11468495,11469194,True,1,2,lot,5,+600sqft,7150.0,7750.0
45,11468495,11469194,True,1,2,lot,6,+700sqft,7150.0,7850.0
45,11468495,11469194,True,1,2,lot,7,+800sqft,7150.0,7950.0
45,11468495,11469194,True,1,2,lot,8,+900sqft,7150.0,8050.0
45,11468495,11469194,True,1,2,lot,9,+1000sqft,7150.0,8150.0
45,11468495,11469194,True,1,2,lot,10,+1100sqft,7150.0,8250.0
45,11468495,11469194,True,1,2,lot,11,+1200sqft,7150.0,8350.0
45,11468495,11469194,True,1,2,lot,12,+1300sqft,7150.0,8450.0
45,11468495,11469194,True,1,2,lot,13,+1400sqft,7150.0,8550.0
45,11468495,11469194,True,1,2,lot,14,+1500sqft,7150.0,8650.0
45,11468495,11469194,True,1,2,lot,15,+1600sqft,7150.0,8750.0
45,11468495,11469194,True,1,2,lot,16,+1700sqft,7150.0,8850.0
45,11468495,11469194,True,1,2,lot,17,+1800sqft,7150.0,8950.0
45,11468495,11469194,True,1,2,lot,18,+1900sqft,7150.0,9050.0
45,11468495,11469194,True,1,2,lot,19,+2000sqft,7150.0,9150.0
45,11468495,11469194,True,1,2,lot,20,+2100sqft,7150.0,9250.0
45,11468495,11469194,True,1,2,lot,21,+2200sqft,7150.0,9350.0
45,11468495,11469194,True,1,2,lot,22,+2300sqft,7150.0,9450.0
45,11468495,11469194,True,1,2,lot,23,+2400sqft,7150.0,9550.0
45,11468495,11469194,True,1,2,lot,24,+2500sqft,7150.0,9650.0
45,11468495,11469194,True,1,2,lot,25,+2600sqft,7150.0,9750.0
45,11468495,11469194,True,1,2,lot,26,+2700sqft,7150.0,9850.0
45,11468495,11469194,True,1,2,lot,27,+2800sqft,7150.0,9950.0
45,11468495,11469194,True,1,2,lot,28,+2900sqft,7150.0,10050.0
45,11468495,11469194,True,1,2,lot,29,+3000sqft,7150.0,10150.0
45,11468495,11469194,True,1,2,lot,30,+3100sqft,7150.0,10250.0
45,11468495,11469194,True,1,2,lot,31,+3200sqft,7150.0,10350.0
45,11468495,11469194,True,1,2,lot,32,+3300sqft,7150.0,10450.0
45,11468495,11469194,True,1,2,lot,33,+3400sqft,7150.0,10550.0
45,11468495,11469194,True,1,2,lot,34,+3500sqft,7150.0,10650.0
45,11468495,11469194,True,1,2,lot,35,+3600sqft,7150.0,10750.0
45,11468495,11469194,True,1,2,lot,36,+3700sqft,7150.0,10850.0
45,11468495,11469194,True,1,2,lot,37,+3800sqft,7150.0,10950.0
45,11468495,11469194,True,1,2,lot,38,+3900sqft,7150.0,11050.0
45,11468495,11469194,True,1,2,lot,39,+4000sqft,7150.0,11150.0
45,11468495,11469194,True,1,2,lot,40,+4100sqft,7150.0,11250.0
45,11468495,11469194,True,1,2,lot,41,+4200sqft,7150.0,11350.0
45,11468495,11469194,True,1,2,lot,42,+4300sqft,7150.0,11450.0
45,11468495,11469194,True,1,2,lot,43,+4400sqft,7150.0,11550.0
45,11468495,11469194,True,1,2,lot,44,+4500sqft,7150.0,11650.0
45,11468495,11469194,True,1,2,lot,45,+4600sqft,7150.0,11750.0
45,11468495,11469194,True,1,2,lot,46,+4700sqft,7150.0,11850.0
45,11468495,11469194,True,1,2,lot,47,+4800sqft,7150.0,11950.0
45,11468495,11469194,True,1,2,lot,48,+4900sqft,7150.0,12050.0
45,11468495,11469194,True,1,2,lot,49,+5000sqft,7150.0,12150.0
46,11353601,11646045,True,2,1,bedrooms,0,+1,2.0,3.0
46,11353601,11646045,True,2,1,bedrooms,1,+2,2.0,4.0
46,11353601,11646045,True,2,1,bedrooms,2,+3,2.0,5.0
46,11353601,11646045,True,2,1,bedrooms,3,+4,2.0,6.0
46,11353601,11646045,True,2,1,bedrooms,4,+5,2.0,7.0
46,11353601,11646045,True,2,1,bedrooms,5,+6,2.0,8.0
46,11353601,11646045,True,2,1,bedrooms,6,+7,2.0,9.0
46,11353601,11646045,True,2,1,bedrooms,7,+8,2.0,10.0
46,11353601,11646045,True,2,1,bathrooms,0,+1,2.0,3.0
46,11353601,11646045,True,2,1,bathrooms,1,+2,2.0,4.0
46,11353601,11646045,True,2,1,bathrooms,2,+3,2.0,5.0
46,11353601,11646045,True,2,1,bathrooms,3,+4,2.0,6.0
46,11353601,11646045,True,2,1,bathrooms,4,+5,2.0,7.0
46,11353601,11646045,True,2,1,bathrooms,5,+6,2.0,8.0
46,11353601,11646045,True,2,1,bathrooms,6,+7,2.0,9.0
46,11353601,11646045,True,2,1,bathrooms,7,+8,2.0,10.0
46,11353601,11646045,True,2,1,yearBuilt,0,+2yr,1931.0,1933.0
46,11353601,11646045,True,2,1,yearBuilt,1,+4yr,1931.0,1935.0
46,11353601,11646045,True,2,1,yearBuilt,2,+6yr,1931.0,1937.0
46,11353601,11646045,True,2,1,yearBuilt,3,+8yr,1931.0,1939.0
46,11353601,11646045,True,2,1,yearBuilt,4,+10yr,1931.0,1941.0
46,11353601,11646045,True,2,1,yearBuilt,5,+12yr,1931.0,1943.0
46,11353601,11646045,True,2,1,yearBuilt,6,+14yr,1931.0,1945.0
46,11353601,11646045,True,2,1,yearBuilt,7,+16yr,1931.0,1947.0
46,11353601,11646045,True,2,1,yearBuilt,8,+18yr,1931.0,1949.0
46,11353601,11646045,True,2,1,yearBuilt,9,+20yr,1931.0,1951.0
46,11353601,11646045,True,2,1,yearBuilt,10,+22yr,1931.0,1953.0
46,11353601,11646045,True,2,1,yearBuilt,11,+24yr,1931.0,1955.0
46,11353601,11646045,True,2,1,yearBuilt,12,+26yr,1931.0,1957.0
46,11353601,11646045,True,2,1,yearBuilt,13,+28yr,1931.0,1959.0
46,11353601,11646045,True,2,1,yearBuilt,14,+30yr,1931.0,1961.0
46,11353601,11646045,True,2,1,yearBuilt,15,+32yr,1931.0,1963.0
46,11353601,11646045,True,2,1,yearBuilt,16,+34yr,1931.0,1965.0
46,11353601,11646045,True,2,1,yearBuilt,17,+36yr,1931.0,1967.0
46,11353601,11646045,True,2,1,yearBuilt,18,+38yr,1931.0,1969.0
46,11353601,11646045,True,2,1,yearBuilt,19,+40yr,1931.0,1971.0
46,11353601,11646045,True,2,1,yearBuilt,20,+42yr,1931.0,1973.0
46,11353601,11646045,True,2,1,yearBuilt,21,+44yr,1931.0,1975.0
46,11353601,11646045,True,2,1,yearBuilt,22,+46yr,1931.0,1977.0
46,11353601,11646045,True,2,1,yearBuilt,23,+48yr,1931.0,1979.0
46,11353601,11646045,True,2,1,yearBuilt,24,+50yr,1931.0,1981.0
46,11353601,11646045,True,2,1,yearBuilt,25,+52yr,1931.0,1983.0
46,11353601,11646045,True,2,1,yearBuilt,26,+54yr,1931.0,1985.0
46,11353601,11646045,True,2,1,yearBuilt,27,+56yr,1931.0,1987.0
46,11353601,11646045,True,2,1,yearBuilt,28,+58yr,1931.0,1989.0
46,11353601,11646045,True,2,1,yearBuilt,29,+60yr,1931.0,1991.0
46,11353601,11646045,True,2,1,yearBuilt,30,+62yr,1931.0,1993.0
46,11353601,11646045,True,2,1,yearBuilt,31,+64yr,1931.0,1995.0
46,11353601,11646045,True,2,1,yearBuilt,32,+66yr,1931.0,1997.0
46,11353601,11646045,True,2,1,yearBuilt,33,+68yr,1931.0,1999.0
46,11353601,11646045,True,2,1,yearBuilt,34,+70yr,1931.0,2001.0
46,11353601,11646045,True,2,1,yearBuilt,35,+72yr,1931.0,2003.0
46,11353601,11646045,True,2,1,yearBuilt,36,+74yr,1931.0,2005.0
46,11353601,11646045,True,2,1,yearBuilt,37,+76yr,1931.0,2007.0
46,11353601,11646045,True,2,1,yearBuilt,38,+78yr,1931.0,2009.0
46,11353601,11646045,True,2,1,yearBuilt,39,+80yr,1931.0,2011.0
46,11353601,11646045,True,2,1,yearBuilt,40,+82yr,1931.0,2013.0
46,11353601,11646045,True,2,1,yearBuilt,41,+84yr,1931.0,2015.0
46,11353601,11646045,True,2,1,yearBuilt,42,+86yr,1931.0,2017.0
46,11353601,11646045,True,2,1,yearBuilt,43,+88yr,1931.0,2019.0
46,11353601,11646045,True,2,1,yearBuilt,44,+90yr,1931.0,2021.0
46,11353601,11646045,True,2,1,yearBuilt,45,+92yr,1931.0,2023.0
46,11353601,11646045,True,2,1,yearBuilt,46,+94yr,1931.0,2025.0
46,11353601,11646045,True,2,1,lot,0,+100sqft,2835.0,2935.0
46,11353601,11646045,True,2,1,lot,1,+200sqft,2835.0,3035.0
46,11353601,11646045,True,2,1,lot,2,+300sqft,2835.0,3135.0
46,11353601,11646045,True,2,1,lot,3,+400sqft,2835.0,3235.0
46,11353601,11646045,True,2,1,lot,4,+500sqft,2835.0,3335.0
46,11353601,11646045,True,2,1,lot,5,+600sqft,2835.0,3435.0
46,11353601,11646045,True,2,1,lot,6,+700sqft,2835.0,3535.0
46,11353601,11646045,True,2,1,lot,7,+800sqft,2835.0,3635.0
46,11353601,11646045,True,2,1,lot,8,+900sqft,2835.0,3735.0
46,11353601,11646045,True,2,1,lot,9,+1000sqft,2835.0,3835.0
46,11353601,11646045,True,2,1,lot,10,+1100sqft,2835.0,3935.0
46,11353601,11646045,True,2,1,lot,11,+1200sqft,2835.0,4035.0
46,11353601,11646045,True,2,1,lot,12,+1300sqft,2835.0,4135.0
46,11353601,11646045,True,2,1,lot,13,+1400sqft,2835.0,4235.0
46,11353601,11646045,True,2,1,lot,14,+1500sqft,2835.0,4335.0
46,11353601,11646045,True,2,1,lot,15,+1600sqft,2835.0,4435.0
46,11353601,11646045,True,2,1,lot,16,+1700sqft,2835.0,4535.0
46,11353601,11646045,True,2,1,lot,17,+1800sqft,2835.0,4635.0
46,11353601,11646045,True,2,1,lot,18,+1900sqft,2835.0,4735.0
46,11353601,11646045,True,2,1,lot,19,+2000sqft,2835.0,4835.0
46,11353601,11646045,True,2,1,lot,20,+2100sqft,2835.0,4935.0
46,11353601,11646045,True,2,1,lot,21,+2200sqft,2835.0,5035.0
46,11353601,11646045,True,2,1,lot,22,+2300sqft,2835.0,5135.0
46,11353601,11646045,True,2,1,lot,23,+2400sqft,2835.0,5235.0
46,11353601,11646045,True,2,1,lot,24,+2500sqft,2835.0,5335.0
46,11353601,11646045,True,2,1,lot,25,+2600sqft,2835.0,5435.0
46,11353601,11646045,True,2,1,lot,26,+2700sqft,2835.0,5535.0
46,11353601,11646045,True,2,1,lot,27,+2800sqft,2835.0,5635.0
46,11353601,11646045,True,2,1,lot,28,+2900sqft,2835.0,5735.0
46,11353601,11646045,True,2,1,lot,29,+3000sqft,2835.0,5835.0
46,11353601,11646045,True,2,1,lot,30,+3100sqft,2835.0,5935.0
46,11353601,11646045,True,2,1,lot,31,+3200sqft,2835.0,6035.0
46,11353601,11646045,True,2,1,lot,32,+3300sqft,2835.0,6135.0
46,11353601,11646045,True,2,1,lot,33,+3400sqft,2835.0,6235.0
46,11353601,11646045,True,2,1,lot,34,+3500sqft,2835.0,6335.0
46,11353601,11646045,True,2,1,lot,35,+3600sqft,2835.0,6435.0
46,11353601,11646045,True,2,1,lot,36,+3700sqft,2835.0,6535.0
46,11353601,11646045,True,2,1,lot,37,+3800sqft,2835.0,6635.0
46,11353601,11646045,True,2,1,lot,38,+3900sqft,2835.0,6735.0
46,11353601,11646045,True,2,1,lot,39,+4000sqft,2835.0,6835.0
46,11353601,11646045,True,2,1,lot,40,+4100sqft,2835.0,6935.0
46,11353601,11646045,True,2,1,lot,41,+4200sqft,2835.0,7035.0
46,11353601,11646045,True,2,1,lot,42,+4300sqft,2835.0,7135.0
46,11353601,11646045,True,2,1,lot,43,+4400sqft,2835.0,7235.0
46,11353601,11646045,True,2,1,lot,44,+4500sqft,2835.0,7335.0
46,11353601,11646045,True,2,1,lot,45,+4600sqft,2835.0,7435.0
46,11353601,11646045,True,2,1,lot,46,+4700sqft,2835.0,7535.0
46,11353601,11646045,True,2,1,lot,47,+4800sqft,2835.0,7635.0
46,11353601,11646045,True,2,1,lot,48,+4900sqft,2835.0,7735.0
46,11353601,11646045,True,2,1,lot,49,+5000sqft,2835.0,7835.0
47,11291853,11427012,True,2,1,bedrooms,0,+1,2.0,3.0
47,11291853,11427012,True,2,1,bedrooms,1,+2,2.0,4.0
47,11291853,11427012,True,2,1,bedrooms,2,+3,2.0,5.0
47,11291853,11427012,True,2,1,bedrooms,3,+4,2.0,6.0
47,11291853,11427012,True,2,1,bedrooms,4,+5,2.0,7.0
47,11291853,11427012,True,2,1,bedrooms,5,+6,2.0,8.0
47,11291853,11427012,True,2,1,bedrooms,6,+7,2.0,9.0
47,11291853,11427012,True,2,1,bedrooms,7,+8,2.0,10.0
47,11291853,11427012,True,2,1,bathrooms,0,+1,1.0,2.0
47,11291853,11427012,True,2,1,bathrooms,1,+2,1.0,3.0
47,11291853,11427012,True,2,1,bathrooms,2,+3,1.0,4.0
47,11291853,11427012,True,2,1,bathrooms,3,+4,1.0,5.0
47,11291853,11427012,True,2,1,bathrooms,4,+5,1.0,6.0
47,11291853,11427012,True,2,1,bathrooms,5,+6,1.0,7.0
47,11291853,11427012,True,2,1,bathrooms,6,+7,1.0,8.0
47,11291853,11427012,True,2,1,bathrooms,7,+8,1.0,9.0
47,11291853,11427012,True,2,1,bathrooms,8,+9,1.0,10.0
47,11291853,11427012,True,2,1,yearBuilt,0,+2yr,1900.0,1902.0
47,11291853,11427012,True,2,1,yearBuilt,1,+4yr,1900.0,1904.0
47,11291853,11427012,True,2,1,yearBuilt,2,+6yr,1900.0,1906.0
47,11291853,11427012,True,2,1,yearBuilt,3,+8yr,1900.0,1908.0
47,11291853,11427012,True,2,1,yearBuilt,4,+10yr,1900.0,1910.0
47,11291853,11427012,True,2,1,yearBuilt,5,+12yr,1900.0,1912.0
47,11291853,11427012,True,2,1,yearBuilt,6,+14yr,1900.0,1914.0
47,11291853,11427012,True,2,1,yearBuilt,7,+16yr,1900.0,1916.0
47,11291853,11427012,True,2,1,yearBuilt,8,+18yr,1900.0,1918.0
47,11291853,11427012,True,2,1,yearBuilt,9,+20yr,1900.0,1920.0
47,11291853,11427012,True,2,1,yearBuilt,10,+22yr,1900.0,1922.0
47,11291853,11427012,True,2,1,yearBuilt,11,+24yr,1900.0,1924.0
47,11291853,11427012,True,2,1,yearBuilt,12,+26yr,1900.0,1926.0
47,11291853,11427012,True,2,1,yearBuilt,13,+28yr,1900.0,1928.0
47,11291853,11427012,True,2,1,yearBuilt,14,+30yr,1900.0,1930.0
47,11291853,11427012,True,2,1,yearBuilt,15,+32yr,1900.0,1932.0
47,11291853,11427012,True,2,1,yearBuilt,16,+34yr,1900.0,1934.0
47,11291853,11427012,True,2,1,yearBuilt,17,+36yr,1900.0,1936.0
47,11291853,11427012,True,2,1,yearBuilt,18,+38yr,1900.0,1938.0
47,11291853,11427012,True,2,1,yearBuilt,19,+40yr,1900.0,1940.0
47,11291853,11427012,True,2,1,yearBuilt,20,+42yr,1900.0,1942.0
47,11291853,11427012,True,2,1,yearBuilt,21,+44yr,1900.0,1944.0
47,11291853,11427012,True,2,1,yearBuilt,22,+46yr,1900.0,1946.0
47,11291853,11427012,True,2,1,yearBuilt,23,+48yr,1900.0,1948.0
47,11291853,11427012,True,2,1,yearBuilt,24,+50yr,1900.0,1950.0
47,11291853,11427012,True,2,1,yearBuilt,25,+52yr,1900.0,1952.0
47,11291853,11427012,True,2,1,yearBuilt,26,+54yr,1900.0,1954.0
47,11291853,11427012,True,2,1,yearBuilt,27,+56yr,1900.0,1956.0
47,11291853,11427012,True,2,1,yearBuilt,28,+58yr,1900.0,1958.0
47,11291853,11427012,True,2,1,yearBuilt,29,+60yr,1900.0,1960.0
47,11291853,11427012,True,2,1,yearBuilt,30,+62yr,1900.0,1962.0
47,11291853,11427012,True,2,1,yearBuilt,31,+64yr,1900.0,1964.0
47,11291853,11427012,True,2,1,yearBuilt,32,+66yr,1900.0,1966.0
47,11291853,11427012,True,2,1,yearBuilt,33,+68yr,1900.0,1968.0
47,11291853,11427012,True,2,1,yearBuilt,34,+70yr,1900.0,1970.0
47,11291853,11427012,True,2,1,yearBuilt,35,+72yr,1900.0,1972.0
47,11291853,11427012,True,2,1,yearBuilt,36,+74yr,1900.0,1974.0
47,11291853,11427012,True,2,1,yearBuilt,37,+76yr,1900.0,1976.0
47,11291853,11427012,True,2,1,yearBuilt,38,+78yr,1900.0,1978.0
47,11291853,11427012,True,2,1,yearBuilt,39,+80yr,1900.0,1980.0
47,11291853,11427012,True,2,1,yearBuilt,40,+82yr,1900.0,1982.0
47,11291853,11427012,True,2,1,yearBuilt,41,+84yr,1900.0,1984.0
47,11291853,11427012,True,2,1,yearBuilt,42,+86yr,1900.0,1986.0
47,11291853,11427012,True,2,1,yearBuilt,43,+88yr,1900.0,1988.0
47,11291853,11427012,True,2,1,yearBuilt,44,+90yr,1900.0,1990.0
47,11291853,11427012,True,2,1,yearBuilt,45,+92yr,1900.0,1992.0
47,11291853,11427012,True,2,1,yearBuilt,46,+94yr,1900.0,1994.0
47,11291853,11427012,True,2,1,lot,0,+100sqft,901.69,1001.0
47,11291853,11427012,True,2,1,lot,1,+200sqft,901.69,1101.0
47,11291853,11427012,True,2,1,lot,2,+300sqft,901.69,1201.0
47,11291853,11427012,True,2,1,lot,3,+400sqft,901.69,1301.0
47,11291853,11427012,True,2,1,lot,4,+500sqft,901.69,1401.0
47,11291853,11427012,True,2,1,lot,5,+600sqft,901.69,1501.0
47,11291853,11427012,True,2,1,lot,6,+700sqft,901.69,1601.0
47,11291853,11427012,True,2,1,lot,7,+800sqft,901.69,1701.0
47,11291853,11427012,True,2,1,lot,8,+900sqft,901.69,1801.0
47,11291853,11427012,True,2,1,lot,9,+1000sqft,901.69,1901.0
47,11291853,11427012,True,2,1,lot,10,+1100sqft,901.69,2001.0
47,11291853,11427012,True,2,1,lot,11,+1200sqft,901.69,2101.0
47,11291853,11427012,True,2,1,lot,12,+1300sqft,901.69,2201.0
47,11291853,11427012,True,2,1,lot,13,+1400sqft,901.69,2301.0
47,11291853,11427012,True,2,1,lot,14,+1500sqft,901.69,2401.0
47,11291853,11427012,True,2,1,lot,15,+1600sqft,901.69,2501.0
47,11291853,11427012,True,2,1,lot,16,+1700sqft,901.69,2601.0
47,11291853,11427012,True,2,1,lot,17,+1800sqft,901.69,2701.0
47,11291853,11427012,True,2,1,lot,18,+1900sqft,901.69,2801.0
47,11291853,11427012,True,2,1,lot,19,+2000sqft,901.69,2901.0
47,11291853,11427012,True,2,1,lot,20,+2100sqft,901.69,3001.0
47,11291853,11427012,True,2,1,lot,21,+2200sqft,901.69,3101.0
47,11291853,11427012,True,2,1,lot,22,+2300sqft,901.69,3201.0
47,11291853,11427012,True,2,1,lot,23,+2400sqft,901.69,3301.0
47,11291853,11427012,True,2,1,lot,24,+2500sqft,901.69,3401.0
47,11291853,11427012,True,2,1,lot,25,+2600sqft,901.69,3501.0
47,11291853,11427012,True,2,1,lot,26,+2700sqft,901.69,3601.0
47,11291853,11427012,True,2,1,lot,27,+2800sqft,901.69,3701.0
47,11291853,11427012,True,2,1,lot,28,+2900sqft,901.69,3801.0
47,11291853,11427012,True,2,1,lot,29,+3000sqft,901.69,3901.0
47,11291853,11427012,True,2,1,lot,30,+3100sqft,901.69,4001.0
47,11291853,11427012,True,2,1,lot,31,+3200sqft,901.69,4101.0
47,11291853,11427012,True,2,1,lot,32,+3300sqft,901.69,4201.0
47,11291853,11427012,True,2,1,lot,33,+3400sqft,901.69,4301.0
47,11291853,11427012,True,2,1,lot,34,+3500sqft,901.69,4401.0
47,11291853,11427012,True,2,1,lot,35,+3600sqft,901.69,4501.0
47,11291853,11427012,True,2,1,lot,36,+3700sqft,901.69,4601.0
47,11291853,11427012,True,2,1,lot,37,+3800sqft,901.69,4701.0
47,11291853,11427012,True,2,1,lot,38,+3900sqft,901.69,4801.0
47,11291853,11427012,True,2,1,lot,39,+4000sqft,901.69,4901.0
47,11291853,11427012,True,2,1,lot,40,+4100sqft,901.69,5001.0
47,11291853,11427012,True,2,1,lot,41,+4200sqft,901.69,5101.0
47,11291853,11427012,True,2,1,lot,42,+4300sqft,901.69,5201.0
47,11291853,11427012,True,2,1,lot,43,+4400sqft,901.69,5301.0
47,11291853,11427012,True,2,1,lot,44,+4500sqft,901.69,5401.0
47,11291853,11427012,True,2,1,lot,45,+4600sqft,901.69,5501.0
47,11291853,11427012,True,2,1,lot,46,+4700sqft,901.69,5601.0
47,11291853,11427012,True,2,1,lot,47,+4800sqft,901.69,5701.0
47,11291853,11427012,True,2,1,lot,48,+4900sqft,901.69,5801.0
47,11291853,11427012,True,2,1,lot,49,+5000sqft,901.69,5901.0
48,11343725,11344433,False,1,2,bedrooms,0,+1,3.0,4.0
48,11343725,11344433,False,1,2,bedrooms,1,+2,3.0,5.0
48,11343725,11344433,False,1,2,bedrooms,2,+3,3.0,6.0
48,11343725,11344433,False,1,2,bedrooms,3,+4,3.0,7.0
48,11343725,11344433,False,1,2,bedrooms,4,+5,3.0,8.0
48,11343725,11344433,False,1,2,bedrooms,5,+6,3.0,9.0
48,11343725,11344433,False,1,2,bedrooms,6,+7,3.0,10.0
48,11343725,11344433,False,1,2,bathrooms,0,+1,3.0,4.0
48,11343725,11344433,False,1,2,bathrooms,1,+2,3.0,5.0
48,11343725,11344433,False,1,2,bathrooms,2,+3,3.0,6.0
48,11343725,11344433,False,1,2,bathrooms,3,+4,3.0,7.0
48,11343725,11344433,False,1,2,bathrooms,4,+5,3.0,8.0
48,11343725,11344433,False,1,2,bathrooms,5,+6,3.0,9.0
48,11343725,11344433,False,1,2,bathrooms,6,+7,3.0,10.0
48,11343725,11344433,False,1,2,yearBuilt,0,+2yr,1892.0,1894.0
48,11343725,11344433,False,1,2,yearBuilt,1,+4yr,1892.0,1896.0
48,11343725,11344433,False,1,2,yearBuilt,2,+6yr,1892.0,1898.0
48,11343725,11344433,False,1,2,yearBuilt,3,+8yr,1892.0,1900.0
48,11343725,11344433,False,1,2,yearBuilt,4,+10yr,1892.0,1902.0
48,11343725,11344433,False,1,2,yearBuilt,5,+12yr,1892.0,1904.0
48,11343725,11344433,False,1,2,yearBuilt,6,+14yr,1892.0,1906.0
48,11343725,11344433,False,1,2,yearBuilt,7,+16yr,1892.0,1908.0
48,11343725,11344433,False,1,2,yearBuilt,8,+18yr,1892.0,1910.0
48,11343725,11344433,False,1,2,yearBuilt,9,+20yr,1892.0,1912.0
48,11343725,11344433,False,1,2,yearBuilt,10,+22yr,1892.0,1914.0
48,11343725,11344433,False,1,2,yearBuilt,11,+24yr,1892.0,1916.0
48,11343725,11344433,False,1,2,yearBuilt,12,+26yr,1892.0,1918.0
48,11343725,11344433,False,1,2,yearBuilt,13,+28yr,1892.0,1920.0
48,11343725,11344433,False,1,2,yearBuilt,14,+30yr,1892.0,1922.0
48,11343725,11344433,False,1,2,yearBuilt,15,+32yr,1892.0,1924.0
48,11343725,11344433,False,1,2,yearBuilt,16,+34yr,1892.0,1926.0
48,11343725,11344433,False,1,2,yearBuilt,17,+36yr,1892.0,1928.0
48,11343725,11344433,False,1,2,yearBuilt,18,+38yr,1892.0,1930.0
48,11343725,11344433,False,1,2,yearBuilt,19,+40yr,1892.0,1932.0
48,11343725,11344433,False,1,2,yearBuilt,20,+42yr,1892.0,1934.0
48,11343725,11344433,False,1,2,yearBuilt,21,+44yr,1892.0,1936.0
48,11343725,11344433,False,1,2,yearBuilt,22,+46yr,1892.0,1938.0
48,11343725,11344433,False,1,2,yearBuilt,23,+48yr,1892.0,1940.0
48,11343725,11344433,False,1,2,yearBuilt,24,+50yr,1892.0,1942.0
48,11343725,11344433,False,1,2,yearBuilt,25,+52yr,1892.0,1944.0
48,11343725,11344433,False,1,2,yearBuilt,26,+54yr,1892.0,1946.0
48,11343725,11344433,False,1,2,yearBuilt,27,+56yr,1892.0,1948.0
48,11343725,11344433,False,1,2,yearBuilt,28,+58yr,1892.0,1950.0
48,11343725,11344433,False,1,2,yearBuilt,29,+60yr,1892.0,1952.0
48,11343725,11344433,False,1,2,yearBuilt,30,+62yr,1892.0,1954.0
48,11343725,11344433,False,1,2,yearBuilt,31,+64yr,1892.0,1956.0
48,11343725,11344433,False,1,2,yearBuilt,32,+66yr,1892.0,1958.0
48,11343725,11344433,False,1,2,yearBuilt,33,+68yr,1892.0,1960.0
48,11343725,11344433,False,1,2,yearBuilt,34,+70yr,1892.0,1962.0
48,11343725,11344433,False,1,2,yearBuilt,35,+72yr,1892.0,1964.0
48,11343725,11344433,False,1,2,yearBuilt,36,+74yr,1892.0,1966.0
48,11343725,11344433,False,1,2,yearBuilt,37,+76yr,1892.0,1968.0
48,11343725,11344433,False,1,2,yearBuilt,38,+78yr,1892.0,1970.0
48,11343725,11344433,False,1,2,yearBuilt,39,+80yr,1892.0,1972.0
48,11343725,11344433,False,1,2,yearBuilt,40,+82yr,1892.0,1974.0
48,11343725,11344433,False,1,2,yearBuilt,41,+84yr,1892.0,1976.0
48,11343725,11344433,False,1,2,yearBuilt,42,+86yr,1892.0,1978.0
48,11343725,11344433,False,1,2,yearBuilt,43,+88yr,1892.0,1980.0
48,11343725,11344433,False,1,2,yearBuilt,44,+90yr,1892.0,1982.0
48,11343725,11344433,False,1,2,yearBuilt,45,+92yr,1892.0,1984.0
48,11343725,11344433,False,1,2,yearBuilt,46,+94yr,1892.0,1986.0
48,11343725,11344433,False,1,2,lot,0,+100sqft,3301.0,3401.0
48,11343725,11344433,False,1,2,lot,1,+200sqft,3301.0,3501.0
48,11343725,11344433,False,1,2,lot,2,+300sqft,3301.0,3601.0
48,11343725,11344433,False,1,2,lot,3,+400sqft,3301.0,3701.0
48,11343725,11344433,False,1,2,lot,4,+500sqft,3301.0,3801.0
48,11343725,11344433,False,1,2,lot,5,+600sqft,3301.0,3901.0
48,11343725,11344433,False,1,2,lot,6,+700sqft,3301.0,4001.0
48,11343725,11344433,False,1,2,lot,7,+800sqft,3301.0,4101.0
48,11343725,11344433,False,1,2,lot,8,+900sqft,3301.0,4201.0
48,11343725,11344433,False,1,2,lot,9,+1000sqft,3301.0,4301.0
48,11343725,11344433,False,1,2,lot,10,+1100sqft,3301.0,4401.0
48,11343725,11344433,False,1,2,lot,11,+1200sqft,3301.0,4501.0
48,11343725,11344433,False,1,2,lot,12,+1300sqft,3301.0,4601.0
48,11343725,11344433,False,1,2,lot,13,+1400sqft,3301.0,4701.0
48,11343725,11344433,False,1,2,lot,14,+1500sqft,3301.0,4801.0
48,11343725,11344433,False,1,2,lot,15,+1600sqft,3301.0,4901.0
48,11343725,11344433,False,1,2,lot,16,+1700sqft,3301.0,5001.0
48,11343725,11344433,False,1,2,lot,17,+1800sqft,3301.0,5101.0
48,11343725,11344433,False,1,2,lot,18,+1900sqft,3301.0,5201.0
48,11343725,11344433,False,1,2,lot,19,+2000sqft,3301.0,5301.0
48,11343725,11344433,False,1,2,lot,20,+2100sqft,3301.0,5401.0
48,11343725,11344433,False,1,2,lot,21,+2200sqft,3301.0,5501.0
48,11343725,11344433,False,1,2,lot,22,+2300sqft,3301.0,5601.0
48,11343725,11344433,False,1,2,lot,23,+2400sqft,3301.0,5701.0
48,11343725,11344433,False,1,2,lot,24,+2500sqft,3301.0,5801.0
48,11343725,11344433,False,1,2,lot,25,+2600sqft,3301.0,5901.0
48,11343725,11344433,False,1,2,lot,26,+2700sqft,3301.0,6001.0
48,11343725,11344433,False,1,2,lot,27,+2800sqft,3301.0,6101.0
48,11343725,11344433,False,1,2,lot,28,+2900sqft,3301.0,6201.0
48,11343725,11344433,False,1,2,lot,29,+3000sqft,3301.0,6301.0
48,11343725,11344433,False,1,2,lot,30,+3100sqft,3301.0,6401.0
48,11343725,11344433,False,1,2,lot,31,+3200sqft,3301.0,6501.0
48,11343725,11344433,False,1,2,lot,32,+3300sqft,3301.0,6601.0
48,11343725,11344433,False,1,2,lot,33,+3400sqft,3301.0,6701.0
48,11343725,11344433,False,1,2,lot,34,+3500sqft,3301.0,6801.0
48,11343725,11344433,False,1,2,lot,35,+3600sqft,3301.0,6901.0
48,11343725,11344433,False,1,2,lot,36,+3700sqft,3301.0,7001.0
48,11343725,11344433,False,1,2,lot,37,+3800sqft,3301.0,7101.0
48,11343725,11344433,False,1,2,lot,38,+3900sqft,3301.0,7201.0
48,11343725,11344433,False,1,2,lot,39,+4000sqft,3301.0,7301.0
48,11343725,11344433,False,1,2,lot,40,+4100sqft,3301.0,7401.0
48,11343725,11344433,False,1,2,lot,41,+4200sqft,3301.0,7501.0
48,11343725,11344433,False,1,2,lot,42,+4300sqft,3301.0,7601.0
48,11343725,11344433,False,1,2,lot,43,+4400sqft,3301.0,7701.0
48,11343725,11344433,False,1,2,lot,44,+4500sqft,3301.0,7801.0
48,11343725,11344433,False,1,2,lot,45,+4600sqft,3301.0,7901.0
48,11343725,11344433,False,1,2,lot,46,+4700sqft,3301.0,8001.0
48,11343725,11344433,False,1,2,lot,47,+4800sqft,3301.0,8101.0
48,11343725,11344433,False,1,2,lot,48,+4900sqft,3301.0,8201.0
48,11343725,11344433,False,1,2,lot,49,+5000sqft,3301.0,8301.0
49,11610260,11659365,False,1,2,bedrooms,0,+1,3.0,4.0
49,11610260,11659365,False,1,2,bedrooms,1,+2,3.0,5.0
49,11610260,11659365,False,1,2,bedrooms,2,+3,3.0,6.0
49,11610260,11659365,False,1,2,bedrooms,3,+4,3.0,7.0
49,11610260,11659365,False,1,2,bedrooms,4,+5,3.0,8.0
49,11610260,11659365,False,1,2,bedrooms,5,+6,3.0,9.0
49,11610260,11659365,False,1,2,bedrooms,6,+7,3.0,10.0
49,11610260,11659365,False,1,2,bathrooms,0,+1,2.0,3.0
49,11610260,11659365,False,1,2,bathrooms,1,+2,2.0,4.0
49,11610260,11659365,False,1,2,bathrooms,2,+3,2.0,5.0
49,11610260,11659365,False,1,2,bathrooms,3,+4,2.0,6.0
49,11610260,11659365,False,1,2,bathrooms,4,+5,2.0,7.0
49,11610260,11659365,False,1,2,bathrooms,5,+6,2.0,8.0
49,11610260,11659365,False,1,2,bathrooms,6,+7,2.0,9.0
49,11610260,11659365,False,1,2,bathrooms,7,+8,2.0,10.0
49,11610260,11659365,False,1,2,yearBuilt,0,+2yr,1880.0,1882.0
49,11610260,11659365,False,1,2,yearBuilt,1,+4yr,1880.0,1884.0
49,11610260,11659365,False,1,2,yearBuilt,2,+6yr,1880.0,1886.0
49,11610260,11659365,False,1,2,yearBuilt,3,+8yr,1880.0,1888.0
49,11610260,11659365,False,1,2,yearBuilt,4,+10yr,1880.0,1890.0
49,11610260,11659365,False,1,2,yearBuilt,5,+12yr,1880.0,1892.0
49,11610260,11659365,False,1,2,yearBuilt,6,+14yr,1880.0,1894.0
49,11610260,11659365,False,1,2,yearBuilt,7,+16yr,1880.0,1896.0
49,11610260,11659365,False,1,2,yearBuilt,8,+18yr,1880.0,1898.0
49,11610260,11659365,False,1,2,yearBuilt,9,+20yr,1880.0,1900.0
49,11610260,11659365,False,1,2,yearBuilt,10,+22yr,1880.0,1902.0
49,11610260,11659365,False,1,2,yearBuilt,11,+24yr,1880.0,1904.0
49,11610260,11659365,False,1,2,yearBuilt,12,+26yr,1880.0,1906.0
49,11610260,11659365,False,1,2,yearBuilt,13,+28yr,1880.0,1908.0
49,11610260,11659365,False,1,2,yearBuilt,14,+30yr,1880.0,1910.0
49,11610260,11659365,False,1,2,yearBuilt,15,+32yr,1880.0,1912.0
49,11610260,11659365,False,1,2,yearBuilt,16,+34yr,1880.0,1914.0
49,11610260,11659365,False,1,2,yearBuilt,17,+36yr,1880.0,1916.0
49,11610260,11659365,False,1,2,yearBuilt,18,+38yr,1880.0,1918.0
49,11610260,11659365,False,1,2,yearBuilt,19,+40yr,1880.0,1920.0
49,11610260,11659365,False,1,2,yearBuilt,20,+42yr,1880.0,1922.0
49,11610260,11659365,False,1,2,yearBuilt,21,+44yr,1880.0,1924.0
49,11610260,11659365,False,1,2,yearBuilt,22,+46yr,1880.0,1926.0
49,11610260,11659365,False,1,2,yearBuilt,23,+48yr,1880.0,1928.0
49,11610260,11659365,False,1,2,yearBuilt,24,+50yr,1880.0,1930.0
49,11610260,11659365,False,1,2,yearBuilt,25,+52yr,1880.0,1932.0
49,11610260,11659365,False,1,2,yearBuilt,26,+54yr,1880.0,1934.0
49,11610260,11659365,False,1,2,yearBuilt,27,+56yr,1880.0,1936.0
49,11610260,11659365,False,1,2,yearBuilt,28,+58yr,1880.0,1938.0
49,11610260,11659365,False,1,2,yearBuilt,29,+60yr,1880.0,1940.0
49,11610260,11659365,False,1,2,yearBuilt,30,+62yr,1880.0,1942.0
49,11610260,11659365,False,1,2,yearBuilt,31,+64yr,1880.0,1944.0
49,11610260,11659365,False,1,2,yearBuilt,32,+66yr,1880.0,1946.0
49,11610260,11659365,False,1,2,yearBuilt,33,+68yr,1880.0,1948.0
49,11610260,11659365,False,1,2,yearBuilt,34,+70yr,1880.0,1950.0
49,11610260,11659365,False,1,2,yearBuilt,35,+72yr,1880.0,1952.0
49,11610260,11659365,False,1,2,yearBuilt,36,+74yr,1880.0,1954.0
49,11610260,11659365,False,1,2,yearBuilt,37,+76yr,1880.0,1956.0
49,11610260,11659365,False,1,2,yearBuilt,38,+78yr,1880.0,1958.0
49,11610260,11659365,False,1,2,yearBuilt,39,+80yr,1880.0,1960.0
49,11610260,11659365,False,1,2,yearBuilt,40,+82yr,1880.0,1962.0
49,11610260,11659365,False,1,2,yearBuilt,41,+84yr,1880.0,1964.0
49,11610260,11659365,False,1,2,yearBuilt,42,+86yr,1880.0,1966.0
49,11610260,11659365,False,1,2,yearBuilt,43,+88yr,1880.0,1968.0
49,11610260,11659365,False,1,2,yearBuilt,44,+90yr,1880.0,1970.0
49,11610260,11659365,False,1,2,yearBuilt,45,+92yr,1880.0,1972.0
49,11610260,11659365,False,1,2,yearBuilt,46,+94yr,1880.0,1974.0
49,11610260,11659365,False,1,2,lot,0,+100sqft,1167.0,1267.0
49,11610260,11659365,False,1,2,lot,1,+200sqft,1167.0,1367.0
49,11610260,11659365,False,1,2,lot,2,+300sqft,1167.0,1467.0
49,11610260,11659365,False,1,2,lot,3,+400sqft,1167.0,1567.0
49,11610260,11659365,False,1,2,lot,4,+500sqft,1167.0,1667.0
49,11610260,11659365,False,1,2,lot,5,+600sqft,1167.0,1767.0
49,11610260,11659365,False,1,2,lot,6,+700sqft,1167.0,1867.0
49,11610260,11659365,False,1,2,lot,7,+800sqft,1167.0,1967.0
49,11610260,11659365,False,1,2,lot,8,+900sqft,1167.0,2067.0
49,11610260,11659365,False,1,2,lot,9,+1000sqft,1167.0,2167.0
49,11610260,11659365,False,1,2,lot,10,+1100sqft,1167.0,2267.0
49,11610260,11659365,False,1,2,lot,11,+1200sqft,1167.0,2367.0
49,11610260,11659365,False,1,2,lot,12,+1300sqft,1167.0,2467.0
49,11610260,11659365,False,1,2,lot,13,+1400sqft,1167.0,2567.0
49,11610260,11659365,False,1,2,lot,14,+1500sqft,1167.0,2667.0
49,11610260,11659365,False,1,2,lot,15,+1600sqft,1167.0,2767.0
49,11610260,11659365,False,1,2,lot,16,+1700sqft,1167.0,2867.0
49,11610260,11659365,False,1,2,lot,17,+1800sqft,1167.0,2967.0
49,11610260,11659365,False,1,2,lot,18,+1900sqft,1167.0,3067.0
49,11610260,11659365,False,1,2,lot,19,+2000sqft,1167.0,3167.0
49,11610260,11659365,False,1,2,lot,20,+2100sqft,1167.0,3267.0
49,11610260,11659365,False,1,2,lot,21,+2200sqft,1167.0,3367.0
49,11610260,11659365,False,1,2,lot,22,+2300sqft,1167.0,3467.0
49,11610260,11659365,False,1,2,lot,23,+2400sqft,1167.0,3567.0
49,11610260,11659365,False,1,2,lot,24,+2500sqft,1167.0,3667.0
49,11610260,11659365,False,1,2,lot,25,+2600sqft,1167.0,3767.0
49,11610260,11659365,False,1,2,lot,26,+2700sqft,1167.0,3867.0
49,11610260,11659365,False,1,2,lot,27,+2800sqft,1167.0,3967.0
49,11610260,11659365,False,1,2,lot,28,+2900sqft,1167.0,4067.0
49,11610260,11659365,False,1,2,lot,29,+3000sqft,1167.0,4167.0
49,11610260,11659365,False,1,2,lot,30,+3100sqft,1167.0,4267.0
49,11610260,11659365,False,1,2,lot,31,+3200sqft,1167.0,4367.0
49,11610260,11659365,False,1,2,lot,32,+3300sqft,1167.0,4467.0
49,11610260,11659365,False,1,2,lot,33,+3400sqft,1167.0,4567.0
49,11610260,11659365,False,1,2,lot,34,+3500sqft,1167.0,4667.0
49,11610260,11659365,False,1,2,lot,35,+3600sqft,1167.0,4767.0
49,11610260,11659365,False,1,2,lot,36,+3700sqft,1167.0,4867.0
49,11610260,11659365,False,1,2,lot,37,+3800sqft,1167.0,4967.0
49,11610260,11659365,False,1,2,lot,38,+3900sqft,1167.0,5067.0
49,11610260,11659365,False,1,2,lot,39,+4000sqft,1167.0,5167.0
49,11610260,11659365,False,1,2,lot,40,+4100sqft,1167.0,5267.0
49,11610260,11659365,False,1,2,lot,41,+4200sqft,1167.0,5367.0
49,11610260,11659365,False,1,2,lot,42,+4300sqft,1167.0,5467.0
49,11610260,11659365,False,1,2,lot,43,+4400sqft,1167.0,5567.0
49,11610260,11659365,False,1,2,lot,44,+4500sqft,1167.0,5667.0
49,11610260,11659365,False,1,2,lot,45,+4600sqft,1167.0,5767.0
49,11610260,11659365,False,1,2,lot,46,+4700sqft,1167.0,5867.0
49,11610260,11659365,False,1,2,lot,47,+4800sqft,1167.0,5967.0
49,11610260,11659365,False,1,2,lot,48,+4900sqft,1167.0,6067.0
49,11610260,11659365,False,1,2,lot,49,+5000sqft,1167.0,6167.0
50,11275687,11615347,True,1,2,bedrooms,0,+1,3.0,4.0
50,11275687,11615347,True,1,2,bedrooms,1,+2,3.0,5.0
50,11275687,11615347,True,1,2,bedrooms,2,+3,3.0,6.0
50,11275687,11615347,True,1,2,bedrooms,3,+4,3.0,7.0
50,11275687,11615347,True,1,2,bedrooms,4,+5,3.0,8.0
50,11275687,11615347,True,1,2,bedrooms,5,+6,3.0,9.0
50,11275687,11615347,True,1,2,bedrooms,6,+7,3.0,10.0
50,11275687,11615347,True,1,2,bathrooms,0,+1,2.0,3.0
50,11275687,11615347,True,1,2,bathrooms,1,+2,2.0,4.0
50,11275687,11615347,True,1,2,bathrooms,2,+3,2.0,5.0
50,11275687,11615347,True,1,2,bathrooms,3,+4,2.0,6.0
50,11275687,11615347,True,1,2,bathrooms,4,+5,2.0,7.0
50,11275687,11615347,True,1,2,bathrooms,5,+6,2.0,8.0
50,11275687,11615347,True,1,2,bathrooms,6,+7,2.0,9.0
50,11275687,11615347,True,1,2,bathrooms,7,+8,2.0,10.0
50,11275687,11615347,True,1,2,yearBuilt,0,+2yr,1900.0,1902.0
50,11275687,11615347,True,1,2,yearBuilt,1,+4yr,1900.0,1904.0
50,11275687,11615347,True,1,2,yearBuilt,2,+6yr,1900.0,1906.0
50,11275687,11615347,True,1,2,yearBuilt,3,+8yr,1900.0,1908.0
50,11275687,11615347,True,1,2,yearBuilt,4,+10yr,1900.0,1910.0
50,11275687,11615347,True,1,2,yearBuilt,5,+12yr,1900.0,1912.0
50,11275687,11615347,True,1,2,yearBuilt,6,+14yr,1900.0,1914.0
50,11275687,11615347,True,1,2,yearBuilt,7,+16yr,1900.0,1916.0
50,11275687,11615347,True,1,2,yearBuilt,8,+18yr,1900.0,1918.0
50,11275687,11615347,True,1,2,yearBuilt,9,+20yr,1900.0,1920.0
50,11275687,11615347,True,1,2,yearBuilt,10,+22yr,1900.0,1922.0
50,11275687,11615347,True,1,2,yearBuilt,11,+24yr,1900.0,1924.0
50,11275687,11615347,True,1,2,yearBuilt,12,+26yr,1900.0,1926.0
50,11275687,11615347,True,1,2,yearBuilt,13,+28yr,1900.0,1928.0
50,11275687,11615347,True,1,2,yearBuilt,14,+30yr,1900.0,1930.0
50,11275687,11615347,True,1,2,yearBuilt,15,+32yr,1900.0,1932.0
50,11275687,11615347,True,1,2,yearBuilt,16,+34yr,1900.0,1934.0
50,11275687,11615347,True,1,2,yearBuilt,17,+36yr,1900.0,1936.0
50,11275687,11615347,True,1,2,yearBuilt,18,+38yr,1900.0,1938.0
50,11275687,11615347,True,1,2,yearBuilt,19,+40yr,1900.0,1940.0
50,11275687,11615347,True,1,2,yearBuilt,20,+42yr,1900.0,1942.0
50,11275687,11615347,True,1,2,yearBuilt,21,+44yr,1900.0,1944.0
50,11275687,11615347,True,1,2,yearBuilt,22,+46yr,1900.0,1946.0
50,11275687,11615347,True,1,2,yearBuilt,23,+48yr,1900.0,1948.0
50,11275687,11615347,True,1,2,yearBuilt,24,+50yr,1900.0,1950.0
50,11275687,11615347,True,1,2,yearBuilt,25,+52yr,1900.0,1952.0
50,11275687,11615347,True,1,2,yearBuilt,26,+54yr,1900.0,1954.0
50,11275687,11615347,True,1,2,yearBuilt,27,+56yr,1900.0,1956.0
50,11275687,11615347,True,1,2,yearBuilt,28,+58yr,1900.0,1958.0
50,11275687,11615347,True,1,2,yearBuilt,29,+60yr,1900.0,1960.0
50,11275687,11615347,True,1,2,yearBuilt,30,+62yr,1900.0,1962.0
50,11275687,11615347,True,1,2,yearBuilt,31,+64yr,1900.0,1964.0
50,11275687,11615347,True,1,2,yearBuilt,32,+66yr,1900.0,1966.0
50,11275687,11615347,True,1,2,yearBuilt,33,+68yr,1900.0,1968.0
50,11275687,11615347,True,1,2,yearBuilt,34,+70yr,1900.0,1970.0
50,11275687,11615347,True,1,2,yearBuilt,35,+72yr,1900.0,1972.0
50,11275687,11615347,True,1,2,yearBuilt,36,+74yr,1900.0,1974.0
50,11275687,11615347,True,1,2,yearBuilt,37,+76yr,1900.0,1976.0
50,11275687,11615347,True,1,2,yearBuilt,38,+78yr,1900.0,1978.0
50,11275687,11615347,True,1,2,yearBuilt,39,+80yr,1900.0,1980.0
50,11275687,11615347,True,1,2,yearBuilt,40,+82yr,1900.0,1982.0
50,11275687,11615347,True,1,2,yearBuilt,41,+84yr,1900.0,1984.0
50,11275687,11615347,True,1,2,yearBuilt,42,+86yr,1900.0,1986.0
50,11275687,11615347,True,1,2,yearBuilt,43,+88yr,1900.0,1988.0
50,11275687,11615347,True,1,2,yearBuilt,44,+90yr,1900.0,1990.0
50,11275687,11615347,True,1,2,yearBuilt,45,+92yr,1900.0,1992.0
50,11275687,11615347,True,1,2,yearBuilt,46,+94yr,1900.0,1994.0
50,11275687,11615347,True,1,2,lot,0,+100sqft,1080.0,1180.0
50,11275687,11615347,True,1,2,lot,1,+200sqft,1080.0,1280.0
50,11275687,11615347,True,1,2,lot,2,+300sqft,1080.0,1380.0
50,11275687,11615347,True,1,2,lot,3,+400sqft,1080.0,1480.0
50,11275687,11615347,True,1,2,lot,4,+500sqft,1080.0,1580.0
50,11275687,11615347,True,1,2,lot,5,+600sqft,1080.0,1680.0
50,11275687,11615347,True,1,2,lot,6,+700sqft,1080.0,1780.0
50,11275687,11615347,True,1,2,lot,7,+800sqft,1080.0,1880.0
50,11275687,11615347,True,1,2,lot,8,+900sqft,1080.0,1980.0
50,11275687,11615347,True,1,2,lot,9,+1000sqft,1080.0,2080.0
50,11275687,11615347,True,1,2,lot,10,+1100sqft,1080.0,2180.0
50,11275687,11615347,True,1,2,lot,11,+1200sqft,1080.0,2280.0
50,11275687,11615347,True,1,2,lot,12,+1300sqft,1080.0,2380.0
50,11275687,11615347,True,1,2,lot,13,+1400sqft,1080.0,2480.0
50,11275687,11615347,True,1,2,lot,14,+1500sqft,1080.0,2580.0
50,11275687,11615347,True,1,2,lot,15,+1600sqft,1080.0,2680.0
50,11275687,11615347,True,1,2,lot,16,+1700sqft,1080.0,2780.0
50,11275687,11615347,True,1,2,lot,17,+1800sqft,1080.0,2880.0
50,11275687,11615347,True,1,2,lot,18,+1900sqft,1080.0,2980.0
50,11275687,11615347,True,1,2,lot,19,+2000sqft,1080.0,3080.0
50,11275687,11615347,True,1,2,lot,20,+2100sqft,1080.0,3180.0
50,11275687,11615347,True,1,2,lot,21,+2200sqft,1080.0,3280.0
50,11275687,11615347,True,1,2,lot,22,+2300sqft,1080.0,3380.0
50,11275687,11615347,True,1,2,lot,23,+2400sqft,1080.0,3480.0
50,11275687,11615347,True,1,2,lot,24,+2500sqft,1080.0,3580.0
50,11275687,11615347,True,1,2,lot,25,+2600sqft,1080.0,3680.0
50,11275687,11615347,True,1,2,lot,26,+2700sqft,1080.0,3780.0
50,11275687,11615347,True,1,2,lot,27,+2800sqft,1080.0,3880.0
50,11275687,11615347,True,1,2,lot,28,+2900sqft,1080.0,3980.0
50,11275687,11615347,True,1,2,lot,29,+3000sqft,1080.0,4080.0
50,11275687,11615347,True,1,2,lot,30,+3100sqft,1080.0,4180.0
50,11275687,11615347,True,1,2,lot,31,+3200sqft,1080.0,4280.0
50,11275687,11615347,True,1,2,lot,32,+3300sqft,1080.0,4380.0
50,11275687,11615347,True,1,2,lot,33,+3400sqft,1080.0,4480.0
50,11275687,11615347,True,1,2,lot,34,+3500sqft,1080.0,4580.0
50,11275687,11615347,True,1,2,lot,35,+3600sqft,1080.0,4680.0
50,11275687,11615347,True,1,2,lot,36,+3700sqft,1080.0,4780.0
50,11275687,11615347,True,1,2,lot,37,+3800sqft,1080.0,4880.0
50,11275687,11615347,True,1,2,lot,38,+3900sqft,1080.0,4980.0
50,11275687,11615347,True,1,2,lot,39,+4000sqft,1080.0,5080.0
50,11275687,11615347,True,1,2,lot,40,+4100sqft,1080.0,5180.0
50,11275687,11615347,True,1,2,lot,41,+4200sqft,1080.0,5280.0
50,11275687,11615347,True,1,2,lot,42,+4300sqft,1080.0,5380.0
50,11275687,11615347,True,1,2,lot,43,+4400sqft,1080.0,5480.0
50,11275687,11615347,True,1,2,lot,44,+4500sqft,1080.0,5580.0
50,11275687,11615347,True,1,2,lot,45,+4600sqft,1080.0,5680.0
50,11275687,11615347,True,1,2,lot,46,+4700sqft,1080.0,5780.0
50,11275687,11615347,True,1,2,lot,47,+4800sqft,1080.0,5880.0
50,11275687,11615347,True,1,2,lot,48,+4900sqft,1080.0,5980.0
50,11275687,11615347,True,1,2,lot,49,+5000sqft,1080.0,6080.0
51,11570840,11656362,True,2,1,bedrooms,0,+1,3.0,4.0
51,11570840,11656362,True,2,1,bedrooms,1,+2,3.0,5.0
51,11570840,11656362,True,2,1,bedrooms,2,+3,3.0,6.0
51,11570840,11656362,True,2,1,bedrooms,3,+4,3.0,7.0
51,11570840,11656362,True,2,1,bedrooms,4,+5,3.0,8.0
51,11570840,11656362,True,2,1,bedrooms,5,+6,3.0,9.0
51,11570840,11656362,True,2,1,bedrooms,6,+7,3.0,10.0
51,11570840,11656362,True,2,1,bathrooms,0,+1,2.0,3.0
51,11570840,11656362,True,2,1,bathrooms,1,+2,2.0,4.0
51,11570840,11656362,True,2,1,bathrooms,2,+3,2.0,5.0
51,11570840,11656362,True,2,1,bathrooms,3,+4,2.0,6.0
51,11570840,11656362,True,2,1,bathrooms,4,+5,2.0,7.0
51,11570840,11656362,True,2,1,bathrooms,5,+6,2.0,8.0
51,11570840,11656362,True,2,1,bathrooms,6,+7,2.0,9.0
51,11570840,11656362,True,2,1,bathrooms,7,+8,2.0,10.0
51,11570840,11656362,True,2,1,yearBuilt,0,+2yr,1927.0,1929.0
51,11570840,11656362,True,2,1,yearBuilt,1,+4yr,1927.0,1931.0
51,11570840,11656362,True,2,1,yearBuilt,2,+6yr,1927.0,1933.0
51,11570840,11656362,True,2,1,yearBuilt,3,+8yr,1927.0,1935.0
51,11570840,11656362,True,2,1,yearBuilt,4,+10yr,1927.0,1937.0
51,11570840,11656362,True,2,1,yearBuilt,5,+12yr,1927.0,1939.0
51,11570840,11656362,True,2,1,yearBuilt,6,+14yr,1927.0,1941.0
51,11570840,11656362,True,2,1,yearBuilt,7,+16yr,1927.0,1943.0
51,11570840,11656362,True,2,1,yearBuilt,8,+18yr,1927.0,1945.0
51,11570840,11656362,True,2,1,yearBuilt,9,+20yr,1927.0,1947.0
51,11570840,11656362,True,2,1,yearBuilt,10,+22yr,1927.0,1949.0
51,11570840,11656362,True,2,1,yearBuilt,11,+24yr,1927.0,1951.0
51,11570840,11656362,True,2,1,yearBuilt,12,+26yr,1927.0,1953.0
51,11570840,11656362,True,2,1,yearBuilt,13,+28yr,1927.0,1955.0
51,11570840,11656362,True,2,1,yearBuilt,14,+30yr,1927.0,1957.0
51,11570840,11656362,True,2,1,yearBuilt,15,+32yr,1927.0,1959.0
51,11570840,11656362,True,2,1,yearBuilt,16,+34yr,1927.0,1961.0
51,11570840,11656362,True,2,1,yearBuilt,17,+36yr,1927.0,1963.0
51,11570840,11656362,True,2,1,yearBuilt,18,+38yr,1927.0,1965.0
51,11570840,11656362,True,2,1,yearBuilt,19,+40yr,1927.0,1967.0
51,11570840,11656362,True,2,1,yearBuilt,20,+42yr,1927.0,1969.0
51,11570840,11656362,True,2,1,yearBuilt,21,+44yr,1927.0,1971.0
51,11570840,11656362,True,2,1,yearBuilt,22,+46yr,1927.0,1973.0
51,11570840,11656362,True,2,1,yearBuilt,23,+48yr,1927.0,1975.0
51,11570840,11656362,True,2,1,yearBuilt,24,+50yr,1927.0,1977.0
51,11570840,11656362,True,2,1,yearBuilt,25,+52yr,1927.0,1979.0
51,11570840,11656362,True,2,1,yearBuilt,26,+54yr,1927.0,1981.0
51,11570840,11656362,True,2,1,yearBuilt,27,+56yr,1927.0,1983.0
51,11570840,11656362,True,2,1,yearBuilt,28,+58yr,1927.0,1985.0
51,11570840,11656362,True,2,1,yearBuilt,29,+60yr,1927.0,1987.0
51,11570840,11656362,True,2,1,yearBuilt,30,+62yr,1927.0,1989.0
51,11570840,11656362,True,2,1,yearBuilt,31,+64yr,1927.0,1991.0
51,11570840,11656362,True,2,1,yearBuilt,32,+66yr,1927.0,1993.0
51,11570840,11656362,True,2,1,yearBuilt,33,+68yr,1927.0,1995.0
51,11570840,11656362,True,2,1,yearBuilt,34,+70yr,1927.0,1997.0
51,11570840,11656362,True,2,1,yearBuilt,35,+72yr,1927.0,1999.0
51,11570840,11656362,True,2,1,yearBuilt,36,+74yr,1927.0,2001.0
51,11570840,11656362,True,2,1,yearBuilt,37,+76yr,1927.0,2003.0
51,11570840,11656362,True,2,1,yearBuilt,38,+78yr,1927.0,2005.0
51,11570840,11656362,True,2,1,yearBuilt,39,+80yr,1927.0,2007.0
51,11570840,11656362,True,2,1,yearBuilt,40,+82yr,1927.0,2009.0
51,11570840,11656362,True,2,1,yearBuilt,41,+84yr,1927.0,2011.0
51,11570840,11656362,True,2,1,yearBuilt,42,+86yr,1927.0,2013.0
51,11570840,11656362,True,2,1,yearBuilt,43,+88yr,1927.0,2015.0
51,11570840,11656362,True,2,1,yearBuilt,44,+90yr,1927.0,2017.0
51,11570840,11656362,True,2,1,yearBuilt,45,+92yr,1927.0,2019.0
51,11570840,11656362,True,2,1,yearBuilt,46,+94yr,1927.0,2021.0
51,11570840,11656362,True,2,1,lot,0,+100sqft,2800.0,2900.0
51,11570840,11656362,True,2,1,lot,1,+200sqft,2800.0,3000.0
51,11570840,11656362,True,2,1,lot,2,+300sqft,2800.0,3100.0
51,11570840,11656362,True,2,1,lot,3,+400sqft,2800.0,3200.0
51,11570840,11656362,True,2,1,lot,4,+500sqft,2800.0,3300.0
51,11570840,11656362,True,2,1,lot,5,+600sqft,2800.0,3400.0
51,11570840,11656362,True,2,1,lot,6,+700sqft,2800.0,3500.0
51,11570840,11656362,True,2,1,lot,7,+800sqft,2800.0,3600.0
51,11570840,11656362,True,2,1,lot,8,+900sqft,2800.0,3700.0
51,11570840,11656362,True,2,1,lot,9,+1000sqft,2800.0,3800.0
51,11570840,11656362,True,2,1,lot,10,+1100sqft,2800.0,3900.0
51,11570840,11656362,True,2,1,lot,11,+1200sqft,2800.0,4000.0
51,11570840,11656362,True,2,1,lot,12,+1300sqft,2800.0,4100.0
51,11570840,11656362,True,2,1,lot,13,+1400sqft,2800.0,4200.0
51,11570840,11656362,True,2,1,lot,14,+1500sqft,2800.0,4300.0
51,11570840,11656362,True,2,1,lot,15,+1600sqft,2800.0,4400.0
51,11570840,11656362,True,2,1,lot,16,+1700sqft,2800.0,4500.0
51,11570840,11656362,True,2,1,lot,17,+1800sqft,2800.0,4600.0
51,11570840,11656362,True,2,1,lot,18,+1900sqft,2800.0,4700.0
51,11570840,11656362,True,2,1,lot,19,+2000sqft,2800.0,4800.0
51,11570840,11656362,True,2,1,lot,20,+2100sqft,2800.0,4900.0
51,11570840,11656362,True,2,1,lot,21,+2200sqft,2800.0,5000.0
51,11570840,11656362,True,2,1,lot,22,+2300sqft,2800.0,5100.0
51,11570840,11656362,True,2,1,lot,23,+2400sqft,2800.0,5200.0
51,11570840,11656362,True,2,1,lot,24,+2500sqft,2800.0,5300.0
51,11570840,11656362,True,2,1,lot,25,+2600sqft,2800.0,5400.0
51,11570840,11656362,True,2,1,lot,26,+2700sqft,2800.0,5500.0
51,11570840,11656362,True,2,1,lot,27,+2800sqft,2800.0,5600.0
51,11570840,11656362,True,2,1,lot,28,+2900sqft,2800.0,5700.0
51,11570840,11656362,True,2,1,lot,29,+3000sqft,2800.0,5800.0
51,11570840,11656362,True,2,1,lot,30,+3100sqft,2800.0,5900.0
51,11570840,11656362,True,2,1,lot,31,+3200sqft,2800.0,6000.0
51,11570840,11656362,True,2,1,lot,32,+3300sqft,2800.0,6100.0
51,11570840,11656362,True,2,1,lot,33,+3400sqft,2800.0,6200.0
51,11570840,11656362,True,2,1,lot,34,+3500sqft,2800.0,6300.0
51,11570840,11656362,True,2,1,lot,35,+3600sqft,2800.0,6400.0
51,11570840,11656362,True,2,1,lot,36,+3700sqft,2800.0,6500.0
51,11570840,11656362,True,2,1,lot,37,+3800sqft,2800.0,6600.0
51,11570840,11656362,True,2,1,lot,38,+3900sqft,2800.0,6700.0
51,11570840,11656362,True,2,1,lot,39,+4000sqft,2800.0,6800.0
51,11570840,11656362,True,2,1,lot,40,+4100sqft,2800.0,6900.0
51,11570840,11656362,True,2,1,lot,41,+4200sqft,2800.0,7000.0
51,11570840,11656362,True,2,1,lot,42,+4300sqft,2800.0,7100.0
51,11570840,11656362,True,2,1,lot,43,+4400sqft,2800.0,7200.0
51,11570840,11656362,True,2,1,lot,44,+4500sqft,2800.0,7300.0
51,11570840,11656362,True,2,1,lot,45,+4600sqft,2800.0,7400.0
51,11570840,11656362,True,2,1,lot,46,+4700sqft,2800.0,7500.0
51,11570840,11656362,True,2,1,lot,47,+4800sqft,2800.0,7600.0
51,11570840,11656362,True,2,1,lot,48,+4900sqft,2800.0,7700.0
51,11570840,11656362,True,2,1,lot,49,+5000sqft,2800.0,7800.0
52,11290490,11427012,True,2,1,bedrooms,0,+1,1.0,2.0
52,11290490,11427012,True,2,1,bedrooms,1,+2,1.0,3.0
52,11290490,11427012,True,2,1,bedrooms,2,+3,1.0,4.0
52,11290490,11427012,True,2,1,bedrooms,3,+4,1.0,5.0
52,11290490,11427012,True,2,1,bedrooms,4,+5,1.0,6.0
52,11290490,11427012,True,2,1,bedrooms,5,+6,1.0,7.0
52,11290490,11427012,True,2,1,bedrooms,6,+7,1.0,8.0
52,11290490,11427012,True,2,1,bedrooms,7,+8,1.0,9.0
52,11290490,11427012,True,2,1,bedrooms,8,+9,1.0,10.0
52,11290490,11427012,True,2,1,bathrooms,0,+1,1.0,2.0
52,11290490,11427012,True,2,1,bathrooms,1,+2,1.0,3.0
52,11290490,11427012,True,2,1,bathrooms,2,+3,1.0,4.0
52,11290490,11427012,True,2,1,bathrooms,3,+4,1.0,5.0
52,11290490,11427012,True,2,1,bathrooms,4,+5,1.0,6.0
52,11290490,11427012,True,2,1,bathrooms,5,+6,1.0,7.0
52,11290490,11427012,True,2,1,bathrooms,6,+7,1.0,8.0
52,11290490,11427012,True,2,1,bathrooms,7,+8,1.0,9.0
52,11290490,11427012,True,2,1,bathrooms,8,+9,1.0,10.0
52,11290490,11427012,True,2,1,yearBuilt,0,+2yr,1907.0,1909.0
52,11290490,11427012,True,2,1,yearBuilt,1,+4yr,1907.0,1911.0
52,11290490,11427012,True,2,1,yearBuilt,2,+6yr,1907.0,1913.0
52,11290490,11427012,True,2,1,yearBuilt,3,+8yr,1907.0,1915.0
52,11290490,11427012,True,2,1,yearBuilt,4,+10yr,1907.0,1917.0
52,11290490,11427012,True,2,1,yearBuilt,5,+12yr,1907.0,1919.0
52,11290490,11427012,True,2,1,yearBuilt,6,+14yr,1907.0,1921.0
52,11290490,11427012,True,2,1,yearBuilt,7,+16yr,1907.0,1923.0
52,11290490,11427012,True,2,1,yearBuilt,8,+18yr,1907.0,1925.0
52,11290490,11427012,True,2,1,yearBuilt,9,+20yr,1907.0,1927.0
52,11290490,11427012,True,2,1,yearBuilt,10,+22yr,1907.0,1929.0
52,11290490,11427012,True,2,1,yearBuilt,11,+24yr,1907.0,1931.0
52,11290490,11427012,True,2,1,yearBuilt,12,+26yr,1907.0,1933.0
52,11290490,11427012,True,2,1,yearBuilt,13,+28yr,1907.0,1935.0
52,11290490,11427012,True,2,1,yearBuilt,14,+30yr,1907.0,1937.0
52,11290490,11427012,True,2,1,yearBuilt,15,+32yr,1907.0,1939.0
52,11290490,11427012,True,2,1,yearBuilt,16,+34yr,1907.0,1941.0
52,11290490,11427012,True,2,1,yearBuilt,17,+36yr,1907.0,1943.0
52,11290490,11427012,True,2,1,yearBuilt,18,+38yr,1907.0,1945.0
52,11290490,11427012,True,2,1,yearBuilt,19,+40yr,1907.0,1947.0
52,11290490,11427012,True,2,1,yearBuilt,20,+42yr,1907.0,1949.0
52,11290490,11427012,True,2,1,yearBuilt,21,+44yr,1907.0,1951.0
52,11290490,11427012,True,2,1,yearBuilt,22,+46yr,1907.0,1953.0
52,11290490,11427012,True,2,1,yearBuilt,23,+48yr,1907.0,1955.0
52,11290490,11427012,True,2,1,yearBuilt,24,+50yr,1907.0,1957.0
52,11290490,11427012,True,2,1,yearBuilt,25,+52yr,1907.0,1959.0
52,11290490,11427012,True,2,1,yearBuilt,26,+54yr,1907.0,1961.0
52,11290490,11427012,True,2,1,yearBuilt,27,+56yr,1907.0,1963.0
52,11290490,11427012,True,2,1,yearBuilt,28,+58yr,1907.0,1965.0
52,11290490,11427012,True,2,1,yearBuilt,29,+60yr,1907.0,1967.0
52,11290490,11427012,True,2,1,yearBuilt,30,+62yr,1907.0,1969.0
52,11290490,11427012,True,2,1,yearBuilt,31,+64yr,1907.0,1971.0
52,11290490,11427012,True,2,1,yearBuilt,32,+66yr,1907.0,1973.0
52,11290490,11427012,True,2,1,yearBuilt,33,+68yr,1907.0,1975.0
52,11290490,11427012,True,2,1,yearBuilt,34,+70yr,1907.0,1977.0
52,11290490,11427012,True,2,1,yearBuilt,35,+72yr,1907.0,1979.0
52,11290490,11427012,True,2,1,yearBuilt,36,+74yr,1907.0,1981.0
52,11290490,11427012,True,2,1,yearBuilt,37,+76yr,1907.0,1983.0
52,11290490,11427012,True,2,1,yearBuilt,38,+78yr,1907.0,1985.0
52,11290490,11427012,True,2,1,yearBuilt,39,+80yr,1907.0,1987.0
52,11290490,11427012,True,2,1,yearBuilt,40,+82yr,1907.0,1989.0
52,11290490,11427012,True,2,1,yearBuilt,41,+84yr,1907.0,1991.0
52,11290490,11427012,True,2,1,yearBuilt,42,+86yr,1907.0,1993.0
52,11290490,11427012,True,2,1,yearBuilt,43,+88yr,1907.0,1995.0
52,11290490,11427012,True,2,1,yearBuilt,44,+90yr,1907.0,1997.0
52,11290490,11427012,True,2,1,yearBuilt,45,+92yr,1907.0,1999.0
52,11290490,11427012,True,2,1,yearBuilt,46,+94yr,1907.0,2001.0
52,11290490,11427012,True,2,1,lot,0,+100sqft,1280.0,1380.0
52,11290490,11427012,True,2,1,lot,1,+200sqft,1280.0,1480.0
52,11290490,11427012,True,2,1,lot,2,+300sqft,1280.0,1580.0
52,11290490,11427012,True,2,1,lot,3,+400sqft,1280.0,1680.0
52,11290490,11427012,True,2,1,lot,4,+500sqft,1280.0,1780.0
52,11290490,11427012,True,2,1,lot,5,+600sqft,1280.0,1880.0
52,11290490,11427012,True,2,1,lot,6,+700sqft,1280.0,1980.0
52,11290490,11427012,True,2,1,lot,7,+800sqft,1280.0,2080.0
52,11290490,11427012,True,2,1,lot,8,+900sqft,1280.0,2180.0
52,11290490,11427012,True,2,1,lot,9,+1000sqft,1280.0,2280.0
52,11290490,11427012,True,2,1,lot,10,+1100sqft,1280.0,2380.0
52,11290490,11427012,True,2,1,lot,11,+1200sqft,1280.0,2480.0
52,11290490,11427012,True,2,1,lot,12,+1300sqft,1280.0,2580.0
52,11290490,11427012,True,2,1,lot,13,+1400sqft,1280.0,2680.0
52,11290490,11427012,True,2,1,lot,14,+1500sqft,1280.0,2780.0
52,11290490,11427012,True,2,1,lot,15,+1600sqft,1280.0,2880.0
52,11290490,11427012,True,2,1,lot,16,+1700sqft,1280.0,2980.0
52,11290490,11427012,True,2,1,lot,17,+1800sqft,1280.0,3080.0
52,11290490,11427012,True,2,1,lot,18,+1900sqft,1280.0,3180.0
52,11290490,11427012,True,2,1,lot,19,+2000sqft,1280.0,3280.0
52,11290490,11427012,True,2,1,lot,20,+2100sqft,1280.0,3380.0
52,11290490,11427012,True,2,1,lot,21,+2200sqft,1280.0,3480.0
52,11290490,11427012,True,2,1,lot,22,+2300sqft,1280.0,3580.0
52,11290490,11427012,True,2,1,lot,23,+2400sqft,1280.0,3680.0
52,11290490,11427012,True,2,1,lot,24,+2500sqft,1280.0,3780.0
52,11290490,11427012,True,2,1,lot,25,+2600sqft,1280.0,3880.0
52,11290490,11427012,True,2,1,lot,26,+2700sqft,1280.0,3980.0
52,11290490,11427012,True,2,1,lot,27,+2800sqft,1280.0,4080.0
52,11290490,11427012,True,2,1,lot,28,+2900sqft,1280.0,4180.0
52,11290490,11427012,True,2,1,lot,29,+3000sqft,1280.0,4280.0
52,11290490,11427012,True,2,1,lot,30,+3100sqft,1280.0,4380.0
52,11290490,11427012,True,2,1,lot,31,+3200sqft,1280.0,4480.0
52,11290490,11427012,True,2,1,lot,32,+3300sqft,1280.0,4580.0
52,11290490,11427012,True,2,1,lot,33,+3400sqft,1280.0,4680.0
52,11290490,11427012,True,2,1,lot,34,+3500sqft,1280.0,4780.0
52,11290490,11427012,True,2,1,lot,35,+3600sqft,1280.0,4880.0
52,11290490,11427012,True,2,1,lot,36,+3700sqft,1280.0,4980.0
52,11290490,11427012,True,2,1,lot,37,+3800sqft,1280.0,5080.0
52,11290490,11427012,True,2,1,lot,38,+3900sqft,1280.0,5180.0
52,11290490,11427012,True,2,1,lot,39,+4000sqft,1280.0,5280.0
52,11290490,11427012,True,2,1,lot,40,+4100sqft,1280.0,5380.0
52,11290490,11427012,True,2,1,lot,41,+4200sqft,1280.0,5480.0
52,11290490,11427012,True,2,1,lot,42,+4300sqft,1280.0,5580.0
52,11290490,11427012,True,2,1,lot,43,+4400sqft,1280.0,5680.0
52,11290490,11427012,True,2,1,lot,44,+4500sqft,1280.0,5780.0
52,11290490,11427012,True,2,1,lot,45,+4600sqft,1280.0,5880.0
52,11290490,11427012,True,2,1,lot,46,+4700sqft,1280.0,5980.0
52,11290490,11427012,True,2,1,lot,47,+4800sqft,1280.0,6080.0
52,11290490,11427012,True,2,1,lot,48,+4900sqft,1280.0,6180.0
52,11290490,11427012,True,2,1,lot,49,+5000sqft,1280.0,6280.0
53,11388289,104363278,True,1,2,bedrooms,0,+1,3.0,4.0
53,11388289,104363278,True,1,2,bedrooms,1,+2,3.0,5.0
53,11388289,104363278,True,1,2,bedrooms,2,+3,3.0,6.0
53,11388289,104363278,True,1,2,bedrooms,3,+4,3.0,7.0
53,11388289,104363278,True,1,2,bedrooms,4,+5,3.0,8.0
53,11388289,104363278,True,1,2,bedrooms,5,+6,3.0,9.0
53,11388289,104363278,True,1,2,bedrooms,6,+7,3.0,10.0
53,11388289,104363278,True,1,2,bathrooms,0,+1,3.0,4.0
53,11388289,104363278,True,1,2,bathrooms,1,+2,3.0,5.0
53,11388289,104363278,True,1,2,bathrooms,2,+3,3.0,6.0
53,11388289,104363278,True,1,2,bathrooms,3,+4,3.0,7.0
53,11388289,104363278,True,1,2,bathrooms,4,+5,3.0,8.0
53,11388289,104363278,True,1,2,bathrooms,5,+6,3.0,9.0
53,11388289,104363278,True,1,2,bathrooms,6,+7,3.0,10.0
53,11388289,104363278,True,1,2,yearBuilt,0,+2yr,2010.0,2012.0
53,11388289,104363278,True,1,2,yearBuilt,1,+4yr,2010.0,2014.0
53,11388289,104363278,True,1,2,yearBuilt,2,+6yr,2010.0,2016.0
53,11388289,104363278,True,1,2,yearBuilt,3,+8yr,2010.0,2018.0
53,11388289,104363278,True,1,2,yearBuilt,4,+10yr,2010.0,2020.0
53,11388289,104363278,True,1,2,yearBuilt,5,+12yr,2010.0,2022.0
53,11388289,104363278,True,1,2,yearBuilt,6,+14yr,2010.0,2024.0
53,11388289,104363278,True,1,2,lot,0,+100sqft,1881.0,1981.0
53,11388289,104363278,True,1,2,lot,1,+200sqft,1881.0,2081.0
53,11388289,104363278,True,1,2,lot,2,+300sqft,1881.0,2181.0
53,11388289,104363278,True,1,2,lot,3,+400sqft,1881.0,2281.0
53,11388289,104363278,True,1,2,lot,4,+500sqft,1881.0,2381.0
53,11388289,104363278,True,1,2,lot,5,+600sqft,1881.0,2481.0
53,11388289,104363278,True,1,2,lot,6,+700sqft,1881.0,2581.0
53,11388289,104363278,True,1,2,lot,7,+800sqft,1881.0,2681.0
53,11388289,104363278,True,1,2,lot,8,+900sqft,1881.0,2781.0
53,11388289,104363278,True,1,2,lot,9,+1000sqft,1881.0,2881.0
53,11388289,104363278,True,1,2,lot,10,+1100sqft,1881.0,2981.0
53,11388289,104363278,True,1,2,lot,11,+1200sqft,1881.0,3081.0
53,11388289,104363278,True,1,2,lot,12,+1300sqft,1881.0,3181.0
53,11388289,104363278,True,1,2,lot,13,+1400sqft,1881.0,3281.0
53,11388289,104363278,True,1,2,lot,14,+1500sqft,1881.0,3381.0
53,11388289,104363278,True,1,2,lot,15,+1600sqft,1881.0,3481.0
53,11388289,104363278,True,1,2,lot,16,+1700sqft,1881.0,3581.0
53,11388289,104363278,True,1,2,lot,17,+1800sqft,1881.0,3681.0
53,11388289,104363278,True,1,2,lot,18,+1900sqft,1881.0,3781.0
53,11388289,104363278,True,1,2,lot,19,+2000sqft,1881.0,3881.0
53,11388289,104363278,True,1,2,lot,20,+2100sqft,1881.0,3981.0
53,11388289,104363278,True,1,2,lot,21,+2200sqft,1881.0,4081.0
53,11388289,104363278,True,1,2,lot,22,+2300sqft,1881.0,4181.0
53,11388289,104363278,True,1,2,lot,23,+2400sqft,1881.0,4281.0
53,11388289,104363278,True,1,2,lot,24,+2500sqft,1881.0,4381.0
53,11388289,104363278,True,1,2,lot,25,+2600sqft,1881.0,4481.0
53,11388289,104363278,True,1,2,lot,26,+2700sqft,1881.0,4581.0
53,11388289,104363278,True,1,2,lot,27,+2800sqft,1881.0,4681.0
53,11388289,104363278,True,1,2,lot,28,+2900sqft,1881.0,4781.0
53,11388289,104363278,True,1,2,lot,29,+3000sqft,1881.0,4881.0
53,11388289,104363278,True,1,2,lot,30,+3100sqft,1881.0,4981.0
53,11388289,104363278,True,1,2,lot,31,+3200sqft,1881.0,5081.0
53,11388289,104363278,True,1,2,lot,32,+3300sqft,1881.0,5181.0
53,11388289,104363278,True,1,2,lot,33,+3400sqft,1881.0,5281.0
53,11388289,104363278,True,1,2,lot,34,+3500sqft,1881.0,5381.0
53,11388289,104363278,True,1,2,lot,35,+3600sqft,1881.0,5481.0
53,11388289,104363278,True,1,2,lot,36,+3700sqft,1881.0,5581.0
53,11388289,104363278,True,1,2,lot,37,+3800sqft,1881.0,5681.0
53,11388289,104363278,True,1,2,lot,38,+3900sqft,1881.0,5781.0
53,11388289,104363278,True,1,2,lot,39,+4000sqft,1881.0,5881.0
53,11388289,104363278,True,1,2,lot,40,+4100sqft,1881.0,5981.0
53,11388289,104363278,True,1,2,lot,41,+4200sqft,1881.0,6081.0
53,11388289,104363278,True,1,2,lot,42,+4300sqft,1881.0,6181.0
53,11388289,104363278,True,1,2,lot,43,+4400sqft,1881.0,6281.0
53,11388289,104363278,True,1,2,lot,44,+4500sqft,1881.0,6381.0
53,11388289,104363278,True,1,2,lot,45,+4600sqft,1881.0,6481.0
53,11388289,104363278,True,1,2,lot,46,+4700sqft,1881.0,6581.0
53,11388289,104363278,True,1,2,lot,47,+4800sqft,1881.0,6681.0
53,11388289,104363278,True,1,2,lot,48,+4900sqft,1881.0,6781.0
53,11388289,104363278,True,1,2,lot,49,+5000sqft,1881.0,6881.0
54,11481710,11558334,True,2,1,bedrooms,0,+1,3.0,4.0
54,11481710,11558334,True,2,1,bedrooms,1,+2,3.0,5.0
54,11481710,11558334,True,2,1,bedrooms,2,+3,3.0,6.0
54,11481710,11558334,True,2,1,bedrooms,3,+4,3.0,7.0
54,11481710,11558334,True,2,1,bedrooms,4,+5,3.0,8.0
54,11481710,11558334,True,2,1,bedrooms,5,+6,3.0,9.0
54,11481710,11558334,True,2,1,bedrooms,6,+7,3.0,10.0
54,11481710,11558334,True,2,1,bathrooms,0,+1,2.0,3.0
54,11481710,11558334,True,2,1,bathrooms,1,+2,2.0,4.0
54,11481710,11558334,True,2,1,bathrooms,2,+3,2.0,5.0
54,11481710,11558334,True,2,1,bathrooms,3,+4,2.0,6.0
54,11481710,11558334,True,2,1,bathrooms,4,+5,2.0,7.0
54,11481710,11558334,True,2,1,bathrooms,5,+6,2.0,8.0
54,11481710,11558334,True,2,1,bathrooms,6,+7,2.0,9.0
54,11481710,11558334,True,2,1,bathrooms,7,+8,2.0,10.0
54,11481710,11558334,True,2,1,yearBuilt,0,+2yr,1945.0,1947.0
54,11481710,11558334,True,2,1,yearBuilt,1,+4yr,1945.0,1949.0
54,11481710,11558334,True,2,1,yearBuilt,2,+6yr,1945.0,1951.0
54,11481710,11558334,True,2,1,yearBuilt,3,+8yr,1945.0,1953.0
54,11481710,11558334,True,2,1,yearBuilt,4,+10yr,1945.0,1955.0
54,11481710,11558334,True,2,1,yearBuilt,5,+12yr,1945.0,1957.0
54,11481710,11558334,True,2,1,yearBuilt,6,+14yr,1945.0,1959.0
54,11481710,11558334,True,2,1,yearBuilt,7,+16yr,1945.0,1961.0
54,11481710,11558334,True,2,1,yearBuilt,8,+18yr,1945.0,1963.0
54,11481710,11558334,True,2,1,yearBuilt,9,+20yr,1945.0,1965.0
54,11481710,11558334,True,2,1,yearBuilt,10,+22yr,1945.0,1967.0
54,11481710,11558334,True,2,1,yearBuilt,11,+24yr,1945.0,1969.0
54,11481710,11558334,True,2,1,yearBuilt,12,+26yr,1945.0,1971.0
54,11481710,11558334,True,2,1,yearBuilt,13,+28yr,1945.0,1973.0
54,11481710,11558334,True,2,1,yearBuilt,14,+30yr,1945.0,1975.0
54,11481710,11558334,True,2,1,yearBuilt,15,+32yr,1945.0,1977.0
54,11481710,11558334,True,2,1,yearBuilt,16,+34yr,1945.0,1979.0
54,11481710,11558334,True,2,1,yearBuilt,17,+36yr,1945.0,1981.0
54,11481710,11558334,True,2,1,yearBuilt,18,+38yr,1945.0,1983.0
54,11481710,11558334,True,2,1,yearBuilt,19,+40yr,1945.0,1985.0
54,11481710,11558334,True,2,1,yearBuilt,20,+42yr,1945.0,1987.0
54,11481710,11558334,True,2,1,yearBuilt,21,+44yr,1945.0,1989.0
54,11481710,11558334,True,2,1,yearBuilt,22,+46yr,1945.0,1991.0
54,11481710,11558334,True,2,1,yearBuilt,23,+48yr,1945.0,1993.0
54,11481710,11558334,True,2,1,yearBuilt,24,+50yr,1945.0,1995.0
54,11481710,11558334,True,2,1,yearBuilt,25,+52yr,1945.0,1997.0
54,11481710,11558334,True,2,1,yearBuilt,26,+54yr,1945.0,1999.0
54,11481710,11558334,True,2,1,yearBuilt,27,+56yr,1945.0,2001.0
54,11481710,11558334,True,2,1,yearBuilt,28,+58yr,1945.0,2003.0
54,11481710,11558334,True,2,1,yearBuilt,29,+60yr,1945.0,2005.0
54,11481710,11558334,True,2,1,yearBuilt,30,+62yr,1945.0,2007.0
54,11481710,11558334,True,2,1,yearBuilt,31,+64yr,1945.0,2009.0
54,11481710,11558334,True,2,1,yearBuilt,32,+66yr,1945.0,2011.0
54,11481710,11558334,True,2,1,yearBuilt,33,+68yr,1945.0,2013.0
54,11481710,11558334,True,2,1,yearBuilt,34,+70yr,1945.0,2015.0
54,11481710,11558334,True,2,1,yearBuilt,35,+72yr,1945.0,2017.0
54,11481710,11558334,True,2,1,yearBuilt,36,+74yr,1945.0,2019.0
54,11481710,11558334,True,2,1,yearBuilt,37,+76yr,1945.0,2021.0
54,11481710,11558334,True,2,1,yearBuilt,38,+78yr,1945.0,2023.0
54,11481710,11558334,True,2,1,yearBuilt,39,+80yr,1945.0,2025.0
54,11481710,11558334,True,2,1,lot,0,+100sqft,0.4,0.4023
54,11481710,11558334,True,2,1,lot,1,+200sqft,0.4,0.4046
54,11481710,11558334,True,2,1,lot,2,+300sqft,0.4,0.4069
54,11481710,11558334,True,2,1,lot,3,+400sqft,0.4,0.4092
54,11481710,11558334,True,2,1,lot,4,+500sqft,0.4,0.4115
54,11481710,11558334,True,2,1,lot,5,+600sqft,0.4,0.4138
54,11481710,11558334,True,2,1,lot,6,+700sqft,0.4,0.4161
54,11481710,11558334,True,2,1,lot,7,+800sqft,0.4,0.4184
54,11481710,11558334,True,2,1,lot,8,+900sqft,0.4,0.4207
54,11481710,11558334,True,2,1,lot,9,+1000sqft,0.4,0.423
54,11481710,11558334,True,2,1,lot,10,+1100sqft,0.4,0.4253
54,11481710,11558334,True,2,1,lot,11,+1200sqft,0.4,0.4275
54,11481710,11558334,True,2,1,lot,12,+1300sqft,0.4,0.4298
54,11481710,11558334,True,2,1,lot,13,+1400sqft,0.4,0.4321
54,11481710,11558334,True,2,1,lot,14,+1500sqft,0.4,0.4344
54,11481710,11558334,True,2,1,lot,15,+1600sqft,0.4,0.4367
54,11481710,11558334,True,2,1,lot,16,+1700sqft,0.4,0.439
54,11481710,11558334,True,2,1,lot,17,+1800sqft,0.4,0.4413
54,11481710,11558334,True,2,1,lot,18,+1900sqft,0.4,0.4436
54,11481710,11558334,True,2,1,lot,19,+2000sqft,0.4,0.4459
54,11481710,11558334,True,2,1,lot,20,+2100sqft,0.4,0.4482
54,11481710,11558334,True,2,1,lot,21,+2200sqft,0.4,0.4505
54,11481710,11558334,True,2,1,lot,22,+2300sqft,0.4,0.4528
54,11481710,11558334,True,2,1,lot,23,+2400sqft,0.4,0.4551
54,11481710,11558334,True,2,1,lot,24,+2500sqft,0.4,0.4574
54,11481710,11558334,True,2,1,lot,25,+2600sqft,0.4,0.4597
54,11481710,11558334,True,2,1,lot,26,+2700sqft,0.4,0.462
54,11481710,11558334,True,2,1,lot,27,+2800sqft,0.4,0.4643
54,11481710,11558334,True,2,1,lot,28,+2900sqft,0.4,0.4666
54,11481710,11558334,True,2,1,lot,29,+3000sqft,0.4,0.4689
54,11481710,11558334,True,2,1,lot,30,+3100sqft,0.4,0.4712
54,11481710,11558334,True,2,1,lot,31,+3200sqft,0.4,0.4735
54,11481710,11558334,True,2,1,lot,32,+3300sqft,0.4,0.4758
54,11481710,11558334,True,2,1,lot,33,+3400sqft,0.4,0.4781
54,11481710,11558334,True,2,1,lot,34,+3500sqft,0.4,0.4803
54,11481710,11558334,True,2,1,lot,35,+3600sqft,0.4,0.4826
54,11481710,11558334,True,2,1,lot,36,+3700sqft,0.4,0.4849
54,11481710,11558334,True,2,1,lot,37,+3800sqft,0.4,0.4872
54,11481710,11558334,True,2,1,lot,38,+3900sqft,0.4,0.4895
54,11481710,11558334,True,2,1,lot,39,+4000sqft,0.4,0.4918
54,11481710,11558334,True,2,1,lot,40,+4100sqft,0.4,0.4941
54,11481710,11558334,True,2,1,lot,41,+4200sqft,0.4,0.4964
54,11481710,11558334,True,2,1,lot,42,+4300sqft,0.4,0.4987
54,11481710,11558334,True,2,1,lot,43,+4400sqft,0.4,0.501
54,11481710,11558334,True,2,1,lot,44,+4500sqft,0.4,0.5033
54,11481710,11558334,True,2,1,lot,45,+4600sqft,0.4,0.5056
54,11481710,11558334,True,2,1,lot,46,+4700sqft,0.4,0.5079
54,11481710,11558334,True,2,1,lot,47,+4800sqft,0.4,0.5102
54,11481710,11558334,True,2,1,lot,48,+4900sqft,0.4,0.5125
54,11481710,11558334,True,2,1,lot,49,+5000sqft,0.4,0.5148
55,11468568,11506775,True,1,2,bedrooms,0,+1,3.0,4.0
55,11468568,11506775,True,1,2,bedrooms,1,+2,3.0,5.0
55,11468568,11506775,True,1,2,bedrooms,2,+3,3.0,6.0
55,11468568,11506775,True,1,2,bedrooms,3,+4,3.0,7.0
55,11468568,11506775,True,1,2,bedrooms,4,+5,3.0,8.0
55,11468568,11506775,True,1,2,bedrooms,5,+6,3.0,9.0
55,11468568,11506775,True,1,2,bedrooms,6,+7,3.0,10.0
55,11468568,11506775,True,1,2,bathrooms,0,+1,1.0,2.0
55,11468568,11506775,True,1,2,bathrooms,1,+2,1.0,3.0
55,11468568,11506775,True,1,2,bathrooms,2,+3,1.0,4.0
55,11468568,11506775,True,1,2,bathrooms,3,+4,1.0,5.0
55,11468568,11506775,True,1,2,bathrooms,4,+5,1.0,6.0
55,11468568,11506775,True,1,2,bathrooms,5,+6,1.0,7.0
55,11468568,11506775,True,1,2,bathrooms,6,+7,1.0,8.0
55,11468568,11506775,True,1,2,bathrooms,7,+8,1.0,9.0
55,11468568,11506775,True,1,2,bathrooms,8,+9,1.0,10.0
55,11468568,11506775,True,1,2,yearBuilt,0,+2yr,1943.0,1945.0
55,11468568,11506775,True,1,2,yearBuilt,1,+4yr,1943.0,1947.0
55,11468568,11506775,True,1,2,yearBuilt,2,+6yr,1943.0,1949.0
55,11468568,11506775,True,1,2,yearBuilt,3,+8yr,1943.0,1951.0
55,11468568,11506775,True,1,2,yearBuilt,4,+10yr,1943.0,1953.0
55,11468568,11506775,True,1,2,yearBuilt,5,+12yr,1943.0,1955.0
55,11468568,11506775,True,1,2,yearBuilt,6,+14yr,1943.0,1957.0
55,11468568,11506775,True,1,2,yearBuilt,7,+16yr,1943.0,1959.0
55,11468568,11506775,True,1,2,yearBuilt,8,+18yr,1943.0,1961.0
55,11468568,11506775,True,1,2,yearBuilt,9,+20yr,1943.0,1963.0
55,11468568,11506775,True,1,2,yearBuilt,10,+22yr,1943.0,1965.0
55,11468568,11506775,True,1,2,yearBuilt,11,+24yr,1943.0,1967.0
55,11468568,11506775,True,1,2,yearBuilt,12,+26yr,1943.0,1969.0
55,11468568,11506775,True,1,2,yearBuilt,13,+28yr,1943.0,1971.0
55,11468568,11506775,True,1,2,yearBuilt,14,+30yr,1943.0,1973.0
55,11468568,11506775,True,1,2,yearBuilt,15,+32yr,1943.0,1975.0
55,11468568,11506775,True,1,2,yearBuilt,16,+34yr,1943.0,1977.0
55,11468568,11506775,True,1,2,yearBuilt,17,+36yr,1943.0,1979.0
55,11468568,11506775,True,1,2,yearBuilt,18,+38yr,1943.0,1981.0
55,11468568,11506775,True,1,2,yearBuilt,19,+40yr,1943.0,1983.0
55,11468568,11506775,True,1,2,yearBuilt,20,+42yr,1943.0,1985.0
55,11468568,11506775,True,1,2,yearBuilt,21,+44yr,1943.0,1987.0
55,11468568,11506775,True,1,2,yearBuilt,22,+46yr,1943.0,1989.0
55,11468568,11506775,True,1,2,yearBuilt,23,+48yr,1943.0,1991.0
55,11468568,11506775,True,1,2,yearBuilt,24,+50yr,1943.0,1993.0
55,11468568,11506775,True,1,2,yearBuilt,25,+52yr,1943.0,1995.0
55,11468568,11506775,True,1,2,yearBuilt,26,+54yr,1943.0,1997.0
55,11468568,11506775,True,1,2,yearBuilt,27,+56yr,1943.0,1999.0
55,11468568,11506775,True,1,2,yearBuilt,28,+58yr,1943.0,2001.0
55,11468568,11506775,True,1,2,yearBuilt,29,+60yr,1943.0,2003.0
55,11468568,11506775,True,1,2,yearBuilt,30,+62yr,1943.0,2005.0
55,11468568,11506775,True,1,2,yearBuilt,31,+64yr,1943.0,2007.0
55,11468568,11506775,True,1,2,yearBuilt,32,+66yr,1943.0,2009.0
55,11468568,11506775,True,1,2,yearBuilt,33,+68yr,1943.0,2011.0
55,11468568,11506775,True,1,2,yearBuilt,34,+70yr,1943.0,2013.0
55,11468568,11506775,True,1,2,yearBuilt,35,+72yr,1943.0,2015.0
55,11468568,11506775,True,1,2,yearBuilt,36,+74yr,1943.0,2017.0
55,11468568,11506775,True,1,2,yearBuilt,37,+76yr,1943.0,2019.0
55,11468568,11506775,True,1,2,yearBuilt,38,+78yr,1943.0,2021.0
55,11468568,11506775,True,1,2,yearBuilt,39,+80yr,1943.0,2023.0
55,11468568,11506775,True,1,2,yearBuilt,40,+82yr,1943.0,2025.0
55,11468568,11506775,True,1,2,lot,0,+100sqft,5148.0,5248.0
55,11468568,11506775,True,1,2,lot,1,+200sqft,5148.0,5348.0
55,11468568,11506775,True,1,2,lot,2,+300sqft,5148.0,5448.0
55,11468568,11506775,True,1,2,lot,3,+400sqft,5148.0,5548.0
55,11468568,11506775,True,1,2,lot,4,+500sqft,5148.0,5648.0
55,11468568,11506775,True,1,2,lot,5,+600sqft,5148.0,5748.0
55,11468568,11506775,True,1,2,lot,6,+700sqft,5148.0,5848.0
55,11468568,11506775,True,1,2,lot,7,+800sqft,5148.0,5948.0
55,11468568,11506775,True,1,2,lot,8,+900sqft,5148.0,6048.0
55,11468568,11506775,True,1,2,lot,9,+1000sqft,5148.0,6148.0
55,11468568,11506775,True,1,2,lot,10,+1100sqft,5148.0,6248.0
55,11468568,11506775,True,1,2,lot,11,+1200sqft,5148.0,6348.0
55,11468568,11506775,True,1,2,lot,12,+1300sqft,5148.0,6448.0
55,11468568,11506775,True,1,2,lot,13,+1400sqft,5148.0,6548.0
55,11468568,11506775,True,1,2,lot,14,+1500sqft,5148.0,6648.0
55,11468568,11506775,True,1,2,lot,15,+1600sqft,5148.0,6748.0
55,11468568,11506775,True,1,2,lot,16,+1700sqft,5148.0,6848.0
55,11468568,11506775,True,1,2,lot,17,+1800sqft,5148.0,6948.0
55,11468568,11506775,True,1,2,lot,18,+1900sqft,5148.0,7048.0
55,11468568,11506775,True,1,2,lot,19,+2000sqft,5148.0,7148.0
55,11468568,11506775,True,1,2,lot,20,+2100sqft,5148.0,7248.0
55,11468568,11506775,True,1,2,lot,21,+2200sqft,5148.0,7348.0
55,11468568,11506775,True,1,2,lot,22,+2300sqft,5148.0,7448.0
55,11468568,11506775,True,1,2,lot,23,+2400sqft,5148.0,7548.0
55,11468568,11506775,True,1,2,lot,24,+2500sqft,5148.0,7648.0
55,11468568,11506775,True,1,2,lot,25,+2600sqft,5148.0,7748.0
55,11468568,11506775,True,1,2,lot,26,+2700sqft,5148.0,7848.0
55,11468568,11506775,True,1,2,lot,27,+2800sqft,5148.0,7948.0
55,11468568,11506775,True,1,2,lot,28,+2900sqft,5148.0,8048.0
55,11468568,11506775,True,1,2,lot,29,+3000sqft,5148.0,8148.0
55,11468568,11506775,True,1,2,lot,30,+3100sqft,5148.0,8248.0
55,11468568,11506775,True,1,2,lot,31,+3200sqft,5148.0,8348.0
55,11468568,11506775,True,1,2,lot,32,+3300sqft,5148.0,8448.0
55,11468568,11506775,True,1,2,lot,33,+3400sqft,5148.0,8548.0
55,11468568,11506775,True,1,2,lot,34,+3500sqft,5148.0,8648.0
55,11468568,11506775,True,1,2,lot,35,+3600sqft,5148.0,8748.0
55,11468568,11506775,True,1,2,lot,36,+3700sqft,5148.0,8848.0
55,11468568,11506775,True,1,2,lot,37,+3800sqft,5148.0,8948.0
55,11468568,11506775,True,1,2,lot,38,+3900sqft,5148.0,9048.0
55,11468568,11506775,True,1,2,lot,39,+4000sqft,5148.0,9148.0
55,11468568,11506775,True,1,2,lot,40,+4100sqft,5148.0,9248.0
55,11468568,11506775,True,1,2,lot,41,+4200sqft,5148.0,9348.0
55,11468568,11506775,True,1,2,lot,42,+4300sqft,5148.0,9448.0
55,11468568,11506775,True,1,2,lot,43,+4400sqft,5148.0,9548.0
55,11468568,11506775,True,1,2,lot,44,+4500sqft,5148.0,9648.0
55,11468568,11506775,True,1,2,lot,45,+4600sqft,5148.0,9748.0
55,11468568,11506775,True,1,2,lot,46,+4700sqft,5148.0,9848.0
55,11468568,11506775,True,1,2,lot,47,+4800sqft,5148.0,9948.0
55,11468568,11506775,True,1,2,lot,48,+4900sqft,5148.0,10048.0
55,11468568,11506775,True,1,2,lot,49,+5000sqft,5148.0,10148.0
56,11322935,11404846,True,2,1,bedrooms,0,+1,3.0,4.0
56,11322935,11404846,True,2,1,bedrooms,1,+2,3.0,5.0
56,11322935,11404846,True,2,1,bedrooms,2,+3,3.0,6.0
56,11322935,11404846,True,2,1,bedrooms,3,+4,3.0,7.0
56,11322935,11404846,True,2,1,bedrooms,4,+5,3.0,8.0
56,11322935,11404846,True,2,1,bedrooms,5,+6,3.0,9.0
56,11322935,11404846,True,2,1,bedrooms,6,+7,3.0,10.0
56,11322935,11404846,True,2,1,bathrooms,0,+1,1.0,2.0
56,11322935,11404846,True,2,1,bathrooms,1,+2,1.0,3.0
56,11322935,11404846,True,2,1,bathrooms,2,+3,1.0,4.0
56,11322935,11404846,True,2,1,bathrooms,3,+4,1.0,5.0
56,11322935,11404846,True,2,1,bathrooms,4,+5,1.0,6.0
56,11322935,11404846,True,2,1,bathrooms,5,+6,1.0,7.0
56,11322935,11404846,True,2,1,bathrooms,6,+7,1.0,8.0
56,11322935,11404846,True,2,1,bathrooms,7,+8,1.0,9.0
56,11322935,11404846,True,2,1,bathrooms,8,+9,1.0,10.0
56,11322935,11404846,True,2,1,yearBuilt,0,+2yr,1952.0,1954.0
56,11322935,11404846,True,2,1,yearBuilt,1,+4yr,1952.0,1956.0
56,11322935,11404846,True,2,1,yearBuilt,2,+6yr,1952.0,1958.0
56,11322935,11404846,True,2,1,yearBuilt,3,+8yr,1952.0,1960.0
56,11322935,11404846,True,2,1,yearBuilt,4,+10yr,1952.0,1962.0
56,11322935,11404846,True,2,1,yearBuilt,5,+12yr,1952.0,1964.0
56,11322935,11404846,True,2,1,yearBuilt,6,+14yr,1952.0,1966.0
56,11322935,11404846,True,2,1,yearBuilt,7,+16yr,1952.0,1968.0
56,11322935,11404846,True,2,1,yearBuilt,8,+18yr,1952.0,1970.0
56,11322935,11404846,True,2,1,yearBuilt,9,+20yr,1952.0,1972.0
56,11322935,11404846,True,2,1,yearBuilt,10,+22yr,1952.0,1974.0
56,11322935,11404846,True,2,1,yearBuilt,11,+24yr,1952.0,1976.0
56,11322935,11404846,True,2,1,yearBuilt,12,+26yr,1952.0,1978.0
56,11322935,11404846,True,2,1,yearBuilt,13,+28yr,1952.0,1980.0
56,11322935,11404846,True,2,1,yearBuilt,14,+30yr,1952.0,1982.0
56,11322935,11404846,True,2,1,yearBuilt,15,+32yr,1952.0,1984.0
56,11322935,11404846,True,2,1,yearBuilt,16,+34yr,1952.0,1986.0
56,11322935,11404846,True,2,1,yearBuilt,17,+36yr,1952.0,1988.0
56,11322935,11404846,True,2,1,yearBuilt,18,+38yr,1952.0,1990.0
56,11322935,11404846,True,2,1,yearBuilt,19,+40yr,1952.0,1992.0
56,11322935,11404846,True,2,1,yearBuilt,20,+42yr,1952.0,1994.0
56,11322935,11404846,True,2,1,yearBuilt,21,+44yr,1952.0,1996.0
56,11322935,11404846,True,2,1,yearBuilt,22,+46yr,1952.0,1998.0
56,11322935,11404846,True,2,1,yearBuilt,23,+48yr,1952.0,2000.0
56,11322935,11404846,True,2,1,yearBuilt,24,+50yr,1952.0,2002.0
56,11322935,11404846,True,2,1,yearBuilt,25,+52yr,1952.0,2004.0
56,11322935,11404846,True,2,1,yearBuilt,26,+54yr,1952.0,2006.0
56,11322935,11404846,True,2,1,yearBuilt,27,+56yr,1952.0,2008.0
56,11322935,11404846,True,2,1,yearBuilt,28,+58yr,1952.0,2010.0
56,11322935,11404846,True,2,1,yearBuilt,29,+60yr,1952.0,2012.0
56,11322935,11404846,True,2,1,yearBuilt,30,+62yr,1952.0,2014.0
56,11322935,11404846,True,2,1,yearBuilt,31,+64yr,1952.0,2016.0
56,11322935,11404846,True,2,1,yearBuilt,32,+66yr,1952.0,2018.0
56,11322935,11404846,True,2,1,yearBuilt,33,+68yr,1952.0,2020.0
56,11322935,11404846,True,2,1,yearBuilt,34,+70yr,1952.0,2022.0
56,11322935,11404846,True,2,1,yearBuilt,35,+72yr,1952.0,2024.0
56,11322935,11404846,True,2,1,lot,0,+100sqft,4051.0,4151.0
56,11322935,11404846,True,2,1,lot,1,+200sqft,4051.0,4251.0
56,11322935,11404846,True,2,1,lot,2,+300sqft,4051.0,4351.0
56,11322935,11404846,True,2,1,lot,3,+400sqft,4051.0,4451.0
56,11322935,11404846,True,2,1,lot,4,+500sqft,4051.0,4551.0
56,11322935,11404846,True,2,1,lot,5,+600sqft,4051.0,4651.0
56,11322935,11404846,True,2,1,lot,6,+700sqft,4051.0,4751.0
56,11322935,11404846,True,2,1,lot,7,+800sqft,4051.0,4851.0
56,11322935,11404846,True,2,1,lot,8,+900sqft,4051.0,4951.0
56,11322935,11404846,True,2,1,lot,9,+1000sqft,4051.0,5051.0
56,11322935,11404846,True,2,1,lot,10,+1100sqft,4051.0,5151.0
56,11322935,11404846,True,2,1,lot,11,+1200sqft,4051.0,5251.0
56,11322935,11404846,True,2,1,lot,12,+1300sqft,4051.0,5351.0
56,11322935,11404846,True,2,1,lot,13,+1400sqft,4051.0,5451.0
56,11322935,11404846,True,2,1,lot,14,+1500sqft,4051.0,5551.0
56,11322935,11404846,True,2,1,lot,15,+1600sqft,4051.0,5651.0
56,11322935,11404846,True,2,1,lot,16,+1700sqft,4051.0,5751.0
56,11322935,11404846,True,2,1,lot,17,+1800sqft,4051.0,5851.0
56,11322935,11404846,True,2,1,lot,18,+1900sqft,4051.0,5951.0
56,11322935,11404846,True,2,1,lot,19,+2000sqft,4051.0,6051.0
56,11322935,11404846,True,2,1,lot,20,+2100sqft,4051.0,6151.0
56,11322935,11404846,True,2,1,lot,21,+2200sqft,4051.0,6251.0
56,11322935,11404846,True,2,1,lot,22,+2300sqft,4051.0,6351.0
56,11322935,11404846,True,2,1,lot,23,+2400sqft,4051.0,6451.0
56,11322935,11404846,True,2,1,lot,24,+2500sqft,4051.0,6551.0
56,11322935,11404846,True,2,1,lot,25,+2600sqft,4051.0,6651.0
56,11322935,11404846,True,2,1,lot,26,+2700sqft,4051.0,6751.0
56,11322935,11404846,True,2,1,lot,27,+2800sqft,4051.0,6851.0
56,11322935,11404846,True,2,1,lot,28,+2900sqft,4051.0,6951.0
56,11322935,11404846,True,2,1,lot,29,+3000sqft,4051.0,7051.0
56,11322935,11404846,True,2,1,lot,30,+3100sqft,4051.0,7151.0
56,11322935,11404846,True,2,1,lot,31,+3200sqft,4051.0,7251.0
56,11322935,11404846,True,2,1,lot,32,+3300sqft,4051.0,7351.0
56,11322935,11404846,True,2,1,lot,33,+3400sqft,4051.0,7451.0
56,11322935,11404846,True,2,1,lot,34,+3500sqft,4051.0,7551.0
56,11322935,11404846,True,2,1,lot,35,+3600sqft,4051.0,7651.0
56,11322935,11404846,True,2,1,lot,36,+3700sqft,4051.0,7751.0
56,11322935,11404846,True,2,1,lot,37,+3800sqft,4051.0,7851.0
56,11322935,11404846,True,2,1,lot,38,+3900sqft,4051.0,7951.0
56,11322935,11404846,True,2,1,lot,39,+4000sqft,4051.0,8051.0
56,11322935,11404846,True,2,1,lot,40,+4100sqft,4051.0,8151.0
56,11322935,11404846,True,2,1,lot,41,+4200sqft,4051.0,8251.0
56,11322935,11404846,True,2,1,lot,42,+4300sqft,4051.0,8351.0
56,11322935,11404846,True,2,1,lot,43,+4400sqft,4051.0,8451.0
56,11322935,11404846,True,2,1,lot,44,+4500sqft,4051.0,8551.0
56,11322935,11404846,True,2,1,lot,45,+4600sqft,4051.0,8651.0
56,11322935,11404846,True,2,1,lot,46,+4700sqft,4051.0,8751.0
56,11322935,11404846,True,2,1,lot,47,+4800sqft,4051.0,8851.0
56,11322935,11404846,True,2,1,lot,48,+4900sqft,4051.0,8951.0
56,11322935,11404846,True,2,1,lot,49,+5000sqft,4051.0,9051.0
57,11388643,11395055,True,2,1,bedrooms,0,+1,2.0,3.0
57,11388643,11395055,True,2,1,bedrooms,1,+2,2.0,4.0
57,11388643,11395055,True,2,1,bedrooms,2,+3,2.0,5.0
57,11388643,11395055,True,2,1,bedrooms,3,+4,2.0,6.0
57,11388643,11395055,True,2,1,bedrooms,4,+5,2.0,7.0
57,11388643,11395055,True,2,1,bedrooms,5,+6,2.0,8.0
57,11388643,11395055,True,2,1,bedrooms,6,+7,2.0,9.0
57,11388643,11395055,True,2,1,bedrooms,7,+8,2.0,10.0
57,11388643,11395055,True,2,1,bathrooms,0,+1,1.0,2.0
57,11388643,11395055,True,2,1,bathrooms,1,+2,1.0,3.0
57,11388643,11395055,True,2,1,bathrooms,2,+3,1.0,4.0
57,11388643,11395055,True,2,1,bathrooms,3,+4,1.0,5.0
57,11388643,11395055,True,2,1,bathrooms,4,+5,1.0,6.0
57,11388643,11395055,True,2,1,bathrooms,5,+6,1.0,7.0
57,11388643,11395055,True,2,1,bathrooms,6,+7,1.0,8.0
57,11388643,11395055,True,2,1,bathrooms,7,+8,1.0,9.0
57,11388643,11395055,True,2,1,bathrooms,8,+9,1.0,10.0
57,11388643,11395055,True,2,1,yearBuilt,0,+2yr,1910.0,1912.0
57,11388643,11395055,True,2,1,yearBuilt,1,+4yr,1910.0,1914.0
57,11388643,11395055,True,2,1,yearBuilt,2,+6yr,1910.0,1916.0
57,11388643,11395055,True,2,1,yearBuilt,3,+8yr,1910.0,1918.0
57,11388643,11395055,True,2,1,yearBuilt,4,+10yr,1910.0,1920.0
57,11388643,11395055,True,2,1,yearBuilt,5,+12yr,1910.0,1922.0
57,11388643,11395055,True,2,1,yearBuilt,6,+14yr,1910.0,1924.0
57,11388643,11395055,True,2,1,yearBuilt,7,+16yr,1910.0,1926.0
57,11388643,11395055,True,2,1,yearBuilt,8,+18yr,1910.0,1928.0
57,11388643,11395055,True,2,1,yearBuilt,9,+20yr,1910.0,1930.0
57,11388643,11395055,True,2,1,yearBuilt,10,+22yr,1910.0,1932.0
57,11388643,11395055,True,2,1,yearBuilt,11,+24yr,1910.0,1934.0
57,11388643,11395055,True,2,1,yearBuilt,12,+26yr,1910.0,1936.0
57,11388643,11395055,True,2,1,yearBuilt,13,+28yr,1910.0,1938.0
57,11388643,11395055,True,2,1,yearBuilt,14,+30yr,1910.0,1940.0
57,11388643,11395055,True,2,1,yearBuilt,15,+32yr,1910.0,1942.0
57,11388643,11395055,True,2,1,yearBuilt,16,+34yr,1910.0,1944.0
57,11388643,11395055,True,2,1,yearBuilt,17,+36yr,1910.0,1946.0
57,11388643,11395055,True,2,1,yearBuilt,18,+38yr,1910.0,1948.0
57,11388643,11395055,True,2,1,yearBuilt,19,+40yr,1910.0,1950.0
57,11388643,11395055,True,2,1,yearBuilt,20,+42yr,1910.0,1952.0
57,11388643,11395055,True,2,1,yearBuilt,21,+44yr,1910.0,1954.0
57,11388643,11395055,True,2,1,yearBuilt,22,+46yr,1910.0,1956.0
57,11388643,11395055,True,2,1,yearBuilt,23,+48yr,1910.0,1958.0
57,11388643,11395055,True,2,1,yearBuilt,24,+50yr,1910.0,1960.0
57,11388643,11395055,True,2,1,yearBuilt,25,+52yr,1910.0,1962.0
57,11388643,11395055,True,2,1,yearBuilt,26,+54yr,1910.0,1964.0
57,11388643,11395055,True,2,1,yearBuilt,27,+56yr,1910.0,1966.0
57,11388643,11395055,True,2,1,yearBuilt,28,+58yr,1910.0,1968.0
57,11388643,11395055,True,2,1,yearBuilt,29,+60yr,1910.0,1970.0
57,11388643,11395055,True,2,1,yearBuilt,30,+62yr,1910.0,1972.0
57,11388643,11395055,True,2,1,yearBuilt,31,+64yr,1910.0,1974.0
57,11388643,11395055,True,2,1,yearBuilt,32,+66yr,1910.0,1976.0
57,11388643,11395055,True,2,1,yearBuilt,33,+68yr,1910.0,1978.0
57,11388643,11395055,True,2,1,yearBuilt,34,+70yr,1910.0,1980.0
57,11388643,11395055,True,2,1,yearBuilt,35,+72yr,1910.0,1982.0
57,11388643,11395055,True,2,1,yearBuilt,36,+74yr,1910.0,1984.0
57,11388643,11395055,True,2,1,yearBuilt,37,+76yr,1910.0,1986.0
57,11388643,11395055,True,2,1,yearBuilt,38,+78yr,1910.0,1988.0
57,11388643,11395055,True,2,1,yearBuilt,39,+80yr,1910.0,1990.0
57,11388643,11395055,True,2,1,yearBuilt,40,+82yr,1910.0,1992.0
57,11388643,11395055,True,2,1,yearBuilt,41,+84yr,1910.0,1994.0
57,11388643,11395055,True,2,1,yearBuilt,42,+86yr,1910.0,1996.0
57,11388643,11395055,True,2,1,yearBuilt,43,+88yr,1910.0,1998.0
57,11388643,11395055,True,2,1,yearBuilt,44,+90yr,1910.0,2000.0
57,11388643,11395055,True,2,1,yearBuilt,45,+92yr,1910.0,2002.0
57,11388643,11395055,True,2,1,yearBuilt,46,+94yr,1910.0,2004.0
57,11388643,11395055,True,2,1,lot,0,+100sqft,781.0,881.0
57,11388643,11395055,True,2,1,lot,1,+200sqft,781.0,981.0
57,11388643,11395055,True,2,1,lot,2,+300sqft,781.0,1081.0
57,11388643,11395055,True,2,1,lot,3,+400sqft,781.0,1181.0
57,11388643,11395055,True,2,1,lot,4,+500sqft,781.0,1281.0
57,11388643,11395055,True,2,1,lot,5,+600sqft,781.0,1381.0
57,11388643,11395055,True,2,1,lot,6,+700sqft,781.0,1481.0
57,11388643,11395055,True,2,1,lot,7,+800sqft,781.0,1581.0
57,11388643,11395055,True,2,1,lot,8,+900sqft,781.0,1681.0
57,11388643,11395055,True,2,1,lot,9,+1000sqft,781.0,1781.0
57,11388643,11395055,True,2,1,lot,10,+1100sqft,781.0,1881.0
57,11388643,11395055,True,2,1,lot,11,+1200sqft,781.0,1981.0
57,11388643,11395055,True,2,1,lot,12,+1300sqft,781.0,2081.0
57,11388643,11395055,True,2,1,lot,13,+1400sqft,781.0,2181.0
57,11388643,11395055,True,2,1,lot,14,+1500sqft,781.0,2281.0
57,11388643,11395055,True,2,1,lot,15,+1600sqft,781.0,2381.0
57,11388643,11395055,True,2,1,lot,16,+1700sqft,781.0,2481.0
57,11388643,11395055,True,2,1,lot,17,+1800sqft,781.0,2581.0
57,11388643,11395055,True,2,1,lot,18,+1900sqft,781.0,2681.0
57,11388643,11395055,True,2,1,lot,19,+2000sqft,781.0,2781.0
57,11388643,11395055,True,2,1,lot,20,+2100sqft,781.0,2881.0
57,11388643,11395055,True,2,1,lot,21,+2200sqft,781.0,2981.0
57,11388643,11395055,True,2,1,lot,22,+2300sqft,781.0,3081.0
57,11388643,11395055,True,2,1,lot,23,+2400sqft,781.0,3181.0
57,11388643,11395055,True,2,1,lot,24,+2500sqft,781.0,3281.0
57,11388643,11395055,True,2,1,lot,25,+2600sqft,781.0,3381.0
57,11388643,11395055,True,2,1,lot,26,+2700sqft,781.0,3481.0
57,11388643,11395055,True,2,1,lot,27,+2800sqft,781.0,3581.0
57,11388643,11395055,True,2,1,lot,28,+2900sqft,781.0,3681.0
57,11388643,11395055,True,2,1,lot,29,+3000sqft,781.0,3781.0
57,11388643,11395055,True,2,1,lot,30,+3100sqft,781.0,3881.0
57,11388643,11395055,True,2,1,lot,31,+3200sqft,781.0,3981.0
57,11388643,11395055,True,2,1,lot,32,+3300sqft,781.0,4081.0
57,11388643,11395055,True,2,1,lot,33,+3400sqft,781.0,4181.0
57,11388643,11395055,True,2,1,lot,34,+3500sqft,781.0,4281.0
57,11388643,11395055,True,2,1,lot,35,+3600sqft,781.0,4381.0
57,11388643,11395055,True,2,1,lot,36,+3700sqft,781.0,4481.0
57,11388643,11395055,True,2,1,lot,37,+3800sqft,781.0,4581.0
57,11388643,11395055,True,2,1,lot,38,+3900sqft,781.0,4681.0
57,11388643,11395055,True,2,1,lot,39,+4000sqft,781.0,4781.0
57,11388643,11395055,True,2,1,lot,40,+4100sqft,781.0,4881.0
57,11388643,11395055,True,2,1,lot,41,+4200sqft,781.0,4981.0
57,11388643,11395055,True,2,1,lot,42,+4300sqft,781.0,5081.0
57,11388643,11395055,True,2,1,lot,43,+4400sqft,781.0,5181.0
57,11388643,11395055,True,2,1,lot,44,+4500sqft,781.0,5281.0
57,11388643,11395055,True,2,1,lot,45,+4600sqft,781.0,5381.0
57,11388643,11395055,True,2,1,lot,46,+4700sqft,781.0,5481.0
57,11388643,11395055,True,2,1,lot,47,+4800sqft,781.0,5581.0
57,11388643,11395055,True,2,1,lot,48,+4900sqft,781.0,5681.0
57,11388643,11395055,True,2,1,lot,49,+5000sqft,781.0,5781.0
58,11299706,11508286,True,2,1,bedrooms,0,+1,3.0,4.0
58,11299706,11508286,True,2,1,bedrooms,1,+2,3.0,5.0
58,11299706,11508286,True,2,1,bedrooms,2,+3,3.0,6.0
58,11299706,11508286,True,2,1,bedrooms,3,+4,3.0,7.0
58,11299706,11508286,True,2,1,bedrooms,4,+5,3.0,8.0
58,11299706,11508286,True,2,1,bedrooms,5,+6,3.0,9.0
58,11299706,11508286,True,2,1,bedrooms,6,+7,3.0,10.0
58,11299706,11508286,True,2,1,bathrooms,0,+1,3.0,4.0
58,11299706,11508286,True,2,1,bathrooms,1,+2,3.0,5.0
58,11299706,11508286,True,2,1,bathrooms,2,+3,3.0,6.0
58,11299706,11508286,True,2,1,bathrooms,3,+4,3.0,7.0
58,11299706,11508286,True,2,1,bathrooms,4,+5,3.0,8.0
58,11299706,11508286,True,2,1,bathrooms,5,+6,3.0,9.0
58,11299706,11508286,True,2,1,bathrooms,6,+7,3.0,10.0
58,11299706,11508286,True,2,1,yearBuilt,0,+2yr,1967.0,1969.0
58,11299706,11508286,True,2,1,yearBuilt,1,+4yr,1967.0,1971.0
58,11299706,11508286,True,2,1,yearBuilt,2,+6yr,1967.0,1973.0
58,11299706,11508286,True,2,1,yearBuilt,3,+8yr,1967.0,1975.0
58,11299706,11508286,True,2,1,yearBuilt,4,+10yr,1967.0,1977.0
58,11299706,11508286,True,2,1,yearBuilt,5,+12yr,1967.0,1979.0
58,11299706,11508286,True,2,1,yearBuilt,6,+14yr,1967.0,1981.0
58,11299706,11508286,True,2,1,yearBuilt,7,+16yr,1967.0,1983.0
58,11299706,11508286,True,2,1,yearBuilt,8,+18yr,1967.0,1985.0
58,11299706,11508286,True,2,1,yearBuilt,9,+20yr,1967.0,1987.0
58,11299706,11508286,True,2,1,yearBuilt,10,+22yr,1967.0,1989.0
58,11299706,11508286,True,2,1,yearBuilt,11,+24yr,1967.0,1991.0
58,11299706,11508286,True,2,1,yearBuilt,12,+26yr,1967.0,1993.0
58,11299706,11508286,True,2,1,yearBuilt,13,+28yr,1967.0,1995.0
58,11299706,11508286,True,2,1,yearBuilt,14,+30yr,1967.0,1997.0
58,11299706,11508286,True,2,1,yearBuilt,15,+32yr,1967.0,1999.0
58,11299706,11508286,True,2,1,yearBuilt,16,+34yr,1967.0,2001.0
58,11299706,11508286,True,2,1,yearBuilt,17,+36yr,1967.0,2003.0
58,11299706,11508286,True,2,1,yearBuilt,18,+38yr,1967.0,2005.0
58,11299706,11508286,True,2,1,yearBuilt,19,+40yr,1967.0,2007.0
58,11299706,11508286,True,2,1,yearBuilt,20,+42yr,1967.0,2009.0
58,11299706,11508286,True,2,1,yearBuilt,21,+44yr,1967.0,2011.0
58,11299706,11508286,True,2,1,yearBuilt,22,+46yr,1967.0,2013.0
58,11299706,11508286,True,2,1,yearBuilt,23,+48yr,1967.0,2015.0
58,11299706,11508286,True,2,1,yearBuilt,24,+50yr,1967.0,2017.0
58,11299706,11508286,True,2,1,yearBuilt,25,+52yr,1967.0,2019.0
58,11299706,11508286,True,2,1,yearBuilt,26,+54yr,1967.0,2021.0
58,11299706,11508286,True,2,1,yearBuilt,27,+56yr,1967.0,2023.0
58,11299706,11508286,True,2,1,yearBuilt,28,+58yr,1967.0,2025.0
58,11299706,11508286,True,2,1,lot,0,+100sqft,6751.0,6851.0
58,11299706,11508286,True,2,1,lot,1,+200sqft,6751.0,6951.0
58,11299706,11508286,True,2,1,lot,2,+300sqft,6751.0,7051.0
58,11299706,11508286,True,2,1,lot,3,+400sqft,6751.0,7151.0
58,11299706,11508286,True,2,1,lot,4,+500sqft,6751.0,7251.0
58,11299706,11508286,True,2,1,lot,5,+600sqft,6751.0,7351.0
58,11299706,11508286,True,2,1,lot,6,+700sqft,6751.0,7451.0
58,11299706,11508286,True,2,1,lot,7,+800sqft,6751.0,7551.0
58,11299706,11508286,True,2,1,lot,8,+900sqft,6751.0,7651.0
58,11299706,11508286,True,2,1,lot,9,+1000sqft,6751.0,7751.0
58,11299706,11508286,True,2,1,lot,10,+1100sqft,6751.0,7851.0
58,11299706,11508286,True,2,1,lot,11,+1200sqft,6751.0,7951.0
58,11299706,11508286,True,2,1,lot,12,+1300sqft,6751.0,8051.0
58,11299706,11508286,True,2,1,lot,13,+1400sqft,6751.0,8151.0
58,11299706,11508286,True,2,1,lot,14,+1500sqft,6751.0,8251.0
58,11299706,11508286,True,2,1,lot,15,+1600sqft,6751.0,8351.0
58,11299706,11508286,True,2,1,lot,16,+1700sqft,6751.0,8451.0
58,11299706,11508286,True,2,1,lot,17,+1800sqft,6751.0,8551.0
58,11299706,11508286,True,2,1,lot,18,+1900sqft,6751.0,8651.0
58,11299706,11508286,True,2,1,lot,19,+2000sqft,6751.0,8751.0
58,11299706,11508286,True,2,1,lot,20,+2100sqft,6751.0,8851.0
58,11299706,11508286,True,2,1,lot,21,+2200sqft,6751.0,8951.0
58,11299706,11508286,True,2,1,lot,22,+2300sqft,6751.0,9051.0
58,11299706,11508286,True,2,1,lot,23,+2400sqft,6751.0,9151.0
58,11299706,11508286,True,2,1,lot,24,+2500sqft,6751.0,9251.0
58,11299706,11508286,True,2,1,lot,25,+2600sqft,6751.0,9351.0
58,11299706,11508286,True,2,1,lot,26,+2700sqft,6751.0,9451.0
58,11299706,11508286,True,2,1,lot,27,+2800sqft,6751.0,9551.0
58,11299706,11508286,True,2,1,lot,28,+2900sqft,6751.0,9651.0
58,11299706,11508286,True,2,1,lot,29,+3000sqft,6751.0,9751.0
58,11299706,11508286,True,2,1,lot,30,+3100sqft,6751.0,9851.0
58,11299706,11508286,True,2,1,lot,31,+3200sqft,6751.0,9951.0
58,11299706,11508286,True,2,1,lot,32,+3300sqft,6751.0,10051.0
58,11299706,11508286,True,2,1,lot,33,+3400sqft,6751.0,10151.0
58,11299706,11508286,True,2,1,lot,34,+3500sqft,6751.0,10251.0
58,11299706,11508286,True,2,1,lot,35,+3600sqft,6751.0,10351.0
58,11299706,11508286,True,2,1,lot,36,+3700sqft,6751.0,10451.0
58,11299706,11508286,True,2,1,lot,37,+3800sqft,6751.0,10551.0
58,11299706,11508286,True,2,1,lot,38,+3900sqft,6751.0,10651.0
58,11299706,11508286,True,2,1,lot,39,+4000sqft,6751.0,10751.0
58,11299706,11508286,True,2,1,lot,40,+4100sqft,6751.0,10851.0
58,11299706,11508286,True,2,1,lot,41,+4200sqft,6751.0,10951.0
58,11299706,11508286,True,2,1,lot,42,+4300sqft,6751.0,11051.0
58,11299706,11508286,True,2,1,lot,43,+4400sqft,6751.0,11151.0
58,11299706,11508286,True,2,1,lot,44,+4500sqft,6751.0,11251.0
58,11299706,11508286,True,2,1,lot,45,+4600sqft,6751.0,11351.0
58,11299706,11508286,True,2,1,lot,46,+4700sqft,6751.0,11451.0
58,11299706,11508286,True,2,1,lot,47,+4800sqft,6751.0,11551.0
58,11299706,11508286,True,2,1,lot,48,+4900sqft,6751.0,11651.0
58,11299706,11508286,True,2,1,lot,49,+5000sqft,6751.0,11751.0
59,11658556,11659334,True,1,2,bedrooms,0,+1,4.0,5.0
59,11658556,11659334,True,1,2,bedrooms,1,+2,4.0,6.0
59,11658556,11659334,True,1,2,bedrooms,2,+3,4.0,7.0
59,11658556,11659334,True,1,2,bedrooms,3,+4,4.0,8.0
59,11658556,11659334,True,1,2,bedrooms,4,+5,4.0,9.0
59,11658556,11659334,True,1,2,bedrooms,5,+6,4.0,10.0
59,11658556,11659334,True,1,2,bathrooms,0,+1,4.0,5.0
59,11658556,11659334,True,1,2,bathrooms,1,+2,4.0,6.0
59,11658556,11659334,True,1,2,bathrooms,2,+3,4.0,7.0
59,11658556,11659334,True,1,2,bathrooms,3,+4,4.0,8.0
59,11658556,11659334,True,1,2,bathrooms,4,+5,4.0,9.0
59,11658556,11659334,True,1,2,bathrooms,5,+6,4.0,10.0
59,11658556,11659334,True,1,2,yearBuilt,0,+2yr,1931.0,1933.0
59,11658556,11659334,True,1,2,yearBuilt,1,+4yr,1931.0,1935.0
59,11658556,11659334,True,1,2,yearBuilt,2,+6yr,1931.0,1937.0
59,11658556,11659334,True,1,2,yearBuilt,3,+8yr,1931.0,1939.0
59,11658556,11659334,True,1,2,yearBuilt,4,+10yr,1931.0,1941.0
59,11658556,11659334,True,1,2,yearBuilt,5,+12yr,1931.0,1943.0
59,11658556,11659334,True,1,2,yearBuilt,6,+14yr,1931.0,1945.0
59,11658556,11659334,True,1,2,yearBuilt,7,+16yr,1931.0,1947.0
59,11658556,11659334,True,1,2,yearBuilt,8,+18yr,1931.0,1949.0
59,11658556,11659334,True,1,2,yearBuilt,9,+20yr,1931.0,1951.0
59,11658556,11659334,True,1,2,yearBuilt,10,+22yr,1931.0,1953.0
59,11658556,11659334,True,1,2,yearBuilt,11,+24yr,1931.0,1955.0
59,11658556,11659334,True,1,2,yearBuilt,12,+26yr,1931.0,1957.0
59,11658556,11659334,True,1,2,yearBuilt,13,+28yr,1931.0,1959.0
59,11658556,11659334,True,1,2,yearBuilt,14,+30yr,1931.0,1961.0
59,11658556,11659334,True,1,2,yearBuilt,15,+32yr,1931.0,1963.0
59,11658556,11659334,True,1,2,yearBuilt,16,+34yr,1931.0,1965.0
59,11658556,11659334,True,1,2,yearBuilt,17,+36yr,1931.0,1967.0
59,11658556,11659334,True,1,2,yearBuilt,18,+38yr,1931.0,1969.0
59,11658556,11659334,True,1,2,yearBuilt,19,+40yr,1931.0,1971.0
59,11658556,11659334,True,1,2,yearBuilt,20,+42yr,1931.0,1973.0
59,11658556,11659334,True,1,2,yearBuilt,21,+44yr,1931.0,1975.0
59,11658556,11659334,True,1,2,yearBuilt,22,+46yr,1931.0,1977.0
59,11658556,11659334,True,1,2,yearBuilt,23,+48yr,1931.0,1979.0
59,11658556,11659334,True,1,2,yearBuilt,24,+50yr,1931.0,1981.0
59,11658556,11659334,True,1,2,yearBuilt,25,+52yr,1931.0,1983.0
59,11658556,11659334,True,1,2,yearBuilt,26,+54yr,1931.0,1985.0
59,11658556,11659334,True,1,2,yearBuilt,27,+56yr,1931.0,1987.0
59,11658556,11659334,True,1,2,yearBuilt,28,+58yr,1931.0,1989.0
59,11658556,11659334,True,1,2,yearBuilt,29,+60yr,1931.0,1991.0
59,11658556,11659334,True,1,2,yearBuilt,30,+62yr,1931.0,1993.0
59,11658556,11659334,True,1,2,yearBuilt,31,+64yr,1931.0,1995.0
59,11658556,11659334,True,1,2,yearBuilt,32,+66yr,1931.0,1997.0
59,11658556,11659334,True,1,2,yearBuilt,33,+68yr,1931.0,1999.0
59,11658556,11659334,True,1,2,yearBuilt,34,+70yr,1931.0,2001.0
59,11658556,11659334,True,1,2,yearBuilt,35,+72yr,1931.0,2003.0
59,11658556,11659334,True,1,2,yearBuilt,36,+74yr,1931.0,2005.0
59,11658556,11659334,True,1,2,yearBuilt,37,+76yr,1931.0,2007.0
59,11658556,11659334,True,1,2,yearBuilt,38,+78yr,1931.0,2009.0
59,11658556,11659334,True,1,2,yearBuilt,39,+80yr,1931.0,2011.0
59,11658556,11659334,True,1,2,yearBuilt,40,+82yr,1931.0,2013.0
59,11658556,11659334,True,1,2,yearBuilt,41,+84yr,1931.0,2015.0
59,11658556,11659334,True,1,2,yearBuilt,42,+86yr,1931.0,2017.0
59,11658556,11659334,True,1,2,yearBuilt,43,+88yr,1931.0,2019.0
59,11658556,11659334,True,1,2,yearBuilt,44,+90yr,1931.0,2021.0
59,11658556,11659334,True,1,2,yearBuilt,45,+92yr,1931.0,2023.0
59,11658556,11659334,True,1,2,yearBuilt,46,+94yr,1931.0,2025.0
59,11658556,11659334,True,1,2,lot,0,+100sqft,6250.0,6350.0
59,11658556,11659334,True,1,2,lot,1,+200sqft,6250.0,6450.0
59,11658556,11659334,True,1,2,lot,2,+300sqft,6250.0,6550.0
59,11658556,11659334,True,1,2,lot,3,+400sqft,6250.0,6650.0
59,11658556,11659334,True,1,2,lot,4,+500sqft,6250.0,6750.0
59,11658556,11659334,True,1,2,lot,5,+600sqft,6250.0,6850.0
59,11658556,11659334,True,1,2,lot,6,+700sqft,6250.0,6950.0
59,11658556,11659334,True,1,2,lot,7,+800sqft,6250.0,7050.0
59,11658556,11659334,True,1,2,lot,8,+900sqft,6250.0,7150.0
59,11658556,11659334,True,1,2,lot,9,+1000sqft,6250.0,7250.0
59,11658556,11659334,True,1,2,lot,10,+1100sqft,6250.0,7350.0
59,11658556,11659334,True,1,2,lot,11,+1200sqft,6250.0,7450.0
59,11658556,11659334,True,1,2,lot,12,+1300sqft,6250.0,7550.0
59,11658556,11659334,True,1,2,lot,13,+1400sqft,6250.0,7650.0
59,11658556,11659334,True,1,2,lot,14,+1500sqft,6250.0,7750.0
59,11658556,11659334,True,1,2,lot,15,+1600sqft,6250.0,7850.0
59,11658556,11659334,True,1,2,lot,16,+1700sqft,6250.0,7950.0
59,11658556,11659334,True,1,2,lot,17,+1800sqft,6250.0,8050.0
59,11658556,11659334,True,1,2,lot,18,+1900sqft,6250.0,8150.0
59,11658556,11659334,True,1,2,lot,19,+2000sqft,6250.0,8250.0
59,11658556,11659334,True,1,2,lot,20,+2100sqft,6250.0,8350.0
59,11658556,11659334,True,1,2,lot,21,+2200sqft,6250.0,8450.0
59,11658556,11659334,True,1,2,lot,22,+2300sqft,6250.0,8550.0
59,11658556,11659334,True,1,2,lot,23,+2400sqft,6250.0,8650.0
59,11658556,11659334,True,1,2,lot,24,+2500sqft,6250.0,8750.0
59,11658556,11659334,True,1,2,lot,25,+2600sqft,6250.0,8850.0
59,11658556,11659334,True,1,2,lot,26,+2700sqft,6250.0,8950.0
59,11658556,11659334,True,1,2,lot,27,+2800sqft,6250.0,9050.0
59,11658556,11659334,True,1,2,lot,28,+2900sqft,6250.0,9150.0
59,11658556,11659334,True,1,2,lot,29,+3000sqft,6250.0,9250.0
59,11658556,11659334,True,1,2,lot,30,+3100sqft,6250.0,9350.0
59,11658556,11659334,True,1,2,lot,31,+3200sqft,6250.0,9450.0
59,11658556,11659334,True,1,2,lot,32,+3300sqft,6250.0,9550.0
59,11658556,11659334,True,1,2,lot,33,+3400sqft,6250.0,9650.0
59,11658556,11659334,True,1,2,lot,34,+3500sqft,6250.0,9750.0
59,11658556,11659334,True,1,2,lot,35,+3600sqft,6250.0,9850.0
59,11658556,11659334,True,1,2,lot,36,+3700sqft,6250.0,9950.0
59,11658556,11659334,True,1,2,lot,37,+3800sqft,6250.0,10050.0
59,11658556,11659334,True,1,2,lot,38,+3900sqft,6250.0,10150.0
59,11658556,11659334,True,1,2,lot,39,+4000sqft,6250.0,10250.0
59,11658556,11659334,True,1,2,lot,40,+4100sqft,6250.0,10350.0
59,11658556,11659334,True,1,2,lot,41,+4200sqft,6250.0,10450.0
59,11658556,11659334,True,1,2,lot,42,+4300sqft,6250.0,10550.0
59,11658556,11659334,True,1,2,lot,43,+4400sqft,6250.0,10650.0
59,11658556,11659334,True,1,2,lot,44,+4500sqft,6250.0,10750.0
59,11658556,11659334,True,1,2,lot,45,+4600sqft,6250.0,10850.0
59,11658556,11659334,True,1,2,lot,46,+4700sqft,6250.0,10950.0
59,11658556,11659334,True,1,2,lot,47,+4800sqft,6250.0,11050.0
59,11658556,11659334,True,1,2,lot,48,+4900sqft,6250.0,11150.0
59,11658556,11659334,True,1,2,lot,49,+5000sqft,6250.0,11250.0
60,11516126,11516233,False,2,1,bedrooms,0,+1,4.0,5.0
60,11516126,11516233,False,2,1,bedrooms,1,+2,4.0,6.0
60,11516126,11516233,False,2,1,bedrooms,2,+3,4.0,7.0
60,11516126,11516233,False,2,1,bedrooms,3,+4,4.0,8.0
60,11516126,11516233,False,2,1,bedrooms,4,+5,4.0,9.0
60,11516126,11516233,False,2,1,bedrooms,5,+6,4.0,10.0
60,11516126,11516233,False,2,1,bathrooms,0,+1,2.0,3.0
60,11516126,11516233,False,2,1,bathrooms,1,+2,2.0,4.0
60,11516126,11516233,False,2,1,bathrooms,2,+3,2.0,5.0
60,11516126,11516233,False,2,1,bathrooms,3,+4,2.0,6.0
60,11516126,11516233,False,2,1,bathrooms,4,+5,2.0,7.0
60,11516126,11516233,False,2,1,bathrooms,5,+6,2.0,8.0
60,11516126,11516233,False,2,1,bathrooms,6,+7,2.0,9.0
60,11516126,11516233,False,2,1,bathrooms,7,+8,2.0,10.0
60,11516126,11516233,False,2,1,yearBuilt,0,+2yr,1899.0,1901.0
60,11516126,11516233,False,2,1,yearBuilt,1,+4yr,1899.0,1903.0
60,11516126,11516233,False,2,1,yearBuilt,2,+6yr,1899.0,1905.0
60,11516126,11516233,False,2,1,yearBuilt,3,+8yr,1899.0,1907.0
60,11516126,11516233,False,2,1,yearBuilt,4,+10yr,1899.0,1909.0
60,11516126,11516233,False,2,1,yearBuilt,5,+12yr,1899.0,1911.0
60,11516126,11516233,False,2,1,yearBuilt,6,+14yr,1899.0,1913.0
60,11516126,11516233,False,2,1,yearBuilt,7,+16yr,1899.0,1915.0
60,11516126,11516233,False,2,1,yearBuilt,8,+18yr,1899.0,1917.0
60,11516126,11516233,False,2,1,yearBuilt,9,+20yr,1899.0,1919.0
60,11516126,11516233,False,2,1,yearBuilt,10,+22yr,1899.0,1921.0
60,11516126,11516233,False,2,1,yearBuilt,11,+24yr,1899.0,1923.0
60,11516126,11516233,False,2,1,yearBuilt,12,+26yr,1899.0,1925.0
60,11516126,11516233,False,2,1,yearBuilt,13,+28yr,1899.0,1927.0
60,11516126,11516233,False,2,1,yearBuilt,14,+30yr,1899.0,1929.0
60,11516126,11516233,False,2,1,yearBuilt,15,+32yr,1899.0,1931.0
60,11516126,11516233,False,2,1,yearBuilt,16,+34yr,1899.0,1933.0
60,11516126,11516233,False,2,1,yearBuilt,17,+36yr,1899.0,1935.0
60,11516126,11516233,False,2,1,yearBuilt,18,+38yr,1899.0,1937.0
60,11516126,11516233,False,2,1,yearBuilt,19,+40yr,1899.0,1939.0
60,11516126,11516233,False,2,1,yearBuilt,20,+42yr,1899.0,1941.0
60,11516126,11516233,False,2,1,yearBuilt,21,+44yr,1899.0,1943.0
60,11516126,11516233,False,2,1,yearBuilt,22,+46yr,1899.0,1945.0
60,11516126,11516233,False,2,1,yearBuilt,23,+48yr,1899.0,1947.0
60,11516126,11516233,False,2,1,yearBuilt,24,+50yr,1899.0,1949.0
60,11516126,11516233,False,2,1,yearBuilt,25,+52yr,1899.0,1951.0
60,11516126,11516233,False,2,1,yearBuilt,26,+54yr,1899.0,1953.0
60,11516126,11516233,False,2,1,yearBuilt,27,+56yr,1899.0,1955.0
60,11516126,11516233,False,2,1,yearBuilt,28,+58yr,1899.0,1957.0
60,11516126,11516233,False,2,1,yearBuilt,29,+60yr,1899.0,1959.0
60,11516126,11516233,False,2,1,yearBuilt,30,+62yr,1899.0,1961.0
60,11516126,11516233,False,2,1,yearBuilt,31,+64yr,1899.0,1963.0
60,11516126,11516233,False,2,1,yearBuilt,32,+66yr,1899.0,1965.0
60,11516126,11516233,False,2,1,yearBuilt,33,+68yr,1899.0,1967.0
60,11516126,11516233,False,2,1,yearBuilt,34,+70yr,1899.0,1969.0
60,11516126,11516233,False,2,1,yearBuilt,35,+72yr,1899.0,1971.0
60,11516126,11516233,False,2,1,yearBuilt,36,+74yr,1899.0,1973.0
60,11516126,11516233,False,2,1,yearBuilt,37,+76yr,1899.0,1975.0
60,11516126,11516233,False,2,1,yearBuilt,38,+78yr,1899.0,1977.0
60,11516126,11516233,False,2,1,yearBuilt,39,+80yr,1899.0,1979.0
60,11516126,11516233,False,2,1,yearBuilt,40,+82yr,1899.0,1981.0
60,11516126,11516233,False,2,1,yearBuilt,41,+84yr,1899.0,1983.0
60,11516126,11516233,False,2,1,yearBuilt,42,+86yr,1899.0,1985.0
60,11516126,11516233,False,2,1,yearBuilt,43,+88yr,1899.0,1987.0
60,11516126,11516233,False,2,1,yearBuilt,44,+90yr,1899.0,1989.0
60,11516126,11516233,False,2,1,yearBuilt,45,+92yr,1899.0,1991.0
60,11516126,11516233,False,2,1,yearBuilt,46,+94yr,1899.0,1993.0
60,11516126,11516233,False,2,1,lot,0,+100sqft,3197.0,3297.0
60,11516126,11516233,False,2,1,lot,1,+200sqft,3197.0,3397.0
60,11516126,11516233,False,2,1,lot,2,+300sqft,3197.0,3497.0
60,11516126,11516233,False,2,1,lot,3,+400sqft,3197.0,3597.0
60,11516126,11516233,False,2,1,lot,4,+500sqft,3197.0,3697.0
60,11516126,11516233,False,2,1,lot,5,+600sqft,3197.0,3797.0
60,11516126,11516233,False,2,1,lot,6,+700sqft,3197.0,3897.0
60,11516126,11516233,False,2,1,lot,7,+800sqft,3197.0,3997.0
60,11516126,11516233,False,2,1,lot,8,+900sqft,3197.0,4097.0
60,11516126,11516233,False,2,1,lot,9,+1000sqft,3197.0,4197.0
60,11516126,11516233,False,2,1,lot,10,+1100sqft,3197.0,4297.0
60,11516126,11516233,False,2,1,lot,11,+1200sqft,3197.0,4397.0
60,11516126,11516233,False,2,1,lot,12,+1300sqft,3197.0,4497.0
60,11516126,11516233,False,2,1,lot,13,+1400sqft,3197.0,4597.0
60,11516126,11516233,False,2,1,lot,14,+1500sqft,3197.0,4697.0
60,11516126,11516233,False,2,1,lot,15,+1600sqft,3197.0,4797.0
60,11516126,11516233,False,2,1,lot,16,+1700sqft,3197.0,4897.0
60,11516126,11516233,False,2,1,lot,17,+1800sqft,3197.0,4997.0
60,11516126,11516233,False,2,1,lot,18,+1900sqft,3197.0,5097.0
60,11516126,11516233,False,2,1,lot,19,+2000sqft,3197.0,5197.0
60,11516126,11516233,False,2,1,lot,20,+2100sqft,3197.0,5297.0
60,11516126,11516233,False,2,1,lot,21,+2200sqft,3197.0,5397.0
60,11516126,11516233,False,2,1,lot,22,+2300sqft,3197.0,5497.0
60,11516126,11516233,False,2,1,lot,23,+2400sqft,3197.0,5597.0
60,11516126,11516233,False,2,1,lot,24,+2500sqft,3197.0,5697.0
60,11516126,11516233,False,2,1,lot,25,+2600sqft,3197.0,5797.0
60,11516126,11516233,False,2,1,lot,26,+2700sqft,3197.0,5897.0
60,11516126,11516233,False,2,1,lot,27,+2800sqft,3197.0,5997.0
60,11516126,11516233,False,2,1,lot,28,+2900sqft,3197.0,6097.0
60,11516126,11516233,False,2,1,lot,29,+3000sqft,3197.0,6197.0
60,11516126,11516233,False,2,1,lot,30,+3100sqft,3197.0,6297.0
60,11516126,11516233,False,2,1,lot,31,+3200sqft,3197.0,6397.0
60,11516126,11516233,False,2,1,lot,32,+3300sqft,3197.0,6497.0
60,11516126,11516233,False,2,1,lot,33,+3400sqft,3197.0,6597.0
60,11516126,11516233,False,2,1,lot,34,+3500sqft,3197.0,6697.0
60,11516126,11516233,False,2,1,lot,35,+3600sqft,3197.0,6797.0
60,11516126,11516233,False,2,1,lot,36,+3700sqft,3197.0,6897.0
60,11516126,11516233,False,2,1,lot,37,+3800sqft,3197.0,6997.0
60,11516126,11516233,False,2,1,lot,38,+3900sqft,3197.0,7097.0
60,11516126,11516233,False,2,1,lot,39,+4000sqft,3197.0,7197.0
60,11516126,11516233,False,2,1,lot,40,+4100sqft,3197.0,7297.0
60,11516126,11516233,False,2,1,lot,41,+4200sqft,3197.0,7397.0
60,11516126,11516233,False,2,1,lot,42,+4300sqft,3197.0,7497.0
60,11516126,11516233,False,2,1,lot,43,+4400sqft,3197.0,7597.0
60,11516126,11516233,False,2,1,lot,44,+4500sqft,3197.0,7697.0
60,11516126,11516233,False,2,1,lot,45,+4600sqft,3197.0,7797.0
60,11516126,11516233,False,2,1,lot,46,+4700sqft,3197.0,7897.0
60,11516126,11516233,False,2,1,lot,47,+4800sqft,3197.0,7997.0
60,11516126,11516233,False,2,1,lot,48,+4900sqft,3197.0,8097.0
60,11516126,11516233,False,2,1,lot,49,+5000sqft,3197.0,8197.0
61,11325526,11369347,False,2,1,bedrooms,0,+1,3.0,4.0
61,11325526,11369347,False,2,1,bedrooms,1,+2,3.0,5.0
61,11325526,11369347,False,2,1,bedrooms,2,+3,3.0,6.0
61,11325526,11369347,False,2,1,bedrooms,3,+4,3.0,7.0
61,11325526,11369347,False,2,1,bedrooms,4,+5,3.0,8.0
61,11325526,11369347,False,2,1,bedrooms,5,+6,3.0,9.0
61,11325526,11369347,False,2,1,bedrooms,6,+7,3.0,10.0
61,11325526,11369347,False,2,1,bathrooms,0,+1,1.0,2.0
61,11325526,11369347,False,2,1,bathrooms,1,+2,1.0,3.0
61,11325526,11369347,False,2,1,bathrooms,2,+3,1.0,4.0
61,11325526,11369347,False,2,1,bathrooms,3,+4,1.0,5.0
61,11325526,11369347,False,2,1,bathrooms,4,+5,1.0,6.0
61,11325526,11369347,False,2,1,bathrooms,5,+6,1.0,7.0
61,11325526,11369347,False,2,1,bathrooms,6,+7,1.0,8.0
61,11325526,11369347,False,2,1,bathrooms,7,+8,1.0,9.0
61,11325526,11369347,False,2,1,bathrooms,8,+9,1.0,10.0
61,11325526,11369347,False,2,1,yearBuilt,0,+2yr,1934.0,1936.0
61,11325526,11369347,False,2,1,yearBuilt,1,+4yr,1934.0,1938.0
61,11325526,11369347,False,2,1,yearBuilt,2,+6yr,1934.0,1940.0
61,11325526,11369347,False,2,1,yearBuilt,3,+8yr,1934.0,1942.0
61,11325526,11369347,False,2,1,yearBuilt,4,+10yr,1934.0,1944.0
61,11325526,11369347,False,2,1,yearBuilt,5,+12yr,1934.0,1946.0
61,11325526,11369347,False,2,1,yearBuilt,6,+14yr,1934.0,1948.0
61,11325526,11369347,False,2,1,yearBuilt,7,+16yr,1934.0,1950.0
61,11325526,11369347,False,2,1,yearBuilt,8,+18yr,1934.0,1952.0
61,11325526,11369347,False,2,1,yearBuilt,9,+20yr,1934.0,1954.0
61,11325526,11369347,False,2,1,yearBuilt,10,+22yr,1934.0,1956.0
61,11325526,11369347,False,2,1,yearBuilt,11,+24yr,1934.0,1958.0
61,11325526,11369347,False,2,1,yearBuilt,12,+26yr,1934.0,1960.0
61,11325526,11369347,False,2,1,yearBuilt,13,+28yr,1934.0,1962.0
61,11325526,11369347,False,2,1,yearBuilt,14,+30yr,1934.0,1964.0
61,11325526,11369347,False,2,1,yearBuilt,15,+32yr,1934.0,1966.0
61,11325526,11369347,False,2,1,yearBuilt,16,+34yr,1934.0,1968.0
61,11325526,11369347,False,2,1,yearBuilt,17,+36yr,1934.0,1970.0
61,11325526,11369347,False,2,1,yearBuilt,18,+38yr,1934.0,1972.0
61,11325526,11369347,False,2,1,yearBuilt,19,+40yr,1934.0,1974.0
61,11325526,11369347,False,2,1,yearBuilt,20,+42yr,1934.0,1976.0
61,11325526,11369347,False,2,1,yearBuilt,21,+44yr,1934.0,1978.0
61,11325526,11369347,False,2,1,yearBuilt,22,+46yr,1934.0,1980.0
61,11325526,11369347,False,2,1,yearBuilt,23,+48yr,1934.0,1982.0
61,11325526,11369347,False,2,1,yearBuilt,24,+50yr,1934.0,1984.0
61,11325526,11369347,False,2,1,yearBuilt,25,+52yr,1934.0,1986.0
61,11325526,11369347,False,2,1,yearBuilt,26,+54yr,1934.0,1988.0
61,11325526,11369347,False,2,1,yearBuilt,27,+56yr,1934.0,1990.0
61,11325526,11369347,False,2,1,yearBuilt,28,+58yr,1934.0,1992.0
61,11325526,11369347,False,2,1,yearBuilt,29,+60yr,1934.0,1994.0
61,11325526,11369347,False,2,1,yearBuilt,30,+62yr,1934.0,1996.0
61,11325526,11369347,False,2,1,yearBuilt,31,+64yr,1934.0,1998.0
61,11325526,11369347,False,2,1,yearBuilt,32,+66yr,1934.0,2000.0
61,11325526,11369347,False,2,1,yearBuilt,33,+68yr,1934.0,2002.0
61,11325526,11369347,False,2,1,yearBuilt,34,+70yr,1934.0,2004.0
61,11325526,11369347,False,2,1,yearBuilt,35,+72yr,1934.0,2006.0
61,11325526,11369347,False,2,1,yearBuilt,36,+74yr,1934.0,2008.0
61,11325526,11369347,False,2,1,yearBuilt,37,+76yr,1934.0,2010.0
61,11325526,11369347,False,2,1,yearBuilt,38,+78yr,1934.0,2012.0
61,11325526,11369347,False,2,1,yearBuilt,39,+80yr,1934.0,2014.0
61,11325526,11369347,False,2,1,yearBuilt,40,+82yr,1934.0,2016.0
61,11325526,11369347,False,2,1,yearBuilt,41,+84yr,1934.0,2018.0
61,11325526,11369347,False,2,1,yearBuilt,42,+86yr,1934.0,2020.0
61,11325526,11369347,False,2,1,yearBuilt,43,+88yr,1934.0,2022.0
61,11325526,11369347,False,2,1,yearBuilt,44,+90yr,1934.0,2024.0
61,11325526,11369347,False,2,1,lot,0,+100sqft,4160.0,4260.0
61,11325526,11369347,False,2,1,lot,1,+200sqft,4160.0,4360.0
61,11325526,11369347,False,2,1,lot,2,+300sqft,4160.0,4460.0
61,11325526,11369347,False,2,1,lot,3,+400sqft,4160.0,4560.0
61,11325526,11369347,False,2,1,lot,4,+500sqft,4160.0,4660.0
61,11325526,11369347,False,2,1,lot,5,+600sqft,4160.0,4760.0
61,11325526,11369347,False,2,1,lot,6,+700sqft,4160.0,4860.0
61,11325526,11369347,False,2,1,lot,7,+800sqft,4160.0,4960.0
61,11325526,11369347,False,2,1,lot,8,+900sqft,4160.0,5060.0
61,11325526,11369347,False,2,1,lot,9,+1000sqft,4160.0,5160.0
61,11325526,11369347,False,2,1,lot,10,+1100sqft,4160.0,5260.0
61,11325526,11369347,False,2,1,lot,11,+1200sqft,4160.0,5360.0
61,11325526,11369347,False,2,1,lot,12,+1300sqft,4160.0,5460.0
61,11325526,11369347,False,2,1,lot,13,+1400sqft,4160.0,5560.0
61,11325526,11369347,False,2,1,lot,14,+1500sqft,4160.0,5660.0
61,11325526,11369347,False,2,1,lot,15,+1600sqft,4160.0,5760.0
61,11325526,11369347,False,2,1,lot,16,+1700sqft,4160.0,5860.0
61,11325526,11369347,False,2,1,lot,17,+1800sqft,4160.0,5960.0
61,11325526,11369347,False,2,1,lot,18,+1900sqft,4160.0,6060.0
61,11325526,11369347,False,2,1,lot,19,+2000sqft,4160.0,6160.0
61,11325526,11369347,False,2,1,lot,20,+2100sqft,4160.0,6260.0
61,11325526,11369347,False,2,1,lot,21,+2200sqft,4160.0,6360.0
61,11325526,11369347,False,2,1,lot,22,+2300sqft,4160.0,6460.0
61,11325526,11369347,False,2,1,lot,23,+2400sqft,4160.0,6560.0
61,11325526,11369347,False,2,1,lot,24,+2500sqft,4160.0,6660.0
61,11325526,11369347,False,2,1,lot,25,+2600sqft,4160.0,6760.0
61,11325526,11369347,False,2,1,lot,26,+2700sqft,4160.0,6860.0
61,11325526,11369347,False,2,1,lot,27,+2800sqft,4160.0,6960.0
61,11325526,11369347,False,2,1,lot,28,+2900sqft,4160.0,7060.0
61,11325526,11369347,False,2,1,lot,29,+3000sqft,4160.0,7160.0
61,11325526,11369347,False,2,1,lot,30,+3100sqft,4160.0,7260.0
61,11325526,11369347,False,2,1,lot,31,+3200sqft,4160.0,7360.0
61,11325526,11369347,False,2,1,lot,32,+3300sqft,4160.0,7460.0
61,11325526,11369347,False,2,1,lot,33,+3400sqft,4160.0,7560.0
61,11325526,11369347,False,2,1,lot,34,+3500sqft,4160.0,7660.0
61,11325526,11369347,False,2,1,lot,35,+3600sqft,4160.0,7760.0
61,11325526,11369347,False,2,1,lot,36,+3700sqft,4160.0,7860.0
61,11325526,11369347,False,2,1,lot,37,+3800sqft,4160.0,7960.0
61,11325526,11369347,False,2,1,lot,38,+3900sqft,4160.0,8060.0
61,11325526,11369347,False,2,1,lot,39,+4000sqft,4160.0,8160.0
61,11325526,11369347,False,2,1,lot,40,+4100sqft,4160.0,8260.0
61,11325526,11369347,False,2,1,lot,41,+4200sqft,4160.0,8360.0
61,11325526,11369347,False,2,1,lot,42,+4300sqft,4160.0,8460.0
61,11325526,11369347,False,2,1,lot,43,+4400sqft,4160.0,8560.0
61,11325526,11369347,False,2,1,lot,44,+4500sqft,4160.0,8660.0
61,11325526,11369347,False,2,1,lot,45,+4600sqft,4160.0,8760.0
61,11325526,11369347,False,2,1,lot,46,+4700sqft,4160.0,8860.0
61,11325526,11369347,False,2,1,lot,47,+4800sqft,4160.0,8960.0
61,11325526,11369347,False,2,1,lot,48,+4900sqft,4160.0,9060.0
61,11325526,11369347,False,2,1,lot,49,+5000sqft,4160.0,9160.0
62,11359064,11359065,False,2,1,bedrooms,0,+1,3.0,4.0
62,11359064,11359065,False,2,1,bedrooms,1,+2,3.0,5.0
62,11359064,11359065,False,2,1,bedrooms,2,+3,3.0,6.0
62,11359064,11359065,False,2,1,bedrooms,3,+4,3.0,7.0
62,11359064,11359065,False,2,1,bedrooms,4,+5,3.0,8.0
62,11359064,11359065,False,2,1,bedrooms,5,+6,3.0,9.0
62,11359064,11359065,False,2,1,bedrooms,6,+7,3.0,10.0
62,11359064,11359065,False,2,1,bathrooms,0,+1,2.0,3.0
62,11359064,11359065,False,2,1,bathrooms,1,+2,2.0,4.0
62,11359064,11359065,False,2,1,bathrooms,2,+3,2.0,5.0
62,11359064,11359065,False,2,1,bathrooms,3,+4,2.0,6.0
62,11359064,11359065,False,2,1,bathrooms,4,+5,2.0,7.0
62,11359064,11359065,False,2,1,bathrooms,5,+6,2.0,8.0
62,11359064,11359065,False,2,1,bathrooms,6,+7,2.0,9.0
62,11359064,11359065,False,2,1,bathrooms,7,+8,2.0,10.0
62,11359064,11359065,False,2,1,yearBuilt,0,+2yr,1956.0,1958.0
62,11359064,11359065,False,2,1,yearBuilt,1,+4yr,1956.0,1960.0
62,11359064,11359065,False,2,1,yearBuilt,2,+6yr,1956.0,1962.0
62,11359064,11359065,False,2,1,yearBuilt,3,+8yr,1956.0,1964.0
62,11359064,11359065,False,2,1,yearBuilt,4,+10yr,1956.0,1966.0
62,11359064,11359065,False,2,1,yearBuilt,5,+12yr,1956.0,1968.0
62,11359064,11359065,False,2,1,yearBuilt,6,+14yr,1956.0,1970.0
62,11359064,11359065,False,2,1,yearBuilt,7,+16yr,1956.0,1972.0
62,11359064,11359065,False,2,1,yearBuilt,8,+18yr,1956.0,1974.0
62,11359064,11359065,False,2,1,yearBuilt,9,+20yr,1956.0,1976.0
62,11359064,11359065,False,2,1,yearBuilt,10,+22yr,1956.0,1978.0
62,11359064,11359065,False,2,1,yearBuilt,11,+24yr,1956.0,1980.0
62,11359064,11359065,False,2,1,yearBuilt,12,+26yr,1956.0,1982.0
62,11359064,11359065,False,2,1,yearBuilt,13,+28yr,1956.0,1984.0
62,11359064,11359065,False,2,1,yearBuilt,14,+30yr,1956.0,1986.0
62,11359064,11359065,False,2,1,yearBuilt,15,+32yr,1956.0,1988.0
62,11359064,11359065,False,2,1,yearBuilt,16,+34yr,1956.0,1990.0
62,11359064,11359065,False,2,1,yearBuilt,17,+36yr,1956.0,1992.0
62,11359064,11359065,False,2,1,yearBuilt,18,+38yr,1956.0,1994.0
62,11359064,11359065,False,2,1,yearBuilt,19,+40yr,1956.0,1996.0
62,11359064,11359065,False,2,1,yearBuilt,20,+42yr,1956.0,1998.0
62,11359064,11359065,False,2,1,yearBuilt,21,+44yr,1956.0,2000.0
62,11359064,11359065,False,2,1,yearBuilt,22,+46yr,1956.0,2002.0
62,11359064,11359065,False,2,1,yearBuilt,23,+48yr,1956.0,2004.0
62,11359064,11359065,False,2,1,yearBuilt,24,+50yr,1956.0,2006.0
62,11359064,11359065,False,2,1,yearBuilt,25,+52yr,1956.0,2008.0
62,11359064,11359065,False,2,1,yearBuilt,26,+54yr,1956.0,2010.0
62,11359064,11359065,False,2,1,yearBuilt,27,+56yr,1956.0,2012.0
62,11359064,11359065,False,2,1,yearBuilt,28,+58yr,1956.0,2014.0
62,11359064,11359065,False,2,1,yearBuilt,29,+60yr,1956.0,2016.0
62,11359064,11359065,False,2,1,yearBuilt,30,+62yr,1956.0,2018.0
62,11359064,11359065,False,2,1,yearBuilt,31,+64yr,1956.0,2020.0
62,11359064,11359065,False,2,1,yearBuilt,32,+66yr,1956.0,2022.0
62,11359064,11359065,False,2,1,yearBuilt,33,+68yr,1956.0,2024.0
62,11359064,11359065,False,2,1,lot,0,+100sqft,9343.0,9443.0
62,11359064,11359065,False,2,1,lot,1,+200sqft,9343.0,9543.0
62,11359064,11359065,False,2,1,lot,2,+300sqft,9343.0,9643.0
62,11359064,11359065,False,2,1,lot,3,+400sqft,9343.0,9743.0
62,11359064,11359065,False,2,1,lot,4,+500sqft,9343.0,9843.0
62,11359064,11359065,False,2,1,lot,5,+600sqft,9343.0,9943.0
62,11359064,11359065,False,2,1,lot,6,+700sqft,9343.0,10043.0
62,11359064,11359065,False,2,1,lot,7,+800sqft,9343.0,10143.0
62,11359064,11359065,False,2,1,lot,8,+900sqft,9343.0,10243.0
62,11359064,11359065,False,2,1,lot,9,+1000sqft,9343.0,10343.0
62,11359064,11359065,False,2,1,lot,10,+1100sqft,9343.0,10443.0
62,11359064,11359065,False,2,1,lot,11,+1200sqft,9343.0,10543.0
62,11359064,11359065,False,2,1,lot,12,+1300sqft,9343.0,10643.0
62,11359064,11359065,False,2,1,lot,13,+1400sqft,9343.0,10743.0
62,11359064,11359065,False,2,1,lot,14,+1500sqft,9343.0,10843.0
62,11359064,11359065,False,2,1,lot,15,+1600sqft,9343.0,10943.0
62,11359064,11359065,False,2,1,lot,16,+1700sqft,9343.0,11043.0
62,11359064,11359065,False,2,1,lot,17,+1800sqft,9343.0,11143.0
62,11359064,11359065,False,2,1,lot,18,+1900sqft,9343.0,11243.0
62,11359064,11359065,False,2,1,lot,19,+2000sqft,9343.0,11343.0
62,11359064,11359065,False,2,1,lot,20,+2100sqft,9343.0,11443.0
62,11359064,11359065,False,2,1,lot,21,+2200sqft,9343.0,11543.0
62,11359064,11359065,False,2,1,lot,22,+2300sqft,9343.0,11643.0
62,11359064,11359065,False,2,1,lot,23,+2400sqft,9343.0,11743.0
62,11359064,11359065,False,2,1,lot,24,+2500sqft,9343.0,11843.0
62,11359064,11359065,False,2,1,lot,25,+2600sqft,9343.0,11943.0
62,11359064,11359065,False,2,1,lot,26,+2700sqft,9343.0,12043.0
62,11359064,11359065,False,2,1,lot,27,+2800sqft,9343.0,12143.0
62,11359064,11359065,False,2,1,lot,28,+2900sqft,9343.0,12243.0
62,11359064,11359065,False,2,1,lot,29,+3000sqft,9343.0,12343.0
62,11359064,11359065,False,2,1,lot,30,+3100sqft,9343.0,12443.0
62,11359064,11359065,False,2,1,lot,31,+3200sqft,9343.0,12543.0
62,11359064,11359065,False,2,1,lot,32,+3300sqft,9343.0,12643.0
62,11359064,11359065,False,2,1,lot,33,+3400sqft,9343.0,12743.0
62,11359064,11359065,False,2,1,lot,34,+3500sqft,9343.0,12843.0
62,11359064,11359065,False,2,1,lot,35,+3600sqft,9343.0,12943.0
62,11359064,11359065,False,2,1,lot,36,+3700sqft,9343.0,13043.0
62,11359064,11359065,False,2,1,lot,37,+3800sqft,9343.0,13143.0
62,11359064,11359065,False,2,1,lot,38,+3900sqft,9343.0,13243.0
62,11359064,11359065,False,2,1,lot,39,+4000sqft,9343.0,13343.0
62,11359064,11359065,False,2,1,lot,40,+4100sqft,9343.0,13443.0
62,11359064,11359065,False,2,1,lot,41,+4200sqft,9343.0,13543.0
62,11359064,11359065,False,2,1,lot,42,+4300sqft,9343.0,13643.0
62,11359064,11359065,False,2,1,lot,43,+4400sqft,9343.0,13743.0
62,11359064,11359065,False,2,1,lot,44,+4500sqft,9343.0,13843.0
62,11359064,11359065,False,2,1,lot,45,+4600sqft,9343.0,13943.0
62,11359064,11359065,False,2,1,lot,46,+4700sqft,9343.0,14043.0
62,11359064,11359065,False,2,1,lot,47,+4800sqft,9343.0,14143.0
62,11359064,11359065,False,2,1,lot,48,+4900sqft,9343.0,14243.0
62,11359064,11359065,False,2,1,lot,49,+5000sqft,9343.0,14343.0
63,11484852,11558275,False,2,1,bedrooms,0,+1,4.0,5.0
63,11484852,11558275,False,2,1,bedrooms,1,+2,4.0,6.0
63,11484852,11558275,False,2,1,bedrooms,2,+3,4.0,7.0
63,11484852,11558275,False,2,1,bedrooms,3,+4,4.0,8.0
63,11484852,11558275,False,2,1,bedrooms,4,+5,4.0,9.0
63,11484852,11558275,False,2,1,bedrooms,5,+6,4.0,10.0
63,11484852,11558275,False,2,1,bathrooms,0,+1,3.0,4.0
63,11484852,11558275,False,2,1,bathrooms,1,+2,3.0,5.0
63,11484852,11558275,False,2,1,bathrooms,2,+3,3.0,6.0
63,11484852,11558275,False,2,1,bathrooms,3,+4,3.0,7.0
63,11484852,11558275,False,2,1,bathrooms,4,+5,3.0,8.0
63,11484852,11558275,False,2,1,bathrooms,5,+6,3.0,9.0
63,11484852,11558275,False,2,1,bathrooms,6,+7,3.0,10.0
63,11484852,11558275,False,2,1,yearBuilt,0,+2yr,1960.0,1962.0
63,11484852,11558275,False,2,1,yearBuilt,1,+4yr,1960.0,1964.0
63,11484852,11558275,False,2,1,yearBuilt,2,+6yr,1960.0,1966.0
63,11484852,11558275,False,2,1,yearBuilt,3,+8yr,1960.0,1968.0
63,11484852,11558275,False,2,1,yearBuilt,4,+10yr,1960.0,1970.0
63,11484852,11558275,False,2,1,yearBuilt,5,+12yr,1960.0,1972.0
63,11484852,11558275,False,2,1,yearBuilt,6,+14yr,1960.0,1974.0
63,11484852,11558275,False,2,1,yearBuilt,7,+16yr,1960.0,1976.0
63,11484852,11558275,False,2,1,yearBuilt,8,+18yr,1960.0,1978.0
63,11484852,11558275,False,2,1,yearBuilt,9,+20yr,1960.0,1980.0
63,11484852,11558275,False,2,1,yearBuilt,10,+22yr,1960.0,1982.0
63,11484852,11558275,False,2,1,yearBuilt,11,+24yr,1960.0,1984.0
63,11484852,11558275,False,2,1,yearBuilt,12,+26yr,1960.0,1986.0
63,11484852,11558275,False,2,1,yearBuilt,13,+28yr,1960.0,1988.0
63,11484852,11558275,False,2,1,yearBuilt,14,+30yr,1960.0,1990.0
63,11484852,11558275,False,2,1,yearBuilt,15,+32yr,1960.0,1992.0
63,11484852,11558275,False,2,1,yearBuilt,16,+34yr,1960.0,1994.0
63,11484852,11558275,False,2,1,yearBuilt,17,+36yr,1960.0,1996.0
63,11484852,11558275,False,2,1,yearBuilt,18,+38yr,1960.0,1998.0
63,11484852,11558275,False,2,1,yearBuilt,19,+40yr,1960.0,2000.0
63,11484852,11558275,False,2,1,yearBuilt,20,+42yr,1960.0,2002.0
63,11484852,11558275,False,2,1,yearBuilt,21,+44yr,1960.0,2004.0
63,11484852,11558275,False,2,1,yearBuilt,22,+46yr,1960.0,2006.0
63,11484852,11558275,False,2,1,yearBuilt,23,+48yr,1960.0,2008.0
63,11484852,11558275,False,2,1,yearBuilt,24,+50yr,1960.0,2010.0
63,11484852,11558275,False,2,1,yearBuilt,25,+52yr,1960.0,2012.0
63,11484852,11558275,False,2,1,yearBuilt,26,+54yr,1960.0,2014.0
63,11484852,11558275,False,2,1,yearBuilt,27,+56yr,1960.0,2016.0
63,11484852,11558275,False,2,1,yearBuilt,28,+58yr,1960.0,2018.0
63,11484852,11558275,False,2,1,yearBuilt,29,+60yr,1960.0,2020.0
63,11484852,11558275,False,2,1,yearBuilt,30,+62yr,1960.0,2022.0
63,11484852,11558275,False,2,1,yearBuilt,31,+64yr,1960.0,2024.0
63,11484852,11558275,False,2,1,lot,0,+100sqft,0.53,0.5323
63,11484852,11558275,False,2,1,lot,1,+200sqft,0.53,0.5346
63,11484852,11558275,False,2,1,lot,2,+300sqft,0.53,0.5369
63,11484852,11558275,False,2,1,lot,3,+400sqft,0.53,0.5392
63,11484852,11558275,False,2,1,lot,4,+500sqft,0.53,0.5415
63,11484852,11558275,False,2,1,lot,5,+600sqft,0.53,0.5438
63,11484852,11558275,False,2,1,lot,6,+700sqft,0.53,0.5461
63,11484852,11558275,False,2,1,lot,7,+800sqft,0.53,0.5484
63,11484852,11558275,False,2,1,lot,8,+900sqft,0.53,0.5507
63,11484852,11558275,False,2,1,lot,9,+1000sqft,0.53,0.553
63,11484852,11558275,False,2,1,lot,10,+1100sqft,0.53,0.5553
63,11484852,11558275,False,2,1,lot,11,+1200sqft,0.53,0.5575
63,11484852,11558275,False,2,1,lot,12,+1300sqft,0.53,0.5598
63,11484852,11558275,False,2,1,lot,13,+1400sqft,0.53,0.5621
63,11484852,11558275,False,2,1,lot,14,+1500sqft,0.53,0.5644
63,11484852,11558275,False,2,1,lot,15,+1600sqft,0.53,0.5667
63,11484852,11558275,False,2,1,lot,16,+1700sqft,0.53,0.569
63,11484852,11558275,False,2,1,lot,17,+1800sqft,0.53,0.5713
63,11484852,11558275,False,2,1,lot,18,+1900sqft,0.53,0.5736
63,11484852,11558275,False,2,1,lot,19,+2000sqft,0.53,0.5759
63,11484852,11558275,False,2,1,lot,20,+2100sqft,0.53,0.5782
63,11484852,11558275,False,2,1,lot,21,+2200sqft,0.53,0.5805
63,11484852,11558275,False,2,1,lot,22,+2300sqft,0.53,0.5828
63,11484852,11558275,False,2,1,lot,23,+2400sqft,0.53,0.5851
63,11484852,11558275,False,2,1,lot,24,+2500sqft,0.53,0.5874
63,11484852,11558275,False,2,1,lot,25,+2600sqft,0.53,0.5897
63,11484852,11558275,False,2,1,lot,26,+2700sqft,0.53,0.592
63,11484852,11558275,False,2,1,lot,27,+2800sqft,0.53,0.5943
63,11484852,11558275,False,2,1,lot,28,+2900sqft,0.53,0.5966
63,11484852,11558275,False,2,1,lot,29,+3000sqft,0.53,0.5989
63,11484852,11558275,False,2,1,lot,30,+3100sqft,0.53,0.6012
63,11484852,11558275,False,2,1,lot,31,+3200sqft,0.53,0.6035
63,11484852,11558275,False,2,1,lot,32,+3300sqft,0.53,0.6058
63,11484852,11558275,False,2,1,lot,33,+3400sqft,0.53,0.6081
63,11484852,11558275,False,2,1,lot,34,+3500sqft,0.53,0.6103
63,11484852,11558275,False,2,1,lot,35,+3600sqft,0.53,0.6126
63,11484852,11558275,False,2,1,lot,36,+3700sqft,0.53,0.6149
63,11484852,11558275,False,2,1,lot,37,+3800sqft,0.53,0.6172
63,11484852,11558275,False,2,1,lot,38,+3900sqft,0.53,0.6195
63,11484852,11558275,False,2,1,lot,39,+4000sqft,0.53,0.6218
63,11484852,11558275,False,2,1,lot,40,+4100sqft,0.53,0.6241
63,11484852,11558275,False,2,1,lot,41,+4200sqft,0.53,0.6264
63,11484852,11558275,False,2,1,lot,42,+4300sqft,0.53,0.6287
63,11484852,11558275,False,2,1,lot,43,+4400sqft,0.53,0.631
63,11484852,11558275,False,2,1,lot,44,+4500sqft,0.53,0.6333
63,11484852,11558275,False,2,1,lot,45,+4600sqft,0.53,0.6356
63,11484852,11558275,False,2,1,lot,46,+4700sqft,0.53,0.6379
63,11484852,11558275,False,2,1,lot,47,+4800sqft,0.53,0.6402
63,11484852,11558275,False,2,1,lot,48,+4900sqft,0.53,0.6425
63,11484852,11558275,False,2,1,lot,49,+5000sqft,0.53,0.6448
64,11484094,11484913,False,2,1,bedrooms,0,+1,3.0,4.0
64,11484094,11484913,False,2,1,bedrooms,1,+2,3.0,5.0
64,11484094,11484913,False,2,1,bedrooms,2,+3,3.0,6.0
64,11484094,11484913,False,2,1,bedrooms,3,+4,3.0,7.0
64,11484094,11484913,False,2,1,bedrooms,4,+5,3.0,8.0
64,11484094,11484913,False,2,1,bedrooms,5,+6,3.0,9.0
64,11484094,11484913,False,2,1,bedrooms,6,+7,3.0,10.0
64,11484094,11484913,False,2,1,bathrooms,0,+1,3.0,4.0
64,11484094,11484913,False,2,1,bathrooms,1,+2,3.0,5.0
64,11484094,11484913,False,2,1,bathrooms,2,+3,3.0,6.0
64,11484094,11484913,False,2,1,bathrooms,3,+4,3.0,7.0
64,11484094,11484913,False,2,1,bathrooms,4,+5,3.0,8.0
64,11484094,11484913,False,2,1,bathrooms,5,+6,3.0,9.0
64,11484094,11484913,False,2,1,bathrooms,6,+7,3.0,10.0
64,11484094,11484913,False,2,1,yearBuilt,0,+2yr,1950.0,1952.0
64,11484094,11484913,False,2,1,yearBuilt,1,+4yr,1950.0,1954.0
64,11484094,11484913,False,2,1,yearBuilt,2,+6yr,1950.0,1956.0
64,11484094,11484913,False,2,1,yearBuilt,3,+8yr,1950.0,1958.0
64,11484094,11484913,False,2,1,yearBuilt,4,+10yr,1950.0,1960.0
64,11484094,11484913,False,2,1,yearBuilt,5,+12yr,1950.0,1962.0
64,11484094,11484913,False,2,1,yearBuilt,6,+14yr,1950.0,1964.0
64,11484094,11484913,False,2,1,yearBuilt,7,+16yr,1950.0,1966.0
64,11484094,11484913,False,2,1,yearBuilt,8,+18yr,1950.0,1968.0
64,11484094,11484913,False,2,1,yearBuilt,9,+20yr,1950.0,1970.0
64,11484094,11484913,False,2,1,yearBuilt,10,+22yr,1950.0,1972.0
64,11484094,11484913,False,2,1,yearBuilt,11,+24yr,1950.0,1974.0
64,11484094,11484913,False,2,1,yearBuilt,12,+26yr,1950.0,1976.0
64,11484094,11484913,False,2,1,yearBuilt,13,+28yr,1950.0,1978.0
64,11484094,11484913,False,2,1,yearBuilt,14,+30yr,1950.0,1980.0
64,11484094,11484913,False,2,1,yearBuilt,15,+32yr,1950.0,1982.0
64,11484094,11484913,False,2,1,yearBuilt,16,+34yr,1950.0,1984.0
64,11484094,11484913,False,2,1,yearBuilt,17,+36yr,1950.0,1986.0
64,11484094,11484913,False,2,1,yearBuilt,18,+38yr,1950.0,1988.0
64,11484094,11484913,False,2,1,yearBuilt,19,+40yr,1950.0,1990.0
64,11484094,11484913,False,2,1,yearBuilt,20,+42yr,1950.0,1992.0
64,11484094,11484913,False,2,1,yearBuilt,21,+44yr,1950.0,1994.0
64,11484094,11484913,False,2,1,yearBuilt,22,+46yr,1950.0,1996.0
64,11484094,11484913,False,2,1,yearBuilt,23,+48yr,1950.0,1998.0
64,11484094,11484913,False,2,1,yearBuilt,24,+50yr,1950.0,2000.0
64,11484094,11484913,False,2,1,yearBuilt,25,+52yr,1950.0,2002.0
64,11484094,11484913,False,2,1,yearBuilt,26,+54yr,1950.0,2004.0
64,11484094,11484913,False,2,1,yearBuilt,27,+56yr,1950.0,2006.0
64,11484094,11484913,False,2,1,yearBuilt,28,+58yr,1950.0,2008.0
64,11484094,11484913,False,2,1,yearBuilt,29,+60yr,1950.0,2010.0
64,11484094,11484913,False,2,1,yearBuilt,30,+62yr,1950.0,2012.0
64,11484094,11484913,False,2,1,yearBuilt,31,+64yr,1950.0,2014.0
64,11484094,11484913,False,2,1,yearBuilt,32,+66yr,1950.0,2016.0
64,11484094,11484913,False,2,1,yearBuilt,33,+68yr,1950.0,2018.0
64,11484094,11484913,False,2,1,yearBuilt,34,+70yr,1950.0,2020.0
64,11484094,11484913,False,2,1,yearBuilt,35,+72yr,1950.0,2022.0
64,11484094,11484913,False,2,1,yearBuilt,36,+74yr,1950.0,2024.0
64,11484094,11484913,False,2,1,lot,0,+100sqft,0.28,0.2823
64,11484094,11484913,False,2,1,lot,1,+200sqft,0.28,0.2846
64,11484094,11484913,False,2,1,lot,2,+300sqft,0.28,0.2869
64,11484094,11484913,False,2,1,lot,3,+400sqft,0.28,0.2892
64,11484094,11484913,False,2,1,lot,4,+500sqft,0.28,0.2915
64,11484094,11484913,False,2,1,lot,5,+600sqft,0.28,0.2938
64,11484094,11484913,False,2,1,lot,6,+700sqft,0.28,0.2961
64,11484094,11484913,False,2,1,lot,7,+800sqft,0.28,0.2984
64,11484094,11484913,False,2,1,lot,8,+900sqft,0.28,0.3007
64,11484094,11484913,False,2,1,lot,9,+1000sqft,0.28,0.303
64,11484094,11484913,False,2,1,lot,10,+1100sqft,0.28,0.3053
64,11484094,11484913,False,2,1,lot,11,+1200sqft,0.28,0.3075
64,11484094,11484913,False,2,1,lot,12,+1300sqft,0.28,0.3098
64,11484094,11484913,False,2,1,lot,13,+1400sqft,0.28,0.3121
64,11484094,11484913,False,2,1,lot,14,+1500sqft,0.28,0.3144
64,11484094,11484913,False,2,1,lot,15,+1600sqft,0.28,0.3167
64,11484094,11484913,False,2,1,lot,16,+1700sqft,0.28,0.319
64,11484094,11484913,False,2,1,lot,17,+1800sqft,0.28,0.3213
64,11484094,11484913,False,2,1,lot,18,+1900sqft,0.28,0.3236
64,11484094,11484913,False,2,1,lot,19,+2000sqft,0.28,0.3259
64,11484094,11484913,False,2,1,lot,20,+2100sqft,0.28,0.3282
64,11484094,11484913,False,2,1,lot,21,+2200sqft,0.28,0.3305
64,11484094,11484913,False,2,1,lot,22,+2300sqft,0.28,0.3328
64,11484094,11484913,False,2,1,lot,23,+2400sqft,0.28,0.3351
64,11484094,11484913,False,2,1,lot,24,+2500sqft,0.28,0.3374
64,11484094,11484913,False,2,1,lot,25,+2600sqft,0.28,0.3397
64,11484094,11484913,False,2,1,lot,26,+2700sqft,0.28,0.342
64,11484094,11484913,False,2,1,lot,27,+2800sqft,0.28,0.3443
64,11484094,11484913,False,2,1,lot,28,+2900sqft,0.28,0.3466
64,11484094,11484913,False,2,1,lot,29,+3000sqft,0.28,0.3489
64,11484094,11484913,False,2,1,lot,30,+3100sqft,0.28,0.3512
64,11484094,11484913,False,2,1,lot,31,+3200sqft,0.28,0.3535
64,11484094,11484913,False,2,1,lot,32,+3300sqft,0.28,0.3558
64,11484094,11484913,False,2,1,lot,33,+3400sqft,0.28,0.3581
64,11484094,11484913,False,2,1,lot,34,+3500sqft,0.28,0.3603
64,11484094,11484913,False,2,1,lot,35,+3600sqft,0.28,0.3626
64,11484094,11484913,False,2,1,lot,36,+3700sqft,0.28,0.3649
64,11484094,11484913,False,2,1,lot,37,+3800sqft,0.28,0.3672
64,11484094,11484913,False,2,1,lot,38,+3900sqft,0.28,0.3695
64,11484094,11484913,False,2,1,lot,39,+4000sqft,0.28,0.3718
64,11484094,11484913,False,2,1,lot,40,+4100sqft,0.28,0.3741
64,11484094,11484913,False,2,1,lot,41,+4200sqft,0.28,0.3764
64,11484094,11484913,False,2,1,lot,42,+4300sqft,0.28,0.3787
64,11484094,11484913,False,2,1,lot,43,+4400sqft,0.28,0.381
64,11484094,11484913,False,2,1,lot,44,+4500sqft,0.28,0.3833
64,11484094,11484913,False,2,1,lot,45,+4600sqft,0.28,0.3856
64,11484094,11484913,False,2,1,lot,46,+4700sqft,0.28,0.3879
64,11484094,11484913,False,2,1,lot,47,+4800sqft,0.28,0.3902
64,11484094,11484913,False,2,1,lot,48,+4900sqft,0.28,0.3925
64,11484094,11484913,False,2,1,lot,49,+5000sqft,0.28,0.3948
65,59157878,59158157,False,2,1,bedrooms,0,+1,5.0,6.0
65,59157878,59158157,False,2,1,bedrooms,1,+2,5.0,7.0
65,59157878,59158157,False,2,1,bedrooms,2,+3,5.0,8.0
65,59157878,59158157,False,2,1,bedrooms,3,+4,5.0,9.0
65,59157878,59158157,False,2,1,bedrooms,4,+5,5.0,10.0
65,59157878,59158157,False,2,1,bathrooms,0,+1,2.0,3.0
65,59157878,59158157,False,2,1,bathrooms,1,+2,2.0,4.0
65,59157878,59158157,False,2,1,bathrooms,2,+3,2.0,5.0
65,59157878,59158157,False,2,1,bathrooms,3,+4,2.0,6.0
65,59157878,59158157,False,2,1,bathrooms,4,+5,2.0,7.0
65,59157878,59158157,False,2,1,bathrooms,5,+6,2.0,8.0
65,59157878,59158157,False,2,1,bathrooms,6,+7,2.0,9.0
65,59157878,59158157,False,2,1,bathrooms,7,+8,2.0,10.0
65,59157878,59158157,False,2,1,yearBuilt,0,+2yr,1900.0,1902.0
65,59157878,59158157,False,2,1,yearBuilt,1,+4yr,1900.0,1904.0
65,59157878,59158157,False,2,1,yearBuilt,2,+6yr,1900.0,1906.0
65,59157878,59158157,False,2,1,yearBuilt,3,+8yr,1900.0,1908.0
65,59157878,59158157,False,2,1,yearBuilt,4,+10yr,1900.0,1910.0
65,59157878,59158157,False,2,1,yearBuilt,5,+12yr,1900.0,1912.0
65,59157878,59158157,False,2,1,yearBuilt,6,+14yr,1900.0,1914.0
65,59157878,59158157,False,2,1,yearBuilt,7,+16yr,1900.0,1916.0
65,59157878,59158157,False,2,1,yearBuilt,8,+18yr,1900.0,1918.0
65,59157878,59158157,False,2,1,yearBuilt,9,+20yr,1900.0,1920.0
65,59157878,59158157,False,2,1,yearBuilt,10,+22yr,1900.0,1922.0
65,59157878,59158157,False,2,1,yearBuilt,11,+24yr,1900.0,1924.0
65,59157878,59158157,False,2,1,yearBuilt,12,+26yr,1900.0,1926.0
65,59157878,59158157,False,2,1,yearBuilt,13,+28yr,1900.0,1928.0
65,59157878,59158157,False,2,1,yearBuilt,14,+30yr,1900.0,1930.0
65,59157878,59158157,False,2,1,yearBuilt,15,+32yr,1900.0,1932.0
65,59157878,59158157,False,2,1,yearBuilt,16,+34yr,1900.0,1934.0
65,59157878,59158157,False,2,1,yearBuilt,17,+36yr,1900.0,1936.0
65,59157878,59158157,False,2,1,yearBuilt,18,+38yr,1900.0,1938.0
65,59157878,59158157,False,2,1,yearBuilt,19,+40yr,1900.0,1940.0
65,59157878,59158157,False,2,1,yearBuilt,20,+42yr,1900.0,1942.0
65,59157878,59158157,False,2,1,yearBuilt,21,+44yr,1900.0,1944.0
65,59157878,59158157,False,2,1,yearBuilt,22,+46yr,1900.0,1946.0
65,59157878,59158157,False,2,1,yearBuilt,23,+48yr,1900.0,1948.0
65,59157878,59158157,False,2,1,yearBuilt,24,+50yr,1900.0,1950.0
65,59157878,59158157,False,2,1,yearBuilt,25,+52yr,1900.0,1952.0
65,59157878,59158157,False,2,1,yearBuilt,26,+54yr,1900.0,1954.0
65,59157878,59158157,False,2,1,yearBuilt,27,+56yr,1900.0,1956.0
65,59157878,59158157,False,2,1,yearBuilt,28,+58yr,1900.0,1958.0
65,59157878,59158157,False,2,1,yearBuilt,29,+60yr,1900.0,1960.0
65,59157878,59158157,False,2,1,yearBuilt,30,+62yr,1900.0,1962.0
65,59157878,59158157,False,2,1,yearBuilt,31,+64yr,1900.0,1964.0
65,59157878,59158157,False,2,1,yearBuilt,32,+66yr,1900.0,1966.0
65,59157878,59158157,False,2,1,yearBuilt,33,+68yr,1900.0,1968.0
65,59157878,59158157,False,2,1,yearBuilt,34,+70yr,1900.0,1970.0
65,59157878,59158157,False,2,1,yearBuilt,35,+72yr,1900.0,1972.0
65,59157878,59158157,False,2,1,yearBuilt,36,+74yr,1900.0,1974.0
65,59157878,59158157,False,2,1,yearBuilt,37,+76yr,1900.0,1976.0
65,59157878,59158157,False,2,1,yearBuilt,38,+78yr,1900.0,1978.0
65,59157878,59158157,False,2,1,yearBuilt,39,+80yr,1900.0,1980.0
65,59157878,59158157,False,2,1,yearBuilt,40,+82yr,1900.0,1982.0
65,59157878,59158157,False,2,1,yearBuilt,41,+84yr,1900.0,1984.0
65,59157878,59158157,False,2,1,yearBuilt,42,+86yr,1900.0,1986.0
65,59157878,59158157,False,2,1,yearBuilt,43,+88yr,1900.0,1988.0
65,59157878,59158157,False,2,1,yearBuilt,44,+90yr,1900.0,1990.0
65,59157878,59158157,False,2,1,yearBuilt,45,+92yr,1900.0,1992.0
65,59157878,59158157,False,2,1,yearBuilt,46,+94yr,1900.0,1994.0
65,59157878,59158157,False,2,1,lot,0,+100sqft,6534.0,6634.0
65,59157878,59158157,False,2,1,lot,1,+200sqft,6534.0,6734.0
65,59157878,59158157,False,2,1,lot,2,+300sqft,6534.0,6834.0
65,59157878,59158157,False,2,1,lot,3,+400sqft,6534.0,6934.0
65,59157878,59158157,False,2,1,lot,4,+500sqft,6534.0,7034.0
65,59157878,59158157,False,2,1,lot,5,+600sqft,6534.0,7134.0
65,59157878,59158157,False,2,1,lot,6,+700sqft,6534.0,7234.0
65,59157878,59158157,False,2,1,lot,7,+800sqft,6534.0,7334.0
65,59157878,59158157,False,2,1,lot,8,+900sqft,6534.0,7434.0
65,59157878,59158157,False,2,1,lot,9,+1000sqft,6534.0,7534.0
65,59157878,59158157,False,2,1,lot,10,+1100sqft,6534.0,7634.0
65,59157878,59158157,False,2,1,lot,11,+1200sqft,6534.0,7734.0
65,59157878,59158157,False,2,1,lot,12,+1300sqft,6534.0,7834.0
65,59157878,59158157,False,2,1,lot,13,+1400sqft,6534.0,7934.0
65,59157878,59158157,False,2,1,lot,14,+1500sqft,6534.0,8034.0
65,59157878,59158157,False,2,1,lot,15,+1600sqft,6534.0,8134.0
65,59157878,59158157,False,2,1,lot,16,+1700sqft,6534.0,8234.0
65,59157878,59158157,False,2,1,lot,17,+1800sqft,6534.0,8334.0
65,59157878,59158157,False,2,1,lot,18,+1900sqft,6534.0,8434.0
65,59157878,59158157,False,2,1,lot,19,+2000sqft,6534.0,8534.0
65,59157878,59158157,False,2,1,lot,20,+2100sqft,6534.0,8634.0
65,59157878,59158157,False,2,1,lot,21,+2200sqft,6534.0,8734.0
65,59157878,59158157,False,2,1,lot,22,+2300sqft,6534.0,8834.0
65,59157878,59158157,False,2,1,lot,23,+2400sqft,6534.0,8934.0
65,59157878,59158157,False,2,1,lot,24,+2500sqft,6534.0,9034.0
65,59157878,59158157,False,2,1,lot,25,+2600sqft,6534.0,9134.0
65,59157878,59158157,False,2,1,lot,26,+2700sqft,6534.0,9234.0
65,59157878,59158157,False,2,1,lot,27,+2800sqft,6534.0,9334.0
65,59157878,59158157,False,2,1,lot,28,+2900sqft,6534.0,9434.0
65,59157878,59158157,False,2,1,lot,29,+3000sqft,6534.0,9534.0
65,59157878,59158157,False,2,1,lot,30,+3100sqft,6534.0,9634.0
65,59157878,59158157,False,2,1,lot,31,+3200sqft,6534.0,9734.0
65,59157878,59158157,False,2,1,lot,32,+3300sqft,6534.0,9834.0
65,59157878,59158157,False,2,1,lot,33,+3400sqft,6534.0,9934.0
65,59157878,59158157,False,2,1,lot,34,+3500sqft,6534.0,10034.0
65,59157878,59158157,False,2,1,lot,35,+3600sqft,6534.0,10134.0
65,59157878,59158157,False,2,1,lot,36,+3700sqft,6534.0,10234.0
65,59157878,59158157,False,2,1,lot,37,+3800sqft,6534.0,10334.0
65,59157878,59158157,False,2,1,lot,38,+3900sqft,6534.0,10434.0
65,59157878,59158157,False,2,1,lot,39,+4000sqft,6534.0,10534.0
65,59157878,59158157,False,2,1,lot,40,+4100sqft,6534.0,10634.0
65,59157878,59158157,False,2,1,lot,41,+4200sqft,6534.0,10734.0
65,59157878,59158157,False,2,1,lot,42,+4300sqft,6534.0,10834.0
65,59157878,59158157,False,2,1,lot,43,+4400sqft,6534.0,10934.0
65,59157878,59158157,False,2,1,lot,44,+4500sqft,6534.0,11034.0
65,59157878,59158157,False,2,1,lot,45,+4600sqft,6534.0,11134.0
65,59157878,59158157,False,2,1,lot,46,+4700sqft,6534.0,11234.0
65,59157878,59158157,False,2,1,lot,47,+4800sqft,6534.0,11334.0
65,59157878,59158157,False,2,1,lot,48,+4900sqft,6534.0,11434.0
65,59157878,59158157,False,2,1,lot,49,+5000sqft,6534.0,11534.0
66,11416268,11493532,True,1,2,bedrooms,0,+1,3.0,4.0
66,11416268,11493532,True,1,2,bedrooms,1,+2,3.0,5.0
66,11416268,11493532,True,1,2,bedrooms,2,+3,3.0,6.0
66,11416268,11493532,True,1,2,bedrooms,3,+4,3.0,7.0
66,11416268,11493532,True,1,2,bedrooms,4,+5,3.0,8.0
66,11416268,11493532,True,1,2,bedrooms,5,+6,3.0,9.0
66,11416268,11493532,True,1,2,bedrooms,6,+7,3.0,10.0
66,11416268,11493532,True,1,2,bathrooms,0,+1,1.0,2.0
66,11416268,11493532,True,1,2,bathrooms,1,+2,1.0,3.0
66,11416268,11493532,True,1,2,bathrooms,2,+3,1.0,4.0
66,11416268,11493532,True,1,2,bathrooms,3,+4,1.0,5.0
66,11416268,11493532,True,1,2,bathrooms,4,+5,1.0,6.0
66,11416268,11493532,True,1,2,bathrooms,5,+6,1.0,7.0
66,11416268,11493532,True,1,2,bathrooms,6,+7,1.0,8.0
66,11416268,11493532,True,1,2,bathrooms,7,+8,1.0,9.0
66,11416268,11493532,True,1,2,bathrooms,8,+9,1.0,10.0
66,11416268,11493532,True,1,2,yearBuilt,0,+2yr,1950.0,1952.0
66,11416268,11493532,True,1,2,yearBuilt,1,+4yr,1950.0,1954.0
66,11416268,11493532,True,1,2,yearBuilt,2,+6yr,1950.0,1956.0
66,11416268,11493532,True,1,2,yearBuilt,3,+8yr,1950.0,1958.0
66,11416268,11493532,True,1,2,yearBuilt,4,+10yr,1950.0,1960.0
66,11416268,11493532,True,1,2,yearBuilt,5,+12yr,1950.0,1962.0
66,11416268,11493532,True,1,2,yearBuilt,6,+14yr,1950.0,1964.0
66,11416268,11493532,True,1,2,yearBuilt,7,+16yr,1950.0,1966.0
66,11416268,11493532,True,1,2,yearBuilt,8,+18yr,1950.0,1968.0
66,11416268,11493532,True,1,2,yearBuilt,9,+20yr,1950.0,1970.0
66,11416268,11493532,True,1,2,yearBuilt,10,+22yr,1950.0,1972.0
66,11416268,11493532,True,1,2,yearBuilt,11,+24yr,1950.0,1974.0
66,11416268,11493532,True,1,2,yearBuilt,12,+26yr,1950.0,1976.0
66,11416268,11493532,True,1,2,yearBuilt,13,+28yr,1950.0,1978.0
66,11416268,11493532,True,1,2,yearBuilt,14,+30yr,1950.0,1980.0
66,11416268,11493532,True,1,2,yearBuilt,15,+32yr,1950.0,1982.0
66,11416268,11493532,True,1,2,yearBuilt,16,+34yr,1950.0,1984.0
66,11416268,11493532,True,1,2,yearBuilt,17,+36yr,1950.0,1986.0
66,11416268,11493532,True,1,2,yearBuilt,18,+38yr,1950.0,1988.0
66,11416268,11493532,True,1,2,yearBuilt,19,+40yr,1950.0,1990.0
66,11416268,11493532,True,1,2,yearBuilt,20,+42yr,1950.0,1992.0
66,11416268,11493532,True,1,2,yearBuilt,21,+44yr,1950.0,1994.0
66,11416268,11493532,True,1,2,yearBuilt,22,+46yr,1950.0,1996.0
66,11416268,11493532,True,1,2,yearBuilt,23,+48yr,1950.0,1998.0
66,11416268,11493532,True,1,2,yearBuilt,24,+50yr,1950.0,2000.0
66,11416268,11493532,True,1,2,yearBuilt,25,+52yr,1950.0,2002.0
66,11416268,11493532,True,1,2,yearBuilt,26,+54yr,1950.0,2004.0
66,11416268,11493532,True,1,2,yearBuilt,27,+56yr,1950.0,2006.0
66,11416268,11493532,True,1,2,yearBuilt,28,+58yr,1950.0,2008.0
66,11416268,11493532,True,1,2,yearBuilt,29,+60yr,1950.0,2010.0
66,11416268,11493532,True,1,2,yearBuilt,30,+62yr,1950.0,2012.0
66,11416268,11493532,True,1,2,yearBuilt,31,+64yr,1950.0,2014.0
66,11416268,11493532,True,1,2,yearBuilt,32,+66yr,1950.0,2016.0
66,11416268,11493532,True,1,2,yearBuilt,33,+68yr,1950.0,2018.0
66,11416268,11493532,True,1,2,yearBuilt,34,+70yr,1950.0,2020.0
66,11416268,11493532,True,1,2,yearBuilt,35,+72yr,1950.0,2022.0
66,11416268,11493532,True,1,2,yearBuilt,36,+74yr,1950.0,2024.0
66,11416268,11493532,True,1,2,lot,0,+100sqft,8086.0,8186.0
66,11416268,11493532,True,1,2,lot,1,+200sqft,8086.0,8286.0
66,11416268,11493532,True,1,2,lot,2,+300sqft,8086.0,8386.0
66,11416268,11493532,True,1,2,lot,3,+400sqft,8086.0,8486.0
66,11416268,11493532,True,1,2,lot,4,+500sqft,8086.0,8586.0
66,11416268,11493532,True,1,2,lot,5,+600sqft,8086.0,8686.0
66,11416268,11493532,True,1,2,lot,6,+700sqft,8086.0,8786.0
66,11416268,11493532,True,1,2,lot,7,+800sqft,8086.0,8886.0
66,11416268,11493532,True,1,2,lot,8,+900sqft,8086.0,8986.0
66,11416268,11493532,True,1,2,lot,9,+1000sqft,8086.0,9086.0
66,11416268,11493532,True,1,2,lot,10,+1100sqft,8086.0,9186.0
66,11416268,11493532,True,1,2,lot,11,+1200sqft,8086.0,9286.0
66,11416268,11493532,True,1,2,lot,12,+1300sqft,8086.0,9386.0
66,11416268,11493532,True,1,2,lot,13,+1400sqft,8086.0,9486.0
66,11416268,11493532,True,1,2,lot,14,+1500sqft,8086.0,9586.0
66,11416268,11493532,True,1,2,lot,15,+1600sqft,8086.0,9686.0
66,11416268,11493532,True,1,2,lot,16,+1700sqft,8086.0,9786.0
66,11416268,11493532,True,1,2,lot,17,+1800sqft,8086.0,9886.0
66,11416268,11493532,True,1,2,lot,18,+1900sqft,8086.0,9986.0
66,11416268,11493532,True,1,2,lot,19,+2000sqft,8086.0,10086.0
66,11416268,11493532,True,1,2,lot,20,+2100sqft,8086.0,10186.0
66,11416268,11493532,True,1,2,lot,21,+2200sqft,8086.0,10286.0
66,11416268,11493532,True,1,2,lot,22,+2300sqft,8086.0,10386.0
66,11416268,11493532,True,1,2,lot,23,+2400sqft,8086.0,10486.0
66,11416268,11493532,True,1,2,lot,24,+2500sqft,8086.0,10586.0
66,11416268,11493532,True,1,2,lot,25,+2600sqft,8086.0,10686.0
66,11416268,11493532,True,1,2,lot,26,+2700sqft,8086.0,10786.0
66,11416268,11493532,True,1,2,lot,27,+2800sqft,8086.0,10886.0
66,11416268,11493532,True,1,2,lot,28,+2900sqft,8086.0,10986.0
66,11416268,11493532,True,1,2,lot,29,+3000sqft,8086.0,11086.0
66,11416268,11493532,True,1,2,lot,30,+3100sqft,8086.0,11186.0
66,11416268,11493532,True,1,2,lot,31,+3200sqft,8086.0,11286.0
66,11416268,11493532,True,1,2,lot,32,+3300sqft,8086.0,11386.0
66,11416268,11493532,True,1,2,lot,33,+3400sqft,8086.0,11486.0
66,11416268,11493532,True,1,2,lot,34,+3500sqft,8086.0,11586.0
66,11416268,11493532,True,1,2,lot,35,+3600sqft,8086.0,11686.0
66,11416268,11493532,True,1,2,lot,36,+3700sqft,8086.0,11786.0
66,11416268,11493532,True,1,2,lot,37,+3800sqft,8086.0,11886.0
66,11416268,11493532,True,1,2,lot,38,+3900sqft,8086.0,11986.0
66,11416268,11493532,True,1,2,lot,39,+4000sqft,8086.0,12086.0
66,11416268,11493532,True,1,2,lot,40,+4100sqft,8086.0,12186.0
66,11416268,11493532,True,1,2,lot,41,+4200sqft,8086.0,12286.0
66,11416268,11493532,True,1,2,lot,42,+4300sqft,8086.0,12386.0
66,11416268,11493532,True,1,2,lot,43,+4400sqft,8086.0,12486.0
66,11416268,11493532,True,1,2,lot,44,+4500sqft,8086.0,12586.0
66,11416268,11493532,True,1,2,lot,45,+4600sqft,8086.0,12686.0
66,11416268,11493532,True,1,2,lot,46,+4700sqft,8086.0,12786.0
66,11416268,11493532,True,1,2,lot,47,+4800sqft,8086.0,12886.0
66,11416268,11493532,True,1,2,lot,48,+4900sqft,8086.0,12986.0
66,11416268,11493532,True,1,2,lot,49,+5000sqft,8086.0,13086.0
67,11302826,11645656,False,1,2,bedrooms,0,+1,3.0,4.0
67,11302826,11645656,False,1,2,bedrooms,1,+2,3.0,5.0
67,11302826,11645656,False,1,2,bedrooms,2,+3,3.0,6.0
67,11302826,11645656,False,1,2,bedrooms,3,+4,3.0,7.0
67,11302826,11645656,False,1,2,bedrooms,4,+5,3.0,8.0
67,11302826,11645656,False,1,2,bedrooms,5,+6,3.0,9.0
67,11302826,11645656,False,1,2,bedrooms,6,+7,3.0,10.0
67,11302826,11645656,False,1,2,bathrooms,0,+1,2.0,3.0
67,11302826,11645656,False,1,2,bathrooms,1,+2,2.0,4.0
67,11302826,11645656,False,1,2,bathrooms,2,+3,2.0,5.0
67,11302826,11645656,False,1,2,bathrooms,3,+4,2.0,6.0
67,11302826,11645656,False,1,2,bathrooms,4,+5,2.0,7.0
67,11302826,11645656,False,1,2,bathrooms,5,+6,2.0,8.0
67,11302826,11645656,False,1,2,bathrooms,6,+7,2.0,9.0
67,11302826,11645656,False,1,2,bathrooms,7,+8,2.0,10.0
67,11302826,11645656,False,1,2,yearBuilt,0,+2yr,1954.0,1956.0
67,11302826,11645656,False,1,2,yearBuilt,1,+4yr,1954.0,1958.0
67,11302826,11645656,False,1,2,yearBuilt,2,+6yr,1954.0,1960.0
67,11302826,11645656,False,1,2,yearBuilt,3,+8yr,1954.0,1962.0
67,11302826,11645656,False,1,2,yearBuilt,4,+10yr,1954.0,1964.0
67,11302826,11645656,False,1,2,yearBuilt,5,+12yr,1954.0,1966.0
67,11302826,11645656,False,1,2,yearBuilt,6,+14yr,1954.0,1968.0
67,11302826,11645656,False,1,2,yearBuilt,7,+16yr,1954.0,1970.0
67,11302826,11645656,False,1,2,yearBuilt,8,+18yr,1954.0,1972.0
67,11302826,11645656,False,1,2,yearBuilt,9,+20yr,1954.0,1974.0
67,11302826,11645656,False,1,2,yearBuilt,10,+22yr,1954.0,1976.0
67,11302826,11645656,False,1,2,yearBuilt,11,+24yr,1954.0,1978.0
67,11302826,11645656,False,1,2,yearBuilt,12,+26yr,1954.0,1980.0
67,11302826,11645656,False,1,2,yearBuilt,13,+28yr,1954.0,1982.0
67,11302826,11645656,False,1,2,yearBuilt,14,+30yr,1954.0,1984.0
67,11302826,11645656,False,1,2,yearBuilt,15,+32yr,1954.0,1986.0
67,11302826,11645656,False,1,2,yearBuilt,16,+34yr,1954.0,1988.0
67,11302826,11645656,False,1,2,yearBuilt,17,+36yr,1954.0,1990.0
67,11302826,11645656,False,1,2,yearBuilt,18,+38yr,1954.0,1992.0
67,11302826,11645656,False,1,2,yearBuilt,19,+40yr,1954.0,1994.0
67,11302826,11645656,False,1,2,yearBuilt,20,+42yr,1954.0,1996.0
67,11302826,11645656,False,1,2,yearBuilt,21,+44yr,1954.0,1998.0
67,11302826,11645656,False,1,2,yearBuilt,22,+46yr,1954.0,2000.0
67,11302826,11645656,False,1,2,yearBuilt,23,+48yr,1954.0,2002.0
67,11302826,11645656,False,1,2,yearBuilt,24,+50yr,1954.0,2004.0
67,11302826,11645656,False,1,2,yearBuilt,25,+52yr,1954.0,2006.0
67,11302826,11645656,False,1,2,yearBuilt,26,+54yr,1954.0,2008.0
67,11302826,11645656,False,1,2,yearBuilt,27,+56yr,1954.0,2010.0
67,11302826,11645656,False,1,2,yearBuilt,28,+58yr,1954.0,2012.0
67,11302826,11645656,False,1,2,yearBuilt,29,+60yr,1954.0,2014.0
67,11302826,11645656,False,1,2,yearBuilt,30,+62yr,1954.0,2016.0
67,11302826,11645656,False,1,2,yearBuilt,31,+64yr,1954.0,2018.0
67,11302826,11645656,False,1,2,yearBuilt,32,+66yr,1954.0,2020.0
67,11302826,11645656,False,1,2,yearBuilt,33,+68yr,1954.0,2022.0
67,11302826,11645656,False,1,2,yearBuilt,34,+70yr,1954.0,2024.0
67,11302826,11645656,False,1,2,lot,0,+100sqft,0.35,0.3523
67,11302826,11645656,False,1,2,lot,1,+200sqft,0.35,0.3546
67,11302826,11645656,False,1,2,lot,2,+300sqft,0.35,0.3569
67,11302826,11645656,False,1,2,lot,3,+400sqft,0.35,0.3592
67,11302826,11645656,False,1,2,lot,4,+500sqft,0.35,0.3615
67,11302826,11645656,False,1,2,lot,5,+600sqft,0.35,0.3638
67,11302826,11645656,False,1,2,lot,6,+700sqft,0.35,0.3661
67,11302826,11645656,False,1,2,lot,7,+800sqft,0.35,0.3684
67,11302826,11645656,False,1,2,lot,8,+900sqft,0.35,0.3707
67,11302826,11645656,False,1,2,lot,9,+1000sqft,0.35,0.373
67,11302826,11645656,False,1,2,lot,10,+1100sqft,0.35,0.3753
67,11302826,11645656,False,1,2,lot,11,+1200sqft,0.35,0.3775
67,11302826,11645656,False,1,2,lot,12,+1300sqft,0.35,0.3798
67,11302826,11645656,False,1,2,lot,13,+1400sqft,0.35,0.3821
67,11302826,11645656,False,1,2,lot,14,+1500sqft,0.35,0.3844
67,11302826,11645656,False,1,2,lot,15,+1600sqft,0.35,0.3867
67,11302826,11645656,False,1,2,lot,16,+1700sqft,0.35,0.389
67,11302826,11645656,False,1,2,lot,17,+1800sqft,0.35,0.3913
67,11302826,11645656,False,1,2,lot,18,+1900sqft,0.35,0.3936
67,11302826,11645656,False,1,2,lot,19,+2000sqft,0.35,0.3959
67,11302826,11645656,False,1,2,lot,20,+2100sqft,0.35,0.3982
67,11302826,11645656,False,1,2,lot,21,+2200sqft,0.35,0.4005
67,11302826,11645656,False,1,2,lot,22,+2300sqft,0.35,0.4028
67,11302826,11645656,False,1,2,lot,23,+2400sqft,0.35,0.4051
67,11302826,11645656,False,1,2,lot,24,+2500sqft,0.35,0.4074
67,11302826,11645656,False,1,2,lot,25,+2600sqft,0.35,0.4097
67,11302826,11645656,False,1,2,lot,26,+2700sqft,0.35,0.412
67,11302826,11645656,False,1,2,lot,27,+2800sqft,0.35,0.4143
67,11302826,11645656,False,1,2,lot,28,+2900sqft,0.35,0.4166
67,11302826,11645656,False,1,2,lot,29,+3000sqft,0.35,0.4189
67,11302826,11645656,False,1,2,lot,30,+3100sqft,0.35,0.4212
67,11302826,11645656,False,1,2,lot,31,+3200sqft,0.35,0.4235
67,11302826,11645656,False,1,2,lot,32,+3300sqft,0.35,0.4258
67,11302826,11645656,False,1,2,lot,33,+3400sqft,0.35,0.4281
67,11302826,11645656,False,1,2,lot,34,+3500sqft,0.35,0.4303
67,11302826,11645656,False,1,2,lot,35,+3600sqft,0.35,0.4326
67,11302826,11645656,False,1,2,lot,36,+3700sqft,0.35,0.4349
67,11302826,11645656,False,1,2,lot,37,+3800sqft,0.35,0.4372
67,11302826,11645656,False,1,2,lot,38,+3900sqft,0.35,0.4395
67,11302826,11645656,False,1,2,lot,39,+4000sqft,0.35,0.4418
67,11302826,11645656,False,1,2,lot,40,+4100sqft,0.35,0.4441
67,11302826,11645656,False,1,2,lot,41,+4200sqft,0.35,0.4464
67,11302826,11645656,False,1,2,lot,42,+4300sqft,0.35,0.4487
67,11302826,11645656,False,1,2,lot,43,+4400sqft,0.35,0.451
67,11302826,11645656,False,1,2,lot,44,+4500sqft,0.35,0.4533
67,11302826,11645656,False,1,2,lot,45,+4600sqft,0.35,0.4556
67,11302826,11645656,False,1,2,lot,46,+4700sqft,0.35,0.4579
67,11302826,11645656,False,1,2,lot,47,+4800sqft,0.35,0.4602
67,11302826,11645656,False,1,2,lot,48,+4900sqft,0.35,0.4625
67,11302826,11645656,False,1,2,lot,49,+5000sqft,0.35,0.4648
68,11562176,11650019,True,1,2,bedrooms,0,+1,5.0,6.0
68,11562176,11650019,True,1,2,bedrooms,1,+2,5.0,7.0
68,11562176,11650019,True,1,2,bedrooms,2,+3,5.0,8.0
68,11562176,11650019,True,1,2,bedrooms,3,+4,5.0,9.0
68,11562176,11650019,True,1,2,bedrooms,4,+5,5.0,10.0
68,11562176,11650019,True,1,2,bathrooms,0,+1,1.0,2.0
68,11562176,11650019,True,1,2,bathrooms,1,+2,1.0,3.0
68,11562176,11650019,True,1,2,bathrooms,2,+3,1.0,4.0
68,11562176,11650019,True,1,2,bathrooms,3,+4,1.0,5.0
68,11562176,11650019,True,1,2,bathrooms,4,+5,1.0,6.0
68,11562176,11650019,True,1,2,bathrooms,5,+6,1.0,7.0
68,11562176,11650019,True,1,2,bathrooms,6,+7,1.0,8.0
68,11562176,11650019,True,1,2,bathrooms,7,+8,1.0,9.0
68,11562176,11650019,True,1,2,bathrooms,8,+9,1.0,10.0
68,11562176,11650019,True,1,2,yearBuilt,0,+2yr,1926.0,1928.0
68,11562176,11650019,True,1,2,yearBuilt,1,+4yr,1926.0,1930.0
68,11562176,11650019,True,1,2,yearBuilt,2,+6yr,1926.0,1932.0
68,11562176,11650019,True,1,2,yearBuilt,3,+8yr,1926.0,1934.0
68,11562176,11650019,True,1,2,yearBuilt,4,+10yr,1926.0,1936.0
68,11562176,11650019,True,1,2,yearBuilt,5,+12yr,1926.0,1938.0
68,11562176,11650019,True,1,2,yearBuilt,6,+14yr,1926.0,1940.0
68,11562176,11650019,True,1,2,yearBuilt,7,+16yr,1926.0,1942.0
68,11562176,11650019,True,1,2,yearBuilt,8,+18yr,1926.0,1944.0
68,11562176,11650019,True,1,2,yearBuilt,9,+20yr,1926.0,1946.0
68,11562176,11650019,True,1,2,yearBuilt,10,+22yr,1926.0,1948.0
68,11562176,11650019,True,1,2,yearBuilt,11,+24yr,1926.0,1950.0
68,11562176,11650019,True,1,2,yearBuilt,12,+26yr,1926.0,1952.0
68,11562176,11650019,True,1,2,yearBuilt,13,+28yr,1926.0,1954.0
68,11562176,11650019,True,1,2,yearBuilt,14,+30yr,1926.0,1956.0
68,11562176,11650019,True,1,2,yearBuilt,15,+32yr,1926.0,1958.0
68,11562176,11650019,True,1,2,yearBuilt,16,+34yr,1926.0,1960.0
68,11562176,11650019,True,1,2,yearBuilt,17,+36yr,1926.0,1962.0
68,11562176,11650019,True,1,2,yearBuilt,18,+38yr,1926.0,1964.0
68,11562176,11650019,True,1,2,yearBuilt,19,+40yr,1926.0,1966.0
68,11562176,11650019,True,1,2,yearBuilt,20,+42yr,1926.0,1968.0
68,11562176,11650019,True,1,2,yearBuilt,21,+44yr,1926.0,1970.0
68,11562176,11650019,True,1,2,yearBuilt,22,+46yr,1926.0,1972.0
68,11562176,11650019,True,1,2,yearBuilt,23,+48yr,1926.0,1974.0
68,11562176,11650019,True,1,2,yearBuilt,24,+50yr,1926.0,1976.0
68,11562176,11650019,True,1,2,yearBuilt,25,+52yr,1926.0,1978.0
68,11562176,11650019,True,1,2,yearBuilt,26,+54yr,1926.0,1980.0
68,11562176,11650019,True,1,2,yearBuilt,27,+56yr,1926.0,1982.0
68,11562176,11650019,True,1,2,yearBuilt,28,+58yr,1926.0,1984.0
68,11562176,11650019,True,1,2,yearBuilt,29,+60yr,1926.0,1986.0
68,11562176,11650019,True,1,2,yearBuilt,30,+62yr,1926.0,1988.0
68,11562176,11650019,True,1,2,yearBuilt,31,+64yr,1926.0,1990.0
68,11562176,11650019,True,1,2,yearBuilt,32,+66yr,1926.0,1992.0
68,11562176,11650019,True,1,2,yearBuilt,33,+68yr,1926.0,1994.0
68,11562176,11650019,True,1,2,yearBuilt,34,+70yr,1926.0,1996.0
68,11562176,11650019,True,1,2,yearBuilt,35,+72yr,1926.0,1998.0
68,11562176,11650019,True,1,2,yearBuilt,36,+74yr,1926.0,2000.0
68,11562176,11650019,True,1,2,yearBuilt,37,+76yr,1926.0,2002.0
68,11562176,11650019,True,1,2,yearBuilt,38,+78yr,1926.0,2004.0
68,11562176,11650019,True,1,2,yearBuilt,39,+80yr,1926.0,2006.0
68,11562176,11650019,True,1,2,yearBuilt,40,+82yr,1926.0,2008.0
68,11562176,11650019,True,1,2,yearBuilt,41,+84yr,1926.0,2010.0
68,11562176,11650019,True,1,2,yearBuilt,42,+86yr,1926.0,2012.0
68,11562176,11650019,True,1,2,yearBuilt,43,+88yr,1926.0,2014.0
68,11562176,11650019,True,1,2,yearBuilt,44,+90yr,1926.0,2016.0
68,11562176,11650019,True,1,2,yearBuilt,45,+92yr,1926.0,2018.0
68,11562176,11650019,True,1,2,yearBuilt,46,+94yr,1926.0,2020.0
68,11562176,11650019,True,1,2,lot,0,+100sqft,5401.0,5501.0
68,11562176,11650019,True,1,2,lot,1,+200sqft,5401.0,5601.0
68,11562176,11650019,True,1,2,lot,2,+300sqft,5401.0,5701.0
68,11562176,11650019,True,1,2,lot,3,+400sqft,5401.0,5801.0
68,11562176,11650019,True,1,2,lot,4,+500sqft,5401.0,5901.0
68,11562176,11650019,True,1,2,lot,5,+600sqft,5401.0,6001.0
68,11562176,11650019,True,1,2,lot,6,+700sqft,5401.0,6101.0
68,11562176,11650019,True,1,2,lot,7,+800sqft,5401.0,6201.0
68,11562176,11650019,True,1,2,lot,8,+900sqft,5401.0,6301.0
68,11562176,11650019,True,1,2,lot,9,+1000sqft,5401.0,6401.0
68,11562176,11650019,True,1,2,lot,10,+1100sqft,5401.0,6501.0
68,11562176,11650019,True,1,2,lot,11,+1200sqft,5401.0,6601.0
68,11562176,11650019,True,1,2,lot,12,+1300sqft,5401.0,6701.0
68,11562176,11650019,True,1,2,lot,13,+1400sqft,5401.0,6801.0
68,11562176,11650019,True,1,2,lot,14,+1500sqft,5401.0,6901.0
68,11562176,11650019,True,1,2,lot,15,+1600sqft,5401.0,7001.0
68,11562176,11650019,True,1,2,lot,16,+1700sqft,5401.0,7101.0
68,11562176,11650019,True,1,2,lot,17,+1800sqft,5401.0,7201.0
68,11562176,11650019,True,1,2,lot,18,+1900sqft,5401.0,7301.0
68,11562176,11650019,True,1,2,lot,19,+2000sqft,5401.0,7401.0
68,11562176,11650019,True,1,2,lot,20,+2100sqft,5401.0,7501.0
68,11562176,11650019,True,1,2,lot,21,+2200sqft,5401.0,7601.0
68,11562176,11650019,True,1,2,lot,22,+2300sqft,5401.0,7701.0
68,11562176,11650019,True,1,2,lot,23,+2400sqft,5401.0,7801.0
68,11562176,11650019,True,1,2,lot,24,+2500sqft,5401.0,7901.0
68,11562176,11650019,True,1,2,lot,25,+2600sqft,5401.0,8001.0
68,11562176,11650019,True,1,2,lot,26,+2700sqft,5401.0,8101.0
68,11562176,11650019,True,1,2,lot,27,+2800sqft,5401.0,8201.0
68,11562176,11650019,True,1,2,lot,28,+2900sqft,5401.0,8301.0
68,11562176,11650019,True,1,2,lot,29,+3000sqft,5401.0,8401.0
68,11562176,11650019,True,1,2,lot,30,+3100sqft,5401.0,8501.0
68,11562176,11650019,True,1,2,lot,31,+3200sqft,5401.0,8601.0
68,11562176,11650019,True,1,2,lot,32,+3300sqft,5401.0,8701.0
68,11562176,11650019,True,1,2,lot,33,+3400sqft,5401.0,8801.0
68,11562176,11650019,True,1,2,lot,34,+3500sqft,5401.0,8901.0
68,11562176,11650019,True,1,2,lot,35,+3600sqft,5401.0,9001.0
68,11562176,11650019,True,1,2,lot,36,+3700sqft,5401.0,9101.0
68,11562176,11650019,True,1,2,lot,37,+3800sqft,5401.0,9201.0
68,11562176,11650019,True,1,2,lot,38,+3900sqft,5401.0,9301.0
68,11562176,11650019,True,1,2,lot,39,+4000sqft,5401.0,9401.0
68,11562176,11650019,True,1,2,lot,40,+4100sqft,5401.0,9501.0
68,11562176,11650019,True,1,2,lot,41,+4200sqft,5401.0,9601.0
68,11562176,11650019,True,1,2,lot,42,+4300sqft,5401.0,9701.0
68,11562176,11650019,True,1,2,lot,43,+4400sqft,5401.0,9801.0
68,11562176,11650019,True,1,2,lot,44,+4500sqft,5401.0,9901.0
68,11562176,11650019,True,1,2,lot,45,+4600sqft,5401.0,10001.0
68,11562176,11650019,True,1,2,lot,46,+4700sqft,5401.0,10101.0
68,11562176,11650019,True,1,2,lot,47,+4800sqft,5401.0,10201.0
68,11562176,11650019,True,1,2,lot,48,+4900sqft,5401.0,10301.0
68,11562176,11650019,True,1,2,lot,49,+5000sqft,5401.0,10401.0
69,11487477,87992919,False,1,2,bedrooms,0,+1,2.0,3.0
69,11487477,87992919,False,1,2,bedrooms,1,+2,2.0,4.0
69,11487477,87992919,False,1,2,bedrooms,2,+3,2.0,5.0
69,11487477,87992919,False,1,2,bedrooms,3,+4,2.0,6.0
69,11487477,87992919,False,1,2,bedrooms,4,+5,2.0,7.0
69,11487477,87992919,False,1,2,bedrooms,5,+6,2.0,8.0
69,11487477,87992919,False,1,2,bedrooms,6,+7,2.0,9.0
69,11487477,87992919,False,1,2,bedrooms,7,+8,2.0,10.0
69,11487477,87992919,False,1,2,bathrooms,0,+1,3.0,4.0
69,11487477,87992919,False,1,2,bathrooms,1,+2,3.0,5.0
69,11487477,87992919,False,1,2,bathrooms,2,+3,3.0,6.0
69,11487477,87992919,False,1,2,bathrooms,3,+4,3.0,7.0
69,11487477,87992919,False,1,2,bathrooms,4,+5,3.0,8.0
69,11487477,87992919,False,1,2,bathrooms,5,+6,3.0,9.0
69,11487477,87992919,False,1,2,bathrooms,6,+7,3.0,10.0
69,11487477,87992919,False,1,2,yearBuilt,0,+2yr,2006.0,2008.0
69,11487477,87992919,False,1,2,yearBuilt,1,+4yr,2006.0,2010.0
69,11487477,87992919,False,1,2,yearBuilt,2,+6yr,2006.0,2012.0
69,11487477,87992919,False,1,2,yearBuilt,3,+8yr,2006.0,2014.0
69,11487477,87992919,False,1,2,yearBuilt,4,+10yr,2006.0,2016.0
69,11487477,87992919,False,1,2,yearBuilt,5,+12yr,2006.0,2018.0
69,11487477,87992919,False,1,2,yearBuilt,6,+14yr,2006.0,2020.0
69,11487477,87992919,False,1,2,yearBuilt,7,+16yr,2006.0,2022.0
69,11487477,87992919,False,1,2,yearBuilt,8,+18yr,2006.0,2024.0
69,11487477,87992919,False,1,2,lot,0,+100sqft,1158.0,1258.0
69,11487477,87992919,False,1,2,lot,1,+200sqft,1158.0,1358.0
69,11487477,87992919,False,1,2,lot,2,+300sqft,1158.0,1458.0
69,11487477,87992919,False,1,2,lot,3,+400sqft,1158.0,1558.0
69,11487477,87992919,False,1,2,lot,4,+500sqft,1158.0,1658.0
69,11487477,87992919,False,1,2,lot,5,+600sqft,1158.0,1758.0
69,11487477,87992919,False,1,2,lot,6,+700sqft,1158.0,1858.0
69,11487477,87992919,False,1,2,lot,7,+800sqft,1158.0,1958.0
69,11487477,87992919,False,1,2,lot,8,+900sqft,1158.0,2058.0
69,11487477,87992919,False,1,2,lot,9,+1000sqft,1158.0,2158.0
69,11487477,87992919,False,1,2,lot,10,+1100sqft,1158.0,2258.0
69,11487477,87992919,False,1,2,lot,11,+1200sqft,1158.0,2358.0
69,11487477,87992919,False,1,2,lot,12,+1300sqft,1158.0,2458.0
69,11487477,87992919,False,1,2,lot,13,+1400sqft,1158.0,2558.0
69,11487477,87992919,False,1,2,lot,14,+1500sqft,1158.0,2658.0
69,11487477,87992919,False,1,2,lot,15,+1600sqft,1158.0,2758.0
69,11487477,87992919,False,1,2,lot,16,+1700sqft,1158.0,2858.0
69,11487477,87992919,False,1,2,lot,17,+1800sqft,1158.0,2958.0
69,11487477,87992919,False,1,2,lot,18,+1900sqft,1158.0,3058.0
69,11487477,87992919,False,1,2,lot,19,+2000sqft,1158.0,3158.0
69,11487477,87992919,False,1,2,lot,20,+2100sqft,1158.0,3258.0
69,11487477,87992919,False,1,2,lot,21,+2200sqft,1158.0,3358.0
69,11487477,87992919,False,1,2,lot,22,+2300sqft,1158.0,3458.0
69,11487477,87992919,False,1,2,lot,23,+2400sqft,1158.0,3558.0
69,11487477,87992919,False,1,2,lot,24,+2500sqft,1158.0,3658.0
69,11487477,87992919,False,1,2,lot,25,+2600sqft,1158.0,3758.0
69,11487477,87992919,False,1,2,lot,26,+2700sqft,1158.0,3858.0
69,11487477,87992919,False,1,2,lot,27,+2800sqft,1158.0,3958.0
69,11487477,87992919,False,1,2,lot,28,+2900sqft,1158.0,4058.0
69,11487477,87992919,False,1,2,lot,29,+3000sqft,1158.0,4158.0
69,11487477,87992919,False,1,2,lot,30,+3100sqft,1158.0,4258.0
69,11487477,87992919,False,1,2,lot,31,+3200sqft,1158.0,4358.0
69,11487477,87992919,False,1,2,lot,32,+3300sqft,1158.0,4458.0
69,11487477,87992919,False,1,2,lot,33,+3400sqft,1158.0,4558.0
69,11487477,87992919,False,1,2,lot,34,+3500sqft,1158.0,4658.0
69,11487477,87992919,False,1,2,lot,35,+3600sqft,1158.0,4758.0
69,11487477,87992919,False,1,2,lot,36,+3700sqft,1158.0,4858.0
69,11487477,87992919,False,1,2,lot,37,+3800sqft,1158.0,4958.0
69,11487477,87992919,False,1,2,lot,38,+3900sqft,1158.0,5058.0
69,11487477,87992919,False,1,2,lot,39,+4000sqft,1158.0,5158.0
69,11487477,87992919,False,1,2,lot,40,+4100sqft,1158.0,5258.0
69,11487477,87992919,False,1,2,lot,41,+4200sqft,1158.0,5358.0
69,11487477,87992919,False,1,2,lot,42,+4300sqft,1158.0,5458.0
69,11487477,87992919,False,1,2,lot,43,+4400sqft,1158.0,5558.0
69,11487477,87992919,False,1,2,lot,44,+4500sqft,1158.0,5658.0
69,11487477,87992919,False,1,2,lot,45,+4600sqft,1158.0,5758.0
69,11487477,87992919,False,1,2,lot,46,+4700sqft,1158.0,5858.0
69,11487477,87992919,False,1,2,lot,47,+4800sqft,1158.0,5958.0
69,11487477,87992919,False,1,2,lot,48,+4900sqft,1158.0,6058.0
69,11487477,87992919,False,1,2,lot,49,+5000sqft,1158.0,6158.0
70,11359381,11360401,True,1,2,bedrooms,0,+1,3.0,4.0
70,11359381,11360401,True,1,2,bedrooms,1,+2,3.0,5.0
70,11359381,11360401,True,1,2,bedrooms,2,+3,3.0,6.0
70,11359381,11360401,True,1,2,bedrooms,3,+4,3.0,7.0
70,11359381,11360401,True,1,2,bedrooms,4,+5,3.0,8.0
70,11359381,11360401,True,1,2,bedrooms,5,+6,3.0,9.0
70,11359381,11360401,True,1,2,bedrooms,6,+7,3.0,10.0
70,11359381,11360401,True,1,2,bathrooms,0,+1,3.0,4.0
70,11359381,11360401,True,1,2,bathrooms,1,+2,3.0,5.0
70,11359381,11360401,True,1,2,bathrooms,2,+3,3.0,6.0
70,11359381,11360401,True,1,2,bathrooms,3,+4,3.0,7.0
70,11359381,11360401,True,1,2,bathrooms,4,+5,3.0,8.0
70,11359381,11360401,True,1,2,bathrooms,5,+6,3.0,9.0
70,11359381,11360401,True,1,2,bathrooms,6,+7,3.0,10.0
70,11359381,11360401,True,1,2,yearBuilt,0,+2yr,1955.0,1957.0
70,11359381,11360401,True,1,2,yearBuilt,1,+4yr,1955.0,1959.0
70,11359381,11360401,True,1,2,yearBuilt,2,+6yr,1955.0,1961.0
70,11359381,11360401,True,1,2,yearBuilt,3,+8yr,1955.0,1963.0
70,11359381,11360401,True,1,2,yearBuilt,4,+10yr,1955.0,1965.0
70,11359381,11360401,True,1,2,yearBuilt,5,+12yr,1955.0,1967.0
70,11359381,11360401,True,1,2,yearBuilt,6,+14yr,1955.0,1969.0
70,11359381,11360401,True,1,2,yearBuilt,7,+16yr,1955.0,1971.0
70,11359381,11360401,True,1,2,yearBuilt,8,+18yr,1955.0,1973.0
70,11359381,11360401,True,1,2,yearBuilt,9,+20yr,1955.0,1975.0
70,11359381,11360401,True,1,2,yearBuilt,10,+22yr,1955.0,1977.0
70,11359381,11360401,True,1,2,yearBuilt,11,+24yr,1955.0,1979.0
70,11359381,11360401,True,1,2,yearBuilt,12,+26yr,1955.0,1981.0
70,11359381,11360401,True,1,2,yearBuilt,13,+28yr,1955.0,1983.0
70,11359381,11360401,True,1,2,yearBuilt,14,+30yr,1955.0,1985.0
70,11359381,11360401,True,1,2,yearBuilt,15,+32yr,1955.0,1987.0
70,11359381,11360401,True,1,2,yearBuilt,16,+34yr,1955.0,1989.0
70,11359381,11360401,True,1,2,yearBuilt,17,+36yr,1955.0,1991.0
70,11359381,11360401,True,1,2,yearBuilt,18,+38yr,1955.0,1993.0
70,11359381,11360401,True,1,2,yearBuilt,19,+40yr,1955.0,1995.0
70,11359381,11360401,True,1,2,yearBuilt,20,+42yr,1955.0,1997.0
70,11359381,11360401,True,1,2,yearBuilt,21,+44yr,1955.0,1999.0
70,11359381,11360401,True,1,2,yearBuilt,22,+46yr,1955.0,2001.0
70,11359381,11360401,True,1,2,yearBuilt,23,+48yr,1955.0,2003.0
70,11359381,11360401,True,1,2,yearBuilt,24,+50yr,1955.0,2005.0
70,11359381,11360401,True,1,2,yearBuilt,25,+52yr,1955.0,2007.0
70,11359381,11360401,True,1,2,yearBuilt,26,+54yr,1955.0,2009.0
70,11359381,11360401,True,1,2,yearBuilt,27,+56yr,1955.0,2011.0
70,11359381,11360401,True,1,2,yearBuilt,28,+58yr,1955.0,2013.0
70,11359381,11360401,True,1,2,yearBuilt,29,+60yr,1955.0,2015.0
70,11359381,11360401,True,1,2,yearBuilt,30,+62yr,1955.0,2017.0
70,11359381,11360401,True,1,2,yearBuilt,31,+64yr,1955.0,2019.0
70,11359381,11360401,True,1,2,yearBuilt,32,+66yr,1955.0,2021.0
70,11359381,11360401,True,1,2,yearBuilt,33,+68yr,1955.0,2023.0
70,11359381,11360401,True,1,2,yearBuilt,34,+70yr,1955.0,2025.0
70,11359381,11360401,True,1,2,lot,0,+100sqft,7956.0,8056.0
70,11359381,11360401,True,1,2,lot,1,+200sqft,7956.0,8156.0
70,11359381,11360401,True,1,2,lot,2,+300sqft,7956.0,8256.0
70,11359381,11360401,True,1,2,lot,3,+400sqft,7956.0,8356.0
70,11359381,11360401,True,1,2,lot,4,+500sqft,7956.0,8456.0
70,11359381,11360401,True,1,2,lot,5,+600sqft,7956.0,8556.0
70,11359381,11360401,True,1,2,lot,6,+700sqft,7956.0,8656.0
70,11359381,11360401,True,1,2,lot,7,+800sqft,7956.0,8756.0
70,11359381,11360401,True,1,2,lot,8,+900sqft,7956.0,8856.0
70,11359381,11360401,True,1,2,lot,9,+1000sqft,7956.0,8956.0
70,11359381,11360401,True,1,2,lot,10,+1100sqft,7956.0,9056.0
70,11359381,11360401,True,1,2,lot,11,+1200sqft,7956.0,9156.0
70,11359381,11360401,True,1,2,lot,12,+1300sqft,7956.0,9256.0
70,11359381,11360401,True,1,2,lot,13,+1400sqft,7956.0,9356.0
70,11359381,11360401,True,1,2,lot,14,+1500sqft,7956.0,9456.0
70,11359381,11360401,True,1,2,lot,15,+1600sqft,7956.0,9556.0
70,11359381,11360401,True,1,2,lot,16,+1700sqft,7956.0,9656.0
70,11359381,11360401,True,1,2,lot,17,+1800sqft,7956.0,9756.0
70,11359381,11360401,True,1,2,lot,18,+1900sqft,7956.0,9856.0
70,11359381,11360401,True,1,2,lot,19,+2000sqft,7956.0,9956.0
70,11359381,11360401,True,1,2,lot,20,+2100sqft,7956.0,10056.0
70,11359381,11360401,True,1,2,lot,21,+2200sqft,7956.0,10156.0
70,11359381,11360401,True,1,2,lot,22,+2300sqft,7956.0,10256.0
70,11359381,11360401,True,1,2,lot,23,+2400sqft,7956.0,10356.0
70,11359381,11360401,True,1,2,lot,24,+2500sqft,7956.0,10456.0
70,11359381,11360401,True,1,2,lot,25,+2600sqft,7956.0,10556.0
70,11359381,11360401,True,1,2,lot,26,+2700sqft,7956.0,10656.0
70,11359381,11360401,True,1,2,lot,27,+2800sqft,7956.0,10756.0
70,11359381,11360401,True,1,2,lot,28,+2900sqft,7956.0,10856.0
70,11359381,11360401,True,1,2,lot,29,+3000sqft,7956.0,10956.0
70,11359381,11360401,True,1,2,lot,30,+3100sqft,7956.0,11056.0
70,11359381,11360401,True,1,2,lot,31,+3200sqft,7956.0,11156.0
70,11359381,11360401,True,1,2,lot,32,+3300sqft,7956.0,11256.0
70,11359381,11360401,True,1,2,lot,33,+3400sqft,7956.0,11356.0
70,11359381,11360401,True,1,2,lot,34,+3500sqft,7956.0,11456.0
70,11359381,11360401,True,1,2,lot,35,+3600sqft,7956.0,11556.0
70,11359381,11360401,True,1,2,lot,36,+3700sqft,7956.0,11656.0
70,11359381,11360401,True,1,2,lot,37,+3800sqft,7956.0,11756.0
70,11359381,11360401,True,1,2,lot,38,+3900sqft,7956.0,11856.0
70,11359381,11360401,True,1,2,lot,39,+4000sqft,7956.0,11956.0
70,11359381,11360401,True,1,2,lot,40,+4100sqft,7956.0,12056.0
70,11359381,11360401,True,1,2,lot,41,+4200sqft,7956.0,12156.0
70,11359381,11360401,True,1,2,lot,42,+4300sqft,7956.0,12256.0
70,11359381,11360401,True,1,2,lot,43,+4400sqft,7956.0,12356.0
70,11359381,11360401,True,1,2,lot,44,+4500sqft,7956.0,12456.0
70,11359381,11360401,True,1,2,lot,45,+4600sqft,7956.0,12556.0
70,11359381,11360401,True,1,2,lot,46,+4700sqft,7956.0,12656.0
70,11359381,11360401,True,1,2,lot,47,+4800sqft,7956.0,12756.0
70,11359381,11360401,True,1,2,lot,48,+4900sqft,7956.0,12856.0
70,11359381,11360401,True,1,2,lot,49,+5000sqft,7956.0,12956.0
71,11325997,11326051,True,1,2,bedrooms,0,+1,3.0,4.0
71,11325997,11326051,True,1,2,bedrooms,1,+2,3.0,5.0
71,11325997,11326051,True,1,2,bedrooms,2,+3,3.0,6.0
71,11325997,11326051,True,1,2,bedrooms,3,+4,3.0,7.0
71,11325997,11326051,True,1,2,bedrooms,4,+5,3.0,8.0
71,11325997,11326051,True,1,2,bedrooms,5,+6,3.0,9.0
71,11325997,11326051,True,1,2,bedrooms,6,+7,3.0,10.0
71,11325997,11326051,True,1,2,bathrooms,0,+1,1.0,2.0
71,11325997,11326051,True,1,2,bathrooms,1,+2,1.0,3.0
71,11325997,11326051,True,1,2,bathrooms,2,+3,1.0,4.0
71,11325997,11326051,True,1,2,bathrooms,3,+4,1.0,5.0
71,11325997,11326051,True,1,2,bathrooms,4,+5,1.0,6.0
71,11325997,11326051,True,1,2,bathrooms,5,+6,1.0,7.0
71,11325997,11326051,True,1,2,bathrooms,6,+7,1.0,8.0
71,11325997,11326051,True,1,2,bathrooms,7,+8,1.0,9.0
71,11325997,11326051,True,1,2,bathrooms,8,+9,1.0,10.0
71,11325997,11326051,True,1,2,yearBuilt,0,+2yr,1925.0,1927.0
71,11325997,11326051,True,1,2,yearBuilt,1,+4yr,1925.0,1929.0
71,11325997,11326051,True,1,2,yearBuilt,2,+6yr,1925.0,1931.0
71,11325997,11326051,True,1,2,yearBuilt,3,+8yr,1925.0,1933.0
71,11325997,11326051,True,1,2,yearBuilt,4,+10yr,1925.0,1935.0
71,11325997,11326051,True,1,2,yearBuilt,5,+12yr,1925.0,1937.0
71,11325997,11326051,True,1,2,yearBuilt,6,+14yr,1925.0,1939.0
71,11325997,11326051,True,1,2,yearBuilt,7,+16yr,1925.0,1941.0
71,11325997,11326051,True,1,2,yearBuilt,8,+18yr,1925.0,1943.0
71,11325997,11326051,True,1,2,yearBuilt,9,+20yr,1925.0,1945.0
71,11325997,11326051,True,1,2,yearBuilt,10,+22yr,1925.0,1947.0
71,11325997,11326051,True,1,2,yearBuilt,11,+24yr,1925.0,1949.0
71,11325997,11326051,True,1,2,yearBuilt,12,+26yr,1925.0,1951.0
71,11325997,11326051,True,1,2,yearBuilt,13,+28yr,1925.0,1953.0
71,11325997,11326051,True,1,2,yearBuilt,14,+30yr,1925.0,1955.0
71,11325997,11326051,True,1,2,yearBuilt,15,+32yr,1925.0,1957.0
71,11325997,11326051,True,1,2,yearBuilt,16,+34yr,1925.0,1959.0
71,11325997,11326051,True,1,2,yearBuilt,17,+36yr,1925.0,1961.0
71,11325997,11326051,True,1,2,yearBuilt,18,+38yr,1925.0,1963.0
71,11325997,11326051,True,1,2,yearBuilt,19,+40yr,1925.0,1965.0
71,11325997,11326051,True,1,2,yearBuilt,20,+42yr,1925.0,1967.0
71,11325997,11326051,True,1,2,yearBuilt,21,+44yr,1925.0,1969.0
71,11325997,11326051,True,1,2,yearBuilt,22,+46yr,1925.0,1971.0
71,11325997,11326051,True,1,2,yearBuilt,23,+48yr,1925.0,1973.0
71,11325997,11326051,True,1,2,yearBuilt,24,+50yr,1925.0,1975.0
71,11325997,11326051,True,1,2,yearBuilt,25,+52yr,1925.0,1977.0
71,11325997,11326051,True,1,2,yearBuilt,26,+54yr,1925.0,1979.0
71,11325997,11326051,True,1,2,yearBuilt,27,+56yr,1925.0,1981.0
71,11325997,11326051,True,1,2,yearBuilt,28,+58yr,1925.0,1983.0
71,11325997,11326051,True,1,2,yearBuilt,29,+60yr,1925.0,1985.0
71,11325997,11326051,True,1,2,yearBuilt,30,+62yr,1925.0,1987.0
71,11325997,11326051,True,1,2,yearBuilt,31,+64yr,1925.0,1989.0
71,11325997,11326051,True,1,2,yearBuilt,32,+66yr,1925.0,1991.0
71,11325997,11326051,True,1,2,yearBuilt,33,+68yr,1925.0,1993.0
71,11325997,11326051,True,1,2,yearBuilt,34,+70yr,1925.0,1995.0
71,11325997,11326051,True,1,2,yearBuilt,35,+72yr,1925.0,1997.0
71,11325997,11326051,True,1,2,yearBuilt,36,+74yr,1925.0,1999.0
71,11325997,11326051,True,1,2,yearBuilt,37,+76yr,1925.0,2001.0
71,11325997,11326051,True,1,2,yearBuilt,38,+78yr,1925.0,2003.0
71,11325997,11326051,True,1,2,yearBuilt,39,+80yr,1925.0,2005.0
71,11325997,11326051,True,1,2,yearBuilt,40,+82yr,1925.0,2007.0
71,11325997,11326051,True,1,2,yearBuilt,41,+84yr,1925.0,2009.0
71,11325997,11326051,True,1,2,yearBuilt,42,+86yr,1925.0,2011.0
71,11325997,11326051,True,1,2,yearBuilt,43,+88yr,1925.0,2013.0
71,11325997,11326051,True,1,2,yearBuilt,44,+90yr,1925.0,2015.0
71,11325997,11326051,True,1,2,yearBuilt,45,+92yr,1925.0,2017.0
71,11325997,11326051,True,1,2,yearBuilt,46,+94yr,1925.0,2019.0
71,11325997,11326051,True,1,2,lot,0,+100sqft,3358.0,3458.0
71,11325997,11326051,True,1,2,lot,1,+200sqft,3358.0,3558.0
71,11325997,11326051,True,1,2,lot,2,+300sqft,3358.0,3658.0
71,11325997,11326051,True,1,2,lot,3,+400sqft,3358.0,3758.0
71,11325997,11326051,True,1,2,lot,4,+500sqft,3358.0,3858.0
71,11325997,11326051,True,1,2,lot,5,+600sqft,3358.0,3958.0
71,11325997,11326051,True,1,2,lot,6,+700sqft,3358.0,4058.0
71,11325997,11326051,True,1,2,lot,7,+800sqft,3358.0,4158.0
71,11325997,11326051,True,1,2,lot,8,+900sqft,3358.0,4258.0
71,11325997,11326051,True,1,2,lot,9,+1000sqft,3358.0,4358.0
71,11325997,11326051,True,1,2,lot,10,+1100sqft,3358.0,4458.0
71,11325997,11326051,True,1,2,lot,11,+1200sqft,3358.0,4558.0
71,11325997,11326051,True,1,2,lot,12,+1300sqft,3358.0,4658.0
71,11325997,11326051,True,1,2,lot,13,+1400sqft,3358.0,4758.0
71,11325997,11326051,True,1,2,lot,14,+1500sqft,3358.0,4858.0
71,11325997,11326051,True,1,2,lot,15,+1600sqft,3358.0,4958.0
71,11325997,11326051,True,1,2,lot,16,+1700sqft,3358.0,5058.0
71,11325997,11326051,True,1,2,lot,17,+1800sqft,3358.0,5158.0
71,11325997,11326051,True,1,2,lot,18,+1900sqft,3358.0,5258.0
71,11325997,11326051,True,1,2,lot,19,+2000sqft,3358.0,5358.0
71,11325997,11326051,True,1,2,lot,20,+2100sqft,3358.0,5458.0
71,11325997,11326051,True,1,2,lot,21,+2200sqft,3358.0,5558.0
71,11325997,11326051,True,1,2,lot,22,+2300sqft,3358.0,5658.0
71,11325997,11326051,True,1,2,lot,23,+2400sqft,3358.0,5758.0
71,11325997,11326051,True,1,2,lot,24,+2500sqft,3358.0,5858.0
71,11325997,11326051,True,1,2,lot,25,+2600sqft,3358.0,5958.0
71,11325997,11326051,True,1,2,lot,26,+2700sqft,3358.0,6058.0
71,11325997,11326051,True,1,2,lot,27,+2800sqft,3358.0,6158.0
71,11325997,11326051,True,1,2,lot,28,+2900sqft,3358.0,6258.0
71,11325997,11326051,True,1,2,lot,29,+3000sqft,3358.0,6358.0
71,11325997,11326051,True,1,2,lot,30,+3100sqft,3358.0,6458.0
71,11325997,11326051,True,1,2,lot,31,+3200sqft,3358.0,6558.0
71,11325997,11326051,True,1,2,lot,32,+3300sqft,3358.0,6658.0
71,11325997,11326051,True,1,2,lot,33,+3400sqft,3358.0,6758.0
71,11325997,11326051,True,1,2,lot,34,+3500sqft,3358.0,6858.0
71,11325997,11326051,True,1,2,lot,35,+3600sqft,3358.0,6958.0
71,11325997,11326051,True,1,2,lot,36,+3700sqft,3358.0,7058.0
71,11325997,11326051,True,1,2,lot,37,+3800sqft,3358.0,7158.0
71,11325997,11326051,True,1,2,lot,38,+3900sqft,3358.0,7258.0
71,11325997,11326051,True,1,2,lot,39,+4000sqft,3358.0,7358.0
71,11325997,11326051,True,1,2,lot,40,+4100sqft,3358.0,7458.0
71,11325997,11326051,True,1,2,lot,41,+4200sqft,3358.0,7558.0
71,11325997,11326051,True,1,2,lot,42,+4300sqft,3358.0,7658.0
71,11325997,11326051,True,1,2,lot,43,+4400sqft,3358.0,7758.0
71,11325997,11326051,True,1,2,lot,44,+4500sqft,3358.0,7858.0
71,11325997,11326051,True,1,2,lot,45,+4600sqft,3358.0,7958.0
71,11325997,11326051,True,1,2,lot,46,+4700sqft,3358.0,8058.0
71,11325997,11326051,True,1,2,lot,47,+4800sqft,3358.0,8158.0
71,11325997,11326051,True,1,2,lot,48,+4900sqft,3358.0,8258.0
71,11325997,11326051,True,1,2,lot,49,+5000sqft,3358.0,8358.0
72,11305210,11554268,False,1,2,bedrooms,0,+1,3.0,4.0
72,11305210,11554268,False,1,2,bedrooms,1,+2,3.0,5.0
72,11305210,11554268,False,1,2,bedrooms,2,+3,3.0,6.0
72,11305210,11554268,False,1,2,bedrooms,3,+4,3.0,7.0
72,11305210,11554268,False,1,2,bedrooms,4,+5,3.0,8.0
72,11305210,11554268,False,1,2,bedrooms,5,+6,3.0,9.0
72,11305210,11554268,False,1,2,bedrooms,6,+7,3.0,10.0
72,11305210,11554268,False,1,2,bathrooms,0,+1,3.0,4.0
72,11305210,11554268,False,1,2,bathrooms,1,+2,3.0,5.0
72,11305210,11554268,False,1,2,bathrooms,2,+3,3.0,6.0
72,11305210,11554268,False,1,2,bathrooms,3,+4,3.0,7.0
72,11305210,11554268,False,1,2,bathrooms,4,+5,3.0,8.0
72,11305210,11554268,False,1,2,bathrooms,5,+6,3.0,9.0
72,11305210,11554268,False,1,2,bathrooms,6,+7,3.0,10.0
72,11305210,11554268,False,1,2,yearBuilt,0,+2yr,1947.0,1949.0
72,11305210,11554268,False,1,2,yearBuilt,1,+4yr,1947.0,1951.0
72,11305210,11554268,False,1,2,yearBuilt,2,+6yr,1947.0,1953.0
72,11305210,11554268,False,1,2,yearBuilt,3,+8yr,1947.0,1955.0
72,11305210,11554268,False,1,2,yearBuilt,4,+10yr,1947.0,1957.0
72,11305210,11554268,False,1,2,yearBuilt,5,+12yr,1947.0,1959.0
72,11305210,11554268,False,1,2,yearBuilt,6,+14yr,1947.0,1961.0
72,11305210,11554268,False,1,2,yearBuilt,7,+16yr,1947.0,1963.0
72,11305210,11554268,False,1,2,yearBuilt,8,+18yr,1947.0,1965.0
72,11305210,11554268,False,1,2,yearBuilt,9,+20yr,1947.0,1967.0
72,11305210,11554268,False,1,2,yearBuilt,10,+22yr,1947.0,1969.0
72,11305210,11554268,False,1,2,yearBuilt,11,+24yr,1947.0,1971.0
72,11305210,11554268,False,1,2,yearBuilt,12,+26yr,1947.0,1973.0
72,11305210,11554268,False,1,2,yearBuilt,13,+28yr,1947.0,1975.0
72,11305210,11554268,False,1,2,yearBuilt,14,+30yr,1947.0,1977.0
72,11305210,11554268,False,1,2,yearBuilt,15,+32yr,1947.0,1979.0
72,11305210,11554268,False,1,2,yearBuilt,16,+34yr,1947.0,1981.0
72,11305210,11554268,False,1,2,yearBuilt,17,+36yr,1947.0,1983.0
72,11305210,11554268,False,1,2,yearBuilt,18,+38yr,1947.0,1985.0
72,11305210,11554268,False,1,2,yearBuilt,19,+40yr,1947.0,1987.0
72,11305210,11554268,False,1,2,yearBuilt,20,+42yr,1947.0,1989.0
72,11305210,11554268,False,1,2,yearBuilt,21,+44yr,1947.0,1991.0
72,11305210,11554268,False,1,2,yearBuilt,22,+46yr,1947.0,1993.0
72,11305210,11554268,False,1,2,yearBuilt,23,+48yr,1947.0,1995.0
72,11305210,11554268,False,1,2,yearBuilt,24,+50yr,1947.0,1997.0
72,11305210,11554268,False,1,2,yearBuilt,25,+52yr,1947.0,1999.0
72,11305210,11554268,False,1,2,yearBuilt,26,+54yr,1947.0,2001.0
72,11305210,11554268,False,1,2,yearBuilt,27,+56yr,1947.0,2003.0
72,11305210,11554268,False,1,2,yearBuilt,28,+58yr,1947.0,2005.0
72,11305210,11554268,False,1,2,yearBuilt,29,+60yr,1947.0,2007.0
72,11305210,11554268,False,1,2,yearBuilt,30,+62yr,1947.0,2009.0
72,11305210,11554268,False,1,2,yearBuilt,31,+64yr,1947.0,2011.0
72,11305210,11554268,False,1,2,yearBuilt,32,+66yr,1947.0,2013.0
72,11305210,11554268,False,1,2,yearBuilt,33,+68yr,1947.0,2015.0
72,11305210,11554268,False,1,2,yearBuilt,34,+70yr,1947.0,2017.0
72,11305210,11554268,False,1,2,yearBuilt,35,+72yr,1947.0,2019.0
72,11305210,11554268,False,1,2,yearBuilt,36,+74yr,1947.0,2021.0
72,11305210,11554268,False,1,2,yearBuilt,37,+76yr,1947.0,2023.0
72,11305210,11554268,False,1,2,yearBuilt,38,+78yr,1947.0,2025.0
72,11305210,11554268,False,1,2,lot,0,+100sqft,0.55,0.5523
72,11305210,11554268,False,1,2,lot,1,+200sqft,0.55,0.5546
72,11305210,11554268,False,1,2,lot,2,+300sqft,0.55,0.5569
72,11305210,11554268,False,1,2,lot,3,+400sqft,0.55,0.5592
72,11305210,11554268,False,1,2,lot,4,+500sqft,0.55,0.5615
72,11305210,11554268,False,1,2,lot,5,+600sqft,0.55,0.5638
72,11305210,11554268,False,1,2,lot,6,+700sqft,0.55,0.5661
72,11305210,11554268,False,1,2,lot,7,+800sqft,0.55,0.5684
72,11305210,11554268,False,1,2,lot,8,+900sqft,0.55,0.5707
72,11305210,11554268,False,1,2,lot,9,+1000sqft,0.55,0.573
72,11305210,11554268,False,1,2,lot,10,+1100sqft,0.55,0.5753
72,11305210,11554268,False,1,2,lot,11,+1200sqft,0.55,0.5775
72,11305210,11554268,False,1,2,lot,12,+1300sqft,0.55,0.5798
72,11305210,11554268,False,1,2,lot,13,+1400sqft,0.55,0.5821
72,11305210,11554268,False,1,2,lot,14,+1500sqft,0.55,0.5844
72,11305210,11554268,False,1,2,lot,15,+1600sqft,0.55,0.5867
72,11305210,11554268,False,1,2,lot,16,+1700sqft,0.55,0.589
72,11305210,11554268,False,1,2,lot,17,+1800sqft,0.55,0.5913
72,11305210,11554268,False,1,2,lot,18,+1900sqft,0.55,0.5936
72,11305210,11554268,False,1,2,lot,19,+2000sqft,0.55,0.5959
72,11305210,11554268,False,1,2,lot,20,+2100sqft,0.55,0.5982
72,11305210,11554268,False,1,2,lot,21,+2200sqft,0.55,0.6005
72,11305210,11554268,False,1,2,lot,22,+2300sqft,0.55,0.6028
72,11305210,11554268,False,1,2,lot,23,+2400sqft,0.55,0.6051
72,11305210,11554268,False,1,2,lot,24,+2500sqft,0.55,0.6074
72,11305210,11554268,False,1,2,lot,25,+2600sqft,0.55,0.6097
72,11305210,11554268,False,1,2,lot,26,+2700sqft,0.55,0.612
72,11305210,11554268,False,1,2,lot,27,+2800sqft,0.55,0.6143
72,11305210,11554268,False,1,2,lot,28,+2900sqft,0.55,0.6166
72,11305210,11554268,False,1,2,lot,29,+3000sqft,0.55,0.6189
72,11305210,11554268,False,1,2,lot,30,+3100sqft,0.55,0.6212
72,11305210,11554268,False,1,2,lot,31,+3200sqft,0.55,0.6235
72,11305210,11554268,False,1,2,lot,32,+3300sqft,0.55,0.6258
72,11305210,11554268,False,1,2,lot,33,+3400sqft,0.55,0.6281
72,11305210,11554268,False,1,2,lot,34,+3500sqft,0.55,0.6303
72,11305210,11554268,False,1,2,lot,35,+3600sqft,0.55,0.6326
72,11305210,11554268,False,1,2,lot,36,+3700sqft,0.55,0.6349
72,11305210,11554268,False,1,2,lot,37,+3800sqft,0.55,0.6372
72,11305210,11554268,False,1,2,lot,38,+3900sqft,0.55,0.6395
72,11305210,11554268,False,1,2,lot,39,+4000sqft,0.55,0.6418
72,11305210,11554268,False,1,2,lot,40,+4100sqft,0.55,0.6441
72,11305210,11554268,False,1,2,lot,41,+4200sqft,0.55,0.6464
72,11305210,11554268,False,1,2,lot,42,+4300sqft,0.55,0.6487
72,11305210,11554268,False,1,2,lot,43,+4400sqft,0.55,0.651
72,11305210,11554268,False,1,2,lot,44,+4500sqft,0.55,0.6533
72,11305210,11554268,False,1,2,lot,45,+4600sqft,0.55,0.6556
72,11305210,11554268,False,1,2,lot,46,+4700sqft,0.55,0.6579
72,11305210,11554268,False,1,2,lot,47,+4800sqft,0.55,0.6602
72,11305210,11554268,False,1,2,lot,48,+4900sqft,0.55,0.6625
72,11305210,11554268,False,1,2,lot,49,+5000sqft,0.55,0.6648
73,11616673,11616693,False,2,1,bedrooms,0,+1,4.0,5.0
73,11616673,11616693,False,2,1,bedrooms,1,+2,4.0,6.0
73,11616673,11616693,False,2,1,bedrooms,2,+3,4.0,7.0
73,11616673,11616693,False,2,1,bedrooms,3,+4,4.0,8.0
73,11616673,11616693,False,2,1,bedrooms,4,+5,4.0,9.0
73,11616673,11616693,False,2,1,bedrooms,5,+6,4.0,10.0
73,11616673,11616693,False,2,1,bathrooms,0,+1,4.0,5.0
73,11616673,11616693,False,2,1,bathrooms,1,+2,4.0,6.0
73,11616673,11616693,False,2,1,bathrooms,2,+3,4.0,7.0
73,11616673,11616693,False,2,1,bathrooms,3,+4,4.0,8.0
73,11616673,11616693,False,2,1,bathrooms,4,+5,4.0,9.0
73,11616673,11616693,False,2,1,bathrooms,5,+6,4.0,10.0
73,11616673,11616693,False,2,1,yearBuilt,0,+2yr,1992.0,1994.0
73,11616673,11616693,False,2,1,yearBuilt,1,+4yr,1992.0,1996.0
73,11616673,11616693,False,2,1,yearBuilt,2,+6yr,1992.0,1998.0
73,11616673,11616693,False,2,1,yearBuilt,3,+8yr,1992.0,2000.0
73,11616673,11616693,False,2,1,yearBuilt,4,+10yr,1992.0,2002.0
73,11616673,11616693,False,2,1,yearBuilt,5,+12yr,1992.0,2004.0
73,11616673,11616693,False,2,1,yearBuilt,6,+14yr,1992.0,2006.0
73,11616673,11616693,False,2,1,yearBuilt,7,+16yr,1992.0,2008.0
73,11616673,11616693,False,2,1,yearBuilt,8,+18yr,1992.0,2010.0
73,11616673,11616693,False,2,1,yearBuilt,9,+20yr,1992.0,2012.0
73,11616673,11616693,False,2,1,yearBuilt,10,+22yr,1992.0,2014.0
73,11616673,11616693,False,2,1,yearBuilt,11,+24yr,1992.0,2016.0
73,11616673,11616693,False,2,1,yearBuilt,12,+26yr,1992.0,2018.0
73,11616673,11616693,False,2,1,yearBuilt,13,+28yr,1992.0,2020.0
73,11616673,11616693,False,2,1,yearBuilt,14,+30yr,1992.0,2022.0
73,11616673,11616693,False,2,1,yearBuilt,15,+32yr,1992.0,2024.0
73,11616673,11616693,False,2,1,lot,0,+100sqft,0.58,0.5823
73,11616673,11616693,False,2,1,lot,1,+200sqft,0.58,0.5846
73,11616673,11616693,False,2,1,lot,2,+300sqft,0.58,0.5869
73,11616673,11616693,False,2,1,lot,3,+400sqft,0.58,0.5892
73,11616673,11616693,False,2,1,lot,4,+500sqft,0.58,0.5915
73,11616673,11616693,False,2,1,lot,5,+600sqft,0.58,0.5938
73,11616673,11616693,False,2,1,lot,6,+700sqft,0.58,0.5961
73,11616673,11616693,False,2,1,lot,7,+800sqft,0.58,0.5984
73,11616673,11616693,False,2,1,lot,8,+900sqft,0.58,0.6007
73,11616673,11616693,False,2,1,lot,9,+1000sqft,0.58,0.603
73,11616673,11616693,False,2,1,lot,10,+1100sqft,0.58,0.6053
73,11616673,11616693,False,2,1,lot,11,+1200sqft,0.58,0.6075
73,11616673,11616693,False,2,1,lot,12,+1300sqft,0.58,0.6098
73,11616673,11616693,False,2,1,lot,13,+1400sqft,0.58,0.6121
73,11616673,11616693,False,2,1,lot,14,+1500sqft,0.58,0.6144
73,11616673,11616693,False,2,1,lot,15,+1600sqft,0.58,0.6167
73,11616673,11616693,False,2,1,lot,16,+1700sqft,0.58,0.619
73,11616673,11616693,False,2,1,lot,17,+1800sqft,0.58,0.6213
73,11616673,11616693,False,2,1,lot,18,+1900sqft,0.58,0.6236
73,11616673,11616693,False,2,1,lot,19,+2000sqft,0.58,0.6259
73,11616673,11616693,False,2,1,lot,20,+2100sqft,0.58,0.6282
73,11616673,11616693,False,2,1,lot,21,+2200sqft,0.58,0.6305
73,11616673,11616693,False,2,1,lot,22,+2300sqft,0.58,0.6328
73,11616673,11616693,False,2,1,lot,23,+2400sqft,0.58,0.6351
73,11616673,11616693,False,2,1,lot,24,+2500sqft,0.58,0.6374
73,11616673,11616693,False,2,1,lot,25,+2600sqft,0.58,0.6397
73,11616673,11616693,False,2,1,lot,26,+2700sqft,0.58,0.642
73,11616673,11616693,False,2,1,lot,27,+2800sqft,0.58,0.6443
73,11616673,11616693,False,2,1,lot,28,+2900sqft,0.58,0.6466
73,11616673,11616693,False,2,1,lot,29,+3000sqft,0.58,0.6489
73,11616673,11616693,False,2,1,lot,30,+3100sqft,0.58,0.6512
73,11616673,11616693,False,2,1,lot,31,+3200sqft,0.58,0.6535
73,11616673,11616693,False,2,1,lot,32,+3300sqft,0.58,0.6558
73,11616673,11616693,False,2,1,lot,33,+3400sqft,0.58,0.6581
73,11616673,11616693,False,2,1,lot,34,+3500sqft,0.58,0.6603
73,11616673,11616693,False,2,1,lot,35,+3600sqft,0.58,0.6626
73,11616673,11616693,False,2,1,lot,36,+3700sqft,0.58,0.6649
73,11616673,11616693,False,2,1,lot,37,+3800sqft,0.58,0.6672
73,11616673,11616693,False,2,1,lot,38,+3900sqft,0.58,0.6695
73,11616673,11616693,False,2,1,lot,39,+4000sqft,0.58,0.6718
73,11616673,11616693,False,2,1,lot,40,+4100sqft,0.58,0.6741
73,11616673,11616693,False,2,1,lot,41,+4200sqft,0.58,0.6764
73,11616673,11616693,False,2,1,lot,42,+4300sqft,0.58,0.6787
73,11616673,11616693,False,2,1,lot,43,+4400sqft,0.58,0.681
73,11616673,11616693,False,2,1,lot,44,+4500sqft,0.58,0.6833
73,11616673,11616693,False,2,1,lot,45,+4600sqft,0.58,0.6856
73,11616673,11616693,False,2,1,lot,46,+4700sqft,0.58,0.6879
73,11616673,11616693,False,2,1,lot,47,+4800sqft,0.58,0.6902
73,11616673,11616693,False,2,1,lot,48,+4900sqft,0.58,0.6925
73,11616673,11616693,False,2,1,lot,49,+5000sqft,0.58,0.6948
74,11271251,11326736,False,2,1,bedrooms,0,+1,3.0,4.0
74,11271251,11326736,False,2,1,bedrooms,1,+2,3.0,5.0
74,11271251,11326736,False,2,1,bedrooms,2,+3,3.0,6.0
74,11271251,11326736,False,2,1,bedrooms,3,+4,3.0,7.0
74,11271251,11326736,False,2,1,bedrooms,4,+5,3.0,8.0
74,11271251,11326736,False,2,1,bedrooms,5,+6,3.0,9.0
74,11271251,11326736,False,2,1,bedrooms,6,+7,3.0,10.0
74,11271251,11326736,False,2,1,bathrooms,0,+1,2.0,3.0
74,11271251,11326736,False,2,1,bathrooms,1,+2,2.0,4.0
74,11271251,11326736,False,2,1,bathrooms,2,+3,2.0,5.0
74,11271251,11326736,False,2,1,bathrooms,3,+4,2.0,6.0
74,11271251,11326736,False,2,1,bathrooms,4,+5,2.0,7.0
74,11271251,11326736,False,2,1,bathrooms,5,+6,2.0,8.0
74,11271251,11326736,False,2,1,bathrooms,6,+7,2.0,9.0
74,11271251,11326736,False,2,1,bathrooms,7,+8,2.0,10.0
74,11271251,11326736,False,2,1,yearBuilt,0,+2yr,1960.0,1962.0
74,11271251,11326736,False,2,1,yearBuilt,1,+4yr,1960.0,1964.0
74,11271251,11326736,False,2,1,yearBuilt,2,+6yr,1960.0,1966.0
74,11271251,11326736,False,2,1,yearBuilt,3,+8yr,1960.0,1968.0
74,11271251,11326736,False,2,1,yearBuilt,4,+10yr,1960.0,1970.0
74,11271251,11326736,False,2,1,yearBuilt,5,+12yr,1960.0,1972.0
74,11271251,11326736,False,2,1,yearBuilt,6,+14yr,1960.0,1974.0
74,11271251,11326736,False,2,1,yearBuilt,7,+16yr,1960.0,1976.0
74,11271251,11326736,False,2,1,yearBuilt,8,+18yr,1960.0,1978.0
74,11271251,11326736,False,2,1,yearBuilt,9,+20yr,1960.0,1980.0
74,11271251,11326736,False,2,1,yearBuilt,10,+22yr,1960.0,1982.0
74,11271251,11326736,False,2,1,yearBuilt,11,+24yr,1960.0,1984.0
74,11271251,11326736,False,2,1,yearBuilt,12,+26yr,1960.0,1986.0
74,11271251,11326736,False,2,1,yearBuilt,13,+28yr,1960.0,1988.0
74,11271251,11326736,False,2,1,yearBuilt,14,+30yr,1960.0,1990.0
74,11271251,11326736,False,2,1,yearBuilt,15,+32yr,1960.0,1992.0
74,11271251,11326736,False,2,1,yearBuilt,16,+34yr,1960.0,1994.0
74,11271251,11326736,False,2,1,yearBuilt,17,+36yr,1960.0,1996.0
74,11271251,11326736,False,2,1,yearBuilt,18,+38yr,1960.0,1998.0
74,11271251,11326736,False,2,1,yearBuilt,19,+40yr,1960.0,2000.0
74,11271251,11326736,False,2,1,yearBuilt,20,+42yr,1960.0,2002.0
74,11271251,11326736,False,2,1,yearBuilt,21,+44yr,1960.0,2004.0
74,11271251,11326736,False,2,1,yearBuilt,22,+46yr,1960.0,2006.0
74,11271251,11326736,False,2,1,yearBuilt,23,+48yr,1960.0,2008.0
74,11271251,11326736,False,2,1,yearBuilt,24,+50yr,1960.0,2010.0
74,11271251,11326736,False,2,1,yearBuilt,25,+52yr,1960.0,2012.0
74,11271251,11326736,False,2,1,yearBuilt,26,+54yr,1960.0,2014.0
74,11271251,11326736,False,2,1,yearBuilt,27,+56yr,1960.0,2016.0
74,11271251,11326736,False,2,1,yearBuilt,28,+58yr,1960.0,2018.0
74,11271251,11326736,False,2,1,yearBuilt,29,+60yr,1960.0,2020.0
74,11271251,11326736,False,2,1,yearBuilt,30,+62yr,1960.0,2022.0
74,11271251,11326736,False,2,1,yearBuilt,31,+64yr,1960.0,2024.0
74,11271251,11326736,False,2,1,lot,0,+100sqft,6329.0,6429.0
74,11271251,11326736,False,2,1,lot,1,+200sqft,6329.0,6529.0
74,11271251,11326736,False,2,1,lot,2,+300sqft,6329.0,6629.0
74,11271251,11326736,False,2,1,lot,3,+400sqft,6329.0,6729.0
74,11271251,11326736,False,2,1,lot,4,+500sqft,6329.0,6829.0
74,11271251,11326736,False,2,1,lot,5,+600sqft,6329.0,6929.0
74,11271251,11326736,False,2,1,lot,6,+700sqft,6329.0,7029.0
74,11271251,11326736,False,2,1,lot,7,+800sqft,6329.0,7129.0
74,11271251,11326736,False,2,1,lot,8,+900sqft,6329.0,7229.0
74,11271251,11326736,False,2,1,lot,9,+1000sqft,6329.0,7329.0
74,11271251,11326736,False,2,1,lot,10,+1100sqft,6329.0,7429.0
74,11271251,11326736,False,2,1,lot,11,+1200sqft,6329.0,7529.0
74,11271251,11326736,False,2,1,lot,12,+1300sqft,6329.0,7629.0
74,11271251,11326736,False,2,1,lot,13,+1400sqft,6329.0,7729.0
74,11271251,11326736,False,2,1,lot,14,+1500sqft,6329.0,7829.0
74,11271251,11326736,False,2,1,lot,15,+1600sqft,6329.0,7929.0
74,11271251,11326736,False,2,1,lot,16,+1700sqft,6329.0,8029.0
74,11271251,11326736,False,2,1,lot,17,+1800sqft,6329.0,8129.0
74,11271251,11326736,False,2,1,lot,18,+1900sqft,6329.0,8229.0
74,11271251,11326736,False,2,1,lot,19,+2000sqft,6329.0,8329.0
74,11271251,11326736,False,2,1,lot,20,+2100sqft,6329.0,8429.0
74,11271251,11326736,False,2,1,lot,21,+2200sqft,6329.0,8529.0
74,11271251,11326736,False,2,1,lot,22,+2300sqft,6329.0,8629.0
74,11271251,11326736,False,2,1,lot,23,+2400sqft,6329.0,8729.0
74,11271251,11326736,False,2,1,lot,24,+2500sqft,6329.0,8829.0
74,11271251,11326736,False,2,1,lot,25,+2600sqft,6329.0,8929.0
74,11271251,11326736,False,2,1,lot,26,+2700sqft,6329.0,9029.0
74,11271251,11326736,False,2,1,lot,27,+2800sqft,6329.0,9129.0
74,11271251,11326736,False,2,1,lot,28,+2900sqft,6329.0,9229.0
74,11271251,11326736,False,2,1,lot,29,+3000sqft,6329.0,9329.0
74,11271251,11326736,False,2,1,lot,30,+3100sqft,6329.0,9429.0
74,11271251,11326736,False,2,1,lot,31,+3200sqft,6329.0,9529.0
74,11271251,11326736,False,2,1,lot,32,+3300sqft,6329.0,9629.0
74,11271251,11326736,False,2,1,lot,33,+3400sqft,6329.0,9729.0
74,11271251,11326736,False,2,1,lot,34,+3500sqft,6329.0,9829.0
74,11271251,11326736,False,2,1,lot,35,+3600sqft,6329.0,9929.0
74,11271251,11326736,False,2,1,lot,36,+3700sqft,6329.0,10029.0
74,11271251,11326736,False,2,1,lot,37,+3800sqft,6329.0,10129.0
74,11271251,11326736,False,2,1,lot,38,+3900sqft,6329.0,10229.0
74,11271251,11326736,False,2,1,lot,39,+4000sqft,6329.0,10329.0
74,11271251,11326736,False,2,1,lot,40,+4100sqft,6329.0,10429.0
74,11271251,11326736,False,2,1,lot,41,+4200sqft,6329.0,10529.0
74,11271251,11326736,False,2,1,lot,42,+4300sqft,6329.0,10629.0
74,11271251,11326736,False,2,1,lot,43,+4400sqft,6329.0,10729.0
74,11271251,11326736,False,2,1,lot,44,+4500sqft,6329.0,10829.0
74,11271251,11326736,False,2,1,lot,45,+4600sqft,6329.0,10929.0
74,11271251,11326736,False,2,1,lot,46,+4700sqft,6329.0,11029.0
74,11271251,11326736,False,2,1,lot,47,+4800sqft,6329.0,11129.0
74,11271251,11326736,False,2,1,lot,48,+4900sqft,6329.0,11229.0
74,11271251,11326736,False,2,1,lot,49,+5000sqft,6329.0,11329.0
75,11492392,11493435,False,2,1,bedrooms,0,+1,3.0,4.0
75,11492392,11493435,False,2,1,bedrooms,1,+2,3.0,5.0
75,11492392,11493435,False,2,1,bedrooms,2,+3,3.0,6.0
75,11492392,11493435,False,2,1,bedrooms,3,+4,3.0,7.0
75,11492392,11493435,False,2,1,bedrooms,4,+5,3.0,8.0
75,11492392,11493435,False,2,1,bedrooms,5,+6,3.0,9.0
75,11492392,11493435,False,2,1,bedrooms,6,+7,3.0,10.0
75,11492392,11493435,False,2,1,bathrooms,0,+1,2.0,3.0
75,11492392,11493435,False,2,1,bathrooms,1,+2,2.0,4.0
75,11492392,11493435,False,2,1,bathrooms,2,+3,2.0,5.0
75,11492392,11493435,False,2,1,bathrooms,3,+4,2.0,6.0
75,11492392,11493435,False,2,1,bathrooms,4,+5,2.0,7.0
75,11492392,11493435,False,2,1,bathrooms,5,+6,2.0,8.0
75,11492392,11493435,False,2,1,bathrooms,6,+7,2.0,9.0
75,11492392,11493435,False,2,1,bathrooms,7,+8,2.0,10.0
75,11492392,11493435,False,2,1,yearBuilt,0,+2yr,1948.0,1950.0
75,11492392,11493435,False,2,1,yearBuilt,1,+4yr,1948.0,1952.0
75,11492392,11493435,False,2,1,yearBuilt,2,+6yr,1948.0,1954.0
75,11492392,11493435,False,2,1,yearBuilt,3,+8yr,1948.0,1956.0
75,11492392,11493435,False,2,1,yearBuilt,4,+10yr,1948.0,1958.0
75,11492392,11493435,False,2,1,yearBuilt,5,+12yr,1948.0,1960.0
75,11492392,11493435,False,2,1,yearBuilt,6,+14yr,1948.0,1962.0
75,11492392,11493435,False,2,1,yearBuilt,7,+16yr,1948.0,1964.0
75,11492392,11493435,False,2,1,yearBuilt,8,+18yr,1948.0,1966.0
75,11492392,11493435,False,2,1,yearBuilt,9,+20yr,1948.0,1968.0
75,11492392,11493435,False,2,1,yearBuilt,10,+22yr,1948.0,1970.0
75,11492392,11493435,False,2,1,yearBuilt,11,+24yr,1948.0,1972.0
75,11492392,11493435,False,2,1,yearBuilt,12,+26yr,1948.0,1974.0
75,11492392,11493435,False,2,1,yearBuilt,13,+28yr,1948.0,1976.0
75,11492392,11493435,False,2,1,yearBuilt,14,+30yr,1948.0,1978.0
75,11492392,11493435,False,2,1,yearBuilt,15,+32yr,1948.0,1980.0
75,11492392,11493435,False,2,1,yearBuilt,16,+34yr,1948.0,1982.0
75,11492392,11493435,False,2,1,yearBuilt,17,+36yr,1948.0,1984.0
75,11492392,11493435,False,2,1,yearBuilt,18,+38yr,1948.0,1986.0
75,11492392,11493435,False,2,1,yearBuilt,19,+40yr,1948.0,1988.0
75,11492392,11493435,False,2,1,yearBuilt,20,+42yr,1948.0,1990.0
75,11492392,11493435,False,2,1,yearBuilt,21,+44yr,1948.0,1992.0
75,11492392,11493435,False,2,1,yearBuilt,22,+46yr,1948.0,1994.0
75,11492392,11493435,False,2,1,yearBuilt,23,+48yr,1948.0,1996.0
75,11492392,11493435,False,2,1,yearBuilt,24,+50yr,1948.0,1998.0
75,11492392,11493435,False,2,1,yearBuilt,25,+52yr,1948.0,2000.0
75,11492392,11493435,False,2,1,yearBuilt,26,+54yr,1948.0,2002.0
75,11492392,11493435,False,2,1,yearBuilt,27,+56yr,1948.0,2004.0
75,11492392,11493435,False,2,1,yearBuilt,28,+58yr,1948.0,2006.0
75,11492392,11493435,False,2,1,yearBuilt,29,+60yr,1948.0,2008.0
75,11492392,11493435,False,2,1,yearBuilt,30,+62yr,1948.0,2010.0
75,11492392,11493435,False,2,1,yearBuilt,31,+64yr,1948.0,2012.0
75,11492392,11493435,False,2,1,yearBuilt,32,+66yr,1948.0,2014.0
75,11492392,11493435,False,2,1,yearBuilt,33,+68yr,1948.0,2016.0
75,11492392,11493435,False,2,1,yearBuilt,34,+70yr,1948.0,2018.0
75,11492392,11493435,False,2,1,yearBuilt,35,+72yr,1948.0,2020.0
75,11492392,11493435,False,2,1,yearBuilt,36,+74yr,1948.0,2022.0
75,11492392,11493435,False,2,1,yearBuilt,37,+76yr,1948.0,2024.0
75,11492392,11493435,False,2,1,lot,0,+100sqft,0.42,0.4223
75,11492392,11493435,False,2,1,lot,1,+200sqft,0.42,0.4246
75,11492392,11493435,False,2,1,lot,2,+300sqft,0.42,0.4269
75,11492392,11493435,False,2,1,lot,3,+400sqft,0.42,0.4292
75,11492392,11493435,False,2,1,lot,4,+500sqft,0.42,0.4315
75,11492392,11493435,False,2,1,lot,5,+600sqft,0.42,0.4338
75,11492392,11493435,False,2,1,lot,6,+700sqft,0.42,0.4361
75,11492392,11493435,False,2,1,lot,7,+800sqft,0.42,0.4384
75,11492392,11493435,False,2,1,lot,8,+900sqft,0.42,0.4407
75,11492392,11493435,False,2,1,lot,9,+1000sqft,0.42,0.443
75,11492392,11493435,False,2,1,lot,10,+1100sqft,0.42,0.4453
75,11492392,11493435,False,2,1,lot,11,+1200sqft,0.42,0.4475
75,11492392,11493435,False,2,1,lot,12,+1300sqft,0.42,0.4498
75,11492392,11493435,False,2,1,lot,13,+1400sqft,0.42,0.4521
75,11492392,11493435,False,2,1,lot,14,+1500sqft,0.42,0.4544
75,11492392,11493435,False,2,1,lot,15,+1600sqft,0.42,0.4567
75,11492392,11493435,False,2,1,lot,16,+1700sqft,0.42,0.459
75,11492392,11493435,False,2,1,lot,17,+1800sqft,0.42,0.4613
75,11492392,11493435,False,2,1,lot,18,+1900sqft,0.42,0.4636
75,11492392,11493435,False,2,1,lot,19,+2000sqft,0.42,0.4659
75,11492392,11493435,False,2,1,lot,20,+2100sqft,0.42,0.4682
75,11492392,11493435,False,2,1,lot,21,+2200sqft,0.42,0.4705
75,11492392,11493435,False,2,1,lot,22,+2300sqft,0.42,0.4728
75,11492392,11493435,False,2,1,lot,23,+2400sqft,0.42,0.4751
75,11492392,11493435,False,2,1,lot,24,+2500sqft,0.42,0.4774
75,11492392,11493435,False,2,1,lot,25,+2600sqft,0.42,0.4797
75,11492392,11493435,False,2,1,lot,26,+2700sqft,0.42,0.482
75,11492392,11493435,False,2,1,lot,27,+2800sqft,0.42,0.4843
75,11492392,11493435,False,2,1,lot,28,+2900sqft,0.42,0.4866
75,11492392,11493435,False,2,1,lot,29,+3000sqft,0.42,0.4889
75,11492392,11493435,False,2,1,lot,30,+3100sqft,0.42,0.4912
75,11492392,11493435,False,2,1,lot,31,+3200sqft,0.42,0.4935
75,11492392,11493435,False,2,1,lot,32,+3300sqft,0.42,0.4958
75,11492392,11493435,False,2,1,lot,33,+3400sqft,0.42,0.4981
75,11492392,11493435,False,2,1,lot,34,+3500sqft,0.42,0.5003
75,11492392,11493435,False,2,1,lot,35,+3600sqft,0.42,0.5026
75,11492392,11493435,False,2,1,lot,36,+3700sqft,0.42,0.5049
75,11492392,11493435,False,2,1,lot,37,+3800sqft,0.42,0.5072
75,11492392,11493435,False,2,1,lot,38,+3900sqft,0.42,0.5095
75,11492392,11493435,False,2,1,lot,39,+4000sqft,0.42,0.5118
75,11492392,11493435,False,2,1,lot,40,+4100sqft,0.42,0.5141
75,11492392,11493435,False,2,1,lot,41,+4200sqft,0.42,0.5164
75,11492392,11493435,False,2,1,lot,42,+4300sqft,0.42,0.5187
75,11492392,11493435,False,2,1,lot,43,+4400sqft,0.42,0.521
75,11492392,11493435,False,2,1,lot,44,+4500sqft,0.42,0.5233
75,11492392,11493435,False,2,1,lot,45,+4600sqft,0.42,0.5256
75,11492392,11493435,False,2,1,lot,46,+4700sqft,0.42,0.5279
75,11492392,11493435,False,2,1,lot,47,+4800sqft,0.42,0.5302
75,11492392,11493435,False,2,1,lot,48,+4900sqft,0.42,0.5325
75,11492392,11493435,False,2,1,lot,49,+5000sqft,0.42,0.5348
76,11453151,11460181,False,2,1,bedrooms,0,+1,3.0,4.0
76,11453151,11460181,False,2,1,bedrooms,1,+2,3.0,5.0
76,11453151,11460181,False,2,1,bedrooms,2,+3,3.0,6.0
76,11453151,11460181,False,2,1,bedrooms,3,+4,3.0,7.0
76,11453151,11460181,False,2,1,bedrooms,4,+5,3.0,8.0
76,11453151,11460181,False,2,1,bedrooms,5,+6,3.0,9.0
76,11453151,11460181,False,2,1,bedrooms,6,+7,3.0,10.0
76,11453151,11460181,False,2,1,bathrooms,0,+1,2.0,3.0
76,11453151,11460181,False,2,1,bathrooms,1,+2,2.0,4.0
76,11453151,11460181,False,2,1,bathrooms,2,+3,2.0,5.0
76,11453151,11460181,False,2,1,bathrooms,3,+4,2.0,6.0
76,11453151,11460181,False,2,1,bathrooms,4,+5,2.0,7.0
76,11453151,11460181,False,2,1,bathrooms,5,+6,2.0,8.0
76,11453151,11460181,False,2,1,bathrooms,6,+7,2.0,9.0
76,11453151,11460181,False,2,1,bathrooms,7,+8,2.0,10.0
76,11453151,11460181,False,2,1,yearBuilt,0,+2yr,1950.0,1952.0
76,11453151,11460181,False,2,1,yearBuilt,1,+4yr,1950.0,1954.0
76,11453151,11460181,False,2,1,yearBuilt,2,+6yr,1950.0,1956.0
76,11453151,11460181,False,2,1,yearBuilt,3,+8yr,1950.0,1958.0
76,11453151,11460181,False,2,1,yearBuilt,4,+10yr,1950.0,1960.0
76,11453151,11460181,False,2,1,yearBuilt,5,+12yr,1950.0,1962.0
76,11453151,11460181,False,2,1,yearBuilt,6,+14yr,1950.0,1964.0
76,11453151,11460181,False,2,1,yearBuilt,7,+16yr,1950.0,1966.0
76,11453151,11460181,False,2,1,yearBuilt,8,+18yr,1950.0,1968.0
76,11453151,11460181,False,2,1,yearBuilt,9,+20yr,1950.0,1970.0
76,11453151,11460181,False,2,1,yearBuilt,10,+22yr,1950.0,1972.0
76,11453151,11460181,False,2,1,yearBuilt,11,+24yr,1950.0,1974.0
76,11453151,11460181,False,2,1,yearBuilt,12,+26yr,1950.0,1976.0
76,11453151,11460181,False,2,1,yearBuilt,13,+28yr,1950.0,1978.0
76,11453151,11460181,False,2,1,yearBuilt,14,+30yr,1950.0,1980.0
76,11453151,11460181,False,2,1,yearBuilt,15,+32yr,1950.0,1982.0
76,11453151,11460181,False,2,1,yearBuilt,16,+34yr,1950.0,1984.0
76,11453151,11460181,False,2,1,yearBuilt,17,+36yr,1950.0,1986.0
76,11453151,11460181,False,2,1,yearBuilt,18,+38yr,1950.0,1988.0
76,11453151,11460181,False,2,1,yearBuilt,19,+40yr,1950.0,1990.0
76,11453151,11460181,False,2,1,yearBuilt,20,+42yr,1950.0,1992.0
76,11453151,11460181,False,2,1,yearBuilt,21,+44yr,1950.0,1994.0
76,11453151,11460181,False,2,1,yearBuilt,22,+46yr,1950.0,1996.0
76,11453151,11460181,False,2,1,yearBuilt,23,+48yr,1950.0,1998.0
76,11453151,11460181,False,2,1,yearBuilt,24,+50yr,1950.0,2000.0
76,11453151,11460181,False,2,1,yearBuilt,25,+52yr,1950.0,2002.0
76,11453151,11460181,False,2,1,yearBuilt,26,+54yr,1950.0,2004.0
76,11453151,11460181,False,2,1,yearBuilt,27,+56yr,1950.0,2006.0
76,11453151,11460181,False,2,1,yearBuilt,28,+58yr,1950.0,2008.0
76,11453151,11460181,False,2,1,yearBuilt,29,+60yr,1950.0,2010.0
76,11453151,11460181,False,2,1,yearBuilt,30,+62yr,1950.0,2012.0
76,11453151,11460181,False,2,1,yearBuilt,31,+64yr,1950.0,2014.0
76,11453151,11460181,False,2,1,yearBuilt,32,+66yr,1950.0,2016.0
76,11453151,11460181,False,2,1,yearBuilt,33,+68yr,1950.0,2018.0
76,11453151,11460181,False,2,1,yearBuilt,34,+70yr,1950.0,2020.0
76,11453151,11460181,False,2,1,yearBuilt,35,+72yr,1950.0,2022.0
76,11453151,11460181,False,2,1,yearBuilt,36,+74yr,1950.0,2024.0
76,11453151,11460181,False,2,1,lot,0,+100sqft,0.46,0.4623
76,11453151,11460181,False,2,1,lot,1,+200sqft,0.46,0.4646
76,11453151,11460181,False,2,1,lot,2,+300sqft,0.46,0.4669
76,11453151,11460181,False,2,1,lot,3,+400sqft,0.46,0.4692
76,11453151,11460181,False,2,1,lot,4,+500sqft,0.46,0.4715
76,11453151,11460181,False,2,1,lot,5,+600sqft,0.46,0.4738
76,11453151,11460181,False,2,1,lot,6,+700sqft,0.46,0.4761
76,11453151,11460181,False,2,1,lot,7,+800sqft,0.46,0.4784
76,11453151,11460181,False,2,1,lot,8,+900sqft,0.46,0.4807
76,11453151,11460181,False,2,1,lot,9,+1000sqft,0.46,0.483
76,11453151,11460181,False,2,1,lot,10,+1100sqft,0.46,0.4853
76,11453151,11460181,False,2,1,lot,11,+1200sqft,0.46,0.4875
76,11453151,11460181,False,2,1,lot,12,+1300sqft,0.46,0.4898
76,11453151,11460181,False,2,1,lot,13,+1400sqft,0.46,0.4921
76,11453151,11460181,False,2,1,lot,14,+1500sqft,0.46,0.4944
76,11453151,11460181,False,2,1,lot,15,+1600sqft,0.46,0.4967
76,11453151,11460181,False,2,1,lot,16,+1700sqft,0.46,0.499
76,11453151,11460181,False,2,1,lot,17,+1800sqft,0.46,0.5013
76,11453151,11460181,False,2,1,lot,18,+1900sqft,0.46,0.5036
76,11453151,11460181,False,2,1,lot,19,+2000sqft,0.46,0.5059
76,11453151,11460181,False,2,1,lot,20,+2100sqft,0.46,0.5082
76,11453151,11460181,False,2,1,lot,21,+2200sqft,0.46,0.5105
76,11453151,11460181,False,2,1,lot,22,+2300sqft,0.46,0.5128
76,11453151,11460181,False,2,1,lot,23,+2400sqft,0.46,0.5151
76,11453151,11460181,False,2,1,lot,24,+2500sqft,0.46,0.5174
76,11453151,11460181,False,2,1,lot,25,+2600sqft,0.46,0.5197
76,11453151,11460181,False,2,1,lot,26,+2700sqft,0.46,0.522
76,11453151,11460181,False,2,1,lot,27,+2800sqft,0.46,0.5243
76,11453151,11460181,False,2,1,lot,28,+2900sqft,0.46,0.5266
76,11453151,11460181,False,2,1,lot,29,+3000sqft,0.46,0.5289
76,11453151,11460181,False,2,1,lot,30,+3100sqft,0.46,0.5312
76,11453151,11460181,False,2,1,lot,31,+3200sqft,0.46,0.5335
76,11453151,11460181,False,2,1,lot,32,+3300sqft,0.46,0.5358
76,11453151,11460181,False,2,1,lot,33,+3400sqft,0.46,0.5381
76,11453151,11460181,False,2,1,lot,34,+3500sqft,0.46,0.5403
76,11453151,11460181,False,2,1,lot,35,+3600sqft,0.46,0.5426
76,11453151,11460181,False,2,1,lot,36,+3700sqft,0.46,0.5449
76,11453151,11460181,False,2,1,lot,37,+3800sqft,0.46,0.5472
76,11453151,11460181,False,2,1,lot,38,+3900sqft,0.46,0.5495
76,11453151,11460181,False,2,1,lot,39,+4000sqft,0.46,0.5518
76,11453151,11460181,False,2,1,lot,40,+4100sqft,0.46,0.5541
76,11453151,11460181,False,2,1,lot,41,+4200sqft,0.46,0.5564
76,11453151,11460181,False,2,1,lot,42,+4300sqft,0.46,0.5587
76,11453151,11460181,False,2,1,lot,43,+4400sqft,0.46,0.561
76,11453151,11460181,False,2,1,lot,44,+4500sqft,0.46,0.5633
76,11453151,11460181,False,2,1,lot,45,+4600sqft,0.46,0.5656
76,11453151,11460181,False,2,1,lot,46,+4700sqft,0.46,0.5679
76,11453151,11460181,False,2,1,lot,47,+4800sqft,0.46,0.5702
76,11453151,11460181,False,2,1,lot,48,+4900sqft,0.46,0.5725
76,11453151,11460181,False,2,1,lot,49,+5000sqft,0.46,0.5748
77,11305084,11353784,True,1,2,bedrooms,0,+1,4.0,5.0
77,11305084,11353784,True,1,2,bedrooms,1,+2,4.0,6.0
77,11305084,11353784,True,1,2,bedrooms,2,+3,4.0,7.0
77,11305084,11353784,True,1,2,bedrooms,3,+4,4.0,8.0
77,11305084,11353784,True,1,2,bedrooms,4,+5,4.0,9.0
77,11305084,11353784,True,1,2,bedrooms,5,+6,4.0,10.0
77,11305084,11353784,True,1,2,bathrooms,0,+1,2.0,3.0
77,11305084,11353784,True,1,2,bathrooms,1,+2,2.0,4.0
77,11305084,11353784,True,1,2,bathrooms,2,+3,2.0,5.0
77,11305084,11353784,True,1,2,bathrooms,3,+4,2.0,6.0
77,11305084,11353784,True,1,2,bathrooms,4,+5,2.0,7.0
77,11305084,11353784,True,1,2,bathrooms,5,+6,2.0,8.0
77,11305084,11353784,True,1,2,bathrooms,6,+7,2.0,9.0
77,11305084,11353784,True,1,2,bathrooms,7,+8,2.0,10.0
77,11305084,11353784,True,1,2,yearBuilt,0,+2yr,1957.0,1959.0
77,11305084,11353784,True,1,2,yearBuilt,1,+4yr,1957.0,1961.0
77,11305084,11353784,True,1,2,yearBuilt,2,+6yr,1957.0,1963.0
77,11305084,11353784,True,1,2,yearBuilt,3,+8yr,1957.0,1965.0
77,11305084,11353784,True,1,2,yearBuilt,4,+10yr,1957.0,1967.0
77,11305084,11353784,True,1,2,yearBuilt,5,+12yr,1957.0,1969.0
77,11305084,11353784,True,1,2,yearBuilt,6,+14yr,1957.0,1971.0
77,11305084,11353784,True,1,2,yearBuilt,7,+16yr,1957.0,1973.0
77,11305084,11353784,True,1,2,yearBuilt,8,+18yr,1957.0,1975.0
77,11305084,11353784,True,1,2,yearBuilt,9,+20yr,1957.0,1977.0
77,11305084,11353784,True,1,2,yearBuilt,10,+22yr,1957.0,1979.0
77,11305084,11353784,True,1,2,yearBuilt,11,+24yr,1957.0,1981.0
77,11305084,11353784,True,1,2,yearBuilt,12,+26yr,1957.0,1983.0
77,11305084,11353784,True,1,2,yearBuilt,13,+28yr,1957.0,1985.0
77,11305084,11353784,True,1,2,yearBuilt,14,+30yr,1957.0,1987.0
77,11305084,11353784,True,1,2,yearBuilt,15,+32yr,1957.0,1989.0
77,11305084,11353784,True,1,2,yearBuilt,16,+34yr,1957.0,1991.0
77,11305084,11353784,True,1,2,yearBuilt,17,+36yr,1957.0,1993.0
77,11305084,11353784,True,1,2,yearBuilt,18,+38yr,1957.0,1995.0
77,11305084,11353784,True,1,2,yearBuilt,19,+40yr,1957.0,1997.0
77,11305084,11353784,True,1,2,yearBuilt,20,+42yr,1957.0,1999.0
77,11305084,11353784,True,1,2,yearBuilt,21,+44yr,1957.0,2001.0
77,11305084,11353784,True,1,2,yearBuilt,22,+46yr,1957.0,2003.0
77,11305084,11353784,True,1,2,yearBuilt,23,+48yr,1957.0,2005.0
77,11305084,11353784,True,1,2,yearBuilt,24,+50yr,1957.0,2007.0
77,11305084,11353784,True,1,2,yearBuilt,25,+52yr,1957.0,2009.0
77,11305084,11353784,True,1,2,yearBuilt,26,+54yr,1957.0,2011.0
77,11305084,11353784,True,1,2,yearBuilt,27,+56yr,1957.0,2013.0
77,11305084,11353784,True,1,2,yearBuilt,28,+58yr,1957.0,2015.0
77,11305084,11353784,True,1,2,yearBuilt,29,+60yr,1957.0,2017.0
77,11305084,11353784,True,1,2,yearBuilt,30,+62yr,1957.0,2019.0
77,11305084,11353784,True,1,2,yearBuilt,31,+64yr,1957.0,2021.0
77,11305084,11353784,True,1,2,yearBuilt,32,+66yr,1957.0,2023.0
77,11305084,11353784,True,1,2,yearBuilt,33,+68yr,1957.0,2025.0
77,11305084,11353784,True,1,2,lot,0,+100sqft,5222.0,5322.0
77,11305084,11353784,True,1,2,lot,1,+200sqft,5222.0,5422.0
77,11305084,11353784,True,1,2,lot,2,+300sqft,5222.0,5522.0
77,11305084,11353784,True,1,2,lot,3,+400sqft,5222.0,5622.0
77,11305084,11353784,True,1,2,lot,4,+500sqft,5222.0,5722.0
77,11305084,11353784,True,1,2,lot,5,+600sqft,5222.0,5822.0
77,11305084,11353784,True,1,2,lot,6,+700sqft,5222.0,5922.0
77,11305084,11353784,True,1,2,lot,7,+800sqft,5222.0,6022.0
77,11305084,11353784,True,1,2,lot,8,+900sqft,5222.0,6122.0
77,11305084,11353784,True,1,2,lot,9,+1000sqft,5222.0,6222.0
77,11305084,11353784,True,1,2,lot,10,+1100sqft,5222.0,6322.0
77,11305084,11353784,True,1,2,lot,11,+1200sqft,5222.0,6422.0
77,11305084,11353784,True,1,2,lot,12,+1300sqft,5222.0,6522.0
77,11305084,11353784,True,1,2,lot,13,+1400sqft,5222.0,6622.0
77,11305084,11353784,True,1,2,lot,14,+1500sqft,5222.0,6722.0
77,11305084,11353784,True,1,2,lot,15,+1600sqft,5222.0,6822.0
77,11305084,11353784,True,1,2,lot,16,+1700sqft,5222.0,6922.0
77,11305084,11353784,True,1,2,lot,17,+1800sqft,5222.0,7022.0
77,11305084,11353784,True,1,2,lot,18,+1900sqft,5222.0,7122.0
77,11305084,11353784,True,1,2,lot,19,+2000sqft,5222.0,7222.0
77,11305084,11353784,True,1,2,lot,20,+2100sqft,5222.0,7322.0
77,11305084,11353784,True,1,2,lot,21,+2200sqft,5222.0,7422.0
77,11305084,11353784,True,1,2,lot,22,+2300sqft,5222.0,7522.0
77,11305084,11353784,True,1,2,lot,23,+2400sqft,5222.0,7622.0
77,11305084,11353784,True,1,2,lot,24,+2500sqft,5222.0,7722.0
77,11305084,11353784,True,1,2,lot,25,+2600sqft,5222.0,7822.0
77,11305084,11353784,True,1,2,lot,26,+2700sqft,5222.0,7922.0
77,11305084,11353784,True,1,2,lot,27,+2800sqft,5222.0,8022.0
77,11305084,11353784,True,1,2,lot,28,+2900sqft,5222.0,8122.0
77,11305084,11353784,True,1,2,lot,29,+3000sqft,5222.0,8222.0
77,11305084,11353784,True,1,2,lot,30,+3100sqft,5222.0,8322.0
77,11305084,11353784,True,1,2,lot,31,+3200sqft,5222.0,8422.0
77,11305084,11353784,True,1,2,lot,32,+3300sqft,5222.0,8522.0
77,11305084,11353784,True,1,2,lot,33,+3400sqft,5222.0,8622.0
77,11305084,11353784,True,1,2,lot,34,+3500sqft,5222.0,8722.0
77,11305084,11353784,True,1,2,lot,35,+3600sqft,5222.0,8822.0
77,11305084,11353784,True,1,2,lot,36,+3700sqft,5222.0,8922.0
77,11305084,11353784,True,1,2,lot,37,+3800sqft,5222.0,9022.0
77,11305084,11353784,True,1,2,lot,38,+3900sqft,5222.0,9122.0
77,11305084,11353784,True,1,2,lot,39,+4000sqft,5222.0,9222.0
77,11305084,11353784,True,1,2,lot,40,+4100sqft,5222.0,9322.0
77,11305084,11353784,True,1,2,lot,41,+4200sqft,5222.0,9422.0
77,11305084,11353784,True,1,2,lot,42,+4300sqft,5222.0,9522.0
77,11305084,11353784,True,1,2,lot,43,+4400sqft,5222.0,9622.0
77,11305084,11353784,True,1,2,lot,44,+4500sqft,5222.0,9722.0
77,11305084,11353784,True,1,2,lot,45,+4600sqft,5222.0,9822.0
77,11305084,11353784,True,1,2,lot,46,+4700sqft,5222.0,9922.0
77,11305084,11353784,True,1,2,lot,47,+4800sqft,5222.0,10022.0
77,11305084,11353784,True,1,2,lot,48,+4900sqft,5222.0,10122.0
77,11305084,11353784,True,1,2,lot,49,+5000sqft,5222.0,10222.0
78,11356074,11476057,False,2,1,bedrooms,0,+1,3.0,4.0
78,11356074,11476057,False,2,1,bedrooms,1,+2,3.0,5.0
78,11356074,11476057,False,2,1,bedrooms,2,+3,3.0,6.0
78,11356074,11476057,False,2,1,bedrooms,3,+4,3.0,7.0
78,11356074,11476057,False,2,1,bedrooms,4,+5,3.0,8.0
78,11356074,11476057,False,2,1,bedrooms,5,+6,3.0,9.0
78,11356074,11476057,False,2,1,bedrooms,6,+7,3.0,10.0
78,11356074,11476057,False,2,1,bathrooms,0,+1,1.0,2.0
78,11356074,11476057,False,2,1,bathrooms,1,+2,1.0,3.0
78,11356074,11476057,False,2,1,bathrooms,2,+3,1.0,4.0
78,11356074,11476057,False,2,1,bathrooms,3,+4,1.0,5.0
78,11356074,11476057,False,2,1,bathrooms,4,+5,1.0,6.0
78,11356074,11476057,False,2,1,bathrooms,5,+6,1.0,7.0
78,11356074,11476057,False,2,1,bathrooms,6,+7,1.0,8.0
78,11356074,11476057,False,2,1,bathrooms,7,+8,1.0,9.0
78,11356074,11476057,False,2,1,bathrooms,8,+9,1.0,10.0
78,11356074,11476057,False,2,1,yearBuilt,0,+2yr,1956.0,1958.0
78,11356074,11476057,False,2,1,yearBuilt,1,+4yr,1956.0,1960.0
78,11356074,11476057,False,2,1,yearBuilt,2,+6yr,1956.0,1962.0
78,11356074,11476057,False,2,1,yearBuilt,3,+8yr,1956.0,1964.0
78,11356074,11476057,False,2,1,yearBuilt,4,+10yr,1956.0,1966.0
78,11356074,11476057,False,2,1,yearBuilt,5,+12yr,1956.0,1968.0
78,11356074,11476057,False,2,1,yearBuilt,6,+14yr,1956.0,1970.0
78,11356074,11476057,False,2,1,yearBuilt,7,+16yr,1956.0,1972.0
78,11356074,11476057,False,2,1,yearBuilt,8,+18yr,1956.0,1974.0
78,11356074,11476057,False,2,1,yearBuilt,9,+20yr,1956.0,1976.0
78,11356074,11476057,False,2,1,yearBuilt,10,+22yr,1956.0,1978.0
78,11356074,11476057,False,2,1,yearBuilt,11,+24yr,1956.0,1980.0
78,11356074,11476057,False,2,1,yearBuilt,12,+26yr,1956.0,1982.0
78,11356074,11476057,False,2,1,yearBuilt,13,+28yr,1956.0,1984.0
78,11356074,11476057,False,2,1,yearBuilt,14,+30yr,1956.0,1986.0
78,11356074,11476057,False,2,1,yearBuilt,15,+32yr,1956.0,1988.0
78,11356074,11476057,False,2,1,yearBuilt,16,+34yr,1956.0,1990.0
78,11356074,11476057,False,2,1,yearBuilt,17,+36yr,1956.0,1992.0
78,11356074,11476057,False,2,1,yearBuilt,18,+38yr,1956.0,1994.0
78,11356074,11476057,False,2,1,yearBuilt,19,+40yr,1956.0,1996.0
78,11356074,11476057,False,2,1,yearBuilt,20,+42yr,1956.0,1998.0
78,11356074,11476057,False,2,1,yearBuilt,21,+44yr,1956.0,2000.0
78,11356074,11476057,False,2,1,yearBuilt,22,+46yr,1956.0,2002.0
78,11356074,11476057,False,2,1,yearBuilt,23,+48yr,1956.0,2004.0
78,11356074,11476057,False,2,1,yearBuilt,24,+50yr,1956.0,2006.0
78,11356074,11476057,False,2,1,yearBuilt,25,+52yr,1956.0,2008.0
78,11356074,11476057,False,2,1,yearBuilt,26,+54yr,1956.0,2010.0
78,11356074,11476057,False,2,1,yearBuilt,27,+56yr,1956.0,2012.0
78,11356074,11476057,False,2,1,yearBuilt,28,+58yr,1956.0,2014.0
78,11356074,11476057,False,2,1,yearBuilt,29,+60yr,1956.0,2016.0
78,11356074,11476057,False,2,1,yearBuilt,30,+62yr,1956.0,2018.0
78,11356074,11476057,False,2,1,yearBuilt,31,+64yr,1956.0,2020.0
78,11356074,11476057,False,2,1,yearBuilt,32,+66yr,1956.0,2022.0
78,11356074,11476057,False,2,1,yearBuilt,33,+68yr,1956.0,2024.0
78,11356074,11476057,False,2,1,lot,0,+100sqft,4051.0,4151.0
78,11356074,11476057,False,2,1,lot,1,+200sqft,4051.0,4251.0
78,11356074,11476057,False,2,1,lot,2,+300sqft,4051.0,4351.0
78,11356074,11476057,False,2,1,lot,3,+400sqft,4051.0,4451.0
78,11356074,11476057,False,2,1,lot,4,+500sqft,4051.0,4551.0
78,11356074,11476057,False,2,1,lot,5,+600sqft,4051.0,4651.0
78,11356074,11476057,False,2,1,lot,6,+700sqft,4051.0,4751.0
78,11356074,11476057,False,2,1,lot,7,+800sqft,4051.0,4851.0
78,11356074,11476057,False,2,1,lot,8,+900sqft,4051.0,4951.0
78,11356074,11476057,False,2,1,lot,9,+1000sqft,4051.0,5051.0
78,11356074,11476057,False,2,1,lot,10,+1100sqft,4051.0,5151.0
78,11356074,11476057,False,2,1,lot,11,+1200sqft,4051.0,5251.0
78,11356074,11476057,False,2,1,lot,12,+1300sqft,4051.0,5351.0
78,11356074,11476057,False,2,1,lot,13,+1400sqft,4051.0,5451.0
78,11356074,11476057,False,2,1,lot,14,+1500sqft,4051.0,5551.0
78,11356074,11476057,False,2,1,lot,15,+1600sqft,4051.0,5651.0
78,11356074,11476057,False,2,1,lot,16,+1700sqft,4051.0,5751.0
78,11356074,11476057,False,2,1,lot,17,+1800sqft,4051.0,5851.0
78,11356074,11476057,False,2,1,lot,18,+1900sqft,4051.0,5951.0
78,11356074,11476057,False,2,1,lot,19,+2000sqft,4051.0,6051.0
78,11356074,11476057,False,2,1,lot,20,+2100sqft,4051.0,6151.0
78,11356074,11476057,False,2,1,lot,21,+2200sqft,4051.0,6251.0
78,11356074,11476057,False,2,1,lot,22,+2300sqft,4051.0,6351.0
78,11356074,11476057,False,2,1,lot,23,+2400sqft,4051.0,6451.0
78,11356074,11476057,False,2,1,lot,24,+2500sqft,4051.0,6551.0
78,11356074,11476057,False,2,1,lot,25,+2600sqft,4051.0,6651.0
78,11356074,11476057,False,2,1,lot,26,+2700sqft,4051.0,6751.0
78,11356074,11476057,False,2,1,lot,27,+2800sqft,4051.0,6851.0
78,11356074,11476057,False,2,1,lot,28,+2900sqft,4051.0,6951.0
78,11356074,11476057,False,2,1,lot,29,+3000sqft,4051.0,7051.0
78,11356074,11476057,False,2,1,lot,30,+3100sqft,4051.0,7151.0
78,11356074,11476057,False,2,1,lot,31,+3200sqft,4051.0,7251.0
78,11356074,11476057,False,2,1,lot,32,+3300sqft,4051.0,7351.0
78,11356074,11476057,False,2,1,lot,33,+3400sqft,4051.0,7451.0
78,11356074,11476057,False,2,1,lot,34,+3500sqft,4051.0,7551.0
78,11356074,11476057,False,2,1,lot,35,+3600sqft,4051.0,7651.0
78,11356074,11476057,False,2,1,lot,36,+3700sqft,4051.0,7751.0
78,11356074,11476057,False,2,1,lot,37,+3800sqft,4051.0,7851.0
78,11356074,11476057,False,2,1,lot,38,+3900sqft,4051.0,7951.0
78,11356074,11476057,False,2,1,lot,39,+4000sqft,4051.0,8051.0
78,11356074,11476057,False,2,1,lot,40,+4100sqft,4051.0,8151.0
78,11356074,11476057,False,2,1,lot,41,+4200sqft,4051.0,8251.0
78,11356074,11476057,False,2,1,lot,42,+4300sqft,4051.0,8351.0
78,11356074,11476057,False,2,1,lot,43,+4400sqft,4051.0,8451.0
78,11356074,11476057,False,2,1,lot,44,+4500sqft,4051.0,8551.0
78,11356074,11476057,False,2,1,lot,45,+4600sqft,4051.0,8651.0
78,11356074,11476057,False,2,1,lot,46,+4700sqft,4051.0,8751.0
78,11356074,11476057,False,2,1,lot,47,+4800sqft,4051.0,8851.0
78,11356074,11476057,False,2,1,lot,48,+4900sqft,4051.0,8951.0
78,11356074,11476057,False,2,1,lot,49,+5000sqft,4051.0,9051.0
79,11257430,11557616,False,2,1,bedrooms,0,+1,4.0,5.0
79,11257430,11557616,False,2,1,bedrooms,1,+2,4.0,6.0
79,11257430,11557616,False,2,1,bedrooms,2,+3,4.0,7.0
79,11257430,11557616,False,2,1,bedrooms,3,+4,4.0,8.0
79,11257430,11557616,False,2,1,bedrooms,4,+5,4.0,9.0
79,11257430,11557616,False,2,1,bedrooms,5,+6,4.0,10.0
79,11257430,11557616,False,2,1,bathrooms,0,+1,4.0,5.0
79,11257430,11557616,False,2,1,bathrooms,1,+2,4.0,6.0
79,11257430,11557616,False,2,1,bathrooms,2,+3,4.0,7.0
79,11257430,11557616,False,2,1,bathrooms,3,+4,4.0,8.0
79,11257430,11557616,False,2,1,bathrooms,4,+5,4.0,9.0
79,11257430,11557616,False,2,1,bathrooms,5,+6,4.0,10.0
79,11257430,11557616,False,2,1,yearBuilt,0,+2yr,1979.0,1981.0
79,11257430,11557616,False,2,1,yearBuilt,1,+4yr,1979.0,1983.0
79,11257430,11557616,False,2,1,yearBuilt,2,+6yr,1979.0,1985.0
79,11257430,11557616,False,2,1,yearBuilt,3,+8yr,1979.0,1987.0
79,11257430,11557616,False,2,1,yearBuilt,4,+10yr,1979.0,1989.0
79,11257430,11557616,False,2,1,yearBuilt,5,+12yr,1979.0,1991.0
79,11257430,11557616,False,2,1,yearBuilt,6,+14yr,1979.0,1993.0
79,11257430,11557616,False,2,1,yearBuilt,7,+16yr,1979.0,1995.0
79,11257430,11557616,False,2,1,yearBuilt,8,+18yr,1979.0,1997.0
79,11257430,11557616,False,2,1,yearBuilt,9,+20yr,1979.0,1999.0
79,11257430,11557616,False,2,1,yearBuilt,10,+22yr,1979.0,2001.0
79,11257430,11557616,False,2,1,yearBuilt,11,+24yr,1979.0,2003.0
79,11257430,11557616,False,2,1,yearBuilt,12,+26yr,1979.0,2005.0
79,11257430,11557616,False,2,1,yearBuilt,13,+28yr,1979.0,2007.0
79,11257430,11557616,False,2,1,yearBuilt,14,+30yr,1979.0,2009.0
79,11257430,11557616,False,2,1,yearBuilt,15,+32yr,1979.0,2011.0
79,11257430,11557616,False,2,1,yearBuilt,16,+34yr,1979.0,2013.0
79,11257430,11557616,False,2,1,yearBuilt,17,+36yr,1979.0,2015.0
79,11257430,11557616,False,2,1,yearBuilt,18,+38yr,1979.0,2017.0
79,11257430,11557616,False,2,1,yearBuilt,19,+40yr,1979.0,2019.0
79,11257430,11557616,False,2,1,yearBuilt,20,+42yr,1979.0,2021.0
79,11257430,11557616,False,2,1,yearBuilt,21,+44yr,1979.0,2023.0
79,11257430,11557616,False,2,1,yearBuilt,22,+46yr,1979.0,2025.0
79,11257430,11557616,False,2,1,lot,0,+100sqft,0.46,0.4623
79,11257430,11557616,False,2,1,lot,1,+200sqft,0.46,0.4646
79,11257430,11557616,False,2,1,lot,2,+300sqft,0.46,0.4669
79,11257430,11557616,False,2,1,lot,3,+400sqft,0.46,0.4692
79,11257430,11557616,False,2,1,lot,4,+500sqft,0.46,0.4715
79,11257430,11557616,False,2,1,lot,5,+600sqft,0.46,0.4738
79,11257430,11557616,False,2,1,lot,6,+700sqft,0.46,0.4761
79,11257430,11557616,False,2,1,lot,7,+800sqft,0.46,0.4784
79,11257430,11557616,False,2,1,lot,8,+900sqft,0.46,0.4807
79,11257430,11557616,False,2,1,lot,9,+1000sqft,0.46,0.483
79,11257430,11557616,False,2,1,lot,10,+1100sqft,0.46,0.4853
79,11257430,11557616,False,2,1,lot,11,+1200sqft,0.46,0.4875
79,11257430,11557616,False,2,1,lot,12,+1300sqft,0.46,0.4898
79,11257430,11557616,False,2,1,lot,13,+1400sqft,0.46,0.4921
79,11257430,11557616,False,2,1,lot,14,+1500sqft,0.46,0.4944
79,11257430,11557616,False,2,1,lot,15,+1600sqft,0.46,0.4967
79,11257430,11557616,False,2,1,lot,16,+1700sqft,0.46,0.499
79,11257430,11557616,False,2,1,lot,17,+1800sqft,0.46,0.5013
79,11257430,11557616,False,2,1,lot,18,+1900sqft,0.46,0.5036
79,11257430,11557616,False,2,1,lot,19,+2000sqft,0.46,0.5059
79,11257430,11557616,False,2,1,lot,20,+2100sqft,0.46,0.5082
79,11257430,11557616,False,2,1,lot,21,+2200sqft,0.46,0.5105
79,11257430,11557616,False,2,1,lot,22,+2300sqft,0.46,0.5128
79,11257430,11557616,False,2,1,lot,23,+2400sqft,0.46,0.5151
79,11257430,11557616,False,2,1,lot,24,+2500sqft,0.46,0.5174
79,11257430,11557616,False,2,1,lot,25,+2600sqft,0.46,0.5197
79,11257430,11557616,False,2,1,lot,26,+2700sqft,0.46,0.522
79,11257430,11557616,False,2,1,lot,27,+2800sqft,0.46,0.5243
79,11257430,11557616,False,2,1,lot,28,+2900sqft,0.46,0.5266
79,11257430,11557616,False,2,1,lot,29,+3000sqft,0.46,0.5289
79,11257430,11557616,False,2,1,lot,30,+3100sqft,0.46,0.5312
79,11257430,11557616,False,2,1,lot,31,+3200sqft,0.46,0.5335
79,11257430,11557616,False,2,1,lot,32,+3300sqft,0.46,0.5358
79,11257430,11557616,False,2,1,lot,33,+3400sqft,0.46,0.5381
79,11257430,11557616,False,2,1,lot,34,+3500sqft,0.46,0.5403
79,11257430,11557616,False,2,1,lot,35,+3600sqft,0.46,0.5426
79,11257430,11557616,False,2,1,lot,36,+3700sqft,0.46,0.5449
79,11257430,11557616,False,2,1,lot,37,+3800sqft,0.46,0.5472
79,11257430,11557616,False,2,1,lot,38,+3900sqft,0.46,0.5495
79,11257430,11557616,False,2,1,lot,39,+4000sqft,0.46,0.5518
79,11257430,11557616,False,2,1,lot,40,+4100sqft,0.46,0.5541
79,11257430,11557616,False,2,1,lot,41,+4200sqft,0.46,0.5564
79,11257430,11557616,False,2,1,lot,42,+4300sqft,0.46,0.5587
79,11257430,11557616,False,2,1,lot,43,+4400sqft,0.46,0.561
79,11257430,11557616,False,2,1,lot,44,+4500sqft,0.46,0.5633
79,11257430,11557616,False,2,1,lot,45,+4600sqft,0.46,0.5656
79,11257430,11557616,False,2,1,lot,46,+4700sqft,0.46,0.5679
79,11257430,11557616,False,2,1,lot,47,+4800sqft,0.46,0.5702
79,11257430,11557616,False,2,1,lot,48,+4900sqft,0.46,0.5725
79,11257430,11557616,False,2,1,lot,49,+5000sqft,0.46,0.5748
80,11571078,11574140,True,1,2,bedrooms,0,+1,4.0,5.0
80,11571078,11574140,True,1,2,bedrooms,1,+2,4.0,6.0
80,11571078,11574140,True,1,2,bedrooms,2,+3,4.0,7.0
80,11571078,11574140,True,1,2,bedrooms,3,+4,4.0,8.0
80,11571078,11574140,True,1,2,bedrooms,4,+5,4.0,9.0
80,11571078,11574140,True,1,2,bedrooms,5,+6,4.0,10.0
80,11571078,11574140,True,1,2,bathrooms,0,+1,3.0,4.0
80,11571078,11574140,True,1,2,bathrooms,1,+2,3.0,5.0
80,11571078,11574140,True,1,2,bathrooms,2,+3,3.0,6.0
80,11571078,11574140,True,1,2,bathrooms,3,+4,3.0,7.0
80,11571078,11574140,True,1,2,bathrooms,4,+5,3.0,8.0
80,11571078,11574140,True,1,2,bathrooms,5,+6,3.0,9.0
80,11571078,11574140,True,1,2,bathrooms,6,+7,3.0,10.0
80,11571078,11574140,True,1,2,yearBuilt,0,+2yr,1969.0,1971.0
80,11571078,11574140,True,1,2,yearBuilt,1,+4yr,1969.0,1973.0
80,11571078,11574140,True,1,2,yearBuilt,2,+6yr,1969.0,1975.0
80,11571078,11574140,True,1,2,yearBuilt,3,+8yr,1969.0,1977.0
80,11571078,11574140,True,1,2,yearBuilt,4,+10yr,1969.0,1979.0
80,11571078,11574140,True,1,2,yearBuilt,5,+12yr,1969.0,1981.0
80,11571078,11574140,True,1,2,yearBuilt,6,+14yr,1969.0,1983.0
80,11571078,11574140,True,1,2,yearBuilt,7,+16yr,1969.0,1985.0
80,11571078,11574140,True,1,2,yearBuilt,8,+18yr,1969.0,1987.0
80,11571078,11574140,True,1,2,yearBuilt,9,+20yr,1969.0,1989.0
80,11571078,11574140,True,1,2,yearBuilt,10,+22yr,1969.0,1991.0
80,11571078,11574140,True,1,2,yearBuilt,11,+24yr,1969.0,1993.0
80,11571078,11574140,True,1,2,yearBuilt,12,+26yr,1969.0,1995.0
80,11571078,11574140,True,1,2,yearBuilt,13,+28yr,1969.0,1997.0
80,11571078,11574140,True,1,2,yearBuilt,14,+30yr,1969.0,1999.0
80,11571078,11574140,True,1,2,yearBuilt,15,+32yr,1969.0,2001.0
80,11571078,11574140,True,1,2,yearBuilt,16,+34yr,1969.0,2003.0
80,11571078,11574140,True,1,2,yearBuilt,17,+36yr,1969.0,2005.0
80,11571078,11574140,True,1,2,yearBuilt,18,+38yr,1969.0,2007.0
80,11571078,11574140,True,1,2,yearBuilt,19,+40yr,1969.0,2009.0
80,11571078,11574140,True,1,2,yearBuilt,20,+42yr,1969.0,2011.0
80,11571078,11574140,True,1,2,yearBuilt,21,+44yr,1969.0,2013.0
80,11571078,11574140,True,1,2,yearBuilt,22,+46yr,1969.0,2015.0
80,11571078,11574140,True,1,2,yearBuilt,23,+48yr,1969.0,2017.0
80,11571078,11574140,True,1,2,yearBuilt,24,+50yr,1969.0,2019.0
80,11571078,11574140,True,1,2,yearBuilt,25,+52yr,1969.0,2021.0
80,11571078,11574140,True,1,2,yearBuilt,26,+54yr,1969.0,2023.0
80,11571078,11574140,True,1,2,yearBuilt,27,+56yr,1969.0,2025.0
80,11571078,11574140,True,1,2,lot,0,+100sqft,9748.0,9848.0
80,11571078,11574140,True,1,2,lot,1,+200sqft,9748.0,9948.0
80,11571078,11574140,True,1,2,lot,2,+300sqft,9748.0,10048.0
80,11571078,11574140,True,1,2,lot,3,+400sqft,9748.0,10148.0
80,11571078,11574140,True,1,2,lot,4,+500sqft,9748.0,10248.0
80,11571078,11574140,True,1,2,lot,5,+600sqft,9748.0,10348.0
80,11571078,11574140,True,1,2,lot,6,+700sqft,9748.0,10448.0
80,11571078,11574140,True,1,2,lot,7,+800sqft,9748.0,10548.0
80,11571078,11574140,True,1,2,lot,8,+900sqft,9748.0,10648.0
80,11571078,11574140,True,1,2,lot,9,+1000sqft,9748.0,10748.0
80,11571078,11574140,True,1,2,lot,10,+1100sqft,9748.0,10848.0
80,11571078,11574140,True,1,2,lot,11,+1200sqft,9748.0,10948.0
80,11571078,11574140,True,1,2,lot,12,+1300sqft,9748.0,11048.0
80,11571078,11574140,True,1,2,lot,13,+1400sqft,9748.0,11148.0
80,11571078,11574140,True,1,2,lot,14,+1500sqft,9748.0,11248.0
80,11571078,11574140,True,1,2,lot,15,+1600sqft,9748.0,11348.0
80,11571078,11574140,True,1,2,lot,16,+1700sqft,9748.0,11448.0
80,11571078,11574140,True,1,2,lot,17,+1800sqft,9748.0,11548.0
80,11571078,11574140,True,1,2,lot,18,+1900sqft,9748.0,11648.0
80,11571078,11574140,True,1,2,lot,19,+2000sqft,9748.0,11748.0
80,11571078,11574140,True,1,2,lot,20,+2100sqft,9748.0,11848.0
80,11571078,11574140,True,1,2,lot,21,+2200sqft,9748.0,11948.0
80,11571078,11574140,True,1,2,lot,22,+2300sqft,9748.0,12048.0
80,11571078,11574140,True,1,2,lot,23,+2400sqft,9748.0,12148.0
80,11571078,11574140,True,1,2,lot,24,+2500sqft,9748.0,12248.0
80,11571078,11574140,True,1,2,lot,25,+2600sqft,9748.0,12348.0
80,11571078,11574140,True,1,2,lot,26,+2700sqft,9748.0,12448.0
80,11571078,11574140,True,1,2,lot,27,+2800sqft,9748.0,12548.0
80,11571078,11574140,True,1,2,lot,28,+2900sqft,9748.0,12648.0
80,11571078,11574140,True,1,2,lot,29,+3000sqft,9748.0,12748.0
80,11571078,11574140,True,1,2,lot,30,+3100sqft,9748.0,12848.0
80,11571078,11574140,True,1,2,lot,31,+3200sqft,9748.0,12948.0
80,11571078,11574140,True,1,2,lot,32,+3300sqft,9748.0,13048.0
80,11571078,11574140,True,1,2,lot,33,+3400sqft,9748.0,13148.0
80,11571078,11574140,True,1,2,lot,34,+3500sqft,9748.0,13248.0
80,11571078,11574140,True,1,2,lot,35,+3600sqft,9748.0,13348.0
80,11571078,11574140,True,1,2,lot,36,+3700sqft,9748.0,13448.0
80,11571078,11574140,True,1,2,lot,37,+3800sqft,9748.0,13548.0
80,11571078,11574140,True,1,2,lot,38,+3900sqft,9748.0,13648.0
80,11571078,11574140,True,1,2,lot,39,+4000sqft,9748.0,13748.0
80,11571078,11574140,True,1,2,lot,40,+4100sqft,9748.0,13848.0
80,11571078,11574140,True,1,2,lot,41,+4200sqft,9748.0,13948.0
80,11571078,11574140,True,1,2,lot,42,+4300sqft,9748.0,14048.0
80,11571078,11574140,True,1,2,lot,43,+4400sqft,9748.0,14148.0
80,11571078,11574140,True,1,2,lot,44,+4500sqft,9748.0,14248.0
80,11571078,11574140,True,1,2,lot,45,+4600sqft,9748.0,14348.0
80,11571078,11574140,True,1,2,lot,46,+4700sqft,9748.0,14448.0
80,11571078,11574140,True,1,2,lot,47,+4800sqft,9748.0,14548.0
80,11571078,11574140,True,1,2,lot,48,+4900sqft,9748.0,14648.0
80,11571078,11574140,True,1,2,lot,49,+5000sqft,9748.0,14748.0
81,11354988,11397402,False,1,2,bedrooms,0,+1,3.0,4.0
81,11354988,11397402,False,1,2,bedrooms,1,+2,3.0,5.0
81,11354988,11397402,False,1,2,bedrooms,2,+3,3.0,6.0
81,11354988,11397402,False,1,2,bedrooms,3,+4,3.0,7.0
81,11354988,11397402,False,1,2,bedrooms,4,+5,3.0,8.0
81,11354988,11397402,False,1,2,bedrooms,5,+6,3.0,9.0
81,11354988,11397402,False,1,2,bedrooms,6,+7,3.0,10.0
81,11354988,11397402,False,1,2,bathrooms,0,+1,3.0,4.0
81,11354988,11397402,False,1,2,bathrooms,1,+2,3.0,5.0
81,11354988,11397402,False,1,2,bathrooms,2,+3,3.0,6.0
81,11354988,11397402,False,1,2,bathrooms,3,+4,3.0,7.0
81,11354988,11397402,False,1,2,bathrooms,4,+5,3.0,8.0
81,11354988,11397402,False,1,2,bathrooms,5,+6,3.0,9.0
81,11354988,11397402,False,1,2,bathrooms,6,+7,3.0,10.0
81,11354988,11397402,False,1,2,yearBuilt,0,+2yr,1993.0,1995.0
81,11354988,11397402,False,1,2,yearBuilt,1,+4yr,1993.0,1997.0
81,11354988,11397402,False,1,2,yearBuilt,2,+6yr,1993.0,1999.0
81,11354988,11397402,False,1,2,yearBuilt,3,+8yr,1993.0,2001.0
81,11354988,11397402,False,1,2,yearBuilt,4,+10yr,1993.0,2003.0
81,11354988,11397402,False,1,2,yearBuilt,5,+12yr,1993.0,2005.0
81,11354988,11397402,False,1,2,yearBuilt,6,+14yr,1993.0,2007.0
81,11354988,11397402,False,1,2,yearBuilt,7,+16yr,1993.0,2009.0
81,11354988,11397402,False,1,2,yearBuilt,8,+18yr,1993.0,2011.0
81,11354988,11397402,False,1,2,yearBuilt,9,+20yr,1993.0,2013.0
81,11354988,11397402,False,1,2,yearBuilt,10,+22yr,1993.0,2015.0
81,11354988,11397402,False,1,2,yearBuilt,11,+24yr,1993.0,2017.0
81,11354988,11397402,False,1,2,yearBuilt,12,+26yr,1993.0,2019.0
81,11354988,11397402,False,1,2,yearBuilt,13,+28yr,1993.0,2021.0
81,11354988,11397402,False,1,2,yearBuilt,14,+30yr,1993.0,2023.0
81,11354988,11397402,False,1,2,yearBuilt,15,+32yr,1993.0,2025.0
81,11354988,11397402,False,1,2,lot,0,+100sqft,2176.0,2276.0
81,11354988,11397402,False,1,2,lot,1,+200sqft,2176.0,2376.0
81,11354988,11397402,False,1,2,lot,2,+300sqft,2176.0,2476.0
81,11354988,11397402,False,1,2,lot,3,+400sqft,2176.0,2576.0
81,11354988,11397402,False,1,2,lot,4,+500sqft,2176.0,2676.0
81,11354988,11397402,False,1,2,lot,5,+600sqft,2176.0,2776.0
81,11354988,11397402,False,1,2,lot,6,+700sqft,2176.0,2876.0
81,11354988,11397402,False,1,2,lot,7,+800sqft,2176.0,2976.0
81,11354988,11397402,False,1,2,lot,8,+900sqft,2176.0,3076.0
81,11354988,11397402,False,1,2,lot,9,+1000sqft,2176.0,3176.0
81,11354988,11397402,False,1,2,lot,10,+1100sqft,2176.0,3276.0
81,11354988,11397402,False,1,2,lot,11,+1200sqft,2176.0,3376.0
81,11354988,11397402,False,1,2,lot,12,+1300sqft,2176.0,3476.0
81,11354988,11397402,False,1,2,lot,13,+1400sqft,2176.0,3576.0
81,11354988,11397402,False,1,2,lot,14,+1500sqft,2176.0,3676.0
81,11354988,11397402,False,1,2,lot,15,+1600sqft,2176.0,3776.0
81,11354988,11397402,False,1,2,lot,16,+1700sqft,2176.0,3876.0
81,11354988,11397402,False,1,2,lot,17,+1800sqft,2176.0,3976.0
81,11354988,11397402,False,1,2,lot,18,+1900sqft,2176.0,4076.0
81,11354988,11397402,False,1,2,lot,19,+2000sqft,2176.0,4176.0
81,11354988,11397402,False,1,2,lot,20,+2100sqft,2176.0,4276.0
81,11354988,11397402,False,1,2,lot,21,+2200sqft,2176.0,4376.0
81,11354988,11397402,False,1,2,lot,22,+2300sqft,2176.0,4476.0
81,11354988,11397402,False,1,2,lot,23,+2400sqft,2176.0,4576.0
81,11354988,11397402,False,1,2,lot,24,+2500sqft,2176.0,4676.0
81,11354988,11397402,False,1,2,lot,25,+2600sqft,2176.0,4776.0
81,11354988,11397402,False,1,2,lot,26,+2700sqft,2176.0,4876.0
81,11354988,11397402,False,1,2,lot,27,+2800sqft,2176.0,4976.0
81,11354988,11397402,False,1,2,lot,28,+2900sqft,2176.0,5076.0
81,11354988,11397402,False,1,2,lot,29,+3000sqft,2176.0,5176.0
81,11354988,11397402,False,1,2,lot,30,+3100sqft,2176.0,5276.0
81,11354988,11397402,False,1,2,lot,31,+3200sqft,2176.0,5376.0
81,11354988,11397402,False,1,2,lot,32,+3300sqft,2176.0,5476.0
81,11354988,11397402,False,1,2,lot,33,+3400sqft,2176.0,5576.0
81,11354988,11397402,False,1,2,lot,34,+3500sqft,2176.0,5676.0
81,11354988,11397402,False,1,2,lot,35,+3600sqft,2176.0,5776.0
81,11354988,11397402,False,1,2,lot,36,+3700sqft,2176.0,5876.0
81,11354988,11397402,False,1,2,lot,37,+3800sqft,2176.0,5976.0
81,11354988,11397402,False,1,2,lot,38,+3900sqft,2176.0,6076.0
81,11354988,11397402,False,1,2,lot,39,+4000sqft,2176.0,6176.0
81,11354988,11397402,False,1,2,lot,40,+4100sqft,2176.0,6276.0
81,11354988,11397402,False,1,2,lot,41,+4200sqft,2176.0,6376.0
81,11354988,11397402,False,1,2,lot,42,+4300sqft,2176.0,6476.0
81,11354988,11397402,False,1,2,lot,43,+4400sqft,2176.0,6576.0
81,11354988,11397402,False,1,2,lot,44,+4500sqft,2176.0,6676.0
81,11354988,11397402,False,1,2,lot,45,+4600sqft,2176.0,6776.0
81,11354988,11397402,False,1,2,lot,46,+4700sqft,2176.0,6876.0
81,11354988,11397402,False,1,2,lot,47,+4800sqft,2176.0,6976.0
81,11354988,11397402,False,1,2,lot,48,+4900sqft,2176.0,7076.0
81,11354988,11397402,False,1,2,lot,49,+5000sqft,2176.0,7176.0
82,11284306,102980739,False,1,2,bedrooms,0,+1,3.0,4.0
82,11284306,102980739,False,1,2,bedrooms,1,+2,3.0,5.0
82,11284306,102980739,False,1,2,bedrooms,2,+3,3.0,6.0
82,11284306,102980739,False,1,2,bedrooms,3,+4,3.0,7.0
82,11284306,102980739,False,1,2,bedrooms,4,+5,3.0,8.0
82,11284306,102980739,False,1,2,bedrooms,5,+6,3.0,9.0
82,11284306,102980739,False,1,2,bedrooms,6,+7,3.0,10.0
82,11284306,102980739,False,1,2,bathrooms,0,+1,1.0,2.0
82,11284306,102980739,False,1,2,bathrooms,1,+2,1.0,3.0
82,11284306,102980739,False,1,2,bathrooms,2,+3,1.0,4.0
82,11284306,102980739,False,1,2,bathrooms,3,+4,1.0,5.0
82,11284306,102980739,False,1,2,bathrooms,4,+5,1.0,6.0
82,11284306,102980739,False,1,2,bathrooms,5,+6,1.0,7.0
82,11284306,102980739,False,1,2,bathrooms,6,+7,1.0,8.0
82,11284306,102980739,False,1,2,bathrooms,7,+8,1.0,9.0
82,11284306,102980739,False,1,2,bathrooms,8,+9,1.0,10.0
82,11284306,102980739,False,1,2,yearBuilt,0,+2yr,1925.0,1927.0
82,11284306,102980739,False,1,2,yearBuilt,1,+4yr,1925.0,1929.0
82,11284306,102980739,False,1,2,yearBuilt,2,+6yr,1925.0,1931.0
82,11284306,102980739,False,1,2,yearBuilt,3,+8yr,1925.0,1933.0
82,11284306,102980739,False,1,2,yearBuilt,4,+10yr,1925.0,1935.0
82,11284306,102980739,False,1,2,yearBuilt,5,+12yr,1925.0,1937.0
82,11284306,102980739,False,1,2,yearBuilt,6,+14yr,1925.0,1939.0
82,11284306,102980739,False,1,2,yearBuilt,7,+16yr,1925.0,1941.0
82,11284306,102980739,False,1,2,yearBuilt,8,+18yr,1925.0,1943.0
82,11284306,102980739,False,1,2,yearBuilt,9,+20yr,1925.0,1945.0
82,11284306,102980739,False,1,2,yearBuilt,10,+22yr,1925.0,1947.0
82,11284306,102980739,False,1,2,yearBuilt,11,+24yr,1925.0,1949.0
82,11284306,102980739,False,1,2,yearBuilt,12,+26yr,1925.0,1951.0
82,11284306,102980739,False,1,2,yearBuilt,13,+28yr,1925.0,1953.0
82,11284306,102980739,False,1,2,yearBuilt,14,+30yr,1925.0,1955.0
82,11284306,102980739,False,1,2,yearBuilt,15,+32yr,1925.0,1957.0
82,11284306,102980739,False,1,2,yearBuilt,16,+34yr,1925.0,1959.0
82,11284306,102980739,False,1,2,yearBuilt,17,+36yr,1925.0,1961.0
82,11284306,102980739,False,1,2,yearBuilt,18,+38yr,1925.0,1963.0
82,11284306,102980739,False,1,2,yearBuilt,19,+40yr,1925.0,1965.0
82,11284306,102980739,False,1,2,yearBuilt,20,+42yr,1925.0,1967.0
82,11284306,102980739,False,1,2,yearBuilt,21,+44yr,1925.0,1969.0
82,11284306,102980739,False,1,2,yearBuilt,22,+46yr,1925.0,1971.0
82,11284306,102980739,False,1,2,yearBuilt,23,+48yr,1925.0,1973.0
82,11284306,102980739,False,1,2,yearBuilt,24,+50yr,1925.0,1975.0
82,11284306,102980739,False,1,2,yearBuilt,25,+52yr,1925.0,1977.0
82,11284306,102980739,False,1,2,yearBuilt,26,+54yr,1925.0,1979.0
82,11284306,102980739,False,1,2,yearBuilt,27,+56yr,1925.0,1981.0
82,11284306,102980739,False,1,2,yearBuilt,28,+58yr,1925.0,1983.0
82,11284306,102980739,False,1,2,yearBuilt,29,+60yr,1925.0,1985.0
82,11284306,102980739,False,1,2,yearBuilt,30,+62yr,1925.0,1987.0
82,11284306,102980739,False,1,2,yearBuilt,31,+64yr,1925.0,1989.0
82,11284306,102980739,False,1,2,yearBuilt,32,+66yr,1925.0,1991.0
82,11284306,102980739,False,1,2,yearBuilt,33,+68yr,1925.0,1993.0
82,11284306,102980739,False,1,2,yearBuilt,34,+70yr,1925.0,1995.0
82,11284306,102980739,False,1,2,yearBuilt,35,+72yr,1925.0,1997.0
82,11284306,102980739,False,1,2,yearBuilt,36,+74yr,1925.0,1999.0
82,11284306,102980739,False,1,2,yearBuilt,37,+76yr,1925.0,2001.0
82,11284306,102980739,False,1,2,yearBuilt,38,+78yr,1925.0,2003.0
82,11284306,102980739,False,1,2,yearBuilt,39,+80yr,1925.0,2005.0
82,11284306,102980739,False,1,2,yearBuilt,40,+82yr,1925.0,2007.0
82,11284306,102980739,False,1,2,yearBuilt,41,+84yr,1925.0,2009.0
82,11284306,102980739,False,1,2,yearBuilt,42,+86yr,1925.0,2011.0
82,11284306,102980739,False,1,2,yearBuilt,43,+88yr,1925.0,2013.0
82,11284306,102980739,False,1,2,yearBuilt,44,+90yr,1925.0,2015.0
82,11284306,102980739,False,1,2,yearBuilt,45,+92yr,1925.0,2017.0
82,11284306,102980739,False,1,2,yearBuilt,46,+94yr,1925.0,2019.0
82,11284306,102980739,False,1,2,lot,0,+100sqft,2543.0,2643.0
82,11284306,102980739,False,1,2,lot,1,+200sqft,2543.0,2743.0
82,11284306,102980739,False,1,2,lot,2,+300sqft,2543.0,2843.0
82,11284306,102980739,False,1,2,lot,3,+400sqft,2543.0,2943.0
82,11284306,102980739,False,1,2,lot,4,+500sqft,2543.0,3043.0
82,11284306,102980739,False,1,2,lot,5,+600sqft,2543.0,3143.0
82,11284306,102980739,False,1,2,lot,6,+700sqft,2543.0,3243.0
82,11284306,102980739,False,1,2,lot,7,+800sqft,2543.0,3343.0
82,11284306,102980739,False,1,2,lot,8,+900sqft,2543.0,3443.0
82,11284306,102980739,False,1,2,lot,9,+1000sqft,2543.0,3543.0
82,11284306,102980739,False,1,2,lot,10,+1100sqft,2543.0,3643.0
82,11284306,102980739,False,1,2,lot,11,+1200sqft,2543.0,3743.0
82,11284306,102980739,False,1,2,lot,12,+1300sqft,2543.0,3843.0
82,11284306,102980739,False,1,2,lot,13,+1400sqft,2543.0,3943.0
82,11284306,102980739,False,1,2,lot,14,+1500sqft,2543.0,4043.0
82,11284306,102980739,False,1,2,lot,15,+1600sqft,2543.0,4143.0
82,11284306,102980739,False,1,2,lot,16,+1700sqft,2543.0,4243.0
82,11284306,102980739,False,1,2,lot,17,+1800sqft,2543.0,4343.0
82,11284306,102980739,False,1,2,lot,18,+1900sqft,2543.0,4443.0
82,11284306,102980739,False,1,2,lot,19,+2000sqft,2543.0,4543.0
82,11284306,102980739,False,1,2,lot,20,+2100sqft,2543.0,4643.0
82,11284306,102980739,False,1,2,lot,21,+2200sqft,2543.0,4743.0
82,11284306,102980739,False,1,2,lot,22,+2300sqft,2543.0,4843.0
82,11284306,102980739,False,1,2,lot,23,+2400sqft,2543.0,4943.0
82,11284306,102980739,False,1,2,lot,24,+2500sqft,2543.0,5043.0
82,11284306,102980739,False,1,2,lot,25,+2600sqft,2543.0,5143.0
82,11284306,102980739,False,1,2,lot,26,+2700sqft,2543.0,5243.0
82,11284306,102980739,False,1,2,lot,27,+2800sqft,2543.0,5343.0
82,11284306,102980739,False,1,2,lot,28,+2900sqft,2543.0,5443.0
82,11284306,102980739,False,1,2,lot,29,+3000sqft,2543.0,5543.0
82,11284306,102980739,False,1,2,lot,30,+3100sqft,2543.0,5643.0
82,11284306,102980739,False,1,2,lot,31,+3200sqft,2543.0,5743.0
82,11284306,102980739,False,1,2,lot,32,+3300sqft,2543.0,5843.0
82,11284306,102980739,False,1,2,lot,33,+3400sqft,2543.0,5943.0
82,11284306,102980739,False,1,2,lot,34,+3500sqft,2543.0,6043.0
82,11284306,102980739,False,1,2,lot,35,+3600sqft,2543.0,6143.0
82,11284306,102980739,False,1,2,lot,36,+3700sqft,2543.0,6243.0
82,11284306,102980739,False,1,2,lot,37,+3800sqft,2543.0,6343.0
82,11284306,102980739,False,1,2,lot,38,+3900sqft,2543.0,6443.0
82,11284306,102980739,False,1,2,lot,39,+4000sqft,2543.0,6543.0
82,11284306,102980739,False,1,2,lot,40,+4100sqft,2543.0,6643.0
82,11284306,102980739,False,1,2,lot,41,+4200sqft,2543.0,6743.0
82,11284306,102980739,False,1,2,lot,42,+4300sqft,2543.0,6843.0
82,11284306,102980739,False,1,2,lot,43,+4400sqft,2543.0,6943.0
82,11284306,102980739,False,1,2,lot,44,+4500sqft,2543.0,7043.0
82,11284306,102980739,False,1,2,lot,45,+4600sqft,2543.0,7143.0
82,11284306,102980739,False,1,2,lot,46,+4700sqft,2543.0,7243.0
82,11284306,102980739,False,1,2,lot,47,+4800sqft,2543.0,7343.0
82,11284306,102980739,False,1,2,lot,48,+4900sqft,2543.0,7443.0
82,11284306,102980739,False,1,2,lot,49,+5000sqft,2543.0,7543.0
83,11335461,11570531,False,1,2,bedrooms,0,+1,3.0,4.0
83,11335461,11570531,False,1,2,bedrooms,1,+2,3.0,5.0
83,11335461,11570531,False,1,2,bedrooms,2,+3,3.0,6.0
83,11335461,11570531,False,1,2,bedrooms,3,+4,3.0,7.0
83,11335461,11570531,False,1,2,bedrooms,4,+5,3.0,8.0
83,11335461,11570531,False,1,2,bedrooms,5,+6,3.0,9.0
83,11335461,11570531,False,1,2,bedrooms,6,+7,3.0,10.0
83,11335461,11570531,False,1,2,bathrooms,0,+1,1.0,2.0
83,11335461,11570531,False,1,2,bathrooms,1,+2,1.0,3.0
83,11335461,11570531,False,1,2,bathrooms,2,+3,1.0,4.0
83,11335461,11570531,False,1,2,bathrooms,3,+4,1.0,5.0
83,11335461,11570531,False,1,2,bathrooms,4,+5,1.0,6.0
83,11335461,11570531,False,1,2,bathrooms,5,+6,1.0,7.0
83,11335461,11570531,False,1,2,bathrooms,6,+7,1.0,8.0
83,11335461,11570531,False,1,2,bathrooms,7,+8,1.0,9.0
83,11335461,11570531,False,1,2,bathrooms,8,+9,1.0,10.0
83,11335461,11570531,False,1,2,yearBuilt,0,+2yr,1920.0,1922.0
83,11335461,11570531,False,1,2,yearBuilt,1,+4yr,1920.0,1924.0
83,11335461,11570531,False,1,2,yearBuilt,2,+6yr,1920.0,1926.0
83,11335461,11570531,False,1,2,yearBuilt,3,+8yr,1920.0,1928.0
83,11335461,11570531,False,1,2,yearBuilt,4,+10yr,1920.0,1930.0
83,11335461,11570531,False,1,2,yearBuilt,5,+12yr,1920.0,1932.0
83,11335461,11570531,False,1,2,yearBuilt,6,+14yr,1920.0,1934.0
83,11335461,11570531,False,1,2,yearBuilt,7,+16yr,1920.0,1936.0
83,11335461,11570531,False,1,2,yearBuilt,8,+18yr,1920.0,1938.0
83,11335461,11570531,False,1,2,yearBuilt,9,+20yr,1920.0,1940.0
83,11335461,11570531,False,1,2,yearBuilt,10,+22yr,1920.0,1942.0
83,11335461,11570531,False,1,2,yearBuilt,11,+24yr,1920.0,1944.0
83,11335461,11570531,False,1,2,yearBuilt,12,+26yr,1920.0,1946.0
83,11335461,11570531,False,1,2,yearBuilt,13,+28yr,1920.0,1948.0
83,11335461,11570531,False,1,2,yearBuilt,14,+30yr,1920.0,1950.0
83,11335461,11570531,False,1,2,yearBuilt,15,+32yr,1920.0,1952.0
83,11335461,11570531,False,1,2,yearBuilt,16,+34yr,1920.0,1954.0
83,11335461,11570531,False,1,2,yearBuilt,17,+36yr,1920.0,1956.0
83,11335461,11570531,False,1,2,yearBuilt,18,+38yr,1920.0,1958.0
83,11335461,11570531,False,1,2,yearBuilt,19,+40yr,1920.0,1960.0
83,11335461,11570531,False,1,2,yearBuilt,20,+42yr,1920.0,1962.0
83,11335461,11570531,False,1,2,yearBuilt,21,+44yr,1920.0,1964.0
83,11335461,11570531,False,1,2,yearBuilt,22,+46yr,1920.0,1966.0
83,11335461,11570531,False,1,2,yearBuilt,23,+48yr,1920.0,1968.0
83,11335461,11570531,False,1,2,yearBuilt,24,+50yr,1920.0,1970.0
83,11335461,11570531,False,1,2,yearBuilt,25,+52yr,1920.0,1972.0
83,11335461,11570531,False,1,2,yearBuilt,26,+54yr,1920.0,1974.0
83,11335461,11570531,False,1,2,yearBuilt,27,+56yr,1920.0,1976.0
83,11335461,11570531,False,1,2,yearBuilt,28,+58yr,1920.0,1978.0
83,11335461,11570531,False,1,2,yearBuilt,29,+60yr,1920.0,1980.0
83,11335461,11570531,False,1,2,yearBuilt,30,+62yr,1920.0,1982.0
83,11335461,11570531,False,1,2,yearBuilt,31,+64yr,1920.0,1984.0
83,11335461,11570531,False,1,2,yearBuilt,32,+66yr,1920.0,1986.0
83,11335461,11570531,False,1,2,yearBuilt,33,+68yr,1920.0,1988.0
83,11335461,11570531,False,1,2,yearBuilt,34,+70yr,1920.0,1990.0
83,11335461,11570531,False,1,2,yearBuilt,35,+72yr,1920.0,1992.0
83,11335461,11570531,False,1,2,yearBuilt,36,+74yr,1920.0,1994.0
83,11335461,11570531,False,1,2,yearBuilt,37,+76yr,1920.0,1996.0
83,11335461,11570531,False,1,2,yearBuilt,38,+78yr,1920.0,1998.0
83,11335461,11570531,False,1,2,yearBuilt,39,+80yr,1920.0,2000.0
83,11335461,11570531,False,1,2,yearBuilt,40,+82yr,1920.0,2002.0
83,11335461,11570531,False,1,2,yearBuilt,41,+84yr,1920.0,2004.0
83,11335461,11570531,False,1,2,yearBuilt,42,+86yr,1920.0,2006.0
83,11335461,11570531,False,1,2,yearBuilt,43,+88yr,1920.0,2008.0
83,11335461,11570531,False,1,2,yearBuilt,44,+90yr,1920.0,2010.0
83,11335461,11570531,False,1,2,yearBuilt,45,+92yr,1920.0,2012.0
83,11335461,11570531,False,1,2,yearBuilt,46,+94yr,1920.0,2014.0
83,11335461,11570531,False,1,2,lot,0,+100sqft,3301.0,3401.0
83,11335461,11570531,False,1,2,lot,1,+200sqft,3301.0,3501.0
83,11335461,11570531,False,1,2,lot,2,+300sqft,3301.0,3601.0
83,11335461,11570531,False,1,2,lot,3,+400sqft,3301.0,3701.0
83,11335461,11570531,False,1,2,lot,4,+500sqft,3301.0,3801.0
83,11335461,11570531,False,1,2,lot,5,+600sqft,3301.0,3901.0
83,11335461,11570531,False,1,2,lot,6,+700sqft,3301.0,4001.0
83,11335461,11570531,False,1,2,lot,7,+800sqft,3301.0,4101.0
83,11335461,11570531,False,1,2,lot,8,+900sqft,3301.0,4201.0
83,11335461,11570531,False,1,2,lot,9,+1000sqft,3301.0,4301.0
83,11335461,11570531,False,1,2,lot,10,+1100sqft,3301.0,4401.0
83,11335461,11570531,False,1,2,lot,11,+1200sqft,3301.0,4501.0
83,11335461,11570531,False,1,2,lot,12,+1300sqft,3301.0,4601.0
83,11335461,11570531,False,1,2,lot,13,+1400sqft,3301.0,4701.0
83,11335461,11570531,False,1,2,lot,14,+1500sqft,3301.0,4801.0
83,11335461,11570531,False,1,2,lot,15,+1600sqft,3301.0,4901.0
83,11335461,11570531,False,1,2,lot,16,+1700sqft,3301.0,5001.0
83,11335461,11570531,False,1,2,lot,17,+1800sqft,3301.0,5101.0
83,11335461,11570531,False,1,2,lot,18,+1900sqft,3301.0,5201.0
83,11335461,11570531,False,1,2,lot,19,+2000sqft,3301.0,5301.0
83,11335461,11570531,False,1,2,lot,20,+2100sqft,3301.0,5401.0
83,11335461,11570531,False,1,2,lot,21,+2200sqft,3301.0,5501.0
83,11335461,11570531,False,1,2,lot,22,+2300sqft,3301.0,5601.0
83,11335461,11570531,False,1,2,lot,23,+2400sqft,3301.0,5701.0
83,11335461,11570531,False,1,2,lot,24,+2500sqft,3301.0,5801.0
83,11335461,11570531,False,1,2,lot,25,+2600sqft,3301.0,5901.0
83,11335461,11570531,False,1,2,lot,26,+2700sqft,3301.0,6001.0
83,11335461,11570531,False,1,2,lot,27,+2800sqft,3301.0,6101.0
83,11335461,11570531,False,1,2,lot,28,+2900sqft,3301.0,6201.0
83,11335461,11570531,False,1,2,lot,29,+3000sqft,3301.0,6301.0
83,11335461,11570531,False,1,2,lot,30,+3100sqft,3301.0,6401.0
83,11335461,11570531,False,1,2,lot,31,+3200sqft,3301.0,6501.0
83,11335461,11570531,False,1,2,lot,32,+3300sqft,3301.0,6601.0
83,11335461,11570531,False,1,2,lot,33,+3400sqft,3301.0,6701.0
83,11335461,11570531,False,1,2,lot,34,+3500sqft,3301.0,6801.0
83,11335461,11570531,False,1,2,lot,35,+3600sqft,3301.0,6901.0
83,11335461,11570531,False,1,2,lot,36,+3700sqft,3301.0,7001.0
83,11335461,11570531,False,1,2,lot,37,+3800sqft,3301.0,7101.0
83,11335461,11570531,False,1,2,lot,38,+3900sqft,3301.0,7201.0
83,11335461,11570531,False,1,2,lot,39,+4000sqft,3301.0,7301.0
83,11335461,11570531,False,1,2,lot,40,+4100sqft,3301.0,7401.0
83,11335461,11570531,False,1,2,lot,41,+4200sqft,3301.0,7501.0
83,11335461,11570531,False,1,2,lot,42,+4300sqft,3301.0,7601.0
83,11335461,11570531,False,1,2,lot,43,+4400sqft,3301.0,7701.0
83,11335461,11570531,False,1,2,lot,44,+4500sqft,3301.0,7801.0
83,11335461,11570531,False,1,2,lot,45,+4600sqft,3301.0,7901.0
83,11335461,11570531,False,1,2,lot,46,+4700sqft,3301.0,8001.0
83,11335461,11570531,False,1,2,lot,47,+4800sqft,3301.0,8101.0
83,11335461,11570531,False,1,2,lot,48,+4900sqft,3301.0,8201.0
83,11335461,11570531,False,1,2,lot,49,+5000sqft,3301.0,8301.0
84,11658605,11658708,False,2,1,bedrooms,0,+1,3.0,4.0
84,11658605,11658708,False,2,1,bedrooms,1,+2,3.0,5.0
84,11658605,11658708,False,2,1,bedrooms,2,+3,3.0,6.0
84,11658605,11658708,False,2,1,bedrooms,3,+4,3.0,7.0
84,11658605,11658708,False,2,1,bedrooms,4,+5,3.0,8.0
84,11658605,11658708,False,2,1,bedrooms,5,+6,3.0,9.0
84,11658605,11658708,False,2,1,bedrooms,6,+7,3.0,10.0
84,11658605,11658708,False,2,1,bathrooms,0,+1,3.0,4.0
84,11658605,11658708,False,2,1,bathrooms,1,+2,3.0,5.0
84,11658605,11658708,False,2,1,bathrooms,2,+3,3.0,6.0
84,11658605,11658708,False,2,1,bathrooms,3,+4,3.0,7.0
84,11658605,11658708,False,2,1,bathrooms,4,+5,3.0,8.0
84,11658605,11658708,False,2,1,bathrooms,5,+6,3.0,9.0
84,11658605,11658708,False,2,1,bathrooms,6,+7,3.0,10.0
84,11658605,11658708,False,2,1,yearBuilt,0,+2yr,1940.0,1942.0
84,11658605,11658708,False,2,1,yearBuilt,1,+4yr,1940.0,1944.0
84,11658605,11658708,False,2,1,yearBuilt,2,+6yr,1940.0,1946.0
84,11658605,11658708,False,2,1,yearBuilt,3,+8yr,1940.0,1948.0
84,11658605,11658708,False,2,1,yearBuilt,4,+10yr,1940.0,1950.0
84,11658605,11658708,False,2,1,yearBuilt,5,+12yr,1940.0,1952.0
84,11658605,11658708,False,2,1,yearBuilt,6,+14yr,1940.0,1954.0
84,11658605,11658708,False,2,1,yearBuilt,7,+16yr,1940.0,1956.0
84,11658605,11658708,False,2,1,yearBuilt,8,+18yr,1940.0,1958.0
84,11658605,11658708,False,2,1,yearBuilt,9,+20yr,1940.0,1960.0
84,11658605,11658708,False,2,1,yearBuilt,10,+22yr,1940.0,1962.0
84,11658605,11658708,False,2,1,yearBuilt,11,+24yr,1940.0,1964.0
84,11658605,11658708,False,2,1,yearBuilt,12,+26yr,1940.0,1966.0
84,11658605,11658708,False,2,1,yearBuilt,13,+28yr,1940.0,1968.0
84,11658605,11658708,False,2,1,yearBuilt,14,+30yr,1940.0,1970.0
84,11658605,11658708,False,2,1,yearBuilt,15,+32yr,1940.0,1972.0
84,11658605,11658708,False,2,1,yearBuilt,16,+34yr,1940.0,1974.0
84,11658605,11658708,False,2,1,yearBuilt,17,+36yr,1940.0,1976.0
84,11658605,11658708,False,2,1,yearBuilt,18,+38yr,1940.0,1978.0
84,11658605,11658708,False,2,1,yearBuilt,19,+40yr,1940.0,1980.0
84,11658605,11658708,False,2,1,yearBuilt,20,+42yr,1940.0,1982.0
84,11658605,11658708,False,2,1,yearBuilt,21,+44yr,1940.0,1984.0
84,11658605,11658708,False,2,1,yearBuilt,22,+46yr,1940.0,1986.0
84,11658605,11658708,False,2,1,yearBuilt,23,+48yr,1940.0,1988.0
84,11658605,11658708,False,2,1,yearBuilt,24,+50yr,1940.0,1990.0
84,11658605,11658708,False,2,1,yearBuilt,25,+52yr,1940.0,1992.0
84,11658605,11658708,False,2,1,yearBuilt,26,+54yr,1940.0,1994.0
84,11658605,11658708,False,2,1,yearBuilt,27,+56yr,1940.0,1996.0
84,11658605,11658708,False,2,1,yearBuilt,28,+58yr,1940.0,1998.0
84,11658605,11658708,False,2,1,yearBuilt,29,+60yr,1940.0,2000.0
84,11658605,11658708,False,2,1,yearBuilt,30,+62yr,1940.0,2002.0
84,11658605,11658708,False,2,1,yearBuilt,31,+64yr,1940.0,2004.0
84,11658605,11658708,False,2,1,yearBuilt,32,+66yr,1940.0,2006.0
84,11658605,11658708,False,2,1,yearBuilt,33,+68yr,1940.0,2008.0
84,11658605,11658708,False,2,1,yearBuilt,34,+70yr,1940.0,2010.0
84,11658605,11658708,False,2,1,yearBuilt,35,+72yr,1940.0,2012.0
84,11658605,11658708,False,2,1,yearBuilt,36,+74yr,1940.0,2014.0
84,11658605,11658708,False,2,1,yearBuilt,37,+76yr,1940.0,2016.0
84,11658605,11658708,False,2,1,yearBuilt,38,+78yr,1940.0,2018.0
84,11658605,11658708,False,2,1,yearBuilt,39,+80yr,1940.0,2020.0
84,11658605,11658708,False,2,1,yearBuilt,40,+82yr,1940.0,2022.0
84,11658605,11658708,False,2,1,yearBuilt,41,+84yr,1940.0,2024.0
84,11658605,11658708,False,2,1,lot,0,+100sqft,6250.0,6350.0
84,11658605,11658708,False,2,1,lot,1,+200sqft,6250.0,6450.0
84,11658605,11658708,False,2,1,lot,2,+300sqft,6250.0,6550.0
84,11658605,11658708,False,2,1,lot,3,+400sqft,6250.0,6650.0
84,11658605,11658708,False,2,1,lot,4,+500sqft,6250.0,6750.0
84,11658605,11658708,False,2,1,lot,5,+600sqft,6250.0,6850.0
84,11658605,11658708,False,2,1,lot,6,+700sqft,6250.0,6950.0
84,11658605,11658708,False,2,1,lot,7,+800sqft,6250.0,7050.0
84,11658605,11658708,False,2,1,lot,8,+900sqft,6250.0,7150.0
84,11658605,11658708,False,2,1,lot,9,+1000sqft,6250.0,7250.0
84,11658605,11658708,False,2,1,lot,10,+1100sqft,6250.0,7350.0
84,11658605,11658708,False,2,1,lot,11,+1200sqft,6250.0,7450.0
84,11658605,11658708,False,2,1,lot,12,+1300sqft,6250.0,7550.0
84,11658605,11658708,False,2,1,lot,13,+1400sqft,6250.0,7650.0
84,11658605,11658708,False,2,1,lot,14,+1500sqft,6250.0,7750.0
84,11658605,11658708,False,2,1,lot,15,+1600sqft,6250.0,7850.0
84,11658605,11658708,False,2,1,lot,16,+1700sqft,6250.0,7950.0
84,11658605,11658708,False,2,1,lot,17,+1800sqft,6250.0,8050.0
84,11658605,11658708,False,2,1,lot,18,+1900sqft,6250.0,8150.0
84,11658605,11658708,False,2,1,lot,19,+2000sqft,6250.0,8250.0
84,11658605,11658708,False,2,1,lot,20,+2100sqft,6250.0,8350.0
84,11658605,11658708,False,2,1,lot,21,+2200sqft,6250.0,8450.0
84,11658605,11658708,False,2,1,lot,22,+2300sqft,6250.0,8550.0
84,11658605,11658708,False,2,1,lot,23,+2400sqft,6250.0,8650.0
84,11658605,11658708,False,2,1,lot,24,+2500sqft,6250.0,8750.0
84,11658605,11658708,False,2,1,lot,25,+2600sqft,6250.0,8850.0
84,11658605,11658708,False,2,1,lot,26,+2700sqft,6250.0,8950.0
84,11658605,11658708,False,2,1,lot,27,+2800sqft,6250.0,9050.0
84,11658605,11658708,False,2,1,lot,28,+2900sqft,6250.0,9150.0
84,11658605,11658708,False,2,1,lot,29,+3000sqft,6250.0,9250.0
84,11658605,11658708,False,2,1,lot,30,+3100sqft,6250.0,9350.0
84,11658605,11658708,False,2,1,lot,31,+3200sqft,6250.0,9450.0
84,11658605,11658708,False,2,1,lot,32,+3300sqft,6250.0,9550.0
84,11658605,11658708,False,2,1,lot,33,+3400sqft,6250.0,9650.0
84,11658605,11658708,False,2,1,lot,34,+3500sqft,6250.0,9750.0
84,11658605,11658708,False,2,1,lot,35,+3600sqft,6250.0,9850.0
84,11658605,11658708,False,2,1,lot,36,+3700sqft,6250.0,9950.0
84,11658605,11658708,False,2,1,lot,37,+3800sqft,6250.0,10050.0
84,11658605,11658708,False,2,1,lot,38,+3900sqft,6250.0,10150.0
84,11658605,11658708,False,2,1,lot,39,+4000sqft,6250.0,10250.0
84,11658605,11658708,False,2,1,lot,40,+4100sqft,6250.0,10350.0
84,11658605,11658708,False,2,1,lot,41,+4200sqft,6250.0,10450.0
84,11658605,11658708,False,2,1,lot,42,+4300sqft,6250.0,10550.0
84,11658605,11658708,False,2,1,lot,43,+4400sqft,6250.0,10650.0
84,11658605,11658708,False,2,1,lot,44,+4500sqft,6250.0,10750.0
84,11658605,11658708,False,2,1,lot,45,+4600sqft,6250.0,10850.0
84,11658605,11658708,False,2,1,lot,46,+4700sqft,6250.0,10950.0
84,11658605,11658708,False,2,1,lot,47,+4800sqft,6250.0,11050.0
84,11658605,11658708,False,2,1,lot,48,+4900sqft,6250.0,11150.0
84,11658605,11658708,False,2,1,lot,49,+5000sqft,6250.0,11250.0
85,11522133,11590053,False,1,2,bedrooms,0,+1,3.0,4.0
85,11522133,11590053,False,1,2,bedrooms,1,+2,3.0,5.0
85,11522133,11590053,False,1,2,bedrooms,2,+3,3.0,6.0
85,11522133,11590053,False,1,2,bedrooms,3,+4,3.0,7.0
85,11522133,11590053,False,1,2,bedrooms,4,+5,3.0,8.0
85,11522133,11590053,False,1,2,bedrooms,5,+6,3.0,9.0
85,11522133,11590053,False,1,2,bedrooms,6,+7,3.0,10.0
85,11522133,11590053,False,1,2,bathrooms,0,+1,2.0,3.0
85,11522133,11590053,False,1,2,bathrooms,1,+2,2.0,4.0
85,11522133,11590053,False,1,2,bathrooms,2,+3,2.0,5.0
85,11522133,11590053,False,1,2,bathrooms,3,+4,2.0,6.0
85,11522133,11590053,False,1,2,bathrooms,4,+5,2.0,7.0
85,11522133,11590053,False,1,2,bathrooms,5,+6,2.0,8.0
85,11522133,11590053,False,1,2,bathrooms,6,+7,2.0,9.0
85,11522133,11590053,False,1,2,bathrooms,7,+8,2.0,10.0
85,11522133,11590053,False,1,2,yearBuilt,0,+2yr,1953.0,1955.0
85,11522133,11590053,False,1,2,yearBuilt,1,+4yr,1953.0,1957.0
85,11522133,11590053,False,1,2,yearBuilt,2,+6yr,1953.0,1959.0
85,11522133,11590053,False,1,2,yearBuilt,3,+8yr,1953.0,1961.0
85,11522133,11590053,False,1,2,yearBuilt,4,+10yr,1953.0,1963.0
85,11522133,11590053,False,1,2,yearBuilt,5,+12yr,1953.0,1965.0
85,11522133,11590053,False,1,2,yearBuilt,6,+14yr,1953.0,1967.0
85,11522133,11590053,False,1,2,yearBuilt,7,+16yr,1953.0,1969.0
85,11522133,11590053,False,1,2,yearBuilt,8,+18yr,1953.0,1971.0
85,11522133,11590053,False,1,2,yearBuilt,9,+20yr,1953.0,1973.0
85,11522133,11590053,False,1,2,yearBuilt,10,+22yr,1953.0,1975.0
85,11522133,11590053,False,1,2,yearBuilt,11,+24yr,1953.0,1977.0
85,11522133,11590053,False,1,2,yearBuilt,12,+26yr,1953.0,1979.0
85,11522133,11590053,False,1,2,yearBuilt,13,+28yr,1953.0,1981.0
85,11522133,11590053,False,1,2,yearBuilt,14,+30yr,1953.0,1983.0
85,11522133,11590053,False,1,2,yearBuilt,15,+32yr,1953.0,1985.0
85,11522133,11590053,False,1,2,yearBuilt,16,+34yr,1953.0,1987.0
85,11522133,11590053,False,1,2,yearBuilt,17,+36yr,1953.0,1989.0
85,11522133,11590053,False,1,2,yearBuilt,18,+38yr,1953.0,1991.0
85,11522133,11590053,False,1,2,yearBuilt,19,+40yr,1953.0,1993.0
85,11522133,11590053,False,1,2,yearBuilt,20,+42yr,1953.0,1995.0
85,11522133,11590053,False,1,2,yearBuilt,21,+44yr,1953.0,1997.0
85,11522133,11590053,False,1,2,yearBuilt,22,+46yr,1953.0,1999.0
85,11522133,11590053,False,1,2,yearBuilt,23,+48yr,1953.0,2001.0
85,11522133,11590053,False,1,2,yearBuilt,24,+50yr,1953.0,2003.0
85,11522133,11590053,False,1,2,yearBuilt,25,+52yr,1953.0,2005.0
85,11522133,11590053,False,1,2,yearBuilt,26,+54yr,1953.0,2007.0
85,11522133,11590053,False,1,2,yearBuilt,27,+56yr,1953.0,2009.0
85,11522133,11590053,False,1,2,yearBuilt,28,+58yr,1953.0,2011.0
85,11522133,11590053,False,1,2,yearBuilt,29,+60yr,1953.0,2013.0
85,11522133,11590053,False,1,2,yearBuilt,30,+62yr,1953.0,2015.0
85,11522133,11590053,False,1,2,yearBuilt,31,+64yr,1953.0,2017.0
85,11522133,11590053,False,1,2,yearBuilt,32,+66yr,1953.0,2019.0
85,11522133,11590053,False,1,2,yearBuilt,33,+68yr,1953.0,2021.0
85,11522133,11590053,False,1,2,yearBuilt,34,+70yr,1953.0,2023.0
85,11522133,11590053,False,1,2,yearBuilt,35,+72yr,1953.0,2025.0
85,11522133,11590053,False,1,2,lot,0,+100sqft,0.01,0.0123
85,11522133,11590053,False,1,2,lot,1,+200sqft,0.01,0.0146
85,11522133,11590053,False,1,2,lot,2,+300sqft,0.01,0.0169
85,11522133,11590053,False,1,2,lot,3,+400sqft,0.01,0.0192
85,11522133,11590053,False,1,2,lot,4,+500sqft,0.01,0.0215
85,11522133,11590053,False,1,2,lot,5,+600sqft,0.01,0.0238
85,11522133,11590053,False,1,2,lot,6,+700sqft,0.01,0.0261
85,11522133,11590053,False,1,2,lot,7,+800sqft,0.01,0.0284
85,11522133,11590053,False,1,2,lot,8,+900sqft,0.01,0.0307
85,11522133,11590053,False,1,2,lot,9,+1000sqft,0.01,0.033
85,11522133,11590053,False,1,2,lot,10,+1100sqft,0.01,0.0353
85,11522133,11590053,False,1,2,lot,11,+1200sqft,0.01,0.0375
85,11522133,11590053,False,1,2,lot,12,+1300sqft,0.01,0.0398
85,11522133,11590053,False,1,2,lot,13,+1400sqft,0.01,0.0421
85,11522133,11590053,False,1,2,lot,14,+1500sqft,0.01,0.0444
85,11522133,11590053,False,1,2,lot,15,+1600sqft,0.01,0.0467
85,11522133,11590053,False,1,2,lot,16,+1700sqft,0.01,0.049
85,11522133,11590053,False,1,2,lot,17,+1800sqft,0.01,0.0513
85,11522133,11590053,False,1,2,lot,18,+1900sqft,0.01,0.0536
85,11522133,11590053,False,1,2,lot,19,+2000sqft,0.01,0.0559
85,11522133,11590053,False,1,2,lot,20,+2100sqft,0.01,0.0582
85,11522133,11590053,False,1,2,lot,21,+2200sqft,0.01,0.0605
85,11522133,11590053,False,1,2,lot,22,+2300sqft,0.01,0.0628
85,11522133,11590053,False,1,2,lot,23,+2400sqft,0.01,0.0651
85,11522133,11590053,False,1,2,lot,24,+2500sqft,0.01,0.0674
85,11522133,11590053,False,1,2,lot,25,+2600sqft,0.01,0.0697
85,11522133,11590053,False,1,2,lot,26,+2700sqft,0.01,0.072
85,11522133,11590053,False,1,2,lot,27,+2800sqft,0.01,0.0743
85,11522133,11590053,False,1,2,lot,28,+2900sqft,0.01,0.0766
85,11522133,11590053,False,1,2,lot,29,+3000sqft,0.01,0.0789
85,11522133,11590053,False,1,2,lot,30,+3100sqft,0.01,0.0812
85,11522133,11590053,False,1,2,lot,31,+3200sqft,0.01,0.0835
85,11522133,11590053,False,1,2,lot,32,+3300sqft,0.01,0.0858
85,11522133,11590053,False,1,2,lot,33,+3400sqft,0.01,0.0881
85,11522133,11590053,False,1,2,lot,34,+3500sqft,0.01,0.0903
85,11522133,11590053,False,1,2,lot,35,+3600sqft,0.01,0.0926
85,11522133,11590053,False,1,2,lot,36,+3700sqft,0.01,0.0949
85,11522133,11590053,False,1,2,lot,37,+3800sqft,0.01,0.0972
85,11522133,11590053,False,1,2,lot,38,+3900sqft,0.01,0.0995
85,11522133,11590053,False,1,2,lot,39,+4000sqft,0.01,0.1018
85,11522133,11590053,False,1,2,lot,40,+4100sqft,0.01,0.1041
85,11522133,11590053,False,1,2,lot,41,+4200sqft,0.01,0.1064
85,11522133,11590053,False,1,2,lot,42,+4300sqft,0.01,0.1087
85,11522133,11590053,False,1,2,lot,43,+4400sqft,0.01,0.111
85,11522133,11590053,False,1,2,lot,44,+4500sqft,0.01,0.1133
85,11522133,11590053,False,1,2,lot,45,+4600sqft,0.01,0.1156
85,11522133,11590053,False,1,2,lot,46,+4700sqft,0.01,0.1179
85,11522133,11590053,False,1,2,lot,47,+4800sqft,0.01,0.1202
85,11522133,11590053,False,1,2,lot,48,+4900sqft,0.01,0.1225
85,11522133,11590053,False,1,2,lot,49,+5000sqft,0.01,0.1248
86,11513417,11615092,False,2,1,bedrooms,0,+1,3.0,4.0
86,11513417,11615092,False,2,1,bedrooms,1,+2,3.0,5.0
86,11513417,11615092,False,2,1,bedrooms,2,+3,3.0,6.0
86,11513417,11615092,False,2,1,bedrooms,3,+4,3.0,7.0
86,11513417,11615092,False,2,1,bedrooms,4,+5,3.0,8.0
86,11513417,11615092,False,2,1,bedrooms,5,+6,3.0,9.0
86,11513417,11615092,False,2,1,bedrooms,6,+7,3.0,10.0
86,11513417,11615092,False,2,1,bathrooms,0,+1,2.0,3.0
86,11513417,11615092,False,2,1,bathrooms,1,+2,2.0,4.0
86,11513417,11615092,False,2,1,bathrooms,2,+3,2.0,5.0
86,11513417,11615092,False,2,1,bathrooms,3,+4,2.0,6.0
86,11513417,11615092,False,2,1,bathrooms,4,+5,2.0,7.0
86,11513417,11615092,False,2,1,bathrooms,5,+6,2.0,8.0
86,11513417,11615092,False,2,1,bathrooms,6,+7,2.0,9.0
86,11513417,11615092,False,2,1,bathrooms,7,+8,2.0,10.0
86,11513417,11615092,False,2,1,yearBuilt,0,+2yr,1890.0,1892.0
86,11513417,11615092,False,2,1,yearBuilt,1,+4yr,1890.0,1894.0
86,11513417,11615092,False,2,1,yearBuilt,2,+6yr,1890.0,1896.0
86,11513417,11615092,False,2,1,yearBuilt,3,+8yr,1890.0,1898.0
86,11513417,11615092,False,2,1,yearBuilt,4,+10yr,1890.0,1900.0
86,11513417,11615092,False,2,1,yearBuilt,5,+12yr,1890.0,1902.0
86,11513417,11615092,False,2,1,yearBuilt,6,+14yr,1890.0,1904.0
86,11513417,11615092,False,2,1,yearBuilt,7,+16yr,1890.0,1906.0
86,11513417,11615092,False,2,1,yearBuilt,8,+18yr,1890.0,1908.0
86,11513417,11615092,False,2,1,yearBuilt,9,+20yr,1890.0,1910.0
86,11513417,11615092,False,2,1,yearBuilt,10,+22yr,1890.0,1912.0
86,11513417,11615092,False,2,1,yearBuilt,11,+24yr,1890.0,1914.0
86,11513417,11615092,False,2,1,yearBuilt,12,+26yr,1890.0,1916.0
86,11513417,11615092,False,2,1,yearBuilt,13,+28yr,1890.0,1918.0
86,11513417,11615092,False,2,1,yearBuilt,14,+30yr,1890.0,1920.0
86,11513417,11615092,False,2,1,yearBuilt,15,+32yr,1890.0,1922.0
86,11513417,11615092,False,2,1,yearBuilt,16,+34yr,1890.0,1924.0
86,11513417,11615092,False,2,1,yearBuilt,17,+36yr,1890.0,1926.0
86,11513417,11615092,False,2,1,yearBuilt,18,+38yr,1890.0,1928.0
86,11513417,11615092,False,2,1,yearBuilt,19,+40yr,1890.0,1930.0
86,11513417,11615092,False,2,1,yearBuilt,20,+42yr,1890.0,1932.0
86,11513417,11615092,False,2,1,yearBuilt,21,+44yr,1890.0,1934.0
86,11513417,11615092,False,2,1,yearBuilt,22,+46yr,1890.0,1936.0
86,11513417,11615092,False,2,1,yearBuilt,23,+48yr,1890.0,1938.0
86,11513417,11615092,False,2,1,yearBuilt,24,+50yr,1890.0,1940.0
86,11513417,11615092,False,2,1,yearBuilt,25,+52yr,1890.0,1942.0
86,11513417,11615092,False,2,1,yearBuilt,26,+54yr,1890.0,1944.0
86,11513417,11615092,False,2,1,yearBuilt,27,+56yr,1890.0,1946.0
86,11513417,11615092,False,2,1,yearBuilt,28,+58yr,1890.0,1948.0
86,11513417,11615092,False,2,1,yearBuilt,29,+60yr,1890.0,1950.0
86,11513417,11615092,False,2,1,yearBuilt,30,+62yr,1890.0,1952.0
86,11513417,11615092,False,2,1,yearBuilt,31,+64yr,1890.0,1954.0
86,11513417,11615092,False,2,1,yearBuilt,32,+66yr,1890.0,1956.0
86,11513417,11615092,False,2,1,yearBuilt,33,+68yr,1890.0,1958.0
86,11513417,11615092,False,2,1,yearBuilt,34,+70yr,1890.0,1960.0
86,11513417,11615092,False,2,1,yearBuilt,35,+72yr,1890.0,1962.0
86,11513417,11615092,False,2,1,yearBuilt,36,+74yr,1890.0,1964.0
86,11513417,11615092,False,2,1,yearBuilt,37,+76yr,1890.0,1966.0
86,11513417,11615092,False,2,1,yearBuilt,38,+78yr,1890.0,1968.0
86,11513417,11615092,False,2,1,yearBuilt,39,+80yr,1890.0,1970.0
86,11513417,11615092,False,2,1,yearBuilt,40,+82yr,1890.0,1972.0
86,11513417,11615092,False,2,1,yearBuilt,41,+84yr,1890.0,1974.0
86,11513417,11615092,False,2,1,yearBuilt,42,+86yr,1890.0,1976.0
86,11513417,11615092,False,2,1,yearBuilt,43,+88yr,1890.0,1978.0
86,11513417,11615092,False,2,1,yearBuilt,44,+90yr,1890.0,1980.0
86,11513417,11615092,False,2,1,yearBuilt,45,+92yr,1890.0,1982.0
86,11513417,11615092,False,2,1,yearBuilt,46,+94yr,1890.0,1984.0
86,11513417,11615092,False,2,1,lot,0,+100sqft,1875.0,1975.0
86,11513417,11615092,False,2,1,lot,1,+200sqft,1875.0,2075.0
86,11513417,11615092,False,2,1,lot,2,+300sqft,1875.0,2175.0
86,11513417,11615092,False,2,1,lot,3,+400sqft,1875.0,2275.0
86,11513417,11615092,False,2,1,lot,4,+500sqft,1875.0,2375.0
86,11513417,11615092,False,2,1,lot,5,+600sqft,1875.0,2475.0
86,11513417,11615092,False,2,1,lot,6,+700sqft,1875.0,2575.0
86,11513417,11615092,False,2,1,lot,7,+800sqft,1875.0,2675.0
86,11513417,11615092,False,2,1,lot,8,+900sqft,1875.0,2775.0
86,11513417,11615092,False,2,1,lot,9,+1000sqft,1875.0,2875.0
86,11513417,11615092,False,2,1,lot,10,+1100sqft,1875.0,2975.0
86,11513417,11615092,False,2,1,lot,11,+1200sqft,1875.0,3075.0
86,11513417,11615092,False,2,1,lot,12,+1300sqft,1875.0,3175.0
86,11513417,11615092,False,2,1,lot,13,+1400sqft,1875.0,3275.0
86,11513417,11615092,False,2,1,lot,14,+1500sqft,1875.0,3375.0
86,11513417,11615092,False,2,1,lot,15,+1600sqft,1875.0,3475.0
86,11513417,11615092,False,2,1,lot,16,+1700sqft,1875.0,3575.0
86,11513417,11615092,False,2,1,lot,17,+1800sqft,1875.0,3675.0
86,11513417,11615092,False,2,1,lot,18,+1900sqft,1875.0,3775.0
86,11513417,11615092,False,2,1,lot,19,+2000sqft,1875.0,3875.0
86,11513417,11615092,False,2,1,lot,20,+2100sqft,1875.0,3975.0
86,11513417,11615092,False,2,1,lot,21,+2200sqft,1875.0,4075.0
86,11513417,11615092,False,2,1,lot,22,+2300sqft,1875.0,4175.0
86,11513417,11615092,False,2,1,lot,23,+2400sqft,1875.0,4275.0
86,11513417,11615092,False,2,1,lot,24,+2500sqft,1875.0,4375.0
86,11513417,11615092,False,2,1,lot,25,+2600sqft,1875.0,4475.0
86,11513417,11615092,False,2,1,lot,26,+2700sqft,1875.0,4575.0
86,11513417,11615092,False,2,1,lot,27,+2800sqft,1875.0,4675.0
86,11513417,11615092,False,2,1,lot,28,+2900sqft,1875.0,4775.0
86,11513417,11615092,False,2,1,lot,29,+3000sqft,1875.0,4875.0
86,11513417,11615092,False,2,1,lot,30,+3100sqft,1875.0,4975.0
86,11513417,11615092,False,2,1,lot,31,+3200sqft,1875.0,5075.0
86,11513417,11615092,False,2,1,lot,32,+3300sqft,1875.0,5175.0
86,11513417,11615092,False,2,1,lot,33,+3400sqft,1875.0,5275.0
86,11513417,11615092,False,2,1,lot,34,+3500sqft,1875.0,5375.0
86,11513417,11615092,False,2,1,lot,35,+3600sqft,1875.0,5475.0
86,11513417,11615092,False,2,1,lot,36,+3700sqft,1875.0,5575.0
86,11513417,11615092,False,2,1,lot,37,+3800sqft,1875.0,5675.0
86,11513417,11615092,False,2,1,lot,38,+3900sqft,1875.0,5775.0
86,11513417,11615092,False,2,1,lot,39,+4000sqft,1875.0,5875.0
86,11513417,11615092,False,2,1,lot,40,+4100sqft,1875.0,5975.0
86,11513417,11615092,False,2,1,lot,41,+4200sqft,1875.0,6075.0
86,11513417,11615092,False,2,1,lot,42,+4300sqft,1875.0,6175.0
86,11513417,11615092,False,2,1,lot,43,+4400sqft,1875.0,6275.0
86,11513417,11615092,False,2,1,lot,44,+4500sqft,1875.0,6375.0
86,11513417,11615092,False,2,1,lot,45,+4600sqft,1875.0,6475.0
86,11513417,11615092,False,2,1,lot,46,+4700sqft,1875.0,6575.0
86,11513417,11615092,False,2,1,lot,47,+4800sqft,1875.0,6675.0
86,11513417,11615092,False,2,1,lot,48,+4900sqft,1875.0,6775.0
86,11513417,11615092,False,2,1,lot,49,+5000sqft,1875.0,6875.0
87,11558275,11589740,True,2,1,bedrooms,0,+1,4.0,5.0
87,11558275,11589740,True,2,1,bedrooms,1,+2,4.0,6.0
87,11558275,11589740,True,2,1,bedrooms,2,+3,4.0,7.0
87,11558275,11589740,True,2,1,bedrooms,3,+4,4.0,8.0
87,11558275,11589740,True,2,1,bedrooms,4,+5,4.0,9.0
87,11558275,11589740,True,2,1,bedrooms,5,+6,4.0,10.0
87,11558275,11589740,True,2,1,bathrooms,0,+1,3.0,4.0
87,11558275,11589740,True,2,1,bathrooms,1,+2,3.0,5.0
87,11558275,11589740,True,2,1,bathrooms,2,+3,3.0,6.0
87,11558275,11589740,True,2,1,bathrooms,3,+4,3.0,7.0
87,11558275,11589740,True,2,1,bathrooms,4,+5,3.0,8.0
87,11558275,11589740,True,2,1,bathrooms,5,+6,3.0,9.0
87,11558275,11589740,True,2,1,bathrooms,6,+7,3.0,10.0
87,11558275,11589740,True,2,1,yearBuilt,0,+2yr,1995.0,1997.0
87,11558275,11589740,True,2,1,yearBuilt,1,+4yr,1995.0,1999.0
87,11558275,11589740,True,2,1,yearBuilt,2,+6yr,1995.0,2001.0
87,11558275,11589740,True,2,1,yearBuilt,3,+8yr,1995.0,2003.0
87,11558275,11589740,True,2,1,yearBuilt,4,+10yr,1995.0,2005.0
87,11558275,11589740,True,2,1,yearBuilt,5,+12yr,1995.0,2007.0
87,11558275,11589740,True,2,1,yearBuilt,6,+14yr,1995.0,2009.0
87,11558275,11589740,True,2,1,yearBuilt,7,+16yr,1995.0,2011.0
87,11558275,11589740,True,2,1,yearBuilt,8,+18yr,1995.0,2013.0
87,11558275,11589740,True,2,1,yearBuilt,9,+20yr,1995.0,2015.0
87,11558275,11589740,True,2,1,yearBuilt,10,+22yr,1995.0,2017.0
87,11558275,11589740,True,2,1,yearBuilt,11,+24yr,1995.0,2019.0
87,11558275,11589740,True,2,1,yearBuilt,12,+26yr,1995.0,2021.0
87,11558275,11589740,True,2,1,yearBuilt,13,+28yr,1995.0,2023.0
87,11558275,11589740,True,2,1,yearBuilt,14,+30yr,1995.0,2025.0
87,11558275,11589740,True,2,1,lot,0,+100sqft,5257.0,5357.0
87,11558275,11589740,True,2,1,lot,1,+200sqft,5257.0,5457.0
87,11558275,11589740,True,2,1,lot,2,+300sqft,5257.0,5557.0
87,11558275,11589740,True,2,1,lot,3,+400sqft,5257.0,5657.0
87,11558275,11589740,True,2,1,lot,4,+500sqft,5257.0,5757.0
87,11558275,11589740,True,2,1,lot,5,+600sqft,5257.0,5857.0
87,11558275,11589740,True,2,1,lot,6,+700sqft,5257.0,5957.0
87,11558275,11589740,True,2,1,lot,7,+800sqft,5257.0,6057.0
87,11558275,11589740,True,2,1,lot,8,+900sqft,5257.0,6157.0
87,11558275,11589740,True,2,1,lot,9,+1000sqft,5257.0,6257.0
87,11558275,11589740,True,2,1,lot,10,+1100sqft,5257.0,6357.0
87,11558275,11589740,True,2,1,lot,11,+1200sqft,5257.0,6457.0
87,11558275,11589740,True,2,1,lot,12,+1300sqft,5257.0,6557.0
87,11558275,11589740,True,2,1,lot,13,+1400sqft,5257.0,6657.0
87,11558275,11589740,True,2,1,lot,14,+1500sqft,5257.0,6757.0
87,11558275,11589740,True,2,1,lot,15,+1600sqft,5257.0,6857.0
87,11558275,11589740,True,2,1,lot,16,+1700sqft,5257.0,6957.0
87,11558275,11589740,True,2,1,lot,17,+1800sqft,5257.0,7057.0
87,11558275,11589740,True,2,1,lot,18,+1900sqft,5257.0,7157.0
87,11558275,11589740,True,2,1,lot,19,+2000sqft,5257.0,7257.0
87,11558275,11589740,True,2,1,lot,20,+2100sqft,5257.0,7357.0
87,11558275,11589740,True,2,1,lot,21,+2200sqft,5257.0,7457.0
87,11558275,11589740,True,2,1,lot,22,+2300sqft,5257.0,7557.0
87,11558275,11589740,True,2,1,lot,23,+2400sqft,5257.0,7657.0
87,11558275,11589740,True,2,1,lot,24,+2500sqft,5257.0,7757.0
87,11558275,11589740,True,2,1,lot,25,+2600sqft,5257.0,7857.0
87,11558275,11589740,True,2,1,lot,26,+2700sqft,5257.0,7957.0
87,11558275,11589740,True,2,1,lot,27,+2800sqft,5257.0,8057.0
87,11558275,11589740,True,2,1,lot,28,+2900sqft,5257.0,8157.0
87,11558275,11589740,True,2,1,lot,29,+3000sqft,5257.0,8257.0
87,11558275,11589740,True,2,1,lot,30,+3100sqft,5257.0,8357.0
87,11558275,11589740,True,2,1,lot,31,+3200sqft,5257.0,8457.0
87,11558275,11589740,True,2,1,lot,32,+3300sqft,5257.0,8557.0
87,11558275,11589740,True,2,1,lot,33,+3400sqft,5257.0,8657.0
87,11558275,11589740,True,2,1,lot,34,+3500sqft,5257.0,8757.0
87,11558275,11589740,True,2,1,lot,35,+3600sqft,5257.0,8857.0
87,11558275,11589740,True,2,1,lot,36,+3700sqft,5257.0,8957.0
87,11558275,11589740,True,2,1,lot,37,+3800sqft,5257.0,9057.0
87,11558275,11589740,True,2,1,lot,38,+3900sqft,5257.0,9157.0
87,11558275,11589740,True,2,1,lot,39,+4000sqft,5257.0,9257.0
87,11558275,11589740,True,2,1,lot,40,+4100sqft,5257.0,9357.0
87,11558275,11589740,True,2,1,lot,41,+4200sqft,5257.0,9457.0
87,11558275,11589740,True,2,1,lot,42,+4300sqft,5257.0,9557.0
87,11558275,11589740,True,2,1,lot,43,+4400sqft,5257.0,9657.0
87,11558275,11589740,True,2,1,lot,44,+4500sqft,5257.0,9757.0
87,11558275,11589740,True,2,1,lot,45,+4600sqft,5257.0,9857.0
87,11558275,11589740,True,2,1,lot,46,+4700sqft,5257.0,9957.0
87,11558275,11589740,True,2,1,lot,47,+4800sqft,5257.0,10057.0
87,11558275,11589740,True,2,1,lot,48,+4900sqft,5257.0,10157.0
87,11558275,11589740,True,2,1,lot,49,+5000sqft,5257.0,10257.0
88,11470364,11547114,False,1,2,bedrooms,0,+1,3.0,4.0
88,11470364,11547114,False,1,2,bedrooms,1,+2,3.0,5.0
88,11470364,11547114,False,1,2,bedrooms,2,+3,3.0,6.0
88,11470364,11547114,False,1,2,bedrooms,3,+4,3.0,7.0
88,11470364,11547114,False,1,2,bedrooms,4,+5,3.0,8.0
88,11470364,11547114,False,1,2,bedrooms,5,+6,3.0,9.0
88,11470364,11547114,False,1,2,bedrooms,6,+7,3.0,10.0
88,11470364,11547114,False,1,2,bathrooms,0,+1,2.0,3.0
88,11470364,11547114,False,1,2,bathrooms,1,+2,2.0,4.0
88,11470364,11547114,False,1,2,bathrooms,2,+3,2.0,5.0
88,11470364,11547114,False,1,2,bathrooms,3,+4,2.0,6.0
88,11470364,11547114,False,1,2,bathrooms,4,+5,2.0,7.0
88,11470364,11547114,False,1,2,bathrooms,5,+6,2.0,8.0
88,11470364,11547114,False,1,2,bathrooms,6,+7,2.0,9.0
88,11470364,11547114,False,1,2,bathrooms,7,+8,2.0,10.0
88,11470364,11547114,False,1,2,yearBuilt,0,+2yr,1979.0,1981.0
88,11470364,11547114,False,1,2,yearBuilt,1,+4yr,1979.0,1983.0
88,11470364,11547114,False,1,2,yearBuilt,2,+6yr,1979.0,1985.0
88,11470364,11547114,False,1,2,yearBuilt,3,+8yr,1979.0,1987.0
88,11470364,11547114,False,1,2,yearBuilt,4,+10yr,1979.0,1989.0
88,11470364,11547114,False,1,2,yearBuilt,5,+12yr,1979.0,1991.0
88,11470364,11547114,False,1,2,yearBuilt,6,+14yr,1979.0,1993.0
88,11470364,11547114,False,1,2,yearBuilt,7,+16yr,1979.0,1995.0
88,11470364,11547114,False,1,2,yearBuilt,8,+18yr,1979.0,1997.0
88,11470364,11547114,False,1,2,yearBuilt,9,+20yr,1979.0,1999.0
88,11470364,11547114,False,1,2,yearBuilt,10,+22yr,1979.0,2001.0
88,11470364,11547114,False,1,2,yearBuilt,11,+24yr,1979.0,2003.0
88,11470364,11547114,False,1,2,yearBuilt,12,+26yr,1979.0,2005.0
88,11470364,11547114,False,1,2,yearBuilt,13,+28yr,1979.0,2007.0
88,11470364,11547114,False,1,2,yearBuilt,14,+30yr,1979.0,2009.0
88,11470364,11547114,False,1,2,yearBuilt,15,+32yr,1979.0,2011.0
88,11470364,11547114,False,1,2,yearBuilt,16,+34yr,1979.0,2013.0
88,11470364,11547114,False,1,2,yearBuilt,17,+36yr,1979.0,2015.0
88,11470364,11547114,False,1,2,yearBuilt,18,+38yr,1979.0,2017.0
88,11470364,11547114,False,1,2,yearBuilt,19,+40yr,1979.0,2019.0
88,11470364,11547114,False,1,2,yearBuilt,20,+42yr,1979.0,2021.0
88,11470364,11547114,False,1,2,yearBuilt,21,+44yr,1979.0,2023.0
88,11470364,11547114,False,1,2,yearBuilt,22,+46yr,1979.0,2025.0
88,11470364,11547114,False,1,2,lot,0,+100sqft,2877.0,2977.0
88,11470364,11547114,False,1,2,lot,1,+200sqft,2877.0,3077.0
88,11470364,11547114,False,1,2,lot,2,+300sqft,2877.0,3177.0
88,11470364,11547114,False,1,2,lot,3,+400sqft,2877.0,3277.0
88,11470364,11547114,False,1,2,lot,4,+500sqft,2877.0,3377.0
88,11470364,11547114,False,1,2,lot,5,+600sqft,2877.0,3477.0
88,11470364,11547114,False,1,2,lot,6,+700sqft,2877.0,3577.0
88,11470364,11547114,False,1,2,lot,7,+800sqft,2877.0,3677.0
88,11470364,11547114,False,1,2,lot,8,+900sqft,2877.0,3777.0
88,11470364,11547114,False,1,2,lot,9,+1000sqft,2877.0,3877.0
88,11470364,11547114,False,1,2,lot,10,+1100sqft,2877.0,3977.0
88,11470364,11547114,False,1,2,lot,11,+1200sqft,2877.0,4077.0
88,11470364,11547114,False,1,2,lot,12,+1300sqft,2877.0,4177.0
88,11470364,11547114,False,1,2,lot,13,+1400sqft,2877.0,4277.0
88,11470364,11547114,False,1,2,lot,14,+1500sqft,2877.0,4377.0
88,11470364,11547114,False,1,2,lot,15,+1600sqft,2877.0,4477.0
88,11470364,11547114,False,1,2,lot,16,+1700sqft,2877.0,4577.0
88,11470364,11547114,False,1,2,lot,17,+1800sqft,2877.0,4677.0
88,11470364,11547114,False,1,2,lot,18,+1900sqft,2877.0,4777.0
88,11470364,11547114,False,1,2,lot,19,+2000sqft,2877.0,4877.0
88,11470364,11547114,False,1,2,lot,20,+2100sqft,2877.0,4977.0
88,11470364,11547114,False,1,2,lot,21,+2200sqft,2877.0,5077.0
88,11470364,11547114,False,1,2,lot,22,+2300sqft,2877.0,5177.0
88,11470364,11547114,False,1,2,lot,23,+2400sqft,2877.0,5277.0
88,11470364,11547114,False,1,2,lot,24,+2500sqft,2877.0,5377.0
88,11470364,11547114,False,1,2,lot,25,+2600sqft,2877.0,5477.0
88,11470364,11547114,False,1,2,lot,26,+2700sqft,2877.0,5577.0
88,11470364,11547114,False,1,2,lot,27,+2800sqft,2877.0,5677.0
88,11470364,11547114,False,1,2,lot,28,+2900sqft,2877.0,5777.0
88,11470364,11547114,False,1,2,lot,29,+3000sqft,2877.0,5877.0
88,11470364,11547114,False,1,2,lot,30,+3100sqft,2877.0,5977.0
88,11470364,11547114,False,1,2,lot,31,+3200sqft,2877.0,6077.0
88,11470364,11547114,False,1,2,lot,32,+3300sqft,2877.0,6177.0
88,11470364,11547114,False,1,2,lot,33,+3400sqft,2877.0,6277.0
88,11470364,11547114,False,1,2,lot,34,+3500sqft,2877.0,6377.0
88,11470364,11547114,False,1,2,lot,35,+3600sqft,2877.0,6477.0
88,11470364,11547114,False,1,2,lot,36,+3700sqft,2877.0,6577.0
88,11470364,11547114,False,1,2,lot,37,+3800sqft,2877.0,6677.0
88,11470364,11547114,False,1,2,lot,38,+3900sqft,2877.0,6777.0
88,11470364,11547114,False,1,2,lot,39,+4000sqft,2877.0,6877.0
88,11470364,11547114,False,1,2,lot,40,+4100sqft,2877.0,6977.0
88,11470364,11547114,False,1,2,lot,41,+4200sqft,2877.0,7077.0
88,11470364,11547114,False,1,2,lot,42,+4300sqft,2877.0,7177.0
88,11470364,11547114,False,1,2,lot,43,+4400sqft,2877.0,7277.0
88,11470364,11547114,False,1,2,lot,44,+4500sqft,2877.0,7377.0
88,11470364,11547114,False,1,2,lot,45,+4600sqft,2877.0,7477.0
88,11470364,11547114,False,1,2,lot,46,+4700sqft,2877.0,7577.0
88,11470364,11547114,False,1,2,lot,47,+4800sqft,2877.0,7677.0
88,11470364,11547114,False,1,2,lot,48,+4900sqft,2877.0,7777.0
88,11470364,11547114,False,1,2,lot,49,+5000sqft,2877.0,7877.0
89,11612888,11615938,True,1,2,bedrooms,0,+1,3.0,4.0
89,11612888,11615938,True,1,2,bedrooms,1,+2,3.0,5.0
89,11612888,11615938,True,1,2,bedrooms,2,+3,3.0,6.0
89,11612888,11615938,True,1,2,bedrooms,3,+4,3.0,7.0
89,11612888,11615938,True,1,2,bedrooms,4,+5,3.0,8.0
89,11612888,11615938,True,1,2,bedrooms,5,+6,3.0,9.0
89,11612888,11615938,True,1,2,bedrooms,6,+7,3.0,10.0
89,11612888,11615938,True,1,2,bathrooms,0,+1,1.0,2.0
89,11612888,11615938,True,1,2,bathrooms,1,+2,1.0,3.0
89,11612888,11615938,True,1,2,bathrooms,2,+3,1.0,4.0
89,11612888,11615938,True,1,2,bathrooms,3,+4,1.0,5.0
89,11612888,11615938,True,1,2,bathrooms,4,+5,1.0,6.0
89,11612888,11615938,True,1,2,bathrooms,5,+6,1.0,7.0
89,11612888,11615938,True,1,2,bathrooms,6,+7,1.0,8.0
89,11612888,11615938,True,1,2,bathrooms,7,+8,1.0,9.0
89,11612888,11615938,True,1,2,bathrooms,8,+9,1.0,10.0
89,11612888,11615938,True,1,2,yearBuilt,0,+2yr,1950.0,1952.0
89,11612888,11615938,True,1,2,yearBuilt,1,+4yr,1950.0,1954.0
89,11612888,11615938,True,1,2,yearBuilt,2,+6yr,1950.0,1956.0
89,11612888,11615938,True,1,2,yearBuilt,3,+8yr,1950.0,1958.0
89,11612888,11615938,True,1,2,yearBuilt,4,+10yr,1950.0,1960.0
89,11612888,11615938,True,1,2,yearBuilt,5,+12yr,1950.0,1962.0
89,11612888,11615938,True,1,2,yearBuilt,6,+14yr,1950.0,1964.0
89,11612888,11615938,True,1,2,yearBuilt,7,+16yr,1950.0,1966.0
89,11612888,11615938,True,1,2,yearBuilt,8,+18yr,1950.0,1968.0
89,11612888,11615938,True,1,2,yearBuilt,9,+20yr,1950.0,1970.0
89,11612888,11615938,True,1,2,yearBuilt,10,+22yr,1950.0,1972.0
89,11612888,11615938,True,1,2,yearBuilt,11,+24yr,1950.0,1974.0
89,11612888,11615938,True,1,2,yearBuilt,12,+26yr,1950.0,1976.0
89,11612888,11615938,True,1,2,yearBuilt,13,+28yr,1950.0,1978.0
89,11612888,11615938,True,1,2,yearBuilt,14,+30yr,1950.0,1980.0
89,11612888,11615938,True,1,2,yearBuilt,15,+32yr,1950.0,1982.0
89,11612888,11615938,True,1,2,yearBuilt,16,+34yr,1950.0,1984.0
89,11612888,11615938,True,1,2,yearBuilt,17,+36yr,1950.0,1986.0
89,11612888,11615938,True,1,2,yearBuilt,18,+38yr,1950.0,1988.0
89,11612888,11615938,True,1,2,yearBuilt,19,+40yr,1950.0,1990.0
89,11612888,11615938,True,1,2,yearBuilt,20,+42yr,1950.0,1992.0
89,11612888,11615938,True,1,2,yearBuilt,21,+44yr,1950.0,1994.0
89,11612888,11615938,True,1,2,yearBuilt,22,+46yr,1950.0,1996.0
89,11612888,11615938,True,1,2,yearBuilt,23,+48yr,1950.0,1998.0
89,11612888,11615938,True,1,2,yearBuilt,24,+50yr,1950.0,2000.0
89,11612888,11615938,True,1,2,yearBuilt,25,+52yr,1950.0,2002.0
89,11612888,11615938,True,1,2,yearBuilt,26,+54yr,1950.0,2004.0
89,11612888,11615938,True,1,2,yearBuilt,27,+56yr,1950.0,2006.0
89,11612888,11615938,True,1,2,yearBuilt,28,+58yr,1950.0,2008.0
89,11612888,11615938,True,1,2,yearBuilt,29,+60yr,1950.0,2010.0
89,11612888,11615938,True,1,2,yearBuilt,30,+62yr,1950.0,2012.0
89,11612888,11615938,True,1,2,yearBuilt,31,+64yr,1950.0,2014.0
89,11612888,11615938,True,1,2,yearBuilt,32,+66yr,1950.0,2016.0
89,11612888,11615938,True,1,2,yearBuilt,33,+68yr,1950.0,2018.0
89,11612888,11615938,True,1,2,yearBuilt,34,+70yr,1950.0,2020.0
89,11612888,11615938,True,1,2,yearBuilt,35,+72yr,1950.0,2022.0
89,11612888,11615938,True,1,2,yearBuilt,36,+74yr,1950.0,2024.0
89,11612888,11615938,True,1,2,lot,0,+100sqft,2775.0,2875.0
89,11612888,11615938,True,1,2,lot,1,+200sqft,2775.0,2975.0
89,11612888,11615938,True,1,2,lot,2,+300sqft,2775.0,3075.0
89,11612888,11615938,True,1,2,lot,3,+400sqft,2775.0,3175.0
89,11612888,11615938,True,1,2,lot,4,+500sqft,2775.0,3275.0
89,11612888,11615938,True,1,2,lot,5,+600sqft,2775.0,3375.0
89,11612888,11615938,True,1,2,lot,6,+700sqft,2775.0,3475.0
89,11612888,11615938,True,1,2,lot,7,+800sqft,2775.0,3575.0
89,11612888,11615938,True,1,2,lot,8,+900sqft,2775.0,3675.0
89,11612888,11615938,True,1,2,lot,9,+1000sqft,2775.0,3775.0
89,11612888,11615938,True,1,2,lot,10,+1100sqft,2775.0,3875.0
89,11612888,11615938,True,1,2,lot,11,+1200sqft,2775.0,3975.0
89,11612888,11615938,True,1,2,lot,12,+1300sqft,2775.0,4075.0
89,11612888,11615938,True,1,2,lot,13,+1400sqft,2775.0,4175.0
89,11612888,11615938,True,1,2,lot,14,+1500sqft,2775.0,4275.0
89,11612888,11615938,True,1,2,lot,15,+1600sqft,2775.0,4375.0
89,11612888,11615938,True,1,2,lot,16,+1700sqft,2775.0,4475.0
89,11612888,11615938,True,1,2,lot,17,+1800sqft,2775.0,4575.0
89,11612888,11615938,True,1,2,lot,18,+1900sqft,2775.0,4675.0
89,11612888,11615938,True,1,2,lot,19,+2000sqft,2775.0,4775.0
89,11612888,11615938,True,1,2,lot,20,+2100sqft,2775.0,4875.0
89,11612888,11615938,True,1,2,lot,21,+2200sqft,2775.0,4975.0
89,11612888,11615938,True,1,2,lot,22,+2300sqft,2775.0,5075.0
89,11612888,11615938,True,1,2,lot,23,+2400sqft,2775.0,5175.0
89,11612888,11615938,True,1,2,lot,24,+2500sqft,2775.0,5275.0
89,11612888,11615938,True,1,2,lot,25,+2600sqft,2775.0,5375.0
89,11612888,11615938,True,1,2,lot,26,+2700sqft,2775.0,5475.0
89,11612888,11615938,True,1,2,lot,27,+2800sqft,2775.0,5575.0
89,11612888,11615938,True,1,2,lot,28,+2900sqft,2775.0,5675.0
89,11612888,11615938,True,1,2,lot,29,+3000sqft,2775.0,5775.0
89,11612888,11615938,True,1,2,lot,30,+3100sqft,2775.0,5875.0
89,11612888,11615938,True,1,2,lot,31,+3200sqft,2775.0,5975.0
89,11612888,11615938,True,1,2,lot,32,+3300sqft,2775.0,6075.0
89,11612888,11615938,True,1,2,lot,33,+3400sqft,2775.0,6175.0
89,11612888,11615938,True,1,2,lot,34,+3500sqft,2775.0,6275.0
89,11612888,11615938,True,1,2,lot,35,+3600sqft,2775.0,6375.0
89,11612888,11615938,True,1,2,lot,36,+3700sqft,2775.0,6475.0
89,11612888,11615938,True,1,2,lot,37,+3800sqft,2775.0,6575.0
89,11612888,11615938,True,1,2,lot,38,+3900sqft,2775.0,6675.0
89,11612888,11615938,True,1,2,lot,39,+4000sqft,2775.0,6775.0
89,11612888,11615938,True,1,2,lot,40,+4100sqft,2775.0,6875.0
89,11612888,11615938,True,1,2,lot,41,+4200sqft,2775.0,6975.0
89,11612888,11615938,True,1,2,lot,42,+4300sqft,2775.0,7075.0
89,11612888,11615938,True,1,2,lot,43,+4400sqft,2775.0,7175.0
89,11612888,11615938,True,1,2,lot,44,+4500sqft,2775.0,7275.0
89,11612888,11615938,True,1,2,lot,45,+4600sqft,2775.0,7375.0
89,11612888,11615938,True,1,2,lot,46,+4700sqft,2775.0,7475.0
89,11612888,11615938,True,1,2,lot,47,+4800sqft,2775.0,7575.0
89,11612888,11615938,True,1,2,lot,48,+4900sqft,2775.0,7675.0
89,11612888,11615938,True,1,2,lot,49,+5000sqft,2775.0,7775.0
90,11309717,11431614,False,1,2,bedrooms,0,+1,3.0,4.0
90,11309717,11431614,False,1,2,bedrooms,1,+2,3.0,5.0
90,11309717,11431614,False,1,2,bedrooms,2,+3,3.0,6.0
90,11309717,11431614,False,1,2,bedrooms,3,+4,3.0,7.0
90,11309717,11431614,False,1,2,bedrooms,4,+5,3.0,8.0
90,11309717,11431614,False,1,2,bedrooms,5,+6,3.0,9.0
90,11309717,11431614,False,1,2,bedrooms,6,+7,3.0,10.0
90,11309717,11431614,False,1,2,bathrooms,0,+1,1.0,2.0
90,11309717,11431614,False,1,2,bathrooms,1,+2,1.0,3.0
90,11309717,11431614,False,1,2,bathrooms,2,+3,1.0,4.0
90,11309717,11431614,False,1,2,bathrooms,3,+4,1.0,5.0
90,11309717,11431614,False,1,2,bathrooms,4,+5,1.0,6.0
90,11309717,11431614,False,1,2,bathrooms,5,+6,1.0,7.0
90,11309717,11431614,False,1,2,bathrooms,6,+7,1.0,8.0
90,11309717,11431614,False,1,2,bathrooms,7,+8,1.0,9.0
90,11309717,11431614,False,1,2,bathrooms,8,+9,1.0,10.0
90,11309717,11431614,False,1,2,yearBuilt,0,+2yr,1960.0,1962.0
90,11309717,11431614,False,1,2,yearBuilt,1,+4yr,1960.0,1964.0
90,11309717,11431614,False,1,2,yearBuilt,2,+6yr,1960.0,1966.0
90,11309717,11431614,False,1,2,yearBuilt,3,+8yr,1960.0,1968.0
90,11309717,11431614,False,1,2,yearBuilt,4,+10yr,1960.0,1970.0
90,11309717,11431614,False,1,2,yearBuilt,5,+12yr,1960.0,1972.0
90,11309717,11431614,False,1,2,yearBuilt,6,+14yr,1960.0,1974.0
90,11309717,11431614,False,1,2,yearBuilt,7,+16yr,1960.0,1976.0
90,11309717,11431614,False,1,2,yearBuilt,8,+18yr,1960.0,1978.0
90,11309717,11431614,False,1,2,yearBuilt,9,+20yr,1960.0,1980.0
90,11309717,11431614,False,1,2,yearBuilt,10,+22yr,1960.0,1982.0
90,11309717,11431614,False,1,2,yearBuilt,11,+24yr,1960.0,1984.0
90,11309717,11431614,False,1,2,yearBuilt,12,+26yr,1960.0,1986.0
90,11309717,11431614,False,1,2,yearBuilt,13,+28yr,1960.0,1988.0
90,11309717,11431614,False,1,2,yearBuilt,14,+30yr,1960.0,1990.0
90,11309717,11431614,False,1,2,yearBuilt,15,+32yr,1960.0,1992.0
90,11309717,11431614,False,1,2,yearBuilt,16,+34yr,1960.0,1994.0
90,11309717,11431614,False,1,2,yearBuilt,17,+36yr,1960.0,1996.0
90,11309717,11431614,False,1,2,yearBuilt,18,+38yr,1960.0,1998.0
90,11309717,11431614,False,1,2,yearBuilt,19,+40yr,1960.0,2000.0
90,11309717,11431614,False,1,2,yearBuilt,20,+42yr,1960.0,2002.0
90,11309717,11431614,False,1,2,yearBuilt,21,+44yr,1960.0,2004.0
90,11309717,11431614,False,1,2,yearBuilt,22,+46yr,1960.0,2006.0
90,11309717,11431614,False,1,2,yearBuilt,23,+48yr,1960.0,2008.0
90,11309717,11431614,False,1,2,yearBuilt,24,+50yr,1960.0,2010.0
90,11309717,11431614,False,1,2,yearBuilt,25,+52yr,1960.0,2012.0
90,11309717,11431614,False,1,2,yearBuilt,26,+54yr,1960.0,2014.0
90,11309717,11431614,False,1,2,yearBuilt,27,+56yr,1960.0,2016.0
90,11309717,11431614,False,1,2,yearBuilt,28,+58yr,1960.0,2018.0
90,11309717,11431614,False,1,2,yearBuilt,29,+60yr,1960.0,2020.0
90,11309717,11431614,False,1,2,yearBuilt,30,+62yr,1960.0,2022.0
90,11309717,11431614,False,1,2,yearBuilt,31,+64yr,1960.0,2024.0
90,11309717,11431614,False,1,2,lot,0,+100sqft,0.33,0.3323
90,11309717,11431614,False,1,2,lot,1,+200sqft,0.33,0.3346
90,11309717,11431614,False,1,2,lot,2,+300sqft,0.33,0.3369
90,11309717,11431614,False,1,2,lot,3,+400sqft,0.33,0.3392
90,11309717,11431614,False,1,2,lot,4,+500sqft,0.33,0.3415
90,11309717,11431614,False,1,2,lot,5,+600sqft,0.33,0.3438
90,11309717,11431614,False,1,2,lot,6,+700sqft,0.33,0.3461
90,11309717,11431614,False,1,2,lot,7,+800sqft,0.33,0.3484
90,11309717,11431614,False,1,2,lot,8,+900sqft,0.33,0.3507
90,11309717,11431614,False,1,2,lot,9,+1000sqft,0.33,0.353
90,11309717,11431614,False,1,2,lot,10,+1100sqft,0.33,0.3553
90,11309717,11431614,False,1,2,lot,11,+1200sqft,0.33,0.3575
90,11309717,11431614,False,1,2,lot,12,+1300sqft,0.33,0.3598
90,11309717,11431614,False,1,2,lot,13,+1400sqft,0.33,0.3621
90,11309717,11431614,False,1,2,lot,14,+1500sqft,0.33,0.3644
90,11309717,11431614,False,1,2,lot,15,+1600sqft,0.33,0.3667
90,11309717,11431614,False,1,2,lot,16,+1700sqft,0.33,0.369
90,11309717,11431614,False,1,2,lot,17,+1800sqft,0.33,0.3713
90,11309717,11431614,False,1,2,lot,18,+1900sqft,0.33,0.3736
90,11309717,11431614,False,1,2,lot,19,+2000sqft,0.33,0.3759
90,11309717,11431614,False,1,2,lot,20,+2100sqft,0.33,0.3782
90,11309717,11431614,False,1,2,lot,21,+2200sqft,0.33,0.3805
90,11309717,11431614,False,1,2,lot,22,+2300sqft,0.33,0.3828
90,11309717,11431614,False,1,2,lot,23,+2400sqft,0.33,0.3851
90,11309717,11431614,False,1,2,lot,24,+2500sqft,0.33,0.3874
90,11309717,11431614,False,1,2,lot,25,+2600sqft,0.33,0.3897
90,11309717,11431614,False,1,2,lot,26,+2700sqft,0.33,0.392
90,11309717,11431614,False,1,2,lot,27,+2800sqft,0.33,0.3943
90,11309717,11431614,False,1,2,lot,28,+2900sqft,0.33,0.3966
90,11309717,11431614,False,1,2,lot,29,+3000sqft,0.33,0.3989
90,11309717,11431614,False,1,2,lot,30,+3100sqft,0.33,0.4012
90,11309717,11431614,False,1,2,lot,31,+3200sqft,0.33,0.4035
90,11309717,11431614,False,1,2,lot,32,+3300sqft,0.33,0.4058
90,11309717,11431614,False,1,2,lot,33,+3400sqft,0.33,0.4081
90,11309717,11431614,False,1,2,lot,34,+3500sqft,0.33,0.4103
90,11309717,11431614,False,1,2,lot,35,+3600sqft,0.33,0.4126
90,11309717,11431614,False,1,2,lot,36,+3700sqft,0.33,0.4149
90,11309717,11431614,False,1,2,lot,37,+3800sqft,0.33,0.4172
90,11309717,11431614,False,1,2,lot,38,+3900sqft,0.33,0.4195
90,11309717,11431614,False,1,2,lot,39,+4000sqft,0.33,0.4218
90,11309717,11431614,False,1,2,lot,40,+4100sqft,0.33,0.4241
90,11309717,11431614,False,1,2,lot,41,+4200sqft,0.33,0.4264
90,11309717,11431614,False,1,2,lot,42,+4300sqft,0.33,0.4287
90,11309717,11431614,False,1,2,lot,43,+4400sqft,0.33,0.431
90,11309717,11431614,False,1,2,lot,44,+4500sqft,0.33,0.4333
90,11309717,11431614,False,1,2,lot,45,+4600sqft,0.33,0.4356
90,11309717,11431614,False,1,2,lot,46,+4700sqft,0.33,0.4379
90,11309717,11431614,False,1,2,lot,47,+4800sqft,0.33,0.4402
90,11309717,11431614,False,1,2,lot,48,+4900sqft,0.33,0.4425
90,11309717,11431614,False,1,2,lot,49,+5000sqft,0.33,0.4448
91,11474820,11585241,False,2,1,bedrooms,0,+1,3.0,4.0
91,11474820,11585241,False,2,1,bedrooms,1,+2,3.0,5.0
91,11474820,11585241,False,2,1,bedrooms,2,+3,3.0,6.0
91,11474820,11585241,False,2,1,bedrooms,3,+4,3.0,7.0
91,11474820,11585241,False,2,1,bedrooms,4,+5,3.0,8.0
91,11474820,11585241,False,2,1,bedrooms,5,+6,3.0,9.0
91,11474820,11585241,False,2,1,bedrooms,6,+7,3.0,10.0
91,11474820,11585241,False,2,1,bathrooms,0,+1,1.0,2.0
91,11474820,11585241,False,2,1,bathrooms,1,+2,1.0,3.0
91,11474820,11585241,False,2,1,bathrooms,2,+3,1.0,4.0
91,11474820,11585241,False,2,1,bathrooms,3,+4,1.0,5.0
91,11474820,11585241,False,2,1,bathrooms,4,+5,1.0,6.0
91,11474820,11585241,False,2,1,bathrooms,5,+6,1.0,7.0
91,11474820,11585241,False,2,1,bathrooms,6,+7,1.0,8.0
91,11474820,11585241,False,2,1,bathrooms,7,+8,1.0,9.0
91,11474820,11585241,False,2,1,bathrooms,8,+9,1.0,10.0
91,11474820,11585241,False,2,1,yearBuilt,0,+2yr,1910.0,1912.0
91,11474820,11585241,False,2,1,yearBuilt,1,+4yr,1910.0,1914.0
91,11474820,11585241,False,2,1,yearBuilt,2,+6yr,1910.0,1916.0
91,11474820,11585241,False,2,1,yearBuilt,3,+8yr,1910.0,1918.0
91,11474820,11585241,False,2,1,yearBuilt,4,+10yr,1910.0,1920.0
91,11474820,11585241,False,2,1,yearBuilt,5,+12yr,1910.0,1922.0
91,11474820,11585241,False,2,1,yearBuilt,6,+14yr,1910.0,1924.0
91,11474820,11585241,False,2,1,yearBuilt,7,+16yr,1910.0,1926.0
91,11474820,11585241,False,2,1,yearBuilt,8,+18yr,1910.0,1928.0
91,11474820,11585241,False,2,1,yearBuilt,9,+20yr,1910.0,1930.0
91,11474820,11585241,False,2,1,yearBuilt,10,+22yr,1910.0,1932.0
91,11474820,11585241,False,2,1,yearBuilt,11,+24yr,1910.0,1934.0
91,11474820,11585241,False,2,1,yearBuilt,12,+26yr,1910.0,1936.0
91,11474820,11585241,False,2,1,yearBuilt,13,+28yr,1910.0,1938.0
91,11474820,11585241,False,2,1,yearBuilt,14,+30yr,1910.0,1940.0
91,11474820,11585241,False,2,1,yearBuilt,15,+32yr,1910.0,1942.0
91,11474820,11585241,False,2,1,yearBuilt,16,+34yr,1910.0,1944.0
91,11474820,11585241,False,2,1,yearBuilt,17,+36yr,1910.0,1946.0
91,11474820,11585241,False,2,1,yearBuilt,18,+38yr,1910.0,1948.0
91,11474820,11585241,False,2,1,yearBuilt,19,+40yr,1910.0,1950.0
91,11474820,11585241,False,2,1,yearBuilt,20,+42yr,1910.0,1952.0
91,11474820,11585241,False,2,1,yearBuilt,21,+44yr,1910.0,1954.0
91,11474820,11585241,False,2,1,yearBuilt,22,+46yr,1910.0,1956.0
91,11474820,11585241,False,2,1,yearBuilt,23,+48yr,1910.0,1958.0
91,11474820,11585241,False,2,1,yearBuilt,24,+50yr,1910.0,1960.0
91,11474820,11585241,False,2,1,yearBuilt,25,+52yr,1910.0,1962.0
91,11474820,11585241,False,2,1,yearBuilt,26,+54yr,1910.0,1964.0
91,11474820,11585241,False,2,1,yearBuilt,27,+56yr,1910.0,1966.0
91,11474820,11585241,False,2,1,yearBuilt,28,+58yr,1910.0,1968.0
91,11474820,11585241,False,2,1,yearBuilt,29,+60yr,1910.0,1970.0
91,11474820,11585241,False,2,1,yearBuilt,30,+62yr,1910.0,1972.0
91,11474820,11585241,False,2,1,yearBuilt,31,+64yr,1910.0,1974.0
91,11474820,11585241,False,2,1,yearBuilt,32,+66yr,1910.0,1976.0
91,11474820,11585241,False,2,1,yearBuilt,33,+68yr,1910.0,1978.0
91,11474820,11585241,False,2,1,yearBuilt,34,+70yr,1910.0,1980.0
91,11474820,11585241,False,2,1,yearBuilt,35,+72yr,1910.0,1982.0
91,11474820,11585241,False,2,1,yearBuilt,36,+74yr,1910.0,1984.0
91,11474820,11585241,False,2,1,yearBuilt,37,+76yr,1910.0,1986.0
91,11474820,11585241,False,2,1,yearBuilt,38,+78yr,1910.0,1988.0
91,11474820,11585241,False,2,1,yearBuilt,39,+80yr,1910.0,1990.0
91,11474820,11585241,False,2,1,yearBuilt,40,+82yr,1910.0,1992.0
91,11474820,11585241,False,2,1,yearBuilt,41,+84yr,1910.0,1994.0
91,11474820,11585241,False,2,1,yearBuilt,42,+86yr,1910.0,1996.0
91,11474820,11585241,False,2,1,yearBuilt,43,+88yr,1910.0,1998.0
91,11474820,11585241,False,2,1,yearBuilt,44,+90yr,1910.0,2000.0
91,11474820,11585241,False,2,1,yearBuilt,45,+92yr,1910.0,2002.0
91,11474820,11585241,False,2,1,yearBuilt,46,+94yr,1910.0,2004.0
91,11474820,11585241,False,2,1,lot,0,+100sqft,2249.0,2349.0
91,11474820,11585241,False,2,1,lot,1,+200sqft,2249.0,2449.0
91,11474820,11585241,False,2,1,lot,2,+300sqft,2249.0,2549.0
91,11474820,11585241,False,2,1,lot,3,+400sqft,2249.0,2649.0
91,11474820,11585241,False,2,1,lot,4,+500sqft,2249.0,2749.0
91,11474820,11585241,False,2,1,lot,5,+600sqft,2249.0,2849.0
91,11474820,11585241,False,2,1,lot,6,+700sqft,2249.0,2949.0
91,11474820,11585241,False,2,1,lot,7,+800sqft,2249.0,3049.0
91,11474820,11585241,False,2,1,lot,8,+900sqft,2249.0,3149.0
91,11474820,11585241,False,2,1,lot,9,+1000sqft,2249.0,3249.0
91,11474820,11585241,False,2,1,lot,10,+1100sqft,2249.0,3349.0
91,11474820,11585241,False,2,1,lot,11,+1200sqft,2249.0,3449.0
91,11474820,11585241,False,2,1,lot,12,+1300sqft,2249.0,3549.0
91,11474820,11585241,False,2,1,lot,13,+1400sqft,2249.0,3649.0
91,11474820,11585241,False,2,1,lot,14,+1500sqft,2249.0,3749.0
91,11474820,11585241,False,2,1,lot,15,+1600sqft,2249.0,3849.0
91,11474820,11585241,False,2,1,lot,16,+1700sqft,2249.0,3949.0
91,11474820,11585241,False,2,1,lot,17,+1800sqft,2249.0,4049.0
91,11474820,11585241,False,2,1,lot,18,+1900sqft,2249.0,4149.0
91,11474820,11585241,False,2,1,lot,19,+2000sqft,2249.0,4249.0
91,11474820,11585241,False,2,1,lot,20,+2100sqft,2249.0,4349.0
91,11474820,11585241,False,2,1,lot,21,+2200sqft,2249.0,4449.0
91,11474820,11585241,False,2,1,lot,22,+2300sqft,2249.0,4549.0
91,11474820,11585241,False,2,1,lot,23,+2400sqft,2249.0,4649.0
91,11474820,11585241,False,2,1,lot,24,+2500sqft,2249.0,4749.0
91,11474820,11585241,False,2,1,lot,25,+2600sqft,2249.0,4849.0
91,11474820,11585241,False,2,1,lot,26,+2700sqft,2249.0,4949.0
91,11474820,11585241,False,2,1,lot,27,+2800sqft,2249.0,5049.0
91,11474820,11585241,False,2,1,lot,28,+2900sqft,2249.0,5149.0
91,11474820,11585241,False,2,1,lot,29,+3000sqft,2249.0,5249.0
91,11474820,11585241,False,2,1,lot,30,+3100sqft,2249.0,5349.0
91,11474820,11585241,False,2,1,lot,31,+3200sqft,2249.0,5449.0
91,11474820,11585241,False,2,1,lot,32,+3300sqft,2249.0,5549.0
91,11474820,11585241,False,2,1,lot,33,+3400sqft,2249.0,5649.0
91,11474820,11585241,False,2,1,lot,34,+3500sqft,2249.0,5749.0
91,11474820,11585241,False,2,1,lot,35,+3600sqft,2249.0,5849.0
91,11474820,11585241,False,2,1,lot,36,+3700sqft,2249.0,5949.0
91,11474820,11585241,False,2,1,lot,37,+3800sqft,2249.0,6049.0
91,11474820,11585241,False,2,1,lot,38,+3900sqft,2249.0,6149.0
91,11474820,11585241,False,2,1,lot,39,+4000sqft,2249.0,6249.0
91,11474820,11585241,False,2,1,lot,40,+4100sqft,2249.0,6349.0
91,11474820,11585241,False,2,1,lot,41,+4200sqft,2249.0,6449.0
91,11474820,11585241,False,2,1,lot,42,+4300sqft,2249.0,6549.0
91,11474820,11585241,False,2,1,lot,43,+4400sqft,2249.0,6649.0
91,11474820,11585241,False,2,1,lot,44,+4500sqft,2249.0,6749.0
91,11474820,11585241,False,2,1,lot,45,+4600sqft,2249.0,6849.0
91,11474820,11585241,False,2,1,lot,46,+4700sqft,2249.0,6949.0
91,11474820,11585241,False,2,1,lot,47,+4800sqft,2249.0,7049.0
91,11474820,11585241,False,2,1,lot,48,+4900sqft,2249.0,7149.0
91,11474820,11585241,False,2,1,lot,49,+5000sqft,2249.0,7249.0
92,11510347,11549565,True,1,2,bedrooms,0,+1,4.0,5.0
92,11510347,11549565,True,1,2,bedrooms,1,+2,4.0,6.0
92,11510347,11549565,True,1,2,bedrooms,2,+3,4.0,7.0
92,11510347,11549565,True,1,2,bedrooms,3,+4,4.0,8.0
92,11510347,11549565,True,1,2,bedrooms,4,+5,4.0,9.0
92,11510347,11549565,True,1,2,bedrooms,5,+6,4.0,10.0
92,11510347,11549565,True,1,2,bathrooms,0,+1,4.0,5.0
92,11510347,11549565,True,1,2,bathrooms,1,+2,4.0,6.0
92,11510347,11549565,True,1,2,bathrooms,2,+3,4.0,7.0
92,11510347,11549565,True,1,2,bathrooms,3,+4,4.0,8.0
92,11510347,11549565,True,1,2,bathrooms,4,+5,4.0,9.0
92,11510347,11549565,True,1,2,bathrooms,5,+6,4.0,10.0
92,11510347,11549565,True,1,2,yearBuilt,0,+2yr,1962.0,1964.0
92,11510347,11549565,True,1,2,yearBuilt,1,+4yr,1962.0,1966.0
92,11510347,11549565,True,1,2,yearBuilt,2,+6yr,1962.0,1968.0
92,11510347,11549565,True,1,2,yearBuilt,3,+8yr,1962.0,1970.0
92,11510347,11549565,True,1,2,yearBuilt,4,+10yr,1962.0,1972.0
92,11510347,11549565,True,1,2,yearBuilt,5,+12yr,1962.0,1974.0
92,11510347,11549565,True,1,2,yearBuilt,6,+14yr,1962.0,1976.0
92,11510347,11549565,True,1,2,yearBuilt,7,+16yr,1962.0,1978.0
92,11510347,11549565,True,1,2,yearBuilt,8,+18yr,1962.0,1980.0
92,11510347,11549565,True,1,2,yearBuilt,9,+20yr,1962.0,1982.0
92,11510347,11549565,True,1,2,yearBuilt,10,+22yr,1962.0,1984.0
92,11510347,11549565,True,1,2,yearBuilt,11,+24yr,1962.0,1986.0
92,11510347,11549565,True,1,2,yearBuilt,12,+26yr,1962.0,1988.0
92,11510347,11549565,True,1,2,yearBuilt,13,+28yr,1962.0,1990.0
92,11510347,11549565,True,1,2,yearBuilt,14,+30yr,1962.0,1992.0
92,11510347,11549565,True,1,2,yearBuilt,15,+32yr,1962.0,1994.0
92,11510347,11549565,True,1,2,yearBuilt,16,+34yr,1962.0,1996.0
92,11510347,11549565,True,1,2,yearBuilt,17,+36yr,1962.0,1998.0
92,11510347,11549565,True,1,2,yearBuilt,18,+38yr,1962.0,2000.0
92,11510347,11549565,True,1,2,yearBuilt,19,+40yr,1962.0,2002.0
92,11510347,11549565,True,1,2,yearBuilt,20,+42yr,1962.0,2004.0
92,11510347,11549565,True,1,2,yearBuilt,21,+44yr,1962.0,2006.0
92,11510347,11549565,True,1,2,yearBuilt,22,+46yr,1962.0,2008.0
92,11510347,11549565,True,1,2,yearBuilt,23,+48yr,1962.0,2010.0
92,11510347,11549565,True,1,2,yearBuilt,24,+50yr,1962.0,2012.0
92,11510347,11549565,True,1,2,yearBuilt,25,+52yr,1962.0,2014.0
92,11510347,11549565,True,1,2,yearBuilt,26,+54yr,1962.0,2016.0
92,11510347,11549565,True,1,2,yearBuilt,27,+56yr,1962.0,2018.0
92,11510347,11549565,True,1,2,yearBuilt,28,+58yr,1962.0,2020.0
92,11510347,11549565,True,1,2,yearBuilt,29,+60yr,1962.0,2022.0
92,11510347,11549565,True,1,2,yearBuilt,30,+62yr,1962.0,2024.0
92,11510347,11549565,True,1,2,lot,0,+100sqft,0.41,0.4123
92,11510347,11549565,True,1,2,lot,1,+200sqft,0.41,0.4146
92,11510347,11549565,True,1,2,lot,2,+300sqft,0.41,0.4169
92,11510347,11549565,True,1,2,lot,3,+400sqft,0.41,0.4192
92,11510347,11549565,True,1,2,lot,4,+500sqft,0.41,0.4215
92,11510347,11549565,True,1,2,lot,5,+600sqft,0.41,0.4238
92,11510347,11549565,True,1,2,lot,6,+700sqft,0.41,0.4261
92,11510347,11549565,True,1,2,lot,7,+800sqft,0.41,0.4284
92,11510347,11549565,True,1,2,lot,8,+900sqft,0.41,0.4307
92,11510347,11549565,True,1,2,lot,9,+1000sqft,0.41,0.433
92,11510347,11549565,True,1,2,lot,10,+1100sqft,0.41,0.4353
92,11510347,11549565,True,1,2,lot,11,+1200sqft,0.41,0.4375
92,11510347,11549565,True,1,2,lot,12,+1300sqft,0.41,0.4398
92,11510347,11549565,True,1,2,lot,13,+1400sqft,0.41,0.4421
92,11510347,11549565,True,1,2,lot,14,+1500sqft,0.41,0.4444
92,11510347,11549565,True,1,2,lot,15,+1600sqft,0.41,0.4467
92,11510347,11549565,True,1,2,lot,16,+1700sqft,0.41,0.449
92,11510347,11549565,True,1,2,lot,17,+1800sqft,0.41,0.4513
92,11510347,11549565,True,1,2,lot,18,+1900sqft,0.41,0.4536
92,11510347,11549565,True,1,2,lot,19,+2000sqft,0.41,0.4559
92,11510347,11549565,True,1,2,lot,20,+2100sqft,0.41,0.4582
92,11510347,11549565,True,1,2,lot,21,+2200sqft,0.41,0.4605
92,11510347,11549565,True,1,2,lot,22,+2300sqft,0.41,0.4628
92,11510347,11549565,True,1,2,lot,23,+2400sqft,0.41,0.4651
92,11510347,11549565,True,1,2,lot,24,+2500sqft,0.41,0.4674
92,11510347,11549565,True,1,2,lot,25,+2600sqft,0.41,0.4697
92,11510347,11549565,True,1,2,lot,26,+2700sqft,0.41,0.472
92,11510347,11549565,True,1,2,lot,27,+2800sqft,0.41,0.4743
92,11510347,11549565,True,1,2,lot,28,+2900sqft,0.41,0.4766
92,11510347,11549565,True,1,2,lot,29,+3000sqft,0.41,0.4789
92,11510347,11549565,True,1,2,lot,30,+3100sqft,0.41,0.4812
92,11510347,11549565,True,1,2,lot,31,+3200sqft,0.41,0.4835
92,11510347,11549565,True,1,2,lot,32,+3300sqft,0.41,0.4858
92,11510347,11549565,True,1,2,lot,33,+3400sqft,0.41,0.4881
92,11510347,11549565,True,1,2,lot,34,+3500sqft,0.41,0.4903
92,11510347,11549565,True,1,2,lot,35,+3600sqft,0.41,0.4926
92,11510347,11549565,True,1,2,lot,36,+3700sqft,0.41,0.4949
92,11510347,11549565,True,1,2,lot,37,+3800sqft,0.41,0.4972
92,11510347,11549565,True,1,2,lot,38,+3900sqft,0.41,0.4995
92,11510347,11549565,True,1,2,lot,39,+4000sqft,0.41,0.5018
92,11510347,11549565,True,1,2,lot,40,+4100sqft,0.41,0.5041
92,11510347,11549565,True,1,2,lot,41,+4200sqft,0.41,0.5064
92,11510347,11549565,True,1,2,lot,42,+4300sqft,0.41,0.5087
92,11510347,11549565,True,1,2,lot,43,+4400sqft,0.41,0.511
92,11510347,11549565,True,1,2,lot,44,+4500sqft,0.41,0.5133
92,11510347,11549565,True,1,2,lot,45,+4600sqft,0.41,0.5156
92,11510347,11549565,True,1,2,lot,46,+4700sqft,0.41,0.5179
92,11510347,11549565,True,1,2,lot,47,+4800sqft,0.41,0.5202
92,11510347,11549565,True,1,2,lot,48,+4900sqft,0.41,0.5225
92,11510347,11549565,True,1,2,lot,49,+5000sqft,0.41,0.5248
93,11396297,11397572,True,2,1,bedrooms,0,+1,4.0,5.0
93,11396297,11397572,True,2,1,bedrooms,1,+2,4.0,6.0
93,11396297,11397572,True,2,1,bedrooms,2,+3,4.0,7.0
93,11396297,11397572,True,2,1,bedrooms,3,+4,4.0,8.0
93,11396297,11397572,True,2,1,bedrooms,4,+5,4.0,9.0
93,11396297,11397572,True,2,1,bedrooms,5,+6,4.0,10.0
93,11396297,11397572,True,2,1,bathrooms,0,+1,3.0,4.0
93,11396297,11397572,True,2,1,bathrooms,1,+2,3.0,5.0
93,11396297,11397572,True,2,1,bathrooms,2,+3,3.0,6.0
93,11396297,11397572,True,2,1,bathrooms,3,+4,3.0,7.0
93,11396297,11397572,True,2,1,bathrooms,4,+5,3.0,8.0
93,11396297,11397572,True,2,1,bathrooms,5,+6,3.0,9.0
93,11396297,11397572,True,2,1,bathrooms,6,+7,3.0,10.0
93,11396297,11397572,True,2,1,yearBuilt,0,+2yr,1950.0,1952.0
93,11396297,11397572,True,2,1,yearBuilt,1,+4yr,1950.0,1954.0
93,11396297,11397572,True,2,1,yearBuilt,2,+6yr,1950.0,1956.0
93,11396297,11397572,True,2,1,yearBuilt,3,+8yr,1950.0,1958.0
93,11396297,11397572,True,2,1,yearBuilt,4,+10yr,1950.0,1960.0
93,11396297,11397572,True,2,1,yearBuilt,5,+12yr,1950.0,1962.0
93,11396297,11397572,True,2,1,yearBuilt,6,+14yr,1950.0,1964.0
93,11396297,11397572,True,2,1,yearBuilt,7,+16yr,1950.0,1966.0
93,11396297,11397572,True,2,1,yearBuilt,8,+18yr,1950.0,1968.0
93,11396297,11397572,True,2,1,yearBuilt,9,+20yr,1950.0,1970.0
93,11396297,11397572,True,2,1,yearBuilt,10,+22yr,1950.0,1972.0
93,11396297,11397572,True,2,1,yearBuilt,11,+24yr,1950.0,1974.0
93,11396297,11397572,True,2,1,yearBuilt,12,+26yr,1950.0,1976.0
93,11396297,11397572,True,2,1,yearBuilt,13,+28yr,1950.0,1978.0
93,11396297,11397572,True,2,1,yearBuilt,14,+30yr,1950.0,1980.0
93,11396297,11397572,True,2,1,yearBuilt,15,+32yr,1950.0,1982.0
93,11396297,11397572,True,2,1,yearBuilt,16,+34yr,1950.0,1984.0
93,11396297,11397572,True,2,1,yearBuilt,17,+36yr,1950.0,1986.0
93,11396297,11397572,True,2,1,yearBuilt,18,+38yr,1950.0,1988.0
93,11396297,11397572,True,2,1,yearBuilt,19,+40yr,1950.0,1990.0
93,11396297,11397572,True,2,1,yearBuilt,20,+42yr,1950.0,1992.0
93,11396297,11397572,True,2,1,yearBuilt,21,+44yr,1950.0,1994.0
93,11396297,11397572,True,2,1,yearBuilt,22,+46yr,1950.0,1996.0
93,11396297,11397572,True,2,1,yearBuilt,23,+48yr,1950.0,1998.0
93,11396297,11397572,True,2,1,yearBuilt,24,+50yr,1950.0,2000.0
93,11396297,11397572,True,2,1,yearBuilt,25,+52yr,1950.0,2002.0
93,11396297,11397572,True,2,1,yearBuilt,26,+54yr,1950.0,2004.0
93,11396297,11397572,True,2,1,yearBuilt,27,+56yr,1950.0,2006.0
93,11396297,11397572,True,2,1,yearBuilt,28,+58yr,1950.0,2008.0
93,11396297,11397572,True,2,1,yearBuilt,29,+60yr,1950.0,2010.0
93,11396297,11397572,True,2,1,yearBuilt,30,+62yr,1950.0,2012.0
93,11396297,11397572,True,2,1,yearBuilt,31,+64yr,1950.0,2014.0
93,11396297,11397572,True,2,1,yearBuilt,32,+66yr,1950.0,2016.0
93,11396297,11397572,True,2,1,yearBuilt,33,+68yr,1950.0,2018.0
93,11396297,11397572,True,2,1,yearBuilt,34,+70yr,1950.0,2020.0
93,11396297,11397572,True,2,1,yearBuilt,35,+72yr,1950.0,2022.0
93,11396297,11397572,True,2,1,yearBuilt,36,+74yr,1950.0,2024.0
93,11396297,11397572,True,2,1,lot,0,+100sqft,4791.0,4891.0
93,11396297,11397572,True,2,1,lot,1,+200sqft,4791.0,4991.0
93,11396297,11397572,True,2,1,lot,2,+300sqft,4791.0,5091.0
93,11396297,11397572,True,2,1,lot,3,+400sqft,4791.0,5191.0
93,11396297,11397572,True,2,1,lot,4,+500sqft,4791.0,5291.0
93,11396297,11397572,True,2,1,lot,5,+600sqft,4791.0,5391.0
93,11396297,11397572,True,2,1,lot,6,+700sqft,4791.0,5491.0
93,11396297,11397572,True,2,1,lot,7,+800sqft,4791.0,5591.0
93,11396297,11397572,True,2,1,lot,8,+900sqft,4791.0,5691.0
93,11396297,11397572,True,2,1,lot,9,+1000sqft,4791.0,5791.0
93,11396297,11397572,True,2,1,lot,10,+1100sqft,4791.0,5891.0
93,11396297,11397572,True,2,1,lot,11,+1200sqft,4791.0,5991.0
93,11396297,11397572,True,2,1,lot,12,+1300sqft,4791.0,6091.0
93,11396297,11397572,True,2,1,lot,13,+1400sqft,4791.0,6191.0
93,11396297,11397572,True,2,1,lot,14,+1500sqft,4791.0,6291.0
93,11396297,11397572,True,2,1,lot,15,+1600sqft,4791.0,6391.0
93,11396297,11397572,True,2,1,lot,16,+1700sqft,4791.0,6491.0
93,11396297,11397572,True,2,1,lot,17,+1800sqft,4791.0,6591.0
93,11396297,11397572,True,2,1,lot,18,+1900sqft,4791.0,6691.0
93,11396297,11397572,True,2,1,lot,19,+2000sqft,4791.0,6791.0
93,11396297,11397572,True,2,1,lot,20,+2100sqft,4791.0,6891.0
93,11396297,11397572,True,2,1,lot,21,+2200sqft,4791.0,6991.0
93,11396297,11397572,True,2,1,lot,22,+2300sqft,4791.0,7091.0
93,11396297,11397572,True,2,1,lot,23,+2400sqft,4791.0,7191.0
93,11396297,11397572,True,2,1,lot,24,+2500sqft,4791.0,7291.0
93,11396297,11397572,True,2,1,lot,25,+2600sqft,4791.0,7391.0
93,11396297,11397572,True,2,1,lot,26,+2700sqft,4791.0,7491.0
93,11396297,11397572,True,2,1,lot,27,+2800sqft,4791.0,7591.0
93,11396297,11397572,True,2,1,lot,28,+2900sqft,4791.0,7691.0
93,11396297,11397572,True,2,1,lot,29,+3000sqft,4791.0,7791.0
93,11396297,11397572,True,2,1,lot,30,+3100sqft,4791.0,7891.0
93,11396297,11397572,True,2,1,lot,31,+3200sqft,4791.0,7991.0
93,11396297,11397572,True,2,1,lot,32,+3300sqft,4791.0,8091.0
93,11396297,11397572,True,2,1,lot,33,+3400sqft,4791.0,8191.0
93,11396297,11397572,True,2,1,lot,34,+3500sqft,4791.0,8291.0
93,11396297,11397572,True,2,1,lot,35,+3600sqft,4791.0,8391.0
93,11396297,11397572,True,2,1,lot,36,+3700sqft,4791.0,8491.0
93,11396297,11397572,True,2,1,lot,37,+3800sqft,4791.0,8591.0
93,11396297,11397572,True,2,1,lot,38,+3900sqft,4791.0,8691.0
93,11396297,11397572,True,2,1,lot,39,+4000sqft,4791.0,8791.0
93,11396297,11397572,True,2,1,lot,40,+4100sqft,4791.0,8891.0
93,11396297,11397572,True,2,1,lot,41,+4200sqft,4791.0,8991.0
93,11396297,11397572,True,2,1,lot,42,+4300sqft,4791.0,9091.0
93,11396297,11397572,True,2,1,lot,43,+4400sqft,4791.0,9191.0
93,11396297,11397572,True,2,1,lot,44,+4500sqft,4791.0,9291.0
93,11396297,11397572,True,2,1,lot,45,+4600sqft,4791.0,9391.0
93,11396297,11397572,True,2,1,lot,46,+4700sqft,4791.0,9491.0
93,11396297,11397572,True,2,1,lot,47,+4800sqft,4791.0,9591.0
93,11396297,11397572,True,2,1,lot,48,+4900sqft,4791.0,9691.0
93,11396297,11397572,True,2,1,lot,49,+5000sqft,4791.0,9791.0
94,11522602,11617759,True,1,2,bedrooms,0,+1,3.0,4.0
94,11522602,11617759,True,1,2,bedrooms,1,+2,3.0,5.0
94,11522602,11617759,True,1,2,bedrooms,2,+3,3.0,6.0
94,11522602,11617759,True,1,2,bedrooms,3,+4,3.0,7.0
94,11522602,11617759,True,1,2,bedrooms,4,+5,3.0,8.0
94,11522602,11617759,True,1,2,bedrooms,5,+6,3.0,9.0
94,11522602,11617759,True,1,2,bedrooms,6,+7,3.0,10.0
94,11522602,11617759,True,1,2,bathrooms,0,+1,3.0,4.0
94,11522602,11617759,True,1,2,bathrooms,1,+2,3.0,5.0
94,11522602,11617759,True,1,2,bathrooms,2,+3,3.0,6.0
94,11522602,11617759,True,1,2,bathrooms,3,+4,3.0,7.0
94,11522602,11617759,True,1,2,bathrooms,4,+5,3.0,8.0
94,11522602,11617759,True,1,2,bathrooms,5,+6,3.0,9.0
94,11522602,11617759,True,1,2,bathrooms,6,+7,3.0,10.0
94,11522602,11617759,True,1,2,yearBuilt,0,+2yr,1944.0,1946.0
94,11522602,11617759,True,1,2,yearBuilt,1,+4yr,1944.0,1948.0
94,11522602,11617759,True,1,2,yearBuilt,2,+6yr,1944.0,1950.0
94,11522602,11617759,True,1,2,yearBuilt,3,+8yr,1944.0,1952.0
94,11522602,11617759,True,1,2,yearBuilt,4,+10yr,1944.0,1954.0
94,11522602,11617759,True,1,2,yearBuilt,5,+12yr,1944.0,1956.0
94,11522602,11617759,True,1,2,yearBuilt,6,+14yr,1944.0,1958.0
94,11522602,11617759,True,1,2,yearBuilt,7,+16yr,1944.0,1960.0
94,11522602,11617759,True,1,2,yearBuilt,8,+18yr,1944.0,1962.0
94,11522602,11617759,True,1,2,yearBuilt,9,+20yr,1944.0,1964.0
94,11522602,11617759,True,1,2,yearBuilt,10,+22yr,1944.0,1966.0
94,11522602,11617759,True,1,2,yearBuilt,11,+24yr,1944.0,1968.0
94,11522602,11617759,True,1,2,yearBuilt,12,+26yr,1944.0,1970.0
94,11522602,11617759,True,1,2,yearBuilt,13,+28yr,1944.0,1972.0
94,11522602,11617759,True,1,2,yearBuilt,14,+30yr,1944.0,1974.0
94,11522602,11617759,True,1,2,yearBuilt,15,+32yr,1944.0,1976.0
94,11522602,11617759,True,1,2,yearBuilt,16,+34yr,1944.0,1978.0
94,11522602,11617759,True,1,2,yearBuilt,17,+36yr,1944.0,1980.0
94,11522602,11617759,True,1,2,yearBuilt,18,+38yr,1944.0,1982.0
94,11522602,11617759,True,1,2,yearBuilt,19,+40yr,1944.0,1984.0
94,11522602,11617759,True,1,2,yearBuilt,20,+42yr,1944.0,1986.0
94,11522602,11617759,True,1,2,yearBuilt,21,+44yr,1944.0,1988.0
94,11522602,11617759,True,1,2,yearBuilt,22,+46yr,1944.0,1990.0
94,11522602,11617759,True,1,2,yearBuilt,23,+48yr,1944.0,1992.0
94,11522602,11617759,True,1,2,yearBuilt,24,+50yr,1944.0,1994.0
94,11522602,11617759,True,1,2,yearBuilt,25,+52yr,1944.0,1996.0
94,11522602,11617759,True,1,2,yearBuilt,26,+54yr,1944.0,1998.0
94,11522602,11617759,True,1,2,yearBuilt,27,+56yr,1944.0,2000.0
94,11522602,11617759,True,1,2,yearBuilt,28,+58yr,1944.0,2002.0
94,11522602,11617759,True,1,2,yearBuilt,29,+60yr,1944.0,2004.0
94,11522602,11617759,True,1,2,yearBuilt,30,+62yr,1944.0,2006.0
94,11522602,11617759,True,1,2,yearBuilt,31,+64yr,1944.0,2008.0
94,11522602,11617759,True,1,2,yearBuilt,32,+66yr,1944.0,2010.0
94,11522602,11617759,True,1,2,yearBuilt,33,+68yr,1944.0,2012.0
94,11522602,11617759,True,1,2,yearBuilt,34,+70yr,1944.0,2014.0
94,11522602,11617759,True,1,2,yearBuilt,35,+72yr,1944.0,2016.0
94,11522602,11617759,True,1,2,yearBuilt,36,+74yr,1944.0,2018.0
94,11522602,11617759,True,1,2,yearBuilt,37,+76yr,1944.0,2020.0
94,11522602,11617759,True,1,2,yearBuilt,38,+78yr,1944.0,2022.0
94,11522602,11617759,True,1,2,yearBuilt,39,+80yr,1944.0,2024.0
94,11522602,11617759,True,1,2,lot,0,+100sqft,9600.0,9700.0
94,11522602,11617759,True,1,2,lot,1,+200sqft,9600.0,9800.0
94,11522602,11617759,True,1,2,lot,2,+300sqft,9600.0,9900.0
94,11522602,11617759,True,1,2,lot,3,+400sqft,9600.0,10000.0
94,11522602,11617759,True,1,2,lot,4,+500sqft,9600.0,10100.0
94,11522602,11617759,True,1,2,lot,5,+600sqft,9600.0,10200.0
94,11522602,11617759,True,1,2,lot,6,+700sqft,9600.0,10300.0
94,11522602,11617759,True,1,2,lot,7,+800sqft,9600.0,10400.0
94,11522602,11617759,True,1,2,lot,8,+900sqft,9600.0,10500.0
94,11522602,11617759,True,1,2,lot,9,+1000sqft,9600.0,10600.0
94,11522602,11617759,True,1,2,lot,10,+1100sqft,9600.0,10700.0
94,11522602,11617759,True,1,2,lot,11,+1200sqft,9600.0,10800.0
94,11522602,11617759,True,1,2,lot,12,+1300sqft,9600.0,10900.0
94,11522602,11617759,True,1,2,lot,13,+1400sqft,9600.0,11000.0
94,11522602,11617759,True,1,2,lot,14,+1500sqft,9600.0,11100.0
94,11522602,11617759,True,1,2,lot,15,+1600sqft,9600.0,11200.0
94,11522602,11617759,True,1,2,lot,16,+1700sqft,9600.0,11300.0
94,11522602,11617759,True,1,2,lot,17,+1800sqft,9600.0,11400.0
94,11522602,11617759,True,1,2,lot,18,+1900sqft,9600.0,11500.0
94,11522602,11617759,True,1,2,lot,19,+2000sqft,9600.0,11600.0
94,11522602,11617759,True,1,2,lot,20,+2100sqft,9600.0,11700.0
94,11522602,11617759,True,1,2,lot,21,+2200sqft,9600.0,11800.0
94,11522602,11617759,True,1,2,lot,22,+2300sqft,9600.0,11900.0
94,11522602,11617759,True,1,2,lot,23,+2400sqft,9600.0,12000.0
94,11522602,11617759,True,1,2,lot,24,+2500sqft,9600.0,12100.0
94,11522602,11617759,True,1,2,lot,25,+2600sqft,9600.0,12200.0
94,11522602,11617759,True,1,2,lot,26,+2700sqft,9600.0,12300.0
94,11522602,11617759,True,1,2,lot,27,+2800sqft,9600.0,12400.0
94,11522602,11617759,True,1,2,lot,28,+2900sqft,9600.0,12500.0
94,11522602,11617759,True,1,2,lot,29,+3000sqft,9600.0,12600.0
94,11522602,11617759,True,1,2,lot,30,+3100sqft,9600.0,12700.0
94,11522602,11617759,True,1,2,lot,31,+3200sqft,9600.0,12800.0
94,11522602,11617759,True,1,2,lot,32,+3300sqft,9600.0,12900.0
94,11522602,11617759,True,1,2,lot,33,+3400sqft,9600.0,13000.0
94,11522602,11617759,True,1,2,lot,34,+3500sqft,9600.0,13100.0
94,11522602,11617759,True,1,2,lot,35,+3600sqft,9600.0,13200.0
94,11522602,11617759,True,1,2,lot,36,+3700sqft,9600.0,13300.0
94,11522602,11617759,True,1,2,lot,37,+3800sqft,9600.0,13400.0
94,11522602,11617759,True,1,2,lot,38,+3900sqft,9600.0,13500.0
94,11522602,11617759,True,1,2,lot,39,+4000sqft,9600.0,13600.0
94,11522602,11617759,True,1,2,lot,40,+4100sqft,9600.0,13700.0
94,11522602,11617759,True,1,2,lot,41,+4200sqft,9600.0,13800.0
94,11522602,11617759,True,1,2,lot,42,+4300sqft,9600.0,13900.0
94,11522602,11617759,True,1,2,lot,43,+4400sqft,9600.0,14000.0
94,11522602,11617759,True,1,2,lot,44,+4500sqft,9600.0,14100.0
94,11522602,11617759,True,1,2,lot,45,+4600sqft,9600.0,14200.0
94,11522602,11617759,True,1,2,lot,46,+4700sqft,9600.0,14300.0
94,11522602,11617759,True,1,2,lot,47,+4800sqft,9600.0,14400.0
94,11522602,11617759,True,1,2,lot,48,+4900sqft,9600.0,14500.0
94,11522602,11617759,True,1,2,lot,49,+5000sqft,9600.0,14600.0
95,11636470,11640002,True,1,2,bedrooms,0,+1,3.0,4.0
95,11636470,11640002,True,1,2,bedrooms,1,+2,3.0,5.0
95,11636470,11640002,True,1,2,bedrooms,2,+3,3.0,6.0
95,11636470,11640002,True,1,2,bedrooms,3,+4,3.0,7.0
95,11636470,11640002,True,1,2,bedrooms,4,+5,3.0,8.0
95,11636470,11640002,True,1,2,bedrooms,5,+6,3.0,9.0
95,11636470,11640002,True,1,2,bedrooms,6,+7,3.0,10.0
95,11636470,11640002,True,1,2,bathrooms,0,+1,2.0,3.0
95,11636470,11640002,True,1,2,bathrooms,1,+2,2.0,4.0
95,11636470,11640002,True,1,2,bathrooms,2,+3,2.0,5.0
95,11636470,11640002,True,1,2,bathrooms,3,+4,2.0,6.0
95,11636470,11640002,True,1,2,bathrooms,4,+5,2.0,7.0
95,11636470,11640002,True,1,2,bathrooms,5,+6,2.0,8.0
95,11636470,11640002,True,1,2,bathrooms,6,+7,2.0,9.0
95,11636470,11640002,True,1,2,bathrooms,7,+8,2.0,10.0
95,11636470,11640002,True,1,2,yearBuilt,0,+2yr,1952.0,1954.0
95,11636470,11640002,True,1,2,yearBuilt,1,+4yr,1952.0,1956.0
95,11636470,11640002,True,1,2,yearBuilt,2,+6yr,1952.0,1958.0
95,11636470,11640002,True,1,2,yearBuilt,3,+8yr,1952.0,1960.0
95,11636470,11640002,True,1,2,yearBuilt,4,+10yr,1952.0,1962.0
95,11636470,11640002,True,1,2,yearBuilt,5,+12yr,1952.0,1964.0
95,11636470,11640002,True,1,2,yearBuilt,6,+14yr,1952.0,1966.0
95,11636470,11640002,True,1,2,yearBuilt,7,+16yr,1952.0,1968.0
95,11636470,11640002,True,1,2,yearBuilt,8,+18yr,1952.0,1970.0
95,11636470,11640002,True,1,2,yearBuilt,9,+20yr,1952.0,1972.0
95,11636470,11640002,True,1,2,yearBuilt,10,+22yr,1952.0,1974.0
95,11636470,11640002,True,1,2,yearBuilt,11,+24yr,1952.0,1976.0
95,11636470,11640002,True,1,2,yearBuilt,12,+26yr,1952.0,1978.0
95,11636470,11640002,True,1,2,yearBuilt,13,+28yr,1952.0,1980.0
95,11636470,11640002,True,1,2,yearBuilt,14,+30yr,1952.0,1982.0
95,11636470,11640002,True,1,2,yearBuilt,15,+32yr,1952.0,1984.0
95,11636470,11640002,True,1,2,yearBuilt,16,+34yr,1952.0,1986.0
95,11636470,11640002,True,1,2,yearBuilt,17,+36yr,1952.0,1988.0
95,11636470,11640002,True,1,2,yearBuilt,18,+38yr,1952.0,1990.0
95,11636470,11640002,True,1,2,yearBuilt,19,+40yr,1952.0,1992.0
95,11636470,11640002,True,1,2,yearBuilt,20,+42yr,1952.0,1994.0
95,11636470,11640002,True,1,2,yearBuilt,21,+44yr,1952.0,1996.0
95,11636470,11640002,True,1,2,yearBuilt,22,+46yr,1952.0,1998.0
95,11636470,11640002,True,1,2,yearBuilt,23,+48yr,1952.0,2000.0
95,11636470,11640002,True,1,2,yearBuilt,24,+50yr,1952.0,2002.0
95,11636470,11640002,True,1,2,yearBuilt,25,+52yr,1952.0,2004.0
95,11636470,11640002,True,1,2,yearBuilt,26,+54yr,1952.0,2006.0
95,11636470,11640002,True,1,2,yearBuilt,27,+56yr,1952.0,2008.0
95,11636470,11640002,True,1,2,yearBuilt,28,+58yr,1952.0,2010.0
95,11636470,11640002,True,1,2,yearBuilt,29,+60yr,1952.0,2012.0
95,11636470,11640002,True,1,2,yearBuilt,30,+62yr,1952.0,2014.0
95,11636470,11640002,True,1,2,yearBuilt,31,+64yr,1952.0,2016.0
95,11636470,11640002,True,1,2,yearBuilt,32,+66yr,1952.0,2018.0
95,11636470,11640002,True,1,2,yearBuilt,33,+68yr,1952.0,2020.0
95,11636470,11640002,True,1,2,yearBuilt,34,+70yr,1952.0,2022.0
95,11636470,11640002,True,1,2,yearBuilt,35,+72yr,1952.0,2024.0
95,11636470,11640002,True,1,2,lot,0,+100sqft,5000.0,5100.0
95,11636470,11640002,True,1,2,lot,1,+200sqft,5000.0,5200.0
95,11636470,11640002,True,1,2,lot,2,+300sqft,5000.0,5300.0
95,11636470,11640002,True,1,2,lot,3,+400sqft,5000.0,5400.0
95,11636470,11640002,True,1,2,lot,4,+500sqft,5000.0,5500.0
95,11636470,11640002,True,1,2,lot,5,+600sqft,5000.0,5600.0
95,11636470,11640002,True,1,2,lot,6,+700sqft,5000.0,5700.0
95,11636470,11640002,True,1,2,lot,7,+800sqft,5000.0,5800.0
95,11636470,11640002,True,1,2,lot,8,+900sqft,5000.0,5900.0
95,11636470,11640002,True,1,2,lot,9,+1000sqft,5000.0,6000.0
95,11636470,11640002,True,1,2,lot,10,+1100sqft,5000.0,6100.0
95,11636470,11640002,True,1,2,lot,11,+1200sqft,5000.0,6200.0
95,11636470,11640002,True,1,2,lot,12,+1300sqft,5000.0,6300.0
95,11636470,11640002,True,1,2,lot,13,+1400sqft,5000.0,6400.0
95,11636470,11640002,True,1,2,lot,14,+1500sqft,5000.0,6500.0
95,11636470,11640002,True,1,2,lot,15,+1600sqft,5000.0,6600.0
95,11636470,11640002,True,1,2,lot,16,+1700sqft,5000.0,6700.0
95,11636470,11640002,True,1,2,lot,17,+1800sqft,5000.0,6800.0
95,11636470,11640002,True,1,2,lot,18,+1900sqft,5000.0,6900.0
95,11636470,11640002,True,1,2,lot,19,+2000sqft,5000.0,7000.0
95,11636470,11640002,True,1,2,lot,20,+2100sqft,5000.0,7100.0
95,11636470,11640002,True,1,2,lot,21,+2200sqft,5000.0,7200.0
95,11636470,11640002,True,1,2,lot,22,+2300sqft,5000.0,7300.0
95,11636470,11640002,True,1,2,lot,23,+2400sqft,5000.0,7400.0
95,11636470,11640002,True,1,2,lot,24,+2500sqft,5000.0,7500.0
95,11636470,11640002,True,1,2,lot,25,+2600sqft,5000.0,7600.0
95,11636470,11640002,True,1,2,lot,26,+2700sqft,5000.0,7700.0
95,11636470,11640002,True,1,2,lot,27,+2800sqft,5000.0,7800.0
95,11636470,11640002,True,1,2,lot,28,+2900sqft,5000.0,7900.0
95,11636470,11640002,True,1,2,lot,29,+3000sqft,5000.0,8000.0
95,11636470,11640002,True,1,2,lot,30,+3100sqft,5000.0,8100.0
95,11636470,11640002,True,1,2,lot,31,+3200sqft,5000.0,8200.0
95,11636470,11640002,True,1,2,lot,32,+3300sqft,5000.0,8300.0
95,11636470,11640002,True,1,2,lot,33,+3400sqft,5000.0,8400.0
95,11636470,11640002,True,1,2,lot,34,+3500sqft,5000.0,8500.0
95,11636470,11640002,True,1,2,lot,35,+3600sqft,5000.0,8600.0
95,11636470,11640002,True,1,2,lot,36,+3700sqft,5000.0,8700.0
95,11636470,11640002,True,1,2,lot,37,+3800sqft,5000.0,8800.0
95,11636470,11640002,True,1,2,lot,38,+3900sqft,5000.0,8900.0
95,11636470,11640002,True,1,2,lot,39,+4000sqft,5000.0,9000.0
95,11636470,11640002,True,1,2,lot,40,+4100sqft,5000.0,9100.0
95,11636470,11640002,True,1,2,lot,41,+4200sqft,5000.0,9200.0
95,11636470,11640002,True,1,2,lot,42,+4300sqft,5000.0,9300.0
95,11636470,11640002,True,1,2,lot,43,+4400sqft,5000.0,9400.0
95,11636470,11640002,True,1,2,lot,44,+4500sqft,5000.0,9500.0
95,11636470,11640002,True,1,2,lot,45,+4600sqft,5000.0,9600.0
95,11636470,11640002,True,1,2,lot,46,+4700sqft,5000.0,9700.0
95,11636470,11640002,True,1,2,lot,47,+4800sqft,5000.0,9800.0
95,11636470,11640002,True,1,2,lot,48,+4900sqft,5000.0,9900.0
95,11636470,11640002,True,1,2,lot,49,+5000sqft,5000.0,10000.0
96,11507979,11641582,False,2,1,bedrooms,0,+1,3.0,4.0
96,11507979,11641582,False,2,1,bedrooms,1,+2,3.0,5.0
96,11507979,11641582,False,2,1,bedrooms,2,+3,3.0,6.0
96,11507979,11641582,False,2,1,bedrooms,3,+4,3.0,7.0
96,11507979,11641582,False,2,1,bedrooms,4,+5,3.0,8.0
96,11507979,11641582,False,2,1,bedrooms,5,+6,3.0,9.0
96,11507979,11641582,False,2,1,bedrooms,6,+7,3.0,10.0
96,11507979,11641582,False,2,1,bathrooms,0,+1,3.0,4.0
96,11507979,11641582,False,2,1,bathrooms,1,+2,3.0,5.0
96,11507979,11641582,False,2,1,bathrooms,2,+3,3.0,6.0
96,11507979,11641582,False,2,1,bathrooms,3,+4,3.0,7.0
96,11507979,11641582,False,2,1,bathrooms,4,+5,3.0,8.0
96,11507979,11641582,False,2,1,bathrooms,5,+6,3.0,9.0
96,11507979,11641582,False,2,1,bathrooms,6,+7,3.0,10.0
96,11507979,11641582,False,2,1,yearBuilt,0,+2yr,1940.0,1942.0
96,11507979,11641582,False,2,1,yearBuilt,1,+4yr,1940.0,1944.0
96,11507979,11641582,False,2,1,yearBuilt,2,+6yr,1940.0,1946.0
96,11507979,11641582,False,2,1,yearBuilt,3,+8yr,1940.0,1948.0
96,11507979,11641582,False,2,1,yearBuilt,4,+10yr,1940.0,1950.0
96,11507979,11641582,False,2,1,yearBuilt,5,+12yr,1940.0,1952.0
96,11507979,11641582,False,2,1,yearBuilt,6,+14yr,1940.0,1954.0
96,11507979,11641582,False,2,1,yearBuilt,7,+16yr,1940.0,1956.0
96,11507979,11641582,False,2,1,yearBuilt,8,+18yr,1940.0,1958.0
96,11507979,11641582,False,2,1,yearBuilt,9,+20yr,1940.0,1960.0
96,11507979,11641582,False,2,1,yearBuilt,10,+22yr,1940.0,1962.0
96,11507979,11641582,False,2,1,yearBuilt,11,+24yr,1940.0,1964.0
96,11507979,11641582,False,2,1,yearBuilt,12,+26yr,1940.0,1966.0
96,11507979,11641582,False,2,1,yearBuilt,13,+28yr,1940.0,1968.0
96,11507979,11641582,False,2,1,yearBuilt,14,+30yr,1940.0,1970.0
96,11507979,11641582,False,2,1,yearBuilt,15,+32yr,1940.0,1972.0
96,11507979,11641582,False,2,1,yearBuilt,16,+34yr,1940.0,1974.0
96,11507979,11641582,False,2,1,yearBuilt,17,+36yr,1940.0,1976.0
96,11507979,11641582,False,2,1,yearBuilt,18,+38yr,1940.0,1978.0
96,11507979,11641582,False,2,1,yearBuilt,19,+40yr,1940.0,1980.0
96,11507979,11641582,False,2,1,yearBuilt,20,+42yr,1940.0,1982.0
96,11507979,11641582,False,2,1,yearBuilt,21,+44yr,1940.0,1984.0
96,11507979,11641582,False,2,1,yearBuilt,22,+46yr,1940.0,1986.0
96,11507979,11641582,False,2,1,yearBuilt,23,+48yr,1940.0,1988.0
96,11507979,11641582,False,2,1,yearBuilt,24,+50yr,1940.0,1990.0
96,11507979,11641582,False,2,1,yearBuilt,25,+52yr,1940.0,1992.0
96,11507979,11641582,False,2,1,yearBuilt,26,+54yr,1940.0,1994.0
96,11507979,11641582,False,2,1,yearBuilt,27,+56yr,1940.0,1996.0
96,11507979,11641582,False,2,1,yearBuilt,28,+58yr,1940.0,1998.0
96,11507979,11641582,False,2,1,yearBuilt,29,+60yr,1940.0,2000.0
96,11507979,11641582,False,2,1,yearBuilt,30,+62yr,1940.0,2002.0
96,11507979,11641582,False,2,1,yearBuilt,31,+64yr,1940.0,2004.0
96,11507979,11641582,False,2,1,yearBuilt,32,+66yr,1940.0,2006.0
96,11507979,11641582,False,2,1,yearBuilt,33,+68yr,1940.0,2008.0
96,11507979,11641582,False,2,1,yearBuilt,34,+70yr,1940.0,2010.0
96,11507979,11641582,False,2,1,yearBuilt,35,+72yr,1940.0,2012.0
96,11507979,11641582,False,2,1,yearBuilt,36,+74yr,1940.0,2014.0
96,11507979,11641582,False,2,1,yearBuilt,37,+76yr,1940.0,2016.0
96,11507979,11641582,False,2,1,yearBuilt,38,+78yr,1940.0,2018.0
96,11507979,11641582,False,2,1,yearBuilt,39,+80yr,1940.0,2020.0
96,11507979,11641582,False,2,1,yearBuilt,40,+82yr,1940.0,2022.0
96,11507979,11641582,False,2,1,yearBuilt,41,+84yr,1940.0,2024.0
96,11507979,11641582,False,2,1,lot,0,+100sqft,0.32,0.3223
96,11507979,11641582,False,2,1,lot,1,+200sqft,0.32,0.3246
96,11507979,11641582,False,2,1,lot,2,+300sqft,0.32,0.3269
96,11507979,11641582,False,2,1,lot,3,+400sqft,0.32,0.3292
96,11507979,11641582,False,2,1,lot,4,+500sqft,0.32,0.3315
96,11507979,11641582,False,2,1,lot,5,+600sqft,0.32,0.3338
96,11507979,11641582,False,2,1,lot,6,+700sqft,0.32,0.3361
96,11507979,11641582,False,2,1,lot,7,+800sqft,0.32,0.3384
96,11507979,11641582,False,2,1,lot,8,+900sqft,0.32,0.3407
96,11507979,11641582,False,2,1,lot,9,+1000sqft,0.32,0.343
96,11507979,11641582,False,2,1,lot,10,+1100sqft,0.32,0.3453
96,11507979,11641582,False,2,1,lot,11,+1200sqft,0.32,0.3475
96,11507979,11641582,False,2,1,lot,12,+1300sqft,0.32,0.3498
96,11507979,11641582,False,2,1,lot,13,+1400sqft,0.32,0.3521
96,11507979,11641582,False,2,1,lot,14,+1500sqft,0.32,0.3544
96,11507979,11641582,False,2,1,lot,15,+1600sqft,0.32,0.3567
96,11507979,11641582,False,2,1,lot,16,+1700sqft,0.32,0.359
96,11507979,11641582,False,2,1,lot,17,+1800sqft,0.32,0.3613
96,11507979,11641582,False,2,1,lot,18,+1900sqft,0.32,0.3636
96,11507979,11641582,False,2,1,lot,19,+2000sqft,0.32,0.3659
96,11507979,11641582,False,2,1,lot,20,+2100sqft,0.32,0.3682
96,11507979,11641582,False,2,1,lot,21,+2200sqft,0.32,0.3705
96,11507979,11641582,False,2,1,lot,22,+2300sqft,0.32,0.3728
96,11507979,11641582,False,2,1,lot,23,+2400sqft,0.32,0.3751
96,11507979,11641582,False,2,1,lot,24,+2500sqft,0.32,0.3774
96,11507979,11641582,False,2,1,lot,25,+2600sqft,0.32,0.3797
96,11507979,11641582,False,2,1,lot,26,+2700sqft,0.32,0.382
96,11507979,11641582,False,2,1,lot,27,+2800sqft,0.32,0.3843
96,11507979,11641582,False,2,1,lot,28,+2900sqft,0.32,0.3866
96,11507979,11641582,False,2,1,lot,29,+3000sqft,0.32,0.3889
96,11507979,11641582,False,2,1,lot,30,+3100sqft,0.32,0.3912
96,11507979,11641582,False,2,1,lot,31,+3200sqft,0.32,0.3935
96,11507979,11641582,False,2,1,lot,32,+3300sqft,0.32,0.3958
96,11507979,11641582,False,2,1,lot,33,+3400sqft,0.32,0.3981
96,11507979,11641582,False,2,1,lot,34,+3500sqft,0.32,0.4003
96,11507979,11641582,False,2,1,lot,35,+3600sqft,0.32,0.4026
96,11507979,11641582,False,2,1,lot,36,+3700sqft,0.32,0.4049
96,11507979,11641582,False,2,1,lot,37,+3800sqft,0.32,0.4072
96,11507979,11641582,False,2,1,lot,38,+3900sqft,0.32,0.4095
96,11507979,11641582,False,2,1,lot,39,+4000sqft,0.32,0.4118
96,11507979,11641582,False,2,1,lot,40,+4100sqft,0.32,0.4141
96,11507979,11641582,False,2,1,lot,41,+4200sqft,0.32,0.4164
96,11507979,11641582,False,2,1,lot,42,+4300sqft,0.32,0.4187
96,11507979,11641582,False,2,1,lot,43,+4400sqft,0.32,0.421
96,11507979,11641582,False,2,1,lot,44,+4500sqft,0.32,0.4233
96,11507979,11641582,False,2,1,lot,45,+4600sqft,0.32,0.4256
96,11507979,11641582,False,2,1,lot,46,+4700sqft,0.32,0.4279
96,11507979,11641582,False,2,1,lot,47,+4800sqft,0.32,0.4302
96,11507979,11641582,False,2,1,lot,48,+4900sqft,0.32,0.4325
96,11507979,11641582,False,2,1,lot,49,+5000sqft,0.32,0.4348
97,11554576,11646051,False,2,1,bedrooms,0,+1,3.0,4.0
97,11554576,11646051,False,2,1,bedrooms,1,+2,3.0,5.0
97,11554576,11646051,False,2,1,bedrooms,2,+3,3.0,6.0
97,11554576,11646051,False,2,1,bedrooms,3,+4,3.0,7.0
97,11554576,11646051,False,2,1,bedrooms,4,+5,3.0,8.0
97,11554576,11646051,False,2,1,bedrooms,5,+6,3.0,9.0
97,11554576,11646051,False,2,1,bedrooms,6,+7,3.0,10.0
97,11554576,11646051,False,2,1,bathrooms,0,+1,2.0,3.0
97,11554576,11646051,False,2,1,bathrooms,1,+2,2.0,4.0
97,11554576,11646051,False,2,1,bathrooms,2,+3,2.0,5.0
97,11554576,11646051,False,2,1,bathrooms,3,+4,2.0,6.0
97,11554576,11646051,False,2,1,bathrooms,4,+5,2.0,7.0
97,11554576,11646051,False,2,1,bathrooms,5,+6,2.0,8.0
97,11554576,11646051,False,2,1,bathrooms,6,+7,2.0,9.0
97,11554576,11646051,False,2,1,bathrooms,7,+8,2.0,10.0
97,11554576,11646051,False,2,1,yearBuilt,0,+2yr,1950.0,1952.0
97,11554576,11646051,False,2,1,yearBuilt,1,+4yr,1950.0,1954.0
97,11554576,11646051,False,2,1,yearBuilt,2,+6yr,1950.0,1956.0
97,11554576,11646051,False,2,1,yearBuilt,3,+8yr,1950.0,1958.0
97,11554576,11646051,False,2,1,yearBuilt,4,+10yr,1950.0,1960.0
97,11554576,11646051,False,2,1,yearBuilt,5,+12yr,1950.0,1962.0
97,11554576,11646051,False,2,1,yearBuilt,6,+14yr,1950.0,1964.0
97,11554576,11646051,False,2,1,yearBuilt,7,+16yr,1950.0,1966.0
97,11554576,11646051,False,2,1,yearBuilt,8,+18yr,1950.0,1968.0
97,11554576,11646051,False,2,1,yearBuilt,9,+20yr,1950.0,1970.0
97,11554576,11646051,False,2,1,yearBuilt,10,+22yr,1950.0,1972.0
97,11554576,11646051,False,2,1,yearBuilt,11,+24yr,1950.0,1974.0
97,11554576,11646051,False,2,1,yearBuilt,12,+26yr,1950.0,1976.0
97,11554576,11646051,False,2,1,yearBuilt,13,+28yr,1950.0,1978.0
97,11554576,11646051,False,2,1,yearBuilt,14,+30yr,1950.0,1980.0
97,11554576,11646051,False,2,1,yearBuilt,15,+32yr,1950.0,1982.0
97,11554576,11646051,False,2,1,yearBuilt,16,+34yr,1950.0,1984.0
97,11554576,11646051,False,2,1,yearBuilt,17,+36yr,1950.0,1986.0
97,11554576,11646051,False,2,1,yearBuilt,18,+38yr,1950.0,1988.0
97,11554576,11646051,False,2,1,yearBuilt,19,+40yr,1950.0,1990.0
97,11554576,11646051,False,2,1,yearBuilt,20,+42yr,1950.0,1992.0
97,11554576,11646051,False,2,1,yearBuilt,21,+44yr,1950.0,1994.0
97,11554576,11646051,False,2,1,yearBuilt,22,+46yr,1950.0,1996.0
97,11554576,11646051,False,2,1,yearBuilt,23,+48yr,1950.0,1998.0
97,11554576,11646051,False,2,1,yearBuilt,24,+50yr,1950.0,2000.0
97,11554576,11646051,False,2,1,yearBuilt,25,+52yr,1950.0,2002.0
97,11554576,11646051,False,2,1,yearBuilt,26,+54yr,1950.0,2004.0
97,11554576,11646051,False,2,1,yearBuilt,27,+56yr,1950.0,2006.0
97,11554576,11646051,False,2,1,yearBuilt,28,+58yr,1950.0,2008.0
97,11554576,11646051,False,2,1,yearBuilt,29,+60yr,1950.0,2010.0
97,11554576,11646051,False,2,1,yearBuilt,30,+62yr,1950.0,2012.0
97,11554576,11646051,False,2,1,yearBuilt,31,+64yr,1950.0,2014.0
97,11554576,11646051,False,2,1,yearBuilt,32,+66yr,1950.0,2016.0
97,11554576,11646051,False,2,1,yearBuilt,33,+68yr,1950.0,2018.0
97,11554576,11646051,False,2,1,yearBuilt,34,+70yr,1950.0,2020.0
97,11554576,11646051,False,2,1,yearBuilt,35,+72yr,1950.0,2022.0
97,11554576,11646051,False,2,1,yearBuilt,36,+74yr,1950.0,2024.0
97,11554576,11646051,False,2,1,lot,0,+100sqft,0.28,0.2823
97,11554576,11646051,False,2,1,lot,1,+200sqft,0.28,0.2846
97,11554576,11646051,False,2,1,lot,2,+300sqft,0.28,0.2869
97,11554576,11646051,False,2,1,lot,3,+400sqft,0.28,0.2892
97,11554576,11646051,False,2,1,lot,4,+500sqft,0.28,0.2915
97,11554576,11646051,False,2,1,lot,5,+600sqft,0.28,0.2938
97,11554576,11646051,False,2,1,lot,6,+700sqft,0.28,0.2961
97,11554576,11646051,False,2,1,lot,7,+800sqft,0.28,0.2984
97,11554576,11646051,False,2,1,lot,8,+900sqft,0.28,0.3007
97,11554576,11646051,False,2,1,lot,9,+1000sqft,0.28,0.303
97,11554576,11646051,False,2,1,lot,10,+1100sqft,0.28,0.3053
97,11554576,11646051,False,2,1,lot,11,+1200sqft,0.28,0.3075
97,11554576,11646051,False,2,1,lot,12,+1300sqft,0.28,0.3098
97,11554576,11646051,False,2,1,lot,13,+1400sqft,0.28,0.3121
97,11554576,11646051,False,2,1,lot,14,+1500sqft,0.28,0.3144
97,11554576,11646051,False,2,1,lot,15,+1600sqft,0.28,0.3167
97,11554576,11646051,False,2,1,lot,16,+1700sqft,0.28,0.319
97,11554576,11646051,False,2,1,lot,17,+1800sqft,0.28,0.3213
97,11554576,11646051,False,2,1,lot,18,+1900sqft,0.28,0.3236
97,11554576,11646051,False,2,1,lot,19,+2000sqft,0.28,0.3259
97,11554576,11646051,False,2,1,lot,20,+2100sqft,0.28,0.3282
97,11554576,11646051,False,2,1,lot,21,+2200sqft,0.28,0.3305
97,11554576,11646051,False,2,1,lot,22,+2300sqft,0.28,0.3328
97,11554576,11646051,False,2,1,lot,23,+2400sqft,0.28,0.3351
97,11554576,11646051,False,2,1,lot,24,+2500sqft,0.28,0.3374
97,11554576,11646051,False,2,1,lot,25,+2600sqft,0.28,0.3397
97,11554576,11646051,False,2,1,lot,26,+2700sqft,0.28,0.342
97,11554576,11646051,False,2,1,lot,27,+2800sqft,0.28,0.3443
97,11554576,11646051,False,2,1,lot,28,+2900sqft,0.28,0.3466
97,11554576,11646051,False,2,1,lot,29,+3000sqft,0.28,0.3489
97,11554576,11646051,False,2,1,lot,30,+3100sqft,0.28,0.3512
97,11554576,11646051,False,2,1,lot,31,+3200sqft,0.28,0.3535
97,11554576,11646051,False,2,1,lot,32,+3300sqft,0.28,0.3558
97,11554576,11646051,False,2,1,lot,33,+3400sqft,0.28,0.3581
97,11554576,11646051,False,2,1,lot,34,+3500sqft,0.28,0.3603
97,11554576,11646051,False,2,1,lot,35,+3600sqft,0.28,0.3626
97,11554576,11646051,False,2,1,lot,36,+3700sqft,0.28,0.3649
97,11554576,11646051,False,2,1,lot,37,+3800sqft,0.28,0.3672
97,11554576,11646051,False,2,1,lot,38,+3900sqft,0.28,0.3695
97,11554576,11646051,False,2,1,lot,39,+4000sqft,0.28,0.3718
97,11554576,11646051,False,2,1,lot,40,+4100sqft,0.28,0.3741
97,11554576,11646051,False,2,1,lot,41,+4200sqft,0.28,0.3764
97,11554576,11646051,False,2,1,lot,42,+4300sqft,0.28,0.3787
97,11554576,11646051,False,2,1,lot,43,+4400sqft,0.28,0.381
97,11554576,11646051,False,2,1,lot,44,+4500sqft,0.28,0.3833
97,11554576,11646051,False,2,1,lot,45,+4600sqft,0.28,0.3856
97,11554576,11646051,False,2,1,lot,46,+4700sqft,0.28,0.3879
97,11554576,11646051,False,2,1,lot,47,+4800sqft,0.28,0.3902
97,11554576,11646051,False,2,1,lot,48,+4900sqft,0.28,0.3925
97,11554576,11646051,False,2,1,lot,49,+5000sqft,0.28,0.3948
98,11358110,11396346,False,2,1,bedrooms,0,+1,3.0,4.0
98,11358110,11396346,False,2,1,bedrooms,1,+2,3.0,5.0
98,11358110,11396346,False,2,1,bedrooms,2,+3,3.0,6.0
98,11358110,11396346,False,2,1,bedrooms,3,+4,3.0,7.0
98,11358110,11396346,False,2,1,bedrooms,4,+5,3.0,8.0
98,11358110,11396346,False,2,1,bedrooms,5,+6,3.0,9.0
98,11358110,11396346,False,2,1,bedrooms,6,+7,3.0,10.0
98,11358110,11396346,False,2,1,bathrooms,0,+1,2.0,3.0
98,11358110,11396346,False,2,1,bathrooms,1,+2,2.0,4.0
98,11358110,11396346,False,2,1,bathrooms,2,+3,2.0,5.0
98,11358110,11396346,False,2,1,bathrooms,3,+4,2.0,6.0
98,11358110,11396346,False,2,1,bathrooms,4,+5,2.0,7.0
98,11358110,11396346,False,2,1,bathrooms,5,+6,2.0,8.0
98,11358110,11396346,False,2,1,bathrooms,6,+7,2.0,9.0
98,11358110,11396346,False,2,1,bathrooms,7,+8,2.0,10.0
98,11358110,11396346,False,2,1,yearBuilt,0,+2yr,1950.0,1952.0
98,11358110,11396346,False,2,1,yearBuilt,1,+4yr,1950.0,1954.0
98,11358110,11396346,False,2,1,yearBuilt,2,+6yr,1950.0,1956.0
98,11358110,11396346,False,2,1,yearBuilt,3,+8yr,1950.0,1958.0
98,11358110,11396346,False,2,1,yearBuilt,4,+10yr,1950.0,1960.0
98,11358110,11396346,False,2,1,yearBuilt,5,+12yr,1950.0,1962.0
98,11358110,11396346,False,2,1,yearBuilt,6,+14yr,1950.0,1964.0
98,11358110,11396346,False,2,1,yearBuilt,7,+16yr,1950.0,1966.0
98,11358110,11396346,False,2,1,yearBuilt,8,+18yr,1950.0,1968.0
98,11358110,11396346,False,2,1,yearBuilt,9,+20yr,1950.0,1970.0
98,11358110,11396346,False,2,1,yearBuilt,10,+22yr,1950.0,1972.0
98,11358110,11396346,False,2,1,yearBuilt,11,+24yr,1950.0,1974.0
98,11358110,11396346,False,2,1,yearBuilt,12,+26yr,1950.0,1976.0
98,11358110,11396346,False,2,1,yearBuilt,13,+28yr,1950.0,1978.0
98,11358110,11396346,False,2,1,yearBuilt,14,+30yr,1950.0,1980.0
98,11358110,11396346,False,2,1,yearBuilt,15,+32yr,1950.0,1982.0
98,11358110,11396346,False,2,1,yearBuilt,16,+34yr,1950.0,1984.0
98,11358110,11396346,False,2,1,yearBuilt,17,+36yr,1950.0,1986.0
98,11358110,11396346,False,2,1,yearBuilt,18,+38yr,1950.0,1988.0
98,11358110,11396346,False,2,1,yearBuilt,19,+40yr,1950.0,1990.0
98,11358110,11396346,False,2,1,yearBuilt,20,+42yr,1950.0,1992.0
98,11358110,11396346,False,2,1,yearBuilt,21,+44yr,1950.0,1994.0
98,11358110,11396346,False,2,1,yearBuilt,22,+46yr,1950.0,1996.0
98,11358110,11396346,False,2,1,yearBuilt,23,+48yr,1950.0,1998.0
98,11358110,11396346,False,2,1,yearBuilt,24,+50yr,1950.0,2000.0
98,11358110,11396346,False,2,1,yearBuilt,25,+52yr,1950.0,2002.0
98,11358110,11396346,False,2,1,yearBuilt,26,+54yr,1950.0,2004.0
98,11358110,11396346,False,2,1,yearBuilt,27,+56yr,1950.0,2006.0
98,11358110,11396346,False,2,1,yearBuilt,28,+58yr,1950.0,2008.0
98,11358110,11396346,False,2,1,yearBuilt,29,+60yr,1950.0,2010.0
98,11358110,11396346,False,2,1,yearBuilt,30,+62yr,1950.0,2012.0
98,11358110,11396346,False,2,1,yearBuilt,31,+64yr,1950.0,2014.0
98,11358110,11396346,False,2,1,yearBuilt,32,+66yr,1950.0,2016.0
98,11358110,11396346,False,2,1,yearBuilt,33,+68yr,1950.0,2018.0
98,11358110,11396346,False,2,1,yearBuilt,34,+70yr,1950.0,2020.0
98,11358110,11396346,False,2,1,yearBuilt,35,+72yr,1950.0,2022.0
98,11358110,11396346,False,2,1,yearBuilt,36,+74yr,1950.0,2024.0
98,11358110,11396346,False,2,1,lot,0,+100sqft,6000.0,6100.0
98,11358110,11396346,False,2,1,lot,1,+200sqft,6000.0,6200.0
98,11358110,11396346,False,2,1,lot,2,+300sqft,6000.0,6300.0
98,11358110,11396346,False,2,1,lot,3,+400sqft,6000.0,6400.0
98,11358110,11396346,False,2,1,lot,4,+500sqft,6000.0,6500.0
98,11358110,11396346,False,2,1,lot,5,+600sqft,6000.0,6600.0
98,11358110,11396346,False,2,1,lot,6,+700sqft,6000.0,6700.0
98,11358110,11396346,False,2,1,lot,7,+800sqft,6000.0,6800.0
98,11358110,11396346,False,2,1,lot,8,+900sqft,6000.0,6900.0
98,11358110,11396346,False,2,1,lot,9,+1000sqft,6000.0,7000.0
98,11358110,11396346,False,2,1,lot,10,+1100sqft,6000.0,7100.0
98,11358110,11396346,False,2,1,lot,11,+1200sqft,6000.0,7200.0
98,11358110,11396346,False,2,1,lot,12,+1300sqft,6000.0,7300.0
98,11358110,11396346,False,2,1,lot,13,+1400sqft,6000.0,7400.0
98,11358110,11396346,False,2,1,lot,14,+1500sqft,6000.0,7500.0
98,11358110,11396346,False,2,1,lot,15,+1600sqft,6000.0,7600.0
98,11358110,11396346,False,2,1,lot,16,+1700sqft,6000.0,7700.0
98,11358110,11396346,False,2,1,lot,17,+1800sqft,6000.0,7800.0
98,11358110,11396346,False,2,1,lot,18,+1900sqft,6000.0,7900.0
98,11358110,11396346,False,2,1,lot,19,+2000sqft,6000.0,8000.0
98,11358110,11396346,False,2,1,lot,20,+2100sqft,6000.0,8100.0
98,11358110,11396346,False,2,1,lot,21,+2200sqft,6000.0,8200.0
98,11358110,11396346,False,2,1,lot,22,+2300sqft,6000.0,8300.0
98,11358110,11396346,False,2,1,lot,23,+2400sqft,6000.0,8400.0
98,11358110,11396346,False,2,1,lot,24,+2500sqft,6000.0,8500.0
98,11358110,11396346,False,2,1,lot,25,+2600sqft,6000.0,8600.0
98,11358110,11396346,False,2,1,lot,26,+2700sqft,6000.0,8700.0
98,11358110,11396346,False,2,1,lot,27,+2800sqft,6000.0,8800.0
98,11358110,11396346,False,2,1,lot,28,+2900sqft,6000.0,8900.0
98,11358110,11396346,False,2,1,lot,29,+3000sqft,6000.0,9000.0
98,11358110,11396346,False,2,1,lot,30,+3100sqft,6000.0,9100.0
98,11358110,11396346,False,2,1,lot,31,+3200sqft,6000.0,9200.0
98,11358110,11396346,False,2,1,lot,32,+3300sqft,6000.0,9300.0
98,11358110,11396346,False,2,1,lot,33,+3400sqft,6000.0,9400.0
98,11358110,11396346,False,2,1,lot,34,+3500sqft,6000.0,9500.0
98,11358110,11396346,False,2,1,lot,35,+3600sqft,6000.0,9600.0
98,11358110,11396346,False,2,1,lot,36,+3700sqft,6000.0,9700.0
98,11358110,11396346,False,2,1,lot,37,+3800sqft,6000.0,9800.0
98,11358110,11396346,False,2,1,lot,38,+3900sqft,6000.0,9900.0
98,11358110,11396346,False,2,1,lot,39,+4000sqft,6000.0,10000.0
98,11358110,11396346,False,2,1,lot,40,+4100sqft,6000.0,10100.0
98,11358110,11396346,False,2,1,lot,41,+4200sqft,6000.0,10200.0
98,11358110,11396346,False,2,1,lot,42,+4300sqft,6000.0,10300.0
98,11358110,11396346,False,2,1,lot,43,+4400sqft,6000.0,10400.0
98,11358110,11396346,False,2,1,lot,44,+4500sqft,6000.0,10500.0
98,11358110,11396346,False,2,1,lot,45,+4600sqft,6000.0,10600.0
98,11358110,11396346,False,2,1,lot,46,+4700sqft,6000.0,10700.0
98,11358110,11396346,False,2,1,lot,47,+4800sqft,6000.0,10800.0
98,11358110,11396346,False,2,1,lot,48,+4900sqft,6000.0,10900.0
98,11358110,11396346,False,2,1,lot,49,+5000sqft,6000.0,11000.0
99,11428044,11467606,False,2,1,bedrooms,0,+1,2.0,3.0
99,11428044,11467606,False,2,1,bedrooms,1,+2,2.0,4.0
99,11428044,11467606,False,2,1,bedrooms,2,+3,2.0,5.0
99,11428044,11467606,False,2,1,bedrooms,3,+4,2.0,6.0
99,11428044,11467606,False,2,1,bedrooms,4,+5,2.0,7.0
99,11428044,11467606,False,2,1,bedrooms,5,+6,2.0,8.0
99,11428044,11467606,False,2,1,bedrooms,6,+7,2.0,9.0
99,11428044,11467606,False,2,1,bedrooms,7,+8,2.0,10.0
99,11428044,11467606,False,2,1,bathrooms,0,+1,2.0,3.0
99,11428044,11467606,False,2,1,bathrooms,1,+2,2.0,4.0
99,11428044,11467606,False,2,1,bathrooms,2,+3,2.0,5.0
99,11428044,11467606,False,2,1,bathrooms,3,+4,2.0,6.0
99,11428044,11467606,False,2,1,bathrooms,4,+5,2.0,7.0
99,11428044,11467606,False,2,1,bathrooms,5,+6,2.0,8.0
99,11428044,11467606,False,2,1,bathrooms,6,+7,2.0,9.0
99,11428044,11467606,False,2,1,bathrooms,7,+8,2.0,10.0
99,11428044,11467606,False,2,1,yearBuilt,0,+2yr,1966.0,1968.0
99,11428044,11467606,False,2,1,yearBuilt,1,+4yr,1966.0,1970.0
99,11428044,11467606,False,2,1,yearBuilt,2,+6yr,1966.0,1972.0
99,11428044,11467606,False,2,1,yearBuilt,3,+8yr,1966.0,1974.0
99,11428044,11467606,False,2,1,yearBuilt,4,+10yr,1966.0,1976.0
99,11428044,11467606,False,2,1,yearBuilt,5,+12yr,1966.0,1978.0
99,11428044,11467606,False,2,1,yearBuilt,6,+14yr,1966.0,1980.0
99,11428044,11467606,False,2,1,yearBuilt,7,+16yr,1966.0,1982.0
99,11428044,11467606,False,2,1,yearBuilt,8,+18yr,1966.0,1984.0
99,11428044,11467606,False,2,1,yearBuilt,9,+20yr,1966.0,1986.0
99,11428044,11467606,False,2,1,yearBuilt,10,+22yr,1966.0,1988.0
99,11428044,11467606,False,2,1,yearBuilt,11,+24yr,1966.0,1990.0
99,11428044,11467606,False,2,1,yearBuilt,12,+26yr,1966.0,1992.0
99,11428044,11467606,False,2,1,yearBuilt,13,+28yr,1966.0,1994.0
99,11428044,11467606,False,2,1,yearBuilt,14,+30yr,1966.0,1996.0
99,11428044,11467606,False,2,1,yearBuilt,15,+32yr,1966.0,1998.0
99,11428044,11467606,False,2,1,yearBuilt,16,+34yr,1966.0,2000.0
99,11428044,11467606,False,2,1,yearBuilt,17,+36yr,1966.0,2002.0
99,11428044,11467606,False,2,1,yearBuilt,18,+38yr,1966.0,2004.0
99,11428044,11467606,False,2,1,yearBuilt,19,+40yr,1966.0,2006.0
99,11428044,11467606,False,2,1,yearBuilt,20,+42yr,1966.0,2008.0
99,11428044,11467606,False,2,1,yearBuilt,21,+44yr,1966.0,2010.0
99,11428044,11467606,False,2,1,yearBuilt,22,+46yr,1966.0,2012.0
99,11428044,11467606,False,2,1,yearBuilt,23,+48yr,1966.0,2014.0
99,11428044,11467606,False,2,1,yearBuilt,24,+50yr,1966.0,2016.0
99,11428044,11467606,False,2,1,yearBuilt,25,+52yr,1966.0,2018.0
99,11428044,11467606,False,2,1,yearBuilt,26,+54yr,1966.0,2020.0
99,11428044,11467606,False,2,1,yearBuilt,27,+56yr,1966.0,2022.0
99,11428044,11467606,False,2,1,yearBuilt,28,+58yr,1966.0,2024.0
99,11428044,11467606,False,2,1,lot,0,+100sqft,0.48,0.4823
99,11428044,11467606,False,2,1,lot,1,+200sqft,0.48,0.4846
99,11428044,11467606,False,2,1,lot,2,+300sqft,0.48,0.4869
99,11428044,11467606,False,2,1,lot,3,+400sqft,0.48,0.4892
99,11428044,11467606,False,2,1,lot,4,+500sqft,0.48,0.4915
99,11428044,11467606,False,2,1,lot,5,+600sqft,0.48,0.4938
99,11428044,11467606,False,2,1,lot,6,+700sqft,0.48,0.4961
99,11428044,11467606,False,2,1,lot,7,+800sqft,0.48,0.4984
99,11428044,11467606,False,2,1,lot,8,+900sqft,0.48,0.5007
99,11428044,11467606,False,2,1,lot,9,+1000sqft,0.48,0.503
99,11428044,11467606,False,2,1,lot,10,+1100sqft,0.48,0.5053
99,11428044,11467606,False,2,1,lot,11,+1200sqft,0.48,0.5075
99,11428044,11467606,False,2,1,lot,12,+1300sqft,0.48,0.5098
99,11428044,11467606,False,2,1,lot,13,+1400sqft,0.48,0.5121
99,11428044,11467606,False,2,1,lot,14,+1500sqft,0.48,0.5144
99,11428044,11467606,False,2,1,lot,15,+1600sqft,0.48,0.5167
99,11428044,11467606,False,2,1,lot,16,+1700sqft,0.48,0.519
99,11428044,11467606,False,2,1,lot,17,+1800sqft,0.48,0.5213
99,11428044,11467606,False,2,1,lot,18,+1900sqft,0.48,0.5236
99,11428044,11467606,False,2,1,lot,19,+2000sqft,0.48,0.5259
99,11428044,11467606,False,2,1,lot,20,+2100sqft,0.48,0.5282
99,11428044,11467606,False,2,1,lot,21,+2200sqft,0.48,0.5305
99,11428044,11467606,False,2,1,lot,22,+2300sqft,0.48,0.5328
99,11428044,11467606,False,2,1,lot,23,+2400sqft,0.48,0.5351
99,11428044,11467606,False,2,1,lot,24,+2500sqft,0.48,0.5374
99,11428044,11467606,False,2,1,lot,25,+2600sqft,0.48,0.5397
99,11428044,11467606,False,2,1,lot,26,+2700sqft,0.48,0.542
99,11428044,11467606,False,2,1,lot,27,+2800sqft,0.48,0.5443
99,11428044,11467606,False,2,1,lot,28,+2900sqft,0.48,0.5466
99,11428044,11467606,False,2,1,lot,29,+3000sqft,0.48,0.5489
99,11428044,11467606,False,2,1,lot,30,+3100sqft,0.48,0.5512
99,11428044,11467606,False,2,1,lot,31,+3200sqft,0.48,0.5535
99,11428044,11467606,False,2,1,lot,32,+3300sqft,0.48,0.5558
99,11428044,11467606,False,2,1,lot,33,+3400sqft,0.48,0.5581
99,11428044,11467606,False,2,1,lot,34,+3500sqft,0.48,0.5603
99,11428044,11467606,False,2,1,lot,35,+3600sqft,0.48,0.5626
99,11428044,11467606,False,2,1,lot,36,+3700sqft,0.48,0.5649
99,11428044,11467606,False,2,1,lot,37,+3800sqft,0.48,0.5672
99,11428044,11467606,False,2,1,lot,38,+3900sqft,0.48,0.5695
99,11428044,11467606,False,2,1,lot,39,+4000sqft,0.48,0.5718
99,11428044,11467606,False,2,1,lot,40,+4100sqft,0.48,0.5741
99,11428044,11467606,False,2,1,lot,41,+4200sqft,0.48,0.5764
99,11428044,11467606,False,2,1,lot,42,+4300sqft,0.48,0.5787
99,11428044,11467606,False,2,1,lot,43,+4400sqft,0.48,0.581
99,11428044,11467606,False,2,1,lot,44,+4500sqft,0.48,0.5833
99,11428044,11467606,False,2,1,lot,45,+4600sqft,0.48,0.5856
99,11428044,11467606,False,2,1,lot,46,+4700sqft,0.48,0.5879
99,11428044,11467606,False,2,1,lot,47,+4800sqft,0.48,0.5902
99,11428044,11467606,False,2,1,lot,48,+4900sqft,0.48,0.5925
99,11428044,11467606,False,2,1,lot,49,+5000sqft,0.48,0.5948
