pair_index,is_correct,stage_name,stage_present,n_segments,features_mentioned,n_features,text_excerpt
0,True,feature_reading,True,4,"cooling,parkingType,type",3,"Let's think step by step: | - Type: Both are Single Family Residences — equal | - Cooling: Both have Central Air — equal | - Parking: Both have ""unknown"" — cannot compare, so no advantage"
0,True,pairwise_comparison,True,5,"bathrooms,bedrooms,heating,lot,yearBuilt",5,"- Bedrooms: Property 1 has 5 vs Property 2's 3 (+2 for P1) | - Bathrooms: Property 1 has 5 vs Property 2's 3 (+2 for P1) | - Lot size: Property 1 has 0.65 acres vs Property 2's 0.43 acres (+0.22 acres for P1) | - Age: Property 1 is 32 years older (1940 vs 1972) — disadvantage for P1 | - Heating: Property 1 has Hot Water + Natural Gas (more efficient and modern) vs Property 2's Forced Air (less efficient, older tech)"
0,True,weighing_aggregation,True,1,"bathrooms,bedrooms,heating,lot,yearBuilt",5,"Key advantages: Property 1 has significantly more bedrooms, bathrooms, and lot size. The heating system in Property 1 (hot water) is generally more efficient and desirable than forced air. Despite bei"
0,True,final_decision,True,1,,0,CHOICE: 1
1,True,feature_reading,True,5,"bathrooms,cooling,heating,type",4,"Let's think step by step: | - Type: Both are Single Family – equal | - Bathrooms: Both have 2 – equal | - Heating: Both have ""Other"" – equal | - Cooling: Both have ""unknown"" – no comparative advantage"
1,True,pairwise_comparison,True,3,"bedrooms,lot,yearBuilt",3,"- Bedrooms: Property 2 has 3 vs Property 1's 2 (+1 for P2) | - Lot: Property 2 has 5401 sqft (≈0.128 acres) vs Property 1's 0.7 acres (≈7,000 sqft) – Property 1 has a much larger lot (7,000 sqft vs 5,401 sqft) | - Age: Property 1 is 50 years older (1880 vs 1930) – Property 2 is newer"
1,True,weighing_aggregation,True,2,"bedrooms,lot,yearBuilt",3,"Key comparison: While Property 2 has one more bedroom, Property 1 has a significantly larger lot (0.7 acres = 7,000 sqft vs 5,401 sqft). In a market where lot size is a strong factor, especially in a  | REASON: Property 1 has a much larger lot (0.7 acres vs 5,401 sqft), which is a significant value driver in this market. Despite being older, the lot size and one more bedroom provide a clear advantage"
1,True,final_decision,True,1,,0,CHOICE: 1
2,True,feature_reading,True,7,"bedrooms,cooling,heating,parkingType,type",5,"Let's think step by step: | - Type: Both are Single Family Residences — equal | - Bedrooms: Both have 3 bedrooms — equal | - Heating: Both use Natural Gas — equal | - Cooling: Both have Central Air — equal | - Parking: Both have ""unknown"" — cannot compare, so no advantage | Key differentiators:"
2,True,pairwise_comparison,True,6,"bathrooms,lot,yearBuilt",3,"- Bathrooms: Property 2 has 2 vs Property 1's 1 (+1 for P2) | - Lot size: Property 1 has 5357 sqft vs Property 2's 4948 sqft (+409 sqft for P1) | - Year built: Property 2 is built 19 years earlier (1920 vs 1939) — older, which generally implies more wear and potential structural concerns, though not always a direct value factor | - Property 2 has one more bathroom (2 vs 1), which is a significant value driver in residential properties. | - Property 1 has a slightly larger lot (5357 vs 4948 sqft)"
2,True,weighing_aggregation,True,1,"bathrooms,lot,yearBuilt",3,"Despite the older age, the additional bathroom and slightly larger lot give Property 2 a clear edge in market value, especially in a market where bathroom count and lot size are strong indicators."
2,True,final_decision,True,1,,0,CHOICE: 2
3,False,feature_reading,True,6,"bathrooms,bedrooms,heating,parkingType,type",5,"Let's think step by step: | - Type: Both are Single Family Residences – equal | - Bedrooms: Both have 3 – equal | - Bathrooms: Both have 2 – equal | - Heating: Both have Forced Air and Natural Gas – equal | - Parking: Both have ""unknown"" – cannot compare"
3,False,pairwise_comparison,True,3,"cooling,lot,yearBuilt",3,"- Lot size: Property 1 has 0.26 acres (approximately 1,040 sqft) vs Property 2 has 4,114 sqft – Property 2 has a significantly larger lot (+3,074 sqft) | - Age: Property 2 is built 25 years earlier (1925 vs 1950) – older, which may imply more wear, but not necessarily lower value in this context | - Cooling: Property 2 has Central Air vs Property 1 has Electric – Central Air is generally more desirable and provides better climate control, especially in a region with variable weather"
3,False,weighing_aggregation,True,1,"cooling,lot",2,"REASON: Property 2 has a much larger lot and superior cooling (Central Air), both of which are strong value drivers in residential real estate. The larger lot increases outdoor space and potential for"
3,False,final_decision,True,1,,0,CHOICE: 2
4,True,feature_reading,True,4,"heating,parkingType,type",3,"Let's think step by step: | - Type: Both are Single Family Residences — equal | - Heating: Both use Natural Gas — equal | - Parking: Both have ""unknown"" — cannot compare, so no advantage"
4,True,pairwise_comparison,True,5,"bathrooms,bedrooms,cooling,lot,yearBuilt",5,"- Bedrooms: Property 2 has 3 vs Property 1's 2 (+1 for P2) | - Bathrooms: Property 2 has 3 vs Property 1's 2 (+1 for P2) | - Lot size: Property 1 has 2.44 acres (≈ 10,500 sqft) vs Property 2's 3162 sqft — Property 1 has a significantly larger lot (+7338 sqft for P1) | - Age: Property 1 is 19 years older (1930 vs 1949) — Property 2 is newer | - Cooling: Property 1 has both Window A/C and Central Air (more modern and efficient), Property 2 has only Central Air — Property 1 has an advantage in cool"
4,True,weighing_aggregation,True,2,"bathrooms,bedrooms,cooling,lot,yearBuilt",5,"Key comparison: Property 2 has more bedrooms and bathrooms, which are strong value drivers. However, Property 1 has a much larger lot (over 10,000 sqft vs ~3,160 sqft), which is a major advantage in t | REASON: Property 1 has a significantly larger lot and superior cooling options, which are major value drivers in this market. The bedroom and bathroom count advantage of Property 2 is offset by the su"
4,True,final_decision,True,1,,0,CHOICE: 1
5,True,feature_reading,True,5,"cooling,heating,parkingType,type",4,"Let's think step by step: | - Type: Property 2 is a Single Family, which typically commands a higher value than a Townhouse in the same market. | - Heating: Both use Gas, with Property 1 using ""Other, Gas"" and Property 2 using ""Forced Air, Gas"" — no clear advantage | - Cooling: Both have Central AC — equal | - Parking: Both listed as ""unknown"" — cannot compare"
5,True,pairwise_comparison,True,4,"bathrooms,bedrooms,lot,yearBuilt",4,"- Bedrooms: Property 2 has 3 vs 2 (+1 for P2) | - Bathrooms: Property 2 has 1 vs 2 (−1 for P2) | - Lot size: Property 2 has 4480 sqft vs 1711 sqft (+2769 sqft for P2) | - Age: Property 1 is 54 years newer (1984 vs 1930), which is a significant advantage for P1"
5,True,weighing_aggregation,True,1,"bathrooms,bedrooms,lot,type,yearBuilt",5,"Key factors: Property 2 has a larger lot (a major value driver), more bedrooms, and is a single-family home (a higher-tier property type). Despite having fewer bathrooms, the structural and spatial ad"
5,True,final_decision,True,1,,0,CHOICE: 2
6,False,feature_reading,True,6,"bathrooms,cooling,heating,parkingType,type",5,"Let's think step by step: | - Type: Both are Single Family – equal | - Bathrooms: Both have 4 – equal | - Heating: Both list ""Other"" and Property 2 adds ""Gas"" – this is a minor advantage for P2, but ""Other"" is not specified, so no clear edge | - Cooling: Both have Central – equal | - Parking: Both list ""unknown"" – no comparative advantage"
6,False,pairwise_comparison,True,3,"bedrooms,lot,yearBuilt",3,- Bedrooms: Property 1 has 4 vs Property 2's 3 (+1 for P1) | - Lot size: Property 1 has 0.47 acres (approximately 1960 sqft) vs Property 2's 2661 sqft – Property 2 has a significantly larger lot (+1700 sqft) | - Year built: Property 1 is 14 years older than Property 2 – Property 2 is newer
6,False,weighing_aggregation,True,1,"bedrooms,lot,yearBuilt",3,"Key comparison: Property 1 has one more bedroom, but Property 2 has a much larger lot and is newer. In a market where lot size and newer construction are strong value drivers, especially in a single-f"
6,False,final_decision,True,1,,0,CHOICE: 2
7,True,feature_reading,True,5,"bedrooms,cooling,parkingType,type",4,"Let's think step by step: | - Type: Both are Single Family Residences – equal | - Bedrooms: Both have 4 – equal | - Cooling: Both have Central Air – equal | - Parking: Both have ""unknown"" – cannot compare, so no advantage"
7,True,pairwise_comparison,True,4,"bathrooms,heating,lot,yearBuilt",4,"- Bathrooms: Property 2 has 5 vs Property 1's 4 (+1 for P2) | - Lot: Property 2 has 1.05 acres (approx. 46,000 sqft) vs Property 1's 10,628 sqft – a significant advantage for P2 (+35,000 sqft) | - Year Built: Property 2 is 9 years newer (1979 vs 1988) – a small advantage for P2 | - Heating: Property 1 has Natural Gas (typically more efficient and preferred) vs Property 2's Electric – a disadvantage for P2"
7,True,weighing_aggregation,True,1,"bathrooms,heating,lot",3,"Key comparison: Property 2 has more bathrooms and a much larger lot, which are major value drivers in residential real estate. While Property 1 has better heating (natural gas), the lot size and bathr"
7,True,final_decision,True,1,,0,CHOICE: 2
8,True,feature_reading,True,6,"bathrooms,cooling,heating,parkingType,type",5,"Let's think step by step: | - Type: Both are Single Family – equal | - Bathrooms: Both have 3 – equal | - Heating: Both have Forced Air, Gas – equal | - Cooling: Both have Central – equal | - Parking: Both have ""unknown"" – cannot compare, so no advantage"
8,True,pairwise_comparison,True,3,"bedrooms,lot,yearBuilt",3,"- Bedrooms: Property 2 has 4 vs Property 1's 3 (+1 for P2) | - Lot size: Property 2 has 0.37 acres vs Property 1's 0.01 acres (+0.36 acres for P2) – a massive advantage | - Year built: Property 2 is built 13 years earlier (1949 vs 1962) – older, which generally implies more historical value and potentially better construction, though age alone is not a direct value dri"
8,True,weighing_aggregation,True,1,"bedrooms,lot,yearBuilt",3,The key differentiators are bedrooms and lot size. Property 2 has one more bedroom and a lot size that is 37 times larger (0.37 vs 0.01 acres). This is a significant advantage in terms of usable space
8,True,final_decision,True,1,,0,CHOICE: 2
9,True,feature_reading,True,5,"bathrooms,cooling,heating,parkingType,type",5,"Let's think step by step: | - Type: Property 2 is a Single Family Residence, which typically commands a higher value than a Townhouse in the same market, especially in a competitive local context. | - Bathrooms: Both have 2 bathrooms — equal | - Heating and cooling: Both have Forced Air with Natural Gas and Central Air — identical features, no difference. | - Parking: Both have ""unknown"" — cannot compare, so no advantage."
9,True,pairwise_comparison,True,3,"bedrooms,lot,yearBuilt",3,"- Bedrooms: Property 2 has 3 beds vs Property 1's 2 beds (+1 for P2) | - Lot size: Property 2 has 0.26 acres = 1040 sqft (since 1 acre = 43,560 sqft), vs Property 1's 1200 sqft. So Property 1 has a slightly larger lot (1200 vs 1040 sqft) — a small advantage for P1. | - Age: Property 1 is built in 1984 (37 years newer than 1938) — so Property 1 is newer, which is a positive."
9,True,weighing_aggregation,True,2,"bedrooms,lot,type,yearBuilt",4,"Key comparison: Despite the slightly larger lot, the type (Single Family vs Townhouse) and the extra bedroom in Property 2 are significant value drivers. Single-family homes generally have higher mark | REASON: Property 2 is a single-family home with an extra bedroom, which is a major value driver in this market, outweighing the slight lot size disadvantage."
9,True,final_decision,True,1,,0,CHOICE: 2
10,True,feature_reading,True,5,"bathrooms,heating,parkingType,type",4,"Let's think step by step: | - Type: Property 2 is a Single Family Residence, which typically commands a higher value than a Townhouse due to greater privacy, space, and perceived quality. | - Bathrooms: Both have 2 bathrooms — equal | - Heating: Both have Forced Air with Natural Gas — equal | - Parking: Both have ""unknown"" — cannot compare, so no advantage"
10,True,pairwise_comparison,True,4,"bedrooms,cooling,lot,yearBuilt",4,"- Bedrooms: Property 2 has 3 beds vs 2 beds (+1 for P2) | - Lot size: Property 2 has 7000 sqft vs 2336 sqft (+4664 sqft for P2) | - Age: Property 1 is 44 years newer (1994 vs 1950), which is a significant advantage for P1, but not enough to offset other factors | - Cooling: Property 2 has Central Air vs Electric — Central Air is generally more desirable and valuable than Electric cooling"
10,True,weighing_aggregation,True,1,"bedrooms,cooling,lot,type,yearBuilt",5,"Key advantages for Property 2: Single-family type, more bedrooms, much larger lot, and superior cooling (Central Air). These are major value drivers in residential real estate. While Property 1 is new"
10,True,final_decision,True,1,,0,CHOICE: 2
11,True,feature_reading,True,4,"cooling,parkingType,type",3,"Let's think step by step: | - Type: Both are Single Family Residences – equal | - Cooling: Both have Central Air – equal advantage | - Parking: Both have ""unknown"" – cannot compare, so no advantage"
11,True,pairwise_comparison,True,5,"bathrooms,bedrooms,heating,lot,yearBuilt",5,"- Year Built: Property 2 (1940) is 15 years older than Property 1 (1955) – Property 2 has an older structure, which may imply more wear, but older homes can have better craftsmanship or more durable s | - Bedrooms: Property 2 has 4 vs Property 1's 3 (+1 for P2) | - Bathrooms: Property 2 has 3 vs Property 1's 1 (+2 for P2) | - Lot Size: Property 1 has 9604 sqft; Property 2 has 0.57 acres (≈20,520 sqft) – Property 2 has a significantly larger lot (+10,916 sqft) | - Heating: Property 2 has Hot Wate"
11,True,weighing_aggregation,True,1,"bathrooms,bedrooms,heating,lot,yearBuilt",5,"Key advantages: Property 2 has more bedrooms, more bathrooms, a much larger lot, and more modern heating. While Property 1 is slightly newer, the substantial gains in bedroom/bathroom count and lot si"
11,True,final_decision,True,1,,0,CHOICE: 2
12,True,feature_reading,True,5,"bedrooms,cooling,parkingType,type",4,"Let's think step by step: | - Type: Both are Single Family (same category) | - Bedrooms: Both have 3 beds (equal) | - Cooling: Both have central cooling (P1: Central, P2: Central Air) — equivalent | - Parking: Both have ""unknown"" — cannot compare, so no advantage"
12,True,pairwise_comparison,True,5,"bathrooms,heating,lot,yearBuilt",4,"- Bathrooms: Property 1 has 4 vs Property 2 has 3 (+1 for P1) | - Lot size: Property 1 has 0.53 acres vs Property 2 has 0.01 acres (+0.52 acres for P1) — this is a massive difference in lot size, indicating significantly more outdoor space and potential for expans | - Age: Property 1 is built in 1981 vs Property 2 in 1944 — Property 2 is 37 years older, which is a disadvantage in terms of structural integrity and modern updates | - Heating: Property 1 has ""Other"" (unknown), Property 2 has Forced"
12,True,weighing_aggregation,True,1,"bathrooms,heating,lot,yearBuilt",4,"REASON: Property 1 has more bathrooms and a significantly larger lot, which are major value drivers. The older age and unspecified heating of Property 2 reduce its appeal."
12,True,final_decision,True,1,,0,CHOICE: 1
13,True,feature_reading,True,3,"bedrooms,type",2,Let's think step by step: | - Type: Both are Single Family Residences — equal | - Bedrooms: Both have 3 bedrooms — equal
13,True,pairwise_comparison,True,5,"bathrooms,cooling,heating,lot,yearBuilt",5,"- Bathrooms: Property 2 has 2 vs Property 1's 1 (+1 for P2) | - Lot size: Property 2 has 3998 sqft vs Property 1's 3001 sqft (+997 sqft for P2) | - Year built: Property 2 is 20 years newer than Property 1 (1950 vs 1930) — newer = generally more desirable | - Heating: Property 1 has Natural Gas (typically more efficient and preferred) vs Property 2's ""Other"" (less specific, potentially less desirable) | - Cooling: Property 1 has Central Air vs Property 2 has ""Central"" (likely central cooling, but"
13,True,weighing_aggregation,True,1,"bathrooms,heating,lot,yearBuilt",4,"Key advantages: Property 2 has more bathrooms, larger lot, and is newer. While Property 1 has better heating (Natural Gas), the lack of specificity in Property 2's heating (""Other"") and the clear adva"
13,True,final_decision,True,1,,0,CHOICE: 2
14,True,feature_reading,True,4,"bedrooms,parkingType,type",3,"Let's think step by step: | - Type: Both are Single Family Residences — equal | - Bedrooms: Both have 3 bedrooms — equal | - Parking: Both have ""unknown"" — no comparative advantage"
14,True,pairwise_comparison,True,5,"bathrooms,cooling,heating,lot,yearBuilt",5,"- Bathrooms: Property 2 has 2 vs Property 1's 1 (+1 for P2) | - Lot size: Property 2 has 8779 sqft vs Property 1's 6499 sqft (+2300 sqft for P2) | - Year built: Property 1 is 11 years older (1947 vs 1958) — disadvantage for P1 | - Heating: Property 1 has Forced Air with Natural Gas (more common and reliable) vs Property 2's ""Other"" (less specific, potentially less desirable) | - Cooling: Property 1 has Central Air vs Property 2 has ""Central"" — likely equivalent, but ""Central Air"" is more specifi"
14,True,weighing_aggregation,True,2,"bathrooms,cooling,heating,lot,yearBuilt",5,"Key advantages: Property 2 has more bathrooms and a significantly larger lot. While Property 1 has better heating and cooling specification, the lot size and bathroom count are major value drivers in  | REASON: Property 2 has more bathrooms and a significantly larger lot, which are key value drivers in this market. The newer construction and better-defined cooling system also provide a slight edge."
14,True,final_decision,True,1,,0,CHOICE: 2
15,True,feature_reading,True,5,"bathrooms,cooling,parkingType,type",4,"Let's think step by step: | - Type: Both are Single Family – equal | - Bathrooms: Both have 3 – equal | - Cooling: Both have Central – equal | - Parking: Both listed as ""unknown"" – no comparative advantage"
15,True,pairwise_comparison,True,4,"bedrooms,heating,lot,yearBuilt",4,"- Bedrooms: Property 1 has 4 vs Property 2's 2 (+2 for P1) | - Lot size: Property 1 has 0.32 Acres vs Property 2's 0.55 Acres – Property 2 has a larger lot (+0.23 Acres) | - Age: Property 1 was built in 1964 vs Property 2 in 1950 – Property 2 is 14 years newer | - Heating: Property 1 has ""Other"" (less specific), Property 2 has Forced Air with Gas – more defined and common system"
15,True,weighing_aggregation,True,2,"bedrooms,heating,lot,yearBuilt",4,"Key considerations: Property 1 has significantly more bedrooms (4 vs 2), which is a major driver of value in residential properties. While Property 2 has a larger lot and is newer, the bedroom advanta | REASON: Property 1 has two more bedrooms than Property 2, which is a significant value driver in single-family homes. Despite a smaller lot and older construction, the bedroom advantage outweighs the "
15,True,final_decision,True,1,,0,CHOICE: 1
16,True,feature_reading,True,4,"heating,parkingType,type",3,"Let's think step by step: | - Type: Both are Single Family Residences — equal | - Heating: Property 1 uses Hot Water/Oil (less common, less efficient), Property 2 uses Natural Gas/Baseboard (more common, efficient) — advantage for P2 | - Parking: Both listed as ""unknown"" — no comparative advantage"
16,True,pairwise_comparison,True,5,"bathrooms,bedrooms,cooling,lot,yearBuilt",5,- Bedrooms: Property 1 has 4 vs Property 2's 3 (+1 for P1) | - Bathrooms: Property 1 has 2 vs Property 2's 3 (+1 for P2) | - Lot size: Property 2 has 6969 sqft vs Property 1's 6098 sqft (+871 sqft for P2) | - Year built: Property 2 is 9 years newer (1920 vs 1929) — slight advantage for P2 | - Cooling: Property 2 has Central Air vs Property 1's Window Unit(s) — Central Air is more desirable and valuable in most markets — clear advantage for P2
16,True,weighing_aggregation,True,1,"bathrooms,bedrooms,cooling,heating,lot,yearBuilt",6,"Key considerations: While Property 1 has more bedrooms, Property 2 has more bathrooms, a larger lot, is newer, and has superior cooling and more modern heating. The cooling difference is significant —"
16,True,final_decision,True,1,,0,CHOICE: 2
17,True,feature_reading,True,4,"heating,parkingType,type",3,"Let's think step by step: | - Type: Both are Single Family Residences – equal | - Heating: Both use Natural Gas – equal | - Parking: Both have ""unknown"" – no comparative advantage"
17,True,pairwise_comparison,True,5,"bathrooms,bedrooms,cooling,lot,yearBuilt",5,- Bedrooms: Property 1 has 3 vs Property 2's 2 (+1 for P1) | - Bathrooms: Property 1 has 2 vs Property 2's 1 (+1 for P1) | - Lot size: Property 2 has 6952 sqft vs Property 1's 4443 sqft (+2509 for P2) | - Age: Property 2 is 4 years newer than Property 1 (slight advantage for P2) | - Cooling: Property 1 has Central Air vs Property 2's Window A/C – Central Air is more desirable and efficient (advantage for P1)
17,True,weighing_aggregation,True,2,"bathrooms,bedrooms,cooling,lot,yearBuilt",5,"Key features: Property 1 has more bedrooms and bathrooms, and superior cooling (Central Air). Property 2 has a significantly larger lot and is slightly newer. However, in a residential market, bedroom | REASON: Property 1 has more bedrooms, more bathrooms, and central air cooling, which are significant value drivers in a residential market. Property 2 has a larger lot and is slightly newer, but these"
17,True,final_decision,True,1,,0,CHOICE: 1
18,True,feature_reading,True,4,"heating,parkingType,type",3,"Let's think step by step: | - Type: Both are Single Family Residences – equal | - Heating: Both use Natural Gas – equal | - Parking: Both have ""unknown"" – cannot compare, so no advantage"
18,True,pairwise_comparison,True,5,"bathrooms,bedrooms,cooling,lot,yearBuilt",5,- Bedrooms: Property 1 has 6 vs Property 2's 3 (+3 for P1) | - Bathrooms: Property 1 has 2 vs Property 2's 1 (+1 for P1) | - Lot size: Property 1 has 5000 sqft vs Property 2's 3402 sqft (+1600 sqft for P1) | - Year built: Property 1 is built in 1940 vs Property 2 in 1930 – Property 2 is 10 years older (a disadvantage) | - Cooling: Property 1 has Window A/C vs Property 2 has Central Air – Central Air is a significant advantage for Property 2
18,True,weighing_aggregation,True,2,"bathrooms,bedrooms,cooling,lot,yearBuilt",5,"Key comparison: Property 1 has a much larger number of bedrooms and bathrooms, a larger lot, and is only 10 years newer than Property 2. While Property 2 has central air (a major upgrade over window A | REASON: Property 1 has significantly more bedrooms, bathrooms, and lot size, which are major drivers of value in single-family homes. Despite having window AC instead of central air, the superior size"
18,True,final_decision,True,1,,0,CHOICE: 1
19,True,feature_reading,True,5,"bedrooms,cooling,parkingType,type",4,Let's think step by step: | - Type: Both are Single Family – equal | - Bedrooms: Both have 4 – equal | - Cooling: Both have Central – equal | - Parking: Both have Garage - Attached – equal
19,True,pairwise_comparison,True,5,"bathrooms,heating,lot,yearBuilt",4,"- Bathrooms: Property 1 has 3 vs Property 2 has 2 (+1 for P1) | - Lot size: Property 1 has 8450 sqft vs Property 2 has 5998 sqft (+2452 sqft for P1) | - Year built: Property 1 is 1957 vs Property 2 is 1946 – Property 2 is 11 years older (older = less desirable in value) | - Heating: Property 1 has ""Other, Gas"" vs Property 2 has ""Forced air, Gas"" – ""Other"" may imply less standard or less efficient, but without more detail, this is ambiguous; however, forced air is commo | Key advantages: Property"
19,True,weighing_aggregation,True,1,"bathrooms,bedrooms,lot,yearBuilt",4,"REASON: Property 1 has more bathrooms and a larger lot, both of which increase market value. The older age of Property 2 slightly diminishes its appeal despite similar bedroom count."
19,True,final_decision,True,1,,0,CHOICE: 1
20,True,feature_reading,True,4,"bathrooms,parkingType,type",3,"Let's think step by step: | - Type: Both are Single Family Residences — equal | - Bathrooms: Both have 2 — equal | - Parking: Both have ""unknown"" — no comparative advantage"
20,True,pairwise_comparison,True,5,"bedrooms,cooling,heating,lot,yearBuilt",5,"- Bedrooms: Property 1 has 4 vs Property 2's 3 (+1 for P1) | - Lot size: Property 2 has 6969 sqft vs Property 1's 3920 sqft (+3049 for P2) | - Year built: Property 1 is 8 years older (1925 vs 1933) — P2 is newer | - Heating: Property 1 uses Steam and Oil (older, less efficient), Property 2 uses Natural Gas and Steam (more modern, efficient) | - Cooling: Property 1 has Window Unit(s) (less effective, outdated), Property 2 has Central Air (more desirable, modern)"
20,True,weighing_aggregation,True,1,"bedrooms,cooling,heating,lot,yearBuilt",5,"Key advantages: Property 1 has one more bedroom, which is a significant factor in value. However, Property 2 has a much larger lot, is newer, and has modern central cooling and more efficient heating."
20,True,final_decision,True,1,,0,CHOICE: 2
21,True,feature_reading,True,5,"bathrooms,bedrooms,parkingType,type",4,"Let's think step by step: | - Type: Both are Single Family (Property 2 is labeled as ""Single Family Residence, Residential"" – still single-family type) | - Bedrooms: Both have 3 beds – equal | - Bathrooms: Both have 2 baths – equal | - Parking: Both have ""unknown"" – no comparative advantage"
21,True,pairwise_comparison,True,4,"cooling,heating,lot,yearBuilt",4,"- Lot size: Property 1 has 9060 sqft vs Property 2's 5998 sqft → Property 1 has a significant lot size advantage (+3062 sqft) | - Year built: Property 1 is built in 1984 vs Property 2 in 1940 → Property 1 is 44 years newer (more modern construction, better materials, updated systems) | - Heating: Property 1 has ""Other"" (unknown), Property 2 has Hot Water + Natural Gas – both are functional, but Property 2 has a more modern and efficient heating system | - Cooling: Property 1 has Central Air (bet"
21,True,weighing_aggregation,True,1,"cooling,heating,lot,yearBuilt",4,"Key advantages: Property 1 has a larger lot, is newer (44 years), and has central air (superior cooling). These are major value drivers in residential real estate. While Property 2 has a more modern h"
21,True,final_decision,True,1,,0,CHOICE: 1
22,True,feature_reading,True,4,"cooling,heating,parkingType,type",4,"Let's think step by step: | - Type: Property 1 is a Single Family Residence, Property 2 is a Townhouse. Single-family homes typically command higher values than townhouses in the same market due to greater privacy, space, and pe | - Heating and Cooling: Both have Forced Air with Natural Gas and Central Air — no difference. | - Parking: Both have ""unknown"" — cannot compare, so no advantage."
22,True,pairwise_comparison,True,4,"bathrooms,bedrooms,lot,yearBuilt",4,"- Bedrooms: Property 1 has 4 vs Property 2's 3 (+1 for P1) | - Bathrooms: Property 1 has 4 vs Property 2's 3 (+1 for P1) | - Lot Size: Property 1 has 0.29 acres (approximately 12,400 sqft) vs Property 2's 3236 sqft. This is a significant advantage for Property 1 (over 3x larger lot). | - Age: Property 2 is built in 2015 (25 years newer) vs Property 1 in 1990. While newer, the age difference is not enough to offset the larger lot and more bedrooms/bathrooms."
22,True,weighing_aggregation,True,1,"bathrooms,bedrooms,lot,yearBuilt",4,"The key advantages for Property 1 are more bedrooms, more bathrooms, and a substantially larger lot — all of which directly contribute to higher market value. Although Property 2 is newer, the structu"
22,True,final_decision,True,1,,0,CHOICE: 1
23,True,feature_reading,True,6,"bathrooms,bedrooms,cooling,parkingType,type",5,"Let's think step by step: | - Type: Both are Single Family – equal | - Bedrooms: Both have 3 – equal | - Bathrooms: Both have 2 – equal | - Cooling: Both have Central – equal | - Parking: Both listed as ""unknown"" – no comparative advantage"
23,True,pairwise_comparison,True,3,"heating,lot,yearBuilt",3,"- Lot size: Property 2 has 5248 sqft vs Property 1's 5000 sqft – Property 2 has a 248 sqft advantage | - Year built: Property 2 (1955) is 5 years newer than Property 1 (1950) – slight advantage for Property 2 | - Heating: Both are ""Other, Gas"" vs ""Other"" – Property 1 has more specific detail (Gas), which may imply better system, but both are ""Other"" so this is not clearly different"
23,True,weighing_aggregation,True,1,"heating,lot,yearBuilt",3,"The only clear differences are lot size and age. Property 2 has a larger lot and is slightly newer. While the heating detail is more specific in Property 1, the absence of a clear advantage in any oth"
23,True,final_decision,True,1,,0,CHOICE: 2
24,True,feature_reading,True,5,"cooling,heating,parkingType,type",4,"Let's think step by step: | - Type: Both are Single Family Residences — equal | - Heating: Both have Forced Air and Natural Gas — equal | - Cooling: Both have Central Air — equal | - Parking: Both have ""unknown"" — cannot compare, so no advantage"
24,True,pairwise_comparison,True,4,"bathrooms,bedrooms,lot,yearBuilt",4,"- Bedrooms: Property 1 has 3 vs Property 2's 2 (+1 for P1) | - Bathrooms: Property 1 has 3 vs Property 2's 1 (+2 for P1) | - Lot size: Property 2 has 1999 sqft vs Property 1's 1800 sqft (+199 for P2) | - Year built: Property 1 is 10 years earlier (1900 vs 1910) — older, which is a disadvantage"
24,True,weighing_aggregation,True,1,"bathrooms,bedrooms,lot,yearBuilt",4,"Key differentiators: Property 1 has more bedrooms and bathrooms, which are strong value drivers in residential pricing. While Property 2 has a slightly larger lot, the difference is minimal (only ~200"
24,True,final_decision,True,1,,0,CHOICE: 1
25,True,feature_reading,True,4,"cooling,parkingType,type",3,"Let's think step by step: | - Type: Both are Single Family Residences – equal | - Cooling: Both have Central Air – equal | - Parking: Both have ""unknown"" – cannot compare, so no advantage"
25,True,pairwise_comparison,True,5,"bathrooms,bedrooms,heating,lot,yearBuilt",5,"- Bedrooms: Property 1 has 4 vs 3 (+1 for P1) | - Bathrooms: Property 1 has 2 vs 1 (+1 for P1) | - Lot size: Property 1 has 3497 sqft vs 3049 sqft (+448 sqft for P1) | - Year built: Property 1 is 2 years older (1910 vs 1912) – P2 is slightly newer, but minimal difference | - Heating: Property 1 has Hot Water + Natural Gas; Property 2 has Forced Air + Natural Gas – Hot Water is generally considered a premium feature over Forced Air"
25,True,weighing_aggregation,True,1,"bathrooms,bedrooms,heating,lot,yearBuilt",5,"Key advantages: Property 1 has more bedrooms, more bathrooms, larger lot, and superior heating system (hot water). These are significant value drivers in residential real estate. The slight age differ"
25,True,final_decision,True,1,,0,CHOICE: 1
26,True,feature_reading,True,6,"bathrooms,cooling,heating,parkingType,type",5,"Let's think step by step: | - Type: Both are Single Family Residences – equal | - Bathrooms: Both have 2 – equal | - Heating: Both have Forced Air with Natural Gas – equal | - Cooling: Both have Central Air – equal | - Parking: Both have ""unknown"" – cannot compare, so no advantage"
26,True,pairwise_comparison,True,3,"bedrooms,lot,yearBuilt",3,"- Year Built: Property 2 (1945) is 9 years older than Property 1 (1954) – Property 2 has an earlier build date, meaning it is older, which generally reduces value unless offset by other features | - Bedrooms: Property 2 has 4 vs Property 1's 3 (+1 for P2) | - Lot Size: Property 1 has 7501 sqft vs Property 2's 5675 sqft (+1826 sqft for P1)"
26,True,weighing_aggregation,True,3,"bedrooms,cooling,heating,lot,yearBuilt",5,"Key comparison: Property 2 has one more bedroom, which is a significant factor in value, especially in a market where bedroom count drives demand. However, Property 1 has a larger lot (over 1800 sqft  | In a comparable market with similar age and amenities, more bedrooms and larger lot size typically increase value. The bedroom advantage is substantial, and the lot size is a strong positive. The age  | REASON: Property 2 has one more bedroom and a larger lot, both of which are significant value "
26,True,final_decision,True,1,,0,CHOICE: 2
27,True,feature_reading,True,4,"bedrooms,parkingType,type",3,"Let's think step by step: | - Type: Both are Single Family Residences – equal | - Bedrooms: Both have 4 – equal | - Parking: Both have ""unknown"" – cannot compare, so no advantage"
27,True,pairwise_comparison,True,5,"bathrooms,cooling,heating,lot,yearBuilt",5,"- Bathrooms: Property 2 has 5 vs Property 1's 4 (+1 for P2) | - Lot size: Property 2 has 10,058 sqft vs Property 1's 9,452 sqft (+606 sqft for P2) | - Year built: Property 2 is 34 years older (1930 vs 1964) – older age is a disadvantage | - Heating: Property 2 has Hot Water (often considered more efficient or modern) vs Forced Air (common but less efficient in some climates) – slight advantage for P2 | - Cooling: Property 1 has Central Air (more desirable than Window A/C) – significant advantage"
27,True,weighing_aggregation,True,2,"bathrooms,cooling,heating,lot,yearBuilt",5,"Key comparison: Property 1 has superior cooling (Central Air vs Window A/C), which is a major value driver in residential markets. Property 2 has one more bathroom and a slightly larger lot, but is mu | REASON: Property 1 has central air cooling, which is more desirable than window A/C, and has a modern heating system. Despite being newer, Property 2 has a larger lot and more bathrooms, but the cooli"
27,True,final_decision,True,1,,0,CHOICE: 1
28,True,feature_reading,True,5,"cooling,heating,parkingType,type",4,"Let's think step by step: | - Type: Both are Single Family – equal | - Heating: Both have ""Other"" – no comparative advantage | - Cooling: Both have ""unknown"" – no comparative advantage | - Parking: Both have ""unknown"" – no comparative advantage"
28,True,pairwise_comparison,True,4,"bathrooms,bedrooms,lot,yearBuilt",4,"- Bedrooms: Property 1 has 4 vs Property 2's 3 (+1 for P1) | - Bathrooms: Property 1 has 1 vs Property 2's 2 (+1 for P2) | - Lot size: Property 2 has 7000 sqft vs Property 1's 3040 sqft (+3960 sqft for P2) | - Year built: Property 2 is built 34 years earlier (1896 vs 1930), so older, which is generally a disadvantage in value unless compensated"
28,True,weighing_aggregation,True,1,"bathrooms,bedrooms,lot",3,"Key comparison: Property 1 has one more bedroom but one fewer bathroom. Property 2 has a much larger lot (over 3x larger), which is a significant value driver in residential real estate. While Propert"
28,True,final_decision,True,1,,0,CHOICE: 2
29,True,feature_reading,True,5,"cooling,heating,parkingType,type",4,"Let's think step by step: | - Type: Both are Single Family Residences — equal | - Heating: Both use Natural Gas — equal | - Cooling: Both have Central Air — equal | - Parking: Both listed as ""unknown"" — no comparative advantage"
29,True,pairwise_comparison,True,4,"bathrooms,bedrooms,lot,yearBuilt",4,- Bedrooms: Property 1 has 3 vs Property 2's 2 (+1 for P1) | - Bathrooms: Property 1 has 1 vs Property 2's 2 (+1 for P2) | - Lot size: Property 2 has 9117 sqft vs Property 1's 6499 sqft (+2618 sqft for P2) | - Year built: Property 2 is 8 years newer than Property 1 (1955 vs 1947)
29,True,weighing_aggregation,True,2,"bathrooms,bedrooms,lot,yearBuilt",4,"Key comparison: Property 1 has one more bedroom but one fewer bathroom. Property 2 has a significantly larger lot and is newer. While the bedroom count favors Property 1, the lot size and newer constr | REASON: Property 2 has a larger lot and is newer, which are significant value drivers in the market. Despite having fewer bedrooms, the lot size and age advantages outweigh the bedroom difference."
29,True,final_decision,True,1,,0,CHOICE: 2
30,True,feature_reading,True,6,"bathrooms,bedrooms,cooling,parkingType,type",5,"Let's think step by step: | - Type: Both are Single Family – equal | - Bedrooms: Both have 3 – equal | - Bathrooms: Both have 2 – equal | - Cooling: Both have Central Air – equal | - Parking: Both have ""unknown"" – cannot compare, so no advantage"
30,True,pairwise_comparison,True,3,"heating,lot,yearBuilt",3,"- Lot size: Property 2 has 7623 sqft vs Property 1's 4159 sqft – Property 2 has a significant advantage (+3464 sqft) | - Year built: Property 2 was built in 1890 vs Property 1 in 1942 – Property 2 is over 50 years older, which is a disadvantage in terms of structural age and modern updates | - Heating: Property 2 has Forced Air, Gas (a common and reliable system), Property 1 has ""Other"" – less specific and potentially less desirable"
30,True,weighing_aggregation,True,2,"heating,lot,yearBuilt",3,"The key differentiator is lot size. Property 2 has a much larger lot, which is a strong value driver in residential real estate, especially in a market where land area contributes significantly to val | REASON: Property 2 has a significantly larger lot size, which is a major value driver in residential real estate, outweighing the age disadvantage."
30,True,final_decision,True,1,,0,CHOICE: 2
31,True,feature_reading,True,4,"heating,parkingType,type",3,"Let's think step by step: | - Type: Both are Single Family Residences — equal | - Heating: Both have Hot Water and Natural Gas — equal | - Parking: Both have ""unknown"" — cannot compare, so no advantage"
31,True,pairwise_comparison,True,5,"bathrooms,bedrooms,cooling,lot,yearBuilt",5,- Bedrooms: Property 1 has 4 vs Property 2's 3 (+1 for P1) | - Bathrooms: Property 1 has 3 vs Property 2's 2 (+1 for P1) | - Lot size: Property 1 has 5998 sqft vs Property 2's 4199 sqft (+1800 sqft for P1) | - Year built: Property 1 is 8 years newer (1925 vs 1933) — advantage for P1 | - Cooling: Property 1 has Central Air (better than Window A/C) — advantage for P1
31,True,weighing_aggregation,True,1,"bathrooms,bedrooms,cooling,lot,yearBuilt",5,"The key advantages for Property 1 are more bedrooms, more bathrooms, larger lot size, and newer construction with superior cooling. These are all significant value drivers in residential real estate. "
31,True,final_decision,True,1,,0,CHOICE: 1
32,True,feature_reading,True,4,"parkingType,type",2,"Let's think step by step: | - Type: Both are Single Family Residences – equal | - Parking: Both have ""unknown"" – no comparative advantage | Key comparison:"
32,True,pairwise_comparison,True,8,"bathrooms,bedrooms,cooling,heating,lot,yearBuilt",6,"- Bedrooms: Property 1 has 4 vs Property 2's 3 (+1 for P1) | - Bathrooms: Property 1 has 2 vs Property 2's 3 (+1 for P2) → This is a tie in count, but P2 has more baths (3 vs 2) | - Lot size: Property 1 has 1.33 acres vs Property 2's 0.72 acres (+0.61 acres for P1) → P1 has significantly larger lot | - Age: Property 1 is 9 years older (1941 vs 1950) → P2 is newer | - Heating: Both use Natural Gas; Property 1 has Hot Water, Property 2 has Forced Air → Hot water is generally considered a premium f"
32,True,weighing_aggregation,True,1,"bathrooms,bedrooms,cooling,lot,yearBuilt",5,"Despite P2's better cooling and more bathrooms, the larger lot and extra bedroom in Property 1 provide stronger value in a market where lot size and bedroom count are significant. The age disadvantage"
32,True,final_decision,True,1,,0,CHOICE: 1
33,True,feature_reading,True,3,"parkingType,type",2,"Let's think step by step: | - Type: Property 1 is a Single Family Residence, Property 2 is a Townhouse. Single-family homes typically command higher value than townhouses in the same market due to greater privacy, space, and per | - Parking: Both have ""unknown"" parking type — no comparative advantage."
33,True,pairwise_comparison,True,6,"bathrooms,bedrooms,cooling,heating,lot,yearBuilt",6,"- Year Built: Property 2 is 3 years newer than Property 1 (1925 vs 1928), a minor advantage for P2. | - Bedrooms: Property 1 has 3 vs 2 (+1 for P1) | - Bathrooms: Property 1 has 2 vs 1 (+1 for P1) | - Lot Size: Property 1 has 2748 sqft vs 2565 sqft (+183 sqft for P1) | - Heating: Property 1 has Radiant with Natural Gas; Property 2 has Hot Water with Natural Gas. Radiant heating is less common and may be less desirable than hot water or forced air, though both use na | - Cooling: Property 1 has W"
33,True,weighing_aggregation,True,2,"bathrooms,bedrooms,cooling,heating,lot,type",6,"Key factors: Property 1 has more bedrooms, more bathrooms, and a slightly larger lot. However, Property 2 has central air cooling, which is a major value driver in residential real estate. Despite bei | REASON: Property 1 has more bedrooms, more bathrooms, and a slightly larger lot, and is a single-family home, which generally commands higher value. Although Property 2 has central air, the structural"
33,True,final_decision,True,1,,0,CHOICE: 1
34,True,feature_reading,True,4,"cooling,parkingType,type",3,"Let's think step by step: | - Type: Both are Single Family – equal | - Cooling: Both have Central – equal | - Parking: Both have ""unknown"" – cannot compare, so no advantage"
34,True,pairwise_comparison,True,5,"bathrooms,bedrooms,heating,lot,yearBuilt",5,"- Bedrooms: Property 1 has 4 vs Property 2's 3 (+1 for P1) | - Bathrooms: Property 1 has 3 vs Property 2's 2 (+1 for P1) | - Lot size: Property 2 has 7832 sqft vs Property 1's 7643 sqft (+189 sqft for P2) – a small advantage for P2 | - Year built: Property 1 is 4 years earlier (1963 vs 1967) – P1 is older, which is a disadvantage | - Heating: Property 1 has ""Other"" vs Property 2's ""Forced Air"" – ""Other"" is less specific and potentially less desirable; Forced Air is a standard, well-known system"
34,True,weighing_aggregation,True,2,"bathrooms,bedrooms,cooling,heating,lot,type,yearBuilt",7,"Key advantages: Property 1 has more bedrooms and bathrooms, which are strong drivers of value in residential properties. The lot size difference is minor. The older age of Property 1 is a slight disad | REASON: Property 1 has more bedrooms and bathrooms, which are significant value drivers, and both have central cooling. The heating system for Property 1 is less specified and potentially less desirab"
34,True,final_decision,True,1,,0,CHOICE: 1
35,True,feature_reading,True,5,"bathrooms,heating,parkingType,type",4,"Let's think step by step: | - Type: Both are Single Family Residences – equal | - Bathrooms: Both have 3 – equal | - Heating: Both have Forced Air and Natural Gas – equal | - Parking: Both have ""unknown"" – cannot compare, so no advantage"
35,True,pairwise_comparison,True,4,"bedrooms,cooling,lot,yearBuilt",4,"- Year Built: Property 1 (1956) is 1 year older than Property 2 (1957) – negligible difference | - Bedrooms: Property 1 has 4 vs 3 (+1 for P1) | - Lot Size: Property 2 has 1.1 acres vs Property 1's 0.33 acres (+0.77 acres for P2) – significant advantage for P2 | - Cooling: Property 1 has Central Air and Electric; Property 2 has only Central Air – Property 1 has an additional electric cooling option, which may offer more comfort and flexibility"
35,True,weighing_aggregation,True,2,"bedrooms,cooling,lot",3,"Key comparison: Property 1 has one more bedroom, which is a strong value driver. However, Property 2 has a much larger lot (over 2.5 times larger), which significantly increases land value in a reside | REASON: Property 2 has a significantly larger lot size, which is a major driver of value in residential real estate, outweighing the one-bedroom advantage of Property 1."
35,True,final_decision,True,1,,0,CHOICE: 2
36,True,feature_reading,True,5,"bedrooms,cooling,parkingType,type",4,"Let's think step by step: | - Type: Both are Single Family – equal | - Bedrooms: Both have 3 beds – equal | - Cooling: Both have Central – equal | - Parking: Both have ""unknown"" – cannot compare, so neutral"
36,True,pairwise_comparison,True,4,"bathrooms,heating,lot,yearBuilt",4,"- Bathrooms: Property 1 has 3 vs Property 2 has 2 (+1 for P1) | - Lot size: Property 1 has 8999 sqft vs Property 2 has 6499 sqft (+2500 sqft for P1) | - Year built: Property 1 is 25 years older than Property 2 – disadvantage for P1 | - Heating: Property 2 has Gas (which is typically more efficient and desirable) vs Property 1 has ""Other"" – disadvantage for P1"
36,True,weighing_aggregation,True,2,"bathrooms,heating,lot,yearBuilt",4,"Key advantages: Property 1 has more bathrooms and a larger lot. Property 2 has newer construction and better heating (Gas). However, in a market where lot size and bathroom count are strong value driv | REASON: Property 1 has more bathrooms and a significantly larger lot, which are strong value drivers. Although Property 2 has newer construction and gas heating, the advantages in bathroom count and l"
36,True,final_decision,True,1,,0,CHOICE: 1
37,True,feature_reading,True,5,"cooling,heating,parkingType,type",4,"Let's think step by step: | - Type: Both are Single Family Residences — equal | - Heating: Both have Forced Air and Natural Gas — equal | - Cooling: Both have Central Air — equal | - Parking: Both have ""unknown"" — cannot compare, so no advantage"
37,True,pairwise_comparison,True,4,"bathrooms,bedrooms,lot,yearBuilt",4,"- Bedrooms: Property 1 has 5 vs Property 2's 4 (+1 for P1) | - Bathrooms: Property 1 has 5 vs Property 2's 3 (+2 for P1) | - Lot size: Property 1 has 3.5 Acres vs Property 2's 0.46 Acres (+3.04 Acres for P1) — a massive advantage | - Age: Property 1 is 136 years older, Property 2 is 1999 — Property 2 is much newer"
37,True,weighing_aggregation,True,1,"bathrooms,bedrooms,lot,yearBuilt",4,"The key differentiators are bedrooms, bathrooms, and lot size. Property 1 has significantly more bedrooms, bathrooms, and a lot size that is over 7 times larger than Property 2. While Property 2 is ne"
37,True,final_decision,True,1,,0,CHOICE: 1
38,True,feature_reading,True,5,"cooling,heating,parkingType,type",4,"Let's think step by step: | - Type: Both are Single Family Residences – equal | - Heating: Both use Natural Gas – equal | - Cooling: Both have Central Air – equal | - Parking: Both listed as ""unknown"" – no comparative advantage"
38,True,pairwise_comparison,True,4,"bathrooms,bedrooms,lot,yearBuilt",4,- Year Built: Property 1 (1953) is 4 years older than Property 2 (1957) – Property 2 is slightly newer | - Bedrooms: Property 2 has 3 vs Property 1's 2 (+1 for P2) | - Bathrooms: Property 2 has 2 vs Property 1's 1 (+1 for P2) | - Lot Size: Property 1 has 7440 sqft vs Property 2's 6921 sqft (+519 sqft for P1)
38,True,weighing_aggregation,True,2,"bathrooms,bedrooms,lot,yearBuilt",4,"Key advantages: Property 2 has one more bedroom and one more bathroom, which are significant in residential valuation. While Property 1 has a slightly larger lot, the difference is small (only ~500 sq | REASON: Property 2 has more bedrooms and bathrooms, which are major drivers of home value, and is slightly newer. The lot size advantage is minor and outweighed by the bedroom/bathroom benefits."
38,True,final_decision,True,1,,0,CHOICE: 2
39,True,feature_reading,True,5,"cooling,parkingType,type,yearBuilt",4,Let's think step by step: | - Type: Both are Single Family Residences – equal | - Year Built: Both built in 1900 – equal | - Cooling: Both have Central Air – equal | - Parking: Both have Open Parking – equal
39,True,pairwise_comparison,True,4,"bathrooms,bedrooms,heating,lot,yearBuilt",5,"- Bedrooms: Property 2 has 4 vs Property 1's 3 (+1 for P2) | - Bathrooms: Property 2 has 3 vs Property 1's 2 (+1 for P2) | - Lot Size: Property 2 has 1825 sqft vs Property 1's 1058 sqft (+767 sqft for P2) | - Heating: Property 1 has Forced Air + Natural Gas, Property 2 has only Natural Gas – Property 1 has a slight advantage in heating system (Forced Air is more common and efficient in older homes, but b"
39,True,weighing_aggregation,True,1,"bathrooms,bedrooms,heating,lot",4,"The key advantages for Property 2 are more bedrooms, more bathrooms, and significantly larger lot size. These are strong indicators of higher market value in a residential market. While Property 1 has"
39,True,final_decision,True,1,,0,CHOICE: 2
40,True,feature_reading,True,6,"bathrooms,bedrooms,heating,parkingType,type",5,"Let's think step by step: | - Type: Both are Single Family Residences — equal | - Bedrooms: Both have 3 — equal | - Bathrooms: Both have 2 — equal | - Heating: Both have Forced Air and Natural Gas — equal | - Parking: Both have ""unknown"" — cannot compare, so no advantage"
40,True,pairwise_comparison,True,3,"cooling,lot,yearBuilt",3,"- Lot size: Property 1 has 9069 sqft vs Property 2's 7150 sqft — Property 1 has a larger lot (+1919 sqft) | - Year built: Property 1 (1948) is 6 years older than Property 2 (1954) — Property 2 is newer | - Cooling: Property 1 has Central Air only; Property 2 has Central Air and Electric — Property 2 has an additional cooling option (electric), which may offer more flexibility in climate or energy use"
40,True,weighing_aggregation,True,2,"bathrooms,bedrooms,cooling,heating,lot,yearBuilt",6,"Key comparison: Property 1 has a larger lot, which is a significant value driver in residential real estate. While Property 2 is slightly newer and has an additional cooling option (electric), the lot | REASON: Property 1 has a larger lot size, which is a key factor in residential value, and both properties have equivalent bedrooms, bathrooms, heating, and central cooling. The slight age difference a"
40,True,final_decision,True,1,,0,CHOICE: 1
41,True,feature_reading,True,5,"bedrooms,heating,parkingType,type",4,"Let's think step by step: | - Type: Both are Single Family Residences — equal | - Bedrooms: Both have 4 bedrooms — equal | - Heating: Both use Natural Gas, with Property 2 adding Forced Air — no clear advantage | - Parking: Both list ""unknown"" — no comparative advantage"
41,True,pairwise_comparison,True,4,"bathrooms,cooling,lot,yearBuilt",4,"- Bathrooms: Property 2 has 3 vs Property 1's 2 (+1 for P2) | - Lot size: Property 1 has 1.08 acres vs Property 2's 0.28 acres (+800 sqft in lot size, which is a significant advantage for P1) | - Age: Property 1 is 58 years older than Property 2 (built in 1925 vs 1983), so Property 2 is newer — a positive for P2 | - Cooling: Property 2 has Central Air vs Property 1's Electric cooling — Central Air is generally more desirable and valuable in a market context"
41,True,weighing_aggregation,True,1,"cooling,lot,yearBuilt",3,"Key comparison: Property 1 has a much larger lot (1.08 vs 0.28 acres), which is a major value driver in residential real estate. Property 2 has better cooling (Central Air) and is newer, but the lot s"
41,True,final_decision,True,1,,0,CHOICE: 1
42,True,feature_reading,True,4,"heating,parkingType,type",3,"Let's think step by step: | - Type: Both are Single Family Residences – equal | - Heating: Both have Forced Air and Natural Gas – equal | - Parking: Both have ""unknown"" – cannot compare, so no advantage"
42,True,pairwise_comparison,True,5,"bathrooms,bedrooms,cooling,lot,yearBuilt",5,- Year Built: Property 2 is 7 years newer than Property 1 (1952 vs 1959) – advantage for Property 2 | - Bedrooms: Property 2 has 3 vs 2 – +1 bedroom for Property 2 | - Bathrooms: Property 1 has 2 vs 1 – +1 bathroom for Property 1 | - Lot Size: Property 2 has 6629 sqft vs 5998 sqft – +631 sqft for Property 2 | - Cooling: Property 2 has Central Air vs Window A/C – Central Air is generally more desirable and valuable than Window A/C
42,True,weighing_aggregation,True,2,"bathrooms,bedrooms,cooling,lot,yearBuilt",5,"Key differentiators: Property 2 is newer, has more bedrooms, a larger lot, and better cooling (Central Air). Property 1 has one more bathroom, but the advantages in age, bedroom count, lot size, and c | REASON: Property 2 has a newer construction, more bedrooms, a larger lot, and central air cooling, all of which are significant value drivers in a residential market."
42,True,final_decision,True,1,,0,CHOICE: 2
43,True,feature_reading,True,4,"cooling,parkingType,type",3,"Let's think step by step: | - Type: Both are Single Family Residences – equal | - Cooling: Both have Central Air and Electric – equal | - Parking: Both have ""unknown"" – cannot compare"
43,True,pairwise_comparison,True,5,"bathrooms,bedrooms,heating,lot,yearBuilt",5,"- Year Built: Property 1 (1920) is 8 years older than Property 2 (1928) – Property 2 is newer | - Bedrooms: Property 1 has 6 vs Property 2's 4 (+2 for P1) | - Bathrooms: Property 1 has 3 vs Property 2's 5 (+2 for P2) | - Lot Size: Property 1 has 0.39 Acres vs Property 2's 0.28 Acres (+0.11 Acres for P1) | - Heating: Both have Natural Gas and Forced Air (P2 has Forced Air, P1 has Natural Gas only) – both have gas, but P1 has only Natural Gas, which may be more efficient; P2 has both, which is a m"
43,True,weighing_aggregation,True,2,"bathrooms,bedrooms,cooling,heating,lot,parkingType,yearBuilt",7,"Key comparison: Property 1 has significantly more bedrooms (6 vs 4), which is a major value driver in residential markets. While Property 2 has more bathrooms (5 vs 3), the bedroom count is typically  | REASON: Property 1 has more bedrooms, a larger lot, and is only 8 years older than Property 2, giving it a stronger overall value profile despite fewer bathrooms."
43,True,final_decision,True,1,,0,CHOICE: 1
44,True,feature_reading,True,5,"bathrooms,heating,parkingType,type",4,"Let's think step by step: | - Type: Both are Single Family Residences – equal | - Bathrooms: Both have 2 – equal | - Heating: Both have Forced Air with Natural Gas – equal | - Parking: Both have ""unknown"" – cannot compare, so no advantage"
44,True,pairwise_comparison,True,4,"bedrooms,cooling,lot,yearBuilt",4,- Bedrooms: Property 1 has 4 vs 3 (+1 for P1) | - Lot size: Property 2 has 4800 sqft vs Property 1's 3484 sqft (+1316 for P2) | - Year built: Property 1 is 18 years older (1927 vs 1945) | - Cooling: Property 1 has Central Air vs Property 2's Window A/C – Central Air is more desirable and efficient
44,True,weighing_aggregation,True,2,"bedrooms,cooling,lot,yearBuilt",4,"Key differentiators: Property 1 has one more bedroom and central air, which is a significant upgrade over window AC. Property 2 has a larger lot, but the age disadvantage and inferior cooling offset t | REASON: Property 1 has more bedrooms and central air, which are strong value drivers in residential real estate. The larger lot of Property 2 is offset by its older age and inferior cooling."
44,True,final_decision,True,1,,0,CHOICE: 1
45,False,feature_reading,True,4,"bathrooms,parkingType,type",3,"Let's think step by step: | - Type: Both are Single Family Residences — equal | - Bathrooms: Both have 2 — equal | - Parking: Both have ""unknown"" — cannot compare"
45,False,pairwise_comparison,True,5,"bedrooms,cooling,heating,lot,yearBuilt",5,"- Bedrooms: Property 1 has 4 vs Property 2's 3 (+1 for P1) | - Lot size: Property 2 has 8084 sqft vs Property 1's 3136 sqft (+4948 for P2) | - Age: Property 1 is 21 years older (1915 vs 1936) — P2 is newer | - Heating: Property 1 has Forced Air/Natural Gas vs Property 2's Hot Water — both are functional, but Forced Air is more common and typically more efficient in older homes; no clear advantage | - Cooling: Property 1 has both Window A/C and Central Air (more modern and desirable) vs Property "
45,False,weighing_aggregation,True,1,"bedrooms,cooling,lot,type,yearBuilt",5,"Key advantages: Property 1 has more bedrooms (a major value driver), superior cooling (central air plus window), and is not older than P2. Property 2 has a much larger lot and is newer, but lot size i"
45,False,final_decision,True,1,,0,CHOICE: 1
46,False,feature_reading,True,6,"bedrooms,cooling,heating,parkingType,type",5,"Let's think step by step: | - Type: Both are Single Family Residences – equal | - Bedrooms: Both have 2 bedrooms – equal | - Heating: Both use Natural Gas – equal | - Cooling: Both have Central Air – equal | - Parking: Both have ""unknown"" – no comparative advantage"
46,False,pairwise_comparison,True,3,"bathrooms,lot,yearBuilt",3,"- Bathrooms: Property 2 has 2 vs Property 1's 1 (+1 for P2) | - Lot: Property 2 has 10,875 sqft vs Property 1's 0.49 acres (≈2,450 sqft) – Property 2 has a lot size advantage of over 8,000 sqft (+3.3x larger) | - Age: Property 1 is 32 years older than Property 2 (1922 vs 1954) – Property 2 is newer"
46,False,weighing_aggregation,True,1,"bathrooms,lot,yearBuilt",3,"The key differentiators are bathrooms and lot size. Property 2 has one more bathroom and a significantly larger lot, which are strong value drivers in residential real estate. The newer age of Propert"
46,False,final_decision,True,1,,0,CHOICE: 2
47,True,feature_reading,True,4,"heating,parkingType,type",3,"Let's think step by step: | - Type: Both are Single Family Residences – equal | - Heating: Both use Natural Gas, with Property 2 adding Forced Air – a common and efficient system, but not a major differentiator | - Parking: Both have ""unknown"" – no comparative advantage"
47,True,pairwise_comparison,True,5,"bathrooms,bedrooms,cooling,lot,yearBuilt",5,"- Year Built: Property 2 (1905) is 26 years older than Property 1 (1931) – Property 2 is older, which may suggest more historical value or potential structural issues, but older homes can have more ch | - Bedrooms: Property 2 has 5 vs Property 1's 3 (+2 for P2) | - Bathrooms: Property 2 has 2 vs Property 1's 1 (+1 for P2) | - Lot Size: Property 2 has 0.43 acres = 18,480 sqft (since 1 acre = 43,560 sqft) vs Property 1's 4800 sqft – Property 2 has a lot size of over 3.5x larger – significant advan"
47,True,weighing_aggregation,True,1,"bathrooms,bedrooms,cooling,lot,yearBuilt",5,"Key advantages: Property 2 has significantly more bedrooms, more bathrooms, a much larger lot, and superior cooling (Central Air). The older age of the home is offset by these substantial improvements"
47,True,final_decision,True,1,,0,CHOICE: 2
48,False,feature_reading,True,4,"bedrooms,parkingType,type",3,"Let's think step by step: | - Type: Both are Single Family Residences — equal | - Bedrooms: Both have 3 bedrooms — equal | - Parking: Both have ""unknown"" — no comparative advantage"
48,False,pairwise_comparison,True,5,"bathrooms,cooling,heating,lot,yearBuilt",5,"- Year Built: Property 1 (1950) is 2 years older than Property 2 (1952) — Property 2 is slightly newer | - Bathrooms: Property 1 has 3 vs Property 2 has 2 — Property 1 has +1 bathroom | - Lot Size: Property 1 has 0.27 acres (approximately 1,100 sqft) vs Property 2 has 5998 sqft — Property 2 has a significantly larger lot | - Heating: Property 1 has Natural Gas; Property 2 has Forced Air and Natural Gas — both have gas, but Property 2 adds Forced Air (common and reliable) | - Cooling: Property 1 "
48,False,weighing_aggregation,True,1,"bathrooms,cooling,lot,yearBuilt",4,"Key comparison: While Property 1 has one more bathroom and is slightly older, Property 2 has a much larger lot (over 5,900 sqft vs ~1,100 sqft) and better cooling options (central air + electric). In "
48,False,final_decision,True,1,,0,CHOICE: 2
49,True,feature_reading,True,4,"bathrooms,parkingType,type",3,"Let's think step by step: | - Type: Both are Single Family Residences – equal | - Bathrooms: Both have 3 – equal | - Parking: Both have ""unknown"" – cannot compare"
49,True,pairwise_comparison,True,5,"bedrooms,cooling,heating,lot,yearBuilt",5,"- Bedrooms: Property 2 has 5 vs Property 1's 4 (+1 for P2) | - Lot: Property 2 has 5000 sqft (≈0.14 acres) vs Property 1's 0.32 acres (≈10,240 sqft) – Property 1 has a much larger lot (+9240 sqft for P1) | - Age: Property 1 is built in 1949 vs Property 2 in 1937 – Property 2 is 12 years older (older homes may have more wear, but in this market, age is not a strong positive) | - Heating: Property 1 has Forced Air, Natural Gas; Property 2 has Hot Water, Natural Gas – Hot Water is generally more ef"
49,True,weighing_aggregation,True,1,"bedrooms,cooling,lot,yearBuilt",4,"Key comparison: Property 1 has a significantly larger lot (0.32 acres vs 5000 sqft ≈ 0.14 acres), which is a major value driver in residential real estate. Property 2 has one more bedroom, but the coo"
49,True,final_decision,True,1,,0,CHOICE: 1
50,True,feature_reading,True,4,"heating,parkingType,type",3,"Let's think step by step: | - Type: Both are Single Family Residences – equal | - Heating: Property 1 uses Natural Gas and Baseboard; Property 2 uses Hot Water and Natural Gas – both use natural gas, but baseboard is less efficient than hot water in some climates, though no clear | - Parking: Both have ""unknown"" – no comparative advantage"
50,True,pairwise_comparison,True,5,"bathrooms,bedrooms,cooling,lot,yearBuilt",5,"- Bedrooms: Property 1 has 3 vs Property 2's 2 (+1 for P1) | - Bathrooms: Property 1 has 2 vs Property 2's 1 (+1 for P1) | - Lot size: Property 1 has 4800 sqft vs Property 2's 1459 sqft (+3341 sqft for P1) | - Age: Property 1 is 20 years older than Property 2 (1880 vs 1900) – this is a disadvantage for P1 | - Cooling: Property 1 has Window A/C only; Property 2 has Window A/C and Wall Unit(s) – Property 2 has better cooling (additional wall unit), which is a positive"
50,True,weighing_aggregation,True,1,"bathrooms,bedrooms,cooling,lot,yearBuilt",5,"Key comparison: Property 1 has more bedrooms, more bathrooms, and a significantly larger lot. Despite being older, the size and bedroom/bathroom advantages are substantial. Property 2 has better cooli"
50,True,final_decision,True,1,,0,CHOICE: 1
51,True,feature_reading,True,4,"cooling,parkingType,type",3,"Let's think step by step: | - Type: Both are Single Family Residences – equal | - Cooling: Both have Central Air – equal | - Parking: Both have ""unknown"" – cannot compare"
51,True,pairwise_comparison,True,5,"bathrooms,bedrooms,heating,lot,yearBuilt",5,"- Bedrooms: Property 1 has 3 vs Property 2's 2 (+1 for P1) | - Bathrooms: Property 1 has 3 vs Property 2's 2 (+1 for P1) | - Lot: Property 1 has 0.32 acres (approx. 13,400 sqft) vs Property 2's 6586 sqft – Property 1 has a significantly larger lot (over 6,800 sqft larger) | - Age: Property 1 is 16 years older than Property 2 (1940 vs 1956) | - Heating: Both use Natural Gas; Property 1 has Hot Water (a more efficient and modern system) vs Forced Air (common but less efficient)"
51,True,weighing_aggregation,True,1,"bathrooms,bedrooms,heating,lot,parkingType,yearBuilt",6,"REASON: Property 1 has more bedrooms, more bathrooms, and a much larger lot, which are key drivers of value in a single-family home. Although it is older, the superior lot size and better heating syst"
51,True,final_decision,True,1,,0,CHOICE: 1
52,False,feature_reading,True,5,"bedrooms,heating,parkingType,type",4,"Let's think step by step: | - Type: Both are Single Family Residences – equal | - Bedrooms: Both have 3 bedrooms – equal | - Heating: Both use Forced Air with Natural Gas – equal | - Parking: Both have ""unknown"" – no comparative advantage"
52,False,pairwise_comparison,True,4,"bathrooms,cooling,lot,yearBuilt",4,"- Bathrooms: Property 2 has 3 vs Property 1's 2 (+1 for P2) | - Lot size: Property 1 has 6098 sqft vs Property 2's 1576 sqft (+4522 sqft for P1) | - Year built: Property 1 is 1960, Property 2 is 2020 (P2 is 60 years newer) | - Cooling: Property 1 has Central Air; Property 2 has Central Air and Electric – P2 has an additional cooling option (electric), which may offer more flexibility, but central air is already present in"
52,False,weighing_aggregation,True,2,"bathrooms,cooling,lot,yearBuilt",4,"Key comparison: Property 1 has a significantly larger lot (over 4500 sqft more), which is a major value driver in residential real estate. While Property 2 is newer, the large lot size and additional  | REASON: Property 1 has a much larger lot and more bathrooms, which are strong value drivers in the market. The newer construction of Property 2 is offset by the substantial lot size and bathroom advan"
52,False,final_decision,True,1,,0,CHOICE: 1
53,True,feature_reading,True,5,"bathrooms,heating,parkingType,type",4,"Let's think step by step: | - Type: Both are Single Family Residences – equal | - Bathrooms: Both have 2 – equal | - Heating: Both have Forced Air and Natural Gas – equal | - Parking: Both have ""unknown"" – cannot compare, so no advantage"
53,True,pairwise_comparison,True,4,"bedrooms,cooling,lot,yearBuilt",4,"- Bedrooms: Property 2 has 3 vs Property 1's 2 (+1 for P2) | - Lot: Property 2 has 7000 sqft vs Property 1's 2.44 acres (≈ 10,560 sqft) – Property 1 has a larger lot (10,560 vs 7000) (+3560 sqft for P1) | - Age: Property 1 is built in 1930 vs Property 2 in 1920 – Property 2 is 10 years newer (slight advantage for P2) | - Cooling: Property 1 has both Window A/C and Central Air; Property 2 has only Central Air – Property 1 has more advanced cooling (dual options)"
53,True,weighing_aggregation,True,1,"bedrooms,cooling,lot",3,"Key comparison: Property 1 has a significantly larger lot (10,560 sqft vs 7000 sqft), which is a major value driver in residential real estate. Additionally, Property 1 offers dual cooling (Window A/C"
53,True,final_decision,True,1,,0,CHOICE: 1
54,True,feature_reading,True,5,"bathrooms,bedrooms,parkingType,type",4,"Let's think step by step: | - Type: Both are Single Family Residences – equal | - Bedrooms: Both have 3 – equal | - Bathrooms: Both have 2 – equal | - Parking: Both have ""unknown"" – no comparative advantage"
54,True,pairwise_comparison,True,4,"cooling,heating,lot,yearBuilt",4,"- Lot size: Property 2 has 5998 sqft vs Property 1's 5523 sqft – Property 2 has a larger lot (+475 sqft) | - Year built: Property 2 is built in 1910 vs Property 1 in 1950 – Property 2 is 40 years older (older homes often have more structural wear, but in this context, older construction may imply less mode | - Heating: Property 1 has Forced Air, Natural Gas; Property 2 has Radiant Heating, Natural Gas – Forced Air is more common and typically more efficient and easier to maintain than Radiant he"
54,True,weighing_aggregation,True,2,"cooling,heating,lot,yearBuilt",4,"Key advantages: Property 1 has central air (vs window AC), which is a major upgrade in comfort and value. Property 2 has a larger lot, but the cooling and heating systems are less favorable. The older | REASON: Property 1 has central air, which is more desirable than window A/C, and has modern forced air heating, which is more reliable and efficient than radiant heating. The lot size difference is mi"
54,True,final_decision,True,1,,0,CHOICE: 1
55,False,feature_reading,True,3,"heating,type",2,Let's think step by step: | - Type: Both are Single Family Residences — equal | - Heating: Both use Natural Gas — equal
55,False,pairwise_comparison,True,6,"bathrooms,bedrooms,cooling,lot,parkingType,yearBuilt",6,- Bedrooms: Property 1 has 3 vs Property 2's 2 (+1 for P1) | - Bathrooms: Property 2 has 3 vs Property 1's 2 (+1 for P2) | - Lot size: Property 2 has 3998 sqft vs Property 1's 3001 sqft (+997 sqft for P2) | - Year built: Property 2 is 25 years older (1900 vs 1925) — older age is a disadvantage | - Cooling: Property 1 has Window A/C vs Property 2's Electric — Window A/C is generally less desirable than electric cooling (especially in a market where central cooling is preferred) | - Parking: Prope
55,False,weighing_aggregation,True,3,"bathrooms,bedrooms,cooling,lot,parkingType,type,yearBuilt",7,"Key comparison: Property 1 has one more bedroom and one fewer bathroom, but has a smaller lot and older construction. Property 2 has more bathrooms, larger lot, and newer construction (though actually | Despite the older age, Property 2 has a larger lot, more bathrooms, and better cooling (electric vs window). The bathroom count is a strong factor in value, and lot size is a major driver. The cooling | REASON: Property 2 has a larger lot, more bathrooms, and better cooling (electric vs window A/"
55,False,final_decision,True,1,,0,CHOICE: 2
56,True,feature_reading,True,6,"bathrooms,bedrooms,heating,parkingType,type",5,"Let's think step by step: | - Type: Both are Single Family Residences – equal | - Bedrooms: Both have 3 – equal | - Bathrooms: Both have 2 – equal | - Heating: Both use Natural Gas – equal | - Parking: Both listed as ""unknown"" – no comparative advantage"
56,True,pairwise_comparison,True,3,"cooling,lot,yearBuilt",3,"- Lot size: Property 2 has 4721 sqft vs Property 1's 3001 sqft – Property 2 has a larger lot (+1720 sqft) | - Year built: Property 1 (1930) is 3 years older than Property 2 (1933) – Property 1 is slightly older, which may imply more wear, but not a major factor | - Cooling: Property 1 has ""Central Air"", Property 2 has ""Other, Central Air"" – both effectively have central air; ""Other"" does not indicate inferior quality"
56,True,weighing_aggregation,True,1,"lot,yearBuilt",2,"The only clear advantage is lot size. A larger lot generally increases value, especially in a market where land is a key differentiator. While age is slightly in favor of Property 1, the larger lot si"
56,True,final_decision,True,1,,0,CHOICE: 2
57,True,feature_reading,True,4,"cooling,heating,type",3,"Let's think step by step: | - Type: Property 1 is a SingleFamily, Property 2 is a Townhouse. Single-family homes typically command higher value than townhouses in the same market due to greater privacy, space, and perceived qual | - Heating: Both have ""Other, Gas"" – no difference | - Cooling: Both have ""unknown"" – no comparative advantage"
57,True,pairwise_comparison,True,4,"bathrooms,bedrooms,lot,yearBuilt",4,- Bedrooms: Property 1 has 4 vs 3 (+1 for P1) | - Bathrooms: Property 1 has 2 vs 1 (+1 for P1) | - Lot size: Property 1 has 4900 sqft vs 2861 sqft (+1039 sqft for P1) | - Age: Property 1 is 20 years newer than Property 2 (1920 vs 1940)
57,True,weighing_aggregation,True,1,"bathrooms,bedrooms,lot,type,yearBuilt",5,"The key advantages for Property 1 are more bedrooms, more bathrooms, larger lot size, and being newer. While Property 2 is a townhouse, the structural and spatial advantages of Property 1—especially i"
57,True,final_decision,True,1,,0,CHOICE: 1
58,True,feature_reading,True,12,"bathrooms,bedrooms,cooling,heating,lot,parkingType,type",7,"Let's think step by step: | - Type: Both are Single Family (Property 2 is slightly more specific but still same category) | - Bathrooms: Both have 2 — equal | - Cooling: Both have Central cooling — equal advantage | - Parking: Both have ""unknown"" — no comparative advantage | Key considerations: | - ""Other"" heating in P1 is less defined and potentially less desirable than P2's specified Forced Air with Natural Gas. | Also, ""Other"" heating is less desirable than specified Forced Air with Natural G"
58,True,pairwise_comparison,True,14,"bedrooms,cooling,heating,lot,yearBuilt",5,"- Bedrooms: Property 2 has 3 vs 2 (+1 for P2) | - Lot size: Property 1 has 7000 sqft vs Property 2's 4800 sqft (+2200 for P1) | - Age: Property 1 was built in 1940 vs Property 2 in 1925 — Property 2 is 15 years newer | - Heating: Property 2 has Forced Air with Natural Gas (common, efficient), Property 1 has ""Other"" (less specific, potentially less desirable) | - Property 2 has one more bedroom, which is a significant factor in value. | - Property 1 has a larger lot (7000 vs 4800), which is a str"
58,True,weighing_aggregation,True,16,"bathrooms,bedrooms,cooling,heating,lot,yearBuilt",6,"However, the bedroom advantage in P2 is substantial, and newer construction can add value. But the lot size in P1 is significantly larger, and central cooling is present in both. The heating in P2 is  | But note: P1 has a larger lot (7000 vs 4800), which is a major advantage. P2 has one more bedroom. Both have central cooling. P2 is newer. P2 has better heating specification. | In a residential market, lot size and bedroom count are strong drivers. P1 has a larger lot and same number of bathroom"
58,True,final_decision,True,2,,0,CHOICE: 2 | CHOICE: 2
59,True,feature_reading,True,4,"bedrooms,parkingType,type",3,"Let's think step by step: | - Type: Both are Single Family Residences — equal | - Bedrooms: Both have 3 bedrooms — equal | - Parking: Both have ""unknown"" — cannot compare"
59,True,pairwise_comparison,True,5,"bathrooms,cooling,heating,lot,yearBuilt",5,- Bathrooms: Property 1 has 4 vs Property 2's 2 (+2 for P1) | - Lot size: Property 1 has 7200 sqft vs Property 2's 5749 sqft (+1451 sqft for P1) | - Year built: Property 1 is 6 years newer (1930 vs 1924) — P2 is older | - Heating: Both use Natural Gas; Property 1 has Hot Water (which is often more efficient and desirable than Forced Air) | - Cooling: Property 1 has Window A/C (less efficient and less desirable than Central Air) vs Property 2's Central Air (better cooling comfort and value)
59,True,weighing_aggregation,True,2,"bathrooms,cooling,heating,lot,yearBuilt",5,"Key advantages: Property 1 has more bathrooms, larger lot, and newer construction. While Property 2 has better cooling (Central Air), Property 1's superior bathroom count, larger lot, and newer age ou | REASON: Property 1 has more bathrooms, a larger lot, and is newer, which are significant value drivers in a residential market. Despite having window A/C instead of central air, the structural and fun"
59,True,final_decision,True,1,,0,CHOICE: 1
60,True,feature_reading,True,6,"bathrooms,cooling,heating,parkingType,type",5,"Let's think step by step: | - Type: Both are Single Family – equal | - Bathrooms: Both have 2 – equal | - Heating: Both have Forced Air, Gas – equal | - Cooling: Both have Central – equal | - Parking: Both have ""unknown"" – cannot compare, so no advantage"
60,True,pairwise_comparison,True,3,"bedrooms,lot,yearBuilt",3,- Bedrooms: Property 1 has 4 vs Property 2's 2 (+2 for P1) | - Lot size: Property 2 has 7104 sqft vs Property 1's 3049 sqft (+4055 for P2) | - Year built: Property 1 is 46 years older (1913 vs 1959)
60,True,weighing_aggregation,True,1,"bedrooms,lot,yearBuilt",3,"Key factors: Property 1 has significantly more bedrooms (4 vs 2), which is a major driver of value in residential properties. While Property 2 has a much larger lot, the age disadvantage of Property 1"
60,True,final_decision,True,1,,0,CHOICE: 1
61,False,feature_reading,True,4,"bedrooms,parkingType,type",3,"Let's think step by step: | - Type: Both are Single Family Residences — equal | - Bedrooms: Both have 3 bedrooms — equal | - Parking: Both have ""unknown"" — no comparative advantage"
61,False,pairwise_comparison,True,5,"bathrooms,cooling,heating,lot,type,yearBuilt",6,"- Bathrooms: Property 2 has 2 vs Property 1's 1 (+1 for P2) | - Lot size: Property 2 has 6250 sqft vs Property 1's 6000 sqft (+250 sqft for P2) | - Year built: Property 1 is 6 years older (1948 vs 1954) — P2 is newer | - Heating: Property 1 has Forced Air with Natural Gas (more common and reliable) vs Property 2's ""Other"" (less specific, potentially less desirable) | - Cooling: Property 1 has Central Air vs Property 2 has ""Central"" (same type, but less specific — ""Central"" is likely equivalent, "
61,False,weighing_aggregation,True,2,"bathrooms,cooling,heating,lot,yearBuilt",5,"Key differentiators: Property 2 has one more bathroom and a slightly larger lot, and is newer. Property 1 has better-defined cooling (Central Air) and better heating (Forced Air with Natural Gas). How | REASON: Property 2 has one more bathroom and is newer, with a slightly larger lot, which are significant value drivers in a comparable market. The heating and cooling details are less decisive due to "
61,False,final_decision,True,1,,0,CHOICE: 2
62,True,feature_reading,True,4,"cooling,heating,parkingType,type",4,"Let's think step by step: | - Type: Both are Single Family – equal | - Heating and Cooling: Both have ""Other"" for heating and ""Central"" for cooling – equal | - Parking: Both have ""unknown"" – no comparative advantage"
62,True,pairwise_comparison,True,4,"bathrooms,bedrooms,lot,yearBuilt",4,- Bedrooms: Property 2 has 4 vs Property 1's 3 (+1 for P2) | - Bathrooms: Property 1 has 2 vs Property 2's 1 (+1 for P1) | - Lot size: Property 1 has 6507 sqft vs Property 2's 5100 sqft (+1407 for P1) | - Age: Property 1 is 17 years older than Property 2 (1960 vs 1977)
62,True,weighing_aggregation,True,1,"bathrooms,bedrooms,cooling,heating,lot,yearBuilt",6,"Key comparison: Property 2 has one more bedroom, but Property 1 has more bathrooms and a larger lot. While Property 2 has more bedrooms, the additional bedroom is offset by fewer bathrooms and a small"
62,True,final_decision,True,1,,0,CHOICE: 1
63,False,feature_reading,True,4,"cooling,heating,parkingType,type",4,"Let's think step by step: | - Type: Property 1 is a Single Family Residence, Property 2 is a Townhouse. Single-family homes typically command higher values than townhouses in the same market due to greater privacy, space, and pe | - Heating and Cooling: Both have Forced Air with Natural Gas and Central Air — equal in value | - Parking: Both have ""unknown"" — cannot compare, so no advantage"
63,False,pairwise_comparison,True,4,"bathrooms,bedrooms,lot,type,yearBuilt",5,"- Beds: Property 1 has 3 bedrooms vs Property 2's 2 bedrooms (+1 for P1) | - Baths: Property 1 has 2 bathrooms vs Property 2's 3 bathrooms (+1 for P2) | - Lot: Property 1 has 9792 sqft vs Property 2's 1306 sqft (+8486 sqft for P1) — a massive advantage in lot size | - Age: Property 2 is built 53 years newer (2002 vs 1949), which is a positive, but not enough to offset the size and type differences"
63,False,weighing_aggregation,True,1,"bathrooms,bedrooms,lot,type",4,"The key differentiators are property type, bedroom count, lot size, and bathroom count. While Property 2 has more bathrooms, Property 1 has more bedrooms and a vastly larger lot, and is a single-famil"
63,False,final_decision,True,1,,0,CHOICE: 1
64,False,feature_reading,True,6,"bathrooms,bedrooms,heating,parkingType,type",5,"Let's think step by step: | - Type: Both are Single Family Residences – equal | - Bedrooms: Both have 2 – equal | - Bathrooms: Both have 2 – equal | - Heating: Both have Forced Air with Natural Gas – equal | - Parking: Both have ""unknown"" – cannot compare"
64,False,pairwise_comparison,True,3,"cooling,lot,yearBuilt",3,"- Lot size: Property 1 has 8580 sqft vs Property 2's 4199 sqft – Property 1 has a significant advantage (+4381 sqft) | - Year built: Property 1 is 13 years older (1940 vs 1953) – Property 2 is newer, which may indicate better maintenance or modern updates | - Cooling: Property 1 has Central Air, Electric; Property 2 has only Central Air – Property 1 has electric as a backup or additional option, but both have central cooling"
64,False,weighing_aggregation,True,2,"cooling,lot,parkingType,yearBuilt",4,"The key differentiator is lot size. Property 1 has a much larger lot, which significantly increases value in a market where land area is a major factor. While Property 2 is newer, the lot size advanta | REASON: Property 1 has a significantly larger lot size, which is a major value driver in residential real estate. The age difference is minor, and other features are equal or less favorable for Proper"
64,False,final_decision,True,1,,0,CHOICE: 1
65,False,feature_reading,True,5,"bedrooms,parkingType,type",3,"Let's think step by step: | - Type: Both are Single Family Residences – equal | - Bedrooms: Both have 3 – equal | - Parking: Both have ""unknown"" – cannot compare | Key advantages:"
65,False,pairwise_comparison,True,5,"bathrooms,cooling,heating,lot,yearBuilt",5,"- Bathrooms: Property 2 has 3 vs Property 1's 2 (+1 for P2) | - Lot: Property 2 has 8141 sqft vs Property 1's 0.56 acres (≈20,000 sqft) – wait, let's calculate: 0.56 acres × 43,560 sqft/acre = 24,393.6 sqft. So Property 1 has ~24,394 sqft vs Property 2's 8,141 s | - Age: Property 1 (1935) is 7 years older than Property 2 (1942) | - Heating: Both use Natural Gas and Forced Air (Property 2 has Forced Air + Natural Gas, Property 1 only Natural Gas) – Property 2 has a more modern heating system | - "
65,False,weighing_aggregation,True,4,"bathrooms,cooling,heating,lot,yearBuilt",5,"Property 1 has a much larger lot (24,394 sqft vs 8,141 sqft), which is a major value driver in residential real estate. It is also older (which may imply more wear, but not necessarily lower value in  | In the same ZIP and month, central air and larger lot size are strong value drivers. While Property 1 has a larger lot, Property 2 has better cooling and more bathrooms — both of which are significant | But: 0.56 acres is 24,394 sqft — that is significantly larger than 8,141 sqft. So Property 1 h"
65,False,final_decision,True,1,,0,CHOICE: 1
66,False,feature_reading,True,4,"bedrooms,parkingType,type",3,"Let's think step by step: | - Type: Both are Single Family Residences — equal | - Bedrooms: Both have 3 bedrooms — equal | - Parking: Both have ""unknown"" — cannot compare"
66,False,pairwise_comparison,True,6,"bathrooms,cooling,heating,lot,yearBuilt",5,"- Bathrooms: Property 1 has 3 vs Property 2 has 2 (+1 for P1) | - Lot size: Property 1 has 6821 sqft vs Property 2 has 6067 sqft (+754 sqft for P1) | - Year built: Property 1 was built in 1952 vs Property 2 in 1945 — Property 2 is 7 years older (older = less desirable in value, so P2 has a disadvantage) | - Heating: Property 1 has Natural Gas; Property 2 has Forced Air and Natural Gas — both have gas, but P2 adds Forced Air (which is less efficient and less modern than natural gas heating in som"
66,False,weighing_aggregation,True,1,"bathrooms,cooling,heating,lot",4,"REASON: Property 1 has more bathrooms, a larger lot, and was built more recently with more efficient heating. The cooling system in Property 2 includes electric, which is less desirable than central a"
66,False,final_decision,True,1,,0,CHOICE: 1
67,False,feature_reading,True,6,"bathrooms,bedrooms,cooling,parkingType,type",5,Let's think step by step: | - Type: Both are Single Family Residences — equal | - Bedrooms: Both have 3 bedrooms — equal | - Bathrooms: Both have 2 bathrooms — equal | - Cooling: Both have Central Air — equal | - Parking: Both have Attached Garage — equal
67,False,pairwise_comparison,True,3,"heating,lot,yearBuilt",3,"- Lot size: Property 1 has 6499 sqft vs Property 2's 5998 sqft — Property 1 has a larger lot (+501 sqft) | - Year built: Property 1 was built in 1957 vs Property 2 in 1948 — Property 2 is 9 years older (older homes may have more wear, but in this context, newer construction often implies better materials a | - Heating: Property 1 uses Natural Gas; Property 2 uses Forced Air + Natural Gas — both have natural gas, but Property 1 has only Natural Gas, while Property 2 has both Forced Air and Natura"
67,False,weighing_aggregation,True,1,"lot,yearBuilt",2,"The key differentiator is lot size: Property 1 has a larger lot (6499 vs 5998 sqft). While Property 2 is slightly older, the age difference is minimal and does not outweigh the advantage in lot size. "
67,False,final_decision,True,1,,0,CHOICE: 1
68,False,feature_reading,True,3,"parkingType,type",2,"Let's think step by step: | - Type: Both are Single Family Residences – equal | - Parking: Both have ""unknown"" – no comparative advantage"
68,False,pairwise_comparison,True,6,"bathrooms,bedrooms,cooling,heating,lot,yearBuilt",6,"- Bedrooms: Property 2 has 4 vs Property 1's 3 (+1 for P2) | - Bathrooms: Property 2 has 3 vs Property 1's 2 (+1 for P2) | - Lot size: Property 1 has 10,606 sqft vs Property 2's 7,100 sqft (+3,506 for P1) | - Age: Property 1 is 11 years older (1952 vs 1963) – P1 is older, which is a disadvantage | - Heating: Property 2 has Hot Water + Natural Gas (more modern and efficient) vs Property 1's Natural Gas only – P2 has an advantage | - Cooling: Property 2 has Central Air (more desirable than Electri"
68,False,weighing_aggregation,True,1,"bathrooms,bedrooms,cooling,heating,lot,yearBuilt",6,"Key advantages: Property 2 has more bedrooms, more bathrooms, better cooling (central air), and more modern heating. Despite having a smaller lot, the improvements in living space and climate control "
68,False,final_decision,True,1,,0,CHOICE: 2
69,True,feature_reading,True,5,"bedrooms,cooling,parkingType,type",4,"Let's think step by step: | - Type: Both are Single Family Residences – equal | - Bedrooms: Both have 3 bedrooms – equal | - Cooling: Both have Central Air – equal | - Parking: Both have ""unknown"" – no comparative advantage"
69,True,pairwise_comparison,True,4,"bathrooms,heating,lot,yearBuilt",4,"- Bathrooms: Property 2 has 2 vs Property 1's 1 (+1 for P2) | - Lot size: Property 1 has 4499 sqft vs Property 2's 3171 sqft (+1328 sqft for P1) | - Year built: Property 1 is 1955 vs Property 2's 1920 – Property 1 is 35 years newer | - Heating: Both use Natural Gas and Forced Air (P2 has Forced Air + Natural Gas, P1 has only Natural Gas) – P2 has more heating options, but both have gas"
69,True,weighing_aggregation,True,2,"bathrooms,lot,yearBuilt",3,"Key comparison: Property 2 has more bathrooms (2 vs 1), which is a significant value driver in residential properties. However, Property 1 has a larger lot (4499 vs 3171 sqft) and is built 35 years la | REASON: Property 1 has a larger lot and is significantly newer, which generally increases value. Although Property 2 has more bathrooms, the structural and spatial advantages of Property 1 are more im"
69,True,final_decision,True,1,,0,CHOICE: 1
70,False,feature_reading,True,4,"cooling,parkingType,type",3,"Let's think step by step: | - Type: Both are Single Family (same category) | - Cooling: Both have Central (same advantage) | - Parking: Both listed as ""unknown"" — no comparative advantage"
70,False,pairwise_comparison,True,5,"bathrooms,bedrooms,heating,lot,yearBuilt",5,"- Bedrooms: Property 1 has 3 vs Property 2 has 2 (+1 for P1) | - Bathrooms: Property 1 has 1 vs Property 2 has 2 (+1 for P2) | - Lot size: Property 1 has 7638 sqft vs Property 2 has 6600 sqft (+1038 for P1) | - Year built: Property 1 is 5 years older (1945 vs 1950) | - Heating: Property 1 has ""Other"" (less specified) vs Property 2 has Natural Gas (more standard and reliable)"
70,False,weighing_aggregation,True,2,"bathrooms,bedrooms,cooling,heating,lot,type,yearBuilt",7,"Key comparison: Property 1 has more bedrooms (3 vs 2), larger lot (7638 vs 6600), and is slightly older (but not significantly). Property 2 has more bathrooms (2 vs 1), better heating (Natural Gas), a | REASON: Property 1 has more bedrooms, a larger lot, and central cooling, which are key value drivers in single-family homes. The heating type advantage of Property 2 is minor compared to the structura"
70,False,final_decision,True,1,,0,CHOICE: 1
71,True,feature_reading,True,4,"parkingType,type",2,"Let's think step by step: | - Type: Both are Single Family Residences — equal | - Parking: Both have ""unknown"" — no comparative advantage | Key advantages:"
71,True,pairwise_comparison,True,9,"bathrooms,bedrooms,cooling,heating,lot,yearBuilt",6,"- Bedrooms: Property 1 has 4 vs Property 2's 3 (+1 for P1) | - Bathrooms: Property 1 has 3 vs Property 2's 2 (+1 for P1) | - Lot size: Property 2 has 10,018 sqft vs Property 1's 6,534 sqft (+3,484 sqft for P2) | - Age: Property 2 is built 20 years earlier (1940 vs 1960), so it is older — a disadvantage for P2 | - Heating: Property 2 has Forced Air, Electric Baseboard, and Natural Gas (more modern and versatile) vs Property 1's Baseboard only — P2 has superior heating system | - Cooling: Property"
71,True,weighing_aggregation,True,4,"bathrooms,bedrooms,cooling,heating,lot,yearBuilt",6,"However, in a market where home size and modern amenities matter, the larger lot and better cooling/heating in Property 2 are significant. But the bedroom and bathroom count are critical — 4 beds and  | Despite the older age, Property 2 has better cooling and heating, and a much larger lot. But the bedroom/bathroom advantage in Property 1 is substantial and directly impacts market value. | After weighing all features, Property 1 has a stronger overall profile in key interior and spatial features"
71,True,final_decision,True,1,,0,CHOICE: 1
72,False,feature_reading,True,4,"heating,parkingType,type",3,"Let's think step by step: | - Type: Both are Single Family Residences — equal | - Heating: Both have Forced Air and Natural Gas — equal | - Parking: Both have ""unknown"" — cannot compare, so no advantage"
72,False,pairwise_comparison,True,5,"bathrooms,bedrooms,cooling,lot,yearBuilt",5,- Bedrooms: Property 1 has 3 vs Property 2's 2 (+1 for P1) | - Bathrooms: Property 1 has 1 vs Property 2's 2 (+1 for P2) | - Lot size: Property 2 has 7200 sqft vs Property 1's 3600 sqft (+3600 for P2) | - Year built: Property 1 is 35 years older than Property 2 (1910 vs 1945) | - Cooling: Property 1 has Central Air and Electric; Property 2 has Central Air only — Property 1 has an additional electric cooling advantage
72,False,weighing_aggregation,True,2,"bathrooms,bedrooms,cooling,lot,yearBuilt",5,"Key comparison: Property 1 has one more bedroom but one fewer bathroom. Property 2 has a much larger lot (double the size) and better cooling (central air only, but Property 1 has both central and ele | REASON: Property 2 has a significantly larger lot (double the size), which is a major value driver in single-family homes, and despite having fewer bedrooms and bathrooms, the lot size and modern cool"
72,False,final_decision,True,1,,0,CHOICE: 2
73,False,feature_reading,True,5,"cooling,heating,parkingType,type",4,"Let's think step by step: | - Type: Both are Single Family – equal | - Heating: Both list ""Other"" and Property 2 adds ""Gas"" – this is a minor advantage for P2, but not significant without context | - Cooling: Both have Central – equal | - Parking: Both list ""unknown"" – cannot compare, so no advantage"
73,False,pairwise_comparison,True,4,"bathrooms,bedrooms,lot,yearBuilt",4,"- Bedrooms: Property 1 has 3 vs Property 2's 2 (+1 for P1) | - Bathrooms: Property 1 has 3 vs Property 2's 2 (+1 for P1) | - Lot size: Property 1 has 9099 sqft vs Property 2's 0.49 acres (≈23,400 sqft) – Property 2 has a much larger lot (+23,400 sqft for P2) | - Age: Property 2 is built in 1949 (15 years earlier than P1's 1964) – P2 is older, which may imply more wear, but in a market where newer homes are valued for modern features, this is a disadvantage"
73,False,weighing_aggregation,True,2,"bathrooms,bedrooms,lot,yearBuilt",4,"Key comparison: Property 1 has more bedrooms and bathrooms, which are strong value drivers. However, Property 2 has a significantly larger lot (23,400 sqft vs 9,099 sqft), which is a major advantage i | REASON: Property 2 has a much larger lot (0.49 acres vs 9099 sqft), which significantly increases land value, and despite being older, the larger lot and more outdoor space outweigh the fewer bedrooms"
73,False,final_decision,True,1,,0,CHOICE: 2
74,False,feature_reading,True,4,"heating,parkingType,type",3,"Let's think step by step: | - Type: Both are Single Family Residences — equal | - Heating: Both have Forced Air with Natural Gas — equal | - Parking: Both have ""unknown"" — cannot compare"
74,False,pairwise_comparison,True,5,"bathrooms,bedrooms,cooling,lot,yearBuilt",5,"- Bedrooms: Property 1 has 6 vs Property 2's 3 (+3 for P1) | - Bathrooms: Property 1 has 4 vs Property 2's 3 (+1 for P1) | - Lot size: Property 1 has 5549 sqft vs Property 2's 1292 sqft (+4257 sqft for P1) | - Age: Property 1 is 24 years older than Property 2 (1917 vs 1941) — older age is a disadvantage | - Cooling: Property 1 has Central Air; Property 2 has Central Air and Electric — both have central cooling, but Property 1 has only Central Air (no electric), which is slightly less modern, but"
74,False,weighing_aggregation,True,1,"bathrooms,bedrooms,cooling,lot,yearBuilt",5,"Key advantages: Property 1 has significantly more bedrooms, bathrooms, and lot size — all major drivers of value in residential real estate. The age disadvantage is offset by the substantial size and "
74,False,final_decision,True,1,,0,CHOICE: 1
75,False,feature_reading,True,5,"cooling,heating,parkingType,type",4,"Let's think step by step: | - Type: Both are Single Family Residences – equal | - Heating: Both have Forced Air and Natural Gas – equal | - Cooling: Both have Central Air – equal | - Parking: Both listed as ""unknown"" – no comparative advantage"
75,False,pairwise_comparison,True,4,"bathrooms,bedrooms,lot,yearBuilt",4,- Bedrooms: Property 1 has 4 vs Property 2's 3 (+1 for P1) | - Bathrooms: Property 1 has 3 vs Property 2's 2 (+1 for P1) | - Lot size: Property 2 has 1.02 acres vs Property 1's 0.28 acres (+0.74 acres for P2) | - Year built: Property 2 is 8 years newer than Property 1
75,False,weighing_aggregation,True,2,"bathrooms,bedrooms,lot,yearBuilt",4,"Key considerations: Property 1 has more bedrooms and bathrooms, which are strong drivers of value in single-family homes. However, Property 2 has a significantly larger lot (over 3 times larger in acr | REASON: Property 1 has more bedrooms and bathrooms, but Property 2 has a much larger lot and is newer, which significantly increases its market value in a residential market where land and recent cons"
75,False,final_decision,True,1,,0,CHOICE: 2
76,False,feature_reading,True,4,"bedrooms,cooling,type",3,"Let's think step by step: | - Type: Both are Single Family – equal | - Bedrooms: Both have 2 – equal | - Cooling: Both have ""unknown"" – no comparative advantage"
76,False,pairwise_comparison,True,4,"bathrooms,heating,lot,yearBuilt",4,"- Bathrooms: Property 1 has 2 vs Property 2 has 1 – +1 bath for Property 1 | - Lot size: Property 1 has 3898 sqft vs Property 2 has 1999 sqft – +1900 sqft for Property 1 | - Year built: Property 2 is built 30 years earlier (1890 vs 1920) – older, which generally implies more wear and less modern features | - Heating: Property 1 has ""Other"" vs Property 2 has ""Forced air"" – ""Other"" is less specific and potentially less desirable; forced air is a standard, known system"
76,False,weighing_aggregation,True,2,"bathrooms,cooling,heating,lot,parkingType,yearBuilt",6,"The key advantages go to Property 1: more bathrooms and larger lot size. While Property 2 is older, the lack of cooling and parking details makes those features neutral. The presence of a full bathroo | REASON: Property 1 has more bathrooms and a significantly larger lot size, both of which are strong value drivers in residential property valuation. The older age of Property 2 is offset by these stru"
76,False,final_decision,True,1,,0,CHOICE: 1
77,True,feature_reading,True,4,"bedrooms,parkingType,type",3,"Let's think step by step: | - Type: Both are Single Family – equal | - Bedrooms: Both have 4 – equal | - Parking: Both have ""unknown"" – no comparative advantage"
77,True,pairwise_comparison,True,5,"bathrooms,cooling,heating,lot,yearBuilt",5,"- Bathrooms: Property 1 has 3 vs Property 2 has 2 (+1 for P1) | - Lot size: Property 2 has 10,349 sqft vs Property 1 has 6,225 sqft (+4,124 sqft for P2) | - Year built: Property 2 is 30 years older (1897 vs 1927) – this is a disadvantage for P2 | - Heating: Property 1 has Radiant, Gas (more modern and efficient than ""Other"") – advantage for P1 | - Cooling: Property 1 has Wall AC (less desirable than Central AC) – disadvantage for P1"
77,True,weighing_aggregation,True,3,"bathrooms,cooling,heating,lot,yearBuilt",5,"Key comparison: Property 1 has one more bathroom and better heating, but worse cooling. Property 2 has a much larger lot and is older, which is a disadvantage in terms of structural age and modern fea | However, in real estate valuation, newer homes often command higher prices due to updated systems and construction quality. Property 2 is older (1897), which may imply outdated systems despite having  | After careful comparison: Property 1 has better heating, more bathrooms, and is not as old. Th"
77,True,final_decision,True,1,,0,CHOICE: 1
78,False,feature_reading,True,6,"bathrooms,cooling,heating,parkingType,type",5,"Let's think step by step: | - Type: Both are Single Family Residences – equal | - Bathrooms: Both have 2 – equal | - Heating: Both have Forced Air with Natural Gas – equal | - Cooling: Both have Central Air – equal | - Parking: Both have ""unknown"" – cannot compare, so no advantage"
78,False,pairwise_comparison,True,3,"bedrooms,lot,yearBuilt",3,- Bedrooms: Property 1 has 3 vs Property 2's 2 (+1 for P1) | - Lot size: Property 2 has 4965 sqft vs Property 1's 3149 sqft (+1816 sqft for P2) | - Year built: Property 1 is 10 years earlier (1930 vs 1940) – P2 is newer
78,False,weighing_aggregation,True,2,"bedrooms,lot,yearBuilt",3,"Key comparison: Property 1 has one more bedroom, which is a significant factor in value. Property 2 has a much larger lot (over 1800 sqft larger), which is also valuable. However, in a market where be | REASON: Property 1 has one more bedroom and is only 10 years older than Property 2, giving it a stronger advantage in livable space and appeal. The larger lot of Property 2 is offset by the bedroom ad"
78,False,final_decision,True,1,,0,CHOICE: 1
79,True,feature_reading,True,3,"parkingType,type",2,"Let's think step by step: | - Type: Both are Single Family Residences — equal | - Parking: Both have ""unknown"" — no comparative advantage"
79,True,pairwise_comparison,True,6,"bathrooms,bedrooms,cooling,heating,lot,yearBuilt",6,"- Bedrooms: Property 1 has 6 vs Property 2's 4 (+2 for P1) | - Bathrooms: Property 1 has 4 vs Property 2's 3 (+1 for P1) | - Lot: Property 1 has 0.39 acres (≈2000 sqft) vs Property 2's 6534 sqft (+4500 sqft for P2) | - Age: Property 2 is built in 2016 (36 years newer) vs Property 1 in 1880 — P2 is modern and newer | - Heating: Property 1 has Steam and Electric Baseboard (outdated, less efficient) vs Property 2 has Forced Air with Natural Gas and ENERGY STAR Qualified Equipment (modern, efficient"
79,True,weighing_aggregation,True,2,"bathrooms,bedrooms,cooling,heating,lot,yearBuilt",6,"Key considerations: Property 1 has significantly more bedrooms and bathrooms, which are major value drivers in residential real estate. However, Property 2 has a much larger lot, modern heating and co | REASON: Property 1 has more bedrooms and bathrooms, which are major value drivers, despite being older and having outdated cooling and heating. Property 2 has modern, efficient systems and a larger lo"
79,True,final_decision,True,1,,0,CHOICE: 1
80,False,feature_reading,True,5,"cooling,heating,parkingType,type",4,"Let's think step by step: | - Type: Both are Single Family Residences – equal | - Heating: Both have Forced Air and Natural Gas – equal | - Cooling: Both have Central Air – equal | - Parking: Both have ""unknown"" – no comparative advantage"
80,False,pairwise_comparison,True,4,"bathrooms,bedrooms,lot,yearBuilt",4,- Bedrooms: Property 1 has 4 vs Property 2's 3 (+1 for P1) | - Bathrooms: Property 1 has 3 vs Property 2's 4 (+1 for P2) | - Lot size: Property 1 has 0.43 Acres vs Property 2's 0.33 Acres (+0.10 Acres for P1) | - Year built: Property 1 is 25 years older than Property 2 (1950 vs 1975)
80,False,weighing_aggregation,True,2,"bathrooms,bedrooms,lot,yearBuilt",4,"Key comparison: Property 1 has one more bedroom, one fewer bathroom, but a larger lot (0.10 acres more). The age difference is significant — Property 2 is newer, which may imply better maintenance or  | Despite being older, Property 1 has more bedrooms and a larger lot — both key drivers of value. The age disadvantage is offset by superior bedroom count and lot size."
80,False,final_decision,True,1,,0,CHOICE: 1
81,False,feature_reading,True,5,"cooling,parkingType,type",3,"Let's think step by step: | - Type: Both are Single Family Residences — equal | - Cooling: Both have Window Unit(s) — equal | - Parking: Both have ""unknown"" — no comparative advantage | Key considerations:"
81,False,pairwise_comparison,True,10,"bathrooms,bedrooms,heating,lot,yearBuilt",5,"- Bedrooms: Property 2 has 4 vs Property 1's 3 (+1 for P2) | - Bathrooms: Property 1 has 3 vs Property 2's 2 (+1 for P1) | - Lot size: Property 1 has 8712 sqft vs Property 2's 6098 sqft (+2614 sqft for P1) | - Year built: Property 1 is 17 years older than Property 2 (1950 vs 1967) | - Heating: Property 2 has Natural Gas + Baseboard (more modern and efficient) vs Property 1's Baseboard only (less efficient) | - Property 2 has one more bedroom, which is a strong value driver. | - Property 1 has mo"
81,False,weighing_aggregation,True,1,"bedrooms,heating,lot,yearBuilt",4,"Despite the larger lot, the advantages in bedroom count, better heating, and modern construction (newer year built) favor Property 2."
81,False,final_decision,True,1,,0,CHOICE: 2
82,False,feature_reading,True,5,"bedrooms,cooling,parkingType,type",4,"Let's think step by step: | - Type: Both are Single Family – equal | - Bedrooms: Both have 3 – equal | - Cooling: Both have Central – equal | - Parking: Both listed as ""unknown"" – no comparative advantage"
82,False,pairwise_comparison,True,4,"bathrooms,heating,lot,yearBuilt",4,"- Bathrooms: Property 2 has 3 vs Property 1's 2 (+1 for P2) | - Lot size: Property 2 has 3497 sqft vs Property 1's 3449 sqft (+48 sqft for P2) – very slight advantage for P2 | - Year Built: Property 2 is 1915 vs Property 1's 1951 – Property 2 is 36 years older, so older structure (a disadvantage) | - Heating: Property 2 has ""Other, Gas"" vs Property 1's ""Other"" – gas heating is generally more efficient and desirable than ""Other"" (which is less specified), so P2 has a clear advantage"
82,False,weighing_aggregation,True,2,"bathrooms,cooling,heating,lot,type,yearBuilt",6,"Key differentiators: Property 2 has one more bathroom and better heating (gas), which are significant value drivers in residential real estate. The slight lot size advantage is negligible. The older a | REASON: Property 2 has one more bathroom and gas heating, both of which are strong value drivers in a market where central cooling and single-family type are shared. The heating advantage is particula"
82,False,final_decision,True,1,,0,CHOICE: 2
83,False,feature_reading,True,5,"bathrooms,heating,parkingType,type",4,"Let's think step by step: | - Type: Both are Single Family Residences — equal | - Bathrooms: Both have 3 — equal | - Heating: Both use Forced Air with Natural Gas — equal | - Parking: Both have ""unknown"" — cannot compare, so no advantage"
83,False,pairwise_comparison,True,4,"bedrooms,cooling,lot,yearBuilt",4,- Bedrooms: Property 1 has 4 vs 3 (+1 for P1) | - Lot size: Property 1 has 0.39 Acres vs 0.31 Acres (+0.08 Acres for P1) | - Year built: Property 1 is 21 years older (1966 vs 1987) — P2 is newer | - Cooling: Property 1 has Central Air only; Property 2 has Central Air and Electric — P2 has an additional cooling option
83,False,weighing_aggregation,True,2,"bedrooms,cooling,heating,lot,parkingType,yearBuilt",6,"Key comparison: Property 1 has one more bedroom and a larger lot, which are significant value drivers in residential real estate. While Property 2 has a modern cooling option (electric), the absence o | REASON: Property 1 has more bedrooms and a larger lot, which are key drivers of value in single-family homes. The cooling advantage of Property 2 is minor compared to these structural benefits."
83,False,final_decision,True,1,,0,CHOICE: 1
84,False,feature_reading,True,5,"cooling,heating,parkingType,type",4,"Let's think step by step: | - Type: Both are Single Family Residences – equal | - Heating: Both have Natural Gas – equal | - Cooling: Both have Central Air – equal | - Parking: Both have ""unknown"" – no comparative advantage"
84,False,pairwise_comparison,True,4,"bathrooms,bedrooms,lot,yearBuilt",4,- Year Built: Property 2 (1930) is 25 years older than Property 1 (1955) – Property 1 is newer | - Bedrooms: Property 2 has 5 vs Property 1's 4 (+1 for P2) | - Bathrooms: Property 2 has 5 vs Property 1's 4 (+1 for P2) | - Lot Size: Property 2 has 8176 sqft vs Property 1's 6060 sqft (+2116 sqft for P2)
84,False,weighing_aggregation,True,1,"bathrooms,bedrooms,lot,yearBuilt",4,"The key advantages for Property 2 are one more bedroom, one more bathroom, and a significantly larger lot. Although Property 1 is newer, the additional square footage and more bedrooms/bathrooms provi"
84,False,final_decision,True,1,,0,CHOICE: 2
85,False,feature_reading,True,7,"bathrooms,bedrooms,heating,parkingType,type,yearBuilt",6,"Let's think step by step: | - Type: Both are Single Family Residences – equal | - Year Built: Both built in 1955 – equal | - Bedrooms: Both have 3 bedrooms – equal | - Bathrooms: Both have 2 bathrooms – equal | - Heating: Both have Forced Air and Natural Gas – equal | - Parking: Both have ""unknown"" – cannot compare, so no advantage"
85,False,pairwise_comparison,True,3,"cooling,lot",2,"- Lot Size: Property 1 has 8820 sqft vs Property 2's 6067 sqft – Property 1 has a larger lot (+2753 sqft) | - Cooling: Property 1 has Central Air and Electric; Property 2 has only Central Air – Property 1 has electric cooling as an added feature | The key differentiators are lot size and cooling. Property 1 has a significantly larger lot and includes electric cooling, which adds value in a market where energy efficiency and modern comfort are v"
85,False,weighing_aggregation,True,1,"cooling,lot",2,"REASON: Property 1 has a larger lot and includes electric cooling, both of which increase market value in a comparable market."
85,False,final_decision,True,1,,0,CHOICE: 1
86,False,feature_reading,True,5,"bathrooms,bedrooms,parkingType,type",4,"Let's think step by step: | - Type: Both are Single Family (same category) | - Bedrooms: Both have 3 bedrooms (equal) | - Bathrooms: Both have 2 bathrooms (equal) | - Parking: Both have ""unknown"" — no comparative advantage"
86,False,pairwise_comparison,True,4,"cooling,heating,lot,yearBuilt",4,"- Lot size: Property 1 has 7152 sqft vs Property 2's 2877 sqft (+4275 sqft for Property 1) | - Year built: Property 1 is 27 years older (1952 vs 1979) | - Heating: Property 1 has ""Other, Gas"" vs Property 2 has ""Forced Air, Natural Gas"" — both use gas, but Property 2 specifies ""Forced Air"" which is common and reliable; Property 1's ""Other"" is less spec | - Cooling: Property 1 has ""Central"" vs Property 2 has ""Central Air"" — both are central cooling, so equivalent"
86,False,weighing_aggregation,True,2,"cooling,heating,lot,type,yearBuilt",5,"The key differentiator is lot size: Property 1 has a significantly larger lot (over double), which is a major value driver in residential real estate. While Property 2 is newer, the age difference is  | REASON: Property 1 has a much larger lot size, which significantly increases value in this market, outweighing the age difference and less specific heating information."
86,False,final_decision,True,1,,0,CHOICE: 1
87,False,feature_reading,True,7,"cooling,heating,lot,parkingType,type,yearBuilt",6,"Let's think step by step: | - Type: Both are Single Family Residences – equal | - Year Built: Both built in 1920 – equal | - Lot Size: Both have approximately 3000 sqft (P1: 3001, P2: 3000) – nearly identical | - Heating: Both have Forced Air with Natural Gas – equal | - Cooling: Both have Central Air with Electric – equal | - Parking: Both have ""unknown"" – cannot compare, so no advantage"
87,False,pairwise_comparison,True,2,"bathrooms,bedrooms",2,- Bedrooms: Property 1 has 4 vs Property 2 has 5 (+1 for P2) | - Bathrooms: Property 1 has 2 vs Property 2 has 1 (+1 for P1)
87,False,weighing_aggregation,True,2,"bathrooms,bedrooms,cooling,heating,lot,yearBuilt",6,"Key comparison: Property 2 has one more bedroom, which is a significant factor in home value. While Property 1 has one more bathroom, the bedroom count is generally more impactful in residential valua | REASON: Property 2 has one more bedroom, which is a key driver of value in single-family homes, despite having fewer bathrooms. The lot size and age are nearly identical, and other features are equal."
87,False,final_decision,True,1,,0,CHOICE: 2
88,False,feature_reading,True,5,"bathrooms,parkingType,type",3,"Let's think step by step: | - Type: Both are Single Family Residences – equal | - Bathrooms: Both have 2 – equal | - Parking: Both have ""unknown"" – cannot compare | Key advantages:"
88,False,pairwise_comparison,True,5,"bedrooms,cooling,heating,lot,yearBuilt",5,"- Bedrooms: Property 2 has 4 vs Property 1's 3 (+1 for P2) | - Lot size: Property 1 has 6751 sqft vs Property 2's 3898 sqft (+2853 for P1) | - Age: Property 1 is built in 1951 vs Property 2 in 1925 – Property 2 is 26 years older (older homes may have more wear, but in this market, age is not a direct value driver unless it affects systems) | - Heating: Property 1 has Forced Air, Natural Gas; Property 2 has Hot Water, Natural Gas – Hot Water is less common and may have higher maintenance, but bot"
88,False,weighing_aggregation,True,2,"bedrooms,cooling,lot,yearBuilt",4,"Property 2 has one more bedroom, which is a significant factor in value. However, Property 1 has a much larger lot (over 2800 sqft larger), which adds value in a market where outdoor space matters. Ce | REASON: Property 1 has a larger lot and central air, which are significant value drivers in this market. Property 2 has more bedrooms but a smaller lot and less effective cooling. The structural and c"
88,False,final_decision,True,1,,0,CHOICE: 1
89,False,feature_reading,True,5,"bathrooms,heating,parkingType,type",4,"Let's think step by step: | - Type: Both are Single Family Residences — equal | - Bathrooms: Both have 2 — equal | - Heating: Both use Natural Gas — equal | - Parking: Both have ""unknown"" — cannot compare, so no advantage"
89,False,pairwise_comparison,True,4,"bedrooms,cooling,lot,yearBuilt",4,- Bedrooms: Property 2 has 4 vs Property 1's 3 (+1 for P2) | - Lot size: Property 1 has 0.31 acres (≈1300 sqft) vs Property 2's 4499 sqft — Property 2 has significantly more lot area (+3199 sqft) | - Age: Property 2 is 5 years newer (1945 vs 1950) — slight advantage for P2 | - Cooling: Property 1 has Central Air vs Property 2's Window A/C — Central Air is a major advantage for P1 in comfort and efficiency
89,False,weighing_aggregation,True,2,"bedrooms,cooling,lot",3,"Key comparison: Property 2 has more bedrooms and a much larger lot, which are strong value drivers. However, Property 1 has Central Air, which is a significant upgrade over Window A/C, especially in a | REASON: Property 1 has Central Air, a major comfort and efficiency advantage over Window A/C, while Property 2 has more bedrooms and a much larger lot. However, the cooling system is a critical differ"
89,False,final_decision,True,1,,0,CHOICE: 1
90,False,feature_reading,True,3,"parkingType,type",2,"Let's think step by step: | - Type: Both are Single Family Residences — equal | - Parking: Both have ""unknown"" — cannot compare"
90,False,pairwise_comparison,True,6,"bathrooms,bedrooms,cooling,heating,lot,yearBuilt",6,"- Bedrooms: Property 2 has 4 vs Property 1's 3 (+1 for P2) | - Bathrooms: Property 1 has 3 vs Property 2's 2 (+1 for P1) | - Lot size: Property 2 has 0.9 acres vs Property 1's 0.01 acres — this is a massive advantage for P2 (90x larger lot) | - Age: Property 1 is 12 years older than Property 2 (1938 vs 1950) — P2 is newer | - Heating: Both use Natural Gas; Property 1 has Hot Water, Property 2 has Forced Air — Hot Water is generally more efficient and modern, but both are acceptable; no clear adv"
90,False,weighing_aggregation,True,2,"bathrooms,bedrooms,cooling,lot",4,"Key advantages: Property 2 has more bedrooms (4 vs 3), a much larger lot (90x), and central air (more desirable cooling). Property 1 has more bathrooms (3 vs 2), but this is less impactful than lot si | REASON: Property 2 has more bedrooms, a vastly larger lot, and central air cooling, which are major value drivers in the market. The lot size advantage is particularly significant given the 90x differ"
90,False,final_decision,True,1,,0,CHOICE: 2
91,False,feature_reading,False,0,,0,
91,False,pairwise_comparison,False,0,,0,
91,False,weighing_aggregation,True,1,"bathrooms,bedrooms,cooling,heating,lot,parkingType,yearBuilt",7,"REASON: Both properties have the same number of bedrooms and bathrooms, and both are single-family homes. Property 1 has a significantly larger lot (9000 sqft vs 5087 sqft), which is a key value drive"
91,False,final_decision,True,1,,0,CHOICE: 1
92,False,feature_reading,True,6,"bathrooms,bedrooms,cooling,heating,parkingType,type",6,"Let's think step by step: | - Type: Property 1 is a Single Family Residence, Property 2 is a Townhouse. Single-family homes typically command higher values than townhouses in the same market due to greater privacy, space, and pe | - Bedrooms: Both have 3 bedrooms — equal. | - Bathrooms: Both have 3 bathrooms — equal. | - Heating and Cooling: Both have Forced Air with Natural Gas and Central Air — equal. | - Parking: Both have Open Parking — equal."
92,False,pairwise_comparison,True,2,"lot,type,yearBuilt",3,"- Year Built: Property 1 was built in 1900, Property 2 in 1919. Property 2 is 19 years newer, which is a minor advantage, but not enough to offset the type difference. | - Lot Size: Property 1 has 2617 sqft vs Property 2's 988 sqft — Property 1 has a significantly larger lot (over 2.6x bigger), which is a major value driver in residential real estate."
92,False,weighing_aggregation,True,1,"lot,type,yearBuilt",3,"REASON: Property 1 is a single-family home with a much larger lot, which provides greater living space and value potential. Although Property 2 is slightly newer, the type and lot size advantages stro"
92,False,final_decision,True,1,,0,CHOICE: 1
93,False,feature_reading,True,4,"bedrooms,parkingType,type",3,"Let's think step by step: | - Type: Both are Single Family Residences – equal | - Bedrooms: Both have 3 bedrooms – equal | - Parking: Both have ""unknown"" – cannot compare, so no advantage"
93,False,pairwise_comparison,True,5,"bathrooms,cooling,heating,lot,yearBuilt",5,"- Bathrooms: Property 1 has 2 vs Property 2 has 1 – +1 bath for Property 1 | - Lot size: Property 1 has 10,598 sqft vs Property 2 has 4,399 sqft – +6,199 sqft for Property 1 | - Year built: Property 1 is 1956 vs Property 2 is 1940 – Property 2 is 16 years older (older = less desirable in value) | - Heating: Property 1 has Natural Gas (common and efficient) vs Property 2 has Hot Water (less common, potentially less efficient and more costly to maintain) | - Cooling: Property 1 has Central Air (mo"
93,False,weighing_aggregation,True,1,"bathrooms,cooling,heating,lot,yearBuilt",5,"Key advantages: Property 1 has more bathrooms, significantly larger lot, better cooling (central air), and modern heating (natural gas). Property 2 is older and has window AC, which is less desirable."
93,False,final_decision,True,1,,0,CHOICE: 1
94,False,feature_reading,True,6,"bathrooms,cooling,heating,parkingType,type",5,"Let's think step by step: | - Type: Both are Single Family Residences – equal | - Bathrooms: Both have 2 – equal | - Heating: Both use Natural Gas – equal | - Cooling: Both have Central Air – equal | - Parking: Both listed as ""unknown"" – no comparative advantage"
94,False,pairwise_comparison,True,3,"bedrooms,lot,yearBuilt",3,"- Year Built: Property 2 (1953) is 3 years newer than Property 1 (1956) – slight advantage for P2 | - Bedrooms: Property 1 has 3 vs 2 – +1 bedroom for P1 | - Lot Size: Property 1 has 10,598 sqft vs Property 2's 8,123 sqft – +2,475 sqft for P1"
94,False,weighing_aggregation,True,2,"bedrooms,lot,parkingType,yearBuilt",4,"Key advantages: Property 1 has more bedrooms and a significantly larger lot. While Property 2 is slightly newer, the bedroom and lot size advantages are substantial in residential valuation. The lack  | REASON: Property 1 has one more bedroom and a much larger lot, which are significant value drivers in a single-family home. The slight age advantage of Property 2 is outweighed by these structural and"
94,False,final_decision,True,1,,0,CHOICE: 1
95,False,feature_reading,True,4,"cooling,heating,type",3,"Let's think step by step: | - Type: Both are Single Family Residences — equal | - Heating: Both use Natural Gas; Property 2 adds Steam heating — steam heating is outdated and less efficient, potentially reducing value | - Cooling: Both listed as ""unknown"" — cannot compare, so neutral"
95,False,pairwise_comparison,True,4,"bathrooms,bedrooms,lot,yearBuilt",4,"- Year Built: Property 2 (1885) is 35 years older than Property 1 (1920) — Property 2 is older, which may indicate more wear, but older homes can have unique features or historical value; however, in  | - Bedrooms: Property 2 has 5 vs Property 1's 4 (+1 for P2) | - Bathrooms: Property 1 has 3 vs Property 2's 2 (+1 for P1) | - Lot Size: Property 1 has 3990 sqft vs Property 2's 2330 sqft (+1660 sqft for P1)"
95,False,weighing_aggregation,True,1,"bathrooms,bedrooms,heating,lot",4,"Key comparison: Property 2 has one more bedroom but fewer bathrooms and a smaller lot. Property 1 has a larger lot and more bathrooms. While Property 2 has more bedrooms, the lot size and bathroom cou"
95,False,final_decision,True,1,,0,CHOICE: 1
96,False,feature_reading,True,6,"bathrooms,bedrooms,cooling,parkingType,type",5,"Let's think step by step: | - Type: Both are Single Family Residences — equal | - Bedrooms: Both have 3 bedrooms — equal | - Bathrooms: Both have 2 bathrooms — equal | - Cooling: Both have Central Air — equal | - Parking: Both have ""unknown"" — cannot compare, so no advantage"
96,False,pairwise_comparison,True,3,"heating,lot,yearBuilt",3,"- Lot size: Property 1 has 10,362 sqft vs Property 2's 7,165 sqft — Property 1 has a significantly larger lot (+3,197 sqft) | - Year built: Property 1 was built in 1953 vs Property 2 in 1960 — Property 1 is 7 years older (so Property 2 is newer) | - Heating: Property 1 has Forced Air + Natural Gas; Property 2 has only Natural Gas — Property 1 has a more modern and efficient heating system (Forced Air is generally more common and efficient than "
96,False,weighing_aggregation,True,1,"heating,lot,yearBuilt",3,"The key differentiators are lot size and heating system. Property 1 has a much larger lot, which is a significant value driver in residential real estate, and a more modern heating system (Forced Air "
96,False,final_decision,True,1,,0,CHOICE: 1
97,False,feature_reading,True,4,"heating,parkingType,type",3,"Let's think step by step: | - Type: Both are Single Family Residences – equal | - Heating: Both have Forced Air and Natural Gas – equal | - Parking: Both have ""unknown"" – cannot compare, so no advantage"
97,False,pairwise_comparison,True,5,"bathrooms,bedrooms,cooling,lot,yearBuilt",5,- Bedrooms: Property 1 has 4 vs Property 2's 3 (+1 for P1) | - Bathrooms: Property 1 has 3 vs Property 2's 2 (+1 for P1) | - Lot size: Property 2 has 3600 sqft vs Property 1's 3301 sqft (+300 sqft for P2) | - Year built: Property 1 is 9 years older (1911 vs 1920) – P2 is newer | - Cooling: Property 1 has Central Air and Electric; Property 2 has only Central Air – Property 1 has an additional electric cooling advantage
97,False,weighing_aggregation,True,2,"bathrooms,bedrooms,cooling,lot,yearBuilt",5,"Key advantages: Property 1 has more bedrooms, more bathrooms, and better cooling (electric central air). Property 2 has a slightly larger lot and is newer. However, the bedroom and bathroom count are  | REASON: Property 1 has more bedrooms, more bathrooms, and superior cooling (central air with electric), which are strong value drivers in a market where modern amenities and space matter. The lot size"
97,False,final_decision,True,1,,0,CHOICE: 1
98,False,feature_reading,True,5,"cooling,heating,parkingType,type",4,"Let's think step by step: | - Type: Both are Single Family Residences – equal | - Heating: Both have Forced Air and Natural Gas – equal | - Cooling: Both listed as ""unknown"" – cannot compare, so no advantage | - Parking: Both listed as ""unknown"" – cannot compare, so no advantage"
98,False,pairwise_comparison,True,4,"bathrooms,bedrooms,lot,yearBuilt",4,"- Year Built: Property 2 is built one year later (1940 vs 1941) – minimal difference, favors Property 2 slightly | - Bedrooms: Property 2 has 4 vs 3 (+1 for P2) | - Bathrooms: Property 2 has 2 vs 1 (+1 for P2) | - Lot Size: Property 1 has 9535 sqft vs Property 2's 5179 sqft (+4356 sqft for P1)"
98,False,weighing_aggregation,True,2,"bathrooms,bedrooms,lot",3,"Key features: Property 2 has more bedrooms and bathrooms, which are strong indicators of value in residential properties. However, Property 1 has a significantly larger lot (over 4300 sqft more), whic | REASON: Property 1 has a much larger lot size, which significantly increases value in single-family homes, despite having fewer bedrooms and bathrooms. The lot size advantage outweighs the bedroom and"
98,False,final_decision,True,1,,0,CHOICE: 1
99,True,feature_reading,True,3,"parkingType,type",2,"Let's think step by step: | - Type: Both are Single Family Residences – equal | - Parking: Both have ""unknown"" – no comparative advantage"
99,True,pairwise_comparison,True,6,"bathrooms,bedrooms,cooling,heating,lot,yearBuilt",6,"- Year Built: Property 2 is 1 year newer than Property 1 – slight advantage to P2 | - Bedrooms: Property 1 has 4 vs 3 (+1 for P1) | - Bathrooms: Property 1 has 2 vs 1 (+1 for P1) | - Lot Size: Property 2 has 1.5 acres (≈6,480 sqft) vs Property 1’s 6,900 sqft – Property 1 has slightly larger lot (6,900 vs 6,480) | - Heating: Both use Natural Gas; Property 1 has Hot Water, Property 2 has Forced Air – Hot Water is generally considered a premium feature, especially in older homes, so P1 has a slight"
99,True,weighing_aggregation,True,2,"bathrooms,bedrooms,cooling,heating,lot,yearBuilt",6,"Key comparison: Property 1 has more bedrooms and bathrooms, and a slightly larger lot. Property 2 has central air, which is a major value driver in residential real estate, especially in a 1920s home  | REASON: Property 1 has more bedrooms, more bathrooms, and superior heating (hot water), while Property 2 has central air, which is valuable, but the structural and interior space advantages favor Prop"
99,True,final_decision,True,1,,0,CHOICE: 1
