zpid_1,zpid_2,zipcode_1,year_month.y_1,zestimate_linear_1,interval_range_linear_1,type_1,yearBuilt_1,bathrooms_1,bedrooms_1,lot_1,lotUnit_1,heating_1,cooling_1,parkingType_1,price.y_1,zipcode_2,year_month.y_2,zestimate_linear_2,interval_range_linear_2,type_2,yearBuilt_2,bathrooms_2,bedrooms_2,lot_2,lotUnit_2,heating_2,cooling_2,parkingType_2,price.y_2,pred_choice,model_text,true_choice,correct,price_ratio,difficulty,bedrooms_diff,bathrooms_diff,year_diff,lot_diff,feature_profile,is_correct
11472360,11509807,15241,2021/6/1,538823.9091,25.54545455,"Single Family Residence, Residential",1940,5,5,0.65,Acres,"Hot Water, Natural Gas","Central Air, Electric",unknown,690000.0,15241,2021/6/1,539758.4,24.73333333,"Single Family Residence, Residential",1972,3,3,0.43,Acres,"Forced Air, Natural Gas",Central Air,unknown,536000.0,1.0,"Let's think step by step:

- Type: Both are Single Family Residence → equal
- Bedrooms: Property 1 has 5 vs Property 2 has 3 → +2 bedrooms for Property 1
- Bathrooms: Property 1 has 5 vs Property 2 has 3 → +2 bathrooms for Property 1
- Lot size: Property 1 has 0.65 Acres vs Property 2 has 0.43 Acres → +0.22 Acres for Property 1 (a significant advantage)
- Year Built: Property 1 is 1940 vs Property 2 is 1972 → Property 1 is 32 years older → older age is a disadvantage
- Heating: Property 1 has Hot Water + Natural Gas vs Property 2 has Forced Air + Natural Gas → Hot Water is generally considered a higher-end, more efficient system than Forced Air → advantage for Property 1
- Cooling: Property 1 has Central Air + Electric vs Property 2 has Central Air → both have Central Air, so equal; Property 1 has an additional electric component (no disadvantage)
- Parking: Both have ""unknown"" → cannot compare → no advantage/disadvantage

Now, comparing the key value drivers:
- More bedrooms and bathrooms → clearly favor Property 1
- Larger lot → clearly favors Property 1
- Better heating system (Hot Water) → favors Property 1
- Older age → a disadvantage for Property 1, but in a market where newer homes are not necessarily more valuable if they lack key features, the superior size and amenities outweigh the age

Even though Property 1 is older, the combination of more bedrooms, more bathrooms, larger lot, and better heating system significantly increases its appeal and market value in a comparable market.

Property 2 has fewer rooms, smaller lot, and less modern heating — despite having central air, it lacks the key features that drive value in a single-family home.

CHOICE: 1",1.0,True,0.2873134328358209,hard,2,2,-32,0.22000000000000003,mixed,True
11510849,11511087,15212,2020/7/1,154216.3333,49.33333333,SingleFamily,1880,2,2,0.7,Acres,Other,unknown,unknown,240000.0,15212,2020/7/1,128063.3333,33.11111111,SingleFamily,1930,2,3,5401.0,sqft,Other,unknown,unknown,190126.0,1.0,"Let's think step by step:

- Type: Both are Single Family → equal
- Bedrooms: Property 2 has 3 beds vs Property 1 has 2 beds → +1 bedroom for Property 2
- Bathrooms: Both have 2 bathrooms → equal
- Lot size: Property 1 has 0.7 Acres. Convert to sqft: 0.7 × 43,560 = 30,492 sqft. Property 2 has 5,401 sqft.  
  → Property 1 has a lot of 30,492 sqft vs Property 2's 5,401 sqft → Property 1 has a much larger lot (over 5x larger)
- Year Built: Property 1 is 1880, Property 2 is 1930 → Property 2 is 50 years newer → more modern, potentially better systems, less maintenance
- Heating: Both listed as ""Other"" → no comparative advantage
- Cooling: Both listed as ""unknown"" → no comparative advantage
- Parking: Both listed as ""unknown"" → no comparative advantage

Now, evaluate the trade-offs:
- Property 1 has a much larger lot (30,492 sqft vs 5,401 sqft), which is a significant advantage in value, especially in a market where lot size contributes to value.
- Property 2 has one more bedroom (3 vs 2), which is a positive, but the lot size difference is substantial.
- Property 1 is older (1880 vs 1930), which may imply more maintenance or outdated systems, but the lot size and potential for larger outdoor space may offset this.

However, in real estate valuation, lot size is a major factor, especially in single-family homes. A 30,000+ sqft lot is significantly more valuable than a 5,400 sqft lot, even if the home is older.

Despite the age difference, the lot size advantage in Property 1 is substantial and likely outweighs the 50-year age gap and fewer bedrooms.

CHOICE: 1",1.0,True,0.26232077674805127,hard,-1,0,-50,-5400.3,bedrooms_dominant,True
11335477,11570532,15216,2021/5/1,173653.0909,20.18181818,"Single Family Residence, Residential",1939,1,3,5357.0,sqft,"Forced Air, Natural Gas",Central Air,unknown,191000.0,15216,2021/5/1,199058.6667,18.55555556,"Single Family Residence, Residential",1920,2,3,4948.0,sqft,Natural Gas,Central Air,unknown,240000.0,2.0,"Let's think step by step:

- Type: Both are Single Family Residence → equal
- Bedrooms: Both have 3 bedrooms → equal
- Bathrooms: Property 1 has 1 bath, Property 2 has 2 baths → +1 bath for Property 2
- Lot size: Property 1 has 5357 sqft, Property 2 has 4948 sqft → Property 1 has a larger lot (+409 sqft)
- Year built: Property 1 was built in 1939, Property 2 in 1920 → Property 2 is 19 years older (older = less modern, potentially less desirable)
- Heating: Property 1 has Forced Air + Natural Gas, Property 2 has only Natural Gas → Property 1 has Forced Air, which is a more common and efficient system than just Natural Gas (though both have Natural Gas)
- Cooling: Both have Central Air → equal
- Parking: Both have ""unknown"" → cannot compare → no advantage either way

Now, comparing key value drivers:
- Bathrooms: Property 2 has 2 baths vs 1 → significant upgrade in luxury and usability
- Age: Property 2 is older (1920 vs 1939) → older homes may have outdated systems, less modern features, and potentially higher maintenance
- Lot size: Property 1 has a larger lot (5357 vs 4948) → +409 sqft, which is a modest but positive advantage
- Heating: Property 1 has Forced Air, which is generally more efficient and common than just Natural Gas (though both have Natural Gas)

However, the bathroom count is a strong differentiator — 2 baths vs 1 bath is a notable improvement in space and functionality, especially in a 3-bedroom home.

Even though Property 1 has a larger lot and better heating, the bath advantage in Property 2 is substantial and directly impacts market value.

Given that both homes are in the same market, same zip, same type, and same number of bedrooms, the key differentiator is bathrooms and age.

Property 2 is older (1920 vs 1939), which is a disadvantage, but the 2-bath vs 1-bath difference is a significant positive.

In real estate, bathrooms are a major value driver — especially in homes with 3 bedrooms.

Therefore, despite the age, Property 2 has a more favorable bathroom count.

CHOICE: 2",2.0,True,0.25654450261780104,hard,0,-1,19,409.0,bathrooms_dominant,True
11290461,11344264,15218,2020/9/1,239101.6,16.2,"Single Family Residence, Residential",1950,2,3,0.26,Acres,"Forced Air, Natural Gas",Electric,unknown,270850.0,15218,2020/9/1,269094.5,28.0,"Single Family Residence, Residential",1925,2,3,4114.0,sqft,"Forced Air, Natural Gas",Central Air,unknown,213000.0,1.0,"Let's think step by step:

- Type: Both are Single Family Residence → equal
- Bedrooms: Both have 3 bedrooms → equal
- Bathrooms: Both have 2 bathrooms → equal
- Year Built: Property 1 is 1950, Property 2 is 1925 → Property 2 is 25 years older → older homes may have more wear, but in this context, older construction doesn't inherently reduce value unless specified. However, newer homes often have updated systems and better efficiency. But here, both have forced air and natural gas, so heating is comparable.
- Heating: Both have Forced Air and Natural Gas → equal
- Cooling: Property 1 has Electric cooling, Property 2 has Central Air → Central Air is generally more desirable than Electric cooling (especially in a hot climate like Pittsburgh, which is in ZIP 15218). Central Air provides better temperature control and comfort.
- Lot Size: Property 1 has 0.26 Acres → 0.26 × 43,560 = 11,325.6 sqft. Property 2 has 4114 sqft → clearly, Property 1 has a much larger lot (over 7,000 sqft larger). Larger lot size typically increases value, especially in a market where land is a factor.

Now compare:
- Property 1: Older (1950), electric cooling, large lot (11,325 sqft)
- Property 2: Older (1925), central air, smaller lot (4114 sqft)

Even though Property 2 is built earlier (1925 vs 1950), it has central air, which is a significant upgrade over electric cooling. However, the lot size difference is massive — over 7,000 sqft larger in Property 1.

In real estate, lot size is a strong driver of value, especially in suburban or single-family markets. Central air is a positive, but the lot size advantage in Property 1 is substantial and directly impacts market value.

Therefore, despite the older age of Property 1, the larger lot and better cooling (in Property 2) — but wait: Property 2 has central air, which is better than electric cooling.

But: Property 1 has a lot of 0.26 acres = 11,325 sqft, Property 2 has 4114 sqft → Property 1 has a lot size advantage of over 7,000 sqft.

In the same ZIP code and month, lot size is a key differentiator. Even if the home is older, a larger lot with better cooling may still be more valuable.

But wait: Property 2 has central air, which is a major upgrade over electric cooling. Electric cooling is less efficient and less reliable in hot weather.

So:
- Cooling: Property 2 wins (Central Air > Electric)
- Lot: Property 1 wins (much larger)
- Age: Property 2 is older (1925 vs 1950) — older homes may have more issues, but both have forced air and gas, so no major system differences.

But in a market where lot size is a major factor, and both homes have similar bedroom/bathroom counts, the larger lot in Property 1 gives it a clear edge.

However, central air is a significant upgrade. But in a 1950 home, electric cooling is common. In a 1925 home, central air is more likely to be present — so Property 2 has a better cooling system.

But the lot size difference is enormous — over 7,000 sqft. That’s a major value driver.

In real estate, lot size often outweighs minor system differences, especially in a market where land is valuable.

Therefore, despite the cooling advantage of Property 2, the lot size of Property 1 is far superior.

CHOICE: 1",1.0,True,0.2715962441314554,hard,0,0,25,-4113.74,year_dominant,True
11299770,11469737,15236,2021/10/1,235962.7119,18.6779661,"Single Family Residence, Residential",1930,2,2,2.44,Acres,"Forced Air, Natural Gas","Window A/C, Central Air",unknown,265000.0,15236,2021/10/1,214400.0,11.65517241,"Single Family Residence, Residential",1949,3,3,3162.0,sqft,Natural Gas,Central Air,unknown,216500.0,1.0,"Let's think step by step:

- Type: Both are Single Family Residence → equal
- Year Built: Property 1 is 1930, Property 2 is 1949 → Property 1 is 19 years older → older age generally reduces value, so Property 2 has a newer build
- Bedrooms: Property 2 has 3 vs Property 1's 2 → +1 bedroom for Property 2
- Bathrooms: Property 2 has 3 vs Property 1's 2 → +1 bathroom for Property 2
- Lot Size: Property 1 has 2.44 Acres → approximately 2.44 × 43,560 = 106,382 sqft  
  Property 2 has 3162 sqft → significantly smaller  
  → Property 1 has a much larger lot (over 100x larger in area) → this is a major advantage for Property 1
- Heating: Property 1 has Forced Air + Natural Gas, Property 2 has only Natural Gas  
  → Property 1 has Forced Air, which is generally more modern and efficient than basic forced air (though both have natural gas) — but this is a minor edge for Property 1
- Cooling: Property 1 has both Window A/C and Central Air → central air is more desirable than window A/C  
  Property 2 has only Central Air → Property 1 has a more modern and superior cooling system
- Parking: Both have ""unknown"" → cannot compare → no advantage either way

Now, comparing key value drivers:
- More bedrooms and bathrooms → Property 2 wins (+1 in each)
- Larger lot → Property 1 wins significantly (over 100,000 sqft vs ~3,160 sqft)
- Cooling: Property 1 has central air (better than window A/C), so Property 1 wins
- Heating: Property 1 has forced air (slightly better than just natural gas), so Property 1 wins
- Age: Property 2 is newer (1949 vs 1930) → Property 2 wins slightly on age

But: lot size is a massive differentiator. In residential real estate, lot size, especially in a given market, is a strong driver of value — particularly in a suburban or single-family context. A 2.44-acre lot is extremely large and rare, especially compared to a 3162 sqft lot. This alone gives Property 1 a substantial edge.

Even though Property 2 has more bedrooms, bathrooms, and a newer construction, the sheer size of the lot and superior cooling and heating systems in Property 1 outweigh these advantages.

CHOICE: 1",1.0,True,0.22401847575057737,hard,-1,-1,-19,-3159.56,lot_dominant,True
11369702,11408563,15229,2020/4/1,161952.3333,12.0,Townhouse,1984,2,2,1711.0,sqft,"Other, Gas",Central,unknown,168000.0,15229,2020/4/1,176780.4444,20.77777778,SingleFamily,1930,1,3,4480.0,sqft,"Forced air, Gas",Central,unknown,217575.0,2.0,"Let's think step by step:

- Type: Property 1 is a Townhouse, Property 2 is a Single Family. In most markets, Single Family homes are generally more valuable than Townhouses due to greater privacy, space, and perceived independence. (→ + value for P2)

- Year Built: Property 1 was built in 1984, Property 2 in 1930. Property 1 is 54 years newer, which is a significant advantage in terms of modern features, efficiency, and updated systems. (→ + value for P1)

- Bedrooms: Property 2 has 3 beds vs Property 1's 2 beds (+1 for P2)

- Bathrooms: Property 2 has 1 bath vs Property 1's 2 baths. That’s a -1 in bathrooms for P2. (→ disadvantage for P2)

- Lot Size: Property 2 has 4480 sqft vs Property 1's 1711 sqft. That’s a massive advantage for P2 (+2769 sqft). Larger lot size typically increases value, especially in a market where outdoor space is valued. (→ + value for P2)

- Heating: Both use Gas, and both have gas-based systems. Property 1 has ""Other, Gas"" — this is less specific than ""Forced Air, Gas"" in Property 2. Forced air is a common and reliable system; ""Other"" is less defined and potentially less desirable. (→ slight advantage for P2)

- Cooling: Both have Central Cooling — equal value.

- Parking: Both have ""unknown"" — no comparative advantage either way.

Now, comparing the trade-offs:

- P2 has more bedrooms (3 vs 2), larger lot (4480 vs 1711), and is newer (1984 vs 1930), despite having fewer bathrooms (1 vs 2).  
- P1 has a more modern type (1984 vs 1930), but is a townhouse (less valuable than single family), and has fewer bedrooms and a much smaller lot.

Even though P1 has 2 bathrooms, the lot size difference is enormous — over 2.6x larger. In a market where lot size is a key differentiator (especially in suburban or single-family areas), this is a major value driver.

Also, the type advantage (Single Family) is significant and not offset by the bathroom disadvantage.

Therefore, despite the older year built (1930), the combination of single-family status, larger lot, more bedrooms, and modern heating/cooling gives Property 2 a clear edge.

CHOICE: 2",2.0,True,0.2950892857142857,hard,-1,1,54,-2769.0,year_dominant,True
11412169,11444509,15238,2020/5/1,561836.2727,14.90909091,SingleFamily,1976,4,4,0.47,Acres,Other,Central,unknown,609375.0,15238,2020/5/1,617211.0,23.0,SingleFamily,1990,4,3,2661.0,sqft,"Other, Gas",Central,unknown,499900.0,1.0,"Let's think step by step:

- Type: Both are Single Family → equal
- Bedrooms: Property 1 has 4 vs Property 2 has 3 → +1 bedroom for Property 1
- Bathrooms: Both have 4 → equal
- Lot size: Property 1 has 0.47 Acres → convert to sqft: 0.47 * 43,560 = 20,473.2 sqft  
  Property 2 has 2661.0 sqft → clearly much smaller lot (over 7 times smaller) → +20,473 - 2661 = +17,812 sqft for Property 1
- Year Built: Property 1 is 1976, Property 2 is 1990 → Property 2 is 14 years newer → newer = generally more valuable, but only if other features compensate
- Heating: Both listed as ""Other"" → no clear advantage; Property 2 adds ""Gas"" which may be a slight upgrade over ""Other"", but ""Other"" is vague and not clearly inferior
- Cooling: Both have Central → equal
- Parking: Both listed as ""unknown"" → cannot compare → no advantage either way

Now, comparing key value drivers:
- More bedrooms (4 vs 3) → Property 1 has a clear advantage
- Much larger lot (20,473 sqft vs 2,661 sqft) → Property 1 has a massive advantage in lot size
- Age: Property 2 is newer, but the difference is only 14 years, and in a market where lot size and bedroom count are strong drivers, the age difference is minor

Even though Property 2 has newer construction, the combination of more bedrooms and a significantly larger lot gives Property 1 a substantial edge in market value.

CHOICE: 1",1.0,True,0.21899379875975195,hard,1,0,-14,-2660.53,bedrooms_dominant,True
11432469,11510519,15241,2021/7/1,548368.8696,12.60869565,"Single Family Residence, Residential",1988,4,4,10628.0,sqft,"Forced Air, Natural Gas",Central Air,unknown,550000.0,15241,2021/7/1,636881.9091,22.81818182,"Single Family Residence, Residential",1979,5,4,1.05,Acres,Electric,Central Air,unknown,685000.0,2.0,"Let's think step by step:

- Type: Both are Single Family Residence → equal
- Bedrooms: Both have 4 → equal
- Bathrooms: Property 1 has 4, Property 2 has 5 → +1 bath for Property 2
- Lot size: 
  - Property 1: 10,628 sqft
  - Property 2: 1.05 acres
  - Convert 1.05 acres to sqft: 1 acre = 43,560 sqft → 1.05 × 43,560 = 45,738 sqft
  - So Property 2 has 45,738 sqft vs Property 1's 10,628 sqft → +35,110 sqft for Property 2
- Year Built:
  - Property 1: 1988
  - Property 2: 1979 → Property 2 is 9 years older → older house, which generally implies more wear, but in some markets, older homes with good features can be valued higher. However, here we have a key advantage for Property 2 in lot size and bathrooms.
- Heating:
  - Property 1: Forced Air, Natural Gas → more common and often preferred over electric in many markets
  - Property 2: Electric → less common, especially in colder climates; may be a disadvantage
- Cooling:
  - Both have Central Air → equal
- Parking: Both have ""unknown"" → cannot compare → no advantage either way

Now, comparing key value drivers:
- Bathrooms: Property 2 has 5 vs 4 → +1 bath
- Lot size: Property 2 has over 45,000 sqft vs Property 1's ~10,600 sqft → massive advantage
- Age: Property 2 is older (1979 vs 1988) → slightly less desirable, but not a major factor when offset by lot and baths
- Heating: Property 1 has natural gas (often more efficient and preferred), but Property 2 has electric — a potential downside

However, in a market where lot size and bathroom count are strong drivers (especially in single-family homes), the larger lot and extra bathroom significantly increase value.

Even though Property 1 has natural gas heating (a slight edge), the lot size difference is enormous — over 35,000 sqft more — and the extra bathroom adds value.

Therefore, despite the older age and electric heating, Property 2 has more bedrooms (same), more bathrooms, and a much larger lot — all of which are direct, measurable value drivers.

CHOICE: 2",2.0,True,0.24545454545454545,hard,0,-1,9,10626.95,bathrooms_dominant,True
11441967,11617394,15237,2019/10/1,251708.0,10.0,SingleFamily,1962,3,3,0.01,Acres,"Forced air, Gas",Central,unknown,264500.0,15237,2019/10/1,274166.4615,17.23076923,SingleFamily,1949,3,4,0.37,Acres,"Forced air, Gas",Central,unknown,337000.0,2.0,"Let's think step by step:

- Type: Both are Single Family → equal
- Bedrooms: Property 1 has 3, Property 2 has 4 → +1 bedroom for Property 2
- Bathrooms: Both have 3 → equal
- Lot size: Property 1 has 0.01 Acres, Property 2 has 0.37 Acres → Property 2 has 0.36 Acres more (a significant difference; 3600 sqft vs 1000 sqft) → +2600 sqft for Property 2
- Year Built: Property 1 built in 1962, Property 2 in 1949 → Property 2 is 13 years older → older homes may have more character, but in a market where newer construction is valued, this is a minor point. However, in a 1949 home, it may have more original features, but without knowing the condition, we rely on market trends. In most markets, newer homes are more desirable due to updated systems and energy efficiency. But here, both have forced air and gas, and central cooling — so no advantage in systems.
- Heating & Cooling: Both have forced air, gas, and central cooling → equal
- Parking: Both have ""unknown"" → cannot compare → no advantage

Key differentiators:
- Property 2 has one more bedroom (4 vs 3)
- Property 2 has a much larger lot (0.37 vs 0.01 acres → 3700 sqft vs 1000 sqft)

Even though Property 1 is newer (1962 vs 1949), the lot size and bedroom count are substantial advantages for Property 2.

In real estate, lot size and bedroom count are strong drivers of value, especially in a single-family context.

CHOICE: 2",2.0,True,0.2741020793950851,hard,-1,0,13,-0.36,bedrooms_dominant,True
11393444,11506901,15236,2021/4/1,160051.4444,11.11111111,"Townhouse, Residential",1984,2,2,1200.0,sqft,"Forced Air, Natural Gas",Central Air,unknown,160000.0,15236,2021/4/1,175567.4615,23.15384615,"Single Family Residence, Residential",1938,2,3,0.26,Acres,"Forced Air, Natural Gas",Central Air,unknown,205500.0,2.0,"Let's think step by step:

- Type: Property 1 is a Townhouse, Property 2 is a Single Family Residence. In most markets, Single Family Residences are generally more valuable than Townhouses due to greater privacy, space, and perceived independence. (P2 has advantage)

- Year Built: Property 1 was built in 1984, Property 2 in 1938. Property 1 is 46 years newer (1984 - 1938 = 46 years). Newer construction typically has more modern features and better efficiency, which increases value. (P1 has advantage)

- Bedrooms: Property 2 has 3 bedrooms vs Property 1's 2 bedrooms (+1 for P2). More bedrooms generally increase value. (P2 has advantage)

- Bathrooms: Both have 2 bathrooms. Equal. (No difference)

- Lot Size: Property 1 has 1200 sqft. Property 2 has 0.26 acres.  
  Convert 0.26 acres to sqft: 0.26 × 43,560 = 11,325.6 sqft.  
  So Property 2 has 11,325.6 sqft vs Property 1's 1200 sqft.  
  That’s a massive difference: over 10 times larger lot. (P2 has strong advantage)

- Heating: Both have Forced Air and Natural Gas. Equal. (No difference)

- Cooling: Both have Central Air. Equal. (No difference)

- Parking: Both have ""unknown"" — cannot compare. No advantage either way.

Now, comparing the key value drivers:
- Property 2 has more bedrooms (+1), a much larger lot (+10x), and is newer (46 years newer than P1).
- Property 1 is a townhouse (typically less valuable than single-family), and has a very small lot.

Even though Property 1 is newer in construction, the lot size and bedroom count in Property 2 provide significant value increases.

In the same market and zip code, lot size and bedroom count are strong indicators of value, especially when combined with a more desirable property type.

CHOICE: 2",2.0,True,0.284375,hard,-1,0,46,1199.74,bedrooms_dominant,True
11391142,11393827,15236,2021/9/1,157533.3333,14.0,"Townhouse, Residential",1994,2,2,2336.0,sqft,"Forced Air, Natural Gas",Electric,unknown,149900.0,15236,2021/9/1,180520.339,18.93220339,"Single Family Residence, Residential",1950,2,3,7000.0,sqft,"Forced Air, Natural Gas",Central Air,unknown,186050.0,2.0,"Let's think step by step:

- Type: Property 1 is a Townhouse, Property 2 is a Single Family Residence. In the same market, Single Family Residences typically command a higher value than Townhouses due to greater privacy, space, and perceived independence. (→ + value for P2)

- Year Built: Property 2 was built in 1950, Property 1 in 1994. Property 1 is 44 years newer → newer construction generally indicates better materials, efficiency, and updated systems. (→ + value for P1)

- Bedrooms: Property 2 has 3 bedrooms vs Property 1's 2 bedrooms (+1 for P2)

- Bathrooms: Both have 2 bathrooms → equal

- Lot Size: Property 2 has 7000 sqft vs Property 1's 2336 sqft → a massive advantage for P2 (+4664 sqft) → lot size is a strong driver of value, especially in a market where land is a key factor.

- Heating: Both have Forced Air with Natural Gas → equal

- Cooling: Property 2 has Central Air vs Property 1's Electric cooling. Central Air is generally more desirable and efficient than electric cooling, especially in a region with hot summers. (→ + value for P2)

- Parking: Both have ""unknown"" → cannot compare → no advantage either way

Now, comparing the key value drivers:
- P2 has more bedrooms (+1), larger lot (+4664 sqft), better cooling (Central Air), and is a Single Family Residence (higher market value type)
- P1 is newer (1994 vs 1950), which is a positive, but the age difference is not as significant as the lot size and property type advantage

In the same ZIP code and month, the combination of single-family status, larger lot, more bedrooms, and better cooling gives Property 2 a clear edge in market value.

CHOICE: 2",2.0,True,0.24116077384923282,hard,-1,0,44,-4664.0,bedrooms_dominant,True
11382164,11419030,15221,2020/12/1,177990.6154,16.15384615,"Single Family Residence, Residential",1955,1,3,9604.0,sqft,"Forced Air, Natural Gas",Central Air,unknown,173500.0,15221,2020/12/1,208881.0,20.2,"Single Family Residence, Residential",1940,3,4,0.57,Acres,"Hot Water, Natural Gas",Central Air,unknown,225000.0,2.0,"Let's think step by step:

- Type: Both are Single Family Residence → equal
- Year Built: Property 1 is 1955, Property 2 is 1940 → Property 2 is 15 years older → older homes may have more wear, but in this market, older homes with modern systems can still be valuable. However, newer homes (even by a few years) often have updated features and may be more desirable. Here, Property 2 is older, so that's a slight disadvantage.
- Bedrooms: Property 2 has 4 vs Property 1's 3 → +1 bedroom for Property 2
- Bathrooms: Property 2 has 3 vs Property 1's 1 → +2 bathrooms for Property 2
- Lot Size: Property 1 has 9604 sqft. Property 2 has 0.57 acres.  
  Convert 0.57 acres to sqft: 0.57 × 43,560 = 24,729.2 sqft  
  So Property 2 has 24,729 sqft vs Property 1's 9604 sqft → Property 2 has a much larger lot (+15,125 sqft)
- Heating: Property 1 has Forced Air, Property 2 has Hot Water  
  Hot Water heating is less common and often considered less efficient or less desirable than Forced Air in modern markets. Forced Air is more common and easier to maintain. So this is a disadvantage for Property 2.
- Cooling: Both have Central Air → equal
- Parking: Both have ""unknown"" → cannot compare → no advantage either way

Now, comparing the key value drivers:
- Bedrooms: +1 for Property 2
- Bathrooms: +2 for Property 2
- Lot size: +15,125 sqft for Property 2 → a significant advantage
- Age: Property 2 is older (1940 vs 1955) → potential disadvantage, but not decisive given the other advantages
- Heating: Property 2 has Hot Water → less desirable than Forced Air → disadvantage

However, in a residential market, lot size, bedroom count, and bathroom count are strong drivers of value. The lot size difference is substantial — over 15,000 sqft more for Property 2. The bedroom and bathroom increases are also significant.

Even though Property 2 has older heating, the advantages in space and room count outweigh the heating disadvantage in a typical market.

CHOICE: 2",2.0,True,0.2968299711815562,hard,-1,-2,15,9603.43,mixed,True
11398852,11433579,15241,2020/7/1,325606.2,12.0,SingleFamily,1981,4,3,0.53,Acres,Other,Central,unknown,320500.0,15241,2020/7/1,331705.3,24.3,"Single Family Residence, Residential",1944,3,3,0.01,Acres,"Forced Air, Natural Gas",Central Air,unknown,250000.0,1.0,"Let's think step by step:

- Type: Both are Single Family (Property 1: SingleFamily, Property 2: Single Family Residence) → equal
- Bedrooms: Both have 3 bedrooms → equal
- Bathrooms: Property 1 has 4 baths vs Property 2 has 3 baths → +1 bath for Property 1
- Lot size: Property 1 has 0.53 acres vs Property 2 has 0.01 acres → Property 1 has a lot size of 53 times larger (0.53 / 0.01 = 53) → massive advantage for Property 1
- Year Built: Property 1 built in 1981, Property 2 in 1944 → Property 2 is 37 years older → older age generally reduces value, unless compensated
- Heating: Property 1 has ""Other"" (unknown), Property 2 has Forced Air + Natural Gas → Property 2 has a known, standard heating system; Property 1 is unspecified → slight disadvantage for Property 1
- Cooling: Property 1 has ""Central"" (same as Property 2's ""Central Air"") → both have central cooling → equal
- Parking: Both have ""unknown"" → cannot compare → no advantage either way

Key comparison:
- Bathrooms: +1 for Property 1
- Lot size: Huge advantage for Property 1 (0.53 vs 0.01 acres) → this is a major factor in residential value, especially in a market where land is a key component
- Age: Property 2 is older (1944 vs 1981), which typically reduces value, especially in a market where newer homes are preferred
- Heating: Property 1 is unspecified, which is a disadvantage; Property 2 has a known, standard system

However, the lot size difference is enormous — 0.53 acres is vastly more valuable than 0.01 acres. Even with a 37-year age difference and unknown heating, the lot size and additional bathroom significantly outweigh the negatives.

CHOICE: 1",1.0,True,0.282,hard,0,1,37,0.52,bathrooms_dominant,True
11304111,11354033,15227,2020/8/1,122196.8,28.7,"Single Family Residence, Residential",1930,1,3,3001.0,sqft,Natural Gas,Central Air,unknown,120000.0,15227,2020/8/1,136414.7,12.7,SingleFamily,1950,2,3,3998.0,sqft,Other,Central,unknown,151000.0,2.0,"Let's think step by step:

- Type: Both are Single Family Residence / SingleFamily → same type  
- Bedrooms: Both have 3 bedrooms → equal  
- Bathrooms: Property 1 has 1 bath, Property 2 has 2 baths → +1 bath for Property 2  
- Lot size: Property 2 has 3998 sqft vs Property 1's 3001 sqft → +997 sqft for Property 2  
- Year built: Property 1 is 1930, Property 2 is 1950 → Property 2 is 20 years newer → more modern, potentially better efficiency and updated systems  
- Heating: Property 1 has Natural Gas (common, efficient), Property 2 has ""Other"" (less specific, potentially less desirable or unknown) → Natural Gas is a positive over ""Other""  
- Cooling: Property 1 has Central Air, Property 2 has Central (likely central cooling, but less specific) → Central Air is more modern and efficient than just ""Central"" → Property 1 has a clear advantage in cooling  
- Parking: Both have ""unknown"" → cannot compare → no advantage either way  

Now, comparing key value drivers:
- Bathrooms: Property 2 has 2 vs 1 → +1 bath → significant in home value  
- Lot size: Property 2 has ~1000 sqft more → adds value  
- Age: Property 2 is newer → better systems, less wear  
- Heating: Property 1 has Natural Gas (better than ""Other"")  
- Cooling: Property 1 has Central Air (better than just ""Central"")  

However, the bath and lot size advantages for Property 2 are substantial and directly impact market value. The newer age and better heating/cooling in Property 1 are positive, but the lack of specific details in Property 2's heating and cooling (e.g., ""Other"" and ""Central"") makes them less favorable than Property 1's clearly specified central air and natural gas.

But note: Property 2 has 2 baths vs 1, and a larger lot — both are strong value drivers. In a market where bathrooms and lot size are key, these advantages outweigh the slight edge in heating/cooling for Property 1.

Even though Property 1 has better heating and cooling, the additional bathroom and larger lot are more impactful in a residential market.

CHOICE: 2",2.0,True,0.25833333333333336,hard,0,-1,-20,-997.0,bathrooms_dominant,True
11354685,11428676,15227,2020/7/1,157406.6667,23.22222222,"Single Family Residence, Residential",1947,1,3,6499.0,sqft,"Forced Air, Natural Gas",Central Air,unknown,149900.0,15227,2020/7/1,181138.0,12.0,SingleFamily,1958,2,3,8779.0,sqft,Other,Central,unknown,189900.0,2.0,"Let's think step by step:

- Type: Both are Single Family Residence / SingleFamily → same type  
- Bedrooms: Both have 3 bedrooms → equal  
- Bathrooms: Property 1 has 1 bath, Property 2 has 2 baths → +1 bath for Property 2  
- Lot size: Property 2 has 8779 sqft vs Property 1's 6499 sqft → +2280 sqft for Property 2  
- Year built: Property 1 is 1947, Property 2 is 1958 → Property 1 is 11 years older → older age generally reduces value, so Property 2 has a newer construction  
- Heating: Property 1 has Forced Air, Natural Gas (a standard, reliable system); Property 2 has ""Other"" — less specific, less desirable than known natural gas or forced air → Property 1 has a more defined and likely preferred heating system  
- Cooling: Property 1 has Central Air; Property 2 has ""Central"" (assumed to be central air, but less specific) → both have central cooling, but Property 1 explicitly states ""Central Air"", which is more precise and typically more desirable than just ""Central""  
- Parking: Both have ""unknown"" → no comparative advantage  

Now, comparing key value drivers:
- Bathrooms: Property 2 has 2 baths vs 1 → significant upgrade  
- Lot size: Property 2 has over 2200 sqft more → major advantage  
- Age: Property 1 is older by 11 years → less desirable in a market where newer homes command premiums  
- Heating and cooling: Property 1 has more specific, better-defined systems (Forced Air + Natural Gas) vs ""Other"" and ""Central"" — though ""Central"" likely means central air, the lack of specificity in Property 2's heating is a minor disadvantage  

Even though Property 1 has better heating and cooling specification, the advantages in bathrooms and lot size are substantial and directly impact market value. In a comparable market, more bathrooms and larger lot size are strong value drivers.

CHOICE: 2",2.0,True,0.266844563042028,hard,0,-1,-11,-2280.0,bathrooms_dominant,True
11485601,11558410,15237,2020/7/1,252944.75,18.25,SingleFamily,1964,3,4,0.32,Acres,Other,Central,unknown,309900.0,15237,2020/7/1,243243.0,18.0,SingleFamily,1950,3,2,0.55,Acres,"Forced air, Gas",Central,unknown,240000.0,1.0,"Let's think step by step:

- Type: Both are Single Family → equal
- Bedrooms: Property 1 has 4 beds vs Property 2 has 2 beds → +2 beds for Property 1
- Bathrooms: Both have 3 baths → equal
- Lot size: Property 1 has 0.32 Acres vs Property 2 has 0.55 Acres → Property 2 has a larger lot (+0.23 Acres)
- Year Built: Property 1 was built in 1964 vs Property 2 in 1950 → Property 2 is 14 years newer
- Heating: Property 1 has ""Other"" (unknown/less specified), Property 2 has ""Forced air, Gas"" (more standard and common, likely more reliable and efficient)
- Cooling: Both have Central Cooling → equal
- Parking: Both have ""unknown"" → cannot compare, so no advantage

Now, comparing key value drivers:
- More bedrooms (4 vs 2) is a strong positive for Property 1
- Larger lot (0.55 vs 0.32) is a strong positive for Property 2
- Newer construction (1950 vs 1964) is a positive for Property 2
- Heating: Property 2 has a more defined, standard system (Forced air, Gas) vs Property 1's ""Other"" (which may imply less desirable or less efficient)

However, in real estate valuation, bedroom count and square footage (implied by lot size) are major drivers. While Property 2 has a larger lot, the bedroom advantage of Property 1 (4 beds vs 2) is significant and often more impactful than lot size alone, especially in a market where space and family size are key.

But note: lot size is not directly tied to square footage. 0.55 acres is about 22,000 sqft, and 0.32 acres is about 13,200 sqft — a substantial difference. However, in a single-family home, lot size is often more valuable in suburban or rural areas, but in a standard market, bedroom count and age are more directly correlated with value.

Still, Property 2 is newer (1950 vs 1964), which is a positive, and has better-defined heating. But Property 1 has 4 bedrooms — a major upgrade in appeal and value.

In the absence of square footage, we rely on known features. More bedrooms and a newer build are both strong, but the bedroom count is a more direct driver of value in a family-oriented market.

However, the lot size difference is significant — 0.55 vs 0.32 acres — which is about 1.7x the size. This can be a major value driver, especially in a market where yard space is valued.

But we must compare fairly.

Let’s weigh:
- Property 1: 4 beds, older (1964), smaller lot (0.32), heating = ""Other"" (less desirable)
- Property 2: 2 beds, newer (1950), larger lot (0.55), heating = ""Forced air, Gas"" (better)

Even though Property 2 is newer and has a larger lot, the bedroom count is a major differentiator. In most markets, 4 bedrooms are more valuable than 2, especially when the lot is smaller.

But — is the lot size really that much better? 0.55 acres is significantly larger. In a 1950s home, a larger lot may be more desirable.

However, the key is that Property 1 has 4 bedrooms — a major value driver — and the heating is ""Other"", which is less desirable than ""Forced air, Gas"".

But in the absence of square footage, we must rely on what is given.

In real estate, bedroom count is a primary driver of value. A 4-bedroom home is typically more valuable than a 2-bedroom home, even with a smaller lot and older age, especially in a market where family size is common.

Also, Property 2 is newer, which is good, but not as impactful as having more bedrooms.

Final decision: Property 1 has more bedrooms (4 vs 2), which is a major value driver. The lot is smaller, but the bedroom advantage outweighs it. The heating is less defined, but not a decisive disadvantage.

CHOICE: 1",1.0,True,0.29125,hard,2,0,14,-0.23000000000000004,bedrooms_dominant,True
59142692,59158536,2132,2020/7/1,723563.6667,13.33333333,Single Family Residence,1929,2,4,6098.0,sqft,"Hot Water, Oil",Window Unit(s),unknown,660000.0,2132,2020/7/1,663006.9091,13.18181818,Single Family Residence,1920,3,3,6969.0,sqft,"Natural Gas, Baseboard",Central Air,unknown,800000.0,2.0,"Let's think step by step:

- Type: Both are Single Family Residence → equal  
- Bedrooms: Property 1 has 4 beds vs Property 2 has 3 beds → +1 bed for Property 1  
- Bathrooms: Property 1 has 2 baths vs Property 2 has 3 baths → +1 bath for Property 2  
- Lot size: Property 1 has 6098 sqft vs Property 2 has 6969 sqft → Property 2 has a larger lot (+871 sqft)  
- Year built: Property 1 is 1929 vs Property 2 is 1920 → Property 2 is 9 years newer  
- Heating: Property 1 has Hot Water/Oil (less common, less efficient, higher operating cost) vs Property 2 has Natural Gas + Baseboard (more common, efficient, widely accepted) → Property 2 has better heating system  
- Cooling: Property 1 has Window Unit(s) (less efficient, less comfortable, limited in performance) vs Property 2 has Central Air (more effective, more desirable in hot climates) → Property 2 has superior cooling  
- Parking: Both have ""unknown"" → cannot compare, so no advantage either way  

Now, comparing the features:

- Property 1 has more bedrooms (4 vs 3) → +1 advantage  
- Property 2 has more bathrooms (3 vs 2) → +1 advantage  
- Property 2 has a larger lot (6969 vs 6098) → +871 sqft → significant advantage  
- Property 2 is 9 years newer → modern features, better energy efficiency  
- Property 2 has better heating (Natural Gas + Baseboard) and better cooling (Central Air) → both are major value drivers in real estate  

Even though Property 1 has more bedrooms, the bathroom count and lot size are more significant in market value, especially in a single-family home. Central air and modern heating are strong differentiators. The 9-year age difference and better systems in Property 2 provide tangible value improvements.

CHOICE: 2",2.0,True,0.21212121212121213,hard,1,-1,9,-871.0,mixed,True
11417583,11534817,15235,2021/12/1,102741.3793,34.20689655,"Single Family Residence, Residential",1950,2,3,4443.0,sqft,Natural Gas,Central Air,unknown,181000.0,15235,2021/12/1,129127.2727,15.90909091,"Single Family Residence, Residential",1954,1,2,6952.0,sqft,"Forced Air, Natural Gas",Window A/C,unknown,140000.0,1.0,"Let's think step by step:

- Type: Both are Single Family Residence → equal
- Bedrooms: Property 1 has 3 beds vs Property 2 has 2 beds → +1 bed for Property 1
- Bathrooms: Property 1 has 2 baths vs Property 2 has 1 bath → +1 bath for Property 1
- Lot size: Property 2 has 6952 sqft vs Property 1 has 4443 sqft → +2509 sqft for Property 2
- Year built: Property 2 is built in 1954 vs Property 1 in 1950 → Property 2 is 4 years newer (slightly better age)
- Heating: Both have Natural Gas → equal
- Cooling: Property 1 has Central Air vs Property 2 has Window A/C → Central Air is generally more desirable and valuable than Window A/C
- Parking: Both have ""unknown"" → cannot compare, so no advantage either way

Now, comparing value drivers:
- Property 1 has more bedrooms and bathrooms → higher interior space and comfort
- Property 2 has a significantly larger lot (over 2500 sqft more) → more outdoor space, which is valuable in residential markets
- Cooling: Central Air (P1) is superior to Window A/C (P2) → this is a strong advantage for P1
- Age: P2 is slightly newer, but only by 4 years — not a major differentiator
- Parking: Unknown in both — no comparison possible

Weighing the features:
- More bedrooms and bathrooms (P1) → directly increases value
- Central Air (P1) → a major upgrade over Window A/C, especially in a climate where cooling is a concern
- Lot size (P2) is larger, but in a market where lot size is a factor, it adds value — however, the bedroom/bathroom advantage and better cooling may outweigh it

In the same ZIP code and month, the features that directly impact market value are:
- Bedroom count
- Bathroom count
- Cooling type
- Lot size

P1 wins on:
- 1 more bedroom
- 1 more bathroom
- Central Air (vs Window A/C)

P2 wins on:
- Larger lot (2500+ sqft)

But in real estate, bedroom and bathroom counts are strong value drivers, and central air is a significant upgrade over window AC. In a 1950s home, central air is a rare and valuable feature.

Lot size is important, but in a comparable market, the interior quality and modern amenities often outweigh lot size when the homes are similar in age and type.

Therefore, despite the larger lot, Property 1 has better interior features and modern cooling.

CHOICE: 1",1.0,True,0.29285714285714287,hard,1,1,-4,-2509.0,lot_dominant,True
11479109,11482811,15204,2021/2/1,142079.6429,39.28571429,"Single Family Residence, Residential",1940,2,6,5000.0,sqft,"Radiant, Natural Gas",Window A/C,unknown,180000.0,15204,2021/2/1,118389.4167,32.75,"Single Family Residence, Residential",1930,1,3,3402.0,sqft,Natural Gas,Central Air,unknown,150000.0,1.0,"Let's think step by step:

- Type: Both are Single Family Residence → equal
- Year Built: Property 2 (1930) is 10 years earlier than Property 1 (1940) → Property 2 is older, which generally implies potentially better structural quality or original craftsmanship, but in modern markets, newer homes often have updated systems. However, age alone is not decisive without other features.
- Bedrooms: Property 1 has 6 beds vs Property 2 has 3 beds → +3 beds for Property 1 → significant advantage
- Bathrooms: Property 1 has 2 baths vs Property 2 has 1 bath → +1 bath for Property 1 → additional value
- Lot Size: Property 1 has 5000 sqft vs Property 2 has 3402 sqft → +1598 sqft for Property 1 → larger lot, which adds value, especially in a market where outdoor space is valued
- Heating: Property 1 has Radiant with Natural Gas vs Property 2 has Natural Gas → both use natural gas, but radiant heating is less common and typically more expensive to install and maintain. Radiant is not a standard or widely adopted system in residential homes, and it may indicate a rare or outdated system. Central or forced air is more common and efficient. So Property 2 has a more standard and likely more reliable heating system.
- Cooling: Property 1 has Window A/C vs Property 2 has Central Air → Central Air is significantly more desirable than Window A/C in terms of comfort, efficiency, and home value. Central air is a major upgrade in cooling quality.
- Parking: Both have ""unknown"" → cannot compare → no advantage either way

Now, comparing the key value drivers:
- Bedrooms and bathrooms: Property 1 has 3 more bedrooms and 1 more bathroom → substantial increase in living space and appeal
- Lot size: Property 1 has a much larger lot → adds value, especially in a suburban or family-oriented market
- Cooling: Central air (P2) is a major upgrade over window A/C (P1) → this is a strong advantage for Property 2
- Heating: Radiant heating (P1) is rare and less efficient than standard natural gas heating (P2) → this is a disadvantage for Property 1

Even though Property 2 is older (1930 vs 1940), the cooling system (central air) is a major value driver. However, Property 1 has far more bedrooms and bathrooms, which are primary drivers of home value in a single-family home. The lot size is also significantly larger.

In a market where space and family size are key, the extra bedrooms and bathrooms outweigh the cooling disadvantage, especially when combined with the larger lot.

Despite the central air being a strong feature, the sheer size and layout of Property 1 (6 beds, 2 baths, 5000 sqft lot) provide a much greater total living space and appeal.

CHOICE: 1",1.0,True,0.2,hard,3,1,10,1598.0,mixed,True
11314136,11361891,15243,2019/11/1,181066.129,16.06451613,SingleFamily,1957,3,4,8450.0,sqft,"Other, Gas",Central,Garage - Attached,270000.0,15243,2019/11/1,202555.1,14.5,SingleFamily,1946,2,4,5998.0,sqft,"Forced air, Gas",Central,Garage - Attached,215000.0,1.0,"Let's think step by step:

- Type: Both are Single Family → equal
- Bedrooms: Both have 4 bedrooms → equal
- Bathrooms: Property 1 has 3 vs Property 2 has 2 → +1 bath for Property 1
- Lot size: Property 1 has 8450 sqft vs Property 2 has 5998 sqft → +2452 sqft for Property 1
- Year Built: Property 1 was built in 1957 vs Property 2 in 1946 → Property 2 is 11 years older (so Property 1 is newer)
- Heating: Property 1 has ""Other, Gas"" vs Property 2 has ""Forced air, Gas"" → both use gas, but ""Other"" may imply a more modern or efficient system (though not specified), but no clear advantage; this is a minor point
- Cooling: Both have Central cooling → equal
- Parking: Both have Garage - Attached → equal

Key comparative advantages:
- Property 1 has more bathrooms (3 vs 2)
- Property 1 has a significantly larger lot (8450 vs 5998 sqft)
- Property 1 is newer (built in 1957 vs 1946)

Even though Property 2 is older, the newer construction, larger lot, and additional bathroom make Property 1 more valuable in the current market.

CHOICE: 1",1.0,True,0.2558139534883721,hard,0,1,11,2452.0,bathrooms_dominant,True
59132443,59135218,2130,2020/8/1,1018951.545,13.81818182,Single Family Residence,1925,2,4,3920.0,sqft,"Steam, Oil",Window Unit(s),unknown,892000.0,2130,2020/8/1,1103774.0,16.0,Single Family Residence,1933,2,3,6969.0,sqft,"Natural Gas, Steam",Central Air,unknown,1128500.0,2.0,"Let's think step by step:

- Type: Both are Single Family Residence → equal
- Bedrooms: Property 1 has 4 beds vs Property 2 has 3 beds → +1 bed for Property 1
- Bathrooms: Both have 2 bathrooms → equal
- Lot size: Property 1 has 3920 sqft vs Property 2 has 6969 sqft → Property 2 has a significantly larger lot (+3049 sqft) → +3049 for Property 2
- Year built: Property 1 is 1925, Property 2 is 1933 → Property 1 is 8 years older → older age is a disadvantage
- Heating: Property 1 has Steam, Oil → outdated and less efficient; Property 2 has Natural Gas, Steam → Natural Gas is more modern and efficient than Oil, so Property 2 has a better heating system
- Cooling: Property 1 has Window Unit(s) → outdated and less effective; Property 2 has Central Air → more modern, efficient, and desirable
- Parking: Both have ""unknown"" → cannot compare → no advantage either way

Now, comparing the key value drivers:
- More bedrooms: Property 1 wins (+1)
- Larger lot: Property 2 wins (+3049 sqft) — a significant advantage in value
- Modern heating: Property 2 wins (Natural Gas vs Oil)
- Modern cooling: Property 2 wins (Central Air vs Window Units)

Even though Property 1 has one more bedroom, the lot size difference is substantial, and Property 2 has superior modern cooling and heating systems. In a market where lot size and modern amenities are valued, these factors outweigh the bedroom difference.

CHOICE: 2",2.0,True,0.2651345291479821,hard,1,0,-8,-3049.0,bedrooms_dominant,True
11406854,11440770,15229,2020/7/1,238330.0,13.0,SingleFamily,1984,2,3,9060.0,sqft,Other,Central,unknown,260000.0,15229,2020/7/1,207998.4444,16.66666667,"Single Family Residence, Residential",1940,2,3,5998.0,sqft,"Hot Water, Natural Gas",Window A/C,unknown,207000.0,1.0,"Let's think step by step:

- Type: Both are Single Family (Property 1: SingleFamily, Property 2: Single Family Residence) → equivalent in type  
- Bedrooms: Both have 3 bedrooms → equal  
- Bathrooms: Both have 2 bathrooms → equal  
- Lot size: Property 1 has 9060 sqft vs Property 2 has 5998 sqft → Property 1 has a significantly larger lot (+3062 sqft) → + value for Property 1  
- Year built: Property 1 was built in 1984, Property 2 in 1940 → Property 1 is 44 years newer → newer construction generally has more modern features and better condition → + value for Property 1  
- Heating: Property 1 has ""Other"" (unknown specifics), Property 2 has ""Hot Water, Natural Gas"" → Hot Water is often considered a premium feature, especially in older homes, but ""Other"" is vague and less informative. Without more detail, we cannot assume superiority. Property 2's heating is more specific and potentially more efficient, but ""Other"" may imply less desirable or outdated. However, since ""Other"" is not clearly defined, and Property 1's heating is not specified, we cannot confidently favor either. This is a tie in value.  
- Cooling: Property 1 has Central Air, Property 2 has Window A/C → Central air is generally more desirable and provides better climate control than window units → + value for Property 1  
- Parking: Both have ""unknown"" → no comparative advantage either way → tie  

Summary of advantages:
- Property 1: Larger lot (+3062 sqft), newer build (44 years newer), central air (vs window AC)
- Property 2: More specific heating (hot water + natural gas), but no advantage in lot, age, or cooling

Even though Property 2 has a more specific and potentially efficient heating system, the lack of detail on Property 1's heating (""Other"") makes it less favorable. The key differentiators are:
- Lot size: Property 1 wins significantly
- Age: Property 1 wins
- Cooling: Property 1 wins

These are all strong, measurable advantages for Property 1.

CHOICE: 1",1.0,True,0.2560386473429952,hard,0,0,44,3062.0,year_dominant,True
11524047,164305284,15237,2021/4/1,387213.0,23.0,"Single Family Residence, Residential",1990,4,4,0.29,Acres,"Forced Air, Natural Gas",Central Air,unknown,412000.0,15237,2021/4/1,330550.7692,10.76923077,"Townhouse, Residential",2015,3,3,3236.0,sqft,"Forced Air, Natural Gas",Central Air,unknown,342100.0,1.0,"Let's think step by step:

- Type: Property 1 is Single Family Residence, Property 2 is Townhouse  
  → Single family homes typically command higher value than townhouses in the same market, especially in a comparable neighborhood and market context. So Property 1 has a structural advantage.

- Year Built: Property 1 is 1990, Property 2 is 2015  
  → Property 2 is 25 years newer, which generally increases value due to modern construction, updated systems, and energy efficiency. This is a strong advantage for Property 2.

- Bedrooms: Property 1 has 4 beds, Property 2 has 3 beds  
  → Property 1 has +1 bedroom, which is a significant advantage in terms of living space and appeal.

- Bathrooms: Property 1 has 4 baths, Property 2 has 3 baths  
  → Property 1 has +1 bathroom, which adds value, especially in a larger home.

- Lot Size: Property 1 has 0.29 acres = 11,600 sqft (approx), Property 2 has 3236 sqft  
  → Property 1 has a lot size of ~11,600 sqft vs 3,236 sqft → Property 1 has a lot size advantage of over 8,000 sqft. This is a major factor in home value, especially in a market where lot size and outdoor space are valued.

- Heating & Cooling: Both have Forced Air and Natural Gas, and both have Central Air → Equal in this regard.

- Parking: Both have ""unknown"" → Cannot compare → No advantage either way.

Now, comparing the trade-offs:
- Property 1: Older (1990), but has more bedrooms, more bathrooms, much larger lot, and is a single-family home.
- Property 2: Newer (2015), but has fewer bedrooms, fewer bathrooms, and a much smaller lot.

Even though Property 2 is newer, the differences in bedroom/bathroom count and lot size are substantial. In a market where lot size and square footage are key drivers of value (especially in a suburban or single-family context), the larger lot and more rooms in Property 1 provide significant value.

In the same ZIP code and month, the market value is driven by size, layout, and features. While newer homes can be valuable, the combination of more bedrooms, more bathrooms, and a much larger lot in Property 1 outweighs the 25-year newer build date.

CHOICE: 1",1.0,True,0.20432622040339082,hard,1,1,-25,-3235.71,year_dominant,True
11355827,11453469,15220,2020/4/1,143962.0,22.0,SingleFamily,1950,2,3,5000.0,sqft,"Other, Gas",Central,unknown,149900.0,15220,2020/4/1,165993.0,15.0,SingleFamily,1955,2,3,5248.0,sqft,Other,Central,unknown,193700.0,2.0,"Let's think step by step:

- Type: Both are Single Family → equal
- Bedrooms: Both have 3 bedrooms → equal
- Bathrooms: Both have 2 bathrooms → equal
- Lot size: Property 2 has 5248 sqft vs Property 1's 5000 sqft → Property 2 has a larger lot (+248 sqft) → + value for Property 2
- Year built: Property 2 was built in 1955 vs Property 1 in 1950 → Property 2 is 5 years newer → slightly better age factor → + value for Property 2
- Heating: Both listed as ""Other"" — no clear advantage either way → equal
- Cooling: Both have Central cooling → equal
- Parking: Both listed as ""unknown"" → no differentiable advantage → equal

Comparison:
- All key features are equal except:
  - Lot size: Property 2 has a larger lot (5248 vs 5000)
  - Age: Property 2 is 5 years newer (1955 vs 1950)

In a market where lot size and newer construction are positive factors, Property 2 has both a slightly larger lot and a newer build date.

Even though the differences are small, in a comparative valuation, these factors contribute to higher market value.

CHOICE: 2",2.0,True,0.2921947965310207,hard,0,0,-5,-248.0,mixed,True
11333908,11334862,15215,2021/5/1,180976.0,52.0,"Single Family Residence, Residential",1900,3,3,1800.0,sqft,"Forced Air, Natural Gas",Central Air,unknown,232500.0,15215,2021/5/1,117744.3636,58.81818182,"Single Family Residence, Residential",1910,1,2,1999.0,sqft,"Forced Air, Natural Gas",Central Air,unknown,182000.0,1.0,"Let's think step by step:

- Type: Both are Single Family Residence → equal
- Year Built: Property 1 is 1900, Property 2 is 1910 → Property 1 is 10 years older → older age generally reduces value, so Property 2 has a slight advantage in age (newer)
- Bedrooms: Property 1 has 3, Property 2 has 2 → +1 bedroom for Property 1
- Bathrooms: Property 1 has 3, Property 2 has 1 → +2 bathrooms for Property 1
- Lot Size: Property 1 has 1800 sqft, Property 2 has 1999 sqft → Property 2 has a larger lot (+199 sqft)
- Heating: Both have Forced Air and Natural Gas → equal
- Cooling: Both have Central Air → equal
- Parking: Both have ""unknown"" → cannot compare → no advantage either way

Now, comparing the key value drivers:
- Property 1 has more bedrooms (3 vs 2) and more bathrooms (3 vs 1), which are strong value drivers in residential real estate.
- Property 2 has a slightly larger lot (1999 vs 1800 sqft), which is a positive, but not as impactful as bedroom/bathroom count.
- Property 1 is older (1900 vs 1910), which is a disadvantage, but the larger bedroom/bathroom count outweighs this in a market where space and comfort are valued.

In the same market and zip code, more bedrooms and bathrooms typically command higher value, especially when the age difference is small (only 10 years). The lot size advantage of Property 2 is minor compared to the significant bedroom/bathroom advantage of Property 1.

CHOICE: 1",1.0,True,0.2774725274725275,hard,1,2,-10,-199.0,mixed,True
11445609,11570492,15216,2022/6/1,255677.7778,17.37777778,"Single Family Residence, Residential",1910,2,4,3497.0,sqft,"Hot Water, Natural Gas",Central Air,unknown,280000.0,15216,2022/6/1,233678.3784,12.75675676,"Single Family Residence, Residential",1912,1,3,3049.0,sqft,"Forced Air, Natural Gas","Central Air, Electric",unknown,215000.0,1.0,"Let's think step by step:

- Type: Both are Single Family Residence → equal
- Bedrooms: Property 1 has 4 beds vs Property 2 has 3 beds → +1 bed for Property 1
- Bathrooms: Property 1 has 2 baths vs Property 2 has 1 bath → +1 bath for Property 1
- Lot size: Property 1 has 3497 sqft vs Property 2 has 3049 sqft → +448 sqft for Property 1
- Year built: Property 1 is 1910 vs Property 2 is 1912 → Property 1 is 2 years older → less desirable in terms of age (older homes typically have lower value unless updated)
- Heating: Property 1 has Hot Water + Natural Gas vs Property 2 has Forced Air + Natural Gas → Hot Water is generally considered a more modern and efficient system than Forced Air, especially in older homes; this is a positive for Property 1
- Cooling: Both have Central Air → equal (Property 1 has Central Air only; Property 2 has Central Air and Electric — but electric cooling is less common and less efficient in hot climates; however, both have central air, so this is not a differentiator)
- Parking: Both have ""unknown"" → cannot compare → no advantage either way

Now, comparing the key value drivers:
- More bedrooms and bathrooms → Property 1 wins
- Larger lot → Property 1 wins
- Heating: Hot Water is better than Forced Air → Property 1 wins
- Age: Property 1 is slightly older (1910 vs 1912) → a small disadvantage, but not decisive given the other advantages

Even though the age difference is minimal, the property with more bedrooms, more bathrooms, and a larger lot has significantly stronger value drivers in a residential market.

CHOICE: 1",1.0,True,0.3023255813953488,medium,1,1,-2,448.0,mixed,True
11383249,11454888,15221,2020/8/1,122454.9091,26.36363636,"Single Family Residence, Residential",1954,2,3,7501.0,sqft,"Forced Air, Natural Gas",Central Air,unknown,140000.0,15221,2020/8/1,144870.0,35.0,"Single Family Residence, Residential",1945,2,4,5675.0,sqft,"Forced Air, Natural Gas",Central Air,unknown,189900.0,2.0,"Let's think step by step:

- Type: Both are Single Family Residence → equal
- Bedrooms: Property 1 has 3, Property 2 has 4 → +1 bedroom for Property 2
- Bathrooms: Both have 2 → equal
- Lot size: Property 1 has 7501 sqft, Property 2 has 5675 sqft → Property 1 has a larger lot (+1826 sqft)
- Year built: Property 2 was built in 1945 vs Property 1 in 1954 → Property 2 is 9 years older (older homes may have more wear, but in some markets, older construction with proven durability can be valued higher; however, in general, newer homes have more modern features and are preferred)
- Heating: Both have Forced Air and Natural Gas → equal
- Cooling: Both have Central Air → equal
- Parking: Both have ""unknown"" → cannot compare, so no advantage

Now, comparing key value drivers:
- More bedrooms (4 vs 3) → Property 2 has a clear advantage
- Larger lot (7501 vs 5675) → Property 1 has a significant advantage
- Age: Property 2 is older (1945 vs 1954), which may be a disadvantage in a market that values newer construction, but no other features compensate for age

However, in real estate valuation, bedroom count is often a strong driver of value, especially when comparing similar homes. A 4-bedroom home typically commands a higher price than a 3-bedroom home, even with a smaller lot, due to increased living space and family appeal.

Lot size is important, but in a given market, bedroom count often outweighs lot size when the homes are otherwise comparable. Here, Property 2 has one more bedroom, which is a significant upgrade.

Although Property 1 has a larger lot, the bedroom advantage in Property 2 is more impactful in a typical market.

CHOICE: 2",2.0,True,0.35642857142857143,medium,-1,0,9,1826.0,bedrooms_dominant,True
11309288,11396648,15228,2022/7/1,488202.5,16.8625,"Single Family Residence, Residential",1964,4,4,9452.0,sqft,"Forced Air, Natural Gas",Central Air,unknown,652000.0,15228,2022/7/1,573569.5652,21.86956522,"Single Family Residence, Residential",1930,5,4,10058.0,sqft,"Hot Water, Natural Gas",Window A/C,unknown,482500.0,1.0,"Let's think step by step:

- Type: Both are Single Family Residence → equal
- Bedrooms: Both have 4 → equal
- Bathrooms: Property 2 has 5 vs Property 1 has 4 → +1 bath for Property 2
- Lot size: Property 2 has 10,058 sqft vs Property 1 has 9,452 sqft → +606 sqft for Property 2
- Year built: Property 1 is 1964, Property 2 is 1930 → Property 2 is 34 years older → older homes may have more wear, but in some markets, older construction with good systems can be valued higher if well-maintained. However, in this case, Property 2 is older, so this is a disadvantage unless offset by other features.
- Heating: Property 1 has Forced Air, Natural Gas; Property 2 has Hot Water, Natural Gas → Hot Water is generally considered a premium feature over Forced Air, especially in older homes, and can add value due to comfort and efficiency.
- Cooling: Property 1 has Central Air; Property 2 has Window A/C → Central Air is significantly more desirable than Window A/C in terms of comfort, efficiency, and modernity → this is a clear advantage for Property 1.

Now, comparing the trade-offs:
- Property 2 has one more bathroom and a larger lot (by ~600 sqft), which are positive.
- But Property 1 has central air (vs window AC), which is a major upgrade in comfort and value.
- Property 2 is older (1930 vs 1964), which is a disadvantage in a market where newer construction is preferred.
- Heating: Hot Water is better than Forced Air in some markets, but in a 1930 home, hot water systems may be outdated or less efficient. Forced air is more common and reliable in modern homes.

However, the cooling system is a major differentiator. Central air is a significant value driver in residential real estate, especially in a market with summer heat. Window A/C is less efficient, less comfortable, and less desirable.

Even though Property 2 has more baths and a larger lot, the cooling system difference is a key factor in market value.

Therefore, despite the age and heating differences, the superior cooling system in Property 1 gives it a clear edge in current market value.

CHOICE: 1",1.0,True,0.35129533678756475,medium,0,-1,34,-606.0,bathrooms_dominant,True
11267315,11369921,15202,2020/8/1,178631.5,17.0,SingleFamily,1930,1,4,3040.0,sqft,Other,unknown,unknown,205000.0,15202,2020/8/1,204290.6667,13.0,SingleFamily,1896,2,3,7000.0,sqft,Other,unknown,unknown,282000.0,2.0,"Let's think step by step:

- Type: Both are Single Family → equal
- Bedrooms: Property 1 has 4 beds vs Property 2 has 3 beds → +1 bed for Property 1
- Bathrooms: Property 1 has 1 bath vs Property 2 has 2 baths → +1 bath for Property 2
- Lot size: Property 2 has 7000 sqft vs Property 1 has 3040 sqft → +3960 sqft for Property 2
- Year built: Property 2 was built in 1896 vs Property 1 in 1930 → Property 2 is 34 years older (older = less modern, potentially less desirable in current market)
- Heating: Both have ""Other"" → no difference
- Cooling: Both have ""unknown"" → cannot compare, so no advantage either way

Now, evaluating the trade-offs:
- Property 1 has more bedrooms (4 vs 3), which is a strong plus in home value.
- Property 2 has more bathrooms (2 vs 1), which is also a plus.
- However, Property 2 has a significantly larger lot (7000 vs 3040 sqft), which is a major advantage in terms of outdoor space and potential for expansion or landscaping.
- Despite being built 34 years earlier, the older age may be offset by larger lot and more bathrooms, but in a market where modern amenities and space matter, lot size and bedroom count are key.

But note: in a current market, larger lot size and more bedrooms typically drive value. Property 1 has 4 beds and 1 bath — a high bedroom count, but only one bathroom, which may be a drawback in a family setting. Property 2 has 3 beds and 2 baths — a more balanced layout, and a much larger lot.

In real estate, lot size often has a strong positive correlation with value, especially in a market where space is valued. A 7000 sqft lot is substantially larger than 3040 sqft, and in the same ZIP code, this would likely command a premium.

Even though Property 1 has more bedrooms, the lack of a bathroom (only 1) and the very small lot may limit its appeal. Property 2 has a more balanced bathroom-to-bedroom ratio (2 baths for 3 beds) and a much larger lot — both of which are strong value drivers.

Given that lot size is a major factor and the difference is substantial, and that the age difference (older home) is not a decisive disadvantage when offset by larger lot and better bathroom count, Property 2 is more likely to have a higher current market value.

CHOICE: 2",2.0,True,0.375609756097561,medium,1,-1,34,-3960.0,year_dominant,True
11354685,11355581,15227,2020/7/1,157406.6667,23.22222222,"Single Family Residence, Residential",1947,1,3,6499.0,sqft,"Forced Air, Natural Gas",Central Air,unknown,149900.0,15227,2020/7/1,191666.3333,18.66666667,"Single Family Residence, Residential",1955,2,2,9117.0,sqft,Natural Gas,Central Air,unknown,221000.0,2.0,"Let's think step by step:

- Type: Both are Single Family Residence → equal
- Bedrooms: Property 1 has 3 beds vs Property 2 has 2 beds → +1 bed for Property 1
- Bathrooms: Property 1 has 1 bath vs Property 2 has 2 baths → +1 bath for Property 2
- Lot size: Property 1 has 6499 sqft vs Property 2 has 9117 sqft → Property 2 has a larger lot (+2618 sqft)
- Year built: Property 1 is 1947 vs Property 2 is 1955 → Property 1 is 8 years older
- Heating: Both use Natural Gas → equal (Property 1 specifies ""Forced Air, Natural Gas"", Property 2 only ""Natural Gas""; however, both have Natural Gas, and Forced Air is a subset of heating type — no advantage to either)
- Cooling: Both have Central Air → equal
- Parking: Both listed as ""unknown"" → cannot compare → no advantage

Now, comparing key value drivers:
- More bedrooms (3 vs 2) favors Property 1
- More bathrooms (2 vs 1) favors Property 2
- Larger lot (9117 vs 6499) favors Property 2
- Older construction (1947 vs 1955) favors Property 1 in terms of age, but age alone is not a strong negative — especially in a 1940s home with central air and natural gas, which are desirable features

However, in real estate valuation, lot size and bedroom count are strong drivers. While Property 1 has one more bedroom, Property 2 has one more bathroom and a significantly larger lot (over 2600 sqft larger). In a market where lot size and bathroom count are valued, especially in a single-family home, this gives Property 2 a clear edge.

Also, despite being built 8 years later, the 1955 home is not significantly older, and modern features like central air and natural gas are present in both.

Since the lot size is a major factor and is substantially larger in Property 2, and bathrooms are a key feature (especially in a 2-bath home), and the bedroom count is only slightly in favor of Property 1, the overall value is more likely to be higher for Property 2.

CHOICE: 2",2.0,True,0.4743162108072048,medium,1,-1,-8,-2618.0,lot_dominant,True
11275385,11275502,15201,2020/1/1,182936.3611,30.5,SingleFamily,1942,2,3,4159.0,sqft,Other,Central,unknown,162750.0,15201,2020/1/1,187068.8889,34.88888889,SingleFamily,1890,2,3,7623.0,sqft,"Forced air, Gas",Central,unknown,235000.0,2.0,"Let's think step by step:

- Type: Both are Single Family → equal
- Bedrooms: Both have 3 → equal
- Bathrooms: Both have 2 → equal
- Lot size: Property 2 has 7623 sqft vs Property 1's 4159 sqft → Property 2 has a significantly larger lot (+3464 sqft) → advantage for Property 2
- Year built: Property 1 is 1942, Property 2 is 1890 → Property 2 is 52 years older → older homes may have more wear, but in this context, older homes in a stable market may have historical value or be more unique, but we are comparing current market value. However, in real estate, newer homes often have updated systems and are more desirable, but here, Property 2 is older and may have outdated features.
- Heating: Property 2 has Forced Air, Gas (which is common and reliable), Property 1 has ""Other"" — ""Other"" is less specific and potentially less desirable or less efficient than known systems like forced air with gas. This gives a slight disadvantage to Property 1.
- Cooling: Both have Central Cooling → equal
- Parking: Both have ""unknown"" → cannot compare → no advantage either way

Key comparison:
- Lot size is a major factor in value, especially in a market where land is valuable. Property 2 has over 1.8x the lot size.
- Age: Property 2 is older, which may be a disadvantage, but in the absence of known upgrades or features, older homes can still be valuable if they are well-maintained. However, in a market where newer homes have modern systems, the older age of Property 2 may reduce its appeal.
- Heating: Property 2 has a known, standard, efficient system (forced air, gas), while Property 1 has ""Other"" — which is vague and potentially less desirable.

But the lot size difference is substantial and directly impacts market value. In the same ZIP code and market, larger lots typically command higher prices.

Even though Property 2 is older, the larger lot and better-defined heating system (vs ""Other"") outweigh the age disadvantage.

CHOICE: 2",2.0,True,0.44393241167434716,medium,0,0,52,-3464.0,year_dominant,True
11343591,11344062,15218,2022/6/1,545816.129,14.51612903,"Single Family Residence, Residential",1925,3,4,5998.0,sqft,"Hot Water, Natural Gas","Central Air, Electric",unknown,650000.0,15218,2022/6/1,473224.4681,14.5212766,"Single Family Residence, Residential",1933,2,3,4199.0,sqft,"Hot Water, Natural Gas",Window A/C,unknown,490000.0,1.0,"Let's think step by step:

- Type: Both are Single Family Residence → equal
- Bedrooms: Property 1 has 4 beds vs Property 2 has 3 beds → +1 bed for Property 1
- Bathrooms: Property 1 has 3 baths vs Property 2 has 2 baths → +1 bath for Property 1
- Lot size: Property 1 has 5998 sqft vs Property 2 has 4199 sqft → +1799 sqft for Property 1
- Year built: Property 1 is 1925 vs Property 2 is 1933 → Property 1 is 8 years older → older age is a disadvantage
- Heating: Both have Hot Water and Natural Gas → equal
- Cooling: Property 1 has Central Air, Electric vs Property 2 has Window A/C → Central Air is superior to Window A/C in comfort, efficiency, and market appeal → + value for Property 1
- Parking: Both have ""unknown"" → cannot compare → no advantage either way

Summary of advantages:
- Property 1: more bedrooms, more bathrooms, larger lot, better cooling
- Property 2: newer construction (but only 8 years newer, not significant), smaller lot, worse cooling

Even though Property 1 is older, the advantages in bedroom count, bathroom count, lot size, and cooling (central air) are substantial and directly impact market value. In a competitive market, modern features like central air and larger living space with more bedrooms and bathrooms significantly increase desirability and value.

The age difference is minor (8 years), and in a market where central air is a key differentiator, it provides a clear value edge.

CHOICE: 1",1.0,True,0.32653061224489793,medium,1,1,-8,1799.0,mixed,True
11642781,11643821,15237,2022/4/1,359261.5385,28.58974359,"Single Family Residence, Residential",1941,2,4,1.33,Acres,"Hot Water, Natural Gas",Electric,unknown,460000.0,15237,2022/4/1,350988.8889,14.44444444,"Single Family Residence, Residential",1950,3,3,0.72,Acres,"Forced Air, Natural Gas","Central Air, Electric",unknown,346000.0,1.0,"Let's think step by step:

- Type: Both are Single Family Residence → equal
- Bedrooms: Property 1 has 4 beds vs Property 2 has 3 beds → +1 bed for Property 1
- Bathrooms: Property 1 has 2 baths vs Property 2 has 3 baths → +1 bath for Property 2
- Lot size: Property 1 has 1.33 Acres vs Property 2 has 0.72 Acres → Property 1 has significantly larger lot (+0.61 acres) → major advantage for Property 1
- Year Built: Property 1 is 1941, Property 2 is 1950 → Property 1 is 9 years older → disadvantage for Property 1
- Heating: Property 1 has Hot Water + Natural Gas vs Property 2 has Forced Air + Natural Gas → Hot Water is generally considered a higher-end, more efficient system → advantage for Property 1
- Cooling: Property 1 has Electric only vs Property 2 has Central Air + Electric → Central Air is more desirable than Electric cooling → advantage for Property 2
- Parking: Both have ""unknown"" → cannot compare → no difference

Now, weigh the features:

- Bedrooms: +1 for Property 1
- Bathrooms: +1 for Property 2 (3 vs 2)
- Lot size: +0.61 acres → strong advantage for Property 1 (larger lot is valuable in many markets)
- Age: Property 1 is older → disadvantage
- Heating: Hot Water is better than Forced Air → advantage for Property 1
- Cooling: Central Air is better than Electric → advantage for Property 2

Net evaluation:
- Property 1 has more bedrooms (4 vs 3), larger lot, better heating
- Property 2 has more bathrooms (3 vs 2), better cooling

But in a residential market, lot size and bedroom count are often more significant than bathroom count, especially when lot size is substantially larger. Also, while central air is better, electric cooling is still functional and common. Hot water heating is a premium feature.

The 0.61-acre lot difference is substantial and often drives value. The 1-bedroom difference is offset by the larger lot and better heating.

Despite being older, Property 1 has a larger lot, more bedrooms, and better heating — all key value drivers.

CHOICE: 1",1.0,True,0.32947976878612717,medium,1,-1,-9,0.6100000000000001,mixed,True
11277964,11620016,15206,2021/3/1,285464.5,25.0,"Single Family Residence, Residential",1928,2,3,2748.0,sqft,"Radiant, Natural Gas",Window A/C,unknown,362765.0,15206,2021/3/1,244870.0,23.0,"Townhouse, Residential",1925,1,2,2565.0,sqft,"Hot Water, Natural Gas",Central Air,unknown,270000.0,1.0,"Let's think step by step:

- Type: Property 1 is Single Family Residence, Property 2 is Townhouse  
  → Single family homes typically command higher value than townhouses in the same market, especially in a comparable neighborhood and time period. So Property 1 has a structural advantage.

- Year Built: Property 1 (1928) vs Property 2 (1925)  
  → Property 2 is 3 years newer, which is a minor advantage, but not significant given the age of both properties.

- Bedrooms: Property 1 has 3 beds vs Property 2 has 2 beds  
  → +1 bedroom for Property 1 → significant value driver.

- Bathrooms: Property 1 has 2 baths vs Property 2 has 1 bath  
  → +1 bathroom for Property 1 → another strong value driver.

- Lot Size: Property 1 has 2748 sqft vs Property 2 has 2565 sqft  
  → Property 1 has a larger lot (+183 sqft) → slight advantage for Property 1.

- Heating: Property 1 has Radiant, Natural Gas vs Property 2 has Hot Water, Natural Gas  
  → Radiant heating is less common and generally less efficient than hot water or forced air. Hot water is more modern and efficient. So Property 2 has a slight edge in heating technology.

- Cooling: Property 1 has Window A/C vs Property 2 has Central Air  
  → Central air is significantly more desirable and comfortable than window AC. This is a major advantage for Property 2.

- Parking: Both have ""unknown"" → cannot compare → no decision here.

Now, weighing the features:

- Property 1 has more bedrooms, more bathrooms, and a slightly larger lot — all strong value drivers.
- Property 2 has newer construction (slight edge), better heating (hot water), and superior cooling (central air).

However, in residential real estate, bedroom and bathroom count are often more impactful than heating or cooling type, especially when comparing across property types.

But here's the key: Property 1 is a Single Family Residence (higher value type), while Property 2 is a Townhouse (typically lower value, especially in a market where single-family homes are preferred).

Even though Property 2 has central air and better heating, the structural type, bedroom/bathroom count, and overall layout advantages of a single-family home outweigh these.

In the same ZIP code and month, single-family homes with more bedrooms and bathrooms are generally more valuable than townhouses with fewer rooms and less modern features.

CHOICE: 1",1.0,True,0.3435740740740741,medium,1,1,3,183.0,mixed,True
11533433,11568209,15235,2020/7/1,153994.2727,22.72727273,SingleFamily,1963,3,4,7643.0,sqft,Other,Central,unknown,195000.0,15235,2020/7/1,135534.25,17.625,SingleFamily,1967,2,3,7832.0,sqft,Forced air,Central,unknown,140000.0,1.0,"Let's think step by step:

- Type: Both are Single Family → equal
- Bedrooms: Property 1 has 4 vs Property 2 has 3 → +1 bedroom for Property 1
- Bathrooms: Property 1 has 3 vs Property 2 has 2 → +1 bathroom for Property 1
- Lot size: Property 1 has 7643 sqft vs Property 2 has 7832 sqft → Property 2 has a larger lot (+189 sqft)
- Year built: Property 1 is 1963 vs Property 2 is 1967 → Property 1 is 4 years older (less favorable)
- Heating: Property 1 has ""Other"" vs Property 2 has ""Forced air"" → ""Other"" is less specific and potentially less desirable than standard forced air; no clear advantage
- Cooling: Both have Central → equal
- Parking: Both have ""unknown"" → cannot compare; no advantage either way

Now, comparing the key value drivers:
- Property 1 has more bedrooms (4 vs 3) and more bathrooms (3 vs 2), which are strong value drivers in home valuation.
- Property 2 has a slightly larger lot (7832 vs 7643), but the difference is small (only ~189 sqft).
- Property 1 is older by 4 years, which is a minor disadvantage, but not decisive given the larger bedroom and bathroom advantage.
- Heating and cooling are equal in quality (both have central cooling; heating is less clear, but ""Other"" is not clearly inferior).

In a market where bedroom and bathroom count are strong indicators of value, and both are in the same zip and month, the property with more bedrooms and bathrooms (Property 1) is more likely to have a higher market value.

CHOICE: 1",1.0,True,0.39285714285714285,medium,1,1,-4,-189.0,mixed,True
11557965,11618233,15237,2020/9/1,315550.6364,11.81818182,"Single Family Residence, Residential",1956,3,4,0.33,Acres,"Forced Air, Natural Gas","Central Air, Electric",unknown,324900.0,15237,2020/9/1,291440.5333,15.66666667,"Single Family Residence, Residential",1957,3,3,1.1,Acres,"Forced Air, Natural Gas",Central Air,unknown,435000.0,2.0,"Let's think step by step:

- Type: Both are Single Family Residence → equal
- Year Built: Property 1 is 1956, Property 2 is 1957 → Property 1 is 1 year older → slightly less desirable, but very close
- Bedrooms: Property 1 has 4 beds vs Property 2 has 3 beds → +1 bedroom for Property 1
- Bathrooms: Both have 3 baths → equal
- Lot Size: Property 1 has 0.33 Acres, Property 2 has 1.1 Acres → Property 2 has a lot size of 1.1 / 0.33 ≈ 3.3 times larger → significant advantage for Property 2
- Heating: Both have Forced Air and Natural Gas → equal
- Cooling: Property 1 has Central Air, Electric; Property 2 has Central Air only → Property 1 has electric as backup, but both have central air. Property 1 has more complete cooling system (central air + electric), which may offer better comfort and reliability. However, central air is standard and both have it. The electric component is minor and not a major differentiator.
- Parking: Both have ""unknown"" → cannot compare → no advantage either way

Key comparison:
- Property 1 has one more bedroom (4 vs 3), which is a positive.
- Property 2 has a much larger lot (1.1 vs 0.33 acres) — this is a major factor in residential value, especially in a market where lot size and outdoor space are valued.
- The age difference is only 1 year — negligible.
- Cooling: Property 1 has central air + electric, Property 2 has only central air — this gives Property 1 a slight edge in cooling flexibility, but not enough to outweigh the lot size advantage.

In real estate, lot size often has a stronger impact on value than a single bedroom difference, especially in a market where land is a key component of value.

CHOICE: 2",2.0,True,0.33887349953831947,medium,1,0,-1,-0.77,bedrooms_dominant,True
11429174,11467668,15236,2020/6/1,198280.1111,27.77777778,SingleFamily,1930,3,3,8999.0,sqft,Other,Central,unknown,210000.0,15236,2020/6/1,179516.0,23.0,SingleFamily,1955,2,3,6499.0,sqft,"Other, Gas",Central,unknown,145101.0,1.0,"Let's think step by step:

- Type: Both are Single Family → equal
- Bedrooms: Both have 3 bedrooms → equal
- Bathrooms: Property 1 has 3 baths vs Property 2 has 2 baths → +1 bath for Property 1
- Lot size: Property 1 has 8999 sqft vs Property 2 has 6499 sqft → +2500 sqft for Property 1
- Year built: Property 1 is 1930, Property 2 is 1955 → Property 2 is 25 years newer → newer = generally more valuable
- Heating: Property 1 has ""Other"", Property 2 has ""Other, Gas"" → Property 2 has gas heating, which is typically more efficient and desirable than ""Other"" (which is less specified and potentially less efficient)
- Cooling: Both have Central cooling → equal
- Parking: Both have ""unknown"" → cannot compare → no advantage either way

Now, comparing the key value drivers:
- Property 1 has more bathrooms (3 vs 2) and a larger lot (8999 vs 6499 sqft)
- Property 2 is newer (25 years) and has gas heating (a more desirable feature than ""Other"")

However, in real estate valuation, newer age and better heating systems are positive, but lot size and bathroom count are also strong indicators.

But note: Property 1 has a significantly larger lot (over 2500 sqft more) and more bathrooms (1 more), which are direct value drivers. The heating difference is minor — ""Other"" is vague, and gas is better, but the advantage is small.

In the same market, with same type and similar bedroom count, larger lot and more bathrooms typically outweigh a 25-year age difference when the age difference is not extreme.

Also, the age difference is 25 years — while newer is better, the 1930 home is not outdated in a way that negates value, especially with modern features like central cooling and more bathrooms.

Therefore, despite being older, Property 1 has superior lot size and bathroom count — two major value drivers.

CHOICE: 1",1.0,True,0.447267765211818,medium,0,1,-25,2500.0,bathrooms_dominant,True
11370489,11616581,15237,2020/12/1,473208.1667,28.5,"Single Family Residence, Residential",1863,5,5,3.5,Acres,"Forced Air, Natural Gas","Other, Central Air",unknown,590000.0,15237,2020/12/1,485033.1538,11.07692308,"Single Family Residence, Residential",1999,3,4,0.46,Acres,"Forced Air, Natural Gas",Central Air,unknown,439000.0,1.0,"Let's think step by step:

- Type: Both are Single Family Residence → equal
- Bedrooms: Property 1 has 5 vs Property 2 has 4 → +1 bedroom for Property 1
- Bathrooms: Property 1 has 5 vs Property 2 has 3 → +2 bathrooms for Property 1
- Lot size: Property 1 has 3.5 Acres vs Property 2 has 0.46 Acres → Property 1 has a lot size that is significantly larger (about 7.6 times bigger) → major advantage for Property 1
- Year Built: Property 1 is 1863, Property 2 is 1999 → Property 2 is 136 years newer → much more modern, which generally increases value, but age is not the only factor
- Heating: Both have Forced Air and Natural Gas → equal
- Cooling: Property 1 has ""Other, Central Air"" vs Property 2 has Central Air → both have central air, though Property 1's cooling is listed as ""Other"" which may imply less standard or less clear, but since both have central air, this is not a decisive difference
- Parking: Both have ""unknown"" → cannot compare → no advantage either way

Key value drivers in residential real estate:
- More bedrooms and bathrooms → higher value
- Larger lot size → higher value (especially in a market where land is scarce)
- Modern features (like central air, newer construction) → higher value

Even though Property 1 is extremely old (1863), the massive advantage in lot size (3.5 acres vs 0.46 acres), plus more bedrooms and bathrooms, outweighs the age disadvantage. In the same ZIP code and month, market value is driven by size, layout, and features — not just age.

Property 2 is newer, but has a much smaller lot, fewer bedrooms, and fewer bathrooms.

CHOICE: 1",1.0,True,0.3439635535307517,medium,1,2,-136,3.04,mixed,True
11394062,11506768,15236,2020/8/1,158640.6364,13.54545455,"Single Family Residence, Residential",1953,1,2,7440.0,sqft,"Forced Air, Natural Gas",Central Air,unknown,165000.0,15236,2020/8/1,177930.3636,21.27272727,"Single Family Residence, Residential",1957,2,3,6921.0,sqft,Natural Gas,Central Air,unknown,228000.0,2.0,"Let's think step by step:

- Type: Both are Single Family Residence → equal
- Year Built: Property 1 is 1953, Property 2 is 1957 → Property 1 is 4 years older → less favorable for newer construction, but both are from the same era
- Bedrooms: Property 1 has 2, Property 2 has 3 → +1 bedroom for Property 2
- Bathrooms: Property 1 has 1, Property 2 has 2 → +1 bathroom for Property 2
- Lot Size: Property 1 has 7440 sqft, Property 2 has 6921 sqft → Property 1 has a larger lot (+519 sqft)
- Heating: Both have Natural Gas → equal (Property 1 specifies ""Forced Air, Natural Gas"", Property 2 only ""Natural Gas"" — but both have natural gas; forced air is not a disadvantage since it's common and not specified as outdated)
- Cooling: Both have Central Air → equal
- Parking: Both have ""unknown"" → cannot compare → no advantage either way

Now, comparing key value drivers:
- More bedrooms and bathrooms generally increase value.
- Property 2 has 3 beds and 2 baths vs Property 1’s 2 beds and 1 bath → clearly superior in bedroom and bathroom count.
- Lot size is slightly smaller for Property 2, but the difference is small (only ~500 sqft), and in a market where lot size matters, a larger lot is better — but here, Property 1 has a larger lot.
- However, the bedroom and bathroom advantages are significant and directly impact market value.
- Age difference is minimal (4 years) and does not outweigh the bedroom/bathroom advantage.

In a standard residential market, additional bedrooms and bathrooms are strong value drivers, especially when the age and lot size are comparable.

Even though Property 1 has a larger lot, the added bedroom and bathroom in Property 2 provide a more substantial value uplift.

CHOICE: 2",2.0,True,0.38181818181818183,medium,-1,-1,-4,519.0,mixed,True
11395079,11395432,15212,2022/3/1,225682.1656,23.55414013,"Single Family Residence, Residential",1900,2,3,1058.0,sqft,"Forced Air, Natural Gas","Central Air, Electric",Open Parking,276500.0,15212,2022/3/1,205001.3793,12.17931034,"Single Family Residence, Residential",1900,3,4,1825.0,sqft,Natural Gas,Central Air,Open Parking,372000.0,2.0,"Let's think step by step:

- Type: Both are Single Family Residence → equal
- Year Built: Both built in 1900 → equal (same age)
- Bedrooms: Property 2 has 4 vs Property 1 has 3 → +1 bedroom for Property 2
- Bathrooms: Property 2 has 3 vs Property 1 has 2 → +1 bathroom for Property 2
- Lot Size: Property 2 has 1825 sqft vs Property 1 has 1058 sqft → +767 sqft for Property 2
- Heating: Property 1 has Forced Air + Natural Gas, Property 2 has only Natural Gas → Property 1 has an additional heating method (Forced Air), which may be a slight advantage, but both have Natural Gas, so this is marginal
- Cooling: Property 1 has Central Air + Electric, Property 2 has Central Air only → Property 1 has Electric cooling as an added feature (though both have Central Air)
- Parking: Both have Open Parking → equal

Now, comparing key value drivers:
- More bedrooms and bathrooms → higher demand and value
- Larger lot → more land, which increases value in residential markets
- Both have Central Air, which is a strong feature in this market
- Property 1 has Forced Air (which may be more efficient or traditional), but Property 2 has only Natural Gas heating — however, both have Natural Gas, so this is not a decisive factor
- Property 1 has Electric cooling, which is a minor advantage, but both have Central Air

Despite the heating and cooling differences, the key advantages for Property 2 are:
- 1 more bedroom
- 1 more bathroom
- 767 sqft larger lot

These are significant and directly impact market value in a residential context.

Even though Property 1 has a slightly better heating system (Forced Air), the additional space and room count in Property 2 outweigh this.

CHOICE: 2",2.0,True,0.3453887884267631,medium,-1,-1,0,-767.0,mixed,True
11429990,11469194,15236,2020/11/1,180613.0,16.0,"Single Family Residence, Residential",1948,2,3,9069.0,sqft,"Forced Air, Natural Gas",Central Air,unknown,182900.0,15236,2020/11/1,168694.0,15.0,"Single Family Residence, Residential",1954,2,3,7150.0,sqft,"Forced Air, Natural Gas","Central Air, Electric",unknown,140000.0,1.0,"Let's think step by step:

- Type: Both are Single Family Residence → equal
- Bedrooms: Both have 3 bedrooms → equal
- Bathrooms: Both have 2 bathrooms → equal
- Lot size: Property 1 has 9069 sqft vs Property 2 has 7150 sqft → Property 1 has a larger lot (+1919 sqft) → + value for Property 1
- Year built: Property 1 is 1948, Property 2 is 1954 → Property 1 is 6 years older → older age typically reduces value, so this is a disadvantage for Property 1
- Heating: Both have Forced Air and Natural Gas → equal
- Cooling: Property 1 has Central Air only; Property 2 has Central Air and Electric → Property 2 has an additional cooling option (electric) → this is a minor advantage for Property 2
- Parking: Both have ""unknown"" → cannot compare → no difference

Now, comparing the key differentiators:
- Lot size favors Property 1 (larger lot)
- Age favors Property 2 (newer by 6 years)
- Cooling: Property 2 has an additional cooling option (electric), which may be a small advantage in some markets, but central air is already present in both

In a market where lot size is a significant factor (especially in single-family homes), the larger lot in Property 1 provides a clear advantage. While Property 2 is newer, the age difference is only 6 years, which is relatively small, and in a market where central air is standard, the addition of electric cooling is a minor upgrade.

Since the lot size is a major driver of value and Property 1 has a significantly larger lot, and no other feature outweighs that, Property 1 is more likely to have a higher current market value.

CHOICE: 1",1.0,True,0.30642857142857144,medium,0,0,-6,1919.0,mixed,True
11617295,11643925,15237,2020/12/1,276879.8462,17.61538462,"Single Family Residence, Residential",1925,2,4,1.08,Acres,Natural Gas,Electric,unknown,390000.0,15237,2020/12/1,308841.0,13.0,"Single Family Residence, Residential",1983,3,4,0.28,Acres,"Forced Air, Natural Gas",Central Air,unknown,290000.0,1.0,"Let's think step by step:

- Type: Both are Single Family Residence → equal
- Bedrooms: Both have 4 → equal
- Bathrooms: Property 2 has 3 vs Property 1 has 2 → +1 bath for Property 2
- Lot size: Property 1 has 1.08 Acres vs Property 2 has 0.28 Acres → Property 1 has a lot size of 1.08 / 0.28 ≈ 3.86 times larger → significant advantage for Property 1
- Year Built: Property 1 is 1925, Property 2 is 1983 → Property 2 is 58 years newer → newer age is generally favorable, but not decisive here
- Heating: Property 1 has Natural Gas; Property 2 has Forced Air + Natural Gas → both have natural gas, but Property 2 has additional forced air (which is standard), so no clear advantage
- Cooling: Property 1 has Electric; Property 2 has Central Air → Central Air is generally more desirable than Electric cooling, especially in a climate where cooling is a major concern → Property 2 has a clear advantage in cooling
- Parking: Both have ""unknown"" → cannot compare → no advantage either way

Now, comparing the key differentiators:
- Bathrooms: +1 for Property 2
- Lot size: +3.86x for Property 1 → this is a major factor in residential value, especially in a market where lot size and outdoor space are valued
- Cooling: Central Air (P2) > Electric (P1) → P2 has a clear edge
- Age: P2 is newer → slight edge for P2, but not enough to offset the lot size advantage

However, lot size is a very strong driver of value in single-family homes, especially in a market where land is a key component. A 1.08-acre lot is vastly superior to 0.28-acre — this alone gives Property 1 a substantial value edge.

Even though Property 2 has better cooling and one more bathroom, the lot size advantage is so significant that it outweighs those benefits.

CHOICE: 1",1.0,True,0.3448275862068966,medium,0,-1,-58,0.8,bathrooms_dominant,True
11452448,11534634,15235,2022/6/1,125451.6484,21.69230769,"Single Family Residence, Residential",1959,2,2,5998.0,sqft,"Forced Air, Natural Gas",Window A/C,unknown,124500.0,15235,2022/6/1,139321.2121,25.85606061,"Single Family Residence, Residential",1952,1,3,6629.0,sqft,"Forced Air, Natural Gas",Central Air,unknown,177000.0,2.0,"Let's think step by step:

- Type: Both are Single Family Residence → equal
- Year Built: Property 2 (1952) is 7 years newer than Property 1 (1959) → Property 2 has a newer construction, which generally adds value
- Bedrooms: Property 2 has 3 vs Property 1's 2 → +1 bedroom for Property 2
- Bathrooms: Property 2 has 1 vs Property 1's 2 → Property 1 has 1 more bathroom (2 vs 1)
- Lot Size: Property 2 has 6629 sqft vs Property 1's 5998 sqft → +631 sqft for Property 2
- Heating: Both have Forced Air and Natural Gas → equal
- Cooling: Property 2 has Central Air vs Property 1's Window A/C → Central Air is generally more desirable and valuable than Window A/C
- Parking: Both have ""unknown"" → cannot compare, so no advantage either way

Now, comparing the trade-offs:
- Property 2 has a newer build (7 years), 1 more bedroom, larger lot (+631 sqft), and superior cooling (Central Air vs Window A/C)
- Property 1 has 1 more bathroom, but that is a smaller advantage than the others

In real estate, newer construction, more bedrooms, larger lot, and better cooling systems are typically stronger value drivers than a single extra bathroom.

Even though Property 1 has more bathrooms, the combination of newer age, more bedrooms, larger lot, and better cooling in Property 2 gives it a clear edge in market value.

CHOICE: 2",2.0,True,0.42168674698795183,medium,-1,1,7,-631.0,mixed,True
11311611,11358193,15228,2020/9/1,361826.2,34.8,"Single Family Residence, Residential",1920,3,6,0.39,Acres,Natural Gas,"Central Air, Electric",unknown,425000.0,15228,2020/9/1,375169.5455,19.81818182,"Single Family Residence, Residential",1928,5,4,0.28,Acres,"Forced Air, Natural Gas","Central Air, Electric",unknown,310000.0,1.0,"Let's think step by step:

- Type: Both are Single Family Residence → equal
- Year Built: Property 1 is 1920, Property 2 is 1928 → Property 1 is 8 years older → less desirable in terms of age (older homes typically have more wear and less modern features)
- Bedrooms: Property 1 has 6 vs Property 2 has 4 → +2 bedrooms for Property 1
- Bathrooms: Property 1 has 3 vs Property 2 has 5 → +2 baths for Property 2
- Lot Size: Property 1 has 0.39 Acres vs Property 2 has 0.28 Acres → Property 1 has a larger lot (+0.11 acres) → more desirable
- Heating: Both have Natural Gas and Forced Air (Property 1: Natural Gas; Property 2: Forced Air + Natural Gas) → Property 2 has an additional Forced Air, but both have gas → no clear advantage
- Cooling: Both have Central Air and Electric → equal
- Parking: Both have ""unknown"" → cannot compare → no advantage

Now, comparing key value drivers:
- Bedrooms: Property 1 has 6 beds (vs 4) → significant advantage
- Bathrooms: Property 2 has 5 baths (vs 3) → also a strong advantage
- Lot size: Property 1 has larger lot (0.39 vs 0.28) → advantage for P1
- Age: Property 1 is older (1920 vs 1928) → disadvantage for P1

But in real estate, bedroom and bathroom counts are strong drivers of value, especially in a single-family home. A 6-bedroom home is typically more valuable than a 4-bedroom, even if it has fewer bathrooms. However, 5 baths vs 3 baths is a significant upgrade in comfort and functionality.

But note: 6 beds + 3 baths vs 4 beds + 5 baths — which is more valuable?

In most markets, bedroom count is a stronger driver than bathroom count, especially in larger homes. A 6-bedroom home is rare and highly desirable, while 5 bathrooms may be more common in a larger home.

Also, lot size is a key factor — 0.39 acres is significantly larger than 0.28 acres (11% larger), which adds outdoor space and potential for expansion or landscaping.

Age is a disadvantage for Property 1 (1920 vs 1928), but both are from the early 20th century — not extremely old, and both have central air and gas heating.

However, the bedroom count (6 vs 4) is a major advantage for Property 1. In a market where space and family size are key, 6 bedrooms is a strong value driver.

Even though Property 2 has more bathrooms, the bedroom count is more impactful in determining market value for a single-family home.

Also, the lot size advantage (0.39 vs 0.28) is a solid plus for Property 1.

Therefore, despite the age disadvantage, Property 1 has more bedrooms, more lot size, and similar cooling/heating.

CHOICE: 1",1.0,True,0.3709677419354839,medium,2,-2,-8,0.10999999999999999,mixed,True
11308484,11436909,15210,2022/7/1,174656.4103,17.94871795,"Single Family Residence, Residential",1927,2,4,3484.0,sqft,"Forced Air, Natural Gas",Central Air,unknown,205000.0,15210,2022/7/1,144476.087,21.04347826,"Single Family Residence, Residential",1945,2,3,4800.0,sqft,"Forced Air, Natural Gas",Window A/C,unknown,138000.0,1.0,"Let's think step by step:

- Type: Both are Single Family Residence → equal
- Bedrooms: Property 1 has 4 beds vs Property 2 has 3 beds → +1 bed for Property 1
- Bathrooms: Both have 2 bathrooms → equal
- Lot size: Property 1 has 3484 sqft vs Property 2 has 4800 sqft → Property 2 has a larger lot (+1316 sqft)
- Year built: Property 1 is 1927 vs Property 2 is 1945 → Property 1 is 18 years older
- Heating: Both have Forced Air and Natural Gas → equal
- Cooling: Property 1 has Central Air vs Property 2 has Window A/C → Central Air is generally more desirable and efficient than Window A/C, especially in a market where climate and comfort matter
- Parking: Both have ""unknown"" → cannot compare, so no advantage either way

Now, comparing key value drivers:
- More bedrooms (4 vs 3) → favors Property 1
- Larger lot (4800 vs 3484) → favors Property 2
- Cooling: Central Air (P1) is superior to Window A/C (P2) → favors Property 1
- Age: Older home (P1) may have more wear, but in a market where newer homes are not necessarily more valuable due to other features, this is a disadvantage for P1

However, in a residential market, bedroom count and cooling quality are strong value drivers. Central air is a significant upgrade over window AC, especially in a region with hot summers (implied by the need for cooling). The extra bedroom (4 vs 3) is a major plus. While the lot is larger in Property 2, the difference is only about 1300 sqft, which is modest.

The cooling system is a key differentiator — central air is more efficient, more comfortable, and more desirable than window AC. This is a strong advantage for Property 1.

Even though Property 2 has a larger lot, the bedroom and cooling advantages outweigh the lot size difference.

CHOICE: 1",1.0,True,0.4855072463768116,medium,1,0,-18,-1316.0,bedrooms_dominant,True
11656278,11658318,15216,2020/8/1,281488.7273,24.54545455,"Single Family Residence, Residential",1915,2,4,3136.0,sqft,"Forced Air, Natural Gas","Window A/C, Central Air",unknown,285000.0,15216,2020/8/1,336498.9,18.1,"Single Family Residence, Residential",1936,2,3,8084.0,sqft,Hot Water,Central Air,unknown,383000.0,2.0,"Let's think step by step:

- Type: Both are Single Family Residence → equal
- Bedrooms: Property 1 has 4 beds vs Property 2 has 3 beds → +1 bed for Property 1
- Bathrooms: Both have 2 bathrooms → equal
- Lot size: Property 1 has 3136 sqft vs Property 2 has 8084 sqft → Property 2 has a much larger lot (+4948 sqft) → significant advantage for Property 2
- Year built: Property 1 is 1915, Property 2 is 1936 → Property 2 is 21 years newer → more modern construction, potentially better materials and efficiency
- Heating: Property 1 has Forced Air, Natural Gas; Property 2 has Hot Water → Hot water heating is less common and typically more expensive to operate, but not necessarily less valuable. However, forced air is more common and efficient in many markets. This is a minor point; no clear advantage.
- Cooling: Property 1 has both Window A/C and Central Air → central air is superior to window A/C. Property 2 has only Central Air → Property 1 has a better cooling system (dual cooling options, including central air)
- Parking: Both have ""unknown"" → cannot compare → no advantage either way

Now, comparing the key value drivers:
- More bedrooms (4 vs 3) → Property 1 has a clear advantage
- Larger lot (8084 vs 3136) → Property 2 has a massive advantage in lot size
- Newer construction (1936 vs 1915) → Property 2 is newer by 21 years → better insulation, updated systems, etc.
- Cooling: Property 1 has both window and central air → central air is better, but window A/C is still present. Property 2 has only central air → Property 1 has better cooling options

However, lot size is a major factor in residential valuation, especially in a market where land is a key differentiator. A 3000 sqft lot is significantly smaller than an 8000 sqft lot. In the same ZIP code and market, larger lots typically command higher prices.

Even though Property 1 has more bedrooms, the lot size difference is substantial and likely outweighs the bedroom advantage. The newer age of Property 2 also adds value.

Therefore, despite having fewer bedrooms, Property 2 has a larger lot, is newer, and has better cooling (central air only, but still central air), while Property 1 has a smaller lot and mixed cooling.

CHOICE: 2",2.0,True,0.34385964912280703,medium,1,0,-21,-4948.0,bedrooms_dominant,True
11590145,11618500,15237,2021/12/1,233279.661,22.0,"Single Family Residence, Residential",1922,1,2,0.49,Acres,Natural Gas,Central Air,unknown,239500.0,15237,2021/12/1,194340.5594,24.22377622,"Single Family Residence, Residential",1954,2,2,10875.0,sqft,Natural Gas,Central Air,unknown,180000.0,1.0,"Let's think step by step:

- Type: Both are Single Family Residence → equal
- Bedrooms: Both have 2 bedrooms → equal
- Bathrooms: Property 1 has 1 bath, Property 2 has 2 baths → +1 bath for Property 2
- Lot size: Property 1 has 0.49 Acres. Convert to sqft: 0.49 * 43,560 = 21,344.4 sqft. Property 2 has 10,875 sqft. So Property 1 has a lot of 21,344 sqft vs Property 2's 10,875 sqft → Property 1 has a significantly larger lot (over 10,000 sqft larger)
- Year built: Property 1 is 1922, Property 2 is 1954 → Property 1 is 32 years older → older age generally reduces value, but in some markets older homes with good features can hold value
- Heating: Both have Natural Gas → equal
- Cooling: Both have Central Air → equal
- Parking: Both have ""unknown"" → cannot compare → no advantage

Now, comparing key value drivers:
- Bathrooms: Property 2 has 2 baths vs 1 → +1 bath → favorable for Property 2
- Lot size: Property 1 has a much larger lot (21,344 sqft vs 10,875 sqft) → this is a major advantage for Property 1
- Age: Property 1 is older (1922 vs 1954), which is a disadvantage, but not offset by other features

However, in real estate, lot size often has a strong impact on value, especially in a market where land is a key differentiator. A 10,000+ sqft lot is a significant advantage over a smaller lot, even if the home is older.

But note: Property 2 has 2 bathrooms, which is a notable upgrade over 1 bathroom. However, in a 2-bedroom home, 2 bathrooms may be more common or acceptable, but still adds value.

But the lot size difference is massive: Property 1 has over 21,000 sqft, Property 2 has only ~10,900 sqft. That’s a 10,000+ sqft difference — a major factor in value.

Even though Property 1 is older, the larger lot and more bathrooms (Property 2 has 2, Property 1 has 1) are both positive, but the lot size is a more significant driver in residential valuation, especially in a suburban or single-family market.

Therefore, despite the age, Property 1 has a much larger lot and one more bathroom (Property 2 has 2, Property 1 has 1) — wait: correction:

Property 1: 1 bathroom  
Property 2: 2 bathrooms → Property 2 has +1 bath

So Property 2 has more bathrooms.

But Property 1 has a lot of 0.49 acres = 21,344 sqft  
Property 2 has 10,875 sqft → Property 1 has a lot that is about 10,469 sqft larger.

That’s a huge difference. In many markets, lot size is a primary driver of value, especially in single-family homes.

So we have:
- Property 1: 2 beds, 1 bath, 21,344 sqft lot, 1922 (older)
- Property 2: 2 beds, 2 baths, 10,875 sqft lot, 1954 (younger)

The lot size advantage for Property 1 is substantial. The bathroom advantage for Property 2 is modest.

In a market where land value is high (like in a suburban or rural area), a larger lot can outweigh a slightly newer home or fewer bathrooms.

Given that both are in the same zip and month, and no other features differ, the larger lot size gives Property 1 a clear edge in market value.

CHOICE: 1",1.0,True,0.33055555555555555,medium,0,-1,-32,-10874.51,bathrooms_dominant,True
11369409,11369649,15202,2021/8/1,177100.0,16.44444444,"Single Family Residence, Residential",1931,1,3,4800.0,sqft,Natural Gas,Window A/C,unknown,127000.0,15202,2021/8/1,224113.7391,31.08695652,"Single Family Residence, Residential",1905,2,5,0.43,Acres,"Forced Air, Natural Gas",Central Air,unknown,256981.0,2.0,"Let's think step by step:

- Type: Both are Single Family Residence → equal
- Year Built: Property 1 is 1931, Property 2 is 1905 → Property 2 is 26 years older → older homes may have more wear, but in this market, older construction with good systems can still be valuable. However, newer homes often have updated systems and more modern features. Property 2 is older, so this is a disadvantage.
- Bedrooms: Property 2 has 5 vs Property 1's 3 → +2 bedrooms for Property 2 → significant advantage
- Bathrooms: Property 2 has 2 vs Property 1's 1 → +1 bathroom for Property 2 → clear advantage
- Lot Size: Property 1 has 4800 sqft. Property 2 has 0.43 acres.  
  Convert 0.43 acres to sqft: 0.43 × 43,560 = 18,729.8 sqft → Property 2 has ~18,730 sqft vs Property 1's 4800 sqft → Property 2 has a much larger lot → major advantage
- Heating: Property 2 has Forced Air + Natural Gas, Property 1 has Natural Gas only → Property 2 has a more modern and common heating system (forced air is standard and efficient) → advantage for P2
- Cooling: Property 2 has Central Air, Property 1 has Window A/C → Central Air is more desirable and efficient than window units → clear advantage for P2
- Parking: Both have ""unknown"" → cannot compare → no difference

Summary of advantages:
- Property 2 has more bedrooms (+2), more bathrooms (+1), much larger lot (~18,730 vs 4800 sqft), better cooling (central air), and better heating (forced air + natural gas)

Even though Property 2 is older (1905 vs 1931), the significant increases in bedroom count, bathroom count, lot size, and modern HVAC systems outweigh the age difference in a current market where space, comfort, and modern amenities drive value.

CHOICE: 2",2.0,True,1.0234724409448819,easy,-2,-1,26,4799.57,mixed,True
11415481,11568898,15235,2022/2/1,116082.0513,34.11538462,"Single Family Residence, Residential",1950,3,3,0.27,Acres,Natural Gas,Central Air,unknown,229770.0,15235,2022/2/1,139552.6316,12.63909774,"Single Family Residence, Residential",1952,2,3,5998.0,sqft,"Forced Air, Natural Gas","Central Air, Electric",unknown,127500.0,1.0,"Let's think step by step:

- Type: Both are Single Family Residence → equal
- Bedrooms: Both have 3 bedrooms → equal
- Bathrooms: Property 1 has 3 baths vs Property 2 has 2 baths → +1 bath for Property 1
- Lot size: Property 1 has 0.27 Acres. Convert to sqft: 0.27 * 43,560 = 11,761.2 sqft. Property 2 has 5998 sqft → Property 1 has a much larger lot (over 5,700 sqft larger) → significant advantage for Property 1
- Year built: Property 1 (1950) is 2 years older than Property 2 (1952) → Property 2 is slightly newer, but the difference is minimal
- Heating: Property 1 has Natural Gas; Property 2 has Forced Air + Natural Gas → both have natural gas, but Property 2 adds Forced Air (which is standard), so no clear advantage
- Cooling: Property 1 has Central Air; Property 2 has Central Air + Electric → both have central air, Property 2 adds electric cooling (which may be a minor upgrade, but not a major value driver in this context)
- Parking: Both have ""unknown"" → cannot compare → no advantage either way

Key comparison:
- Bathrooms: Property 1 has 3 vs 2 → +1 bath
- Lot size: Property 1 has ~11,761 sqft vs Property 2’s 5,998 sqft → over 5,700 sqft larger → a major factor in home value, especially in a market where lot size is valued
- Age: Property 1 is slightly older, but only by 2 years — negligible impact
- Cooling and heating: both have central air and natural gas; Property 2 adds electric cooling, which is not a significant upgrade in a market where central air is standard

Conclusion: Property 1 has more bathrooms and a significantly larger lot — both are strong value drivers in residential real estate. The lot size advantage is particularly substantial.

CHOICE: 1",1.0,True,0.8021176470588235,easy,0,1,-2,-5997.73,bathrooms_dominant,True
11556684,11648231,15210,2020/9/1,201654.0,23.0,"Single Family Residence, Residential",1949,3,4,0.32,Acres,"Forced Air, Natural Gas",Electric,unknown,248000.0,15210,2020/9/1,170703.4545,21.27272727,"Single Family Residence, Residential",1937,3,5,5000.0,sqft,"Hot Water, Natural Gas",Window A/C,unknown,154900.0,1.0,"Let's think step by step:

- Type: Both are Single Family Residence → equal
- Bedrooms: Property 1 has 4, Property 2 has 5 → +1 for Property 2
- Bathrooms: Both have 3 → equal
- Lot size: Property 1 has 0.32 Acres → 0.32 × 43,560 = 13,939 sqft; Property 2 has 5000 sqft → Property 1 has significantly larger lot (13,939 vs 5,000) → +8,939 sqft for Property 1
- Year Built: Property 1 is 1949, Property 2 is 1937 → Property 2 is 12 years older → older house, potentially more wear, but in a stable market, age alone is not decisive unless other features compensate
- Heating: Property 1 has Forced Air, Natural Gas; Property 2 has Hot Water, Natural Gas → Hot Water is generally considered a higher-end, more efficient system than Forced Air, so Property 2 has a slight advantage
- Cooling: Property 1 has Electric; Property 2 has Window A/C → Electric cooling is more modern and efficient than Window A/C, which is outdated and less effective → Property 1 has a clear advantage
- Parking: Both have ""unknown"" → cannot compare → no difference

Now, comparing key value drivers:
- More bedrooms: Property 2 wins (+1)
- Larger lot: Property 1 wins (by over 8,900 sqft)
- Heating: Property 2 wins (Hot Water > Forced Air)
- Cooling: Property 1 wins (Electric > Window A/C)

Weighing the factors:
- Lot size is a major factor in value, especially in a market where land is a key differentiator. Property 1 has a much larger lot (13,939 sqft vs 5,000 sqft).
- While Property 2 has one more bedroom, the lot size advantage is substantial and likely outweighs the bedroom difference.
- Heating: Hot Water is better, but not a massive differentiator.
- Cooling: Electric is better than Window A/C, so Property 1 wins here.

However, the lot size difference is significant — 13,939 sqft vs 5,000 sqft is a 2.8x difference. In a market where land value is high (especially in a suburban or rural area), this can significantly boost value.

Even though Property 2 has more bedrooms, the lot size advantage of Property 1 is more impactful in residential valuation.

CHOICE: 1",1.0,True,0.6010329244673983,easy,-1,0,12,-4999.68,bedrooms_dominant,True
11307757,11474798,15203,2021/6/1,198232.6,43.1,"Single Family Residence, Residential",1880,2,3,4800.0,sqft,"Natural Gas, Baseboard",Window A/C,unknown,305000.0,15203,2021/6/1,204790.8182,17.77272727,"Single Family Residence, Residential",1900,1,2,1459.0,sqft,"Hot Water, Natural Gas","Window A/C, Wall Unit(s)",unknown,154000.0,1.0,"Let's think step by step:

- Type: Both are Single Family Residence → equal
- Bedrooms: Property 1 has 3 beds vs Property 2 has 2 beds → +1 bed for Property 1
- Bathrooms: Property 1 has 2 baths vs Property 2 has 1 bath → +1 bath for Property 1
- Lot size: Property 1 has 4800 sqft vs Property 2 has 1459 sqft → Property 1 has a lot size that is significantly larger (over 3x bigger) → major advantage for Property 1
- Year built: Property 1 is 1880, Property 2 is 1900 → Property 1 is 20 years older → older age is a disadvantage, but in this market, age is not the only factor
- Heating: Property 1 has Natural Gas + Baseboard; Property 2 has Hot Water + Natural Gas → both use natural gas, but hot water heating is less common and typically less efficient than gas furnaces or heat pumps. Baseboard is common and adequate. No clear advantage here.
- Cooling: Property 1 has Window A/C only; Property 2 has Window A/C and Wall Unit(s) → Property 2 has more cooling options (wall units are more effective than window units, especially in hot climates). This is a disadvantage for Property 1.
- Parking: Both have ""unknown"" → cannot compare → no advantage either way

Now, comparing the key value drivers:
- More bedrooms and bathrooms → Property 1 wins
- Larger lot → Property 1 wins significantly
- Older age → Property 1 loses slightly
- Better cooling (wall units) → Property 2 wins slightly

But in a residential market, lot size, bedroom count, and bathroom count are strong drivers of value. The lot size difference is massive (4800 vs 1459 sqft), and the bedroom/bathroom advantage is clear.

Even though Property 2 has better cooling, the advantages in size and space outweigh that.

Therefore, despite being older, Property 1 has more bedrooms, more bathrooms, and a much larger lot — all of which are strong indicators of higher market value in a comparable market.

CHOICE: 1",1.0,True,0.9805194805194806,easy,1,1,-20,3341.0,year_dominant,True
11507979,11641572,15236,2022/6/1,227184.6154,26.92307692,"Single Family Residence, Residential",1940,3,3,0.32,Acres,"Hot Water, Natural Gas",Central Air,unknown,375000.0,15236,2022/6/1,192428.75,22.425,"Single Family Residence, Residential",1956,2,2,6586.0,sqft,"Forced Air, Natural Gas",Central Air,unknown,174500.0,1.0,"Let's think step by step:

- Type: Both are Single Family Residence → equal
- Bedrooms: Property 1 has 3 beds vs Property 2 has 2 beds → +1 bed for Property 1
- Bathrooms: Property 1 has 3 baths vs Property 2 has 2 baths → +1 bath for Property 1
- Lot size: Property 1 has 0.32 Acres → 0.32 × 43,560 = 13,939.2 sqft; Property 2 has 6,586 sqft → Property 1 has a much larger lot (13,939 vs 6,586 sqft) → +7,353 sqft for Property 1
- Year built: Property 1 is 1940, Property 2 is 1956 → Property 1 is 16 years older → older age is a disadvantage in value, especially in a market where newer homes are preferred
- Heating: Property 1 has Hot Water + Natural Gas; Property 2 has Forced Air + Natural Gas → Hot Water is generally considered a more modern and efficient system than Forced Air, especially in colder climates; this gives Property 1 a slight edge
- Cooling: Both have Central Air → equal
- Parking: Both have ""unknown"" → cannot compare → no advantage either way

Now, comparing the key value drivers:
- Property 1 has more bedrooms (3 vs 2), more bathrooms (3 vs 2), and a significantly larger lot (over 13,900 sqft vs 6,586 sqft)
- Despite being built 16 years earlier, the superior square footage, bedroom/bathroom count, and better heating system (hot water) compensate
- The lot size difference is substantial — a 7,353 sqft advantage in lot size is a major factor in residential value, especially in a market where lot size is valued
- The age disadvantage is offset by the larger lot and better features

Even though Property 2 is newer, the combination of more space, more rooms, and better heating gives Property 1 a clear edge in market value.

CHOICE: 1",1.0,True,1.148997134670487,easy,1,1,-16,-6585.68,lot_dominant,True
11275855,11614859,15201,2021/9/1,296898.3333,20.6,"Single Family Residence, Residential",1960,2,3,6098.0,sqft,"Forced Air, Natural Gas",Central Air,unknown,275000.0,15201,2021/9/1,316610.0556,81.83333333,"Single Family Residence, Residential",2020,3,3,1576.0,sqft,"Forced Air, Natural Gas","Central Air, Electric",unknown,600000.0,2.0,"Let's think step by step:

- Type: Both are Single Family Residence → equal
- Bedrooms: Both have 3 bedrooms → equal
- Bathrooms: Property 2 has 3 vs Property 1 has 2 → +1 bath for Property 2
- Lot size: Property 1 has 6098 sqft vs Property 2 has 1576 sqft → Property 1 has a lot size that is significantly larger (+4522 sqft)
- Year built: Property 2 is built in 2020 (newer) vs Property 1 in 1960 → Property 2 is 60 years newer → this is a major advantage in terms of modern construction, energy efficiency, and updated systems
- Heating: Both have Forced Air and Natural Gas → equal
- Cooling: Property 1 has Central Air; Property 2 has Central Air and Electric → Property 2 has an additional cooling option (electric), which may offer more flexibility, especially in extreme heat or if central air fails
- Parking: Both have ""unknown"" → cannot compare → no advantage either way

Now, comparing the key value drivers:
- More bedrooms and bathrooms: Property 2 has one more bathroom (3 vs 2), which adds value
- Lot size: Property 1 has a much larger lot (6098 vs 1576 sqft) — this is a significant advantage, especially in a market where lot size is valued
- Age: Property 2 is brand new (2020), which is a major plus in terms of modern features, energy efficiency, and lower maintenance needs
- Cooling: Property 2 has both central air and electric cooling — this provides redundancy and flexibility, which can be valuable in certain climates

Even though Property 1 has a larger lot, the newer construction, additional cooling option, and one more bathroom in Property 2 provide substantial value advantages.

In a current market, newer homes with modern systems and better features typically command higher prices, especially when compared to older homes with outdated systems, even if lot size is larger.

Therefore, despite the larger lot, Property 2 is more likely to have a higher current market value due to its newer construction, modern cooling, and better bathroom count.

CHOICE: 2",2.0,True,1.1818181818181819,easy,0,-1,-60,4522.0,bathrooms_dominant,True
11299770,11470081,15236,2021/10/1,235962.7119,18.6779661,"Single Family Residence, Residential",1930,2,2,2.44,Acres,"Forced Air, Natural Gas","Window A/C, Central Air",unknown,265000.0,15236,2021/10/1,171556.8493,49.98630137,"Single Family Residence, Residential",1920,2,3,7000.0,sqft,"Forced Air, Natural Gas",Central Air,unknown,149999.0,1.0,"Let's think step by step:

- Type: Both are Single Family Residence → equal
- Year Built: Property 1 is 1930, Property 2 is 1920 → Property 2 is 10 years older (older homes may have more character, but in market value, newer homes often have updated systems and are more desirable; however, age alone is not decisive here)
- Bedrooms: Property 2 has 3 beds vs Property 1's 2 beds → +1 bedroom for Property 2
- Bathrooms: Both have 2 bathrooms → equal
- Lot Size: Property 1 has 2.44 Acres (≈ 10,600 sqft), Property 2 has 7000 sqft → Property 1 has a significantly larger lot (≈3600 sqft larger)
- Heating: Both have Forced Air and Natural Gas → equal
- Cooling: Property 1 has both Window A/C and Central Air → more modern and reliable cooling than Window A/C alone (Property 2 has only Central Air)
  - Central Air is generally more desirable than Window A/C, especially in a hot climate
  - Property 1 has dual cooling (Window + Central), which is a strong advantage
- Parking: Both have ""unknown"" → cannot compare → no advantage either way

Now, comparing key value drivers:
- More bedrooms (Property 2 has 3 vs 2) → + value
- Larger lot (Property 1 has 2.44 acres vs 7000 sqft) → 2.44 acres = ~10,600 sqft → Property 1 has a much larger lot
- Cooling: Property 1 has both Window and Central Air → more versatile and modern cooling than Property 2's Central Air only
- Age: Property 2 is 10 years older → potentially more historic, but in a market where modern features matter, this may be a disadvantage

However, in real estate valuation, lot size and bedroom count are strong drivers. But here:
- Property 1 has a much larger lot (10,600 sqft vs 7,000 sqft) → significant advantage
- Property 2 has one more bedroom → also a strong advantage
- Property 1 has superior cooling (dual options) → advantage
- Property 2 is older (1920 vs 1930) → slight disadvantage

But note: 2.44 acres is about 10,600 sqft, which is substantially larger than 7,000 sqft. In a market where lot size is a major factor (especially in suburban or rural areas), this is a major value driver.

Also, having both Window and Central Air is a strong feature — it means the home can handle different seasons or weather conditions, and central air is more efficient and comfortable.

Even though Property 2 has more bedrooms, the lot size advantage in Property 1 is substantial and often outweighs a single bedroom difference.

Moreover, in a 1930 home with central air and window AC, the cooling is more modern and reliable than a 1920 home with only central air — though both have natural gas heating.

Final comparison:
- Property 1: larger lot, better cooling (dual), same bathrooms, one more bedroom? No — Property 2 has more bedrooms.
Wait: Property 2 has 3 beds, Property 1 has 2 beds → Property 2 has +1 bedroom.

So:
- Property 2: +1 bedroom
- Property 1: +1000+ sqft lot
- Property 1: dual cooling (Window + Central) → better cooling flexibility
- Property 2: older (1920 vs 1930) → 10 years older → may have outdated systems

But in the same market, age difference of 10 years is not huge, and modern features like dual cooling and larger lot are more impactful.

However, in many markets, lot size and bedroom count are more significant than a 10-year age difference.

But here, Property 1 has a 2.44-acre lot (≈10,600 sqft) vs Property 2's 7,000 sqft → that’s a 3,600 sqft difference — a major advantage.

Also, Property 1 has dual cooling (Window + Central), which is a strong feature — Property 2 only has Central Air.

So Property 1 has:
- Larger lot
- Better cooling (dual)
- Same bathrooms
- One fewer bedroom

Property 2 has:
- One more bedroom
- Older home
- Only central air

In a market where lot size and cooling are valued, Property 1 wins on those.

In many residential markets, especially in the ",1.0,True,0.7666784445229635,easy,-1,0,10,-6997.56,bedrooms_dominant,True
11417585,11451689,15235,2021/12/1,127698.3051,32.03389831,"Single Family Residence, Residential",1950,2,3,5523.0,sqft,"Forced Air, Natural Gas",Central Air,unknown,190000.0,15235,2021/12/1,130482.3129,22.6122449,"Single Family Residence, Residential",1910,2,3,5998.0,sqft,"Radiant, Natural Gas",Window A/C,unknown,125000.0,1.0,"Let's think step by step:

- Type: Both are Single Family Residence → equal
- Bedrooms: Both have 3 bedrooms → equal
- Bathrooms: Both have 2 bathrooms → equal
- Lot size: Property 2 has 5998 sqft vs Property 1's 5523 sqft → Property 2 has a larger lot (+475 sqft) → + value for Property 2
- Year built: Property 2 was built in 1910 vs Property 1 in 1950 → Property 2 is 40 years older → older homes typically have lower value due to age and potential maintenance issues, unless otherwise compensated
- Heating: Property 1 has Forced Air, Natural Gas; Property 2 has Radiant, Natural Gas → Forced Air is more common and generally more efficient and easier to maintain than Radiant heating (which is less common, less efficient, and often associated with older homes). So Forced Air is a positive feature → + value for Property 1
- Cooling: Property 1 has Central Air; Property 2 has Window A/C → Central Air is superior to Window A/C in comfort, efficiency, and year-round usability → + value for Property 1
- Parking: Both have ""unknown"" → cannot compare → no advantage either way

Now, comparing the trade-offs:
- Property 2 has a larger lot (+475 sqft) → positive
- But Property 2 is 40 years older (1910 vs 1950) → significant disadvantage
- Property 1 has better cooling (Central Air vs Window A/C) → significant advantage
- Property 1 has better heating (Forced Air vs Radiant) → significant advantage

Even though lot size is slightly better for Property 2, the age difference and inferior cooling/heating systems in Property 2 outweigh that benefit in a current market where modern comfort features are highly valued.

In a 2021 market, central air and forced air heating are standard and desirable, while radiant heating is outdated and less efficient. Older age (1910) suggests potential structural issues, outdated systems, and higher maintenance costs.

Therefore, Property 1 has more desirable and modern features despite a smaller lot.

CHOICE: 1",1.0,True,0.52,easy,0,0,40,-475.0,year_dominant,True
11277949,11277954,15206,2020/8/1,188943.6667,27.88888889,"Single Family Residence, Residential",1925,2,3,3001.0,sqft,"Forced Air, Natural Gas",Window A/C,Open Parking,219900.0,15206,2020/8/1,161354.4,31.1,"Single Family Residence, Residential",1900,3,2,3998.0,sqft,Natural Gas,Electric,Off Street,110000.0,1.0,"Let's think step by step:

- Type: Both are Single Family Residence → equal
- Year Built: Property 2 (1900) is 25 years older than Property 1 (1925) → older age generally implies lower value, but in some markets older homes with good features can hold value. However, age is a negative factor here for Property 2.
- Bedrooms: Property 1 has 3 beds vs Property 2 has 2 beds → +1 bedroom for Property 1
- Bathrooms: Property 1 has 2 baths vs Property 2 has 3 baths → +1 bath for Property 2
- Lot Size: Property 2 has 3998 sqft vs Property 1 has 3001 sqft → +997 sqft for Property 2
- Heating: Property 1 has Forced Air + Natural Gas; Property 2 has only Natural Gas → Property 1 has more modern heating (Forced Air is generally more efficient and desirable than basic heating systems, though both use natural gas)
- Cooling: Property 1 has Window A/C; Property 2 has Electric cooling → Window A/C is less efficient and less desirable than modern electric cooling (especially in hot climates), but electric cooling is more modern and energy-efficient. However, in older homes, window A/C is common and may be acceptable. Still, electric cooling is generally preferred over window A/C.
- Parking: Property 1 has Open Parking; Property 2 has Off Street → Open parking is typically less desirable than off-street (which implies a dedicated space), but open parking may be more common in older homes. Off-street is generally better than open parking.

Now, comparing key value drivers:

- Bedrooms: Property 1 has 1 more bedroom → + value
- Bathrooms: Property 2 has 1 more bathroom → + value
- Lot size: Property 2 has ~1000 sqft more → + value
- Age: Property 2 is older (1900 vs 1925) → negative for Property 2
- Cooling: Property 1 has Window A/C (less desirable), Property 2 has Electric (more modern and efficient) → Property 2 has better cooling
- Heating: Property 1 has Forced Air (more efficient and modern), Property 2 has only Natural Gas (basic) → Property 1 has better heating
- Parking: Property 2 has off-street (better than open), so + value for Property 2

Now, weighing the trade-offs:

- Property 1: 3 beds, 2 baths, newer build (1925), better heating (forced air), smaller lot (3001), window A/C
- Property 2: 2 beds, 3 baths, older build (1900), better cooling (electric), larger lot (3998), off-street parking

Even though Property 2 has more baths and a larger lot, it is 25 years older and has less desirable cooling (window A/C is outdated and less efficient). Property 1 has better heating (forced air), more bedrooms, and is only 25 years older than the other — but the age difference is not huge.

However, in real estate, bedroom count and lot size are strong drivers. Property 1 has 3 beds vs 2, which is a significant advantage. Property 2 has 3 baths, which is a plus, but bathrooms are often less impactful than bedrooms in value.

Also, in the same market and same time, newer homes with better systems (like forced air) and more bedrooms are typically more valuable.

Despite the larger lot and more baths, the bedroom advantage and better heating system in Property 1 outweigh the disadvantages.

CHOICE: 1",1.0,True,0.9990909090909091,easy,1,-1,25,-997.0,year_dominant,True
11278513,11282714,15206,2021/11/1,278713.3333,12.0,"Single Family Residence, Residential",1930,2,3,3001.0,sqft,Natural Gas,Central Air,unknown,260000.0,15206,2021/11/1,292488.4058,20.84057971,"Single Family Residence, Residential",1933,2,3,4721.0,sqft,Natural Gas,"Other, Central Air",unknown,400000.0,2.0,"Let's think step by step:

- Type: Both are Single Family Residence → equal
- Bedrooms: Both have 3 bedrooms → equal
- Bathrooms: Both have 2 bathrooms → equal
- Year Built: Property 1 is 1930, Property 2 is 1933 → Property 1 is 3 years older → less desirable in terms of age (older homes typically have more wear and less modern features)
- Lot Size: Property 2 has 4721 sqft vs Property 1's 3001 sqft → Property 2 has a significantly larger lot (+1720 sqft) → more valuable in terms of outdoor space and potential
- Heating: Both have Natural Gas → equal
- Cooling: Property 1 has Central Air; Property 2 has ""Other, Central Air"" → both effectively have central air, so this is functionally equivalent
- Parking Type: Both listed as ""unknown"" → no comparative advantage

Key comparison:
- The only meaningful difference is lot size: Property 2 has a much larger lot (4721 vs 3001 sqft).
- Age is slightly in favor of Property 1 (3 years older), but in a market where newer homes are generally more desirable, even a 3-year difference may not outweigh a large lot advantage.
- In residential real estate, lot size is a strong driver of value, especially in a single-family context.
- Since both homes have identical bedroom/bathroom counts and similar heating/cooling, the lot size difference is the most significant differentiator.

CHOICE: 2",2.0,True,0.5384615384615384,easy,0,0,-3,-1720.0,mixed,True
11620181,11620485,15206,2020/4/1,340499.0,18.0,SingleFamily,1920,2,4,4900.0,sqft,"Other, Gas",unknown,unknown,425000.0,15206,2020/4/1,386828.6667,30.66666667,Townhouse,1940,1,3,2861.0,sqft,"Other, Gas",unknown,unknown,239000.0,1.0,"Let's think step by step:

- Type: Property 1 is SingleFamily, Property 2 is Townhouse  
  → SingleFamily homes typically command higher value than Townhouses in the same market, especially in a suburban or established neighborhood. This is a key differentiator.

- Bedrooms: Property 1 has 4 beds vs Property 2 has 3 beds → +1 bedroom for Property 1

- Bathrooms: Property 1 has 2 baths vs Property 2 has 1 bath → +1 bath for Property 1

- Lot size: Property 1 has 4900 sqft vs Property 2 has 2861 sqft → Property 1 has a significantly larger lot (+1939 sqft)

- Year built: Property 1 is 1920 vs Property 2 is 1940 → Property 1 is 20 years older → older age generally reduces value, but in this case, the market may still value older homes with more space and features

- Heating: Both have ""Other, Gas"" → same

- Cooling: Both have ""unknown"" → cannot compare → no advantage either way

- Parking: Both have ""unknown"" → cannot compare → no advantage either way

Even though Property 1 is older, it has:
- More bedrooms (4 vs 3)
- More bathrooms (2 vs 1)
- A much larger lot (4900 vs 2861 sqft)
- Is a SingleFamily home (which typically has higher market value than a Townhouse)

In the same ZIP code and month, and with no neighborhood differences, the features of Property 1 are more favorable in terms of size, layout, and home type.

CHOICE: 1",1.0,True,0.7782426778242678,easy,1,1,-20,2039.0,year_dominant,True
11268355,11268712,15212,2020/8/1,172484.7,19.8,SingleFamily,1940,2,2,7000.0,sqft,Other,Central,unknown,174900.0,15212,2020/8/1,178037.6,34.8,"Single Family Residence, Residential",1925,2,3,4800.0,sqft,"Forced Air, Natural Gas",Central Air,unknown,280000.0,2.0,"Let's think step by step:

- Type: Both are Single Family (Property 1: SingleFamily, Property 2: Single Family Residence) → equivalent in type  
- Bedrooms: Property 2 has 3 beds vs Property 1's 2 beds → +1 bedroom for Property 2  
- Bathrooms: Both have 2 bathrooms → equal  
- Lot size: Property 1 has 7000 sqft vs Property 2's 4800 sqft → +2200 sqft for Property 1  
- Year built: Property 1 built in 1940, Property 2 in 1925 → Property 2 is 15 years older (older homes typically have lower value unless compensated by features)  
- Heating: Property 1 has ""Other"" (unknown/less specified), Property 2 has Forced Air with Natural Gas (a more common and reliable system) → Property 2 has a better, more defined heating system  
- Cooling: Property 1 has Central (same as Property 2's Central Air) → both have central cooling → equal  
- Parking: Both have ""unknown"" → cannot compare → no advantage either way  

Now, comparing key value drivers:
- More bedrooms (3 vs 2) → favors Property 2  
- Larger lot (7000 vs 4800) → favors Property 1  
- Older year built (1925 vs 1940) → Property 2 is older, which generally reduces value unless offset by better systems  
- Heating: Property 2 has Forced Air with Natural Gas (a standard, efficient, and reliable system), Property 1 has ""Other"" (which is less specific and potentially less desirable) → favors Property 2  
- Cooling: both have central → equal  

Weighing:
- The bedroom advantage (+1) is significant in residential valuation.  
- The lot size advantage is +2200 sqft, which is substantial, but lot size is often less impactful than bedroom count in a tight market.  
- The age disadvantage for Property 2 (1925 vs 1940) is offset by better heating and more bedrooms.  
- ""Other"" heating is less desirable than specified natural gas with forced air.  

In the same market, more bedrooms and better heating systems typically increase value more than a larger lot when the age difference is small. Here, Property 2 has one more bedroom and better heating, despite a smaller lot and being older.  

CHOICE: 2",2.0,True,0.6009148084619783,easy,-1,0,15,2200.0,bedrooms_dominant,True
11312006,11312421,15228,2021/6/1,260242.6364,19.54545455,"Single Family Residence, Residential",1930,4,3,7200.0,sqft,"Hot Water, Natural Gas","Window A/C, Electric",unknown,385000.0,15228,2021/6/1,259464.5,15.41666667,"Single Family Residence, Residential",1924,2,3,5749.0,sqft,"Forced Air, Natural Gas",Central Air,unknown,227700.0,1.0,"Let's think step by step:

- Type: Both are Single Family Residence → equal
- Bedrooms: Both have 3 bedrooms → equal
- Bathrooms: Property 1 has 4 baths vs Property 2 has 2 baths → +2 baths for Property 1
- Lot size: Property 1 has 7200 sqft vs Property 2 has 5749 sqft → +1451 sqft for Property 1
- Year built: Property 1 was built in 1930, Property 2 in 1924 → Property 2 is 6 years older (more vintage, potentially less modern features, but older construction may imply more durability)
- Heating: Property 1 has Hot Water + Natural Gas, Property 2 has Forced Air + Natural Gas → Hot Water is generally considered a higher-end, more efficient heating system than Forced Air, especially in older homes; this is a positive for Property 1
- Cooling: Property 1 has Window A/C (less efficient, less desirable than central), Property 2 has Central Air (more desirable, more comfortable, more modern) → this is a disadvantage for Property 1
- Parking: Both have ""unknown"" → cannot compare → neutral

Now, comparing key value drivers:
- Bathrooms: +2 for Property 1 → significant upgrade in space and functionality
- Lot size: +1451 sqft for Property 1 → larger lot, more outdoor space
- Heating: Hot Water is more efficient and modern than Forced Air → advantage for Property 1
- Cooling: Central Air is a major advantage for Property 2 → better comfort, more desirable in a market where climate matters
- Age: Property 2 is slightly older (1924 vs 1930), but both are from the early 20th century — not a major differentiator in value

However, in a comparative analysis:
- The bathroom count and lot size are strong advantages for Property 1
- The cooling system is a major disadvantage for Property 1 (window A/C is outdated and less efficient)
- But in the same market, modern features like central cooling are highly valued, and central air is a key differentiator

But note: Property 1 has 4 baths vs 2 baths — that’s a significant upgrade in luxury and usability. Also, 7200 sqft lot vs 5749 sqft — a 1451 sqft difference, which is substantial.

Even though Property 2 has central air, Property 1 has more bathrooms and a larger lot, which are strong value drivers in residential real estate.

In the absence of neighborhood or condition data, and given that both are in the same zip and month, we compare only the listed features.

Final decision:
- Property 1 wins on bathrooms, lot size, and heating efficiency
- Cooling is a disadvantage, but central air is a major plus — however, the bathroom and lot advantages are more impactful in a market where space and luxury matter

CHOICE: 1",1.0,True,0.6908212560386473,easy,0,2,6,1451.0,bathrooms_dominant,True
11326093,11369430,15202,2019/10/1,144148.0,29.0,SingleFamily,1913,2,4,3049.0,sqft,"Forced air, Gas",Central,unknown,170000.0,15202,2019/10/1,143935.0833,18.75,SingleFamily,1959,2,2,7104.0,sqft,"Forced air, Gas",Central,unknown,140500.0,,"Let's think step by step:

- Type: Both are Single Family → equal
- Bedrooms: Property 1 has 4 beds vs Property 2 has 2 beds → +2 beds for Property 1
- Bathrooms: Both have 2 bathrooms → equal
- Lot size: Property 2 has 7104 sqft vs Property 1 has 3049 sqft → +4055 sqft for Property 2
- Year built: Property 1 is 1913, Property 2 is 1959 → Property 2 is 46 years newer (more modern, likely better maintenance and updated systems)
- Heating: Both have Forced Air, Gas → equal
- Cooling: Both have Central Cooling → equal
- Parking: Both have ""unknown"" → cannot compare, so no advantage

Now, comparing key value drivers:
- More bedrooms (4 vs 2) is a strong positive for Property 1
- Larger lot (7104 vs 3049) is a strong positive for Property 2
- Newer construction (1959 vs 1913) favors Property 2, as older homes may have outdated systems, even if well-maintained

However, in real estate, bedroom count and lot size are major drivers of value. But in a comparable market, newer homes often command a premium due to updated systems, energy efficiency, and lower maintenance costs.

But here, Property 1 has 4 bedrooms (a significant advantage), and Property 2 has a much larger lot (over double the size). In a market where lot size and space are valued, especially in a suburban or family-oriented area, a larger lot can be a major value driver.

Still, the bedroom count is a direct measure of living space and family capacity. 4 bedrooms vs 2 is a substantial difference.

But in the same ZIP code and month, we must compare objectively.

Let’s weigh:
- Property 1: 4 beds, 2 baths, 3049 sqft lot, 1913 (very old), central cooling, forced air
- Property 2: 2 beds, 2 baths, 7104 sqft lot, 1959 (newer), central cooling, forced air

Even though Property 2 has a much larger lot, the bedroom count is a major factor. In a market where homes are priced per bedroom and per square foot, 4 bedrooms can justify a higher price than 2, especially if the lot is not significantly larger.

But the lot size is more than double — 7104 vs 3049 — which is a massive advantage. In many markets, lot size is a key differentiator, especially in single-family homes.

However, the age of the home is critical: 1913 is over 100 years old — extremely old. Even with central cooling and forced air, such a home may have structural issues, outdated wiring, plumbing, or lack of modern features. A 1959 home, while older, is still within a reasonable range for modern living.

Therefore, despite the larger lot, the 1913 home has a much higher risk of depreciation due to age, while the 1959 home is more likely to be in better condition and have updated systems.

In a current market, newer homes with modern features (even if fewer bedrooms) often sell for more than older homes with more bedrooms due to reliability, energy efficiency, and lower maintenance costs.

But in this case, the bedroom count is a strong value driver. However, the lot size is also a major one.

But in the absence of other features, we must compare directly.

Let’s compare the value drivers:

- Bedrooms: +2 for Property 1
- Lot: +4055 sqft for Property 2 (over 1.3x larger)
- Age: Property 2 is 46 years newer → significant advantage

In real estate, lot size and age are both important. But in a market where homes are priced per bedroom and per square foot, a larger lot can offset age.

However, in a 1913 home, even with 4 bedrooms, the age may outweigh the bedroom advantage.

But the example cases show that when a property has more bedrooms and more bathrooms, it wins — even if the lot is smaller.

In Example 1: 3 beds vs 2 beds, 2 baths vs 1 bath, and central air vs window AC — the 3-bed/2-bath won.

In Example 2: 3 beds vs 2 beds, 2.5 baths vs 1 bath, 5000 sqft lot vs 1800 sqft — the 3-bed/2.5-bath won.

So bedroom and bathroom count are strong.

Here, Property 1",1.0,False,0.2099644128113879,hard,2,0,-46,-4055.0,bedrooms_dominant,False
11361895,11399030,15243,2020/11/1,193674.1818,16.81818182,"Single Family Residence, Residential",1948,1,3,6000.0,sqft,"Forced Air, Natural Gas",Central Air,unknown,209000.0,15243,2020/11/1,176089.6,15.2,SingleFamily,1954,2,3,6250.0,sqft,Other,Central,unknown,164000.0,2.0,"Let's think step by step:

- Type: Both are Single Family Residence / SingleFamily → same type  
- Bedrooms: Both have 3 bedrooms → equal  
- Bathrooms: Property 1 has 1 bath, Property 2 has 2 baths → +1 bath for Property 2  
- Lot size: Property 1 has 6000 sqft, Property 2 has 6250 sqft → Property 2 has 250 sqft more → +250 sqft for Property 2  
- Year Built: Property 1 built in 1948, Property 2 in 1954 → Property 2 is 6 years newer → newer construction generally indicates better materials and updates  
- Heating: Property 1 has Forced Air, Natural Gas (a standard, reliable system); Property 2 has ""Other"" — this is less specific and less desirable than known, efficient systems like natural gas forced air  
- Cooling: Property 1 has Central Air; Property 2 has ""Central"" — this is likely equivalent to central air, so no clear disadvantage  
- Parking: Both have ""unknown"" → cannot compare, so no advantage in either direction  

Key comparative advantages:
- Property 2 has more bathrooms (2 vs 1)
- Property 2 has a slightly larger lot (6250 vs 6000)
- Property 2 is newer (6 years)
- Property 1 has a more specific and standard heating system (Forced Air, Natural Gas) vs ""Other"" — which is less defined and potentially less reliable or efficient

However, the heating system of Property 1 is clearly specified and standard, while Property 2's ""Other"" is vague and may imply less desirable or unknown performance. But in a market where central cooling and modern systems are valued, the newer age and more bathrooms and lot size are strong positives.

Given that:
- Bathrooms are a direct value driver (2 vs 1)
- Lot size is slightly larger
- Age is newer (6 years)
- Cooling is equivalent
- Heating is slightly less defined in Property 2

Still, the combination of more bathrooms and a larger lot, plus being newer, outweighs the uncertainty in heating.

CHOICE: 2",1.0,False,0.27439024390243905,hard,0,-1,-6,-250.0,bathrooms_dominant,False
11567668,11569017,15235,2020/6/1,104166.0,24.0,SingleFamily,1960,2,3,6507.0,sqft,Other,Central,unknown,155500.0,15235,2020/6/1,100769.6364,30.81818182,SingleFamily,1977,1,4,5100.0,sqft,Other,Central,unknown,125000.0,2.0,"Let's think step by step:

- Type: Both are Single Family → equal
- Bedrooms: Property 1 has 3 vs Property 2 has 4 → Property 2 has +1 bedroom → +1 for P2
- Bathrooms: Property 1 has 2 vs Property 2 has 1 → Property 1 has +1 bathroom → +1 for P1
- Lot size: Property 1 has 6507 sqft vs Property 2 has 5100 sqft → Property 1 has +1407 sqft → +1 for P1
- Year built: Property 1 is 1960, Property 2 is 1977 → Property 2 is 17 years newer → +1 for P2
- Heating: Both have ""Other"" → equal
- Cooling: Both have Central → equal
- Parking: Both have ""unknown"" → cannot compare → no advantage

Now, comparing the features:
- P2 has one more bedroom (4 vs 3)
- P1 has one more bathroom (2 vs 1)
- P1 has a larger lot (6507 vs 5100)
- P2 is newer (17 years)

We must weigh the factors:
- More bedrooms and bathrooms generally increase value, but the bathroom advantage is smaller (only 1.5 baths vs 1, but P1 has 2 vs 1)
- Lot size is a significant factor — P1 has a larger lot (1407 sqft more)
- P2 is newer, which is a positive, but not as impactful as bedroom/bathroom count in a single-family home

However, in real estate, bedroom count is often a stronger driver of value than bathroom count, especially when the number of bedrooms is higher. P2 has 4 bedrooms vs P1's 3 — that's a significant advantage.

But P1 has 2 bathrooms vs P2's 1 — that's a +1 bathroom, which is valuable.

Lot size: P1 has 6507 vs P2's 5100 — that's a +1407 sqft, which is substantial.

Age: P2 is newer (17 years) — a positive, but not as impactful as square footage or bedroom count.

Now, comparing the total:
- P2: 4 beds, 1 bath, 5100 sqft, built 1977
- P1: 3 beds, 2 baths, 6507 sqft, built 1960

Even though P1 has a larger lot, P2 has more bedrooms — which is a major value driver in single-family homes.

In most markets, bedroom count is more important than bathroom count or lot size alone. A 4-bedroom home is typically more desirable and valuable than a 3-bedroom home, even with fewer bathrooms or a smaller lot.

Therefore, despite the larger lot, the additional bedroom and newer construction give P2 a stronger value profile.

CHOICE: 2",1.0,False,0.244,hard,-1,1,-17,1407.0,mixed,False
11546969,59837033,15236,2021/3/1,182806.0,21.0,"Single Family Residence, Residential",1949,2,3,9792.0,sqft,"Forced Air, Natural Gas",Central Air,unknown,170500.0,15236,2021/3/1,187378.25,13.0,"Townhouse, Residential",2002,3,2,1306.0,sqft,"Forced Air, Natural Gas",Central Air,unknown,205000.0,1.0,"Let's think step by step:

- Type: Property 1 is Single Family Residence, Property 2 is Townhouse  
  → Single family homes typically command higher value than townhouses in the same market, especially when comparing similar size and age. So this favors Property 1.

- Year Built: Property 1 is 1949, Property 2 is 2002  
  → Property 2 is 53 years newer, which is a significant advantage in terms of modern features, efficiency, and maintenance. This favors Property 2.

- Bedrooms: Property 1 has 3, Property 2 has 2  
  → Property 1 has one more bedroom (+1 for P1)

- Bathrooms: Property 1 has 2, Property 2 has 3  
  → Property 2 has one more bathroom (+1 for P2)

- Lot Size: Property 1 has 9792 sqft, Property 2 has 1306 sqft  
  → Property 1 has a lot size that is over 7 times larger (9792 vs 1306) → this is a major advantage for Property 1. Larger lots generally increase value, especially in a market where land is a key factor.

- Heating: Both have Forced Air and Natural Gas → equal

- Cooling: Both have Central Air → equal

- Parking: Both have ""unknown"" → cannot compare → no advantage either way

Now, weighing the features:

- Property 1: Single family (better type), 3 beds, 2 baths, large lot (9792 sqft), older (1949), but modern cooling
- Property 2: Townhouse (less valuable type), 2 beds, 3 baths, small lot (1306 sqft), newer (2002)

Even though Property 2 is newer, the lot size difference is massive — over 7 times larger. In a market where land value is significant (especially in a suburban or single-family neighborhood), lot size is a strong driver of value. Also, the single-family designation gives Property 1 a structural advantage over a townhouse.

The bedroom and bathroom count are close, but Property 1 has 3 beds and 2 baths vs 2 beds and 3 baths — this is a trade-off. However, in most markets, bedroom count is more valuable than bathroom count, especially when the lot is much larger.

The age difference (53 years) is notable, but the large lot and single-family status outweigh it.

Conclusion: Property 1 has superior type, larger lot, and more bedrooms — all key value drivers.

CHOICE: 1",2.0,False,0.20234604105571846,hard,1,-1,-53,8486.0,year_dominant,False
11454560,11456336,15221,2021/7/1,115758.1429,32.0,"Single Family Residence, Residential",1940,2,2,8580.0,sqft,"Forced Air, Natural Gas","Central Air, Electric",unknown,113000.0,15221,2021/7/1,136038.2727,24.72727273,"Single Family Residence, Residential",1953,2,2,4199.0,sqft,"Forced Air, Natural Gas",Central Air,unknown,145000.0,1.0,"Let's think step by step:

- Type: Both are Single Family Residence → equal
- Bedrooms: Both have 2 → equal
- Bathrooms: Both have 2 → equal
- Lot size: Property 1 has 8580 sqft vs Property 2 has 4199 sqft → Property 1 has a significantly larger lot (+4381 sqft) → +value for Property 1
- Year built: Property 1 is 1940 vs Property 2 is 1953 → Property 1 is 13 years older → older age typically reduces value, so this is a disadvantage for Property 1
- Heating: Both have Forced Air and Natural Gas → equal
- Cooling: Property 1 has Central Air, Electric; Property 2 has Central Air only → Property 1 has electric cooling as an additional feature (though not necessarily more valuable, it's a minor upgrade)
- Parking: Both have ""unknown"" → cannot compare → no advantage either way

Now, comparing the key differentiators:
- Lot size is a major factor in residential value, especially in a market where land is a key component. Property 1 has over twice the lot size of Property 2.
- Age: Property 1 is older (1940 vs 1953), which may reduce its value due to potential wear, outdated systems, or less modern features — though both have central air and natural gas, which are standard.
- Cooling: Property 1 has electric cooling in addition to central air, which may be a small advantage, but central air is already present in both.

Despite the older age of Property 1, the significantly larger lot size (8580 vs 4199 sqft) is a strong positive in a market where land value contributes substantially to home value. In the same ZIP code and month, lot size often outweighs a few years of age when other features are equal.

Therefore, Property 1 has a more favorable combination of features, especially in lot size.

CHOICE: 1",2.0,False,0.2831858407079646,hard,0,0,-13,4381.0,lot_dominant,False
11355250,11390795,15227,2022/4/1,227403.3898,16.61016949,"Single Family Residence, Residential",1935,2,3,0.56,Acres,Natural Gas,Window A/C,unknown,214000.0,15227,2022/4/1,189877.5,29.575,"Single Family Residence, Residential",1942,3,3,8141.0,sqft,"Forced Air, Natural Gas",Central Air,unknown,270000.0,1.0,"Let's think step by step:

- Type: Both are Single Family Residence → equal
- Bedrooms: Both have 3 bedrooms → equal
- Bathrooms: Property 2 has 3 baths vs Property 1 has 2 baths → +1 bath for Property 2
- Lot size: Property 2 has 8141 sqft vs Property 1 has 0.56 acres  
  Convert 0.56 acres to sqft: 0.56 × 43,560 = 24,393.6 sqft  
  So Property 1 lot = 24,394 sqft vs Property 2 lot = 8,141 sqft → Property 1 has a much larger lot (over 16,000 sqft larger)
- Year built: Property 1 (1935) is 7 years older than Property 2 (1942) → Property 2 is newer
- Heating: Both have Natural Gas → equal
- Cooling: Property 2 has Central Air vs Property 1 has Window A/C → Central Air is more modern and desirable → + value for Property 2
- Parking: Both have ""unknown"" → cannot compare → no advantage either way

Now compare the key value drivers:
- Bathrooms: Property 2 has one more bathroom → + value
- Cooling: Central Air (P2) > Window A/C (P1) → + value for P2
- Lot size: Property 1 has a significantly larger lot (24,394 sqft vs 8,141 sqft) → this is a major advantage for P1
- Age: P1 is older (1935 vs 1942) → older homes may have more wear, but in a stable market, newer homes often have more modern features and less maintenance burden

However, in real estate valuation, lot size is a major factor — especially when comparing in the same market. A 24,394 sqft lot is vastly larger than 8,141 sqft. Even though P2 has better cooling and more baths, the lot size advantage for P1 is substantial.

But wait: the lot size in Property 1 is 0.56 acres = 24,394 sqft — that is a very large lot. Property 2 has only 8,141 sqft — which is about 1/3 the size. This is a significant difference.

In a market where lot size is valued (especially in suburban or single-family areas), a larger lot increases value.

So:
- P1: 3 beds, 2 baths, 24,394 sqft lot, 1935, Window A/C
- P2: 3 beds, 3 baths, 8,141 sqft lot, 1942, Central Air

Even though P2 has better cooling and more baths, the lot size difference is massive — over 16,000 sqft. In a market where land value is significant (as in 15227, which is a suburban area), this is a major advantage.

Also, the age difference is only 7 years — not significant.

Therefore, despite P2 having better cooling and more baths, the lot size of P1 is far superior.

CHOICE: 1",2.0,False,0.2616822429906542,hard,0,-1,-7,-8140.44,bathrooms_dominant,False
11309985,11398032,15228,2021/11/1,317614.3885,13.91366906,"Single Family Residence, Residential",1952,3,3,6821.0,sqft,Natural Gas,Central Air,unknown,289000.0,15228,2021/11/1,344035.8621,13.97241379,"Single Family Residence, Residential",1945,2,3,6067.0,sqft,"Forced Air, Natural Gas","Central Air, Electric",unknown,349900.0,1.0,"Let's think step by step:

- Type: Both are Single Family Residence → equal
- Bedrooms: Both have 3 bedrooms → equal
- Bathrooms: Property 1 has 3 baths vs Property 2 has 2 baths → +1 bath for Property 1
- Lot size: Property 1 has 6821 sqft vs Property 2 has 6067 sqft → +754 sqft for Property 1
- Year Built: Property 1 was built in 1952 vs Property 2 in 1945 → Property 2 is 7 years older (so 7 years older = more vintage, potentially less desirable in modern markets)
- Heating: Property 1 has Natural Gas; Property 2 has Forced Air and Natural Gas → both have Natural Gas, but Property 2 adds Forced Air (which is standard, not a disadvantage)
- Cooling: Property 1 has Central Air; Property 2 has Central Air and Electric → both have Central Air, and Property 2 adds Electric (which is a minor upgrade, but not a significant advantage over Central Air alone)
- Parking: Both have ""unknown"" → cannot compare → no advantage either way

Key differentiators:
- Property 1 has 1 more bathroom (3 vs 2)
- Property 1 has a larger lot (6821 vs 6067 sqft)
- Property 2 is older (built 7 years earlier), which may reduce value in a modern market
- Cooling: Property 2 has electric cooling in addition to central air — this is a minor feature, but electric cooling is not typically a major value driver unless it's a primary system. Central air is more desirable than window AC, and both have central air, so this is neutral or slightly positive for Property 2, but not enough to offset other advantages.

Even though Property 2 is older, the additional bathroom and larger lot in Property 1 provide clear, tangible value improvements. In a market where bathrooms and lot size are strong drivers, these outweigh the age difference.

CHOICE: 1",2.0,False,0.21072664359861593,hard,0,1,7,754.0,bathrooms_dominant,False
11421226,11454801,15221,2021/10/1,142066.6667,20.88888889,"Single Family Residence, Residential",1957,2,3,6499.0,sqft,Natural Gas,Central Air,Attached Garage,180000.0,15221,2021/10/1,145171.4286,38.46938776,"Single Family Residence, Residential",1948,2,3,5998.0,sqft,"Forced Air, Natural Gas",Central Air,Attached Garage,222500.0,1.0,"Let's think step by step:

- Type: Both are Single Family Residence → equal
- Bedrooms: Both have 3 bedrooms → equal
- Bathrooms: Both have 2 bathrooms → equal
- Lot size: Property 1 has 6499 sqft vs Property 2 has 5998 sqft → Property 1 has a larger lot (+501 sqft) → + value for Property 1
- Year built: Property 1 was built in 1957, Property 2 in 1948 → Property 2 is 9 years older → older homes typically have more depreciation or less modern features, so Property 1 is newer → + value for Property 1
- Heating: Property 1 has Natural Gas; Property 2 has Forced Air and Natural Gas → both have Natural Gas, but Property 1 has only Natural Gas, Property 2 has both Forced Air and Natural Gas → Forced Air is older and less efficient than modern systems, but both have Natural Gas → no clear advantage
- Cooling: Both have Central Air → equal
- Parking: Both have Attached Garage → equal

Comparison:
- Property 1 has a larger lot (6499 vs 5998 sqft)
- Property 1 is newer (1957 vs 1948)

Even though both have the same number of bedrooms and bathrooms, the larger lot and newer construction give Property 1 a clear edge in market value.

CHOICE: 1",2.0,False,0.2361111111111111,hard,0,0,9,501.0,mixed,False
11353799,11391496,15227,2021/5/1,189000.0,23.0,"Single Family Residence, Residential",1952,2,3,10606.0,sqft,Natural Gas,Electric,unknown,215000.0,15227,2021/5/1,171693.2727,16.18181818,"Single Family Residence, Residential",1963,3,4,7100.0,sqft,"Hot Water, Natural Gas",Central Air,unknown,175000.0,2.0,"Let's think step by step:

- Type: Both are Single Family Residence → equal
- Bedrooms: Property 1 has 3, Property 2 has 4 → +1 for Property 2
- Bathrooms: Property 1 has 2, Property 2 has 3 → +1 for Property 2
- Lot size: Property 1 has 10,606 sqft, Property 2 has 7,100 sqft → +3,506 sqft for Property 1
- Year built: Property 1 is 1952, Property 2 is 1963 → Property 1 is 11 years older → less desirable in terms of age
- Heating: Property 1 has Natural Gas, Property 2 has Hot Water + Natural Gas → both have gas, but Property 2 has additional hot water (a potentially more efficient or modern system), which may add value
- Cooling: Property 1 has Electric, Property 2 has Central Air → Central Air is generally more desirable than Electric cooling, especially in a region with hot summers (implied by market context)
- Parking: Both have ""unknown"" → cannot compare → no advantage either way

Now, comparing the key value drivers:
- Property 2 has one more bedroom and one more bathroom → +2 in bedroom/bathroom count
- Property 1 has a larger lot (10,606 vs 7,100 sqft) → +3,506 sqft → significant advantage
- However, Property 2 has better cooling (Central Air vs Electric) → a major upgrade in comfort and desirability
- Property 2 is newer (1963 vs 1952) → 11 years newer → better condition, modern systems
- Heating: Property 2 has Hot Water + Natural Gas → Hot Water is a premium feature, especially in older homes, and may indicate modern efficiency or comfort

Even though Property 1 has a larger lot, the combination of more bedrooms, more bathrooms, better cooling, and being newer gives Property 2 a clear edge in market value.

CHOICE: 2",1.0,False,0.22857142857142856,hard,-1,-1,-11,3506.0,lot_dominant,False
11562056,11650292,15226,2021/6/1,158371.0,29.0,"Single Family Residence, Residential",1955,1,3,4499.0,sqft,Natural Gas,Central Air,unknown,211000.0,15226,2021/6/1,181545.1364,14.72727273,"Single Family Residence, Residential",1920,2,3,3171.0,sqft,"Forced Air, Natural Gas",Central Air,unknown,169000.0,,"Let's think step by step:

- Type: Both are Single Family Residence → equal
- Bedrooms: Both have 3 bedrooms → equal
- Bathrooms: Property 1 has 1 bath, Property 2 has 2 baths → +1 bath for Property 2
- Lot size: Property 1 has 4499 sqft, Property 2 has 3171 sqft → Property 1 has a larger lot (+1328 sqft)
- Year built: Property 1 was built in 1955, Property 2 in 1920 → Property 2 is 35 years older
- Heating: Property 1 has Natural Gas, Property 2 has Forced Air + Natural Gas → both have natural gas, but Property 2 adds Forced Air (which is standard and not a disadvantage)
- Cooling: Both have Central Air → equal
- Parking: Both have ""unknown"" → cannot compare, so no advantage

Now, comparing key value drivers:
- Bathrooms: Property 2 has 2 baths vs 1 → this is a significant upgrade in value
- Lot size: Property 1 has a larger lot (4499 vs 3171) → this is a strong advantage
- Age: Property 2 is older (1920 vs 1955) → older homes may have more wear, but in this market, newer homes are generally more desirable, especially if they have modern features
- Heating: Property 2 has Forced Air + Natural Gas, which is common and not a disadvantage; Property 1 has only Natural Gas — no clear advantage
- Cooling: Both have Central Air → equal

Even though Property 2 is older, it has 2 bathrooms vs 1, which is a major upgrade in livability and value. Lot size is also a key factor — Property 1 has a larger lot, which is valuable in a residential market.

But note: Property 1 has a larger lot (4499 vs 3171) — that’s a +1328 sqft advantage, which is substantial. Property 2 has more bathrooms (2 vs 1), which is also valuable.

We must weigh both.

In real estate, lot size and bathroom count are strong value drivers. However, in a market where homes are comparable in age and type, a larger lot and more bathrooms both increase value.

But here:
- Property 1: 3 beds, 1 bath, 4499 sqft lot, 1955 build
- Property 2: 3 beds, 2 baths, 3171 sqft lot, 1920 build

The 1920 build is older, which may imply outdated systems, even if it has modern heating/cooling. However, both have central air and natural gas.

The bathroom count is a clear advantage for Property 2 (+1 bath), and lot size is a clear advantage for Property 1 (+1328 sqft).

Which is more impactful?

In most markets, a larger lot is a major value driver, especially in suburban or single-family areas. However, bathrooms are also highly valued — especially in a 3-bedroom home, having 2 baths (e.g., master bath + guest) is more desirable than 1.

But in this case, Property 1 has a much larger lot — 4499 vs 3171 — which is a 40% increase in lot size. That’s a significant advantage.

Also, Property 2 is 35 years older — that’s a substantial age gap. Older homes often have less modern features, even if they have central air.

In the absence of other features, lot size and age are key.

But let’s compare the net:

- Property 1: +1328 sqft lot, 1 bath
- Property 2: +1 bath, 3171 sqft lot (smaller)

In a typical market, lot size is often more valuable than bathroom count, especially when the home is older. However, in a 3-bedroom home, having 2 bathrooms is a strong upgrade.

But here’s the key: Property 1 has a larger lot and is only 1955 — not extremely old. Property 2 is 1920 — very old, and has only 1 bathroom.

Even though Property 2 has more bathrooms, the age and smaller lot may offset that.

In real estate, newer homes with modern features and larger lots are generally more valuable.

Property 1 is newer (1955 vs 1920), has a larger lot, and only has 1 bathroom — but the lot size is a major advantage.

In the same ZIP and month, market value is driven by features that are in demand.

In this case, the larger lot (4499",1.0,False,0.2485207100591716,hard,0,-1,35,1328.0,bathrooms_dominant,False
11306740,11306997,15234,2020/8/1,151169.1667,18.16666667,SingleFamily,1945,1,3,7638.0,sqft,Other,Central,unknown,133900.0,15234,2020/8/1,159409.0,15.6,"Single Family Residence, Residential",1950,2,2,6600.0,sqft,Natural Gas,Central Air,unknown,164900.0,1.0,"Let's think step by step:

- Type: Both are Single Family (Property 1: SingleFamily, Property 2: Single Family Residence) → equivalent in type  
- Bedrooms: Property 1 has 3 beds vs Property 2 has 2 beds → +1 bed for Property 1  
- Bathrooms: Property 1 has 1 bath vs Property 2 has 2 baths → +1 bath for Property 2  
- Lot size: Property 1 has 7638 sqft vs Property 2 has 6600 sqft → +1038 sqft for Property 1  
- Year built: Property 1 built in 1945, Property 2 in 1950 → Property 1 is 5 years older → older age is a disadvantage  
- Heating: Property 1 has ""Other"" (unknown/less specified), Property 2 has Natural Gas (a more common and efficient option) → Natural Gas is generally more desirable than ""Other""  
- Cooling: Both have central cooling → equal advantage  
- Parking: Both have ""unknown"" → cannot compare → no advantage either way  

Now, comparing key features:
- Property 1 has more bedrooms (3 vs 2) → positive
- Property 1 has larger lot (7638 vs 6600) → positive
- Property 2 has more bathrooms (2 vs 1) → positive
- Property 1 is older (1945 vs 1950) → negative
- Property 2 has better heating (Natural Gas vs ""Other"") → positive

Weighing the trade-offs:
- Bedrooms and lot size are strong advantages for Property 1
- Bathrooms are a strong advantage for Property 2
- Age: Property 1 is 5 years older → this is a disadvantage in a market where newer homes are preferred
- Heating: Natural Gas is a clear upgrade over ""Other"" → this favors Property 2

However, in residential valuation, bedroom count and lot size are often more significant than bathroom count or heating type, especially when comparing similar types.

But here, Property 1 has 3 beds and a larger lot — both major value drivers.  
Property 2 has 2 baths, which is a smaller advantage, and is newer (only 5 years older), which is a small edge.

Still, the heating type is a notable advantage for Property 2 — ""Other"" is vague and may indicate outdated or less efficient systems.

But in the absence of specific details about ""Other"", and given that both have central cooling, and Property 1 has more bedrooms and a larger lot, those are stronger value drivers.

In a market where lot size and bedroom count are key, and both are in the same zip and month, the property with more bedrooms and larger lot (Property 1) is more likely to be valued higher — despite being older and having less bathrooms.

However, the heating difference is significant: Natural Gas is a known, efficient, and desirable feature. ""Other"" is not specified and may be less desirable.

But in the absence of data, we must rely on what is given.

Final comparison:
- Property 1: 3 beds, 7638 sqft lot, older (1945), heating = ""Other"", cooling = central
- Property 2: 2 beds, 6600 sqft lot, newer (1950), heating = Natural Gas, cooling = central

The bedroom and lot size advantages for Property 1 are substantial. The age disadvantage is only 5 years, which is minor. The heating difference is positive for Property 2, but ""Other"" is not clearly inferior — it may just be unspecified.

In real estate, bedroom count and lot size are typically more impactful than heating type, especially in a market where central cooling is already present.

Therefore, Property 1 has more bedrooms and a larger lot — two of the most important features in home valuation.

CHOICE: 1",2.0,False,0.2315160567587752,hard,1,-1,-5,1038.0,mixed,False
59157128,59161565,2132,2021/7/1,805338.85,15.8,Single Family Residence,1960,3,4,6534.0,sqft,Baseboard,Window Unit(s),unknown,880000.0,2132,2021/7/1,702518.72,13.36,Single Family Residence,1940,2,3,10018.0,sqft,"Forced Air, Electric Baseboard, Natural Gas",Central Air,unknown,715000.0,2.0,"Let's think step by step:

- Type: Both are Single Family Residence → equal  
- Bedrooms: Property 1 has 4 beds vs Property 2 has 3 beds → +1 bed for Property 1  
- Bathrooms: Property 1 has 3 baths vs Property 2 has 2 baths → +1 bath for Property 1  
- Lot size: Property 2 has 10,018 sqft vs Property 1 has 6,534 sqft → +3,484 sqft for Property 2  
- Year built: Property 2 was built in 1940 vs Property 1 in 1960 → Property 2 is 20 years older → older homes may have more character, but in current market, newer construction often has better efficiency and modern systems  
- Heating: Property 2 has Forced Air, Electric Baseboard, Natural Gas (multiple options, including natural gas which is desirable) vs Property 1 has only Baseboard (less efficient, less modern) → Property 2 has superior heating system  
- Cooling: Property 2 has Central Air (preferred over Window Unit(s)) → Central Air is more desirable and efficient than Window Units  
- Parking: Both have ""unknown"" → cannot compare → no advantage either way  

Now, comparing key value drivers:
- More bedrooms and bathrooms → Property 1 wins on interior space
- Larger lot → Property 2 wins significantly (over 3,400 sqft larger)
- Modern heating and cooling → Property 2 has superior systems (central air, natural gas, forced air)
- Age: Property 2 is older (1940 vs 1960), which may suggest lower modern updates, but the heating and cooling systems suggest it has been upgraded

However, in real estate valuation, lot size and modern systems (especially cooling and heating) are strong drivers. The 3,400 sqft lot difference is substantial. Central air and natural gas heating are major value adders in a market where comfort and efficiency matter.

Even though Property 1 has more bedrooms and bathrooms, the lot size and climate-appropriate cooling/heating systems in Property 2 provide significant value.

CHOICE: 2",1.0,False,0.23076923076923078,hard,1,1,20,-3484.0,year_dominant,False
11649968,11653739,15226,2021/2/1,179082.9231,12.76923077,"Single Family Residence, Residential",1910,1,3,3600.0,sqft,"Forced Air, Natural Gas","Central Air, Electric",unknown,190000.0,15226,2021/2/1,160386.8571,18.57142857,"Single Family Residence, Residential",1945,2,2,7200.0,sqft,"Forced Air, Natural Gas",Central Air,unknown,154000.0,2.0,"Let's think step by step:

- Type: Both are Single Family Residence → equal
- Bedrooms: Property 1 has 3 beds vs Property 2 has 2 beds → +1 bed for Property 1
- Bathrooms: Property 1 has 1 bath vs Property 2 has 2 baths → +1 bath for Property 2
- Lot size: Property 1 has 3600 sqft vs Property 2 has 7200 sqft → +3600 sqft for Property 2 (a significant advantage)
- Year built: Property 1 is 1910, Property 2 is 1945 → Property 2 is 35 years newer (more modern, better condition likely)
- Heating: Both have Forced Air and Natural Gas → equal
- Cooling: Property 1 has Central Air, Electric; Property 2 has Central Air → Property 1 has electric cooling (less efficient than central air with gas, but both have central air) → both have central air, so equal in this regard
- Parking: Both have ""unknown"" → cannot compare → no advantage either way

Now, comparing key value drivers:
- More bedrooms: Property 1 has 3 vs 2 → +1
- More bathrooms: Property 2 has 2 vs 1 → +1
- Larger lot: Property 2 has 7200 vs 3600 → +3600 sqft → major advantage
- Newer construction: Property 2 (1945) vs Property 1 (1910) → 35 years newer → better insulation, systems, efficiency

Even though Property 1 has more bedrooms, Property 2 has a much larger lot (double the size), more bathrooms, and is significantly newer. In a market where lot size and age are strong drivers, especially in a single-family context, these factors outweigh the bedroom difference.

CHOICE: 2",1.0,False,0.23376623376623376,hard,1,-1,-35,-3600.0,year_dominant,False
11483882,11590703,15237,2020/7/1,266552.3333,14.0,SingleFamily,1964,3,3,9099.0,sqft,Other,Central,unknown,284900.0,15237,2020/7/1,230398.9091,19.09090909,SingleFamily,1949,2,2,0.49,Acres,"Other, Gas",Central,unknown,235000.0,2.0,"Let's think step by step:

- Type: Both are Single Family → equal
- Bedrooms: Property 1 has 3 vs Property 2 has 2 → +1 bedroom for Property 1
- Bathrooms: Property 1 has 3 vs Property 2 has 2 → +1 bathroom for Property 1
- Lot size: Property 1 has 9099 sqft. Property 2 has 0.49 Acres.  
  Convert 0.49 Acres to sqft: 0.49 × 43,560 = 21,344.4 sqft → Property 2 has 21,344 sqft vs Property 1's 9,099 sqft → Property 2 has a much larger lot (+12,245 sqft)
- Year Built: Property 1 is 1964, Property 2 is 1949 → Property 2 is 15 years older → older homes may have more wear, but in some markets, older homes with proven durability can be valued higher, but here we are comparing features directly
- Heating: Both list ""Other"" and Property 2 adds ""Gas"" → Property 2 has gas heating, which is generally more desirable than ""Other"" (which is less specific and potentially less efficient), so Property 2 has a slight edge in heating
- Cooling: Both have Central Cooling → equal
- Parking: Both list ""unknown"" → cannot compare → no advantage either way

Now, comparing key value drivers:
- Bedrooms and bathrooms: Property 1 has one more bedroom and one more bathroom → significant advantage
- Lot size: Property 2 has a much larger lot (over 21,000 sqft vs 9,100) → major advantage
- Age: Property 2 is older (1949 vs 1964) → older homes may have more character, but in a market where newer construction is valued, this could be a disadvantage. However, no other features compensate for age here.

But note: in real estate, lot size is a major factor, especially in single-family homes. A 21,344 sqft lot is substantially larger than 9,099 sqft. This alone gives Property 2 a strong edge.

However, Property 1 has more bedrooms and bathrooms — which are also major value drivers.

But in this case, the lot size difference is massive. A 12,000 sqft difference in lot size is a significant advantage, especially in a market where land value is high.

Also, Property 2 has gas heating, which is more desirable than ""Other"" heating.

Property 1 has no advantage in heating or cooling.

So, despite having fewer bedrooms and bathrooms, Property 2 has:
- Larger lot (major value driver)
- Better heating (gas vs ""Other"")
- Older age (minor disadvantage, but not decisive)

But in the same market, with same zip and month, and no neighborhood differences, the larger lot and better heating outweigh the bedroom/bathroom deficit.

Therefore, Property 2 is more likely to have a higher current market value.

CHOICE: 2",1.0,False,0.2123404255319149,hard,1,1,15,9098.51,lot_dominant,False
11312417,11359516,15228,2021/7/1,517995.913,26.26086957,"Single Family Residence, Residential",1917,4,6,5549.0,sqft,"Forced Air, Natural Gas",Central Air,unknown,449900.0,15228,2021/7/1,578066.0,20.0,"Single Family Residence, Residential",1941,3,3,1292.0,sqft,"Forced Air, Natural Gas","Central Air, Electric",unknown,550000.0,1.0,"Let's think step by step:

- Type: Both are Single Family Residence → equal
- Bedrooms: Property 1 has 6 vs Property 2 has 3 → +3 bedrooms for Property 1
- Bathrooms: Property 1 has 4 vs Property 2 has 3 → +1 bathroom for Property 1
- Lot size: Property 1 has 5549 sqft vs Property 2 has 1292 sqft → +4257 sqft for Property 1 (a significant advantage)
- Year built: Property 1 is 1917 vs Property 2 is 1941 → Property 1 is 24 years older → older age is a disadvantage
- Heating: Both have Forced Air and Natural Gas → equal
- Cooling: Property 1 has Central Air; Property 2 has Central Air and Electric → Property 2 has an additional cooling option (electric), but both have central air, so central air is present in both. Electric cooling is less common and less efficient than central air, but since both have central air, the presence of electric is not a competitive advantage. Property 1 has only central air, Property 2 has central air + electric — but central air is already present in both, so this adds minimal value. Electric cooling is not a strong advantage in this context.
- Parking: Both have ""unknown"" → cannot compare → no advantage either way

Key advantages:
- Property 1 has significantly more bedrooms (6 vs 3), more bathrooms (4 vs 3), and a much larger lot (5549 vs 1292 sqft)

Key disadvantage:
- Property 1 is 24 years older than Property 2 (1917 vs 1941)

However, in a market where lot size, bedroom count, and bathroom count are strong drivers of value, and especially in a single-family home, larger lot and more rooms typically outweigh age differences — particularly when the age difference is only 24 years, and the home is otherwise more spacious.

Even though the home is older, the superior square footage, bedroom, and bathroom count provide a clear value advantage.

CHOICE: 1",2.0,False,0.22249388753056235,hard,3,1,-24,4257.0,mixed,False
11484848,11521595,15237,2021/10/1,246062.2667,19.0,"Single Family Residence, Residential",1950,3,4,0.28,Acres,"Forced Air, Natural Gas",Central Air,unknown,325000.0,15237,2021/10/1,267536.4615,14.84615385,"Single Family Residence, Residential",1958,2,3,1.02,Acres,"Forced Air, Natural Gas",Central Air,unknown,270000.0,2.0,"Let's think step by step:

- Type: Both are Single Family Residence → equal
- Year Built: Property 1 is 1950, Property 2 is 1958 → Property 1 is 8 years older → less desirable in terms of age
- Bedrooms: Property 1 has 4 beds vs Property 2 has 3 beds → +1 bedroom for Property 1
- Bathrooms: Property 1 has 3 baths vs Property 2 has 2 baths → +1 bath for Property 1
- Lot Size: Property 1 has 0.28 acres (1120 sqft) vs Property 2 has 1.02 acres (4080 sqft) → Property 2 has a much larger lot (+2960 sqft) → significantly more valuable in terms of land
- Heating: Both have Forced Air and Natural Gas → equal
- Cooling: Both have Central Air → equal
- Parking: Both have ""unknown"" → cannot compare → no advantage either way

Now, comparing the key value drivers:
- More bedrooms and bathrooms → Property 1 wins
- Larger lot → Property 2 wins significantly

However, lot size is a major factor in residential value, especially in a market where land is a key differentiator. A 1.02-acre lot is substantially larger than 0.28 acres — that’s over 3 times the size. In a residential market, larger lots are generally more desirable and command higher values.

Even though Property 1 has more bedrooms and bathrooms, the lot size difference is substantial and directly impacts market value. In the absence of other features, a larger lot often outweighs a few extra rooms, especially when the age difference is only 8 years.

Therefore, despite the bedroom and bathroom advantage, the lot size advantage of Property 2 is more significant in a typical market.

CHOICE: 2",1.0,False,0.2037037037037037,hard,1,1,-8,-0.74,mixed,False
11514124,11514650,15201,2020/7/1,264806.4,14.8,SingleFamily,1920,2,2,3898.0,sqft,Other,unknown,unknown,229000.0,15201,2020/7/1,271415.7,12.7,SingleFamily,1890,1,2,1999.0,sqft,Forced air,unknown,unknown,287500.0,1.0,"Let's think step by step:

- Type: Both are Single Family → equal
- Bedrooms: Both have 2 bedrooms → equal
- Bathrooms: Property 1 has 2 baths vs Property 2 has 1 bath → +1 bath for Property 1
- Lot size: Property 1 has 3898 sqft vs Property 2 has 1999 sqft → Property 1 has a larger lot (+1899 sqft)
- Year built: Property 1 was built in 1920, Property 2 in 1890 → Property 2 is 30 years older (older = less modern, potentially less desirable in current market)
- Heating: Property 1 has ""Other"" (unknown), Property 2 has ""Forced air"" (a common and standard system, likely more reliable and widely accepted than ""Other"")
- Cooling: Both have ""unknown"" → cannot compare, so no advantage either way

Key considerations:
- More bathrooms (2 vs 1) → favors Property 1
- Larger lot (3898 vs 1999) → favors Property 1
- Older construction (1920 vs 1890) → Property 2 is older, which may imply outdated systems or less modern features, though heating is specified as forced air (which is standard), and cooling is unknown
- ""Other"" heating is less specific and potentially less desirable than ""Forced air""

Even though Property 2 is older, the key advantages of Property 1 (more baths, larger lot) outweigh the age disadvantage. The heating system is a minor point — ""Forced air"" is standard and reliable, but ""Other"" is vague and less favorable.

Since both have the same number of bedrooms, and Property 1 has more bathrooms and a larger lot, and the heating is less clearly advantageous for Property 2, Property 1 has more favorable features.

CHOICE: 1",2.0,False,0.2554585152838428,hard,0,1,30,1899.0,bathrooms_dominant,False
11404834,11405320,15202,2020/7/1,245059.0,26.2,SingleFamily,1927,3,4,6225.0,sqft,"Radiant, Gas",Wall,unknown,310000.0,15202,2020/7/1,264348.0,21.0,SingleFamily,1897,2,4,10349.0,sqft,Other,Central,unknown,227000.0,2.0,"Let's think step by step:

- Type: Both are Single Family → equal
- Bedrooms: Both have 4 → equal
- Bathrooms: Property 1 has 3 vs Property 2 has 2 → +1 bath for Property 1
- Lot size: Property 2 has 10,349 sqft vs Property 1 has 6,225 sqft → +4,124 sqft for Property 2
- Year Built: Property 1 is 1927, Property 2 is 1897 → Property 2 is 30 years older (older = less modern, potentially less desirable in current market)
- Heating: Property 1 has Radiant, Gas; Property 2 has ""Other"" → ""Other"" is less specific and less desirable than Radiant/Gas (which is a modern, efficient system). However, ""Other"" may imply outdated or unknown, so this is a slight disadvantage for Property 2.
- Cooling: Property 1 has Wall AC (less efficient, less common in modern homes), Property 2 has Central AC (more desirable, more efficient, more common in current market) → + value for Property 2
- Parking: Both have ""unknown"" → cannot compare, so no advantage either way

Now, comparing key value drivers:
- More bathrooms: Property 1 wins (+1)
- Larger lot: Property 2 wins (+4,124 sqft)
- Older age: Property 2 is older (1897 vs 1927) → less desirable in current market
- Cooling: Central AC (Property 2) is more desirable than Wall AC (Property 1)
- Heating: Radiant/Gas (Property 1) is a modern, efficient system; ""Other"" (Property 2) is less defined and likely less desirable

Weighing:
- Lot size is a major factor — Property 2 has a significantly larger lot (over 4,000 sqft more), which is a strong advantage.
- Cooling: Central AC is a major upgrade over Wall AC — strong advantage for Property 2.
- Age: Property 2 is older — a disadvantage, but in a historic neighborhood, older homes can be valued higher, but we are told to not infer neighborhood quality. Since both are in the same zip, and no other context, we assume age is a negative.
- Bathrooms: Property 1 has one more bath — a moderate advantage.
- Heating: Property 1 has a better-specified, modern system — a small advantage.

However, in current market value, modern features like central cooling and larger lot size typically outweigh older age and fewer bathrooms.

Even though Property 1 has more bathrooms and better heating, the larger lot and superior cooling are more impactful in a residential market.

CHOICE: 2",1.0,False,0.3656387665198238,medium,0,1,30,-4124.0,bathrooms_dominant,False
11561836,11653749,15226,2022/6/1,142136.5854,33.56097561,"Single Family Residence, Residential",1930,2,3,3149.0,sqft,"Forced Air, Natural Gas",Central Air,unknown,148500.0,15226,2022/6/1,122314.8148,36.0,"Single Family Residence, Residential",1940,2,2,4965.0,sqft,"Forced Air, Natural Gas",Central Air,unknown,205000.0,,"Let's think step by step:

- Type: Both are Single Family Residence → equal
- Bedrooms: Property 1 has 3 beds vs Property 2 has 2 beds → +1 bed for Property 1
- Bathrooms: Both have 2 bathrooms → equal
- Lot size: Property 1 has 3149 sqft vs Property 2 has 4965 sqft → Property 2 has a larger lot (+1816 sqft)
- Year built: Property 1 is 1930 vs Property 2 is 1940 → Property 1 is 10 years older
- Heating: Both have Forced Air and Natural Gas → equal
- Cooling: Both have Central Air → equal
- Parking: Both have ""unknown"" → cannot compare, so no advantage

Now, comparing key value drivers:
- More bedrooms (3 vs 2) favors Property 1
- Larger lot (4965 vs 3149) favors Property 2
- Older age (1930 vs 1940) is a disadvantage for Property 1

However, in real estate, lot size is a strong factor, especially in a market where land value is significant. But bedroom count is also a major driver of value, particularly in single-family homes.

In this case:
- Property 1 has one more bedroom (3 vs 2), which is a significant upgrade in living space.
- Property 2 has a much larger lot (over 1800 sqft more), which is a major advantage in terms of outdoor space and potential for expansion or privacy.
- The age difference is only 10 years, which is minimal in terms of depreciation in a stable market.

But in the same ZIP code and month, and with all other features equal except bedrooms and lot size, we must weigh the relative impact.

In typical market valuations:
- A larger lot adds value, especially in suburban or family-oriented areas.
- An extra bedroom adds value, especially if the home is being considered for a growing family.

However, the lot size difference is substantial (over 1800 sqft), which is a significant advantage. But the bedroom difference is only one room.

But note: Property 1 has 3 bedrooms and 2 baths, Property 2 has 2 bedrooms and 2 baths.

In many markets, a 3-bedroom home is more desirable than a 2-bedroom, especially in a family market.

But the lot size of Property 2 is nearly 1.6x larger than Property 1 (4965 vs 3149), which is a major advantage.

Now, in the absence of other features, which is more valuable?

In a comparative analysis:
- The extra bedroom (P1) is a strong positive.
- The larger lot (P2) is a strong positive.
- The age difference is negligible.

But in real estate, lot size often has a greater impact on value than a single bedroom, especially in a market where land is scarce or valuable.

However, in a typical suburban market, both are important.

But let's compare the net effect:
- P1: +1 bedroom, -10 years older, smaller lot
- P2: +1800 sqft lot, -10 years older, -1 bedroom

The lot size advantage is substantial. In many areas, lot size can be a more significant driver than a single bedroom.

But in a 1930s home, the age may be a concern, but both are from the early 20th century.

Given that both have central air, same heating, same cooling, and same parking status (unknown), the only differences are:
- Bedrooms: P1 has one more
- Lot: P2 has over 1800 sqft more

In a market where land value is high (as in 15226, which is a suburban area), larger lot size often outweighs a single bedroom.

Moreover, a 3-bedroom home with a smaller lot may be less desirable if the lot is not spacious.

Therefore, despite the extra bedroom, the larger lot and the fact that it's a more modern (though still older) home with more space, makes Property 2 more valuable.

But wait — is the bedroom count really worth less than lot size?

In standard real estate valuation, lot size and bedroom count are both important, but in a comparable market, a larger lot often commands a premium.

In this case, the lot size difference is over 1800 sqft — that's a significant advantage.

Also, the age difference is only 10 years, which is not material.

Therefore, the larger lot and the fact that it's a more spacious home (even with one fewer bedroom) may make Property 2 more valuable.

But let's reconsider: Property 1 has 3 bedrooms, which is a major upgrade",2.0,False,0.38047138047138046,medium,1,0,-10,-1816.0,bedrooms_dominant,False
59156376,59158535,2132,2021/8/1,1415012.0,19.2,Single Family Residence,1880,4,6,0.39,Acres,"Steam, Electric Baseboard",Window Unit(s),unknown,1660000.0,2132,2021/8/1,1230635.593,10.0,Single Family Residence,2016,3,4,6534.0,sqft,"Forced Air, Natural Gas, ENERGY STAR Qualified Equipment","Central Air, ENERGY STAR Qualified Equipment",unknown,1260000.0,2.0,"Let's think step by step:

- Type: Both are Single Family Residence → equal  
- Bedrooms: Property 1 has 6 vs Property 2 has 4 → +2 bedrooms for Property 1  
- Bathrooms: Property 1 has 4 vs Property 2 has 3 → +1 bathroom for Property 1  
- Lot size: Property 1 has 0.39 Acres → 0.39 × 43,560 = 17,000 sqft (approx)  
  Property 2 has 6,534 sqft → Property 1 has a lot of ~17,000 sqft vs 6,534 sqft → +10,466 sqft for Property 1  
- Year Built: Property 1 is 1880 → very old; Property 2 is 2016 → modern, newer construction  
- Heating: Property 1 has Steam and Electric Baseboard → outdated, less efficient; Property 2 has Forced Air, Natural Gas, and ENERGY STAR Qualified Equipment → modern, efficient  
- Cooling: Property 1 has Window Unit(s) → outdated, less effective, limited comfort; Property 2 has Central Air with ENERGY STAR Qualified Equipment → modern, reliable, better comfort  
- Parking: Both have ""unknown"" → cannot compare → no advantage either way  

Now, comparing key value drivers:

- More bedrooms and bathrooms → higher value (Property 1 has both)
- Larger lot → higher value (Property 1 has ~17,000 sqft vs 6,534 sqft → significantly larger)
- Modern systems (heating and cooling) → higher value (Property 2 has modern, efficient, ENERGY STAR systems)
- Age: Property 1 is 136 years old → very outdated; Property 2 is modern and built in 2016 → much more current

However, the feature differences are not balanced:

- Property 1 has more bedrooms (6 vs 4) and more bathrooms (4 vs 3) → strong advantage
- Property 1 has a much larger lot (~17,000 sqft vs 6,534 sqft) → strong advantage
- Property 2 has modern, efficient, ENERGY STAR qualified heating and cooling → significant advantage in current market value

But in a current market, modern energy efficiency and HVAC systems (especially ENERGY STAR) are highly valued and can significantly increase market value. In contrast, a 1880 home with steam heating and window units is outdated and less desirable, even with more rooms and a large lot.

In the same ZIP code and month, market value is driven by modernity, efficiency, and current amenities. While Property 1 has more bedrooms and a larger lot, the outdated systems and age severely limit its appeal.

Property 2 has modern, efficient, energy-efficient systems, which are highly valued in today’s market, especially in a competitive local market.

Therefore, despite the bedroom and lot advantages, the modern features and efficiency of Property 2 make it more likely to have a higher current market value.

CHOICE: 2",1.0,False,0.31746031746031744,medium,2,1,-136,-6533.61,mixed,False
11483974,11484635,15237,2022/5/1,250393.8776,28.75510204,"Single Family Residence, Residential",1950,3,4,0.43,Acres,"Forced Air, Natural Gas",Central Air,unknown,286000.0,15237,2022/5/1,310900.0,22.75,"Single Family Residence, Residential",1975,4,3,0.33,Acres,"Forced Air, Natural Gas",Central Air,unknown,406000.0,,"Let's think step by step:

- Type: Both are Single Family Residence → equal
- Year Built: Property 1 is 1950, Property 2 is 1975 → Property 2 is 25 years newer → more modern, potentially better efficiency and updated systems → advantage for Property 2
- Bedrooms: Property 1 has 4 beds vs Property 2 has 3 beds → +1 bedroom for Property 1
- Bathrooms: Property 1 has 3 baths vs Property 2 has 4 baths → +1 bath for Property 2
- Lot Size: Property 1 has 0.43 acres vs Property 2 has 0.33 acres → Property 1 has a larger lot (0.10 acres larger) → advantage for Property 1
- Heating: Both have Forced Air and Natural Gas → equal
- Cooling: Both have Central Air → equal
- Parking: Both have ""unknown"" → cannot compare → no advantage either way

Now, compare the key value drivers:
- More bedrooms: Property 1 has 4 vs 3 → +1
- More bathrooms: Property 2 has 4 vs 3 → +1
- Lot size: Property 1 has larger lot → +0.10 acres → significant in residential valuation
- Age: Property 2 is newer (25 years) → generally more desirable and potentially more energy efficient

However, in real estate, bedroom and bathroom counts are strong drivers, but lot size and age also matter.

Breakdown:
- Property 1: 4 beds, 3 baths, 0.43 acres, 1950
- Property 2: 3 beds, 4 baths, 0.33 acres, 1975

The bedroom advantage (1 more) is offset by the bathroom disadvantage (1 fewer). But bathrooms are often more valuable than bedrooms in terms of square footage and functionality, especially in a 4-bath home.

Lot size: Property 1 has 0.10 acres more → this is a significant advantage in a market where lot size is valued (especially in suburban or single-family areas).

Age: Property 2 is newer → better condition, updated systems, potentially lower maintenance costs → a strong advantage.

But in this case, the lot size and bedroom count favor Property 1, while bathrooms and age favor Property 2.

However, in a typical market, a larger lot and more bedrooms are strong positives. Property 1 has 4 beds and 0.43 acres — both are strong. Property 2 has 4 baths, which is a strong feature, but fewer bedrooms and smaller lot.

But note: 4 baths is a significant feature — especially in a 3-bedroom home — suggesting a larger, more finished home. However, in a 4-bedroom home, 3 baths is common, and 4 baths may indicate more space or luxury.

Still, the lot size difference is 0.10 acres — about 160 sqft — which is meaningful in a 1950s home.

But the age difference (25 years) is substantial — newer homes typically command a premium.

In a market where newer homes are preferred, and with all else equal, newer homes sell for more.

Here, Property 1 is older (1950), Property 2 is newer (1975). That’s a 25-year difference — a major factor.

Also, Property 1 has more bedrooms (4 vs 3), which is a strong value driver.

But Property 2 has more bathrooms (4 vs 3) — which can be a strong value driver in a home with more space.

However, in a single-family home, the number of bedrooms is often more directly tied to living space and family size.

But in this case, the lot size is larger for Property 1 (0.43 vs 0.33 acres), which is a significant advantage.

Now, comparing the two:

- Property 1: 4 beds, 3 baths, 0.43 acres, 1950
- Property 2: 3 beds, 4 baths, 0.33 acres, 1975

The bedroom advantage (1) is offset by the bathroom disadvantage (1), but the lot size advantage (0.10 acres) is a real benefit.

The age disadvantage (25 years older) is significant — older homes may have outdated systems, less energy efficiency, and higher maintenance costs.

In a market where newer homes are preferred, and with all else equal, the newer home (Property 2) would be more valuable.

But here, Property 1 has more bedrooms and a larger lot — both strong features.

However, in real estate, the value of a larger lot is often more significant than a single extra bathroom, especially in a 195",2.0,False,0.4195804195804196,medium,1,-1,-25,0.09999999999999998,year_dominant,False
59124864,59161144,2132,2021/8/1,798366.6667,19.66666667,Single Family Residence,1950,3,3,8712.0,sqft,Baseboard,Window Unit(s),unknown,975000.0,2132,2021/8/1,769177.7778,12.55555556,Single Family Residence,1967,2,4,6098.0,sqft,"Natural Gas, Baseboard",Window Unit(s),unknown,715000.0,2.0,"Let's think step by step:

- Type: Both are Single Family Residence → equal  
- Bedrooms: Property 1 has 3 vs Property 2 has 4 → +1 for Property 2  
- Bathrooms: Property 1 has 3 vs Property 2 has 2 → +1 for Property 1  
- Lot size: Property 1 has 8712 sqft vs Property 2 has 6098 sqft → +2614 sqft for Property 1  
- Year built: Property 1 is 1950, Property 2 is 1967 → Property 2 is 17 years newer → more modern, potentially better value  
- Heating: Property 1 has Baseboard only; Property 2 has Natural Gas + Baseboard → Property 2 has more modern and efficient heating (Natural Gas is generally more desirable than Baseboard)  
- Cooling: Both have Window Unit(s) → equal  
- Parking: Both have ""unknown"" → cannot compare → no advantage either way  

Now, comparing the features:

- Property 2 has one more bedroom (4 vs 3), which is a significant factor in value.  
- Property 1 has one more bathroom (3 vs 2), which is also a positive.  
- However, Property 1 has a much larger lot (8712 vs 6098 sqft), which is a substantial advantage.  
- Property 2 is newer (1967 vs 1950), which generally increases value due to updated systems and construction standards.  
- Property 2 has better heating (Natural Gas + Baseboard vs just Baseboard), which is a notable upgrade.  

But note: the bedroom count is a strong driver of value. In many markets, an extra bedroom can be more valuable than a larger lot or newer construction, especially in a single-family home. However, the lot size is also a major factor — larger lots are often more desirable, especially in suburban or family-oriented markets.  

But here's the key:  
- Property 1 has 3 beds, 3 baths, 8712 sqft lot  
- Property 2 has 4 beds, 2 baths, 6098 sqft lot  

Even though Property 1 has a larger lot, Property 2 has one more bedroom and is newer with better heating. In a market where bedroom count is a primary driver (especially in single-family homes), 4 bedrooms is a significant advantage.  

Also, the heating system in Property 2 (Natural Gas) is more efficient and modern than Property 1’s Baseboard only.  

While the lot size is larger for Property 1, the bedroom advantage and newer construction with better heating give Property 2 a stronger relative value.  

In a comparative analysis of similar homes in the same market, more bedrooms and newer construction with modern systems typically outweigh lot size differences when the lot is not extremely large.  

CHOICE: 2",1.0,False,0.36363636363636365,medium,-1,1,-17,2614.0,lot_dominant,False
11335906,11571133,15216,2020/7/1,214149.8462,15.84615385,SingleFamily,1951,2,3,3449.0,sqft,Other,Central,unknown,220000.0,15216,2020/7/1,175889.9231,24.61538462,SingleFamily,1915,3,3,3497.0,sqft,"Other, Gas",Central,unknown,155000.0,2.0,"Let's think step by step:

- Type: Both are Single Family → equal
- Bedrooms: Both have 3 → equal
- Bathrooms: Property 2 has 3 vs Property 1 has 2 → +1 bath for Property 2
- Lot size: Property 2 has 3497 sqft vs Property 1 has 3449 sqft → +48 sqft for Property 2 (small difference, but still in favor of P2)
- Year Built: Property 2 was built in 1915 vs Property 1 in 1951 → Property 2 is 36 years older → older age generally reduces value, unless compensated by other features
- Heating: Property 2 has ""Other, Gas"" vs Property 1 has ""Other"" → gas heating is typically more efficient and desirable than ""Other"" (which is unspecified and less desirable), so Property 2 has a clear advantage
- Cooling: Both have Central Cooling → equal
- Parking: Both have ""unknown"" → cannot compare → no advantage either way

Key comparative points:
- Bathrooms: P2 has one more bathroom → adds value
- Heating: P2 has gas heating → more desirable than unspecified ""Other""
- Lot size: P2 is slightly larger (3497 vs 3449) → small edge
- Age: P2 is older (1915 vs 1951) → this is a disadvantage, but in older homes, if the heating and other features are better, it may be offset

However, in a market where newer homes are typically more valuable, age is a negative factor. But here, the heating system (gas) and the extra bathroom are significant upgrades that can offset the age disadvantage.

In the same ZIP and month, market value is driven by features that are more desirable and directly impact livability and efficiency.

Conclusion:
Property 2 has more bathrooms, better heating (gas), and a slightly larger lot — all of which increase market value. The age disadvantage is outweighed by these features.

CHOICE: 2",1.0,False,0.41935483870967744,medium,0,-1,36,-48.0,bathrooms_dominant,False
11549475,11609449,15241,2021/9/1,336359.322,17.71186441,"Single Family Residence, Residential",1966,3,4,0.39,Acres,"Forced Air, Natural Gas",Central Air,unknown,270000.0,15241,2021/9/1,381977.7778,11.66666667,"Single Family Residence, Residential",1987,3,3,0.31,Acres,"Forced Air, Natural Gas","Central Air, Electric",unknown,379000.0,1.0,"Let's think step by step:

- Type: Both are Single Family Residence → equal
- Bedrooms: Property 1 has 4 beds vs Property 2 has 3 beds → +1 bed for Property 1
- Bathrooms: Both have 3 baths → equal
- Lot size: Property 1 has 0.39 Acres vs Property 2 has 0.31 Acres → Property 1 has 0.08 Acres larger → +0.08 acres for Property 1
- Year Built: Property 1 is 1966, Property 2 is 1987 → Property 1 is 21 years older → older age is a disadvantage
- Heating: Both have Forced Air and Natural Gas → equal
- Cooling: Property 1 has Central Air only; Property 2 has Central Air and Electric → Property 2 has an additional cooling option (Electric), which may offer more flexibility in climate or energy efficiency, but Central Air is generally more desirable than Electric in most markets. However, having both Central Air and Electric is a minor advantage for Property 2, but not a major one.
- Parking: Both have ""unknown"" → cannot compare → no advantage either way

Now, comparing the key differentiators:
- Property 1 has one more bedroom (4 vs 3)
- Property 1 has a larger lot (0.39 vs 0.31 acres)
- Property 1 is older (21 years) → this is a disadvantage in a market where newer homes are more desirable
- Cooling: Property 2 has an additional cooling option (Electric), which may be a small plus, but Central Air is generally more valuable than Electric in most climates

However, in a residential market, bedroom count and lot size are strong drivers of value. The extra bedroom and larger lot provide tangible value, even if the home is older. The age difference (21 years) is significant, but not decisive if the other features compensate.

In this case, the bedroom and lot size advantages outweigh the age disadvantage, especially since both have central air and similar heating.

CHOICE: 1",2.0,False,0.40370370370370373,medium,1,0,-21,0.08000000000000002,bedrooms_dominant,False
11286333,11287142,15208,2020/12/1,400760.2222,34.11111111,"Single Family Residence, Residential",1955,4,4,6060.0,sqft,Natural Gas,Central Air,unknown,520000.0,15208,2020/12/1,530753.0,30.0,"Single Family Residence, Residential",1930,5,5,8176.0,sqft,Natural Gas,Central Air,unknown,350000.0,2.0,"Let's think step by step:

- Type: Both are Single Family Residence → equal
- Year Built: Property 1 is 1955, Property 2 is 1930 → Property 2 is 25 years older → older homes may have more wear, but in this market, age is not a strong negative if features are modern
- Bedrooms: Property 2 has 5 vs Property 1's 4 → +1 bedroom for Property 2
- Bathrooms: Property 2 has 5 vs Property 1's 4 → +1 bathroom for Property 2
- Lot Size: Property 2 has 8176 sqft vs Property 1's 6060 sqft → +2116 sqft for Property 2 → larger lot increases value
- Heating: Both have Natural Gas → equal
- Cooling: Both have Central Air → equal
- Parking: Both have ""unknown"" → cannot compare → no advantage either way

All other features are equal or favor Property 2:
- More bedrooms (+1)
- More bathrooms (+1)
- Larger lot (+2116 sqft)

Even though Property 2 is older (1930 vs 1955), the significant increase in bedroom, bathroom, and lot size provides substantial value advantages in a residential market where space and square footage are key.

In the absence of any negative features (like outdated systems or poor condition), and given that both have modern cooling and heating, the larger lot and more rooms make Property 2 more valuable.

CHOICE: 2",1.0,False,0.4857142857142857,medium,-1,-1,25,-2116.0,year_dominant,False
11451173,11533224,15235,2021/12/1,125596.5986,33.79591837,"Single Family Residence, Residential",1955,2,3,8820.0,sqft,"Forced Air, Natural Gas","Central Air, Electric",unknown,128000.0,15235,2021/12/1,155006.4935,16.23376623,"Single Family Residence, Residential",1955,2,3,6067.0,sqft,"Forced Air, Natural Gas",Central Air,unknown,175000.0,1.0,"Let's think step by step:

- Type: Both are Single Family Residence → equal
- Year Built: Both built in 1955 → equal
- Bedrooms: Both have 3 bedrooms → equal
- Bathrooms: Both have 2 bathrooms → equal
- Lot Size: Property 1 has 8820 sqft vs Property 2 has 6067 sqft → Property 1 has a larger lot (+2753 sqft) → + value for Property 1
- Heating: Both have Forced Air and Natural Gas → equal
- Cooling: Property 1 has Central Air, Electric; Property 2 has Central Air only → Property 1 has electric cooling as an additional feature (though electric cooling is common, central air is more desirable than window or split units, and central air is present in both, but Property 1 has both central air and electric, which may imply more modern or flexible cooling options — however, since both have central air, and only Property 1 has electric as a secondary option, this is a minor edge)
- Parking: Both have ""unknown"" → cannot compare → no advantage

Key differentiator: Lot size is significantly larger in Property 1 (8820 vs 6067 sqft), which directly contributes to higher market value in residential real estate, especially in a stable market with no neighborhood differences.

All other features are equal or favor Property 1 slightly in cooling (central air + electric vs central air only).

Therefore, Property 1 has a clear advantage in lot size and a minor edge in cooling.

CHOICE: 1",2.0,False,0.3671875,medium,0,0,0,2753.0,lot_dominant,False
11470364,11547114,15236,2022/4/1,183673.875,13.625,SingleFamily,1952,2,3,7152.0,sqft,"Other, Gas",Central,unknown,205000.0,15236,2022/4/1,205202.5,29.5,"Single Family Residence, Residential",1979,2,3,2877.0,sqft,"Forced Air, Natural Gas",Central Air,unknown,285000.0,1.0,"Let's think step by step:

- Type: Both are Single Family (Property 1: SingleFamily, Property 2: Single Family Residence) → equal
- Bedrooms: Both have 3 bedrooms → equal
- Bathrooms: Both have 2 bathrooms → equal
- Lot size: Property 1 has 7152 sqft vs Property 2 has 2877 sqft → Property 1 has a significantly larger lot (+4275 sqft) → + value for Property 1
- Year built: Property 1 built in 1952, Property 2 in 1979 → Property 2 is 27 years newer → newer homes generally have more modern features and better efficiency → + value for Property 2
- Heating: Property 1: ""Other, Gas"" (vague, less specific), Property 2: ""Forced Air, Natural Gas"" → Property 2 specifies forced air (common and reliable) and natural gas (common in homes), while Property 1 is vague → Property 2 has more defined and typical heating system → + value for Property 2
- Cooling: Property 1: ""Central"" (assumed central air), Property 2: ""Central Air"" → both have central cooling → equal
- Parking: Both have ""unknown"" → cannot compare → no advantage either way

Now, comparing the key differentiators:
- Lot size favors Property 1 (much larger)
- Age favors Property 2 (newer by 27 years)
- Heating system favors Property 2 (more specific and standard)

However, in real estate, lot size is a major driver of value, especially in a market where land is a key component. A 7152 sqft lot vs 2877 sqft is a substantial difference — over 2.5x the size. This alone gives Property 1 a strong edge.

While the newer age and better heating of Property 2 are positive, the lot size advantage is more significant and directly impacts market value in a residential context.

CHOICE: 1",2.0,False,0.3902439024390244,medium,0,0,-27,4275.0,year_dominant,False
11654967,11655166,15216,2021/3/1,209214.0,26.0,"Single Family Residence, Residential",1920,2,4,3001.0,sqft,"Forced Air, Natural Gas","Central Air, Electric",unknown,226000.0,15216,2021/3/1,197951.6154,13.0,"Single Family Residence, Residential",1920,1,5,3000.0,sqft,"Forced Air, Natural Gas","Central Air, Electric",unknown,170000.0,2.0,"Let's think step by step:

- Type: Both are Single Family Residence → equal
- Year Built: Both built in 1920 → equal (same age)
- Bedrooms: Property 1 has 4 vs Property 2 has 5 → Property 2 has +1 bedroom
- Bathrooms: Property 1 has 2 vs Property 2 has 1 → Property 1 has +1 bathroom
- Lot size: Property 1 has 3001 sqft vs Property 2 has 3000 sqft → Property 1 has slightly larger lot (+1 sqft)
- Heating: Both have Forced Air and Natural Gas → equal
- Cooling: Both have Central Air and Electric → equal
- Parking: Both have ""unknown"" → cannot compare, so no advantage

Now, comparing key value drivers:
- More bedrooms (5 vs 4) → generally increases value
- More bathrooms (2 vs 1) → increases value
- Lot size is nearly identical (3001 vs 3000) → negligible difference

Even though Property 1 has more bathrooms, Property 2 has more bedrooms (a key factor in home value, especially in single-family homes), and bedroom count often has a stronger impact on market value than bathroom count in this context.

In a comparable market with same age, same lot size, same heating and cooling, the home with more bedrooms is typically more valuable.

CHOICE: 2",1.0,False,0.32941176470588235,medium,-1,1,0,1.0,mixed,False
11284179,11284236,15206,2021/6/1,370285.3636,19.09090909,"Single Family Residence, Residential",1951,2,3,6751.0,sqft,"Forced Air, Natural Gas",Central Air,unknown,351500.0,15206,2021/6/1,399554.4762,20.52380952,"Single Family Residence, Residential",1925,2,4,3898.0,sqft,"Hot Water, Natural Gas",Wall Unit(s),unknown,477500.0,1.0,"Let's think step by step:

- Type: Both are Single Family Residence → equal
- Bedrooms: Property 2 has 4 beds vs Property 1 has 3 beds → +1 bedroom for Property 2
- Bathrooms: Both have 2 bathrooms → equal
- Lot size: Property 1 has 6751 sqft vs Property 2 has 3898 sqft → Property 1 has a significantly larger lot (+2853 sqft)
- Year built: Property 2 was built in 1925 vs Property 1 in 1951 → Property 2 is 26 years older → older age generally reduces value, unless compensated by other features
- Heating: Property 1 has Forced Air, Natural Gas; Property 2 has Hot Water, Natural Gas → Hot Water is often considered a premium feature (more efficient, modern, and comfortable), so this favors Property 2
- Cooling: Property 1 has Central Air (more desirable than Wall Unit(s), which is less efficient and less comfortable) → Central Air is a significant advantage for Property 1
- Parking: Both have ""unknown"" → cannot compare → no advantage either way

Now, comparing the trade-offs:
- Property 2 has one more bedroom (a strong positive)
- Property 1 has a much larger lot (a strong positive)
- Property 1 has central air (a strong positive)
- Property 2 has hot water heating (a positive, but less impactful than central air or lot size)

However, in real estate valuation, lot size and bedroom count are often more impactful than heating type or cooling type, especially in a market where central air is standard.

But here, Property 1 has:
- Central air (a major upgrade over wall units)
- Larger lot (6751 vs 3898 sqft — over 1.7x the size)

Property 2 has:
- One more bedroom (a solid plus)
- Older construction (1925 vs 1951 — 26 years older, which is a disadvantage)
- Wall unit cooling (less desirable than central air)

Even though Property 2 has more bedrooms, the larger lot and superior cooling system in Property 1 provide more significant value advantages.

In the same ZIP code and month, market value is driven by size, modern features, and condition. Central air is a major upgrade over wall units. A larger lot is a strong value driver.

Therefore, despite the extra bedroom, Property 1 has more favorable features overall.

CHOICE: 1",2.0,False,0.3584637268847795,medium,-1,0,26,2853.0,bedrooms_dominant,False
11354025,11354209,15227,2020/12/1,146582.0,22.75,"Single Family Residence, Residential",1950,2,3,0.31,Acres,"Forced Air, Natural Gas",Central Air,unknown,140000.0,15227,2020/12/1,169403.8,31.3,"Single Family Residence, Residential",1945,2,4,4499.0,sqft,Natural Gas,Window A/C,unknown,195000.0,1.0,"Let's think step by step:

- Type: Both are Single Family Residence → equal
- Bedrooms: Property 1 has 3, Property 2 has 4 → +1 bedroom for Property 2
- Bathrooms: Both have 2 → equal
- Lot size: Property 1 has 0.31 Acres. Convert to sqft: 0.31 * 43,560 = 13,493.6 sqft. Property 2 has 4,499 sqft → Property 1 has a much larger lot (over 9,000 sqft larger) → + significant lot advantage for Property 1
- Year built: Property 2 (1945) is 5 years earlier than Property 1 (1950) → Property 2 is older, which generally implies more historical value or potential wear, but in a market where newer homes are preferred, this may reduce value. However, age alone is not decisive without context.
- Heating: Both use Natural Gas → equal
- Cooling: Property 1 has Central Air, Property 2 has Window A/C → Central Air is more desirable and modern, so Property 1 has a clear advantage in cooling
- Parking: Both have ""unknown"" → cannot compare → no advantage either way

Now, comparing the key value drivers:
- Property 2 has one more bedroom (4 vs 3) → +1 bed
- Property 1 has a much larger lot (13,493 sqft vs 4,499 sqft) → +9,000+ sqft advantage
- Property 1 has Central Air (more desirable than Window A/C)

Even though Property 2 is slightly older (1945 vs 1950), the lot size and cooling system are major value drivers. In real estate, lot size and central air are significant factors in market value, especially in a single-family context.

The bedroom advantage of Property 2 is offset by the massive lot size and superior cooling in Property 1.

CHOICE: 1",2.0,False,0.39285714285714285,medium,-1,0,5,-4498.69,bedrooms_dominant,False
11617445,11643265,15237,2022/6/1,335971.4286,23.71428571,"Single Family Residence, Residential",1938,3,3,0.01,Acres,"Hot Water, Natural Gas",Electric,unknown,438000.0,15237,2022/6/1,347946.1538,12.30769231,"Single Family Residence, Residential",1950,2,4,0.9,Acres,"Forced Air, Natural Gas",Central Air,unknown,328000.0,2.0,"Let's think step by step:

- Type: Both are Single Family Residence → equal
- Bedrooms: Property 1 has 3, Property 2 has 4 → +1 for Property 2
- Bathrooms: Property 1 has 3, Property 2 has 2 → +1 for Property 1
- Lot size: Property 1 has 0.01 Acres (100 sqft), Property 2 has 0.9 Acres (900 sqft) → +800 sqft for Property 2 (massive advantage)
- Year Built: Property 1 is 1938, Property 2 is 1950 → Property 1 is 12 years older → older age is a disadvantage
- Heating: Property 1 has Hot Water + Natural Gas, Property 2 has Forced Air + Natural Gas → Hot Water is generally more efficient and modern, so this is a slight advantage for Property 1
- Cooling: Property 1 has Electric, Property 2 has Central Air → Central Air is more desirable and effective in most climates, so this is a clear advantage for Property 2
- Parking: Both have ""unknown"" → cannot compare → no difference

Now, comparing the key value drivers:
- Bedrooms: +1 for Property 2
- Bathrooms: +1 for Property 1
- Lot size: +800 sqft for Property 2 (a major factor in value)
- Cooling: Central Air (P2) > Electric (P1) → + for P2
- Age: P1 is older → negative for P1
- Heating: Hot Water (P1) is slightly better than Forced Air (P2), but in a market where central cooling is a major differentiator, this is a minor point

Despite the bathroom advantage for Property 1, the lot size advantage (900 sqft vs 100 sqft) is enormous and directly impacts market value. The central air in Property 2 is a significant upgrade over electric cooling. The bedroom count is higher in Property 2 (4 vs 3), which is a strong plus. The age disadvantage of Property 1 (1938 vs 1950) is offset by better heating, but not enough to outweigh the other advantages.

CHOICE: 2",1.0,False,0.3353658536585366,medium,-1,1,-12,-0.89,mixed,False
11439929,11656362,15216,2020/2/1,157853.0,27.0,SingleFamily,1911,2,3,9000.0,sqft,"Radiant, Other, Gas",unknown,unknown,152500.0,15216,2020/2/1,167192.0,17.0,SingleFamily,1930,2,3,5087.0,sqft,Other,unknown,unknown,219900.0,1.0,"Let's think step by step:

- Type: Both are Single Family → equal
- Bedrooms: Both have 3 bedrooms → equal
- Bathrooms: Both have 2 bathrooms → equal
- Lot size: Property 1 has 9000 sqft vs Property 2 has 5087 sqft → Property 1 has a significantly larger lot (+3913 sqft) → + value for Property 1
- Year built: Property 1 is 1911, Property 2 is 1930 → Property 1 is 19 years older → older age generally reduces value, especially in a market where newer homes are preferred
- Heating: Property 1 has ""Radiant, Other, Gas"" → more specific and potentially modern or efficient; Property 2 has ""Other"" → less specific, possibly less desirable
- Cooling: Both have ""unknown"" → cannot compare, so no advantage either way
- Parking: Both have ""unknown"" → cannot compare, so no advantage either way

Key comparison:
- Lot size is a major differentiator: Property 1 has a much larger lot (9000 vs 5087 sqft), which typically increases value, especially in a market where outdoor space is valued.
- Age: Property 1 is older (1911 vs 1930), which is a disadvantage in a modern market, as older homes may have outdated systems, less energy efficiency, or require more maintenance.
- Heating: Property 1 has more detailed and potentially better heating (radiant + gas), which may be more efficient than ""other"" for Property 2 — this could be a small positive for Property 1.

However, the lot size advantage is substantial and directly impacts market value. In the absence of cooling or parking details, we rely on what is known.

Even though Property 1 is older, the larger lot size provides a significant value boost. In a market where lot size is a key factor (especially in suburban or rural areas), this can outweigh the age disadvantage.

Therefore, despite the age difference, Property 1 has a larger lot and better heating specification, while Property 2 has no advantage.

CHOICE: 1",2.0,False,0.4419672131147541,medium,0,0,-19,3913.0,lot_dominant,False
11513765,123271271,15201,2020/11/1,229622.2727,56.63636364,"Single Family Residence, Residential",1900,3,3,2617.0,sqft,"Forced Air, Natural Gas",Central Air,Open Parking,140000.0,15201,2020/11/1,330409.9231,21.84615385,"Townhouse, Residential",1919,3,3,988.0,sqft,"Forced Air, Natural Gas",Central Air,Open Parking,307500.0,1.0,"Let's think step by step:

- Type: Property 1 is Single Family Residence, Property 2 is Townhouse  
  → Single family homes typically command higher value than townhouses in the same market, especially in a historic or established neighborhood. This is a key differentiator.

- Year Built: Property 1 was built in 1900, Property 2 in 1919  
  → Property 2 is 19 years newer, which is a positive factor for modern updates, efficiency, and maintenance.

- Bedrooms: Both have 3 bedrooms → equal

- Bathrooms: Both have 3 bathrooms → equal

- Lot Size: Property 1 has 2617 sqft, Property 2 has 988 sqft  
  → Property 1 has a lot size that is significantly larger (about 2.7 times bigger), which is a major value driver in residential real estate.

- Heating: Both have Forced Air with Natural Gas → equal

- Cooling: Both have Central Air → equal

- Parking: Both have Open Parking → equal

Comparison:
- Type: Single family > Townhouse (in value, especially in a market where single-family homes are more desirable)
- Lot size: Property 1 has a much larger lot (2617 vs 988 sqft), which adds substantial value
- Age: Property 2 is newer (1919 vs 1900), which is a small advantage, but not enough to offset the type and lot size differences

Even though Property 2 is newer, the type (townhouse vs single-family) and the lot size are decisive factors. In the same ZIP code and market, single-family homes with larger lots are generally more valuable than townhouses with smaller lots, even if the age is slightly better.

CHOICE: 1",2.0,False,1.1964285714285714,easy,0,0,-19,1629.0,mixed,False
11306307,11354115,15227,2021/6/1,199075.6667,17.0,"Single Family Residence, Residential",1956,2,3,10598.0,sqft,Natural Gas,Central Air,unknown,130000.0,15227,2021/6/1,199204.1538,17.38461538,"Single Family Residence, Residential",1940,1,3,4399.0,sqft,"Hot Water, Natural Gas",Window A/C,unknown,200500.0,1.0,"Let's think step by step:

- Type: Both are Single Family Residence → equal
- Bedrooms: Both have 3 bedrooms → equal
- Bathrooms: Property 1 has 2 vs Property 2 has 1 → +1 bath for Property 1
- Lot size: Property 1 has 10,598 sqft vs Property 2 has 4,399 sqft → Property 1 has a lot size that is significantly larger (+6,199 sqft) → strong advantage for Property 1
- Year built: Property 1 was built in 1956, Property 2 in 1940 → Property 2 is 16 years older → older age is a disadvantage in terms of condition and modern features
- Heating: Property 1 has Natural Gas (common and efficient), Property 2 has Hot Water (less common, less efficient, and typically more expensive to maintain and operate) → Natural Gas is generally more favorable in current market value
- Cooling: Property 1 has Central Air (preferred over Window A/C) → Central Air is more desirable and provides better comfort and home value
- Parking: Both have ""unknown"" → cannot compare → no advantage either way

Summary of advantages:
- Property 1: More bathrooms, larger lot, better cooling (central air), better heating (natural gas)
- Property 2: Older construction, fewer bathrooms, smaller lot, less desirable cooling (window A/C)

Even though Property 2 is older, the larger lot, better heating, better cooling, and more bathrooms give Property 1 a clear edge in market value.

CHOICE: 1",2.0,False,0.5423076923076923,easy,0,1,16,6199.0,bathrooms_dominant,False
11306307,11392669,15227,2021/6/1,199075.6667,17.0,"Single Family Residence, Residential",1956,2,3,10598.0,sqft,Natural Gas,Central Air,unknown,130000.0,15227,2021/6/1,171337.0,19.0,"Single Family Residence, Residential",1953,2,2,8123.0,sqft,"Forced Air, Natural Gas",Central Air,unknown,207500.0,1.0,"Let's think step by step:

- Type: Both are Single Family Residence → equal
- Bedrooms: Property 1 has 3 beds vs Property 2 has 2 beds → +1 bedroom for Property 1
- Bathrooms: Both have 2 bathrooms → equal
- Lot size: Property 1 has 10,598 sqft vs Property 2 has 8,123 sqft → Property 1 has a larger lot (+2,475 sqft)
- Year built: Property 1 built in 1956 vs Property 2 built in 1953 → Property 2 is 3 years newer
- Heating: Both have Natural Gas and Forced Air (Property 2 has Forced Air + Natural Gas, Property 1 has only Natural Gas) → Property 2 has a more modern heating system (Forced Air is common and efficient, but Natural Gas is present in both; however, Forced Air is generally more common in modern homes and may imply better system)
- Cooling: Both have Central Air → equal
- Parking: Both have ""unknown"" → cannot compare → no advantage

Now, comparing key value drivers:
- More bedrooms (3 vs 2) → favors Property 1
- Larger lot (10,598 vs 8,123) → favors Property 1
- Slightly newer construction (Property 2 built 3 years earlier) → minor disadvantage for Property 1
- Heating: Property 2 has Forced Air + Natural Gas, Property 1 has only Natural Gas → Property 2 has a more typical and potentially more efficient heating system, but this is a small edge
- Cooling: Equal

Despite the slight edge in heating for Property 2, the advantages in bedroom count and lot size are significant and directly impact market value. In a residential market, more bedrooms and larger lot size typically drive higher value, especially when other features are equal.

The age difference is minimal (3 years), and the heating difference is not substantial enough to outweigh the bedroom and lot advantages.

CHOICE: 1",2.0,False,0.5961538461538461,easy,1,0,3,2475.0,bedrooms_dominant,False
11622311,11622932,15206,2020/11/1,251594.6667,33.33333333,"Single Family Residence, Residential",1920,3,4,3990.0,sqft,Natural Gas,unknown,unknown,180000.0,15206,2020/11/1,344735.4,32.93333333,"Single Family Residence, Residential",1885,2,5,2330.0,sqft,"Natural Gas, Steam",unknown,unknown,325000.0,1.0,"Let's think step by step:

- Type: Both are Single Family Residence → equal
- Year Built: Property 2 (1885) is 35 years older than Property 1 (1920) → Property 1 is newer (better age)
- Bedrooms: Property 1 has 4 vs Property 2 has 5 → Property 2 has +1 bedroom
- Bathrooms: Property 1 has 3 vs Property 2 has 2 → Property 1 has +1 bathroom
- Lot Size: Property 1 has 3990 sqft vs Property 2 has 2330 sqft → Property 1 has +1660 sqft (larger lot)
- Heating: Both have Natural Gas; Property 2 also has Steam → Steam heating is less common and less efficient than natural gas alone; this may be a negative for Property 2
- Cooling: Both listed as ""unknown"" → cannot compare; no advantage or disadvantage from this feature

Now, comparing key value drivers:
- More bedrooms: Property 2 has 5 vs 4 → +1
- More bathrooms: Property 1 has 3 vs 2 → +1
- Lot size: Property 1 has 3990 vs 2330 → +1660 sqft → significant advantage
- Age: Property 1 is built in 1920 vs 1885 → Property 1 is newer (35 years) → better condition likely
- Heating: Property 2 has steam heating, which is outdated and less efficient than natural gas alone → a disadvantage

Even though Property 2 has one more bedroom, the trade-offs are:
- Fewer bathrooms (1 fewer)
- Much smaller lot (over 1600 sqft smaller)
- Older construction (35 years older)
- Steam heating (less desirable)

In a market where lot size, age, and modern amenities matter, Property 1 has better overall features despite fewer bedrooms.

CHOICE: 1",2.0,False,0.8055555555555556,easy,-1,1,35,1660.0,year_dominant,False
11450777,11492375,15235,2021/1/1,127508.3333,35.66666667,"Single Family Residence, Residential",1953,2,3,10362.0,sqft,"Forced Air, Natural Gas",Central Air,unknown,122000.0,15235,2021/1/1,146402.6,18.0,"Single Family Residence, Residential",1960,2,3,7165.0,sqft,Natural Gas,Central Air,unknown,189900.0,1.0,"Let's think step by step:

- Type: Both are Single Family Residence → equal
- Bedrooms: Both have 3 bedrooms → equal
- Bathrooms: Both have 2 bathrooms → equal
- Lot size: Property 1 has 10,362 sqft vs Property 2 has 7,165 sqft → Property 1 has a larger lot (+3,197 sqft) → advantage for Property 1
- Year built: Property 1 is 1953, Property 2 is 1960 → Property 1 is 7 years older → disadvantage for Property 1
- Heating: Property 1 has Forced Air + Natural Gas, Property 2 has only Natural Gas → Property 1 has Forced Air, which is a more common and often preferred heating system over just Natural Gas (though both use gas) → advantage for Property 1
- Cooling: Both have Central Air → equal
- Parking: Both have ""unknown"" → cannot compare → no advantage either way

Now, comparing the key differentiators:
- Lot size: Property 1 has significantly more lot area (10,362 vs 7,165) → this is a strong positive for Property 1
- Age: Property 1 is older (1953 vs 1960) → this is a disadvantage, but in a market where lot size and modern features matter, the lot size advantage may outweigh the age difference
- Heating: Property 1 has Forced Air, which is generally more desirable than just Natural Gas (especially in older homes where gas may be less efficient or less reliable) → slight advantage for Property 1

There is no feature that favors Property 2 over Property 1.

Even though Property 1 is older, the larger lot and better heating system (Forced Air) provide tangible value advantages in a residential market where lot size and climate control are important.

CHOICE: 1",2.0,False,0.5565573770491803,easy,0,0,-7,3197.0,lot_dominant,False
11405788,11409003,15229,2021/7/1,235578.8333,38.0,"Single Family Residence, Residential",1911,3,4,3301.0,sqft,"Forced Air, Natural Gas","Central Air, Electric",unknown,147000.0,15229,2021/7/1,208984.3333,16.0,"Single Family Residence, Residential",1920,2,3,3600.0,sqft,"Forced Air, Natural Gas",Central Air,unknown,230000.0,1.0,"Let's think step by step:

- Type: Both are Single Family Residence → equal
- Bedrooms: Property 1 has 4 vs Property 2 has 3 → +1 bedroom for Property 1
- Bathrooms: Property 1 has 3 vs Property 2 has 2 → +1 bathroom for Property 1
- Lot size: Property 1 has 3301 sqft vs Property 2 has 3600 sqft → Property 2 has 300 sqft more → +300 sqft for Property 2
- Year built: Property 1 is 1911, Property 2 is 1920 → Property 1 is 9 years older → older age is a disadvantage (less modern features, more wear)
- Heating: Both have Forced Air and Natural Gas → equal
- Cooling: Property 1 has Central Air, Electric; Property 2 has Central Air → Property 1 has electric as backup, but both have central air → central air is present in both, so no advantage
- Parking: Both have ""unknown"" → cannot compare → no advantage either

Now, comparing the key value drivers:
- Property 1 has more bedrooms (4 vs 3) and more bathrooms (3 vs 2) → significant advantage in square footage and usability
- Property 2 has a larger lot (3600 vs 3301) → +300 sqft, which is a small advantage
- However, Property 1 is built 9 years earlier → older construction may imply less modern systems, though both have central air and natural gas heating

In a market where bedroom and bathroom count are strong drivers of value, and both are in the same zip and month, the additional bedroom and bathroom in Property 1 outweigh the slight lot size advantage of Property 2.

Even though Property 2 has a slightly larger lot, the difference is minimal (300 sqft), while Property 1 has a clear advantage in bedroom and bathroom count — which are directly tied to living space and appeal.

CHOICE: 1",2.0,False,0.564625850340136,easy,1,1,-9,-299.0,mixed,False
11417114,11417554,15221,2022/2/1,102720.0,24.03448276,"Single Family Residence, Residential",1941,1,3,9535.0,sqft,"Forced Air, Natural Gas",unknown,unknown,117500.0,15221,2022/2/1,129460.6897,41.91724138,"Single Family Residence, Residential",1940,2,4,5179.0,sqft,"Forced Air, Natural Gas",unknown,unknown,199900.0,1.0,"Let's think step by step:

- Type: Both are Single Family Residence → equal
- Year Built: Property 2 (1940) is 1 year newer than Property 1 (1941) → slight edge to Property 2
- Bedrooms: Property 2 has 4 vs Property 1's 3 → +1 bedroom for Property 2
- Bathrooms: Property 2 has 2 vs Property 1's 1 → +1 bathroom for Property 2
- Lot Size: Property 1 has 9535 sqft vs Property 2's 5179 sqft → Property 1 has a significantly larger lot (+4356 sqft)
- Heating: Both have Forced Air, Natural Gas → equal
- Cooling: Both listed as ""unknown"" → cannot compare; no advantage either way
- Parking: Both listed as ""unknown"" → cannot compare; no advantage either way

Now, evaluate the trade-offs:
- Property 1 has a much larger lot (9535 vs 5179), which is a strong positive in many markets, especially in a suburban or single-family context.
- Property 2 has more bedrooms (4 vs 3) and more bathrooms (2 vs 1), which are significant value drivers in home valuation.
- However, the lot size difference is substantial — over 4,300 sqft more for Property 1.
- The age difference is negligible (1 year).
- Since both have unknown cooling and parking, those cannot be used to differentiate.

In a market where lot size and square footage are key, and given that Property 1 has a much larger lot, more bedrooms, and more bathrooms, despite the smaller lot size in Property 2, the overall feature set of Property 1 is more favorable.

But wait — Property 2 has 4 bedrooms and 2 bathrooms, which are more desirable in terms of space and family appeal. However, the lot size is only about half of Property 1’s.

In real estate, lot size is often a major factor, especially in a market where land value is significant. A 9535 sqft lot is substantially more valuable than a 5179 sqft lot, even if the house is slightly smaller.

But we must compare relatively.

Let’s weigh:
- Bedrooms: +1 for P2
- Baths: +1 for P2
- Lot: +4356 sqft for P1 → this is a major advantage
- Age: P2 is 1 year newer → minor advantage
- Cooling and parking: unknown → no value

The lot size advantage is significant. In a market where land value is a key component (especially in a suburban or rural setting), a larger lot can outweigh a smaller number of bedrooms or bathrooms.

However, in a typical single-family home market, bedroom and bathroom count are strong drivers. But here, Property 1 has only 1 bathroom — which is a notable drawback. Property 2 has 2 bathrooms, which is more typical and desirable.

So:
- P1: 3 beds, 1 bath, large lot (9535)
- P2: 4 beds, 2 baths, small lot (5179)

The bedroom and bathroom count in P2 is better, and the lot is only half as big. But in many markets, especially in a suburban area, lot size is a major factor.

But in this case, the lot size is not just larger — it's over 4,300 sqft larger. That’s a significant difference.

In real estate, lot size often has a greater impact than bedroom count when the house is otherwise similar. However, here the house size is not directly comparable — P2 has more rooms.

But we are not given square footage of the house — only lot size.

So we cannot assume house size from lot size.

Therefore, we must rely on the features given.

Key features:
- Bedrooms: P2 has 4 vs 3 → +1
- Bathrooms: P2 has 2 vs 1 → +1
- Lot: P1 has 9535 vs 5179 → +4356 → major advantage
- Age: P2 is 1 year newer → minor advantage

Now, in a market where lot size is a key differentiator (and it is in 15221, a suburban area), the larger lot of Property 1 is a strong value driver.

But the bathroom count is also a major factor — 1 bathroom is very low for a 3-bedroom home. A 3-bedroom home with only 1 bathroom is unusual and may indicate poor layout or outdated design.

Property 2 has 4 bedrooms and 2 bathrooms — which is more typical and desirable.

So, despite the larger lot, Property 1 has a very low bathroom count (1), which is a",2.0,False,0.7012765957446808,easy,-1,-1,1,4356.0,lot_dominant,False
11356651,11356944,15234,2020/12/1,193651.0,24.0,"Single Family Residence, Residential",1926,2,4,6900.0,sqft,"Hot Water, Natural Gas",Wall Unit(s),unknown,215000.0,15234,2020/12/1,161497.1111,20.66666667,"Single Family Residence, Residential",1925,1,3,1.5,Acres,"Forced Air, Natural Gas",Central Air,unknown,139400.0,2.0,"Let's think step by step:

- Type: Both are Single Family Residence → equal
- Year Built: Property 2 (1925) is 1 year newer than Property 1 (1926) → slight edge to Property 2
- Bedrooms: Property 1 has 4 beds vs Property 2 has 3 beds → +1 bedroom for Property 1
- Bathrooms: Property 1 has 2 baths vs Property 2 has 1 bath → +1 bath for Property 1
- Lot Size: Property 1 has 6900 sqft; Property 2 has 1.5 acres.  
  Convert 1.5 acres to sqft: 1.5 × 43,560 = 65,340 sqft → Property 2 has 65,340 sqft vs Property 1's 6900 sqft → Property 2 has a massive lot advantage (+58,440 sqft)
- Heating: Property 1 has Hot Water + Natural Gas; Property 2 has Forced Air + Natural Gas.  
  Hot water is generally considered a higher-end, more modern system, but both use natural gas. Forced air is common and reliable. No clear advantage here.
- Cooling: Property 1 has Wall Unit(s) (less efficient, less desirable than central air); Property 2 has Central Air (more desirable, better comfort, more market appeal) → clear advantage for Property 2
- Parking: Both have ""unknown"" → cannot compare → no advantage either way

Now, comparing the key value drivers:
- Bedrooms and baths: Property 1 wins (+1 bed, +1 bath)
- Lot size: Property 2 wins by over 58,000 sqft — a massive advantage in value
- Cooling: Property 2 wins (central air vs wall units)
- Age: Property 2 is 1 year newer — minor advantage

Despite Property 1 having more bedrooms and bathrooms, the lot size difference is enormous. In residential real estate, lot size (especially in a single-family context) is a major driver of value, particularly in a market where land is a key component. Central air is a significant upgrade over wall units.

Given that Property 2 has a much larger lot, better cooling, and is only 1 year older, and Property 1 has only a slight edge in bedrooms and baths, the overall value is more likely to favor Property 2.

CHOICE: 2",1.0,False,0.5423242467718795,easy,1,1,1,6898.5,lot_dominant,False
