sample_id,target,feature,norm_relevance,signed_norm,token_count
0,single_logit,lot,0.15915705679151002,0.15915705679151002,12
0,single_logit,bathrooms,0.12728117696809074,0.12728117696809074,2
0,single_logit,bedrooms,0.0997969815221508,0.0997969815221508,2
0,single_logit,year_built,0.30893036191783446,0.30893036191783446,4
0,single_logit,property_type,0.30483442280041395,0.30483442280041395,10
0,logit_diff,lot,0.16488197522728024,-0.16488197522728024,12
0,logit_diff,bathrooms,0.29391576754884263,-0.29391576754884263,2
0,logit_diff,bedrooms,0.053477112715644815,-0.053477112715644815,2
0,logit_diff,year_built,0.1408462137497762,0.1408462137497762,4
0,logit_diff,property_type,0.3468789307584561,0.3468789307584561,10
1,single_logit,lot,0.13908429192819866,0.13908429192819866,12
1,single_logit,bathrooms,0.09087165133773902,0.09087165133773902,2
1,single_logit,bedrooms,0.04402198102287923,0.025899063287912888,2
1,single_logit,year_built,0.15667969304201396,0.15667969304201396,4
1,single_logit,property_type,0.5693423826691691,0.5693423826691691,7
1,logit_diff,lot,0.0674362328035023,-0.0533248780405564,12
1,logit_diff,bathrooms,0.037211491113918777,0.037211491113918777,2
1,logit_diff,bedrooms,0.12963396954866577,-0.12963396954866577,2
1,logit_diff,year_built,0.08480911450388712,0.08480911450388712,4
1,logit_diff,property_type,0.6809091920300261,0.6809091920300261,7
2,single_logit,lot,0.2549911549153399,0.2549911549153399,8
2,single_logit,bathrooms,0.04094010614101592,0.04094010614101592,2
2,single_logit,bedrooms,0.0758150113722517,0.0758150113722517,2
2,single_logit,year_built,0.1753853929744756,0.1753853929744756,4
2,single_logit,property_type,0.45286833459691683,0.45286833459691683,7
2,logit_diff,lot,0.027423535099747164,0.021907124571011898,8
2,logit_diff,bathrooms,0.15547400708573422,-0.15547400708573422,2
2,logit_diff,bedrooms,0.09105247723291775,-0.09105247723291775,2
2,logit_diff,year_built,0.05083657633808622,0.03232172720715865,4
2,logit_diff,property_type,0.6752134042435146,0.6752134042435146,7
3,single_logit,lot,0.16331912294136341,0.16331912294136341,12
3,single_logit,bathrooms,0.06412635633486576,0.06412635633486576,2
3,single_logit,bedrooms,0.11700474290938208,0.11700474290938208,2
3,single_logit,year_built,0.1287052172003203,0.0992924227120502,4
3,single_logit,property_type,0.5268445606140685,0.5268445606140685,4
3,logit_diff,lot,0.06532027323863955,-0.05341115468145718,12
3,logit_diff,bathrooms,0.17774359446594695,-0.17774359446594695,2
3,logit_diff,bedrooms,0.11317384228872375,-0.10833576287486842,2
3,logit_diff,year_built,0.10383262742043382,0.02240402928569934,4
3,logit_diff,property_type,0.539929662586256,0.539929662586256,4
4,single_logit,lot,0.2057726297955741,0.2057726297955741,12
4,single_logit,bathrooms,0.13848524955096997,0.13848524955096997,2
4,single_logit,bedrooms,0.11556521695978154,0.11556521695978154,2
4,single_logit,year_built,0.12762839200777545,0.12762839200777545,4
4,single_logit,property_type,0.41254851168589896,0.41254851168589896,9
4,logit_diff,lot,0.10736042608239495,-0.10736042608239495,12
4,logit_diff,bathrooms,0.18837773077157735,-0.18837773077157735,2
4,logit_diff,bedrooms,0.19145579826784495,-0.19145579826784495,2
4,logit_diff,year_built,0.1494786527874955,0.1494786527874955,4
4,logit_diff,property_type,0.36332739209068726,0.3622500684669936,9
5,single_logit,lot,0.12872217760797494,0.12872217760797494,12
5,single_logit,bathrooms,0.10319145518210933,0.10319145518210933,2
5,single_logit,bedrooms,0.08438496512525154,0.08438496512525154,2
5,single_logit,year_built,0.4119109802713074,0.4119109802713074,4
5,single_logit,property_type,0.2717904218133568,0.2717904218133568,10
5,logit_diff,lot,0.3004566595871561,-0.3004566595871561,12
5,logit_diff,bathrooms,0.2210724825583403,-0.2210724825583403,2
5,logit_diff,bedrooms,0.07088598633358548,-0.07088598633358548,2
5,logit_diff,year_built,0.10849635678036194,0.090137396291088,4
5,logit_diff,property_type,0.2990885147405562,0.2645825942935577,10
6,single_logit,lot,0.17258115782945094,0.17258115782945094,12
6,single_logit,bathrooms,0.04002553718947422,0.011281329014793893,2
6,single_logit,bedrooms,0.14372104087340165,0.14372104087340165,2
6,single_logit,year_built,0.27982621879460723,0.27982621879460723,4
6,single_logit,property_type,0.3638460453130659,0.3638460453130659,10
6,logit_diff,lot,0.19342924569408185,-0.19342924569408185,12
6,logit_diff,bathrooms,0.25374784658081856,-0.25374784658081856,2
6,logit_diff,bedrooms,0.1339224745843209,-0.1339224745843209,2
6,logit_diff,year_built,0.17077632849248742,0.17077632849248742,4
6,logit_diff,property_type,0.24812410464829124,0.24812410464829124,10
7,single_logit,lot,0.3117087499148531,0.3117087499148531,12
7,single_logit,bathrooms,0.12273796468586637,0.12273796468586637,2
7,single_logit,bedrooms,0.09663497219621223,0.09663497219621223,2
7,single_logit,year_built,0.09611522234575451,0.09611522234575451,4
7,single_logit,property_type,0.37280309085731383,0.37280309085731383,10
7,logit_diff,lot,0.214339068306622,-0.214339068306622,12
7,logit_diff,bathrooms,0.2099520282252762,-0.2099520282252762,2
7,logit_diff,bedrooms,0.12125460079412075,-0.12125460079412075,2
7,logit_diff,year_built,0.186681997263926,-0.186681997263926,4
7,logit_diff,property_type,0.26777230541005503,0.239973488790886,10
8,single_logit,lot,0.13530550632898042,0.13530550632898042,12
8,single_logit,bathrooms,0.1201333773263515,0.1201333773263515,2
8,single_logit,bedrooms,0.0036608967857603234,0.0013990688353224165,2
8,single_logit,year_built,0.27501029739654304,0.27501029739654304,4
8,single_logit,property_type,0.46588992216236474,0.46588992216236474,4
8,logit_diff,lot,0.042948689360437636,-0.042948689360437636,12
8,logit_diff,bathrooms,0.10712865163980471,-0.05664029700559972,2
8,logit_diff,bedrooms,0.11603836128113501,-0.11603836128113501,2
8,logit_diff,year_built,0.3011269722825798,0.3011269722825798,4
8,logit_diff,property_type,0.43275732543604284,0.43275732543604284,4
9,single_logit,lot,0.18722359250014692,0.18722359250014692,12
9,single_logit,bathrooms,0.3279048828713668,0.3279048828713668,2
9,single_logit,bedrooms,0.0568843688111632,0.0568843688111632,2
9,single_logit,year_built,0.06985799678563902,0.0390634512638063,4
9,single_logit,property_type,0.3581291590316841,0.3581291590316841,10
9,logit_diff,lot,0.18420427950273757,-0.18420427950273757,12
9,logit_diff,bathrooms,0.19159017236961942,0.0651034566304532,2
9,logit_diff,bedrooms,0.11858129600546832,-0.11858129600546832,2
9,logit_diff,year_built,0.22478130963389512,0.030052220605307416,4
9,logit_diff,property_type,0.28084294248827957,0.2746290499765515,10
10,single_logit,lot,0.2980480510251952,0.2980480510251952,10
10,single_logit,bathrooms,0.045178280691934664,0.045178280691934664,2
10,single_logit,bedrooms,0.029354699707012002,0.029354699707012002,2
10,single_logit,year_built,0.30517704952546953,0.30517704952546953,4
10,single_logit,property_type,0.32224191905038857,0.32224191905038857,10
10,logit_diff,lot,0.04625079584944987,-0.007969109038685947,10
10,logit_diff,bathrooms,0.3486343587177362,-0.3486343587177362,2
10,logit_diff,bedrooms,0.1621149768037473,-0.1621149768037473,2
10,logit_diff,year_built,0.12659785150937794,0.12659785150937794,4
10,logit_diff,property_type,0.3164020171196887,0.3164020171196887,10
11,single_logit,lot,0.16508816301486764,0.16508816301486764,10
11,single_logit,bathrooms,0.09870824611160353,0.09870824611160353,2
11,single_logit,bedrooms,0.07940775106184865,0.07940775106184865,2
11,single_logit,year_built,0.19562430339715842,0.19562430339715842,4
11,single_logit,property_type,0.46117153641452174,0.46117153641452174,7
11,logit_diff,lot,0.09867782833757156,-0.03642633374810185,10
11,logit_diff,bathrooms,0.14039698779752743,-0.14039698779752743,2
11,logit_diff,bedrooms,0.10115867870788828,-0.10115867870788828,2
11,logit_diff,year_built,0.08162230540587384,-0.052483307938462495,4
11,logit_diff,property_type,0.5781441997511388,0.5781441997511388,7
12,single_logit,lot,0.20291362463431795,0.20291362463431795,12
12,single_logit,bathrooms,0.06719126484849765,0.06719126484849765,2
12,single_logit,bedrooms,0.11194544661365767,0.11194544661365767,2
12,single_logit,year_built,0.1754471911155637,0.1338126037897982,4
12,single_logit,property_type,0.442502472787963,0.442502472787963,4
12,logit_diff,lot,0.08249520912266613,-0.055472906352675655,12
12,logit_diff,bathrooms,0.15548379216386243,-0.15548379216386243,2
12,logit_diff,bedrooms,0.087162757216096,-0.04963764648001107,2
12,logit_diff,year_built,0.1151482564675855,-0.04603555251694807,4
12,logit_diff,property_type,0.55970998502979,0.55970998502979,4
13,single_logit,lot,0.3116075878194797,0.3116075878194797,10
13,single_logit,bathrooms,0.08630297812634048,0.08630297812634048,2
13,single_logit,bedrooms,0.04062801017058719,-0.010598611348848833,2
13,single_logit,year_built,0.17052408616629997,0.17052408616629997,4
13,single_logit,property_type,0.3909373377172926,0.3909373377172926,10
13,logit_diff,lot,0.048869842177672956,-0.048869842177672956,10
13,logit_diff,bathrooms,0.05441116628687811,-0.039873603441675926,2
13,logit_diff,bedrooms,0.25988137036855247,-0.25988137036855247,2
13,logit_diff,year_built,0.22972938817109612,0.22972938817109612,4
13,logit_diff,property_type,0.40710823299580035,0.40710823299580035,10
14,single_logit,lot,0.29891113676811104,0.29891113676811104,10
14,single_logit,bathrooms,0.01957019563816826,0.01957019563816826,2
14,single_logit,bedrooms,0.048638442549228486,0.04566591609310514,2
14,single_logit,year_built,0.14400806281854192,0.015309149130248965,4
14,single_logit,property_type,0.48887216222595026,0.48887216222595026,4
14,logit_diff,lot,0.07127399328734314,-0.07127399328734314,10
14,logit_diff,bathrooms,0.11343218402597335,-0.061647926101072476,2
14,logit_diff,bedrooms,0.05147601829439552,-0.05147601829439552,2
14,logit_diff,year_built,0.10541795363283393,-0.045619465314793634,4
14,logit_diff,property_type,0.6583998507594541,0.6583998507594541,4
15,single_logit,lot,0.15919583826277398,0.15919583826277398,12
15,single_logit,bathrooms,0.14310792946766884,0.14310792946766884,2
15,single_logit,bedrooms,0.03808699225202525,0.03808699225202525,2
15,single_logit,year_built,0.17570160552949812,0.17570160552949812,4
15,single_logit,property_type,0.4839076344880338,0.4839076344880338,7
15,logit_diff,lot,0.027730657880337368,0.0017603141853112113,12
15,logit_diff,bathrooms,0.1873705481008184,-0.06391996736089413,2
15,logit_diff,bedrooms,0.12591959235472278,-0.12591959235472278,2
15,logit_diff,year_built,0.08518090071054775,-0.06954382715015735,4
15,logit_diff,property_type,0.5737983009535738,0.5737983009535738,7
16,single_logit,lot,0.15503202105951736,0.15503202105951736,12
16,single_logit,bathrooms,0.02440245597863295,0.02440245597863295,2
16,single_logit,bedrooms,0.06171765864142373,0.047908925452650866,2
16,single_logit,year_built,0.3054786929852194,0.3054786929852194,4
16,single_logit,property_type,0.45336917133520654,0.45336917133520654,4
16,logit_diff,lot,0.10383580428772339,-0.10383580428772339,12
16,logit_diff,bathrooms,0.1544789787001432,-0.1544789787001432,2
16,logit_diff,bedrooms,0.057231669819631376,-0.057231669819631376,2
16,logit_diff,year_built,0.05955816046270582,0.05955816046270582,4
16,logit_diff,property_type,0.6248953867297962,0.6248953867297962,4
17,single_logit,lot,0.14759530824426947,0.14759530824426947,12
17,single_logit,bathrooms,0.12192953640195865,0.12192953640195865,2
17,single_logit,bedrooms,0.052015452868912494,0.052015452868912494,2
17,single_logit,year_built,0.1286512928959128,0.1286512928959128,4
17,single_logit,property_type,0.5498084095889466,0.5498084095889466,7
17,logit_diff,lot,0.08996851639763721,-0.08996851639763721,12
17,logit_diff,bathrooms,0.12905667446823552,-0.12905667446823552,2
17,logit_diff,bedrooms,0.03274637765888992,-0.03274637765888992,2
17,logit_diff,year_built,0.10747781984629635,0.03367791785333626,4
17,logit_diff,property_type,0.640750611628941,0.640750611628941,7
18,single_logit,lot,0.2535907379260346,0.2535907379260346,10
18,single_logit,bathrooms,0.19359224844225792,0.19359224844225792,2
18,single_logit,bedrooms,0.07348735852239556,0.07348735852239556,2
18,single_logit,year_built,0.18296301963982625,0.18296301963982625,4
18,single_logit,property_type,0.29636663546948566,0.29636663546948566,10
18,logit_diff,lot,0.13976679507813733,-0.13976679507813733,10
18,logit_diff,bathrooms,0.22225683243362662,0.15246229328838448,2
18,logit_diff,bedrooms,0.10717339233191625,-0.10717339233191625,2
18,logit_diff,year_built,0.1067080954042813,0.013648709877291795,4
18,logit_diff,property_type,0.4240948847520385,0.4240948847520385,10
19,single_logit,lot,0.15191844464854168,0.15191844464854168,12
19,single_logit,bathrooms,0.12861749814487364,0.12861749814487364,2
19,single_logit,bedrooms,0.1113777629437971,0.1113777629437971,2
19,single_logit,year_built,0.24044893833080433,0.24044893833080433,4
19,single_logit,property_type,0.36763735593198327,0.36763735593198327,9
19,logit_diff,lot,0.07763580662033924,-0.07763580662033924,12
19,logit_diff,bathrooms,0.2797579018157364,-0.2797579018157364,2
19,logit_diff,bedrooms,0.22436424319410198,-0.22436424319410198,2
19,logit_diff,year_built,0.14814814814814814,0.14814814814814814,4
19,logit_diff,property_type,0.2700939002216743,0.2700939002216743,9
20,single_logit,lot,0.1770840064766005,0.1770840064766005,12
20,single_logit,bathrooms,0.06256853462957102,0.0016770947426482951,2
20,single_logit,bedrooms,0.07430819782810907,-0.01857704945702727,2
20,single_logit,year_built,0.15693736572551162,0.15693736572551162,4
20,single_logit,property_type,0.5291018953402078,0.5291018953402078,6
20,logit_diff,lot,0.19758195738553766,-0.19758195738553766,12
20,logit_diff,bathrooms,0.06841316368771547,-0.06841316368771547,2
20,logit_diff,bedrooms,0.15696919519860444,-0.15696919519860444,2
20,logit_diff,year_built,0.09980700272743635,0.05026643591909067,4
20,logit_diff,property_type,0.4772286810007061,0.4772286810007061,6
21,single_logit,lot,0.10650803938592926,0.10650803938592926,12
21,single_logit,bathrooms,0.13965369479648815,0.13965369479648815,2
21,single_logit,bedrooms,0.02735621426551461,-0.02735621426551461,2
21,single_logit,year_built,0.2856713554318036,0.2856713554318036,4
21,single_logit,property_type,0.44081069612026436,0.44081069612026436,10
21,logit_diff,lot,0.22861950758740024,-0.22861950758740024,12
21,logit_diff,bathrooms,0.149880681075636,-0.09461741319299927,2
21,logit_diff,bedrooms,0.22691432721506902,-0.22691432721506902,2
21,logit_diff,year_built,0.12470868121621528,0.12470868121621528,4
21,logit_diff,property_type,0.26987680290567945,0.26987680290567945,10
22,single_logit,lot,0.1885495075853288,0.1885495075853288,12
22,single_logit,bathrooms,0.27069305513663056,0.27069305513663056,2
22,single_logit,bedrooms,0.022762825091034843,0.022762825091034843,2
22,single_logit,year_built,0.14431515755561913,0.14431515755561913,4
22,single_logit,property_type,0.37367945463138663,0.37367945463138663,10
22,logit_diff,lot,0.18319794682366622,-0.18319794682366622,12
22,logit_diff,bathrooms,0.19074674075720396,-0.0589859399128703,2
22,logit_diff,bedrooms,0.21104709670124375,-0.21104709670124375,2
22,logit_diff,year_built,0.18950190760969207,0.18950190760969207,4
22,logit_diff,property_type,0.22550630810819403,0.19969038317226637,10
23,single_logit,lot,0.22745088408989467,0.22745088408989467,12
23,single_logit,bathrooms,0.11193104327595702,0.11193104327595702,2
23,single_logit,bedrooms,0.10849108213508836,0.10849108213508836,2
23,single_logit,year_built,0.265075467143475,0.265075467143475,4
23,single_logit,property_type,0.2870515233555849,0.2870515233555849,10
23,logit_diff,lot,0.20237453594523772,-0.20237453594523772,12
23,logit_diff,bathrooms,0.24215049574810482,-0.24215049574810482,2
23,logit_diff,bedrooms,0.08319695803636003,-0.08319695803636003,2
23,logit_diff,year_built,0.20356762462622918,-0.20356762462622918,4
23,logit_diff,property_type,0.26871038564406824,0.22093413930230468,10
24,single_logit,lot,0.304032715977512,0.304032715977512,8
24,single_logit,bathrooms,0.124105768032209,0.124105768032209,2
24,single_logit,bedrooms,0.03419632617605759,0.010758394752018117,2
24,single_logit,year_built,0.23512375673439598,0.23512375673439598,4
24,single_logit,property_type,0.30254143307982545,0.30254143307982545,10
24,logit_diff,lot,0.07734843574084814,-0.07734843574084814,8
24,logit_diff,bathrooms,0.1552891405956808,-0.08506840435331446,2
24,logit_diff,bedrooms,0.24874211047047184,-0.24874211047047184,2
24,logit_diff,year_built,0.2378247074477159,0.2378247074477159,4
24,logit_diff,property_type,0.28079560574528334,0.28079560574528334,10
25,single_logit,lot,0.2090249437679626,0.2090249437679626,12
25,single_logit,bathrooms,0.12242536896781375,0.12242536896781375,2
25,single_logit,bedrooms,0.017129809583692774,-0.0004059196583813453,2
25,single_logit,year_built,0.2669327673515727,0.2669327673515727,4
25,single_logit,property_type,0.3844871103289582,0.3844871103289582,10
25,logit_diff,lot,0.16161267867745482,-0.16161267867745482,12
25,logit_diff,bathrooms,0.1067755739580845,-0.01163710844285051,2
25,logit_diff,bedrooms,0.27847396343944025,-0.27847396343944025,2
25,logit_diff,year_built,0.2052316361785171,0.2052316361785171,4
25,logit_diff,property_type,0.2479061477465033,0.2479061477465033,10
26,single_logit,lot,0.14220854571215313,0.14220854571215313,12
26,single_logit,bathrooms,0.050029467485056364,0.050029467485056364,2
26,single_logit,bedrooms,0.043393796405013986,0.043393796405013986,2
26,single_logit,year_built,0.1647130722697362,0.1647130722697362,4
26,single_logit,property_type,0.5996551181280404,0.5996551181280404,4
26,logit_diff,lot,0.08183939034870584,-0.08183939034870584,12
26,logit_diff,bathrooms,0.0635952331459952,-0.0635952331459952,2
26,logit_diff,bedrooms,0.07288283129775147,-0.07288283129775147,2
26,logit_diff,year_built,0.0972007409622736,-0.058774189830579734,4
26,logit_diff,property_type,0.6844818042452739,0.5964977637389416,4
27,single_logit,lot,0.17660251554927872,0.17660251554927872,12
27,single_logit,bathrooms,0.0984057465010532,0.0984057465010532,2
27,single_logit,bedrooms,0.08213263586028884,0.08213263586028884,2
27,single_logit,year_built,0.3892396565386871,0.3892396565386871,4
27,single_logit,property_type,0.25361944555069216,0.25361944555069216,10
27,logit_diff,lot,0.27602737041564074,-0.27602737041564074,12
27,logit_diff,bathrooms,0.2596118525675535,-0.2596118525675535,2
27,logit_diff,bedrooms,0.08152723089402117,-0.08152723089402117,2
27,logit_diff,year_built,0.10946681787812794,0.010176670755800478,4
27,logit_diff,property_type,0.27336672824465674,0.16897543733902382,10
28,single_logit,lot,0.14378691958355422,0.14378691958355422,12
28,single_logit,bathrooms,0.03724903446494692,0.03724903446494692,2
28,single_logit,bedrooms,0.1137788689111106,0.1137788689111106,2
28,single_logit,year_built,0.38346187843732626,0.38346187843732626,4
28,single_logit,property_type,0.321723298603062,0.321723298603062,10
28,logit_diff,lot,0.11236134830404325,-0.11236134830404325,12
28,logit_diff,bathrooms,0.26594223921036614,-0.26594223921036614,2
28,logit_diff,bedrooms,0.12619839704464744,-0.12619839704464744,2
28,logit_diff,year_built,0.20679379551502156,0.20679379551502156,4
28,logit_diff,property_type,0.28870421992592155,0.28588225219236507,10
29,single_logit,lot,0.16990576532512228,0.16990576532512228,12
29,single_logit,bathrooms,0.2994876645240961,0.2994876645240961,2
29,single_logit,bedrooms,0.054050392787920204,0.054050392787920204,2
29,single_logit,year_built,0.15944152806568546,0.1371938729867526,4
29,single_logit,property_type,0.317114649297176,0.317114649297176,10
29,logit_diff,lot,0.24256017930707896,-0.24256017930707896,12
29,logit_diff,bathrooms,0.1664880953422251,0.035889649295329965,2
29,logit_diff,bedrooms,0.11302747191272318,-0.11302747191272318,2
29,logit_diff,year_built,0.18231443374676298,0.010841664891297594,4
29,logit_diff,property_type,0.29560981969120975,0.271994928922234,10
30,single_logit,lot,0.4273613842489442,0.4273613842489442,8
30,single_logit,bathrooms,0.04895367678565497,0.04895367678565497,2
30,single_logit,bedrooms,0.10774022982667823,0.10774022982667823,2
30,single_logit,year_built,0.05218447898384741,0.021843032252996695,4
30,single_logit,property_type,0.3637602301548752,0.3637602301548752,10
30,logit_diff,lot,0.15594536108706544,-0.15594536108706544,8
30,logit_diff,bathrooms,0.15808561514973807,-0.15808561514973807,2
30,logit_diff,bedrooms,0.220006390223226,-0.220006390223226,2
30,logit_diff,year_built,0.12170129608430318,-0.12170129608430318,4
30,logit_diff,property_type,0.34426133745566734,0.32087099957794013,10
31,single_logit,lot,0.20344092533135824,0.20344092533135824,12
31,single_logit,bathrooms,0.17665469684270843,0.17665469684270843,2
31,single_logit,bedrooms,0.07411816628400593,0.07411816628400593,2
31,single_logit,year_built,0.07719042188127041,0.07719042188127041,4
31,single_logit,property_type,0.468595789660657,0.468595789660657,10
31,logit_diff,lot,0.20978976783838973,-0.20978976783838973,12
31,logit_diff,bathrooms,0.20028412251696726,-0.20028412251696726,2
31,logit_diff,bedrooms,0.0945106006009161,-0.0945106006009161,2
31,logit_diff,year_built,0.1959074982015751,0.08560432314791526,4
31,logit_diff,property_type,0.29950801084215184,0.29204020431798616,10
32,single_logit,lot,0.19183358564821804,0.19183358564821804,12
32,single_logit,bathrooms,0.12297151464376464,0.12297151464376464,2
32,single_logit,bedrooms,0.069208606067626,0.069208606067626,2
32,single_logit,year_built,0.10440697438957312,0.10440697438957312,4
32,single_logit,property_type,0.5115793192508182,0.5115793192508182,7
32,logit_diff,lot,0.017062054179002858,-0.011321633830270975,12
32,logit_diff,bathrooms,0.12399308426256947,-0.12399308426256947,2
32,logit_diff,bedrooms,0.05872450240768915,-0.05872450240768915,2
32,logit_diff,year_built,0.2304204815879416,0.11641572911319023,4
32,logit_diff,property_type,0.5697998775627969,0.5697998775627969,7
33,single_logit,lot,0.5079570017057886,0.5079570017057886,8
33,single_logit,bathrooms,0.05164827888020745,-0.01967856741551677,2
33,single_logit,bedrooms,0.018532243100049774,0.018532243100049774,2
33,single_logit,year_built,0.06696046513576832,0.02212644746417025,4
33,single_logit,property_type,0.35490201117818576,0.35490201117818576,10
33,logit_diff,lot,0.10245842094722551,-0.10245842094722551,8
33,logit_diff,bathrooms,0.24723977732626082,-0.24723977732626082,2
33,logit_diff,bedrooms,0.15610702663944795,-0.15610702663944795,2
33,logit_diff,year_built,0.1992474144067008,-0.014239492294814509,4
33,logit_diff,property_type,0.2949473606803649,0.2922682266147623,10
34,single_logit,lot,0.17909056732125178,0.17909056732125178,12
34,single_logit,bathrooms,0.15011779367891126,0.15011779367891126,2
34,single_logit,bedrooms,0.060299113767908,0.034019500006371974,2
34,single_logit,year_built,0.20139454005094945,0.20139454005094945,4
34,single_logit,property_type,0.4090979851809795,0.4090979851809795,10
34,logit_diff,lot,0.19693650944964114,-0.19693650944964114,12
34,logit_diff,bathrooms,0.2075542202175007,-0.10936697786636454,2
34,logit_diff,bedrooms,0.12054671338159291,-0.12054671338159291,2
34,logit_diff,year_built,0.17899728710794996,-0.08639991251442798,4
34,logit_diff,property_type,0.2959652698433153,0.2878113542344794,10
35,single_logit,lot,0.2995224714324468,0.2995224714324468,8
35,single_logit,bathrooms,0.11733291888762949,0.11733291888762949,2
35,single_logit,bedrooms,0.07436836476554164,0.07436836476554164,2
35,single_logit,year_built,0.20124896234696843,0.20124896234696843,4
35,single_logit,property_type,0.30752728256741363,0.30752728256741363,10
35,logit_diff,lot,0.20017219366975667,-0.20017219366975667,8
35,logit_diff,bathrooms,0.15999705400891306,-0.15999705400891306,2
35,logit_diff,bedrooms,0.06648118795659297,-0.06648118795659297,2
35,logit_diff,year_built,0.17192313257406655,0.17192313257406655,4
35,logit_diff,property_type,0.4014264317906707,0.38218390420924325,10
36,single_logit,lot,0.2959645128030001,0.2959645128030001,8
36,single_logit,bathrooms,0.12032031176237133,0.12032031176237133,2
36,single_logit,bedrooms,0.04930879225929428,0.04930879225929428,2
36,single_logit,year_built,0.263078206092807,0.263078206092807,4
36,single_logit,property_type,0.27132817708252727,0.27132817708252727,10
36,logit_diff,lot,0.22228773660666676,-0.22228773660666676,8
36,logit_diff,bathrooms,0.17855141223869933,-0.17855141223869933,2
36,logit_diff,bedrooms,0.1313795325861172,-0.1313795325861172,2
36,logit_diff,year_built,0.1627624773136615,0.1627624773136615,4
36,logit_diff,property_type,0.30501884125485523,0.2881578181558951,10
37,single_logit,lot,0.1472519495148902,0.1472519495148902,12
37,single_logit,bathrooms,0.11325377864920588,0.11325377864920588,2
37,single_logit,bedrooms,0.11449832566732902,-0.11449832566732902,2
37,single_logit,year_built,0.2510095767177111,0.2510095767177111,4
37,single_logit,property_type,0.37398636945086383,0.37398636945086383,10
37,logit_diff,lot,0.07799787133166616,-0.07799787133166616,12
37,logit_diff,bathrooms,0.15714934500638367,-0.08773846805567326,2
37,logit_diff,bedrooms,0.29324145767940574,-0.29324145767940574,2
37,logit_diff,year_built,0.21597067629870795,0.21597067629870795,4
37,logit_diff,property_type,0.2556406496838365,0.2556406496838365,10
38,single_logit,lot,0.3944717612458928,0.3944717612458928,10
38,single_logit,bathrooms,0.11919117467140528,0.11919117467140528,2
38,single_logit,bedrooms,0.13940938685314608,0.13940938685314608,2
38,single_logit,year_built,0.07881492355846458,0.06954824297516671,4
38,single_logit,property_type,0.2681127536710913,0.2681127536710913,10
38,logit_diff,lot,0.11752359624995506,-0.04424322738132471,10
38,logit_diff,bathrooms,0.2072232947477163,-0.2072232947477163,2
38,logit_diff,bedrooms,0.14073713226425696,-0.14073713226425696,2
38,logit_diff,year_built,0.20321956598502622,0.10154912043550265,4
38,logit_diff,property_type,0.33129641075304544,0.3122483678517624,10
39,single_logit,lot,0.2844432675757977,0.2844432675757977,8
39,single_logit,bathrooms,0.052429498212630744,-0.052429498212630744,2
39,single_logit,bedrooms,0.08833576062491726,0.013769363166953529,2
39,single_logit,year_built,0.1479147358665431,0.1479147358665431,4
39,single_logit,property_type,0.4268767377201112,0.4268767377201112,4
39,logit_diff,lot,0.10127386511642683,-0.10127386511642683,8
39,logit_diff,bathrooms,0.15146605673623686,-0.15146605673623686,2
39,logit_diff,bedrooms,0.10966040852631913,-0.10966040852631913,2
39,logit_diff,year_built,0.09704882620159472,0.09704882620159472,4
39,logit_diff,property_type,0.5405508434194225,0.5405508434194225,4
40,single_logit,lot,0.12550754550071871,0.12550754550071871,12
40,single_logit,bathrooms,0.11797096546983747,0.11797096546983747,2
40,single_logit,bedrooms,0.07068862733571805,0.07068862733571805,2
40,single_logit,year_built,0.28022189166311806,0.28022189166311806,4
40,single_logit,property_type,0.4056109700306077,0.4056109700306077,10
40,logit_diff,lot,0.18836589884744323,-0.18836589884744323,12
40,logit_diff,bathrooms,0.17410481614724788,-0.17410481614724788,2
40,logit_diff,bedrooms,0.19269506345660492,-0.19269506345660492,2
40,logit_diff,year_built,0.22187638916095628,0.22187638916095628,4
40,logit_diff,property_type,0.2229578323877477,0.2229578323877477,10
41,single_logit,lot,0.1586420559299803,0.1586420559299803,11
41,single_logit,bathrooms,0.14182562852395172,0.14182562852395172,2
41,single_logit,bedrooms,0.049452357314272645,0.035014429756778945,2
41,single_logit,year_built,0.39502955534856915,0.39502955534856915,4
41,single_logit,property_type,0.25505040288322617,0.25505040288322617,10
41,logit_diff,lot,0.1419149391262313,-0.1419149391262313,11
41,logit_diff,bathrooms,0.15432409370046757,-0.04898592950396703,2
41,logit_diff,bedrooms,0.3174877536272149,-0.3174877536272149,2
41,logit_diff,year_built,0.13750388394274674,0.1282355757347887,4
41,logit_diff,property_type,0.24876932960333953,0.19490322291194723,10
42,single_logit,lot,0.32013188807748083,0.32013188807748083,10
42,single_logit,bathrooms,0.07857013531530763,0.07857013531530763,2
42,single_logit,bedrooms,0.048194265370055785,0.048194265370055785,2
42,single_logit,year_built,0.24415282911200556,0.24415282911200556,4
42,single_logit,property_type,0.30895088212515015,0.30895088212515015,10
42,logit_diff,lot,0.14952008717630624,-0.14952008717630624,10
42,logit_diff,bathrooms,0.18493604296773955,-0.18493604296773955,2
42,logit_diff,bedrooms,0.1298166685978758,-0.1298166685978758,2
42,logit_diff,year_built,0.10395122447759138,-0.03731099726812498,4
42,logit_diff,property_type,0.431775976780487,0.431775976780487,10
43,single_logit,lot,0.28745953806101665,0.28745953806101665,10
43,single_logit,bathrooms,0.04904513259341267,0.04904513259341267,2
43,single_logit,bedrooms,0.10419456582007339,0.10419456582007339,2
43,single_logit,year_built,0.27408173890040183,0.27408173890040183,4
43,single_logit,property_type,0.28521902462509546,0.28521902462509546,10
43,logit_diff,lot,0.11534856819453063,-0.11534856819453063,10
43,logit_diff,bathrooms,0.30572442900421853,-0.30572442900421853,2
43,logit_diff,bedrooms,0.13152918167938948,-0.13152918167938948,2
43,logit_diff,year_built,0.044321214743754014,0.044321214743754014,4
43,logit_diff,property_type,0.4030766063781073,0.4030766063781073,10
44,single_logit,lot,0.09908343188821275,0.09908343188821275,12
44,single_logit,bathrooms,0.12979013135237805,0.12979013135237805,2
44,single_logit,bedrooms,0.26254689427852473,0.26254689427852473,2
44,single_logit,year_built,0.22051961365013567,0.22051961365013567,4
44,single_logit,property_type,0.28805992883074877,0.28805992883074877,10
44,logit_diff,lot,0.21531727442596904,-0.21531727442596904,12
44,logit_diff,bathrooms,0.17658657399657027,-0.17658657399657027,2
44,logit_diff,bedrooms,0.12686016481613463,-0.12686016481613463,2
44,logit_diff,year_built,0.20393609904580987,0.11176877784393266,4
44,logit_diff,property_type,0.2772998877155162,0.23971597380007065,10
45,single_logit,lot,0.3813864087301587,0.3813864087301587,8
45,single_logit,bathrooms,0.0648561507936508,-0.0417906746031746,2
45,single_logit,bedrooms,0.06941344246031746,0.057074652777777776,2
45,single_logit,year_built,0.10804191468253968,0.04107762896825397,4
45,single_logit,property_type,0.3763020833333333,0.3763020833333333,4
45,logit_diff,lot,0.10621732502583305,-0.10621732502583305,8
45,logit_diff,bathrooms,0.13717606375904157,-0.13717606375904157,2
45,logit_diff,bedrooms,0.13193783698065334,-0.13193783698065334,2
45,logit_diff,year_built,0.04617210439622275,-0.01015929529480372,4
45,logit_diff,property_type,0.5784966698382493,0.5784966698382493,4
46,single_logit,lot,0.13318336830643834,0.13318336830643834,12
46,single_logit,bathrooms,0.07889630128084944,-0.07889630128084944,2
46,single_logit,bedrooms,0.08984446643656202,0.06771642892607414,2
46,single_logit,year_built,0.18797246523961558,0.18797246523961558,4
46,single_logit,property_type,0.5101033987365347,0.5101033987365347,4
46,logit_diff,lot,0.08941839494704001,-0.08941839494704001,12
46,logit_diff,bathrooms,0.13178161330834806,-0.13178161330834806,2
46,logit_diff,bedrooms,0.11307187808555791,-0.11307187808555791,2
46,logit_diff,year_built,0.17555629272906093,0.17555629272906093,4
46,logit_diff,property_type,0.49017182092999306,0.49017182092999306,4
47,single_logit,lot,0.26878591836064497,0.26878591836064497,8
47,single_logit,bathrooms,0.10256477619782602,-0.02522084660602279,2
47,single_logit,bedrooms,0.0442021608485764,-0.04070802272503366,2
47,single_logit,year_built,0.15721651177301238,0.15721651177301238,4
47,single_logit,property_type,0.4272306328199402,0.4272306328199402,4
47,logit_diff,lot,0.1673385563246368,-0.1673385563246368,8
47,logit_diff,bathrooms,0.12437818513729368,-0.12437818513729368,2
47,logit_diff,bedrooms,0.11099110063132274,-0.11099110063132274,2
47,logit_diff,year_built,0.06545980071499201,0.06545980071499201,4
47,logit_diff,property_type,0.5318323571917548,0.5318323571917548,4
48,single_logit,lot,0.21636231429070604,0.21636231429070604,11
48,single_logit,bathrooms,0.07156172539255011,0.07156172539255011,2
48,single_logit,bedrooms,0.09455713843642868,0.09455713843642868,2
48,single_logit,year_built,0.17904228595963856,0.17904228595963856,4
48,single_logit,property_type,0.4384765359206766,0.4384765359206766,4
48,logit_diff,lot,0.02991804820153205,-0.02991804820153205,11
48,logit_diff,bathrooms,0.08077329733750685,-0.08077329733750685,2
48,logit_diff,bedrooms,0.06952320853201385,-0.06952320853201385,2
48,logit_diff,year_built,0.2763041870222787,0.2763041870222787,4
48,logit_diff,property_type,0.5434812589066685,0.5434812589066685,4
49,single_logit,lot,0.14678613390450448,0.14678613390450448,12
49,single_logit,bathrooms,0.03901892680314766,0.03901892680314766,2
49,single_logit,bedrooms,0.07521982000384576,0.02102686611058513,2
49,single_logit,year_built,0.22078209416114386,0.22078209416114386,4
49,single_logit,property_type,0.5181930251273582,0.5181930251273582,4
49,logit_diff,lot,0.10335850153036509,-0.10335850153036509,12
49,logit_diff,bathrooms,0.10715959371954173,-0.08179120010430328,2
49,logit_diff,bedrooms,0.0654829470659357,-0.0654829470659357,2
49,logit_diff,year_built,0.1992606089630429,0.1992606089630429,4
49,logit_diff,property_type,0.5247383487211146,0.5247383487211146,4
50,single_logit,lot,0.3349154913452987,0.3349154913452987,10
50,single_logit,bathrooms,0.10511003175617108,0.10511003175617108,2
50,single_logit,bedrooms,0.07619702154595588,0.07619702154595588,2
50,single_logit,year_built,0.1511150493426663,0.1511150493426663,4
50,single_logit,property_type,0.33266240600990804,0.33266240600990804,9
50,logit_diff,lot,0.1697351800589717,-0.007860771938861057,10
50,logit_diff,bathrooms,0.11136870183702144,-0.11136870183702144,2
50,logit_diff,bedrooms,0.13943361469995083,-0.13943361469995083,2
50,logit_diff,year_built,0.10284899614648929,-0.10284899614648929,4
50,logit_diff,property_type,0.47661350725756674,0.3051057064285537,9
51,single_logit,lot,0.20212936377621984,0.20212936377621984,12
51,single_logit,bathrooms,0.04392824010321377,0.0317086078308477,2
51,single_logit,bedrooms,0.15840924756001554,0.15840924756001554,2
51,single_logit,year_built,0.20318483442664156,0.20318483442664156,4
51,single_logit,property_type,0.3923483141339093,0.3923483141339093,10
51,logit_diff,lot,0.19644328832061628,-0.19644328832061628,12
51,logit_diff,bathrooms,0.23868467036383811,-0.23868467036383811,2
51,logit_diff,bedrooms,0.13357234335146426,-0.13357234335146426,2
51,logit_diff,year_built,0.20978589543952006,0.07298808356962558,4
51,logit_diff,property_type,0.2215138025245613,0.1874756241410502,10
52,single_logit,lot,0.42231718360878423,0.42231718360878423,8
52,single_logit,bathrooms,0.11591577994113651,0.11591577994113651,2
52,single_logit,bedrooms,0.06288204663798959,0.06288204663798959,2
52,single_logit,year_built,0.09551165949739643,0.09551165949739643,4
52,single_logit,property_type,0.3033733303146932,0.3033733303146932,10
52,logit_diff,lot,0.14173173124375138,-0.14173173124375138,8
52,logit_diff,bathrooms,0.13265802393087728,-0.13265802393087728,2
52,logit_diff,bedrooms,0.1753501666401863,-0.1753501666401863,2
52,logit_diff,year_built,0.24365759497508072,-0.24365759497508072,4
52,logit_diff,property_type,0.30660248321010436,0.27621817413344085,10
53,single_logit,lot,0.2013026487190621,0.2013026487190621,10
53,single_logit,bathrooms,0.08733949506854413,0.08733949506854413,2
53,single_logit,bedrooms,0.051758575770733825,0.051758575770733825,2
53,single_logit,year_built,0.14409776068482105,0.14409776068482105,4
53,single_logit,property_type,0.5155015197568389,0.5155015197568389,4
53,logit_diff,lot,0.057596329861815745,-0.05176863287292219,10
53,logit_diff,bathrooms,0.1909750394304545,-0.1909750394304545,2
53,logit_diff,bedrooms,0.05355870496847682,-0.05355870496847682,2
53,logit_diff,year_built,0.03121707375305506,0.01713878558991258,4
53,logit_diff,property_type,0.6666528519861978,0.6666528519861978,4
54,single_logit,lot,0.309674820155613,0.309674820155613,10
54,single_logit,bathrooms,0.056068960864581484,0.056068960864581484,2
54,single_logit,bedrooms,0.01277480301516885,-0.01277480301516885,2
54,single_logit,year_built,0.24378051464545095,0.24378051464545095,4
54,single_logit,property_type,0.37770090131918577,0.37770090131918577,10
54,logit_diff,lot,0.09244199000006488,-0.09244199000006488,10
54,logit_diff,bathrooms,0.2419353040069651,-0.2419353040069651,2
54,logit_diff,bedrooms,0.23044876138348902,-0.23044876138348902,2
54,logit_diff,year_built,0.15690796700896828,0.15690796700896828,4
54,logit_diff,property_type,0.2782659776005127,0.2779249708706573,10
55,single_logit,lot,0.14768785904525997,0.14768785904525997,12
55,single_logit,bathrooms,0.12117700781425211,0.12117700781425211,2
55,single_logit,bedrooms,0.08144118269821804,0.08144118269821804,2
55,single_logit,year_built,0.2677751975627274,0.2677751975627274,4
55,single_logit,property_type,0.3819187528795425,0.3819187528795425,10
55,logit_diff,lot,0.2502090666691072,-0.2502090666691072,12
55,logit_diff,bathrooms,0.20684692242693495,-0.20684692242693495,2
55,logit_diff,bedrooms,0.08138621863246934,-0.08138621863246934,2
55,logit_diff,year_built,0.17629794064798515,-0.17629794064798515,4
55,logit_diff,property_type,0.28525985162350337,0.2458260118885675,10
56,single_logit,lot,0.1500824428586144,0.1500824428586144,12
56,single_logit,bathrooms,0.23804457022586348,0.23804457022586348,2
56,single_logit,bedrooms,0.02866379347635747,0.01959648630823923,2
56,single_logit,year_built,0.22324080342077246,0.22324080342077246,4
56,single_logit,property_type,0.35996839001839215,0.35996839001839215,10
56,logit_diff,lot,0.15676577997254137,-0.15676577997254137,12
56,logit_diff,bathrooms,0.19493444851188396,-0.19493444851188396,2
56,logit_diff,bedrooms,0.18342540358129303,-0.18342540358129303,2
56,logit_diff,year_built,0.24013891990918548,0.24013891990918548,4
56,logit_diff,property_type,0.22473544802509612,0.22473544802509612,10
57,single_logit,lot,0.18228431517702073,0.18228431517702073,12
57,single_logit,bathrooms,0.04262644656007548,0.04262644656007548,2
57,single_logit,bedrooms,0.02521982337081032,0.02521982337081032,2
57,single_logit,year_built,0.2723740924047514,0.2723740924047514,4
57,single_logit,property_type,0.477495322487342,0.477495322487342,10
57,logit_diff,lot,0.21361820673736953,-0.21361820673736953,12
57,logit_diff,bathrooms,0.19978810083422166,-0.19978810083422166,2
57,logit_diff,bedrooms,0.1890778108925933,-0.1890778108925933,2
57,logit_diff,year_built,0.1526216316682044,-0.03933971882405808,4
57,logit_diff,property_type,0.24489424986761116,0.2208385788448256,10
58,single_logit,lot,0.26353528005819393,0.26353528005819393,10
58,single_logit,bathrooms,0.05902525200041567,0.028969056507246262,2
58,single_logit,bedrooms,0.11063237915570868,0.11063237915570868,2
58,single_logit,year_built,0.21022550140288893,0.21022550140288893,4
58,single_logit,property_type,0.35658158738279283,0.35658158738279283,10
58,logit_diff,lot,0.11198394130130125,-0.11198394130130125,10
58,logit_diff,bathrooms,0.31057096842656257,-0.31057096842656257,2
58,logit_diff,bedrooms,0.11867875513280139,-0.11867875513280139,2
58,logit_diff,year_built,0.06168429259646702,-0.06168429259646702,4
58,logit_diff,property_type,0.3970820425428677,0.3970820425428677,10
59,single_logit,lot,0.14334622638807232,0.14334622638807232,12
59,single_logit,bathrooms,0.17943262143195504,0.17943262143195504,2
59,single_logit,bedrooms,0.12556568539130603,0.12556568539130603,2
59,single_logit,year_built,0.11707932111421239,0.11707932111421239,4
59,single_logit,property_type,0.43457614567445424,0.43457614567445424,10
59,logit_diff,lot,0.23638067546931948,-0.23638067546931948,12
59,logit_diff,bathrooms,0.20317796565334037,-0.20317796565334037,2
59,logit_diff,bedrooms,0.03785456456278833,-0.03785456456278833,2
59,logit_diff,year_built,0.24311377719209076,-0.016046715814664055,4
59,logit_diff,property_type,0.27947301712246103,0.2559323036761503,10
60,single_logit,lot,0.18992961993512097,0.18992961993512097,11
60,single_logit,bathrooms,0.12072773877846651,0.12072773877846651,2
60,single_logit,bedrooms,0.09416434666304098,0.09416434666304098,2
60,single_logit,year_built,0.2421133943895132,0.2421133943895132,4
60,single_logit,property_type,0.35306490023385834,0.35306490023385834,4
60,logit_diff,lot,0.030935762185423817,-0.030935762185423817,11
60,logit_diff,bathrooms,0.09904167291168822,-0.024798925876799074,2
60,logit_diff,bedrooms,0.1805238579354566,-0.1805238579354566,2
60,logit_diff,year_built,0.15218222836197196,0.15218222836197196,4
60,logit_diff,property_type,0.5373164786054594,0.36961566774604954,4
61,single_logit,lot,0.16935954420933602,0.16935954420933602,12
61,single_logit,bathrooms,0.0795324985628461,0.0795324985628461,2
61,single_logit,bedrooms,0.07175626857617673,0.07175626857617673,2
61,single_logit,year_built,0.4048697303628509,0.4048697303628509,4
61,single_logit,property_type,0.2744819582887903,0.2744819582887903,10
61,logit_diff,lot,0.1973735255590608,-0.1973735255590608,12
61,logit_diff,bathrooms,0.2311743740046802,-0.2311743740046802,2
61,logit_diff,bedrooms,0.08499057867819124,-0.08499057867819124,2
61,logit_diff,year_built,0.2181034091458963,0.2181034091458963,4
61,logit_diff,property_type,0.2683581126121715,0.24139778259387756,10
62,single_logit,lot,0.31476798815292906,0.31476798815292906,10
62,single_logit,bathrooms,0.11459878351706543,0.11459878351706543,2
62,single_logit,bedrooms,0.07093154879199408,0.07093154879199408,2
62,single_logit,year_built,0.17971172869721624,0.17971172869721624,4
62,single_logit,property_type,0.3199899508407952,0.3199899508407952,10
62,logit_diff,lot,0.17056536080036114,-0.17056536080036114,10
62,logit_diff,bathrooms,0.2574505997582059,-0.2574505997582059,2
62,logit_diff,bedrooms,0.06436264993955147,-0.06436264993955147,2
62,logit_diff,year_built,0.08437378561648477,0.08437378561648477,4
62,logit_diff,property_type,0.42324760388539673,0.4055292951639757,10
63,single_logit,lot,0.15861563647124372,0.15861563647124372,12
63,single_logit,bathrooms,0.06371984394616105,0.06371984394616105,2
63,single_logit,bedrooms,0.06195475131607349,0.06195475131607349,2
63,single_logit,year_built,0.14297250303709266,0.14297250303709266,4
63,single_logit,property_type,0.572737265229429,0.572737265229429,7
63,logit_diff,lot,0.07757440060848732,-0.07757440060848732,12
63,logit_diff,bathrooms,0.13467167642461647,-0.13467167642461647,2
63,logit_diff,bedrooms,0.13232664723314305,-0.13232664723314305,2
63,logit_diff,year_built,0.13693295457353727,0.06666582987188725,4
63,logit_diff,property_type,0.5184943211602159,0.5184943211602159,7
64,single_logit,lot,0.26120515020261725,0.26120515020261725,10
64,single_logit,bathrooms,0.14501094221893407,0.14501094221893407,2
64,single_logit,bedrooms,0.07193117034820393,0.07193117034820393,2
64,single_logit,year_built,0.10272804867093795,0.10272804867093795,4
64,single_logit,property_type,0.41912468855930685,0.41912468855930685,10
64,logit_diff,lot,0.20404998654564394,-0.20404998654564394,10
64,logit_diff,bathrooms,0.044858314517914354,0.044858314517914354,2
64,logit_diff,bedrooms,0.23957848424092806,-0.23957848424092806,2
64,logit_diff,year_built,0.1266808826190263,-0.013908583551643835,4
64,logit_diff,property_type,0.38483233207648737,0.38483233207648737,10
65,single_logit,lot,0.23437169445984987,0.23437169445984987,10
65,single_logit,bathrooms,0.08026942152336647,0.08026942152336647,2
65,single_logit,bedrooms,0.0937022634925829,0.0937022634925829,2
65,single_logit,year_built,0.2105570676150348,0.2105570676150348,4
65,single_logit,property_type,0.381099552909166,0.381099552909166,7
65,logit_diff,lot,0.017009691324269098,0.017009691324269098,10
65,logit_diff,bathrooms,0.20813238439810924,-0.20813238439810924,2
65,logit_diff,bedrooms,0.13081875575330112,-0.13081875575330112,2
65,logit_diff,year_built,0.1062102373642873,0.1062102373642873,4
65,logit_diff,property_type,0.5378289311600333,0.5378289311600333,7
66,single_logit,lot,0.2090709379573013,0.2090709379573013,12
66,single_logit,bathrooms,0.1353791791184805,0.1353791791184805,2
66,single_logit,bedrooms,0.09582307521979948,0.09582307521979948,2
66,single_logit,year_built,0.17186809849025844,0.16446454963221654,4
66,single_logit,property_type,0.3878587092141603,0.3878587092141603,9
66,logit_diff,lot,0.06254819681403737,-0.06254819681403737,12
66,logit_diff,bathrooms,0.19961923280450847,-0.19961923280450847,2
66,logit_diff,bedrooms,0.21115501761481925,-0.21115501761481925,2
66,logit_diff,year_built,0.08789766469595504,-0.08789766469595504,4
66,logit_diff,property_type,0.4387798880706799,0.2899431862246048,9
67,single_logit,lot,0.19528263779880373,0.19528263779880373,12
67,single_logit,bathrooms,0.010435995149839004,0.010435995149839004,2
67,single_logit,bedrooms,0.03643647146159733,0.03643647146159733,2
67,single_logit,year_built,0.33546827597706486,0.33546827597706486,4
67,single_logit,property_type,0.42237661961269507,0.42237661961269507,10
67,logit_diff,lot,0.136156384497118,-0.136156384497118,12
67,logit_diff,bathrooms,0.20278110283521303,-0.20278110283521303,2
67,logit_diff,bedrooms,0.20628403935252,-0.20628403935252,2
67,logit_diff,year_built,0.21080866568737477,0.21080866568737477,4
67,logit_diff,property_type,0.2439698076277742,0.23663310155138528,10
68,single_logit,lot,0.15245313179320322,0.15245313179320322,12
68,single_logit,bathrooms,0.24899054381094776,0.24899054381094776,2
68,single_logit,bedrooms,0.06794636318784666,0.06794636318784666,2
68,single_logit,year_built,0.1862314836191625,0.1862314836191625,4
68,single_logit,property_type,0.3443784775888398,0.3443784775888398,10
68,logit_diff,lot,0.13278681863701752,-0.13278681863701752,12
68,logit_diff,bathrooms,0.2124327288382585,-0.07028735390397092,2
68,logit_diff,bedrooms,0.23520740217027142,-0.23520740217027142,2
68,logit_diff,year_built,0.1810868759144293,0.1810868759144293,4
68,logit_diff,property_type,0.2384861744400233,0.21623178489319336,10
69,single_logit,lot,0.17393452135861828,0.17393452135861828,12
69,single_logit,bathrooms,0.23824463476351254,0.23824463476351254,2
69,single_logit,bedrooms,0.009504049087402468,0.005423006732657114,2
69,single_logit,year_built,0.2011843582447439,0.2011843582447439,4
69,single_logit,property_type,0.3771324365457228,0.3771324365457228,10
69,logit_diff,lot,0.16325433629336336,-0.16325433629336336,12
69,logit_diff,bathrooms,0.17006550684779653,-0.06597368800130038,2
69,logit_diff,bedrooms,0.2081836376929923,-0.2081836376929923,2
69,logit_diff,year_built,0.22901803673368074,0.22901803673368074,4
69,logit_diff,property_type,0.22947848243216706,0.2136081455425983,10
70,single_logit,lot,0.2562351902685614,0.2562351902685614,12
70,single_logit,bathrooms,0.06748497730157244,0.06356670897866663,2
70,single_logit,bedrooms,0.030372113779812162,0.030372113779812162,2
70,single_logit,year_built,0.22845496662366,0.14840717986870317,4
70,single_logit,property_type,0.417452752026394,0.417452752026394,10
70,logit_diff,lot,0.1300765600042797,-0.1300765600042797,12
70,logit_diff,bathrooms,0.20962064534043642,-0.20962064534043642,2
70,logit_diff,bedrooms,0.17186735587088955,-0.17186735587088955,2
70,logit_diff,year_built,0.286700278007428,0.10476537827799257,4
70,logit_diff,property_type,0.20173516077696635,0.18920915811503983,10
71,single_logit,lot,0.24658236987098045,0.24658236987098045,10
71,single_logit,bathrooms,0.07847132368153059,0.07847132368153059,2
71,single_logit,bedrooms,0.06809452364206503,0.06809452364206503,2
71,single_logit,year_built,0.3030438618490688,0.3030438618490688,4
71,single_logit,property_type,0.3038079209563551,0.3038079209563551,10
71,logit_diff,lot,0.16728094565899437,-0.16728094565899437,10
71,logit_diff,bathrooms,0.2532409945870725,-0.2532409945870725,2
71,logit_diff,bedrooms,0.08484878684618409,-0.08484878684618409,2
71,logit_diff,year_built,0.10403766633293648,0.10403766633293648,4
71,logit_diff,property_type,0.39059160657481257,0.39059160657481257,10
72,single_logit,lot,0.17312508618265293,0.17312508618265293,11
72,single_logit,bathrooms,0.07462434084685529,0.006599431503463393,2
72,single_logit,bedrooms,0.03109347535285637,0.023986395272203486,2
72,single_logit,year_built,0.20877047736917848,0.20877047736917848,4
72,single_logit,property_type,0.5123866202484569,0.5123866202484569,6
72,logit_diff,lot,0.1585345870793398,-0.1585345870793398,11
72,logit_diff,bathrooms,0.07473071034582919,-0.07473071034582919,2
72,logit_diff,bedrooms,0.15214314474713073,-0.15214314474713073,2
72,logit_diff,year_built,0.15945084279829286,0.15945084279829286,4
72,logit_diff,property_type,0.45514071502940745,0.45514071502940745,6
73,single_logit,lot,0.2258462921317165,0.2258462921317165,12
73,single_logit,bathrooms,0.08563586486612461,0.08563586486612461,2
73,single_logit,bedrooms,0.008763560346876762,0.008763560346876762,2
73,single_logit,year_built,0.2528296962714155,0.2528296962714155,4
73,single_logit,property_type,0.4269245863838666,0.4269245863838666,10
73,logit_diff,lot,0.14438623722657282,-0.14438623722657282,12
73,logit_diff,bathrooms,0.13768554303962027,-0.05441332660925793,2
73,logit_diff,bedrooms,0.2881483044733173,-0.2881483044733173,2
73,logit_diff,year_built,0.11584861591353648,0.11584861591353648,4
73,logit_diff,property_type,0.3139312993469532,0.3139312993469532,10
74,single_logit,lot,0.10242783512927993,0.10242783512927993,12
74,single_logit,bathrooms,0.06598264859542569,-0.030836112157661247,2
74,single_logit,bedrooms,0.062197211887899166,-0.052747435581519106,2
74,single_logit,year_built,0.3443918476102955,0.3443918476102955,4
74,single_logit,property_type,0.4250004567770997,0.4250004567770997,6
74,logit_diff,lot,0.07900560034305616,-0.07900560034305616,12
74,logit_diff,bathrooms,0.13276935587411615,-0.13276935587411615,2
74,logit_diff,bedrooms,0.15215603173184106,-0.15215603173184106,2
74,logit_diff,year_built,0.34614028531428864,0.34614028531428864,4
74,logit_diff,property_type,0.28992872673669806,0.28992872673669806,6
75,single_logit,lot,0.1460298282451084,0.1460298282451084,12
75,single_logit,bathrooms,0.030708488806443158,0.030708488806443158,2
75,single_logit,bedrooms,0.07167141941075215,0.045020838053731846,2
75,single_logit,year_built,0.2665058135702031,0.2665058135702031,4
75,single_logit,property_type,0.48508444996749317,0.48508444996749317,4
75,logit_diff,lot,0.1705284441478165,-0.1705284441478165,12
75,logit_diff,bathrooms,0.15125099566362088,-0.15125099566362088,2
75,logit_diff,bedrooms,0.0390537078571608,-0.0390537078571608,2
75,logit_diff,year_built,0.07299758477973982,0.07299758477973982,4
75,logit_diff,property_type,0.566169267551662,0.566169267551662,4
76,single_logit,lot,0.29716573404303714,0.29716573404303714,8
76,single_logit,bathrooms,0.06896865474728174,0.06896865474728174,2
76,single_logit,bedrooms,0.05870979482280151,0.049747509212501706,2
76,single_logit,year_built,0.23013056730812975,0.23013056730812975,4
76,single_logit,property_type,0.3450252490787498,0.3450252490787498,4
76,logit_diff,lot,0.10965758944468393,-0.10965758944468393,8
76,logit_diff,bathrooms,0.06184755514740334,-0.06184755514740334,2
76,logit_diff,bedrooms,0.08381280806642052,-0.08381280806642052,2
76,logit_diff,year_built,0.12140862492269056,0.12140862492269056,4
76,logit_diff,property_type,0.6232734224188017,0.6232734224188017,4
77,single_logit,lot,0.323631323507227,0.323631323507227,10
77,single_logit,bathrooms,0.07793190098024055,0.07793190098024055,2
77,single_logit,bedrooms,0.07453957117286537,0.07453957117286537,2
77,single_logit,year_built,0.11122486750194625,0.07968536875229597,4
77,single_logit,property_type,0.41267233683772087,0.41267233683772087,4
77,logit_diff,lot,0.0814412129070502,-0.0814412129070502,10
77,logit_diff,bathrooms,0.16566849962627264,-0.16566849962627264,2
77,logit_diff,bedrooms,0.03947448302539705,-0.03947448302539705,2
77,logit_diff,year_built,0.08493230304480112,-0.08493230304480112,4
77,logit_diff,property_type,0.628483501396479,0.628483501396479,4
78,single_logit,lot,0.34493797681916777,0.34493797681916777,10
78,single_logit,bathrooms,0.10110675502663488,0.10110675502663488,2
78,single_logit,bedrooms,0.07057948060966814,0.05860075754544783,2
78,single_logit,year_built,0.18018215816202757,0.18018215816202757,4
78,single_logit,property_type,0.3031936293825016,0.3031936293825016,10
78,logit_diff,lot,0.08913550913690549,-0.08913550913690549,10
78,logit_diff,bathrooms,0.2820431287941905,-0.2820431287941905,2
78,logit_diff,bedrooms,0.16713666891507584,-0.16713666891507584,2
78,logit_diff,year_built,0.08381126566235635,0.08381126566235635,4
78,logit_diff,property_type,0.3778734274914718,0.35373821266344496,10
79,single_logit,lot,0.10316591004933946,0.10316591004933946,12
79,single_logit,bathrooms,0.18561626316957028,0.18561626316957028,2
79,single_logit,bedrooms,0.05757033014480262,0.05757033014480262,2
79,single_logit,year_built,0.2039216145669638,0.2039216145669638,4
79,single_logit,property_type,0.44972588206932385,0.44972588206932385,10
79,logit_diff,lot,0.26514143117391503,-0.26514143117391503,12
79,logit_diff,bathrooms,0.2343508258201253,-0.2343508258201253,2
79,logit_diff,bedrooms,0.06062715193289634,-0.06062715193289634,2
79,logit_diff,year_built,0.1413397517538572,-0.09894400636551177,4
79,logit_diff,property_type,0.2985408393192061,0.2929230939540583,10
80,single_logit,lot,0.31906847974729197,0.31906847974729197,10
80,single_logit,bathrooms,0.17107236085664745,0.17107236085664745,2
80,single_logit,bedrooms,0.09483852365792923,0.09483852365792923,2
80,single_logit,year_built,0.09256965945558643,0.028133916109050774,4
80,single_logit,property_type,0.32245097628254493,0.32245097628254493,10
80,logit_diff,lot,0.11250857177096396,-0.11250857177096396,10
80,logit_diff,bathrooms,0.1615953212573313,-0.025021211033393234,2
80,logit_diff,bedrooms,0.22831855067971327,-0.22831855067971327,2
80,logit_diff,year_built,0.1272888951920148,-0.09946582979811139,4
80,logit_diff,property_type,0.37028866109997666,0.3462839371625165,10
81,single_logit,lot,0.21568556005805256,0.21568556005805256,10
81,single_logit,bathrooms,0.17278538825464218,0.17278538825464218,2
81,single_logit,bedrooms,0.08803306173733352,0.08803306173733352,2
81,single_logit,year_built,0.2212309116703425,0.2212309116703425,4
81,single_logit,property_type,0.30226507827962923,0.30226507827962923,10
81,logit_diff,lot,0.1503570183139839,-0.1503570183139839,10
81,logit_diff,bathrooms,0.2748449038546004,-0.07538335523098921,2
81,logit_diff,bedrooms,0.15849233382416056,-0.15849233382416056,2
81,logit_diff,year_built,0.08872761376566743,0.08872761376566743,4
81,logit_diff,property_type,0.3275781302415877,0.31732412123039394,10
82,single_logit,lot,0.30581922385908517,0.30581922385908517,8
82,single_logit,bathrooms,0.18361058168214842,0.18361058168214842,2
82,single_logit,bedrooms,0.06286374020935727,0.06286374020935727,2
82,single_logit,year_built,0.06433185084459989,0.046630390807061384,4
82,single_logit,property_type,0.3833746034048092,0.3833746034048092,10
82,logit_diff,lot,0.1506714735922411,-0.1506714735922411,8
82,logit_diff,bathrooms,0.25164798812585637,-0.25164798812585637,2
82,logit_diff,bedrooms,0.12008465398286479,-0.12008465398286479,2
82,logit_diff,year_built,0.13153574116183742,-0.13153574116183742,4
82,logit_diff,property_type,0.3460601431372003,0.3413582993169472,10
83,single_logit,lot,0.1686711668318706,0.1686711668318706,12
83,single_logit,bathrooms,0.13120375917757252,0.13120375917757252,2
83,single_logit,bedrooms,0.06552048767862646,0.041265698451010704,2
83,single_logit,year_built,0.2534951041926486,0.2534951041926486,4
83,single_logit,property_type,0.3811094821192818,0.3811094821192818,10
83,logit_diff,lot,0.22232896923098266,-0.22232896923098266,12
83,logit_diff,bathrooms,0.19452340618813002,-0.08701728579171616,2
83,logit_diff,bedrooms,0.12582554898414358,-0.12582554898414358,2
83,logit_diff,year_built,0.1594513422471475,0.00590560526841287,4
83,logit_diff,property_type,0.29787073334959624,0.2890499887458826,10
84,single_logit,lot,0.19823276276554597,0.19823276276554597,12
84,single_logit,bathrooms,0.08767826129503696,0.08767826129503696,2
84,single_logit,bedrooms,0.03444052565977711,0.03444052565977711,2
84,single_logit,year_built,0.21088514178031104,0.02745464980479485,4
84,single_logit,property_type,0.46876330849932896,0.46876330849932896,4
84,logit_diff,lot,0.08552790714232963,-0.08552790714232963,12
84,logit_diff,bathrooms,0.16134224010048423,-0.16134224010048423,2
84,logit_diff,bedrooms,0.04674481214775682,-0.04674481214775682,2
84,logit_diff,year_built,0.10545356159110039,-0.08494395479866595,4
84,logit_diff,property_type,0.600931479018329,0.600931479018329,4
85,single_logit,lot,0.11701497829707723,0.11701497829707723,12
85,single_logit,bathrooms,0.0834192227043809,0.0834192227043809,2
85,single_logit,bedrooms,0.12578671436181096,0.04894629470982602,2
85,single_logit,year_built,0.19098265261105501,0.19098265261105501,4
85,single_logit,property_type,0.4827964320256759,0.4827964320256759,6
85,logit_diff,lot,0.13369871414013193,-0.13369871414013193,12
85,logit_diff,bathrooms,0.1820174815249807,-0.1820174815249807,2
85,logit_diff,bedrooms,0.14664494361143465,-0.14664494361143465,2
85,logit_diff,year_built,0.10687305738954556,0.10687305738954556,4
85,logit_diff,property_type,0.4307658033339072,0.4307658033339072,6
86,single_logit,lot,0.32589968104883477,0.32589968104883477,10
86,single_logit,bathrooms,0.06413136109900396,0.06413136109900396,2
86,single_logit,bedrooms,0.06213866463221801,0.06213866463221801,2
86,single_logit,year_built,0.20310292537805996,0.20310292537805996,4
86,single_logit,property_type,0.3447273678418833,0.3447273678418833,10
86,logit_diff,lot,0.13528994466166547,-0.13528994466166547,10
86,logit_diff,bathrooms,0.3003181479528732,-0.3003181479528732,2
86,logit_diff,bedrooms,0.1276880857933431,-0.1276880857933431,2
86,logit_diff,year_built,0.07032097478473967,0.07032097478473967,4
86,logit_diff,property_type,0.3663828468073786,0.3663828468073786,10
87,single_logit,lot,0.2987168367764313,0.2987168367764313,10
87,single_logit,bathrooms,0.15587020884854833,0.15587020884854833,2
87,single_logit,bedrooms,0.06943792097767527,0.06943792097767527,2
87,single_logit,year_built,0.10634756157383919,0.06279949641001989,4
87,single_logit,property_type,0.36962747182350597,0.36962747182350597,10
87,logit_diff,lot,0.13995146892556534,-0.13995146892556534,10
87,logit_diff,bathrooms,0.12462205882508424,-0.12462205882508424,2
87,logit_diff,bedrooms,0.17152283365172885,-0.17152283365172885,2
87,logit_diff,year_built,0.23160049283443077,-0.23160049283443077,4
87,logit_diff,property_type,0.3323031457631908,0.3323031457631908,10
88,single_logit,lot,0.15553420209374633,0.15553420209374633,12
88,single_logit,bathrooms,0.10368946806249756,0.10368946806249756,2
88,single_logit,bedrooms,0.09385684609105381,0.09385684609105381,2
88,single_logit,year_built,0.35676774948658907,0.35676774948658907,4
88,single_logit,property_type,0.29015173426611324,0.29015173426611324,10
88,logit_diff,lot,0.1213571422696493,-0.1213571422696493,12
88,logit_diff,bathrooms,0.16307468860512594,-0.16307468860512594,2
88,logit_diff,bedrooms,0.14495527876011194,-0.14495527876011194,2
88,logit_diff,year_built,0.279761707743645,0.279761707743645,4
88,logit_diff,property_type,0.2908511826214678,0.2908511826214678,10
89,single_logit,lot,0.3345380781607843,0.3345380781607843,10
89,single_logit,bathrooms,0.1203523078809548,-0.1203523078809548,2
89,single_logit,bedrooms,0.017002996720223387,0.003537536230382047,2
89,single_logit,year_built,0.09270817395159832,0.09270817395159832,4
89,single_logit,property_type,0.43539844328643923,0.43539844328643923,10
89,logit_diff,lot,0.096126317497725,-0.096126317497725,10
89,logit_diff,bathrooms,0.2853147235146996,-0.2853147235146996,2
89,logit_diff,bedrooms,0.1738962000983753,-0.1738962000983753,2
89,logit_diff,year_built,0.19333369951056895,0.14742996205945091,4
89,logit_diff,property_type,0.25132905937863115,0.25132905937863115,10
90,single_logit,lot,0.17682708975665268,0.17682708975665268,12
90,single_logit,bathrooms,0.11136547088168743,0.11136547088168743,2
90,single_logit,bedrooms,0.016143758849294042,0.0062987124690688226,2
90,single_logit,year_built,0.24861388627912823,0.24861388627912823,4
90,single_logit,property_type,0.4470497942332376,0.4470497942332376,4
90,logit_diff,lot,0.04913657383109367,-0.04913657383109367,12
90,logit_diff,bathrooms,0.054204330706190205,0.054204330706190205,2
90,logit_diff,bedrooms,0.2429980781013732,-0.2429980781013732,2
90,logit_diff,year_built,0.13195227750457675,0.13195227750457675,4
90,logit_diff,property_type,0.5217087398567662,0.5217087398567662,4
91,single_logit,lot,0.3102426039082824,0.3102426039082824,10
91,single_logit,bathrooms,0.0758666586000363,0.0758666586000363,2
91,single_logit,bedrooms,0.04815778328997519,0.04815778328997519,2
91,single_logit,year_built,0.08609111258999334,0.04591929336317987,4
91,single_logit,property_type,0.47964184161171275,0.47964184161171275,4
91,logit_diff,lot,0.08638694140229218,-0.08638694140229218,10
91,logit_diff,bathrooms,0.10598400260683173,-0.10598400260683173,2
91,logit_diff,bedrooms,0.060608837770547895,-0.060608837770547895,2
91,logit_diff,year_built,0.12854938978753302,-0.12854938978753302,4
91,logit_diff,property_type,0.6184708284327952,0.6184708284327952,4
92,single_logit,lot,0.2873112663904892,0.2873112663904892,10
92,single_logit,bathrooms,0.11690811483670611,0.11690811483670611,2
92,single_logit,bedrooms,0.016249355513683967,0.016249355513683967,2
92,single_logit,year_built,0.15656817493833747,0.15656817493833747,4
92,single_logit,property_type,0.4229630883207833,0.4229630883207833,10
92,logit_diff,lot,0.0745547775866728,-0.0745547775866728,10
92,logit_diff,bathrooms,0.15419127473866379,-0.09485876521927296,2
92,logit_diff,bedrooms,0.2827450453640105,-0.2827450453640105,2
92,logit_diff,year_built,0.19205237456315158,0.19205237456315158,4
92,logit_diff,property_type,0.2964565277475013,0.2964565277475013,10
93,single_logit,lot,0.23015091392588696,0.23015091392588696,10
93,single_logit,bathrooms,0.08569415881610291,0.08569415881610291,2
93,single_logit,bedrooms,0.04582391740991175,0.04582391740991175,2
93,single_logit,year_built,0.16961110091467732,0.16961110091467732,4
93,single_logit,property_type,0.4687199089334211,0.4687199089334211,7
93,logit_diff,lot,0.03449429294773424,-0.03449429294773424,10
93,logit_diff,bathrooms,0.15668617134130938,-0.15668617134130938,2
93,logit_diff,bedrooms,0.1683405146642167,-0.1683405146642167,2
93,logit_diff,year_built,0.07805982038155626,0.07805982038155626,4
93,logit_diff,property_type,0.5624192006651834,0.5624192006651834,7
94,single_logit,lot,0.33328597054061776,0.33328597054061776,10
94,single_logit,bathrooms,0.08976379100356763,0.08976379100356763,2
94,single_logit,bedrooms,0.04063336655865379,0.04063336655865379,2
94,single_logit,year_built,0.20000767024581328,0.20000767024581328,4
94,single_logit,property_type,0.33630920165134753,0.33630920165134753,10
94,logit_diff,lot,0.09009317479411158,-0.09009317479411158,10
94,logit_diff,bathrooms,0.10675273996285241,-0.03090787748411127,2
94,logit_diff,bedrooms,0.2700603195774829,-0.2700603195774829,2
94,logit_diff,year_built,0.16232115799279714,0.16232115799279714,4
94,logit_diff,property_type,0.370772607672756,0.370772607672756,10
95,single_logit,lot,0.22326512245044544,0.22326512245044544,12
95,single_logit,bathrooms,0.07684613046568123,0.07684613046568123,2
95,single_logit,bedrooms,0.06753484750414614,0.06753484750414614,2
95,single_logit,year_built,0.358848992448318,0.358848992448318,4
95,single_logit,property_type,0.2735049071314092,0.2735049071314092,10
95,logit_diff,lot,0.13828032760782966,-0.13828032760782966,12
95,logit_diff,bathrooms,0.21558389616781193,-0.21558389616781193,2
95,logit_diff,bedrooms,0.1048659994388488,-0.1048659994388488,2
95,logit_diff,year_built,0.2385233335450601,0.2385233335450601,4
95,logit_diff,property_type,0.30274644324044947,0.2964146905511315,10
96,single_logit,lot,0.25911893922037227,0.25911893922037227,10
96,single_logit,bathrooms,0.10255896101812413,0.10255896101812413,2
96,single_logit,bedrooms,0.029936903425681484,0.029936903425681484,2
96,single_logit,year_built,0.17074061666704463,0.17074061666704463,4
96,single_logit,property_type,0.43764457966877746,0.43764457966877746,7
96,logit_diff,lot,0.025381324979821242,-0.025381324979821242,10
96,logit_diff,bathrooms,0.04363759589563769,0.007985438065930004,2
96,logit_diff,bedrooms,0.1884240739597221,-0.1884240739597221,2
96,logit_diff,year_built,0.1487791970970494,0.1487791970970494,4
96,logit_diff,property_type,0.5937778080677696,0.5937778080677696,7
97,single_logit,lot,0.3322649415793977,0.3322649415793977,10
97,single_logit,bathrooms,0.059876296979881206,0.059876296979881206,2
97,single_logit,bedrooms,0.039761603463202365,0.039761603463202365,2
97,single_logit,year_built,0.1316031110703639,0.050260745815577365,4
97,single_logit,property_type,0.4364940469071548,0.4364940469071548,4
97,logit_diff,lot,0.09095889386882232,-0.09095889386882232,10
97,logit_diff,bathrooms,0.06485706454362138,-0.06485706454362138,2
97,logit_diff,bedrooms,0.10422025204784646,-0.10422025204784646,2
97,logit_diff,year_built,0.13933446004550548,-0.13933446004550548,4
97,logit_diff,property_type,0.6006293294942043,0.6006293294942043,4
98,single_logit,lot,0.2617117742222683,0.2617117742222683,10
98,single_logit,bathrooms,0.08125134947732965,0.08125134947732965,2
98,single_logit,bedrooms,0.06280297544141422,0.06280297544141422,2
98,single_logit,year_built,0.3098934319437283,0.3098934319437283,4
98,single_logit,property_type,0.2843404689152595,0.2843404689152595,10
98,logit_diff,lot,0.0906480485099641,-0.0906480485099641,10
98,logit_diff,bathrooms,0.2548876073557485,-0.2548876073557485,2
98,logit_diff,bedrooms,0.11472591890336706,-0.11472591890336706,2
98,logit_diff,year_built,0.14254629184760156,0.14254629184760156,4
98,logit_diff,property_type,0.39719213338331877,0.39719213338331877,10
99,single_logit,lot,0.2038077749820193,0.2038077749820193,12
99,single_logit,bathrooms,0.09779180425129189,0.09779180425129189,2
99,single_logit,bedrooms,0.10270516880848807,0.10270516880848807,2
99,single_logit,year_built,0.19558360850258377,0.19558360850258377,4
99,single_logit,property_type,0.400111643455617,0.400111643455617,9
99,logit_diff,lot,0.07550423607316073,-0.07550423607316073,12
99,logit_diff,bathrooms,0.157290425547633,-0.09205476518225526,2
99,logit_diff,bedrooms,0.2497076110652515,-0.2497076110652515,2
99,logit_diff,year_built,0.1608013725464641,0.020001072257857137,4
99,logit_diff,property_type,0.3566963547674907,0.25927323836766786,9
100,single_logit,lot,0.1796086145059874,0.1796086145059874,12
100,single_logit,bathrooms,0.27654571206600326,0.27654571206600326,2
100,single_logit,bedrooms,0.03895126506671277,0.015630125472629968,2
100,single_logit,year_built,0.09808110481766741,0.04846165887281038,4
100,single_logit,property_type,0.40681330354362916,0.40681330354362916,10
100,logit_diff,lot,0.16085208304879084,-0.16085208304879084,12
100,logit_diff,bathrooms,0.22038076205233564,-0.10526778668479263,2
100,logit_diff,bedrooms,0.21659415102050858,-0.21659415102050858,2
100,logit_diff,year_built,0.1826921491261818,0.030281055095142125,4
100,logit_diff,property_type,0.21948085475218315,0.20552837670474333,10
101,single_logit,lot,0.23102293058499282,0.23102293058499282,10
101,single_logit,bathrooms,0.14414779250891854,0.14414779250891854,2
101,single_logit,bedrooms,0.04573246415497699,0.04573246415497699,2
101,single_logit,year_built,0.1362336815344621,0.1362336815344621,4
101,single_logit,property_type,0.44286313121664955,0.44286313121664955,7
101,logit_diff,lot,0.028759592320109318,0.028759592320109318,10
101,logit_diff,bathrooms,0.12775759929915884,0.013001879574693155,2
101,logit_diff,bedrooms,0.09525290036242594,-0.09525290036242594,2
101,logit_diff,year_built,0.08620811457133505,-0.04070153605990901,4
101,logit_diff,property_type,0.6620217934469709,0.6620217934469709,7
102,single_logit,lot,0.18302968593096822,0.18302968593096822,12
102,single_logit,bathrooms,0.08108615854869831,0.08108615854869831,2
102,single_logit,bedrooms,0.04678513781733565,0.028361974739006583,2
102,single_logit,year_built,0.34070731192883547,0.34070731192883547,4
102,single_logit,property_type,0.34839170577416234,0.34839170577416234,10
102,logit_diff,lot,0.12017731249666884,-0.12017731249666884,12
102,logit_diff,bathrooms,0.11997541196147489,-0.11997541196147489,2
102,logit_diff,bedrooms,0.21428667446821395,-0.21428667446821395,2
102,logit_diff,year_built,0.283202991885127,0.283202991885127,4
102,logit_diff,property_type,0.26235760918851536,0.26235760918851536,10
103,single_logit,lot,0.2135005617681921,0.2135005617681921,12
103,single_logit,bathrooms,0.03685616691670589,-0.0011321006902742423,2
103,single_logit,bedrooms,0.10880745523191329,0.10880745523191329,2
103,single_logit,year_built,0.12950367097598928,0.08874804612611656,4
103,single_logit,property_type,0.5113321451071995,0.5113321451071995,4
103,logit_diff,lot,0.051271315084556075,-0.051271315084556075,12
103,logit_diff,bathrooms,0.20703539496703827,-0.20703539496703827,2
103,logit_diff,bedrooms,0.1080603623996842,-0.1080603623996842,2
103,logit_diff,year_built,0.06896591281814239,-0.06869059979292028,4
103,logit_diff,property_type,0.5646670147305791,0.5646670147305791,4
104,single_logit,lot,0.21715804116106258,0.21715804116106258,10
104,single_logit,bathrooms,0.09651468496047225,0.09651468496047225,2
104,single_logit,bedrooms,0.03695944700545143,0.03695944700545143,2
104,single_logit,year_built,0.1830088746882837,0.1830088746882837,4
104,single_logit,property_type,0.46635895218473006,0.46635895218473006,7
104,logit_diff,lot,0.012485731177008142,0.007605963704750258,10
104,logit_diff,bathrooms,0.1212970724460061,-0.1212970724460061,2
104,logit_diff,bedrooms,0.08962837865468432,-0.08962837865468432,2
104,logit_diff,year_built,0.03370400488993858,0.03370400488993858,4
104,logit_diff,property_type,0.7428848128323629,0.7428848128323629,7
105,single_logit,lot,0.2986516126094827,0.2986516126094827,10
105,single_logit,bathrooms,0.10954976458231395,0.10954976458231395,2
105,single_logit,bedrooms,0.06361456041750663,0.06361456041750663,2
105,single_logit,year_built,0.09975132522817737,0.09718124277463334,4
105,single_logit,property_type,0.42843273716251934,0.42843273716251934,10
105,logit_diff,lot,0.16861555119270985,-0.16861555119270985,10
105,logit_diff,bathrooms,0.25673039405853126,-0.25673039405853126,2
105,logit_diff,bedrooms,0.08704215414998148,-0.08704215414998148,2
105,logit_diff,year_built,0.20562609900835274,-0.20562609900835274,4
105,logit_diff,property_type,0.2819858015904247,0.2819858015904247,10
106,single_logit,lot,0.18507111914687638,0.18507111914687638,12
106,single_logit,bathrooms,0.11312515231440269,0.11312515231440269,2
106,single_logit,bedrooms,0.09506315320538042,0.09506315320538042,2
106,single_logit,year_built,0.07367394373416983,-0.011882894150672552,4
106,single_logit,property_type,0.5330666315991707,0.5330666315991707,4
106,logit_diff,lot,0.0979324982444193,-0.0141702114667836,12
106,logit_diff,bathrooms,0.11960420469892556,-0.11960420469892556,2
106,logit_diff,bedrooms,0.10890277585744275,-0.10890277585744275,2
106,logit_diff,year_built,0.10166357399408672,-0.10166357399408672,4
106,logit_diff,property_type,0.5718969472051256,0.5718969472051256,4
107,single_logit,lot,0.15381693844786695,0.15381693844786695,12
107,single_logit,bathrooms,0.14359293520004468,0.14359293520004468,2
107,single_logit,bedrooms,0.008974558450002793,-0.0020776424096665175,2
107,single_logit,year_built,0.27579096563779465,0.27579096563779465,4
107,single_logit,property_type,0.41782460226429097,0.41782460226429097,10
107,logit_diff,lot,0.14336304848021986,-0.14336304848021986,12
107,logit_diff,bathrooms,0.1067201657080698,-0.00872032482439481,2
107,logit_diff,bedrooms,0.28901647989422796,-0.28901647989422796,2
107,logit_diff,year_built,0.183126821312291,0.183126821312291,4
107,logit_diff,property_type,0.2777734846051914,0.2777734846051914,10
108,single_logit,lot,0.1703872868464032,0.1703872868464032,12
108,single_logit,bathrooms,0.14231017767072945,0.14231017767072945,2
108,single_logit,bedrooms,0.16234908097042647,0.16234908097042647,2
108,single_logit,year_built,0.17895971850433842,0.17895971850433842,4
108,single_logit,property_type,0.34599373600810246,0.34599373600810246,10
108,logit_diff,lot,0.2527897936082575,-0.2527897936082575,12
108,logit_diff,bathrooms,0.22524952023569064,-0.22524952023569064,2
108,logit_diff,bedrooms,0.12171431276866056,-0.11234931912842668,2
108,logit_diff,year_built,0.12658043691505658,-0.07100256616125031,4
108,logit_diff,property_type,0.2736659364723347,0.23084404547841264,10
109,single_logit,lot,0.17736261476496235,0.17736261476496235,12
109,single_logit,bathrooms,0.0858970060794923,0.0858970060794923,2
109,single_logit,bedrooms,0.06098427924072716,0.06098427924072716,2
109,single_logit,year_built,0.3689143413483935,0.3689143413483935,4
109,single_logit,property_type,0.30684175856642465,0.30684175856642465,10
109,logit_diff,lot,0.17688214773024497,-0.17688214773024497,12
109,logit_diff,bathrooms,0.2674598880706632,-0.2674598880706632,2
109,logit_diff,bedrooms,0.09066152847508069,-0.09066152847508069,2
109,logit_diff,year_built,0.05965897252704016,-0.006032929806105185,4
109,logit_diff,property_type,0.40533746319697095,0.40171770524938066,10
110,single_logit,lot,0.28375702878012476,0.28375702878012476,11
110,single_logit,bathrooms,0.10073437155693066,0.10073437155693066,2
110,single_logit,bedrooms,0.07360804435910005,0.07360804435910005,2
110,single_logit,year_built,0.1656720646498806,0.1656720646498806,4
110,single_logit,property_type,0.37622849065396397,0.37622849065396397,10
110,logit_diff,lot,0.18121441578878056,-0.18121441578878056,11
110,logit_diff,bathrooms,0.17624205737841556,-0.1355423520356044,2
110,logit_diff,bedrooms,0.1684721136311516,-0.1684721136311516,2
110,logit_diff,year_built,0.16390881333513946,0.16390881333513946,4
110,logit_diff,property_type,0.3101625998665128,0.2953010407943651,10
111,single_logit,lot,0.15370155448404768,0.15370155448404768,12
111,single_logit,bathrooms,0.03848565539899487,0.030034126063032848,2
111,single_logit,bedrooms,0.011383773967676623,0.011383773967676623,2
111,single_logit,year_built,0.25904788239824555,0.25904788239824555,4
111,single_logit,property_type,0.5373811337510352,0.5373811337510352,4
111,logit_diff,lot,0.0652290175973832,-0.0652290175973832,12
111,logit_diff,bathrooms,0.18118012370183442,-0.18118012370183442,2
111,logit_diff,bedrooms,0.09382542120273568,-0.09382542120273568,2
111,logit_diff,year_built,0.2013880738468619,0.2013880738468619,4
111,logit_diff,property_type,0.4583773636511848,0.4583773636511848,4
112,single_logit,lot,0.1761307314333996,0.1761307314333996,12
112,single_logit,bathrooms,0.05227774087921999,0.05227774087921999,2
112,single_logit,bedrooms,0.0857760991125066,0.0857760991125066,2
112,single_logit,year_built,0.08304801312002302,0.08304801312002302,4
112,single_logit,property_type,0.6027674154548508,0.6027674154548508,7
112,logit_diff,lot,0.01766325954025872,-0.01766325954025872,12
112,logit_diff,bathrooms,0.11482917199852323,-0.11482917199852323,2
112,logit_diff,bedrooms,0.14332062068988613,-0.14332062068988613,2
112,logit_diff,year_built,0.18694429713588795,0.04074061318556628,4
112,logit_diff,property_type,0.537242650635444,0.537242650635444,7
113,single_logit,lot,0.1231807427713246,0.1231807427713246,12
113,single_logit,bathrooms,0.06003540189125136,0.007817877887558531,2
113,single_logit,bedrooms,0.035364834406455804,0.035364834406455804,2
113,single_logit,year_built,0.15230111167743743,0.11350673649955263,4
113,single_logit,property_type,0.6291179092535308,0.6291179092535308,4
113,logit_diff,lot,0.09252254454975621,-0.09252254454975621,12
113,logit_diff,bathrooms,0.12955745084784767,-0.12955745084784767,2
113,logit_diff,bedrooms,0.15372003049087432,-0.15372003049087432,2
113,logit_diff,year_built,0.1791482690675833,0.07444375728113449,4
113,logit_diff,property_type,0.4450517050439385,0.4450517050439385,4
114,single_logit,lot,0.19643282894155736,0.19643282894155736,12
114,single_logit,bathrooms,0.0951607959139956,0.0951607959139956,2
114,single_logit,bedrooms,0.10018074615716509,0.046489104425874,2
114,single_logit,year_built,0.13296729618286585,0.13296729618286585,4
114,single_logit,property_type,0.4752583328044161,0.4752583328044161,4
114,logit_diff,lot,0.1370462770068529,-0.1370462770068529,12
114,logit_diff,bathrooms,0.05504179930617969,0.05504179930617969,2
114,logit_diff,bedrooms,0.08538742473011453,-0.08538742473011453,2
114,logit_diff,year_built,0.059117475061256045,0.059117475061256045,4
114,logit_diff,property_type,0.6634070238955968,0.6634070238955968,4
115,single_logit,lot,0.2028730592397325,0.2028730592397325,12
115,single_logit,bathrooms,0.15109449144246626,0.15109449144246626,2
115,single_logit,bedrooms,0.11768220664207744,0.11768220664207744,2
115,single_logit,year_built,0.10995746380658931,0.10995746380658931,4
115,single_logit,property_type,0.41839277886913445,0.41839277886913445,10
115,logit_diff,lot,0.1639082250133544,-0.1639082250133544,12
115,logit_diff,bathrooms,0.19043279254663578,-0.19043279254663578,2
115,logit_diff,bedrooms,0.03033322338421413,-0.03033322338421413,2
115,logit_diff,year_built,0.25922663885410796,0.16496240654352326,4
115,logit_diff,property_type,0.3560991202016877,0.3560991202016877,10
116,single_logit,lot,0.34282579834053395,0.34282579834053395,10
116,single_logit,bathrooms,0.16224515689349397,0.16224515689349397,2
116,single_logit,bedrooms,0.08896697872107866,0.08896697872107866,2
116,single_logit,year_built,0.13940551585085148,0.13940551585085148,4
116,single_logit,property_type,0.2665565501940419,0.2665565501940419,10
116,logit_diff,lot,0.15153229053669948,-0.15153229053669948,10
116,logit_diff,bathrooms,0.10376630649026722,0.10376630649026722,2
116,logit_diff,bedrooms,0.11998615426735935,-0.11998615426735935,2
116,logit_diff,year_built,0.19925302541231169,-0.19925302541231169,4
116,logit_diff,property_type,0.42546222329336225,0.3910408551321183,10
117,single_logit,lot,0.3293172690763052,0.3293172690763052,8
117,single_logit,bathrooms,0.07295160021529416,0.07295160021529416,2
117,single_logit,bedrooms,0.07394526559847638,0.03403303937399081,2
117,single_logit,year_built,0.2315240342814557,0.2315240342814557,4
117,single_logit,property_type,0.2922618308284685,0.2922618308284685,4
117,logit_diff,lot,0.0876905617109897,-0.0876905617109897,8
117,logit_diff,bathrooms,0.06888886288916708,-0.06888886288916708,2
117,logit_diff,bedrooms,0.10483087830960208,-0.10483087830960208,2
117,logit_diff,year_built,0.16127107439950392,-0.16127107439950392,4
117,logit_diff,property_type,0.5773186226907372,0.5773186226907372,4
118,single_logit,lot,0.19318818054438178,0.19318818054438178,12
118,single_logit,bathrooms,0.10201534295173897,0.10201534295173897,2
118,single_logit,bedrooms,0.06760540584500163,0.04898355752841435,2
118,single_logit,year_built,0.219413951904137,0.219413951904137,4
118,single_logit,property_type,0.4177771187547406,0.4177771187547406,10
118,logit_diff,lot,0.1821322954667772,-0.1821322954667772,12
118,logit_diff,bathrooms,0.16084740485326626,-0.11949286233348197,2
118,logit_diff,bedrooms,0.13973482261948164,-0.13973482261948164,2
118,logit_diff,year_built,0.225246222053483,0.225246222053483,4
118,logit_diff,property_type,0.2920392550069919,0.2823100545744373,10
119,single_logit,lot,0.15561543730856559,0.15561543730856559,12
119,single_logit,bathrooms,0.1492896102276949,0.1492896102276949,2
119,single_logit,bedrooms,0.10450272715938642,0.10450272715938642,2
119,single_logit,year_built,0.08482939293022833,0.08482939293022833,4
119,single_logit,property_type,0.5057628323741248,0.5057628323741248,7
119,logit_diff,lot,0.04956680795204648,-0.019675032566913022,12
119,logit_diff,bathrooms,0.1820275229806514,-0.1820275229806514,2
119,logit_diff,bedrooms,0.14286866089405748,-0.14286866089405748,2
119,logit_diff,year_built,0.013905411353747765,-0.013905411353747765,4
119,logit_diff,property_type,0.6116315968194969,0.6116315968194969,7
120,single_logit,lot,0.2577875558100513,0.2577875558100513,10
120,single_logit,bathrooms,0.04284998585873279,0.03212275418570753,2
120,single_logit,bedrooms,0.04137646502452603,0.04137646502452603,2
120,single_logit,year_built,0.1308191796608768,0.057143137950538436,4
120,single_logit,property_type,0.5271668136458131,0.5271668136458131,4
120,logit_diff,lot,0.04573735094354361,-0.03837524473617005,10
120,logit_diff,bathrooms,0.20851522016401208,-0.20851522016401208,2
120,logit_diff,bedrooms,0.09471020989134615,-0.09471020989134615,2
120,logit_diff,year_built,0.09996127999620909,-0.09996127999620909,4
120,logit_diff,property_type,0.551075939004889,0.551075939004889,4
121,single_logit,lot,0.2052430756004565,0.2052430756004565,12
121,single_logit,bathrooms,0.1000276757171523,0.1000276757171523,2
121,single_logit,bedrooms,0.09407364740065514,0.09407364740065514,2
121,single_logit,year_built,0.14560907027344724,0.14560907027344724,4
121,single_logit,property_type,0.45504653100828885,0.45504653100828885,9
121,logit_diff,lot,0.10261834273364763,-0.10261834273364763,12
121,logit_diff,bathrooms,0.14804891961569222,-0.14804891961569222,2
121,logit_diff,bedrooms,0.3664577218210204,-0.3664577218210204,2
121,logit_diff,year_built,0.09656160969983886,0.09656160969983886,4
121,logit_diff,property_type,0.2863134061298009,0.2863134061298009,9
122,single_logit,lot,0.261821442092715,0.261821442092715,10
122,single_logit,bathrooms,0.06912287554416834,0.06912287554416834,2
122,single_logit,bedrooms,0.06332764053499748,0.06332764053499748,2
122,single_logit,year_built,0.15588342285537843,0.15588342285537843,4
122,single_logit,property_type,0.44984461897274075,0.44984461897274075,4
122,logit_diff,lot,0.048644423052163266,-0.048644423052163266,10
122,logit_diff,bathrooms,0.14501186648694223,-0.14501186648694223,2
122,logit_diff,bedrooms,0.16297082222562084,-0.16297082222562084,2
122,logit_diff,year_built,0.08597515004748006,0.08597515004748006,4
122,logit_diff,property_type,0.5573977381877936,0.5573977381877936,4
123,single_logit,lot,0.1419254997395373,0.1419254997395373,12
123,single_logit,bathrooms,0.14163249052628996,0.14163249052628996,2
123,single_logit,bedrooms,0.1853802508235821,0.1853802508235821,2
123,single_logit,year_built,0.2052222277274024,0.2052222277274024,4
123,single_logit,property_type,0.32583953118318826,0.32583953118318826,10
123,logit_diff,lot,0.22046197525257438,-0.22046197525257438,12
123,logit_diff,bathrooms,0.19029758237458208,-0.19029758237458208,2
123,logit_diff,bedrooms,0.13963521569079856,-0.13783844570431072,2
123,logit_diff,year_built,0.17802889864852586,0.06419951909969326,4
123,logit_diff,property_type,0.2715763280335191,0.24566064815769975,10
124,single_logit,lot,0.18560847823454724,0.18560847823454724,12
124,single_logit,bathrooms,0.07354187752139227,0.017187052457304713,2
124,single_logit,bedrooms,0.09283346701428531,0.09283346701428531,2
124,single_logit,year_built,0.24891996382041992,0.24891996382041992,4
124,single_logit,property_type,0.39909621340935525,0.39909621340935525,9
124,logit_diff,lot,0.10932688459394285,-0.10932688459394285,12
124,logit_diff,bathrooms,0.33499963876365946,-0.33499963876365946,2
124,logit_diff,bedrooms,0.07682053057240835,-0.07682053057240835,2
124,logit_diff,year_built,0.18797434259620996,0.18797434259620996,4
124,logit_diff,property_type,0.2908786034737794,0.2908786034737794,9
125,single_logit,lot,0.1616609176260319,0.1616609176260319,12
125,single_logit,bathrooms,0.05646173041212342,0.05646173041212342,2
125,single_logit,bedrooms,0.10139585753177165,0.10139585753177165,2
125,single_logit,year_built,0.22172992047260967,0.22172992047260967,4
125,single_logit,property_type,0.45875157395746335,0.45875157395746335,6
125,logit_diff,lot,0.140628955814286,-0.140628955814286,12
125,logit_diff,bathrooms,0.16407555882342958,-0.16407555882342958,2
125,logit_diff,bedrooms,0.1140426415031986,-0.056920039542449036,2
125,logit_diff,year_built,0.09145693186268945,0.09145693186268945,4
125,logit_diff,property_type,0.4897959119963964,0.4897959119963964,6
126,single_logit,lot,0.3394952872531384,0.3394952872531384,10
126,single_logit,bathrooms,0.09268120601569356,0.09268120601569356,2
126,single_logit,bedrooms,0.09293305711899708,0.09293305711899708,2
126,single_logit,year_built,0.08714048174301624,0.002518511033035151,4
126,single_logit,property_type,0.3877499678691547,0.3877499678691547,10
126,logit_diff,lot,0.09044986655319653,-0.09044986655319653,10
126,logit_diff,bathrooms,0.13781318498087602,-0.11609171115375551,2
126,logit_diff,bedrooms,0.19493053196151677,-0.19493053196151677,2
126,logit_diff,year_built,0.22799106531238025,0.08055515487959332,4
126,logit_diff,property_type,0.3488153511920304,0.34451607493934555,10
127,single_logit,lot,0.144837126287695,0.144837126287695,12
127,single_logit,bathrooms,0.1628044949457959,0.1628044949457959,2
127,single_logit,bedrooms,0.05531838626182049,-0.030961331193636664,2
127,single_logit,year_built,0.10918261998225688,0.06919342509419388,4
127,single_logit,property_type,0.5278573725224317,0.5278573725224317,4
127,logit_diff,lot,0.0832792644621165,-0.0832792644621165,12
127,logit_diff,bathrooms,0.1043752738909152,-0.0056115738651029675,2
127,logit_diff,bedrooms,0.15067075827801468,-0.15067075827801468,2
127,logit_diff,year_built,0.11679088106745551,0.03128452429794904,4
127,logit_diff,property_type,0.5448838223014981,0.5448838223014981,4
128,single_logit,lot,0.24341898487424976,0.24341898487424976,10
128,single_logit,bathrooms,0.1509366162265244,0.1509366162265244,2
128,single_logit,bedrooms,0.10331970753601373,0.10331970753601373,2
128,single_logit,year_built,0.21275998470323698,0.21275998470323698,4
128,single_logit,property_type,0.28956470665997514,0.28956470665997514,10
128,logit_diff,lot,0.08820503106763045,-0.08820503106763045,10
128,logit_diff,bathrooms,0.25525071248800657,-0.25525071248800657,2
128,logit_diff,bedrooms,0.12804039805292686,-0.12804039805292686,2
128,logit_diff,year_built,0.2632921475359011,-0.2632921475359011,4
128,logit_diff,property_type,0.2652117108555351,0.26193288052545727,10
129,single_logit,lot,0.18591091777115623,0.18591091777115623,12
129,single_logit,bathrooms,0.055982488017331834,0.05433828420062195,2
129,single_logit,bedrooms,0.07367093875516241,0.07367093875516241,2
129,single_logit,year_built,0.1682192880700806,0.1682192880700806,4
129,single_logit,property_type,0.516216367386269,0.516216367386269,10
129,logit_diff,lot,0.19147722156247374,-0.19147722156247374,12
129,logit_diff,bathrooms,0.19690873947362922,-0.19690873947362922,2
129,logit_diff,bedrooms,0.17315404607750845,-0.17315404607750845,2
129,logit_diff,year_built,0.2060866891948577,0.032540003557082794,4
129,logit_diff,property_type,0.2323733036915309,0.2190836818746973,10
130,single_logit,lot,0.17847930584857383,0.17847930584857383,12
130,single_logit,bathrooms,0.11726652815436689,0.07627606606076837,2
130,single_logit,bedrooms,0.062066743505126615,0.062066743505126615,2
130,single_logit,year_built,0.20645775914024458,0.20645775914024458,4
130,single_logit,property_type,0.4357296633516881,0.4357296633516881,9
130,logit_diff,lot,0.12784927093824144,-0.12784927093824144,12
130,logit_diff,bathrooms,0.1787772222115091,-0.1787772222115091,2
130,logit_diff,bedrooms,0.29350137742377275,-0.29350137742377275,2
130,logit_diff,year_built,0.08763598537286733,-0.054002486724055776,4
130,logit_diff,property_type,0.3122361440536094,0.18322785418188958,9
131,single_logit,lot,0.28600972250840895,0.28600972250840895,12
131,single_logit,bathrooms,0.1993207949959915,0.1993207949959915,2
131,single_logit,bedrooms,0.051248632624278756,0.030157137609232623,2
131,single_logit,year_built,0.15763117327034476,0.15763117327034476,4
131,single_logit,property_type,0.30578967660097606,0.30578967660097606,10
131,logit_diff,lot,0.030174792994457605,0.02429457661784045,12
131,logit_diff,bathrooms,0.21305603484948424,-0.08248591440961683,2
131,logit_diff,bedrooms,0.3549630819143701,-0.3549630819143701,2
131,logit_diff,year_built,0.12319134492099766,0.12319134492099766,4
131,logit_diff,property_type,0.2786147453206904,0.2786147453206904,10
132,single_logit,lot,0.2499502087642314,0.2499502087642314,8
132,single_logit,bathrooms,0.04428459288159338,0.04428459288159338,2
132,single_logit,bedrooms,0.12043534783671427,0.12043534783671427,2
132,single_logit,year_built,0.2662933323276766,0.2662933323276766,4
132,single_logit,property_type,0.3190365181897844,0.3190365181897844,10
132,logit_diff,lot,0.16699488035824306,-0.16699488035824306,8
132,logit_diff,bathrooms,0.19961304036626742,-0.19961304036626742,2
132,logit_diff,bedrooms,0.10601363841762279,-0.10601363841762279,2
132,logit_diff,year_built,0.2280377008527769,0.2280377008527769,4
132,logit_diff,property_type,0.29934074000508987,0.29910427834866554,10
133,single_logit,lot,0.1833698046843097,0.1833698046843097,12
133,single_logit,bathrooms,0.04338311525340687,0.0012554599269474658,2
133,single_logit,bedrooms,0.05823939105561855,0.05823939105561855,2
133,single_logit,year_built,0.22249539816457864,0.22249539816457864,4
133,single_logit,property_type,0.49251229084208625,0.49251229084208625,6
133,logit_diff,lot,0.09190024354426543,-0.0686392787594454,12
133,logit_diff,bathrooms,0.22746711200663944,-0.22746711200663944,2
133,logit_diff,bedrooms,0.14889408751223246,-0.14889408751223246,2
133,logit_diff,year_built,0.11609085885719374,0.11609085885719374,4
133,logit_diff,property_type,0.41564769807966895,0.41564769807966895,6
134,single_logit,lot,0.41818631080826524,0.41818631080826524,10
134,single_logit,bathrooms,0.12104917285613329,0.12104917285613329,2
134,single_logit,bedrooms,0.04852817935716499,0.04852817935716499,2
134,single_logit,year_built,0.03577822912854338,-0.03577822912854338,4
134,single_logit,property_type,0.3764581078498931,0.3764581078498931,10
134,logit_diff,lot,0.05316684149297502,-0.05316684149297502,10
134,logit_diff,bathrooms,0.24628592188984685,-0.24628592188984685,2
134,logit_diff,bedrooms,0.21972126121068603,-0.21972126121068603,2
134,logit_diff,year_built,0.12331180412720623,-0.12331180412720623,4
134,logit_diff,property_type,0.35751417127928586,0.3453011810941632,10
135,single_logit,lot,0.30922369243086995,0.30922369243086995,10
135,single_logit,bathrooms,0.12184266552782679,0.12184266552782679,2
135,single_logit,bedrooms,0.06890331855957064,0.06890331855957064,2
135,single_logit,year_built,0.19089271176746467,0.19089271176746467,4
135,single_logit,property_type,0.309137611714268,0.309137611714268,10
135,logit_diff,lot,0.21021901875721963,-0.21021901875721963,10
135,logit_diff,bathrooms,0.2058570478470707,-0.2058570478470707,2
135,logit_diff,bedrooms,0.049770501441506965,-0.049770501441506965,2
135,logit_diff,year_built,0.180646073949344,-0.180646073949344,4
135,logit_diff,property_type,0.3535073580048587,0.314342402410377,10
136,single_logit,lot,0.08889851214388815,0.08889851214388815,12
136,single_logit,bathrooms,0.07349335719900574,0.07349335719900574,2
136,single_logit,bedrooms,0.12702398588547875,0.12702398588547875,2
136,single_logit,year_built,0.2360560858822736,0.2360560858822736,4
136,single_logit,property_type,0.47452805888935373,0.47452805888935373,6
136,logit_diff,lot,0.14740461905853067,-0.14740461905853067,12
136,logit_diff,bathrooms,0.1118444766548408,-0.1118444766548408,2
136,logit_diff,bedrooms,0.0861533829407431,-0.045357475334437174,2
136,logit_diff,year_built,0.2474919452872533,0.2474919452872533,4
136,logit_diff,property_type,0.4071055760586321,0.4071055760586321,6
137,single_logit,lot,0.15178017113396497,0.15178017113396497,12
137,single_logit,bathrooms,0.0664021378249251,0.0664021378249251,2
137,single_logit,bedrooms,0.12740572785920587,0.047939104380921534,2
137,single_logit,year_built,0.2423947957999298,0.2423947957999298,4
137,single_logit,property_type,0.41201716738197425,0.41201716738197425,6
137,logit_diff,lot,0.1861809938097137,-0.1861809938097137,12
137,logit_diff,bathrooms,0.1304136678435629,-0.1304136678435629,2
137,logit_diff,bedrooms,0.11731136009292456,-0.11731136009292456,2
137,logit_diff,year_built,0.21020824556910736,0.21020824556910736,4
137,logit_diff,property_type,0.3558857326846915,0.3558857326846915,6
138,single_logit,lot,0.16609286438972298,0.16609286438972298,12
138,single_logit,bathrooms,0.09081983934867131,0.09081983934867131,2
138,single_logit,bedrooms,0.028817833639482242,0.028817833639482242,2
138,single_logit,year_built,0.2999277561706995,0.2999277561706995,4
138,single_logit,property_type,0.414341706451424,0.414341706451424,10
138,logit_diff,lot,0.12346053044560977,-0.12346053044560977,12
138,logit_diff,bathrooms,0.11894832411990208,-0.055818329009789135,2
138,logit_diff,bedrooms,0.2575133133870144,-0.2575133133870144,2
138,logit_diff,year_built,0.2339287318804821,0.2339287318804821,4
138,logit_diff,property_type,0.2661491001669916,0.2661491001669916,10
139,single_logit,lot,0.1771999552171966,0.1771999552171966,12
139,single_logit,bathrooms,0.05832960143304971,0.05832960143304971,2
139,single_logit,bedrooms,0.07750223914017018,0.07750223914017018,2
139,single_logit,year_built,0.27586206896551724,0.27586206896551724,4
139,single_logit,property_type,0.41110613524406625,0.41110613524406625,6
139,logit_diff,lot,0.10983242055428155,-0.10983242055428155,12
139,logit_diff,bathrooms,0.16093065401374637,-0.16093065401374637,2
139,logit_diff,bedrooms,0.06482411873339891,-0.06482411873339891,2
139,logit_diff,year_built,0.26014370704840883,0.26014370704840883,4
139,logit_diff,property_type,0.40426909965016433,0.40426909965016433,6
140,single_logit,lot,0.12943281048245267,0.12943281048245267,12
140,single_logit,bathrooms,0.27730513665860707,0.27730513665860707,2
140,single_logit,bedrooms,0.09449267499154589,0.09449267499154589,2
140,single_logit,year_built,0.15004866983582163,0.15004866983582163,4
140,single_logit,property_type,0.3487207080315728,0.3487207080315728,10
140,logit_diff,lot,0.20189793921631452,-0.20189793921631452,12
140,logit_diff,bathrooms,0.19529642149585852,-0.06280457607576066,2
140,logit_diff,bedrooms,0.14238571699367658,-0.14238571699367658,2
140,logit_diff,year_built,0.2166972958778386,0.050437236608787246,4
140,logit_diff,property_type,0.2437226264163118,0.21178262796682393,10
141,single_logit,lot,0.27912524369422276,0.27912524369422276,8
141,single_logit,bathrooms,0.27046728745625614,0.27046728745625614,2
141,single_logit,bedrooms,0.04606274899192328,0.04606274899192328,2
141,single_logit,year_built,0.1387210442827216,0.11082183984597314,4
141,single_logit,property_type,0.2656236755748762,0.2656236755748762,10
141,logit_diff,lot,0.16707305162283512,-0.16707305162283512,8
141,logit_diff,bathrooms,0.2119334254704031,0.10143822073797071,2
141,logit_diff,bedrooms,0.100306097738663,-0.100306097738663,2
141,logit_diff,year_built,0.19450580704981005,-0.19450580704981005,4
141,logit_diff,property_type,0.3261816181182888,0.3048637416958281,10
142,single_logit,lot,0.18603681816651557,0.18603681816651557,12
142,single_logit,bathrooms,0.1270747310609785,0.1270747310609785,2
142,single_logit,bedrooms,0.1220659056424164,0.1220659056424164,2
142,single_logit,year_built,0.06546756206609536,-0.025964256624120878,4
142,single_logit,property_type,0.4993549830639942,0.4993549830639942,10
142,logit_diff,lot,0.2188344151007027,-0.2188344151007027,12
142,logit_diff,bathrooms,0.15888603105010407,-0.15888603105010407,2
142,logit_diff,bedrooms,0.16947843312011102,-0.16947843312011102,2
142,logit_diff,year_built,0.17032101055749793,-0.17032101055749793,4
142,logit_diff,property_type,0.28248011017158425,0.2624989880849803,10
143,single_logit,lot,0.1354000345623528,0.1354000345623528,12
143,single_logit,bathrooms,0.07417674057824017,0.07417674057824017,2
143,single_logit,bedrooms,0.109475605772994,0.07242232381905758,2
143,single_logit,year_built,0.1764241493034019,0.1764241493034019,4
143,single_logit,property_type,0.5045234697830111,0.5045234697830111,6
143,logit_diff,lot,0.15335667749402765,-0.15335667749402765,12
143,logit_diff,bathrooms,0.1790523720518081,-0.1790523720518081,2
143,logit_diff,bedrooms,0.08042332604498784,-0.08042332604498784,2
143,logit_diff,year_built,0.2108240047036467,0.05351244386839576,4
143,logit_diff,property_type,0.3763436197055297,0.3763436197055297,6
144,single_logit,lot,0.1935634633569968,0.1935634633569968,12
144,single_logit,bathrooms,0.010342682591848016,0.010342682591848016,2
144,single_logit,bedrooms,0.03229648998020465,0.01063540002369277,2
144,single_logit,year_built,0.2642262684785323,0.2642262684785323,4
144,single_logit,property_type,0.49957109559241825,0.49957109559241825,10
144,logit_diff,lot,0.18104490472800622,-0.18104490472800622,12
144,logit_diff,bathrooms,0.20292076362451622,-0.20292076362451622,2
144,logit_diff,bedrooms,0.20292076362451622,-0.20292076362451622,2
144,logit_diff,year_built,0.1517950670720296,0.1517950670720296,4
144,logit_diff,property_type,0.26131850095093173,0.26131850095093173,10
145,single_logit,lot,0.20390824531567636,0.20390824531567636,12
145,single_logit,bathrooms,0.257664416074299,0.257664416074299,2
145,single_logit,bedrooms,0.10123979812683088,0.10123979812683088,2
145,single_logit,year_built,0.1524176319494623,0.09185634990365267,4
145,single_logit,property_type,0.2847699085337314,0.2847699085337314,10
145,logit_diff,lot,0.07196385320555623,-0.07196385320555623,12
145,logit_diff,bathrooms,0.2388114353646022,0.11064319513606433,2
145,logit_diff,bedrooms,0.1789777926048511,-0.1789777926048511,2
145,logit_diff,year_built,0.14209672755949632,0.1163322955951882,4
145,logit_diff,property_type,0.36815019126549414,0.36815019126549414,10
146,single_logit,lot,0.18461996956714602,0.18461996956714602,12
146,single_logit,bathrooms,0.1246127966493345,0.1246127966493345,2
146,single_logit,bedrooms,0.07913367378461389,0.05548452989495916,2
146,single_logit,year_built,0.2487708020700218,0.2487708020700218,4
146,single_logit,property_type,0.3628627579288838,0.3628627579288838,10
146,logit_diff,lot,0.20041712184212593,-0.20041712184212593,12
146,logit_diff,bathrooms,0.2005928749451737,-0.13310368337483489,2
146,logit_diff,bedrooms,0.10428017447500268,-0.10428017447500268,2
146,logit_diff,year_built,0.19824950023787027,0.19824950023787027,4
146,logit_diff,property_type,0.2964603284998274,0.2964603284998274,10
147,single_logit,lot,0.15440552168270924,0.15440552168270924,12
147,single_logit,bathrooms,0.145025421126949,0.145025421126949,2
147,single_logit,bedrooms,0.10892299093517667,-0.10892299093517667,2
147,single_logit,year_built,0.0765847288525465,0.0765847288525465,4
147,single_logit,property_type,0.5150613374026186,0.5150613374026186,4
147,logit_diff,lot,0.05273264024763471,-0.02871011496175611,12
147,logit_diff,bathrooms,0.1721945200932675,-0.10522263141748475,2
147,logit_diff,bedrooms,0.23029858951751378,-0.23029858951751378,2
147,logit_diff,year_built,0.021705269812150377,0.021705269812150377,4
147,logit_diff,property_type,0.5230689803294336,0.5230689803294336,4
148,single_logit,lot,0.3711487456914448,0.3711487456914448,10
148,single_logit,bathrooms,0.04359271863383817,0.03185491268262572,2
148,single_logit,bedrooms,0.11561399618997704,0.11561399618997704,2
148,single_logit,year_built,0.06884935600573897,-0.0008989938084021103,4
148,single_logit,property_type,0.400795183479001,0.400795183479001,10
148,logit_diff,lot,0.08222785447460267,-0.08222785447460267,10
148,logit_diff,bathrooms,0.3441601775062592,-0.3441601775062592,2
148,logit_diff,bedrooms,0.10044674948147797,-0.10044674948147797,2
148,logit_diff,year_built,0.17920840638316476,0.053099713433560194,4
148,logit_diff,property_type,0.2939568121544954,0.28941469803125963,10
149,single_logit,lot,0.2776197938229814,0.2776197938229814,10
149,single_logit,bathrooms,0.06523555346948887,0.06523555346948887,2
149,single_logit,bedrooms,0.06391766350040828,0.06391766350040828,2
149,single_logit,year_built,0.14288515977272787,0.14288515977272787,4
149,single_logit,property_type,0.45034182943439355,0.45034182943439355,4
149,logit_diff,lot,0.042906722491238024,-0.042906722491238024,10
149,logit_diff,bathrooms,0.12217507477657719,-0.02867374203940077,2
149,logit_diff,bedrooms,0.032754685624492116,-0.032754685624492116,2
149,logit_diff,year_built,0.10425398600195171,-0.09957891936509289,4
149,logit_diff,property_type,0.6979095311057409,0.6979095311057409,4
150,single_logit,lot,0.08251841794052579,0.08251841794052579,12
150,single_logit,bathrooms,0.19973750655273728,0.19973750655273728,2
150,single_logit,bedrooms,0.07665404763783264,-0.007465121028862561,2
150,single_logit,year_built,0.28768027379519134,0.28768027379519134,4
150,single_logit,property_type,0.35340975407371295,0.35340975407371295,4
150,logit_diff,lot,0.1058903213818842,-0.1058903213818842,12
150,logit_diff,bathrooms,0.18383055012017743,-0.0865386155161838,2
150,logit_diff,bedrooms,0.1625799433514104,-0.1625799433514104,2
150,logit_diff,year_built,0.13484854159668658,0.13484854159668658,4
150,logit_diff,property_type,0.4128506435498414,0.4128506435498414,4
151,single_logit,lot,0.12182528962770198,0.12182528962770198,12
151,single_logit,bathrooms,0.14912091237569117,0.14912091237569117,2
151,single_logit,bedrooms,0.05149003334451133,0.05149003334451133,2
151,single_logit,year_built,0.16054126393967458,0.07442918777906417,4
151,single_logit,property_type,0.517022500712421,0.517022500712421,6
151,logit_diff,lot,0.14611267413685852,-0.14611267413685852,12
151,logit_diff,bathrooms,0.22236657827487555,-0.22236657827487555,2
151,logit_diff,bedrooms,0.08969899943193288,-0.08969899943193288,2
151,logit_diff,year_built,0.15816972331097998,0.03193907173388896,4
151,logit_diff,property_type,0.38365202484535305,0.38365202484535305,6
152,single_logit,lot,0.1405708010693585,0.1405708010693585,12
152,single_logit,bathrooms,0.06539081254064988,0.06539081254064988,2
152,single_logit,bedrooms,0.11769353481822939,0.11769353481822939,2
152,single_logit,year_built,0.11800791372467483,0.04149801565079704,4
152,single_logit,property_type,0.5583369378470874,0.5583369378470874,4
152,logit_diff,lot,0.09851224259916966,-0.09851224259916966,12
152,logit_diff,bathrooms,0.14581857406807477,-0.14581857406807477,2
152,logit_diff,bedrooms,0.08945017724835005,-0.07141229026603814,2
152,logit_diff,year_built,0.09580779315195179,0.015228707862115795,4
152,logit_diff,property_type,0.5704112129324537,0.5704112129324537,4
153,single_logit,lot,0.20598004758437755,0.20598004758437755,12
153,single_logit,bathrooms,0.1591317781652419,0.1591317781652419,2
153,single_logit,bedrooms,0.06723877950644025,0.06723877950644025,2
153,single_logit,year_built,0.1345475994081997,0.1345475994081997,4
153,single_logit,property_type,0.43310179533574056,0.43310179533574056,7
153,logit_diff,lot,0.048930367019517126,0.026528512342510278,12
153,logit_diff,bathrooms,0.09427690079067325,-0.05141102910873266,2
153,logit_diff,bedrooms,0.21713104936930686,-0.21713104936930686,2
153,logit_diff,year_built,0.1681931144582168,0.1681931144582168,4
153,logit_diff,property_type,0.47146856836228596,0.14759309343206822,7
154,single_logit,lot,0.18591396932166418,0.18591396932166418,12
154,single_logit,bathrooms,0.10299671440768418,0.058972975906571176,2
154,single_logit,bedrooms,0.09087252974026536,0.09087252974026536,2
154,single_logit,year_built,0.07451076596578753,0.07451076596578753,4
154,single_logit,property_type,0.5457060205645987,0.5457060205645987,10
154,logit_diff,lot,0.20490572777567026,-0.20490572777567026,12
154,logit_diff,bathrooms,0.21847481707936825,-0.21847481707936825,2
154,logit_diff,bedrooms,0.16245563321286358,-0.16245563321286358,2
154,logit_diff,year_built,0.20173908589924996,0.041150758815269896,4
154,logit_diff,property_type,0.21242473603284795,0.2054596843145767,10
155,single_logit,lot,0.39434517307414785,0.39434517307414785,8
155,single_logit,bathrooms,0.1341824192558914,0.1341824192558914,2
155,single_logit,bedrooms,0.11095853900006403,0.11095853900006403,2
155,single_logit,year_built,0.10132800135429436,0.10132800135429436,4
155,single_logit,property_type,0.2591858673156024,0.2591858673156024,10
155,logit_diff,lot,0.10783104348098234,-0.08909521215115947,8
155,logit_diff,bathrooms,0.22349646483119667,-0.22349646483119667,2
155,logit_diff,bedrooms,0.1421522861038518,-0.1421522861038518,2
155,logit_diff,year_built,0.14273569722177334,0.14273569722177334,4
155,logit_diff,property_type,0.38378450836219585,0.3666622263095637,10
156,single_logit,lot,0.22353959273815754,0.22353959273815754,12
156,single_logit,bathrooms,0.10902415376661306,0.10902415376661306,2
156,single_logit,bedrooms,0.1444570037407623,0.07359130379246381,2
156,single_logit,year_built,0.09804157357100571,0.09804157357100571,4
156,single_logit,property_type,0.4249376761834614,0.4249376761834614,10
156,logit_diff,lot,0.1923317447359069,-0.1923317447359069,12
156,logit_diff,bathrooms,0.13629888085697597,-0.1305197278030255,2
156,logit_diff,bedrooms,0.2534776782270014,-0.2534776782270014,2
156,logit_diff,year_built,0.10322688682560026,-0.023411320269548085,4
156,logit_diff,property_type,0.31466480935451546,0.31466480935451546,10
157,single_logit,lot,0.23899594314222322,0.23899594314222322,9
157,single_logit,bathrooms,0.1067424855067472,0.1067424855067472,2
157,single_logit,bedrooms,0.10867011504185776,0.10867011504185776,2
157,single_logit,year_built,0.14240363190629254,0.14240363190629254,4
157,single_logit,property_type,0.40318782440287926,0.40318782440287926,9
157,logit_diff,lot,0.1743759420957484,-0.1743759420957484,9
157,logit_diff,bathrooms,0.24979823803412027,-0.24979823803412027,2
157,logit_diff,bedrooms,0.12574493697880096,-0.12574493697880096,2
157,logit_diff,year_built,0.10075806469237442,0.10075806469237442,4
157,logit_diff,property_type,0.349322818198956,0.27432695892460385,9
158,single_logit,lot,0.20467081983413676,0.20467081983413676,12
158,single_logit,bathrooms,0.02871874618559194,-0.02871874618559194,2
158,single_logit,bedrooms,0.10088525887770317,-0.05197808715570502,2
158,single_logit,year_built,0.2050120396020969,0.2050120396020969,4
158,single_logit,property_type,0.4607131355004712,0.4607131355004712,6
158,logit_diff,lot,0.09894592483206245,-0.09894592483206245,12
158,logit_diff,bathrooms,0.1863266642561927,-0.1863266642561927,2
158,logit_diff,bedrooms,0.18069835484304858,-0.18069835484304858,2
158,logit_diff,year_built,0.15374171502220035,0.15374171502220035,4
158,logit_diff,property_type,0.3802873410464959,0.3802873410464959,6
159,single_logit,lot,0.2583753390533491,0.2583753390533491,12
159,single_logit,bathrooms,0.12444321080144792,0.12444321080144792,2
159,single_logit,bedrooms,0.12774600775868553,0.12579249649099342,2
159,single_logit,year_built,0.1404710892954428,0.1404710892954428,4
159,single_logit,property_type,0.34896435309107465,0.34896435309107465,10
159,logit_diff,lot,0.23080407039232173,-0.23080407039232173,12
159,logit_diff,bathrooms,0.2093796315788103,-0.2093796315788103,2
159,logit_diff,bedrooms,0.1463098065834469,-0.1463098065834469,2
159,logit_diff,year_built,0.11305342301705117,-0.10729487377834407,4
159,logit_diff,property_type,0.3004530684283699,0.2738174926888327,10
160,single_logit,lot,0.39335250121656673,0.39335250121656673,8
160,single_logit,bathrooms,0.1371204703036064,0.1371204703036064,2
160,single_logit,bedrooms,0.10026012882414231,0.10026012882414231,2
160,single_logit,year_built,0.07651153738523045,0.07651153738523045,4
160,single_logit,property_type,0.29275536227045407,0.29275536227045407,10
160,logit_diff,lot,0.11840432404311817,-0.11348329712138475,8
160,logit_diff,bathrooms,0.20264536503343308,-0.20264536503343308,2
160,logit_diff,bedrooms,0.16100590646491944,-0.16100590646491944,2
160,logit_diff,year_built,0.15166857333137396,-0.1080102319231748,4
160,logit_diff,property_type,0.36627583112715534,0.3425034864600011,10
161,single_logit,lot,0.14724669611034918,0.14724669611034918,12
161,single_logit,bathrooms,0.02486984423810748,-0.01934321218519471,2
161,single_logit,bedrooms,0.039737685902193474,0.039737685902193474,2
161,single_logit,year_built,0.3066079347615956,0.3066079347615956,4
161,single_logit,property_type,0.4815378389877542,0.4815378389877542,6
161,logit_diff,lot,0.11192611181375152,-0.11192611181375152,12
161,logit_diff,bathrooms,0.14487514882534136,-0.14487514882534136,2
161,logit_diff,bedrooms,0.1109024879573834,-0.1109024879573834,2
161,logit_diff,year_built,0.29576921432305336,0.29576921432305336,4
161,logit_diff,property_type,0.3365270370804703,0.3365270370804703,6
162,single_logit,lot,0.29849685419238653,0.29849685419238653,8
162,single_logit,bathrooms,0.1644044635827258,0.1644044635827258,2
162,single_logit,bedrooms,0.0993183129314823,0.0993183129314823,2
162,single_logit,year_built,0.11847537414176396,0.08244151910993365,4
162,single_logit,property_type,0.3193049951516414,0.3193049951516414,10
162,logit_diff,lot,0.17341718239272066,-0.17341718239272066,8
162,logit_diff,bathrooms,0.2527867615230444,-0.2527867615230444,2
162,logit_diff,bedrooms,0.09628990018863111,-0.09628990018863111,2
162,logit_diff,year_built,0.1798992246564896,-0.1798992246564896,4
162,logit_diff,property_type,0.2976069312391142,0.27617366607689847,10
163,single_logit,lot,0.23464899538632317,0.23464899538632317,12
163,single_logit,bathrooms,0.03644528639857186,0.03644528639857186,2
163,single_logit,bedrooms,0.039642241345815,0.039642241345815,2
163,single_logit,year_built,0.2730199524945646,0.2730199524945646,4
163,single_logit,property_type,0.41624352437472534,0.41624352437472534,10
163,logit_diff,lot,0.10933980795056197,-0.08636036312624111,12
163,logit_diff,bathrooms,0.2558135021712756,-0.2558135021712756,2
163,logit_diff,bedrooms,0.23927802864689654,-0.23927802864689654,2
163,logit_diff,year_built,0.06942467192956196,0.05799574169947645,4
163,logit_diff,property_type,0.3261439893017039,0.3261439893017039,10
164,single_logit,lot,0.1953126846961597,0.1953126846961597,12
164,single_logit,bathrooms,0.12529165375353465,0.12529165375353465,2
164,single_logit,bedrooms,0.10058939164582177,0.10058939164582177,2
164,single_logit,year_built,0.19060799545275742,0.19060799545275742,4
164,single_logit,property_type,0.38819827445172644,0.38819827445172644,9
164,logit_diff,lot,0.11739112457358082,-0.11739112457358082,12
164,logit_diff,bathrooms,0.13938432185495334,-0.13938432185495334,2
164,logit_diff,bedrooms,0.2704316375428814,-0.2704316375428814,2
164,logit_diff,year_built,0.1439761885328852,0.1439761885328852,4
164,logit_diff,property_type,0.3288167274956992,0.3288167274956992,9
165,single_logit,lot,0.2430129150159536,0.2430129150159536,12
165,single_logit,bathrooms,0.18779415556251444,0.18779415556251444,2
165,single_logit,bedrooms,0.12713292461967252,0.12713292461967252,2
165,single_logit,year_built,0.12364664697927931,0.12364664697927931,4
165,single_logit,property_type,0.3184133578225802,0.3184133578225802,10
165,logit_diff,lot,0.09953532764623312,-0.09953532764623312,12
165,logit_diff,bathrooms,0.1645600250451849,-0.1645600250451849,2
165,logit_diff,bedrooms,0.14978598964748185,-0.14978598964748185,2
165,logit_diff,year_built,0.28731947397715707,0.1952232513970523,4
165,logit_diff,property_type,0.29879918368394304,0.29079847511054546,10
166,single_logit,lot,0.20297464449659586,0.20297464449659586,12
166,single_logit,bathrooms,0.08129042327072585,0.08129042327072585,2
166,single_logit,bedrooms,0.018520807776113826,0.018520807776113826,2
166,single_logit,year_built,0.28771153030032026,0.28771153030032026,4
166,single_logit,property_type,0.4095025941562442,0.4095025941562442,10
166,logit_diff,lot,0.13198399097760674,-0.13198399097760674,12
166,logit_diff,bathrooms,0.12184597472194059,-0.05807611879270065,2
166,logit_diff,bedrooms,0.23913695973464974,-0.23913695973464974,2
166,logit_diff,year_built,0.2690705965347682,0.2690705965347682,4
166,logit_diff,property_type,0.2379624780310347,0.2379624780310347,10
167,single_logit,lot,0.33712478455902933,0.33712478455902933,8
167,single_logit,bathrooms,0.10336027623449151,0.10336027623449151,2
167,single_logit,bedrooms,0.049951480152420416,0.049951480152420416,2
167,single_logit,year_built,0.25844559079310736,0.25844559079310736,4
167,single_logit,property_type,0.2511178682609514,0.2511178682609514,10
167,logit_diff,lot,0.14970991477620255,-0.14970991477620255,8
167,logit_diff,bathrooms,0.21734673761124843,-0.21734673761124843,2
167,logit_diff,bedrooms,0.1428560829935751,-0.1428560829935751,2
167,logit_diff,year_built,0.2081588982485911,0.2081588982485911,4
167,logit_diff,property_type,0.2819283663703828,0.26195222560597153,10
168,single_logit,lot,0.18911368334290007,0.18911368334290007,12
168,single_logit,bathrooms,0.10609077777671952,0.10609077777671952,2
168,single_logit,bedrooms,0.07982558522034722,0.07982558522034722,2
168,single_logit,year_built,0.32477425599729975,0.32477425599729975,4
168,single_logit,property_type,0.30019569766273346,0.30019569766273346,10
168,logit_diff,lot,0.17618153144291973,-0.17618153144291973,12
168,logit_diff,bathrooms,0.2286679893395394,-0.2286679893395394,2
168,logit_diff,bedrooms,0.0705748928591694,-0.0705748928591694,2
168,logit_diff,year_built,0.2017187863952063,-0.2017187863952063,4
168,logit_diff,property_type,0.32285679996316513,0.26538295689658625,10
169,single_logit,lot,0.3222124508554318,0.3222124508554318,10
169,single_logit,bathrooms,0.12942061552930914,0.12942061552930914,2
169,single_logit,bedrooms,0.07100761959410082,0.07100761959410082,2
169,single_logit,year_built,0.17500148143274713,0.17500148143274713,4
169,single_logit,property_type,0.3023578325884111,0.3023578325884111,10
169,logit_diff,lot,0.15634315239707008,-0.15634315239707008,10
169,logit_diff,bathrooms,0.2353622689457613,-0.2353622689457613,2
169,logit_diff,bedrooms,0.07169976404970212,-0.07169976404970212,2
169,logit_diff,year_built,0.08307820486628528,0.08307820486628528,4
169,logit_diff,property_type,0.45351660974118124,0.4162639062457925,10
170,single_logit,lot,0.16566450774662578,0.16566450774662578,12
170,single_logit,bathrooms,0.08715779196353139,0.08715779196353139,2
170,single_logit,bedrooms,0.07814146865695917,0.07814146865695917,2
170,single_logit,year_built,0.34374732606306563,0.34374732606306563,4
170,single_logit,property_type,0.32528890556981804,0.32528890556981804,10
170,logit_diff,lot,0.2189762167232301,-0.2189762167232301,12
170,logit_diff,bathrooms,0.14285182396282836,-0.14285182396282836,2
170,logit_diff,bedrooms,0.058561712310307934,-0.058561712310307934,2
170,logit_diff,year_built,0.2964955811225471,0.2964955811225471,4
170,logit_diff,property_type,0.28311466588108647,0.2761927572776509,10
171,single_logit,lot,0.20778467930096542,0.20778467930096542,12
171,single_logit,bathrooms,0.12413982491106383,0.12413982491106383,2
171,single_logit,bedrooms,0.023253330034963285,0.023253330034963285,2
171,single_logit,year_built,0.1874456427030997,0.1874456427030997,4
171,single_logit,property_type,0.4573765230499078,0.4573765230499078,10
171,logit_diff,lot,0.16446875876094078,-0.16446875876094078,12
171,logit_diff,bathrooms,0.09287153161588735,-0.020591425561893577,2
171,logit_diff,bedrooms,0.22356404895770168,-0.22356404895770168,2
171,logit_diff,year_built,0.25003873896585055,0.06639684160773847,4
171,logit_diff,property_type,0.26905692169961964,0.2684843540190848,10
172,single_logit,lot,0.24448402762607338,0.24448402762607338,12
172,single_logit,bathrooms,0.21816627977040687,0.21816627977040687,2
172,single_logit,bedrooms,0.14626359038128686,0.14626359038128686,2
172,single_logit,year_built,0.04785830714681813,0.0381790989598212,4
172,single_logit,property_type,0.3432277950754148,0.3432277950754148,10
172,logit_diff,lot,0.1941159966640672,-0.1941159966640672,12
172,logit_diff,bathrooms,0.10499300129884835,0.10499300129884835,2
172,logit_diff,bedrooms,0.17379973548337666,-0.17379973548337666,2
172,logit_diff,year_built,0.1994867024678119,-0.1994867024678119,4
172,logit_diff,property_type,0.3276045640858959,0.28423387102210296,10
173,single_logit,lot,0.41982811258647024,0.41982811258647024,8
173,single_logit,bathrooms,0.11123497172883494,0.11123497172883494,2
173,single_logit,bedrooms,0.02292423312838328,-0.02292423312838328,2
173,single_logit,year_built,0.0802797654260638,0.0802797654260638,4
173,single_logit,property_type,0.36573291713024775,0.36573291713024775,10
173,logit_diff,lot,0.028837186597916706,-0.022216183378176567,8
173,logit_diff,bathrooms,0.23321742684457802,-0.23321742684457802,2
173,logit_diff,bedrooms,0.2357867713776115,-0.2357867713776115,2
173,logit_diff,year_built,0.18123761052243903,0.04407414083588212,4
173,logit_diff,property_type,0.3209210046574547,0.3148731628350738,10
174,single_logit,lot,0.19247075520966964,0.19247075520966964,12
174,single_logit,bathrooms,0.12072299275907643,0.12072299275907643,2
174,single_logit,bedrooms,0.02383083829835729,0.02383083829835729,2
174,single_logit,year_built,0.26363331772696824,0.26363331772696824,4
174,single_logit,property_type,0.3993420960059284,0.3993420960059284,10
174,logit_diff,lot,0.1372656624648436,-0.1372656624648436,12
174,logit_diff,bathrooms,0.14039826484249707,-0.01906643102799343,2
174,logit_diff,bedrooms,0.2833964975524478,-0.2833964975524478,2
174,logit_diff,year_built,0.14278156872099623,-0.05568264516129899,4
174,logit_diff,property_type,0.29615800641921536,0.29615800641921536,10
175,single_logit,lot,0.3288132079453769,0.3288132079453769,10
175,single_logit,bathrooms,0.10490904184826996,0.10490904184826996,2
175,single_logit,bedrooms,0.02611172186972358,-0.02611172186972358,2
175,single_logit,year_built,0.18301313027275287,0.18301313027275287,4
175,single_logit,property_type,0.35715289806387673,0.35715289806387673,10
175,logit_diff,lot,0.07012541014061566,-0.07012541014061566,10
175,logit_diff,bathrooms,0.21441671688931957,-0.21441671688931957,2
175,logit_diff,bedrooms,0.2259523728790951,-0.2259523728790951,2
175,logit_diff,year_built,0.19342823168570022,0.1438523767772602,4
175,logit_diff,property_type,0.29607726840526943,0.2926715032336769,10
176,single_logit,lot,0.1505022341195655,0.1505022341195655,12
176,single_logit,bathrooms,0.13530658889596264,0.04476498361604746,2
176,single_logit,bedrooms,0.11633837549933237,0.11633837549933237,2
176,single_logit,year_built,0.12847803207317574,0.08067813431366745,4
176,single_logit,property_type,0.4693747694119637,0.4693747694119637,9
176,logit_diff,lot,0.1465711478105079,-0.1465711478105079,12
176,logit_diff,bathrooms,0.18921845067535206,-0.18921845067535206,2
176,logit_diff,bedrooms,0.11957825800411424,-0.11957825800411424,2
176,logit_diff,year_built,0.1745393904554343,0.003560037860644511,4
176,logit_diff,property_type,0.3700927530545915,0.24080973430707645,9
177,single_logit,lot,0.1684565410913499,0.1684565410913499,8
177,single_logit,bathrooms,0.08303502092921947,0.08303502092921947,2
177,single_logit,bedrooms,0.040835653540920884,-0.012500710267628843,2
177,single_logit,year_built,0.1746500748148569,0.16101293634108,4
177,single_logit,property_type,0.5330227096236528,0.5330227096236528,4
177,logit_diff,lot,0.158723489761248,-0.158723489761248,8
177,logit_diff,bathrooms,0.09937343587307966,-0.09937343587307966,2
177,logit_diff,bedrooms,0.08096012275542079,-0.08096012275542079,2
177,logit_diff,year_built,0.08355406170651955,-0.038032259832307326,4
177,logit_diff,property_type,0.5773888899037319,0.5773888899037319,4
178,single_logit,lot,0.14238286604240136,0.14238286604240136,12
178,single_logit,bathrooms,0.05275822565516298,0.05275822565516298,2
178,single_logit,bedrooms,0.06884305055002973,0.06884305055002973,2
178,single_logit,year_built,0.16921235789399833,0.16921235789399833,4
178,single_logit,property_type,0.5668034998584076,0.5668034998584076,7
178,logit_diff,lot,0.06887454976845027,0.0004265902315438399,12
178,logit_diff,bathrooms,0.10773282615808268,-0.10773282615808268,2
178,logit_diff,bedrooms,0.10703477328880785,-0.10703477328880785,2
178,logit_diff,year_built,0.18299892251083064,0.18299892251083064,4
178,logit_diff,property_type,0.5333589282738286,0.5333589282738286,7
179,single_logit,lot,0.3732006066026364,0.3732006066026364,8
179,single_logit,bathrooms,0.006392658552708325,0.006392658552708325,2
179,single_logit,bedrooms,0.023579733250379126,0.023579733250379126,2
179,single_logit,year_built,0.11415794999416728,0.11154489248357118,4
179,single_logit,property_type,0.48266905160010887,0.48266905160010887,4
179,logit_diff,lot,0.06082931000233195,-0.06082931000233195,8
179,logit_diff,bathrooms,0.17467158391128232,-0.17467158391128232,2
179,logit_diff,bedrooms,0.13293834155273226,-0.13293834155273226,2
179,logit_diff,year_built,0.06380902204986916,-0.06380902204986916,4
179,logit_diff,property_type,0.5677517424837843,0.5677517424837843,4
180,single_logit,lot,0.13568374340080303,0.13568374340080303,12
180,single_logit,bathrooms,0.062077528009556224,0.062077528009556224,2
180,single_logit,bedrooms,0.12533748512405637,0.12533748512405637,2
180,single_logit,year_built,0.21496561127880615,0.21496561127880615,4
180,single_logit,property_type,0.46193563218677824,0.46193563218677824,6
180,logit_diff,lot,0.14425612595137705,-0.14425612595137705,12
180,logit_diff,bathrooms,0.10327817314215372,-0.07381374237136928,2
180,logit_diff,bedrooms,0.20518235728463355,-0.20518235728463355,2
180,logit_diff,year_built,0.1463202868749933,0.1463202868749933,4
180,logit_diff,property_type,0.4009630567468424,0.4009630567468424,6
181,single_logit,lot,0.19273832101170413,0.19273832101170413,10
181,single_logit,bathrooms,0.12344064267549996,0.12344064267549996,2
181,single_logit,bedrooms,0.03858995234692972,0.03858995234692972,2
181,single_logit,year_built,0.18923238100398107,0.18923238100398107,4
181,single_logit,property_type,0.4559987029618851,0.4559987029618851,7
181,logit_diff,lot,0.025268100736090718,0.025268100736090718,10
181,logit_diff,bathrooms,0.13713225057639705,-0.026076602458598993,2
181,logit_diff,bedrooms,0.10829459609276994,-0.10829459609276994,2
181,logit_diff,year_built,0.06507646231212132,0.06507646231212132,4
181,logit_diff,property_type,0.6642285902826209,0.6642285902826209,7
182,single_logit,lot,0.2381344699695907,0.2381344699695907,10
182,single_logit,bathrooms,0.19617432134203117,0.19617432134203117,2
182,single_logit,bedrooms,0.06826727416241285,0.06826727416241285,2
182,single_logit,year_built,0.1745585225415598,0.1745585225415598,4
182,single_logit,property_type,0.3228654119844055,0.3228654119844055,10
182,logit_diff,lot,0.15680878781838758,-0.15680878781838758,10
182,logit_diff,bathrooms,0.24741338329971477,-0.052038977299202,2
182,logit_diff,bedrooms,0.11571825215217287,-0.11571825215217287,2
182,logit_diff,year_built,0.17346325766400666,-0.17346325766400666,4
182,logit_diff,property_type,0.3065963190657181,0.29084768119885435,10
183,single_logit,lot,0.20629778014819344,0.20629778014819344,12
183,single_logit,bathrooms,0.05211709919932666,0.028476353170766112,2
183,single_logit,bedrooms,0.14793375923932583,0.14793375923932583,2
183,single_logit,year_built,0.1578736183649706,0.1578736183649706,4
183,single_logit,property_type,0.43577774304818345,0.43577774304818345,10
183,logit_diff,lot,0.19506573815369285,-0.19506573815369285,12
183,logit_diff,bathrooms,0.2108069207857434,-0.2108069207857434,2
183,logit_diff,bedrooms,0.13778645123646482,-0.13778645123646482,2
183,logit_diff,year_built,0.2080554248317126,0.0061379525128379105,4
183,logit_diff,property_type,0.24828546499238632,0.23157541905593773,10
184,single_logit,lot,0.2000890160496762,0.2000890160496762,12
184,single_logit,bathrooms,0.07002388463049507,0.07002388463049507,2
184,single_logit,bedrooms,0.10439096993668603,0.10439096993668603,2
184,single_logit,year_built,0.23852122782045124,0.23852122782045124,4
184,single_logit,property_type,0.3869749015626915,0.3869749015626915,10
184,logit_diff,lot,0.13486143022293545,-0.13486143022293545,12
184,logit_diff,bathrooms,0.33437095113024967,-0.33437095113024967,2
184,logit_diff,bedrooms,0.14866013559142427,-0.14866013559142427,2
184,logit_diff,year_built,0.08542240098984148,0.08542240098984148,4
184,logit_diff,property_type,0.2966850820655491,0.2836841096181272,10
185,single_logit,lot,0.18184419511392502,0.18184419511392502,12
185,single_logit,bathrooms,0.21763393886003596,0.21763393886003596,2
185,single_logit,bedrooms,0.08572029831956243,0.08127604090472258,2
185,single_logit,year_built,0.10337948782019499,0.10337948782019499,4
185,single_logit,property_type,0.4114220798862816,0.4114220798862816,4
185,logit_diff,lot,0.11216432162762599,-0.11216432162762599,12
185,logit_diff,bathrooms,0.08805394239388861,0.08805394239388861,2
185,logit_diff,bedrooms,0.2624157150095491,-0.2624157150095491,2
185,logit_diff,year_built,0.09784464278754336,-0.0328643255251978,4
185,logit_diff,property_type,0.439521378181393,0.439521378181393,4
186,single_logit,lot,0.3282862367976018,0.3282862367976018,10
186,single_logit,bathrooms,0.10742337927601274,0.10742337927601274,2
186,single_logit,bedrooms,0.07510973373572825,0.06442515031311409,2
186,single_logit,year_built,0.1643693211932969,0.1643693211932969,4
186,single_logit,property_type,0.3248113289973603,0.3248113289973603,10
186,logit_diff,lot,0.1260131511679498,-0.1260131511679498,10
186,logit_diff,bathrooms,0.21158165517382596,-0.21158165517382596,2
186,logit_diff,bedrooms,0.15029272736742977,-0.15029272736742977,2
186,logit_diff,year_built,0.2247706325251834,0.2247706325251834,4
186,logit_diff,property_type,0.28734183376561107,0.27859490835251466,10
187,single_logit,lot,0.15216970606923633,0.15216970606923633,12
187,single_logit,bathrooms,0.05111940493485145,-0.03669700228865512,2
187,single_logit,bedrooms,0.12403266275728847,0.12403266275728847,2
187,single_logit,year_built,0.06544165200711587,0.06544165200711587,4
187,single_logit,property_type,0.6072365742315079,0.6072365742315079,6
187,logit_diff,lot,0.14128310182628612,-0.14128310182628612,12
187,logit_diff,bathrooms,0.18918310471906544,-0.18918310471906544,2
187,logit_diff,bedrooms,0.11487471088151668,-0.11487471088151668,2
187,logit_diff,year_built,0.10560985693047027,-0.10560985693047027,4
187,logit_diff,property_type,0.4490492256426615,0.4490492256426615,6
188,single_logit,lot,0.17709362327249384,0.17709362327249384,12
188,single_logit,bathrooms,0.1041628037602385,0.1041628037602385,2
188,single_logit,bedrooms,0.07261057582509829,0.07261057582509829,2
188,single_logit,year_built,0.4154376678126794,0.4154376678126794,4
188,single_logit,property_type,0.23069532932948997,0.23069532932948997,10
188,logit_diff,lot,0.1800852696811969,-0.1800852696811969,12
188,logit_diff,bathrooms,0.19428191347372706,-0.19428191347372706,2
188,logit_diff,bedrooms,0.056682248982540984,-0.056682248982540984,2
188,logit_diff,year_built,0.3390920407330102,0.3390920407330102,4
188,logit_diff,property_type,0.22985852712952487,0.20465195134167138,10
189,single_logit,lot,0.19685692213721967,0.19685692213721967,12
189,single_logit,bathrooms,0.15520748128715806,0.15520748128715806,2
189,single_logit,bedrooms,0.12984913266434311,0.12984913266434311,2
189,single_logit,year_built,0.11825184711842589,0.11825184711842589,4
189,single_logit,property_type,0.39983461679285326,0.39983461679285326,10
189,logit_diff,lot,0.22243801978214198,-0.22243801978214198,12
189,logit_diff,bathrooms,0.22394403127414103,-0.22394403127414103,2
189,logit_diff,bedrooms,0.08773286282674683,-0.08773286282674683,2
189,logit_diff,year_built,0.21257522508876797,-0.21257522508876797,4
189,logit_diff,property_type,0.2533098610282022,0.2161145605913342,10
190,single_logit,lot,0.23395186146290678,0.23395186146290678,12
190,single_logit,bathrooms,0.03527892876861841,-0.008008100395330559,2
190,single_logit,bedrooms,0.057788183933871876,0.057788183933871876,2
190,single_logit,year_built,0.13256652681459372,0.13256652681459372,4
190,single_logit,property_type,0.5404144990200092,0.5404144990200092,6
190,logit_diff,lot,0.1262036774696666,-0.1262036774696666,12
190,logit_diff,bathrooms,0.18785363404405894,-0.18785363404405894,2
190,logit_diff,bedrooms,0.10348722518320032,-0.10348722518320032,2
190,logit_diff,year_built,0.1924032142435635,0.01360680898377168,4
190,logit_diff,property_type,0.39005224905951064,0.39005224905951064,6
191,single_logit,lot,0.19099136695005606,0.19099136695005606,12
191,single_logit,bathrooms,0.12758109230810116,0.12758109230810116,2
191,single_logit,bedrooms,0.12282769840690513,0.12282769840690513,2
191,single_logit,year_built,0.201829105044783,0.201829105044783,4
191,single_logit,property_type,0.3567707372901547,0.3567707372901547,9
191,logit_diff,lot,0.0991412471230793,-0.0991412471230793,12
191,logit_diff,bathrooms,0.19335412445386388,-0.19335412445386388,2
191,logit_diff,bedrooms,0.21225746064348744,-0.21225746064348744,2
191,logit_diff,year_built,0.13610402056528967,0.13610402056528967,4
191,logit_diff,property_type,0.3591431472142797,0.3591431472142797,9
192,single_logit,lot,0.2664258204187538,0.2664258204187538,10
192,single_logit,bathrooms,0.11068002897529741,0.11068002897529741,2
192,single_logit,bedrooms,0.10029450346823197,0.10029450346823197,2
192,single_logit,year_built,0.11097675827549928,0.012314265958377594,4
192,single_logit,property_type,0.41162288886221754,0.41162288886221754,10
192,logit_diff,lot,0.18680449980894853,-0.18680449980894853,10
192,logit_diff,bathrooms,0.20121194891104432,-0.20121194891104432,2
192,logit_diff,bedrooms,0.11686771601622079,-0.11686771601622079,2
192,logit_diff,year_built,0.2137876957179846,-0.13139487181044487,4
192,logit_diff,property_type,0.28132813954580177,0.28132813954580177,10
193,single_logit,lot,0.11518955785241114,0.11518955785241114,12
193,single_logit,bathrooms,0.09167303295250265,0.09167303295250265,2
193,single_logit,bedrooms,0.039651347987889704,-0.039651347987889704,2
193,single_logit,year_built,0.19897466128184763,0.19897466128184763,4
193,single_logit,property_type,0.5545113999253489,0.5545113999253489,4
193,logit_diff,lot,0.10736697267995508,-0.10736697267995508,12
193,logit_diff,bathrooms,0.02969675258171871,0.02969675258171871,2
193,logit_diff,bedrooms,0.1569685493605132,-0.1569685493605132,2
193,logit_diff,year_built,0.18113902655578423,0.18113902655578423,4
193,logit_diff,property_type,0.5248286988220288,0.5248286988220288,4
194,single_logit,lot,0.18667882979419093,0.18667882979419093,12
194,single_logit,bathrooms,0.11519641022422493,0.11519641022422493,2
194,single_logit,bedrooms,0.07866721147646821,0.07866721147646821,2
194,single_logit,year_built,0.2894291829915764,0.2894291829915764,4
194,single_logit,property_type,0.3300283655135396,0.3300283655135396,10
194,logit_diff,lot,0.26850413649829347,-0.26850413649829347,12
194,logit_diff,bathrooms,0.24026156684843716,-0.24026156684843716,2
194,logit_diff,bedrooms,0.11054399184061099,-0.11054399184061099,2
194,logit_diff,year_built,0.10119391116030235,-0.020712204038658377,4
194,logit_diff,property_type,0.279496393652356,0.23279333170908825,10
195,single_logit,lot,0.1322087450404861,0.1322087450404861,12
195,single_logit,bathrooms,0.09683055846728354,0.09683055846728354,2
195,single_logit,bedrooms,0.03696927571916668,0.03696927571916668,2
195,single_logit,year_built,0.1456405274772865,0.1456405274772865,4
195,single_logit,property_type,0.5883508932957772,0.5883508932957772,6
195,logit_diff,lot,0.052347390313736426,-0.052347390313736426,12
195,logit_diff,bathrooms,0.16901735051187955,-0.05354708980818838,2
195,logit_diff,bedrooms,0.13641046342197713,-0.13641046342197713,2
195,logit_diff,year_built,0.10501885595411807,0.10501885595411807,4
195,logit_diff,property_type,0.5372059397982889,0.5372059397982889,6
196,single_logit,lot,0.17134450016953212,0.17134450016953212,12
196,single_logit,bathrooms,0.04298324974570182,-0.009710276008902622,2
196,single_logit,bedrooms,0.11407876709759725,0.11407876709759725,2
196,single_logit,year_built,0.1692847418894702,0.12243096254581419,4
196,single_logit,property_type,0.5023087410976986,0.5023087410976986,6
196,logit_diff,lot,0.12340759716280691,-0.12340759716280691,12
196,logit_diff,bathrooms,0.18242329682420683,-0.18242329682420683,2
196,logit_diff,bedrooms,0.11734629530058086,-0.11734629530058086,2
196,logit_diff,year_built,0.1730554970703072,-0.00573317998795242,4
196,logit_diff,property_type,0.40376731364209817,0.40376731364209817,6
197,single_logit,lot,0.31780326622692767,0.31780326622692767,10
197,single_logit,bathrooms,0.11704109215365437,0.11704109215365437,2
197,single_logit,bedrooms,0.08446264382222479,0.08446264382222479,2
197,single_logit,year_built,0.19617454535376258,0.19617454535376258,4
197,single_logit,property_type,0.28451845244343055,0.28451845244343055,10
197,logit_diff,lot,0.1655241037796164,-0.1655241037796164,10
197,logit_diff,bathrooms,0.22146147640512956,-0.22146147640512956,2
197,logit_diff,bedrooms,0.07925989681867794,-0.07925989681867794,2
197,logit_diff,year_built,0.14414422411632116,0.14414422411632116,4
197,logit_diff,property_type,0.3896102988802549,0.37738458910799316,10
198,single_logit,lot,0.14527825717939657,0.14527825717939657,12
198,single_logit,bathrooms,0.07153706424331328,0.07153706424331328,2
198,single_logit,bedrooms,0.04282630761692605,0.02103628230143408,2
198,single_logit,year_built,0.20899238117059915,0.20899238117059915,4
198,single_logit,property_type,0.5313659897897649,0.5313659897897649,6
198,logit_diff,lot,0.09441522387612623,-0.09441522387612623,12
198,logit_diff,bathrooms,0.1166632633944643,-0.04009357630869186,2
198,logit_diff,bedrooms,0.20498971345797343,-0.20498971345797343,2
198,logit_diff,year_built,0.188409663104755,0.1315853087123609,4
198,logit_diff,property_type,0.395522136166681,0.395522136166681,6
199,single_logit,lot,0.21118781631956046,0.21118781631956046,10
199,single_logit,bathrooms,0.05933073730283193,0.05536195069085525,2
199,single_logit,bedrooms,0.08937637515605623,0.08937637515605623,2
199,single_logit,year_built,0.14192619139043516,0.14192619139043516,4
199,single_logit,property_type,0.4981788798311162,0.4981788798311162,9
199,logit_diff,lot,0.15336674720607907,-0.15336674720607907,10
199,logit_diff,bathrooms,0.2539161558914742,-0.2539161558914742,2
199,logit_diff,bedrooms,0.20480277951014458,-0.20480277951014458,2
199,logit_diff,year_built,0.026267982398951773,0.026267982398951773,4
199,logit_diff,property_type,0.36164633499335036,0.36164633499335036,9
200,single_logit,lot,0.17505489410287037,0.17505489410287037,12
200,single_logit,bathrooms,0.15713177965601213,0.15713177965601213,2
200,single_logit,bedrooms,0.0546045985116906,0.0546045985116906,2
200,single_logit,year_built,0.12437750357696924,0.12437750357696924,4
200,single_logit,property_type,0.48883122415245767,0.48883122415245767,4
200,logit_diff,lot,0.06745283227335065,-0.06745283227335065,12
200,logit_diff,bathrooms,0.17164537885179798,-0.0655373264706865,2
200,logit_diff,bedrooms,0.20117318528364572,-0.20117318528364572,2
200,logit_diff,year_built,0.1174116657808032,0.1174116657808032,4
200,logit_diff,property_type,0.44231693781040243,0.44231693781040243,4
201,single_logit,lot,0.27995261472077176,0.27995261472077176,8
201,single_logit,bathrooms,0.09165308365501292,0.09165308365501292,2
201,single_logit,bedrooms,0.09822443682273081,0.09822443682273081,2
201,single_logit,year_built,0.27201943507421755,0.27201943507421755,4
201,single_logit,property_type,0.258150429727267,0.258150429727267,10
201,logit_diff,lot,0.08112100376945304,-0.08112100376945304,8
201,logit_diff,bathrooms,0.06896829587152968,-0.018692341871723,2
201,logit_diff,bedrooms,0.16285971423869003,-0.16285971423869003,2
201,logit_diff,year_built,0.3287273915371976,0.3287273915371976,4
201,logit_diff,property_type,0.3583235945831297,0.3583235945831297,10
202,single_logit,lot,0.2838773737122999,0.2838773737122999,8
202,single_logit,bathrooms,0.05868189152289934,0.04696537172644905,2
202,single_logit,bedrooms,0.04339084026312523,0.04339084026312523,2
202,single_logit,year_built,0.1947871416159861,0.1947871416159861,4
202,single_logit,property_type,0.4192627528856895,0.4192627528856895,4
202,logit_diff,lot,0.14190285332569902,-0.14190285332569902,8
202,logit_diff,bathrooms,0.059165950949518084,-0.059165950949518084,2
202,logit_diff,bedrooms,0.09784648662404173,-0.09784648662404173,2
202,logit_diff,year_built,0.12978337627636224,0.12978337627636224,4
202,logit_diff,property_type,0.5713013328243789,0.5713013328243789,4
203,single_logit,lot,0.3173807497083767,0.3173807497083767,10
203,single_logit,bathrooms,0.09357167628235442,0.09357167628235442,2
203,single_logit,bedrooms,0.07944764967369715,0.07944764967369715,2
203,single_logit,year_built,0.18373845329297897,0.18373845329297897,4
203,single_logit,property_type,0.3258614710425928,0.3258614710425928,10
203,logit_diff,lot,0.14568411316751048,-0.14568411316751048,10
203,logit_diff,bathrooms,0.16980992890454144,-0.16980992890454144,2
203,logit_diff,bedrooms,0.1387574351243032,-0.1387574351243032,2
203,logit_diff,year_built,0.116533215224726,-0.116533215224726,4
203,logit_diff,property_type,0.4292153075789189,0.4292153075789189,10
204,single_logit,lot,0.10692081393773542,0.10692081393773542,12
204,single_logit,bathrooms,0.059496969413187516,0.029514244669533965,2
204,single_logit,bedrooms,0.05235264828286382,0.05235264828286382,2
204,single_logit,year_built,0.3055661283445004,0.3055661283445004,4
204,single_logit,property_type,0.4756634400217128,0.4756634400217128,6
204,logit_diff,lot,0.12929930053785366,-0.12929930053785366,12
204,logit_diff,bathrooms,0.11671536323600498,-0.11671536323600498,2
204,logit_diff,bedrooms,0.16084884050706352,-0.16084884050706352,2
204,logit_diff,year_built,0.20133015720255537,0.20133015720255537,4
204,logit_diff,property_type,0.39180633851652247,0.39180633851652247,6
205,single_logit,lot,0.13497845911188855,0.13497845911188855,12
205,single_logit,bathrooms,0.02131108221593162,0.02131108221593162,2
205,single_logit,bedrooms,0.06524813297776502,0.045103082035580534,2
205,single_logit,year_built,0.3383971611470399,0.3383971611470399,4
205,single_logit,property_type,0.44006516454737493,0.44006516454737493,4
205,logit_diff,lot,0.0940913622834021,-0.0940913622834021,12
205,logit_diff,bathrooms,0.11314930851205768,-0.11314930851205768,2
205,logit_diff,bedrooms,0.04148393967401456,-0.04148393967401456,2
205,logit_diff,year_built,0.2702355740890335,0.2702355740890335,4
205,logit_diff,property_type,0.4810398154414922,0.4810398154414922,4
206,single_logit,lot,0.22879876477674366,0.22879876477674366,12
206,single_logit,bathrooms,0.06781735665494508,0.0588278112542479,2
206,single_logit,bedrooms,0.08028399037100627,0.08028399037100627,2
206,single_logit,year_built,0.07273616451570392,0.053004395051280545,4
206,single_logit,property_type,0.5503637236816011,0.5503637236816011,10
206,logit_diff,lot,0.22484246988367737,-0.22484246988367737,12
206,logit_diff,bathrooms,0.22703928311644248,-0.22703928311644248,2
206,logit_diff,bedrooms,0.17012810281525423,-0.17012810281525423,2
206,logit_diff,year_built,0.130724173901045,-0.130724173901045,4
206,logit_diff,property_type,0.2472659702835809,0.22408778244403516,10
207,single_logit,lot,0.21925685178213772,0.21925685178213772,12
207,single_logit,bathrooms,0.14533417648819588,0.14533417648819588,2
207,single_logit,bedrooms,0.11180402252379394,0.11180402252379394,2
207,single_logit,year_built,0.1084379447359382,-0.016639477064743665,4
207,single_logit,property_type,0.41516700446993426,0.41516700446993426,10
207,logit_diff,lot,0.20602842627878182,-0.20602842627878182,12
207,logit_diff,bathrooms,0.14972901739234667,-0.0566014721241087,2
207,logit_diff,bedrooms,0.1795632908764828,-0.1795632908764828,2
207,logit_diff,year_built,0.09612491386594323,-0.09612491386594323,4
207,logit_diff,property_type,0.3685543515864455,0.3675436110128007,10
208,single_logit,lot,0.18133239680113225,0.18133239680113225,12
208,single_logit,bathrooms,0.057137257308176155,0.057137257308176155,2
208,single_logit,bedrooms,0.12631069230596811,0.12631069230596811,2
208,single_logit,year_built,0.06301699928298847,0.029952097354043916,4
208,single_logit,property_type,0.572202654301735,0.572202654301735,4
208,logit_diff,lot,0.06436968119750161,-0.06436968119750161,12
208,logit_diff,bathrooms,0.1791525051059312,-0.1791525051059312,2
208,logit_diff,bedrooms,0.10085747232937291,-0.09670418743656624,2
208,logit_diff,year_built,0.11651647888468457,-0.11651647888468457,4
208,logit_diff,property_type,0.5391038624825097,0.5391038624825097,4
209,single_logit,lot,0.3159618544281418,0.3159618544281418,10
209,single_logit,bathrooms,0.12446620174728415,0.12446620174728415,2
209,single_logit,bedrooms,0.07709849743860112,0.07709849743860112,2
209,single_logit,year_built,0.1358829522871097,0.07752367297594634,4
209,single_logit,property_type,0.3465904940988633,0.3465904940988633,10
209,logit_diff,lot,0.23152730800646312,-0.23152730800646312,10
209,logit_diff,bathrooms,0.19605841238439498,-0.19605841238439498,2
209,logit_diff,bedrooms,0.06914560079628217,-0.06914560079628217,2
209,logit_diff,year_built,0.16254842863502136,-0.1060315903711524,4
209,logit_diff,property_type,0.34072025017783836,0.30238382770736577,10
210,single_logit,lot,0.1923956821788059,0.1923956821788059,12
210,single_logit,bathrooms,0.09705044896811102,0.09705044896811102,2
210,single_logit,bedrooms,0.13522570595771097,0.13522570595771097,2
210,single_logit,year_built,0.13917845736262865,0.13917845736262865,4
210,single_logit,property_type,0.43614970553274346,0.43614970553274346,9
210,logit_diff,lot,0.11266054110568592,-0.11266054110568592,12
210,logit_diff,bathrooms,0.10201391335354924,-0.043904722202793345,2
210,logit_diff,bedrooms,0.2879633250359681,-0.2879633250359681,2
210,logit_diff,year_built,0.1565719872673145,0.13010002240974794,4
210,logit_diff,property_type,0.3407902332374822,0.22848615061765326,9
211,single_logit,lot,0.16305041083344055,0.16305041083344055,12
211,single_logit,bathrooms,0.12893521560504323,0.12893521560504323,2
211,single_logit,bedrooms,0.10619953953547644,0.10619953953547644,2
211,single_logit,year_built,0.13510525927523814,0.13510525927523814,4
211,single_logit,property_type,0.46670957475080166,0.46670957475080166,7
211,logit_diff,lot,0.03206631185039592,-0.03206631185039592,12
211,logit_diff,bathrooms,0.15944842170151874,-0.15944842170151874,2
211,logit_diff,bedrooms,0.19107988997428965,-0.19107988997428965,2
211,logit_diff,year_built,0.06218703626415508,0.06218703626415508,4
211,logit_diff,property_type,0.5552183402096407,0.5552183402096407,7
212,single_logit,lot,0.2110355701292232,0.2110355701292232,12
212,single_logit,bathrooms,0.05571789710873401,0.05571789710873401,2
212,single_logit,bedrooms,0.07933096312941407,0.06686644247496466,2
212,single_logit,year_built,0.23181028850585594,0.23181028850585594,4
212,single_logit,property_type,0.4221052811267728,0.4221052811267728,4
212,logit_diff,lot,0.13482727809843886,-0.13482727809843886,12
212,logit_diff,bathrooms,0.17765822380740068,-0.17765822380740068,2
212,logit_diff,bedrooms,0.05719024878200365,-0.05719024878200365,2
212,logit_diff,year_built,0.11529161672352452,-0.11529161672352452,4
212,logit_diff,property_type,0.5150326325886323,0.5150326325886323,4
213,single_logit,lot,0.1438473364689319,0.1438473364689319,12
213,single_logit,bathrooms,0.10028070144785103,0.10028070144785103,2
213,single_logit,bedrooms,0.09583475901912858,0.09583475901912858,2
213,single_logit,year_built,0.10231842506101549,0.10231842506101549,4
213,single_logit,property_type,0.557718778003073,0.557718778003073,7
213,logit_diff,lot,0.04167292915435341,-0.021236127020474383,12
213,logit_diff,bathrooms,0.09008611220831454,-0.04368204289813238,2
213,logit_diff,bedrooms,0.11147346258870577,-0.11147346258870577,2
213,logit_diff,year_built,0.15361828967824753,0.12124561842065536,4
213,logit_diff,property_type,0.6031492063703787,0.6031492063703787,7
214,single_logit,lot,0.15198017268225683,0.15198017268225683,12
214,single_logit,bathrooms,0.21116554181158365,0.21116554181158365,2
214,single_logit,bedrooms,0.04643018745422398,-0.04643018745422398,2
214,single_logit,year_built,0.27490868051992506,0.27490868051992506,4
214,single_logit,property_type,0.3155154175320105,0.3155154175320105,10
214,logit_diff,lot,0.11161282716838243,-0.11161282716838243,12
214,logit_diff,bathrooms,0.19466526596005265,-0.06907477179227675,2
214,logit_diff,bedrooms,0.2578529833382149,-0.2578529833382149,2
214,logit_diff,year_built,0.20406615597759173,0.20406615597759173,4
214,logit_diff,property_type,0.23180276755575827,0.22356089137599797,10
215,single_logit,lot,0.26411924240878715,0.26411924240878715,10
215,single_logit,bathrooms,0.03888182916144869,0.021531093836224188,2
215,single_logit,bedrooms,0.09799119950515392,0.09799119950515392,2
215,single_logit,year_built,0.16173323865573985,0.16173323865573985,4
215,single_logit,property_type,0.43727449026887033,0.43727449026887033,4
215,logit_diff,lot,0.06356637769030243,-0.06356637769030243,10
215,logit_diff,bathrooms,0.16415336735435124,-0.16415336735435124,2
215,logit_diff,bedrooms,0.05710317316330189,-0.05710317316330189,2
215,logit_diff,year_built,0.09010909933953265,0.09010909933953265,4
215,logit_diff,property_type,0.6250679824525118,0.6250679824525118,4
216,single_logit,lot,0.18318604442897735,0.18318604442897735,12
216,single_logit,bathrooms,0.16369441428029946,0.16369441428029946,2
216,single_logit,bedrooms,0.10398475993344454,0.10398475993344454,2
216,single_logit,year_built,0.16854527246209713,0.16854527246209713,4
216,single_logit,property_type,0.3805895088951815,0.3805895088951815,10
216,logit_diff,lot,0.19302964477271747,-0.19302964477271747,12
216,logit_diff,bathrooms,0.3000927388572841,-0.3000927388572841,2
216,logit_diff,bedrooms,0.07275698358622548,-0.07275698358622548,2
216,logit_diff,year_built,0.17700223547862065,-0.09828156471319638,4
216,logit_diff,property_type,0.2571183973051523,0.2508445985746324,10
217,single_logit,lot,0.2226531368585815,0.2226531368585815,10
217,single_logit,bathrooms,0.1934709652173481,0.1934709652173481,2
217,single_logit,bedrooms,0.10661018215662944,0.10661018215662944,2
217,single_logit,year_built,0.21174601681130722,0.21174601681130722,4
217,single_logit,property_type,0.2655196989561337,0.2655196989561337,10
217,logit_diff,lot,0.11822612764013554,-0.11822612764013554,10
217,logit_diff,bathrooms,0.2598623883630176,-0.04688648597375548,2
217,logit_diff,bedrooms,0.1772150232567368,-0.1772150232567368,2
217,logit_diff,year_built,0.1758739902892671,-0.1758739902892671,4
217,logit_diff,property_type,0.26882247045084295,0.2553128050007778,10
218,single_logit,lot,0.3153684961505356,0.3153684961505356,8
218,single_logit,bathrooms,0.19090062408690475,0.19090062408690475,2
218,single_logit,bedrooms,0.08663695570494545,0.08663695570494545,2
218,single_logit,year_built,0.16038645638660246,0.16038645638660246,4
218,single_logit,property_type,0.2467074676710118,0.2467074676710118,10
218,logit_diff,lot,0.06693381120338787,-0.06020250724384037,8
218,logit_diff,bathrooms,0.22602012168396132,-0.22602012168396132,2
218,logit_diff,bedrooms,0.150932900050699,-0.150932900050699,2
218,logit_diff,year_built,0.1852530695345891,-0.1852530695345891,4
218,logit_diff,property_type,0.3708600975273627,0.3486878783082075,10
219,single_logit,lot,0.10572187521202889,0.10572187521202889,12
219,single_logit,bathrooms,0.02965029792875753,0.02809571769220826,2
219,single_logit,bedrooms,0.12980354377137007,-0.12980354377137007,2
219,single_logit,year_built,0.28135558693245455,0.28135558693245455,4
219,single_logit,property_type,0.453468696155389,0.453468696155389,6
219,logit_diff,lot,0.13965706448788678,-0.13965706448788678,12
219,logit_diff,bathrooms,0.1427192243545765,-0.1427192243545765,2
219,logit_diff,bedrooms,0.2095300166321173,-0.2095300166321173,2
219,logit_diff,year_built,0.1829478503429681,0.1829478503429681,4
219,logit_diff,property_type,0.3251458441824513,0.3251458441824513,6
220,single_logit,lot,0.14833428961729903,0.14833428961729903,12
220,single_logit,bathrooms,0.07815680932849631,0.04123851748488499,2
220,single_logit,bedrooms,0.06401788904796431,0.06401788904796431,2
220,single_logit,year_built,0.28670588346634324,0.28670588346634324,4
220,single_logit,property_type,0.42278512853989714,0.42278512853989714,10
220,logit_diff,lot,0.221621678621006,-0.221621678621006,12
220,logit_diff,bathrooms,0.10201640603659436,-0.10201640603659436,2
220,logit_diff,bedrooms,0.18962242287967873,-0.18962242287967873,2
220,logit_diff,year_built,0.18344654179674588,0.18344654179674588,4
220,logit_diff,property_type,0.303292950665975,0.303292950665975,10
221,single_logit,lot,0.15349854988273168,0.15349854988273168,12
221,single_logit,bathrooms,0.11564943079771711,0.11564943079771711,2
221,single_logit,bedrooms,0.09779889290939248,0.09779889290939248,2
221,single_logit,year_built,0.30752548284827996,0.30752548284827996,4
221,single_logit,property_type,0.3255276435618788,0.3255276435618788,10
221,logit_diff,lot,0.21741646261977587,-0.21741646261977587,12
221,logit_diff,bathrooms,0.15965908145429664,-0.15965908145429664,2
221,logit_diff,bedrooms,0.1493017603807621,-0.1493017603807621,2
221,logit_diff,year_built,0.2326488818498655,0.2326488818498655,4
221,logit_diff,property_type,0.24097381369529988,0.22039596575848436,10
222,single_logit,lot,0.30045394354675964,0.30045394354675964,10
222,single_logit,bathrooms,0.11934736370302454,0.11934736370302454,2
222,single_logit,bedrooms,0.08293423947118338,0.03982304890907044,2
222,single_logit,year_built,0.16465064870049917,0.16465064870049917,4
222,single_logit,property_type,0.3326138045785333,0.3326138045785333,10
222,logit_diff,lot,0.229421735125557,-0.229421735125557,10
222,logit_diff,bathrooms,0.19111275563975158,-0.19111275563975158,2
222,logit_diff,bedrooms,0.07683249297679201,-0.07683249297679201,2
222,logit_diff,year_built,0.1588301955654692,-0.02040257796694645,4
222,logit_diff,property_type,0.3438028206924302,0.3222122449088244,10
223,single_logit,lot,0.3432766921828394,0.3432766921828394,10
223,single_logit,bathrooms,0.03768927799805871,0.03768927799805871,2
223,single_logit,bedrooms,0.03467937038015819,0.0017012521318568168,2
223,single_logit,year_built,0.20704310011794352,0.20704310011794352,4
223,single_logit,property_type,0.37731155932100013,0.37731155932100013,10
223,logit_diff,lot,0.07309625012854756,-0.07309625012854756,10
223,logit_diff,bathrooms,0.22487665643920587,-0.22487665643920587,2
223,logit_diff,bedrooms,0.20330249147399254,-0.20330249147399254,2
223,logit_diff,year_built,0.18025542814051784,0.0819083337945903,4
223,logit_diff,property_type,0.3184691738177362,0.3184691738177362,10
224,single_logit,lot,0.49326380499441835,0.49326380499441835,9
224,single_logit,bathrooms,0.03474377991528145,0.03474377991528145,2
224,single_logit,bedrooms,0.03591821754622054,0.03591821754622054,2
224,single_logit,year_built,0.0716070527426483,0.0716070527426483,4
224,single_logit,property_type,0.36446714480143133,0.36446714480143133,4
224,logit_diff,lot,0.1536847611017636,-0.1536847611017636,9
224,logit_diff,bathrooms,0.1100292539330063,-0.1100292539330063,2
224,logit_diff,bedrooms,0.11765868423913789,-0.11765868423913789,2
224,logit_diff,year_built,0.13181449468665918,-0.13181449468665918,4
224,logit_diff,property_type,0.48681280603943305,0.48681280603943305,4
225,single_logit,lot,0.25308258209265316,0.25308258209265316,10
225,single_logit,bathrooms,0.06849265091227183,0.06849265091227183,2
225,single_logit,bedrooms,0.05921617921460497,0.05921617921460497,2
225,single_logit,year_built,0.23746672977095284,0.23746672977095284,4
225,single_logit,property_type,0.38174185800951715,0.38174185800951715,7
225,logit_diff,lot,0.032110798130085126,-0.014089969871948762,10
225,logit_diff,bathrooms,0.2005686569642405,-0.2005686569642405,2
225,logit_diff,bedrooms,0.13961399576829855,-0.13961399576829855,2
225,logit_diff,year_built,0.0917481466756346,0.0917481466756346,4
225,logit_diff,property_type,0.5359584024617412,0.5359584024617412,7
226,single_logit,lot,0.16161306814524803,0.16161306814524803,8
226,single_logit,bathrooms,0.09425606545412978,0.09425606545412978,2
226,single_logit,bedrooms,0.07544859067673962,0.07544859067673962,2
226,single_logit,year_built,0.18047521581443293,0.18047521581443293,4
226,single_logit,property_type,0.4882070599094496,0.4882070599094496,7
226,logit_diff,lot,0.03395663924689455,-0.03395663924689455,8
226,logit_diff,bathrooms,0.1163430105886202,-0.1163430105886202,2
226,logit_diff,bedrooms,0.125275295470664,-0.125275295470664,2
226,logit_diff,year_built,0.12993683164348058,0.12993683164348058,4
226,logit_diff,property_type,0.5944882230503407,0.5944882230503407,7
227,single_logit,lot,0.18792006659876065,0.18792006659876065,12
227,single_logit,bathrooms,0.12306002450985547,0.12306002450985547,2
227,single_logit,bedrooms,0.07236613107982334,0.07236613107982334,2
227,single_logit,year_built,0.2884390241150446,0.2884390241150446,4
227,single_logit,property_type,0.328214753696516,0.328214753696516,10
227,logit_diff,lot,0.16378505660562265,-0.16378505660562265,12
227,logit_diff,bathrooms,0.21381755603977787,-0.09135841030790509,2
227,logit_diff,bedrooms,0.09804020893414814,-0.09804020893414814,2
227,logit_diff,year_built,0.1931647239222993,-0.18198789712931093,4
227,logit_diff,property_type,0.33119245449815204,0.33119245449815204,10
228,single_logit,lot,0.15189322640056666,0.15189322640056666,12
228,single_logit,bathrooms,0.27829810121661547,0.27829810121661547,2
228,single_logit,bedrooms,0.07452502037387251,0.07452502037387251,2
228,single_logit,year_built,0.1532981007062198,0.1532981007062198,4
228,single_logit,property_type,0.34198555130272557,0.34198555130272557,10
228,logit_diff,lot,0.18615792984630822,-0.18615792984630822,12
228,logit_diff,bathrooms,0.24639662679403995,-0.08788669490742826,2
228,logit_diff,bedrooms,0.22952552018234615,-0.22952552018234615,2
228,logit_diff,year_built,0.09102550543983641,-0.09102550543983641,4
228,logit_diff,property_type,0.24689441773746928,0.21994478668187115,10
229,single_logit,lot,0.18246210201291596,0.18246210201291596,12
229,single_logit,bathrooms,0.015728875144490045,0.015728875144490045,2
229,single_logit,bedrooms,0.03704352373663599,0.03704352373663599,2
229,single_logit,year_built,0.3971065744567378,0.3971065744567378,4
229,single_logit,property_type,0.36765892464922023,0.36765892464922023,10
229,logit_diff,lot,0.13435724464830004,-0.13435724464830004,12
229,logit_diff,bathrooms,0.2372641336990832,-0.2372641336990832,2
229,logit_diff,bedrooms,0.2098726646053679,-0.2098726646053679,2
229,logit_diff,year_built,0.19067934647279977,0.19067934647279977,4
229,logit_diff,property_type,0.22782661057444908,0.22175997871603093,10
230,single_logit,lot,0.44060209926081934,0.44060209926081934,8
230,single_logit,bathrooms,0.02508740372617215,0.02508740372617215,2
230,single_logit,bedrooms,0.044104094597323056,-0.015579058290596701,2
230,single_logit,year_built,0.10130044944824615,0.09735082903654557,4
230,single_logit,property_type,0.3889059529674393,0.3889059529674393,10
230,logit_diff,lot,0.1682282640741513,-0.1682282640741513,8
230,logit_diff,bathrooms,0.18638497990177397,-0.18638497990177397,2
230,logit_diff,bedrooms,0.20295253367082053,-0.20295253367082053,2
230,logit_diff,year_built,0.11482235181603112,-0.08674955237403553,4
230,logit_diff,property_type,0.32761187053722307,0.2993089661817685,10
231,single_logit,lot,0.2453394227154286,0.2453394227154286,12
231,single_logit,bathrooms,0.32342647853622514,0.32342647853622514,2
231,single_logit,bedrooms,0.04841326068836288,0.04841326068836288,2
231,single_logit,year_built,0.05404229137018219,0.05404229137018219,4
231,single_logit,property_type,0.3287785466898012,0.3287785466898012,10
231,logit_diff,lot,0.16926392416564123,-0.16926392416564123,12
231,logit_diff,bathrooms,0.2681424055610494,-0.05901921231586356,2
231,logit_diff,bedrooms,0.1433655669247552,-0.1433655669247552,2
231,logit_diff,year_built,0.1535893674834087,-0.1535893674834087,4
231,logit_diff,property_type,0.26563873586514547,0.25072128212275924,10
232,single_logit,lot,0.18161446958789482,0.18161446958789482,12
232,single_logit,bathrooms,0.019620702912912097,-0.019620702912912097,2
232,single_logit,bedrooms,0.11739629486611473,0.03738317769479631,2
232,single_logit,year_built,0.1948406849151299,0.1948406849151299,4
232,single_logit,property_type,0.4865278477179485,0.4865278477179485,4
232,logit_diff,lot,0.061016201886308935,-0.061016201886308935,12
232,logit_diff,bathrooms,0.1750932683532814,-0.1750932683532814,2
232,logit_diff,bedrooms,0.06982635159630861,-0.06982635159630861,2
232,logit_diff,year_built,0.2784813605063127,0.2784813605063127,4
232,logit_diff,property_type,0.4155828176577884,0.4155828176577884,4
233,single_logit,lot,0.1542270158730484,0.1542270158730484,12
233,single_logit,bathrooms,0.20203169975989735,0.20203169975989735,2
233,single_logit,bedrooms,0.11751984788850367,0.11751984788850367,2
233,single_logit,year_built,0.20473494081302274,0.20473494081302274,4
233,single_logit,property_type,0.32148649566552784,0.32148649566552784,10
233,logit_diff,lot,0.2525551750176472,-0.2525551750176472,12
233,logit_diff,bathrooms,0.09079713167307865,0.09079713167307865,2
233,logit_diff,bedrooms,0.13856020614693773,-0.13856020614693773,2
233,logit_diff,year_built,0.2337907915149909,0.0349356151163994,4
233,logit_diff,property_type,0.28429669564734555,0.24204292702003224,10
234,single_logit,lot,0.31400709672942606,0.31400709672942606,10
234,single_logit,bathrooms,0.11702127828425815,0.11702127828425815,2
234,single_logit,bedrooms,0.07434988286949332,0.04763593449349095,2
234,single_logit,year_built,0.1570330991925626,-0.019562648036408812,4
234,single_logit,property_type,0.3375886429242599,0.3375886429242599,10
234,logit_diff,lot,0.11336974850679381,-0.11336974850679381,10
234,logit_diff,bathrooms,0.22771414271488757,-0.22771414271488757,2
234,logit_diff,bedrooms,0.08778831120753401,-0.08778831120753401,2
234,logit_diff,year_built,0.17119072966011697,-0.09090599400924619,4
234,logit_diff,property_type,0.39993706791066763,0.3751083357006214,10
235,single_logit,lot,0.4177503770707723,0.4177503770707723,10
235,single_logit,bathrooms,0.059469885787969336,0.059469885787969336,2
235,single_logit,bedrooms,0.04500423789359841,0.04500423789359841,2
235,single_logit,year_built,0.035214354975185776,-0.02060258942531616,4
235,single_logit,property_type,0.44256114427247417,0.44256114427247417,10
235,logit_diff,lot,0.118983035151939,-0.118983035151939,10
235,logit_diff,bathrooms,0.2692501212395774,-0.2692501212395774,2
235,logit_diff,bedrooms,0.1648386238428558,-0.1648386238428558,2
235,logit_diff,year_built,0.11941551178640801,-0.11941551178640801,4
235,logit_diff,property_type,0.3275127079792197,0.3275127079792197,10
236,single_logit,lot,0.1759498709490139,0.1759498709490139,12
236,single_logit,bathrooms,0.2345363659589186,0.2345363659589186,2
236,single_logit,bedrooms,0.048734829290164906,0.048734829290164906,2
236,single_logit,year_built,0.22857142591559115,0.22857142591559115,4
236,single_logit,property_type,0.31220750788631146,0.31220750788631146,10
236,logit_diff,lot,0.17730737288786372,-0.17730737288786372,12
236,logit_diff,bathrooms,0.19057669307452174,-0.05851038822463387,2
236,logit_diff,bedrooms,0.14272355413366047,-0.14272355413366047,2
236,logit_diff,year_built,0.2339501304169345,0.18923147655953573,4
236,logit_diff,property_type,0.2554422494870196,0.23280604368032698,10
237,single_logit,lot,0.21867758679781918,0.21867758679781918,12
237,single_logit,bathrooms,0.13640934438037905,0.13640934438037905,2
237,single_logit,bedrooms,0.05042482174744781,0.006703878035787859,2
237,single_logit,year_built,0.22647448842639853,0.22647448842639853,4
237,single_logit,property_type,0.36801375864795544,0.36801375864795544,10
237,logit_diff,lot,0.10992121404215219,-0.10992121404215219,12
237,logit_diff,bathrooms,0.14536398914407525,-0.06506769037877654,2
237,logit_diff,bedrooms,0.2571063753568678,-0.2571063753568678,2
237,logit_diff,year_built,0.20722403027260625,0.20722403027260625,4
237,logit_diff,property_type,0.28038439118429853,0.28038439118429853,10
238,single_logit,lot,0.1546947972101752,0.1546947972101752,12
238,single_logit,bathrooms,0.02020076861360024,0.02020076861360024,2
238,single_logit,bedrooms,0.01694440471308788,-0.013566836200893922,2
238,single_logit,year_built,0.23555712264946968,0.23555712264946968,4
238,single_logit,property_type,0.572602906813667,0.572602906813667,4
238,logit_diff,lot,0.08066370647251454,-0.08066370647251454,12
238,logit_diff,bathrooms,0.1444265456958433,-0.1444265456958433,2
238,logit_diff,bedrooms,0.13456561584816706,-0.13456561584816706,2
238,logit_diff,year_built,0.12432888836910073,0.12432888836910073,4
238,logit_diff,property_type,0.5160152436143743,0.5160152436143743,4
239,single_logit,lot,0.19994487395721242,0.19994487395721242,12
239,single_logit,bathrooms,0.09468549404573257,0.09468549404573257,2
239,single_logit,bedrooms,0.0886394723443595,0.0886394723443595,2
239,single_logit,year_built,0.23853819540747706,0.23853819540747706,4
239,single_logit,property_type,0.3781919642452185,0.3781919642452185,9
239,logit_diff,lot,0.09712747390154412,-0.09712747390154412,12
239,logit_diff,bathrooms,0.18490803477250992,-0.18490803477250992,2
239,logit_diff,bedrooms,0.23030186555880042,-0.23030186555880042,2
239,logit_diff,year_built,0.14694457075020953,0.14694457075020953,4
239,logit_diff,property_type,0.34071805501693603,0.34071805501693603,9
240,single_logit,lot,0.2307502377142872,0.2307502377142872,12
240,single_logit,bathrooms,0.05707397873693912,0.05707397873693912,2
240,single_logit,bedrooms,0.08125417583541332,0.08125417583541332,2
240,single_logit,year_built,0.2828429541680983,0.2828429541680983,4
240,single_logit,property_type,0.3480786535452621,0.3480786535452621,6
240,logit_diff,lot,0.20713506049814806,-0.20713506049814806,12
240,logit_diff,bathrooms,0.1984851240498758,-0.1984851240498758,2
240,logit_diff,bedrooms,0.08485326261007432,-0.08485326261007432,2
240,logit_diff,year_built,0.12584096397362513,0.004447601637321471,4
240,logit_diff,property_type,0.3836855888682767,0.3200238399419105,6
241,single_logit,lot,0.2695052865270021,0.2695052865270021,10
241,single_logit,bathrooms,0.17766357024622872,0.17766357024622872,2
241,single_logit,bedrooms,0.046183191589907434,0.046183191589907434,2
241,single_logit,year_built,0.14545204455969402,0.14545204455969402,4
241,single_logit,property_type,0.3611959070771677,0.3611959070771677,10
241,logit_diff,lot,0.1497451109867825,-0.1497451109867825,10
241,logit_diff,bathrooms,0.2834914045268029,-0.10250014951946294,2
241,logit_diff,bedrooms,0.20753971715765132,-0.20753971715765132,2
241,logit_diff,year_built,0.04637323769081558,-0.03927440976801494,4
241,logit_diff,property_type,0.3128505296379477,0.3128505296379477,10
242,single_logit,lot,0.30613216354140205,0.30613216354140205,10
242,single_logit,bathrooms,0.10681956068913355,0.10681956068913355,2
242,single_logit,bedrooms,0.09021365323911389,0.09021365323911389,2
242,single_logit,year_built,0.1640569438147332,0.1640569438147332,4
242,single_logit,property_type,0.3327776787156173,0.3327776787156173,10
242,logit_diff,lot,0.13252344307530067,-0.13252344307530067,10
242,logit_diff,bathrooms,0.17999948011643838,-0.17999948011643838,2
242,logit_diff,bedrooms,0.15299955809897262,-0.15299955809897262,2
242,logit_diff,year_built,0.20788533707510223,0.20788533707510223,4
242,logit_diff,property_type,0.3265921816341861,0.31864970474570914,10
243,single_logit,lot,0.2696281562517266,0.2696281562517266,8
243,single_logit,bathrooms,0.13304602464224544,0.13304602464224544,2
243,single_logit,bedrooms,0.045168241339300516,0.03262611193988618,2
243,single_logit,year_built,0.09611028233604066,0.06146748439140284,4
243,single_logit,property_type,0.4560472954306868,0.4560472954306868,4
243,logit_diff,lot,0.1317363125290937,-0.1317363125290937,8
243,logit_diff,bathrooms,0.11945429154581588,-0.11945429154581588,2
243,logit_diff,bedrooms,0.03652379417767752,-0.03652379417767752,2
243,logit_diff,year_built,0.09582124825437749,-0.09582124825437749,4
243,logit_diff,property_type,0.6164643534930354,0.6164643534930354,4
244,single_logit,lot,0.11698083066436073,0.11698083066436073,12
244,single_logit,bathrooms,0.3277045003775634,0.3277045003775634,2
244,single_logit,bedrooms,0.0995814144034887,0.0995814144034887,2
244,single_logit,year_built,0.13916624784453913,0.13916624784453913,4
244,single_logit,property_type,0.3165670067100481,0.3165670067100481,10
244,logit_diff,lot,0.2207924712699555,-0.2207924712699555,12
244,logit_diff,bathrooms,0.26496060050444964,-0.0477545268351043,2
244,logit_diff,bedrooms,0.13999008471419686,-0.13999008471419686,2
244,logit_diff,year_built,0.1440338148091049,-0.024647497721344152,4
244,logit_diff,property_type,0.2302230287022931,0.20249459376578094,10
245,single_logit,lot,0.24871015963903365,0.24871015963903365,10
245,single_logit,bathrooms,0.18362762500425828,0.18362762500425828,2
245,single_logit,bedrooms,0.02693489033983448,0.02693489033983448,2
245,single_logit,year_built,0.19231873832363458,0.19231873832363458,4
245,single_logit,property_type,0.348408586693239,0.348408586693239,10
245,logit_diff,lot,0.110670117635047,-0.110670117635047,10
245,logit_diff,bathrooms,0.24956257118620437,-0.06586301250336093,2
245,logit_diff,bedrooms,0.2845102921063551,-0.2845102921063551,2
245,logit_diff,year_built,0.05919830290480656,0.05919830290480656,4
245,logit_diff,property_type,0.296058716167587,0.296058716167587,10
246,single_logit,lot,0.13955615109595781,0.13955615109595781,12
246,single_logit,bathrooms,0.040082534652248404,0.040082534652248404,2
246,single_logit,bedrooms,0.011356542720208772,0.010986382758215407,2
246,single_logit,year_built,0.2533508107641415,0.2533508107641415,4
246,single_logit,property_type,0.5556539607674436,0.5556539607674436,4
246,logit_diff,lot,0.06317986985569113,-0.06317986985569113,12
246,logit_diff,bathrooms,0.10043371290510344,-0.04632722710882806,2
246,logit_diff,bedrooms,0.18948880862558246,-0.18948880862558246,2
246,logit_diff,year_built,0.11099957171939757,0.11099957171939757,4
246,logit_diff,property_type,0.5358980368942254,0.5358980368942254,4
247,single_logit,lot,0.13852051175925345,0.13852051175925345,12
247,single_logit,bathrooms,0.07528523915951338,0.07528523915951338,2
247,single_logit,bedrooms,0.07454825075559579,0.07454825075559579,2
247,single_logit,year_built,0.2125524522213837,0.2125524522213837,4
247,single_logit,property_type,0.4990935461042537,0.4990935461042537,10
247,logit_diff,lot,0.18685505474174705,-0.18685505474174705,12
247,logit_diff,bathrooms,0.20006567919745316,-0.20006567919745316,2
247,logit_diff,bedrooms,0.17859423719732528,-0.17859423719732528,2
247,logit_diff,year_built,0.18912929051514504,0.15019976015977302,4
247,logit_diff,property_type,0.24535573834832947,0.23773162028986985,10
248,single_logit,lot,0.14922166806252402,0.14922166806252402,12
248,single_logit,bathrooms,0.16273415380081133,0.16273415380081133,2
248,single_logit,bedrooms,0.0324097127447039,0.004487498687728232,2
248,single_logit,year_built,0.07774435660562505,0.07774435660562505,4
248,single_logit,property_type,0.5778901087863357,0.5778901087863357,4
248,logit_diff,lot,0.06937751407081379,-0.06937751407081379,12
248,logit_diff,bathrooms,0.16161572146419834,-0.08525360064292664,2
248,logit_diff,bedrooms,0.12761888685198833,-0.12761888685198833,2
248,logit_diff,year_built,0.10279956312187252,0.07084580751280013,4
248,logit_diff,property_type,0.538588314491127,0.538588314491127,4
249,single_logit,lot,0.1756785727797418,0.1756785727797418,12
249,single_logit,bathrooms,0.05821202325454308,0.04617279487492065,2
249,single_logit,bedrooms,0.04375570118836936,0.04375570118836936,2
249,single_logit,year_built,0.134785551244488,0.134785551244488,4
249,single_logit,property_type,0.5875681515328578,0.5875681515328578,7
249,logit_diff,lot,0.039138023981228315,-0.039138023981228315,12
249,logit_diff,bathrooms,0.11965959464972042,-0.11965959464972042,2
249,logit_diff,bedrooms,0.1068715463665442,-0.1068715463665442,2
249,logit_diff,year_built,0.049287269424741716,-0.049287269424741716,4
249,logit_diff,property_type,0.6850435655777654,0.6850435655777654,7
250,single_logit,lot,0.2449222612274309,0.2449222612274309,12
250,single_logit,bathrooms,0.017858167547188712,0.017858167547188712,2
250,single_logit,bedrooms,0.0434620463196641,0.0434620463196641,2
250,single_logit,year_built,0.2599977067954559,0.2599977067954559,4
250,single_logit,property_type,0.4337598181102604,0.4337598181102604,10
250,logit_diff,lot,0.1470220007337359,-0.1470220007337359,12
250,logit_diff,bathrooms,0.26248536336121525,-0.26248536336121525,2
250,logit_diff,bedrooms,0.2611596797078758,-0.2611596797078758,2
250,logit_diff,year_built,0.053966372054694296,0.03728485275017262,4
250,logit_diff,property_type,0.2753665841424788,0.2753665841424788,10
251,single_logit,lot,0.32103945063601197,0.32103945063601197,10
251,single_logit,bathrooms,0.03312062650828951,-0.02157548846708105,2
251,single_logit,bedrooms,0.028044040986623376,-0.028044040986623376,2
251,single_logit,year_built,0.13358789159029502,0.13358789159029502,4
251,single_logit,property_type,0.4842079902787801,0.4842079902787801,10
251,logit_diff,lot,0.10298786096666968,-0.10298786096666968,10
251,logit_diff,bathrooms,0.31636654094572675,-0.31636654094572675,2
251,logit_diff,bedrooms,0.14050172701856492,-0.14050172701856492,2
251,logit_diff,year_built,0.16257692013161795,0.0524950528193729,4
251,logit_diff,property_type,0.2775669509374207,0.2775669509374207,10
252,single_logit,lot,0.4081117484865822,0.4081117484865822,8
252,single_logit,bathrooms,0.07190286334493097,0.018950100432963118,2
252,single_logit,bedrooms,0.018748503619846486,0.0028895543213383478,2
252,single_logit,year_built,0.12976114870940347,0.1260652071355986,4
252,single_logit,property_type,0.3714757358392368,0.3714757358392368,10
252,logit_diff,lot,0.11464900970260448,-0.11464900970260448,8
252,logit_diff,bathrooms,0.22802459308924006,-0.22802459308924006,2
252,logit_diff,bedrooms,0.2947846450583332,-0.2947846450583332,2
252,logit_diff,year_built,0.0674103122155453,0.0674103122155453,4
252,logit_diff,property_type,0.295131439934277,0.2947412837967413,10
253,single_logit,lot,0.16493781041035957,0.16493781041035957,12
253,single_logit,bathrooms,0.1411474762208957,0.1411474762208957,2
253,single_logit,bedrooms,0.12866881918761416,0.12866881918761416,2
253,single_logit,year_built,0.21595442541520332,0.21595442541520332,4
253,single_logit,property_type,0.3492914687659272,0.3492914687659272,10
253,logit_diff,lot,0.12409958290720072,-0.12409958290720072,12
253,logit_diff,bathrooms,0.10491854830462724,0.005894300466552093,2
253,logit_diff,bedrooms,0.1909753351162878,-0.1909753351162878,2
253,logit_diff,year_built,0.18987015377880928,-0.18987015377880928,4
253,logit_diff,property_type,0.390136379893075,0.390136379893075,10
254,single_logit,lot,0.29401863270557044,0.29401863270557044,10
254,single_logit,bathrooms,0.10630559445518739,0.10630559445518739,2
254,single_logit,bedrooms,0.029381685134142074,0.029381685134142074,2
254,single_logit,year_built,0.2056422666072014,0.2056422666072014,4
254,single_logit,property_type,0.3646518210978987,0.3646518210978987,10
254,logit_diff,lot,0.09506686639621964,-0.09506686639621964,10
254,logit_diff,bathrooms,0.13196852501587428,-0.09359469859281863,2
254,logit_diff,bedrooms,0.24007040189057977,-0.24007040189057977,2
254,logit_diff,year_built,0.13992407439626384,0.13992407439626384,4
254,logit_diff,property_type,0.3929701323010625,0.3929701323010625,10
255,single_logit,lot,0.29267039373879133,0.29267039373879133,10
255,single_logit,bathrooms,0.17382533410236933,0.17382533410236933,2
255,single_logit,bedrooms,0.09879010311240947,0.09879010311240947,2
255,single_logit,year_built,0.15780022195627239,0.15780022195627239,4
255,single_logit,property_type,0.2769139470901575,0.2769139470901575,10
255,logit_diff,lot,0.060551845379898335,-0.060551845379898335,10
255,logit_diff,bathrooms,0.28905388204290855,-0.1808026274132934,2
255,logit_diff,bedrooms,0.09857773825845804,-0.09857773825845804,2
255,logit_diff,year_built,0.2046409356136448,-0.2046409356136448,4
255,logit_diff,property_type,0.3471755987050903,0.32474225324529704,10
256,single_logit,lot,0.18051040332774296,0.18051040332774296,10
256,single_logit,bathrooms,0.0837229242787833,0.0837229242787833,2
256,single_logit,bedrooms,0.09882050078807211,0.09882050078807211,2
256,single_logit,year_built,0.3806991167512708,0.3806991167512708,4
256,single_logit,property_type,0.2562470548541308,0.2562470548541308,10
256,logit_diff,lot,0.20167132475593424,-0.20167132475593424,10
256,logit_diff,bathrooms,0.21831402180847098,-0.21831402180847098,2
256,logit_diff,bedrooms,0.20401860081697046,-0.20401860081697046,2
256,logit_diff,year_built,0.12605561040962038,0.12084925338185167,4
256,logit_diff,property_type,0.24994044220900397,0.19685325134803228,10
257,single_logit,lot,0.29404589365810235,0.29404589365810235,10
257,single_logit,bathrooms,0.05472104546113423,0.05472104546113423,2
257,single_logit,bedrooms,0.07129520826907393,0.07129520826907393,2
257,single_logit,year_built,0.2950822809875324,0.2950822809875324,4
257,single_logit,property_type,0.28485557162415703,0.28485557162415703,10
257,logit_diff,lot,0.1404987107372874,-0.1404987107372874,10
257,logit_diff,bathrooms,0.21370357606481852,-0.21370357606481852,2
257,logit_diff,bedrooms,0.17994622266554564,-0.17994622266554564,2
257,logit_diff,year_built,0.05489057257278466,0.039406827831795846,4
257,logit_diff,property_type,0.4109609179595638,0.4109609179595638,10
258,single_logit,lot,0.27107924703177033,0.27107924703177033,8
258,single_logit,bathrooms,0.04360171403518793,0.04360171403518793,2
258,single_logit,bedrooms,0.037342030559796575,0.03098702195533834,2
258,single_logit,year_built,0.19415822288340792,0.19415822288340792,4
258,single_logit,property_type,0.45381878548983723,0.45381878548983723,7
258,logit_diff,lot,0.029824883021645387,-0.01752319660989059,8
258,logit_diff,bathrooms,0.1351013868024078,-0.1351013868024078,2
258,logit_diff,bedrooms,0.08012064088735833,-0.08012064088735833,2
258,logit_diff,year_built,0.2765388446953975,0.2765388446953975,4
258,logit_diff,property_type,0.478414244593191,0.478414244593191,7
259,single_logit,lot,0.16167250427711213,0.16167250427711213,11
259,single_logit,bathrooms,0.1809694722603208,0.1809694722603208,2
259,single_logit,bedrooms,0.0693696622616667,0.05726171780560738,2
259,single_logit,year_built,0.126572316923586,0.03006314013723998,4
259,single_logit,property_type,0.46141604427731436,0.46141604427731436,4
259,logit_diff,lot,0.10230044346926745,-0.10230044346926745,11
259,logit_diff,bathrooms,0.18696291903130194,-0.06760081338650704,2
259,logit_diff,bedrooms,0.08711736620520574,-0.08711736620520574,2
259,logit_diff,year_built,0.08846973603367535,0.0037565828568600283,4
259,logit_diff,property_type,0.5351495352605495,0.5351495352605495,4
260,single_logit,lot,0.17233962326016034,0.17233962326016034,12
260,single_logit,bathrooms,0.18508451235306655,0.18508451235306655,2
260,single_logit,bedrooms,0.19599652441923374,0.19599652441923374,2
260,single_logit,year_built,0.19413413774447924,0.19413413774447924,4
260,single_logit,property_type,0.25244520222306016,0.25244520222306016,10
260,logit_diff,lot,0.17178502240848284,-0.17178502240848284,12
260,logit_diff,bathrooms,0.1699634565733239,-0.11732385584982725,2
260,logit_diff,bedrooms,0.12223093727320405,0.036580061519718,2
260,logit_diff,year_built,0.2774731495763975,0.2774731495763975,4
260,logit_diff,property_type,0.25854743416859166,0.22140974975985356,10
261,single_logit,lot,0.2541435502088711,0.2541435502088711,10
261,single_logit,bathrooms,0.07765737406359702,0.07765737406359702,2
261,single_logit,bedrooms,0.09563148438098742,0.09563148438098742,2
261,single_logit,year_built,0.2353917139642859,0.2353917139642859,4
261,single_logit,property_type,0.33717587738225857,0.33717587738225857,10
261,logit_diff,lot,0.19398889864718252,-0.19398889864718252,10
261,logit_diff,bathrooms,0.16525102589783078,-0.16525102589783078,2
261,logit_diff,bedrooms,0.11006162377456293,-0.11006162377456293,2
261,logit_diff,year_built,0.07945370822918736,-0.033779720265103605,4
261,logit_diff,property_type,0.4512447434512364,0.4512447434512364,10
262,single_logit,lot,0.18234935750559356,0.18234935750559356,12
262,single_logit,bathrooms,0.15911586009187353,0.15911586009187353,2
262,single_logit,bedrooms,0.03000052378822532,0.008847161117148486,2
262,single_logit,year_built,0.2929541169918943,0.2929541169918943,4
262,single_logit,property_type,0.33558014162241334,0.33558014162241334,10
262,logit_diff,lot,0.142603622244079,-0.142603622244079,12
262,logit_diff,bathrooms,0.07879587175216682,0.07879587175216682,2
262,logit_diff,bedrooms,0.32357820458032666,-0.32357820458032666,2
262,logit_diff,year_built,0.18455261911445003,0.18455261911445003,4
262,logit_diff,property_type,0.2704696823089775,0.2704696823089775,10
263,single_logit,lot,0.3193093410543741,0.3193093410543741,8
263,single_logit,bathrooms,0.1101036464967176,0.1101036464967176,2
263,single_logit,bedrooms,0.07252580960850666,0.05183754482090685,2
263,single_logit,year_built,0.1807008890487531,0.1807008890487531,4
263,single_logit,property_type,0.3173603137916486,0.3173603137916486,10
263,logit_diff,lot,0.22327459242993447,-0.22327459242993447,8
263,logit_diff,bathrooms,0.1360141824420914,-0.1360141824420914,2
263,logit_diff,bedrooms,0.14766574702192092,-0.14766574702192092,2
263,logit_diff,year_built,0.14576345076398958,-0.10058391463812005,4
263,logit_diff,property_type,0.3472820273420636,0.32365788605171286,10
264,single_logit,lot,0.14112660194783785,0.14112660194783785,12
264,single_logit,bathrooms,0.059957763741226966,0.059957763741226966,2
264,single_logit,bedrooms,0.09144637347582818,0.016678898306912056,2
264,single_logit,year_built,0.140242934794003,0.140242934794003,4
264,single_logit,property_type,0.567226326041104,0.567226326041104,4
264,logit_diff,lot,0.11836602366672071,-0.11836602366672071,12
264,logit_diff,bathrooms,0.1243637542551467,-0.07690063219322418,2
264,logit_diff,bedrooms,0.06873075052682769,-0.06873075052682769,2
264,logit_diff,year_built,0.18083968228237965,0.18083968228237965,4
264,logit_diff,property_type,0.5076997892689252,0.5076997892689252,4
265,single_logit,lot,0.09969539857115647,0.09969539857115647,12
265,single_logit,bathrooms,0.055599646574321045,0.03800367359647719,2
265,single_logit,bedrooms,0.13677694459066253,0.13677694459066253,2
265,single_logit,year_built,0.06818439528914494,0.06818439528914494,4
265,single_logit,property_type,0.639743614974715,0.639743614974715,6
265,logit_diff,lot,0.1433123050050047,-0.1433123050050047,12
265,logit_diff,bathrooms,0.23642317349272332,-0.23642317349272332,2
265,logit_diff,bedrooms,0.10712925048889026,-0.10712925048889026,2
265,logit_diff,year_built,0.0840410499524915,-0.0840410499524915,4
265,logit_diff,property_type,0.42909422106089024,0.42909422106089024,6
266,single_logit,lot,0.274689701851058,0.274689701851058,8
266,single_logit,bathrooms,0.08014073578576565,0.04788897626222581,2
266,single_logit,bedrooms,0.1260750599556557,0.1260750599556557,2
266,single_logit,year_built,0.16926065462069864,0.16926065462069864,4
266,single_logit,property_type,0.349833847786822,0.349833847786822,10
266,logit_diff,lot,0.232907388601225,-0.232907388601225,8
266,logit_diff,bathrooms,0.24544896972997135,-0.24544896972997135,2
266,logit_diff,bedrooms,0.048013263377003165,-0.048013263377003165,2
266,logit_diff,year_built,0.15189846328464454,-0.15189846328464454,4
266,logit_diff,property_type,0.321731915007156,0.3044643653376008,10
267,single_logit,lot,0.33704116956042474,0.33704116956042474,8
267,single_logit,bathrooms,0.0901007863872195,0.0901007863872195,2
267,single_logit,bedrooms,0.05092481067957367,0.05092481067957367,2
267,single_logit,year_built,0.25076242958370726,0.25076242958370726,4
267,single_logit,property_type,0.2711708037890748,0.2711708037890748,10
267,logit_diff,lot,0.06596848938227216,-0.06596848938227216,8
267,logit_diff,bathrooms,0.21012496554353272,-0.21012496554353272,2
267,logit_diff,bedrooms,0.19719161434700833,-0.19719161434700833,2
267,logit_diff,year_built,0.2709705041271816,0.2709705041271816,4
267,logit_diff,property_type,0.2557444266000052,0.2557444266000052,10
268,single_logit,lot,0.16407630088885974,0.16407630088885974,12
268,single_logit,bathrooms,0.12380976718049334,0.12380976718049334,2
268,single_logit,bedrooms,0.02089944206832456,0.02089944206832456,2
268,single_logit,year_built,0.13388730636960328,0.13388730636960328,4
268,single_logit,property_type,0.557327183492719,0.557327183492719,6
268,logit_diff,lot,0.14559769126732966,-0.14559769126732966,12
268,logit_diff,bathrooms,0.1078103270773793,-0.07426933643108352,2
268,logit_diff,bedrooms,0.22114938887667548,-0.22114938887667548,2
268,logit_diff,year_built,0.18015468477846208,0.18015468477846208,4
268,logit_diff,property_type,0.3452879080001535,0.3452879080001535,6
269,single_logit,lot,0.24545656093814067,0.24545656093814067,12
269,single_logit,bathrooms,0.07811722149186145,0.07811722149186145,2
269,single_logit,bedrooms,0.10555671609992708,0.10555671609992708,2
269,single_logit,year_built,0.2698490489476214,0.2698490489476214,4
269,single_logit,property_type,0.3010204525224494,0.3010204525224494,10
269,logit_diff,lot,0.08320626432762063,-0.08320626432762063,12
269,logit_diff,bathrooms,0.28992730870759503,-0.28992730870759503,2
269,logit_diff,bedrooms,0.21369467369077286,-0.21369467369077286,2
269,logit_diff,year_built,0.16736712820847532,0.16736712820847532,4
269,logit_diff,property_type,0.24580462506553616,0.24580462506553616,10
270,single_logit,lot,0.17137399255536354,0.17137399255536354,12
270,single_logit,bathrooms,0.1419015131518756,0.1419015131518756,2
270,single_logit,bedrooms,0.07228108326173664,0.07228108326173664,2
270,single_logit,year_built,0.2154636517406778,0.2154636517406778,4
270,single_logit,property_type,0.3989797592903464,0.3989797592903464,13
270,logit_diff,lot,0.11457022916420033,-0.11457022916420033,12
270,logit_diff,bathrooms,0.1792461398514226,-0.01825655128116341,2
270,logit_diff,bedrooms,0.13339730083850085,-0.13339730083850085,2
270,logit_diff,year_built,0.33572345580389423,0.33572345580389423,4
270,logit_diff,property_type,0.237062874341982,0.237062874341982,13
271,single_logit,lot,0.19021686238033716,0.19021686238033716,12
271,single_logit,bathrooms,0.20489184875558672,0.20489184875558672,2
271,single_logit,bedrooms,0.04197437179367922,-0.04197437179367922,2
271,single_logit,year_built,0.16639092946327874,0.16639092946327874,4
271,single_logit,property_type,0.39652598760711816,0.39652598760711816,10
271,logit_diff,lot,0.18145470407605843,-0.18145470407605843,12
271,logit_diff,bathrooms,0.07476924049143717,0.07476924049143717,2
271,logit_diff,bedrooms,0.34877252966398486,-0.34877252966398486,2
271,logit_diff,year_built,0.12449304430768372,0.12449304430768372,4
271,logit_diff,property_type,0.2705104814608358,0.26055442607804274,10
272,single_logit,lot,0.09571184260102482,0.09571184260102482,12
272,single_logit,bathrooms,0.03209939940015295,-0.0041868781826286455,2
272,single_logit,bedrooms,0.10618388279833205,0.10618388279833205,2
272,single_logit,year_built,0.3262275917298153,0.3262275917298153,4
272,single_logit,property_type,0.43977728347067485,0.43977728347067485,6
272,logit_diff,lot,0.13588594518663785,-0.13588594518663785,12
272,logit_diff,bathrooms,0.147200551013457,-0.147200551013457,2
272,logit_diff,bedrooms,0.08847975358751116,-0.08847975358751116,2
272,logit_diff,year_built,0.31677844210934103,0.31677844210934103,4
272,logit_diff,property_type,0.3116553081030529,0.3116553081030529,6
273,single_logit,lot,0.22400529543318798,0.22400529543318798,8
273,single_logit,bathrooms,0.13687854576613806,0.13687854576613806,2
273,single_logit,bedrooms,0.049240723606779536,0.049240723606779536,2
273,single_logit,year_built,0.18265286464247646,0.18265286464247646,4
273,single_logit,property_type,0.407222570551418,0.407222570551418,7
273,logit_diff,lot,0.022900471575588666,0.022900471575588666,8
273,logit_diff,bathrooms,0.13079357942918488,0.03153887730916515,2
273,logit_diff,bedrooms,0.07838338625366044,-0.07838338625366044,2
273,logit_diff,year_built,0.1279065619089554,0.1279065619089554,4
273,logit_diff,property_type,0.6400160008326106,0.6400160008326106,7
274,single_logit,lot,0.34892509994563026,0.34892509994563026,10
274,single_logit,bathrooms,0.11454258608801335,0.11454258608801335,2
274,single_logit,bedrooms,0.08094067887992959,0.07498116605663309,2
274,single_logit,year_built,0.04767610258637205,0.04227880795395257,4
274,single_logit,property_type,0.40791553250005474,0.40791553250005474,10
274,logit_diff,lot,0.1283625515146516,-0.1283625515146516,10
274,logit_diff,bathrooms,0.23755988866375657,-0.23755988866375657,2
274,logit_diff,bedrooms,0.13710891850033194,-0.13710891850033194,2
274,logit_diff,year_built,0.23164649057309628,-0.23164649057309628,4
274,logit_diff,property_type,0.2653221507481636,0.2653221507481636,10
275,single_logit,lot,0.28407482097879383,0.28407482097879383,8
275,single_logit,bathrooms,0.183059188014833,0.183059188014833,2
275,single_logit,bedrooms,0.10837707422306735,0.10837707422306735,2
275,single_logit,year_built,0.09706946040295468,0.09706946040295468,4
275,single_logit,property_type,0.32741945638035114,0.32741945638035114,10
275,logit_diff,lot,0.22989420144826497,-0.22989420144826497,8
275,logit_diff,bathrooms,0.18009869996725297,-0.18009869996725297,2
275,logit_diff,bedrooms,0.10495818276237259,-0.10495818276237259,2
275,logit_diff,year_built,0.13689290257444675,-0.13689290257444675,4
275,logit_diff,property_type,0.34815601324766265,0.3375549013399255,10
276,single_logit,lot,0.34686306964311653,0.34686306964311653,10
276,single_logit,bathrooms,0.1780762398976283,0.1780762398976283,2
276,single_logit,bedrooms,0.01722672286973682,-0.005708855834738365,2
276,single_logit,year_built,0.05348296518860153,0.05348296518860153,4
276,single_logit,property_type,0.4043510024009168,0.4043510024009168,9
276,logit_diff,lot,0.13329783942469692,-0.13329783942469692,10
276,logit_diff,bathrooms,0.15640776600869163,-0.15640776600869163,2
276,logit_diff,bedrooms,0.14747017937962353,-0.14747017937962353,2
276,logit_diff,year_built,0.15295460753836987,0.00304690453263685,4
276,logit_diff,property_type,0.4098696076486181,0.3243531537659438,9
277,single_logit,lot,0.26756080240482544,0.26756080240482544,11
277,single_logit,bathrooms,0.07457690859824194,0.038639059730427715,2
277,single_logit,bedrooms,0.11157175302099187,0.11157175302099187,2
277,single_logit,year_built,0.05555098860939911,0.05555098860939911,4
277,single_logit,property_type,0.49073954736654163,0.49073954736654163,9
277,logit_diff,lot,0.09456867090573413,-0.09456867090573413,11
277,logit_diff,bathrooms,0.22049218324750217,-0.22049218324750217,2
277,logit_diff,bedrooms,0.15962905167339825,-0.15962905167339825,2
277,logit_diff,year_built,0.18277161966714436,-0.07926785100220118,4
277,logit_diff,property_type,0.3425384745062211,0.21865967919717766,9
278,single_logit,lot,0.3909263630606252,0.3909263630606252,8
278,single_logit,bathrooms,0.1296562841844666,0.1296562841844666,2
278,single_logit,bedrooms,0.04133801600552709,0.011169324658875008,2
278,single_logit,year_built,0.10481317289423686,0.10481317289423686,4
278,single_logit,property_type,0.33326616385514424,0.33326616385514424,4
278,logit_diff,lot,0.16110621807292583,-0.16110621807292583,8
278,logit_diff,bathrooms,0.10085138864423698,-0.10085138864423698,2
278,logit_diff,bedrooms,0.05993776055428337,-0.05993776055428337,2
278,logit_diff,year_built,0.08455169984146556,-0.03908167459338853,4
278,logit_diff,property_type,0.5935529328870882,0.5935529328870882,4
279,single_logit,lot,0.21306254463153393,0.21306254463153393,12
279,single_logit,bathrooms,0.14969063231966775,0.14969063231966775,2
279,single_logit,bedrooms,0.10961388501422478,0.10961388501422478,2
279,single_logit,year_built,0.23754098568457913,0.23754098568457913,4
279,single_logit,property_type,0.2900919523499944,0.2900919523499944,10
279,logit_diff,lot,0.1784287018601648,-0.1784287018601648,12
279,logit_diff,bathrooms,0.2352673562981984,-0.2352673562981984,2
279,logit_diff,bedrooms,0.06234072376855856,-0.06234072376855856,2
279,logit_diff,year_built,0.23642062765260133,0.23642062765260133,4
279,logit_diff,property_type,0.2875425904204769,0.27571515158371074,10
280,single_logit,lot,0.16578893084872873,0.16578893084872873,12
280,single_logit,bathrooms,0.08477851573447119,0.08477851573447119,2
280,single_logit,bedrooms,0.06870393761065993,0.03131565960416562,2
280,single_logit,year_built,0.3559030667560876,0.3559030667560876,4
280,single_logit,property_type,0.3248255490500525,0.3248255490500525,10
280,logit_diff,lot,0.08195766297969755,-0.08195766297969755,12
280,logit_diff,bathrooms,0.09796295397296831,-0.06223021129031731,2
280,logit_diff,bedrooms,0.20369389548564337,-0.20369389548564337,2
280,logit_diff,year_built,0.351630902630725,0.351630902630725,4
280,logit_diff,property_type,0.26475458493096576,0.26475458493096576,10
281,single_logit,lot,0.17254914729261772,0.17254914729261772,12
281,single_logit,bathrooms,0.19835089096427377,0.19835089096427377,2
281,single_logit,bedrooms,0.08876547929694743,0.08876547929694743,2
281,single_logit,year_built,0.13008678179448627,0.13008678179448627,4
281,single_logit,property_type,0.4102477006516748,0.4102477006516748,10
281,logit_diff,lot,0.23777776302550008,-0.23777776302550008,12
281,logit_diff,bathrooms,0.07731685779191395,0.07731685779191395,2
281,logit_diff,bedrooms,0.21582566720523574,-0.21582566720523574,2
281,logit_diff,year_built,0.21448192502436023,0.06977122862238225,4
281,logit_diff,property_type,0.25459778695299,0.23191955416202575,10
282,single_logit,lot,0.2289300491516481,0.2289300491516481,12
282,single_logit,bathrooms,0.11696426092027436,0.11696426092027436,2
282,single_logit,bedrooms,0.1073005470550665,0.1073005470550665,2
282,single_logit,year_built,0.2808863958234984,0.2808863958234984,4
282,single_logit,property_type,0.2659187470495126,0.2659187470495126,10
282,logit_diff,lot,0.08555006680653346,-0.072974230760158,12
282,logit_diff,bathrooms,0.22931250357408264,-0.22931250357408264,2
282,logit_diff,bedrooms,0.23697590343645558,-0.23697590343645558,2
282,logit_diff,year_built,0.07840247551504625,0.026821899518305298,4
282,logit_diff,property_type,0.36975905066788206,0.3573207629740802,10
283,single_logit,lot,0.23597629080535648,0.23597629080535648,12
283,single_logit,bathrooms,0.11498003183010404,0.11498003183010404,2
283,single_logit,bedrooms,0.072194704115204,0.056781356242755536,2
283,single_logit,year_built,0.12153513379884648,0.12153513379884648,4
283,single_logit,property_type,0.45531383945048903,0.45531383945048903,10
283,logit_diff,lot,0.16540377939259113,-0.16540377939259113,12
283,logit_diff,bathrooms,0.16570438774728408,-0.09123050561367325,2
283,logit_diff,bedrooms,0.13870760547385017,-0.13870760547385017,2
283,logit_diff,year_built,0.2327308816675338,-0.04096063517348595,4
283,logit_diff,property_type,0.2974533457187408,0.27501808837087144,10
284,single_logit,lot,0.13925445110070622,0.13925445110070622,12
284,single_logit,bathrooms,0.23961529901827924,0.23961529901827924,2
284,single_logit,bedrooms,0.04739643277284645,0.04739643277284645,2
284,single_logit,year_built,0.26555168028564247,0.26555168028564247,4
284,single_logit,property_type,0.3081821368225256,0.3081821368225256,10
284,logit_diff,lot,0.18997429433680166,-0.18997429433680166,12
284,logit_diff,bathrooms,0.22918199459497024,-0.07122569388046644,2
284,logit_diff,bedrooms,0.16449743586679155,-0.16449743586679155,2
284,logit_diff,year_built,0.12052647178752399,0.12052647178752399,4
284,logit_diff,property_type,0.29581980341391256,0.27252003699786687,10
285,single_logit,lot,0.14951140532484591,0.14951140532484591,12
285,single_logit,bathrooms,0.10058772925855303,0.10058772925855303,2
285,single_logit,bedrooms,0.09424296479762892,0.09424296479762892,2
285,single_logit,year_built,0.17568033790888052,0.17568033790888052,4
285,single_logit,property_type,0.4799775627100916,0.4799775627100916,4
285,logit_diff,lot,0.041616564508783066,-0.041616564508783066,12
285,logit_diff,bathrooms,0.08761489397505033,-0.08761489397505033,2
285,logit_diff,bedrooms,0.13304257452177914,-0.13304257452177914,2
285,logit_diff,year_built,0.12289318694337135,0.12289318694337135,4
285,logit_diff,property_type,0.6148327800510162,0.6055393649189801,4
286,single_logit,lot,0.12512311512346616,0.12512311512346616,12
286,single_logit,bathrooms,0.1704329687560607,0.1704329687560607,2
286,single_logit,bedrooms,0.06020729874534753,0.06020729874534753,2
286,single_logit,year_built,0.21804304807161246,0.21804304807161246,4
286,single_logit,property_type,0.42619356930351315,0.42619356930351315,10
286,logit_diff,lot,0.19462111754967967,-0.19462111754967967,12
286,logit_diff,bathrooms,0.2088858392979868,-0.2088858392979868,2
286,logit_diff,bedrooms,0.09450141635636491,-0.09450141635636491,2
286,logit_diff,year_built,0.23951024024539402,0.0498217866159312,4
286,logit_diff,property_type,0.26248138655057457,0.23948451830182194,10
287,single_logit,lot,0.30112803573139235,0.30112803573139235,8
287,single_logit,bathrooms,0.07918781834929292,0.07151720346645543,2
287,single_logit,bedrooms,0.03020304610117262,0.03020304610117262,2
287,single_logit,year_built,0.25896785466579664,0.25896785466579664,4
287,single_logit,property_type,0.3305132451523455,0.3305132451523455,10
287,logit_diff,lot,0.22010725270477313,-0.22010725270477313,8
287,logit_diff,bathrooms,0.10746969304387004,-0.10746969304387004,2
287,logit_diff,bedrooms,0.2177906228419652,-0.2177906228419652,2
287,logit_diff,year_built,0.11391239147889796,0.11391239147889796,4
287,logit_diff,property_type,0.34072003993049366,0.34072003993049366,10
288,single_logit,lot,0.3557349987869119,0.3557349987869119,10
288,single_logit,bathrooms,0.11876342311006552,0.11876342311006552,2
288,single_logit,bedrooms,0.031406056952473206,0.03130730178551519,2
288,single_logit,year_built,0.1065637150430662,0.07020956489963856,4
288,single_logit,property_type,0.38753180610748317,0.38753180610748317,9
288,logit_diff,lot,0.15566349506048177,-0.15566349506048177,10
288,logit_diff,bathrooms,0.108591576892258,-0.108591576892258,2
288,logit_diff,bedrooms,0.13246926588386349,-0.13246926588386349,2
288,logit_diff,year_built,0.17276611030841943,0.01133216951734755,4
288,logit_diff,property_type,0.4305095518549773,0.32165843486498447,9
289,single_logit,lot,0.15212994673629862,0.15212994673629862,12
289,single_logit,bathrooms,0.10221180900725939,0.10221180900725939,2
289,single_logit,bedrooms,0.065615872365213,-0.03145966483263637,2
289,single_logit,year_built,0.13662483013030652,0.07550319559832729,4
289,single_logit,property_type,0.5434175417609225,0.5434175417609225,6
289,logit_diff,lot,0.08909084002782744,-0.08909084002782744,12
289,logit_diff,bathrooms,0.11716263506063754,-0.05501945216948438,2
289,logit_diff,bedrooms,0.1658162002022477,-0.1658162002022477,2
289,logit_diff,year_built,0.2030831638445947,0.1243432040593409,4
289,logit_diff,property_type,0.4248471608646926,0.4248471608646926,6
290,single_logit,lot,0.17126562028988981,0.17126562028988981,12
290,single_logit,bathrooms,0.09149593577790492,0.09149593577790492,2
290,single_logit,bedrooms,0.04675223913630159,0.04675223913630159,2
290,single_logit,year_built,0.16247743753228983,0.16247743753228983,4
290,single_logit,property_type,0.5280087672636138,0.5280087672636138,7
290,logit_diff,lot,0.0654043353499318,-0.04735378065880442,12
290,logit_diff,bathrooms,0.1214941181133574,-0.1214941181133574,2
290,logit_diff,bedrooms,0.09511253818017122,-0.09511253818017122,2
290,logit_diff,year_built,0.12189548261069617,0.12189548261069617,4
290,logit_diff,property_type,0.5960935257458434,0.5960935257458434,7
291,single_logit,lot,0.2663003995641119,0.2663003995641119,8
291,single_logit,bathrooms,0.1173265528514348,0.1173265528514348,2
291,single_logit,bedrooms,0.08281874318924809,0.08281874318924809,2
291,single_logit,year_built,0.1583272793316382,0.1583272793316382,4
291,single_logit,property_type,0.37522702506356703,0.37522702506356703,4
291,logit_diff,lot,0.13236047107014848,-0.13236047107014848,8
291,logit_diff,bathrooms,0.15331724087484455,-0.15331724087484455,2
291,logit_diff,bedrooms,0.055445834247677565,-0.055445834247677565,2
291,logit_diff,year_built,0.06491844049447736,0.05570185063272621,4
291,logit_diff,property_type,0.593958013312852,0.593958013312852,4
292,single_logit,lot,0.32217668229657465,0.32217668229657465,10
292,single_logit,bathrooms,0.07647679923704856,0.07647679923704856,2
292,single_logit,bedrooms,0.0633068041190295,0.0369668138829914,2
292,single_logit,year_built,0.06555478604434656,-0.004972808501458917,4
292,single_logit,property_type,0.4724849283030007,0.4724849283030007,4
292,logit_diff,lot,0.04484887210323935,-0.04484887210323935,10
292,logit_diff,bathrooms,0.07616526511564223,-0.07616526511564223,2
292,logit_diff,bedrooms,0.0607569516550473,-0.0607569516550473,2
292,logit_diff,year_built,0.1304777444346824,0.020866945835853083,4
292,logit_diff,property_type,0.6877511666913887,0.6877511666913887,4
293,single_logit,lot,0.2194780826590485,0.2194780826590485,10
293,single_logit,bathrooms,0.09038014248834304,0.09038014248834304,2
293,single_logit,bedrooms,0.06011272663853805,0.06011272663853805,2
293,single_logit,year_built,0.10681741016067356,0.08735091793241506,4
293,single_logit,property_type,0.5232116380533969,0.5232116380533969,4
293,logit_diff,lot,0.06474255345915902,-0.06474255345915902,10
293,logit_diff,bathrooms,0.17208315373095778,-0.17208315373095778,2
293,logit_diff,bedrooms,0.03761848421913357,-0.03761848421913357,2
293,logit_diff,year_built,0.11871892918192416,-0.11871892918192416,4
293,logit_diff,property_type,0.6068368794088255,0.6068368794088255,4
294,single_logit,lot,0.12312154928010192,0.12312154928010192,12
294,single_logit,bathrooms,0.0433157424925132,0.0424822131308869,2
294,single_logit,bedrooms,0.10335764084166076,0.10335764084166076,2
294,single_logit,year_built,0.22421939827747372,0.22421939827747372,4
294,single_logit,property_type,0.5059856691082504,0.5059856691082504,7
294,logit_diff,lot,0.03486435376121533,-0.03486435376121533,12
294,logit_diff,bathrooms,0.10424402710247675,-0.10424402710247675,2
294,logit_diff,bedrooms,0.17535334559023769,-0.17535334559023769,2
294,logit_diff,year_built,0.22793491707345687,0.22793491707345687,4
294,logit_diff,property_type,0.45760335647261335,0.45760335647261335,7
295,single_logit,lot,0.44503329561017757,0.44503329561017757,8
295,single_logit,bathrooms,0.13137199477458697,0.13137199477458697,2
295,single_logit,bedrooms,0.03156340134194622,0.03156340134194622,2
295,single_logit,year_built,0.11263122522780641,-0.01730122252611748,4
295,single_logit,property_type,0.2794000830454828,0.2794000830454828,10
295,logit_diff,lot,0.14102931564174861,-0.05906025487121892,8
295,logit_diff,bathrooms,0.11702501128874365,-0.11702501128874365,2
295,logit_diff,bedrooms,0.22502827060588812,-0.22502827060588812,2
295,logit_diff,year_built,0.17966174640584653,-0.17966174640584653,4
295,logit_diff,property_type,0.3372556560577731,0.315300577437397,10
296,single_logit,lot,0.22871646542323873,0.22871646542323873,12
296,single_logit,bathrooms,0.14168401752957355,0.14168401752957355,2
296,single_logit,bedrooms,0.05090443743577493,0.02658342843868246,2
296,single_logit,year_built,0.2533026016986425,0.2533026016986425,4
296,single_logit,property_type,0.3253924779127703,0.3253924779127703,10
296,logit_diff,lot,0.08928267390336023,-0.08928267390336023,12
296,logit_diff,bathrooms,0.3216220385213895,-0.3216220385213895,2
296,logit_diff,bedrooms,0.19170127154805983,-0.19170127154805983,2
296,logit_diff,year_built,0.11612236383761325,0.11612236383761325,4
296,logit_diff,property_type,0.2812716521895772,0.2812716521895772,10
297,single_logit,lot,0.15123260605489558,0.15123260605489558,12
297,single_logit,bathrooms,0.07922386401317627,0.07922386401317627,2
297,single_logit,bedrooms,0.05151223334346417,0.05151223334346417,2
297,single_logit,year_built,0.31659818076560126,0.31659818076560126,4
297,single_logit,property_type,0.40143311582286273,0.40143311582286273,4
297,logit_diff,lot,0.031624299143165356,-0.031624299143165356,12
297,logit_diff,bathrooms,0.17401366419180095,-0.17401366419180095,2
297,logit_diff,bedrooms,0.06809872596979648,-0.06809872596979648,2
297,logit_diff,year_built,0.20629039222737694,0.20629039222737694,4
297,logit_diff,property_type,0.5199729184678603,0.5199729184678603,4
298,single_logit,lot,0.19224180315834136,0.19224180315834136,12
298,single_logit,bathrooms,0.03160330858573674,0.03160330858573674,2
298,single_logit,bedrooms,0.13718073328587496,0.13718073328587496,2
298,single_logit,year_built,0.3021891586450314,0.3021891586450314,4
298,single_logit,property_type,0.3367849963250156,0.3367849963250156,10
298,logit_diff,lot,0.17712702960842522,-0.17712702960842522,12
298,logit_diff,bathrooms,0.2608507644584,-0.2608507644584,2
298,logit_diff,bedrooms,0.15984638319386854,-0.15984638319386854,2
298,logit_diff,year_built,0.11884231098326749,0.11884231098326749,4
298,logit_diff,property_type,0.28333351175603877,0.263804452928422,10
299,single_logit,lot,0.1383113432712326,0.1383113432712326,12
299,single_logit,bathrooms,0.03437323412572294,0.021512500269159938,2
299,single_logit,bedrooms,0.05237826152491115,0.02572146771312601,2
299,single_logit,year_built,0.48701260799557455,0.48701260799557455,4
299,single_logit,property_type,0.28792455308255877,0.28792455308255877,6
299,logit_diff,lot,0.13429951321829467,-0.13429951321829467,12
299,logit_diff,bathrooms,0.09275362353878376,-0.09275362353878376,2
299,logit_diff,bedrooms,0.12939295525695102,-0.12939295525695102,2
299,logit_diff,year_built,0.24063128668958492,0.06931765460193803,4
299,logit_diff,property_type,0.4029226212963857,0.38003679163598114,6
300,single_logit,lot,0.20786557372663508,0.20786557372663508,12
300,single_logit,bathrooms,0.248744821338754,0.248744821338754,2
300,single_logit,bedrooms,0.05472386069452588,0.05472386069452588,2
300,single_logit,year_built,0.12188496245598945,0.11402986283476566,4
300,single_logit,property_type,0.36678078178409557,0.36678078178409557,10
300,logit_diff,lot,0.11018101102801156,-0.11018101102801156,12
300,logit_diff,bathrooms,0.23106718131568138,-0.08249467752122906,2
300,logit_diff,bedrooms,0.272519730716896,-0.272519730716896,2
300,logit_diff,year_built,0.13323300840959693,0.016057732626955656,4
300,logit_diff,property_type,0.25299906852981413,0.23519704545775785,10
301,single_logit,lot,0.23213976435115133,0.23213976435115133,12
301,single_logit,bathrooms,0.08555323117878252,0.08555323117878252,2
301,single_logit,bedrooms,0.05910102496540506,0.04004477565299711,2
301,single_logit,year_built,0.2775815896345857,0.2775815896345857,4
301,single_logit,property_type,0.34562438987007543,0.34562438987007543,10
301,logit_diff,lot,0.07248950738100093,-0.06946346544044087,12
301,logit_diff,bathrooms,0.2480648620561002,-0.24405084011862055,2
301,logit_diff,bedrooms,0.09836894267038747,-0.09836894267038747,2
301,logit_diff,year_built,0.18244322493894866,0.18244322493894866,4
301,logit_diff,property_type,0.3986334629535627,0.3986334629535627,10
302,single_logit,lot,0.180973550833699,0.180973550833699,12
302,single_logit,bathrooms,0.16170131613185582,0.16170131613185582,2
302,single_logit,bedrooms,0.11725664272085339,0.11725664272085339,2
302,single_logit,year_built,0.17078348852453892,0.17078348852453892,4
302,single_logit,property_type,0.3692850017890528,0.3692850017890528,10
302,logit_diff,lot,0.18421910976745393,-0.18421910976745393,12
302,logit_diff,bathrooms,0.2187071068171211,-0.2187071068171211,2
302,logit_diff,bedrooms,0.1543100142543021,-0.1543100142543021,2
302,logit_diff,year_built,0.09565060813575944,0.09565060813575944,4
302,logit_diff,property_type,0.3471131610253634,0.33494251533815106,10
303,single_logit,lot,0.2680226380255585,0.2680226380255585,10
303,single_logit,bathrooms,0.1301994506271516,0.1301994506271516,2
303,single_logit,bedrooms,0.06789441049117881,0.06789441049117881,2
303,single_logit,year_built,0.18116135680697104,0.18116135680697104,4
303,single_logit,property_type,0.3527221440491401,0.3527221440491401,9
303,logit_diff,lot,0.0855881488712115,-0.0855881488712115,10
303,logit_diff,bathrooms,0.09577773820712585,-0.09577773820712585,2
303,logit_diff,bedrooms,0.12441715992592328,-0.12441715992592328,2
303,logit_diff,year_built,0.2227991488272533,-0.07885377665352296,4
303,logit_diff,property_type,0.47141780416848605,0.3268708867639818,9
304,single_logit,lot,0.1892863677583221,0.1892863677583221,12
304,single_logit,bathrooms,0.20829055114986122,0.20829055114986122,2
304,single_logit,bedrooms,0.04331637577856117,0.04331637577856117,2
304,single_logit,year_built,0.05242133848693494,0.05242133848693494,4
304,single_logit,property_type,0.5066853668263206,0.5066853668263206,7
304,logit_diff,lot,0.018784210653227558,-0.018784210653227558,12
304,logit_diff,bathrooms,0.15355308528851486,0.03626630657567939,2
304,logit_diff,bedrooms,0.08892961346483085,-0.08892961346483085,2
304,logit_diff,year_built,0.16898555617178268,0.03260109474090328,4
304,logit_diff,property_type,0.569747534421644,0.569747534421644,7
305,single_logit,lot,0.14822776945129515,0.14822776945129515,12
305,single_logit,bathrooms,0.18836415385672128,0.18836415385672128,2
305,single_logit,bedrooms,0.04639339344989617,0.04639339344989617,2
305,single_logit,year_built,0.08363019608731283,0.08363019608731283,4
305,single_logit,property_type,0.5333844871547746,0.5333844871547746,7
305,logit_diff,lot,0.059719137883210364,-0.059719137883210364,12
305,logit_diff,bathrooms,0.18667132136226156,-0.07297850012104876,2
305,logit_diff,bedrooms,0.1505661686707953,-0.1505661686707953,2
305,logit_diff,year_built,0.05138352577396292,-0.04540901122869121,4
305,logit_diff,property_type,0.5516598463097698,0.5516598463097698,7
306,single_logit,lot,0.15934832146181002,0.15934832146181002,12
306,single_logit,bathrooms,0.1001313202652274,0.1001313202652274,2
306,single_logit,bedrooms,0.07140512182848184,0.07140512182848184,2
306,single_logit,year_built,0.12610801113731304,0.12610801113731304,4
306,single_logit,property_type,0.5430072253071677,0.5430072253071677,7
306,logit_diff,lot,0.03809222432950995,-0.03524440928516108,12
306,logit_diff,bathrooms,0.15637093516242898,-0.15637093516242898,2
306,logit_diff,bedrooms,0.1734578254285222,-0.1734578254285222,2
306,logit_diff,year_built,0.15573988523782895,0.15573988523782895,4
306,logit_diff,property_type,0.47633912984170995,0.47633912984170995,7
307,single_logit,lot,0.18815237969262005,0.18815237969262005,12
307,single_logit,bathrooms,0.09338694541372691,0.0800401753892445,2
307,single_logit,bedrooms,0.08622822330968635,0.08622822330968635,2
307,single_logit,year_built,0.24137431365488185,0.24137431365488185,4
307,single_logit,property_type,0.39085813792908486,0.39085813792908486,10
307,logit_diff,lot,0.20803790481753545,-0.20803790481753545,12
307,logit_diff,bathrooms,0.19302744194897217,-0.19302744194897217,2
307,logit_diff,bedrooms,0.21558909100794293,-0.21558909100794293,2
307,logit_diff,year_built,0.14722922270533492,-0.029021608404915394,4
307,logit_diff,property_type,0.23611633952021452,0.2231771376618334,10
308,single_logit,lot,0.3197899110148396,0.3197899110148396,10
308,single_logit,bathrooms,0.11403117515363917,0.11403117515363917,2
308,single_logit,bedrooms,0.08575898296678648,0.08575898296678648,2
308,single_logit,year_built,0.21270112588575504,0.21270112588575504,4
308,single_logit,property_type,0.2677188049789797,0.2677188049789797,10
308,logit_diff,lot,0.1429182813215884,-0.1429182813215884,10
308,logit_diff,bathrooms,0.24013345500106145,-0.24013345500106145,2
308,logit_diff,bedrooms,0.09060170356256264,-0.09060170356256264,2
308,logit_diff,year_built,0.13765488055601388,0.13765488055601388,4
308,logit_diff,property_type,0.38869167955877365,0.3737385048110476,10
309,single_logit,lot,0.13360449101794217,0.13360449101794217,12
309,single_logit,bathrooms,0.160887352517411,0.160887352517411,2
309,single_logit,bedrooms,0.08072893752203424,0.05437079679045839,2
309,single_logit,year_built,0.13584141359714735,0.13584141359714735,4
309,single_logit,property_type,0.48893780534546527,0.48893780534546527,4
309,logit_diff,lot,0.12403486713865004,-0.12403486713865004,12
309,logit_diff,bathrooms,0.1371733315331584,-0.02916283426295493,2
309,logit_diff,bedrooms,0.06345616714624452,-0.06345616714624452,2
309,logit_diff,year_built,0.17038655944374595,0.17038655944374595,4
309,logit_diff,property_type,0.5049490747382012,0.5049490747382012,4
310,single_logit,lot,0.21510670191004394,0.21510670191004394,12
310,single_logit,bathrooms,0.23331905924362362,0.23331905924362362,2
310,single_logit,bedrooms,0.10942483011038162,0.10942483011038162,2
310,single_logit,year_built,0.033328602697187515,0.033328602697187515,4
310,single_logit,property_type,0.4088208060387633,0.4088208060387633,10
310,logit_diff,lot,0.19691874303895548,-0.19691874303895548,12
310,logit_diff,bathrooms,0.2689432742213626,-0.2689432742213626,2
310,logit_diff,bedrooms,0.09561910528112459,-0.09561910528112459,2
310,logit_diff,year_built,0.1365073236586371,-0.1365073236586371,4
310,logit_diff,property_type,0.30201155379992023,0.30201155379992023,10
311,single_logit,lot,0.16487387160616584,0.16487387160616584,12
311,single_logit,bathrooms,0.1318073917049842,0.1318073917049842,2
311,single_logit,bedrooms,0.0835363734904454,0.0835363734904454,2
311,single_logit,year_built,0.07884683156545783,0.07884683156545783,4
311,single_logit,property_type,0.5409355316329467,0.5409355316329467,7
311,logit_diff,lot,0.04556227719152,-0.016308269484941972,12
311,logit_diff,bathrooms,0.13912802561693935,-0.13912802561693935,2
311,logit_diff,bedrooms,0.08828657774067962,-0.08828657774067962,2
311,logit_diff,year_built,0.02576622385673342,-0.021847195582938402,4
311,logit_diff,property_type,0.7012568955941276,0.7012568955941276,7
312,single_logit,lot,0.18325051744707666,0.18325051744707666,12
312,single_logit,bathrooms,0.04368038166606628,0.04368038166606628,2
312,single_logit,bedrooms,0.09312503657252254,0.05034131963273914,2
312,single_logit,year_built,0.12273098440996995,0.12273098440996995,4
312,single_logit,property_type,0.5572130799043645,0.5572130799043645,4
312,logit_diff,lot,0.1361457658245119,-0.1361457658245119,12
312,logit_diff,bathrooms,0.13810919949181988,-0.13810919949181988,2
312,logit_diff,bedrooms,0.057635064768473465,-0.057635064768473465,2
312,logit_diff,year_built,0.10156668756402318,-0.010344755214854211,4
312,logit_diff,property_type,0.5665432823511716,0.5665432823511716,4
313,single_logit,lot,0.3114832725054712,0.3114832725054712,10
313,single_logit,bathrooms,0.07547568273013978,0.07547568273013978,2
313,single_logit,bedrooms,0.062088948462125135,0.062088948462125135,2
313,single_logit,year_built,0.24692787552657897,0.24692787552657897,4
313,single_logit,property_type,0.3040242207756849,0.3040242207756849,10
313,logit_diff,lot,0.07835228953241376,-0.07835228953241376,10
313,logit_diff,bathrooms,0.30028770401441207,-0.30028770401441207,2
313,logit_diff,bedrooms,0.10174504584442473,-0.10174504584442473,2
313,logit_diff,year_built,0.20513027345325482,-0.20513027345325482,4
313,logit_diff,property_type,0.3144846871554946,0.29835175176790085,10
314,single_logit,lot,0.3394804423839313,0.3394804423839313,10
314,single_logit,bathrooms,0.07394577163298162,0.07394577163298162,2
314,single_logit,bedrooms,0.034714798446044484,0.034714798446044484,2
314,single_logit,year_built,0.13327108651723685,0.13327108651723685,4
314,single_logit,property_type,0.4185879010198057,0.4185879010198057,7
314,logit_diff,lot,0.1230798441353424,-0.09123956785621404,10
314,logit_diff,bathrooms,0.08429213237179875,-0.08429213237179875,2
314,logit_diff,bedrooms,0.11444041329309904,-0.11444041329309904,2
314,logit_diff,year_built,0.07401197875832817,-0.016176501072568437,4
314,logit_diff,property_type,0.6041756314414316,0.34330071081630265,7
315,single_logit,lot,0.344560656710205,0.344560656710205,10
315,single_logit,bathrooms,0.13440784495112768,0.13440784495112768,2
315,single_logit,bedrooms,0.07836133045413235,0.07836133045413235,2
315,single_logit,year_built,0.07515033222774199,0.03207754793838447,4
315,single_logit,property_type,0.36751983565679297,0.36751983565679297,10
315,logit_diff,lot,0.17863195924022857,-0.17863195924022857,10
315,logit_diff,bathrooms,0.21188091573976212,-0.21188091573976212,2
315,logit_diff,bedrooms,0.07286574554447561,-0.07286574554447561,2
315,logit_diff,year_built,0.1879302619868823,-0.05791242732839192,4
315,logit_diff,property_type,0.3486911174886514,0.3165034664133526,10
316,single_logit,lot,0.38016385320761287,0.38016385320761287,8
316,single_logit,bathrooms,0.09592919660379015,0.09592919660379015,2
316,single_logit,bedrooms,0.07232756886793702,0.07232756886793702,2
316,single_logit,year_built,0.08055165756487241,0.07596773927477728,4
316,single_logit,property_type,0.3710277237557876,0.3710277237557876,10
316,logit_diff,lot,0.15185662173035486,-0.15185662173035486,8
316,logit_diff,bathrooms,0.2550616869515376,-0.2550616869515376,2
316,logit_diff,bedrooms,0.14408064759094488,-0.14408064759094488,2
316,logit_diff,year_built,0.17087672748919328,0.028061653154114775,4
316,logit_diff,property_type,0.2781243162379694,0.2776375572934054,10
317,single_logit,lot,0.21382656838272834,0.21382656838272834,12
317,single_logit,bathrooms,0.021010956968498806,0.021010956968498806,2
317,single_logit,bedrooms,0.02172100466943118,0.02172100466943118,2
317,single_logit,year_built,0.24322361246483412,0.24322361246483412,4
317,single_logit,property_type,0.5002178575145075,0.5002178575145075,6
317,logit_diff,lot,0.12343186547408112,-0.12343186547408112,12
317,logit_diff,bathrooms,0.14829927163642126,-0.14829927163642126,2
317,logit_diff,bedrooms,0.13177966813266936,-0.13177966813266936,2
317,logit_diff,year_built,0.21278477439748195,0.21278477439748195,4
317,logit_diff,property_type,0.3837044203593463,0.3837044203593463,6
318,single_logit,lot,0.3263613519020374,0.3263613519020374,10
318,single_logit,bathrooms,0.08082603779739617,0.08082603779739617,2
318,single_logit,bedrooms,0.06718940437119614,0.06718940437119614,2
318,single_logit,year_built,0.20797246201010341,0.20797246201010341,4
318,single_logit,property_type,0.31765074391926684,0.31765074391926684,10
318,logit_diff,lot,0.10796706042461075,-0.10796706042461075,10
318,logit_diff,bathrooms,0.221263472524326,-0.221263472524326,2
318,logit_diff,bedrooms,0.0744719469780319,-0.0744719469780319,2
318,logit_diff,year_built,0.2812607419466566,0.18009942668748033,4
318,logit_diff,property_type,0.31503677812637476,0.31503677812637476,10
319,single_logit,lot,0.26912472752855476,0.26912472752855476,10
319,single_logit,bathrooms,0.098041926651838,0.098041926651838,2
319,single_logit,bedrooms,0.06623984427582559,0.06623984427582559,2
319,single_logit,year_built,0.27670621274745,0.27670621274745,4
319,single_logit,property_type,0.28988728879633163,0.28988728879633163,10
319,logit_diff,lot,0.12801886552357983,-0.12801886552357983,10
319,logit_diff,bathrooms,0.2531944042793661,-0.2531944042793661,2
319,logit_diff,bedrooms,0.16851887219908512,-0.16851887219908512,2
319,logit_diff,year_built,0.1346980707646854,0.1346980707646854,4
319,logit_diff,property_type,0.31556978723328355,0.30507896747764257,10
320,single_logit,lot,0.2038870462839969,0.2038870462839969,12
320,single_logit,bathrooms,0.27873165821103374,0.27873165821103374,2
320,single_logit,bedrooms,0.13649821945313997,0.13649821945313997,2
320,single_logit,year_built,0.027995039231329392,-0.027995039231329392,4
320,single_logit,property_type,0.3528880368205,0.3528880368205,10
320,logit_diff,lot,0.175356883995792,-0.175356883995792,12
320,logit_diff,bathrooms,0.25564781962306493,-0.0779775202711279,2
320,logit_diff,bedrooms,0.11548569457875905,-0.11548569457875905,2
320,logit_diff,year_built,0.15681871560854996,-0.15681871560854996,4
320,logit_diff,property_type,0.29669088619383405,0.2694357694977025,10
321,single_logit,lot,0.21895812616151072,0.21895812616151072,12
321,single_logit,bathrooms,0.04378183823523487,0.04378183823523487,2
321,single_logit,bedrooms,0.13120883883192136,0.13120883883192136,2
321,single_logit,year_built,0.22667946770422215,0.22667946770422215,4
321,single_logit,property_type,0.37937172906711086,0.37937172906711086,10
321,logit_diff,lot,0.17402267982479197,-0.17402267982479197,12
321,logit_diff,bathrooms,0.24521974963283089,-0.24521974963283089,2
321,logit_diff,bedrooms,0.14356219519643582,-0.14356219519643582,2
321,logit_diff,year_built,0.2164103091103029,0.06993806941664205,4
321,logit_diff,property_type,0.22078506623563843,0.18689274858334073,10
322,single_logit,lot,0.17213134970717608,0.17213134970717608,12
322,single_logit,bathrooms,0.12815266679481607,0.12815266679481607,2
322,single_logit,bedrooms,0.09184811106337007,0.09184811106337007,2
322,single_logit,year_built,0.2664279453041096,0.2664279453041096,4
322,single_logit,property_type,0.3414399271305281,0.3414399271305281,10
322,logit_diff,lot,0.23392812417328246,-0.23392812417328246,12
322,logit_diff,bathrooms,0.2122698605042728,-0.2122698605042728,2
322,logit_diff,bedrooms,0.08294779458894444,-0.08294779458894444,2
322,logit_diff,year_built,0.19326597096588352,-0.19326597096588352,4
322,logit_diff,property_type,0.2775882497676168,0.22784347581881997,10
323,single_logit,lot,0.20885501044134586,0.20885501044134586,12
323,single_logit,bathrooms,0.12765598808843773,0.12765598808843773,2
323,single_logit,bedrooms,0.009102231545038253,0.0028093307237772387,2
323,single_logit,year_built,0.271418805659865,0.271418805659865,4
323,single_logit,property_type,0.3829679642653132,0.3829679642653132,10
323,logit_diff,lot,0.15533991321666787,-0.15533991321666787,12
323,logit_diff,bathrooms,0.12584141485477934,-0.07024200390713654,2
323,logit_diff,bedrooms,0.2177289909629066,-0.2177289909629066,2
323,logit_diff,year_built,0.20730410141022357,0.20730410141022357,4
323,logit_diff,property_type,0.29378557955542256,0.29378557955542256,10
324,single_logit,lot,0.17068851012305564,0.17068851012305564,12
324,single_logit,bathrooms,0.1306331697202259,0.016731341934610212,2
324,single_logit,bedrooms,0.028234139514654734,-0.011985432443542892,2
324,single_logit,year_built,0.23633020482636927,0.23633020482636927,4
324,single_logit,property_type,0.4341139758156945,0.4341139758156945,10
324,logit_diff,lot,0.17421201071060932,-0.17421201071060932,12
324,logit_diff,bathrooms,0.1716448696258962,-0.1716448696258962,2
324,logit_diff,bedrooms,0.18880935658848583,-0.18880935658848583,2
324,logit_diff,year_built,0.21376561723804047,0.21376561723804047,4
324,logit_diff,property_type,0.2515681458369682,0.2515681458369682,10
325,single_logit,lot,0.32219883226754575,0.32219883226754575,8
325,single_logit,bathrooms,0.039348082244376484,-0.039348082244376484,2
325,single_logit,bedrooms,0.06466219168288517,0.03786524738186969,2
325,single_logit,year_built,0.15155366670638545,0.15155366670638545,4
325,single_logit,property_type,0.4222372270988071,0.4222372270988071,4
325,logit_diff,lot,0.09440168253930603,-0.09440168253930603,8
325,logit_diff,bathrooms,0.17761542749386244,-0.17761542749386244,2
325,logit_diff,bedrooms,0.11461508355373175,-0.11461508355373175,2
325,logit_diff,year_built,0.09722041027708923,0.09722041027708923,4
325,logit_diff,property_type,0.5161473961360106,0.5161473961360106,4
326,single_logit,lot,0.1738704489137147,0.1738704489137147,12
326,single_logit,bathrooms,0.24820167985900418,0.24820167985900418,2
326,single_logit,bedrooms,0.12128036629474068,0.12128036629474068,2
326,single_logit,year_built,0.13813910642979182,0.13813910642979182,4
326,single_logit,property_type,0.3185083985027486,0.3185083985027486,10
326,logit_diff,lot,0.2117405109864439,-0.2117405109864439,12
326,logit_diff,bathrooms,0.15095147037668688,0.06788350147117281,2
326,logit_diff,bedrooms,0.1996310865632516,-0.1996310865632516,2
326,logit_diff,year_built,0.16000213869577726,-0.0340464230754371,4
326,logit_diff,property_type,0.27767479337784035,0.24766314145876928,10
327,single_logit,lot,0.2024211658550407,0.2024211658550407,12
327,single_logit,bathrooms,0.2707565463399921,0.2707565463399921,2
327,single_logit,bedrooms,0.09562759660187126,0.09562759660187126,2
327,single_logit,year_built,0.1855416754153654,0.1855416754153654,4
327,single_logit,property_type,0.24565301578773058,0.24565301578773058,10
327,logit_diff,lot,0.08563287790180514,-0.08563287790180514,12
327,logit_diff,bathrooms,0.30633414314349133,-0.07302702483606449,2
327,logit_diff,bedrooms,0.14605404967212898,-0.14605404967212898,2
327,logit_diff,year_built,0.16460718179362915,-0.029815416795893217,4
327,logit_diff,property_type,0.2973717474889454,0.2639879639831705,10
328,single_logit,lot,0.19812675303085123,0.19812675303085123,12
328,single_logit,bathrooms,0.05899155521284612,0.05899155521284612,2
328,single_logit,bedrooms,0.002722022445124003,0.0015410391620543297,2
328,single_logit,year_built,0.1543919609086207,0.1543919609086207,4
328,single_logit,property_type,0.585767708402558,0.585767708402558,4
328,logit_diff,lot,0.046769934444721904,-0.046769934444721904,12
328,logit_diff,bathrooms,0.08474552066282452,-0.055050324743236415,2
328,logit_diff,bedrooms,0.131572560382175,-0.131572560382175,2
328,logit_diff,year_built,0.1885787706258843,0.1885787706258843,4
328,logit_diff,property_type,0.5483332138843943,0.5483332138843943,4
329,single_logit,lot,0.16589581538059106,0.16589581538059106,12
329,single_logit,bathrooms,0.27515384157543654,0.27515384157543654,2
329,single_logit,bedrooms,0.008580184563016085,-0.005236301071647931,2
329,single_logit,year_built,0.18984806657311604,0.18984806657311604,4
329,single_logit,property_type,0.36052209190784024,0.36052209190784024,10
329,logit_diff,lot,0.17882293711810118,-0.17882293711810118,12
329,logit_diff,bathrooms,0.21920726646583794,-0.06596704654392506,2
329,logit_diff,bedrooms,0.21920726646583794,-0.21920726646583794,2
329,logit_diff,year_built,0.14407243938514067,0.14407243938514067,4
329,logit_diff,property_type,0.23869009056508228,0.23569903806599615,10
330,single_logit,lot,0.29794123820592183,0.29794123820592183,10
330,single_logit,bathrooms,0.0595100280737276,0.0595100280737276,2
330,single_logit,bedrooms,0.013833265595213888,0.013833265595213888,2
330,single_logit,year_built,0.11959497558271005,0.11959497558271005,4
330,single_logit,property_type,0.5091204925424266,0.5091204925424266,4
330,logit_diff,lot,0.04021730012274879,-0.04021730012274879,10
330,logit_diff,bathrooms,0.08302195909993089,-0.0398124942983302,2
330,logit_diff,bedrooms,0.11413820890988861,-0.11413820890988861,2
330,logit_diff,year_built,0.11033625582943134,0.11033625582943134,4
330,logit_diff,property_type,0.6522862760380004,0.6522862760380004,4
331,single_logit,lot,0.399374376955072,0.399374376955072,8
331,single_logit,bathrooms,0.06951978275067891,0.06951978275067891,2
331,single_logit,bedrooms,0.10207968100099687,0.10207968100099687,2
331,single_logit,year_built,0.10320717747757038,-0.010477467257914819,4
331,single_logit,property_type,0.3258189818156818,0.3258189818156818,4
331,logit_diff,lot,0.11338807084209812,-0.11338807084209812,8
331,logit_diff,bathrooms,0.17986473954445725,-0.17986473954445725,2
331,logit_diff,bedrooms,0.08341815385311348,-0.08341815385311348,2
331,logit_diff,year_built,0.07830630386103006,-0.04030671099952501,4
331,logit_diff,property_type,0.5450227318993011,0.5450227318993011,4
332,single_logit,lot,0.3081863390221466,0.3081863390221466,10
332,single_logit,bathrooms,0.12541953776377227,0.12541953776377227,2
332,single_logit,bedrooms,0.08012213931589073,0.03949327496988,2
332,single_logit,year_built,0.14074999434153718,0.13936205177071073,4
332,single_logit,property_type,0.3455219895566532,0.3455219895566532,10
332,logit_diff,lot,0.19370048969017695,-0.19370048969017695,10
332,logit_diff,bathrooms,0.2147635201432507,-0.2147635201432507,2
332,logit_diff,bedrooms,0.08590540805730028,-0.08590540805730028,2
332,logit_diff,year_built,0.15138209102780353,-0.03561931553595377,4
332,logit_diff,property_type,0.35424849108146855,0.33632097608342065,10
333,single_logit,lot,0.2154031709961258,0.2154031709961258,10
333,single_logit,bathrooms,0.17676730794608597,0.17676730794608597,2
333,single_logit,bedrooms,0.1023101106164381,0.1023101106164381,2
333,single_logit,year_built,0.20330433556578376,0.20330433556578376,4
333,single_logit,property_type,0.30221507487556637,0.30221507487556637,10
333,logit_diff,lot,0.12009838033570919,-0.12009838033570919,10
333,logit_diff,bathrooms,0.2618656397902804,-0.06660693973759745,2
333,logit_diff,bedrooms,0.1441629654594575,-0.1441629654594575,2
333,logit_diff,year_built,0.15334423026917768,0.15334423026917768,4
333,logit_diff,property_type,0.3205287841453752,0.3205287841453752,10
334,single_logit,lot,0.12236416495204998,0.12236416495204998,12
334,single_logit,bathrooms,0.027432359314586423,0.018248308889033473,2
334,single_logit,bedrooms,0.15588927331025532,0.15588927331025532,2
334,single_logit,year_built,0.31641050248731123,0.31641050248731123,4
334,single_logit,property_type,0.37790369993579703,0.37790369993579703,10
334,logit_diff,lot,0.20469590531491372,-0.20469590531491372,12
334,logit_diff,bathrooms,0.2679707445302414,-0.2679707445302414,2
334,logit_diff,bedrooms,0.11817343392327415,-0.11817343392327415,2
334,logit_diff,year_built,0.14948523287653603,0.14948523287653603,4
334,logit_diff,property_type,0.25967468335503474,0.255159958696066,10
335,single_logit,lot,0.3450495351797898,0.3450495351797898,10
335,single_logit,bathrooms,0.040418087961476945,0.040418087961476945,2
335,single_logit,bedrooms,0.031900851118413745,0.030222068331037435,2
335,single_logit,year_built,0.2097921542063433,0.2097921542063433,4
335,single_logit,property_type,0.37283937153397617,0.37283937153397617,10
335,logit_diff,lot,0.07899547995500873,-0.07899547995500873,10
335,logit_diff,bathrooms,0.2322450162715768,-0.2322450162715768,2
335,logit_diff,bedrooms,0.18820189288507058,-0.18820189288507058,2
335,logit_diff,year_built,0.19714512072029863,0.02601721399387364,4
335,logit_diff,property_type,0.3034124901680453,0.3034124901680453,10
336,single_logit,lot,0.3243474026065293,0.3243474026065293,10
336,single_logit,bathrooms,0.07683562268756965,0.07683562268756965,2
336,single_logit,bedrooms,0.05596303768541504,0.05530041593931489,2
336,single_logit,year_built,0.21152596127119508,0.21152596127119508,4
336,single_logit,property_type,0.33132797574929096,0.33132797574929096,10
336,logit_diff,lot,0.06668686062883115,-0.06668686062883115,10
336,logit_diff,bathrooms,0.2928881677894864,-0.2928881677894864,2
336,logit_diff,bedrooms,0.09370740518946265,-0.09370740518946265,2
336,logit_diff,year_built,0.25611956709855377,-0.25611956709855377,4
336,logit_diff,property_type,0.29059799929366603,0.2711001349717951,10
337,single_logit,lot,0.26903274976532304,0.26903274976532304,10
337,single_logit,bathrooms,0.10888219033654188,0.10888219033654188,2
337,single_logit,bedrooms,0.07376588126773666,0.07376588126773666,2
337,single_logit,year_built,0.15640097406619824,0.15640097406619824,4
337,single_logit,property_type,0.3919182045642002,0.3919182045642002,10
337,logit_diff,lot,0.17699830517645868,-0.17699830517645868,10
337,logit_diff,bathrooms,0.2592980227323279,-0.2592980227323279,2
337,logit_diff,bedrooms,0.08436619658546635,-0.08436619658546635,2
337,logit_diff,year_built,0.09231764322850551,-0.056468748193786576,4
337,logit_diff,property_type,0.38701983227724157,0.3828149993733553,10
338,single_logit,lot,0.1135401991252618,0.1135401991252618,12
338,single_logit,bathrooms,0.16826376492241144,0.16826376492241144,2
338,single_logit,bedrooms,0.09667996152147078,0.09667996152147078,2
338,single_logit,year_built,0.33216931309978437,0.33216931309978437,4
338,single_logit,property_type,0.28934676133107157,0.28934676133107157,10
338,logit_diff,lot,0.2035774252996368,-0.2035774252996368,12
338,logit_diff,bathrooms,0.09387418865068425,0.09387418865068425,2
338,logit_diff,bedrooms,0.23395207952787717,-0.23395207952787717,2
338,logit_diff,year_built,0.235625130253341,0.235625130253341,4
338,logit_diff,property_type,0.23297117626846078,0.2123078544433615,10
339,single_logit,lot,0.23088335234134824,0.23088335234134824,12
339,single_logit,bathrooms,0.10909129999162509,0.10909129999162509,2
339,single_logit,bedrooms,0.10169852579977691,0.10169852579977691,2
339,single_logit,year_built,0.1896840300416178,0.1896840300416178,4
339,single_logit,property_type,0.368642791825632,0.368642791825632,10
339,logit_diff,lot,0.17665780199108574,-0.17665780199108574,12
339,logit_diff,bathrooms,0.2294799618269573,-0.2294799618269573,2
339,logit_diff,bedrooms,0.13441560940947228,-0.13441560940947228,2
339,logit_diff,year_built,0.19805073420309377,0.05089774424095194,4
339,logit_diff,property_type,0.26139589256939094,0.23099186811405287,10
340,single_logit,lot,0.24357851121241483,0.24357851121241483,12
340,single_logit,bathrooms,0.07092935284113215,0.07092935284113215,2
340,single_logit,bedrooms,0.05905833144512677,0.03294208437391493,2
340,single_logit,year_built,0.25077532699061367,0.25077532699061367,4
340,single_logit,property_type,0.37565847751071263,0.37565847751071263,10
340,logit_diff,lot,0.15568261902880787,-0.15568261902880787,12
340,logit_diff,bathrooms,0.18853868901985182,-0.18853868901985182,2
340,logit_diff,bedrooms,0.28047077705432505,-0.28047077705432505,2
340,logit_diff,year_built,0.09215468388927822,0.09215468388927822,4
340,logit_diff,property_type,0.2831532310077371,0.2831532310077371,10
341,single_logit,lot,0.21758253439069364,0.21758253439069364,12
341,single_logit,bathrooms,0.12753528231908132,0.12753528231908132,2
341,single_logit,bedrooms,0.10771561006679166,0.10771561006679166,2
341,single_logit,year_built,0.1716268720397547,0.1716268720397547,4
341,single_logit,property_type,0.3755397011836787,0.3755397011836787,10
341,logit_diff,lot,0.21577150249027208,-0.21577150249027208,12
341,logit_diff,bathrooms,0.20267289022366133,-0.20267289022366133,2
341,logit_diff,bedrooms,0.10057642177349194,-0.10057642177349194,2
341,logit_diff,year_built,0.15760192287821975,-0.15760192287821975,4
341,logit_diff,property_type,0.3233772626343549,0.27982792689381714,10
342,single_logit,lot,0.1229486858564196,0.1229486858564196,12
342,single_logit,bathrooms,0.03212642215174806,-0.001910219695509344,2
342,single_logit,bedrooms,0.16288964312616042,0.16288964312616042,2
342,single_logit,year_built,0.28297299943931603,0.28297299943931603,4
342,single_logit,property_type,0.39906224942635593,0.39906224942635593,10
342,logit_diff,lot,0.16799623981273407,-0.16799623981273407,12
342,logit_diff,bathrooms,0.2028488590884008,-0.2028488590884008,2
342,logit_diff,bedrooms,0.0963416563096391,-0.0963416563096391,2
342,logit_diff,year_built,0.24535932614109526,0.19557125195709713,4
342,logit_diff,property_type,0.2874539186481308,0.2874539186481308,10
343,single_logit,lot,0.24591164944718424,0.24591164944718424,10
343,single_logit,bathrooms,0.06089414476737141,0.06089414476737141,2
343,single_logit,bedrooms,0.04719296219471284,0.04719296219471284,2
343,single_logit,year_built,0.14990425793905257,0.14990425793905257,4
343,single_logit,property_type,0.4960969856516789,0.4960969856516789,4
343,logit_diff,lot,0.04582863924458854,-0.04582863924458854,10
343,logit_diff,bathrooms,0.10147831545996336,-0.10147831545996336,2
343,logit_diff,bedrooms,0.12879146206172978,-0.12879146206172978,2
343,logit_diff,year_built,0.07368357685262425,0.07368357685262425,4
343,logit_diff,property_type,0.6502180063810941,0.6502180063810941,4
344,single_logit,lot,0.3816769648322458,0.3816769648322458,8
344,single_logit,bathrooms,0.022088121499104926,0.01394583357394468,2
344,single_logit,bedrooms,0.0367846624704048,0.0367846624704048,2
344,single_logit,year_built,0.11145117514581047,0.05023964889992493,4
344,single_logit,property_type,0.447999076052434,0.447999076052434,4
344,logit_diff,lot,0.06020579368796293,-0.06020579368796293,8
344,logit_diff,bathrooms,0.20224708883321435,-0.20224708883321435,2
344,logit_diff,bedrooms,0.12251226532199028,-0.12251226532199028,2
344,logit_diff,year_built,0.050634522959682446,-0.050634522959682446,4
344,logit_diff,property_type,0.56440032919715,0.56440032919715,4
345,single_logit,lot,0.18655788062774487,0.18655788062774487,8
345,single_logit,bathrooms,0.15768037084998585,0.15768037084998585,2
345,single_logit,bedrooms,0.05585604498963369,0.05153424080520717,2
345,single_logit,year_built,0.21916785765569044,0.21916785765569044,4
345,single_logit,property_type,0.38073784587694515,0.38073784587694515,10
345,logit_diff,lot,0.28520209876130387,-0.28520209876130387,8
345,logit_diff,bathrooms,0.1401644163155635,-0.1401644163155635,2
345,logit_diff,bedrooms,0.07472341399604544,-0.07472341399604544,2
345,logit_diff,year_built,0.12392019588164058,0.12392019588164058,4
345,logit_diff,property_type,0.3759898750454466,0.36298289586076055,10
346,single_logit,lot,0.32612257056931926,0.32612257056931926,10
346,single_logit,bathrooms,0.08533621324911847,0.08533621324911847,2
346,single_logit,bedrooms,0.0808081692807979,0.0808081692807979,2
346,single_logit,year_built,0.24851995164590215,0.24851995164590215,4
346,single_logit,property_type,0.2592130952548622,0.2592130952548622,10
346,logit_diff,lot,0.10983860192040253,-0.10983860192040253,10
346,logit_diff,bathrooms,0.22434582624424595,-0.0559604195800254,2
346,logit_diff,bedrooms,0.07763878031823343,-0.07763878031823343,2
346,logit_diff,year_built,0.17809025420399974,-0.021678360738208037,4
346,logit_diff,property_type,0.41008653731311834,0.39531500352032256,10
347,single_logit,lot,0.2769214260004417,0.2769214260004417,10
347,single_logit,bathrooms,0.06988383452777087,0.06988383452777087,2
347,single_logit,bedrooms,0.07276683100168882,0.07276683100168882,2
347,single_logit,year_built,0.2788434189573432,0.2788434189573432,4
347,single_logit,property_type,0.30158448951275546,0.30158448951275546,10
347,logit_diff,lot,0.11683359543950576,-0.11683359543950576,10
347,logit_diff,bathrooms,0.3053613096507844,-0.3053613096507844,2
347,logit_diff,bedrooms,0.18122332916960499,-0.18122332916960499,2
347,logit_diff,year_built,0.08625097822665886,0.05861442052829411,4
347,logit_diff,property_type,0.310330787513446,0.310330787513446,10
348,single_logit,lot,0.3853320679458561,0.3853320679458561,10
348,single_logit,bathrooms,0.07773861491983314,0.07773861491983314,2
348,single_logit,bedrooms,0.04984048295263495,0.04984048295263495,2
348,single_logit,year_built,0.16576923732569257,0.16576923732569257,4
348,single_logit,property_type,0.3213195968559832,0.3213195968559832,10
348,logit_diff,lot,0.0470961141830934,-0.0470961141830934,10
348,logit_diff,bathrooms,0.10726357393457367,-0.05610019557247577,2
348,logit_diff,bedrooms,0.2782569700394798,-0.2782569700394798,2
348,logit_diff,year_built,0.20002524731366234,0.20002524731366234,4
348,logit_diff,property_type,0.36735809452919077,0.36735809452919077,10
349,single_logit,lot,0.24941604314433674,0.24941604314433674,8
349,single_logit,bathrooms,0.10938472969657112,0.10938472969657112,2
349,single_logit,bedrooms,0.012150584647508842,0.012150584647508842,2
349,single_logit,year_built,0.1382632413082736,0.1382632413082736,4
349,single_logit,property_type,0.4907854012033097,0.4907854012033097,7
349,logit_diff,lot,0.10098543538108123,-0.10098543538108123,8
349,logit_diff,bathrooms,0.1360358567651265,-0.1360358567651265,2
349,logit_diff,bedrooms,0.15973798597974728,-0.15973798597974728,2
349,logit_diff,year_built,0.1107176732858725,-0.1107176732858725,4
349,logit_diff,property_type,0.4925230485881725,0.4925230485881725,7
350,single_logit,lot,0.1664345229627119,0.1664345229627119,12
350,single_logit,bathrooms,0.2148794878946142,0.2148794878946142,2
350,single_logit,bedrooms,0.1167598181210494,0.06549941016546673,2
350,single_logit,year_built,0.03816618916200461,0.03816618916200461,4
350,single_logit,property_type,0.4637599818596199,0.4637599818596199,6
350,logit_diff,lot,0.10735835987313598,-0.08829599862050629,12
350,logit_diff,bathrooms,0.23012425958600535,-0.07533215672546363,2
350,logit_diff,bedrooms,0.12452164719003578,-0.12452164719003578,2
350,logit_diff,year_built,0.1438706600476035,-0.1438706600476035,4
350,logit_diff,property_type,0.3941250733032194,0.3941250733032194,6
351,single_logit,lot,0.189299493033192,0.189299493033192,12
351,single_logit,bathrooms,0.030673086120587955,0.030673086120587955,2
351,single_logit,bedrooms,0.13748684755922583,0.13748684755922583,2
351,single_logit,year_built,0.3201224372668431,0.3201224372668431,4
351,single_logit,property_type,0.3224181360201511,0.3224181360201511,10
351,logit_diff,lot,0.13312429897757996,-0.13312429897757996,12
351,logit_diff,bathrooms,0.24703341452910482,-0.24703341452910482,2
351,logit_diff,bedrooms,0.11102427675773871,-0.11102427675773871,2
351,logit_diff,year_built,0.2875458388135253,0.2875458388135253,4
351,logit_diff,property_type,0.22127217092205118,0.21177528475946902,10
352,single_logit,lot,0.3291861019318265,0.3291861019318265,10
352,single_logit,bathrooms,0.0412919225191562,0.0412919225191562,2
352,single_logit,bedrooms,0.03584525279910822,0.01710048757388649,2
352,single_logit,year_built,0.17274164400808775,0.17274164400808775,4
352,single_logit,property_type,0.4209350787418213,0.4209350787418213,10
352,logit_diff,lot,0.1451781836946558,-0.1451781836946558,10
352,logit_diff,bathrooms,0.2921433434681842,-0.2921433434681842,2
352,logit_diff,bedrooms,0.14840711997402672,-0.14840711997402672,2
352,logit_diff,year_built,0.11788705774760849,0.10918220521694312,4
352,logit_diff,property_type,0.2963842951155248,0.2963842951155248,10
353,single_logit,lot,0.1972009188839446,0.1972009188839446,12
353,single_logit,bathrooms,0.07670054945089413,0.07670054945089413,2
353,single_logit,bedrooms,0.050748269737191265,0.011948326798883005,2
353,single_logit,year_built,0.2866313665409461,0.2866313665409461,4
353,single_logit,property_type,0.3887188953870239,0.3887188953870239,10
353,logit_diff,lot,0.10824588701920862,-0.10824588701920862,12
353,logit_diff,bathrooms,0.13709625024353447,-0.13709625024353447,2
353,logit_diff,bedrooms,0.21318634512197535,-0.21318634512197535,2
353,logit_diff,year_built,0.19979236549854937,0.19979236549854937,4
353,logit_diff,property_type,0.3416791521167322,0.3416791521167322,10
354,single_logit,lot,0.35955532580314764,0.35955532580314764,8
354,single_logit,bathrooms,0.15347489335040282,0.15347489335040282,2
354,single_logit,bedrooms,0.035238643275849066,0.035238643275849066,2
354,single_logit,year_built,0.1631175593470893,0.1631175593470893,4
354,single_logit,property_type,0.2886135782235112,0.2886135782235112,10
354,logit_diff,lot,0.07043671523481763,-0.0680877061512363,8
354,logit_diff,bathrooms,0.18845764304846874,-0.18845764304846874,2
354,logit_diff,bedrooms,0.24590769377834382,-0.24590769377834382,2
354,logit_diff,year_built,0.1336921741284009,0.1336921741284009,4
354,logit_diff,property_type,0.3615057738099689,0.33780091561010156,10
355,single_logit,lot,0.12568646817359405,0.12568646817359405,12
355,single_logit,bathrooms,0.038828034483038704,0.038828034483038704,2
355,single_logit,bedrooms,0.009647638537452277,0.009647638537452277,2
355,single_logit,year_built,0.2956630148708452,0.2956630148708452,4
355,single_logit,property_type,0.5301748439350698,0.5301748439350698,4
355,logit_diff,lot,0.12376827602243991,-0.12376827602243991,12
355,logit_diff,bathrooms,0.1510333401156876,-0.1510333401156876,2
355,logit_diff,bedrooms,0.11266459320408104,-0.11266459320408104,2
355,logit_diff,year_built,0.11368194634188879,0.11368194634188879,4
355,logit_diff,property_type,0.4988518443159027,0.4988518443159027,4
356,single_logit,lot,0.2700749551337056,0.2700749551337056,12
356,single_logit,bathrooms,0.02742986926115572,-0.011535926324785117,2
356,single_logit,bedrooms,0.03889255160927554,0.03889255160927554,2
356,single_logit,year_built,0.10499524054971089,0.07518494204693284,4
356,single_logit,property_type,0.5586073834461522,0.5586073834461522,6
356,logit_diff,lot,0.10831499031882368,-0.10831499031882368,12
356,logit_diff,bathrooms,0.20460147126637673,-0.20460147126637673,2
356,logit_diff,bedrooms,0.08022900157534293,-0.08022900157534293,2
356,logit_diff,year_built,0.1949341393352867,0.09228305871705317,4
356,logit_diff,property_type,0.4119203975041699,0.4119203975041699,6
357,single_logit,lot,0.2846354524234519,0.2846354524234519,10
357,single_logit,bathrooms,0.08006887477397251,0.08006887477397251,2
357,single_logit,bedrooms,0.08241617077711828,0.08241617077711828,2
357,single_logit,year_built,0.1862840189163188,0.1862840189163188,4
357,single_logit,property_type,0.36659548310913853,0.36659548310913853,10
357,logit_diff,lot,0.07997177136488584,-0.07997177136488584,10
357,logit_diff,bathrooms,0.1534636799878114,-0.1534636799878114,2
357,logit_diff,bedrooms,0.2735656904130551,-0.2735656904130551,2
357,logit_diff,year_built,0.1008548933699162,0.1008548933699162,4
357,logit_diff,property_type,0.39214396486433145,0.39214396486433145,10
358,single_logit,lot,0.2619309214570799,0.2619309214570799,11
358,single_logit,bathrooms,0.09182388972944822,0.09182388972944822,2
358,single_logit,bedrooms,0.07996391031114389,0.051005187559701425,2
358,single_logit,year_built,0.18059183384191005,0.18059183384191005,4
358,single_logit,property_type,0.385689444660418,0.385689444660418,10
358,logit_diff,lot,0.15884863720121722,-0.15884863720121722,11
358,logit_diff,bathrooms,0.1817889116179593,-0.1371894838948421,2
358,logit_diff,bedrooms,0.1319485373190841,-0.1319485373190841,2
358,logit_diff,year_built,0.23666470517589613,0.23666470517589613,4
358,logit_diff,property_type,0.29074920868584325,0.29074920868584325,10
359,single_logit,lot,0.2432108130590158,0.2432108130590158,12
359,single_logit,bathrooms,0.20335953242971053,0.20335953242971053,2
359,single_logit,bedrooms,0.13118881942812172,0.13118881942812172,2
359,single_logit,year_built,0.042366569256189694,0.02086711620080985,4
359,single_logit,property_type,0.3798742658269623,0.3798742658269623,10
359,logit_diff,lot,0.1442347949258187,-0.1442347949258187,12
359,logit_diff,bathrooms,0.26861581119534256,-0.26861581119534256,2
359,logit_diff,bedrooms,0.04954872733535711,-0.04954872733535711,2
359,logit_diff,year_built,0.25911745931298474,-0.25911745931298474,4
359,logit_diff,property_type,0.2784832072304969,0.26988024157008533,10
360,single_logit,lot,0.16978364659199757,0.16978364659199757,12
360,single_logit,bathrooms,0.08778080327230975,0.08778080327230975,2
360,single_logit,bedrooms,0.06129837225530111,0.06129837225530111,2
360,single_logit,year_built,0.11994675799672117,0.11994675799672117,4
360,single_logit,property_type,0.5611904198836704,0.5611904198836704,9
360,logit_diff,lot,0.16985780279445306,-0.16985780279445306,12
360,logit_diff,bathrooms,0.18790572822159346,-0.18790572822159346,2
360,logit_diff,bedrooms,0.13333016745135123,-0.13333016745135123,2
360,logit_diff,year_built,0.198797093098408,0.0934455359153455,4
360,logit_diff,property_type,0.3101092084341942,0.20773685512229206,9
361,single_logit,lot,0.2952114813779939,0.2952114813779939,10
361,single_logit,bathrooms,0.08325214116716188,0.08325214116716188,2
361,single_logit,bedrooms,0.07062784107214143,0.045834170615254424,2
361,single_logit,year_built,0.20943827590072214,0.20943827590072214,4
361,single_logit,property_type,0.3414702604819806,0.3414702604819806,10
361,logit_diff,lot,0.12006860504191205,-0.12006860504191205,10
361,logit_diff,bathrooms,0.10451631882600694,-0.041173095295093644,2
361,logit_diff,bedrooms,0.2486221523588347,-0.2486221523588347,2
361,logit_diff,year_built,0.17738576933324898,0.17738576933324898,4
361,logit_diff,property_type,0.3494071544399973,0.3494071544399973,10
362,single_logit,lot,0.19907905959507255,0.19907905959507255,10
362,single_logit,bathrooms,0.13106199614031105,0.13106199614031105,2
362,single_logit,bedrooms,0.12067951290697367,0.12067951290697367,2
362,single_logit,year_built,0.18857016625743317,0.18857016625743317,4
362,single_logit,property_type,0.3606092651002096,0.3606092651002096,10
362,logit_diff,lot,0.14228854268782096,-0.14228854268782096,10
362,logit_diff,bathrooms,0.12682962686952637,-0.008057411589358146,2
362,logit_diff,bedrooms,0.16443088095319772,-0.16443088095319772,2
362,logit_diff,year_built,0.10579082994175788,0.05595424714832046,4
362,logit_diff,property_type,0.4606601195476971,0.4606601195476971,10
363,single_logit,lot,0.13347914404822528,0.13347914404822528,12
363,single_logit,bathrooms,0.16324669865146327,0.16324669865146327,2
363,single_logit,bedrooms,0.09046949689228366,0.09046949689228366,2
363,single_logit,year_built,0.36828194715719076,0.36828194715719076,4
363,single_logit,property_type,0.24452271325083705,0.24452271325083705,10
363,logit_diff,lot,0.20979707503318631,-0.20979707503318631,12
363,logit_diff,bathrooms,0.10732593176617886,0.10732593176617886,2
363,logit_diff,bedrooms,0.11950774006840659,-0.11950774006840659,2
363,logit_diff,year_built,0.3001345528255765,0.3001345528255765,4
363,logit_diff,property_type,0.26323470030665175,0.24162774290851935,10
364,single_logit,lot,0.20543864706447584,0.20543864706447584,12
364,single_logit,bathrooms,0.13202652061112713,0.13202652061112713,2
364,single_logit,bedrooms,0.1302969155376189,0.1302969155376189,2
364,single_logit,year_built,0.1318343422696262,0.1318343422696262,4
364,single_logit,property_type,0.4004035745171519,0.4004035745171519,9
364,logit_diff,lot,0.10912923458033275,-0.10912923458033275,12
364,logit_diff,bathrooms,0.1207072146405914,-0.1207072146405914,2
364,logit_diff,bedrooms,0.10245392852420929,-0.10245392852420929,2
364,logit_diff,year_built,0.20367134411795398,0.04257137374885248,4
364,logit_diff,property_type,0.46403827813691256,0.3033063175685446,9
365,single_logit,lot,0.17194133866148356,0.17194133866148356,12
365,single_logit,bathrooms,0.08681632008816283,0.08681632008816283,2
365,single_logit,bedrooms,0.07474782721455021,0.07474782721455021,2
365,single_logit,year_built,0.3554923431338673,0.3554923431338673,4
365,single_logit,property_type,0.3110021709019361,0.3110021709019361,10
365,logit_diff,lot,0.17303804977984788,-0.17303804977984788,12
365,logit_diff,bathrooms,0.2561242996200775,-0.2561242996200775,2
365,logit_diff,bedrooms,0.1250370596570457,-0.1250370596570457,2
365,logit_diff,year_built,0.12175987865796992,0.12175987865796992,4
365,logit_diff,property_type,0.324040712285059,0.31252646308255927,10
366,single_logit,lot,0.1479802912699534,0.1479802912699534,12
366,single_logit,bathrooms,0.07594085236539722,0.07594085236539722,2
366,single_logit,bedrooms,0.07821060056357076,0.07821060056357076,2
366,single_logit,year_built,0.19705789778359825,0.19705789778359825,4
366,single_logit,property_type,0.5008103580174803,0.5008103580174803,10
366,logit_diff,lot,0.17978248787828338,-0.17978248787828338,12
366,logit_diff,bathrooms,0.23580568724961457,-0.23580568724961457,2
366,logit_diff,bedrooms,0.190911073965492,-0.190911073965492,2
366,logit_diff,year_built,0.12738301681829917,-0.03454270002686128,4
366,logit_diff,property_type,0.26611773408831085,0.2376608700467244,10
367,single_logit,lot,0.14141316503787527,0.14141316503787527,10
367,single_logit,bathrooms,0.1455827265967027,0.1455827265967027,2
367,single_logit,bedrooms,0.08908347541235608,0.08908347541235608,2
367,single_logit,year_built,0.13874452357637504,0.13874452357637504,4
367,single_logit,property_type,0.4851761093766909,0.4851761093766909,7
367,logit_diff,lot,0.05806220201793332,-0.05806220201793332,10
367,logit_diff,bathrooms,0.04824684596878012,-0.018324948835848596,2
367,logit_diff,bedrooms,0.17953138279758915,-0.17953138279758915,2
367,logit_diff,year_built,0.09985769220694307,-0.04178442439864994,4
367,logit_diff,property_type,0.6143018770087544,0.6143018770087544,7
368,single_logit,lot,0.11807229636789776,0.11807229636789776,12
368,single_logit,bathrooms,0.043898860441266195,0.043898860441266195,2
368,single_logit,bedrooms,0.05026398987849376,0.05026398987849376,2
368,single_logit,year_built,0.24442097038953828,0.24442097038953828,4
368,single_logit,property_type,0.543343882922804,0.543343882922804,7
368,logit_diff,lot,0.0511843947793242,-0.0511843947793242,12
368,logit_diff,bathrooms,0.13800879931603133,-0.13800879931603133,2
368,logit_diff,bedrooms,0.1360465888992157,-0.1360465888992157,2
368,logit_diff,year_built,0.11192775252585715,0.11192775252585715,4
368,logit_diff,property_type,0.5628324644795716,0.5628324644795716,7
369,single_logit,lot,0.20138068805917886,0.20138068805917886,12
369,single_logit,bathrooms,0.06486347083547608,0.06486347083547608,2
369,single_logit,bedrooms,0.10479720910785104,0.10479720910785104,2
369,single_logit,year_built,0.13717349101891116,0.05936455684400935,4
369,single_logit,property_type,0.49178514097858284,0.49178514097858284,4
369,logit_diff,lot,0.05021456774062967,-0.029812409109903404,12
369,logit_diff,bathrooms,0.16875919536843292,-0.16875919536843292,2
369,logit_diff,bedrooms,0.10554806257840417,-0.10554806257840417,2
369,logit_diff,year_built,0.08401177031854856,-0.08401177031854856,4
369,logit_diff,property_type,0.5914664039939846,0.5914664039939846,4
370,single_logit,lot,0.33354099158781436,0.33354099158781436,10
370,single_logit,bathrooms,0.1251359108491429,0.1251359108491429,2
370,single_logit,bedrooms,0.08206965581664567,0.046084375331270626,2
370,single_logit,year_built,0.13970414536822218,0.13413223097048668,4
370,single_logit,property_type,0.31954929637817486,0.31954929637817486,10
370,logit_diff,lot,0.13035281694068004,-0.13035281694068004,10
370,logit_diff,bathrooms,0.23567836034783335,-0.23567836034783335,2
370,logit_diff,bedrooms,0.09600603257824177,-0.09600603257824177,2
370,logit_diff,year_built,0.12232544337850741,-0.09899687471463559,4
370,logit_diff,property_type,0.4156373467547374,0.39274244928791013,10
371,single_logit,lot,0.1320146259699658,0.1320146259699658,12
371,single_logit,bathrooms,0.03505386078173026,0.005086971881253732,2
371,single_logit,bedrooms,0.10987859263508062,0.03144673526593216,2
371,single_logit,year_built,0.28598031012430075,0.28598031012430075,4
371,single_logit,property_type,0.43707261048892254,0.43707261048892254,10
371,logit_diff,lot,0.16341770865227398,-0.16341770865227398,12
371,logit_diff,bathrooms,0.2677127246728824,-0.2677127246728824,2
371,logit_diff,bedrooms,0.13856487759450697,-0.13856487759450697,2
371,logit_diff,year_built,0.22710178057206512,0.22710178057206512,4
371,logit_diff,property_type,0.20320290850827152,0.19116886839558112,10
372,single_logit,lot,0.12758841373536275,0.12758841373536275,12
372,single_logit,bathrooms,0.09164646647920562,0.09164646647920562,2
372,single_logit,bedrooms,0.07319163007859845,0.07319163007859845,2
372,single_logit,year_built,0.41435501728029883,0.41435501728029883,4
372,single_logit,property_type,0.29321847242653437,0.29321847242653437,10
372,logit_diff,lot,0.3138662381202463,-0.3138662381202463,12
372,logit_diff,bathrooms,0.22235288988313986,-0.22235288988313986,2
372,logit_diff,bedrooms,0.08214559339359559,-0.08214559339359559,2
372,logit_diff,year_built,0.0610559164843048,0.0610559164843048,4
372,logit_diff,property_type,0.32057936211871346,0.2972700614090277,10
373,single_logit,lot,0.33479468476254626,0.33479468476254626,8
373,single_logit,bathrooms,0.03786679351838472,0.021048714190219368,2
373,single_logit,bedrooms,0.0926561264849855,0.0926561264849855,2
373,single_logit,year_built,0.24156729199603338,0.24156729199603338,4
373,single_logit,property_type,0.2931151032380501,0.2931151032380501,10
373,logit_diff,lot,0.14889976596216903,-0.14889976596216903,8
373,logit_diff,bathrooms,0.21136173554671847,-0.21136173554671847,2
373,logit_diff,bedrooms,0.2221794621691883,-0.2221794621691883,2
373,logit_diff,year_built,0.1122599178586594,0.06030362509016242,4
373,logit_diff,property_type,0.3052991184632648,0.29090322136207575,10
374,single_logit,lot,0.22265911724999146,0.22265911724999146,12
374,single_logit,bathrooms,0.040709166616156395,0.040709166616156395,2
374,single_logit,bedrooms,0.14220470843474986,0.14220470843474986,2
374,single_logit,year_built,0.17412050621094205,0.16769957648082054,4
374,single_logit,property_type,0.42030650148816023,0.42030650148816023,10
374,logit_diff,lot,0.21845201778139292,-0.21845201778139292,12
374,logit_diff,bathrooms,0.25547501109305926,-0.25547501109305926,2
374,logit_diff,bedrooms,0.15353670617415383,-0.15353670617415383,2
374,logit_diff,year_built,0.14137122945543673,-0.09061182659458258,4
374,logit_diff,property_type,0.2311650354959573,0.19156431064044213,10
375,single_logit,lot,0.15317587472203426,0.15317587472203426,12
375,single_logit,bathrooms,0.22893831754062308,0.22893831754062308,2
375,single_logit,bedrooms,0.018436138551949213,-0.014446227969810951,2
375,single_logit,year_built,0.24255904676930196,0.24255904676930196,4
375,single_logit,property_type,0.3568906224160915,0.3568906224160915,10
375,logit_diff,lot,0.14378344813440982,-0.14378344813440982,12
375,logit_diff,bathrooms,0.24395316263922778,-0.071496042336541,2
375,logit_diff,bedrooms,0.2576024070852947,-0.2576024070852947,2
375,logit_diff,year_built,0.0798643291100225,0.0798643291100225,4
375,logit_diff,property_type,0.27479665303104517,0.271368092860321,10
376,single_logit,lot,0.18954354959606431,0.18954354959606431,12
376,single_logit,bathrooms,0.09311407505815197,0.09085404997145448,2
376,single_logit,bedrooms,0.1328103221454677,0.1328103221454677,2
376,single_logit,year_built,0.15780599130709902,0.15780599130709902,4
376,single_logit,property_type,0.426726061893217,0.426726061893217,10
376,logit_diff,lot,0.1608976755742041,-0.1608976755742041,12
376,logit_diff,bathrooms,0.1843132942469123,-0.1843132942469123,2
376,logit_diff,bedrooms,0.2690411920379766,-0.2690411920379766,2
376,logit_diff,year_built,0.13118267824463653,0.03420738290557482,4
376,logit_diff,property_type,0.2545651598962705,0.2545651598962705,10
377,single_logit,lot,0.15889033662258475,0.15889033662258475,12
377,single_logit,bathrooms,0.11504517977107685,0.11504517977107685,2
377,single_logit,bedrooms,0.10906789353602701,0.10906789353602701,2
377,single_logit,year_built,0.2974578914618919,0.2974578914618919,4
377,single_logit,property_type,0.3195386986084195,0.3195386986084195,10
377,logit_diff,lot,0.18077320521927304,-0.18077320521927304,12
377,logit_diff,bathrooms,0.18720936829276927,-0.18720936829276927,2
377,logit_diff,bedrooms,0.13327619727709486,-0.13327619727709486,2
377,logit_diff,year_built,0.25939645705909326,0.25939645705909326,4
377,logit_diff,property_type,0.2393447721517696,0.21738985313275958,10
378,single_logit,lot,0.17199181199318148,0.17199181199318148,12
378,single_logit,bathrooms,0.022783232145070706,0.022783232145070706,2
378,single_logit,bedrooms,0.12484296838288912,0.12484296838288912,2
378,single_logit,year_built,0.39153632125160975,0.39153632125160975,4
378,single_logit,property_type,0.28884566622724894,0.28884566622724894,10
378,logit_diff,lot,0.11988222536762182,-0.11988222536762182,12
378,logit_diff,bathrooms,0.22087391825307293,-0.22087391825307293,2
378,logit_diff,bedrooms,0.11528068540401613,-0.11528068540401613,2
378,logit_diff,year_built,0.2957579265029086,0.2957579265029086,4
378,logit_diff,property_type,0.24820524447238052,0.24820524447238052,10
379,single_logit,lot,0.20085455996965454,0.20085455996965454,12
379,single_logit,bathrooms,0.13084366941771483,0.13084366941771483,2
379,single_logit,bedrooms,0.07541236119149082,0.07541236119149082,2
379,single_logit,year_built,0.19610436660265881,0.16774416239389303,4
379,single_logit,property_type,0.396785042818481,0.396785042818481,10
379,logit_diff,lot,0.1608187137616861,-0.1608187137616861,12
379,logit_diff,bathrooms,0.16070744606644774,-0.0995318019444767,2
379,logit_diff,bedrooms,0.18644005827648316,-0.18644005827648316,2
379,logit_diff,year_built,0.18898904344823195,0.10475115253424802,4
379,logit_diff,property_type,0.3030447384471511,0.28477549450029604,10
380,single_logit,lot,0.14716756058188574,0.14716756058188574,12
380,single_logit,bathrooms,0.19094812277803994,0.19094812277803994,2
380,single_logit,bedrooms,0.1100027229047404,0.1100027229047404,2
380,single_logit,year_built,0.18835371893594702,0.12885539082394906,4
380,single_logit,property_type,0.3635278747993869,0.3635278747993869,10
380,logit_diff,lot,0.23699765943427234,-0.23699765943427234,12
380,logit_diff,bathrooms,0.2650945304201838,-0.2650945304201838,2
380,logit_diff,bedrooms,0.04646290488111251,-0.04646290488111251,2
380,logit_diff,year_built,0.18442050000014865,-0.07670257678078148,4
380,logit_diff,property_type,0.26702440526428267,0.23675448281509062,10
381,single_logit,lot,0.11485806347938664,0.11485806347938664,12
381,single_logit,bathrooms,0.3249755546035659,0.3249755546035659,2
381,single_logit,bedrooms,0.08763673060858304,0.08763673060858304,2
381,single_logit,year_built,0.14130007252771953,0.14130007252771953,4
381,single_logit,property_type,0.3312295787807448,0.3312295787807448,10
381,logit_diff,lot,0.19708576791127566,-0.19708576791127566,12
381,logit_diff,bathrooms,0.27135272086744516,-0.051292282602992685,2
381,logit_diff,bedrooms,0.1360900078740693,-0.1360900078740693,2
381,logit_diff,year_built,0.16143884007781645,-0.016429559271271096,4
381,logit_diff,property_type,0.2340326632693934,0.21092786811393924,10
382,single_logit,lot,0.1153091118207417,0.1153091118207417,12
382,single_logit,bathrooms,0.07938449720738702,0.07938449720738702,2
382,single_logit,bedrooms,0.1632784096407558,0.1632784096407558,2
382,single_logit,year_built,0.20160843906160067,0.20160843906160067,4
382,single_logit,property_type,0.4404195422695148,0.4404195422695148,10
382,logit_diff,lot,0.2165606783743589,-0.2165606783743589,12
382,logit_diff,bathrooms,0.24244167119601284,-0.24244167119601284,2
382,logit_diff,bedrooms,0.19294165785196848,-0.19294165785196848,2
382,logit_diff,year_built,0.1185109808528945,-0.05166789714013388,4
382,logit_diff,property_type,0.22954501172476527,0.20645253342315792,10
383,single_logit,lot,0.3420252896729498,0.3420252896729498,12
383,single_logit,bathrooms,0.03055897508564494,0.03055897508564494,2
383,single_logit,bedrooms,0.16336199765410192,0.16336199765410192,2
383,single_logit,year_built,0.029107185770828478,0.029107185770828478,4
383,single_logit,property_type,0.43494655181647485,0.43494655181647485,10
383,logit_diff,lot,0.18073412606162642,-0.18073412606162642,12
383,logit_diff,bathrooms,0.24223756602106575,-0.24223756602106575,2
383,logit_diff,bedrooms,0.13186149246016274,-0.13186149246016274,2
383,logit_diff,year_built,0.18188881587755676,-0.18188881587755676,4
383,logit_diff,property_type,0.2632779995795883,0.24788538271198918,10
384,single_logit,lot,0.1734133038292249,0.1734133038292249,12
384,single_logit,bathrooms,0.07525010346925144,0.07525010346925144,2
384,single_logit,bedrooms,0.08870998054569826,-0.0705547975123514,2
384,single_logit,year_built,0.14373896636056682,0.14373896636056682,4
384,single_logit,property_type,0.5188876457952586,0.5188876457952586,9
384,logit_diff,lot,0.07303467873133379,-0.0701510984453852,12
384,logit_diff,bathrooms,0.20223509738786122,-0.20223509738786122,2
384,logit_diff,bedrooms,0.27105654687916764,-0.27105654687916764,2
384,logit_diff,year_built,0.08225412765668358,0.07840935394208545,4
384,logit_diff,property_type,0.3714195493449538,0.263429467636179,9
385,single_logit,lot,0.18309950527445376,0.18309950527445376,12
385,single_logit,bathrooms,0.07336170471578497,0.07336170471578497,2
385,single_logit,bedrooms,0.06811374627774153,0.059446386348708115,2
385,single_logit,year_built,0.17817458892088953,0.17817458892088953,4
385,single_logit,property_type,0.4972504548111302,0.4972504548111302,7
385,logit_diff,lot,0.05810110684823551,-0.05810110684823551,12
385,logit_diff,bathrooms,0.16666601786654578,-0.16666601786654578,2
385,logit_diff,bedrooms,0.16502177912526148,-0.16502177912526148,2
385,logit_diff,year_built,0.09874074043363167,0.054663931448521635,4
385,logit_diff,property_type,0.5114703557263256,0.5114703557263256,7
386,single_logit,lot,0.20664022373860405,0.20664022373860405,12
386,single_logit,bathrooms,0.10541063678528687,0.10541063678528687,2
386,single_logit,bedrooms,0.05544913073459455,0.047308149060673654,2
386,single_logit,year_built,0.15724155344258325,0.15724155344258325,4
386,single_logit,property_type,0.4752584552989313,0.4752584552989313,9
386,logit_diff,lot,0.06875352382910045,-0.06875352382910045,12
386,logit_diff,bathrooms,0.11465474612556364,-0.015380514724160977,2
386,logit_diff,bedrooms,0.33417663809767945,-0.33417663809767945,2
386,logit_diff,year_built,0.23721822283372143,0.1992038824643463,4
386,logit_diff,property_type,0.24519686911393504,0.24257519046777123,9
387,single_logit,lot,0.39252326333006743,0.39252326333006743,10
387,single_logit,bathrooms,0.11488921502780003,0.11488921502780003,2
387,single_logit,bedrooms,0.02879375227375834,0.015790122214641673,2
387,single_logit,year_built,0.04733464238552085,-0.04733464238552085,4
387,single_logit,property_type,0.4164591269828533,0.4164591269828533,10
387,logit_diff,lot,0.09688092734583474,-0.09688092734583474,10
387,logit_diff,bathrooms,0.20478199330748503,-0.20478199330748503,2
387,logit_diff,bedrooms,0.21655107338262786,-0.21655107338262786,2
387,logit_diff,year_built,0.16819085343749554,-0.16819085343749554,4
387,logit_diff,property_type,0.31359515252655684,0.3118030426060237,10
388,single_logit,lot,0.19294970934783223,0.19294970934783223,12
388,single_logit,bathrooms,0.07677951073849076,0.07677951073849076,2
388,single_logit,bedrooms,0.08709685373784673,0.08709685373784673,2
388,single_logit,year_built,0.34623155223510355,0.34623155223510355,4
388,single_logit,property_type,0.2969423739407267,0.2969423739407267,10
388,logit_diff,lot,0.13676213715121618,-0.13676213715121618,12
388,logit_diff,bathrooms,0.223976512854118,-0.223976512854118,2
388,logit_diff,bedrooms,0.25468105074804065,-0.25468105074804065,2
388,logit_diff,year_built,0.09294668253935502,0.09294668253935502,4
388,logit_diff,property_type,0.29163361670727017,0.29058633012074714,10
389,single_logit,lot,0.20557878166255916,0.20557878166255916,10
389,single_logit,bathrooms,0.1263403636221216,0.1263403636221216,2
389,single_logit,bedrooms,0.0554299619053577,0.0554299619053577,2
389,single_logit,year_built,0.12296962269544444,0.12296962269544444,4
389,single_logit,property_type,0.48968127011451706,0.48968127011451706,7
389,logit_diff,lot,0.007184442962951199,-0.007040273535266809,10
389,logit_diff,bathrooms,0.12686909636226326,-0.12686909636226326,2
389,logit_diff,bedrooms,0.09861188853612282,-0.09861188853612282,2
389,logit_diff,year_built,0.09284511142874721,-0.09284511142874721,4
389,logit_diff,property_type,0.6744894607099154,0.6744894607099154,7
390,single_logit,lot,0.10962179944848884,0.10962179944848884,12
390,single_logit,bathrooms,0.18957397015353802,0.18957397015353802,2
390,single_logit,bedrooms,0.09069686174811391,0.09069686174811391,2
390,single_logit,year_built,0.1319308233213214,0.05322841054096986,4
390,single_logit,property_type,0.4781765453285378,0.4781765453285378,6
390,logit_diff,lot,0.11575428875750529,-0.11575428875750529,12
390,logit_diff,bathrooms,0.1956161012632746,-0.1956161012632746,2
390,logit_diff,bedrooms,0.08643502148842366,-0.08643502148842366,2
390,logit_diff,year_built,0.19931233573481905,0.14629652295953086,4
390,logit_diff,property_type,0.40288225275597733,0.40288225275597733,6
391,single_logit,lot,0.131203350207532,0.131203350207532,12
391,single_logit,bathrooms,0.2584604488275577,0.2584604488275577,2
391,single_logit,bedrooms,0.1150680080396661,0.1150680080396661,2
391,single_logit,year_built,0.15425382808522548,0.15425382808522548,4
391,single_logit,property_type,0.34101436484001874,0.34101436484001874,10
391,logit_diff,lot,0.1788897009731718,-0.1788897009731718,12
391,logit_diff,bathrooms,0.298247679949237,-0.298247679949237,2
391,logit_diff,bedrooms,0.10009994762822252,-0.10009994762822252,2
391,logit_diff,year_built,0.1650851072501893,-0.11856941404709728,4
391,logit_diff,property_type,0.25767756419917937,0.23787419222020276,10
392,single_logit,lot,0.4789103514066175,0.4789103514066175,8
392,single_logit,bathrooms,0.081659866336371,0.081659866336371,2
392,single_logit,bedrooms,0.022367564476661498,-0.022367564476661498,2
392,single_logit,year_built,0.045211372341754395,0.045211372341754395,4
392,single_logit,property_type,0.37185084543859565,0.37185084543859565,10
392,logit_diff,lot,0.10874808913689903,-0.10874808913689903,8
392,logit_diff,bathrooms,0.18068816884391,-0.18068816884391,2
392,logit_diff,bedrooms,0.22354208960994137,-0.22354208960994137,2
392,logit_diff,year_built,0.1323991930684441,-0.1323991930684441,4
392,logit_diff,property_type,0.35462245934080544,0.33028844974436244,10
393,single_logit,lot,0.2364095582982204,0.2364095582982204,12
393,single_logit,bathrooms,0.13393060122418546,0.13393060122418546,2
393,single_logit,bedrooms,0.11042510429216301,0.11042510429216301,2
393,single_logit,year_built,0.13672082208302266,0.13672082208302266,4
393,single_logit,property_type,0.3825139141024085,0.3825139141024085,10
393,logit_diff,lot,0.15127208124038827,-0.15127208124038827,12
393,logit_diff,bathrooms,0.24051102152241238,-0.24051102152241238,2
393,logit_diff,bedrooms,0.04909544549646805,-0.04909544549646805,2
393,logit_diff,year_built,0.24204421262413509,-0.00966576998912134,4
393,logit_diff,property_type,0.31707723911659624,0.30683818856953265,10
394,single_logit,lot,0.12048268120343791,0.12048268120343791,12
394,single_logit,bathrooms,0.159315613591354,0.159315613591354,2
394,single_logit,bedrooms,0.035885149546654185,0.018785514527778702,2
394,single_logit,year_built,0.16506566691636318,0.05006460041617945,4
394,single_logit,property_type,0.5192508887421907,0.5192508887421907,4
394,logit_diff,lot,0.11131600485155704,-0.11131600485155704,12
394,logit_diff,bathrooms,0.18063153517023728,-0.11167248755538885,2
394,logit_diff,bedrooms,0.12170757284262425,-0.12170757284262425,2
394,logit_diff,year_built,0.08587717216961066,-0.05667250088496404,4
394,logit_diff,property_type,0.5004677149659708,0.5004677149659708,4
395,single_logit,lot,0.21963084638571445,0.21963084638571445,12
395,single_logit,bathrooms,0.1035281840323001,0.1035281840323001,2
395,single_logit,bedrooms,0.0767664262636644,0.06250583561878584,2
395,single_logit,year_built,0.37031235057707346,0.37031235057707346,4
395,single_logit,property_type,0.2297621927412476,0.2297621927412476,10
395,logit_diff,lot,0.07127226267333855,-0.07127226267333855,12
395,logit_diff,bathrooms,0.35469760563747493,-0.35469760563747493,2
395,logit_diff,bedrooms,0.10404851701937433,-0.10404851701937433,2
395,logit_diff,year_built,0.13698264145407824,0.06936567801291622,4
395,logit_diff,property_type,0.3329989732157339,0.2595238141803109,10
396,single_logit,lot,0.10863246233521374,0.10863246233521374,12
396,single_logit,bathrooms,0.330613657401466,0.330613657401466,2
396,single_logit,bedrooms,0.04363394534259906,0.04363394534259906,2
396,single_logit,year_built,0.18607197220747532,0.18607197220747532,4
396,single_logit,property_type,0.33104796271324594,0.33104796271324594,10
396,logit_diff,lot,0.20050875877566995,-0.20050875877566995,12
396,logit_diff,bathrooms,0.1208209519697892,0.0937912015711652,2
396,logit_diff,bedrooms,0.23737404861347988,-0.23737404861347988,2
396,logit_diff,year_built,0.1943906485434876,0.1943906485434876,4
396,logit_diff,property_type,0.24690559209757337,0.24034122429867494,10
397,single_logit,lot,0.1530991893013569,0.1530991893013569,12
397,single_logit,bathrooms,0.07330333597391611,0.07330333597391611,2
397,single_logit,bedrooms,0.12032044795718577,0.12032044795718577,2
397,single_logit,year_built,0.05555335998023217,-0.009484719996625006,4
397,single_logit,property_type,0.597723666787309,0.597723666787309,4
397,logit_diff,lot,0.10971370573363566,-0.10971370573363566,12
397,logit_diff,bathrooms,0.1185639998889184,-0.08362318221635422,2
397,logit_diff,bedrooms,0.10634161900345623,-0.10634161900345623,2
397,logit_diff,year_built,0.06986760895463483,-0.06986760895463483,4
397,logit_diff,property_type,0.5955130664193549,0.5955130664193549,4
398,single_logit,lot,0.13068166862396433,0.13068166862396433,12
398,single_logit,bathrooms,0.17227745144543818,0.17227745144543818,2
398,single_logit,bedrooms,0.11187529621304369,0.11187529621304369,2
398,single_logit,year_built,0.17289022693330305,0.17289022693330305,4
398,single_logit,property_type,0.41227535678425076,0.41227535678425076,10
398,logit_diff,lot,0.2764452492393679,-0.2764452492393679,12
398,logit_diff,bathrooms,0.24065647539432375,-0.24065647539432375,2
398,logit_diff,bedrooms,0.04801434538779839,-0.04801434538779839,2
398,logit_diff,year_built,0.1372859429017835,-0.1372859429017835,4
398,logit_diff,property_type,0.2975979870767264,0.2795617454357127,10
399,single_logit,lot,0.22840355189264322,0.22840355189264322,12
399,single_logit,bathrooms,0.07546446126513014,0.06262886374789392,2
399,single_logit,bedrooms,0.07535380956239535,0.07535380956239535,2
399,single_logit,year_built,0.08442724918664853,0.03596180338880835,4
399,single_logit,property_type,0.5363509280931827,0.5363509280931827,10
399,logit_diff,lot,0.2190425730951129,-0.2190425730951129,12
399,logit_diff,bathrooms,0.22714756394018826,-0.22714756394018826,2
399,logit_diff,bedrooms,0.18038800137244593,-0.18038800137244593,2
399,logit_diff,year_built,0.12547149289010856,-0.12547149289010856,4
399,logit_diff,property_type,0.24795036870214435,0.22768789158945602,10
400,single_logit,lot,0.22216031222806243,0.22216031222806243,12
400,single_logit,bathrooms,0.04521207665616215,-0.04521207665616215,2
400,single_logit,bedrooms,0.10998516158742813,0.09760645245902064,2
400,single_logit,year_built,0.10366341441222537,0.10366341441222537,4
400,single_logit,property_type,0.5189790351161219,0.5189790351161219,6
400,logit_diff,lot,0.1113784896217788,-0.1113784896217788,12
400,logit_diff,bathrooms,0.2023358570712648,-0.2023358570712648,2
400,logit_diff,bedrooms,0.16768385005315448,-0.16768385005315448,2
400,logit_diff,year_built,0.030843273488102497,0.010480240628322155,4
400,logit_diff,property_type,0.48775852976569944,0.48775852976569944,6
401,single_logit,lot,0.15297781925026452,0.15297781925026452,12
401,single_logit,bathrooms,0.03627739385430405,0.03627739385430405,2
401,single_logit,bedrooms,0.0933806989953382,0.0639434871472329,2
401,single_logit,year_built,0.25125454262055025,0.25125454262055025,4
401,single_logit,property_type,0.46610954527954296,0.46610954527954296,6
401,logit_diff,lot,0.19830112793193974,-0.19830112793193974,12
401,logit_diff,bathrooms,0.1506828442052976,-0.1506828442052976,2
401,logit_diff,bedrooms,0.06599600273697497,-0.06599600273697497,2
401,logit_diff,year_built,0.12086421231173007,0.12086421231173007,4
401,logit_diff,property_type,0.46415581281405766,0.46415581281405766,6
402,single_logit,lot,0.21401988671719732,0.21401988671719732,12
402,single_logit,bathrooms,0.10117795084435031,0.10117795084435031,2
402,single_logit,bedrooms,0.08794074809175492,0.08794074809175492,2
402,single_logit,year_built,0.24099820944558079,0.24099820944558079,4
402,single_logit,property_type,0.35586320490111667,0.35586320490111667,10
402,logit_diff,lot,0.17236014279176937,-0.17236014279176937,12
402,logit_diff,bathrooms,0.22600507782400203,-0.22600507782400203,2
402,logit_diff,bedrooms,0.10128737289088645,-0.10128737289088645,2
402,logit_diff,year_built,0.18768672229660646,-0.18768672229660646,4
402,logit_diff,property_type,0.3126606841967357,0.2677037353355387,10
403,single_logit,lot,0.33421720411712713,0.33421720411712713,8
403,single_logit,bathrooms,0.05462891683061044,-0.05462891683061044,2
403,single_logit,bedrooms,0.053402902517606134,-0.053402902517606134,2
403,single_logit,year_built,0.14136230148547316,0.08513671485188036,4
403,single_logit,property_type,0.41638867504918314,0.41638867504918314,4
403,logit_diff,lot,0.07662119876216655,-0.07662119876216655,8
403,logit_diff,bathrooms,0.13996507788323564,-0.13996507788323564,2
403,logit_diff,bedrooms,0.1449440727486472,-0.1449440727486472,2
403,logit_diff,year_built,0.11913282506094082,-0.031343464204830314,4
403,logit_diff,property_type,0.5193368255450098,0.5193368255450098,4
404,single_logit,lot,0.267854139020099,0.267854139020099,10
404,single_logit,bathrooms,0.0716145274042724,0.0716145274042724,2
404,single_logit,bedrooms,0.028545650783521167,0.028545650783521167,2
404,single_logit,year_built,0.2622944666292844,0.2622944666292844,4
404,single_logit,property_type,0.369691216162823,0.369691216162823,10
404,logit_diff,lot,0.09277888335694263,-0.09277888335694263,10
404,logit_diff,bathrooms,0.20071864848468315,-0.20071864848468315,2
404,logit_diff,bedrooms,0.21871023602392645,-0.21871023602392645,2
404,logit_diff,year_built,0.19350327223196578,0.19350327223196578,4
404,logit_diff,property_type,0.294288959902482,0.294288959902482,10
405,single_logit,lot,0.3329080316457462,0.3329080316457462,10
405,single_logit,bathrooms,0.132329186509454,0.132329186509454,2
405,single_logit,bedrooms,0.06305939573735714,0.06305939573735714,2
405,single_logit,year_built,0.15573759856347294,0.07810766062922646,4
405,single_logit,property_type,0.3159657875439697,0.3159657875439697,10
405,logit_diff,lot,0.1285463141419914,-0.1285463141419914,10
405,logit_diff,bathrooms,0.25398706494248513,-0.25398706494248513,2
405,logit_diff,bedrooms,0.0882934717858752,-0.0882934717858752,2
405,logit_diff,year_built,0.1526502393700602,-0.1526502393700602,4
405,logit_diff,property_type,0.376522909759588,0.34943286727983086,10
406,single_logit,lot,0.226087844441527,0.226087844441527,12
406,single_logit,bathrooms,0.03287966974457719,0.023135384301197614,2
406,single_logit,bedrooms,0.049479964407101076,0.049479964407101076,2
406,single_logit,year_built,0.20410485317929195,0.1263839656907794,4
406,single_logit,property_type,0.4874476682275028,0.4874476682275028,4
406,logit_diff,lot,0.04066986370672863,-0.04066986370672863,12
406,logit_diff,bathrooms,0.15290858949541095,-0.15290858949541095,2
406,logit_diff,bedrooms,0.17940585141135282,-0.17940585141135282,2
406,logit_diff,year_built,0.13869054651612506,0.04640252208694212,4
406,logit_diff,property_type,0.48832514887038253,0.48832514887038253,4
407,single_logit,lot,0.18205014447131154,0.18205014447131154,12
407,single_logit,bathrooms,0.10134233076722976,0.10134233076722976,2
407,single_logit,bedrooms,0.13643472264146067,0.13643472264146067,2
407,single_logit,year_built,0.2142482872321466,0.2142482872321466,4
407,single_logit,property_type,0.36592451488785144,0.36592451488785144,10
407,logit_diff,lot,0.26388082968767657,-0.26388082968767657,12
407,logit_diff,bathrooms,0.1209249373871119,-0.1209249373871119,2
407,logit_diff,bedrooms,0.08757943015536433,-0.08757943015536433,2
407,logit_diff,year_built,0.1758234917191063,-0.10370148917572519,4
407,logit_diff,property_type,0.3517913110507409,0.3290343311642799,10
408,single_logit,lot,0.2918903752918637,0.2918903752918637,8
408,single_logit,bathrooms,0.18087904556598142,0.18087904556598142,2
408,single_logit,bedrooms,0.10750839046316078,0.10750839046316078,2
408,single_logit,year_built,0.09620345011528694,0.09620345011528694,4
408,single_logit,property_type,0.3235187385637072,0.3235187385637072,10
408,logit_diff,lot,0.2182592591654407,-0.2182592591654407,8
408,logit_diff,bathrooms,0.1798581819090553,-0.1798581819090553,2
408,logit_diff,bedrooms,0.11621242946417336,-0.11621242946417336,2
408,logit_diff,year_built,0.14688614626747062,-0.14688614626747062,4
408,logit_diff,property_type,0.33878398319386,0.3179458920336997,10
409,single_logit,lot,0.2441912873628937,0.2441912873628937,10
409,single_logit,bathrooms,0.17717400933002572,0.17717400933002572,2
409,single_logit,bedrooms,0.07902488381407474,0.07902488381407474,2
409,single_logit,year_built,0.19555636234519122,0.19555636234519122,4
409,single_logit,property_type,0.3040534571478146,0.3040534571478146,10
409,logit_diff,lot,0.11687049778977399,-0.09936600854789165,10
409,logit_diff,bathrooms,0.2770817371811125,-0.06777538895077571,2
409,logit_diff,bedrooms,0.15797645806908753,-0.15797645806908753,2
409,logit_diff,year_built,0.10060409297380771,0.043543195658632565,4
409,logit_diff,property_type,0.34746721398621827,0.34746721398621827,10
410,single_logit,lot,0.314669527888913,0.314669527888913,10
410,single_logit,bathrooms,0.12737295687939856,0.12737295687939856,2
410,single_logit,bedrooms,0.04642433841948537,0.03184323921984964,2
410,single_logit,year_built,0.14204812768677388,0.14204812768677388,4
410,single_logit,property_type,0.3694850491254292,0.3694850491254292,9
410,logit_diff,lot,0.17827677608149375,-0.17827677608149375,10
410,logit_diff,bathrooms,0.11484335440363606,-0.11484335440363606,2
410,logit_diff,bedrooms,0.13566290988031862,-0.13566290988031862,2
410,logit_diff,year_built,0.12239883824598054,-0.04449340484936193,4
410,logit_diff,property_type,0.448818121388571,0.3560255864951848,9
411,single_logit,lot,0.2085070785215457,0.2085070785215457,12
411,single_logit,bathrooms,0.02482447205165954,0.02482447205165954,2
411,single_logit,bedrooms,0.044378944449894146,0.044378944449894146,2
411,single_logit,year_built,0.21690209099885766,0.21690209099885766,4
411,single_logit,property_type,0.505387413978043,0.505387413978043,6
411,logit_diff,lot,0.0750637058609392,-0.07360757189661449,12
411,logit_diff,bathrooms,0.14833151316587792,-0.14833151316587792,2
411,logit_diff,bedrooms,0.23453464385390121,-0.23453464385390121,2
411,logit_diff,year_built,0.21278970998665211,0.21278970998665211,4
411,logit_diff,property_type,0.32928042713262956,0.32928042713262956,6
412,single_logit,lot,0.1408526476269145,0.1408526476269145,12
412,single_logit,bathrooms,0.05672623566760285,-0.05672623566760285,2
412,single_logit,bedrooms,0.04201943382785396,-0.025811937922824577,2
412,single_logit,year_built,0.12316946540789693,0.0412315694435817,4
412,single_logit,property_type,0.6372322174697318,0.6372322174697318,4
412,logit_diff,lot,0.07582459094908511,-0.07582459094908511,12
412,logit_diff,bathrooms,0.13410752033375586,-0.13410752033375586,2
412,logit_diff,bedrooms,0.10554310264533855,-0.10554310264533855,2
412,logit_diff,year_built,0.15983516454940927,0.07595744650672623,4
412,logit_diff,property_type,0.5246896215224112,0.5246896215224112,4
413,single_logit,lot,0.17124805094503778,0.17124805094503778,12
413,single_logit,bathrooms,0.10407009668480785,0.10407009668480785,2
413,single_logit,bedrooms,0.10461382759747664,0.10461382759747664,2
413,single_logit,year_built,0.22901946041609753,0.22901946041609753,4
413,single_logit,property_type,0.3910485643565802,0.3910485643565802,9
413,logit_diff,lot,0.06550790343488913,-0.06550790343488913,12
413,logit_diff,bathrooms,0.18047929632620927,-0.18047929632620927,2
413,logit_diff,bedrooms,0.23455793024344887,-0.23455793024344887,2
413,logit_diff,year_built,0.20744395653619835,0.20744395653619835,4
413,logit_diff,property_type,0.31201091345925436,0.31201091345925436,9
414,single_logit,lot,0.15960021610998582,0.15960021610998582,12
414,single_logit,bathrooms,0.13350728649755023,0.13350728649755023,2
414,single_logit,bedrooms,0.026853589221278666,0.026853589221278666,2
414,single_logit,year_built,0.21667273706439438,0.21667273706439438,4
414,single_logit,property_type,0.4633661711067909,0.4633661711067909,10
414,logit_diff,lot,0.1756570215025219,-0.1756570215025219,12
414,logit_diff,bathrooms,0.14717281656490577,-0.04141226440138041,2
414,logit_diff,bedrooms,0.3092115741969737,-0.3092115741969737,2
414,logit_diff,year_built,0.09896469338996548,-0.048845234934961505,4
414,logit_diff,property_type,0.26899389434563314,0.2521635253517388,10
415,single_logit,lot,0.269799534682915,0.269799534682915,10
415,single_logit,bathrooms,0.11079293921713856,0.11079293921713856,2
415,single_logit,bedrooms,0.01738403198380802,-0.01738403198380802,2
415,single_logit,year_built,0.13570531026078683,0.08195523922450021,4
415,single_logit,property_type,0.46631818385535156,0.46631818385535156,4
415,logit_diff,lot,0.0520468253448114,-0.0520468253448114,10
415,logit_diff,bathrooms,0.042840425786575764,0.042840425786575764,2
415,logit_diff,bedrooms,0.2021260706486044,-0.2021260706486044,2
415,logit_diff,year_built,0.07774615045264846,-0.03445330749692121,4
415,logit_diff,property_type,0.6252405277673599,0.6252405277673599,4
416,single_logit,lot,0.1574330433885357,0.1574330433885357,12
416,single_logit,bathrooms,0.10554429981368846,0.10554429981368846,2
416,single_logit,bedrooms,0.06646814775656773,0.043718863192620215,2
416,single_logit,year_built,0.2850237744602063,0.2850237744602063,4
416,single_logit,property_type,0.3855307345810018,0.3855307345810018,10
416,logit_diff,lot,0.18388240948296972,-0.18388240948296972,12
416,logit_diff,bathrooms,0.20278299106842265,-0.12993610765276,2
416,logit_diff,bedrooms,0.1268362402733701,-0.1268362402733701,2
416,logit_diff,year_built,0.12541546772448306,0.12541546772448306,4
416,logit_diff,property_type,0.36108289145075445,0.36108289145075445,10
417,single_logit,lot,0.2928225776661372,0.2928225776661372,8
417,single_logit,bathrooms,0.07263204987707222,0.07263204987707222,2
417,single_logit,bedrooms,0.042915953521398466,0.0306354893920924,2
417,single_logit,year_built,0.12352702153596098,0.12352702153596098,4
417,single_logit,property_type,0.4681023973994311,0.4681023973994311,7
417,logit_diff,lot,0.09000201495951225,-0.09000201495951225,8
417,logit_diff,bathrooms,0.11441970746551688,-0.11441970746551688,2
417,logit_diff,bedrooms,0.12495836473207765,-0.12495836473207765,2
417,logit_diff,year_built,0.15265997811846593,-0.09424570641238628,4
417,logit_diff,property_type,0.5179599347244273,0.5179599347244273,7
418,single_logit,lot,0.21244233636658216,0.21244233636658216,12
418,single_logit,bathrooms,0.1294158979268421,0.1294158979268421,2
418,single_logit,bedrooms,0.09061960289376787,0.09061960289376787,2
418,single_logit,year_built,0.23363200054779745,0.23363200054779745,4
418,single_logit,property_type,0.3338901622650104,0.3338901622650104,10
418,logit_diff,lot,0.21049577499266423,-0.21049577499266423,12
418,logit_diff,bathrooms,0.24567777143481323,-0.24567777143481323,2
418,logit_diff,bedrooms,0.10443695147569394,-0.10443695147569394,2
418,logit_diff,year_built,0.15472113298926998,-0.15472113298926998,4
418,logit_diff,property_type,0.2846683691075586,0.252285744565324,10
419,single_logit,lot,0.14502317891161756,0.14502317891161756,12
419,single_logit,bathrooms,0.10558884557680537,0.10558884557680537,2
419,single_logit,bedrooms,0.13159849595543116,0.13159849595543116,2
419,single_logit,year_built,0.38084329130557365,0.38084329130557365,4
419,single_logit,property_type,0.23694618825057223,0.23694618825057223,10
419,logit_diff,lot,0.051914539557856174,-0.028957813400590813,12
419,logit_diff,bathrooms,0.24234377285660785,-0.24234377285660785,2
419,logit_diff,bedrooms,0.21248636413421212,-0.21248636413421212,2
419,logit_diff,year_built,0.12571540514692936,0.12571540514692936,4
419,logit_diff,property_type,0.3675399183043945,0.3675399183043945,10
420,single_logit,lot,0.24192736343227,0.24192736343227,12
420,single_logit,bathrooms,0.11376354654504893,0.11376354654504893,2
420,single_logit,bedrooms,0.043589219275606765,0.043589219275606765,2
420,single_logit,year_built,0.15726645053496144,0.1463907245374833,4
420,single_logit,property_type,0.44345342021211287,0.44345342021211287,10
420,logit_diff,lot,0.16402469361391783,-0.16402469361391783,12
420,logit_diff,bathrooms,0.14331490904242528,-0.04506502805583344,2
420,logit_diff,bedrooms,0.3053054152971779,-0.3053054152971779,2
420,logit_diff,year_built,0.12141041271967853,-0.09985481512202622,4
420,logit_diff,property_type,0.26594456932680044,0.2457668042028652,10
421,single_logit,lot,0.16932991769427516,0.16932991769427516,12
421,single_logit,bathrooms,0.11217779989892328,0.11217779989892328,2
421,single_logit,bedrooms,0.0689697810425066,0.05038218047785944,2
421,single_logit,year_built,0.25370444279465787,0.25370444279465787,4
421,single_logit,property_type,0.3958180585696371,0.3958180585696371,10
421,logit_diff,lot,0.1948777963258199,-0.1948777963258199,12
421,logit_diff,bathrooms,0.17070283406547967,-0.11623036042409877,2
421,logit_diff,bedrooms,0.1226191073326558,-0.1226191073326558,2
421,logit_diff,year_built,0.20993198174960173,0.20993198174960173,4
421,logit_diff,property_type,0.3018682805264429,0.2955131585161023,10
422,single_logit,lot,0.17193740051435089,0.17193740051435089,12
422,single_logit,bathrooms,0.2193980288030442,0.2193980288030442,2
422,single_logit,bedrooms,0.054712039764167664,0.054712039764167664,2
422,single_logit,year_built,0.2037954747496949,0.2037954747496949,4
422,single_logit,property_type,0.3501570561687424,0.3501570561687424,10
422,logit_diff,lot,0.15805479289203267,-0.15805479289203267,12
422,logit_diff,bathrooms,0.23501340932637318,-0.08275120046703281,2
422,logit_diff,bedrooms,0.14150455279862612,-0.14150455279862612,2
422,logit_diff,year_built,0.11943756600741735,0.11943756600741735,4
422,logit_diff,property_type,0.34598967897555066,0.31363395875115213,10
423,single_logit,lot,0.15351941648360945,0.15351941648360945,12
423,single_logit,bathrooms,0.07274062025012563,0.07274062025012563,2
423,single_logit,bedrooms,0.11752851306788857,0.11752851306788857,2
423,single_logit,year_built,0.38456176528159575,0.38456176528159575,4
423,single_logit,property_type,0.2716496849167806,0.2716496849167806,10
423,logit_diff,lot,0.04514216408069137,-0.04514216408069137,12
423,logit_diff,bathrooms,0.15343945680112206,-0.15343945680112206,2
423,logit_diff,bedrooms,0.2713844850410207,-0.2713844850410207,2
423,logit_diff,year_built,0.30133290913955296,0.30133290913955296,4
423,logit_diff,property_type,0.22870098493761296,0.22870098493761296,10
424,single_logit,lot,0.1701869556256391,0.1701869556256391,12
424,single_logit,bathrooms,0.05316598439621616,0.05316598439621616,2
424,single_logit,bedrooms,0.15553442221823646,0.03908861577716664,2
424,single_logit,year_built,0.07530708843782803,0.06655998560657396,4
424,single_logit,property_type,0.5458055493220803,0.5458055493220803,4
424,logit_diff,lot,0.15921950750035718,-0.15921950750035718,12
424,logit_diff,bathrooms,0.07357741098408854,-0.07357741098408854,2
424,logit_diff,bedrooms,0.09362091259699543,-0.09362091259699543,2
424,logit_diff,year_built,0.15980886808138886,0.004535159383933044,4
424,logit_diff,property_type,0.51377330083717,0.51377330083717,4
425,single_logit,lot,0.25439445260816934,0.25439445260816934,10
425,single_logit,bathrooms,0.11267817281208388,0.11267817281208388,2
425,single_logit,bedrooms,0.10535409157929843,0.10535409157929843,2
425,single_logit,year_built,0.13922796728093115,-0.0027465304622945447,4
425,single_logit,property_type,0.3883453157195172,0.3883453157195172,10
425,logit_diff,lot,0.18141089479794417,-0.18141089479794417,10
425,logit_diff,bathrooms,0.22080825553494413,-0.22080825553494413,2
425,logit_diff,bedrooms,0.05842218427695397,-0.05842218427695397,2
425,logit_diff,year_built,0.2244308909773143,-0.10126128593672828,4
425,logit_diff,property_type,0.3149277744128434,0.3104656076699827,10
426,single_logit,lot,0.18950631938780108,0.18950631938780108,10
426,single_logit,bathrooms,0.07349519038602287,0.07349519038602287,2
426,single_logit,bedrooms,0.06803762674349641,0.06803762674349641,2
426,single_logit,year_built,0.16741076473449887,0.16741076473449887,4
426,single_logit,property_type,0.5015500987481808,0.5015500987481808,4
426,logit_diff,lot,0.05868188459811683,-0.05868188459811683,10
426,logit_diff,bathrooms,0.0756439957867206,-0.0756439957867206,2
426,logit_diff,bedrooms,0.15181697056495672,-0.15181697056495672,2
426,logit_diff,year_built,0.06354360135580288,0.06354360135580288,4
426,logit_diff,property_type,0.650313547694403,0.650313547694403,4
427,single_logit,lot,0.2019051667774428,0.2019051667774428,12
427,single_logit,bathrooms,0.2309990571947762,0.2309990571947762,2
427,single_logit,bedrooms,0.11190313609016403,-0.11190313609016403,2
427,single_logit,year_built,0.06943803994717225,0.06943803994717225,4
427,single_logit,property_type,0.3857545999904447,0.3857545999904447,10
427,logit_diff,lot,0.11200222280319799,-0.11200222280319799,12
427,logit_diff,bathrooms,0.19278156060202462,-0.08816006851060328,2
427,logit_diff,bedrooms,0.3094747633193792,-0.3094747633193792,2
427,logit_diff,year_built,0.14931882973100363,0.06952665154064953,4
427,logit_diff,property_type,0.2364226235443946,0.2364226235443946,10
428,single_logit,lot,0.19716649427487076,0.19716649427487076,12
428,single_logit,bathrooms,0.25572272782204064,0.25572272782204064,2
428,single_logit,bedrooms,0.022810219047232995,0.022810219047232995,2
428,single_logit,year_built,0.15917153608772108,0.15917153608772108,4
428,single_logit,property_type,0.36512902276813447,0.36512902276813447,10
428,logit_diff,lot,0.14526433335075545,-0.14526433335075545,12
428,logit_diff,bathrooms,0.16614370266675244,0.04364143341937737,2
428,logit_diff,bedrooms,0.2283518862689351,-0.2283518862689351,2
428,logit_diff,year_built,0.2069857678240316,0.2069857678240316,4
428,logit_diff,property_type,0.2532543098895254,0.2532543098895254,10
429,single_logit,lot,0.2025951373087321,0.2025951373087321,12
429,single_logit,bathrooms,0.08526770877574319,0.06982258975952488,2
429,single_logit,bedrooms,0.08372319687412136,0.08372319687412136,2
429,single_logit,year_built,0.08968820835624707,0.07605389639710261,4
429,single_logit,property_type,0.5387257486851563,0.5387257486851563,10
429,logit_diff,lot,0.20659262768621162,-0.20659262768621162,12
429,logit_diff,bathrooms,0.18953720702332488,-0.18953720702332488,2
429,logit_diff,bedrooms,0.18270527886079516,-0.18270527886079516,2
429,logit_diff,year_built,0.19185365766593263,0.00992917059514087,4
429,logit_diff,property_type,0.2293112287637357,0.22432880122823862,10
430,single_logit,lot,0.22047445941534766,0.22047445941534766,10
430,single_logit,bathrooms,0.08804100393247143,0.08804100393247143,2
430,single_logit,bedrooms,0.11270141187806862,0.11270141187806862,2
430,single_logit,year_built,0.18595732959881323,0.18595732959881323,4
430,single_logit,property_type,0.3928257951752991,0.3928257951752991,7
430,logit_diff,lot,0.06249476636997078,-0.06249476636997078,10
430,logit_diff,bathrooms,0.18035329148341822,-0.18035329148341822,2
430,logit_diff,bedrooms,0.13394939420519125,-0.13394939420519125,2
430,logit_diff,year_built,0.12043485711127463,0.12043485711127463,4
430,logit_diff,property_type,0.5027676908301452,0.5027676908301452,7
431,single_logit,lot,0.3520312139523777,0.3520312139523777,8
431,single_logit,bathrooms,0.0528435376352355,0.0528435376352355,2
431,single_logit,bedrooms,0.04319441127782118,0.03658896907341674,2
431,single_logit,year_built,0.0956372511322748,0.025243960189258872,4
431,single_logit,property_type,0.45629358600229086,0.45629358600229086,4
431,logit_diff,lot,0.10613512813875227,-0.10613512813875227,8
431,logit_diff,bathrooms,0.19414962464405902,-0.19414962464405902,2
431,logit_diff,bedrooms,0.10432306497540772,-0.10432306497540772,2
431,logit_diff,year_built,0.13448097333678488,0.054620761066528606,4
431,logit_diff,property_type,0.4609112089049961,0.4609112089049961,4
432,single_logit,lot,0.22756877730930727,0.22756877730930727,12
432,single_logit,bathrooms,0.08236496227384234,0.06923789219305021,2
432,single_logit,bedrooms,0.041796270362973245,0.041111540673608615,2
432,single_logit,year_built,0.16487797421025,0.16320007803450964,4
432,single_logit,property_type,0.4833920158436272,0.4833920158436272,10
432,logit_diff,lot,0.14605792645583146,-0.14605792645583146,12
432,logit_diff,bathrooms,0.24392729393248264,-0.24392729393248264,2
432,logit_diff,bedrooms,0.2009069923168165,-0.2009069923168165,2
432,logit_diff,year_built,0.1478140439396143,-0.008544006602603745,4
432,logit_diff,property_type,0.2612937433552551,0.2531591939380797,10
433,single_logit,lot,0.1241104178617919,0.1241104178617919,12
433,single_logit,bathrooms,0.2666745100474878,0.2666745100474878,2
433,single_logit,bedrooms,0.017823138754750133,0.004035427642584935,2
433,single_logit,year_built,0.1755411024524447,0.1355231116634774,4
433,single_logit,property_type,0.4158508308835254,0.4158508308835254,10
433,logit_diff,lot,0.18635659102369143,-0.18635659102369143,12
433,logit_diff,bathrooms,0.24175378997206778,-0.11136972347027842,2
433,logit_diff,bedrooms,0.20915777334662045,-0.20915777334662045,2
433,logit_diff,year_built,0.09725044196324871,0.09725044196324871,4
433,logit_diff,property_type,0.2654814036943716,0.25736776847966064,10
434,single_logit,lot,0.2747955338010391,0.2747955338010391,8
434,single_logit,bathrooms,0.17531391751212771,0.17531391751212771,2
434,single_logit,bedrooms,0.05842212706681262,0.05842212706681262,2
434,single_logit,year_built,0.21191687751330404,0.21191687751330404,4
434,single_logit,property_type,0.2795515441067165,0.2795515441067165,10
434,logit_diff,lot,0.19237356348784715,-0.19237356348784715,8
434,logit_diff,bathrooms,0.1398063688138424,0.06598860608013361,2
434,logit_diff,bedrooms,0.14819475094267295,-0.14819475094267295,2
434,logit_diff,year_built,0.24407861888749988,0.24407861888749988,4
434,logit_diff,property_type,0.2755466978681376,0.27337037869138087,10
435,single_logit,lot,0.20143898052266504,0.20143898052266504,12
435,single_logit,bathrooms,0.0579833077995403,0.0579833077995403,2
435,single_logit,bedrooms,0.0634223332611231,-0.0634223332611231,2
435,single_logit,year_built,0.31434270788880975,0.31434270788880975,4
435,single_logit,property_type,0.3628126705278618,0.3628126705278618,10
435,logit_diff,lot,0.0776805800185615,-0.0776805800185615,12
435,logit_diff,bathrooms,0.1680956803622733,-0.1680956803622733,2
435,logit_diff,bedrooms,0.2463006225629031,-0.2463006225629031,2
435,logit_diff,year_built,0.255649259331714,0.255649259331714,4
435,logit_diff,property_type,0.2522738577245481,0.2522738577245481,10
436,single_logit,lot,0.15482645578068316,0.15482645578068316,12
436,single_logit,bathrooms,0.108978550889432,0.108978550889432,2
436,single_logit,bedrooms,0.11723931567988456,0.11723931567988456,2
436,single_logit,year_built,0.3204223573527468,0.3204223573527468,4
436,single_logit,property_type,0.29853332029725343,0.29853332029725343,9
436,logit_diff,lot,0.09145900022769368,-0.09145900022769368,12
436,logit_diff,bathrooms,0.15212360863132277,-0.15212360863132277,2
436,logit_diff,bedrooms,0.19920450538792198,-0.19920450538792198,2
436,logit_diff,year_built,0.2539229698405917,0.2539229698405917,4
436,logit_diff,property_type,0.30328991591246984,0.30328991591246984,9
437,single_logit,lot,0.24435378182381018,0.24435378182381018,12
437,single_logit,bathrooms,0.16060998185801326,0.16060998185801326,2
437,single_logit,bedrooms,0.08835775573103734,0.08835775573103734,2
437,single_logit,year_built,0.10375820454598085,0.08683626560715135,4
437,single_logit,property_type,0.4029202760411584,0.4029202760411584,10
437,logit_diff,lot,0.1905650900864388,-0.1905650900864388,12
437,logit_diff,bathrooms,0.05791736108388287,0.05791736108388287,2
437,logit_diff,bedrooms,0.21087859676695814,-0.21087859676695814,2
437,logit_diff,year_built,0.23851133039763853,0.11737282058482856,4
437,logit_diff,property_type,0.30212762166508167,0.30212762166508167,10
438,single_logit,lot,0.15492780543704424,0.15492780543704424,12
438,single_logit,bathrooms,0.052213794159369144,-0.052213794159369144,2
438,single_logit,bedrooms,0.03185243041382365,0.0014111836259288958,2
438,single_logit,year_built,0.03444800029722858,0.03444800029722858,4
438,single_logit,property_type,0.7265579696925344,0.7265579696925344,6
438,logit_diff,lot,0.1564514139293332,-0.1564514139293332,12
438,logit_diff,bathrooms,0.1716285095916777,-0.1716285095916777,2
438,logit_diff,bedrooms,0.13921797559153254,-0.13921797559153254,2
438,logit_diff,year_built,0.11730403498916168,-0.11730403498916168,4
438,logit_diff,property_type,0.41539806589829487,0.41539806589829487,6
439,single_logit,lot,0.3352270707472175,0.3352270707472175,10
439,single_logit,bathrooms,0.10820344391947828,0.10820344391947828,2
439,single_logit,bedrooms,0.09344842883954943,0.09344842883954943,2
439,single_logit,year_built,0.14017264325932413,0.14017264325932413,4
439,single_logit,property_type,0.32294841323443063,0.32294841323443063,9
439,logit_diff,lot,0.04159664317920261,-0.04159664317920261,10
439,logit_diff,bathrooms,0.11626798114989154,-0.11626798114989154,2
439,logit_diff,bedrooms,0.23122489331705748,-0.23122489331705748,2
439,logit_diff,year_built,0.0799752079462606,-0.02276492506368968,4
439,logit_diff,property_type,0.5309352744075878,0.4348696744006041,9
440,single_logit,lot,0.18494473155862184,0.18494473155862184,12
440,single_logit,bathrooms,0.04684429121552329,0.012625539445997461,2
440,single_logit,bedrooms,0.032861801268320494,0.032861801268320494,2
440,single_logit,year_built,0.1550463442246791,0.1550463442246791,4
440,single_logit,property_type,0.5803028317328552,0.5803028317328552,4
440,logit_diff,lot,0.08792890162119929,-0.08792890162119929,12
440,logit_diff,bathrooms,0.12631030666058987,-0.12631030666058987,2
440,logit_diff,bedrooms,0.1677192525555049,-0.1677192525555049,2
440,logit_diff,year_built,0.07034963213750896,0.05088221889445928,4
440,logit_diff,property_type,0.547691907025197,0.547691907025197,4
441,single_logit,lot,0.14601060949512412,0.14601060949512412,12
441,single_logit,bathrooms,0.058207580945692346,0.058207580945692346,2
441,single_logit,bedrooms,0.08720344636116086,0.08720344636116086,2
441,single_logit,year_built,0.25290438445501684,0.25290438445501684,4
441,single_logit,property_type,0.45567397874300586,0.45567397874300586,7
441,logit_diff,lot,0.05202882091453662,-0.018943526317019434,12
441,logit_diff,bathrooms,0.1255015961936229,-0.1255015961936229,2
441,logit_diff,bedrooms,0.1995658080570487,-0.1995658080570487,2
441,logit_diff,year_built,0.1576850962253582,0.1576850962253582,4
441,logit_diff,property_type,0.46521867860943356,0.46521867860943356,7
442,single_logit,lot,0.3683068745672463,0.3683068745672463,11
442,single_logit,bathrooms,0.08392773045322346,0.08392773045322346,2
442,single_logit,bedrooms,0.07505286600581994,0.07505286600581994,2
442,single_logit,year_built,0.17749728894807051,0.17749728894807051,4
442,single_logit,property_type,0.2952152400256397,0.2952152400256397,10
442,logit_diff,lot,0.10114259346068438,-0.07580496899744207,11
442,logit_diff,bathrooms,0.25689473156402304,-0.25689473156402304,2
442,logit_diff,bedrooms,0.11679525682633277,-0.11679525682633277,2
442,logit_diff,year_built,0.18451457240404215,-0.17080620892677303,4
442,logit_diff,property_type,0.3406528457449177,0.3353340008203238,10
443,single_logit,lot,0.2252124393994017,0.2252124393994017,12
443,single_logit,bathrooms,0.039486057971778274,0.039486057971778274,2
443,single_logit,bedrooms,0.09057465430493215,0.06587247585813248,2
443,single_logit,year_built,0.173663799989622,0.173663799989622,4
443,single_logit,property_type,0.4710630483342659,0.4710630483342659,10
443,logit_diff,lot,0.1204741488871797,-0.1204741488871797,12
443,logit_diff,bathrooms,0.31304229882267226,-0.31304229882267226,2
443,logit_diff,bedrooms,0.15884572093724705,-0.15884572093724705,2
443,logit_diff,year_built,0.16117029246315798,0.09259543244878547,4
443,logit_diff,property_type,0.24646753888974302,0.24614791030954877,10
444,single_logit,lot,0.21516603579626514,0.21516603579626514,10
444,single_logit,bathrooms,0.06526296413643665,0.06526296413643665,2
444,single_logit,bedrooms,0.06262435329312861,0.06262435329312861,2
444,single_logit,year_built,0.18495405530235287,0.18495405530235287,4
444,single_logit,property_type,0.4719925914718167,0.4719925914718167,4
444,logit_diff,lot,0.0512456716085938,-0.050457156927368005,10
444,logit_diff,bathrooms,0.1454187038775864,-0.1454187038775864,2
444,logit_diff,bedrooms,0.1588649538936646,-0.1588649538936646,2
444,logit_diff,year_built,0.08184470929925373,0.08184470929925373,4
444,logit_diff,property_type,0.5626259613209015,0.5626259613209015,4
445,single_logit,lot,0.21401076095924892,0.21401076095924892,8
445,single_logit,bathrooms,0.08954567064464967,0.08954567064464967,2
445,single_logit,bedrooms,0.10446994908542463,0.10446994908542463,2
445,single_logit,year_built,0.22478210453276845,0.22478210453276845,4
445,single_logit,property_type,0.36719151477790835,0.36719151477790835,10
445,logit_diff,lot,0.27507179460641656,-0.27507179460641656,8
445,logit_diff,bathrooms,0.14503832489997517,-0.14503832489997517,2
445,logit_diff,bedrooms,0.1303692065696358,-0.1303692065696358,2
445,logit_diff,year_built,0.14317885919612933,-0.14317885919612933,4
445,logit_diff,property_type,0.3063418147278431,0.28172455456667084,10
446,single_logit,lot,0.4541062660388557,0.4541062660388557,8
446,single_logit,bathrooms,0.013154435207256565,0.013154435207256565,2
446,single_logit,bedrooms,0.034325736506489235,-0.009807353287568352,2
446,single_logit,year_built,0.14591664118313044,0.07855560939220045,4
446,single_logit,property_type,0.3524969210642681,0.3524969210642681,10
446,logit_diff,lot,0.09122768454053799,-0.09122768454053799,8
446,logit_diff,bathrooms,0.2578385298691673,-0.2578385298691673,2
446,logit_diff,bedrooms,0.18213090784382452,-0.18213090784382452,2
446,logit_diff,year_built,0.1467646329834144,-0.08987576271865687,4
446,logit_diff,property_type,0.3220382447630558,0.31647981827490634,10
447,single_logit,lot,0.1664238411353387,0.1664238411353387,12
447,single_logit,bathrooms,0.07181463524724867,0.07181463524724867,2
447,single_logit,bedrooms,0.05013238062635161,0.03659663785723667,2
447,single_logit,year_built,0.3877739641448297,0.3877739641448297,4
447,single_logit,property_type,0.3238551788462314,0.3238551788462314,10
447,logit_diff,lot,0.12672237808807432,-0.12672237808807432,12
447,logit_diff,bathrooms,0.16393477296691347,-0.16393477296691347,2
447,logit_diff,bedrooms,0.20407845523604978,-0.20407845523604978,2
447,logit_diff,year_built,0.27501517131625813,0.27501517131625813,4
447,logit_diff,property_type,0.2302492223927043,0.2302492223927043,10
448,single_logit,lot,0.21361530406401708,0.21361530406401708,12
448,single_logit,bathrooms,0.09102474868709547,0.09102474868709547,2
448,single_logit,bedrooms,0.033054081999506976,0.002808516771199939,2
448,single_logit,year_built,0.12105427416377174,0.12105427416377174,4
448,single_logit,property_type,0.5412515910856087,0.5412515910856087,4
448,logit_diff,lot,0.06427330856014218,-0.06427330856014218,12
448,logit_diff,bathrooms,0.1228381654338419,-0.03970761113267857,2
448,logit_diff,bedrooms,0.22477758816627402,-0.22477758816627402,2
448,logit_diff,year_built,0.09844178593309896,0.024744691879099768,4
448,logit_diff,property_type,0.48966915190664295,0.48966915190664295,4
449,single_logit,lot,0.12469493419702118,0.12469493419702118,12
449,single_logit,bathrooms,0.12462650822252126,0.12462650822252126,2
449,single_logit,bedrooms,0.025682549095636702,0.025682549095636702,2
449,single_logit,year_built,0.298017927605319,0.298017927605319,4
449,single_logit,property_type,0.42697808087950184,0.42697808087950184,10
449,logit_diff,lot,0.1828273181940736,-0.1828273181940736,12
449,logit_diff,bathrooms,0.1502574632847431,-0.03714229429510504,2
449,logit_diff,bedrooms,0.30304735572597064,-0.30304735572597064,2
449,logit_diff,year_built,0.10562339940170495,-0.0623610679784292,4
449,logit_diff,property_type,0.2582444633935077,0.2444427241686525,10
450,single_logit,lot,0.12329607553181518,0.12329607553181518,12
450,single_logit,bathrooms,0.03447827003757845,0.03447827003757845,2
450,single_logit,bedrooms,0.014895951618177099,0.014895951618177099,2
450,single_logit,year_built,0.37267774085926225,0.37267774085926225,4
450,single_logit,property_type,0.45465196195316704,0.45465196195316704,6
450,logit_diff,lot,0.09511663970139977,-0.09511663970139977,12
450,logit_diff,bathrooms,0.10105640477708652,-0.10105640477708652,2
450,logit_diff,bedrooms,0.10788081410377927,-0.10788081410377927,2
450,logit_diff,year_built,0.34232340117531496,0.34232340117531496,4
450,logit_diff,property_type,0.35362274024241946,0.35362274024241946,6
451,single_logit,lot,0.34015490684336425,0.34015490684336425,10
451,single_logit,bathrooms,0.12647063061381336,0.12647063061381336,2
451,single_logit,bedrooms,0.0769234475837066,0.0769234475837066,2
451,single_logit,year_built,0.176210604239368,0.176210604239368,4
451,single_logit,property_type,0.2802404107197478,0.2802404107197478,10
451,logit_diff,lot,0.0770000231761633,-0.0770000231761633,10
451,logit_diff,bathrooms,0.2735942574782089,-0.2735942574782089,2
451,logit_diff,bedrooms,0.07908030738153579,-0.07908030738153579,2
451,logit_diff,year_built,0.21077262523369783,-0.21077262523369783,4
451,logit_diff,property_type,0.3595527867303942,0.3454835741952522,10
452,single_logit,lot,0.1417528903793775,0.1417528903793775,12
452,single_logit,bathrooms,0.14020101700481288,0.14020101700481288,2
452,single_logit,bedrooms,0.17918877679804815,0.17918877679804815,2
452,single_logit,year_built,0.26000446431647617,0.26000446431647617,4
452,single_logit,property_type,0.2788528515012853,0.2788528515012853,10
452,logit_diff,lot,0.20596845817457457,-0.20596845817457457,12
452,logit_diff,bathrooms,0.2398890520628094,-0.2398890520628094,2
452,logit_diff,bedrooms,0.14860547392688422,-0.13147054163668356,2
452,logit_diff,year_built,0.12444398666875955,-0.03568750286340355,4
452,logit_diff,property_type,0.28109302916697226,0.2520869167916062,10
453,single_logit,lot,0.1585736387671757,0.1585736387671757,12
453,single_logit,bathrooms,0.250600503062598,0.250600503062598,2
453,single_logit,bedrooms,0.0890908233341045,0.0890908233341045,2
453,single_logit,year_built,0.1745997787710045,0.06766474082173579,4
453,single_logit,property_type,0.3271352560651173,0.3271352560651173,10
453,logit_diff,lot,0.22137032515414065,-0.22137032515414065,12
453,logit_diff,bathrooms,0.1451647470602867,0.07761028217610355,2
453,logit_diff,bedrooms,0.0735170488553539,-0.05952914916082361,2
453,logit_diff,year_built,0.2360860950747336,-0.05321203316974541,4
453,logit_diff,property_type,0.32386178385548514,0.3022546679644378,10
454,single_logit,lot,0.22832606518422716,0.22832606518422716,12
454,single_logit,bathrooms,0.1531363292422748,0.1531363292422748,2
454,single_logit,bedrooms,0.09279728647018283,0.09279728647018283,2
454,single_logit,year_built,0.2808886473873247,0.2808886473873247,4
454,single_logit,property_type,0.2448516717159905,0.2448516717159905,10
454,logit_diff,lot,0.22025563091534078,-0.22025563091534078,12
454,logit_diff,bathrooms,0.1211513590563265,0.1211513590563265,2
454,logit_diff,bedrooms,0.16023244262288344,-0.16023244262288344,2
454,logit_diff,year_built,0.1352484641999774,-0.08025579660989371,4
454,logit_diff,property_type,0.3631121032054719,0.32280275871633746,10
455,single_logit,lot,0.13007706431982632,0.13007706431982632,12
455,single_logit,bathrooms,0.044150877646749194,0.035575641568377954,2
455,single_logit,bedrooms,0.10661104313650724,0.10661104313650724,2
455,single_logit,year_built,0.18981400941043353,0.18981400941043353,4
455,single_logit,property_type,0.5293470054864837,0.5293470054864837,7
455,logit_diff,lot,0.05148990407356489,-0.05148990407356489,12
455,logit_diff,bathrooms,0.06752397725313627,-0.06752397725313627,2
455,logit_diff,bedrooms,0.12087382517033725,-0.12087382517033725,2
455,logit_diff,year_built,0.24757971397368955,0.24757971397368955,4
455,logit_diff,property_type,0.512532579529272,0.512532579529272,7
456,single_logit,lot,0.14881207727847084,0.14881207727847084,12
456,single_logit,bathrooms,0.20869381455957742,0.20869381455957742,2
456,single_logit,bedrooms,0.08565790896102057,0.08565790896102057,2
456,single_logit,year_built,0.18288519783365953,0.18288519783365953,4
456,single_logit,property_type,0.37395100136727166,0.37395100136727166,9
456,logit_diff,lot,0.11917481500761339,-0.11917481500761339,12
456,logit_diff,bathrooms,0.23053083231708302,-0.0700508054002186,2
456,logit_diff,bedrooms,0.213548818886727,-0.213548818886727,2
456,logit_diff,year_built,0.17862955377055742,0.17862955377055742,4
456,logit_diff,property_type,0.25811598001801916,0.25811598001801916,9
457,single_logit,lot,0.20405273422592057,0.20405273422592057,12
457,single_logit,bathrooms,0.16292397648915607,0.16292397648915607,2
457,single_logit,bedrooms,0.11633790196178802,0.11633790196178802,2
457,single_logit,year_built,0.20295490664996826,0.20295490664996826,4
457,single_logit,property_type,0.31373048067316706,0.31373048067316706,10
457,logit_diff,lot,0.18362690109692437,-0.18362690109692437,12
457,logit_diff,bathrooms,0.1105761110021727,0.1105761110021727,2
457,logit_diff,bedrooms,0.19991481272095757,-0.19991481272095757,2
457,logit_diff,year_built,0.1306808584571132,0.12671654205754745,4
457,logit_diff,property_type,0.3752013167228322,0.3513446269611598,10
458,single_logit,lot,0.2958171973227789,0.2958171973227789,10
458,single_logit,bathrooms,0.12590590775109906,0.12590590775109906,2
458,single_logit,bedrooms,0.07695731861481372,0.04681459069982603,2
458,single_logit,year_built,0.12712295373439225,0.03159317997726863,4
458,single_logit,property_type,0.3741966225769161,0.3741966225769161,10
458,logit_diff,lot,0.12662699168466957,-0.12662699168466957,10
458,logit_diff,bathrooms,0.22284665288493163,-0.22284665288493163,2
458,logit_diff,bedrooms,0.10393752156519422,-0.10393752156519422,2
458,logit_diff,year_built,0.15302262794494811,-0.014544235077054747,4
458,logit_diff,property_type,0.3935662059202565,0.3619530752137455,10
459,single_logit,lot,0.18428150694315396,0.18428150694315396,10
459,single_logit,bathrooms,0.1051630163931029,0.1051630163931029,2
459,single_logit,bedrooms,0.05795382065596922,0.05795382065596922,2
459,single_logit,year_built,0.24591760282984854,0.24591760282984854,4
459,single_logit,property_type,0.4066840531779254,0.4066840531779254,4
459,logit_diff,lot,0.036048935919121984,-0.03013256756225168,10
459,logit_diff,bathrooms,0.16011958616891547,-0.07351402383855868,2
459,logit_diff,bedrooms,0.06910821761535738,-0.06910821761535738,2
459,logit_diff,year_built,0.12609260060579836,0.12609260060579836,4
459,logit_diff,property_type,0.6086306596908068,0.6086306596908068,4
460,single_logit,lot,0.15456752135589014,0.15456752135589014,12
460,single_logit,bathrooms,0.12570196239364523,0.12570196239364523,2
460,single_logit,bedrooms,0.029647887089814307,0.011744880324658771,2
460,single_logit,year_built,0.2224543819329964,0.2224543819329964,4
460,single_logit,property_type,0.4676282472276539,0.4676282472276539,8
460,logit_diff,lot,0.10606791977695713,-0.10606791977695713,12
460,logit_diff,bathrooms,0.15619468592781863,-0.15619468592781863,2
460,logit_diff,bedrooms,0.1843440578972277,-0.1843440578972277,2
460,logit_diff,year_built,0.2072261502793731,0.2072261502793731,4
460,logit_diff,property_type,0.34616718611862346,0.34616718611862346,8
461,single_logit,lot,0.2874246525039261,0.2874246525039261,8
461,single_logit,bathrooms,0.06276613383202619,0.042857932792793214,2
461,single_logit,bedrooms,0.12069346880034992,0.12069346880034992,2
461,single_logit,year_built,0.32267875851090116,0.32267875851090116,4
461,single_logit,property_type,0.20643698635279661,0.20643698635279661,10
461,logit_diff,lot,0.07950034127628842,-0.07950034127628842,8
461,logit_diff,bathrooms,0.3208628779100721,-0.3208628779100721,2
461,logit_diff,bedrooms,0.17626545434538415,-0.17626545434538415,2
461,logit_diff,year_built,0.20651439884109624,0.20651439884109624,4
461,logit_diff,property_type,0.21685692762715905,0.19121254422659692,10
462,single_logit,lot,0.15988207899862228,0.15988207899862228,12
462,single_logit,bathrooms,0.03446723016770937,0.03221556692688924,2
462,single_logit,bedrooms,0.030082780316795635,0.024516556901600536,2
462,single_logit,year_built,0.242284558906633,0.242284558906633,4
462,single_logit,property_type,0.5332833516102398,0.5332833516102398,7
462,logit_diff,lot,0.03883796683895373,-0.015350694875342194,12
462,logit_diff,bathrooms,0.13137626686235493,-0.13137626686235493,2
462,logit_diff,bedrooms,0.09398719874748107,-0.09398719874748107,2
462,logit_diff,year_built,0.11193852502893427,0.11193852502893427,4
462,logit_diff,property_type,0.623860042522276,0.623860042522276,7
463,single_logit,lot,0.2807462518318115,0.2807462518318115,8
463,single_logit,bathrooms,0.06583248788186224,0.06583248788186224,2
463,single_logit,bedrooms,0.045992560027054444,0.045992560027054444,2
463,single_logit,year_built,0.1446285649870364,0.1446285649870364,4
463,single_logit,property_type,0.46280013527223535,0.46280013527223535,4
463,logit_diff,lot,0.1437908496732026,-0.1437908496732026,8
463,logit_diff,bathrooms,0.08607982199972188,-0.08607982199972188,2
463,logit_diff,bedrooms,0.11291892643582256,-0.11291892643582256,2
463,logit_diff,year_built,0.0589625921290502,-0.0589625921290502,4
463,logit_diff,property_type,0.5982478097622027,0.5982478097622027,4
464,single_logit,lot,0.2505306892188081,0.2505306892188081,12
464,single_logit,bathrooms,0.12929951156550812,0.12929951156550812,2
464,single_logit,bedrooms,0.12193361534743714,0.11315640568075941,2
464,single_logit,year_built,0.12605155732761855,0.12605155732761855,4
464,single_logit,property_type,0.37218462654062806,0.37218462654062806,10
464,logit_diff,lot,0.19393196056713471,-0.19393196056713471,12
464,logit_diff,bathrooms,0.2035296599266917,-0.2035296599266917,2
464,logit_diff,bedrooms,0.11511202724637222,-0.11511202724637222,2
464,logit_diff,year_built,0.18921614971819736,0.023976639463174066,4
464,logit_diff,property_type,0.298210202541604,0.28621584298561364,10
465,single_logit,lot,0.14099169801743017,0.14099169801743017,12
465,single_logit,bathrooms,0.13081034385901122,0.13081034385901122,2
465,single_logit,bedrooms,0.08741065033569441,0.08741065033569441,2
465,single_logit,year_built,0.28759937750310643,0.28759937750310643,4
465,single_logit,property_type,0.3531879302847578,0.3531879302847578,10
465,logit_diff,lot,0.2794542733289965,-0.2794542733289965,12
465,logit_diff,bathrooms,0.25505358506988796,-0.25505358506988796,2
465,logit_diff,bedrooms,0.038335483181050976,-0.038335483181050976,2
465,logit_diff,year_built,0.10984342150530094,0.10984342150530094,4
465,logit_diff,property_type,0.3173132369147636,0.3058384069036837,10
466,single_logit,lot,0.2687626495738426,0.2687626495738426,10
466,single_logit,bathrooms,0.05099176431398897,0.009271229875270723,2
466,single_logit,bedrooms,0.05245970904424017,0.02047396597455618,2
466,single_logit,year_built,0.22961745991087154,0.22961745991087154,4
466,single_logit,property_type,0.39816841715705675,0.39816841715705675,10
466,logit_diff,lot,0.1252418923042353,-0.1252418923042353,10
466,logit_diff,bathrooms,0.25657306079801817,-0.25657306079801817,2
466,logit_diff,bedrooms,0.23045346091497668,-0.23045346091497668,2
466,logit_diff,year_built,0.07442930232158725,0.07073095189566987,4
466,logit_diff,property_type,0.3133022836611826,0.3133022836611826,10
467,single_logit,lot,0.39844902149764055,0.39844902149764055,10
467,single_logit,bathrooms,0.10359908235524987,0.10359908235524987,2
467,single_logit,bedrooms,0.07674748267323153,0.07674748267323153,2
467,single_logit,year_built,0.12671851006653992,0.12671851006653992,4
467,single_logit,property_type,0.29448590340733816,0.29448590340733816,10
467,logit_diff,lot,0.08873480990945304,-0.08873480990945304,10
467,logit_diff,bathrooms,0.26246494344165944,-0.26246494344165944,2
467,logit_diff,bedrooms,0.09021502063088205,-0.09021502063088205,2
467,logit_diff,year_built,0.20216578457438591,-0.20216578457438591,4
467,logit_diff,property_type,0.3564194414436196,0.32327827512037227,10
468,single_logit,lot,0.2216107868615096,0.2216107868615096,8
468,single_logit,bathrooms,0.18319590631471083,0.18319590631471083,2
468,single_logit,bedrooms,0.06979728868228426,0.06979728868228426,2
468,single_logit,year_built,0.04711756515579894,0.03903022188278868,4
468,single_logit,property_type,0.4782784529856964,0.4782784529856964,10
468,logit_diff,lot,0.35073059109506277,-0.35073059109506277,8
468,logit_diff,bathrooms,0.18098931745384508,-0.18098931745384508,2
468,logit_diff,bedrooms,0.09899979582531751,-0.09899979582531751,2
468,logit_diff,year_built,0.1515190174079065,0.03916615633810886,4
468,logit_diff,property_type,0.21776127821786812,0.18283067911653522,10
469,single_logit,lot,0.20283973770899946,0.20283973770899946,12
469,single_logit,bathrooms,0.19595182486773252,0.19595182486773252,2
469,single_logit,bedrooms,0.06362579173992111,0.06362579173992111,2
469,single_logit,year_built,0.09363335456204648,0.09363335456204648,4
469,single_logit,property_type,0.44394929112130044,0.44394929112130044,6
469,logit_diff,lot,0.042034817390398264,-0.042034817390398264,12
469,logit_diff,bathrooms,0.1520076985670067,-0.1520076985670067,2
469,logit_diff,bedrooms,0.0861866854444147,-0.0861866854444147,2
469,logit_diff,year_built,0.22074184265315835,0.036401014832948594,4
469,logit_diff,property_type,0.499028955945022,0.499028955945022,6
470,single_logit,lot,0.280214161340165,0.280214161340165,10
470,single_logit,bathrooms,0.08582651701153399,0.08582651701153399,2
470,single_logit,bedrooms,0.1302195430519826,0.1302195430519826,2
470,single_logit,year_built,0.27483318848677735,0.27483318848677735,4
470,single_logit,property_type,0.228906590109541,0.228906590109541,10
470,logit_diff,lot,0.12544441958305813,-0.018073003293732987,10
470,logit_diff,bathrooms,0.15833136000280176,-0.15833136000280176,2
470,logit_diff,bedrooms,0.26072529341778733,-0.26072529341778733,2
470,logit_diff,year_built,0.0865726485644062,0.04438255562952789,4
470,logit_diff,property_type,0.36892627843194653,0.36892627843194653,10
471,single_logit,lot,0.20397956178675958,0.20397956178675958,12
471,single_logit,bathrooms,0.03864299527511009,0.032451692489888086,2
471,single_logit,bedrooms,0.13022794701977153,0.13022794701977153,2
471,single_logit,year_built,0.22254995861981655,0.22254995861981655,4
471,single_logit,property_type,0.40459953729854226,0.40459953729854226,10
471,logit_diff,lot,0.18952597209944128,-0.18952597209944128,12
471,logit_diff,bathrooms,0.2547713217607878,-0.2547713217607878,2
471,logit_diff,bedrooms,0.16093055157889763,-0.16093055157889763,2
471,logit_diff,year_built,0.12706719672819292,-0.05827893985278021,4
471,logit_diff,property_type,0.2677049578326804,0.2508820883447464,10
472,single_logit,lot,0.17876123564978696,0.17876123564978696,12
472,single_logit,bathrooms,0.10719737678924658,0.10719737678924658,2
472,single_logit,bedrooms,0.058687171470062215,0.058687171470062215,2
472,single_logit,year_built,0.16643580059248134,0.16643580059248134,4
472,single_logit,property_type,0.4889184154984229,0.4889184154984229,4
472,logit_diff,lot,0.05774473935637219,0.0016498496958963485,12
472,logit_diff,bathrooms,0.06735954139771165,-0.06567240696292499,2
472,logit_diff,bedrooms,0.1222939435602265,-0.1222939435602265,2
472,logit_diff,year_built,0.08289329573788828,0.03776011931116445,4
472,logit_diff,property_type,0.6697084799478014,0.522060913942162,4
473,single_logit,lot,0.13952168926775754,0.13952168926775754,12
473,single_logit,bathrooms,0.14912716985759097,0.14912716985759097,2
473,single_logit,bedrooms,0.14066180872461992,0.14066180872461992,2
473,single_logit,year_built,0.1608632387010281,0.11601392643594412,4
473,single_logit,property_type,0.40982609344900345,0.40982609344900345,10
473,logit_diff,lot,0.2034199338708271,-0.2034199338708271,12
473,logit_diff,bathrooms,0.16818816311373688,-0.09874854617133613,2
473,logit_diff,bedrooms,0.17337358905424083,-0.17337358905424083,2
473,logit_diff,year_built,0.17123178268751094,-0.019050803998807996,4
473,logit_diff,property_type,0.28378653127368425,0.25951084631853527,10
474,single_logit,lot,0.2636467202606333,0.2636467202606333,12
474,single_logit,bathrooms,0.11803968799415897,0.11803968799415897,2
474,single_logit,bedrooms,0.07354879902918329,0.07354879902918329,2
474,single_logit,year_built,0.24938144148437744,0.24938144148437744,4
474,single_logit,property_type,0.295383351231647,0.295383351231647,10
474,logit_diff,lot,0.20826427849529386,-0.20826427849529386,12
474,logit_diff,bathrooms,0.25439794141291344,-0.25439794141291344,2
474,logit_diff,bedrooms,0.08961595017984862,-0.08961595017984862,2
474,logit_diff,year_built,0.14052205205715906,-0.14052205205715906,4
474,logit_diff,property_type,0.30719977785478497,0.2614108005690641,10
475,single_logit,lot,0.25196140512809506,0.25196140512809506,10
475,single_logit,bathrooms,0.0641755505503587,0.010794052844861556,2
475,single_logit,bedrooms,0.09361387649089022,0.09361387649089022,2
475,single_logit,year_built,0.10353551228053498,0.10353551228053498,4
475,single_logit,property_type,0.486713655550121,0.486713655550121,10
475,logit_diff,lot,0.15139034991388456,-0.15139034991388456,10
475,logit_diff,bathrooms,0.3255066192838685,-0.3255066192838685,2
475,logit_diff,bedrooms,0.15441716451393273,-0.15441716451393273,2
475,logit_diff,year_built,0.12424825833640346,-0.0829644919882055,4
475,logit_diff,property_type,0.24443760795191077,0.24005120770170077,10
476,single_logit,lot,0.312696199679154,0.312696199679154,10
476,single_logit,bathrooms,0.11064193050762001,0.11064193050762001,2
476,single_logit,bedrooms,0.10267743356446449,0.10267743356446449,2
476,single_logit,year_built,0.16074292141355107,0.057312089489598886,4
476,single_logit,property_type,0.3132415148352104,0.3132415148352104,10
476,logit_diff,lot,0.10825214635916285,-0.10825214635916285,10
476,logit_diff,bathrooms,0.17465782217133424,-0.17465782217133424,2
476,logit_diff,bedrooms,0.15387774995516648,-0.15387774995516648,2
476,logit_diff,year_built,0.19885739994206128,-0.08048989997654861,4
476,logit_diff,property_type,0.36435488157227514,0.29486000393715467,10
477,single_logit,lot,0.20950573436893768,0.20950573436893768,12
477,single_logit,bathrooms,0.08867186663154614,0.08867186663154614,2
477,single_logit,bedrooms,0.06901917606948636,0.06901917606948636,2
477,single_logit,year_built,0.27393033534283995,0.27393033534283995,4
477,single_logit,property_type,0.3588728875871898,0.3588728875871898,10
477,logit_diff,lot,0.1256911723971191,-0.1256911723971191,12
477,logit_diff,bathrooms,0.1329131012027534,-0.1329131012027534,2
477,logit_diff,bedrooms,0.15829683715711218,-0.15829683715711218,2
477,logit_diff,year_built,0.25950094562618947,0.25950094562618947,4
477,logit_diff,property_type,0.32359794361682587,0.32359794361682587,10
478,single_logit,lot,0.17438865415374444,0.17438865415374444,11
478,single_logit,bathrooms,0.228898866683571,0.228898866683571,2
478,single_logit,bedrooms,0.03730032139276815,0.03730032139276815,2
478,single_logit,year_built,0.24581143476849074,0.24581143476849074,4
478,single_logit,property_type,0.31360072300142566,0.31360072300142566,10
478,logit_diff,lot,0.14129959020413033,-0.14129959020413033,11
478,logit_diff,bathrooms,0.21881606178963295,-0.0909323722268225,2
478,logit_diff,bedrooms,0.20885527189906228,-0.20885527189906228,2
478,logit_diff,year_built,0.21881606178963295,0.21881606178963295,4
478,logit_diff,property_type,0.2122130143175415,0.20588309275484082,10
479,single_logit,lot,0.1469105837806331,0.1469105837806331,12
479,single_logit,bathrooms,0.30450256493043903,0.30450256493043903,2
479,single_logit,bedrooms,0.0915679557863234,0.0915679557863234,2
479,single_logit,year_built,0.09556197516433991,0.0019141844023673634,4
479,single_logit,property_type,0.36145692033826454,0.36145692033826454,10
479,logit_diff,lot,0.21034594087199432,-0.21034594087199432,12
479,logit_diff,bathrooms,0.23387454882340117,-0.07585120502380578,2
479,logit_diff,bedrooms,0.14419630121713078,-0.14419630121713078,2
479,logit_diff,year_built,0.18666661805998883,0.017976698553920766,4
479,logit_diff,property_type,0.2249165910274849,0.20320813387160988,10
480,single_logit,lot,0.3557972948771159,0.3557972948771159,8
480,single_logit,bathrooms,0.051583751688919356,0.051583751688919356,2
480,single_logit,bedrooms,0.020355993150659,0.014642602931949578,2
480,single_logit,year_built,0.1962631159986954,0.1962631159986954,4
480,single_logit,property_type,0.3759998442846103,0.3759998442846103,10
480,logit_diff,lot,0.11604861768361262,-0.11604861768361262,8
480,logit_diff,bathrooms,0.26665532507527245,-0.26665532507527245,2
480,logit_diff,bedrooms,0.21260356999244695,-0.21260356999244695,2
480,logit_diff,year_built,0.13733149624747515,0.13733149624747515,4
480,logit_diff,property_type,0.2673609910011928,0.2673609910011928,10
481,single_logit,lot,0.31557651522617175,0.31557651522617175,12
481,single_logit,bathrooms,0.08980705948343005,0.08980705948343005,2
481,single_logit,bedrooms,0.07252404623751817,0.07252404623751817,2
481,single_logit,year_built,0.12364623027799589,0.12364623027799589,4
481,single_logit,property_type,0.39844614877488416,0.39844614877488416,10
481,logit_diff,lot,0.07035754596296448,-0.07035754596296448,12
481,logit_diff,bathrooms,0.18957123468317383,-0.1549639098931421,2
481,logit_diff,bedrooms,0.23225360192421296,-0.23225360192421296,2
481,logit_diff,year_built,0.16855048925515456,-0.16855048925515456,4
481,logit_diff,property_type,0.33926712817449417,0.33926712817449417,10
482,single_logit,lot,0.1609819303509572,0.1609819303509572,12
482,single_logit,bathrooms,0.23187573477050344,0.23187573477050344,2
482,single_logit,bedrooms,0.12864338709870396,0.12864338709870396,2
482,single_logit,year_built,0.10538774833747441,0.10538774833747441,4
482,single_logit,property_type,0.373111199442361,0.373111199442361,13
482,logit_diff,lot,0.14665193251390482,-0.14665193251390482,12
482,logit_diff,bathrooms,0.2854675081594119,-0.08108236786376573,2
482,logit_diff,bedrooms,0.2653168605246299,-0.2653168605246299,2
482,logit_diff,year_built,0.13685648185289453,0.029026528140578857,4
482,logit_diff,property_type,0.1657072169491589,0.1657072169491589,13
483,single_logit,lot,0.2999012724107717,0.2999012724107717,10
483,single_logit,bathrooms,0.15251949157873979,0.15251949157873979,2
483,single_logit,bedrooms,0.07293534471797068,0.07293534471797068,2
483,single_logit,year_built,0.1068845314168051,0.07988636513998722,4
483,single_logit,property_type,0.36775935987571273,0.36775935987571273,9
483,logit_diff,lot,0.03161228801344822,-0.014246930574726178,10
483,logit_diff,bathrooms,0.2144988517430877,-0.2144988517430877,2
483,logit_diff,bedrooms,0.16044611943382614,-0.16044611943382614,2
483,logit_diff,year_built,0.13427579202617462,-0.10125715464268906,4
483,logit_diff,property_type,0.4591669487834633,0.3489825329222763,9
484,single_logit,lot,0.31728150440032876,0.31728150440032876,10
484,single_logit,bathrooms,0.13663147943127552,0.13663147943127552,2
484,single_logit,bedrooms,0.0805922180816695,0.052731609147359124,2
484,single_logit,year_built,0.1102020661613989,0.1061947183009844,4
484,single_logit,property_type,0.3552927319253273,0.3552927319253273,10
484,logit_diff,lot,0.14512135149608388,-0.14512135149608388,10
484,logit_diff,bathrooms,0.21776709251463935,-0.21776709251463935,2
484,logit_diff,bedrooms,0.09173438772179184,-0.09173438772179184,2
484,logit_diff,year_built,0.1663196169080558,-0.08356812175249285,4
484,logit_diff,property_type,0.3790575513594291,0.3498495392451876,10
485,single_logit,lot,0.2009905088219663,0.2009905088219663,12
485,single_logit,bathrooms,0.1595768032062438,0.1595768032062438,2
485,single_logit,bedrooms,0.07673050686460621,0.057363840187340295,2
485,single_logit,year_built,0.10549029001874782,0.0334740375426866,4
485,single_logit,property_type,0.45721189108843585,0.45721189108843585,4
485,logit_diff,lot,0.08255398473928544,-0.08255398473928544,12
485,logit_diff,bathrooms,0.15510714322251254,-0.07698748714694054,2
485,logit_diff,bedrooms,0.08491266964736088,-0.08491266964736088,2
485,logit_diff,year_built,0.167667142274518,-0.003856450413150973,4
485,logit_diff,property_type,0.5097590601163231,0.5097590601163231,4
486,single_logit,lot,0.1625516430044258,0.1625516430044258,12
486,single_logit,bathrooms,0.03320110322450455,0.009234743943239676,2
486,single_logit,bedrooms,0.056727712794186584,0.056727712794186584,2
486,single_logit,year_built,0.21916026251009874,0.21916026251009874,4
486,single_logit,property_type,0.5283592784667843,0.5283592784667843,4
486,logit_diff,lot,0.06633121361113943,-0.06633121361113943,12
486,logit_diff,bathrooms,0.1183081871995704,-0.1183081871995704,2
486,logit_diff,bedrooms,0.17418806897648925,-0.17418806897648925,2
486,logit_diff,year_built,0.2050475154070045,0.2050475154070045,4
486,logit_diff,property_type,0.4361250148057964,0.4361250148057964,4
487,single_logit,lot,0.3819586815959628,0.3819586815959628,8
487,single_logit,bathrooms,0.07467276454817852,0.07467276454817852,2
487,single_logit,bedrooms,0.06588077590285443,0.06588077590285443,2
487,single_logit,year_built,0.24960574041949218,0.24960574041949218,4
487,single_logit,property_type,0.22788203753351208,0.22788203753351208,10
487,logit_diff,lot,0.08901634967156102,-0.0557626648603347,8
487,logit_diff,bathrooms,0.30911286887416667,-0.30911286887416667,2
487,logit_diff,bedrooms,0.13719759268027967,-0.13719759268027967,2
487,logit_diff,year_built,0.1450927285395488,0.1450927285395488,4
487,logit_diff,property_type,0.31958046023444386,0.27731272499348014,10
488,single_logit,lot,0.12743310577252712,0.12743310577252712,12
488,single_logit,bathrooms,0.10737490355098418,0.10737490355098418,2
488,single_logit,bedrooms,0.03353321668405337,0.03353321668405337,2
488,single_logit,year_built,0.309774881490539,0.309774881490539,4
488,single_logit,property_type,0.42188389250189634,0.42188389250189634,10
488,logit_diff,lot,0.15489544869951713,-0.15489544869951713,12
488,logit_diff,bathrooms,0.11846001870414984,-0.04738400748165993,2
488,logit_diff,bedrooms,0.2491250090323636,-0.2491250090323636,2
488,logit_diff,year_built,0.24269720688108729,0.24269720688108729,4
488,logit_diff,property_type,0.23482231668288217,0.23482231668288217,10
489,single_logit,lot,0.09421850925049152,0.09421850925049152,12
489,single_logit,bathrooms,0.062099129358187725,0.062099129358187725,2
489,single_logit,bedrooms,0.06911513676163682,0.06911513676163682,2
489,single_logit,year_built,0.40394289433474995,0.40394289433474995,4
489,single_logit,property_type,0.37062433029493397,0.37062433029493397,10
489,logit_diff,lot,0.19883808330022318,-0.19883808330022318,12
489,logit_diff,bathrooms,0.1861249998546296,-0.1861249998546296,2
489,logit_diff,bedrooms,0.14809946224992032,-0.14809946224992032,2
489,logit_diff,year_built,0.24207166403380712,0.24207166403380712,4
489,logit_diff,property_type,0.22486579056141978,0.22216170175805716,10
490,single_logit,lot,0.14388300916028068,0.14388300916028068,12
490,single_logit,bathrooms,0.11343858915156264,0.04942681384460944,2
490,single_logit,bedrooms,0.05879562589507332,0.05879562589507332,2
490,single_logit,year_built,0.15744668467509298,0.15744668467509298,4
490,single_logit,property_type,0.5264360911179904,0.5264360911179904,10
490,logit_diff,lot,0.20794347139754155,-0.20794347139754155,12
490,logit_diff,bathrooms,0.1130833181182822,-0.1130833181182822,2
490,logit_diff,bedrooms,0.19085361451370733,-0.19085361451370733,2
490,logit_diff,year_built,0.23572207455680286,0.02751813145094029,4
490,logit_diff,property_type,0.25239752141366606,0.2391678958621477,10
491,single_logit,lot,0.22673071621876556,0.22673071621876556,11
491,single_logit,bathrooms,0.16188925923333256,0.16188925923333256,2
491,single_logit,bedrooms,0.13607150563255704,0.13607150563255704,2
491,single_logit,year_built,0.13076554381602756,0.13076554381602756,4
491,single_logit,property_type,0.3445429750993173,0.3445429750993173,8
491,logit_diff,lot,0.3442693093717485,-0.3442693093717485,11
491,logit_diff,bathrooms,0.3373551022364358,-0.3373551022364358,2
491,logit_diff,bedrooms,0.16262515848839104,-0.16262515848839104,2
491,logit_diff,year_built,0.053813664904330046,0.0056576713713598825,4
491,logit_diff,property_type,0.10193676499909463,-0.10193676499909463,8
492,single_logit,lot,0.35716814283360965,0.35716814283360965,8
492,single_logit,bathrooms,0.017577310373592326,0.01584586644048074,2
492,single_logit,bedrooms,0.03889089449758334,0.03889089449758334,2
492,single_logit,year_built,0.15763850675228083,0.12230863864344522,4
492,single_logit,property_type,0.42872514554293384,0.42872514554293384,4
492,logit_diff,lot,0.0747841870871061,-0.0747841870871061,8
492,logit_diff,bathrooms,0.22801663184111104,-0.22801663184111104,2
492,logit_diff,bedrooms,0.10698410688279618,-0.10698410688279618,2
492,logit_diff,year_built,0.04394774056016378,-0.012381012684944806,4
492,logit_diff,property_type,0.5462673336288228,0.5462673336288228,4
493,single_logit,lot,0.1381303250806459,0.1381303250806459,12
493,single_logit,bathrooms,0.25121268527147744,0.25121268527147744,2
493,single_logit,bedrooms,0.0888286100157413,0.0888286100157413,2
493,single_logit,year_built,0.23117431932569812,0.23117431932569812,4
493,single_logit,property_type,0.29065406030643726,0.29065406030643726,10
493,logit_diff,lot,0.15805355358478818,-0.15805355358478818,12
493,logit_diff,bathrooms,0.22832203754093675,0.11872745952128712,2
493,logit_diff,bedrooms,0.2072022490684001,-0.2072022490684001,2
493,logit_diff,year_built,0.06607068961340858,0.06607068961340858,4
493,logit_diff,property_type,0.3403514701924664,0.31876076708201184,10
494,single_logit,lot,0.2145736248987258,0.2145736248987258,10
494,single_logit,bathrooms,0.06521965479387921,0.06521965479387921,2
494,single_logit,bedrooms,0.04643668152449659,0.04643668152449659,2
494,single_logit,year_built,0.1883863982496109,0.1883863982496109,4
494,single_logit,property_type,0.4853836405332875,0.4853836405332875,7
494,logit_diff,lot,0.072253778321708,-0.007406165515803887,10
494,logit_diff,bathrooms,0.10950342292940474,-0.10950342292940474,2
494,logit_diff,bedrooms,0.15320355627103158,-0.15320355627103158,2
494,logit_diff,year_built,0.06464329570081385,0.02486605077691991,4
494,logit_diff,property_type,0.6003959467770419,0.6003959467770419,7
495,single_logit,lot,0.19734883845265158,0.19734883845265158,12
495,single_logit,bathrooms,0.17718788959652534,0.17718788959652534,2
495,single_logit,bedrooms,0.06081756456438114,0.06081756456438114,2
495,single_logit,year_built,0.14026618155688053,0.14026618155688053,4
495,single_logit,property_type,0.4243795258295614,0.4243795258295614,10
495,logit_diff,lot,0.18475569378870044,-0.18475569378870044,12
495,logit_diff,bathrooms,0.21386439320905587,-0.21386439320905587,2
495,logit_diff,bedrooms,0.0817521046654949,-0.0817521046654949,2
495,logit_diff,year_built,0.25027569355701884,0.005352156105983893,4
495,logit_diff,property_type,0.26935211477973,0.25395010632412723,10
496,single_logit,lot,0.1839318701927658,0.1839318701927658,12
496,single_logit,bathrooms,0.17063775615397592,0.17063775615397592,2
496,single_logit,bedrooms,0.10383292033600885,0.10383292033600885,2
496,single_logit,year_built,0.1771176709446332,0.15644365708872657,4
496,single_logit,property_type,0.3644797823726162,0.3644797823726162,10
496,logit_diff,lot,0.17894507008806024,-0.17894507008806024,12
496,logit_diff,bathrooms,0.24644747895682007,-0.24644747895682007,2
496,logit_diff,bedrooms,0.02149251269972268,-0.0075735520941879915,2
496,logit_diff,year_built,0.20564581992687034,-0.20564581992687034,4
496,logit_diff,property_type,0.3474691183285267,0.3377121998648431,10
497,single_logit,lot,0.33283346829839444,0.33283346829839444,10
497,single_logit,bathrooms,0.03844345552103459,0.02115244352668481,2
497,single_logit,bedrooms,0.039707818058170835,0.039707818058170835,2
497,single_logit,year_built,0.2156934144433514,0.2156934144433514,4
497,single_logit,property_type,0.3733218436790487,0.3733218436790487,10
497,logit_diff,lot,0.09064261076865364,-0.09064261076865364,10
497,logit_diff,bathrooms,0.2579802788846657,-0.2579802788846657,2
497,logit_diff,bedrooms,0.2458462371375342,-0.2458462371375342,2
497,logit_diff,year_built,0.057191563615216344,0.057191563615216344,4
497,logit_diff,property_type,0.3483393095939301,0.3483393095939301,10
498,single_logit,lot,0.18790488828328944,0.18790488828328944,12
498,single_logit,bathrooms,0.18871307825490247,0.18871307825490247,2
498,single_logit,bedrooms,0.08991147732701456,0.08991147732701456,2
498,single_logit,year_built,0.20497796347922756,0.20497796347922756,4
498,single_logit,property_type,0.32849259265556596,0.32849259265556596,9
498,logit_diff,lot,0.09343841020846783,-0.09343841020846783,12
498,logit_diff,bathrooms,0.27829001093345385,-0.08386822247309568,2
498,logit_diff,bedrooms,0.24112113961015005,-0.24112113961015005,2
498,logit_diff,year_built,0.0787455895663583,0.06087593989169302,4
498,logit_diff,property_type,0.30840484968157,0.30840484968157,9
499,single_logit,lot,0.14357996435170012,0.14357996435170012,12
499,single_logit,bathrooms,0.052137567030220155,0.052137567030220155,2
499,single_logit,bedrooms,0.07606145063585915,0.07606145063585915,2
499,single_logit,year_built,0.160207524007417,0.160207524007417,4
499,single_logit,property_type,0.5680134939748036,0.5680134939748036,4
499,logit_diff,lot,0.06768222060768589,-0.06768222060768589,12
499,logit_diff,bathrooms,0.0786877701334908,-0.0593609493989492,2
499,logit_diff,bedrooms,0.09134223609063113,-0.09134223609063113,2
499,logit_diff,year_built,0.21682277011563858,0.21682277011563858,4
499,logit_diff,property_type,0.5454650030525536,0.5454650030525536,4
