============================================================
Amnesic Probing with MP (Mean Projection) — ALL LAYERS
============================================================
Job ID: 6320627
Node: babel-s9-28
Start time: Sun Feb  8 16:27:58 EST 2026
============================================================

Checking dependencies...
  cuML: INSTALLED (GPU probing enabled)
  Llama activations: FOUND
  Qwen activations: FOUND

============================================================
MP Amnesic Probing: Llama-3.2-3B (ALL 28 LAYERS)
  Method: MP | Features: all | Random controls: 10
============================================================

>>> Llama layer 0 / 27
============================================================
AMNESIC PROBING WITH MP
============================================================
Model: llama-3.2-3b
Layer: 0
Methods: ['mp']
Features: ['bedrooms', 'bathrooms', 'year_built', 'lot_size', 'sqft']
Random controls: 10
GPU: True
============================================================

============================================================
LOADING DATA
============================================================
Loading activations from: /home/anshulk/Housing/data/activations/llama-3.2-3b_2_fewshot_cot_temp0_activations.npz
Activations shape: (5130, 28, 3072)
Feature columns: ['bathrooms_p1_more' 'bedrooms_p1_more' 'year_p1_newer' 'lot_p1_larger'
 'sqft_p1_larger' 'price_p1_higher']
Loading samples from: /home/anshulk/Housing/data/amnesic_samples/selected_samples_llama-3.2-3b_2_fewshot_cot_temp0.csv
Loaded 5130 samples
Using layer 0, shape: (5130, 3072)
Output dir: /home/anshulk/Housing/data/mp_results/llama-3.2-3b/layer_0

Feature label class balance:
  bedrooms: 30.29% positive
  bathrooms: 30.18% positive
  year_built: 46.63% positive
  lot_size: 48.44% positive
  sqft: 48.44% positive
Price labels: 48.03% have property 1 more expensive

============================================================
STEP 1: ERASURE + VERIFICATION
============================================================

============================================================
MP erasure for feature: bedrooms
============================================================
Samples: 5130 (train: 3590, val: 513, test: 1027)
Class balance: 30.17% positive
Pre-erasure probe accuracy: 0.699
Rank removed: 1
Post-erasure probe accuracy: 0.699 (target: ~0.50)
Cosine similarity (original vs erased): 0.9842

============================================================
MP erasure for feature: bathrooms
============================================================
Samples: 5130 (train: 3590, val: 513, test: 1027)
Class balance: 30.03% positive
Pre-erasure probe accuracy: 0.703
Rank removed: 1
Post-erasure probe accuracy: 0.703 (target: ~0.50)
Cosine similarity (original vs erased): 0.9189

============================================================
MP erasure for feature: year_built
============================================================
Samples: 5130 (train: 3590, val: 513, test: 1027)
Class balance: 46.82% positive
Pre-erasure probe accuracy: 0.532
WARNING: Low encoding (0.532). Feature may not be linearly encoded.
Rank removed: 1
Post-erasure probe accuracy: 0.532 (target: ~0.50)
Cosine similarity (original vs erased): 0.9231

============================================================
MP erasure for feature: lot_size
============================================================
Samples: 5130 (train: 3590, val: 513, test: 1027)
Class balance: 48.05% positive
Pre-erasure probe accuracy: 0.508
WARNING: Low encoding (0.508). Feature may not be linearly encoded.
Rank removed: 1
Post-erasure probe accuracy: 0.520 (target: ~0.50)
Cosine similarity (original vs erased): 0.9424

============================================================
MP erasure for feature: sqft
============================================================
Samples: 5130 (train: 3590, val: 513, test: 1027)
Class balance: 48.05% positive
Pre-erasure probe accuracy: 0.508
WARNING: Low encoding (0.508). Feature may not be linearly encoded.
Rank removed: 1
Post-erasure probe accuracy: 0.520 (target: ~0.50)
Cosine similarity (original vs erased): 0.9424

Saved erasure info to: /home/anshulk/Housing/data/mp_results/llama-3.2-3b/layer_0/erasure_info.json

============================================================
STEP 2: INFORMATION CONTROL
============================================================

--- BASELINE ---
[W] [16:28:33.289598] L-BFGS stopped, because the line search failed to advance (step delta = 0.000000)
  Baseline: acc=0.5708, auc=0.5942

--- RANDOM CONTROLS (10 runs) ---
  Random control: mean drop=0.0023 +/- 0.0018

--- MP ---
  bedrooms: acc=0.5766, drop=-0.0058, random=0.0023 -> FAIL
  bathrooms: acc=0.5656, drop=0.0052, random=0.0023 -> PASS
  year_built: acc=0.5695, drop=0.0013, random=0.0023 -> FAIL
  lot_size: acc=0.5721, drop=-0.0013, random=0.0023 -> FAIL
  sqft: acc=0.5688, drop=0.0019, random=0.0023 -> FAIL

  ALL FEATURES:
  all_features: acc=0.5851, drop=-0.0143

Saved results to: /home/anshulk/Housing/data/mp_results/llama-3.2-3b/layer_0/results.csv

============================================================
STEP 3: SELECTIVITY CONTROL
============================================================

--- SELECTIVITY CONTROL (MP) ---
  bedrooms: baseline=0.5701, erased=0.5786, recovered=0.5909 (0.0% recovery) -> PASS
  bathrooms: baseline=0.5701, erased=0.5682, recovered=0.5981 (100.0% recovery) -> PASS
[W] [16:28:54.512003] L-BFGS stopped, because the line search failed to advance (step delta = 0.000000)
  year_built: baseline=0.5701, erased=0.5714, recovered=0.5818 (100.0% recovery) -> PASS
  lot_size: baseline=0.5701, erased=0.5675, recovered=0.5760 (100.0% recovery) -> PASS
  sqft: baseline=0.5701, erased=0.5688, recovered=0.5721 (100.0% recovery) -> PASS

Saved selectivity to: /home/anshulk/Housing/data/mp_results/llama-3.2-3b/layer_0/selectivity.csv

============================================================
CORRECTNESS ANALYSIS
============================================================

Saved correctness analysis to: /home/anshulk/Housing/data/mp_results/llama-3.2-3b/layer_0/correctness.csv

============================================================
SUMMARY
============================================================

--- MP ---
Baseline accuracy: 0.5708
Random control drop: 0.0023

Feature verdicts:
  bedrooms:
    Probe: 0.6991236611489776
    Cosine sim: 0.9842088222503662
    Price drop: -0.0058
    Info control: FAIL
    Selectivity: PASS (0.0%)
    Verdict: NOT_CAUSAL — Erasure of bedrooms does not hurt more than random
  bathrooms:
    Probe: 0.7030185004868549
    Cosine sim: 0.9189120531082153
    Price drop: 0.0052
    Info control: PASS
    Selectivity: PASS (100.0%)
    Verdict: NOT_USED — bathrooms encoded but not used for pricing
  year_built:
    Probe: 0.5316455696202531
    Cosine sim: 0.9230918884277344
    Price drop: 0.0013
    Info control: FAIL
    Selectivity: PASS (100.0%)
    Verdict: NOT_CAUSAL — Erasure of year_built does not hurt more than random
  lot_size:
    Probe: 0.5082765335929893
    Cosine sim: 0.9423506855964661
    Price drop: -0.0013
    Info control: FAIL
    Selectivity: PASS (100.0%)
    Verdict: NOT_CAUSAL — Erasure of lot_size does not hurt more than random
  sqft:
    Probe: 0.5082765335929893
    Cosine sim: 0.9423506855964661
    Price drop: 0.0019
    Info control: FAIL
    Selectivity: PASS (100.0%)
    Verdict: NOT_CAUSAL — Erasure of sqft does not hurt more than random

Saved summary to: /home/anshulk/Housing/data/mp_results/llama-3.2-3b/layer_0/summary.json

============================================================
COMPLETE in 56s (0.9 min)
============================================================

>>> Llama layer 1 / 27
============================================================
AMNESIC PROBING WITH MP
============================================================
Model: llama-3.2-3b
Layer: 1
Methods: ['mp']
Features: ['bedrooms', 'bathrooms', 'year_built', 'lot_size', 'sqft']
Random controls: 10
GPU: True
============================================================

============================================================
LOADING DATA
============================================================
Loading activations from: /home/anshulk/Housing/data/activations/llama-3.2-3b_2_fewshot_cot_temp0_activations.npz
Activations shape: (5130, 28, 3072)
Feature columns: ['bathrooms_p1_more' 'bedrooms_p1_more' 'year_p1_newer' 'lot_p1_larger'
 'sqft_p1_larger' 'price_p1_higher']
Loading samples from: /home/anshulk/Housing/data/amnesic_samples/selected_samples_llama-3.2-3b_2_fewshot_cot_temp0.csv
Loaded 5130 samples
Using layer 1, shape: (5130, 3072)
Output dir: /home/anshulk/Housing/data/mp_results/llama-3.2-3b/layer_1

Feature label class balance:
  bedrooms: 30.29% positive
  bathrooms: 30.18% positive
  year_built: 46.63% positive
  lot_size: 48.44% positive
  sqft: 48.44% positive
Price labels: 48.03% have property 1 more expensive

============================================================
STEP 1: ERASURE + VERIFICATION
============================================================

============================================================
MP erasure for feature: bedrooms
============================================================
Samples: 5130 (train: 3590, val: 513, test: 1027)
Class balance: 30.17% positive
Pre-erasure probe accuracy: 0.699
Rank removed: 1
Post-erasure probe accuracy: 0.699 (target: ~0.50)
Cosine similarity (original vs erased): 0.9816

============================================================
MP erasure for feature: bathrooms
============================================================
Samples: 5130 (train: 3590, val: 513, test: 1027)
Class balance: 30.03% positive
Pre-erasure probe accuracy: 0.703
Rank removed: 1
Post-erasure probe accuracy: 0.703 (target: ~0.50)
Cosine similarity (original vs erased): 0.9841

============================================================
MP erasure for feature: year_built
============================================================
Samples: 5130 (train: 3590, val: 513, test: 1027)
Class balance: 46.82% positive
Pre-erasure probe accuracy: 0.532
WARNING: Low encoding (0.532). Feature may not be linearly encoded.
Rank removed: 1
Post-erasure probe accuracy: 0.532 (target: ~0.50)
Cosine similarity (original vs erased): 0.9534

============================================================
MP erasure for feature: lot_size
============================================================
Samples: 5130 (train: 3590, val: 513, test: 1027)
Class balance: 48.05% positive
Pre-erasure probe accuracy: 0.524
WARNING: Low encoding (0.524). Feature may not be linearly encoded.
Rank removed: 1
Post-erasure probe accuracy: 0.520 (target: ~0.50)
Cosine similarity (original vs erased): 0.9609

============================================================
MP erasure for feature: sqft
============================================================
Samples: 5130 (train: 3590, val: 513, test: 1027)
Class balance: 48.05% positive
Pre-erasure probe accuracy: 0.524
WARNING: Low encoding (0.524). Feature may not be linearly encoded.
Rank removed: 1
Post-erasure probe accuracy: 0.520 (target: ~0.50)
Cosine similarity (original vs erased): 0.9609

Saved erasure info to: /home/anshulk/Housing/data/mp_results/llama-3.2-3b/layer_1/erasure_info.json

============================================================
STEP 2: INFORMATION CONTROL
============================================================

--- BASELINE ---
  Baseline: acc=0.5688, auc=0.6010

--- RANDOM CONTROLS (10 runs) ---
  Random control: mean drop=-0.0015 +/- 0.0018

--- MP ---
  bedrooms: acc=0.5805, drop=-0.0117, random=-0.0015 -> FAIL
  bathrooms: acc=0.5669, drop=0.0019, random=-0.0015 -> PASS
  year_built: acc=0.5721, drop=-0.0032, random=-0.0015 -> FAIL
  lot_size: acc=0.5779, drop=-0.0091, random=-0.0015 -> FAIL
  sqft: acc=0.5779, drop=-0.0091, random=-0.0015 -> FAIL

  ALL FEATURES:
  all_features: acc=0.5701, drop=-0.0013

Saved results to: /home/anshulk/Housing/data/mp_results/llama-3.2-3b/layer_1/results.csv

============================================================
STEP 3: SELECTIVITY CONTROL
============================================================

--- SELECTIVITY CONTROL (MP) ---
  bedrooms: baseline=0.5708, erased=0.5786, recovered=0.6045 (0.0% recovery) -> PASS
  bathrooms: baseline=0.5708, erased=0.5682, recovered=0.6032 (100.0% recovery) -> PASS
  year_built: baseline=0.5708, erased=0.5734, recovered=0.5851 (100.0% recovery) -> PASS
  lot_size: baseline=0.5708, erased=0.5799, recovered=0.5805 (0.0% recovery) -> PASS
  sqft: baseline=0.5708, erased=0.5805, recovered=0.5773 (33.3% recovery) -> PASS

Saved selectivity to: /home/anshulk/Housing/data/mp_results/llama-3.2-3b/layer_1/selectivity.csv

============================================================
CORRECTNESS ANALYSIS
============================================================

Saved correctness analysis to: /home/anshulk/Housing/data/mp_results/llama-3.2-3b/layer_1/correctness.csv

============================================================
SUMMARY
============================================================

--- MP ---
Baseline accuracy: 0.5688
Random control drop: -0.0015

Feature verdicts:
  bedrooms:
    Probe: 0.6991236611489776
    Cosine sim: 0.9815548062324524
    Price drop: -0.0117
    Info control: FAIL
    Selectivity: PASS (0.0%)
    Verdict: NOT_CAUSAL — Erasure of bedrooms does not hurt more than random
  bathrooms:
    Probe: 0.7030185004868549
    Cosine sim: 0.9841417074203491
    Price drop: 0.0019
    Info control: PASS
    Selectivity: PASS (100.0%)
    Verdict: NOT_USED — bathrooms encoded but not used for pricing
  year_built:
    Probe: 0.5316455696202531
    Cosine sim: 0.9534103870391846
    Price drop: -0.0032
    Info control: FAIL
    Selectivity: PASS (100.0%)
    Verdict: NOT_CAUSAL — Erasure of year_built does not hurt more than random
  lot_size:
    Probe: 0.5238558909444986
    Cosine sim: 0.9608728885650635
    Price drop: -0.0091
    Info control: FAIL
    Selectivity: PASS (0.0%)
    Verdict: NOT_CAUSAL — Erasure of lot_size does not hurt more than random
  sqft:
    Probe: 0.5238558909444986
    Cosine sim: 0.9608728885650635
    Price drop: -0.0091
    Info control: FAIL
    Selectivity: PASS (33.3%)
    Verdict: NOT_CAUSAL — Erasure of sqft does not hurt more than random

Saved summary to: /home/anshulk/Housing/data/mp_results/llama-3.2-3b/layer_1/summary.json

============================================================
COMPLETE in 55s (0.9 min)
============================================================

>>> Llama layer 2 / 27
============================================================
AMNESIC PROBING WITH MP
============================================================
Model: llama-3.2-3b
Layer: 2
Methods: ['mp']
Features: ['bedrooms', 'bathrooms', 'year_built', 'lot_size', 'sqft']
Random controls: 10
GPU: True
============================================================

============================================================
LOADING DATA
============================================================
Loading activations from: /home/anshulk/Housing/data/activations/llama-3.2-3b_2_fewshot_cot_temp0_activations.npz
Activations shape: (5130, 28, 3072)
Feature columns: ['bathrooms_p1_more' 'bedrooms_p1_more' 'year_p1_newer' 'lot_p1_larger'
 'sqft_p1_larger' 'price_p1_higher']
Loading samples from: /home/anshulk/Housing/data/amnesic_samples/selected_samples_llama-3.2-3b_2_fewshot_cot_temp0.csv
Loaded 5130 samples
Using layer 2, shape: (5130, 3072)
Output dir: /home/anshulk/Housing/data/mp_results/llama-3.2-3b/layer_2

Feature label class balance:
  bedrooms: 30.29% positive
  bathrooms: 30.18% positive
  year_built: 46.63% positive
  lot_size: 48.44% positive
  sqft: 48.44% positive
Price labels: 48.03% have property 1 more expensive

============================================================
STEP 1: ERASURE + VERIFICATION
============================================================

============================================================
MP erasure for feature: bedrooms
============================================================
Samples: 5130 (train: 3590, val: 513, test: 1027)
Class balance: 30.17% positive
Pre-erasure probe accuracy: 0.699
Rank removed: 1
Post-erasure probe accuracy: 0.699 (target: ~0.50)
Cosine similarity (original vs erased): 0.9794

============================================================
MP erasure for feature: bathrooms
============================================================
Samples: 5130 (train: 3590, val: 513, test: 1027)
Class balance: 30.03% positive
Pre-erasure probe accuracy: 0.703
Rank removed: 1
Post-erasure probe accuracy: 0.703 (target: ~0.50)
Cosine similarity (original vs erased): 0.9913

============================================================
MP erasure for feature: year_built
============================================================
Samples: 5130 (train: 3590, val: 513, test: 1027)
Class balance: 46.82% positive
Pre-erasure probe accuracy: 0.534
WARNING: Low encoding (0.534). Feature may not be linearly encoded.
Rank removed: 1
Post-erasure probe accuracy: 0.532 (target: ~0.50)
Cosine similarity (original vs erased): 0.9782

============================================================
MP erasure for feature: lot_size
============================================================
Samples: 5130 (train: 3590, val: 513, test: 1027)
Class balance: 48.05% positive
Pre-erasure probe accuracy: 0.526
WARNING: Low encoding (0.526). Feature may not be linearly encoded.
Rank removed: 1
Post-erasure probe accuracy: 0.520 (target: ~0.50)
Cosine similarity (original vs erased): 0.9796

============================================================
MP erasure for feature: sqft
============================================================
Samples: 5130 (train: 3590, val: 513, test: 1027)
Class balance: 48.05% positive
Pre-erasure probe accuracy: 0.526
WARNING: Low encoding (0.526). Feature may not be linearly encoded.
Rank removed: 1
Post-erasure probe accuracy: 0.520 (target: ~0.50)
Cosine similarity (original vs erased): 0.9796

Saved erasure info to: /home/anshulk/Housing/data/mp_results/llama-3.2-3b/layer_2/erasure_info.json

============================================================
STEP 2: INFORMATION CONTROL
============================================================

--- BASELINE ---
  Baseline: acc=0.5766, auc=0.6101

--- RANDOM CONTROLS (10 runs) ---
  Random control: mean drop=-0.0025 +/- 0.0019

--- MP ---
  bedrooms: acc=0.5838, drop=-0.0071, random=-0.0025 -> FAIL
  bathrooms: acc=0.5656, drop=0.0110, random=-0.0025 -> PASS
  year_built: acc=0.5786, drop=-0.0019, random=-0.0025 -> FAIL
  lot_size: acc=0.5727, drop=0.0039, random=-0.0025 -> PASS
  sqft: acc=0.5714, drop=0.0052, random=-0.0025 -> PASS

  ALL FEATURES:
  all_features: acc=0.5877, drop=-0.0110

Saved results to: /home/anshulk/Housing/data/mp_results/llama-3.2-3b/layer_2/results.csv

============================================================
STEP 3: SELECTIVITY CONTROL
============================================================

--- SELECTIVITY CONTROL (MP) ---
  bedrooms: baseline=0.5779, erased=0.5838, recovered=0.5857 (0.0% recovery) -> PASS
  bathrooms: baseline=0.5779, erased=0.5649, recovered=0.6195 (200.0% recovery) -> PASS
  year_built: baseline=0.5779, erased=0.5805, recovered=0.5864 (100.0% recovery) -> PASS
  lot_size: baseline=0.5779, erased=0.5721, recovered=0.5844 (200.0% recovery) -> PASS
  sqft: baseline=0.5779, erased=0.5721, recovered=0.5857 (200.0% recovery) -> PASS

Saved selectivity to: /home/anshulk/Housing/data/mp_results/llama-3.2-3b/layer_2/selectivity.csv

============================================================
CORRECTNESS ANALYSIS
============================================================

Saved correctness analysis to: /home/anshulk/Housing/data/mp_results/llama-3.2-3b/layer_2/correctness.csv

============================================================
SUMMARY
============================================================

--- MP ---
Baseline accuracy: 0.5766
Random control drop: -0.0025

Feature verdicts:
  bedrooms:
    Probe: 0.6991236611489776
    Cosine sim: 0.9794328808784485
    Price drop: -0.0071
    Info control: FAIL
    Selectivity: PASS (0.0%)
    Verdict: NOT_CAUSAL — Erasure of bedrooms does not hurt more than random
  bathrooms:
    Probe: 0.7030185004868549
    Cosine sim: 0.9913246631622314
    Price drop: 0.0110
    Info control: PASS
    Selectivity: PASS (200.0%)
    Verdict: MINOR — bathrooms has minor causal contribution to pricing
  year_built:
    Probe: 0.5335929892891919
    Cosine sim: 0.9782025814056396
    Price drop: -0.0019
    Info control: FAIL
    Selectivity: PASS (100.0%)
    Verdict: NOT_CAUSAL — Erasure of year_built does not hurt more than random
  lot_size:
    Probe: 0.5258033106134372
    Cosine sim: 0.979610800743103
    Price drop: 0.0039
    Info control: PASS
    Selectivity: PASS (200.0%)
    Verdict: NOT_USED — lot_size encoded but not used for pricing
  sqft:
    Probe: 0.5258033106134372
    Cosine sim: 0.979610800743103
    Price drop: 0.0052
    Info control: PASS
    Selectivity: PASS (200.0%)
    Verdict: NOT_USED — sqft encoded but not used for pricing

Saved summary to: /home/anshulk/Housing/data/mp_results/llama-3.2-3b/layer_2/summary.json

============================================================
COMPLETE in 55s (0.9 min)
============================================================

>>> Llama layer 3 / 27
============================================================
AMNESIC PROBING WITH MP
============================================================
Model: llama-3.2-3b
Layer: 3
Methods: ['mp']
Features: ['bedrooms', 'bathrooms', 'year_built', 'lot_size', 'sqft']
Random controls: 10
GPU: True
============================================================

============================================================
LOADING DATA
============================================================
Loading activations from: /home/anshulk/Housing/data/activations/llama-3.2-3b_2_fewshot_cot_temp0_activations.npz
Activations shape: (5130, 28, 3072)
Feature columns: ['bathrooms_p1_more' 'bedrooms_p1_more' 'year_p1_newer' 'lot_p1_larger'
 'sqft_p1_larger' 'price_p1_higher']
Loading samples from: /home/anshulk/Housing/data/amnesic_samples/selected_samples_llama-3.2-3b_2_fewshot_cot_temp0.csv
Loaded 5130 samples
Using layer 3, shape: (5130, 3072)
Output dir: /home/anshulk/Housing/data/mp_results/llama-3.2-3b/layer_3

Feature label class balance:
  bedrooms: 30.29% positive
  bathrooms: 30.18% positive
  year_built: 46.63% positive
  lot_size: 48.44% positive
  sqft: 48.44% positive
Price labels: 48.03% have property 1 more expensive

============================================================
STEP 1: ERASURE + VERIFICATION
============================================================

============================================================
MP erasure for feature: bedrooms
============================================================
Samples: 5130 (train: 3590, val: 513, test: 1027)
Class balance: 30.17% positive
Pre-erasure probe accuracy: 0.699
Rank removed: 1
Post-erasure probe accuracy: 0.699 (target: ~0.50)
Cosine similarity (original vs erased): 0.9785

============================================================
MP erasure for feature: bathrooms
============================================================
Samples: 5130 (train: 3590, val: 513, test: 1027)
Class balance: 30.03% positive
Pre-erasure probe accuracy: 0.703
Rank removed: 1
Post-erasure probe accuracy: 0.703 (target: ~0.50)
Cosine similarity (original vs erased): 0.9874

============================================================
MP erasure for feature: year_built
============================================================
Samples: 5130 (train: 3590, val: 513, test: 1027)
Class balance: 46.82% positive
Pre-erasure probe accuracy: 0.529
WARNING: Low encoding (0.529). Feature may not be linearly encoded.
Rank removed: 1
Post-erasure probe accuracy: 0.532 (target: ~0.50)
Cosine similarity (original vs erased): 0.9635

============================================================
MP erasure for feature: lot_size
============================================================
Samples: 5130 (train: 3590, val: 513, test: 1027)
Class balance: 48.05% positive
Pre-erasure probe accuracy: 0.514
WARNING: Low encoding (0.514). Feature may not be linearly encoded.
Rank removed: 1
Post-erasure probe accuracy: 0.520 (target: ~0.50)
Cosine similarity (original vs erased): 0.9771

============================================================
MP erasure for feature: sqft
============================================================
Samples: 5130 (train: 3590, val: 513, test: 1027)
Class balance: 48.05% positive
Pre-erasure probe accuracy: 0.514
WARNING: Low encoding (0.514). Feature may not be linearly encoded.
Rank removed: 1
Post-erasure probe accuracy: 0.520 (target: ~0.50)
Cosine similarity (original vs erased): 0.9771

Saved erasure info to: /home/anshulk/Housing/data/mp_results/llama-3.2-3b/layer_3/erasure_info.json

============================================================
STEP 2: INFORMATION CONTROL
============================================================

--- BASELINE ---
  Baseline: acc=0.5851, auc=0.5989

--- RANDOM CONTROLS (10 runs) ---
  Random control: mean drop=0.0012 +/- 0.0018

--- MP ---
  bedrooms: acc=0.5870, drop=-0.0019, random=0.0012 -> FAIL
  bathrooms: acc=0.5662, drop=0.0188, random=0.0012 -> PASS
  year_built: acc=0.5565, drop=0.0286, random=0.0012 -> PASS
  lot_size: acc=0.5740, drop=0.0110, random=0.0012 -> PASS
  sqft: acc=0.5766, drop=0.0084, random=0.0012 -> PASS

  ALL FEATURES:
  all_features: acc=0.5890, drop=-0.0039

Saved results to: /home/anshulk/Housing/data/mp_results/llama-3.2-3b/layer_3/results.csv

============================================================
STEP 3: SELECTIVITY CONTROL
============================================================

--- SELECTIVITY CONTROL (MP) ---
  bedrooms: baseline=0.5831, erased=0.5825, recovered=0.5909 (100.0% recovery) -> PASS
  bathrooms: baseline=0.5831, erased=0.5669, recovered=0.6221 (200.0% recovery) -> PASS
  year_built: baseline=0.5831, erased=0.5571, recovered=0.5896 (125.0% recovery) -> PASS
  lot_size: baseline=0.5831, erased=0.5740, recovered=0.5799 (64.3% recovery) -> PASS
  sqft: baseline=0.5831, erased=0.5740, recovered=0.5773 (35.7% recovery) -> PASS

Saved selectivity to: /home/anshulk/Housing/data/mp_results/llama-3.2-3b/layer_3/selectivity.csv

============================================================
CORRECTNESS ANALYSIS
============================================================

Saved correctness analysis to: /home/anshulk/Housing/data/mp_results/llama-3.2-3b/layer_3/correctness.csv

============================================================
SUMMARY
============================================================

--- MP ---
Baseline accuracy: 0.5851
Random control drop: 0.0012

Feature verdicts:
  bedrooms:
    Probe: 0.6991236611489776
    Cosine sim: 0.978457510471344
    Price drop: -0.0019
    Info control: FAIL
    Selectivity: PASS (100.0%)
    Verdict: NOT_CAUSAL — Erasure of bedrooms does not hurt more than random
  bathrooms:
    Probe: 0.7030185004868549
    Cosine sim: 0.987392783164978
    Price drop: 0.0188
    Info control: PASS
    Selectivity: PASS (200.0%)
    Verdict: MINOR — bathrooms has minor causal contribution to pricing
  year_built:
    Probe: 0.5287244401168452
    Cosine sim: 0.9635273814201355
    Price drop: 0.0286
    Info control: PASS
    Selectivity: PASS (125.0%)
    Verdict: MINOR — year_built has minor causal contribution to pricing
  lot_size:
    Probe: 0.5141187925998053
    Cosine sim: 0.9771144390106201
    Price drop: 0.0110
    Info control: PASS
    Selectivity: PASS (64.3%)
    Verdict: MINOR — lot_size has minor causal contribution to pricing
  sqft:
    Probe: 0.5141187925998053
    Cosine sim: 0.9771144390106201
    Price drop: 0.0084
    Info control: PASS
    Selectivity: PASS (35.7%)
    Verdict: NOT_USED — sqft encoded but not used for pricing

Saved summary to: /home/anshulk/Housing/data/mp_results/llama-3.2-3b/layer_3/summary.json

============================================================
COMPLETE in 56s (0.9 min)
============================================================

>>> Llama layer 4 / 27
============================================================
AMNESIC PROBING WITH MP
============================================================
Model: llama-3.2-3b
Layer: 4
Methods: ['mp']
Features: ['bedrooms', 'bathrooms', 'year_built', 'lot_size', 'sqft']
Random controls: 10
GPU: True
============================================================

============================================================
LOADING DATA
============================================================
Loading activations from: /home/anshulk/Housing/data/activations/llama-3.2-3b_2_fewshot_cot_temp0_activations.npz
Activations shape: (5130, 28, 3072)
Feature columns: ['bathrooms_p1_more' 'bedrooms_p1_more' 'year_p1_newer' 'lot_p1_larger'
 'sqft_p1_larger' 'price_p1_higher']
Loading samples from: /home/anshulk/Housing/data/amnesic_samples/selected_samples_llama-3.2-3b_2_fewshot_cot_temp0.csv
Loaded 5130 samples
Using layer 4, shape: (5130, 3072)
Output dir: /home/anshulk/Housing/data/mp_results/llama-3.2-3b/layer_4

Feature label class balance:
  bedrooms: 30.29% positive
  bathrooms: 30.18% positive
  year_built: 46.63% positive
  lot_size: 48.44% positive
  sqft: 48.44% positive
Price labels: 48.03% have property 1 more expensive

============================================================
STEP 1: ERASURE + VERIFICATION
============================================================

============================================================
MP erasure for feature: bedrooms
============================================================
Samples: 5130 (train: 3590, val: 513, test: 1027)
Class balance: 30.17% positive
Pre-erasure probe accuracy: 0.699
Rank removed: 1
Post-erasure probe accuracy: 0.699 (target: ~0.50)
Cosine similarity (original vs erased): 0.9756

============================================================
MP erasure for feature: bathrooms
============================================================
Samples: 5130 (train: 3590, val: 513, test: 1027)
Class balance: 30.03% positive
Pre-erasure probe accuracy: 0.703
Rank removed: 1
Post-erasure probe accuracy: 0.703 (target: ~0.50)
Cosine similarity (original vs erased): 0.9665

============================================================
MP erasure for feature: year_built
============================================================
Samples: 5130 (train: 3590, val: 513, test: 1027)
Class balance: 46.82% positive
Pre-erasure probe accuracy: 0.524
WARNING: Low encoding (0.524). Feature may not be linearly encoded.
Rank removed: 1
Post-erasure probe accuracy: 0.532 (target: ~0.50)
Cosine similarity (original vs erased): 0.8912

============================================================
MP erasure for feature: lot_size
============================================================
Samples: 5130 (train: 3590, val: 513, test: 1027)
Class balance: 48.05% positive
Pre-erasure probe accuracy: 0.525
WARNING: Low encoding (0.525). Feature may not be linearly encoded.
Rank removed: 1
Post-erasure probe accuracy: 0.520 (target: ~0.50)
Cosine similarity (original vs erased): 0.9771

============================================================
MP erasure for feature: sqft
============================================================
Samples: 5130 (train: 3590, val: 513, test: 1027)
Class balance: 48.05% positive
Pre-erasure probe accuracy: 0.523
WARNING: Low encoding (0.523). Feature may not be linearly encoded.
Rank removed: 1
Post-erasure probe accuracy: 0.520 (target: ~0.50)
Cosine similarity (original vs erased): 0.9771

Saved erasure info to: /home/anshulk/Housing/data/mp_results/llama-3.2-3b/layer_4/erasure_info.json

============================================================
STEP 2: INFORMATION CONTROL
============================================================

--- BASELINE ---
  Baseline: acc=0.5721, auc=0.6105

--- RANDOM CONTROLS (10 runs) ---
  Random control: mean drop=-0.0002 +/- 0.0016

--- MP ---
  bedrooms: acc=0.5838, drop=-0.0117, random=-0.0002 -> FAIL
  bathrooms: acc=0.5695, drop=0.0026, random=-0.0002 -> PASS
  year_built: acc=0.5760, drop=-0.0039, random=-0.0002 -> FAIL
  lot_size: acc=0.5786, drop=-0.0065, random=-0.0002 -> FAIL
  sqft: acc=0.5792, drop=-0.0071, random=-0.0002 -> FAIL

  ALL FEATURES:
  all_features: acc=0.5831, drop=-0.0110

Saved results to: /home/anshulk/Housing/data/mp_results/llama-3.2-3b/layer_4/results.csv

============================================================
STEP 3: SELECTIVITY CONTROL
============================================================

--- SELECTIVITY CONTROL (MP) ---
  bedrooms: baseline=0.5714, erased=0.5864, recovered=0.6000 (0.0% recovery) -> PASS
  bathrooms: baseline=0.5714, erased=0.5708, recovered=0.6273 (100.0% recovery) -> PASS
  year_built: baseline=0.5714, erased=0.5792, recovered=0.5864 (0.0% recovery) -> PASS
  lot_size: baseline=0.5714, erased=0.5779, recovered=0.5903 (0.0% recovery) -> PASS
  sqft: baseline=0.5714, erased=0.5825, recovered=0.5883 (0.0% recovery) -> PASS

Saved selectivity to: /home/anshulk/Housing/data/mp_results/llama-3.2-3b/layer_4/selectivity.csv

============================================================
CORRECTNESS ANALYSIS
============================================================

Saved correctness analysis to: /home/anshulk/Housing/data/mp_results/llama-3.2-3b/layer_4/correctness.csv

============================================================
SUMMARY
============================================================

--- MP ---
Baseline accuracy: 0.5721
Random control drop: -0.0002

Feature verdicts:
  bedrooms:
    Probe: 0.6991236611489776
    Cosine sim: 0.9756376147270203
    Price drop: -0.0117
    Info control: FAIL
    Selectivity: PASS (0.0%)
    Verdict: NOT_CAUSAL — Erasure of bedrooms does not hurt more than random
  bathrooms:
    Probe: 0.7030185004868549
    Cosine sim: 0.9664822220802307
    Price drop: 0.0026
    Info control: PASS
    Selectivity: PASS (100.0%)
    Verdict: NOT_USED — bathrooms encoded but not used for pricing
  year_built:
    Probe: 0.5238558909444986
    Cosine sim: 0.8912131190299988
    Price drop: -0.0039
    Info control: FAIL
    Selectivity: PASS (0.0%)
    Verdict: NOT_CAUSAL — Erasure of year_built does not hurt more than random
  lot_size:
    Probe: 0.5248296007789679
    Cosine sim: 0.9770777821540833
    Price drop: -0.0065
    Info control: FAIL
    Selectivity: PASS (0.0%)
    Verdict: NOT_CAUSAL — Erasure of lot_size does not hurt more than random
  sqft:
    Probe: 0.5228821811100293
    Cosine sim: 0.9770777821540833
    Price drop: -0.0071
    Info control: FAIL
    Selectivity: PASS (0.0%)
    Verdict: NOT_CAUSAL — Erasure of sqft does not hurt more than random

Saved summary to: /home/anshulk/Housing/data/mp_results/llama-3.2-3b/layer_4/summary.json

============================================================
COMPLETE in 56s (0.9 min)
============================================================

>>> Llama layer 5 / 27
============================================================
AMNESIC PROBING WITH MP
============================================================
Model: llama-3.2-3b
Layer: 5
Methods: ['mp']
Features: ['bedrooms', 'bathrooms', 'year_built', 'lot_size', 'sqft']
Random controls: 10
GPU: True
============================================================

============================================================
LOADING DATA
============================================================
Loading activations from: /home/anshulk/Housing/data/activations/llama-3.2-3b_2_fewshot_cot_temp0_activations.npz
Activations shape: (5130, 28, 3072)
Feature columns: ['bathrooms_p1_more' 'bedrooms_p1_more' 'year_p1_newer' 'lot_p1_larger'
 'sqft_p1_larger' 'price_p1_higher']
Loading samples from: /home/anshulk/Housing/data/amnesic_samples/selected_samples_llama-3.2-3b_2_fewshot_cot_temp0.csv
Loaded 5130 samples
Using layer 5, shape: (5130, 3072)
Output dir: /home/anshulk/Housing/data/mp_results/llama-3.2-3b/layer_5

Feature label class balance:
  bedrooms: 30.29% positive
  bathrooms: 30.18% positive
  year_built: 46.63% positive
  lot_size: 48.44% positive
  sqft: 48.44% positive
Price labels: 48.03% have property 1 more expensive

============================================================
STEP 1: ERASURE + VERIFICATION
============================================================

============================================================
MP erasure for feature: bedrooms
============================================================
Samples: 5130 (train: 3590, val: 513, test: 1027)
Class balance: 30.17% positive
Pre-erasure probe accuracy: 0.699
Rank removed: 1
Post-erasure probe accuracy: 0.699 (target: ~0.50)
Cosine similarity (original vs erased): 0.9769

============================================================
MP erasure for feature: bathrooms
============================================================
Samples: 5130 (train: 3590, val: 513, test: 1027)
Class balance: 30.03% positive
Pre-erasure probe accuracy: 0.703
Rank removed: 1
Post-erasure probe accuracy: 0.703 (target: ~0.50)
Cosine similarity (original vs erased): 0.9785

============================================================
MP erasure for feature: year_built
============================================================
Samples: 5130 (train: 3590, val: 513, test: 1027)
Class balance: 46.82% positive
Pre-erasure probe accuracy: 0.522
WARNING: Low encoding (0.522). Feature may not be linearly encoded.
Rank removed: 1
Post-erasure probe accuracy: 0.532 (target: ~0.50)
Cosine similarity (original vs erased): 0.9329

============================================================
MP erasure for feature: lot_size
============================================================
Samples: 5130 (train: 3590, val: 513, test: 1027)
Class balance: 48.05% positive
Pre-erasure probe accuracy: 0.512
WARNING: Low encoding (0.512). Feature may not be linearly encoded.
Rank removed: 1
Post-erasure probe accuracy: 0.520 (target: ~0.50)
Cosine similarity (original vs erased): 0.9784

============================================================
MP erasure for feature: sqft
============================================================
Samples: 5130 (train: 3590, val: 513, test: 1027)
Class balance: 48.05% positive
Pre-erasure probe accuracy: 0.513
WARNING: Low encoding (0.513). Feature may not be linearly encoded.
Rank removed: 1
Post-erasure probe accuracy: 0.520 (target: ~0.50)
Cosine similarity (original vs erased): 0.9784

Saved erasure info to: /home/anshulk/Housing/data/mp_results/llama-3.2-3b/layer_5/erasure_info.json

============================================================
STEP 2: INFORMATION CONTROL
============================================================

--- BASELINE ---
  Baseline: acc=0.5656, auc=0.6031

--- RANDOM CONTROLS (10 runs) ---
  Random control: mean drop=-0.0029 +/- 0.0018

--- MP ---
  bedrooms: acc=0.5675, drop=-0.0019, random=-0.0029 -> FAIL
  bathrooms: acc=0.5727, drop=-0.0071, random=-0.0029 -> FAIL
  year_built: acc=0.5636, drop=0.0019, random=-0.0029 -> PASS
  lot_size: acc=0.5753, drop=-0.0097, random=-0.0029 -> FAIL
  sqft: acc=0.5747, drop=-0.0091, random=-0.0029 -> FAIL

  ALL FEATURES:
  all_features: acc=0.5695, drop=-0.0039

Saved results to: /home/anshulk/Housing/data/mp_results/llama-3.2-3b/layer_5/results.csv

============================================================
STEP 3: SELECTIVITY CONTROL
============================================================

--- SELECTIVITY CONTROL (MP) ---
  bedrooms: baseline=0.5669, erased=0.5740, recovered=0.5903 (0.0% recovery) -> PASS
  bathrooms: baseline=0.5669, erased=0.5708, recovered=0.6214 (100.0% recovery) -> PASS
  year_built: baseline=0.5669, erased=0.5669, recovered=0.5838 (100.0% recovery) -> PASS
  lot_size: baseline=0.5669, erased=0.5753, recovered=0.5825 (0.0% recovery) -> PASS
  sqft: baseline=0.5669, erased=0.5747, recovered=0.5825 (0.0% recovery) -> PASS

Saved selectivity to: /home/anshulk/Housing/data/mp_results/llama-3.2-3b/layer_5/selectivity.csv

============================================================
CORRECTNESS ANALYSIS
============================================================

Saved correctness analysis to: /home/anshulk/Housing/data/mp_results/llama-3.2-3b/layer_5/correctness.csv

============================================================
SUMMARY
============================================================

--- MP ---
Baseline accuracy: 0.5656
Random control drop: -0.0029

Feature verdicts:
  bedrooms:
    Probe: 0.6991236611489776
    Cosine sim: 0.9769155383110046
    Price drop: -0.0019
    Info control: FAIL
    Selectivity: PASS (0.0%)
    Verdict: NOT_CAUSAL — Erasure of bedrooms does not hurt more than random
  bathrooms:
    Probe: 0.7030185004868549
    Cosine sim: 0.978468656539917
    Price drop: -0.0071
    Info control: FAIL
    Selectivity: PASS (100.0%)
    Verdict: NOT_CAUSAL — Erasure of bathrooms does not hurt more than random
  year_built:
    Probe: 0.5219084712755598
    Cosine sim: 0.932858943939209
    Price drop: 0.0019
    Info control: PASS
    Selectivity: PASS (100.0%)
    Verdict: NOT_USED — year_built encoded but not used for pricing
  lot_size:
    Probe: 0.5121713729308666
    Cosine sim: 0.9783962965011597
    Price drop: -0.0097
    Info control: FAIL
    Selectivity: PASS (0.0%)
    Verdict: NOT_CAUSAL — Erasure of lot_size does not hurt more than random
  sqft:
    Probe: 0.5131450827653359
    Cosine sim: 0.9783962965011597
    Price drop: -0.0091
    Info control: FAIL
    Selectivity: PASS (0.0%)
    Verdict: NOT_CAUSAL — Erasure of sqft does not hurt more than random

Saved summary to: /home/anshulk/Housing/data/mp_results/llama-3.2-3b/layer_5/summary.json

============================================================
COMPLETE in 54s (0.9 min)
============================================================

>>> Llama layer 6 / 27
============================================================
AMNESIC PROBING WITH MP
============================================================
Model: llama-3.2-3b
Layer: 6
Methods: ['mp']
Features: ['bedrooms', 'bathrooms', 'year_built', 'lot_size', 'sqft']
Random controls: 10
GPU: True
============================================================

============================================================
LOADING DATA
============================================================
Loading activations from: /home/anshulk/Housing/data/activations/llama-3.2-3b_2_fewshot_cot_temp0_activations.npz
Activations shape: (5130, 28, 3072)
Feature columns: ['bathrooms_p1_more' 'bedrooms_p1_more' 'year_p1_newer' 'lot_p1_larger'
 'sqft_p1_larger' 'price_p1_higher']
Loading samples from: /home/anshulk/Housing/data/amnesic_samples/selected_samples_llama-3.2-3b_2_fewshot_cot_temp0.csv
Loaded 5130 samples
Using layer 6, shape: (5130, 3072)
Output dir: /home/anshulk/Housing/data/mp_results/llama-3.2-3b/layer_6

Feature label class balance:
  bedrooms: 30.29% positive
  bathrooms: 30.18% positive
  year_built: 46.63% positive
  lot_size: 48.44% positive
  sqft: 48.44% positive
Price labels: 48.03% have property 1 more expensive

============================================================
STEP 1: ERASURE + VERIFICATION
============================================================

============================================================
MP erasure for feature: bedrooms
============================================================
Samples: 5130 (train: 3590, val: 513, test: 1027)
Class balance: 30.17% positive
Pre-erasure probe accuracy: 0.699
Rank removed: 1
Post-erasure probe accuracy: 0.699 (target: ~0.50)
Cosine similarity (original vs erased): 0.9839

============================================================
MP erasure for feature: bathrooms
============================================================
Samples: 5130 (train: 3590, val: 513, test: 1027)
Class balance: 30.03% positive
Pre-erasure probe accuracy: 0.703
Rank removed: 1
Post-erasure probe accuracy: 0.703 (target: ~0.50)
Cosine similarity (original vs erased): 0.9560

============================================================
MP erasure for feature: year_built
============================================================
Samples: 5130 (train: 3590, val: 513, test: 1027)
Class balance: 46.82% positive
Pre-erasure probe accuracy: 0.537
WARNING: Low encoding (0.537). Feature may not be linearly encoded.
Rank removed: 1
Post-erasure probe accuracy: 0.532 (target: ~0.50)
Cosine similarity (original vs erased): 0.9088

============================================================
MP erasure for feature: lot_size
============================================================
Samples: 5130 (train: 3590, val: 513, test: 1027)
Class balance: 48.05% positive
Pre-erasure probe accuracy: 0.514
WARNING: Low encoding (0.514). Feature may not be linearly encoded.
Rank removed: 1
Post-erasure probe accuracy: 0.520 (target: ~0.50)
Cosine similarity (original vs erased): 0.9662

============================================================
MP erasure for feature: sqft
============================================================
Samples: 5130 (train: 3590, val: 513, test: 1027)
Class balance: 48.05% positive
Pre-erasure probe accuracy: 0.524
WARNING: Low encoding (0.524). Feature may not be linearly encoded.
Rank removed: 1
Post-erasure probe accuracy: 0.520 (target: ~0.50)
Cosine similarity (original vs erased): 0.9662

Saved erasure info to: /home/anshulk/Housing/data/mp_results/llama-3.2-3b/layer_6/erasure_info.json

============================================================
STEP 2: INFORMATION CONTROL
============================================================

--- BASELINE ---
  Baseline: acc=0.5695, auc=0.5970

--- RANDOM CONTROLS (10 runs) ---
  Random control: mean drop=-0.0001 +/- 0.0016

--- MP ---
  bedrooms: acc=0.5643, drop=0.0052, random=-0.0001 -> PASS
  bathrooms: acc=0.5532, drop=0.0162, random=-0.0001 -> PASS
  year_built: acc=0.5714, drop=-0.0019, random=-0.0001 -> FAIL
  lot_size: acc=0.5636, drop=0.0058, random=-0.0001 -> PASS
  sqft: acc=0.5643, drop=0.0052, random=-0.0001 -> PASS

  ALL FEATURES:
  all_features: acc=0.5727, drop=-0.0032

Saved results to: /home/anshulk/Housing/data/mp_results/llama-3.2-3b/layer_6/results.csv

============================================================
STEP 3: SELECTIVITY CONTROL
============================================================

--- SELECTIVITY CONTROL (MP) ---
  bedrooms: baseline=0.5695, erased=0.5597, recovered=0.5922 (200.0% recovery) -> PASS
  bathrooms: baseline=0.5695, erased=0.5558, recovered=0.6117 (200.0% recovery) -> PASS
  year_built: baseline=0.5695, erased=0.5747, recovered=0.5838 (0.0% recovery) -> PASS
  lot_size: baseline=0.5695, erased=0.5636, recovered=0.5740 (177.8% recovery) -> PASS
  sqft: baseline=0.5695, erased=0.5643, recovered=0.5740 (187.5% recovery) -> PASS

Saved selectivity to: /home/anshulk/Housing/data/mp_results/llama-3.2-3b/layer_6/selectivity.csv

============================================================
CORRECTNESS ANALYSIS
============================================================

Saved correctness analysis to: /home/anshulk/Housing/data/mp_results/llama-3.2-3b/layer_6/correctness.csv

============================================================
SUMMARY
============================================================

--- MP ---
Baseline accuracy: 0.5695
Random control drop: -0.0001

Feature verdicts:
  bedrooms:
    Probe: 0.6991236611489776
    Cosine sim: 0.9839434623718262
    Price drop: 0.0052
    Info control: PASS
    Selectivity: PASS (200.0%)
    Verdict: NOT_USED — bedrooms encoded but not used for pricing
  bathrooms:
    Probe: 0.7030185004868549
    Cosine sim: 0.9559511542320251
    Price drop: 0.0162
    Info control: PASS
    Selectivity: PASS (200.0%)
    Verdict: MINOR — bathrooms has minor causal contribution to pricing
  year_built:
    Probe: 0.5365141187925998
    Cosine sim: 0.9087768793106079
    Price drop: -0.0019
    Info control: FAIL
    Selectivity: PASS (0.0%)
    Verdict: NOT_CAUSAL — Erasure of year_built does not hurt more than random
  lot_size:
    Probe: 0.5141187925998053
    Cosine sim: 0.9662498831748962
    Price drop: 0.0058
    Info control: PASS
    Selectivity: PASS (177.8%)
    Verdict: NOT_USED — lot_size encoded but not used for pricing
  sqft:
    Probe: 0.5238558909444986
    Cosine sim: 0.9662498831748962
    Price drop: 0.0052
    Info control: PASS
    Selectivity: PASS (187.5%)
    Verdict: NOT_USED — sqft encoded but not used for pricing

Saved summary to: /home/anshulk/Housing/data/mp_results/llama-3.2-3b/layer_6/summary.json

============================================================
COMPLETE in 55s (0.9 min)
============================================================

>>> Llama layer 7 / 27
============================================================
AMNESIC PROBING WITH MP
============================================================
Model: llama-3.2-3b
Layer: 7
Methods: ['mp']
Features: ['bedrooms', 'bathrooms', 'year_built', 'lot_size', 'sqft']
Random controls: 10
GPU: True
============================================================

============================================================
LOADING DATA
============================================================
Loading activations from: /home/anshulk/Housing/data/activations/llama-3.2-3b_2_fewshot_cot_temp0_activations.npz
Activations shape: (5130, 28, 3072)
Feature columns: ['bathrooms_p1_more' 'bedrooms_p1_more' 'year_p1_newer' 'lot_p1_larger'
 'sqft_p1_larger' 'price_p1_higher']
Loading samples from: /home/anshulk/Housing/data/amnesic_samples/selected_samples_llama-3.2-3b_2_fewshot_cot_temp0.csv
Loaded 5130 samples
Using layer 7, shape: (5130, 3072)
Output dir: /home/anshulk/Housing/data/mp_results/llama-3.2-3b/layer_7

Feature label class balance:
  bedrooms: 30.29% positive
  bathrooms: 30.18% positive
  year_built: 46.63% positive
  lot_size: 48.44% positive
  sqft: 48.44% positive
Price labels: 48.03% have property 1 more expensive

============================================================
STEP 1: ERASURE + VERIFICATION
============================================================

============================================================
MP erasure for feature: bedrooms
============================================================
Samples: 5130 (train: 3590, val: 513, test: 1027)
Class balance: 30.17% positive
Pre-erasure probe accuracy: 0.699
Rank removed: 1
Post-erasure probe accuracy: 0.699 (target: ~0.50)
Cosine similarity (original vs erased): 0.9832

============================================================
MP erasure for feature: bathrooms
============================================================
Samples: 5130 (train: 3590, val: 513, test: 1027)
Class balance: 30.03% positive
Pre-erasure probe accuracy: 0.703
Rank removed: 1
Post-erasure probe accuracy: 0.703 (target: ~0.50)
Cosine similarity (original vs erased): 0.9680

============================================================
MP erasure for feature: year_built
============================================================
Samples: 5130 (train: 3590, val: 513, test: 1027)
Class balance: 46.82% positive
Pre-erasure probe accuracy: 0.532
WARNING: Low encoding (0.532). Feature may not be linearly encoded.
Rank removed: 1
Post-erasure probe accuracy: 0.532 (target: ~0.50)
Cosine similarity (original vs erased): 0.9250

============================================================
MP erasure for feature: lot_size
============================================================
Samples: 5130 (train: 3590, val: 513, test: 1027)
Class balance: 48.05% positive
Pre-erasure probe accuracy: 0.523
WARNING: Low encoding (0.523). Feature may not be linearly encoded.
Rank removed: 1
Post-erasure probe accuracy: 0.520 (target: ~0.50)
Cosine similarity (original vs erased): 0.9657

============================================================
MP erasure for feature: sqft
============================================================
Samples: 5130 (train: 3590, val: 513, test: 1027)
Class balance: 48.05% positive
Pre-erasure probe accuracy: 0.523
WARNING: Low encoding (0.523). Feature may not be linearly encoded.
Rank removed: 1
Post-erasure probe accuracy: 0.520 (target: ~0.50)
Cosine similarity (original vs erased): 0.9657

Saved erasure info to: /home/anshulk/Housing/data/mp_results/llama-3.2-3b/layer_7/erasure_info.json

============================================================
STEP 2: INFORMATION CONTROL
============================================================

--- BASELINE ---
  Baseline: acc=0.5864, auc=0.5984

--- RANDOM CONTROLS (10 runs) ---
  Random control: mean drop=-0.0004 +/- 0.0009

--- MP ---
  bedrooms: acc=0.5792, drop=0.0071, random=-0.0004 -> PASS
  bathrooms: acc=0.5688, drop=0.0175, random=-0.0004 -> PASS
  year_built: acc=0.5805, drop=0.0058, random=-0.0004 -> PASS
  lot_size: acc=0.5799, drop=0.0065, random=-0.0004 -> PASS
  sqft: acc=0.5812, drop=0.0052, random=-0.0004 -> PASS

  ALL FEATURES:
  all_features: acc=0.5799, drop=0.0065

Saved results to: /home/anshulk/Housing/data/mp_results/llama-3.2-3b/layer_7/results.csv

============================================================
STEP 3: SELECTIVITY CONTROL
============================================================

--- SELECTIVITY CONTROL (MP) ---
  bedrooms: baseline=0.5877, erased=0.5805, recovered=0.5916 (154.5% recovery) -> PASS
  bathrooms: baseline=0.5877, erased=0.5701, recovered=0.6130 (200.0% recovery) -> PASS
  year_built: baseline=0.5877, erased=0.5805, recovered=0.5760 (0.0% recovery) -> PASS
  lot_size: baseline=0.5877, erased=0.5838, recovered=0.5760 (100.0% recovery) -> PASS
  sqft: baseline=0.5877, erased=0.5799, recovered=0.5760 (0.0% recovery) -> PASS

Saved selectivity to: /home/anshulk/Housing/data/mp_results/llama-3.2-3b/layer_7/selectivity.csv

============================================================
CORRECTNESS ANALYSIS
============================================================

Saved correctness analysis to: /home/anshulk/Housing/data/mp_results/llama-3.2-3b/layer_7/correctness.csv

============================================================
SUMMARY
============================================================

--- MP ---
Baseline accuracy: 0.5864
Random control drop: -0.0004

Feature verdicts:
  bedrooms:
    Probe: 0.6991236611489776
    Cosine sim: 0.9832459688186646
    Price drop: 0.0071
    Info control: PASS
    Selectivity: PASS (154.5%)
    Verdict: NOT_USED — bedrooms encoded but not used for pricing
  bathrooms:
    Probe: 0.7030185004868549
    Cosine sim: 0.9679917693138123
    Price drop: 0.0175
    Info control: PASS
    Selectivity: PASS (200.0%)
    Verdict: MINOR — bathrooms has minor causal contribution to pricing
  year_built:
    Probe: 0.5316455696202531
    Cosine sim: 0.9249714016914368
    Price drop: 0.0058
    Info control: PASS
    Selectivity: PASS (0.0%)
    Verdict: NOT_USED — year_built encoded but not used for pricing
  lot_size:
    Probe: 0.5228821811100293
    Cosine sim: 0.9657264351844788
    Price drop: 0.0065
    Info control: PASS
    Selectivity: PASS (100.0%)
    Verdict: NOT_USED — lot_size encoded but not used for pricing
  sqft:
    Probe: 0.5228821811100293
    Cosine sim: 0.9657264351844788
    Price drop: 0.0052
    Info control: PASS
    Selectivity: PASS (0.0%)
    Verdict: NOT_USED — sqft encoded but not used for pricing

Saved summary to: /home/anshulk/Housing/data/mp_results/llama-3.2-3b/layer_7/summary.json

============================================================
COMPLETE in 54s (0.9 min)
============================================================

>>> Llama layer 8 / 27
============================================================
AMNESIC PROBING WITH MP
============================================================
Model: llama-3.2-3b
Layer: 8
Methods: ['mp']
Features: ['bedrooms', 'bathrooms', 'year_built', 'lot_size', 'sqft']
Random controls: 10
GPU: True
============================================================

============================================================
LOADING DATA
============================================================
Loading activations from: /home/anshulk/Housing/data/activations/llama-3.2-3b_2_fewshot_cot_temp0_activations.npz
Activations shape: (5130, 28, 3072)
Feature columns: ['bathrooms_p1_more' 'bedrooms_p1_more' 'year_p1_newer' 'lot_p1_larger'
 'sqft_p1_larger' 'price_p1_higher']
Loading samples from: /home/anshulk/Housing/data/amnesic_samples/selected_samples_llama-3.2-3b_2_fewshot_cot_temp0.csv
Loaded 5130 samples
Using layer 8, shape: (5130, 3072)
Output dir: /home/anshulk/Housing/data/mp_results/llama-3.2-3b/layer_8

Feature label class balance:
  bedrooms: 30.29% positive
  bathrooms: 30.18% positive
  year_built: 46.63% positive
  lot_size: 48.44% positive
  sqft: 48.44% positive
Price labels: 48.03% have property 1 more expensive

============================================================
STEP 1: ERASURE + VERIFICATION
============================================================

============================================================
MP erasure for feature: bedrooms
============================================================
Samples: 5130 (train: 3590, val: 513, test: 1027)
Class balance: 30.17% positive
Pre-erasure probe accuracy: 0.699
Rank removed: 1
Post-erasure probe accuracy: 0.699 (target: ~0.50)
Cosine similarity (original vs erased): 0.9860

============================================================
MP erasure for feature: bathrooms
============================================================
Samples: 5130 (train: 3590, val: 513, test: 1027)
Class balance: 30.03% positive
Pre-erasure probe accuracy: 0.703
Rank removed: 1
Post-erasure probe accuracy: 0.703 (target: ~0.50)
Cosine similarity (original vs erased): 0.9705

============================================================
MP erasure for feature: year_built
============================================================
Samples: 5130 (train: 3590, val: 513, test: 1027)
Class balance: 46.82% positive
Pre-erasure probe accuracy: 0.554
Rank removed: 1
Post-erasure probe accuracy: 0.532 (target: ~0.50)
Cosine similarity (original vs erased): 0.9448

============================================================
MP erasure for feature: lot_size
============================================================
Samples: 5130 (train: 3590, val: 513, test: 1027)
Class balance: 48.05% positive
Pre-erasure probe accuracy: 0.529
WARNING: Low encoding (0.529). Feature may not be linearly encoded.
Rank removed: 1
Post-erasure probe accuracy: 0.520 (target: ~0.50)
Cosine similarity (original vs erased): 0.9631

============================================================
MP erasure for feature: sqft
============================================================
Samples: 5130 (train: 3590, val: 513, test: 1027)
Class balance: 48.05% positive
Pre-erasure probe accuracy: 0.522
WARNING: Low encoding (0.522). Feature may not be linearly encoded.
Rank removed: 1
Post-erasure probe accuracy: 0.520 (target: ~0.50)
Cosine similarity (original vs erased): 0.9631

Saved erasure info to: /home/anshulk/Housing/data/mp_results/llama-3.2-3b/layer_8/erasure_info.json

============================================================
STEP 2: INFORMATION CONTROL
============================================================

--- BASELINE ---
  Baseline: acc=0.5857, auc=0.6098

--- RANDOM CONTROLS (10 runs) ---
  Random control: mean drop=-0.0011 +/- 0.0009

--- MP ---
  bedrooms: acc=0.5812, drop=0.0045, random=-0.0011 -> PASS
  bathrooms: acc=0.5792, drop=0.0065, random=-0.0011 -> PASS
  year_built: acc=0.5864, drop=-0.0006, random=-0.0011 -> FAIL
  lot_size: acc=0.5857, drop=0.0000, random=-0.0011 -> PASS
  sqft: acc=0.5870, drop=-0.0013, random=-0.0011 -> FAIL

  ALL FEATURES:
  all_features: acc=0.5857, drop=0.0000

Saved results to: /home/anshulk/Housing/data/mp_results/llama-3.2-3b/layer_8/results.csv

============================================================
STEP 3: SELECTIVITY CONTROL
============================================================

--- SELECTIVITY CONTROL (MP) ---
  bedrooms: baseline=0.5844, erased=0.5818, recovered=0.5883 (100.0% recovery) -> PASS
  bathrooms: baseline=0.5844, erased=0.5792, recovered=0.6253 (200.0% recovery) -> PASS
  year_built: baseline=0.5844, erased=0.5857, recovered=0.5831 (100.0% recovery) -> PASS
  lot_size: baseline=0.5844, erased=0.5864, recovered=0.5818 (100.0% recovery) -> PASS
  sqft: baseline=0.5844, erased=0.5851, recovered=0.5825 (100.0% recovery) -> PASS

Saved selectivity to: /home/anshulk/Housing/data/mp_results/llama-3.2-3b/layer_8/selectivity.csv

============================================================
CORRECTNESS ANALYSIS
============================================================

Saved correctness analysis to: /home/anshulk/Housing/data/mp_results/llama-3.2-3b/layer_8/correctness.csv

============================================================
SUMMARY
============================================================

--- MP ---
Baseline accuracy: 0.5857
Random control drop: -0.0011

Feature verdicts:
  bedrooms:
    Probe: 0.6991236611489776
    Cosine sim: 0.9860111474990845
    Price drop: 0.0045
    Info control: PASS
    Selectivity: PASS (100.0%)
    Verdict: NOT_USED — bedrooms encoded but not used for pricing
  bathrooms:
    Probe: 0.7030185004868549
    Cosine sim: 0.9704583883285522
    Price drop: 0.0065
    Info control: PASS
    Selectivity: PASS (200.0%)
    Verdict: NOT_USED — bathrooms encoded but not used for pricing
  year_built:
    Probe: 0.5540408958130477
    Cosine sim: 0.944754421710968
    Price drop: -0.0006
    Info control: FAIL
    Selectivity: PASS (100.0%)
    Verdict: NOT_CAUSAL — Erasure of year_built does not hurt more than random
  lot_size:
    Probe: 0.5287244401168452
    Cosine sim: 0.9631478786468506
    Price drop: 0.0000
    Info control: PASS
    Selectivity: PASS (100.0%)
    Verdict: NOT_USED — lot_size encoded but not used for pricing
  sqft:
    Probe: 0.5219084712755598
    Cosine sim: 0.9631478786468506
    Price drop: -0.0013
    Info control: FAIL
    Selectivity: PASS (100.0%)
    Verdict: NOT_CAUSAL — Erasure of sqft does not hurt more than random

Saved summary to: /home/anshulk/Housing/data/mp_results/llama-3.2-3b/layer_8/summary.json

============================================================
COMPLETE in 54s (0.9 min)
============================================================

>>> Llama layer 9 / 27
============================================================
AMNESIC PROBING WITH MP
============================================================
Model: llama-3.2-3b
Layer: 9
Methods: ['mp']
Features: ['bedrooms', 'bathrooms', 'year_built', 'lot_size', 'sqft']
Random controls: 10
GPU: True
============================================================

============================================================
LOADING DATA
============================================================
Loading activations from: /home/anshulk/Housing/data/activations/llama-3.2-3b_2_fewshot_cot_temp0_activations.npz
Activations shape: (5130, 28, 3072)
Feature columns: ['bathrooms_p1_more' 'bedrooms_p1_more' 'year_p1_newer' 'lot_p1_larger'
 'sqft_p1_larger' 'price_p1_higher']
Loading samples from: /home/anshulk/Housing/data/amnesic_samples/selected_samples_llama-3.2-3b_2_fewshot_cot_temp0.csv
Loaded 5130 samples
Using layer 9, shape: (5130, 3072)
Output dir: /home/anshulk/Housing/data/mp_results/llama-3.2-3b/layer_9

Feature label class balance:
  bedrooms: 30.29% positive
  bathrooms: 30.18% positive
  year_built: 46.63% positive
  lot_size: 48.44% positive
  sqft: 48.44% positive
Price labels: 48.03% have property 1 more expensive

============================================================
STEP 1: ERASURE + VERIFICATION
============================================================

============================================================
MP erasure for feature: bedrooms
============================================================
Samples: 5130 (train: 3590, val: 513, test: 1027)
Class balance: 30.17% positive
Pre-erasure probe accuracy: 0.699
Rank removed: 1
Post-erasure probe accuracy: 0.699 (target: ~0.50)
Cosine similarity (original vs erased): 0.9861

============================================================
MP erasure for feature: bathrooms
============================================================
Samples: 5130 (train: 3590, val: 513, test: 1027)
Class balance: 30.03% positive
Pre-erasure probe accuracy: 0.703
Rank removed: 1
Post-erasure probe accuracy: 0.703 (target: ~0.50)
Cosine similarity (original vs erased): 0.9608

============================================================
MP erasure for feature: year_built
============================================================
Samples: 5130 (train: 3590, val: 513, test: 1027)
Class balance: 46.82% positive
Pre-erasure probe accuracy: 0.555
Rank removed: 1
Post-erasure probe accuracy: 0.532 (target: ~0.50)
Cosine similarity (original vs erased): 0.9433

============================================================
MP erasure for feature: lot_size
============================================================
Samples: 5130 (train: 3590, val: 513, test: 1027)
Class balance: 48.05% positive
Pre-erasure probe accuracy: 0.537
WARNING: Low encoding (0.537). Feature may not be linearly encoded.
Rank removed: 1
Post-erasure probe accuracy: 0.520 (target: ~0.50)
Cosine similarity (original vs erased): 0.9526

============================================================
MP erasure for feature: sqft
============================================================
Samples: 5130 (train: 3590, val: 513, test: 1027)
Class balance: 48.05% positive
Pre-erasure probe accuracy: 0.550
Rank removed: 1
Post-erasure probe accuracy: 0.520 (target: ~0.50)
Cosine similarity (original vs erased): 0.9526

Saved erasure info to: /home/anshulk/Housing/data/mp_results/llama-3.2-3b/layer_9/erasure_info.json

============================================================
STEP 2: INFORMATION CONTROL
============================================================

--- BASELINE ---
  Baseline: acc=0.5779, auc=0.6133

--- RANDOM CONTROLS (10 runs) ---
  Random control: mean drop=0.0006 +/- 0.0006

--- MP ---
  bedrooms: acc=0.5714, drop=0.0065, random=0.0006 -> PASS
  bathrooms: acc=0.5714, drop=0.0065, random=0.0006 -> PASS
  year_built: acc=0.5760, drop=0.0019, random=0.0006 -> PASS
  lot_size: acc=0.5818, drop=-0.0039, random=0.0006 -> FAIL
  sqft: acc=0.5825, drop=-0.0045, random=0.0006 -> FAIL

  ALL FEATURES:
  all_features: acc=0.5740, drop=0.0039

Saved results to: /home/anshulk/Housing/data/mp_results/llama-3.2-3b/layer_9/results.csv

============================================================
STEP 3: SELECTIVITY CONTROL
============================================================

--- SELECTIVITY CONTROL (MP) ---
  bedrooms: baseline=0.5766, erased=0.5695, recovered=0.5994 (200.0% recovery) -> PASS
  bathrooms: baseline=0.5766, erased=0.5682, recovered=0.6091 (200.0% recovery) -> PASS
  year_built: baseline=0.5766, erased=0.5766, recovered=0.5857 (100.0% recovery) -> PASS
  lot_size: baseline=0.5766, erased=0.5799, recovered=0.5877 (100.0% recovery) -> PASS
  sqft: baseline=0.5766, erased=0.5818, recovered=0.5890 (0.0% recovery) -> PASS

Saved selectivity to: /home/anshulk/Housing/data/mp_results/llama-3.2-3b/layer_9/selectivity.csv

============================================================
CORRECTNESS ANALYSIS
============================================================

Saved correctness analysis to: /home/anshulk/Housing/data/mp_results/llama-3.2-3b/layer_9/correctness.csv

============================================================
SUMMARY
============================================================

--- MP ---
Baseline accuracy: 0.5779
Random control drop: 0.0006

Feature verdicts:
  bedrooms:
    Probe: 0.6991236611489776
    Cosine sim: 0.9860758185386658
    Price drop: 0.0065
    Info control: PASS
    Selectivity: PASS (200.0%)
    Verdict: NOT_USED — bedrooms encoded but not used for pricing
  bathrooms:
    Probe: 0.7030185004868549
    Cosine sim: 0.9608241319656372
    Price drop: 0.0065
    Info control: PASS
    Selectivity: PASS (200.0%)
    Verdict: NOT_USED — bathrooms encoded but not used for pricing
  year_built:
    Probe: 0.555014605647517
    Cosine sim: 0.9432625770568848
    Price drop: 0.0019
    Info control: PASS
    Selectivity: PASS (100.0%)
    Verdict: NOT_USED — year_built encoded but not used for pricing
  lot_size:
    Probe: 0.5365141187925998
    Cosine sim: 0.9526034593582153
    Price drop: -0.0039
    Info control: FAIL
    Selectivity: PASS (100.0%)
    Verdict: NOT_CAUSAL — Erasure of lot_size does not hurt more than random
  sqft:
    Probe: 0.5501460564751705
    Cosine sim: 0.9526034593582153
    Price drop: -0.0045
    Info control: FAIL
    Selectivity: PASS (0.0%)
    Verdict: NOT_CAUSAL — Erasure of sqft does not hurt more than random

Saved summary to: /home/anshulk/Housing/data/mp_results/llama-3.2-3b/layer_9/summary.json

============================================================
COMPLETE in 56s (0.9 min)
============================================================

>>> Llama layer 10 / 27
============================================================
AMNESIC PROBING WITH MP
============================================================
Model: llama-3.2-3b
Layer: 10
Methods: ['mp']
Features: ['bedrooms', 'bathrooms', 'year_built', 'lot_size', 'sqft']
Random controls: 10
GPU: True
============================================================

============================================================
LOADING DATA
============================================================
Loading activations from: /home/anshulk/Housing/data/activations/llama-3.2-3b_2_fewshot_cot_temp0_activations.npz
Activations shape: (5130, 28, 3072)
Feature columns: ['bathrooms_p1_more' 'bedrooms_p1_more' 'year_p1_newer' 'lot_p1_larger'
 'sqft_p1_larger' 'price_p1_higher']
Loading samples from: /home/anshulk/Housing/data/amnesic_samples/selected_samples_llama-3.2-3b_2_fewshot_cot_temp0.csv
Loaded 5130 samples
Using layer 10, shape: (5130, 3072)
Output dir: /home/anshulk/Housing/data/mp_results/llama-3.2-3b/layer_10

Feature label class balance:
  bedrooms: 30.29% positive
  bathrooms: 30.18% positive
  year_built: 46.63% positive
  lot_size: 48.44% positive
  sqft: 48.44% positive
Price labels: 48.03% have property 1 more expensive

============================================================
STEP 1: ERASURE + VERIFICATION
============================================================

============================================================
MP erasure for feature: bedrooms
============================================================
Samples: 5130 (train: 3590, val: 513, test: 1027)
Class balance: 30.17% positive
Pre-erasure probe accuracy: 0.699
Rank removed: 1
Post-erasure probe accuracy: 0.699 (target: ~0.50)
Cosine similarity (original vs erased): 0.9863

============================================================
MP erasure for feature: bathrooms
============================================================
Samples: 5130 (train: 3590, val: 513, test: 1027)
Class balance: 30.03% positive
Pre-erasure probe accuracy: 0.703
Rank removed: 1
Post-erasure probe accuracy: 0.703 (target: ~0.50)
Cosine similarity (original vs erased): 0.9649

============================================================
MP erasure for feature: year_built
============================================================
Samples: 5130 (train: 3590, val: 513, test: 1027)
Class balance: 46.82% positive
Pre-erasure probe accuracy: 0.556
Rank removed: 1
Post-erasure probe accuracy: 0.532 (target: ~0.50)
Cosine similarity (original vs erased): 0.9346

============================================================
MP erasure for feature: lot_size
============================================================
Samples: 5130 (train: 3590, val: 513, test: 1027)
Class balance: 48.05% positive
Pre-erasure probe accuracy: 0.550
Rank removed: 1
Post-erasure probe accuracy: 0.520 (target: ~0.50)
Cosine similarity (original vs erased): 0.9539

============================================================
MP erasure for feature: sqft
============================================================
Samples: 5130 (train: 3590, val: 513, test: 1027)
Class balance: 48.05% positive
Pre-erasure probe accuracy: 0.543
WARNING: Low encoding (0.543). Feature may not be linearly encoded.
Rank removed: 1
Post-erasure probe accuracy: 0.520 (target: ~0.50)
Cosine similarity (original vs erased): 0.9539

Saved erasure info to: /home/anshulk/Housing/data/mp_results/llama-3.2-3b/layer_10/erasure_info.json

============================================================
STEP 2: INFORMATION CONTROL
============================================================

--- BASELINE ---
  Baseline: acc=0.5883, auc=0.6122

--- RANDOM CONTROLS (10 runs) ---
  Random control: mean drop=-0.0019 +/- 0.0018

--- MP ---
  bedrooms: acc=0.5825, drop=0.0058, random=-0.0019 -> PASS
  bathrooms: acc=0.5786, drop=0.0097, random=-0.0019 -> PASS
  year_built: acc=0.5792, drop=0.0091, random=-0.0019 -> PASS
  lot_size: acc=0.5890, drop=-0.0006, random=-0.0019 -> FAIL
  sqft: acc=0.5890, drop=-0.0006, random=-0.0019 -> FAIL

  ALL FEATURES:
  all_features: acc=0.5870, drop=0.0013

Saved results to: /home/anshulk/Housing/data/mp_results/llama-3.2-3b/layer_10/results.csv

============================================================
STEP 3: SELECTIVITY CONTROL
============================================================

--- SELECTIVITY CONTROL (MP) ---
  bedrooms: baseline=0.5916, erased=0.5812, recovered=0.5961 (143.8% recovery) -> PASS
  bathrooms: baseline=0.5916, erased=0.5799, recovered=0.6052 (200.0% recovery) -> PASS
  year_built: baseline=0.5916, erased=0.5792, recovered=0.5968 (142.1% recovery) -> PASS
  lot_size: baseline=0.5916, erased=0.5883, recovered=0.5987 (100.0% recovery) -> PASS
  sqft: baseline=0.5916, erased=0.5890, recovered=0.5981 (100.0% recovery) -> PASS

Saved selectivity to: /home/anshulk/Housing/data/mp_results/llama-3.2-3b/layer_10/selectivity.csv

============================================================
CORRECTNESS ANALYSIS
============================================================

Saved correctness analysis to: /home/anshulk/Housing/data/mp_results/llama-3.2-3b/layer_10/correctness.csv

============================================================
SUMMARY
============================================================

--- MP ---
Baseline accuracy: 0.5883
Random control drop: -0.0019

Feature verdicts:
  bedrooms:
    Probe: 0.6991236611489776
    Cosine sim: 0.9862562417984009
    Price drop: 0.0058
    Info control: PASS
    Selectivity: PASS (143.8%)
    Verdict: NOT_USED — bedrooms encoded but not used for pricing
  bathrooms:
    Probe: 0.7030185004868549
    Cosine sim: 0.9648811221122742
    Price drop: 0.0097
    Info control: PASS
    Selectivity: PASS (200.0%)
    Verdict: NOT_USED — bathrooms encoded but not used for pricing
  year_built:
    Probe: 0.5559883154819864
    Cosine sim: 0.9346075057983398
    Price drop: 0.0091
    Info control: PASS
    Selectivity: PASS (142.1%)
    Verdict: NOT_USED — year_built encoded but not used for pricing
  lot_size:
    Probe: 0.5501460564751705
    Cosine sim: 0.9539386034011841
    Price drop: -0.0006
    Info control: FAIL
    Selectivity: PASS (100.0%)
    Verdict: NOT_CAUSAL — Erasure of lot_size does not hurt more than random
  sqft:
    Probe: 0.5433300876338851
    Cosine sim: 0.9539386034011841
    Price drop: -0.0006
    Info control: FAIL
    Selectivity: PASS (100.0%)
    Verdict: NOT_CAUSAL — Erasure of sqft does not hurt more than random

Saved summary to: /home/anshulk/Housing/data/mp_results/llama-3.2-3b/layer_10/summary.json

============================================================
COMPLETE in 56s (0.9 min)
============================================================

>>> Llama layer 11 / 27
============================================================
AMNESIC PROBING WITH MP
============================================================
Model: llama-3.2-3b
Layer: 11
Methods: ['mp']
Features: ['bedrooms', 'bathrooms', 'year_built', 'lot_size', 'sqft']
Random controls: 10
GPU: True
============================================================

============================================================
LOADING DATA
============================================================
Loading activations from: /home/anshulk/Housing/data/activations/llama-3.2-3b_2_fewshot_cot_temp0_activations.npz
Activations shape: (5130, 28, 3072)
Feature columns: ['bathrooms_p1_more' 'bedrooms_p1_more' 'year_p1_newer' 'lot_p1_larger'
 'sqft_p1_larger' 'price_p1_higher']
Loading samples from: /home/anshulk/Housing/data/amnesic_samples/selected_samples_llama-3.2-3b_2_fewshot_cot_temp0.csv
Loaded 5130 samples
Using layer 11, shape: (5130, 3072)
Output dir: /home/anshulk/Housing/data/mp_results/llama-3.2-3b/layer_11

Feature label class balance:
  bedrooms: 30.29% positive
  bathrooms: 30.18% positive
  year_built: 46.63% positive
  lot_size: 48.44% positive
  sqft: 48.44% positive
Price labels: 48.03% have property 1 more expensive

============================================================
STEP 1: ERASURE + VERIFICATION
============================================================

============================================================
MP erasure for feature: bedrooms
============================================================
Samples: 5130 (train: 3590, val: 513, test: 1027)
Class balance: 30.17% positive
Pre-erasure probe accuracy: 0.699
Rank removed: 1
Post-erasure probe accuracy: 0.699 (target: ~0.50)
Cosine similarity (original vs erased): 0.9851

============================================================
MP erasure for feature: bathrooms
============================================================
Samples: 5130 (train: 3590, val: 513, test: 1027)
Class balance: 30.03% positive
Pre-erasure probe accuracy: 0.703
Rank removed: 1
Post-erasure probe accuracy: 0.703 (target: ~0.50)
Cosine similarity (original vs erased): 0.9618

============================================================
MP erasure for feature: year_built
============================================================
Samples: 5130 (train: 3590, val: 513, test: 1027)
Class balance: 46.82% positive
Pre-erasure probe accuracy: 0.595
Rank removed: 1
Post-erasure probe accuracy: 0.532 (target: ~0.50)
Cosine similarity (original vs erased): 0.9216

============================================================
MP erasure for feature: lot_size
============================================================
Samples: 5130 (train: 3590, val: 513, test: 1027)
Class balance: 48.05% positive
Pre-erasure probe accuracy: 0.562
Rank removed: 1
Post-erasure probe accuracy: 0.520 (target: ~0.50)
Cosine similarity (original vs erased): 0.9539

============================================================
MP erasure for feature: sqft
============================================================
Samples: 5130 (train: 3590, val: 513, test: 1027)
Class balance: 48.05% positive
Pre-erasure probe accuracy: 0.556
Rank removed: 1
Post-erasure probe accuracy: 0.520 (target: ~0.50)
Cosine similarity (original vs erased): 0.9539

Saved erasure info to: /home/anshulk/Housing/data/mp_results/llama-3.2-3b/layer_11/erasure_info.json

============================================================
STEP 2: INFORMATION CONTROL
============================================================

--- BASELINE ---
  Baseline: acc=0.6045, auc=0.6369

--- RANDOM CONTROLS (10 runs) ---
  Random control: mean drop=0.0029 +/- 0.0023

--- MP ---
  bedrooms: acc=0.5929, drop=0.0117, random=0.0029 -> PASS
  bathrooms: acc=0.5721, drop=0.0325, random=0.0029 -> PASS
  year_built: acc=0.6058, drop=-0.0013, random=0.0029 -> FAIL
  lot_size: acc=0.6000, drop=0.0045, random=0.0029 -> FAIL
  sqft: acc=0.6019, drop=0.0026, random=0.0029 -> FAIL

  ALL FEATURES:
  all_features: acc=0.5981, drop=0.0065

Saved results to: /home/anshulk/Housing/data/mp_results/llama-3.2-3b/layer_11/results.csv

============================================================
STEP 3: SELECTIVITY CONTROL
============================================================

--- SELECTIVITY CONTROL (MP) ---
  bedrooms: baseline=0.6026, erased=0.5935, recovered=0.6026 (100.0% recovery) -> PASS
  bathrooms: baseline=0.6026, erased=0.5708, recovered=0.6201 (155.1% recovery) -> PASS
  year_built: baseline=0.6026, erased=0.6045, recovered=0.6104 (100.0% recovery) -> PASS
  lot_size: baseline=0.6026, erased=0.6000, recovered=0.6052 (100.0% recovery) -> PASS
  sqft: baseline=0.6026, erased=0.5987, recovered=0.6058 (100.0% recovery) -> PASS

Saved selectivity to: /home/anshulk/Housing/data/mp_results/llama-3.2-3b/layer_11/selectivity.csv

============================================================
CORRECTNESS ANALYSIS
============================================================

Saved correctness analysis to: /home/anshulk/Housing/data/mp_results/llama-3.2-3b/layer_11/correctness.csv

============================================================
SUMMARY
============================================================

--- MP ---
Baseline accuracy: 0.6045
Random control drop: 0.0029

Feature verdicts:
  bedrooms:
    Probe: 0.6991236611489776
    Cosine sim: 0.9851287007331848
    Price drop: 0.0117
    Info control: PASS
    Selectivity: PASS (100.0%)
    Verdict: MINOR — bedrooms has minor causal contribution to pricing
  bathrooms:
    Probe: 0.7030185004868549
    Cosine sim: 0.9617598652839661
    Price drop: 0.0325
    Info control: PASS
    Selectivity: PASS (155.1%)
    Verdict: SIGNIFICANT — bathrooms has significant causal contribution to pricing
  year_built:
    Probe: 0.5949367088607594
    Cosine sim: 0.9215759634971619
    Price drop: -0.0013
    Info control: FAIL
    Selectivity: PASS (100.0%)
    Verdict: NOT_CAUSAL — Erasure of year_built does not hurt more than random
  lot_size:
    Probe: 0.5618305744888024
    Cosine sim: 0.9538578987121582
    Price drop: 0.0045
    Info control: FAIL
    Selectivity: PASS (100.0%)
    Verdict: NOT_CAUSAL — Erasure of lot_size does not hurt more than random
  sqft:
    Probe: 0.5559883154819864
    Cosine sim: 0.9538578987121582
    Price drop: 0.0026
    Info control: FAIL
    Selectivity: PASS (100.0%)
    Verdict: NOT_CAUSAL — Erasure of sqft does not hurt more than random

Saved summary to: /home/anshulk/Housing/data/mp_results/llama-3.2-3b/layer_11/summary.json

============================================================
COMPLETE in 55s (0.9 min)
============================================================

>>> Llama layer 12 / 27
============================================================
AMNESIC PROBING WITH MP
============================================================
Model: llama-3.2-3b
Layer: 12
Methods: ['mp']
Features: ['bedrooms', 'bathrooms', 'year_built', 'lot_size', 'sqft']
Random controls: 10
GPU: True
============================================================

============================================================
LOADING DATA
============================================================
Loading activations from: /home/anshulk/Housing/data/activations/llama-3.2-3b_2_fewshot_cot_temp0_activations.npz
Activations shape: (5130, 28, 3072)
Feature columns: ['bathrooms_p1_more' 'bedrooms_p1_more' 'year_p1_newer' 'lot_p1_larger'
 'sqft_p1_larger' 'price_p1_higher']
Loading samples from: /home/anshulk/Housing/data/amnesic_samples/selected_samples_llama-3.2-3b_2_fewshot_cot_temp0.csv
Loaded 5130 samples
Using layer 12, shape: (5130, 3072)
Output dir: /home/anshulk/Housing/data/mp_results/llama-3.2-3b/layer_12

Feature label class balance:
  bedrooms: 30.29% positive
  bathrooms: 30.18% positive
  year_built: 46.63% positive
  lot_size: 48.44% positive
  sqft: 48.44% positive
Price labels: 48.03% have property 1 more expensive

============================================================
STEP 1: ERASURE + VERIFICATION
============================================================

============================================================
MP erasure for feature: bedrooms
============================================================
Samples: 5130 (train: 3590, val: 513, test: 1027)
Class balance: 30.17% positive
Pre-erasure probe accuracy: 0.699
Rank removed: 1
Post-erasure probe accuracy: 0.699 (target: ~0.50)
Cosine similarity (original vs erased): 0.9866

============================================================
MP erasure for feature: bathrooms
============================================================
Samples: 5130 (train: 3590, val: 513, test: 1027)
Class balance: 30.03% positive
Pre-erasure probe accuracy: 0.703
Rank removed: 1
Post-erasure probe accuracy: 0.703 (target: ~0.50)
Cosine similarity (original vs erased): 0.9616

============================================================
MP erasure for feature: year_built
============================================================
Samples: 5130 (train: 3590, val: 513, test: 1027)
Class balance: 46.82% positive
Pre-erasure probe accuracy: 0.624
Rank removed: 1
Post-erasure probe accuracy: 0.532 (target: ~0.50)
Cosine similarity (original vs erased): 0.9230

============================================================
MP erasure for feature: lot_size
============================================================
Samples: 5130 (train: 3590, val: 513, test: 1027)
Class balance: 48.05% positive
Pre-erasure probe accuracy: 0.576
Rank removed: 1
Post-erasure probe accuracy: 0.520 (target: ~0.50)
Cosine similarity (original vs erased): 0.9536

============================================================
MP erasure for feature: sqft
============================================================
Samples: 5130 (train: 3590, val: 513, test: 1027)
Class balance: 48.05% positive
Pre-erasure probe accuracy: 0.579
Rank removed: 1
Post-erasure probe accuracy: 0.520 (target: ~0.50)
Cosine similarity (original vs erased): 0.9536

Saved erasure info to: /home/anshulk/Housing/data/mp_results/llama-3.2-3b/layer_12/erasure_info.json

============================================================
STEP 2: INFORMATION CONTROL
============================================================

--- BASELINE ---
  Baseline: acc=0.6136, auc=0.6475

--- RANDOM CONTROLS (10 runs) ---
  Random control: mean drop=0.0006 +/- 0.0009

--- MP ---
  bedrooms: acc=0.6065, drop=0.0071, random=0.0006 -> PASS
  bathrooms: acc=0.5831, drop=0.0305, random=0.0006 -> PASS
  year_built: acc=0.6013, drop=0.0123, random=0.0006 -> PASS
  lot_size: acc=0.6078, drop=0.0058, random=0.0006 -> PASS
  sqft: acc=0.6078, drop=0.0058, random=0.0006 -> PASS

  ALL FEATURES:
  all_features: acc=0.5987, drop=0.0149

Saved results to: /home/anshulk/Housing/data/mp_results/llama-3.2-3b/layer_12/results.csv

============================================================
STEP 3: SELECTIVITY CONTROL
============================================================

--- SELECTIVITY CONTROL (MP) ---
  bedrooms: baseline=0.6130, erased=0.6045, recovered=0.6097 (61.5% recovery) -> PASS
  bathrooms: baseline=0.6130, erased=0.5825, recovered=0.6169 (112.8% recovery) -> PASS
  year_built: baseline=0.6130, erased=0.6026, recovered=0.6169 (137.5% recovery) -> PASS
  lot_size: baseline=0.6130, erased=0.6078, recovered=0.6182 (200.0% recovery) -> PASS
  sqft: baseline=0.6130, erased=0.6110, recovered=0.6169 (100.0% recovery) -> PASS

Saved selectivity to: /home/anshulk/Housing/data/mp_results/llama-3.2-3b/layer_12/selectivity.csv

============================================================
CORRECTNESS ANALYSIS
============================================================
[W] [16:40:38.651176] L-BFGS stopped, because the line search failed to advance (step delta = 0.000000)

Saved correctness analysis to: /home/anshulk/Housing/data/mp_results/llama-3.2-3b/layer_12/correctness.csv

============================================================
SUMMARY
============================================================

--- MP ---
Baseline accuracy: 0.6136
Random control drop: 0.0006

Feature verdicts:
  bedrooms:
    Probe: 0.6991236611489776
    Cosine sim: 0.9866257905960083
    Price drop: 0.0071
    Info control: PASS
    Selectivity: PASS (61.5%)
    Verdict: NOT_USED — bedrooms encoded but not used for pricing
  bathrooms:
    Probe: 0.7030185004868549
    Cosine sim: 0.9616050124168396
    Price drop: 0.0305
    Info control: PASS
    Selectivity: PASS (112.8%)
    Verdict: SIGNIFICANT — bathrooms has significant causal contribution to pricing
  year_built:
    Probe: 0.6241480038948394
    Cosine sim: 0.9230349063873291
    Price drop: 0.0123
    Info control: PASS
    Selectivity: PASS (137.5%)
    Verdict: MINOR — year_built has minor causal contribution to pricing
  lot_size:
    Probe: 0.5764362220058422
    Cosine sim: 0.9536288380622864
    Price drop: 0.0058
    Info control: PASS
    Selectivity: PASS (200.0%)
    Verdict: NOT_USED — lot_size encoded but not used for pricing
  sqft:
    Probe: 0.5793573515092503
    Cosine sim: 0.9536288380622864
    Price drop: 0.0058
    Info control: PASS
    Selectivity: PASS (100.0%)
    Verdict: NOT_USED — sqft encoded but not used for pricing

Saved summary to: /home/anshulk/Housing/data/mp_results/llama-3.2-3b/layer_12/summary.json

============================================================
COMPLETE in 56s (0.9 min)
============================================================

>>> Llama layer 13 / 27
============================================================
AMNESIC PROBING WITH MP
============================================================
Model: llama-3.2-3b
Layer: 13
Methods: ['mp']
Features: ['bedrooms', 'bathrooms', 'year_built', 'lot_size', 'sqft']
Random controls: 10
GPU: True
============================================================

============================================================
LOADING DATA
============================================================
Loading activations from: /home/anshulk/Housing/data/activations/llama-3.2-3b_2_fewshot_cot_temp0_activations.npz
Activations shape: (5130, 28, 3072)
Feature columns: ['bathrooms_p1_more' 'bedrooms_p1_more' 'year_p1_newer' 'lot_p1_larger'
 'sqft_p1_larger' 'price_p1_higher']
Loading samples from: /home/anshulk/Housing/data/amnesic_samples/selected_samples_llama-3.2-3b_2_fewshot_cot_temp0.csv
Loaded 5130 samples
Using layer 13, shape: (5130, 3072)
Output dir: /home/anshulk/Housing/data/mp_results/llama-3.2-3b/layer_13

Feature label class balance:
  bedrooms: 30.29% positive
  bathrooms: 30.18% positive
  year_built: 46.63% positive
  lot_size: 48.44% positive
  sqft: 48.44% positive
Price labels: 48.03% have property 1 more expensive

============================================================
STEP 1: ERASURE + VERIFICATION
============================================================

============================================================
MP erasure for feature: bedrooms
============================================================
Samples: 5130 (train: 3590, val: 513, test: 1027)
Class balance: 30.17% positive
Pre-erasure probe accuracy: 0.699
Rank removed: 1
Post-erasure probe accuracy: 0.699 (target: ~0.50)
Cosine similarity (original vs erased): 0.9878

============================================================
MP erasure for feature: bathrooms
============================================================
Samples: 5130 (train: 3590, val: 513, test: 1027)
Class balance: 30.03% positive
Pre-erasure probe accuracy: 0.703
Rank removed: 1
Post-erasure probe accuracy: 0.703 (target: ~0.50)
Cosine similarity (original vs erased): 0.9734

============================================================
MP erasure for feature: year_built
============================================================
Samples: 5130 (train: 3590, val: 513, test: 1027)
Class balance: 46.82% positive
Pre-erasure probe accuracy: 0.653
Rank removed: 1
Post-erasure probe accuracy: 0.532 (target: ~0.50)
Cosine similarity (original vs erased): 0.9356

============================================================
MP erasure for feature: lot_size
============================================================
Samples: 5130 (train: 3590, val: 513, test: 1027)
Class balance: 48.05% positive
Pre-erasure probe accuracy: 0.588
Rank removed: 1
Post-erasure probe accuracy: 0.520 (target: ~0.50)
Cosine similarity (original vs erased): 0.9609

============================================================
MP erasure for feature: sqft
============================================================
Samples: 5130 (train: 3590, val: 513, test: 1027)
Class balance: 48.05% positive
Pre-erasure probe accuracy: 0.592
Rank removed: 1
Post-erasure probe accuracy: 0.520 (target: ~0.50)
Cosine similarity (original vs erased): 0.9609

Saved erasure info to: /home/anshulk/Housing/data/mp_results/llama-3.2-3b/layer_13/erasure_info.json

============================================================
STEP 2: INFORMATION CONTROL
============================================================

--- BASELINE ---
  Baseline: acc=0.6156, auc=0.6520

--- RANDOM CONTROLS (10 runs) ---
[W] [16:41:11.647329] L-BFGS stopped, because the line search failed to advance (step delta = 0.000000)
  Random control: mean drop=0.0003 +/- 0.0013

--- MP ---
  bedrooms: acc=0.6117, drop=0.0039, random=0.0003 -> PASS
  bathrooms: acc=0.5877, drop=0.0279, random=0.0003 -> PASS
  year_built: acc=0.6104, drop=0.0052, random=0.0003 -> PASS
[W] [16:41:23.565478] L-BFGS stopped, because the line search failed to advance (step delta = 0.000000)
  lot_size: acc=0.6123, drop=0.0032, random=0.0003 -> PASS
  sqft: acc=0.6117, drop=0.0039, random=0.0003 -> PASS

  ALL FEATURES:
  all_features: acc=0.6149, drop=0.0006

Saved results to: /home/anshulk/Housing/data/mp_results/llama-3.2-3b/layer_13/results.csv

============================================================
STEP 3: SELECTIVITY CONTROL
============================================================

--- SELECTIVITY CONTROL (MP) ---
  bedrooms: baseline=0.6143, erased=0.6110, recovered=0.6123 (100.0% recovery) -> PASS
[W] [16:41:29.888823] L-BFGS stopped, because the line search failed to advance (step delta = 0.000000)
  bathrooms: baseline=0.6143, erased=0.5851, recovered=0.6214 (124.4% recovery) -> PASS
  year_built: baseline=0.6143, erased=0.6097, recovered=0.6065 (100.0% recovery) -> PASS
  lot_size: baseline=0.6143, erased=0.6156, recovered=0.6097 (100.0% recovery) -> PASS
  sqft: baseline=0.6143, erased=0.6097, recovered=0.6097 (100.0% recovery) -> PASS

Saved selectivity to: /home/anshulk/Housing/data/mp_results/llama-3.2-3b/layer_13/selectivity.csv

============================================================
CORRECTNESS ANALYSIS
============================================================

Saved correctness analysis to: /home/anshulk/Housing/data/mp_results/llama-3.2-3b/layer_13/correctness.csv

============================================================
SUMMARY
============================================================

--- MP ---
Baseline accuracy: 0.6156
Random control drop: 0.0003

Feature verdicts:
  bedrooms:
    Probe: 0.6991236611489776
    Cosine sim: 0.987800121307373
    Price drop: 0.0039
    Info control: PASS
    Selectivity: PASS (100.0%)
    Verdict: NOT_USED — bedrooms encoded but not used for pricing
  bathrooms:
    Probe: 0.7030185004868549
    Cosine sim: 0.9734210968017578
    Price drop: 0.0279
    Info control: PASS
    Selectivity: PASS (124.4%)
    Verdict: MINOR — bathrooms has minor causal contribution to pricing
  year_built:
    Probe: 0.6533592989289192
    Cosine sim: 0.935573399066925
    Price drop: 0.0052
    Info control: PASS
    Selectivity: PASS (100.0%)
    Verdict: NOT_USED — year_built encoded but not used for pricing
  lot_size:
    Probe: 0.5881207400194742
    Cosine sim: 0.9609485268592834
    Price drop: 0.0032
    Info control: PASS
    Selectivity: PASS (100.0%)
    Verdict: NOT_USED — lot_size encoded but not used for pricing
  sqft:
    Probe: 0.5920155793573515
    Cosine sim: 0.9609485268592834
    Price drop: 0.0039
    Info control: PASS
    Selectivity: PASS (100.0%)
    Verdict: NOT_USED — sqft encoded but not used for pricing

Saved summary to: /home/anshulk/Housing/data/mp_results/llama-3.2-3b/layer_13/summary.json

============================================================
COMPLETE in 55s (0.9 min)
============================================================

>>> Llama layer 14 / 27
============================================================
AMNESIC PROBING WITH MP
============================================================
Model: llama-3.2-3b
Layer: 14
Methods: ['mp']
Features: ['bedrooms', 'bathrooms', 'year_built', 'lot_size', 'sqft']
Random controls: 10
GPU: True
============================================================

============================================================
LOADING DATA
============================================================
Loading activations from: /home/anshulk/Housing/data/activations/llama-3.2-3b_2_fewshot_cot_temp0_activations.npz
Activations shape: (5130, 28, 3072)
Feature columns: ['bathrooms_p1_more' 'bedrooms_p1_more' 'year_p1_newer' 'lot_p1_larger'
 'sqft_p1_larger' 'price_p1_higher']
Loading samples from: /home/anshulk/Housing/data/amnesic_samples/selected_samples_llama-3.2-3b_2_fewshot_cot_temp0.csv
Loaded 5130 samples
Using layer 14, shape: (5130, 3072)
Output dir: /home/anshulk/Housing/data/mp_results/llama-3.2-3b/layer_14

Feature label class balance:
  bedrooms: 30.29% positive
  bathrooms: 30.18% positive
  year_built: 46.63% positive
  lot_size: 48.44% positive
  sqft: 48.44% positive
Price labels: 48.03% have property 1 more expensive

============================================================
STEP 1: ERASURE + VERIFICATION
============================================================

============================================================
MP erasure for feature: bedrooms
============================================================
Samples: 5130 (train: 3590, val: 513, test: 1027)
Class balance: 30.17% positive
Pre-erasure probe accuracy: 0.700
Rank removed: 1
Post-erasure probe accuracy: 0.699 (target: ~0.50)
Cosine similarity (original vs erased): 0.9808

============================================================
MP erasure for feature: bathrooms
============================================================
Samples: 5130 (train: 3590, val: 513, test: 1027)
Class balance: 30.03% positive
Pre-erasure probe accuracy: 0.703
Rank removed: 1
Post-erasure probe accuracy: 0.703 (target: ~0.50)
Cosine similarity (original vs erased): 0.9792

============================================================
MP erasure for feature: year_built
============================================================
Samples: 5130 (train: 3590, val: 513, test: 1027)
Class balance: 46.82% positive
Pre-erasure probe accuracy: 0.654
Rank removed: 1
Post-erasure probe accuracy: 0.532 (target: ~0.50)
Cosine similarity (original vs erased): 0.9393

============================================================
MP erasure for feature: lot_size
============================================================
Samples: 5130 (train: 3590, val: 513, test: 1027)
Class balance: 48.05% positive
Pre-erasure probe accuracy: 0.611
Rank removed: 1
Post-erasure probe accuracy: 0.520 (target: ~0.50)
Cosine similarity (original vs erased): 0.9689

============================================================
MP erasure for feature: sqft
============================================================
Samples: 5130 (train: 3590, val: 513, test: 1027)
Class balance: 48.05% positive
Pre-erasure probe accuracy: 0.603
Rank removed: 1
Post-erasure probe accuracy: 0.520 (target: ~0.50)
Cosine similarity (original vs erased): 0.9689

Saved erasure info to: /home/anshulk/Housing/data/mp_results/llama-3.2-3b/layer_14/erasure_info.json

============================================================
STEP 2: INFORMATION CONTROL
============================================================

--- BASELINE ---
  Baseline: acc=0.6188, auc=0.6507

--- RANDOM CONTROLS (10 runs) ---
  Random control: mean drop=0.0002 +/- 0.0012

--- MP ---
  bedrooms: acc=0.6097, drop=0.0091, random=0.0002 -> PASS
  bathrooms: acc=0.5831, drop=0.0357, random=0.0002 -> PASS
  year_built: acc=0.6104, drop=0.0084, random=0.0002 -> PASS
  lot_size: acc=0.6117, drop=0.0071, random=0.0002 -> PASS
  sqft: acc=0.6117, drop=0.0071, random=0.0002 -> PASS

  ALL FEATURES:
  all_features: acc=0.6117, drop=0.0071

Saved results to: /home/anshulk/Housing/data/mp_results/llama-3.2-3b/layer_14/results.csv

============================================================
STEP 3: SELECTIVITY CONTROL
============================================================

--- SELECTIVITY CONTROL (MP) ---
  bedrooms: baseline=0.6175, erased=0.6097, recovered=0.6201 (133.3% recovery) -> PASS
  bathrooms: baseline=0.6175, erased=0.5838, recovered=0.6175 (100.0% recovery) -> PASS
  year_built: baseline=0.6175, erased=0.6104, recovered=0.6221 (163.6% recovery) -> PASS
  lot_size: baseline=0.6175, erased=0.6136, recovered=0.6227 (100.0% recovery) -> PASS
  sqft: baseline=0.6175, erased=0.6123, recovered=0.6240 (200.0% recovery) -> PASS

Saved selectivity to: /home/anshulk/Housing/data/mp_results/llama-3.2-3b/layer_14/selectivity.csv

============================================================
CORRECTNESS ANALYSIS
============================================================

Saved correctness analysis to: /home/anshulk/Housing/data/mp_results/llama-3.2-3b/layer_14/correctness.csv

============================================================
SUMMARY
============================================================

--- MP ---
Baseline accuracy: 0.6188
Random control drop: 0.0002

Feature verdicts:
  bedrooms:
    Probe: 0.7000973709834469
    Cosine sim: 0.9807654619216919
    Price drop: 0.0091
    Info control: PASS
    Selectivity: PASS (133.3%)
    Verdict: NOT_USED — bedrooms encoded but not used for pricing
  bathrooms:
    Probe: 0.7030185004868549
    Cosine sim: 0.9792360663414001
    Price drop: 0.0357
    Info control: PASS
    Selectivity: PASS (100.0%)
    Verdict: SIGNIFICANT — bathrooms has significant causal contribution to pricing
  year_built:
    Probe: 0.6543330087633885
    Cosine sim: 0.9393337368965149
    Price drop: 0.0084
    Info control: PASS
    Selectivity: PASS (163.6%)
    Verdict: NOT_USED — year_built encoded but not used for pricing
  lot_size:
    Probe: 0.611489776046738
    Cosine sim: 0.9688902497291565
    Price drop: 0.0071
    Info control: PASS
    Selectivity: PASS (100.0%)
    Verdict: NOT_USED — lot_size encoded but not used for pricing
  sqft:
    Probe: 0.6027263875365141
    Cosine sim: 0.9688902497291565
    Price drop: 0.0071
    Info control: PASS
    Selectivity: PASS (200.0%)
    Verdict: NOT_USED — sqft encoded but not used for pricing

Saved summary to: /home/anshulk/Housing/data/mp_results/llama-3.2-3b/layer_14/summary.json

============================================================
COMPLETE in 55s (0.9 min)
============================================================

>>> Llama layer 15 / 27
============================================================
AMNESIC PROBING WITH MP
============================================================
Model: llama-3.2-3b
Layer: 15
Methods: ['mp']
Features: ['bedrooms', 'bathrooms', 'year_built', 'lot_size', 'sqft']
Random controls: 10
GPU: True
============================================================

============================================================
LOADING DATA
============================================================
Loading activations from: /home/anshulk/Housing/data/activations/llama-3.2-3b_2_fewshot_cot_temp0_activations.npz
Activations shape: (5130, 28, 3072)
Feature columns: ['bathrooms_p1_more' 'bedrooms_p1_more' 'year_p1_newer' 'lot_p1_larger'
 'sqft_p1_larger' 'price_p1_higher']
Loading samples from: /home/anshulk/Housing/data/amnesic_samples/selected_samples_llama-3.2-3b_2_fewshot_cot_temp0.csv
Loaded 5130 samples
Using layer 15, shape: (5130, 3072)
Output dir: /home/anshulk/Housing/data/mp_results/llama-3.2-3b/layer_15

Feature label class balance:
  bedrooms: 30.29% positive
  bathrooms: 30.18% positive
  year_built: 46.63% positive
  lot_size: 48.44% positive
  sqft: 48.44% positive
Price labels: 48.03% have property 1 more expensive

============================================================
STEP 1: ERASURE + VERIFICATION
============================================================

============================================================
MP erasure for feature: bedrooms
============================================================
Samples: 5130 (train: 3590, val: 513, test: 1027)
Class balance: 30.17% positive
Pre-erasure probe accuracy: 0.705
Rank removed: 1
Post-erasure probe accuracy: 0.699 (target: ~0.50)
Cosine similarity (original vs erased): 0.9819

============================================================
MP erasure for feature: bathrooms
============================================================
Samples: 5130 (train: 3590, val: 513, test: 1027)
Class balance: 30.03% positive
Pre-erasure probe accuracy: 0.703
Rank removed: 1
Post-erasure probe accuracy: 0.703 (target: ~0.50)
Cosine similarity (original vs erased): 0.9811

============================================================
MP erasure for feature: year_built
============================================================
Samples: 5130 (train: 3590, val: 513, test: 1027)
Class balance: 46.82% positive
Pre-erasure probe accuracy: 0.712
Rank removed: 1
Post-erasure probe accuracy: 0.532 (target: ~0.50)
Cosine similarity (original vs erased): 0.9452

============================================================
MP erasure for feature: lot_size
============================================================
Samples: 5130 (train: 3590, val: 513, test: 1027)
Class balance: 48.05% positive
Pre-erasure probe accuracy: 0.634
Rank removed: 1
Post-erasure probe accuracy: 0.520 (target: ~0.50)
Cosine similarity (original vs erased): 0.9678

============================================================
MP erasure for feature: sqft
============================================================
Samples: 5130 (train: 3590, val: 513, test: 1027)
Class balance: 48.05% positive
Pre-erasure probe accuracy: 0.632
Rank removed: 1
Post-erasure probe accuracy: 0.520 (target: ~0.50)
Cosine similarity (original vs erased): 0.9678

Saved erasure info to: /home/anshulk/Housing/data/mp_results/llama-3.2-3b/layer_15/erasure_info.json

============================================================
STEP 2: INFORMATION CONTROL
============================================================

--- BASELINE ---
  Baseline: acc=0.6123, auc=0.6402

--- RANDOM CONTROLS (10 runs) ---
  Random control: mean drop=0.0001 +/- 0.0017

--- MP ---
  bedrooms: acc=0.6026, drop=0.0097, random=0.0001 -> PASS
  bathrooms: acc=0.5818, drop=0.0305, random=0.0001 -> PASS
  year_built: acc=0.5916, drop=0.0208, random=0.0001 -> PASS
  lot_size: acc=0.6032, drop=0.0091, random=0.0001 -> PASS
  sqft: acc=0.6032, drop=0.0091, random=0.0001 -> PASS

  ALL FEATURES:
  all_features: acc=0.6013, drop=0.0110

Saved results to: /home/anshulk/Housing/data/mp_results/llama-3.2-3b/layer_15/results.csv

============================================================
STEP 3: SELECTIVITY CONTROL
============================================================

--- SELECTIVITY CONTROL (MP) ---
  bedrooms: baseline=0.6117, erased=0.6006, recovered=0.6026 (17.6% recovery) -> PASS
  bathrooms: baseline=0.6117, erased=0.5831, recovered=0.6169 (118.2% recovery) -> PASS
  year_built: baseline=0.6117, erased=0.5929, recovered=0.6123 (103.4% recovery) -> PASS
[W] [16:43:29.753777] L-BFGS stopped, because the line search failed to advance (step delta = 0.000000)
  lot_size: baseline=0.6117, erased=0.6039, recovered=0.6169 (166.7% recovery) -> PASS
  sqft: baseline=0.6117, erased=0.6032, recovered=0.6175 (169.2% recovery) -> PASS

Saved selectivity to: /home/anshulk/Housing/data/mp_results/llama-3.2-3b/layer_15/selectivity.csv

============================================================
CORRECTNESS ANALYSIS
============================================================
[W] [16:43:32.560354] L-BFGS stopped, because the line search failed to advance (step delta = 0.000000)

Saved correctness analysis to: /home/anshulk/Housing/data/mp_results/llama-3.2-3b/layer_15/correctness.csv

============================================================
SUMMARY
============================================================

--- MP ---
Baseline accuracy: 0.6123
Random control drop: 0.0001

Feature verdicts:
  bedrooms:
    Probe: 0.7049659201557936
    Cosine sim: 0.9818933606147766
    Price drop: 0.0097
    Info control: PASS
    Selectivity: PASS (17.6%)
    Verdict: NOT_USED — bedrooms encoded but not used for pricing
  bathrooms:
    Probe: 0.7030185004868549
    Cosine sim: 0.9810749292373657
    Price drop: 0.0305
    Info control: PASS
    Selectivity: PASS (118.2%)
    Verdict: SIGNIFICANT — bathrooms has significant causal contribution to pricing
  year_built:
    Probe: 0.7117818889970788
    Cosine sim: 0.9452263712882996
    Price drop: 0.0208
    Info control: PASS
    Selectivity: PASS (103.4%)
    Verdict: MINOR — year_built has minor causal contribution to pricing
  lot_size:
    Probe: 0.6338851022395326
    Cosine sim: 0.9678162336349487
    Price drop: 0.0091
    Info control: PASS
    Selectivity: PASS (166.7%)
    Verdict: NOT_USED — lot_size encoded but not used for pricing
  sqft:
    Probe: 0.631937682570594
    Cosine sim: 0.9678162336349487
    Price drop: 0.0091
    Info control: PASS
    Selectivity: PASS (169.2%)
    Verdict: NOT_USED — sqft encoded but not used for pricing

Saved summary to: /home/anshulk/Housing/data/mp_results/llama-3.2-3b/layer_15/summary.json

============================================================
COMPLETE in 56s (0.9 min)
============================================================

>>> Llama layer 16 / 27
============================================================
AMNESIC PROBING WITH MP
============================================================
Model: llama-3.2-3b
Layer: 16
Methods: ['mp']
Features: ['bedrooms', 'bathrooms', 'year_built', 'lot_size', 'sqft']
Random controls: 10
GPU: True
============================================================

============================================================
LOADING DATA
============================================================
Loading activations from: /home/anshulk/Housing/data/activations/llama-3.2-3b_2_fewshot_cot_temp0_activations.npz
Activations shape: (5130, 28, 3072)
Feature columns: ['bathrooms_p1_more' 'bedrooms_p1_more' 'year_p1_newer' 'lot_p1_larger'
 'sqft_p1_larger' 'price_p1_higher']
Loading samples from: /home/anshulk/Housing/data/amnesic_samples/selected_samples_llama-3.2-3b_2_fewshot_cot_temp0.csv
Loaded 5130 samples
Using layer 16, shape: (5130, 3072)
Output dir: /home/anshulk/Housing/data/mp_results/llama-3.2-3b/layer_16

Feature label class balance:
  bedrooms: 30.29% positive
  bathrooms: 30.18% positive
  year_built: 46.63% positive
  lot_size: 48.44% positive
  sqft: 48.44% positive
Price labels: 48.03% have property 1 more expensive

============================================================
STEP 1: ERASURE + VERIFICATION
============================================================

============================================================
MP erasure for feature: bedrooms
============================================================
Samples: 5130 (train: 3590, val: 513, test: 1027)
Class balance: 30.17% positive
Pre-erasure probe accuracy: 0.710
Rank removed: 1
Post-erasure probe accuracy: 0.699 (target: ~0.50)
Cosine similarity (original vs erased): 0.9835

============================================================
MP erasure for feature: bathrooms
============================================================
Samples: 5130 (train: 3590, val: 513, test: 1027)
Class balance: 30.03% positive
Pre-erasure probe accuracy: 0.702
Rank removed: 1
Post-erasure probe accuracy: 0.703 (target: ~0.50)
Cosine similarity (original vs erased): 0.9806

============================================================
MP erasure for feature: year_built
============================================================
Samples: 5130 (train: 3590, val: 513, test: 1027)
Class balance: 46.82% positive
Pre-erasure probe accuracy: 0.708
Rank removed: 1
Post-erasure probe accuracy: 0.532 (target: ~0.50)
Cosine similarity (original vs erased): 0.9545

============================================================
MP erasure for feature: lot_size
============================================================
Samples: 5130 (train: 3590, val: 513, test: 1027)
Class balance: 48.05% positive
Pre-erasure probe accuracy: 0.628
Rank removed: 1
Post-erasure probe accuracy: 0.520 (target: ~0.50)
Cosine similarity (original vs erased): 0.9674

============================================================
MP erasure for feature: sqft
============================================================
Samples: 5130 (train: 3590, val: 513, test: 1027)
Class balance: 48.05% positive
Pre-erasure probe accuracy: 0.633
Rank removed: 1
Post-erasure probe accuracy: 0.520 (target: ~0.50)
Cosine similarity (original vs erased): 0.9674

Saved erasure info to: /home/anshulk/Housing/data/mp_results/llama-3.2-3b/layer_16/erasure_info.json

============================================================
STEP 2: INFORMATION CONTROL
============================================================

--- BASELINE ---
  Baseline: acc=0.6084, auc=0.6396

--- RANDOM CONTROLS (10 runs) ---
[W] [16:44:07.421961] L-BFGS stopped, because the line search failed to advance (step delta = 0.000000)
  Random control: mean drop=-0.0004 +/- 0.0008

--- MP ---
  bedrooms: acc=0.5877, drop=0.0208, random=-0.0004 -> PASS
  bathrooms: acc=0.5766, drop=0.0318, random=-0.0004 -> PASS
  year_built: acc=0.5942, drop=0.0143, random=-0.0004 -> PASS
  lot_size: acc=0.6013, drop=0.0071, random=-0.0004 -> PASS
  sqft: acc=0.6000, drop=0.0084, random=-0.0004 -> PASS

  ALL FEATURES:
  all_features: acc=0.5916, drop=0.0169

Saved results to: /home/anshulk/Housing/data/mp_results/llama-3.2-3b/layer_16/results.csv

============================================================
STEP 3: SELECTIVITY CONTROL
============================================================

--- SELECTIVITY CONTROL (MP) ---
  bedrooms: baseline=0.6091, erased=0.5864, recovered=0.6000 (60.0% recovery) -> PASS
  bathrooms: baseline=0.6091, erased=0.5773, recovered=0.6110 (106.1% recovery) -> PASS
  year_built: baseline=0.6091, erased=0.5948, recovered=0.6117 (118.2% recovery) -> PASS
  lot_size: baseline=0.6091, erased=0.6000, recovered=0.6084 (92.9% recovery) -> PASS
  sqft: baseline=0.6091, erased=0.5994, recovered=0.6091 (100.0% recovery) -> PASS

Saved selectivity to: /home/anshulk/Housing/data/mp_results/llama-3.2-3b/layer_16/selectivity.csv

============================================================
CORRECTNESS ANALYSIS
============================================================

Saved correctness analysis to: /home/anshulk/Housing/data/mp_results/llama-3.2-3b/layer_16/correctness.csv

============================================================
SUMMARY
============================================================

--- MP ---
Baseline accuracy: 0.6084
Random control drop: -0.0004

Feature verdicts:
  bedrooms:
    Probe: 0.7098344693281402
    Cosine sim: 0.9835001826286316
    Price drop: 0.0208
    Info control: PASS
    Selectivity: PASS (60.0%)
    Verdict: MINOR — bedrooms has minor causal contribution to pricing
  bathrooms:
    Probe: 0.7020447906523856
    Cosine sim: 0.9805627465248108
    Price drop: 0.0318
    Info control: PASS
    Selectivity: PASS (106.1%)
    Verdict: SIGNIFICANT — bathrooms has significant causal contribution to pricing
  year_built:
    Probe: 0.7078870496592016
    Cosine sim: 0.9544742107391357
    Price drop: 0.0143
    Info control: PASS
    Selectivity: PASS (118.2%)
    Verdict: MINOR — year_built has minor causal contribution to pricing
  lot_size:
    Probe: 0.6280428432327166
    Cosine sim: 0.9673666954040527
    Price drop: 0.0071
    Info control: PASS
    Selectivity: PASS (92.9%)
    Verdict: NOT_USED — lot_size encoded but not used for pricing
  sqft:
    Probe: 0.6329113924050633
    Cosine sim: 0.9673666954040527
    Price drop: 0.0084
    Info control: PASS
    Selectivity: PASS (100.0%)
    Verdict: NOT_USED — sqft encoded but not used for pricing

Saved summary to: /home/anshulk/Housing/data/mp_results/llama-3.2-3b/layer_16/summary.json

============================================================
COMPLETE in 57s (0.9 min)
============================================================

>>> Llama layer 17 / 27
============================================================
AMNESIC PROBING WITH MP
============================================================
Model: llama-3.2-3b
Layer: 17
Methods: ['mp']
Features: ['bedrooms', 'bathrooms', 'year_built', 'lot_size', 'sqft']
Random controls: 10
GPU: True
============================================================

============================================================
LOADING DATA
============================================================
Loading activations from: /home/anshulk/Housing/data/activations/llama-3.2-3b_2_fewshot_cot_temp0_activations.npz
Activations shape: (5130, 28, 3072)
Feature columns: ['bathrooms_p1_more' 'bedrooms_p1_more' 'year_p1_newer' 'lot_p1_larger'
 'sqft_p1_larger' 'price_p1_higher']
Loading samples from: /home/anshulk/Housing/data/amnesic_samples/selected_samples_llama-3.2-3b_2_fewshot_cot_temp0.csv
Loaded 5130 samples
Using layer 17, shape: (5130, 3072)
Output dir: /home/anshulk/Housing/data/mp_results/llama-3.2-3b/layer_17

Feature label class balance:
  bedrooms: 30.29% positive
  bathrooms: 30.18% positive
  year_built: 46.63% positive
  lot_size: 48.44% positive
  sqft: 48.44% positive
Price labels: 48.03% have property 1 more expensive

============================================================
STEP 1: ERASURE + VERIFICATION
============================================================

============================================================
MP erasure for feature: bedrooms
============================================================
Samples: 5130 (train: 3590, val: 513, test: 1027)
Class balance: 30.17% positive
Pre-erasure probe accuracy: 0.713
Rank removed: 1
Post-erasure probe accuracy: 0.699 (target: ~0.50)
Cosine similarity (original vs erased): 0.9850

============================================================
MP erasure for feature: bathrooms
============================================================
Samples: 5130 (train: 3590, val: 513, test: 1027)
Class balance: 30.03% positive
Pre-erasure probe accuracy: 0.702
Rank removed: 1
Post-erasure probe accuracy: 0.703 (target: ~0.50)
Cosine similarity (original vs erased): 0.9797

============================================================
MP erasure for feature: year_built
============================================================
Samples: 5130 (train: 3590, val: 513, test: 1027)
Class balance: 46.82% positive
Pre-erasure probe accuracy: 0.728
Rank removed: 1
Post-erasure probe accuracy: 0.532 (target: ~0.50)
Cosine similarity (original vs erased): 0.9572

============================================================
MP erasure for feature: lot_size
============================================================
Samples: 5130 (train: 3590, val: 513, test: 1027)
Class balance: 48.05% positive
Pre-erasure probe accuracy: 0.628
Rank removed: 1
Post-erasure probe accuracy: 0.520 (target: ~0.50)
Cosine similarity (original vs erased): 0.9657

============================================================
MP erasure for feature: sqft
============================================================
Samples: 5130 (train: 3590, val: 513, test: 1027)
Class balance: 48.05% positive
Pre-erasure probe accuracy: 0.628
Rank removed: 1
Post-erasure probe accuracy: 0.520 (target: ~0.50)
Cosine similarity (original vs erased): 0.9657

Saved erasure info to: /home/anshulk/Housing/data/mp_results/llama-3.2-3b/layer_17/erasure_info.json

============================================================
STEP 2: INFORMATION CONTROL
============================================================

--- BASELINE ---
  Baseline: acc=0.6065, auc=0.6407

--- RANDOM CONTROLS (10 runs) ---
  Random control: mean drop=0.0014 +/- 0.0010

--- MP ---
  bedrooms: acc=0.6026, drop=0.0039, random=0.0014 -> PASS
  bathrooms: acc=0.5883, drop=0.0182, random=0.0014 -> PASS
  year_built: acc=0.5922, drop=0.0143, random=0.0014 -> PASS
  lot_size: acc=0.6045, drop=0.0019, random=0.0014 -> FAIL
  sqft: acc=0.6058, drop=0.0006, random=0.0014 -> FAIL

  ALL FEATURES:
  all_features: acc=0.5968, drop=0.0097

Saved results to: /home/anshulk/Housing/data/mp_results/llama-3.2-3b/layer_17/results.csv

============================================================
STEP 3: SELECTIVITY CONTROL
============================================================

--- SELECTIVITY CONTROL (MP) ---
  bedrooms: baseline=0.6071, erased=0.6006, recovered=0.6091 (130.0% recovery) -> PASS
  bathrooms: baseline=0.6071, erased=0.5890, recovered=0.6156 (146.4% recovery) -> PASS
  year_built: baseline=0.6071, erased=0.5922, recovered=0.6032 (73.9% recovery) -> PASS
  lot_size: baseline=0.6071, erased=0.6052, recovered=0.6123 (100.0% recovery) -> PASS
  sqft: baseline=0.6071, erased=0.6045, recovered=0.6117 (100.0% recovery) -> PASS

Saved selectivity to: /home/anshulk/Housing/data/mp_results/llama-3.2-3b/layer_17/selectivity.csv

============================================================
CORRECTNESS ANALYSIS
============================================================

Saved correctness analysis to: /home/anshulk/Housing/data/mp_results/llama-3.2-3b/layer_17/correctness.csv

============================================================
SUMMARY
============================================================

--- MP ---
Baseline accuracy: 0.6065
Random control drop: 0.0014

Feature verdicts:
  bedrooms:
    Probe: 0.7127555988315482
    Cosine sim: 0.9849728941917419
    Price drop: 0.0039
    Info control: PASS
    Selectivity: PASS (130.0%)
    Verdict: NOT_USED — bedrooms encoded but not used for pricing
  bathrooms:
    Probe: 0.7020447906523856
    Cosine sim: 0.9797107577323914
    Price drop: 0.0182
    Info control: PASS
    Selectivity: PASS (146.4%)
    Verdict: MINOR — bathrooms has minor causal contribution to pricing
  year_built:
    Probe: 0.7283349561830574
    Cosine sim: 0.9571710228919983
    Price drop: 0.0143
    Info control: PASS
    Selectivity: PASS (73.9%)
    Verdict: MINOR — year_built has minor causal contribution to pricing
  lot_size:
    Probe: 0.6280428432327166
    Cosine sim: 0.9656503796577454
    Price drop: 0.0019
    Info control: FAIL
    Selectivity: PASS (100.0%)
    Verdict: NOT_CAUSAL — Erasure of lot_size does not hurt more than random
  sqft:
    Probe: 0.6280428432327166
    Cosine sim: 0.9656503796577454
    Price drop: 0.0006
    Info control: FAIL
    Selectivity: PASS (100.0%)
    Verdict: NOT_CAUSAL — Erasure of sqft does not hurt more than random

Saved summary to: /home/anshulk/Housing/data/mp_results/llama-3.2-3b/layer_17/summary.json

============================================================
COMPLETE in 57s (0.9 min)
============================================================

>>> Llama layer 18 / 27
============================================================
AMNESIC PROBING WITH MP
============================================================
Model: llama-3.2-3b
Layer: 18
Methods: ['mp']
Features: ['bedrooms', 'bathrooms', 'year_built', 'lot_size', 'sqft']
Random controls: 10
GPU: True
============================================================

============================================================
LOADING DATA
============================================================
Loading activations from: /home/anshulk/Housing/data/activations/llama-3.2-3b_2_fewshot_cot_temp0_activations.npz
Activations shape: (5130, 28, 3072)
Feature columns: ['bathrooms_p1_more' 'bedrooms_p1_more' 'year_p1_newer' 'lot_p1_larger'
 'sqft_p1_larger' 'price_p1_higher']
Loading samples from: /home/anshulk/Housing/data/amnesic_samples/selected_samples_llama-3.2-3b_2_fewshot_cot_temp0.csv
Loaded 5130 samples
Using layer 18, shape: (5130, 3072)
Output dir: /home/anshulk/Housing/data/mp_results/llama-3.2-3b/layer_18

Feature label class balance:
  bedrooms: 30.29% positive
  bathrooms: 30.18% positive
  year_built: 46.63% positive
  lot_size: 48.44% positive
  sqft: 48.44% positive
Price labels: 48.03% have property 1 more expensive

============================================================
STEP 1: ERASURE + VERIFICATION
============================================================

============================================================
MP erasure for feature: bedrooms
============================================================
Samples: 5130 (train: 3590, val: 513, test: 1027)
Class balance: 30.17% positive
Pre-erasure probe accuracy: 0.720
Rank removed: 1
Post-erasure probe accuracy: 0.699 (target: ~0.50)
Cosine similarity (original vs erased): 0.9867

============================================================
MP erasure for feature: bathrooms
============================================================
Samples: 5130 (train: 3590, val: 513, test: 1027)
Class balance: 30.03% positive
Pre-erasure probe accuracy: 0.704
Rank removed: 1
Post-erasure probe accuracy: 0.703 (target: ~0.50)
Cosine similarity (original vs erased): 0.9796

============================================================
MP erasure for feature: year_built
============================================================
Samples: 5130 (train: 3590, val: 513, test: 1027)
Class balance: 46.82% positive
Pre-erasure probe accuracy: 0.734
Rank removed: 1
Post-erasure probe accuracy: 0.532 (target: ~0.50)
Cosine similarity (original vs erased): 0.9609

============================================================
MP erasure for feature: lot_size
============================================================
Samples: 5130 (train: 3590, val: 513, test: 1027)
Class balance: 48.05% positive
Pre-erasure probe accuracy: 0.629
Rank removed: 1
Post-erasure probe accuracy: 0.520 (target: ~0.50)
Cosine similarity (original vs erased): 0.9681

============================================================
MP erasure for feature: sqft
============================================================
Samples: 5130 (train: 3590, val: 513, test: 1027)
Class balance: 48.05% positive
Pre-erasure probe accuracy: 0.630
Rank removed: 1
Post-erasure probe accuracy: 0.520 (target: ~0.50)
Cosine similarity (original vs erased): 0.9681

Saved erasure info to: /home/anshulk/Housing/data/mp_results/llama-3.2-3b/layer_18/erasure_info.json

============================================================
STEP 2: INFORMATION CONTROL
============================================================

--- BASELINE ---
  Baseline: acc=0.6045, auc=0.6369

--- RANDOM CONTROLS (10 runs) ---
  Random control: mean drop=0.0006 +/- 0.0010

--- MP ---
  bedrooms: acc=0.5968, drop=0.0078, random=0.0006 -> PASS
  bathrooms: acc=0.5721, drop=0.0325, random=0.0006 -> PASS
  year_built: acc=0.6000, drop=0.0045, random=0.0006 -> PASS
  lot_size: acc=0.6078, drop=-0.0032, random=0.0006 -> FAIL
  sqft: acc=0.6084, drop=-0.0039, random=0.0006 -> FAIL

  ALL FEATURES:
  all_features: acc=0.5968, drop=0.0078

Saved results to: /home/anshulk/Housing/data/mp_results/llama-3.2-3b/layer_18/results.csv

============================================================
STEP 3: SELECTIVITY CONTROL
============================================================

--- SELECTIVITY CONTROL (MP) ---
[W] [16:46:21.361454] L-BFGS stopped, because the line search failed to advance (step delta = 0.000000)
  bedrooms: baseline=0.6026, erased=0.5968, recovered=0.6058 (155.6% recovery) -> PASS
  bathrooms: baseline=0.6026, erased=0.5747, recovered=0.6156 (146.5% recovery) -> PASS
  year_built: baseline=0.6026, erased=0.6006, recovered=0.6052 (100.0% recovery) -> PASS
  lot_size: baseline=0.6026, erased=0.6065, recovered=0.6071 (100.0% recovery) -> PASS
  sqft: baseline=0.6026, erased=0.6084, recovered=0.6058 (44.4% recovery) -> PASS

Saved selectivity to: /home/anshulk/Housing/data/mp_results/llama-3.2-3b/layer_18/selectivity.csv

============================================================
CORRECTNESS ANALYSIS
============================================================

Saved correctness analysis to: /home/anshulk/Housing/data/mp_results/llama-3.2-3b/layer_18/correctness.csv

============================================================
SUMMARY
============================================================

--- MP ---
Baseline accuracy: 0.6045
Random control drop: 0.0006

Feature verdicts:
  bedrooms:
    Probe: 0.7195715676728335
    Cosine sim: 0.9867474436759949
    Price drop: 0.0078
    Info control: PASS
    Selectivity: PASS (155.6%)
    Verdict: NOT_USED — bedrooms encoded but not used for pricing
  bathrooms:
    Probe: 0.7039922103213242
    Cosine sim: 0.9795846343040466
    Price drop: 0.0325
    Info control: PASS
    Selectivity: PASS (146.5%)
    Verdict: SIGNIFICANT — bathrooms has significant causal contribution to pricing
  year_built:
    Probe: 0.7341772151898734
    Cosine sim: 0.9609389305114746
    Price drop: 0.0045
    Info control: PASS
    Selectivity: PASS (100.0%)
    Verdict: NOT_USED — year_built encoded but not used for pricing
  lot_size:
    Probe: 0.629016553067186
    Cosine sim: 0.9680622220039368
    Price drop: -0.0032
    Info control: FAIL
    Selectivity: PASS (100.0%)
    Verdict: NOT_CAUSAL — Erasure of lot_size does not hurt more than random
  sqft:
    Probe: 0.6299902629016553
    Cosine sim: 0.9680622220039368
    Price drop: -0.0039
    Info control: FAIL
    Selectivity: PASS (44.4%)
    Verdict: NOT_CAUSAL — Erasure of sqft does not hurt more than random

Saved summary to: /home/anshulk/Housing/data/mp_results/llama-3.2-3b/layer_18/summary.json

============================================================
COMPLETE in 56s (0.9 min)
============================================================

>>> Llama layer 19 / 27
============================================================
AMNESIC PROBING WITH MP
============================================================
Model: llama-3.2-3b
Layer: 19
Methods: ['mp']
Features: ['bedrooms', 'bathrooms', 'year_built', 'lot_size', 'sqft']
Random controls: 10
GPU: True
============================================================

============================================================
LOADING DATA
============================================================
Loading activations from: /home/anshulk/Housing/data/activations/llama-3.2-3b_2_fewshot_cot_temp0_activations.npz
Activations shape: (5130, 28, 3072)
Feature columns: ['bathrooms_p1_more' 'bedrooms_p1_more' 'year_p1_newer' 'lot_p1_larger'
 'sqft_p1_larger' 'price_p1_higher']
Loading samples from: /home/anshulk/Housing/data/amnesic_samples/selected_samples_llama-3.2-3b_2_fewshot_cot_temp0.csv
Loaded 5130 samples
Using layer 19, shape: (5130, 3072)
Output dir: /home/anshulk/Housing/data/mp_results/llama-3.2-3b/layer_19

Feature label class balance:
  bedrooms: 30.29% positive
  bathrooms: 30.18% positive
  year_built: 46.63% positive
  lot_size: 48.44% positive
  sqft: 48.44% positive
Price labels: 48.03% have property 1 more expensive

============================================================
STEP 1: ERASURE + VERIFICATION
============================================================

============================================================
MP erasure for feature: bedrooms
============================================================
Samples: 5130 (train: 3590, val: 513, test: 1027)
Class balance: 30.17% positive
Pre-erasure probe accuracy: 0.743
Rank removed: 1
Post-erasure probe accuracy: 0.699 (target: ~0.50)
Cosine similarity (original vs erased): 0.9860

============================================================
MP erasure for feature: bathrooms
============================================================
Samples: 5130 (train: 3590, val: 513, test: 1027)
Class balance: 30.03% positive
Pre-erasure probe accuracy: 0.705
Rank removed: 1
Post-erasure probe accuracy: 0.703 (target: ~0.50)
Cosine similarity (original vs erased): 0.9787

============================================================
MP erasure for feature: year_built
============================================================
Samples: 5130 (train: 3590, val: 513, test: 1027)
Class balance: 46.82% positive
Pre-erasure probe accuracy: 0.746
Rank removed: 1
Post-erasure probe accuracy: 0.532 (target: ~0.50)
Cosine similarity (original vs erased): 0.9631

============================================================
MP erasure for feature: lot_size
============================================================
Samples: 5130 (train: 3590, val: 513, test: 1027)
Class balance: 48.05% positive
Pre-erasure probe accuracy: 0.627
Rank removed: 1
Post-erasure probe accuracy: 0.520 (target: ~0.50)
Cosine similarity (original vs erased): 0.9687

============================================================
MP erasure for feature: sqft
============================================================
Samples: 5130 (train: 3590, val: 513, test: 1027)
Class balance: 48.05% positive
Pre-erasure probe accuracy: 0.628
Rank removed: 1
Post-erasure probe accuracy: 0.520 (target: ~0.50)
Cosine similarity (original vs erased): 0.9687

Saved erasure info to: /home/anshulk/Housing/data/mp_results/llama-3.2-3b/layer_19/erasure_info.json

============================================================
STEP 2: INFORMATION CONTROL
============================================================

--- BASELINE ---
  Baseline: acc=0.6123, auc=0.6369

--- RANDOM CONTROLS (10 runs) ---
  Random control: mean drop=0.0017 +/- 0.0012

--- MP ---
  bedrooms: acc=0.5877, drop=0.0247, random=0.0017 -> PASS
  bathrooms: acc=0.5812, drop=0.0312, random=0.0017 -> PASS
  year_built: acc=0.5870, drop=0.0253, random=0.0017 -> PASS
  lot_size: acc=0.6078, drop=0.0045, random=0.0017 -> PASS
  sqft: acc=0.6091, drop=0.0032, random=0.0017 -> PASS

  ALL FEATURES:
  all_features: acc=0.5831, drop=0.0292

Saved results to: /home/anshulk/Housing/data/mp_results/llama-3.2-3b/layer_19/results.csv

============================================================
STEP 3: SELECTIVITY CONTROL
============================================================

--- SELECTIVITY CONTROL (MP) ---
  bedrooms: baseline=0.6123, erased=0.5890, recovered=0.6091 (86.1% recovery) -> PASS
  bathrooms: baseline=0.6123, erased=0.5805, recovered=0.6039 (73.5% recovery) -> PASS
  year_built: baseline=0.6123, erased=0.5883, recovered=0.6045 (67.6% recovery) -> PASS
  lot_size: baseline=0.6123, erased=0.6084, recovered=0.6078 (100.0% recovery) -> PASS
  sqft: baseline=0.6123, erased=0.6065, recovered=0.6065 (0.0% recovery) -> PASS

Saved selectivity to: /home/anshulk/Housing/data/mp_results/llama-3.2-3b/layer_19/selectivity.csv

============================================================
CORRECTNESS ANALYSIS
============================================================

Saved correctness analysis to: /home/anshulk/Housing/data/mp_results/llama-3.2-3b/layer_19/correctness.csv

============================================================
SUMMARY
============================================================

--- MP ---
Baseline accuracy: 0.6123
Random control drop: 0.0017

Feature verdicts:
  bedrooms:
    Probe: 0.7429406037000974
    Cosine sim: 0.986036479473114
    Price drop: 0.0247
    Info control: PASS
    Selectivity: PASS (86.1%)
    Verdict: MINOR — bedrooms has minor causal contribution to pricing
  bathrooms:
    Probe: 0.7049659201557936
    Cosine sim: 0.9786613583564758
    Price drop: 0.0312
    Info control: PASS
    Selectivity: PASS (73.5%)
    Verdict: SIGNIFICANT — bathrooms has significant causal contribution to pricing
  year_built:
    Probe: 0.7458617332035054
    Cosine sim: 0.9631310701370239
    Price drop: 0.0253
    Info control: PASS
    Selectivity: PASS (67.6%)
    Verdict: MINOR — year_built has minor causal contribution to pricing
  lot_size:
    Probe: 0.6270691333982473
    Cosine sim: 0.9686933159828186
    Price drop: 0.0045
    Info control: PASS
    Selectivity: PASS (100.0%)
    Verdict: NOT_USED — lot_size encoded but not used for pricing
  sqft:
    Probe: 0.6280428432327166
    Cosine sim: 0.9686933159828186
    Price drop: 0.0032
    Info control: PASS
    Selectivity: PASS (0.0%)
    Verdict: NOT_USED — sqft encoded but not used for pricing

Saved summary to: /home/anshulk/Housing/data/mp_results/llama-3.2-3b/layer_19/summary.json

============================================================
COMPLETE in 56s (0.9 min)
============================================================

>>> Llama layer 20 / 27
============================================================
AMNESIC PROBING WITH MP
============================================================
Model: llama-3.2-3b
Layer: 20
Methods: ['mp']
Features: ['bedrooms', 'bathrooms', 'year_built', 'lot_size', 'sqft']
Random controls: 10
GPU: True
============================================================

============================================================
LOADING DATA
============================================================
Loading activations from: /home/anshulk/Housing/data/activations/llama-3.2-3b_2_fewshot_cot_temp0_activations.npz
Activations shape: (5130, 28, 3072)
Feature columns: ['bathrooms_p1_more' 'bedrooms_p1_more' 'year_p1_newer' 'lot_p1_larger'
 'sqft_p1_larger' 'price_p1_higher']
Loading samples from: /home/anshulk/Housing/data/amnesic_samples/selected_samples_llama-3.2-3b_2_fewshot_cot_temp0.csv
Loaded 5130 samples
Using layer 20, shape: (5130, 3072)
Output dir: /home/anshulk/Housing/data/mp_results/llama-3.2-3b/layer_20

Feature label class balance:
  bedrooms: 30.29% positive
  bathrooms: 30.18% positive
  year_built: 46.63% positive
  lot_size: 48.44% positive
  sqft: 48.44% positive
Price labels: 48.03% have property 1 more expensive

============================================================
STEP 1: ERASURE + VERIFICATION
============================================================

============================================================
MP erasure for feature: bedrooms
============================================================
Samples: 5130 (train: 3590, val: 513, test: 1027)
Class balance: 30.17% positive
Pre-erasure probe accuracy: 0.759
Rank removed: 1
Post-erasure probe accuracy: 0.699 (target: ~0.50)
Cosine similarity (original vs erased): 0.9837

============================================================
MP erasure for feature: bathrooms
============================================================
Samples: 5130 (train: 3590, val: 513, test: 1027)
Class balance: 30.03% positive
Pre-erasure probe accuracy: 0.703
Rank removed: 1
Post-erasure probe accuracy: 0.703 (target: ~0.50)
Cosine similarity (original vs erased): 0.9783

============================================================
MP erasure for feature: year_built
============================================================
Samples: 5130 (train: 3590, val: 513, test: 1027)
Class balance: 46.82% positive
Pre-erasure probe accuracy: 0.758
Rank removed: 1
Post-erasure probe accuracy: 0.532 (target: ~0.50)
Cosine similarity (original vs erased): 0.9689

============================================================
MP erasure for feature: lot_size
============================================================
Samples: 5130 (train: 3590, val: 513, test: 1027)
Class balance: 48.05% positive
Pre-erasure probe accuracy: 0.641
Rank removed: 1
Post-erasure probe accuracy: 0.520 (target: ~0.50)
Cosine similarity (original vs erased): 0.9736

============================================================
MP erasure for feature: sqft
============================================================
Samples: 5130 (train: 3590, val: 513, test: 1027)
Class balance: 48.05% positive
Pre-erasure probe accuracy: 0.642
Rank removed: 1
Post-erasure probe accuracy: 0.520 (target: ~0.50)
Cosine similarity (original vs erased): 0.9736

Saved erasure info to: /home/anshulk/Housing/data/mp_results/llama-3.2-3b/layer_20/erasure_info.json

============================================================
STEP 2: INFORMATION CONTROL
============================================================

--- BASELINE ---
  Baseline: acc=0.6019, auc=0.6379

--- RANDOM CONTROLS (10 runs) ---
  Random control: mean drop=0.0004 +/- 0.0019

--- MP ---
  bedrooms: acc=0.5922, drop=0.0097, random=0.0004 -> PASS
  bathrooms: acc=0.5753, drop=0.0266, random=0.0004 -> PASS
  year_built: acc=0.5909, drop=0.0110, random=0.0004 -> PASS
  lot_size: acc=0.5974, drop=0.0045, random=0.0004 -> PASS
  sqft: acc=0.5968, drop=0.0052, random=0.0004 -> PASS

  ALL FEATURES:
  all_features: acc=0.5948, drop=0.0071

Saved results to: /home/anshulk/Housing/data/mp_results/llama-3.2-3b/layer_20/results.csv

============================================================
STEP 3: SELECTIVITY CONTROL
============================================================

--- SELECTIVITY CONTROL (MP) ---
  bedrooms: baseline=0.6000, erased=0.5922, recovered=0.6052 (166.7% recovery) -> PASS
  bathrooms: baseline=0.6000, erased=0.5747, recovered=0.6182 (171.8% recovery) -> PASS
  year_built: baseline=0.6000, erased=0.5929, recovered=0.6000 (100.0% recovery) -> PASS
  lot_size: baseline=0.6000, erased=0.5974, recovered=0.6000 (100.0% recovery) -> PASS
  sqft: baseline=0.6000, erased=0.5968, recovered=0.6000 (100.0% recovery) -> PASS

Saved selectivity to: /home/anshulk/Housing/data/mp_results/llama-3.2-3b/layer_20/selectivity.csv

============================================================
CORRECTNESS ANALYSIS
============================================================

Saved correctness analysis to: /home/anshulk/Housing/data/mp_results/llama-3.2-3b/layer_20/correctness.csv

============================================================
SUMMARY
============================================================

--- MP ---
Baseline accuracy: 0.6019
Random control drop: 0.0004

Feature verdicts:
  bedrooms:
    Probe: 0.7585199610516066
    Cosine sim: 0.983734130859375
    Price drop: 0.0097
    Info control: PASS
    Selectivity: PASS (166.7%)
    Verdict: NOT_USED — bedrooms encoded but not used for pricing
  bathrooms:
    Probe: 0.7030185004868549
    Cosine sim: 0.9783342480659485
    Price drop: 0.0266
    Info control: PASS
    Selectivity: PASS (171.8%)
    Verdict: MINOR — bathrooms has minor causal contribution to pricing
  year_built:
    Probe: 0.7575462512171373
    Cosine sim: 0.9689105749130249
    Price drop: 0.0110
    Info control: PASS
    Selectivity: PASS (100.0%)
    Verdict: MINOR — year_built has minor causal contribution to pricing
  lot_size:
    Probe: 0.6407010710808179
    Cosine sim: 0.9736226201057434
    Price drop: 0.0045
    Info control: PASS
    Selectivity: PASS (100.0%)
    Verdict: NOT_USED — lot_size encoded but not used for pricing
  sqft:
    Probe: 0.6416747809152873
    Cosine sim: 0.9736226201057434
    Price drop: 0.0052
    Info control: PASS
    Selectivity: PASS (100.0%)
    Verdict: NOT_USED — sqft encoded but not used for pricing

Saved summary to: /home/anshulk/Housing/data/mp_results/llama-3.2-3b/layer_20/summary.json

============================================================
COMPLETE in 56s (0.9 min)
============================================================

>>> Llama layer 21 / 27
============================================================
AMNESIC PROBING WITH MP
============================================================
Model: llama-3.2-3b
Layer: 21
Methods: ['mp']
Features: ['bedrooms', 'bathrooms', 'year_built', 'lot_size', 'sqft']
Random controls: 10
GPU: True
============================================================

============================================================
LOADING DATA
============================================================
Loading activations from: /home/anshulk/Housing/data/activations/llama-3.2-3b_2_fewshot_cot_temp0_activations.npz
Activations shape: (5130, 28, 3072)
Feature columns: ['bathrooms_p1_more' 'bedrooms_p1_more' 'year_p1_newer' 'lot_p1_larger'
 'sqft_p1_larger' 'price_p1_higher']
Loading samples from: /home/anshulk/Housing/data/amnesic_samples/selected_samples_llama-3.2-3b_2_fewshot_cot_temp0.csv
Loaded 5130 samples
Using layer 21, shape: (5130, 3072)
Output dir: /home/anshulk/Housing/data/mp_results/llama-3.2-3b/layer_21

Feature label class balance:
  bedrooms: 30.29% positive
  bathrooms: 30.18% positive
  year_built: 46.63% positive
  lot_size: 48.44% positive
  sqft: 48.44% positive
Price labels: 48.03% have property 1 more expensive

============================================================
STEP 1: ERASURE + VERIFICATION
============================================================

============================================================
MP erasure for feature: bedrooms
============================================================
Samples: 5130 (train: 3590, val: 513, test: 1027)
Class balance: 30.17% positive
Pre-erasure probe accuracy: 0.760
Rank removed: 1
Post-erasure probe accuracy: 0.699 (target: ~0.50)
Cosine similarity (original vs erased): 0.9828

============================================================
MP erasure for feature: bathrooms
============================================================
Samples: 5130 (train: 3590, val: 513, test: 1027)
Class balance: 30.03% positive
Pre-erasure probe accuracy: 0.701
Rank removed: 1
Post-erasure probe accuracy: 0.703 (target: ~0.50)
Cosine similarity (original vs erased): 0.9753

============================================================
MP erasure for feature: year_built
============================================================
Samples: 5130 (train: 3590, val: 513, test: 1027)
Class balance: 46.82% positive
Pre-erasure probe accuracy: 0.758
Rank removed: 1
Post-erasure probe accuracy: 0.532 (target: ~0.50)
Cosine similarity (original vs erased): 0.9695

============================================================
MP erasure for feature: lot_size
============================================================
Samples: 5130 (train: 3590, val: 513, test: 1027)
Class balance: 48.05% positive
Pre-erasure probe accuracy: 0.650
Rank removed: 1
Post-erasure probe accuracy: 0.520 (target: ~0.50)
Cosine similarity (original vs erased): 0.9725

============================================================
MP erasure for feature: sqft
============================================================
Samples: 5130 (train: 3590, val: 513, test: 1027)
Class balance: 48.05% positive
Pre-erasure probe accuracy: 0.650
Rank removed: 1
Post-erasure probe accuracy: 0.520 (target: ~0.50)
Cosine similarity (original vs erased): 0.9725

Saved erasure info to: /home/anshulk/Housing/data/mp_results/llama-3.2-3b/layer_21/erasure_info.json

============================================================
STEP 2: INFORMATION CONTROL
============================================================

--- BASELINE ---
  Baseline: acc=0.6039, auc=0.6317

--- RANDOM CONTROLS (10 runs) ---
[W] [16:49:08.128425] L-BFGS stopped, because the line search failed to advance (step delta = 0.000000)
  Random control: mean drop=0.0008 +/- 0.0009

--- MP ---
  bedrooms: acc=0.5948, drop=0.0091, random=0.0008 -> PASS
  bathrooms: acc=0.5779, drop=0.0260, random=0.0008 -> PASS
  year_built: acc=0.5929, drop=0.0110, random=0.0008 -> PASS
  lot_size: acc=0.6110, drop=-0.0071, random=0.0008 -> FAIL
  sqft: acc=0.6091, drop=-0.0052, random=0.0008 -> FAIL

  ALL FEATURES:
  all_features: acc=0.5987, drop=0.0052

Saved results to: /home/anshulk/Housing/data/mp_results/llama-3.2-3b/layer_21/results.csv

============================================================
STEP 3: SELECTIVITY CONTROL
============================================================

--- SELECTIVITY CONTROL (MP) ---
  bedrooms: baseline=0.6032, erased=0.5961, recovered=0.5968 (9.1% recovery) -> PASS
  bathrooms: baseline=0.6032, erased=0.5799, recovered=0.6123 (138.9% recovery) -> PASS
  year_built: baseline=0.6032, erased=0.5948, recovered=0.6000 (61.5% recovery) -> PASS
  lot_size: baseline=0.6032, erased=0.6104, recovered=0.5987 (163.6% recovery) -> PASS
  sqft: baseline=0.6032, erased=0.6097, recovered=0.5974 (190.0% recovery) -> PASS

Saved selectivity to: /home/anshulk/Housing/data/mp_results/llama-3.2-3b/layer_21/selectivity.csv

============================================================
CORRECTNESS ANALYSIS
============================================================

Saved correctness analysis to: /home/anshulk/Housing/data/mp_results/llama-3.2-3b/layer_21/correctness.csv

============================================================
SUMMARY
============================================================

--- MP ---
Baseline accuracy: 0.6039
Random control drop: 0.0008

Feature verdicts:
  bedrooms:
    Probe: 0.7604673807205453
    Cosine sim: 0.982830286026001
    Price drop: 0.0091
    Info control: PASS
    Selectivity: PASS (9.1%)
    Verdict: NOT_USED — bedrooms encoded but not used for pricing
  bathrooms:
    Probe: 0.7010710808179162
    Cosine sim: 0.9753304123878479
    Price drop: 0.0260
    Info control: PASS
    Selectivity: PASS (138.9%)
    Verdict: MINOR — bathrooms has minor causal contribution to pricing
  year_built:
    Probe: 0.7575462512171373
    Cosine sim: 0.9694526791572571
    Price drop: 0.0110
    Info control: PASS
    Selectivity: PASS (61.5%)
    Verdict: MINOR — year_built has minor causal contribution to pricing
  lot_size:
    Probe: 0.6504381694255112
    Cosine sim: 0.972488522529602
    Price drop: -0.0071
    Info control: FAIL
    Selectivity: PASS (163.6%)
    Verdict: NOT_CAUSAL — Erasure of lot_size does not hurt more than random
  sqft:
    Probe: 0.6504381694255112
    Cosine sim: 0.972488522529602
    Price drop: -0.0052
    Info control: FAIL
    Selectivity: PASS (190.0%)
    Verdict: NOT_CAUSAL — Erasure of sqft does not hurt more than random

Saved summary to: /home/anshulk/Housing/data/mp_results/llama-3.2-3b/layer_21/summary.json

============================================================
COMPLETE in 55s (0.9 min)
============================================================

>>> Llama layer 22 / 27
============================================================
AMNESIC PROBING WITH MP
============================================================
Model: llama-3.2-3b
Layer: 22
Methods: ['mp']
Features: ['bedrooms', 'bathrooms', 'year_built', 'lot_size', 'sqft']
Random controls: 10
GPU: True
============================================================

============================================================
LOADING DATA
============================================================
Loading activations from: /home/anshulk/Housing/data/activations/llama-3.2-3b_2_fewshot_cot_temp0_activations.npz
Activations shape: (5130, 28, 3072)
Feature columns: ['bathrooms_p1_more' 'bedrooms_p1_more' 'year_p1_newer' 'lot_p1_larger'
 'sqft_p1_larger' 'price_p1_higher']
Loading samples from: /home/anshulk/Housing/data/amnesic_samples/selected_samples_llama-3.2-3b_2_fewshot_cot_temp0.csv
Loaded 5130 samples
Using layer 22, shape: (5130, 3072)
Output dir: /home/anshulk/Housing/data/mp_results/llama-3.2-3b/layer_22

Feature label class balance:
  bedrooms: 30.29% positive
  bathrooms: 30.18% positive
  year_built: 46.63% positive
  lot_size: 48.44% positive
  sqft: 48.44% positive
Price labels: 48.03% have property 1 more expensive

============================================================
STEP 1: ERASURE + VERIFICATION
============================================================

============================================================
MP erasure for feature: bedrooms
============================================================
Samples: 5130 (train: 3590, val: 513, test: 1027)
Class balance: 30.17% positive
Pre-erasure probe accuracy: 0.773
Rank removed: 1
Post-erasure probe accuracy: 0.699 (target: ~0.50)
Cosine similarity (original vs erased): 0.9836

============================================================
MP erasure for feature: bathrooms
============================================================
Samples: 5130 (train: 3590, val: 513, test: 1027)
Class balance: 30.03% positive
Pre-erasure probe accuracy: 0.701
Rank removed: 1
Post-erasure probe accuracy: 0.703 (target: ~0.50)
Cosine similarity (original vs erased): 0.9753

============================================================
MP erasure for feature: year_built
============================================================
Samples: 5130 (train: 3590, val: 513, test: 1027)
Class balance: 46.82% positive
Pre-erasure probe accuracy: 0.773
Rank removed: 1
Post-erasure probe accuracy: 0.532 (target: ~0.50)
Cosine similarity (original vs erased): 0.9653

============================================================
MP erasure for feature: lot_size
============================================================
Samples: 5130 (train: 3590, val: 513, test: 1027)
Class balance: 48.05% positive
Pre-erasure probe accuracy: 0.658
Rank removed: 1
Post-erasure probe accuracy: 0.520 (target: ~0.50)
Cosine similarity (original vs erased): 0.9738

============================================================
MP erasure for feature: sqft
============================================================
Samples: 5130 (train: 3590, val: 513, test: 1027)
Class balance: 48.05% positive
Pre-erasure probe accuracy: 0.660
Rank removed: 1
Post-erasure probe accuracy: 0.520 (target: ~0.50)
Cosine similarity (original vs erased): 0.9738

Saved erasure info to: /home/anshulk/Housing/data/mp_results/llama-3.2-3b/layer_22/erasure_info.json

============================================================
STEP 2: INFORMATION CONTROL
============================================================

--- BASELINE ---
  Baseline: acc=0.5974, auc=0.6356

--- RANDOM CONTROLS (10 runs) ---
  Random control: mean drop=0.0001 +/- 0.0012

--- MP ---
  bedrooms: acc=0.5987, drop=-0.0013, random=0.0001 -> FAIL
  bathrooms: acc=0.5747, drop=0.0227, random=0.0001 -> PASS
  year_built: acc=0.5968, drop=0.0006, random=0.0001 -> FAIL
  lot_size: acc=0.5981, drop=-0.0006, random=0.0001 -> FAIL
  sqft: acc=0.5987, drop=-0.0013, random=0.0001 -> FAIL

  ALL FEATURES:
  all_features: acc=0.5981, drop=-0.0006

Saved results to: /home/anshulk/Housing/data/mp_results/llama-3.2-3b/layer_22/results.csv

============================================================
STEP 3: SELECTIVITY CONTROL
============================================================

--- SELECTIVITY CONTROL (MP) ---
  bedrooms: baseline=0.5961, erased=0.5981, recovered=0.5955 (100.0% recovery) -> PASS
  bathrooms: baseline=0.5961, erased=0.5753, recovered=0.6169 (200.0% recovery) -> PASS
  year_built: baseline=0.5961, erased=0.5974, recovered=0.5890 (100.0% recovery) -> PASS
  lot_size: baseline=0.5961, erased=0.5981, recovered=0.5896 (100.0% recovery) -> PASS
  sqft: baseline=0.5961, erased=0.5987, recovered=0.5916 (100.0% recovery) -> PASS

Saved selectivity to: /home/anshulk/Housing/data/mp_results/llama-3.2-3b/layer_22/selectivity.csv

============================================================
CORRECTNESS ANALYSIS
============================================================

Saved correctness analysis to: /home/anshulk/Housing/data/mp_results/llama-3.2-3b/layer_22/correctness.csv

============================================================
SUMMARY
============================================================

--- MP ---
Baseline accuracy: 0.5974
Random control drop: 0.0001

Feature verdicts:
  bedrooms:
    Probe: 0.7731256085686465
    Cosine sim: 0.983629047870636
    Price drop: -0.0013
    Info control: FAIL
    Selectivity: PASS (100.0%)
    Verdict: NOT_CAUSAL — Erasure of bedrooms does not hurt more than random
  bathrooms:
    Probe: 0.7010710808179162
    Cosine sim: 0.9752984642982483
    Price drop: 0.0227
    Info control: PASS
    Selectivity: PASS (200.0%)
    Verdict: MINOR — bathrooms has minor causal contribution to pricing
  year_built:
    Probe: 0.7731256085686465
    Cosine sim: 0.9652888178825378
    Price drop: 0.0006
    Info control: FAIL
    Selectivity: PASS (100.0%)
    Verdict: NOT_CAUSAL — Erasure of year_built does not hurt more than random
  lot_size:
    Probe: 0.6582278481012658
    Cosine sim: 0.9737767577171326
    Price drop: -0.0006
    Info control: FAIL
    Selectivity: PASS (100.0%)
    Verdict: NOT_CAUSAL — Erasure of lot_size does not hurt more than random
  sqft:
    Probe: 0.6601752677702045
    Cosine sim: 0.9737767577171326
    Price drop: -0.0013
    Info control: FAIL
    Selectivity: PASS (100.0%)
    Verdict: NOT_CAUSAL — Erasure of sqft does not hurt more than random

Saved summary to: /home/anshulk/Housing/data/mp_results/llama-3.2-3b/layer_22/summary.json

============================================================
COMPLETE in 55s (0.9 min)
============================================================

>>> Llama layer 23 / 27
============================================================
AMNESIC PROBING WITH MP
============================================================
Model: llama-3.2-3b
Layer: 23
Methods: ['mp']
Features: ['bedrooms', 'bathrooms', 'year_built', 'lot_size', 'sqft']
Random controls: 10
GPU: True
============================================================

============================================================
LOADING DATA
============================================================
Loading activations from: /home/anshulk/Housing/data/activations/llama-3.2-3b_2_fewshot_cot_temp0_activations.npz
Activations shape: (5130, 28, 3072)
Feature columns: ['bathrooms_p1_more' 'bedrooms_p1_more' 'year_p1_newer' 'lot_p1_larger'
 'sqft_p1_larger' 'price_p1_higher']
Loading samples from: /home/anshulk/Housing/data/amnesic_samples/selected_samples_llama-3.2-3b_2_fewshot_cot_temp0.csv
Loaded 5130 samples
Using layer 23, shape: (5130, 3072)
Output dir: /home/anshulk/Housing/data/mp_results/llama-3.2-3b/layer_23

Feature label class balance:
  bedrooms: 30.29% positive
  bathrooms: 30.18% positive
  year_built: 46.63% positive
  lot_size: 48.44% positive
  sqft: 48.44% positive
Price labels: 48.03% have property 1 more expensive

============================================================
STEP 1: ERASURE + VERIFICATION
============================================================

============================================================
MP erasure for feature: bedrooms
============================================================
Samples: 5130 (train: 3590, val: 513, test: 1027)
Class balance: 30.17% positive
Pre-erasure probe accuracy: 0.793
Rank removed: 1
Post-erasure probe accuracy: 0.699 (target: ~0.50)
Cosine similarity (original vs erased): 0.9842

============================================================
MP erasure for feature: bathrooms
============================================================
Samples: 5130 (train: 3590, val: 513, test: 1027)
Class balance: 30.03% positive
Pre-erasure probe accuracy: 0.705
Rank removed: 1
Post-erasure probe accuracy: 0.703 (target: ~0.50)
Cosine similarity (original vs erased): 0.9753

============================================================
MP erasure for feature: year_built
============================================================
Samples: 5130 (train: 3590, val: 513, test: 1027)
Class balance: 46.82% positive
Pre-erasure probe accuracy: 0.808
Rank removed: 1
Post-erasure probe accuracy: 0.532 (target: ~0.50)
Cosine similarity (original vs erased): 0.9678

============================================================
MP erasure for feature: lot_size
============================================================
Samples: 5130 (train: 3590, val: 513, test: 1027)
Class balance: 48.05% positive
Pre-erasure probe accuracy: 0.661
Rank removed: 1
Post-erasure probe accuracy: 0.520 (target: ~0.50)
Cosine similarity (original vs erased): 0.9759

============================================================
MP erasure for feature: sqft
============================================================
Samples: 5130 (train: 3590, val: 513, test: 1027)
Class balance: 48.05% positive
Pre-erasure probe accuracy: 0.663
Rank removed: 1
Post-erasure probe accuracy: 0.520 (target: ~0.50)
Cosine similarity (original vs erased): 0.9759

Saved erasure info to: /home/anshulk/Housing/data/mp_results/llama-3.2-3b/layer_23/erasure_info.json

============================================================
STEP 2: INFORMATION CONTROL
============================================================

--- BASELINE ---
  Baseline: acc=0.6013, auc=0.6431

--- RANDOM CONTROLS (10 runs) ---
  Random control: mean drop=-0.0006 +/- 0.0006

--- MP ---
  bedrooms: acc=0.5909, drop=0.0104, random=-0.0006 -> PASS
  bathrooms: acc=0.5838, drop=0.0175, random=-0.0006 -> PASS
  year_built: acc=0.6065, drop=-0.0052, random=-0.0006 -> FAIL
  lot_size: acc=0.6039, drop=-0.0026, random=-0.0006 -> FAIL
  sqft: acc=0.6039, drop=-0.0026, random=-0.0006 -> FAIL

  ALL FEATURES:
  all_features: acc=0.5942, drop=0.0071

Saved results to: /home/anshulk/Housing/data/mp_results/llama-3.2-3b/layer_23/results.csv

============================================================
STEP 3: SELECTIVITY CONTROL
============================================================

--- SELECTIVITY CONTROL (MP) ---
  bedrooms: baseline=0.6032, erased=0.5903, recovered=0.6130 (175.0% recovery) -> PASS
  bathrooms: baseline=0.6032, erased=0.5877, recovered=0.6169 (187.5% recovery) -> PASS
  year_built: baseline=0.6032, erased=0.6039, recovered=0.6045 (100.0% recovery) -> PASS
  lot_size: baseline=0.6032, erased=0.6032, recovered=0.6071 (100.0% recovery) -> PASS
  sqft: baseline=0.6032, erased=0.6045, recovered=0.6084 (100.0% recovery) -> PASS

Saved selectivity to: /home/anshulk/Housing/data/mp_results/llama-3.2-3b/layer_23/selectivity.csv

============================================================
CORRECTNESS ANALYSIS
============================================================
[W] [16:51:27.058295] L-BFGS stopped, because the line search failed to advance (step delta = 0.000000)

Saved correctness analysis to: /home/anshulk/Housing/data/mp_results/llama-3.2-3b/layer_23/correctness.csv

============================================================
SUMMARY
============================================================

--- MP ---
Baseline accuracy: 0.6013
Random control drop: -0.0006

Feature verdicts:
  bedrooms:
    Probe: 0.7925998052580331
    Cosine sim: 0.9842194318771362
    Price drop: 0.0104
    Info control: PASS
    Selectivity: PASS (175.0%)
    Verdict: MINOR — bedrooms has minor causal contribution to pricing
  bathrooms:
    Probe: 0.7049659201557936
    Cosine sim: 0.9752896428108215
    Price drop: 0.0175
    Info control: PASS
    Selectivity: PASS (187.5%)
    Verdict: MINOR — bathrooms has minor causal contribution to pricing
  year_built:
    Probe: 0.8081791626095424
    Cosine sim: 0.9677532315254211
    Price drop: -0.0052
    Info control: FAIL
    Selectivity: PASS (100.0%)
    Verdict: NOT_CAUSAL — Erasure of year_built does not hurt more than random
  lot_size:
    Probe: 0.6611489776046738
    Cosine sim: 0.9758965969085693
    Price drop: -0.0026
    Info control: FAIL
    Selectivity: PASS (100.0%)
    Verdict: NOT_CAUSAL — Erasure of lot_size does not hurt more than random
  sqft:
    Probe: 0.6630963972736125
    Cosine sim: 0.9758965969085693
    Price drop: -0.0026
    Info control: FAIL
    Selectivity: PASS (100.0%)
    Verdict: NOT_CAUSAL — Erasure of sqft does not hurt more than random

Saved summary to: /home/anshulk/Housing/data/mp_results/llama-3.2-3b/layer_23/summary.json

============================================================
COMPLETE in 56s (0.9 min)
============================================================

>>> Llama layer 24 / 27
============================================================
AMNESIC PROBING WITH MP
============================================================
Model: llama-3.2-3b
Layer: 24
Methods: ['mp']
Features: ['bedrooms', 'bathrooms', 'year_built', 'lot_size', 'sqft']
Random controls: 10
GPU: True
============================================================

============================================================
LOADING DATA
============================================================
Loading activations from: /home/anshulk/Housing/data/activations/llama-3.2-3b_2_fewshot_cot_temp0_activations.npz
Activations shape: (5130, 28, 3072)
Feature columns: ['bathrooms_p1_more' 'bedrooms_p1_more' 'year_p1_newer' 'lot_p1_larger'
 'sqft_p1_larger' 'price_p1_higher']
Loading samples from: /home/anshulk/Housing/data/amnesic_samples/selected_samples_llama-3.2-3b_2_fewshot_cot_temp0.csv
Loaded 5130 samples
Using layer 24, shape: (5130, 3072)
Output dir: /home/anshulk/Housing/data/mp_results/llama-3.2-3b/layer_24

Feature label class balance:
  bedrooms: 30.29% positive
  bathrooms: 30.18% positive
  year_built: 46.63% positive
  lot_size: 48.44% positive
  sqft: 48.44% positive
Price labels: 48.03% have property 1 more expensive

============================================================
STEP 1: ERASURE + VERIFICATION
============================================================

============================================================
MP erasure for feature: bedrooms
============================================================
Samples: 5130 (train: 3590, val: 513, test: 1027)
Class balance: 30.17% positive
Pre-erasure probe accuracy: 0.804
Rank removed: 1
Post-erasure probe accuracy: 0.699 (target: ~0.50)
Cosine similarity (original vs erased): 0.9858

============================================================
MP erasure for feature: bathrooms
============================================================
Samples: 5130 (train: 3590, val: 513, test: 1027)
Class balance: 30.03% positive
Pre-erasure probe accuracy: 0.721
Rank removed: 1
Post-erasure probe accuracy: 0.703 (target: ~0.50)
Cosine similarity (original vs erased): 0.9745

============================================================
MP erasure for feature: year_built
============================================================
Samples: 5130 (train: 3590, val: 513, test: 1027)
Class balance: 46.82% positive
Pre-erasure probe accuracy: 0.819
Rank removed: 1
Post-erasure probe accuracy: 0.532 (target: ~0.50)
Cosine similarity (original vs erased): 0.9702

============================================================
MP erasure for feature: lot_size
============================================================
Samples: 5130 (train: 3590, val: 513, test: 1027)
Class balance: 48.05% positive
Pre-erasure probe accuracy: 0.674
Rank removed: 1
Post-erasure probe accuracy: 0.520 (target: ~0.50)
Cosine similarity (original vs erased): 0.9744

============================================================
MP erasure for feature: sqft
============================================================
Samples: 5130 (train: 3590, val: 513, test: 1027)
Class balance: 48.05% positive
Pre-erasure probe accuracy: 0.673
Rank removed: 1
Post-erasure probe accuracy: 0.520 (target: ~0.50)
Cosine similarity (original vs erased): 0.9744

Saved erasure info to: /home/anshulk/Housing/data/mp_results/llama-3.2-3b/layer_24/erasure_info.json

============================================================
STEP 2: INFORMATION CONTROL
============================================================

--- BASELINE ---
  Baseline: acc=0.6123, auc=0.6464

--- RANDOM CONTROLS (10 runs) ---
[W] [16:51:59.170516] L-BFGS stopped, because the line search failed to advance (step delta = 0.000000)
  Random control: mean drop=0.0003 +/- 0.0014

--- MP ---
  bedrooms: acc=0.5994, drop=0.0130, random=0.0003 -> PASS
  bathrooms: acc=0.5935, drop=0.0188, random=0.0003 -> PASS
  year_built: acc=0.6019, drop=0.0104, random=0.0003 -> PASS
  lot_size: acc=0.6110, drop=0.0013, random=0.0003 -> FAIL
  sqft: acc=0.6117, drop=0.0006, random=0.0003 -> FAIL

  ALL FEATURES:
  all_features: acc=0.6026, drop=0.0097

Saved results to: /home/anshulk/Housing/data/mp_results/llama-3.2-3b/layer_24/results.csv

============================================================
STEP 3: SELECTIVITY CONTROL
============================================================

--- SELECTIVITY CONTROL (MP) ---
  bedrooms: baseline=0.6136, erased=0.5987, recovered=0.6078 (60.9% recovery) -> PASS
  bathrooms: baseline=0.6136, erased=0.5942, recovered=0.6156 (110.0% recovery) -> PASS
  year_built: baseline=0.6136, erased=0.5994, recovered=0.6104 (77.3% recovery) -> PASS
  lot_size: baseline=0.6136, erased=0.6110, recovered=0.6188 (100.0% recovery) -> PASS
  sqft: baseline=0.6136, erased=0.6104, recovered=0.6195 (100.0% recovery) -> PASS

Saved selectivity to: /home/anshulk/Housing/data/mp_results/llama-3.2-3b/layer_24/selectivity.csv

============================================================
CORRECTNESS ANALYSIS
============================================================

Saved correctness analysis to: /home/anshulk/Housing/data/mp_results/llama-3.2-3b/layer_24/correctness.csv

============================================================
SUMMARY
============================================================

--- MP ---
Baseline accuracy: 0.6123
Random control drop: 0.0003

Feature verdicts:
  bedrooms:
    Probe: 0.804284323271665
    Cosine sim: 0.9858471751213074
    Price drop: 0.0130
    Info control: PASS
    Selectivity: PASS (60.9%)
    Verdict: MINOR — bedrooms has minor causal contribution to pricing
  bathrooms:
    Probe: 0.7205452775073028
    Cosine sim: 0.9744639992713928
    Price drop: 0.0188
    Info control: PASS
    Selectivity: PASS (110.0%)
    Verdict: MINOR — bathrooms has minor causal contribution to pricing
  year_built:
    Probe: 0.818889970788705
    Cosine sim: 0.9701772332191467
    Price drop: 0.0104
    Info control: PASS
    Selectivity: PASS (77.3%)
    Verdict: MINOR — year_built has minor causal contribution to pricing
  lot_size:
    Probe: 0.6738072054527751
    Cosine sim: 0.9744006395339966
    Price drop: 0.0013
    Info control: FAIL
    Selectivity: PASS (100.0%)
    Verdict: NOT_CAUSAL — Erasure of lot_size does not hurt more than random
  sqft:
    Probe: 0.6728334956183057
    Cosine sim: 0.9744006395339966
    Price drop: 0.0006
    Info control: FAIL
    Selectivity: PASS (100.0%)
    Verdict: NOT_CAUSAL — Erasure of sqft does not hurt more than random

Saved summary to: /home/anshulk/Housing/data/mp_results/llama-3.2-3b/layer_24/summary.json

============================================================
COMPLETE in 56s (0.9 min)
============================================================

>>> Llama layer 25 / 27
============================================================
AMNESIC PROBING WITH MP
============================================================
Model: llama-3.2-3b
Layer: 25
Methods: ['mp']
Features: ['bedrooms', 'bathrooms', 'year_built', 'lot_size', 'sqft']
Random controls: 10
GPU: True
============================================================

============================================================
LOADING DATA
============================================================
Loading activations from: /home/anshulk/Housing/data/activations/llama-3.2-3b_2_fewshot_cot_temp0_activations.npz
Activations shape: (5130, 28, 3072)
Feature columns: ['bathrooms_p1_more' 'bedrooms_p1_more' 'year_p1_newer' 'lot_p1_larger'
 'sqft_p1_larger' 'price_p1_higher']
Loading samples from: /home/anshulk/Housing/data/amnesic_samples/selected_samples_llama-3.2-3b_2_fewshot_cot_temp0.csv
Loaded 5130 samples
Using layer 25, shape: (5130, 3072)
Output dir: /home/anshulk/Housing/data/mp_results/llama-3.2-3b/layer_25

Feature label class balance:
  bedrooms: 30.29% positive
  bathrooms: 30.18% positive
  year_built: 46.63% positive
  lot_size: 48.44% positive
  sqft: 48.44% positive
Price labels: 48.03% have property 1 more expensive

============================================================
STEP 1: ERASURE + VERIFICATION
============================================================

============================================================
MP erasure for feature: bedrooms
============================================================
Samples: 5130 (train: 3590, val: 513, test: 1027)
Class balance: 30.17% positive
Pre-erasure probe accuracy: 0.819
Rank removed: 1
Post-erasure probe accuracy: 0.699 (target: ~0.50)
Cosine similarity (original vs erased): 0.9851

============================================================
MP erasure for feature: bathrooms
============================================================
Samples: 5130 (train: 3590, val: 513, test: 1027)
Class balance: 30.03% positive
Pre-erasure probe accuracy: 0.734
Rank removed: 1
Post-erasure probe accuracy: 0.703 (target: ~0.50)
Cosine similarity (original vs erased): 0.9742

============================================================
MP erasure for feature: year_built
============================================================
Samples: 5130 (train: 3590, val: 513, test: 1027)
Class balance: 46.82% positive
Pre-erasure probe accuracy: 0.850
Rank removed: 1
Post-erasure probe accuracy: 0.532 (target: ~0.50)
Cosine similarity (original vs erased): 0.9709

============================================================
MP erasure for feature: lot_size
============================================================
Samples: 5130 (train: 3590, val: 513, test: 1027)
Class balance: 48.05% positive
Pre-erasure probe accuracy: 0.683
Rank removed: 1
Post-erasure probe accuracy: 0.520 (target: ~0.50)
Cosine similarity (original vs erased): 0.9758

============================================================
MP erasure for feature: sqft
============================================================
Samples: 5130 (train: 3590, val: 513, test: 1027)
Class balance: 48.05% positive
Pre-erasure probe accuracy: 0.683
Rank removed: 1
Post-erasure probe accuracy: 0.520 (target: ~0.50)
Cosine similarity (original vs erased): 0.9758

Saved erasure info to: /home/anshulk/Housing/data/mp_results/llama-3.2-3b/layer_25/erasure_info.json

============================================================
STEP 2: INFORMATION CONTROL
============================================================

--- BASELINE ---
  Baseline: acc=0.6110, auc=0.6421

--- RANDOM CONTROLS (10 runs) ---
  Random control: mean drop=-0.0009 +/- 0.0010

--- MP ---
  bedrooms: acc=0.5961, drop=0.0149, random=-0.0009 -> PASS
  bathrooms: acc=0.5948, drop=0.0162, random=-0.0009 -> PASS
  year_built: acc=0.5935, drop=0.0175, random=-0.0009 -> PASS
  lot_size: acc=0.6143, drop=-0.0032, random=-0.0009 -> FAIL
  sqft: acc=0.6143, drop=-0.0032, random=-0.0009 -> FAIL

  ALL FEATURES:
  all_features: acc=0.6052, drop=0.0058

Saved results to: /home/anshulk/Housing/data/mp_results/llama-3.2-3b/layer_25/results.csv

============================================================
STEP 3: SELECTIVITY CONTROL
============================================================

--- SELECTIVITY CONTROL (MP) ---
  bedrooms: baseline=0.6123, erased=0.5961, recovered=0.5948 (0.0% recovery) -> PASS
  bathrooms: baseline=0.6123, erased=0.5955, recovered=0.6097 (84.6% recovery) -> PASS
  year_built: baseline=0.6123, erased=0.5922, recovered=0.6065 (71.0% recovery) -> PASS
  lot_size: baseline=0.6123, erased=0.6130, recovered=0.6104 (100.0% recovery) -> PASS
  sqft: baseline=0.6123, erased=0.6130, recovered=0.6084 (100.0% recovery) -> PASS

Saved selectivity to: /home/anshulk/Housing/data/mp_results/llama-3.2-3b/layer_25/selectivity.csv

============================================================
CORRECTNESS ANALYSIS
============================================================

Saved correctness analysis to: /home/anshulk/Housing/data/mp_results/llama-3.2-3b/layer_25/correctness.csv

============================================================
SUMMARY
============================================================

--- MP ---
Baseline accuracy: 0.6110
Random control drop: -0.0009

Feature verdicts:
  bedrooms:
    Probe: 0.818889970788705
    Cosine sim: 0.9851406812667847
    Price drop: 0.0149
    Info control: PASS
    Selectivity: PASS (0.0%)
    Verdict: MINOR — bedrooms has minor causal contribution to pricing
  bathrooms:
    Probe: 0.7341772151898734
    Cosine sim: 0.9742089509963989
    Price drop: 0.0162
    Info control: PASS
    Selectivity: PASS (84.6%)
    Verdict: MINOR — bathrooms has minor causal contribution to pricing
  year_built:
    Probe: 0.8500486854917235
    Cosine sim: 0.9709305167198181
    Price drop: 0.0175
    Info control: PASS
    Selectivity: PASS (71.0%)
    Verdict: MINOR — year_built has minor causal contribution to pricing
  lot_size:
    Probe: 0.682570593962999
    Cosine sim: 0.9757809042930603
    Price drop: -0.0032
    Info control: FAIL
    Selectivity: PASS (100.0%)
    Verdict: NOT_CAUSAL — Erasure of lot_size does not hurt more than random
  sqft:
    Probe: 0.682570593962999
    Cosine sim: 0.9757809042930603
    Price drop: -0.0032
    Info control: FAIL
    Selectivity: PASS (100.0%)
    Verdict: NOT_CAUSAL — Erasure of sqft does not hurt more than random

Saved summary to: /home/anshulk/Housing/data/mp_results/llama-3.2-3b/layer_25/summary.json

============================================================
COMPLETE in 57s (1.0 min)
============================================================

>>> Llama layer 26 / 27
============================================================
AMNESIC PROBING WITH MP
============================================================
Model: llama-3.2-3b
Layer: 26
Methods: ['mp']
Features: ['bedrooms', 'bathrooms', 'year_built', 'lot_size', 'sqft']
Random controls: 10
GPU: True
============================================================

============================================================
LOADING DATA
============================================================
Loading activations from: /home/anshulk/Housing/data/activations/llama-3.2-3b_2_fewshot_cot_temp0_activations.npz
Activations shape: (5130, 28, 3072)
Feature columns: ['bathrooms_p1_more' 'bedrooms_p1_more' 'year_p1_newer' 'lot_p1_larger'
 'sqft_p1_larger' 'price_p1_higher']
Loading samples from: /home/anshulk/Housing/data/amnesic_samples/selected_samples_llama-3.2-3b_2_fewshot_cot_temp0.csv
Loaded 5130 samples
Using layer 26, shape: (5130, 3072)
Output dir: /home/anshulk/Housing/data/mp_results/llama-3.2-3b/layer_26

Feature label class balance:
  bedrooms: 30.29% positive
  bathrooms: 30.18% positive
  year_built: 46.63% positive
  lot_size: 48.44% positive
  sqft: 48.44% positive
Price labels: 48.03% have property 1 more expensive

============================================================
STEP 1: ERASURE + VERIFICATION
============================================================

============================================================
MP erasure for feature: bedrooms
============================================================
Samples: 5130 (train: 3590, val: 513, test: 1027)
Class balance: 30.17% positive
Pre-erasure probe accuracy: 0.834
Rank removed: 1
Post-erasure probe accuracy: 0.699 (target: ~0.50)
Cosine similarity (original vs erased): 0.9865

============================================================
MP erasure for feature: bathrooms
============================================================
Samples: 5130 (train: 3590, val: 513, test: 1027)
Class balance: 30.03% positive
Pre-erasure probe accuracy: 0.758
Rank removed: 1
Post-erasure probe accuracy: 0.703 (target: ~0.50)
Cosine similarity (original vs erased): 0.9729

============================================================
MP erasure for feature: year_built
============================================================
Samples: 5130 (train: 3590, val: 513, test: 1027)
Class balance: 46.82% positive
Pre-erasure probe accuracy: 0.861
Rank removed: 1
Post-erasure probe accuracy: 0.532 (target: ~0.50)
Cosine similarity (original vs erased): 0.9688

============================================================
MP erasure for feature: lot_size
============================================================
Samples: 5130 (train: 3590, val: 513, test: 1027)
Class balance: 48.05% positive
Pre-erasure probe accuracy: 0.701
Rank removed: 1
Post-erasure probe accuracy: 0.520 (target: ~0.50)
Cosine similarity (original vs erased): 0.9721

============================================================
MP erasure for feature: sqft
============================================================
Samples: 5130 (train: 3590, val: 513, test: 1027)
Class balance: 48.05% positive
Pre-erasure probe accuracy: 0.702
Rank removed: 1
Post-erasure probe accuracy: 0.520 (target: ~0.50)
Cosine similarity (original vs erased): 0.9721

Saved erasure info to: /home/anshulk/Housing/data/mp_results/llama-3.2-3b/layer_26/erasure_info.json

============================================================
STEP 2: INFORMATION CONTROL
============================================================

--- BASELINE ---
  Baseline: acc=0.6149, auc=0.6549

--- RANDOM CONTROLS (10 runs) ---
  Random control: mean drop=0.0008 +/- 0.0010

--- MP ---
  bedrooms: acc=0.5987, drop=0.0162, random=0.0008 -> PASS
  bathrooms: acc=0.5929, drop=0.0221, random=0.0008 -> PASS
  year_built: acc=0.5981, drop=0.0169, random=0.0008 -> PASS
  lot_size: acc=0.6097, drop=0.0052, random=0.0008 -> PASS
  sqft: acc=0.6091, drop=0.0058, random=0.0008 -> PASS

  ALL FEATURES:
  all_features: acc=0.6084, drop=0.0065

Saved results to: /home/anshulk/Housing/data/mp_results/llama-3.2-3b/layer_26/results.csv

============================================================
STEP 3: SELECTIVITY CONTROL
============================================================

--- SELECTIVITY CONTROL (MP) ---
  bedrooms: baseline=0.6156, erased=0.5987, recovered=0.6175 (111.5% recovery) -> PASS
  bathrooms: baseline=0.6156, erased=0.5942, recovered=0.6175 (109.1% recovery) -> PASS
  year_built: baseline=0.6156, erased=0.6000, recovered=0.6234 (150.0% recovery) -> PASS
  lot_size: baseline=0.6156, erased=0.6084, recovered=0.6162 (109.1% recovery) -> PASS
  sqft: baseline=0.6156, erased=0.6104, recovered=0.6169 (125.0% recovery) -> PASS

Saved selectivity to: /home/anshulk/Housing/data/mp_results/llama-3.2-3b/layer_26/selectivity.csv

============================================================
CORRECTNESS ANALYSIS
============================================================
[W] [16:54:25.803309] L-BFGS stopped, because the line search failed to advance (step delta = 0.000000)

Saved correctness analysis to: /home/anshulk/Housing/data/mp_results/llama-3.2-3b/layer_26/correctness.csv

============================================================
SUMMARY
============================================================

--- MP ---
Baseline accuracy: 0.6149
Random control drop: 0.0008

Feature verdicts:
  bedrooms:
    Probe: 0.8344693281402142
    Cosine sim: 0.9865376353263855
    Price drop: 0.0162
    Info control: PASS
    Selectivity: PASS (111.5%)
    Verdict: MINOR — bedrooms has minor causal contribution to pricing
  bathrooms:
    Probe: 0.7575462512171373
    Cosine sim: 0.9728875756263733
    Price drop: 0.0221
    Info control: PASS
    Selectivity: PASS (109.1%)
    Verdict: MINOR — bathrooms has minor causal contribution to pricing
  year_built:
    Probe: 0.8607594936708861
    Cosine sim: 0.968792736530304
    Price drop: 0.0169
    Info control: PASS
    Selectivity: PASS (150.0%)
    Verdict: MINOR — year_built has minor causal contribution to pricing
  lot_size:
    Probe: 0.7010710808179162
    Cosine sim: 0.9721447229385376
    Price drop: 0.0052
    Info control: PASS
    Selectivity: PASS (109.1%)
    Verdict: NOT_USED — lot_size encoded but not used for pricing
  sqft:
    Probe: 0.7020447906523856
    Cosine sim: 0.9721447229385376
    Price drop: 0.0058
    Info control: PASS
    Selectivity: PASS (125.0%)
    Verdict: NOT_USED — sqft encoded but not used for pricing

Saved summary to: /home/anshulk/Housing/data/mp_results/llama-3.2-3b/layer_26/summary.json

============================================================
COMPLETE in 57s (0.9 min)
============================================================

>>> Llama layer 27 / 27
============================================================
AMNESIC PROBING WITH MP
============================================================
Model: llama-3.2-3b
Layer: 27
Methods: ['mp']
Features: ['bedrooms', 'bathrooms', 'year_built', 'lot_size', 'sqft']
Random controls: 10
GPU: True
============================================================

============================================================
LOADING DATA
============================================================
Loading activations from: /home/anshulk/Housing/data/activations/llama-3.2-3b_2_fewshot_cot_temp0_activations.npz
Activations shape: (5130, 28, 3072)
Feature columns: ['bathrooms_p1_more' 'bedrooms_p1_more' 'year_p1_newer' 'lot_p1_larger'
 'sqft_p1_larger' 'price_p1_higher']
Loading samples from: /home/anshulk/Housing/data/amnesic_samples/selected_samples_llama-3.2-3b_2_fewshot_cot_temp0.csv
Loaded 5130 samples
Using layer 27, shape: (5130, 3072)
Output dir: /home/anshulk/Housing/data/mp_results/llama-3.2-3b/layer_27

Feature label class balance:
  bedrooms: 30.29% positive
  bathrooms: 30.18% positive
  year_built: 46.63% positive
  lot_size: 48.44% positive
  sqft: 48.44% positive
Price labels: 48.03% have property 1 more expensive

============================================================
STEP 1: ERASURE + VERIFICATION
============================================================

============================================================
MP erasure for feature: bedrooms
============================================================
Samples: 5130 (train: 3590, val: 513, test: 1027)
Class balance: 30.17% positive
Pre-erasure probe accuracy: 0.835
Rank removed: 1
Post-erasure probe accuracy: 0.699 (target: ~0.50)
Cosine similarity (original vs erased): 0.9785

============================================================
MP erasure for feature: bathrooms
============================================================
Samples: 5130 (train: 3590, val: 513, test: 1027)
Class balance: 30.03% positive
Pre-erasure probe accuracy: 0.761
Rank removed: 1
Post-erasure probe accuracy: 0.703 (target: ~0.50)
Cosine similarity (original vs erased): 0.9683

============================================================
MP erasure for feature: year_built
============================================================
Samples: 5130 (train: 3590, val: 513, test: 1027)
Class balance: 46.82% positive
Pre-erasure probe accuracy: 0.864
Rank removed: 1
Post-erasure probe accuracy: 0.532 (target: ~0.50)
Cosine similarity (original vs erased): 0.9568

============================================================
MP erasure for feature: lot_size
============================================================
Samples: 5130 (train: 3590, val: 513, test: 1027)
Class balance: 48.05% positive
Pre-erasure probe accuracy: 0.706
Rank removed: 1
[W] [16:54:53.928674] L-BFGS stopped, because the line search failed to advance (step delta = 0.000000)
Post-erasure probe accuracy: 0.520 (target: ~0.50)
Cosine similarity (original vs erased): 0.9617

============================================================
MP erasure for feature: sqft
============================================================
Samples: 5130 (train: 3590, val: 513, test: 1027)
Class balance: 48.05% positive
Pre-erasure probe accuracy: 0.708
Rank removed: 1
Post-erasure probe accuracy: 0.520 (target: ~0.50)
Cosine similarity (original vs erased): 0.9617

Saved erasure info to: /home/anshulk/Housing/data/mp_results/llama-3.2-3b/layer_27/erasure_info.json

============================================================
STEP 2: INFORMATION CONTROL
============================================================

--- BASELINE ---
  Baseline: acc=0.6045, auc=0.6424

--- RANDOM CONTROLS (10 runs) ---
  Random control: mean drop=0.0010 +/- 0.0015

--- MP ---
  bedrooms: acc=0.6071, drop=-0.0026, random=0.0010 -> FAIL
  bathrooms: acc=0.5818, drop=0.0227, random=0.0010 -> PASS
  year_built: acc=0.5929, drop=0.0117, random=0.0010 -> PASS
  lot_size: acc=0.6026, drop=0.0019, random=0.0010 -> FAIL
  sqft: acc=0.6013, drop=0.0032, random=0.0010 -> PASS

  ALL FEATURES:
  all_features: acc=0.6084, drop=-0.0039

Saved results to: /home/anshulk/Housing/data/mp_results/llama-3.2-3b/layer_27/results.csv

============================================================
STEP 3: SELECTIVITY CONTROL
============================================================

--- SELECTIVITY CONTROL (MP) ---
  bedrooms: baseline=0.6039, erased=0.6058, recovered=0.5987 (100.0% recovery) -> PASS
  bathrooms: baseline=0.6039, erased=0.5818, recovered=0.6221 (182.4% recovery) -> PASS
  year_built: baseline=0.6039, erased=0.5922, recovered=0.6058 (116.7% recovery) -> PASS
  lot_size: baseline=0.6039, erased=0.6013, recovered=0.6104 (100.0% recovery) -> PASS
  sqft: baseline=0.6039, erased=0.6006, recovered=0.6091 (100.0% recovery) -> PASS

Saved selectivity to: /home/anshulk/Housing/data/mp_results/llama-3.2-3b/layer_27/selectivity.csv

============================================================
CORRECTNESS ANALYSIS
============================================================
[W] [16:55:25.108129] L-BFGS stopped, because the line search failed to advance (step delta = 0.000000)

Saved correctness analysis to: /home/anshulk/Housing/data/mp_results/llama-3.2-3b/layer_27/correctness.csv

============================================================
SUMMARY
============================================================

--- MP ---
Baseline accuracy: 0.6045
Random control drop: 0.0010

Feature verdicts:
  bedrooms:
    Probe: 0.8354430379746836
    Cosine sim: 0.9784563183784485
    Price drop: -0.0026
    Info control: FAIL
    Selectivity: PASS (100.0%)
    Verdict: NOT_CAUSAL — Erasure of bedrooms does not hurt more than random
  bathrooms:
    Probe: 0.7614410905550146
    Cosine sim: 0.9682518839836121
    Price drop: 0.0227
    Info control: PASS
    Selectivity: PASS (182.4%)
    Verdict: MINOR — bathrooms has minor causal contribution to pricing
  year_built:
    Probe: 0.8636806231742941
    Cosine sim: 0.9567803144454956
    Price drop: 0.0117
    Info control: PASS
    Selectivity: PASS (116.7%)
    Verdict: MINOR — year_built has minor causal contribution to pricing
  lot_size:
    Probe: 0.7059396299902629
    Cosine sim: 0.9616955518722534
    Price drop: 0.0019
    Info control: FAIL
    Selectivity: PASS (100.0%)
    Verdict: NOT_CAUSAL — Erasure of lot_size does not hurt more than random
  sqft:
    Probe: 0.7078870496592016
    Cosine sim: 0.9616955518722534
    Price drop: 0.0032
    Info control: PASS
    Selectivity: PASS (100.0%)
    Verdict: NOT_USED — sqft encoded but not used for pricing

Saved summary to: /home/anshulk/Housing/data/mp_results/llama-3.2-3b/layer_27/summary.json

============================================================
COMPLETE in 59s (1.0 min)
============================================================

Llama complete (exit: 0)

============================================================
MP Amnesic Probing: Qwen3-4B (ALL 36 LAYERS)
  Method: MP | Features: all | Random controls: 10
============================================================

>>> Qwen layer 0 / 35
============================================================
AMNESIC PROBING WITH MP
============================================================
Model: qwen3-4b
Layer: 0
Methods: ['mp']
Features: ['bedrooms', 'bathrooms', 'year_built', 'lot_size', 'sqft']
Random controls: 10
GPU: True
============================================================

============================================================
LOADING DATA
============================================================
Loading activations from: /home/anshulk/Housing/data/activations/qwen3-4b_2_fewshot_cot_temp0_activations.npz
Activations shape: (5130, 36, 2560)
Feature columns: ['bathrooms_p1_more' 'bedrooms_p1_more' 'year_p1_newer' 'lot_p1_larger'
 'sqft_p1_larger' 'price_p1_higher']
Loading samples from: /home/anshulk/Housing/data/amnesic_samples/selected_samples_qwen3-4b_2_fewshot_cot_temp0.csv
Loaded 5130 samples
Using layer 0, shape: (5130, 2560)
Output dir: /home/anshulk/Housing/data/mp_results/qwen3-4b/layer_0

Feature label class balance:
  bedrooms: 30.29% positive
  bathrooms: 30.18% positive
  year_built: 46.63% positive
  lot_size: 48.44% positive
  sqft: 48.44% positive
Price labels: 48.03% have property 1 more expensive

============================================================
STEP 1: ERASURE + VERIFICATION
============================================================

============================================================
MP erasure for feature: bedrooms
============================================================
Samples: 5130 (train: 3590, val: 513, test: 1027)
Class balance: 30.17% positive
Pre-erasure probe accuracy: 0.699
Rank removed: 1
Post-erasure probe accuracy: 0.699 (target: ~0.50)
Cosine similarity (original vs erased): 0.9867

============================================================
MP erasure for feature: bathrooms
============================================================
Samples: 5130 (train: 3590, val: 513, test: 1027)
Class balance: 30.03% positive
Pre-erasure probe accuracy: 0.703
Rank removed: 1
Post-erasure probe accuracy: 0.703 (target: ~0.50)
Cosine similarity (original vs erased): 0.9880

============================================================
MP erasure for feature: year_built
============================================================
Samples: 5130 (train: 3590, val: 513, test: 1027)
Class balance: 46.82% positive
Pre-erasure probe accuracy: 0.536
WARNING: Low encoding (0.536). Feature may not be linearly encoded.
Rank removed: 1
Post-erasure probe accuracy: 0.532 (target: ~0.50)
Cosine similarity (original vs erased): 0.9862

============================================================
MP erasure for feature: lot_size
============================================================
Samples: 5130 (train: 3590, val: 513, test: 1027)
Class balance: 48.05% positive
Pre-erasure probe accuracy: 0.522
WARNING: Low encoding (0.522). Feature may not be linearly encoded.
Rank removed: 1
Post-erasure probe accuracy: 0.520 (target: ~0.50)
Cosine similarity (original vs erased): 0.9511

============================================================
MP erasure for feature: sqft
============================================================
Samples: 5130 (train: 3590, val: 513, test: 1027)
Class balance: 48.05% positive
Pre-erasure probe accuracy: 0.522
WARNING: Low encoding (0.522). Feature may not be linearly encoded.
Rank removed: 1
Post-erasure probe accuracy: 0.520 (target: ~0.50)
Cosine similarity (original vs erased): 0.9511

Saved erasure info to: /home/anshulk/Housing/data/mp_results/qwen3-4b/layer_0/erasure_info.json

============================================================
STEP 2: INFORMATION CONTROL
============================================================

--- BASELINE ---
  Baseline: acc=0.5117, auc=0.5198

--- RANDOM CONTROLS (10 runs) ---
  Random control: mean drop=-0.0012 +/- 0.0016

--- MP ---
  bedrooms: acc=0.5091, drop=0.0026, random=-0.0012 -> PASS
  bathrooms: acc=0.5110, drop=0.0006, random=-0.0012 -> PASS
  year_built: acc=0.5175, drop=-0.0058, random=-0.0012 -> FAIL
  lot_size: acc=0.5188, drop=-0.0071, random=-0.0012 -> FAIL
  sqft: acc=0.5182, drop=-0.0065, random=-0.0012 -> FAIL

  ALL FEATURES:
  all_features: acc=0.5201, drop=-0.0084

Saved results to: /home/anshulk/Housing/data/mp_results/qwen3-4b/layer_0/results.csv

============================================================
STEP 3: SELECTIVITY CONTROL
============================================================

--- SELECTIVITY CONTROL (MP) ---
  bedrooms: baseline=0.5143, erased=0.5117, recovered=0.5604 (100.0% recovery) -> PASS
  bathrooms: baseline=0.5143, erased=0.5097, recovered=0.5896 (100.0% recovery) -> PASS
  year_built: baseline=0.5143, erased=0.5136, recovered=0.5461 (100.0% recovery) -> PASS
  lot_size: baseline=0.5143, erased=0.5175, recovered=0.5117 (100.0% recovery) -> PASS
  sqft: baseline=0.5143, erased=0.5182, recovered=0.5123 (100.0% recovery) -> PASS

Saved selectivity to: /home/anshulk/Housing/data/mp_results/qwen3-4b/layer_0/selectivity.csv

============================================================
CORRECTNESS ANALYSIS
============================================================

Saved correctness analysis to: /home/anshulk/Housing/data/mp_results/qwen3-4b/layer_0/correctness.csv

============================================================
SUMMARY
============================================================

--- MP ---
Baseline accuracy: 0.5117
Random control drop: -0.0012

Feature verdicts:
  bedrooms:
    Probe: 0.6991236611489776
    Cosine sim: 0.9866674542427063
    Price drop: 0.0026
    Info control: PASS
    Selectivity: PASS (100.0%)
    Verdict: NOT_USED — bedrooms encoded but not used for pricing
  bathrooms:
    Probe: 0.7030185004868549
    Cosine sim: 0.9879593849182129
    Price drop: 0.0006
    Info control: PASS
    Selectivity: PASS (100.0%)
    Verdict: NOT_USED — bathrooms encoded but not used for pricing
  year_built:
    Probe: 0.5355404089581305
    Cosine sim: 0.9861615896224976
    Price drop: -0.0058
    Info control: FAIL
    Selectivity: PASS (100.0%)
    Verdict: NOT_CAUSAL — Erasure of year_built does not hurt more than random
  lot_size:
    Probe: 0.5219084712755598
    Cosine sim: 0.9510523080825806
    Price drop: -0.0071
    Info control: FAIL
    Selectivity: PASS (100.0%)
    Verdict: NOT_CAUSAL — Erasure of lot_size does not hurt more than random
  sqft:
    Probe: 0.5219084712755598
    Cosine sim: 0.9510523080825806
    Price drop: -0.0065
    Info control: FAIL
    Selectivity: PASS (100.0%)
    Verdict: NOT_CAUSAL — Erasure of sqft does not hurt more than random

Saved summary to: /home/anshulk/Housing/data/mp_results/qwen3-4b/layer_0/summary.json

============================================================
COMPLETE in 37s (0.6 min)
============================================================

>>> Qwen layer 1 / 35
============================================================
AMNESIC PROBING WITH MP
============================================================
Model: qwen3-4b
Layer: 1
Methods: ['mp']
Features: ['bedrooms', 'bathrooms', 'year_built', 'lot_size', 'sqft']
Random controls: 10
GPU: True
============================================================

============================================================
LOADING DATA
============================================================
Loading activations from: /home/anshulk/Housing/data/activations/qwen3-4b_2_fewshot_cot_temp0_activations.npz
Activations shape: (5130, 36, 2560)
Feature columns: ['bathrooms_p1_more' 'bedrooms_p1_more' 'year_p1_newer' 'lot_p1_larger'
 'sqft_p1_larger' 'price_p1_higher']
Loading samples from: /home/anshulk/Housing/data/amnesic_samples/selected_samples_qwen3-4b_2_fewshot_cot_temp0.csv
Loaded 5130 samples
Using layer 1, shape: (5130, 2560)
Output dir: /home/anshulk/Housing/data/mp_results/qwen3-4b/layer_1

Feature label class balance:
  bedrooms: 30.29% positive
  bathrooms: 30.18% positive
  year_built: 46.63% positive
  lot_size: 48.44% positive
  sqft: 48.44% positive
Price labels: 48.03% have property 1 more expensive

============================================================
STEP 1: ERASURE + VERIFICATION
============================================================

============================================================
MP erasure for feature: bedrooms
============================================================
Samples: 5130 (train: 3590, val: 513, test: 1027)
Class balance: 30.17% positive
Pre-erasure probe accuracy: 0.699
Rank removed: 1
Post-erasure probe accuracy: 0.699 (target: ~0.50)
Cosine similarity (original vs erased): 0.9876

============================================================
MP erasure for feature: bathrooms
============================================================
Samples: 5130 (train: 3590, val: 513, test: 1027)
Class balance: 30.03% positive
Pre-erasure probe accuracy: 0.703
Rank removed: 1
Post-erasure probe accuracy: 0.703 (target: ~0.50)
Cosine similarity (original vs erased): 0.9874

============================================================
MP erasure for feature: year_built
============================================================
Samples: 5130 (train: 3590, val: 513, test: 1027)
Class balance: 46.82% positive
Pre-erasure probe accuracy: 0.534
WARNING: Low encoding (0.534). Feature may not be linearly encoded.
Rank removed: 1
Post-erasure probe accuracy: 0.532 (target: ~0.50)
Cosine similarity (original vs erased): 0.9846

============================================================
MP erasure for feature: lot_size
============================================================
Samples: 5130 (train: 3590, val: 513, test: 1027)
Class balance: 48.05% positive
Pre-erasure probe accuracy: 0.529
WARNING: Low encoding (0.529). Feature may not be linearly encoded.
Rank removed: 1
Post-erasure probe accuracy: 0.520 (target: ~0.50)
Cosine similarity (original vs erased): 0.9578

============================================================
MP erasure for feature: sqft
============================================================
Samples: 5130 (train: 3590, val: 513, test: 1027)
Class balance: 48.05% positive
Pre-erasure probe accuracy: 0.532
WARNING: Low encoding (0.532). Feature may not be linearly encoded.
Rank removed: 1
Post-erasure probe accuracy: 0.520 (target: ~0.50)
Cosine similarity (original vs erased): 0.9578

Saved erasure info to: /home/anshulk/Housing/data/mp_results/qwen3-4b/layer_1/erasure_info.json

============================================================
STEP 2: INFORMATION CONTROL
============================================================

--- BASELINE ---
  Baseline: acc=0.5169, auc=0.5288

--- RANDOM CONTROLS (10 runs) ---
  Random control: mean drop=-0.0014 +/- 0.0013

--- MP ---
  bedrooms: acc=0.5201, drop=-0.0032, random=-0.0014 -> FAIL
  bathrooms: acc=0.5182, drop=-0.0013, random=-0.0014 -> FAIL
  year_built: acc=0.5182, drop=-0.0013, random=-0.0014 -> FAIL
  lot_size: acc=0.5195, drop=-0.0026, random=-0.0014 -> FAIL
  sqft: acc=0.5156, drop=0.0013, random=-0.0014 -> PASS

  ALL FEATURES:
  all_features: acc=0.5195, drop=-0.0026

Saved results to: /home/anshulk/Housing/data/mp_results/qwen3-4b/layer_1/results.csv

============================================================
STEP 3: SELECTIVITY CONTROL
============================================================

--- SELECTIVITY CONTROL (MP) ---
  bedrooms: baseline=0.5201, erased=0.5188, recovered=0.5597 (100.0% recovery) -> PASS
  bathrooms: baseline=0.5201, erased=0.5175, recovered=0.5961 (100.0% recovery) -> PASS
  year_built: baseline=0.5201, erased=0.5182, recovered=0.5442 (100.0% recovery) -> PASS
  lot_size: baseline=0.5201, erased=0.5156, recovered=0.5208 (100.0% recovery) -> PASS
  sqft: baseline=0.5201, erased=0.5208, recovered=0.5234 (100.0% recovery) -> PASS

Saved selectivity to: /home/anshulk/Housing/data/mp_results/qwen3-4b/layer_1/selectivity.csv

============================================================
CORRECTNESS ANALYSIS
============================================================

Saved correctness analysis to: /home/anshulk/Housing/data/mp_results/qwen3-4b/layer_1/correctness.csv

============================================================
SUMMARY
============================================================

--- MP ---
Baseline accuracy: 0.5169
Random control drop: -0.0014

Feature verdicts:
  bedrooms:
    Probe: 0.6991236611489776
    Cosine sim: 0.9876379370689392
    Price drop: -0.0032
    Info control: FAIL
    Selectivity: PASS (100.0%)
    Verdict: NOT_CAUSAL — Erasure of bedrooms does not hurt more than random
  bathrooms:
    Probe: 0.7030185004868549
    Cosine sim: 0.9873754978179932
    Price drop: -0.0013
    Info control: FAIL
    Selectivity: PASS (100.0%)
    Verdict: NOT_CAUSAL — Erasure of bathrooms does not hurt more than random
  year_built:
    Probe: 0.5335929892891919
    Cosine sim: 0.9845868349075317
    Price drop: -0.0013
    Info control: FAIL
    Selectivity: PASS (100.0%)
    Verdict: NOT_CAUSAL — Erasure of year_built does not hurt more than random
  lot_size:
    Probe: 0.5287244401168452
    Cosine sim: 0.9578392505645752
    Price drop: -0.0026
    Info control: FAIL
    Selectivity: PASS (100.0%)
    Verdict: NOT_CAUSAL — Erasure of lot_size does not hurt more than random
  sqft:
    Probe: 0.5316455696202531
    Cosine sim: 0.9578392505645752
    Price drop: 0.0013
    Info control: PASS
    Selectivity: PASS (100.0%)
    Verdict: NOT_USED — sqft encoded but not used for pricing

Saved summary to: /home/anshulk/Housing/data/mp_results/qwen3-4b/layer_1/summary.json

============================================================
COMPLETE in 39s (0.7 min)
============================================================

>>> Qwen layer 2 / 35
============================================================
AMNESIC PROBING WITH MP
============================================================
Model: qwen3-4b
Layer: 2
Methods: ['mp']
Features: ['bedrooms', 'bathrooms', 'year_built', 'lot_size', 'sqft']
Random controls: 10
GPU: True
============================================================

============================================================
LOADING DATA
============================================================
Loading activations from: /home/anshulk/Housing/data/activations/qwen3-4b_2_fewshot_cot_temp0_activations.npz
Activations shape: (5130, 36, 2560)
Feature columns: ['bathrooms_p1_more' 'bedrooms_p1_more' 'year_p1_newer' 'lot_p1_larger'
 'sqft_p1_larger' 'price_p1_higher']
Loading samples from: /home/anshulk/Housing/data/amnesic_samples/selected_samples_qwen3-4b_2_fewshot_cot_temp0.csv
Loaded 5130 samples
Using layer 2, shape: (5130, 2560)
Output dir: /home/anshulk/Housing/data/mp_results/qwen3-4b/layer_2

Feature label class balance:
  bedrooms: 30.29% positive
  bathrooms: 30.18% positive
  year_built: 46.63% positive
  lot_size: 48.44% positive
  sqft: 48.44% positive
Price labels: 48.03% have property 1 more expensive

============================================================
STEP 1: ERASURE + VERIFICATION
============================================================

============================================================
MP erasure for feature: bedrooms
============================================================
Samples: 5130 (train: 3590, val: 513, test: 1027)
Class balance: 30.17% positive
Pre-erasure probe accuracy: 0.700
Rank removed: 1
Post-erasure probe accuracy: 0.699 (target: ~0.50)
Cosine similarity (original vs erased): 0.9885

============================================================
MP erasure for feature: bathrooms
============================================================
Samples: 5130 (train: 3590, val: 513, test: 1027)
Class balance: 30.03% positive
Pre-erasure probe accuracy: 0.702
Rank removed: 1
Post-erasure probe accuracy: 0.703 (target: ~0.50)
Cosine similarity (original vs erased): 0.9876

============================================================
MP erasure for feature: year_built
============================================================
Samples: 5130 (train: 3590, val: 513, test: 1027)
Class balance: 46.82% positive
Pre-erasure probe accuracy: 0.536
WARNING: Low encoding (0.536). Feature may not be linearly encoded.
Rank removed: 1
Post-erasure probe accuracy: 0.532 (target: ~0.50)
Cosine similarity (original vs erased): 0.9884

============================================================
MP erasure for feature: lot_size
============================================================
Samples: 5130 (train: 3590, val: 513, test: 1027)
Class balance: 48.05% positive
Pre-erasure probe accuracy: 0.531
WARNING: Low encoding (0.531). Feature may not be linearly encoded.
Rank removed: 1
Post-erasure probe accuracy: 0.520 (target: ~0.50)
Cosine similarity (original vs erased): 0.9613

============================================================
MP erasure for feature: sqft
============================================================
Samples: 5130 (train: 3590, val: 513, test: 1027)
Class balance: 48.05% positive
Pre-erasure probe accuracy: 0.531
WARNING: Low encoding (0.531). Feature may not be linearly encoded.
Rank removed: 1
Post-erasure probe accuracy: 0.520 (target: ~0.50)
Cosine similarity (original vs erased): 0.9613

Saved erasure info to: /home/anshulk/Housing/data/mp_results/qwen3-4b/layer_2/erasure_info.json

============================================================
STEP 2: INFORMATION CONTROL
============================================================

--- BASELINE ---
  Baseline: acc=0.5247, auc=0.5369

--- RANDOM CONTROLS (10 runs) ---
  Random control: mean drop=-0.0014 +/- 0.0012

--- MP ---
  bedrooms: acc=0.5305, drop=-0.0058, random=-0.0014 -> FAIL
  bathrooms: acc=0.5312, drop=-0.0065, random=-0.0014 -> FAIL
  year_built: acc=0.5338, drop=-0.0091, random=-0.0014 -> FAIL
  lot_size: acc=0.5273, drop=-0.0026, random=-0.0014 -> FAIL
  sqft: acc=0.5292, drop=-0.0045, random=-0.0014 -> FAIL

  ALL FEATURES:
  all_features: acc=0.5292, drop=-0.0045

Saved results to: /home/anshulk/Housing/data/mp_results/qwen3-4b/layer_2/results.csv

============================================================
STEP 3: SELECTIVITY CONTROL
============================================================

--- SELECTIVITY CONTROL (MP) ---
  bedrooms: baseline=0.5266, erased=0.5312, recovered=0.5669 (100.0% recovery) -> PASS
  bathrooms: baseline=0.5266, erased=0.5299, recovered=0.5948 (100.0% recovery) -> PASS
[W] [16:57:29.126192] L-BFGS stopped, because the line search failed to advance (step delta = 0.000000)
  year_built: baseline=0.5266, erased=0.5279, recovered=0.5494 (100.0% recovery) -> PASS
  lot_size: baseline=0.5266, erased=0.5305, recovered=0.5286 (100.0% recovery) -> PASS
  sqft: baseline=0.5266, erased=0.5286, recovered=0.5234 (100.0% recovery) -> PASS

Saved selectivity to: /home/anshulk/Housing/data/mp_results/qwen3-4b/layer_2/selectivity.csv

============================================================
CORRECTNESS ANALYSIS
============================================================

Saved correctness analysis to: /home/anshulk/Housing/data/mp_results/qwen3-4b/layer_2/correctness.csv

============================================================
SUMMARY
============================================================

--- MP ---
Baseline accuracy: 0.5247
Random control drop: -0.0014

Feature verdicts:
  bedrooms:
    Probe: 0.7000973709834469
    Cosine sim: 0.9884698987007141
    Price drop: -0.0058
    Info control: FAIL
    Selectivity: PASS (100.0%)
    Verdict: NOT_CAUSAL — Erasure of bedrooms does not hurt more than random
  bathrooms:
    Probe: 0.7020447906523856
    Cosine sim: 0.9876291751861572
    Price drop: -0.0065
    Info control: FAIL
    Selectivity: PASS (100.0%)
    Verdict: NOT_CAUSAL — Erasure of bathrooms does not hurt more than random
  year_built:
    Probe: 0.5355404089581305
    Cosine sim: 0.9883606433868408
    Price drop: -0.0091
    Info control: FAIL
    Selectivity: PASS (100.0%)
    Verdict: NOT_CAUSAL — Erasure of year_built does not hurt more than random
  lot_size:
    Probe: 0.5306718597857838
    Cosine sim: 0.9612674713134766
    Price drop: -0.0026
    Info control: FAIL
    Selectivity: PASS (100.0%)
    Verdict: NOT_CAUSAL — Erasure of lot_size does not hurt more than random
  sqft:
    Probe: 0.5306718597857838
    Cosine sim: 0.9612674713134766
    Price drop: -0.0045
    Info control: FAIL
    Selectivity: PASS (100.0%)
    Verdict: NOT_CAUSAL — Erasure of sqft does not hurt more than random

Saved summary to: /home/anshulk/Housing/data/mp_results/qwen3-4b/layer_2/summary.json

============================================================
COMPLETE in 39s (0.7 min)
============================================================

>>> Qwen layer 3 / 35
============================================================
AMNESIC PROBING WITH MP
============================================================
Model: qwen3-4b
Layer: 3
Methods: ['mp']
Features: ['bedrooms', 'bathrooms', 'year_built', 'lot_size', 'sqft']
Random controls: 10
GPU: True
============================================================

============================================================
LOADING DATA
============================================================
Loading activations from: /home/anshulk/Housing/data/activations/qwen3-4b_2_fewshot_cot_temp0_activations.npz
Activations shape: (5130, 36, 2560)
Feature columns: ['bathrooms_p1_more' 'bedrooms_p1_more' 'year_p1_newer' 'lot_p1_larger'
 'sqft_p1_larger' 'price_p1_higher']
Loading samples from: /home/anshulk/Housing/data/amnesic_samples/selected_samples_qwen3-4b_2_fewshot_cot_temp0.csv
Loaded 5130 samples
Using layer 3, shape: (5130, 2560)
Output dir: /home/anshulk/Housing/data/mp_results/qwen3-4b/layer_3

Feature label class balance:
  bedrooms: 30.29% positive
  bathrooms: 30.18% positive
  year_built: 46.63% positive
  lot_size: 48.44% positive
  sqft: 48.44% positive
Price labels: 48.03% have property 1 more expensive

============================================================
STEP 1: ERASURE + VERIFICATION
============================================================

============================================================
MP erasure for feature: bedrooms
============================================================
Samples: 5130 (train: 3590, val: 513, test: 1027)
Class balance: 30.17% positive
Pre-erasure probe accuracy: 0.700
Rank removed: 1
Post-erasure probe accuracy: 0.699 (target: ~0.50)
Cosine similarity (original vs erased): 0.9864

============================================================
MP erasure for feature: bathrooms
============================================================
Samples: 5130 (train: 3590, val: 513, test: 1027)
Class balance: 30.03% positive
Pre-erasure probe accuracy: 0.702
Rank removed: 1
Post-erasure probe accuracy: 0.703 (target: ~0.50)
Cosine similarity (original vs erased): 0.9872

============================================================
MP erasure for feature: year_built
============================================================
Samples: 5130 (train: 3590, val: 513, test: 1027)
Class balance: 46.82% positive
Pre-erasure probe accuracy: 0.535
WARNING: Low encoding (0.535). Feature may not be linearly encoded.
Rank removed: 1
Post-erasure probe accuracy: 0.532 (target: ~0.50)
Cosine similarity (original vs erased): 0.9874

============================================================
MP erasure for feature: lot_size
============================================================
Samples: 5130 (train: 3590, val: 513, test: 1027)
Class balance: 48.05% positive
Pre-erasure probe accuracy: 0.534
WARNING: Low encoding (0.534). Feature may not be linearly encoded.
Rank removed: 1
Post-erasure probe accuracy: 0.520 (target: ~0.50)
Cosine similarity (original vs erased): 0.9698

============================================================
MP erasure for feature: sqft
============================================================
Samples: 5130 (train: 3590, val: 513, test: 1027)
Class balance: 48.05% positive
Pre-erasure probe accuracy: 0.536
WARNING: Low encoding (0.536). Feature may not be linearly encoded.
Rank removed: 1
Post-erasure probe accuracy: 0.520 (target: ~0.50)
Cosine similarity (original vs erased): 0.9698

Saved erasure info to: /home/anshulk/Housing/data/mp_results/qwen3-4b/layer_3/erasure_info.json

============================================================
STEP 2: INFORMATION CONTROL
============================================================

--- BASELINE ---
  Baseline: acc=0.5260, auc=0.5366

--- RANDOM CONTROLS (10 runs) ---
  Random control: mean drop=0.0002 +/- 0.0017

--- MP ---
  bedrooms: acc=0.5279, drop=-0.0019, random=0.0002 -> FAIL
  bathrooms: acc=0.5266, drop=-0.0006, random=0.0002 -> FAIL
  year_built: acc=0.5227, drop=0.0032, random=0.0002 -> PASS
  lot_size: acc=0.5338, drop=-0.0078, random=0.0002 -> FAIL
  sqft: acc=0.5338, drop=-0.0078, random=0.0002 -> FAIL

  ALL FEATURES:
  all_features: acc=0.5325, drop=-0.0065

Saved results to: /home/anshulk/Housing/data/mp_results/qwen3-4b/layer_3/results.csv

============================================================
STEP 3: SELECTIVITY CONTROL
============================================================

--- SELECTIVITY CONTROL (MP) ---
  bedrooms: baseline=0.5253, erased=0.5325, recovered=0.5669 (0.0% recovery) -> PASS
  bathrooms: baseline=0.5253, erased=0.5286, recovered=0.5890 (100.0% recovery) -> PASS
  year_built: baseline=0.5253, erased=0.5227, recovered=0.5448 (100.0% recovery) -> PASS
  lot_size: baseline=0.5253, erased=0.5338, recovered=0.5331 (7.7% recovery) -> PASS
[W] [16:58:14.575857] L-BFGS stopped, because the line search failed to advance (step delta = 0.000000)
  sqft: baseline=0.5253, erased=0.5331, recovered=0.5344 (0.0% recovery) -> PASS

Saved selectivity to: /home/anshulk/Housing/data/mp_results/qwen3-4b/layer_3/selectivity.csv

============================================================
CORRECTNESS ANALYSIS
============================================================

Saved correctness analysis to: /home/anshulk/Housing/data/mp_results/qwen3-4b/layer_3/correctness.csv

============================================================
SUMMARY
============================================================

--- MP ---
Baseline accuracy: 0.5260
Random control drop: 0.0002

Feature verdicts:
  bedrooms:
    Probe: 0.7000973709834469
    Cosine sim: 0.9864195585250854
    Price drop: -0.0019
    Info control: FAIL
    Selectivity: PASS (0.0%)
    Verdict: NOT_CAUSAL — Erasure of bedrooms does not hurt more than random
  bathrooms:
    Probe: 0.7020447906523856
    Cosine sim: 0.987245500087738
    Price drop: -0.0006
    Info control: FAIL
    Selectivity: PASS (100.0%)
    Verdict: NOT_CAUSAL — Erasure of bathrooms does not hurt more than random
  year_built:
    Probe: 0.5345666991236612
    Cosine sim: 0.9873895645141602
    Price drop: 0.0032
    Info control: PASS
    Selectivity: PASS (100.0%)
    Verdict: NOT_USED — year_built encoded but not used for pricing
  lot_size:
    Probe: 0.5335929892891919
    Cosine sim: 0.969804048538208
    Price drop: -0.0078
    Info control: FAIL
    Selectivity: PASS (7.7%)
    Verdict: NOT_CAUSAL — Erasure of lot_size does not hurt more than random
  sqft:
    Probe: 0.5355404089581305
    Cosine sim: 0.969804048538208
    Price drop: -0.0078
    Info control: FAIL
    Selectivity: PASS (0.0%)
    Verdict: NOT_CAUSAL — Erasure of sqft does not hurt more than random

Saved summary to: /home/anshulk/Housing/data/mp_results/qwen3-4b/layer_3/summary.json

============================================================
COMPLETE in 40s (0.7 min)
============================================================

>>> Qwen layer 4 / 35
============================================================
AMNESIC PROBING WITH MP
============================================================
Model: qwen3-4b
Layer: 4
Methods: ['mp']
Features: ['bedrooms', 'bathrooms', 'year_built', 'lot_size', 'sqft']
Random controls: 10
GPU: True
============================================================

============================================================
LOADING DATA
============================================================
Loading activations from: /home/anshulk/Housing/data/activations/qwen3-4b_2_fewshot_cot_temp0_activations.npz
Activations shape: (5130, 36, 2560)
Feature columns: ['bathrooms_p1_more' 'bedrooms_p1_more' 'year_p1_newer' 'lot_p1_larger'
 'sqft_p1_larger' 'price_p1_higher']
Loading samples from: /home/anshulk/Housing/data/amnesic_samples/selected_samples_qwen3-4b_2_fewshot_cot_temp0.csv
Loaded 5130 samples
Using layer 4, shape: (5130, 2560)
Output dir: /home/anshulk/Housing/data/mp_results/qwen3-4b/layer_4

Feature label class balance:
  bedrooms: 30.29% positive
  bathrooms: 30.18% positive
  year_built: 46.63% positive
  lot_size: 48.44% positive
  sqft: 48.44% positive
Price labels: 48.03% have property 1 more expensive

============================================================
STEP 1: ERASURE + VERIFICATION
============================================================

============================================================
MP erasure for feature: bedrooms
============================================================
Samples: 5130 (train: 3590, val: 513, test: 1027)
Class balance: 30.17% positive
Pre-erasure probe accuracy: 0.700
Rank removed: 1
Post-erasure probe accuracy: 0.699 (target: ~0.50)
Cosine similarity (original vs erased): 0.9863

============================================================
MP erasure for feature: bathrooms
============================================================
Samples: 5130 (train: 3590, val: 513, test: 1027)
Class balance: 30.03% positive
Pre-erasure probe accuracy: 0.703
Rank removed: 1
Post-erasure probe accuracy: 0.703 (target: ~0.50)
Cosine similarity (original vs erased): 0.9901

============================================================
MP erasure for feature: year_built
============================================================
Samples: 5130 (train: 3590, val: 513, test: 1027)
Class balance: 46.82% positive
Pre-erasure probe accuracy: 0.535
WARNING: Low encoding (0.535). Feature may not be linearly encoded.
Rank removed: 1
Post-erasure probe accuracy: 0.532 (target: ~0.50)
Cosine similarity (original vs erased): 0.9879

============================================================
MP erasure for feature: lot_size
============================================================
Samples: 5130 (train: 3590, val: 513, test: 1027)
Class balance: 48.05% positive
Pre-erasure probe accuracy: 0.552
Rank removed: 1
Post-erasure probe accuracy: 0.520 (target: ~0.50)
Cosine similarity (original vs erased): 0.9782

============================================================
MP erasure for feature: sqft
============================================================
Samples: 5130 (train: 3590, val: 513, test: 1027)
Class balance: 48.05% positive
Pre-erasure probe accuracy: 0.550
Rank removed: 1
Post-erasure probe accuracy: 0.520 (target: ~0.50)
Cosine similarity (original vs erased): 0.9782

Saved erasure info to: /home/anshulk/Housing/data/mp_results/qwen3-4b/layer_4/erasure_info.json

============================================================
STEP 2: INFORMATION CONTROL
============================================================

--- BASELINE ---
  Baseline: acc=0.5299, auc=0.5473

--- RANDOM CONTROLS (10 runs) ---
  Random control: mean drop=0.0014 +/- 0.0013

--- MP ---
  bedrooms: acc=0.5338, drop=-0.0039, random=0.0014 -> FAIL
  bathrooms: acc=0.5344, drop=-0.0045, random=0.0014 -> FAIL
  year_built: acc=0.5286, drop=0.0013, random=0.0014 -> FAIL
  lot_size: acc=0.5299, drop=0.0000, random=0.0014 -> FAIL
  sqft: acc=0.5299, drop=0.0000, random=0.0014 -> FAIL

  ALL FEATURES:
  all_features: acc=0.5338, drop=-0.0039

Saved results to: /home/anshulk/Housing/data/mp_results/qwen3-4b/layer_4/results.csv

============================================================
STEP 3: SELECTIVITY CONTROL
============================================================

--- SELECTIVITY CONTROL (MP) ---
  bedrooms: baseline=0.5292, erased=0.5325, recovered=0.5643 (100.0% recovery) -> PASS
  bathrooms: baseline=0.5292, erased=0.5377, recovered=0.5903 (0.0% recovery) -> PASS
  year_built: baseline=0.5292, erased=0.5292, recovered=0.5519 (100.0% recovery) -> PASS
  lot_size: baseline=0.5292, erased=0.5305, recovered=0.5390 (100.0% recovery) -> PASS
  sqft: baseline=0.5292, erased=0.5279, recovered=0.5364 (100.0% recovery) -> PASS

Saved selectivity to: /home/anshulk/Housing/data/mp_results/qwen3-4b/layer_4/selectivity.csv

============================================================
CORRECTNESS ANALYSIS
============================================================

Saved correctness analysis to: /home/anshulk/Housing/data/mp_results/qwen3-4b/layer_4/correctness.csv

============================================================
SUMMARY
============================================================

--- MP ---
Baseline accuracy: 0.5299
Random control drop: 0.0014

Feature verdicts:
  bedrooms:
    Probe: 0.7000973709834469
    Cosine sim: 0.986341118812561
    Price drop: -0.0039
    Info control: FAIL
    Selectivity: PASS (100.0%)
    Verdict: NOT_CAUSAL — Erasure of bedrooms does not hurt more than random
  bathrooms:
    Probe: 0.7030185004868549
    Cosine sim: 0.9900649189949036
    Price drop: -0.0045
    Info control: FAIL
    Selectivity: PASS (0.0%)
    Verdict: NOT_CAUSAL — Erasure of bathrooms does not hurt more than random
  year_built:
    Probe: 0.5345666991236612
    Cosine sim: 0.9879164695739746
    Price drop: 0.0013
    Info control: FAIL
    Selectivity: PASS (100.0%)
    Verdict: NOT_CAUSAL — Erasure of year_built does not hurt more than random
  lot_size:
    Probe: 0.5520934761441091
    Cosine sim: 0.9781628251075745
    Price drop: 0.0000
    Info control: FAIL
    Selectivity: PASS (100.0%)
    Verdict: NOT_CAUSAL — Erasure of lot_size does not hurt more than random
  sqft:
    Probe: 0.5501460564751705
    Cosine sim: 0.9781628251075745
    Price drop: 0.0000
    Info control: FAIL
    Selectivity: PASS (100.0%)
    Verdict: NOT_CAUSAL — Erasure of sqft does not hurt more than random

Saved summary to: /home/anshulk/Housing/data/mp_results/qwen3-4b/layer_4/summary.json

============================================================
COMPLETE in 38s (0.6 min)
============================================================

>>> Qwen layer 5 / 35
============================================================
AMNESIC PROBING WITH MP
============================================================
Model: qwen3-4b
Layer: 5
Methods: ['mp']
Features: ['bedrooms', 'bathrooms', 'year_built', 'lot_size', 'sqft']
Random controls: 10
GPU: True
============================================================

============================================================
LOADING DATA
============================================================
Loading activations from: /home/anshulk/Housing/data/activations/qwen3-4b_2_fewshot_cot_temp0_activations.npz
Activations shape: (5130, 36, 2560)
Feature columns: ['bathrooms_p1_more' 'bedrooms_p1_more' 'year_p1_newer' 'lot_p1_larger'
 'sqft_p1_larger' 'price_p1_higher']
Loading samples from: /home/anshulk/Housing/data/amnesic_samples/selected_samples_qwen3-4b_2_fewshot_cot_temp0.csv
Loaded 5130 samples
Using layer 5, shape: (5130, 2560)
Output dir: /home/anshulk/Housing/data/mp_results/qwen3-4b/layer_5

Feature label class balance:
  bedrooms: 30.29% positive
  bathrooms: 30.18% positive
  year_built: 46.63% positive
  lot_size: 48.44% positive
  sqft: 48.44% positive
Price labels: 48.03% have property 1 more expensive

============================================================
STEP 1: ERASURE + VERIFICATION
============================================================

============================================================
MP erasure for feature: bedrooms
============================================================
Samples: 5130 (train: 3590, val: 513, test: 1027)
Class balance: 30.17% positive
Pre-erasure probe accuracy: 0.701
Rank removed: 1
Post-erasure probe accuracy: 0.699 (target: ~0.50)
Cosine similarity (original vs erased): 0.9856

============================================================
MP erasure for feature: bathrooms
============================================================
Samples: 5130 (train: 3590, val: 513, test: 1027)
Class balance: 30.03% positive
Pre-erasure probe accuracy: 0.702
Rank removed: 1
Post-erasure probe accuracy: 0.703 (target: ~0.50)
Cosine similarity (original vs erased): 0.9886

============================================================
MP erasure for feature: year_built
============================================================
Samples: 5130 (train: 3590, val: 513, test: 1027)
Class balance: 46.82% positive
Pre-erasure probe accuracy: 0.537
WARNING: Low encoding (0.537). Feature may not be linearly encoded.
Rank removed: 1
Post-erasure probe accuracy: 0.532 (target: ~0.50)
Cosine similarity (original vs erased): 0.9858

============================================================
MP erasure for feature: lot_size
============================================================
Samples: 5130 (train: 3590, val: 513, test: 1027)
Class balance: 48.05% positive
Pre-erasure probe accuracy: 0.553
Rank removed: 1
Post-erasure probe accuracy: 0.520 (target: ~0.50)
Cosine similarity (original vs erased): 0.9811

============================================================
MP erasure for feature: sqft
============================================================
Samples: 5130 (train: 3590, val: 513, test: 1027)
Class balance: 48.05% positive
Pre-erasure probe accuracy: 0.546
WARNING: Low encoding (0.546). Feature may not be linearly encoded.
Rank removed: 1
Post-erasure probe accuracy: 0.520 (target: ~0.50)
Cosine similarity (original vs erased): 0.9811

Saved erasure info to: /home/anshulk/Housing/data/mp_results/qwen3-4b/layer_5/erasure_info.json

============================================================
STEP 2: INFORMATION CONTROL
============================================================

--- BASELINE ---
  Baseline: acc=0.5279, auc=0.5461

--- RANDOM CONTROLS (10 runs) ---
[W] [16:59:24.258342] L-BFGS stopped, because the line search failed to advance (step delta = 0.000000)
  Random control: mean drop=-0.0001 +/- 0.0012

--- MP ---
  bedrooms: acc=0.5305, drop=-0.0026, random=-0.0001 -> FAIL
  bathrooms: acc=0.5331, drop=-0.0052, random=-0.0001 -> FAIL
  year_built: acc=0.5266, drop=0.0013, random=-0.0001 -> PASS
  lot_size: acc=0.5273, drop=0.0006, random=-0.0001 -> FAIL
  sqft: acc=0.5286, drop=-0.0006, random=-0.0001 -> FAIL

  ALL FEATURES:
  all_features: acc=0.5240, drop=0.0039

Saved results to: /home/anshulk/Housing/data/mp_results/qwen3-4b/layer_5/results.csv

============================================================
STEP 3: SELECTIVITY CONTROL
============================================================

--- SELECTIVITY CONTROL (MP) ---
  bedrooms: baseline=0.5279, erased=0.5305, recovered=0.5604 (100.0% recovery) -> PASS
  bathrooms: baseline=0.5279, erased=0.5305, recovered=0.5825 (100.0% recovery) -> PASS
  year_built: baseline=0.5279, erased=0.5266, recovered=0.5571 (100.0% recovery) -> PASS
  lot_size: baseline=0.5279, erased=0.5286, recovered=0.5299 (100.0% recovery) -> PASS
  sqft: baseline=0.5279, erased=0.5299, recovered=0.5312 (100.0% recovery) -> PASS

Saved selectivity to: /home/anshulk/Housing/data/mp_results/qwen3-4b/layer_5/selectivity.csv

============================================================
CORRECTNESS ANALYSIS
============================================================

Saved correctness analysis to: /home/anshulk/Housing/data/mp_results/qwen3-4b/layer_5/correctness.csv

============================================================
SUMMARY
============================================================

--- MP ---
Baseline accuracy: 0.5279
Random control drop: -0.0001

Feature verdicts:
  bedrooms:
    Probe: 0.7010710808179162
    Cosine sim: 0.9855660796165466
    Price drop: -0.0026
    Info control: FAIL
    Selectivity: PASS (100.0%)
    Verdict: NOT_CAUSAL — Erasure of bedrooms does not hurt more than random
  bathrooms:
    Probe: 0.7020447906523856
    Cosine sim: 0.9885520339012146
    Price drop: -0.0052
    Info control: FAIL
    Selectivity: PASS (100.0%)
    Verdict: NOT_CAUSAL — Erasure of bathrooms does not hurt more than random
  year_built:
    Probe: 0.5365141187925998
    Cosine sim: 0.9857693910598755
    Price drop: 0.0013
    Info control: PASS
    Selectivity: PASS (100.0%)
    Verdict: NOT_USED — year_built encoded but not used for pricing
  lot_size:
    Probe: 0.5530671859785784
    Cosine sim: 0.9811169505119324
    Price drop: 0.0006
    Info control: FAIL
    Selectivity: PASS (100.0%)
    Verdict: NOT_CAUSAL — Erasure of lot_size does not hurt more than random
  sqft:
    Probe: 0.5462512171372931
    Cosine sim: 0.9811169505119324
    Price drop: -0.0006
    Info control: FAIL
    Selectivity: PASS (100.0%)
    Verdict: NOT_CAUSAL — Erasure of sqft does not hurt more than random

Saved summary to: /home/anshulk/Housing/data/mp_results/qwen3-4b/layer_5/summary.json

============================================================
COMPLETE in 37s (0.6 min)
============================================================

>>> Qwen layer 6 / 35
============================================================
AMNESIC PROBING WITH MP
============================================================
Model: qwen3-4b
Layer: 6
Methods: ['mp']
Features: ['bedrooms', 'bathrooms', 'year_built', 'lot_size', 'sqft']
Random controls: 10
GPU: True
============================================================

============================================================
LOADING DATA
============================================================
Loading activations from: /home/anshulk/Housing/data/activations/qwen3-4b_2_fewshot_cot_temp0_activations.npz
Activations shape: (5130, 36, 2560)
Feature columns: ['bathrooms_p1_more' 'bedrooms_p1_more' 'year_p1_newer' 'lot_p1_larger'
 'sqft_p1_larger' 'price_p1_higher']
Loading samples from: /home/anshulk/Housing/data/amnesic_samples/selected_samples_qwen3-4b_2_fewshot_cot_temp0.csv
Loaded 5130 samples
Using layer 6, shape: (5130, 2560)
Output dir: /home/anshulk/Housing/data/mp_results/qwen3-4b/layer_6

Feature label class balance:
  bedrooms: 30.29% positive
  bathrooms: 30.18% positive
  year_built: 46.63% positive
  lot_size: 48.44% positive
  sqft: 48.44% positive
Price labels: 48.03% have property 1 more expensive

============================================================
STEP 1: ERASURE + VERIFICATION
============================================================

============================================================
MP erasure for feature: bedrooms
============================================================
Samples: 5130 (train: 3590, val: 513, test: 1027)
Class balance: 30.17% positive
Pre-erasure probe accuracy: 0.701
Rank removed: 1
Post-erasure probe accuracy: 0.699 (target: ~0.50)
Cosine similarity (original vs erased): 0.9833

============================================================
MP erasure for feature: bathrooms
============================================================
Samples: 5130 (train: 3590, val: 513, test: 1027)
Class balance: 30.03% positive
Pre-erasure probe accuracy: 0.701
Rank removed: 1
Post-erasure probe accuracy: 0.703 (target: ~0.50)
Cosine similarity (original vs erased): 0.9904

============================================================
MP erasure for feature: year_built
============================================================
Samples: 5130 (train: 3590, val: 513, test: 1027)
Class balance: 46.82% positive
Pre-erasure probe accuracy: 0.535
WARNING: Low encoding (0.535). Feature may not be linearly encoded.
Rank removed: 1
Post-erasure probe accuracy: 0.532 (target: ~0.50)
Cosine similarity (original vs erased): 0.9870

============================================================
MP erasure for feature: lot_size
============================================================
Samples: 5130 (train: 3590, val: 513, test: 1027)
Class balance: 48.05% positive
Pre-erasure probe accuracy: 0.573
Rank removed: 1
Post-erasure probe accuracy: 0.520 (target: ~0.50)
Cosine similarity (original vs erased): 0.9836

============================================================
MP erasure for feature: sqft
============================================================
Samples: 5130 (train: 3590, val: 513, test: 1027)
Class balance: 48.05% positive
Pre-erasure probe accuracy: 0.572
Rank removed: 1
Post-erasure probe accuracy: 0.520 (target: ~0.50)
Cosine similarity (original vs erased): 0.9836

Saved erasure info to: /home/anshulk/Housing/data/mp_results/qwen3-4b/layer_6/erasure_info.json

============================================================
STEP 2: INFORMATION CONTROL
============================================================

--- BASELINE ---
  Baseline: acc=0.5305, auc=0.5501

--- RANDOM CONTROLS (10 runs) ---
  Random control: mean drop=0.0002 +/- 0.0012

--- MP ---
  bedrooms: acc=0.5318, drop=-0.0013, random=0.0002 -> FAIL
  bathrooms: acc=0.5305, drop=0.0000, random=0.0002 -> FAIL
  year_built: acc=0.5299, drop=0.0006, random=0.0002 -> FAIL
  lot_size: acc=0.5279, drop=0.0026, random=0.0002 -> PASS
  sqft: acc=0.5292, drop=0.0013, random=0.0002 -> FAIL

  ALL FEATURES:
  all_features: acc=0.5344, drop=-0.0039

Saved results to: /home/anshulk/Housing/data/mp_results/qwen3-4b/layer_6/results.csv

============================================================
STEP 3: SELECTIVITY CONTROL
============================================================

--- SELECTIVITY CONTROL (MP) ---
  bedrooms: baseline=0.5305, erased=0.5325, recovered=0.5617 (100.0% recovery) -> PASS
  bathrooms: baseline=0.5305, erased=0.5312, recovered=0.5857 (100.0% recovery) -> PASS
  year_built: baseline=0.5305, erased=0.5305, recovered=0.5617 (100.0% recovery) -> PASS
  lot_size: baseline=0.5305, erased=0.5299, recovered=0.5266 (100.0% recovery) -> PASS
  sqft: baseline=0.5305, erased=0.5292, recovered=0.5208 (100.0% recovery) -> PASS

Saved selectivity to: /home/anshulk/Housing/data/mp_results/qwen3-4b/layer_6/selectivity.csv

============================================================
CORRECTNESS ANALYSIS
============================================================

Saved correctness analysis to: /home/anshulk/Housing/data/mp_results/qwen3-4b/layer_6/correctness.csv

============================================================
SUMMARY
============================================================

--- MP ---
Baseline accuracy: 0.5305
Random control drop: 0.0002

Feature verdicts:
  bedrooms:
    Probe: 0.7010710808179162
    Cosine sim: 0.983265221118927
    Price drop: -0.0013
    Info control: FAIL
    Selectivity: PASS (100.0%)
    Verdict: NOT_CAUSAL — Erasure of bedrooms does not hurt more than random
  bathrooms:
    Probe: 0.7010710808179162
    Cosine sim: 0.9903659820556641
    Price drop: 0.0000
    Info control: FAIL
    Selectivity: PASS (100.0%)
    Verdict: NOT_CAUSAL — Erasure of bathrooms does not hurt more than random
  year_built:
    Probe: 0.5345666991236612
    Cosine sim: 0.9869881868362427
    Price drop: 0.0006
    Info control: FAIL
    Selectivity: PASS (100.0%)
    Verdict: NOT_CAUSAL — Erasure of year_built does not hurt more than random
  lot_size:
    Probe: 0.572541382667965
    Cosine sim: 0.9835995435714722
    Price drop: 0.0026
    Info control: PASS
    Selectivity: PASS (100.0%)
    Verdict: NOT_USED — lot_size encoded but not used for pricing
  sqft:
    Probe: 0.5715676728334956
    Cosine sim: 0.9835995435714722
    Price drop: 0.0013
    Info control: FAIL
    Selectivity: PASS (100.0%)
    Verdict: NOT_CAUSAL — Erasure of sqft does not hurt more than random

Saved summary to: /home/anshulk/Housing/data/mp_results/qwen3-4b/layer_6/summary.json

============================================================
COMPLETE in 38s (0.6 min)
============================================================

>>> Qwen layer 7 / 35
============================================================
AMNESIC PROBING WITH MP
============================================================
Model: qwen3-4b
Layer: 7
Methods: ['mp']
Features: ['bedrooms', 'bathrooms', 'year_built', 'lot_size', 'sqft']
Random controls: 10
GPU: True
============================================================

============================================================
LOADING DATA
============================================================
Loading activations from: /home/anshulk/Housing/data/activations/qwen3-4b_2_fewshot_cot_temp0_activations.npz
Activations shape: (5130, 36, 2560)
Feature columns: ['bathrooms_p1_more' 'bedrooms_p1_more' 'year_p1_newer' 'lot_p1_larger'
 'sqft_p1_larger' 'price_p1_higher']
Loading samples from: /home/anshulk/Housing/data/amnesic_samples/selected_samples_qwen3-4b_2_fewshot_cot_temp0.csv
Loaded 5130 samples
Using layer 7, shape: (5130, 2560)
Output dir: /home/anshulk/Housing/data/mp_results/qwen3-4b/layer_7

Feature label class balance:
  bedrooms: 30.29% positive
  bathrooms: 30.18% positive
  year_built: 46.63% positive
  lot_size: 48.44% positive
  sqft: 48.44% positive
Price labels: 48.03% have property 1 more expensive

============================================================
STEP 1: ERASURE + VERIFICATION
============================================================

============================================================
MP erasure for feature: bedrooms
============================================================
Samples: 5130 (train: 3590, val: 513, test: 1027)
Class balance: 30.17% positive
Pre-erasure probe accuracy: 0.699
Rank removed: 1
Post-erasure probe accuracy: 0.699 (target: ~0.50)
Cosine similarity (original vs erased): 0.9796

============================================================
MP erasure for feature: bathrooms
============================================================
Samples: 5130 (train: 3590, val: 513, test: 1027)
Class balance: 30.03% positive
Pre-erasure probe accuracy: 0.699
Rank removed: 1
Post-erasure probe accuracy: 0.703 (target: ~0.50)
Cosine similarity (original vs erased): 0.9901

============================================================
MP erasure for feature: year_built
============================================================
Samples: 5130 (train: 3590, val: 513, test: 1027)
Class balance: 46.82% positive
Pre-erasure probe accuracy: 0.542
WARNING: Low encoding (0.542). Feature may not be linearly encoded.
Rank removed: 1
Post-erasure probe accuracy: 0.532 (target: ~0.50)
Cosine similarity (original vs erased): 0.9847

============================================================
MP erasure for feature: lot_size
============================================================
Samples: 5130 (train: 3590, val: 513, test: 1027)
Class balance: 48.05% positive
Pre-erasure probe accuracy: 0.555
Rank removed: 1
Post-erasure probe accuracy: 0.520 (target: ~0.50)
Cosine similarity (original vs erased): 0.9846

============================================================
MP erasure for feature: sqft
============================================================
Samples: 5130 (train: 3590, val: 513, test: 1027)
Class balance: 48.05% positive
Pre-erasure probe accuracy: 0.559
Rank removed: 1
Post-erasure probe accuracy: 0.520 (target: ~0.50)
Cosine similarity (original vs erased): 0.9846

Saved erasure info to: /home/anshulk/Housing/data/mp_results/qwen3-4b/layer_7/erasure_info.json

============================================================
STEP 2: INFORMATION CONTROL
============================================================

--- BASELINE ---
  Baseline: acc=0.5325, auc=0.5500

--- RANDOM CONTROLS (10 runs) ---
  Random control: mean drop=0.0006 +/- 0.0015

--- MP ---
  bedrooms: acc=0.5318, drop=0.0006, random=0.0006 -> FAIL
  bathrooms: acc=0.5234, drop=0.0091, random=0.0006 -> PASS
  year_built: acc=0.5331, drop=-0.0006, random=0.0006 -> FAIL
  lot_size: acc=0.5338, drop=-0.0013, random=0.0006 -> FAIL
  sqft: acc=0.5325, drop=0.0000, random=0.0006 -> FAIL

  ALL FEATURES:
  all_features: acc=0.5338, drop=-0.0013

Saved results to: /home/anshulk/Housing/data/mp_results/qwen3-4b/layer_7/results.csv

============================================================
STEP 3: SELECTIVITY CONTROL
============================================================

--- SELECTIVITY CONTROL (MP) ---
  bedrooms: baseline=0.5325, erased=0.5305, recovered=0.5662 (100.0% recovery) -> PASS
  bathrooms: baseline=0.5325, erased=0.5234, recovered=0.5890 (200.0% recovery) -> PASS
  year_built: baseline=0.5325, erased=0.5364, recovered=0.5571 (100.0% recovery) -> PASS
  lot_size: baseline=0.5325, erased=0.5357, recovered=0.5370 (100.0% recovery) -> PASS
  sqft: baseline=0.5325, erased=0.5318, recovered=0.5377 (100.0% recovery) -> PASS

Saved selectivity to: /home/anshulk/Housing/data/mp_results/qwen3-4b/layer_7/selectivity.csv

============================================================
CORRECTNESS ANALYSIS
============================================================

Saved correctness analysis to: /home/anshulk/Housing/data/mp_results/qwen3-4b/layer_7/correctness.csv

============================================================
SUMMARY
============================================================

--- MP ---
Baseline accuracy: 0.5325
Random control drop: 0.0006

Feature verdicts:
  bedrooms:
    Probe: 0.6991236611489776
    Cosine sim: 0.979622483253479
    Price drop: 0.0006
    Info control: FAIL
    Selectivity: PASS (100.0%)
    Verdict: NOT_CAUSAL — Erasure of bedrooms does not hurt more than random
  bathrooms:
    Probe: 0.6991236611489776
    Cosine sim: 0.9900605082511902
    Price drop: 0.0091
    Info control: PASS
    Selectivity: PASS (200.0%)
    Verdict: NOT_USED — bathrooms encoded but not used for pricing
  year_built:
    Probe: 0.5423563777994158
    Cosine sim: 0.9846591949462891
    Price drop: -0.0006
    Info control: FAIL
    Selectivity: PASS (100.0%)
    Verdict: NOT_CAUSAL — Erasure of year_built does not hurt more than random
  lot_size:
    Probe: 0.555014605647517
    Cosine sim: 0.984636664390564
    Price drop: -0.0013
    Info control: FAIL
    Selectivity: PASS (100.0%)
    Verdict: NOT_CAUSAL — Erasure of lot_size does not hurt more than random
  sqft:
    Probe: 0.5589094449853943
    Cosine sim: 0.984636664390564
    Price drop: 0.0000
    Info control: FAIL
    Selectivity: PASS (100.0%)
    Verdict: NOT_CAUSAL — Erasure of sqft does not hurt more than random

Saved summary to: /home/anshulk/Housing/data/mp_results/qwen3-4b/layer_7/summary.json

============================================================
COMPLETE in 39s (0.6 min)
============================================================

>>> Qwen layer 8 / 35
============================================================
AMNESIC PROBING WITH MP
============================================================
Model: qwen3-4b
Layer: 8
Methods: ['mp']
Features: ['bedrooms', 'bathrooms', 'year_built', 'lot_size', 'sqft']
Random controls: 10
GPU: True
============================================================

============================================================
LOADING DATA
============================================================
Loading activations from: /home/anshulk/Housing/data/activations/qwen3-4b_2_fewshot_cot_temp0_activations.npz
Activations shape: (5130, 36, 2560)
Feature columns: ['bathrooms_p1_more' 'bedrooms_p1_more' 'year_p1_newer' 'lot_p1_larger'
 'sqft_p1_larger' 'price_p1_higher']
Loading samples from: /home/anshulk/Housing/data/amnesic_samples/selected_samples_qwen3-4b_2_fewshot_cot_temp0.csv
Loaded 5130 samples
Using layer 8, shape: (5130, 2560)
Output dir: /home/anshulk/Housing/data/mp_results/qwen3-4b/layer_8

Feature label class balance:
  bedrooms: 30.29% positive
  bathrooms: 30.18% positive
  year_built: 46.63% positive
  lot_size: 48.44% positive
  sqft: 48.44% positive
Price labels: 48.03% have property 1 more expensive

============================================================
STEP 1: ERASURE + VERIFICATION
============================================================

============================================================
MP erasure for feature: bedrooms
============================================================
Samples: 5130 (train: 3590, val: 513, test: 1027)
Class balance: 30.17% positive
Pre-erasure probe accuracy: 0.699
Rank removed: 1
Post-erasure probe accuracy: 0.699 (target: ~0.50)
Cosine similarity (original vs erased): 0.9785

============================================================
MP erasure for feature: bathrooms
============================================================
Samples: 5130 (train: 3590, val: 513, test: 1027)
Class balance: 30.03% positive
Pre-erasure probe accuracy: 0.699
Rank removed: 1
Post-erasure probe accuracy: 0.703 (target: ~0.50)
Cosine similarity (original vs erased): 0.9869

============================================================
MP erasure for feature: year_built
============================================================
Samples: 5130 (train: 3590, val: 513, test: 1027)
Class balance: 46.82% positive
Pre-erasure probe accuracy: 0.550
Rank removed: 1
Post-erasure probe accuracy: 0.532 (target: ~0.50)
Cosine similarity (original vs erased): 0.9805

============================================================
MP erasure for feature: lot_size
============================================================
Samples: 5130 (train: 3590, val: 513, test: 1027)
Class balance: 48.05% positive
Pre-erasure probe accuracy: 0.552
Rank removed: 1
Post-erasure probe accuracy: 0.520 (target: ~0.50)
Cosine similarity (original vs erased): 0.9855

============================================================
MP erasure for feature: sqft
============================================================
Samples: 5130 (train: 3590, val: 513, test: 1027)
Class balance: 48.05% positive
Pre-erasure probe accuracy: 0.554
Rank removed: 1
Post-erasure probe accuracy: 0.520 (target: ~0.50)
Cosine similarity (original vs erased): 0.9855

Saved erasure info to: /home/anshulk/Housing/data/mp_results/qwen3-4b/layer_8/erasure_info.json

============================================================
STEP 2: INFORMATION CONTROL
============================================================

--- BASELINE ---
  Baseline: acc=0.5253, auc=0.5568

--- RANDOM CONTROLS (10 runs) ---
[W] [17:01:29.414367] L-BFGS stopped, because the line search failed to advance (step delta = 0.000000)
  Random control: mean drop=0.0022 +/- 0.0013

--- MP ---
  bedrooms: acc=0.5195, drop=0.0058, random=0.0022 -> PASS
  bathrooms: acc=0.5221, drop=0.0032, random=0.0022 -> FAIL
  year_built: acc=0.5266, drop=-0.0013, random=0.0022 -> FAIL
  lot_size: acc=0.5266, drop=-0.0013, random=0.0022 -> FAIL
  sqft: acc=0.5279, drop=-0.0026, random=0.0022 -> FAIL

  ALL FEATURES:
  all_features: acc=0.5175, drop=0.0078

Saved results to: /home/anshulk/Housing/data/mp_results/qwen3-4b/layer_8/results.csv

============================================================
STEP 3: SELECTIVITY CONTROL
============================================================

--- SELECTIVITY CONTROL (MP) ---
  bedrooms: baseline=0.5227, erased=0.5195, recovered=0.5636 (100.0% recovery) -> PASS
  bathrooms: baseline=0.5227, erased=0.5234, recovered=0.6013 (100.0% recovery) -> PASS
  year_built: baseline=0.5227, erased=0.5253, recovered=0.5662 (100.0% recovery) -> PASS
  lot_size: baseline=0.5227, erased=0.5331, recovered=0.5286 (43.7% recovery) -> PASS
  sqft: baseline=0.5227, erased=0.5266, recovered=0.5279 (100.0% recovery) -> PASS

Saved selectivity to: /home/anshulk/Housing/data/mp_results/qwen3-4b/layer_8/selectivity.csv

============================================================
CORRECTNESS ANALYSIS
============================================================

Saved correctness analysis to: /home/anshulk/Housing/data/mp_results/qwen3-4b/layer_8/correctness.csv

============================================================
SUMMARY
============================================================

--- MP ---
Baseline accuracy: 0.5253
Random control drop: 0.0022

Feature verdicts:
  bedrooms:
    Probe: 0.6991236611489776
    Cosine sim: 0.9785009026527405
    Price drop: 0.0058
    Info control: PASS
    Selectivity: PASS (100.0%)
    Verdict: NOT_USED — bedrooms encoded but not used for pricing
  bathrooms:
    Probe: 0.6991236611489776
    Cosine sim: 0.9868967533111572
    Price drop: 0.0032
    Info control: FAIL
    Selectivity: PASS (100.0%)
    Verdict: NOT_CAUSAL — Erasure of bathrooms does not hurt more than random
  year_built:
    Probe: 0.5501460564751705
    Cosine sim: 0.9804995059967041
    Price drop: -0.0013
    Info control: FAIL
    Selectivity: PASS (100.0%)
    Verdict: NOT_CAUSAL — Erasure of year_built does not hurt more than random
  lot_size:
    Probe: 0.5520934761441091
    Cosine sim: 0.9855433702468872
    Price drop: -0.0013
    Info control: FAIL
    Selectivity: PASS (43.7%)
    Verdict: NOT_CAUSAL — Erasure of lot_size does not hurt more than random
  sqft:
    Probe: 0.5540408958130477
    Cosine sim: 0.9855433702468872
    Price drop: -0.0026
    Info control: FAIL
    Selectivity: PASS (100.0%)
    Verdict: NOT_CAUSAL — Erasure of sqft does not hurt more than random

Saved summary to: /home/anshulk/Housing/data/mp_results/qwen3-4b/layer_8/summary.json

============================================================
COMPLETE in 40s (0.7 min)
============================================================

>>> Qwen layer 9 / 35
============================================================
AMNESIC PROBING WITH MP
============================================================
Model: qwen3-4b
Layer: 9
Methods: ['mp']
Features: ['bedrooms', 'bathrooms', 'year_built', 'lot_size', 'sqft']
Random controls: 10
GPU: True
============================================================

============================================================
LOADING DATA
============================================================
Loading activations from: /home/anshulk/Housing/data/activations/qwen3-4b_2_fewshot_cot_temp0_activations.npz
Activations shape: (5130, 36, 2560)
Feature columns: ['bathrooms_p1_more' 'bedrooms_p1_more' 'year_p1_newer' 'lot_p1_larger'
 'sqft_p1_larger' 'price_p1_higher']
Loading samples from: /home/anshulk/Housing/data/amnesic_samples/selected_samples_qwen3-4b_2_fewshot_cot_temp0.csv
Loaded 5130 samples
Using layer 9, shape: (5130, 2560)
Output dir: /home/anshulk/Housing/data/mp_results/qwen3-4b/layer_9

Feature label class balance:
  bedrooms: 30.29% positive
  bathrooms: 30.18% positive
  year_built: 46.63% positive
  lot_size: 48.44% positive
  sqft: 48.44% positive
Price labels: 48.03% have property 1 more expensive

============================================================
STEP 1: ERASURE + VERIFICATION
============================================================

============================================================
MP erasure for feature: bedrooms
============================================================
Samples: 5130 (train: 3590, val: 513, test: 1027)
Class balance: 30.17% positive
Pre-erasure probe accuracy: 0.699
Rank removed: 1
Post-erasure probe accuracy: 0.699 (target: ~0.50)
Cosine similarity (original vs erased): 0.9772

============================================================
MP erasure for feature: bathrooms
============================================================
Samples: 5130 (train: 3590, val: 513, test: 1027)
Class balance: 30.03% positive
Pre-erasure probe accuracy: 0.700
Rank removed: 1
Post-erasure probe accuracy: 0.703 (target: ~0.50)
Cosine similarity (original vs erased): 0.9873

============================================================
MP erasure for feature: year_built
============================================================
Samples: 5130 (train: 3590, val: 513, test: 1027)
Class balance: 46.82% positive
Pre-erasure probe accuracy: 0.551
Rank removed: 1
Post-erasure probe accuracy: 0.532 (target: ~0.50)
Cosine similarity (original vs erased): 0.9806

============================================================
MP erasure for feature: lot_size
============================================================
Samples: 5130 (train: 3590, val: 513, test: 1027)
Class balance: 48.05% positive
Pre-erasure probe accuracy: 0.562
Rank removed: 1
Post-erasure probe accuracy: 0.520 (target: ~0.50)
Cosine similarity (original vs erased): 0.9843

============================================================
MP erasure for feature: sqft
============================================================
Samples: 5130 (train: 3590, val: 513, test: 1027)
Class balance: 48.05% positive
Pre-erasure probe accuracy: 0.564
Rank removed: 1
Post-erasure probe accuracy: 0.520 (target: ~0.50)
Cosine similarity (original vs erased): 0.9843

Saved erasure info to: /home/anshulk/Housing/data/mp_results/qwen3-4b/layer_9/erasure_info.json

============================================================
STEP 2: INFORMATION CONTROL
============================================================

--- BASELINE ---
  Baseline: acc=0.5331, auc=0.5541

--- RANDOM CONTROLS (10 runs) ---
[W] [17:02:14.154707] L-BFGS stopped, because the line search failed to advance (step delta = 0.000000)
[W] [17:02:14.765860] L-BFGS line search failed (code 3); stopping at the last valid step
  Random control: mean drop=0.0009 +/- 0.0011

--- MP ---
  bedrooms: acc=0.5266, drop=0.0065, random=0.0009 -> PASS
  bathrooms: acc=0.5299, drop=0.0032, random=0.0009 -> PASS
  year_built: acc=0.5383, drop=-0.0052, random=0.0009 -> FAIL
  lot_size: acc=0.5331, drop=0.0000, random=0.0009 -> FAIL
  sqft: acc=0.5312, drop=0.0019, random=0.0009 -> FAIL

  ALL FEATURES:
  all_features: acc=0.5305, drop=0.0026

Saved results to: /home/anshulk/Housing/data/mp_results/qwen3-4b/layer_9/results.csv

============================================================
STEP 3: SELECTIVITY CONTROL
============================================================

--- SELECTIVITY CONTROL (MP) ---
  bedrooms: baseline=0.5338, erased=0.5240, recovered=0.5727 (200.0% recovery) -> PASS
  bathrooms: baseline=0.5338, erased=0.5312, recovered=0.5942 (100.0% recovery) -> PASS
  year_built: baseline=0.5338, erased=0.5357, recovered=0.5591 (100.0% recovery) -> PASS
  lot_size: baseline=0.5338, erased=0.5331, recovered=0.5390 (100.0% recovery) -> PASS
  sqft: baseline=0.5338, erased=0.5325, recovered=0.5429 (100.0% recovery) -> PASS

Saved selectivity to: /home/anshulk/Housing/data/mp_results/qwen3-4b/layer_9/selectivity.csv

============================================================
CORRECTNESS ANALYSIS
============================================================

Saved correctness analysis to: /home/anshulk/Housing/data/mp_results/qwen3-4b/layer_9/correctness.csv

============================================================
SUMMARY
============================================================

--- MP ---
Baseline accuracy: 0.5331
Random control drop: 0.0009

Feature verdicts:
  bedrooms:
    Probe: 0.6991236611489776
    Cosine sim: 0.9771755933761597
    Price drop: 0.0065
    Info control: PASS
    Selectivity: PASS (200.0%)
    Verdict: NOT_USED — bedrooms encoded but not used for pricing
  bathrooms:
    Probe: 0.7000973709834469
    Cosine sim: 0.9873201251029968
    Price drop: 0.0032
    Info control: PASS
    Selectivity: PASS (100.0%)
    Verdict: NOT_USED — bathrooms encoded but not used for pricing
  year_built:
    Probe: 0.5511197663096398
    Cosine sim: 0.9805546998977661
    Price drop: -0.0052
    Info control: FAIL
    Selectivity: PASS (100.0%)
    Verdict: NOT_CAUSAL — Erasure of year_built does not hurt more than random
  lot_size:
    Probe: 0.5618305744888024
    Cosine sim: 0.9843370914459229
    Price drop: 0.0000
    Info control: FAIL
    Selectivity: PASS (100.0%)
    Verdict: NOT_CAUSAL — Erasure of lot_size does not hurt more than random
  sqft:
    Probe: 0.563777994157741
    Cosine sim: 0.9843370914459229
    Price drop: 0.0019
    Info control: FAIL
    Selectivity: PASS (100.0%)
    Verdict: NOT_CAUSAL — Erasure of sqft does not hurt more than random

Saved summary to: /home/anshulk/Housing/data/mp_results/qwen3-4b/layer_9/summary.json

============================================================
COMPLETE in 39s (0.7 min)
============================================================

>>> Qwen layer 10 / 35
============================================================
AMNESIC PROBING WITH MP
============================================================
Model: qwen3-4b
Layer: 10
Methods: ['mp']
Features: ['bedrooms', 'bathrooms', 'year_built', 'lot_size', 'sqft']
Random controls: 10
GPU: True
============================================================

============================================================
LOADING DATA
============================================================
Loading activations from: /home/anshulk/Housing/data/activations/qwen3-4b_2_fewshot_cot_temp0_activations.npz
Activations shape: (5130, 36, 2560)
Feature columns: ['bathrooms_p1_more' 'bedrooms_p1_more' 'year_p1_newer' 'lot_p1_larger'
 'sqft_p1_larger' 'price_p1_higher']
Loading samples from: /home/anshulk/Housing/data/amnesic_samples/selected_samples_qwen3-4b_2_fewshot_cot_temp0.csv
Loaded 5130 samples
Using layer 10, shape: (5130, 2560)
Output dir: /home/anshulk/Housing/data/mp_results/qwen3-4b/layer_10

Feature label class balance:
  bedrooms: 30.29% positive
  bathrooms: 30.18% positive
  year_built: 46.63% positive
  lot_size: 48.44% positive
  sqft: 48.44% positive
Price labels: 48.03% have property 1 more expensive

============================================================
STEP 1: ERASURE + VERIFICATION
============================================================

============================================================
MP erasure for feature: bedrooms
============================================================
Samples: 5130 (train: 3590, val: 513, test: 1027)
Class balance: 30.17% positive
Pre-erasure probe accuracy: 0.699
Rank removed: 1
Post-erasure probe accuracy: 0.699 (target: ~0.50)
Cosine similarity (original vs erased): 0.9743

============================================================
MP erasure for feature: bathrooms
============================================================
Samples: 5130 (train: 3590, val: 513, test: 1027)
Class balance: 30.03% positive
Pre-erasure probe accuracy: 0.703
Rank removed: 1
Post-erasure probe accuracy: 0.703 (target: ~0.50)
Cosine similarity (original vs erased): 0.9840

============================================================
MP erasure for feature: year_built
============================================================
Samples: 5130 (train: 3590, val: 513, test: 1027)
Class balance: 46.82% positive
Pre-erasure probe accuracy: 0.581
Rank removed: 1
Post-erasure probe accuracy: 0.532 (target: ~0.50)
Cosine similarity (original vs erased): 0.9788

============================================================
MP erasure for feature: lot_size
============================================================
Samples: 5130 (train: 3590, val: 513, test: 1027)
Class balance: 48.05% positive
Pre-erasure probe accuracy: 0.567
Rank removed: 1
Post-erasure probe accuracy: 0.520 (target: ~0.50)
Cosine similarity (original vs erased): 0.9838

============================================================
MP erasure for feature: sqft
============================================================
Samples: 5130 (train: 3590, val: 513, test: 1027)
Class balance: 48.05% positive
Pre-erasure probe accuracy: 0.570
Rank removed: 1
Post-erasure probe accuracy: 0.520 (target: ~0.50)
Cosine similarity (original vs erased): 0.9838

Saved erasure info to: /home/anshulk/Housing/data/mp_results/qwen3-4b/layer_10/erasure_info.json

============================================================
STEP 2: INFORMATION CONTROL
============================================================

--- BASELINE ---
  Baseline: acc=0.5403, auc=0.5514

--- RANDOM CONTROLS (10 runs) ---
  Random control: mean drop=0.0003 +/- 0.0018

--- MP ---
  bedrooms: acc=0.5435, drop=-0.0032, random=0.0003 -> FAIL
  bathrooms: acc=0.5325, drop=0.0078, random=0.0003 -> PASS
  year_built: acc=0.5403, drop=0.0000, random=0.0003 -> FAIL
  lot_size: acc=0.5390, drop=0.0013, random=0.0003 -> FAIL
  sqft: acc=0.5403, drop=0.0000, random=0.0003 -> FAIL

  ALL FEATURES:
  all_features: acc=0.5416, drop=-0.0013

Saved results to: /home/anshulk/Housing/data/mp_results/qwen3-4b/layer_10/results.csv

============================================================
STEP 3: SELECTIVITY CONTROL
============================================================

--- SELECTIVITY CONTROL (MP) ---
  bedrooms: baseline=0.5396, erased=0.5435, recovered=0.5695 (100.0% recovery) -> PASS
  bathrooms: baseline=0.5396, erased=0.5331, recovered=0.5851 (200.0% recovery) -> PASS
  year_built: baseline=0.5396, erased=0.5409, recovered=0.5597 (100.0% recovery) -> PASS
  lot_size: baseline=0.5396, erased=0.5370, recovered=0.5461 (100.0% recovery) -> PASS
  sqft: baseline=0.5396, erased=0.5383, recovered=0.5455 (100.0% recovery) -> PASS

Saved selectivity to: /home/anshulk/Housing/data/mp_results/qwen3-4b/layer_10/selectivity.csv

============================================================
CORRECTNESS ANALYSIS
============================================================

Saved correctness analysis to: /home/anshulk/Housing/data/mp_results/qwen3-4b/layer_10/correctness.csv

============================================================
SUMMARY
============================================================

--- MP ---
Baseline accuracy: 0.5403
Random control drop: 0.0003

Feature verdicts:
  bedrooms:
    Probe: 0.6991236611489776
    Cosine sim: 0.974250853061676
    Price drop: -0.0032
    Info control: FAIL
    Selectivity: PASS (100.0%)
    Verdict: NOT_CAUSAL — Erasure of bedrooms does not hurt more than random
  bathrooms:
    Probe: 0.7030185004868549
    Cosine sim: 0.9840355515480042
    Price drop: 0.0078
    Info control: PASS
    Selectivity: PASS (200.0%)
    Verdict: NOT_USED — bathrooms encoded but not used for pricing
  year_built:
    Probe: 0.5813047711781889
    Cosine sim: 0.9787977933883667
    Price drop: 0.0000
    Info control: FAIL
    Selectivity: PASS (100.0%)
    Verdict: NOT_CAUSAL — Erasure of year_built does not hurt more than random
  lot_size:
    Probe: 0.5666991236611489
    Cosine sim: 0.9837755560874939
    Price drop: 0.0013
    Info control: FAIL
    Selectivity: PASS (100.0%)
    Verdict: NOT_CAUSAL — Erasure of lot_size does not hurt more than random
  sqft:
    Probe: 0.569620253164557
    Cosine sim: 0.9837755560874939
    Price drop: 0.0000
    Info control: FAIL
    Selectivity: PASS (100.0%)
    Verdict: NOT_CAUSAL — Erasure of sqft does not hurt more than random

Saved summary to: /home/anshulk/Housing/data/mp_results/qwen3-4b/layer_10/summary.json

============================================================
COMPLETE in 42s (0.7 min)
============================================================

>>> Qwen layer 11 / 35
============================================================
AMNESIC PROBING WITH MP
============================================================
Model: qwen3-4b
Layer: 11
Methods: ['mp']
Features: ['bedrooms', 'bathrooms', 'year_built', 'lot_size', 'sqft']
Random controls: 10
GPU: True
============================================================

============================================================
LOADING DATA
============================================================
Loading activations from: /home/anshulk/Housing/data/activations/qwen3-4b_2_fewshot_cot_temp0_activations.npz
Activations shape: (5130, 36, 2560)
Feature columns: ['bathrooms_p1_more' 'bedrooms_p1_more' 'year_p1_newer' 'lot_p1_larger'
 'sqft_p1_larger' 'price_p1_higher']
Loading samples from: /home/anshulk/Housing/data/amnesic_samples/selected_samples_qwen3-4b_2_fewshot_cot_temp0.csv
Loaded 5130 samples
Using layer 11, shape: (5130, 2560)
Output dir: /home/anshulk/Housing/data/mp_results/qwen3-4b/layer_11

Feature label class balance:
  bedrooms: 30.29% positive
  bathrooms: 30.18% positive
  year_built: 46.63% positive
  lot_size: 48.44% positive
  sqft: 48.44% positive
Price labels: 48.03% have property 1 more expensive

============================================================
STEP 1: ERASURE + VERIFICATION
============================================================

============================================================
MP erasure for feature: bedrooms
============================================================
Samples: 5130 (train: 3590, val: 513, test: 1027)
Class balance: 30.17% positive
Pre-erasure probe accuracy: 0.701
Rank removed: 1
Post-erasure probe accuracy: 0.699 (target: ~0.50)
Cosine similarity (original vs erased): 0.9745

============================================================
MP erasure for feature: bathrooms
============================================================
Samples: 5130 (train: 3590, val: 513, test: 1027)
Class balance: 30.03% positive
Pre-erasure probe accuracy: 0.702
Rank removed: 1
Post-erasure probe accuracy: 0.703 (target: ~0.50)
Cosine similarity (original vs erased): 0.9860

============================================================
MP erasure for feature: year_built
============================================================
Samples: 5130 (train: 3590, val: 513, test: 1027)
Class balance: 46.82% positive
Pre-erasure probe accuracy: 0.580
Rank removed: 1
Post-erasure probe accuracy: 0.532 (target: ~0.50)
Cosine similarity (original vs erased): 0.9797

============================================================
MP erasure for feature: lot_size
============================================================
Samples: 5130 (train: 3590, val: 513, test: 1027)
Class balance: 48.05% positive
Pre-erasure probe accuracy: 0.573
Rank removed: 1
Post-erasure probe accuracy: 0.520 (target: ~0.50)
Cosine similarity (original vs erased): 0.9844

============================================================
MP erasure for feature: sqft
============================================================
Samples: 5130 (train: 3590, val: 513, test: 1027)
Class balance: 48.05% positive
Pre-erasure probe accuracy: 0.572
Rank removed: 1
Post-erasure probe accuracy: 0.520 (target: ~0.50)
Cosine similarity (original vs erased): 0.9844

Saved erasure info to: /home/anshulk/Housing/data/mp_results/qwen3-4b/layer_11/erasure_info.json

============================================================
STEP 2: INFORMATION CONTROL
============================================================

--- BASELINE ---
  Baseline: acc=0.5305, auc=0.5457

--- RANDOM CONTROLS (10 runs) ---
  Random control: mean drop=-0.0026 +/- 0.0012

--- MP ---
  bedrooms: acc=0.5383, drop=-0.0078, random=-0.0026 -> FAIL
  bathrooms: acc=0.5266, drop=0.0039, random=-0.0026 -> PASS
  year_built: acc=0.5396, drop=-0.0091, random=-0.0026 -> FAIL
  lot_size: acc=0.5370, drop=-0.0065, random=-0.0026 -> FAIL
  sqft: acc=0.5364, drop=-0.0058, random=-0.0026 -> FAIL

  ALL FEATURES:
  all_features: acc=0.5338, drop=-0.0032

Saved results to: /home/anshulk/Housing/data/mp_results/qwen3-4b/layer_11/results.csv

============================================================
STEP 3: SELECTIVITY CONTROL
============================================================

--- SELECTIVITY CONTROL (MP) ---
  bedrooms: baseline=0.5351, erased=0.5370, recovered=0.5597 (100.0% recovery) -> PASS
  bathrooms: baseline=0.5351, erased=0.5279, recovered=0.5812 (200.0% recovery) -> PASS
  year_built: baseline=0.5351, erased=0.5409, recovered=0.5623 (0.0% recovery) -> PASS
  lot_size: baseline=0.5351, erased=0.5377, recovered=0.5422 (100.0% recovery) -> PASS
  sqft: baseline=0.5351, erased=0.5377, recovered=0.5422 (100.0% recovery) -> PASS

Saved selectivity to: /home/anshulk/Housing/data/mp_results/qwen3-4b/layer_11/selectivity.csv

============================================================
CORRECTNESS ANALYSIS
============================================================

Saved correctness analysis to: /home/anshulk/Housing/data/mp_results/qwen3-4b/layer_11/correctness.csv

============================================================
SUMMARY
============================================================

--- MP ---
Baseline accuracy: 0.5305
Random control drop: -0.0026

Feature verdicts:
  bedrooms:
    Probe: 0.7010710808179162
    Cosine sim: 0.9744924306869507
    Price drop: -0.0078
    Info control: FAIL
    Selectivity: PASS (100.0%)
    Verdict: NOT_CAUSAL — Erasure of bedrooms does not hurt more than random
  bathrooms:
    Probe: 0.7020447906523856
    Cosine sim: 0.986015796661377
    Price drop: 0.0039
    Info control: PASS
    Selectivity: PASS (200.0%)
    Verdict: NOT_USED — bathrooms encoded but not used for pricing
  year_built:
    Probe: 0.5803310613437196
    Cosine sim: 0.9796555042266846
    Price drop: -0.0091
    Info control: FAIL
    Selectivity: PASS (0.0%)
    Verdict: NOT_CAUSAL — Erasure of year_built does not hurt more than random
  lot_size:
    Probe: 0.572541382667965
    Cosine sim: 0.9844427704811096
    Price drop: -0.0065
    Info control: FAIL
    Selectivity: PASS (100.0%)
    Verdict: NOT_CAUSAL — Erasure of lot_size does not hurt more than random
  sqft:
    Probe: 0.5715676728334956
    Cosine sim: 0.9844427704811096
    Price drop: -0.0058
    Info control: FAIL
    Selectivity: PASS (100.0%)
    Verdict: NOT_CAUSAL — Erasure of sqft does not hurt more than random

Saved summary to: /home/anshulk/Housing/data/mp_results/qwen3-4b/layer_11/summary.json

============================================================
COMPLETE in 41s (0.7 min)
============================================================

>>> Qwen layer 12 / 35
============================================================
AMNESIC PROBING WITH MP
============================================================
Model: qwen3-4b
Layer: 12
Methods: ['mp']
Features: ['bedrooms', 'bathrooms', 'year_built', 'lot_size', 'sqft']
Random controls: 10
GPU: True
============================================================

============================================================
LOADING DATA
============================================================
Loading activations from: /home/anshulk/Housing/data/activations/qwen3-4b_2_fewshot_cot_temp0_activations.npz
Activations shape: (5130, 36, 2560)
Feature columns: ['bathrooms_p1_more' 'bedrooms_p1_more' 'year_p1_newer' 'lot_p1_larger'
 'sqft_p1_larger' 'price_p1_higher']
Loading samples from: /home/anshulk/Housing/data/amnesic_samples/selected_samples_qwen3-4b_2_fewshot_cot_temp0.csv
Loaded 5130 samples
Using layer 12, shape: (5130, 2560)
Output dir: /home/anshulk/Housing/data/mp_results/qwen3-4b/layer_12

Feature label class balance:
  bedrooms: 30.29% positive
  bathrooms: 30.18% positive
  year_built: 46.63% positive
  lot_size: 48.44% positive
  sqft: 48.44% positive
Price labels: 48.03% have property 1 more expensive

============================================================
STEP 1: ERASURE + VERIFICATION
============================================================

============================================================
MP erasure for feature: bedrooms
============================================================
Samples: 5130 (train: 3590, val: 513, test: 1027)
Class balance: 30.17% positive
Pre-erasure probe accuracy: 0.701
Rank removed: 1
Post-erasure probe accuracy: 0.699 (target: ~0.50)
Cosine similarity (original vs erased): 0.9759

============================================================
MP erasure for feature: bathrooms
============================================================
Samples: 5130 (train: 3590, val: 513, test: 1027)
Class balance: 30.03% positive
Pre-erasure probe accuracy: 0.706
Rank removed: 1
Post-erasure probe accuracy: 0.703 (target: ~0.50)
Cosine similarity (original vs erased): 0.9854

============================================================
MP erasure for feature: year_built
============================================================
Samples: 5130 (train: 3590, val: 513, test: 1027)
Class balance: 46.82% positive
Pre-erasure probe accuracy: 0.613
Rank removed: 1
Post-erasure probe accuracy: 0.532 (target: ~0.50)
Cosine similarity (original vs erased): 0.9763

============================================================
MP erasure for feature: lot_size
============================================================
Samples: 5130 (train: 3590, val: 513, test: 1027)
Class balance: 48.05% positive
Pre-erasure probe accuracy: 0.561
Rank removed: 1
Post-erasure probe accuracy: 0.520 (target: ~0.50)
Cosine similarity (original vs erased): 0.9826

============================================================
MP erasure for feature: sqft
============================================================
Samples: 5130 (train: 3590, val: 513, test: 1027)
Class balance: 48.05% positive
Pre-erasure probe accuracy: 0.560
Rank removed: 1
Post-erasure probe accuracy: 0.520 (target: ~0.50)
Cosine similarity (original vs erased): 0.9826

Saved erasure info to: /home/anshulk/Housing/data/mp_results/qwen3-4b/layer_12/erasure_info.json

============================================================
STEP 2: INFORMATION CONTROL
============================================================

--- BASELINE ---
  Baseline: acc=0.5344, auc=0.5470

--- RANDOM CONTROLS (10 runs) ---
[W] [17:04:22.188032] L-BFGS stopped, because the line search failed to advance (step delta = 0.000000)
  Random control: mean drop=0.0007 +/- 0.0011

--- MP ---
  bedrooms: acc=0.5351, drop=-0.0006, random=0.0007 -> FAIL
  bathrooms: acc=0.5260, drop=0.0084, random=0.0007 -> PASS
  year_built: acc=0.5351, drop=-0.0006, random=0.0007 -> FAIL
  lot_size: acc=0.5357, drop=-0.0013, random=0.0007 -> FAIL
  sqft: acc=0.5364, drop=-0.0019, random=0.0007 -> FAIL

  ALL FEATURES:
  all_features: acc=0.5403, drop=-0.0058

Saved results to: /home/anshulk/Housing/data/mp_results/qwen3-4b/layer_12/results.csv

============================================================
STEP 3: SELECTIVITY CONTROL
============================================================

--- SELECTIVITY CONTROL (MP) ---
  bedrooms: baseline=0.5325, erased=0.5364, recovered=0.5526 (100.0% recovery) -> PASS
  bathrooms: baseline=0.5325, erased=0.5253, recovered=0.5877 (200.0% recovery) -> PASS
  year_built: baseline=0.5325, erased=0.5344, recovered=0.5584 (100.0% recovery) -> PASS
  lot_size: baseline=0.5325, erased=0.5364, recovered=0.5442 (100.0% recovery) -> PASS
  sqft: baseline=0.5325, erased=0.5364, recovered=0.5416 (100.0% recovery) -> PASS

Saved selectivity to: /home/anshulk/Housing/data/mp_results/qwen3-4b/layer_12/selectivity.csv

============================================================
CORRECTNESS ANALYSIS
============================================================

Saved correctness analysis to: /home/anshulk/Housing/data/mp_results/qwen3-4b/layer_12/correctness.csv

============================================================
SUMMARY
============================================================

--- MP ---
Baseline accuracy: 0.5344
Random control drop: 0.0007

Feature verdicts:
  bedrooms:
    Probe: 0.7010710808179162
    Cosine sim: 0.9759440422058105
    Price drop: -0.0006
    Info control: FAIL
    Selectivity: PASS (100.0%)
    Verdict: NOT_CAUSAL — Erasure of bedrooms does not hurt more than random
  bathrooms:
    Probe: 0.7059396299902629
    Cosine sim: 0.9853591918945312
    Price drop: 0.0084
    Info control: PASS
    Selectivity: PASS (200.0%)
    Verdict: NOT_USED — bathrooms encoded but not used for pricing
  year_built:
    Probe: 0.6134371957156767
    Cosine sim: 0.9762932658195496
    Price drop: -0.0006
    Info control: FAIL
    Selectivity: PASS (100.0%)
    Verdict: NOT_CAUSAL — Erasure of year_built does not hurt more than random
  lot_size:
    Probe: 0.560856864654333
    Cosine sim: 0.9825572967529297
    Price drop: -0.0013
    Info control: FAIL
    Selectivity: PASS (100.0%)
    Verdict: NOT_CAUSAL — Erasure of lot_size does not hurt more than random
  sqft:
    Probe: 0.5598831548198637
    Cosine sim: 0.9825572967529297
    Price drop: -0.0019
    Info control: FAIL
    Selectivity: PASS (100.0%)
    Verdict: NOT_CAUSAL — Erasure of sqft does not hurt more than random

Saved summary to: /home/anshulk/Housing/data/mp_results/qwen3-4b/layer_12/summary.json

============================================================
COMPLETE in 42s (0.7 min)
============================================================

>>> Qwen layer 13 / 35
============================================================
AMNESIC PROBING WITH MP
============================================================
Model: qwen3-4b
Layer: 13
Methods: ['mp']
Features: ['bedrooms', 'bathrooms', 'year_built', 'lot_size', 'sqft']
Random controls: 10
GPU: True
============================================================

============================================================
LOADING DATA
============================================================
Loading activations from: /home/anshulk/Housing/data/activations/qwen3-4b_2_fewshot_cot_temp0_activations.npz
Activations shape: (5130, 36, 2560)
Feature columns: ['bathrooms_p1_more' 'bedrooms_p1_more' 'year_p1_newer' 'lot_p1_larger'
 'sqft_p1_larger' 'price_p1_higher']
Loading samples from: /home/anshulk/Housing/data/amnesic_samples/selected_samples_qwen3-4b_2_fewshot_cot_temp0.csv
Loaded 5130 samples
Using layer 13, shape: (5130, 2560)
Output dir: /home/anshulk/Housing/data/mp_results/qwen3-4b/layer_13

Feature label class balance:
  bedrooms: 30.29% positive
  bathrooms: 30.18% positive
  year_built: 46.63% positive
  lot_size: 48.44% positive
  sqft: 48.44% positive
Price labels: 48.03% have property 1 more expensive

============================================================
STEP 1: ERASURE + VERIFICATION
============================================================

============================================================
MP erasure for feature: bedrooms
============================================================
Samples: 5130 (train: 3590, val: 513, test: 1027)
Class balance: 30.17% positive
Pre-erasure probe accuracy: 0.705
Rank removed: 1
Post-erasure probe accuracy: 0.699 (target: ~0.50)
Cosine similarity (original vs erased): 0.9746

============================================================
MP erasure for feature: bathrooms
============================================================
Samples: 5130 (train: 3590, val: 513, test: 1027)
Class balance: 30.03% positive
Pre-erasure probe accuracy: 0.704
Rank removed: 1
Post-erasure probe accuracy: 0.703 (target: ~0.50)
Cosine similarity (original vs erased): 0.9860

============================================================
MP erasure for feature: year_built
============================================================
Samples: 5130 (train: 3590, val: 513, test: 1027)
Class balance: 46.82% positive
Pre-erasure probe accuracy: 0.615
Rank removed: 1
Post-erasure probe accuracy: 0.532 (target: ~0.50)
Cosine similarity (original vs erased): 0.9803

============================================================
MP erasure for feature: lot_size
============================================================
Samples: 5130 (train: 3590, val: 513, test: 1027)
Class balance: 48.05% positive
Pre-erasure probe accuracy: 0.563
Rank removed: 1
Post-erasure probe accuracy: 0.520 (target: ~0.50)
Cosine similarity (original vs erased): 0.9780

============================================================
MP erasure for feature: sqft
============================================================
Samples: 5130 (train: 3590, val: 513, test: 1027)
Class balance: 48.05% positive
Pre-erasure probe accuracy: 0.559
Rank removed: 1
Post-erasure probe accuracy: 0.520 (target: ~0.50)
Cosine similarity (original vs erased): 0.9780

Saved erasure info to: /home/anshulk/Housing/data/mp_results/qwen3-4b/layer_13/erasure_info.json

============================================================
STEP 2: INFORMATION CONTROL
============================================================

--- BASELINE ---
  Baseline: acc=0.5429, auc=0.5621

--- RANDOM CONTROLS (10 runs) ---
  Random control: mean drop=-0.0017 +/- 0.0015

--- MP ---
  bedrooms: acc=0.5416, drop=0.0013, random=-0.0017 -> PASS
  bathrooms: acc=0.5318, drop=0.0110, random=-0.0017 -> PASS
  year_built: acc=0.5500, drop=-0.0071, random=-0.0017 -> FAIL
  lot_size: acc=0.5468, drop=-0.0039, random=-0.0017 -> FAIL
  sqft: acc=0.5487, drop=-0.0058, random=-0.0017 -> FAIL

  ALL FEATURES:
  all_features: acc=0.5396, drop=0.0032

Saved results to: /home/anshulk/Housing/data/mp_results/qwen3-4b/layer_13/results.csv

============================================================
STEP 3: SELECTIVITY CONTROL
============================================================

--- SELECTIVITY CONTROL (MP) ---
  bedrooms: baseline=0.5429, erased=0.5429, recovered=0.5656 (100.0% recovery) -> PASS
  bathrooms: baseline=0.5429, erased=0.5312, recovered=0.5935 (200.0% recovery) -> PASS
  year_built: baseline=0.5429, erased=0.5506, recovered=0.5604 (0.0% recovery) -> PASS
  lot_size: baseline=0.5429, erased=0.5487, recovered=0.5519 (0.0% recovery) -> PASS
  sqft: baseline=0.5429, erased=0.5455, recovered=0.5513 (100.0% recovery) -> PASS

Saved selectivity to: /home/anshulk/Housing/data/mp_results/qwen3-4b/layer_13/selectivity.csv

============================================================
CORRECTNESS ANALYSIS
============================================================

Saved correctness analysis to: /home/anshulk/Housing/data/mp_results/qwen3-4b/layer_13/correctness.csv

============================================================
SUMMARY
============================================================

--- MP ---
Baseline accuracy: 0.5429
Random control drop: -0.0017

Feature verdicts:
  bedrooms:
    Probe: 0.7049659201557936
    Cosine sim: 0.9746366739273071
    Price drop: 0.0013
    Info control: PASS
    Selectivity: PASS (100.0%)
    Verdict: NOT_USED — bedrooms encoded but not used for pricing
  bathrooms:
    Probe: 0.7039922103213242
    Cosine sim: 0.9860393404960632
    Price drop: 0.0110
    Info control: PASS
    Selectivity: PASS (200.0%)
    Verdict: MINOR — bathrooms has minor causal contribution to pricing
  year_built:
    Probe: 0.6153846153846154
    Cosine sim: 0.9802547097206116
    Price drop: -0.0071
    Info control: FAIL
    Selectivity: PASS (0.0%)
    Verdict: NOT_CAUSAL — Erasure of year_built does not hurt more than random
  lot_size:
    Probe: 0.5628042843232717
    Cosine sim: 0.9780184626579285
    Price drop: -0.0039
    Info control: FAIL
    Selectivity: PASS (0.0%)
    Verdict: NOT_CAUSAL — Erasure of lot_size does not hurt more than random
  sqft:
    Probe: 0.5589094449853943
    Cosine sim: 0.9780184626579285
    Price drop: -0.0058
    Info control: FAIL
    Selectivity: PASS (100.0%)
    Verdict: NOT_CAUSAL — Erasure of sqft does not hurt more than random

Saved summary to: /home/anshulk/Housing/data/mp_results/qwen3-4b/layer_13/summary.json

============================================================
COMPLETE in 42s (0.7 min)
============================================================

>>> Qwen layer 14 / 35
============================================================
AMNESIC PROBING WITH MP
============================================================
Model: qwen3-4b
Layer: 14
Methods: ['mp']
Features: ['bedrooms', 'bathrooms', 'year_built', 'lot_size', 'sqft']
Random controls: 10
GPU: True
============================================================

============================================================
LOADING DATA
============================================================
Loading activations from: /home/anshulk/Housing/data/activations/qwen3-4b_2_fewshot_cot_temp0_activations.npz
Activations shape: (5130, 36, 2560)
Feature columns: ['bathrooms_p1_more' 'bedrooms_p1_more' 'year_p1_newer' 'lot_p1_larger'
 'sqft_p1_larger' 'price_p1_higher']
Loading samples from: /home/anshulk/Housing/data/amnesic_samples/selected_samples_qwen3-4b_2_fewshot_cot_temp0.csv
Loaded 5130 samples
Using layer 14, shape: (5130, 2560)
Output dir: /home/anshulk/Housing/data/mp_results/qwen3-4b/layer_14

Feature label class balance:
  bedrooms: 30.29% positive
  bathrooms: 30.18% positive
  year_built: 46.63% positive
  lot_size: 48.44% positive
  sqft: 48.44% positive
Price labels: 48.03% have property 1 more expensive

============================================================
STEP 1: ERASURE + VERIFICATION
============================================================

============================================================
MP erasure for feature: bedrooms
============================================================
Samples: 5130 (train: 3590, val: 513, test: 1027)
Class balance: 30.17% positive
Pre-erasure probe accuracy: 0.709
Rank removed: 1
Post-erasure probe accuracy: 0.699 (target: ~0.50)
Cosine similarity (original vs erased): 0.9771

============================================================
MP erasure for feature: bathrooms
============================================================
Samples: 5130 (train: 3590, val: 513, test: 1027)
Class balance: 30.03% positive
Pre-erasure probe accuracy: 0.716
Rank removed: 1
Post-erasure probe accuracy: 0.703 (target: ~0.50)
Cosine similarity (original vs erased): 0.9827

============================================================
MP erasure for feature: year_built
============================================================
Samples: 5130 (train: 3590, val: 513, test: 1027)
Class balance: 46.82% positive
Pre-erasure probe accuracy: 0.668
Rank removed: 1
Post-erasure probe accuracy: 0.532 (target: ~0.50)
Cosine similarity (original vs erased): 0.9790

============================================================
MP erasure for feature: lot_size
============================================================
Samples: 5130 (train: 3590, val: 513, test: 1027)
Class balance: 48.05% positive
Pre-erasure probe accuracy: 0.596
Rank removed: 1
Post-erasure probe accuracy: 0.520 (target: ~0.50)
Cosine similarity (original vs erased): 0.9751

============================================================
MP erasure for feature: sqft
============================================================
Samples: 5130 (train: 3590, val: 513, test: 1027)
Class balance: 48.05% positive
Pre-erasure probe accuracy: 0.597
Rank removed: 1
Post-erasure probe accuracy: 0.520 (target: ~0.50)
Cosine similarity (original vs erased): 0.9751

Saved erasure info to: /home/anshulk/Housing/data/mp_results/qwen3-4b/layer_14/erasure_info.json

============================================================
STEP 2: INFORMATION CONTROL
============================================================

--- BASELINE ---
  Baseline: acc=0.5539, auc=0.5824

--- RANDOM CONTROLS (10 runs) ---
  Random control: mean drop=-0.0006 +/- 0.0009

--- MP ---
  bedrooms: acc=0.5481, drop=0.0058, random=-0.0006 -> PASS
  bathrooms: acc=0.5435, drop=0.0104, random=-0.0006 -> PASS
  year_built: acc=0.5578, drop=-0.0039, random=-0.0006 -> FAIL
  lot_size: acc=0.5565, drop=-0.0026, random=-0.0006 -> FAIL
  sqft: acc=0.5552, drop=-0.0013, random=-0.0006 -> FAIL

  ALL FEATURES:
  all_features: acc=0.5461, drop=0.0078

Saved results to: /home/anshulk/Housing/data/mp_results/qwen3-4b/layer_14/results.csv

============================================================
STEP 3: SELECTIVITY CONTROL
============================================================

--- SELECTIVITY CONTROL (MP) ---
  bedrooms: baseline=0.5545, erased=0.5468, recovered=0.5708 (200.0% recovery) -> PASS
  bathrooms: baseline=0.5545, erased=0.5435, recovered=0.5864 (200.0% recovery) -> PASS
  year_built: baseline=0.5545, erased=0.5571, recovered=0.5740 (100.0% recovery) -> PASS
  lot_size: baseline=0.5545, erased=0.5558, recovered=0.5558 (100.0% recovery) -> PASS
[W] [17:06:08.182294] L-BFGS stopped, because the line search failed to advance (step delta = 0.000000)
  sqft: baseline=0.5545, erased=0.5532, recovered=0.5558 (100.0% recovery) -> PASS

Saved selectivity to: /home/anshulk/Housing/data/mp_results/qwen3-4b/layer_14/selectivity.csv

============================================================
CORRECTNESS ANALYSIS
============================================================

Saved correctness analysis to: /home/anshulk/Housing/data/mp_results/qwen3-4b/layer_14/correctness.csv

============================================================
SUMMARY
============================================================

--- MP ---
Baseline accuracy: 0.5539
Random control drop: -0.0006

Feature verdicts:
  bedrooms:
    Probe: 0.7088607594936709
    Cosine sim: 0.9771233201026917
    Price drop: 0.0058
    Info control: PASS
    Selectivity: PASS (200.0%)
    Verdict: NOT_USED — bedrooms encoded but not used for pricing
  bathrooms:
    Probe: 0.7156767283349562
    Cosine sim: 0.9826553463935852
    Price drop: 0.0104
    Info control: PASS
    Selectivity: PASS (200.0%)
    Verdict: MINOR — bathrooms has minor causal contribution to pricing
  year_built:
    Probe: 0.667964946445959
    Cosine sim: 0.9790048599243164
    Price drop: -0.0039
    Info control: FAIL
    Selectivity: PASS (100.0%)
    Verdict: NOT_CAUSAL — Erasure of year_built does not hurt more than random
  lot_size:
    Probe: 0.5959104186952289
    Cosine sim: 0.9751221537590027
    Price drop: -0.0026
    Info control: FAIL
    Selectivity: PASS (100.0%)
    Verdict: NOT_CAUSAL — Erasure of lot_size does not hurt more than random
  sqft:
    Probe: 0.5968841285296982
    Cosine sim: 0.9751221537590027
    Price drop: -0.0013
    Info control: FAIL
    Selectivity: PASS (100.0%)
    Verdict: NOT_CAUSAL — Erasure of sqft does not hurt more than random

Saved summary to: /home/anshulk/Housing/data/mp_results/qwen3-4b/layer_14/summary.json

============================================================
COMPLETE in 42s (0.7 min)
============================================================

>>> Qwen layer 15 / 35
============================================================
AMNESIC PROBING WITH MP
============================================================
Model: qwen3-4b
Layer: 15
Methods: ['mp']
Features: ['bedrooms', 'bathrooms', 'year_built', 'lot_size', 'sqft']
Random controls: 10
GPU: True
============================================================

============================================================
LOADING DATA
============================================================
Loading activations from: /home/anshulk/Housing/data/activations/qwen3-4b_2_fewshot_cot_temp0_activations.npz
Activations shape: (5130, 36, 2560)
Feature columns: ['bathrooms_p1_more' 'bedrooms_p1_more' 'year_p1_newer' 'lot_p1_larger'
 'sqft_p1_larger' 'price_p1_higher']
Loading samples from: /home/anshulk/Housing/data/amnesic_samples/selected_samples_qwen3-4b_2_fewshot_cot_temp0.csv
Loaded 5130 samples
Using layer 15, shape: (5130, 2560)
Output dir: /home/anshulk/Housing/data/mp_results/qwen3-4b/layer_15

Feature label class balance:
  bedrooms: 30.29% positive
  bathrooms: 30.18% positive
  year_built: 46.63% positive
  lot_size: 48.44% positive
  sqft: 48.44% positive
Price labels: 48.03% have property 1 more expensive

============================================================
STEP 1: ERASURE + VERIFICATION
============================================================

============================================================
MP erasure for feature: bedrooms
============================================================
Samples: 5130 (train: 3590, val: 513, test: 1027)
Class balance: 30.17% positive
Pre-erasure probe accuracy: 0.720
Rank removed: 1
Post-erasure probe accuracy: 0.699 (target: ~0.50)
Cosine similarity (original vs erased): 0.9721

============================================================
MP erasure for feature: bathrooms
============================================================
Samples: 5130 (train: 3590, val: 513, test: 1027)
Class balance: 30.03% positive
Pre-erasure probe accuracy: 0.736
Rank removed: 1
Post-erasure probe accuracy: 0.703 (target: ~0.50)
Cosine similarity (original vs erased): 0.9814

============================================================
MP erasure for feature: year_built
============================================================
Samples: 5130 (train: 3590, val: 513, test: 1027)
Class balance: 46.82% positive
Pre-erasure probe accuracy: 0.705
Rank removed: 1
Post-erasure probe accuracy: 0.532 (target: ~0.50)
Cosine similarity (original vs erased): 0.9793

============================================================
MP erasure for feature: lot_size
============================================================
Samples: 5130 (train: 3590, val: 513, test: 1027)
Class balance: 48.05% positive
Pre-erasure probe accuracy: 0.620
Rank removed: 1
Post-erasure probe accuracy: 0.520 (target: ~0.50)
Cosine similarity (original vs erased): 0.9720

============================================================
MP erasure for feature: sqft
============================================================
Samples: 5130 (train: 3590, val: 513, test: 1027)
Class balance: 48.05% positive
Pre-erasure probe accuracy: 0.623
Rank removed: 1
Post-erasure probe accuracy: 0.520 (target: ~0.50)
Cosine similarity (original vs erased): 0.9720

Saved erasure info to: /home/anshulk/Housing/data/mp_results/qwen3-4b/layer_15/erasure_info.json

============================================================
STEP 2: INFORMATION CONTROL
============================================================

--- BASELINE ---
  Baseline: acc=0.5669, auc=0.5942

--- RANDOM CONTROLS (10 runs) ---
  Random control: mean drop=0.0018 +/- 0.0011

--- MP ---
  bedrooms: acc=0.5643, drop=0.0026, random=0.0018 -> FAIL
  bathrooms: acc=0.5500, drop=0.0169, random=0.0018 -> PASS
  year_built: acc=0.5552, drop=0.0117, random=0.0018 -> PASS
  lot_size: acc=0.5669, drop=0.0000, random=0.0018 -> FAIL
  sqft: acc=0.5669, drop=0.0000, random=0.0018 -> FAIL

  ALL FEATURES:
[W] [17:06:47.240549] L-BFGS stopped, because the line search failed to advance (step delta = 0.000000)
  all_features: acc=0.5695, drop=-0.0026

Saved results to: /home/anshulk/Housing/data/mp_results/qwen3-4b/layer_15/results.csv

============================================================
STEP 3: SELECTIVITY CONTROL
============================================================

--- SELECTIVITY CONTROL (MP) ---
  bedrooms: baseline=0.5662, erased=0.5617, recovered=0.5825 (100.0% recovery) -> PASS
  bathrooms: baseline=0.5662, erased=0.5500, recovered=0.5903 (200.0% recovery) -> PASS
  year_built: baseline=0.5662, erased=0.5584, recovered=0.5721 (175.0% recovery) -> PASS
  lot_size: baseline=0.5662, erased=0.5682, recovered=0.5721 (100.0% recovery) -> PASS
[W] [17:06:53.134752] L-BFGS stopped, because the line search failed to advance (step delta = 0.000000)
  sqft: baseline=0.5662, erased=0.5656, recovered=0.5708 (100.0% recovery) -> PASS

Saved selectivity to: /home/anshulk/Housing/data/mp_results/qwen3-4b/layer_15/selectivity.csv

============================================================
CORRECTNESS ANALYSIS
============================================================

Saved correctness analysis to: /home/anshulk/Housing/data/mp_results/qwen3-4b/layer_15/correctness.csv

============================================================
SUMMARY
============================================================

--- MP ---
Baseline accuracy: 0.5669
Random control drop: 0.0018

Feature verdicts:
  bedrooms:
    Probe: 0.7195715676728335
    Cosine sim: 0.9720525145530701
    Price drop: 0.0026
    Info control: FAIL
    Selectivity: PASS (100.0%)
    Verdict: NOT_CAUSAL — Erasure of bedrooms does not hurt more than random
  bathrooms:
    Probe: 0.7361246348588121
    Cosine sim: 0.981397271156311
    Price drop: 0.0169
    Info control: PASS
    Selectivity: PASS (200.0%)
    Verdict: MINOR — bathrooms has minor causal contribution to pricing
  year_built:
    Probe: 0.7049659201557936
    Cosine sim: 0.97926265001297
    Price drop: 0.0117
    Info control: PASS
    Selectivity: PASS (175.0%)
    Verdict: MINOR — year_built has minor causal contribution to pricing
  lot_size:
    Probe: 0.620253164556962
    Cosine sim: 0.9720466136932373
    Price drop: 0.0000
    Info control: FAIL
    Selectivity: PASS (100.0%)
    Verdict: NOT_CAUSAL — Erasure of lot_size does not hurt more than random
  sqft:
    Probe: 0.6231742940603701
    Cosine sim: 0.9720466136932373
    Price drop: 0.0000
    Info control: FAIL
    Selectivity: PASS (100.0%)
    Verdict: NOT_CAUSAL — Erasure of sqft does not hurt more than random

Saved summary to: /home/anshulk/Housing/data/mp_results/qwen3-4b/layer_15/summary.json

============================================================
COMPLETE in 41s (0.7 min)
============================================================

>>> Qwen layer 16 / 35
============================================================
AMNESIC PROBING WITH MP
============================================================
Model: qwen3-4b
Layer: 16
Methods: ['mp']
Features: ['bedrooms', 'bathrooms', 'year_built', 'lot_size', 'sqft']
Random controls: 10
GPU: True
============================================================

============================================================
LOADING DATA
============================================================
Loading activations from: /home/anshulk/Housing/data/activations/qwen3-4b_2_fewshot_cot_temp0_activations.npz
Activations shape: (5130, 36, 2560)
Feature columns: ['bathrooms_p1_more' 'bedrooms_p1_more' 'year_p1_newer' 'lot_p1_larger'
 'sqft_p1_larger' 'price_p1_higher']
Loading samples from: /home/anshulk/Housing/data/amnesic_samples/selected_samples_qwen3-4b_2_fewshot_cot_temp0.csv
Loaded 5130 samples
Using layer 16, shape: (5130, 2560)
Output dir: /home/anshulk/Housing/data/mp_results/qwen3-4b/layer_16

Feature label class balance:
  bedrooms: 30.29% positive
  bathrooms: 30.18% positive
  year_built: 46.63% positive
  lot_size: 48.44% positive
  sqft: 48.44% positive
Price labels: 48.03% have property 1 more expensive

============================================================
STEP 1: ERASURE + VERIFICATION
============================================================

============================================================
MP erasure for feature: bedrooms
============================================================
Samples: 5130 (train: 3590, val: 513, test: 1027)
Class balance: 30.17% positive
Pre-erasure probe accuracy: 0.737
Rank removed: 1
Post-erasure probe accuracy: 0.699 (target: ~0.50)
Cosine similarity (original vs erased): 0.9747

============================================================
MP erasure for feature: bathrooms
============================================================
Samples: 5130 (train: 3590, val: 513, test: 1027)
Class balance: 30.03% positive
Pre-erasure probe accuracy: 0.747
Rank removed: 1
Post-erasure probe accuracy: 0.703 (target: ~0.50)
Cosine similarity (original vs erased): 0.9763

============================================================
MP erasure for feature: year_built
============================================================
Samples: 5130 (train: 3590, val: 513, test: 1027)
Class balance: 46.82% positive
Pre-erasure probe accuracy: 0.754
Rank removed: 1
Post-erasure probe accuracy: 0.532 (target: ~0.50)
Cosine similarity (original vs erased): 0.9771

============================================================
MP erasure for feature: lot_size
============================================================
Samples: 5130 (train: 3590, val: 513, test: 1027)
Class balance: 48.05% positive
Pre-erasure probe accuracy: 0.691
Rank removed: 1
Post-erasure probe accuracy: 0.520 (target: ~0.50)
Cosine similarity (original vs erased): 0.9749

============================================================
MP erasure for feature: sqft
============================================================
Samples: 5130 (train: 3590, val: 513, test: 1027)
Class balance: 48.05% positive
Pre-erasure probe accuracy: 0.692
Rank removed: 1
Post-erasure probe accuracy: 0.520 (target: ~0.50)
Cosine similarity (original vs erased): 0.9749

Saved erasure info to: /home/anshulk/Housing/data/mp_results/qwen3-4b/layer_16/erasure_info.json

============================================================
STEP 2: INFORMATION CONTROL
============================================================

--- BASELINE ---
  Baseline: acc=0.5812, auc=0.6069

--- RANDOM CONTROLS (10 runs) ---
  Random control: mean drop=0.0025 +/- 0.0010

--- MP ---
  bedrooms: acc=0.5669, drop=0.0143, random=0.0025 -> PASS
  bathrooms: acc=0.5649, drop=0.0162, random=0.0025 -> PASS
  year_built: acc=0.5727, drop=0.0084, random=0.0025 -> PASS
  lot_size: acc=0.5818, drop=-0.0006, random=0.0025 -> FAIL
  sqft: acc=0.5812, drop=0.0000, random=0.0025 -> FAIL

  ALL FEATURES:
  all_features: acc=0.5740, drop=0.0071

Saved results to: /home/anshulk/Housing/data/mp_results/qwen3-4b/layer_16/results.csv

============================================================
STEP 3: SELECTIVITY CONTROL
============================================================

--- SELECTIVITY CONTROL (MP) ---
  bedrooms: baseline=0.5792, erased=0.5669, recovered=0.5825 (126.3% recovery) -> PASS
  bathrooms: baseline=0.5792, erased=0.5649, recovered=0.5955 (200.0% recovery) -> PASS
  year_built: baseline=0.5792, erased=0.5708, recovered=0.5812 (123.1% recovery) -> PASS
  lot_size: baseline=0.5792, erased=0.5818, recovered=0.5831 (100.0% recovery) -> PASS
  sqft: baseline=0.5792, erased=0.5818, recovered=0.5844 (100.0% recovery) -> PASS

Saved selectivity to: /home/anshulk/Housing/data/mp_results/qwen3-4b/layer_16/selectivity.csv

============================================================
CORRECTNESS ANALYSIS
============================================================

Saved correctness analysis to: /home/anshulk/Housing/data/mp_results/qwen3-4b/layer_16/correctness.csv

============================================================
SUMMARY
============================================================

--- MP ---
Baseline accuracy: 0.5812
Random control drop: 0.0025

Feature verdicts:
  bedrooms:
    Probe: 0.7370983446932814
    Cosine sim: 0.9747161865234375
    Price drop: 0.0143
    Info control: PASS
    Selectivity: PASS (126.3%)
    Verdict: MINOR — bedrooms has minor causal contribution to pricing
  bathrooms:
    Probe: 0.7468354430379747
    Cosine sim: 0.9762597680091858
    Price drop: 0.0162
    Info control: PASS
    Selectivity: PASS (200.0%)
    Verdict: MINOR — bathrooms has minor causal contribution to pricing
  year_built:
    Probe: 0.75365141187926
    Cosine sim: 0.9770889282226562
    Price drop: 0.0084
    Info control: PASS
    Selectivity: PASS (123.1%)
    Verdict: NOT_USED — year_built encoded but not used for pricing
  lot_size:
    Probe: 0.691333982473223
    Cosine sim: 0.9749445915222168
    Price drop: -0.0006
    Info control: FAIL
    Selectivity: PASS (100.0%)
    Verdict: NOT_CAUSAL — Erasure of lot_size does not hurt more than random
  sqft:
    Probe: 0.6923076923076923
    Cosine sim: 0.9749445915222168
    Price drop: 0.0000
    Info control: FAIL
    Selectivity: PASS (100.0%)
    Verdict: NOT_CAUSAL — Erasure of sqft does not hurt more than random

Saved summary to: /home/anshulk/Housing/data/mp_results/qwen3-4b/layer_16/summary.json

============================================================
COMPLETE in 41s (0.7 min)
============================================================

>>> Qwen layer 17 / 35
============================================================
AMNESIC PROBING WITH MP
============================================================
Model: qwen3-4b
Layer: 17
Methods: ['mp']
Features: ['bedrooms', 'bathrooms', 'year_built', 'lot_size', 'sqft']
Random controls: 10
GPU: True
============================================================

============================================================
LOADING DATA
============================================================
Loading activations from: /home/anshulk/Housing/data/activations/qwen3-4b_2_fewshot_cot_temp0_activations.npz
Activations shape: (5130, 36, 2560)
Feature columns: ['bathrooms_p1_more' 'bedrooms_p1_more' 'year_p1_newer' 'lot_p1_larger'
 'sqft_p1_larger' 'price_p1_higher']
Loading samples from: /home/anshulk/Housing/data/amnesic_samples/selected_samples_qwen3-4b_2_fewshot_cot_temp0.csv
Loaded 5130 samples
Using layer 17, shape: (5130, 2560)
Output dir: /home/anshulk/Housing/data/mp_results/qwen3-4b/layer_17

Feature label class balance:
  bedrooms: 30.29% positive
  bathrooms: 30.18% positive
  year_built: 46.63% positive
  lot_size: 48.44% positive
  sqft: 48.44% positive
Price labels: 48.03% have property 1 more expensive

============================================================
STEP 1: ERASURE + VERIFICATION
============================================================

============================================================
MP erasure for feature: bedrooms
============================================================
Samples: 5130 (train: 3590, val: 513, test: 1027)
Class balance: 30.17% positive
Pre-erasure probe accuracy: 0.755
Rank removed: 1
Post-erasure probe accuracy: 0.699 (target: ~0.50)
Cosine similarity (original vs erased): 0.9763

============================================================
MP erasure for feature: bathrooms
============================================================
Samples: 5130 (train: 3590, val: 513, test: 1027)
Class balance: 30.03% positive
Pre-erasure probe accuracy: 0.748
Rank removed: 1
Post-erasure probe accuracy: 0.703 (target: ~0.50)
Cosine similarity (original vs erased): 0.9707

============================================================
MP erasure for feature: year_built
============================================================
Samples: 5130 (train: 3590, val: 513, test: 1027)
Class balance: 46.82% positive
Pre-erasure probe accuracy: 0.770
Rank removed: 1
Post-erasure probe accuracy: 0.532 (target: ~0.50)
Cosine similarity (original vs erased): 0.9726

============================================================
MP erasure for feature: lot_size
============================================================
Samples: 5130 (train: 3590, val: 513, test: 1027)
Class balance: 48.05% positive
Pre-erasure probe accuracy: 0.711
Rank removed: 1
Post-erasure probe accuracy: 0.520 (target: ~0.50)
Cosine similarity (original vs erased): 0.9764

============================================================
MP erasure for feature: sqft
============================================================
Samples: 5130 (train: 3590, val: 513, test: 1027)
Class balance: 48.05% positive
Pre-erasure probe accuracy: 0.708
Rank removed: 1
Post-erasure probe accuracy: 0.520 (target: ~0.50)
Cosine similarity (original vs erased): 0.9764

Saved erasure info to: /home/anshulk/Housing/data/mp_results/qwen3-4b/layer_17/erasure_info.json

============================================================
STEP 2: INFORMATION CONTROL
============================================================

--- BASELINE ---
  Baseline: acc=0.5760, auc=0.6028

--- RANDOM CONTROLS (10 runs) ---
  Random control: mean drop=0.0000 +/- 0.0013

--- MP ---
  bedrooms: acc=0.5766, drop=-0.0006, random=0.0000 -> FAIL
  bathrooms: acc=0.5312, drop=0.0448, random=0.0000 -> PASS
  year_built: acc=0.5688, drop=0.0071, random=0.0000 -> PASS
  lot_size: acc=0.5721, drop=0.0039, random=0.0000 -> PASS
  sqft: acc=0.5734, drop=0.0026, random=0.0000 -> PASS

  ALL FEATURES:
  all_features: acc=0.5734, drop=0.0026

Saved results to: /home/anshulk/Housing/data/mp_results/qwen3-4b/layer_17/results.csv

============================================================
STEP 3: SELECTIVITY CONTROL
============================================================

--- SELECTIVITY CONTROL (MP) ---
  bedrooms: baseline=0.5773, erased=0.5747, recovered=0.5851 (100.0% recovery) -> PASS
  bathrooms: baseline=0.5773, erased=0.5325, recovered=0.6039 (159.4% recovery) -> PASS
  year_built: baseline=0.5773, erased=0.5669, recovered=0.5695 (25.0% recovery) -> PASS
  lot_size: baseline=0.5773, erased=0.5727, recovered=0.5662 (100.0% recovery) -> PASS
  sqft: baseline=0.5773, erased=0.5740, recovered=0.5649 (100.0% recovery) -> PASS

Saved selectivity to: /home/anshulk/Housing/data/mp_results/qwen3-4b/layer_17/selectivity.csv

============================================================
CORRECTNESS ANALYSIS
============================================================

Saved correctness analysis to: /home/anshulk/Housing/data/mp_results/qwen3-4b/layer_17/correctness.csv

============================================================
SUMMARY
============================================================

--- MP ---
Baseline accuracy: 0.5760
Random control drop: 0.0000

Feature verdicts:
  bedrooms:
    Probe: 0.7546251217137293
    Cosine sim: 0.9763357639312744
    Price drop: -0.0006
    Info control: FAIL
    Selectivity: PASS (100.0%)
    Verdict: NOT_CAUSAL — Erasure of bedrooms does not hurt more than random
  bathrooms:
    Probe: 0.747809152872444
    Cosine sim: 0.9707126021385193
    Price drop: 0.0448
    Info control: PASS
    Selectivity: PASS (159.4%)
    Verdict: SIGNIFICANT — bathrooms has significant causal contribution to pricing
  year_built:
    Probe: 0.7702044790652386
    Cosine sim: 0.9725629091262817
    Price drop: 0.0071
    Info control: PASS
    Selectivity: PASS (25.0%)
    Verdict: NOT_USED — year_built encoded but not used for pricing
  lot_size:
    Probe: 0.7108081791626095
    Cosine sim: 0.9764255881309509
    Price drop: 0.0039
    Info control: PASS
    Selectivity: PASS (100.0%)
    Verdict: NOT_USED — lot_size encoded but not used for pricing
  sqft:
    Probe: 0.7078870496592016
    Cosine sim: 0.9764255881309509
    Price drop: 0.0026
    Info control: PASS
    Selectivity: PASS (100.0%)
    Verdict: NOT_USED — sqft encoded but not used for pricing

Saved summary to: /home/anshulk/Housing/data/mp_results/qwen3-4b/layer_17/summary.json

============================================================
COMPLETE in 43s (0.7 min)
============================================================

>>> Qwen layer 18 / 35
============================================================
AMNESIC PROBING WITH MP
============================================================
Model: qwen3-4b
Layer: 18
Methods: ['mp']
Features: ['bedrooms', 'bathrooms', 'year_built', 'lot_size', 'sqft']
Random controls: 10
GPU: True
============================================================

============================================================
LOADING DATA
============================================================
Loading activations from: /home/anshulk/Housing/data/activations/qwen3-4b_2_fewshot_cot_temp0_activations.npz
Activations shape: (5130, 36, 2560)
Feature columns: ['bathrooms_p1_more' 'bedrooms_p1_more' 'year_p1_newer' 'lot_p1_larger'
 'sqft_p1_larger' 'price_p1_higher']
Loading samples from: /home/anshulk/Housing/data/amnesic_samples/selected_samples_qwen3-4b_2_fewshot_cot_temp0.csv
Loaded 5130 samples
Using layer 18, shape: (5130, 2560)
Output dir: /home/anshulk/Housing/data/mp_results/qwen3-4b/layer_18

Feature label class balance:
  bedrooms: 30.29% positive
  bathrooms: 30.18% positive
  year_built: 46.63% positive
  lot_size: 48.44% positive
  sqft: 48.44% positive
Price labels: 48.03% have property 1 more expensive

============================================================
STEP 1: ERASURE + VERIFICATION
============================================================

============================================================
MP erasure for feature: bedrooms
============================================================
Samples: 5130 (train: 3590, val: 513, test: 1027)
Class balance: 30.17% positive
Pre-erasure probe accuracy: 0.801
Rank removed: 1
Post-erasure probe accuracy: 0.699 (target: ~0.50)
Cosine similarity (original vs erased): 0.9754

============================================================
MP erasure for feature: bathrooms
============================================================
Samples: 5130 (train: 3590, val: 513, test: 1027)
Class balance: 30.03% positive
Pre-erasure probe accuracy: 0.779
Rank removed: 1
Post-erasure probe accuracy: 0.703 (target: ~0.50)
Cosine similarity (original vs erased): 0.9826

============================================================
MP erasure for feature: year_built
============================================================
Samples: 5130 (train: 3590, val: 513, test: 1027)
Class balance: 46.82% positive
Pre-erasure probe accuracy: 0.812
Rank removed: 1
Post-erasure probe accuracy: 0.532 (target: ~0.50)
Cosine similarity (original vs erased): 0.9786

============================================================
MP erasure for feature: lot_size
============================================================
Samples: 5130 (train: 3590, val: 513, test: 1027)
Class balance: 48.05% positive
Pre-erasure probe accuracy: 0.756
Rank removed: 1
Post-erasure probe accuracy: 0.520 (target: ~0.50)
Cosine similarity (original vs erased): 0.9691

============================================================
MP erasure for feature: sqft
============================================================
Samples: 5130 (train: 3590, val: 513, test: 1027)
Class balance: 48.05% positive
Pre-erasure probe accuracy: 0.756
Rank removed: 1
Post-erasure probe accuracy: 0.520 (target: ~0.50)
Cosine similarity (original vs erased): 0.9691

Saved erasure info to: /home/anshulk/Housing/data/mp_results/qwen3-4b/layer_18/erasure_info.json

============================================================
STEP 2: INFORMATION CONTROL
============================================================

--- BASELINE ---
  Baseline: acc=0.5727, auc=0.6034

--- RANDOM CONTROLS (10 runs) ---
  Random control: mean drop=0.0004 +/- 0.0014

--- MP ---
  bedrooms: acc=0.5675, drop=0.0052, random=0.0004 -> PASS
  bathrooms: acc=0.5610, drop=0.0117, random=0.0004 -> PASS
  year_built: acc=0.5662, drop=0.0065, random=0.0004 -> PASS
  lot_size: acc=0.5747, drop=-0.0019, random=0.0004 -> FAIL
  sqft: acc=0.5721, drop=0.0006, random=0.0004 -> FAIL

  ALL FEATURES:
  all_features: acc=0.5584, drop=0.0143

Saved results to: /home/anshulk/Housing/data/mp_results/qwen3-4b/layer_18/results.csv

============================================================
STEP 3: SELECTIVITY CONTROL
============================================================

--- SELECTIVITY CONTROL (MP) ---
  bedrooms: baseline=0.5727, erased=0.5675, recovered=0.5786 (200.0% recovery) -> PASS
  bathrooms: baseline=0.5727, erased=0.5636, recovered=0.6065 (200.0% recovery) -> PASS
  year_built: baseline=0.5727, erased=0.5669, recovered=0.5688 (33.3% recovery) -> PASS
  lot_size: baseline=0.5727, erased=0.5740, recovered=0.5766 (100.0% recovery) -> PASS
[W] [17:09:09.556171] L-BFGS stopped, because the line search failed to advance (step delta = 0.000000)
  sqft: baseline=0.5727, erased=0.5753, recovered=0.5766 (100.0% recovery) -> PASS

Saved selectivity to: /home/anshulk/Housing/data/mp_results/qwen3-4b/layer_18/selectivity.csv

============================================================
CORRECTNESS ANALYSIS
============================================================

Saved correctness analysis to: /home/anshulk/Housing/data/mp_results/qwen3-4b/layer_18/correctness.csv

============================================================
SUMMARY
============================================================

--- MP ---
Baseline accuracy: 0.5727
Random control drop: 0.0004

Feature verdicts:
  bedrooms:
    Probe: 0.801363193768257
    Cosine sim: 0.9754185676574707
    Price drop: 0.0052
    Info control: PASS
    Selectivity: PASS (200.0%)
    Verdict: NOT_USED — bedrooms encoded but not used for pricing
  bathrooms:
    Probe: 0.7789678675754625
    Cosine sim: 0.9826030731201172
    Price drop: 0.0117
    Info control: PASS
    Selectivity: PASS (200.0%)
    Verdict: MINOR — bathrooms has minor causal contribution to pricing
  year_built:
    Probe: 0.8120740019474196
    Cosine sim: 0.9785948991775513
    Price drop: 0.0065
    Info control: PASS
    Selectivity: PASS (33.3%)
    Verdict: NOT_USED — year_built encoded but not used for pricing
  lot_size:
    Probe: 0.7555988315481986
    Cosine sim: 0.9691371321678162
    Price drop: -0.0019
    Info control: FAIL
    Selectivity: PASS (100.0%)
    Verdict: NOT_CAUSAL — Erasure of lot_size does not hurt more than random
  sqft:
    Probe: 0.7555988315481986
    Cosine sim: 0.9691371321678162
    Price drop: 0.0006
    Info control: FAIL
    Selectivity: PASS (100.0%)
    Verdict: NOT_CAUSAL — Erasure of sqft does not hurt more than random

Saved summary to: /home/anshulk/Housing/data/mp_results/qwen3-4b/layer_18/summary.json

============================================================
COMPLETE in 43s (0.7 min)
============================================================

>>> Qwen layer 19 / 35
============================================================
AMNESIC PROBING WITH MP
============================================================
Model: qwen3-4b
Layer: 19
Methods: ['mp']
Features: ['bedrooms', 'bathrooms', 'year_built', 'lot_size', 'sqft']
Random controls: 10
GPU: True
============================================================

============================================================
LOADING DATA
============================================================
Loading activations from: /home/anshulk/Housing/data/activations/qwen3-4b_2_fewshot_cot_temp0_activations.npz
Activations shape: (5130, 36, 2560)
Feature columns: ['bathrooms_p1_more' 'bedrooms_p1_more' 'year_p1_newer' 'lot_p1_larger'
 'sqft_p1_larger' 'price_p1_higher']
Loading samples from: /home/anshulk/Housing/data/amnesic_samples/selected_samples_qwen3-4b_2_fewshot_cot_temp0.csv
Loaded 5130 samples
Using layer 19, shape: (5130, 2560)
Output dir: /home/anshulk/Housing/data/mp_results/qwen3-4b/layer_19

Feature label class balance:
  bedrooms: 30.29% positive
  bathrooms: 30.18% positive
  year_built: 46.63% positive
  lot_size: 48.44% positive
  sqft: 48.44% positive
Price labels: 48.03% have property 1 more expensive

============================================================
STEP 1: ERASURE + VERIFICATION
============================================================

============================================================
MP erasure for feature: bedrooms
============================================================
Samples: 5130 (train: 3590, val: 513, test: 1027)
Class balance: 30.17% positive
Pre-erasure probe accuracy: 0.860
Rank removed: 1
Post-erasure probe accuracy: 0.699 (target: ~0.50)
Cosine similarity (original vs erased): 0.9760

============================================================
MP erasure for feature: bathrooms
============================================================
Samples: 5130 (train: 3590, val: 513, test: 1027)
Class balance: 30.03% positive
Pre-erasure probe accuracy: 0.824
Rank removed: 1
Post-erasure probe accuracy: 0.703 (target: ~0.50)
Cosine similarity (original vs erased): 0.9832

============================================================
MP erasure for feature: year_built
============================================================
Samples: 5130 (train: 3590, val: 513, test: 1027)
Class balance: 46.82% positive
Pre-erasure probe accuracy: 0.901
Rank removed: 1
Post-erasure probe accuracy: 0.532 (target: ~0.50)
Cosine similarity (original vs erased): 0.9781

============================================================
MP erasure for feature: lot_size
============================================================
Samples: 5130 (train: 3590, val: 513, test: 1027)
Class balance: 48.05% positive
Pre-erasure probe accuracy: 0.816
Rank removed: 1
Post-erasure probe accuracy: 0.520 (target: ~0.50)
Cosine similarity (original vs erased): 0.9827

============================================================
MP erasure for feature: sqft
============================================================
Samples: 5130 (train: 3590, val: 513, test: 1027)
Class balance: 48.05% positive
Pre-erasure probe accuracy: 0.813
Rank removed: 1
Post-erasure probe accuracy: 0.520 (target: ~0.50)
Cosine similarity (original vs erased): 0.9827

Saved erasure info to: /home/anshulk/Housing/data/mp_results/qwen3-4b/layer_19/erasure_info.json

============================================================
STEP 2: INFORMATION CONTROL
============================================================

--- BASELINE ---
  Baseline: acc=0.6104, auc=0.6401

--- RANDOM CONTROLS (10 runs) ---
  Random control: mean drop=-0.0010 +/- 0.0006

--- MP ---
  bedrooms: acc=0.6026, drop=0.0078, random=-0.0010 -> PASS
  bathrooms: acc=0.5909, drop=0.0195, random=-0.0010 -> PASS
  year_built: acc=0.6052, drop=0.0052, random=-0.0010 -> PASS
  lot_size: acc=0.6078, drop=0.0026, random=-0.0010 -> PASS
  sqft: acc=0.6065, drop=0.0039, random=-0.0010 -> PASS

  ALL FEATURES:
  all_features: acc=0.5994, drop=0.0110

Saved results to: /home/anshulk/Housing/data/mp_results/qwen3-4b/layer_19/results.csv

============================================================
STEP 3: SELECTIVITY CONTROL
============================================================

--- SELECTIVITY CONTROL (MP) ---
  bedrooms: baseline=0.6104, erased=0.6019, recovered=0.6110 (107.7% recovery) -> PASS
  bathrooms: baseline=0.6104, erased=0.5916, recovered=0.6182 (141.4% recovery) -> PASS
  year_built: baseline=0.6104, erased=0.6052, recovered=0.5981 (0.0% recovery) -> PASS
  lot_size: baseline=0.6104, erased=0.6084, recovered=0.6136 (100.0% recovery) -> PASS
  sqft: baseline=0.6104, erased=0.6097, recovered=0.6130 (100.0% recovery) -> PASS

Saved selectivity to: /home/anshulk/Housing/data/mp_results/qwen3-4b/layer_19/selectivity.csv

============================================================
CORRECTNESS ANALYSIS
============================================================

Saved correctness analysis to: /home/anshulk/Housing/data/mp_results/qwen3-4b/layer_19/correctness.csv

============================================================
SUMMARY
============================================================

--- MP ---
Baseline accuracy: 0.6104
Random control drop: -0.0010

Feature verdicts:
  bedrooms:
    Probe: 0.8597857838364168
    Cosine sim: 0.9760320782661438
    Price drop: 0.0078
    Info control: PASS
    Selectivity: PASS (107.7%)
    Verdict: NOT_USED — bedrooms encoded but not used for pricing
  bathrooms:
    Probe: 0.8237585199610516
    Cosine sim: 0.9832103252410889
    Price drop: 0.0195
    Info control: PASS
    Selectivity: PASS (141.4%)
    Verdict: MINOR — bathrooms has minor causal contribution to pricing
  year_built:
    Probe: 0.9006815968841285
    Cosine sim: 0.9781363606452942
    Price drop: 0.0052
    Info control: PASS
    Selectivity: PASS (0.0%)
    Verdict: NOT_USED — year_built encoded but not used for pricing
  lot_size:
    Probe: 0.815968841285297
    Cosine sim: 0.9826510548591614
    Price drop: 0.0026
    Info control: PASS
    Selectivity: PASS (100.0%)
    Verdict: NOT_USED — lot_size encoded but not used for pricing
  sqft:
    Probe: 0.813047711781889
    Cosine sim: 0.9826510548591614
    Price drop: 0.0039
    Info control: PASS
    Selectivity: PASS (100.0%)
    Verdict: NOT_USED — sqft encoded but not used for pricing

Saved summary to: /home/anshulk/Housing/data/mp_results/qwen3-4b/layer_19/summary.json

============================================================
COMPLETE in 44s (0.7 min)
============================================================

>>> Qwen layer 20 / 35
============================================================
AMNESIC PROBING WITH MP
============================================================
Model: qwen3-4b
Layer: 20
Methods: ['mp']
Features: ['bedrooms', 'bathrooms', 'year_built', 'lot_size', 'sqft']
Random controls: 10
GPU: True
============================================================

============================================================
LOADING DATA
============================================================
Loading activations from: /home/anshulk/Housing/data/activations/qwen3-4b_2_fewshot_cot_temp0_activations.npz
Activations shape: (5130, 36, 2560)
Feature columns: ['bathrooms_p1_more' 'bedrooms_p1_more' 'year_p1_newer' 'lot_p1_larger'
 'sqft_p1_larger' 'price_p1_higher']
Loading samples from: /home/anshulk/Housing/data/amnesic_samples/selected_samples_qwen3-4b_2_fewshot_cot_temp0.csv
Loaded 5130 samples
Using layer 20, shape: (5130, 2560)
Output dir: /home/anshulk/Housing/data/mp_results/qwen3-4b/layer_20

Feature label class balance:
  bedrooms: 30.29% positive
  bathrooms: 30.18% positive
  year_built: 46.63% positive
  lot_size: 48.44% positive
  sqft: 48.44% positive
Price labels: 48.03% have property 1 more expensive

============================================================
STEP 1: ERASURE + VERIFICATION
============================================================

============================================================
MP erasure for feature: bedrooms
============================================================
Samples: 5130 (train: 3590, val: 513, test: 1027)
Class balance: 30.17% positive
Pre-erasure probe accuracy: 0.875
Rank removed: 1
Post-erasure probe accuracy: 0.699 (target: ~0.50)
Cosine similarity (original vs erased): 0.9759

============================================================
MP erasure for feature: bathrooms
============================================================
Samples: 5130 (train: 3590, val: 513, test: 1027)
Class balance: 30.03% positive
Pre-erasure probe accuracy: 0.836
Rank removed: 1
Post-erasure probe accuracy: 0.703 (target: ~0.50)
Cosine similarity (original vs erased): 0.9832

============================================================
MP erasure for feature: year_built
============================================================
Samples: 5130 (train: 3590, val: 513, test: 1027)
Class balance: 46.82% positive
Pre-erasure probe accuracy: 0.907
Rank removed: 1
Post-erasure probe accuracy: 0.532 (target: ~0.50)
Cosine similarity (original vs erased): 0.9780

============================================================
MP erasure for feature: lot_size
============================================================
Samples: 5130 (train: 3590, val: 513, test: 1027)
Class balance: 48.05% positive
Pre-erasure probe accuracy: 0.807
Rank removed: 1
Post-erasure probe accuracy: 0.520 (target: ~0.50)
Cosine similarity (original vs erased): 0.9841

============================================================
MP erasure for feature: sqft
============================================================
Samples: 5130 (train: 3590, val: 513, test: 1027)
Class balance: 48.05% positive
Pre-erasure probe accuracy: 0.807
Rank removed: 1
Post-erasure probe accuracy: 0.520 (target: ~0.50)
Cosine similarity (original vs erased): 0.9841

Saved erasure info to: /home/anshulk/Housing/data/mp_results/qwen3-4b/layer_20/erasure_info.json

============================================================
STEP 2: INFORMATION CONTROL
============================================================

--- BASELINE ---
  Baseline: acc=0.6162, auc=0.6416

--- RANDOM CONTROLS (10 runs) ---
  Random control: mean drop=-0.0005 +/- 0.0017

--- MP ---
  bedrooms: acc=0.5974, drop=0.0188, random=-0.0005 -> PASS
  bathrooms: acc=0.5831, drop=0.0331, random=-0.0005 -> PASS
  year_built: acc=0.6084, drop=0.0078, random=-0.0005 -> PASS
  lot_size: acc=0.6058, drop=0.0104, random=-0.0005 -> PASS
  sqft: acc=0.6058, drop=0.0104, random=-0.0005 -> PASS

  ALL FEATURES:
  all_features: acc=0.6039, drop=0.0123

Saved results to: /home/anshulk/Housing/data/mp_results/qwen3-4b/layer_20/results.csv

============================================================
STEP 3: SELECTIVITY CONTROL
============================================================

--- SELECTIVITY CONTROL (MP) ---
  bedrooms: baseline=0.6169, erased=0.6000, recovered=0.6078 (46.2% recovery) -> PASS
  bathrooms: baseline=0.6169, erased=0.5838, recovered=0.6175 (102.0% recovery) -> PASS
  year_built: baseline=0.6169, erased=0.6097, recovered=0.6065 (0.0% recovery) -> PASS
[W] [17:10:43.045845] L-BFGS stopped, because the line search failed to advance (step delta = 0.000000)
  lot_size: baseline=0.6169, erased=0.6052, recovered=0.6182 (111.1% recovery) -> PASS
  sqft: baseline=0.6169, erased=0.6065, recovered=0.6175 (106.2% recovery) -> PASS

Saved selectivity to: /home/anshulk/Housing/data/mp_results/qwen3-4b/layer_20/selectivity.csv

============================================================
CORRECTNESS ANALYSIS
============================================================

Saved correctness analysis to: /home/anshulk/Housing/data/mp_results/qwen3-4b/layer_20/correctness.csv

============================================================
SUMMARY
============================================================

--- MP ---
Baseline accuracy: 0.6162
Random control drop: -0.0005

Feature verdicts:
  bedrooms:
    Probe: 0.875365141187926
    Cosine sim: 0.9759206771850586
    Price drop: 0.0188
    Info control: PASS
    Selectivity: PASS (46.2%)
    Verdict: MINOR — bedrooms has minor causal contribution to pricing
  bathrooms:
    Probe: 0.8364167478091529
    Cosine sim: 0.9831510782241821
    Price drop: 0.0331
    Info control: PASS
    Selectivity: PASS (102.0%)
    Verdict: SIGNIFICANT — bathrooms has significant causal contribution to pricing
  year_built:
    Probe: 0.9065238558909445
    Cosine sim: 0.9780159592628479
    Price drop: 0.0078
    Info control: PASS
    Selectivity: PASS (0.0%)
    Verdict: NOT_USED — year_built encoded but not used for pricing
  lot_size:
    Probe: 0.807205452775073
    Cosine sim: 0.9841209053993225
    Price drop: 0.0104
    Info control: PASS
    Selectivity: PASS (111.1%)
    Verdict: MINOR — lot_size has minor causal contribution to pricing
  sqft:
    Probe: 0.807205452775073
    Cosine sim: 0.9841209053993225
    Price drop: 0.0104
    Info control: PASS
    Selectivity: PASS (106.2%)
    Verdict: MINOR — sqft has minor causal contribution to pricing

Saved summary to: /home/anshulk/Housing/data/mp_results/qwen3-4b/layer_20/summary.json

============================================================
COMPLETE in 44s (0.7 min)
============================================================

>>> Qwen layer 21 / 35
============================================================
AMNESIC PROBING WITH MP
============================================================
Model: qwen3-4b
Layer: 21
Methods: ['mp']
Features: ['bedrooms', 'bathrooms', 'year_built', 'lot_size', 'sqft']
Random controls: 10
GPU: True
============================================================

============================================================
LOADING DATA
============================================================
Loading activations from: /home/anshulk/Housing/data/activations/qwen3-4b_2_fewshot_cot_temp0_activations.npz
Activations shape: (5130, 36, 2560)
Feature columns: ['bathrooms_p1_more' 'bedrooms_p1_more' 'year_p1_newer' 'lot_p1_larger'
 'sqft_p1_larger' 'price_p1_higher']
Loading samples from: /home/anshulk/Housing/data/amnesic_samples/selected_samples_qwen3-4b_2_fewshot_cot_temp0.csv
Loaded 5130 samples
Using layer 21, shape: (5130, 2560)
Output dir: /home/anshulk/Housing/data/mp_results/qwen3-4b/layer_21

Feature label class balance:
  bedrooms: 30.29% positive
  bathrooms: 30.18% positive
  year_built: 46.63% positive
  lot_size: 48.44% positive
  sqft: 48.44% positive
Price labels: 48.03% have property 1 more expensive

============================================================
STEP 1: ERASURE + VERIFICATION
============================================================

============================================================
MP erasure for feature: bedrooms
============================================================
Samples: 5130 (train: 3590, val: 513, test: 1027)
Class balance: 30.17% positive
Pre-erasure probe accuracy: 0.883
Rank removed: 1
Post-erasure probe accuracy: 0.699 (target: ~0.50)
Cosine similarity (original vs erased): 0.9750

============================================================
MP erasure for feature: bathrooms
============================================================
Samples: 5130 (train: 3590, val: 513, test: 1027)
Class balance: 30.03% positive
Pre-erasure probe accuracy: 0.842
Rank removed: 1
Post-erasure probe accuracy: 0.703 (target: ~0.50)
Cosine similarity (original vs erased): 0.9841

============================================================
MP erasure for feature: year_built
============================================================
Samples: 5130 (train: 3590, val: 513, test: 1027)
Class balance: 46.82% positive
[W] [17:11:06.693497] L-BFGS: max iterations reached
[W] [17:11:06.693560] Maximum iterations reached before solver is converged. To increase model accuracy you can increase the number of iterations (max_iter) or improve the scaling of the input data.
Pre-erasure probe accuracy: 0.900
Rank removed: 1
Post-erasure probe accuracy: 0.532 (target: ~0.50)
Cosine similarity (original vs erased): 0.9798

============================================================
MP erasure for feature: lot_size
============================================================
Samples: 5130 (train: 3590, val: 513, test: 1027)
Class balance: 48.05% positive
[W] [17:11:09.101101] L-BFGS: max iterations reached
[W] [17:11:09.101139] Maximum iterations reached before solver is converged. To increase model accuracy you can increase the number of iterations (max_iter) or improve the scaling of the input data.
Pre-erasure probe accuracy: 0.809
Rank removed: 1
Post-erasure probe accuracy: 0.520 (target: ~0.50)
Cosine similarity (original vs erased): 0.9826

============================================================
MP erasure for feature: sqft
============================================================
Samples: 5130 (train: 3590, val: 513, test: 1027)
Class balance: 48.05% positive
[W] [17:11:11.428862] L-BFGS stopped, because the line search failed to advance (step delta = 0.000000)
Pre-erasure probe accuracy: 0.808
Rank removed: 1
Post-erasure probe accuracy: 0.520 (target: ~0.50)
Cosine similarity (original vs erased): 0.9826

Saved erasure info to: /home/anshulk/Housing/data/mp_results/qwen3-4b/layer_21/erasure_info.json

============================================================
STEP 2: INFORMATION CONTROL
============================================================

--- BASELINE ---
[W] [17:11:13.887534] L-BFGS stopped, because the line search failed to advance (step delta = 0.000000)
  Baseline: acc=0.6214, auc=0.6454

--- RANDOM CONTROLS (10 runs) ---
  Random control: mean drop=0.0022 +/- 0.0010

--- MP ---
  bedrooms: acc=0.6013, drop=0.0201, random=0.0022 -> PASS
  bathrooms: acc=0.5994, drop=0.0221, random=0.0022 -> PASS
  year_built: acc=0.5994, drop=0.0221, random=0.0022 -> PASS
  lot_size: acc=0.6078, drop=0.0136, random=0.0022 -> PASS
  sqft: acc=0.6084, drop=0.0130, random=0.0022 -> PASS

  ALL FEATURES:
  all_features: acc=0.5994, drop=0.0221

Saved results to: /home/anshulk/Housing/data/mp_results/qwen3-4b/layer_21/results.csv

============================================================
STEP 3: SELECTIVITY CONTROL
============================================================

--- SELECTIVITY CONTROL (MP) ---
  bedrooms: baseline=0.6208, erased=0.6000, recovered=0.6091 (43.8% recovery) -> PASS
  bathrooms: baseline=0.6208, erased=0.5994, recovered=0.6234 (112.1% recovery) -> PASS
  year_built: baseline=0.6208, erased=0.5981, recovered=0.6136 (68.6% recovery) -> PASS
  lot_size: baseline=0.6208, erased=0.6084, recovered=0.6143 (47.4% recovery) -> PASS
  sqft: baseline=0.6208, erased=0.6084, recovered=0.6143 (47.4% recovery) -> PASS

Saved selectivity to: /home/anshulk/Housing/data/mp_results/qwen3-4b/layer_21/selectivity.csv

============================================================
CORRECTNESS ANALYSIS
============================================================
[W] [17:11:33.342121] L-BFGS stopped, because the line search failed to advance (step delta = 0.000000)

Saved correctness analysis to: /home/anshulk/Housing/data/mp_results/qwen3-4b/layer_21/correctness.csv

============================================================
SUMMARY
============================================================

--- MP ---
Baseline accuracy: 0.6214
Random control drop: 0.0022

Feature verdicts:
  bedrooms:
    Probe: 0.8831548198636806
    Cosine sim: 0.9749741554260254
    Price drop: 0.0201
    Info control: PASS
    Selectivity: PASS (43.8%)
    Verdict: MINOR — bedrooms has minor causal contribution to pricing
  bathrooms:
    Probe: 0.8422590068159689
    Cosine sim: 0.9841142296791077
    Price drop: 0.0221
    Info control: PASS
    Selectivity: PASS (112.1%)
    Verdict: MINOR — bathrooms has minor causal contribution to pricing
  year_built:
    Probe: 0.8997078870496592
    Cosine sim: 0.9797801375389099
    Price drop: 0.0221
    Info control: PASS
    Selectivity: PASS (68.6%)
    Verdict: MINOR — year_built has minor causal contribution to pricing
  lot_size:
    Probe: 0.8091528724440117
    Cosine sim: 0.9826415181159973
    Price drop: 0.0136
    Info control: PASS
    Selectivity: PASS (47.4%)
    Verdict: MINOR — lot_size has minor causal contribution to pricing
  sqft:
    Probe: 0.8081791626095424
    Cosine sim: 0.9826415181159973
    Price drop: 0.0130
    Info control: PASS
    Selectivity: PASS (47.4%)
    Verdict: MINOR — sqft has minor causal contribution to pricing

Saved summary to: /home/anshulk/Housing/data/mp_results/qwen3-4b/layer_21/summary.json

============================================================
COMPLETE in 43s (0.7 min)
============================================================

>>> Qwen layer 22 / 35
============================================================
AMNESIC PROBING WITH MP
============================================================
Model: qwen3-4b
Layer: 22
Methods: ['mp']
Features: ['bedrooms', 'bathrooms', 'year_built', 'lot_size', 'sqft']
Random controls: 10
GPU: True
============================================================

============================================================
LOADING DATA
============================================================
Loading activations from: /home/anshulk/Housing/data/activations/qwen3-4b_2_fewshot_cot_temp0_activations.npz
Activations shape: (5130, 36, 2560)
Feature columns: ['bathrooms_p1_more' 'bedrooms_p1_more' 'year_p1_newer' 'lot_p1_larger'
 'sqft_p1_larger' 'price_p1_higher']
Loading samples from: /home/anshulk/Housing/data/amnesic_samples/selected_samples_qwen3-4b_2_fewshot_cot_temp0.csv
Loaded 5130 samples
Using layer 22, shape: (5130, 2560)
Output dir: /home/anshulk/Housing/data/mp_results/qwen3-4b/layer_22

Feature label class balance:
  bedrooms: 30.29% positive
  bathrooms: 30.18% positive
  year_built: 46.63% positive
  lot_size: 48.44% positive
  sqft: 48.44% positive
Price labels: 48.03% have property 1 more expensive

============================================================
STEP 1: ERASURE + VERIFICATION
============================================================

============================================================
MP erasure for feature: bedrooms
============================================================
Samples: 5130 (train: 3590, val: 513, test: 1027)
Class balance: 30.17% positive
Pre-erasure probe accuracy: 0.882
Rank removed: 1
Post-erasure probe accuracy: 0.699 (target: ~0.50)
Cosine similarity (original vs erased): 0.9808

============================================================
MP erasure for feature: bathrooms
============================================================
Samples: 5130 (train: 3590, val: 513, test: 1027)
Class balance: 30.03% positive
Pre-erasure probe accuracy: 0.840
Rank removed: 1
Post-erasure probe accuracy: 0.703 (target: ~0.50)
Cosine similarity (original vs erased): 0.9821

============================================================
MP erasure for feature: year_built
============================================================
Samples: 5130 (train: 3590, val: 513, test: 1027)
Class balance: 46.82% positive
Pre-erasure probe accuracy: 0.896
Rank removed: 1
Post-erasure probe accuracy: 0.532 (target: ~0.50)
Cosine similarity (original vs erased): 0.9805

============================================================
MP erasure for feature: lot_size
============================================================
Samples: 5130 (train: 3590, val: 513, test: 1027)
Class balance: 48.05% positive
[W] [17:11:56.163936] L-BFGS: max iterations reached
[W] [17:11:56.163987] Maximum iterations reached before solver is converged. To increase model accuracy you can increase the number of iterations (max_iter) or improve the scaling of the input data.
Pre-erasure probe accuracy: 0.805
Rank removed: 1
Post-erasure probe accuracy: 0.520 (target: ~0.50)
Cosine similarity (original vs erased): 0.9853

============================================================
MP erasure for feature: sqft
============================================================
Samples: 5130 (train: 3590, val: 513, test: 1027)
Class balance: 48.05% positive
[W] [17:11:58.591675] L-BFGS: max iterations reached
[W] [17:11:58.591709] Maximum iterations reached before solver is converged. To increase model accuracy you can increase the number of iterations (max_iter) or improve the scaling of the input data.
Pre-erasure probe accuracy: 0.800
Rank removed: 1
Post-erasure probe accuracy: 0.520 (target: ~0.50)
Cosine similarity (original vs erased): 0.9853

Saved erasure info to: /home/anshulk/Housing/data/mp_results/qwen3-4b/layer_22/erasure_info.json

============================================================
STEP 2: INFORMATION CONTROL
============================================================

--- BASELINE ---
  Baseline: acc=0.6078, auc=0.6429

--- RANDOM CONTROLS (10 runs) ---
[W] [17:12:02.123359] L-BFGS stopped, because the line search failed to advance (step delta = 0.000000)
  Random control: mean drop=0.0018 +/- 0.0016

--- MP ---
  bedrooms: acc=0.5903, drop=0.0175, random=0.0018 -> PASS
  bathrooms: acc=0.5909, drop=0.0169, random=0.0018 -> PASS
  year_built: acc=0.5916, drop=0.0162, random=0.0018 -> PASS
  lot_size: acc=0.6013, drop=0.0065, random=0.0018 -> PASS
  sqft: acc=0.6013, drop=0.0065, random=0.0018 -> PASS

  ALL FEATURES:
  all_features: acc=0.5883, drop=0.0195

Saved results to: /home/anshulk/Housing/data/mp_results/qwen3-4b/layer_22/results.csv

============================================================
STEP 3: SELECTIVITY CONTROL
============================================================

--- SELECTIVITY CONTROL (MP) ---
  bedrooms: baseline=0.6071, erased=0.5903, recovered=0.5948 (26.9% recovery) -> PASS
  bathrooms: baseline=0.6071, erased=0.5916, recovered=0.6084 (108.3% recovery) -> PASS
  year_built: baseline=0.6071, erased=0.5922, recovered=0.6039 (78.3% recovery) -> PASS
  lot_size: baseline=0.6071, erased=0.6019, recovered=0.5987 (0.0% recovery) -> PASS
  sqft: baseline=0.6071, erased=0.6013, recovered=0.5987 (0.0% recovery) -> PASS

Saved selectivity to: /home/anshulk/Housing/data/mp_results/qwen3-4b/layer_22/selectivity.csv

============================================================
CORRECTNESS ANALYSIS
============================================================

Saved correctness analysis to: /home/anshulk/Housing/data/mp_results/qwen3-4b/layer_22/correctness.csv

============================================================
SUMMARY
============================================================

--- MP ---
Baseline accuracy: 0.6078
Random control drop: 0.0018

Feature verdicts:
  bedrooms:
    Probe: 0.8821811100292113
    Cosine sim: 0.9807938933372498
    Price drop: 0.0175
    Info control: PASS
    Selectivity: PASS (26.9%)
    Verdict: MINOR — bedrooms has minor causal contribution to pricing
  bathrooms:
    Probe: 0.8403115871470301
    Cosine sim: 0.9820814728736877
    Price drop: 0.0169
    Info control: PASS
    Selectivity: PASS (108.3%)
    Verdict: MINOR — bathrooms has minor causal contribution to pricing
  year_built:
    Probe: 0.8958130477117819
    Cosine sim: 0.9805158972740173
    Price drop: 0.0162
    Info control: PASS
    Selectivity: PASS (78.3%)
    Verdict: MINOR — year_built has minor causal contribution to pricing
  lot_size:
    Probe: 0.8052580331061344
    Cosine sim: 0.9853435754776001
    Price drop: 0.0065
    Info control: PASS
    Selectivity: PASS (0.0%)
    Verdict: NOT_USED — lot_size encoded but not used for pricing
  sqft:
    Probe: 0.8003894839337877
    Cosine sim: 0.9853435754776001
    Price drop: 0.0065
    Info control: PASS
    Selectivity: PASS (0.0%)
    Verdict: NOT_USED — sqft encoded but not used for pricing

Saved summary to: /home/anshulk/Housing/data/mp_results/qwen3-4b/layer_22/summary.json

============================================================
COMPLETE in 44s (0.7 min)
============================================================

>>> Qwen layer 23 / 35
============================================================
AMNESIC PROBING WITH MP
============================================================
Model: qwen3-4b
Layer: 23
Methods: ['mp']
Features: ['bedrooms', 'bathrooms', 'year_built', 'lot_size', 'sqft']
Random controls: 10
GPU: True
============================================================

============================================================
LOADING DATA
============================================================
Loading activations from: /home/anshulk/Housing/data/activations/qwen3-4b_2_fewshot_cot_temp0_activations.npz
Activations shape: (5130, 36, 2560)
Feature columns: ['bathrooms_p1_more' 'bedrooms_p1_more' 'year_p1_newer' 'lot_p1_larger'
 'sqft_p1_larger' 'price_p1_higher']
Loading samples from: /home/anshulk/Housing/data/amnesic_samples/selected_samples_qwen3-4b_2_fewshot_cot_temp0.csv
Loaded 5130 samples
Using layer 23, shape: (5130, 2560)
Output dir: /home/anshulk/Housing/data/mp_results/qwen3-4b/layer_23

Feature label class balance:
  bedrooms: 30.29% positive
  bathrooms: 30.18% positive
  year_built: 46.63% positive
  lot_size: 48.44% positive
  sqft: 48.44% positive
Price labels: 48.03% have property 1 more expensive

============================================================
STEP 1: ERASURE + VERIFICATION
============================================================

============================================================
MP erasure for feature: bedrooms
============================================================
Samples: 5130 (train: 3590, val: 513, test: 1027)
Class balance: 30.17% positive
[W] [17:12:35.332338] L-BFGS: max iterations reached
[W] [17:12:35.332390] Maximum iterations reached before solver is converged. To increase model accuracy you can increase the number of iterations (max_iter) or improve the scaling of the input data.
Pre-erasure probe accuracy: 0.896
Rank removed: 1
Post-erasure probe accuracy: 0.699 (target: ~0.50)
Cosine similarity (original vs erased): 0.9797

============================================================
MP erasure for feature: bathrooms
============================================================
Samples: 5130 (train: 3590, val: 513, test: 1027)
Class balance: 30.03% positive
[W] [17:12:37.876157] L-BFGS: max iterations reached
[W] [17:12:37.876198] Maximum iterations reached before solver is converged. To increase model accuracy you can increase the number of iterations (max_iter) or improve the scaling of the input data.
Pre-erasure probe accuracy: 0.845
Rank removed: 1
Post-erasure probe accuracy: 0.703 (target: ~0.50)
Cosine similarity (original vs erased): 0.9801

============================================================
MP erasure for feature: year_built
============================================================
Samples: 5130 (train: 3590, val: 513, test: 1027)
Class balance: 46.82% positive
[W] [17:12:40.350448] L-BFGS: max iterations reached
[W] [17:12:40.350486] Maximum iterations reached before solver is converged. To increase model accuracy you can increase the number of iterations (max_iter) or improve the scaling of the input data.
Pre-erasure probe accuracy: 0.917
Rank removed: 1
Post-erasure probe accuracy: 0.532 (target: ~0.50)
Cosine similarity (original vs erased): 0.9824

============================================================
MP erasure for feature: lot_size
============================================================
Samples: 5130 (train: 3590, val: 513, test: 1027)
Class balance: 48.05% positive
[W] [17:12:42.881441] L-BFGS: max iterations reached
[W] [17:12:42.881476] Maximum iterations reached before solver is converged. To increase model accuracy you can increase the number of iterations (max_iter) or improve the scaling of the input data.
Pre-erasure probe accuracy: 0.829
Rank removed: 1
Post-erasure probe accuracy: 0.520 (target: ~0.50)
Cosine similarity (original vs erased): 0.9855

============================================================
MP erasure for feature: sqft
============================================================
Samples: 5130 (train: 3590, val: 513, test: 1027)
Class balance: 48.05% positive
[W] [17:12:45.663508] L-BFGS: max iterations reached
[W] [17:12:45.663541] Maximum iterations reached before solver is converged. To increase model accuracy you can increase the number of iterations (max_iter) or improve the scaling of the input data.
Pre-erasure probe accuracy: 0.830
Rank removed: 1
Post-erasure probe accuracy: 0.520 (target: ~0.50)
Cosine similarity (original vs erased): 0.9855

Saved erasure info to: /home/anshulk/Housing/data/mp_results/qwen3-4b/layer_23/erasure_info.json

============================================================
STEP 2: INFORMATION CONTROL
============================================================

--- BASELINE ---
  Baseline: acc=0.6045, auc=0.6397

--- RANDOM CONTROLS (10 runs) ---
  Random control: mean drop=0.0006 +/- 0.0010

--- MP ---
  bedrooms: acc=0.5935, drop=0.0110, random=0.0006 -> PASS
  bathrooms: acc=0.5922, drop=0.0123, random=0.0006 -> PASS
  year_built: acc=0.5883, drop=0.0162, random=0.0006 -> PASS
  lot_size: acc=0.5968, drop=0.0078, random=0.0006 -> PASS
  sqft: acc=0.5981, drop=0.0065, random=0.0006 -> PASS

  ALL FEATURES:
  all_features: acc=0.5909, drop=0.0136

Saved results to: /home/anshulk/Housing/data/mp_results/qwen3-4b/layer_23/results.csv

============================================================
STEP 3: SELECTIVITY CONTROL
============================================================

--- SELECTIVITY CONTROL (MP) ---
  bedrooms: baseline=0.6039, erased=0.5942, recovered=0.5955 (13.3% recovery) -> PASS
  bathrooms: baseline=0.6039, erased=0.5909, recovered=0.6182 (200.0% recovery) -> PASS
  year_built: baseline=0.6039, erased=0.5890, recovered=0.6091 (134.8% recovery) -> PASS
  lot_size: baseline=0.6039, erased=0.5968, recovered=0.6019 (72.7% recovery) -> PASS
  sqft: baseline=0.6039, erased=0.5968, recovered=0.6013 (63.6% recovery) -> PASS

Saved selectivity to: /home/anshulk/Housing/data/mp_results/qwen3-4b/layer_23/selectivity.csv

============================================================
CORRECTNESS ANALYSIS
============================================================

Saved correctness analysis to: /home/anshulk/Housing/data/mp_results/qwen3-4b/layer_23/correctness.csv

============================================================
SUMMARY
============================================================

--- MP ---
Baseline accuracy: 0.6045
Random control drop: 0.0006

Feature verdicts:
  bedrooms:
    Probe: 0.8958130477117819
    Cosine sim: 0.9797463417053223
    Price drop: 0.0110
    Info control: PASS
    Selectivity: PASS (13.3%)
    Verdict: MINOR — bedrooms has minor causal contribution to pricing
  bathrooms:
    Probe: 0.8451801363193768
    Cosine sim: 0.980060338973999
    Price drop: 0.0123
    Info control: PASS
    Selectivity: PASS (200.0%)
    Verdict: MINOR — bathrooms has minor causal contribution to pricing
  year_built:
    Probe: 0.9172346640701071
    Cosine sim: 0.9823780059814453
    Price drop: 0.0162
    Info control: PASS
    Selectivity: PASS (134.8%)
    Verdict: MINOR — year_built has minor causal contribution to pricing
  lot_size:
    Probe: 0.8286270691333982
    Cosine sim: 0.9855055212974548
    Price drop: 0.0078
    Info control: PASS
    Selectivity: PASS (72.7%)
    Verdict: NOT_USED — lot_size encoded but not used for pricing
  sqft:
    Probe: 0.8296007789678675
    Cosine sim: 0.9855055212974548
    Price drop: 0.0065
    Info control: PASS
    Selectivity: PASS (63.6%)
    Verdict: NOT_USED — sqft encoded but not used for pricing

Saved summary to: /home/anshulk/Housing/data/mp_results/qwen3-4b/layer_23/summary.json

============================================================
COMPLETE in 45s (0.7 min)
============================================================

>>> Qwen layer 24 / 35
============================================================
AMNESIC PROBING WITH MP
============================================================
Model: qwen3-4b
Layer: 24
Methods: ['mp']
Features: ['bedrooms', 'bathrooms', 'year_built', 'lot_size', 'sqft']
Random controls: 10
GPU: True
============================================================

============================================================
LOADING DATA
============================================================
Loading activations from: /home/anshulk/Housing/data/activations/qwen3-4b_2_fewshot_cot_temp0_activations.npz
Activations shape: (5130, 36, 2560)
Feature columns: ['bathrooms_p1_more' 'bedrooms_p1_more' 'year_p1_newer' 'lot_p1_larger'
 'sqft_p1_larger' 'price_p1_higher']
Loading samples from: /home/anshulk/Housing/data/amnesic_samples/selected_samples_qwen3-4b_2_fewshot_cot_temp0.csv
Loaded 5130 samples
Using layer 24, shape: (5130, 2560)
Output dir: /home/anshulk/Housing/data/mp_results/qwen3-4b/layer_24

Feature label class balance:
  bedrooms: 30.29% positive
  bathrooms: 30.18% positive
  year_built: 46.63% positive
  lot_size: 48.44% positive
  sqft: 48.44% positive
Price labels: 48.03% have property 1 more expensive

============================================================
STEP 1: ERASURE + VERIFICATION
============================================================

============================================================
MP erasure for feature: bedrooms
============================================================
Samples: 5130 (train: 3590, val: 513, test: 1027)
Class balance: 30.17% positive
[W] [17:13:23.302221] L-BFGS: max iterations reached
[W] [17:13:23.302267] Maximum iterations reached before solver is converged. To increase model accuracy you can increase the number of iterations (max_iter) or improve the scaling of the input data.
Pre-erasure probe accuracy: 0.883
Rank removed: 1
Post-erasure probe accuracy: 0.699 (target: ~0.50)
Cosine similarity (original vs erased): 0.9835

============================================================
MP erasure for feature: bathrooms
============================================================
Samples: 5130 (train: 3590, val: 513, test: 1027)
Class balance: 30.03% positive
[W] [17:13:25.788988] L-BFGS: max iterations reached
[W] [17:13:25.789031] Maximum iterations reached before solver is converged. To increase model accuracy you can increase the number of iterations (max_iter) or improve the scaling of the input data.
Pre-erasure probe accuracy: 0.833
Rank removed: 1
Post-erasure probe accuracy: 0.703 (target: ~0.50)
Cosine similarity (original vs erased): 0.9812

============================================================
MP erasure for feature: year_built
============================================================
Samples: 5130 (train: 3590, val: 513, test: 1027)
Class balance: 46.82% positive
[W] [17:13:28.269018] L-BFGS: max iterations reached
[W] [17:13:28.269059] Maximum iterations reached before solver is converged. To increase model accuracy you can increase the number of iterations (max_iter) or improve the scaling of the input data.
Pre-erasure probe accuracy: 0.911
Rank removed: 1
Post-erasure probe accuracy: 0.532 (target: ~0.50)
Cosine similarity (original vs erased): 0.9841

============================================================
MP erasure for feature: lot_size
============================================================
Samples: 5130 (train: 3590, val: 513, test: 1027)
Class balance: 48.05% positive
[W] [17:13:30.743154] L-BFGS: max iterations reached
[W] [17:13:30.743187] Maximum iterations reached before solver is converged. To increase model accuracy you can increase the number of iterations (max_iter) or improve the scaling of the input data.
Pre-erasure probe accuracy: 0.819
Rank removed: 1
Post-erasure probe accuracy: 0.520 (target: ~0.50)
Cosine similarity (original vs erased): 0.9853

============================================================
MP erasure for feature: sqft
============================================================
Samples: 5130 (train: 3590, val: 513, test: 1027)
Class balance: 48.05% positive
[W] [17:13:33.213089] L-BFGS: max iterations reached
[W] [17:13:33.213126] Maximum iterations reached before solver is converged. To increase model accuracy you can increase the number of iterations (max_iter) or improve the scaling of the input data.
Pre-erasure probe accuracy: 0.828
Rank removed: 1
Post-erasure probe accuracy: 0.520 (target: ~0.50)
Cosine similarity (original vs erased): 0.9853

Saved erasure info to: /home/anshulk/Housing/data/mp_results/qwen3-4b/layer_24/erasure_info.json

============================================================
STEP 2: INFORMATION CONTROL
============================================================

--- BASELINE ---
  Baseline: acc=0.6071, auc=0.6504

--- RANDOM CONTROLS (10 runs) ---
  Random control: mean drop=-0.0005 +/- 0.0013

--- MP ---
  bedrooms: acc=0.6065, drop=0.0006, random=-0.0005 -> FAIL
  bathrooms: acc=0.5994, drop=0.0078, random=-0.0005 -> PASS
  year_built: acc=0.6039, drop=0.0032, random=-0.0005 -> PASS
  lot_size: acc=0.6039, drop=0.0032, random=-0.0005 -> PASS
  sqft: acc=0.6032, drop=0.0039, random=-0.0005 -> PASS

  ALL FEATURES:
  all_features: acc=0.6045, drop=0.0026

Saved results to: /home/anshulk/Housing/data/mp_results/qwen3-4b/layer_24/results.csv

============================================================
STEP 3: SELECTIVITY CONTROL
============================================================

--- SELECTIVITY CONTROL (MP) ---
  bedrooms: baseline=0.6071, erased=0.6065, recovered=0.6000 (100.0% recovery) -> PASS
  bathrooms: baseline=0.6071, erased=0.5968, recovered=0.6143 (168.8% recovery) -> PASS
  year_built: baseline=0.6071, erased=0.6026, recovered=0.6078 (100.0% recovery) -> PASS
  lot_size: baseline=0.6071, erased=0.6045, recovered=0.6084 (100.0% recovery) -> PASS
  sqft: baseline=0.6071, erased=0.6045, recovered=0.6084 (100.0% recovery) -> PASS

Saved selectivity to: /home/anshulk/Housing/data/mp_results/qwen3-4b/layer_24/selectivity.csv

============================================================
CORRECTNESS ANALYSIS
============================================================

Saved correctness analysis to: /home/anshulk/Housing/data/mp_results/qwen3-4b/layer_24/correctness.csv

============================================================
SUMMARY
============================================================

--- MP ---
Baseline accuracy: 0.6071
Random control drop: -0.0005

Feature verdicts:
  bedrooms:
    Probe: 0.8831548198636806
    Cosine sim: 0.9835332632064819
    Price drop: 0.0006
    Info control: FAIL
    Selectivity: PASS (100.0%)
    Verdict: NOT_CAUSAL — Erasure of bedrooms does not hurt more than random
  bathrooms:
    Probe: 0.8325219084712756
    Cosine sim: 0.9812328815460205
    Price drop: 0.0078
    Info control: PASS
    Selectivity: PASS (168.8%)
    Verdict: NOT_USED — bathrooms encoded but not used for pricing
  year_built:
    Probe: 0.9113924050632911
    Cosine sim: 0.9841402769088745
    Price drop: 0.0032
    Info control: PASS
    Selectivity: PASS (100.0%)
    Verdict: NOT_USED — year_built encoded but not used for pricing
  lot_size:
    Probe: 0.818889970788705
    Cosine sim: 0.9852549433708191
    Price drop: 0.0032
    Info control: PASS
    Selectivity: PASS (100.0%)
    Verdict: NOT_USED — lot_size encoded but not used for pricing
  sqft:
    Probe: 0.8276533592989289
    Cosine sim: 0.9852549433708191
    Price drop: 0.0039
    Info control: PASS
    Selectivity: PASS (100.0%)
    Verdict: NOT_USED — sqft encoded but not used for pricing

Saved summary to: /home/anshulk/Housing/data/mp_results/qwen3-4b/layer_24/summary.json

============================================================
COMPLETE in 44s (0.7 min)
============================================================

>>> Qwen layer 25 / 35
============================================================
AMNESIC PROBING WITH MP
============================================================
Model: qwen3-4b
Layer: 25
Methods: ['mp']
Features: ['bedrooms', 'bathrooms', 'year_built', 'lot_size', 'sqft']
Random controls: 10
GPU: True
============================================================

============================================================
LOADING DATA
============================================================
Loading activations from: /home/anshulk/Housing/data/activations/qwen3-4b_2_fewshot_cot_temp0_activations.npz
Activations shape: (5130, 36, 2560)
Feature columns: ['bathrooms_p1_more' 'bedrooms_p1_more' 'year_p1_newer' 'lot_p1_larger'
 'sqft_p1_larger' 'price_p1_higher']
Loading samples from: /home/anshulk/Housing/data/amnesic_samples/selected_samples_qwen3-4b_2_fewshot_cot_temp0.csv
Loaded 5130 samples
Using layer 25, shape: (5130, 2560)
Output dir: /home/anshulk/Housing/data/mp_results/qwen3-4b/layer_25

Feature label class balance:
  bedrooms: 30.29% positive
  bathrooms: 30.18% positive
  year_built: 46.63% positive
  lot_size: 48.44% positive
  sqft: 48.44% positive
Price labels: 48.03% have property 1 more expensive

============================================================
STEP 1: ERASURE + VERIFICATION
============================================================

============================================================
MP erasure for feature: bedrooms
============================================================
Samples: 5130 (train: 3590, val: 513, test: 1027)
Class balance: 30.17% positive
[W] [17:14:10.324408] L-BFGS stopped, because the line search failed to advance (step delta = 0.000000)
Pre-erasure probe accuracy: 0.880
Rank removed: 1
Post-erasure probe accuracy: 0.699 (target: ~0.50)
Cosine similarity (original vs erased): 0.9807

============================================================
MP erasure for feature: bathrooms
============================================================
Samples: 5130 (train: 3590, val: 513, test: 1027)
Class balance: 30.03% positive
[W] [17:14:13.431309] L-BFGS: max iterations reached
[W] [17:14:13.431350] Maximum iterations reached before solver is converged. To increase model accuracy you can increase the number of iterations (max_iter) or improve the scaling of the input data.
Pre-erasure probe accuracy: 0.824
Rank removed: 1
Post-erasure probe accuracy: 0.703 (target: ~0.50)
Cosine similarity (original vs erased): 0.9791

============================================================
MP erasure for feature: year_built
============================================================
Samples: 5130 (train: 3590, val: 513, test: 1027)
Class balance: 46.82% positive
[W] [17:14:15.979092] L-BFGS: max iterations reached
[W] [17:14:15.979132] Maximum iterations reached before solver is converged. To increase model accuracy you can increase the number of iterations (max_iter) or improve the scaling of the input data.
Pre-erasure probe accuracy: 0.895
Rank removed: 1
Post-erasure probe accuracy: 0.532 (target: ~0.50)
Cosine similarity (original vs erased): 0.9852

============================================================
MP erasure for feature: lot_size
============================================================
Samples: 5130 (train: 3590, val: 513, test: 1027)
Class balance: 48.05% positive
[W] [17:14:18.446753] L-BFGS: max iterations reached
[W] [17:14:18.446790] Maximum iterations reached before solver is converged. To increase model accuracy you can increase the number of iterations (max_iter) or improve the scaling of the input data.
Pre-erasure probe accuracy: 0.825
Rank removed: 1
Post-erasure probe accuracy: 0.520 (target: ~0.50)
Cosine similarity (original vs erased): 0.9835

============================================================
MP erasure for feature: sqft
============================================================
Samples: 5130 (train: 3590, val: 513, test: 1027)
Class balance: 48.05% positive
[W] [17:14:20.885688] L-BFGS: max iterations reached
[W] [17:14:20.885723] Maximum iterations reached before solver is converged. To increase model accuracy you can increase the number of iterations (max_iter) or improve the scaling of the input data.
Pre-erasure probe accuracy: 0.823
Rank removed: 1
Post-erasure probe accuracy: 0.520 (target: ~0.50)
Cosine similarity (original vs erased): 0.9835

Saved erasure info to: /home/anshulk/Housing/data/mp_results/qwen3-4b/layer_25/erasure_info.json

============================================================
STEP 2: INFORMATION CONTROL
============================================================

--- BASELINE ---
  Baseline: acc=0.6065, auc=0.6413

--- RANDOM CONTROLS (10 runs) ---
  Random control: mean drop=-0.0018 +/- 0.0006

--- MP ---
  bedrooms: acc=0.5968, drop=0.0097, random=-0.0018 -> PASS
  bathrooms: acc=0.5961, drop=0.0104, random=-0.0018 -> PASS
  year_built: acc=0.6084, drop=-0.0019, random=-0.0018 -> FAIL
  lot_size: acc=0.6123, drop=-0.0058, random=-0.0018 -> FAIL
  sqft: acc=0.6130, drop=-0.0065, random=-0.0018 -> FAIL

  ALL FEATURES:
  all_features: acc=0.6000, drop=0.0065

Saved results to: /home/anshulk/Housing/data/mp_results/qwen3-4b/layer_25/results.csv

============================================================
STEP 3: SELECTIVITY CONTROL
============================================================

--- SELECTIVITY CONTROL (MP) ---
  bedrooms: baseline=0.6084, erased=0.5974, recovered=0.5942 (0.0% recovery) -> PASS
  bathrooms: baseline=0.6084, erased=0.5994, recovered=0.6182 (200.0% recovery) -> PASS
  year_built: baseline=0.6084, erased=0.6078, recovered=0.5994 (100.0% recovery) -> PASS
  lot_size: baseline=0.6084, erased=0.6117, recovered=0.6078 (100.0% recovery) -> PASS
  sqft: baseline=0.6084, erased=0.6123, recovered=0.6078 (100.0% recovery) -> PASS

Saved selectivity to: /home/anshulk/Housing/data/mp_results/qwen3-4b/layer_25/selectivity.csv

============================================================
CORRECTNESS ANALYSIS
============================================================

Saved correctness analysis to: /home/anshulk/Housing/data/mp_results/qwen3-4b/layer_25/correctness.csv

============================================================
SUMMARY
============================================================

--- MP ---
Baseline accuracy: 0.6065
Random control drop: -0.0018

Feature verdicts:
  bedrooms:
    Probe: 0.8802336903602727
    Cosine sim: 0.9806803464889526
    Price drop: 0.0097
    Info control: PASS
    Selectivity: PASS (0.0%)
    Verdict: NOT_USED — bedrooms encoded but not used for pricing
  bathrooms:
    Probe: 0.8237585199610516
    Cosine sim: 0.9790508151054382
    Price drop: 0.0104
    Info control: PASS
    Selectivity: PASS (200.0%)
    Verdict: MINOR — bathrooms has minor causal contribution to pricing
  year_built:
    Probe: 0.8948393378773125
    Cosine sim: 0.9851604104042053
    Price drop: -0.0019
    Info control: FAIL
    Selectivity: PASS (100.0%)
    Verdict: NOT_CAUSAL — Erasure of year_built does not hurt more than random
  lot_size:
    Probe: 0.824732229795521
    Cosine sim: 0.9835222959518433
    Price drop: -0.0058
    Info control: FAIL
    Selectivity: PASS (100.0%)
    Verdict: NOT_CAUSAL — Erasure of lot_size does not hurt more than random
  sqft:
    Probe: 0.8227848101265823
    Cosine sim: 0.9835222959518433
    Price drop: -0.0065
    Info control: FAIL
    Selectivity: PASS (100.0%)
    Verdict: NOT_CAUSAL — Erasure of sqft does not hurt more than random

Saved summary to: /home/anshulk/Housing/data/mp_results/qwen3-4b/layer_25/summary.json

============================================================
COMPLETE in 45s (0.7 min)
============================================================

>>> Qwen layer 26 / 35
============================================================
AMNESIC PROBING WITH MP
============================================================
Model: qwen3-4b
Layer: 26
Methods: ['mp']
Features: ['bedrooms', 'bathrooms', 'year_built', 'lot_size', 'sqft']
Random controls: 10
GPU: True
============================================================

============================================================
LOADING DATA
============================================================
Loading activations from: /home/anshulk/Housing/data/activations/qwen3-4b_2_fewshot_cot_temp0_activations.npz
Activations shape: (5130, 36, 2560)
Feature columns: ['bathrooms_p1_more' 'bedrooms_p1_more' 'year_p1_newer' 'lot_p1_larger'
 'sqft_p1_larger' 'price_p1_higher']
Loading samples from: /home/anshulk/Housing/data/amnesic_samples/selected_samples_qwen3-4b_2_fewshot_cot_temp0.csv
Loaded 5130 samples
Using layer 26, shape: (5130, 2560)
Output dir: /home/anshulk/Housing/data/mp_results/qwen3-4b/layer_26

Feature label class balance:
  bedrooms: 30.29% positive
  bathrooms: 30.18% positive
  year_built: 46.63% positive
  lot_size: 48.44% positive
  sqft: 48.44% positive
Price labels: 48.03% have property 1 more expensive

============================================================
STEP 1: ERASURE + VERIFICATION
============================================================

============================================================
MP erasure for feature: bedrooms
============================================================
Samples: 5130 (train: 3590, val: 513, test: 1027)
Class balance: 30.17% positive
[W] [17:14:58.397406] L-BFGS: max iterations reached
[W] [17:14:58.397449] Maximum iterations reached before solver is converged. To increase model accuracy you can increase the number of iterations (max_iter) or improve the scaling of the input data.
Pre-erasure probe accuracy: 0.889
Rank removed: 1
Post-erasure probe accuracy: 0.699 (target: ~0.50)
Cosine similarity (original vs erased): 0.9815

============================================================
MP erasure for feature: bathrooms
============================================================
Samples: 5130 (train: 3590, val: 513, test: 1027)
Class balance: 30.03% positive
[W] [17:15:00.892016] L-BFGS: max iterations reached
[W] [17:15:00.892056] Maximum iterations reached before solver is converged. To increase model accuracy you can increase the number of iterations (max_iter) or improve the scaling of the input data.
Pre-erasure probe accuracy: 0.817
Rank removed: 1
Post-erasure probe accuracy: 0.703 (target: ~0.50)
Cosine similarity (original vs erased): 0.9791

============================================================
MP erasure for feature: year_built
============================================================
Samples: 5130 (train: 3590, val: 513, test: 1027)
Class balance: 46.82% positive
[W] [17:15:03.355988] L-BFGS: max iterations reached
[W] [17:15:03.356026] Maximum iterations reached before solver is converged. To increase model accuracy you can increase the number of iterations (max_iter) or improve the scaling of the input data.
Pre-erasure probe accuracy: 0.896
Rank removed: 1
Post-erasure probe accuracy: 0.532 (target: ~0.50)
Cosine similarity (original vs erased): 0.9864

============================================================
MP erasure for feature: lot_size
============================================================
Samples: 5130 (train: 3590, val: 513, test: 1027)
Class balance: 48.05% positive
[W] [17:15:05.794988] L-BFGS: max iterations reached
[W] [17:15:05.795020] Maximum iterations reached before solver is converged. To increase model accuracy you can increase the number of iterations (max_iter) or improve the scaling of the input data.
Pre-erasure probe accuracy: 0.822
Rank removed: 1
Post-erasure probe accuracy: 0.520 (target: ~0.50)
Cosine similarity (original vs erased): 0.9857

============================================================
MP erasure for feature: sqft
============================================================
Samples: 5130 (train: 3590, val: 513, test: 1027)
Class balance: 48.05% positive
[W] [17:15:08.236710] L-BFGS: max iterations reached
[W] [17:15:08.236743] Maximum iterations reached before solver is converged. To increase model accuracy you can increase the number of iterations (max_iter) or improve the scaling of the input data.
Pre-erasure probe accuracy: 0.824
Rank removed: 1
[W] [17:15:09.950506] L-BFGS stopped, because the line search failed to advance (step delta = 0.000000)
Post-erasure probe accuracy: 0.520 (target: ~0.50)
Cosine similarity (original vs erased): 0.9857

Saved erasure info to: /home/anshulk/Housing/data/mp_results/qwen3-4b/layer_26/erasure_info.json

============================================================
STEP 2: INFORMATION CONTROL
============================================================

--- BASELINE ---
  Baseline: acc=0.6169, auc=0.6442

--- RANDOM CONTROLS (10 runs) ---
  Random control: mean drop=0.0018 +/- 0.0009

--- MP ---
  bedrooms: acc=0.6039, drop=0.0130, random=0.0018 -> PASS
  bathrooms: acc=0.5961, drop=0.0208, random=0.0018 -> PASS
  year_built: acc=0.6032, drop=0.0136, random=0.0018 -> PASS
  lot_size: acc=0.6182, drop=-0.0013, random=0.0018 -> FAIL
  sqft: acc=0.6169, drop=0.0000, random=0.0018 -> FAIL

  ALL FEATURES:
  all_features: acc=0.6065, drop=0.0104

Saved results to: /home/anshulk/Housing/data/mp_results/qwen3-4b/layer_26/results.csv

============================================================
STEP 3: SELECTIVITY CONTROL
============================================================

--- SELECTIVITY CONTROL (MP) ---
  bedrooms: baseline=0.6162, erased=0.6045, recovered=0.6000 (0.0% recovery) -> PASS
  bathrooms: baseline=0.6162, erased=0.5968, recovered=0.6175 (106.7% recovery) -> PASS
  year_built: baseline=0.6162, erased=0.6000, recovered=0.6078 (48.0% recovery) -> PASS
  lot_size: baseline=0.6162, erased=0.6162, recovered=0.6156 (100.0% recovery) -> PASS
  sqft: baseline=0.6162, erased=0.6162, recovered=0.6169 (100.0% recovery) -> PASS

Saved selectivity to: /home/anshulk/Housing/data/mp_results/qwen3-4b/layer_26/selectivity.csv

============================================================
CORRECTNESS ANALYSIS
============================================================
[W] [17:15:29.634972] L-BFGS stopped, because the line search failed to advance (step delta = 0.000000)

Saved correctness analysis to: /home/anshulk/Housing/data/mp_results/qwen3-4b/layer_26/correctness.csv

============================================================
SUMMARY
============================================================

--- MP ---
Baseline accuracy: 0.6169
Random control drop: 0.0018

Feature verdicts:
  bedrooms:
    Probe: 0.8889970788704966
    Cosine sim: 0.9814992547035217
    Price drop: 0.0130
    Info control: PASS
    Selectivity: PASS (0.0%)
    Verdict: MINOR — bedrooms has minor causal contribution to pricing
  bathrooms:
    Probe: 0.8169425511197663
    Cosine sim: 0.9790806174278259
    Price drop: 0.0208
    Info control: PASS
    Selectivity: PASS (106.7%)
    Verdict: MINOR — bathrooms has minor causal contribution to pricing
  year_built:
    Probe: 0.8958130477117819
    Cosine sim: 0.9864397644996643
    Price drop: 0.0136
    Info control: PASS
    Selectivity: PASS (48.0%)
    Verdict: MINOR — year_built has minor causal contribution to pricing
  lot_size:
    Probe: 0.8218111002921129
    Cosine sim: 0.9856560826301575
    Price drop: -0.0013
    Info control: FAIL
    Selectivity: PASS (100.0%)
    Verdict: NOT_CAUSAL — Erasure of lot_size does not hurt more than random
  sqft:
    Probe: 0.8237585199610516
    Cosine sim: 0.9856560826301575
    Price drop: 0.0000
    Info control: FAIL
    Selectivity: PASS (100.0%)
    Verdict: NOT_CAUSAL — Erasure of sqft does not hurt more than random

Saved summary to: /home/anshulk/Housing/data/mp_results/qwen3-4b/layer_26/summary.json

============================================================
COMPLETE in 45s (0.7 min)
============================================================

>>> Qwen layer 27 / 35
============================================================
AMNESIC PROBING WITH MP
============================================================
Model: qwen3-4b
Layer: 27
Methods: ['mp']
Features: ['bedrooms', 'bathrooms', 'year_built', 'lot_size', 'sqft']
Random controls: 10
GPU: True
============================================================

============================================================
LOADING DATA
============================================================
Loading activations from: /home/anshulk/Housing/data/activations/qwen3-4b_2_fewshot_cot_temp0_activations.npz
Activations shape: (5130, 36, 2560)
Feature columns: ['bathrooms_p1_more' 'bedrooms_p1_more' 'year_p1_newer' 'lot_p1_larger'
 'sqft_p1_larger' 'price_p1_higher']
Loading samples from: /home/anshulk/Housing/data/amnesic_samples/selected_samples_qwen3-4b_2_fewshot_cot_temp0.csv
Loaded 5130 samples
Using layer 27, shape: (5130, 2560)
Output dir: /home/anshulk/Housing/data/mp_results/qwen3-4b/layer_27

Feature label class balance:
  bedrooms: 30.29% positive
  bathrooms: 30.18% positive
  year_built: 46.63% positive
  lot_size: 48.44% positive
  sqft: 48.44% positive
Price labels: 48.03% have property 1 more expensive

============================================================
STEP 1: ERASURE + VERIFICATION
============================================================

============================================================
MP erasure for feature: bedrooms
============================================================
Samples: 5130 (train: 3590, val: 513, test: 1027)
Class balance: 30.17% positive
[W] [17:15:46.263732] L-BFGS: max iterations reached
[W] [17:15:46.263789] Maximum iterations reached before solver is converged. To increase model accuracy you can increase the number of iterations (max_iter) or improve the scaling of the input data.
Pre-erasure probe accuracy: 0.886
Rank removed: 1
Post-erasure probe accuracy: 0.699 (target: ~0.50)
Cosine similarity (original vs erased): 0.9837

============================================================
MP erasure for feature: bathrooms
============================================================
Samples: 5130 (train: 3590, val: 513, test: 1027)
Class balance: 30.03% positive
[W] [17:15:48.779884] L-BFGS: max iterations reached
[W] [17:15:48.779923] Maximum iterations reached before solver is converged. To increase model accuracy you can increase the number of iterations (max_iter) or improve the scaling of the input data.
Pre-erasure probe accuracy: 0.822
Rank removed: 1
Post-erasure probe accuracy: 0.703 (target: ~0.50)
Cosine similarity (original vs erased): 0.9772

============================================================
MP erasure for feature: year_built
============================================================
Samples: 5130 (train: 3590, val: 513, test: 1027)
Class balance: 46.82% positive
[W] [17:15:51.230039] L-BFGS: max iterations reached
[W] [17:15:51.230078] Maximum iterations reached before solver is converged. To increase model accuracy you can increase the number of iterations (max_iter) or improve the scaling of the input data.
Pre-erasure probe accuracy: 0.890
Rank removed: 1
Post-erasure probe accuracy: 0.532 (target: ~0.50)
Cosine similarity (original vs erased): 0.9854

============================================================
MP erasure for feature: lot_size
============================================================
Samples: 5130 (train: 3590, val: 513, test: 1027)
Class balance: 48.05% positive
[W] [17:15:53.707618] L-BFGS: max iterations reached
[W] [17:15:53.707652] Maximum iterations reached before solver is converged. To increase model accuracy you can increase the number of iterations (max_iter) or improve the scaling of the input data.
Pre-erasure probe accuracy: 0.809
Rank removed: 1
Post-erasure probe accuracy: 0.520 (target: ~0.50)
Cosine similarity (original vs erased): 0.9865

============================================================
MP erasure for feature: sqft
============================================================
Samples: 5130 (train: 3590, val: 513, test: 1027)
Class balance: 48.05% positive
[W] [17:15:56.187298] L-BFGS: max iterations reached
[W] [17:15:56.187332] Maximum iterations reached before solver is converged. To increase model accuracy you can increase the number of iterations (max_iter) or improve the scaling of the input data.
Pre-erasure probe accuracy: 0.815
Rank removed: 1
Post-erasure probe accuracy: 0.520 (target: ~0.50)
Cosine similarity (original vs erased): 0.9865

Saved erasure info to: /home/anshulk/Housing/data/mp_results/qwen3-4b/layer_27/erasure_info.json

============================================================
STEP 2: INFORMATION CONTROL
============================================================

--- BASELINE ---
  Baseline: acc=0.6110, auc=0.6414

--- RANDOM CONTROLS (10 runs) ---
  Random control: mean drop=0.0002 +/- 0.0013

--- MP ---
  bedrooms: acc=0.6052, drop=0.0058, random=0.0002 -> PASS
  bathrooms: acc=0.5935, drop=0.0175, random=0.0002 -> PASS
  year_built: acc=0.6032, drop=0.0078, random=0.0002 -> PASS
  lot_size: acc=0.6143, drop=-0.0032, random=0.0002 -> FAIL
  sqft: acc=0.6123, drop=-0.0013, random=0.0002 -> FAIL

  ALL FEATURES:
  all_features: acc=0.6078, drop=0.0032

Saved results to: /home/anshulk/Housing/data/mp_results/qwen3-4b/layer_27/results.csv

============================================================
STEP 3: SELECTIVITY CONTROL
============================================================

--- SELECTIVITY CONTROL (MP) ---
  bedrooms: baseline=0.6117, erased=0.6078, recovered=0.6065 (100.0% recovery) -> PASS
  bathrooms: baseline=0.6117, erased=0.5929, recovered=0.6188 (137.9% recovery) -> PASS
  year_built: baseline=0.6117, erased=0.6026, recovered=0.6026 (0.0% recovery) -> PASS
  lot_size: baseline=0.6117, erased=0.6130, recovered=0.6117 (100.0% recovery) -> PASS
  sqft: baseline=0.6117, erased=0.6156, recovered=0.6117 (100.0% recovery) -> PASS

Saved selectivity to: /home/anshulk/Housing/data/mp_results/qwen3-4b/layer_27/selectivity.csv

============================================================
CORRECTNESS ANALYSIS
============================================================

Saved correctness analysis to: /home/anshulk/Housing/data/mp_results/qwen3-4b/layer_27/correctness.csv

============================================================
SUMMARY
============================================================

--- MP ---
Baseline accuracy: 0.6110
Random control drop: 0.0002

Feature verdicts:
  bedrooms:
    Probe: 0.8860759493670886
    Cosine sim: 0.983671247959137
    Price drop: 0.0058
    Info control: PASS
    Selectivity: PASS (100.0%)
    Verdict: NOT_USED — bedrooms encoded but not used for pricing
  bathrooms:
    Probe: 0.8218111002921129
    Cosine sim: 0.9771629571914673
    Price drop: 0.0175
    Info control: PASS
    Selectivity: PASS (137.9%)
    Verdict: MINOR — bathrooms has minor causal contribution to pricing
  year_built:
    Probe: 0.8899707887049659
    Cosine sim: 0.9853660464286804
    Price drop: 0.0078
    Info control: PASS
    Selectivity: PASS (0.0%)
    Verdict: NOT_USED — year_built encoded but not used for pricing
  lot_size:
    Probe: 0.8091528724440117
    Cosine sim: 0.9865104556083679
    Price drop: -0.0032
    Info control: FAIL
    Selectivity: PASS (100.0%)
    Verdict: NOT_CAUSAL — Erasure of lot_size does not hurt more than random
  sqft:
    Probe: 0.8149951314508277
    Cosine sim: 0.9865104556083679
    Price drop: -0.0013
    Info control: FAIL
    Selectivity: PASS (100.0%)
    Verdict: NOT_CAUSAL — Erasure of sqft does not hurt more than random

Saved summary to: /home/anshulk/Housing/data/mp_results/qwen3-4b/layer_27/summary.json

============================================================
COMPLETE in 45s (0.7 min)
============================================================

>>> Qwen layer 28 / 35
============================================================
AMNESIC PROBING WITH MP
============================================================
Model: qwen3-4b
Layer: 28
Methods: ['mp']
Features: ['bedrooms', 'bathrooms', 'year_built', 'lot_size', 'sqft']
Random controls: 10
GPU: True
============================================================

============================================================
LOADING DATA
============================================================
Loading activations from: /home/anshulk/Housing/data/activations/qwen3-4b_2_fewshot_cot_temp0_activations.npz
Activations shape: (5130, 36, 2560)
Feature columns: ['bathrooms_p1_more' 'bedrooms_p1_more' 'year_p1_newer' 'lot_p1_larger'
 'sqft_p1_larger' 'price_p1_higher']
Loading samples from: /home/anshulk/Housing/data/amnesic_samples/selected_samples_qwen3-4b_2_fewshot_cot_temp0.csv
Loaded 5130 samples
Using layer 28, shape: (5130, 2560)
Output dir: /home/anshulk/Housing/data/mp_results/qwen3-4b/layer_28

Feature label class balance:
  bedrooms: 30.29% positive
  bathrooms: 30.18% positive
  year_built: 46.63% positive
  lot_size: 48.44% positive
  sqft: 48.44% positive
Price labels: 48.03% have property 1 more expensive

============================================================
STEP 1: ERASURE + VERIFICATION
============================================================

============================================================
MP erasure for feature: bedrooms
============================================================
Samples: 5130 (train: 3590, val: 513, test: 1027)
Class balance: 30.17% positive
[W] [17:16:34.242255] L-BFGS: max iterations reached
[W] [17:16:34.242315] Maximum iterations reached before solver is converged. To increase model accuracy you can increase the number of iterations (max_iter) or improve the scaling of the input data.
Pre-erasure probe accuracy: 0.895
Rank removed: 1
Post-erasure probe accuracy: 0.699 (target: ~0.50)
Cosine similarity (original vs erased): 0.9847

============================================================
MP erasure for feature: bathrooms
============================================================
Samples: 5130 (train: 3590, val: 513, test: 1027)
Class balance: 30.03% positive
[W] [17:16:36.740269] L-BFGS: max iterations reached
[W] [17:16:36.740308] Maximum iterations reached before solver is converged. To increase model accuracy you can increase the number of iterations (max_iter) or improve the scaling of the input data.
Pre-erasure probe accuracy: 0.828
Rank removed: 1
Post-erasure probe accuracy: 0.703 (target: ~0.50)
Cosine similarity (original vs erased): 0.9790

============================================================
MP erasure for feature: year_built
============================================================
Samples: 5130 (train: 3590, val: 513, test: 1027)
Class balance: 46.82% positive
[W] [17:16:39.350012] L-BFGS: max iterations reached
[W] [17:16:39.350052] Maximum iterations reached before solver is converged. To increase model accuracy you can increase the number of iterations (max_iter) or improve the scaling of the input data.
Pre-erasure probe accuracy: 0.892
Rank removed: 1
Post-erasure probe accuracy: 0.532 (target: ~0.50)
Cosine similarity (original vs erased): 0.9827

============================================================
MP erasure for feature: lot_size
============================================================
Samples: 5130 (train: 3590, val: 513, test: 1027)
Class balance: 48.05% positive
[W] [17:16:41.827804] L-BFGS: max iterations reached
[W] [17:16:41.827839] Maximum iterations reached before solver is converged. To increase model accuracy you can increase the number of iterations (max_iter) or improve the scaling of the input data.
Pre-erasure probe accuracy: 0.816
Rank removed: 1
Post-erasure probe accuracy: 0.520 (target: ~0.50)
Cosine similarity (original vs erased): 0.9892

============================================================
MP erasure for feature: sqft
============================================================
Samples: 5130 (train: 3590, val: 513, test: 1027)
Class balance: 48.05% positive
[W] [17:16:44.311822] L-BFGS: max iterations reached
[W] [17:16:44.311858] Maximum iterations reached before solver is converged. To increase model accuracy you can increase the number of iterations (max_iter) or improve the scaling of the input data.
Pre-erasure probe accuracy: 0.807
Rank removed: 1
Post-erasure probe accuracy: 0.520 (target: ~0.50)
Cosine similarity (original vs erased): 0.9892

Saved erasure info to: /home/anshulk/Housing/data/mp_results/qwen3-4b/layer_28/erasure_info.json

============================================================
STEP 2: INFORMATION CONTROL
============================================================

--- BASELINE ---
  Baseline: acc=0.6110, auc=0.6344

--- RANDOM CONTROLS (10 runs) ---
[W] [17:16:50.130422] L-BFGS stopped, because the line search failed to advance (step delta = 0.000000)
  Random control: mean drop=-0.0010 +/- 0.0013

--- MP ---
  bedrooms: acc=0.5896, drop=0.0214, random=-0.0010 -> PASS
  bathrooms: acc=0.5935, drop=0.0175, random=-0.0010 -> PASS
  year_built: acc=0.5968, drop=0.0143, random=-0.0010 -> PASS
  lot_size: acc=0.6084, drop=0.0026, random=-0.0010 -> PASS
  sqft: acc=0.6084, drop=0.0026, random=-0.0010 -> PASS

  ALL FEATURES:
  all_features: acc=0.5890, drop=0.0221

Saved results to: /home/anshulk/Housing/data/mp_results/qwen3-4b/layer_28/results.csv

============================================================
STEP 3: SELECTIVITY CONTROL
============================================================

--- SELECTIVITY CONTROL (MP) ---
  bedrooms: baseline=0.6117, erased=0.5903, recovered=0.6019 (54.5% recovery) -> PASS
  bathrooms: baseline=0.6117, erased=0.5916, recovered=0.6162 (122.6% recovery) -> PASS
  year_built: baseline=0.6117, erased=0.5955, recovered=0.6058 (64.0% recovery) -> PASS
  lot_size: baseline=0.6117, erased=0.6078, recovered=0.6117 (100.0% recovery) -> PASS
  sqft: baseline=0.6117, erased=0.6091, recovered=0.6130 (100.0% recovery) -> PASS

Saved selectivity to: /home/anshulk/Housing/data/mp_results/qwen3-4b/layer_28/selectivity.csv

============================================================
CORRECTNESS ANALYSIS
============================================================

Saved correctness analysis to: /home/anshulk/Housing/data/mp_results/qwen3-4b/layer_28/correctness.csv

============================================================
SUMMARY
============================================================

--- MP ---
Baseline accuracy: 0.6110
Random control drop: -0.0010

Feature verdicts:
  bedrooms:
    Probe: 0.8948393378773125
    Cosine sim: 0.984700083732605
    Price drop: 0.0214
    Info control: PASS
    Selectivity: PASS (54.5%)
    Verdict: MINOR — bedrooms has minor causal contribution to pricing
  bathrooms:
    Probe: 0.8276533592989289
    Cosine sim: 0.9790286421775818
    Price drop: 0.0175
    Info control: PASS
    Selectivity: PASS (122.6%)
    Verdict: MINOR — bathrooms has minor causal contribution to pricing
  year_built:
    Probe: 0.8919182083739046
    Cosine sim: 0.9826750159263611
    Price drop: 0.0143
    Info control: PASS
    Selectivity: PASS (64.0%)
    Verdict: MINOR — year_built has minor causal contribution to pricing
  lot_size:
    Probe: 0.815968841285297
    Cosine sim: 0.9892125725746155
    Price drop: 0.0026
    Info control: PASS
    Selectivity: PASS (100.0%)
    Verdict: NOT_USED — lot_size encoded but not used for pricing
  sqft:
    Probe: 0.807205452775073
    Cosine sim: 0.9892125725746155
    Price drop: 0.0026
    Info control: PASS
    Selectivity: PASS (100.0%)
    Verdict: NOT_USED — sqft encoded but not used for pricing

Saved summary to: /home/anshulk/Housing/data/mp_results/qwen3-4b/layer_28/summary.json

============================================================
COMPLETE in 44s (0.7 min)
============================================================

>>> Qwen layer 29 / 35
============================================================
AMNESIC PROBING WITH MP
============================================================
Model: qwen3-4b
Layer: 29
Methods: ['mp']
Features: ['bedrooms', 'bathrooms', 'year_built', 'lot_size', 'sqft']
Random controls: 10
GPU: True
============================================================

============================================================
LOADING DATA
============================================================
Loading activations from: /home/anshulk/Housing/data/activations/qwen3-4b_2_fewshot_cot_temp0_activations.npz
Activations shape: (5130, 36, 2560)
Feature columns: ['bathrooms_p1_more' 'bedrooms_p1_more' 'year_p1_newer' 'lot_p1_larger'
 'sqft_p1_larger' 'price_p1_higher']
Loading samples from: /home/anshulk/Housing/data/amnesic_samples/selected_samples_qwen3-4b_2_fewshot_cot_temp0.csv
Loaded 5130 samples
Using layer 29, shape: (5130, 2560)
Output dir: /home/anshulk/Housing/data/mp_results/qwen3-4b/layer_29

Feature label class balance:
  bedrooms: 30.29% positive
  bathrooms: 30.18% positive
  year_built: 46.63% positive
  lot_size: 48.44% positive
  sqft: 48.44% positive
Price labels: 48.03% have property 1 more expensive

============================================================
STEP 1: ERASURE + VERIFICATION
============================================================

============================================================
MP erasure for feature: bedrooms
============================================================
Samples: 5130 (train: 3590, val: 513, test: 1027)
Class balance: 30.17% positive
[W] [17:17:21.348112] L-BFGS: max iterations reached
[W] [17:17:21.348168] Maximum iterations reached before solver is converged. To increase model accuracy you can increase the number of iterations (max_iter) or improve the scaling of the input data.
Pre-erasure probe accuracy: 0.897
Rank removed: 1
Post-erasure probe accuracy: 0.699 (target: ~0.50)
Cosine similarity (original vs erased): 0.9839

============================================================
MP erasure for feature: bathrooms
============================================================
Samples: 5130 (train: 3590, val: 513, test: 1027)
Class balance: 30.03% positive
[W] [17:17:23.826252] L-BFGS: max iterations reached
[W] [17:17:23.826298] Maximum iterations reached before solver is converged. To increase model accuracy you can increase the number of iterations (max_iter) or improve the scaling of the input data.
Pre-erasure probe accuracy: 0.830
Rank removed: 1
Post-erasure probe accuracy: 0.703 (target: ~0.50)
Cosine similarity (original vs erased): 0.9822

============================================================
MP erasure for feature: year_built
============================================================
Samples: 5130 (train: 3590, val: 513, test: 1027)
Class balance: 46.82% positive
[W] [17:17:26.327386] L-BFGS: max iterations reached
[W] [17:17:26.327426] Maximum iterations reached before solver is converged. To increase model accuracy you can increase the number of iterations (max_iter) or improve the scaling of the input data.
Pre-erasure probe accuracy: 0.885
Rank removed: 1
Post-erasure probe accuracy: 0.532 (target: ~0.50)
Cosine similarity (original vs erased): 0.9839

============================================================
MP erasure for feature: lot_size
============================================================
Samples: 5130 (train: 3590, val: 513, test: 1027)
Class balance: 48.05% positive
[W] [17:17:28.799700] L-BFGS: max iterations reached
[W] [17:17:28.799735] Maximum iterations reached before solver is converged. To increase model accuracy you can increase the number of iterations (max_iter) or improve the scaling of the input data.
Pre-erasure probe accuracy: 0.807
Rank removed: 1
Post-erasure probe accuracy: 0.520 (target: ~0.50)
Cosine similarity (original vs erased): 0.9909

============================================================
MP erasure for feature: sqft
============================================================
Samples: 5130 (train: 3590, val: 513, test: 1027)
Class balance: 48.05% positive
[W] [17:17:31.270462] L-BFGS: max iterations reached
[W] [17:17:31.270499] Maximum iterations reached before solver is converged. To increase model accuracy you can increase the number of iterations (max_iter) or improve the scaling of the input data.
Pre-erasure probe accuracy: 0.811
Rank removed: 1
Post-erasure probe accuracy: 0.520 (target: ~0.50)
Cosine similarity (original vs erased): 0.9909

Saved erasure info to: /home/anshulk/Housing/data/mp_results/qwen3-4b/layer_29/erasure_info.json

============================================================
STEP 2: INFORMATION CONTROL
============================================================

--- BASELINE ---
  Baseline: acc=0.6019, auc=0.6304

--- RANDOM CONTROLS (10 runs) ---
  Random control: mean drop=0.0006 +/- 0.0012

--- MP ---
  bedrooms: acc=0.5883, drop=0.0136, random=0.0006 -> PASS
  bathrooms: acc=0.5896, drop=0.0123, random=0.0006 -> PASS
  year_built: acc=0.5948, drop=0.0071, random=0.0006 -> PASS
  lot_size: acc=0.5922, drop=0.0097, random=0.0006 -> PASS
  sqft: acc=0.5935, drop=0.0084, random=0.0006 -> PASS

  ALL FEATURES:
  all_features: acc=0.5942, drop=0.0078

Saved results to: /home/anshulk/Housing/data/mp_results/qwen3-4b/layer_29/results.csv

============================================================
STEP 3: SELECTIVITY CONTROL
============================================================
[W] [17:17:44.936637] L-BFGS stopped, because the line search failed to advance (step delta = 0.000000)

--- SELECTIVITY CONTROL (MP) ---
  bedrooms: baseline=0.6026, erased=0.5896, recovered=0.5935 (30.0% recovery) -> PASS
  bathrooms: baseline=0.6026, erased=0.5916, recovered=0.6234 (200.0% recovery) -> PASS
  year_built: baseline=0.6026, erased=0.5935, recovered=0.5974 (42.9% recovery) -> PASS
  lot_size: baseline=0.6026, erased=0.5935, recovered=0.5916 (0.0% recovery) -> PASS
  sqft: baseline=0.6026, erased=0.5935, recovered=0.5916 (0.0% recovery) -> PASS

Saved selectivity to: /home/anshulk/Housing/data/mp_results/qwen3-4b/layer_29/selectivity.csv

============================================================
CORRECTNESS ANALYSIS
============================================================

Saved correctness analysis to: /home/anshulk/Housing/data/mp_results/qwen3-4b/layer_29/correctness.csv

============================================================
SUMMARY
============================================================

--- MP ---
Baseline accuracy: 0.6019
Random control drop: 0.0006

Feature verdicts:
  bedrooms:
    Probe: 0.8967867575462513
    Cosine sim: 0.9838519096374512
    Price drop: 0.0136
    Info control: PASS
    Selectivity: PASS (30.0%)
    Verdict: MINOR — bedrooms has minor causal contribution to pricing
  bathrooms:
    Probe: 0.8296007789678675
    Cosine sim: 0.9821894764900208
    Price drop: 0.0123
    Info control: PASS
    Selectivity: PASS (200.0%)
    Verdict: MINOR — bathrooms has minor causal contribution to pricing
  year_built:
    Probe: 0.8851022395326192
    Cosine sim: 0.9838517904281616
    Price drop: 0.0071
    Info control: PASS
    Selectivity: PASS (42.9%)
    Verdict: NOT_USED — year_built encoded but not used for pricing
  lot_size:
    Probe: 0.807205452775073
    Cosine sim: 0.9908506870269775
    Price drop: 0.0097
    Info control: PASS
    Selectivity: PASS (0.0%)
    Verdict: NOT_USED — lot_size encoded but not used for pricing
  sqft:
    Probe: 0.8111002921129503
    Cosine sim: 0.9908506870269775
    Price drop: 0.0084
    Info control: PASS
    Selectivity: PASS (0.0%)
    Verdict: NOT_USED — sqft encoded but not used for pricing

Saved summary to: /home/anshulk/Housing/data/mp_results/qwen3-4b/layer_29/summary.json

============================================================
COMPLETE in 44s (0.7 min)
============================================================

>>> Qwen layer 30 / 35
============================================================
AMNESIC PROBING WITH MP
============================================================
Model: qwen3-4b
Layer: 30
Methods: ['mp']
Features: ['bedrooms', 'bathrooms', 'year_built', 'lot_size', 'sqft']
Random controls: 10
GPU: True
============================================================

============================================================
LOADING DATA
============================================================
Loading activations from: /home/anshulk/Housing/data/activations/qwen3-4b_2_fewshot_cot_temp0_activations.npz
Activations shape: (5130, 36, 2560)
Feature columns: ['bathrooms_p1_more' 'bedrooms_p1_more' 'year_p1_newer' 'lot_p1_larger'
 'sqft_p1_larger' 'price_p1_higher']
Loading samples from: /home/anshulk/Housing/data/amnesic_samples/selected_samples_qwen3-4b_2_fewshot_cot_temp0.csv
Loaded 5130 samples
Using layer 30, shape: (5130, 2560)
Output dir: /home/anshulk/Housing/data/mp_results/qwen3-4b/layer_30

Feature label class balance:
  bedrooms: 30.29% positive
  bathrooms: 30.18% positive
  year_built: 46.63% positive
  lot_size: 48.44% positive
  sqft: 48.44% positive
Price labels: 48.03% have property 1 more expensive

============================================================
STEP 1: ERASURE + VERIFICATION
============================================================

============================================================
MP erasure for feature: bedrooms
============================================================
Samples: 5130 (train: 3590, val: 513, test: 1027)
Class balance: 30.17% positive
[W] [17:18:08.473760] L-BFGS: max iterations reached
[W] [17:18:08.473814] Maximum iterations reached before solver is converged. To increase model accuracy you can increase the number of iterations (max_iter) or improve the scaling of the input data.
Pre-erasure probe accuracy: 0.887
Rank removed: 1
Post-erasure probe accuracy: 0.699 (target: ~0.50)
Cosine similarity (original vs erased): 0.9836

============================================================
MP erasure for feature: bathrooms
============================================================
Samples: 5130 (train: 3590, val: 513, test: 1027)
Class balance: 30.03% positive
[W] [17:18:10.989257] L-BFGS: max iterations reached
[W] [17:18:10.989300] Maximum iterations reached before solver is converged. To increase model accuracy you can increase the number of iterations (max_iter) or improve the scaling of the input data.
Pre-erasure probe accuracy: 0.820
Rank removed: 1
Post-erasure probe accuracy: 0.703 (target: ~0.50)
Cosine similarity (original vs erased): 0.9831

============================================================
MP erasure for feature: year_built
============================================================
Samples: 5130 (train: 3590, val: 513, test: 1027)
Class balance: 46.82% positive
[W] [17:18:13.490545] L-BFGS: max iterations reached
[W] [17:18:13.490587] Maximum iterations reached before solver is converged. To increase model accuracy you can increase the number of iterations (max_iter) or improve the scaling of the input data.
Pre-erasure probe accuracy: 0.888
Rank removed: 1
Post-erasure probe accuracy: 0.532 (target: ~0.50)
Cosine similarity (original vs erased): 0.9853

============================================================
MP erasure for feature: lot_size
============================================================
Samples: 5130 (train: 3590, val: 513, test: 1027)
Class balance: 48.05% positive
[W] [17:18:16.052586] L-BFGS: max iterations reached
[W] [17:18:16.052626] Maximum iterations reached before solver is converged. To increase model accuracy you can increase the number of iterations (max_iter) or improve the scaling of the input data.
Pre-erasure probe accuracy: 0.827
Rank removed: 1
Post-erasure probe accuracy: 0.520 (target: ~0.50)
Cosine similarity (original vs erased): 0.9908

============================================================
MP erasure for feature: sqft
============================================================
Samples: 5130 (train: 3590, val: 513, test: 1027)
Class balance: 48.05% positive
[W] [17:18:18.540307] L-BFGS: max iterations reached
[W] [17:18:18.540342] Maximum iterations reached before solver is converged. To increase model accuracy you can increase the number of iterations (max_iter) or improve the scaling of the input data.
Pre-erasure probe accuracy: 0.831
Rank removed: 1
Post-erasure probe accuracy: 0.520 (target: ~0.50)
Cosine similarity (original vs erased): 0.9908

Saved erasure info to: /home/anshulk/Housing/data/mp_results/qwen3-4b/layer_30/erasure_info.json

============================================================
STEP 2: INFORMATION CONTROL
============================================================

--- BASELINE ---
  Baseline: acc=0.6065, auc=0.6391

--- RANDOM CONTROLS (10 runs) ---
  Random control: mean drop=0.0004 +/- 0.0010

--- MP ---
  bedrooms: acc=0.5961, drop=0.0104, random=0.0004 -> PASS
  bathrooms: acc=0.5948, drop=0.0117, random=0.0004 -> PASS
  year_built: acc=0.5987, drop=0.0078, random=0.0004 -> PASS
  lot_size: acc=0.6026, drop=0.0039, random=0.0004 -> PASS
  sqft: acc=0.6019, drop=0.0045, random=0.0004 -> PASS

  ALL FEATURES:
  all_features: acc=0.5987, drop=0.0078

Saved results to: /home/anshulk/Housing/data/mp_results/qwen3-4b/layer_30/results.csv

============================================================
STEP 3: SELECTIVITY CONTROL
============================================================

--- SELECTIVITY CONTROL (MP) ---
  bedrooms: baseline=0.6058, erased=0.5974, recovered=0.5948 (0.0% recovery) -> PASS
  bathrooms: baseline=0.6058, erased=0.5942, recovered=0.6227 (200.0% recovery) -> PASS
  year_built: baseline=0.6058, erased=0.5974, recovered=0.6058 (100.0% recovery) -> PASS
  lot_size: baseline=0.6058, erased=0.6039, recovered=0.6045 (100.0% recovery) -> PASS
  sqft: baseline=0.6058, erased=0.6045, recovered=0.6045 (100.0% recovery) -> PASS

Saved selectivity to: /home/anshulk/Housing/data/mp_results/qwen3-4b/layer_30/selectivity.csv

============================================================
CORRECTNESS ANALYSIS
============================================================

Saved correctness analysis to: /home/anshulk/Housing/data/mp_results/qwen3-4b/layer_30/correctness.csv

============================================================
SUMMARY
============================================================

--- MP ---
Baseline accuracy: 0.6065
Random control drop: 0.0004

Feature verdicts:
  bedrooms:
    Probe: 0.887049659201558
    Cosine sim: 0.983589231967926
    Price drop: 0.0104
    Info control: PASS
    Selectivity: PASS (0.0%)
    Verdict: MINOR — bedrooms has minor causal contribution to pricing
  bathrooms:
    Probe: 0.8198636806231743
    Cosine sim: 0.9831370711326599
    Price drop: 0.0117
    Info control: PASS
    Selectivity: PASS (200.0%)
    Verdict: MINOR — bathrooms has minor causal contribution to pricing
  year_built:
    Probe: 0.8880233690360273
    Cosine sim: 0.9852915406227112
    Price drop: 0.0078
    Info control: PASS
    Selectivity: PASS (100.0%)
    Verdict: NOT_USED — year_built encoded but not used for pricing
  lot_size:
    Probe: 0.8266796494644596
    Cosine sim: 0.9907693266868591
    Price drop: 0.0039
    Info control: PASS
    Selectivity: PASS (100.0%)
    Verdict: NOT_USED — lot_size encoded but not used for pricing
  sqft:
    Probe: 0.8305744888023369
    Cosine sim: 0.9907693266868591
    Price drop: 0.0045
    Info control: PASS
    Selectivity: PASS (100.0%)
    Verdict: NOT_USED — sqft encoded but not used for pricing

Saved summary to: /home/anshulk/Housing/data/mp_results/qwen3-4b/layer_30/summary.json

============================================================
COMPLETE in 44s (0.7 min)
============================================================

>>> Qwen layer 31 / 35
============================================================
AMNESIC PROBING WITH MP
============================================================
Model: qwen3-4b
Layer: 31
Methods: ['mp']
Features: ['bedrooms', 'bathrooms', 'year_built', 'lot_size', 'sqft']
Random controls: 10
GPU: True
============================================================

============================================================
LOADING DATA
============================================================
Loading activations from: /home/anshulk/Housing/data/activations/qwen3-4b_2_fewshot_cot_temp0_activations.npz
Activations shape: (5130, 36, 2560)
Feature columns: ['bathrooms_p1_more' 'bedrooms_p1_more' 'year_p1_newer' 'lot_p1_larger'
 'sqft_p1_larger' 'price_p1_higher']
Loading samples from: /home/anshulk/Housing/data/amnesic_samples/selected_samples_qwen3-4b_2_fewshot_cot_temp0.csv
Loaded 5130 samples
Using layer 31, shape: (5130, 2560)
Output dir: /home/anshulk/Housing/data/mp_results/qwen3-4b/layer_31

Feature label class balance:
  bedrooms: 30.29% positive
  bathrooms: 30.18% positive
  year_built: 46.63% positive
  lot_size: 48.44% positive
  sqft: 48.44% positive
Price labels: 48.03% have property 1 more expensive

============================================================
STEP 1: ERASURE + VERIFICATION
============================================================

============================================================
MP erasure for feature: bedrooms
============================================================
Samples: 5130 (train: 3590, val: 513, test: 1027)
Class balance: 30.17% positive
[W] [17:18:55.910500] L-BFGS: max iterations reached
[W] [17:18:55.910553] Maximum iterations reached before solver is converged. To increase model accuracy you can increase the number of iterations (max_iter) or improve the scaling of the input data.
Pre-erasure probe accuracy: 0.891
Rank removed: 1
Post-erasure probe accuracy: 0.699 (target: ~0.50)
Cosine similarity (original vs erased): 0.9842

============================================================
MP erasure for feature: bathrooms
============================================================
Samples: 5130 (train: 3590, val: 513, test: 1027)
Class balance: 30.03% positive
[W] [17:18:58.430571] L-BFGS: max iterations reached
[W] [17:18:58.430617] Maximum iterations reached before solver is converged. To increase model accuracy you can increase the number of iterations (max_iter) or improve the scaling of the input data.
Pre-erasure probe accuracy: 0.814
Rank removed: 1
Post-erasure probe accuracy: 0.703 (target: ~0.50)
Cosine similarity (original vs erased): 0.9853

============================================================
MP erasure for feature: year_built
============================================================
Samples: 5130 (train: 3590, val: 513, test: 1027)
Class balance: 46.82% positive
[W] [17:19:00.946405] L-BFGS: max iterations reached
[W] [17:19:00.946445] Maximum iterations reached before solver is converged. To increase model accuracy you can increase the number of iterations (max_iter) or improve the scaling of the input data.
Pre-erasure probe accuracy: 0.884
Rank removed: 1
Post-erasure probe accuracy: 0.532 (target: ~0.50)
Cosine similarity (original vs erased): 0.9885

============================================================
MP erasure for feature: lot_size
============================================================
Samples: 5130 (train: 3590, val: 513, test: 1027)
Class balance: 48.05% positive
[W] [17:19:03.468015] L-BFGS: max iterations reached
[W] [17:19:03.468050] Maximum iterations reached before solver is converged. To increase model accuracy you can increase the number of iterations (max_iter) or improve the scaling of the input data.
Pre-erasure probe accuracy: 0.811
Rank removed: 1
Post-erasure probe accuracy: 0.520 (target: ~0.50)
Cosine similarity (original vs erased): 0.9907

============================================================
MP erasure for feature: sqft
============================================================
Samples: 5130 (train: 3590, val: 513, test: 1027)
Class balance: 48.05% positive
[W] [17:19:05.938422] L-BFGS: max iterations reached
[W] [17:19:05.938456] Maximum iterations reached before solver is converged. To increase model accuracy you can increase the number of iterations (max_iter) or improve the scaling of the input data.
Pre-erasure probe accuracy: 0.796
Rank removed: 1
Post-erasure probe accuracy: 0.520 (target: ~0.50)
Cosine similarity (original vs erased): 0.9907

Saved erasure info to: /home/anshulk/Housing/data/mp_results/qwen3-4b/layer_31/erasure_info.json

============================================================
STEP 2: INFORMATION CONTROL
============================================================

--- BASELINE ---
  Baseline: acc=0.6052, auc=0.6297

--- RANDOM CONTROLS (10 runs) ---
[W] [17:19:12.876861] L-BFGS stopped, because the line search failed to advance (step delta = 0.000000)
  Random control: mean drop=0.0006 +/- 0.0009

--- MP ---
  bedrooms: acc=0.5909, drop=0.0143, random=0.0006 -> PASS
  bathrooms: acc=0.5851, drop=0.0201, random=0.0006 -> PASS
  year_built: acc=0.5961, drop=0.0091, random=0.0006 -> PASS
  lot_size: acc=0.6019, drop=0.0032, random=0.0006 -> PASS
  sqft: acc=0.6026, drop=0.0026, random=0.0006 -> PASS

  ALL FEATURES:
  all_features: acc=0.5955, drop=0.0097

Saved results to: /home/anshulk/Housing/data/mp_results/qwen3-4b/layer_31/results.csv

============================================================
STEP 3: SELECTIVITY CONTROL
============================================================

--- SELECTIVITY CONTROL (MP) ---
  bedrooms: baseline=0.6045, erased=0.5916, recovered=0.5942 (20.0% recovery) -> PASS
  bathrooms: baseline=0.6045, erased=0.5864, recovered=0.6045 (100.0% recovery) -> PASS
  year_built: baseline=0.6045, erased=0.5974, recovered=0.5948 (0.0% recovery) -> PASS
  lot_size: baseline=0.6045, erased=0.6000, recovered=0.6026 (100.0% recovery) -> PASS
  sqft: baseline=0.6045, erased=0.6019, recovered=0.6026 (100.0% recovery) -> PASS

Saved selectivity to: /home/anshulk/Housing/data/mp_results/qwen3-4b/layer_31/selectivity.csv

============================================================
CORRECTNESS ANALYSIS
============================================================

Saved correctness analysis to: /home/anshulk/Housing/data/mp_results/qwen3-4b/layer_31/correctness.csv

============================================================
SUMMARY
============================================================

--- MP ---
Baseline accuracy: 0.6052
Random control drop: 0.0006

Feature verdicts:
  bedrooms:
    Probe: 0.8909444985394352
    Cosine sim: 0.9841931462287903
    Price drop: 0.0143
    Info control: PASS
    Selectivity: PASS (20.0%)
    Verdict: MINOR — bedrooms has minor causal contribution to pricing
  bathrooms:
    Probe: 0.8140214216163584
    Cosine sim: 0.9853047132492065
    Price drop: 0.0201
    Info control: PASS
    Selectivity: PASS (100.0%)
    Verdict: MINOR — bathrooms has minor causal contribution to pricing
  year_built:
    Probe: 0.8841285296981499
    Cosine sim: 0.9884556531906128
    Price drop: 0.0091
    Info control: PASS
    Selectivity: PASS (0.0%)
    Verdict: NOT_USED — year_built encoded but not used for pricing
  lot_size:
    Probe: 0.8111002921129503
    Cosine sim: 0.9906781911849976
    Price drop: 0.0032
    Info control: PASS
    Selectivity: PASS (100.0%)
    Verdict: NOT_USED — lot_size encoded but not used for pricing
  sqft:
    Probe: 0.7955209347614411
    Cosine sim: 0.9906781911849976
    Price drop: 0.0026
    Info control: PASS
    Selectivity: PASS (100.0%)
    Verdict: NOT_USED — sqft encoded but not used for pricing

Saved summary to: /home/anshulk/Housing/data/mp_results/qwen3-4b/layer_31/summary.json

============================================================
COMPLETE in 44s (0.7 min)
============================================================

>>> Qwen layer 32 / 35
============================================================
AMNESIC PROBING WITH MP
============================================================
Model: qwen3-4b
Layer: 32
Methods: ['mp']
Features: ['bedrooms', 'bathrooms', 'year_built', 'lot_size', 'sqft']
Random controls: 10
GPU: True
============================================================

============================================================
LOADING DATA
============================================================
Loading activations from: /home/anshulk/Housing/data/activations/qwen3-4b_2_fewshot_cot_temp0_activations.npz
Activations shape: (5130, 36, 2560)
Feature columns: ['bathrooms_p1_more' 'bedrooms_p1_more' 'year_p1_newer' 'lot_p1_larger'
 'sqft_p1_larger' 'price_p1_higher']
Loading samples from: /home/anshulk/Housing/data/amnesic_samples/selected_samples_qwen3-4b_2_fewshot_cot_temp0.csv
Loaded 5130 samples
Using layer 32, shape: (5130, 2560)
Output dir: /home/anshulk/Housing/data/mp_results/qwen3-4b/layer_32

Feature label class balance:
  bedrooms: 30.29% positive
  bathrooms: 30.18% positive
  year_built: 46.63% positive
  lot_size: 48.44% positive
  sqft: 48.44% positive
Price labels: 48.03% have property 1 more expensive

============================================================
STEP 1: ERASURE + VERIFICATION
============================================================

============================================================
MP erasure for feature: bedrooms
============================================================
Samples: 5130 (train: 3590, val: 513, test: 1027)
Class balance: 30.17% positive
[W] [17:19:43.197211] L-BFGS: max iterations reached
[W] [17:19:43.197257] Maximum iterations reached before solver is converged. To increase model accuracy you can increase the number of iterations (max_iter) or improve the scaling of the input data.
Pre-erasure probe accuracy: 0.891
Rank removed: 1
Post-erasure probe accuracy: 0.699 (target: ~0.50)
Cosine similarity (original vs erased): 0.9838

============================================================
MP erasure for feature: bathrooms
============================================================
Samples: 5130 (train: 3590, val: 513, test: 1027)
Class balance: 30.03% positive
[W] [17:19:46.082279] L-BFGS: max iterations reached
[W] [17:19:46.082321] Maximum iterations reached before solver is converged. To increase model accuracy you can increase the number of iterations (max_iter) or improve the scaling of the input data.
Pre-erasure probe accuracy: 0.838
Rank removed: 1
Post-erasure probe accuracy: 0.703 (target: ~0.50)
Cosine similarity (original vs erased): 0.9842

============================================================
MP erasure for feature: year_built
============================================================
Samples: 5130 (train: 3590, val: 513, test: 1027)
Class balance: 46.82% positive
[W] [17:19:48.549344] L-BFGS: max iterations reached
[W] [17:19:48.549386] Maximum iterations reached before solver is converged. To increase model accuracy you can increase the number of iterations (max_iter) or improve the scaling of the input data.
Pre-erasure probe accuracy: 0.907
Rank removed: 1
Post-erasure probe accuracy: 0.532 (target: ~0.50)
Cosine similarity (original vs erased): 0.9871

============================================================
MP erasure for feature: lot_size
============================================================
Samples: 5130 (train: 3590, val: 513, test: 1027)
Class balance: 48.05% positive
[W] [17:19:51.243173] L-BFGS: max iterations reached
[W] [17:19:51.243209] Maximum iterations reached before solver is converged. To increase model accuracy you can increase the number of iterations (max_iter) or improve the scaling of the input data.
Pre-erasure probe accuracy: 0.820
Rank removed: 1
Post-erasure probe accuracy: 0.520 (target: ~0.50)
Cosine similarity (original vs erased): 0.9871

============================================================
MP erasure for feature: sqft
============================================================
Samples: 5130 (train: 3590, val: 513, test: 1027)
Class balance: 48.05% positive
[W] [17:19:53.720168] L-BFGS: max iterations reached
[W] [17:19:53.720205] Maximum iterations reached before solver is converged. To increase model accuracy you can increase the number of iterations (max_iter) or improve the scaling of the input data.
Pre-erasure probe accuracy: 0.819
Rank removed: 1
Post-erasure probe accuracy: 0.520 (target: ~0.50)
Cosine similarity (original vs erased): 0.9871

Saved erasure info to: /home/anshulk/Housing/data/mp_results/qwen3-4b/layer_32/erasure_info.json

============================================================
STEP 2: INFORMATION CONTROL
============================================================

--- BASELINE ---
  Baseline: acc=0.5909, auc=0.6223

--- RANDOM CONTROLS (10 runs) ---
  Random control: mean drop=-0.0012 +/- 0.0009

--- MP ---
  bedrooms: acc=0.5870, drop=0.0039, random=-0.0012 -> PASS
  bathrooms: acc=0.5799, drop=0.0110, random=-0.0012 -> PASS
  year_built: acc=0.5896, drop=0.0013, random=-0.0012 -> PASS
  lot_size: acc=0.5955, drop=-0.0045, random=-0.0012 -> FAIL
  sqft: acc=0.5955, drop=-0.0045, random=-0.0012 -> FAIL

  ALL FEATURES:
  all_features: acc=0.5883, drop=0.0026

Saved results to: /home/anshulk/Housing/data/mp_results/qwen3-4b/layer_32/results.csv

============================================================
STEP 3: SELECTIVITY CONTROL
============================================================

--- SELECTIVITY CONTROL (MP) ---
[W] [17:20:07.366978] L-BFGS stopped, because the line search failed to advance (step delta = 0.000000)
  bedrooms: baseline=0.5916, erased=0.5883, recovered=0.5838 (100.0% recovery) -> PASS
  bathrooms: baseline=0.5916, erased=0.5805, recovered=0.6052 (200.0% recovery) -> PASS
  year_built: baseline=0.5916, erased=0.5890, recovered=0.5890 (100.0% recovery) -> PASS
  lot_size: baseline=0.5916, erased=0.5955, recovered=0.5994 (100.0% recovery) -> PASS
  sqft: baseline=0.5916, erased=0.5968, recovered=0.5994 (0.0% recovery) -> PASS

Saved selectivity to: /home/anshulk/Housing/data/mp_results/qwen3-4b/layer_32/selectivity.csv

============================================================
CORRECTNESS ANALYSIS
============================================================

Saved correctness analysis to: /home/anshulk/Housing/data/mp_results/qwen3-4b/layer_32/correctness.csv

============================================================
SUMMARY
============================================================

--- MP ---
Baseline accuracy: 0.5909
Random control drop: -0.0012

Feature verdicts:
  bedrooms:
    Probe: 0.8909444985394352
    Cosine sim: 0.9837679862976074
    Price drop: 0.0039
    Info control: PASS
    Selectivity: PASS (100.0%)
    Verdict: NOT_USED — bedrooms encoded but not used for pricing
  bathrooms:
    Probe: 0.8383641674780915
    Cosine sim: 0.9841535687446594
    Price drop: 0.0110
    Info control: PASS
    Selectivity: PASS (200.0%)
    Verdict: MINOR — bathrooms has minor causal contribution to pricing
  year_built:
    Probe: 0.9074975657254138
    Cosine sim: 0.9870566129684448
    Price drop: 0.0013
    Info control: PASS
    Selectivity: PASS (100.0%)
    Verdict: NOT_USED — year_built encoded but not used for pricing
  lot_size:
    Probe: 0.8198636806231743
    Cosine sim: 0.9870874881744385
    Price drop: -0.0045
    Info control: FAIL
    Selectivity: PASS (100.0%)
    Verdict: NOT_CAUSAL — Erasure of lot_size does not hurt more than random
  sqft:
    Probe: 0.818889970788705
    Cosine sim: 0.9870874881744385
    Price drop: -0.0045
    Info control: FAIL
    Selectivity: PASS (0.0%)
    Verdict: NOT_CAUSAL — Erasure of sqft does not hurt more than random

Saved summary to: /home/anshulk/Housing/data/mp_results/qwen3-4b/layer_32/summary.json

============================================================
COMPLETE in 44s (0.7 min)
============================================================

>>> Qwen layer 33 / 35
============================================================
AMNESIC PROBING WITH MP
============================================================
Model: qwen3-4b
Layer: 33
Methods: ['mp']
Features: ['bedrooms', 'bathrooms', 'year_built', 'lot_size', 'sqft']
Random controls: 10
GPU: True
============================================================

============================================================
LOADING DATA
============================================================
Loading activations from: /home/anshulk/Housing/data/activations/qwen3-4b_2_fewshot_cot_temp0_activations.npz
Activations shape: (5130, 36, 2560)
Feature columns: ['bathrooms_p1_more' 'bedrooms_p1_more' 'year_p1_newer' 'lot_p1_larger'
 'sqft_p1_larger' 'price_p1_higher']
Loading samples from: /home/anshulk/Housing/data/amnesic_samples/selected_samples_qwen3-4b_2_fewshot_cot_temp0.csv
Loaded 5130 samples
Using layer 33, shape: (5130, 2560)
Output dir: /home/anshulk/Housing/data/mp_results/qwen3-4b/layer_33

Feature label class balance:
  bedrooms: 30.29% positive
  bathrooms: 30.18% positive
  year_built: 46.63% positive
  lot_size: 48.44% positive
  sqft: 48.44% positive
Price labels: 48.03% have property 1 more expensive

============================================================
STEP 1: ERASURE + VERIFICATION
============================================================

============================================================
MP erasure for feature: bedrooms
============================================================
Samples: 5130 (train: 3590, val: 513, test: 1027)
Class balance: 30.17% positive
[W] [17:20:30.215465] L-BFGS: max iterations reached
[W] [17:20:30.215517] Maximum iterations reached before solver is converged. To increase model accuracy you can increase the number of iterations (max_iter) or improve the scaling of the input data.
Pre-erasure probe accuracy: 0.879
Rank removed: 1
Post-erasure probe accuracy: 0.699 (target: ~0.50)
Cosine similarity (original vs erased): 0.9805

============================================================
MP erasure for feature: bathrooms
============================================================
Samples: 5130 (train: 3590, val: 513, test: 1027)
Class balance: 30.03% positive
[W] [17:20:32.733416] L-BFGS: max iterations reached
[W] [17:20:32.733459] Maximum iterations reached before solver is converged. To increase model accuracy you can increase the number of iterations (max_iter) or improve the scaling of the input data.
Pre-erasure probe accuracy: 0.822
Rank removed: 1
Post-erasure probe accuracy: 0.703 (target: ~0.50)
Cosine similarity (original vs erased): 0.9818

============================================================
MP erasure for feature: year_built
============================================================
Samples: 5130 (train: 3590, val: 513, test: 1027)
Class balance: 46.82% positive
[W] [17:20:35.250226] L-BFGS: max iterations reached
[W] [17:20:35.250266] Maximum iterations reached before solver is converged. To increase model accuracy you can increase the number of iterations (max_iter) or improve the scaling of the input data.
Pre-erasure probe accuracy: 0.893
Rank removed: 1
Post-erasure probe accuracy: 0.532 (target: ~0.50)
Cosine similarity (original vs erased): 0.9767

============================================================
MP erasure for feature: lot_size
============================================================
Samples: 5130 (train: 3590, val: 513, test: 1027)
Class balance: 48.05% positive
[W] [17:20:38.020450] L-BFGS: max iterations reached
[W] [17:20:38.020484] Maximum iterations reached before solver is converged. To increase model accuracy you can increase the number of iterations (max_iter) or improve the scaling of the input data.
Pre-erasure probe accuracy: 0.801
Rank removed: 1
Post-erasure probe accuracy: 0.520 (target: ~0.50)
Cosine similarity (original vs erased): 0.9901

============================================================
MP erasure for feature: sqft
============================================================
Samples: 5130 (train: 3590, val: 513, test: 1027)
Class balance: 48.05% positive
[W] [17:20:40.517775] L-BFGS: max iterations reached
[W] [17:20:40.517808] Maximum iterations reached before solver is converged. To increase model accuracy you can increase the number of iterations (max_iter) or improve the scaling of the input data.
Pre-erasure probe accuracy: 0.807
Rank removed: 1
Post-erasure probe accuracy: 0.520 (target: ~0.50)
Cosine similarity (original vs erased): 0.9901

Saved erasure info to: /home/anshulk/Housing/data/mp_results/qwen3-4b/layer_33/erasure_info.json

============================================================
STEP 2: INFORMATION CONTROL
============================================================

--- BASELINE ---
  Baseline: acc=0.5948, auc=0.6207

--- RANDOM CONTROLS (10 runs) ---
[W] [17:20:48.000270] L-BFGS stopped, because the line search failed to advance (step delta = 0.000000)
  Random control: mean drop=-0.0002 +/- 0.0004

--- MP ---
  bedrooms: acc=0.5948, drop=0.0000, random=-0.0002 -> FAIL
  bathrooms: acc=0.5896, drop=0.0052, random=-0.0002 -> PASS
  year_built: acc=0.5909, drop=0.0039, random=-0.0002 -> PASS
  lot_size: acc=0.5961, drop=-0.0013, random=-0.0002 -> FAIL
  sqft: acc=0.5981, drop=-0.0032, random=-0.0002 -> FAIL

  ALL FEATURES:
  all_features: acc=0.5942, drop=0.0006

Saved results to: /home/anshulk/Housing/data/mp_results/qwen3-4b/layer_33/results.csv

============================================================
STEP 3: SELECTIVITY CONTROL
============================================================

--- SELECTIVITY CONTROL (MP) ---
  bedrooms: baseline=0.5948, erased=0.5935, recovered=0.5799 (100.0% recovery) -> PASS
  bathrooms: baseline=0.5948, erased=0.5896, recovered=0.6071 (200.0% recovery) -> PASS
  year_built: baseline=0.5948, erased=0.5903, recovered=0.6026 (100.0% recovery) -> PASS
  lot_size: baseline=0.5948, erased=0.5968, recovered=0.5987 (100.0% recovery) -> PASS
  sqft: baseline=0.5948, erased=0.5974, recovered=0.5994 (100.0% recovery) -> PASS

Saved selectivity to: /home/anshulk/Housing/data/mp_results/qwen3-4b/layer_33/selectivity.csv

============================================================
CORRECTNESS ANALYSIS
============================================================

Saved correctness analysis to: /home/anshulk/Housing/data/mp_results/qwen3-4b/layer_33/correctness.csv

============================================================
SUMMARY
============================================================

--- MP ---
Baseline accuracy: 0.5948
Random control drop: -0.0002

Feature verdicts:
  bedrooms:
    Probe: 0.8792599805258033
    Cosine sim: 0.9804609417915344
    Price drop: 0.0000
    Info control: FAIL
    Selectivity: PASS (100.0%)
    Verdict: NOT_CAUSAL — Erasure of bedrooms does not hurt more than random
  bathrooms:
    Probe: 0.8218111002921129
    Cosine sim: 0.9818025827407837
    Price drop: 0.0052
    Info control: PASS
    Selectivity: PASS (200.0%)
    Verdict: NOT_USED — bathrooms encoded but not used for pricing
  year_built:
    Probe: 0.8928919182083739
    Cosine sim: 0.9767345786094666
    Price drop: 0.0039
    Info control: PASS
    Selectivity: PASS (100.0%)
    Verdict: NOT_USED — year_built encoded but not used for pricing
  lot_size:
    Probe: 0.801363193768257
    Cosine sim: 0.9901402592658997
    Price drop: -0.0013
    Info control: FAIL
    Selectivity: PASS (100.0%)
    Verdict: NOT_CAUSAL — Erasure of lot_size does not hurt more than random
  sqft:
    Probe: 0.807205452775073
    Cosine sim: 0.9901402592658997
    Price drop: -0.0032
    Info control: FAIL
    Selectivity: PASS (100.0%)
    Verdict: NOT_CAUSAL — Erasure of sqft does not hurt more than random

Saved summary to: /home/anshulk/Housing/data/mp_results/qwen3-4b/layer_33/summary.json

============================================================
COMPLETE in 44s (0.7 min)
============================================================

>>> Qwen layer 34 / 35
============================================================
AMNESIC PROBING WITH MP
============================================================
Model: qwen3-4b
Layer: 34
Methods: ['mp']
Features: ['bedrooms', 'bathrooms', 'year_built', 'lot_size', 'sqft']
Random controls: 10
GPU: True
============================================================

============================================================
LOADING DATA
============================================================
Loading activations from: /home/anshulk/Housing/data/activations/qwen3-4b_2_fewshot_cot_temp0_activations.npz
Activations shape: (5130, 36, 2560)
Feature columns: ['bathrooms_p1_more' 'bedrooms_p1_more' 'year_p1_newer' 'lot_p1_larger'
 'sqft_p1_larger' 'price_p1_higher']
Loading samples from: /home/anshulk/Housing/data/amnesic_samples/selected_samples_qwen3-4b_2_fewshot_cot_temp0.csv
Loaded 5130 samples
Using layer 34, shape: (5130, 2560)
Output dir: /home/anshulk/Housing/data/mp_results/qwen3-4b/layer_34

Feature label class balance:
  bedrooms: 30.29% positive
  bathrooms: 30.18% positive
  year_built: 46.63% positive
  lot_size: 48.44% positive
  sqft: 48.44% positive
Price labels: 48.03% have property 1 more expensive

============================================================
STEP 1: ERASURE + VERIFICATION
============================================================

============================================================
MP erasure for feature: bedrooms
============================================================
Samples: 5130 (train: 3590, val: 513, test: 1027)
Class balance: 30.17% positive
[W] [17:21:18.391727] L-BFGS: max iterations reached
[W] [17:21:18.391781] Maximum iterations reached before solver is converged. To increase model accuracy you can increase the number of iterations (max_iter) or improve the scaling of the input data.
Pre-erasure probe accuracy: 0.883
Rank removed: 1
Post-erasure probe accuracy: 0.699 (target: ~0.50)
Cosine similarity (original vs erased): 0.9850

============================================================
MP erasure for feature: bathrooms
============================================================
Samples: 5130 (train: 3590, val: 513, test: 1027)
Class balance: 30.03% positive
[W] [17:21:21.111251] L-BFGS: max iterations reached
[W] [17:21:21.111289] Maximum iterations reached before solver is converged. To increase model accuracy you can increase the number of iterations (max_iter) or improve the scaling of the input data.
Pre-erasure probe accuracy: 0.822
Rank removed: 1
Post-erasure probe accuracy: 0.703 (target: ~0.50)
Cosine similarity (original vs erased): 0.9654

============================================================
MP erasure for feature: year_built
============================================================
Samples: 5130 (train: 3590, val: 513, test: 1027)
Class balance: 46.82% positive
[W] [17:21:23.651109] L-BFGS: max iterations reached
[W] [17:21:23.651151] Maximum iterations reached before solver is converged. To increase model accuracy you can increase the number of iterations (max_iter) or improve the scaling of the input data.
Pre-erasure probe accuracy: 0.879
Rank removed: 1
Post-erasure probe accuracy: 0.532 (target: ~0.50)
Cosine similarity (original vs erased): 0.9625

============================================================
MP erasure for feature: lot_size
============================================================
Samples: 5130 (train: 3590, val: 513, test: 1027)
Class balance: 48.05% positive
[W] [17:21:26.172409] L-BFGS: max iterations reached
[W] [17:21:26.172443] Maximum iterations reached before solver is converged. To increase model accuracy you can increase the number of iterations (max_iter) or improve the scaling of the input data.
Pre-erasure probe accuracy: 0.810
Rank removed: 1
Post-erasure probe accuracy: 0.520 (target: ~0.50)
Cosine similarity (original vs erased): 0.9907

============================================================
MP erasure for feature: sqft
============================================================
Samples: 5130 (train: 3590, val: 513, test: 1027)
Class balance: 48.05% positive
[W] [17:21:28.674708] L-BFGS: max iterations reached
[W] [17:21:28.674743] Maximum iterations reached before solver is converged. To increase model accuracy you can increase the number of iterations (max_iter) or improve the scaling of the input data.
Pre-erasure probe accuracy: 0.805
Rank removed: 1
Post-erasure probe accuracy: 0.520 (target: ~0.50)
Cosine similarity (original vs erased): 0.9907

Saved erasure info to: /home/anshulk/Housing/data/mp_results/qwen3-4b/layer_34/erasure_info.json

============================================================
STEP 2: INFORMATION CONTROL
============================================================

--- BASELINE ---
  Baseline: acc=0.5870, auc=0.6212

--- RANDOM CONTROLS (10 runs) ---
  Random control: mean drop=0.0003 +/- 0.0013

--- MP ---
  bedrooms: acc=0.5922, drop=-0.0052, random=0.0003 -> FAIL
  bathrooms: acc=0.5844, drop=0.0026, random=0.0003 -> PASS
  year_built: acc=0.5903, drop=-0.0032, random=0.0003 -> FAIL
  lot_size: acc=0.5896, drop=-0.0026, random=0.0003 -> FAIL
  sqft: acc=0.5909, drop=-0.0039, random=0.0003 -> FAIL

  ALL FEATURES:
  all_features: acc=0.5922, drop=-0.0052

Saved results to: /home/anshulk/Housing/data/mp_results/qwen3-4b/layer_34/results.csv

============================================================
STEP 3: SELECTIVITY CONTROL
============================================================

--- SELECTIVITY CONTROL (MP) ---
  bedrooms: baseline=0.5864, erased=0.5916, recovered=0.5838 (150.0% recovery) -> PASS
  bathrooms: baseline=0.5864, erased=0.5851, recovered=0.6117 (100.0% recovery) -> PASS
  year_built: baseline=0.5864, erased=0.5916, recovered=0.5890 (50.0% recovery) -> PASS
  lot_size: baseline=0.5864, erased=0.5909, recovered=0.5896 (100.0% recovery) -> PASS
  sqft: baseline=0.5864, erased=0.5916, recovered=0.5883 (62.5% recovery) -> PASS

Saved selectivity to: /home/anshulk/Housing/data/mp_results/qwen3-4b/layer_34/selectivity.csv

============================================================
CORRECTNESS ANALYSIS
============================================================

Saved correctness analysis to: /home/anshulk/Housing/data/mp_results/qwen3-4b/layer_34/correctness.csv

============================================================
SUMMARY
============================================================

--- MP ---
Baseline accuracy: 0.5870
Random control drop: 0.0003

Feature verdicts:
  bedrooms:
    Probe: 0.8831548198636806
    Cosine sim: 0.9850443005561829
    Price drop: -0.0052
    Info control: FAIL
    Selectivity: PASS (150.0%)
    Verdict: NOT_CAUSAL — Erasure of bedrooms does not hurt more than random
  bathrooms:
    Probe: 0.8218111002921129
    Cosine sim: 0.9654424786567688
    Price drop: 0.0026
    Info control: PASS
    Selectivity: PASS (100.0%)
    Verdict: NOT_USED — bathrooms encoded but not used for pricing
  year_built:
    Probe: 0.8792599805258033
    Cosine sim: 0.962543785572052
    Price drop: -0.0032
    Info control: FAIL
    Selectivity: PASS (50.0%)
    Verdict: NOT_CAUSAL — Erasure of year_built does not hurt more than random
  lot_size:
    Probe: 0.810126582278481
    Cosine sim: 0.9906536936759949
    Price drop: -0.0026
    Info control: FAIL
    Selectivity: PASS (100.0%)
    Verdict: NOT_CAUSAL — Erasure of lot_size does not hurt more than random
  sqft:
    Probe: 0.8052580331061344
    Cosine sim: 0.9906536936759949
    Price drop: -0.0039
    Info control: FAIL
    Selectivity: PASS (62.5%)
    Verdict: NOT_CAUSAL — Erasure of sqft does not hurt more than random

Saved summary to: /home/anshulk/Housing/data/mp_results/qwen3-4b/layer_34/summary.json

============================================================
COMPLETE in 44s (0.7 min)
============================================================

>>> Qwen layer 35 / 35
============================================================
AMNESIC PROBING WITH MP
============================================================
Model: qwen3-4b
Layer: 35
Methods: ['mp']
Features: ['bedrooms', 'bathrooms', 'year_built', 'lot_size', 'sqft']
Random controls: 10
GPU: True
============================================================

============================================================
LOADING DATA
============================================================
Loading activations from: /home/anshulk/Housing/data/activations/qwen3-4b_2_fewshot_cot_temp0_activations.npz
Activations shape: (5130, 36, 2560)
Feature columns: ['bathrooms_p1_more' 'bedrooms_p1_more' 'year_p1_newer' 'lot_p1_larger'
 'sqft_p1_larger' 'price_p1_higher']
Loading samples from: /home/anshulk/Housing/data/amnesic_samples/selected_samples_qwen3-4b_2_fewshot_cot_temp0.csv
Loaded 5130 samples
Using layer 35, shape: (5130, 2560)
Output dir: /home/anshulk/Housing/data/mp_results/qwen3-4b/layer_35

Feature label class balance:
  bedrooms: 30.29% positive
  bathrooms: 30.18% positive
  year_built: 46.63% positive
  lot_size: 48.44% positive
  sqft: 48.44% positive
Price labels: 48.03% have property 1 more expensive

============================================================
STEP 1: ERASURE + VERIFICATION
============================================================

============================================================
MP erasure for feature: bedrooms
============================================================
Samples: 5130 (train: 3590, val: 513, test: 1027)
Class balance: 30.17% positive
[W] [17:22:05.359717] L-BFGS: max iterations reached
[W] [17:22:05.359774] Maximum iterations reached before solver is converged. To increase model accuracy you can increase the number of iterations (max_iter) or improve the scaling of the input data.
Pre-erasure probe accuracy: 0.877
Rank removed: 1
Post-erasure probe accuracy: 0.699 (target: ~0.50)
Cosine similarity (original vs erased): 0.9719

============================================================
MP erasure for feature: bathrooms
============================================================
Samples: 5130 (train: 3590, val: 513, test: 1027)
Class balance: 30.03% positive
[W] [17:22:08.023969] L-BFGS: max iterations reached
[W] [17:22:08.024010] Maximum iterations reached before solver is converged. To increase model accuracy you can increase the number of iterations (max_iter) or improve the scaling of the input data.
Pre-erasure probe accuracy: 0.817
Rank removed: 1
Post-erasure probe accuracy: 0.703 (target: ~0.50)
Cosine similarity (original vs erased): 0.9439

============================================================
MP erasure for feature: year_built
============================================================
Samples: 5130 (train: 3590, val: 513, test: 1027)
Class balance: 46.82% positive
[W] [17:22:10.483510] L-BFGS: max iterations reached
[W] [17:22:10.483550] Maximum iterations reached before solver is converged. To increase model accuracy you can increase the number of iterations (max_iter) or improve the scaling of the input data.
Pre-erasure probe accuracy: 0.877
Rank removed: 1
Post-erasure probe accuracy: 0.532 (target: ~0.50)
Cosine similarity (original vs erased): 0.9687

============================================================
MP erasure for feature: lot_size
============================================================
Samples: 5130 (train: 3590, val: 513, test: 1027)
Class balance: 48.05% positive
[W] [17:22:12.939026] L-BFGS: max iterations reached
[W] [17:22:12.939062] Maximum iterations reached before solver is converged. To increase model accuracy you can increase the number of iterations (max_iter) or improve the scaling of the input data.
Pre-erasure probe accuracy: 0.799
Rank removed: 1
Post-erasure probe accuracy: 0.520 (target: ~0.50)
Cosine similarity (original vs erased): 0.9737

============================================================
MP erasure for feature: sqft
============================================================
Samples: 5130 (train: 3590, val: 513, test: 1027)
Class balance: 48.05% positive
[W] [17:22:15.738263] L-BFGS: max iterations reached
[W] [17:22:15.738298] Maximum iterations reached before solver is converged. To increase model accuracy you can increase the number of iterations (max_iter) or improve the scaling of the input data.
Pre-erasure probe accuracy: 0.803
Rank removed: 1
Post-erasure probe accuracy: 0.520 (target: ~0.50)
Cosine similarity (original vs erased): 0.9737

Saved erasure info to: /home/anshulk/Housing/data/mp_results/qwen3-4b/layer_35/erasure_info.json

============================================================
STEP 2: INFORMATION CONTROL
============================================================

--- BASELINE ---
  Baseline: acc=0.5981, auc=0.6288

--- RANDOM CONTROLS (10 runs) ---
  Random control: mean drop=0.0006 +/- 0.0007

--- MP ---
  bedrooms: acc=0.5922, drop=0.0058, random=0.0006 -> PASS
  bathrooms: acc=0.5870, drop=0.0110, random=0.0006 -> PASS
  year_built: acc=0.5903, drop=0.0078, random=0.0006 -> PASS
  lot_size: acc=0.5935, drop=0.0045, random=0.0006 -> PASS
  sqft: acc=0.5922, drop=0.0058, random=0.0006 -> PASS

  ALL FEATURES:
  all_features: acc=0.5890, drop=0.0091

Saved results to: /home/anshulk/Housing/data/mp_results/qwen3-4b/layer_35/results.csv

============================================================
STEP 3: SELECTIVITY CONTROL
============================================================

--- SELECTIVITY CONTROL (MP) ---
  bedrooms: baseline=0.5968, erased=0.5942, recovered=0.5942 (100.0% recovery) -> PASS
  bathrooms: baseline=0.5968, erased=0.5883, recovered=0.6032 (176.9% recovery) -> PASS
  year_built: baseline=0.5968, erased=0.5935, recovered=0.6006 (100.0% recovery) -> PASS
  lot_size: baseline=0.5968, erased=0.5929, recovered=0.5942 (100.0% recovery) -> PASS
  sqft: baseline=0.5968, erased=0.5935, recovered=0.5935 (100.0% recovery) -> PASS

Saved selectivity to: /home/anshulk/Housing/data/mp_results/qwen3-4b/layer_35/selectivity.csv

============================================================
CORRECTNESS ANALYSIS
============================================================

Saved correctness analysis to: /home/anshulk/Housing/data/mp_results/qwen3-4b/layer_35/correctness.csv

============================================================
SUMMARY
============================================================

--- MP ---
Baseline accuracy: 0.5981
Random control drop: 0.0006

Feature verdicts:
  bedrooms:
    Probe: 0.8773125608568647
    Cosine sim: 0.9719434976577759
    Price drop: 0.0058
    Info control: PASS
    Selectivity: PASS (100.0%)
    Verdict: NOT_USED — bedrooms encoded but not used for pricing
  bathrooms:
    Probe: 0.8169425511197663
    Cosine sim: 0.943869948387146
    Price drop: 0.0110
    Info control: PASS
    Selectivity: PASS (176.9%)
    Verdict: MINOR — bathrooms has minor causal contribution to pricing
  year_built:
    Probe: 0.8773125608568647
    Cosine sim: 0.9686893820762634
    Price drop: 0.0078
    Info control: PASS
    Selectivity: PASS (100.0%)
    Verdict: NOT_USED — year_built encoded but not used for pricing
  lot_size:
    Probe: 0.7994157740993184
    Cosine sim: 0.973668098449707
    Price drop: 0.0045
    Info control: PASS
    Selectivity: PASS (100.0%)
    Verdict: NOT_USED — lot_size encoded but not used for pricing
  sqft:
    Probe: 0.8033106134371957
    Cosine sim: 0.973668098449707
    Price drop: 0.0058
    Info control: PASS
    Selectivity: PASS (100.0%)
    Verdict: NOT_USED — sqft encoded but not used for pricing

Saved summary to: /home/anshulk/Housing/data/mp_results/qwen3-4b/layer_35/summary.json

============================================================
COMPLETE in 44s (0.7 min)
============================================================

Qwen complete (exit: 0)

============================================================
COMPLETE
============================================================
End time: Sun Feb  8 17:22:40 EST 2026
Runtime: 3282 seconds (54 minutes)

Results:
0
 CSV files generated

Summaries:
0
 JSON files generated
============================================================

Generating plots...
Models: ['llama-3.2-3b', 'qwen3-4b']
  llama-3.2-3b: 28 layers (0-27)
  qwen3-4b: 36 layers (0-35)
Output: /home/anshulk/Housing/data/mp_results/plots
==================================================
Saved: feature_encoding_by_layer.png
Saved: price_drops_by_layer.png
Saved: cosine_similarity_by_layer.png
Saved: information_control_best_layer.png
Saved: selectivity_heatmap.png
Saved: correctness_best_layer.png
Saved: mp_summary.png
==================================================
All plots generated!
Plots generated successfully
