============================================================
Amnesic Probing with MP (Mean Projection) — ALL LAYERS
============================================================
Job ID: 6323994
Node: babel-w9-16
Start time: Mon Feb  9 20:31:58 EST 2026
============================================================

Checking dependencies...
  cuML: INSTALLED (GPU probing enabled)
  Llama activations: FOUND
  Qwen activations: FOUND
  Running Llama sample selection...
Sample selection for model: llama-3.2-3b
Loading data...
Results file: /home/anshulk/Housing/data/results/results_Llama-3.2-3B-Instruct_2_fewshot_cot_temp0.csv
Total pairs: 5130
Total predictions: 5130
Merged: 5130 samples

Correct predictions: 3043
Incorrect predictions: 2087

[cuML MODE] Using ALL samples for maximum power!

============================================================
Analysis: CORRECT Predictions
============================================================
Selected: 3043 samples

Difficulty distribution:
  easy: 10.7% (original: 10.7%)
  medium: 39.3% (original: 39.3%)
  hard: 50.0% (original: 50.0%)

Bedroom difference distribution:
  equal: 36.5% (original: 36.5%)
  p2_more: 33.8% (original: 33.8%)
  p1_slight: 23.6% (original: 23.6%)
  p1_much: 6.1% (original: 6.1%)

Price difference stats:
  Mean: 27.6% (orig: 27.6%)
  Median: 25.0% (orig: 25.0%)
  Std: 9.6% (orig: 9.6%)

============================================================
Analysis: INCORRECT Predictions
============================================================
Selected: 2087 samples

Difficulty distribution:
  easy: 7.0% (original: 7.0%)
  medium: 36.2% (original: 36.2%)
  hard: 56.8% (original: 56.8%)

Bedroom difference distribution:
  equal: 43.3% (original: 43.3%)
  p2_more: 25.6% (original: 25.6%)
  p1_slight: 24.9% (original: 24.9%)
  p1_much: 6.3% (original: 6.3%)

Price difference stats:
  Mean: 26.1% (orig: 26.1%)
  Median: 23.8% (orig: 23.8%)
  Std: 8.3% (orig: 8.3%)

============================================================
FINAL SELECTION SUMMARY
============================================================
Total samples: 5130
  - Correct: 3043 (59.3%)
  - Incorrect: 2087 (40.7%)

Saved to: /home/anshulk/Housing/data/amnesic_samples/selected_samples_llama-3.2-3b_2_fewshot_cot_temp0.csv
Saved indices to: /home/anshulk/Housing/data/amnesic_samples/selected_indices_llama-3.2-3b_2_fewshot_cot_temp0.json
  Running Qwen sample selection...
Sample selection for model: qwen3-4b
Loading data...
Results file: /home/anshulk/Housing/data/results/results_Qwen3-4B-Instruct-2507_2_fewshot_cot_temp0.csv
Total pairs: 5130
Total predictions: 5130
Merged: 5130 samples

Correct predictions: 2912
Incorrect predictions: 2218

[cuML MODE] Using ALL samples for maximum power!

============================================================
Analysis: CORRECT Predictions
============================================================
Selected: 2912 samples

Difficulty distribution:
  easy: 9.8% (original: 9.8%)
  medium: 39.0% (original: 39.0%)
  hard: 51.2% (original: 51.2%)

Bedroom difference distribution:
  equal: 37.7% (original: 37.7%)
  p2_more: 30.4% (original: 30.4%)
  p1_slight: 24.9% (original: 24.9%)
  p1_much: 6.9% (original: 6.9%)

Price difference stats:
  Mean: 27.2% (orig: 27.2%)
  Median: 24.9% (orig: 24.9%)
  Std: 9.2% (orig: 9.2%)

============================================================
Analysis: INCORRECT Predictions
============================================================
Selected: 2218 samples

Difficulty distribution:
  easy: 8.5% (original: 8.5%)
  medium: 36.8% (original: 36.8%)
  hard: 54.7% (original: 54.7%)

Bedroom difference distribution:
  equal: 41.3% (original: 41.3%)
  p2_more: 30.5% (original: 30.5%)
  p1_slight: 23.0% (original: 23.0%)
  p1_much: 5.2% (original: 5.2%)

Price difference stats:
  Mean: 26.6% (orig: 26.6%)
  Median: 24.2% (orig: 24.2%)
  Std: 9.1% (orig: 9.1%)

============================================================
FINAL SELECTION SUMMARY
============================================================
Total samples: 5130
  - Correct: 2912 (56.8%)
  - Incorrect: 2218 (43.2%)

Saved to: /home/anshulk/Housing/data/amnesic_samples/selected_samples_qwen3-4b_2_fewshot_cot_temp0.csv
Saved indices to: /home/anshulk/Housing/data/amnesic_samples/selected_indices_qwen3-4b_2_fewshot_cot_temp0.json

============================================================
MP Amnesic Probing: Llama-3.2-3B (ALL 28 LAYERS)
  Method: MP | Features: all | Random controls: 10
============================================================

>>> Llama layer 0 / 27
============================================================
AMNESIC PROBING WITH MP
============================================================
Model: llama-3.2-3b
Layer: 0
Methods: ['mp']
Features: ['bedrooms', 'bathrooms', 'year_built', 'lot_size']
Random controls: 10
GPU: True
============================================================

============================================================
LOADING DATA
============================================================
Loading activations from: /home/anshulk/Housing/data/activations/llama-3.2-3b_2_fewshot_cot_temp0_activations.npz
Activations shape: (5130, 28, 3072)
Feature columns: ['bathrooms_p1_more' 'bedrooms_p1_more' 'year_p1_newer' 'lot_p1_larger'
 'sqft_p1_larger' 'price_p1_higher']
Loading samples from: /home/anshulk/Housing/data/amnesic_samples/selected_samples_llama-3.2-3b_2_fewshot_cot_temp0.csv
Loaded 5130 samples
Using layer 0, shape: (5130, 3072)
Output dir: /home/anshulk/Housing/data/mp_results/llama-3.2-3b/layer_0

Feature label class balance:
  bedrooms: 30.29% positive
  bathrooms: 30.18% positive
  year_built: 46.63% positive
  lot_size: 48.44% positive
Price labels: 48.03% have property 1 more expensive

============================================================
STEP 1: ERASURE + VERIFICATION
============================================================

============================================================
MP erasure for feature: bedrooms
============================================================
Samples: 5130 (train: 3590, val: 513, test: 1027)
Class balance: 30.17% positive
Pre-erasure probe accuracy: 0.699
Rank removed: 1
Post-erasure probe accuracy: 0.699 (target: ~0.50)
Cosine similarity (original vs erased): 0.9842

============================================================
MP erasure for feature: bathrooms
============================================================
Samples: 5130 (train: 3590, val: 513, test: 1027)
Class balance: 30.03% positive
Pre-erasure probe accuracy: 0.703
Rank removed: 1
Post-erasure probe accuracy: 0.703 (target: ~0.50)
Cosine similarity (original vs erased): 0.9189

============================================================
MP erasure for feature: year_built
============================================================
Samples: 5130 (train: 3590, val: 513, test: 1027)
Class balance: 46.82% positive
Pre-erasure probe accuracy: 0.532
WARNING: Low encoding (0.532). Feature may not be linearly encoded.
Rank removed: 1
Post-erasure probe accuracy: 0.532 (target: ~0.50)
Cosine similarity (original vs erased): 0.9231

============================================================
MP erasure for feature: lot_size
============================================================
Samples: 5130 (train: 3590, val: 513, test: 1027)
Class balance: 48.05% positive
Pre-erasure probe accuracy: 0.508
WARNING: Low encoding (0.508). Feature may not be linearly encoded.
Rank removed: 1
Post-erasure probe accuracy: 0.520 (target: ~0.50)
Cosine similarity (original vs erased): 0.9424

Saved erasure info to: /home/anshulk/Housing/data/mp_results/llama-3.2-3b/layer_0/erasure_info.json

============================================================
STEP 2: INFORMATION CONTROL
============================================================

--- BASELINE ---
  Baseline: acc=0.5701, auc=0.5945

--- RANDOM CONTROLS (10 runs) ---
  Random control: mean drop=0.0011 +/- 0.0027

--- MP ---
  bedrooms: acc=0.5805, drop=-0.0104, random=0.0011 -> FAIL
  bathrooms: acc=0.5682, drop=0.0019, random=0.0011 -> FAIL
  year_built: acc=0.5714, drop=-0.0013, random=0.0011 -> FAIL
  lot_size: acc=0.5695, drop=0.0006, random=0.0011 -> FAIL

  ALL FEATURES:
  all_features: acc=0.5844, drop=-0.0143

Saved results to: /home/anshulk/Housing/data/mp_results/llama-3.2-3b/layer_0/results.csv

============================================================
STEP 3: SELECTIVITY CONTROL
============================================================

--- SELECTIVITY CONTROL (MP) ---
  bedrooms: baseline=0.5682, erased=0.5799, recovered=0.5922 (0.0% recovery) -> PASS
  bathrooms: baseline=0.5682, erased=0.5675, recovered=0.5981 (100.0% recovery) -> PASS
  year_built: baseline=0.5682, erased=0.5721, recovered=0.5786 (100.0% recovery) -> PASS
  lot_size: baseline=0.5682, erased=0.5701, recovered=0.5727 (100.0% recovery) -> PASS

Saved selectivity to: /home/anshulk/Housing/data/mp_results/llama-3.2-3b/layer_0/selectivity.csv

============================================================
CORRECTNESS ANALYSIS
============================================================

Saved correctness analysis to: /home/anshulk/Housing/data/mp_results/llama-3.2-3b/layer_0/correctness.csv

============================================================
SUMMARY
============================================================

--- MP ---
Baseline accuracy: 0.5701
Random control drop: 0.0011

Feature verdicts:
  bedrooms:
    Probe: 0.6991236611489776
    Cosine sim: 0.9842088222503662
    Price drop: -0.0104
    Info control: FAIL
    Selectivity: PASS (0.0%)
    Verdict: NOT_CAUSAL — Erasure of bedrooms does not hurt more than random
  bathrooms:
    Probe: 0.7030185004868549
    Cosine sim: 0.9189120531082153
    Price drop: 0.0019
    Info control: FAIL
    Selectivity: PASS (100.0%)
    Verdict: NOT_CAUSAL — Erasure of bathrooms does not hurt more than random
  year_built:
    Probe: 0.5316455696202531
    Cosine sim: 0.9230918884277344
    Price drop: -0.0013
    Info control: FAIL
    Selectivity: PASS (100.0%)
    Verdict: NOT_CAUSAL — Erasure of year_built does not hurt more than random
  lot_size:
    Probe: 0.5082765335929893
    Cosine sim: 0.9423506855964661
    Price drop: 0.0006
    Info control: FAIL
    Selectivity: PASS (100.0%)
    Verdict: NOT_CAUSAL — Erasure of lot_size does not hurt more than random

Saved summary to: /home/anshulk/Housing/data/mp_results/llama-3.2-3b/layer_0/summary.json

============================================================
COMPLETE in 82s (1.4 min)
============================================================

>>> Llama layer 1 / 27
============================================================
AMNESIC PROBING WITH MP
============================================================
Model: llama-3.2-3b
Layer: 1
Methods: ['mp']
Features: ['bedrooms', 'bathrooms', 'year_built', 'lot_size']
Random controls: 10
GPU: True
============================================================

============================================================
LOADING DATA
============================================================
Loading activations from: /home/anshulk/Housing/data/activations/llama-3.2-3b_2_fewshot_cot_temp0_activations.npz
Activations shape: (5130, 28, 3072)
Feature columns: ['bathrooms_p1_more' 'bedrooms_p1_more' 'year_p1_newer' 'lot_p1_larger'
 'sqft_p1_larger' 'price_p1_higher']
Loading samples from: /home/anshulk/Housing/data/amnesic_samples/selected_samples_llama-3.2-3b_2_fewshot_cot_temp0.csv
Loaded 5130 samples
Using layer 1, shape: (5130, 3072)
Output dir: /home/anshulk/Housing/data/mp_results/llama-3.2-3b/layer_1

Feature label class balance:
  bedrooms: 30.29% positive
  bathrooms: 30.18% positive
  year_built: 46.63% positive
  lot_size: 48.44% positive
Price labels: 48.03% have property 1 more expensive

============================================================
STEP 1: ERASURE + VERIFICATION
============================================================

============================================================
MP erasure for feature: bedrooms
============================================================
Samples: 5130 (train: 3590, val: 513, test: 1027)
Class balance: 30.17% positive
Pre-erasure probe accuracy: 0.699
Rank removed: 1
Post-erasure probe accuracy: 0.699 (target: ~0.50)
Cosine similarity (original vs erased): 0.9816

============================================================
MP erasure for feature: bathrooms
============================================================
Samples: 5130 (train: 3590, val: 513, test: 1027)
Class balance: 30.03% positive
Pre-erasure probe accuracy: 0.703
Rank removed: 1
Post-erasure probe accuracy: 0.703 (target: ~0.50)
Cosine similarity (original vs erased): 0.9841

============================================================
MP erasure for feature: year_built
============================================================
Samples: 5130 (train: 3590, val: 513, test: 1027)
Class balance: 46.82% positive
Pre-erasure probe accuracy: 0.532
WARNING: Low encoding (0.532). Feature may not be linearly encoded.
Rank removed: 1
Post-erasure probe accuracy: 0.532 (target: ~0.50)
Cosine similarity (original vs erased): 0.9534

============================================================
MP erasure for feature: lot_size
============================================================
Samples: 5130 (train: 3590, val: 513, test: 1027)
Class balance: 48.05% positive
Pre-erasure probe accuracy: 0.524
WARNING: Low encoding (0.524). Feature may not be linearly encoded.
Rank removed: 1
Post-erasure probe accuracy: 0.520 (target: ~0.50)
Cosine similarity (original vs erased): 0.9609

Saved erasure info to: /home/anshulk/Housing/data/mp_results/llama-3.2-3b/layer_1/erasure_info.json

============================================================
STEP 2: INFORMATION CONTROL
============================================================

--- BASELINE ---
  Baseline: acc=0.5682, auc=0.6010

--- RANDOM CONTROLS (10 runs) ---
  Random control: mean drop=-0.0016 +/- 0.0025

--- MP ---
  bedrooms: acc=0.5773, drop=-0.0091, random=-0.0016 -> FAIL
  bathrooms: acc=0.5682, drop=0.0000, random=-0.0016 -> FAIL
  year_built: acc=0.5747, drop=-0.0065, random=-0.0016 -> FAIL
  lot_size: acc=0.5792, drop=-0.0110, random=-0.0016 -> FAIL

  ALL FEATURES:
  all_features: acc=0.5701, drop=-0.0019

Saved results to: /home/anshulk/Housing/data/mp_results/llama-3.2-3b/layer_1/results.csv

============================================================
STEP 3: SELECTIVITY CONTROL
============================================================

--- SELECTIVITY CONTROL (MP) ---
  bedrooms: baseline=0.5675, erased=0.5812, recovered=0.6032 (0.0% recovery) -> PASS
  bathrooms: baseline=0.5675, erased=0.5688, recovered=0.6032 (100.0% recovery) -> PASS
  year_built: baseline=0.5675, erased=0.5753, recovered=0.5877 (0.0% recovery) -> PASS
  lot_size: baseline=0.5675, erased=0.5779, recovered=0.5857 (0.0% recovery) -> PASS

Saved selectivity to: /home/anshulk/Housing/data/mp_results/llama-3.2-3b/layer_1/selectivity.csv

============================================================
CORRECTNESS ANALYSIS
============================================================

Saved correctness analysis to: /home/anshulk/Housing/data/mp_results/llama-3.2-3b/layer_1/correctness.csv

============================================================
SUMMARY
============================================================

--- MP ---
Baseline accuracy: 0.5682
Random control drop: -0.0016

Feature verdicts:
  bedrooms:
    Probe: 0.6991236611489776
    Cosine sim: 0.9815548062324524
    Price drop: -0.0091
    Info control: FAIL
    Selectivity: PASS (0.0%)
    Verdict: NOT_CAUSAL — Erasure of bedrooms does not hurt more than random
  bathrooms:
    Probe: 0.7030185004868549
    Cosine sim: 0.9841417074203491
    Price drop: 0.0000
    Info control: FAIL
    Selectivity: PASS (100.0%)
    Verdict: NOT_CAUSAL — Erasure of bathrooms does not hurt more than random
  year_built:
    Probe: 0.5316455696202531
    Cosine sim: 0.9534103870391846
    Price drop: -0.0065
    Info control: FAIL
    Selectivity: PASS (0.0%)
    Verdict: NOT_CAUSAL — Erasure of year_built does not hurt more than random
  lot_size:
    Probe: 0.5238558909444986
    Cosine sim: 0.9608728885650635
    Price drop: -0.0110
    Info control: FAIL
    Selectivity: PASS (0.0%)
    Verdict: NOT_CAUSAL — Erasure of lot_size does not hurt more than random

Saved summary to: /home/anshulk/Housing/data/mp_results/llama-3.2-3b/layer_1/summary.json

============================================================
COMPLETE in 80s (1.3 min)
============================================================

>>> Llama layer 2 / 27
============================================================
AMNESIC PROBING WITH MP
============================================================
Model: llama-3.2-3b
Layer: 2
Methods: ['mp']
Features: ['bedrooms', 'bathrooms', 'year_built', 'lot_size']
Random controls: 10
GPU: True
============================================================

============================================================
LOADING DATA
============================================================
Loading activations from: /home/anshulk/Housing/data/activations/llama-3.2-3b_2_fewshot_cot_temp0_activations.npz
Activations shape: (5130, 28, 3072)
Feature columns: ['bathrooms_p1_more' 'bedrooms_p1_more' 'year_p1_newer' 'lot_p1_larger'
 'sqft_p1_larger' 'price_p1_higher']
Loading samples from: /home/anshulk/Housing/data/amnesic_samples/selected_samples_llama-3.2-3b_2_fewshot_cot_temp0.csv
Loaded 5130 samples
Using layer 2, shape: (5130, 3072)
Output dir: /home/anshulk/Housing/data/mp_results/llama-3.2-3b/layer_2

Feature label class balance:
  bedrooms: 30.29% positive
  bathrooms: 30.18% positive
  year_built: 46.63% positive
  lot_size: 48.44% positive
Price labels: 48.03% have property 1 more expensive

============================================================
STEP 1: ERASURE + VERIFICATION
============================================================

============================================================
MP erasure for feature: bedrooms
============================================================
Samples: 5130 (train: 3590, val: 513, test: 1027)
Class balance: 30.17% positive
Pre-erasure probe accuracy: 0.699
Rank removed: 1
Post-erasure probe accuracy: 0.699 (target: ~0.50)
Cosine similarity (original vs erased): 0.9794

============================================================
MP erasure for feature: bathrooms
============================================================
Samples: 5130 (train: 3590, val: 513, test: 1027)
Class balance: 30.03% positive
Pre-erasure probe accuracy: 0.703
Rank removed: 1
Post-erasure probe accuracy: 0.703 (target: ~0.50)
Cosine similarity (original vs erased): 0.9913

============================================================
MP erasure for feature: year_built
============================================================
Samples: 5130 (train: 3590, val: 513, test: 1027)
Class balance: 46.82% positive
Pre-erasure probe accuracy: 0.528
WARNING: Low encoding (0.528). Feature may not be linearly encoded.
Rank removed: 1
Post-erasure probe accuracy: 0.532 (target: ~0.50)
Cosine similarity (original vs erased): 0.9782

============================================================
MP erasure for feature: lot_size
============================================================
Samples: 5130 (train: 3590, val: 513, test: 1027)
Class balance: 48.05% positive
Pre-erasure probe accuracy: 0.526
WARNING: Low encoding (0.526). Feature may not be linearly encoded.
Rank removed: 1
Post-erasure probe accuracy: 0.520 (target: ~0.50)
Cosine similarity (original vs erased): 0.9796

Saved erasure info to: /home/anshulk/Housing/data/mp_results/llama-3.2-3b/layer_2/erasure_info.json

============================================================
STEP 2: INFORMATION CONTROL
============================================================

--- BASELINE ---
  Baseline: acc=0.5760, auc=0.6109

--- RANDOM CONTROLS (10 runs) ---
  Random control: mean drop=-0.0029 +/- 0.0017

--- MP ---
  bedrooms: acc=0.5870, drop=-0.0110, random=-0.0029 -> FAIL
  bathrooms: acc=0.5662, drop=0.0097, random=-0.0029 -> PASS
  year_built: acc=0.5753, drop=0.0006, random=-0.0029 -> PASS
  lot_size: acc=0.5714, drop=0.0045, random=-0.0029 -> PASS

  ALL FEATURES:
  all_features: acc=0.5909, drop=-0.0149

Saved results to: /home/anshulk/Housing/data/mp_results/llama-3.2-3b/layer_2/results.csv

============================================================
STEP 3: SELECTIVITY CONTROL
============================================================

--- SELECTIVITY CONTROL (MP) ---
  bedrooms: baseline=0.5753, erased=0.5825, recovered=0.5844 (0.0% recovery) -> PASS
  bathrooms: baseline=0.5753, erased=0.5714, recovered=0.6208 (100.0% recovery) -> PASS
  year_built: baseline=0.5753, erased=0.5812, recovered=0.5851 (0.0% recovery) -> PASS
  lot_size: baseline=0.5753, erased=0.5727, recovered=0.5883 (100.0% recovery) -> PASS

Saved selectivity to: /home/anshulk/Housing/data/mp_results/llama-3.2-3b/layer_2/selectivity.csv

============================================================
CORRECTNESS ANALYSIS
============================================================

Saved correctness analysis to: /home/anshulk/Housing/data/mp_results/llama-3.2-3b/layer_2/correctness.csv

============================================================
SUMMARY
============================================================

--- MP ---
Baseline accuracy: 0.5760
Random control drop: -0.0029

Feature verdicts:
  bedrooms:
    Probe: 0.6991236611489776
    Cosine sim: 0.9794328808784485
    Price drop: -0.0110
    Info control: FAIL
    Selectivity: PASS (0.0%)
    Verdict: NOT_CAUSAL — Erasure of bedrooms does not hurt more than random
  bathrooms:
    Probe: 0.7030185004868549
    Cosine sim: 0.9913246631622314
    Price drop: 0.0097
    Info control: PASS
    Selectivity: PASS (100.0%)
    Verdict: NOT_USED — bathrooms encoded but not used for pricing
  year_built:
    Probe: 0.5277507302823758
    Cosine sim: 0.9782025814056396
    Price drop: 0.0006
    Info control: PASS
    Selectivity: PASS (0.0%)
    Verdict: NOT_USED — year_built encoded but not used for pricing
  lot_size:
    Probe: 0.5258033106134372
    Cosine sim: 0.979610800743103
    Price drop: 0.0045
    Info control: PASS
    Selectivity: PASS (100.0%)
    Verdict: NOT_USED — lot_size encoded but not used for pricing

Saved summary to: /home/anshulk/Housing/data/mp_results/llama-3.2-3b/layer_2/summary.json

============================================================
COMPLETE in 84s (1.4 min)
============================================================

>>> Llama layer 3 / 27
============================================================
AMNESIC PROBING WITH MP
============================================================
Model: llama-3.2-3b
Layer: 3
Methods: ['mp']
Features: ['bedrooms', 'bathrooms', 'year_built', 'lot_size']
Random controls: 10
GPU: True
============================================================

============================================================
LOADING DATA
============================================================
Loading activations from: /home/anshulk/Housing/data/activations/llama-3.2-3b_2_fewshot_cot_temp0_activations.npz
Activations shape: (5130, 28, 3072)
Feature columns: ['bathrooms_p1_more' 'bedrooms_p1_more' 'year_p1_newer' 'lot_p1_larger'
 'sqft_p1_larger' 'price_p1_higher']
Loading samples from: /home/anshulk/Housing/data/amnesic_samples/selected_samples_llama-3.2-3b_2_fewshot_cot_temp0.csv
Loaded 5130 samples
Using layer 3, shape: (5130, 3072)
Output dir: /home/anshulk/Housing/data/mp_results/llama-3.2-3b/layer_3

Feature label class balance:
  bedrooms: 30.29% positive
  bathrooms: 30.18% positive
  year_built: 46.63% positive
  lot_size: 48.44% positive
Price labels: 48.03% have property 1 more expensive

============================================================
STEP 1: ERASURE + VERIFICATION
============================================================

============================================================
MP erasure for feature: bedrooms
============================================================
Samples: 5130 (train: 3590, val: 513, test: 1027)
Class balance: 30.17% positive
Pre-erasure probe accuracy: 0.699
Rank removed: 1
Post-erasure probe accuracy: 0.699 (target: ~0.50)
Cosine similarity (original vs erased): 0.9785

============================================================
MP erasure for feature: bathrooms
============================================================
Samples: 5130 (train: 3590, val: 513, test: 1027)
Class balance: 30.03% positive
Pre-erasure probe accuracy: 0.703
Rank removed: 1
Post-erasure probe accuracy: 0.703 (target: ~0.50)
Cosine similarity (original vs erased): 0.9874

============================================================
MP erasure for feature: year_built
============================================================
Samples: 5130 (train: 3590, val: 513, test: 1027)
Class balance: 46.82% positive
Pre-erasure probe accuracy: 0.534
WARNING: Low encoding (0.534). Feature may not be linearly encoded.
Rank removed: 1
Post-erasure probe accuracy: 0.532 (target: ~0.50)
Cosine similarity (original vs erased): 0.9635

============================================================
MP erasure for feature: lot_size
============================================================
Samples: 5130 (train: 3590, val: 513, test: 1027)
Class balance: 48.05% positive
Pre-erasure probe accuracy: 0.514
WARNING: Low encoding (0.514). Feature may not be linearly encoded.
Rank removed: 1
Post-erasure probe accuracy: 0.520 (target: ~0.50)
Cosine similarity (original vs erased): 0.9771

Saved erasure info to: /home/anshulk/Housing/data/mp_results/llama-3.2-3b/layer_3/erasure_info.json

============================================================
STEP 2: INFORMATION CONTROL
============================================================

--- BASELINE ---
  Baseline: acc=0.5825, auc=0.5990

--- RANDOM CONTROLS (10 runs) ---
[W] [20:37:13.033285] L-BFGS stopped, because the line search failed to advance (step delta = 0.000000)
[W] [20:37:23.475365] L-BFGS stopped, because the line search failed to advance (step delta = 0.000000)
  Random control: mean drop=-0.0002 +/- 0.0012

--- MP ---
  bedrooms: acc=0.5831, drop=-0.0006, random=-0.0002 -> FAIL
  bathrooms: acc=0.5688, drop=0.0136, random=-0.0002 -> PASS
  year_built: acc=0.5571, drop=0.0253, random=-0.0002 -> PASS
[W] [20:37:33.045357] L-BFGS stopped, because the line search failed to advance (step delta = 0.000000)
  lot_size: acc=0.5734, drop=0.0091, random=-0.0002 -> PASS

  ALL FEATURES:
  all_features: acc=0.5883, drop=-0.0058

Saved results to: /home/anshulk/Housing/data/mp_results/llama-3.2-3b/layer_3/results.csv

============================================================
STEP 3: SELECTIVITY CONTROL
============================================================

--- SELECTIVITY CONTROL (MP) ---
  bedrooms: baseline=0.5831, erased=0.5831, recovered=0.5922 (100.0% recovery) -> PASS
  bathrooms: baseline=0.5831, erased=0.5669, recovered=0.6195 (200.0% recovery) -> PASS
  year_built: baseline=0.5831, erased=0.5597, recovered=0.5883 (122.2% recovery) -> PASS
  lot_size: baseline=0.5831, erased=0.5747, recovered=0.5773 (30.8% recovery) -> PASS

Saved selectivity to: /home/anshulk/Housing/data/mp_results/llama-3.2-3b/layer_3/selectivity.csv

============================================================
CORRECTNESS ANALYSIS
============================================================
[W] [20:37:53.488262] L-BFGS stopped, because the line search failed to advance (step delta = 0.000000)

Saved correctness analysis to: /home/anshulk/Housing/data/mp_results/llama-3.2-3b/layer_3/correctness.csv

============================================================
SUMMARY
============================================================

--- MP ---
Baseline accuracy: 0.5825
Random control drop: -0.0002

Feature verdicts:
  bedrooms:
    Probe: 0.6991236611489776
    Cosine sim: 0.978457510471344
    Price drop: -0.0006
    Info control: FAIL
    Selectivity: PASS (100.0%)
    Verdict: NOT_CAUSAL — Erasure of bedrooms does not hurt more than random
  bathrooms:
    Probe: 0.7030185004868549
    Cosine sim: 0.987392783164978
    Price drop: 0.0136
    Info control: PASS
    Selectivity: PASS (200.0%)
    Verdict: MINOR — bathrooms has minor causal contribution to pricing
  year_built:
    Probe: 0.5335929892891919
    Cosine sim: 0.9635273814201355
    Price drop: 0.0253
    Info control: PASS
    Selectivity: PASS (122.2%)
    Verdict: MINOR — year_built has minor causal contribution to pricing
  lot_size:
    Probe: 0.5141187925998053
    Cosine sim: 0.9771144390106201
    Price drop: 0.0091
    Info control: PASS
    Selectivity: PASS (30.8%)
    Verdict: NOT_USED — lot_size encoded but not used for pricing

Saved summary to: /home/anshulk/Housing/data/mp_results/llama-3.2-3b/layer_3/summary.json

============================================================
COMPLETE in 84s (1.4 min)
============================================================

>>> Llama layer 4 / 27
============================================================
AMNESIC PROBING WITH MP
============================================================
Model: llama-3.2-3b
Layer: 4
Methods: ['mp']
Features: ['bedrooms', 'bathrooms', 'year_built', 'lot_size']
Random controls: 10
GPU: True
============================================================

============================================================
LOADING DATA
============================================================
Loading activations from: /home/anshulk/Housing/data/activations/llama-3.2-3b_2_fewshot_cot_temp0_activations.npz
Activations shape: (5130, 28, 3072)
Feature columns: ['bathrooms_p1_more' 'bedrooms_p1_more' 'year_p1_newer' 'lot_p1_larger'
 'sqft_p1_larger' 'price_p1_higher']
Loading samples from: /home/anshulk/Housing/data/amnesic_samples/selected_samples_llama-3.2-3b_2_fewshot_cot_temp0.csv
Loaded 5130 samples
Using layer 4, shape: (5130, 3072)
Output dir: /home/anshulk/Housing/data/mp_results/llama-3.2-3b/layer_4

Feature label class balance:
  bedrooms: 30.29% positive
  bathrooms: 30.18% positive
  year_built: 46.63% positive
  lot_size: 48.44% positive
Price labels: 48.03% have property 1 more expensive

============================================================
STEP 1: ERASURE + VERIFICATION
============================================================

============================================================
MP erasure for feature: bedrooms
============================================================
Samples: 5130 (train: 3590, val: 513, test: 1027)
Class balance: 30.17% positive
Pre-erasure probe accuracy: 0.699
Rank removed: 1
Post-erasure probe accuracy: 0.699 (target: ~0.50)
Cosine similarity (original vs erased): 0.9756

============================================================
MP erasure for feature: bathrooms
============================================================
Samples: 5130 (train: 3590, val: 513, test: 1027)
Class balance: 30.03% positive
Pre-erasure probe accuracy: 0.703
Rank removed: 1
Post-erasure probe accuracy: 0.703 (target: ~0.50)
Cosine similarity (original vs erased): 0.9665

============================================================
MP erasure for feature: year_built
============================================================
Samples: 5130 (train: 3590, val: 513, test: 1027)
Class balance: 46.82% positive
Pre-erasure probe accuracy: 0.520
WARNING: Low encoding (0.520). Feature may not be linearly encoded.
Rank removed: 1
Post-erasure probe accuracy: 0.532 (target: ~0.50)
Cosine similarity (original vs erased): 0.8912

============================================================
MP erasure for feature: lot_size
============================================================
Samples: 5130 (train: 3590, val: 513, test: 1027)
Class balance: 48.05% positive
Pre-erasure probe accuracy: 0.522
WARNING: Low encoding (0.522). Feature may not be linearly encoded.
Rank removed: 1
Post-erasure probe accuracy: 0.520 (target: ~0.50)
Cosine similarity (original vs erased): 0.9771

Saved erasure info to: /home/anshulk/Housing/data/mp_results/llama-3.2-3b/layer_4/erasure_info.json

============================================================
STEP 2: INFORMATION CONTROL
============================================================

--- BASELINE ---
  Baseline: acc=0.5734, auc=0.6116

--- RANDOM CONTROLS (10 runs) ---
  Random control: mean drop=0.0010 +/- 0.0016

--- MP ---
  bedrooms: acc=0.5864, drop=-0.0130, random=0.0010 -> FAIL
  bathrooms: acc=0.5721, drop=0.0013, random=0.0010 -> FAIL
  year_built: acc=0.5760, drop=-0.0026, random=0.0010 -> FAIL
  lot_size: acc=0.5766, drop=-0.0032, random=0.0010 -> FAIL

  ALL FEATURES:
  all_features: acc=0.5812, drop=-0.0078

Saved results to: /home/anshulk/Housing/data/mp_results/llama-3.2-3b/layer_4/results.csv

============================================================
STEP 3: SELECTIVITY CONTROL
============================================================

--- SELECTIVITY CONTROL (MP) ---
  bedrooms: baseline=0.5714, erased=0.5857, recovered=0.6013 (0.0% recovery) -> PASS
  bathrooms: baseline=0.5714, erased=0.5714, recovered=0.6260 (100.0% recovery) -> PASS
  year_built: baseline=0.5714, erased=0.5753, recovered=0.5903 (100.0% recovery) -> PASS
  lot_size: baseline=0.5714, erased=0.5792, recovered=0.5890 (0.0% recovery) -> PASS

Saved selectivity to: /home/anshulk/Housing/data/mp_results/llama-3.2-3b/layer_4/selectivity.csv

============================================================
CORRECTNESS ANALYSIS
============================================================

Saved correctness analysis to: /home/anshulk/Housing/data/mp_results/llama-3.2-3b/layer_4/correctness.csv

============================================================
SUMMARY
============================================================

--- MP ---
Baseline accuracy: 0.5734
Random control drop: 0.0010

Feature verdicts:
  bedrooms:
    Probe: 0.6991236611489776
    Cosine sim: 0.9756376147270203
    Price drop: -0.0130
    Info control: FAIL
    Selectivity: PASS (0.0%)
    Verdict: NOT_CAUSAL — Erasure of bedrooms does not hurt more than random
  bathrooms:
    Probe: 0.7030185004868549
    Cosine sim: 0.9664822220802307
    Price drop: 0.0013
    Info control: FAIL
    Selectivity: PASS (100.0%)
    Verdict: NOT_CAUSAL — Erasure of bathrooms does not hurt more than random
  year_built:
    Probe: 0.5199610516066212
    Cosine sim: 0.8912129998207092
    Price drop: -0.0026
    Info control: FAIL
    Selectivity: PASS (100.0%)
    Verdict: NOT_CAUSAL — Erasure of year_built does not hurt more than random
  lot_size:
    Probe: 0.5219084712755598
    Cosine sim: 0.9770777821540833
    Price drop: -0.0032
    Info control: FAIL
    Selectivity: PASS (0.0%)
    Verdict: NOT_CAUSAL — Erasure of lot_size does not hurt more than random

Saved summary to: /home/anshulk/Housing/data/mp_results/llama-3.2-3b/layer_4/summary.json

============================================================
COMPLETE in 82s (1.4 min)
============================================================

>>> Llama layer 5 / 27
============================================================
AMNESIC PROBING WITH MP
============================================================
Model: llama-3.2-3b
Layer: 5
Methods: ['mp']
Features: ['bedrooms', 'bathrooms', 'year_built', 'lot_size']
Random controls: 10
GPU: True
============================================================

============================================================
LOADING DATA
============================================================
Loading activations from: /home/anshulk/Housing/data/activations/llama-3.2-3b_2_fewshot_cot_temp0_activations.npz
Activations shape: (5130, 28, 3072)
Feature columns: ['bathrooms_p1_more' 'bedrooms_p1_more' 'year_p1_newer' 'lot_p1_larger'
 'sqft_p1_larger' 'price_p1_higher']
Loading samples from: /home/anshulk/Housing/data/amnesic_samples/selected_samples_llama-3.2-3b_2_fewshot_cot_temp0.csv
Loaded 5130 samples
Using layer 5, shape: (5130, 3072)
Output dir: /home/anshulk/Housing/data/mp_results/llama-3.2-3b/layer_5

Feature label class balance:
  bedrooms: 30.29% positive
  bathrooms: 30.18% positive
  year_built: 46.63% positive
  lot_size: 48.44% positive
Price labels: 48.03% have property 1 more expensive

============================================================
STEP 1: ERASURE + VERIFICATION
============================================================

============================================================
MP erasure for feature: bedrooms
============================================================
Samples: 5130 (train: 3590, val: 513, test: 1027)
Class balance: 30.17% positive
Pre-erasure probe accuracy: 0.699
Rank removed: 1
Post-erasure probe accuracy: 0.699 (target: ~0.50)
Cosine similarity (original vs erased): 0.9769

============================================================
MP erasure for feature: bathrooms
============================================================
Samples: 5130 (train: 3590, val: 513, test: 1027)
Class balance: 30.03% positive
Pre-erasure probe accuracy: 0.703
Rank removed: 1
Post-erasure probe accuracy: 0.703 (target: ~0.50)
Cosine similarity (original vs erased): 0.9785

============================================================
MP erasure for feature: year_built
============================================================
Samples: 5130 (train: 3590, val: 513, test: 1027)
Class balance: 46.82% positive
Pre-erasure probe accuracy: 0.519
WARNING: Low encoding (0.519). Feature may not be linearly encoded.
Rank removed: 1
Post-erasure probe accuracy: 0.532 (target: ~0.50)
Cosine similarity (original vs erased): 0.9329

============================================================
MP erasure for feature: lot_size
============================================================
Samples: 5130 (train: 3590, val: 513, test: 1027)
Class balance: 48.05% positive
Pre-erasure probe accuracy: 0.511
WARNING: Low encoding (0.511). Feature may not be linearly encoded.
Rank removed: 1
Post-erasure probe accuracy: 0.520 (target: ~0.50)
Cosine similarity (original vs erased): 0.9784

Saved erasure info to: /home/anshulk/Housing/data/mp_results/llama-3.2-3b/layer_5/erasure_info.json

============================================================
STEP 2: INFORMATION CONTROL
============================================================

--- BASELINE ---
  Baseline: acc=0.5675, auc=0.6022

--- RANDOM CONTROLS (10 runs) ---
  Random control: mean drop=-0.0010 +/- 0.0014

--- MP ---
  bedrooms: acc=0.5753, drop=-0.0078, random=-0.0010 -> FAIL
  bathrooms: acc=0.5721, drop=-0.0045, random=-0.0010 -> FAIL
  year_built: acc=0.5669, drop=0.0006, random=-0.0010 -> PASS
  lot_size: acc=0.5721, drop=-0.0045, random=-0.0010 -> FAIL

  ALL FEATURES:
  all_features: acc=0.5695, drop=-0.0019

Saved results to: /home/anshulk/Housing/data/mp_results/llama-3.2-3b/layer_5/results.csv

============================================================
STEP 3: SELECTIVITY CONTROL
============================================================

--- SELECTIVITY CONTROL (MP) ---
  bedrooms: baseline=0.5662, erased=0.5747, recovered=0.5909 (0.0% recovery) -> PASS
  bathrooms: baseline=0.5662, erased=0.5708, recovered=0.6214 (100.0% recovery) -> PASS
  year_built: baseline=0.5662, erased=0.5662, recovered=0.5831 (100.0% recovery) -> PASS
  lot_size: baseline=0.5662, erased=0.5727, recovered=0.5831 (0.0% recovery) -> PASS

Saved selectivity to: /home/anshulk/Housing/data/mp_results/llama-3.2-3b/layer_5/selectivity.csv

============================================================
CORRECTNESS ANALYSIS
============================================================

Saved correctness analysis to: /home/anshulk/Housing/data/mp_results/llama-3.2-3b/layer_5/correctness.csv

============================================================
SUMMARY
============================================================

--- MP ---
Baseline accuracy: 0.5675
Random control drop: -0.0010

Feature verdicts:
  bedrooms:
    Probe: 0.6991236611489776
    Cosine sim: 0.9769155383110046
    Price drop: -0.0078
    Info control: FAIL
    Selectivity: PASS (0.0%)
    Verdict: NOT_CAUSAL — Erasure of bedrooms does not hurt more than random
  bathrooms:
    Probe: 0.7030185004868549
    Cosine sim: 0.978468656539917
    Price drop: -0.0045
    Info control: FAIL
    Selectivity: PASS (100.0%)
    Verdict: NOT_CAUSAL — Erasure of bathrooms does not hurt more than random
  year_built:
    Probe: 0.5189873417721519
    Cosine sim: 0.932858943939209
    Price drop: 0.0006
    Info control: PASS
    Selectivity: PASS (100.0%)
    Verdict: NOT_USED — year_built encoded but not used for pricing
  lot_size:
    Probe: 0.5111976630963972
    Cosine sim: 0.9783962965011597
    Price drop: -0.0045
    Info control: FAIL
    Selectivity: PASS (0.0%)
    Verdict: NOT_CAUSAL — Erasure of lot_size does not hurt more than random

Saved summary to: /home/anshulk/Housing/data/mp_results/llama-3.2-3b/layer_5/summary.json

============================================================
COMPLETE in 79s (1.3 min)
============================================================

>>> Llama layer 6 / 27
============================================================
AMNESIC PROBING WITH MP
============================================================
Model: llama-3.2-3b
Layer: 6
Methods: ['mp']
Features: ['bedrooms', 'bathrooms', 'year_built', 'lot_size']
Random controls: 10
GPU: True
============================================================

============================================================
LOADING DATA
============================================================
Loading activations from: /home/anshulk/Housing/data/activations/llama-3.2-3b_2_fewshot_cot_temp0_activations.npz
Activations shape: (5130, 28, 3072)
Feature columns: ['bathrooms_p1_more' 'bedrooms_p1_more' 'year_p1_newer' 'lot_p1_larger'
 'sqft_p1_larger' 'price_p1_higher']
Loading samples from: /home/anshulk/Housing/data/amnesic_samples/selected_samples_llama-3.2-3b_2_fewshot_cot_temp0.csv
Loaded 5130 samples
Using layer 6, shape: (5130, 3072)
Output dir: /home/anshulk/Housing/data/mp_results/llama-3.2-3b/layer_6

Feature label class balance:
  bedrooms: 30.29% positive
  bathrooms: 30.18% positive
  year_built: 46.63% positive
  lot_size: 48.44% positive
Price labels: 48.03% have property 1 more expensive

============================================================
STEP 1: ERASURE + VERIFICATION
============================================================

============================================================
MP erasure for feature: bedrooms
============================================================
Samples: 5130 (train: 3590, val: 513, test: 1027)
Class balance: 30.17% positive
Pre-erasure probe accuracy: 0.699
Rank removed: 1
Post-erasure probe accuracy: 0.699 (target: ~0.50)
Cosine similarity (original vs erased): 0.9839

============================================================
MP erasure for feature: bathrooms
============================================================
Samples: 5130 (train: 3590, val: 513, test: 1027)
Class balance: 30.03% positive
Pre-erasure probe accuracy: 0.703
Rank removed: 1
Post-erasure probe accuracy: 0.703 (target: ~0.50)
Cosine similarity (original vs erased): 0.9560

============================================================
MP erasure for feature: year_built
============================================================
Samples: 5130 (train: 3590, val: 513, test: 1027)
Class balance: 46.82% positive
Pre-erasure probe accuracy: 0.532
WARNING: Low encoding (0.532). Feature may not be linearly encoded.
Rank removed: 1
Post-erasure probe accuracy: 0.532 (target: ~0.50)
Cosine similarity (original vs erased): 0.9088

============================================================
MP erasure for feature: lot_size
============================================================
Samples: 5130 (train: 3590, val: 513, test: 1027)
Class balance: 48.05% positive
Pre-erasure probe accuracy: 0.520
WARNING: Low encoding (0.520). Feature may not be linearly encoded.
Rank removed: 1
Post-erasure probe accuracy: 0.520 (target: ~0.50)
Cosine similarity (original vs erased): 0.9662

Saved erasure info to: /home/anshulk/Housing/data/mp_results/llama-3.2-3b/layer_6/erasure_info.json

============================================================
STEP 2: INFORMATION CONTROL
============================================================

--- BASELINE ---
  Baseline: acc=0.5714, auc=0.5984

--- RANDOM CONTROLS (10 runs) ---
  Random control: mean drop=0.0014 +/- 0.0014

--- MP ---
  bedrooms: acc=0.5623, drop=0.0091, random=0.0014 -> PASS
  bathrooms: acc=0.5513, drop=0.0201, random=0.0014 -> PASS
  year_built: acc=0.5721, drop=-0.0006, random=0.0014 -> FAIL
  lot_size: acc=0.5649, drop=0.0065, random=0.0014 -> PASS

  ALL FEATURES:
  all_features: acc=0.5727, drop=-0.0013

Saved results to: /home/anshulk/Housing/data/mp_results/llama-3.2-3b/layer_6/results.csv

============================================================
STEP 3: SELECTIVITY CONTROL
============================================================

--- SELECTIVITY CONTROL (MP) ---
  bedrooms: baseline=0.5695, erased=0.5610, recovered=0.5890 (200.0% recovery) -> PASS
  bathrooms: baseline=0.5695, erased=0.5513, recovered=0.6104 (200.0% recovery) -> PASS
  year_built: baseline=0.5695, erased=0.5688, recovered=0.5825 (100.0% recovery) -> PASS
  lot_size: baseline=0.5695, erased=0.5643, recovered=0.5753 (200.0% recovery) -> PASS

Saved selectivity to: /home/anshulk/Housing/data/mp_results/llama-3.2-3b/layer_6/selectivity.csv

============================================================
CORRECTNESS ANALYSIS
============================================================

Saved correctness analysis to: /home/anshulk/Housing/data/mp_results/llama-3.2-3b/layer_6/correctness.csv

============================================================
SUMMARY
============================================================

--- MP ---
Baseline accuracy: 0.5714
Random control drop: 0.0014

Feature verdicts:
  bedrooms:
    Probe: 0.6991236611489776
    Cosine sim: 0.9839434623718262
    Price drop: 0.0091
    Info control: PASS
    Selectivity: PASS (200.0%)
    Verdict: NOT_USED — bedrooms encoded but not used for pricing
  bathrooms:
    Probe: 0.7030185004868549
    Cosine sim: 0.9559511542320251
    Price drop: 0.0201
    Info control: PASS
    Selectivity: PASS (200.0%)
    Verdict: MINOR — bathrooms has minor causal contribution to pricing
  year_built:
    Probe: 0.5316455696202531
    Cosine sim: 0.9087768793106079
    Price drop: -0.0006
    Info control: FAIL
    Selectivity: PASS (100.0%)
    Verdict: NOT_CAUSAL — Erasure of year_built does not hurt more than random
  lot_size:
    Probe: 0.5199610516066212
    Cosine sim: 0.9662498831748962
    Price drop: 0.0065
    Info control: PASS
    Selectivity: PASS (200.0%)
    Verdict: NOT_USED — lot_size encoded but not used for pricing

Saved summary to: /home/anshulk/Housing/data/mp_results/llama-3.2-3b/layer_6/summary.json

============================================================
COMPLETE in 80s (1.3 min)
============================================================

>>> Llama layer 7 / 27
============================================================
AMNESIC PROBING WITH MP
============================================================
Model: llama-3.2-3b
Layer: 7
Methods: ['mp']
Features: ['bedrooms', 'bathrooms', 'year_built', 'lot_size']
Random controls: 10
GPU: True
============================================================

============================================================
LOADING DATA
============================================================
Loading activations from: /home/anshulk/Housing/data/activations/llama-3.2-3b_2_fewshot_cot_temp0_activations.npz
Activations shape: (5130, 28, 3072)
Feature columns: ['bathrooms_p1_more' 'bedrooms_p1_more' 'year_p1_newer' 'lot_p1_larger'
 'sqft_p1_larger' 'price_p1_higher']
Loading samples from: /home/anshulk/Housing/data/amnesic_samples/selected_samples_llama-3.2-3b_2_fewshot_cot_temp0.csv
Loaded 5130 samples
Using layer 7, shape: (5130, 3072)
Output dir: /home/anshulk/Housing/data/mp_results/llama-3.2-3b/layer_7

Feature label class balance:
  bedrooms: 30.29% positive
  bathrooms: 30.18% positive
  year_built: 46.63% positive
  lot_size: 48.44% positive
Price labels: 48.03% have property 1 more expensive

============================================================
STEP 1: ERASURE + VERIFICATION
============================================================

============================================================
MP erasure for feature: bedrooms
============================================================
Samples: 5130 (train: 3590, val: 513, test: 1027)
Class balance: 30.17% positive
Pre-erasure probe accuracy: 0.699
Rank removed: 1
Post-erasure probe accuracy: 0.699 (target: ~0.50)
Cosine similarity (original vs erased): 0.9832

============================================================
MP erasure for feature: bathrooms
============================================================
Samples: 5130 (train: 3590, val: 513, test: 1027)
Class balance: 30.03% positive
Pre-erasure probe accuracy: 0.703
Rank removed: 1
Post-erasure probe accuracy: 0.703 (target: ~0.50)
Cosine similarity (original vs erased): 0.9680

============================================================
MP erasure for feature: year_built
============================================================
Samples: 5130 (train: 3590, val: 513, test: 1027)
Class balance: 46.82% positive
Pre-erasure probe accuracy: 0.530
WARNING: Low encoding (0.530). Feature may not be linearly encoded.
Rank removed: 1
Post-erasure probe accuracy: 0.532 (target: ~0.50)
Cosine similarity (original vs erased): 0.9250

============================================================
MP erasure for feature: lot_size
============================================================
Samples: 5130 (train: 3590, val: 513, test: 1027)
Class balance: 48.05% positive
Pre-erasure probe accuracy: 0.527
WARNING: Low encoding (0.527). Feature may not be linearly encoded.
Rank removed: 1
Post-erasure probe accuracy: 0.520 (target: ~0.50)
Cosine similarity (original vs erased): 0.9657

Saved erasure info to: /home/anshulk/Housing/data/mp_results/llama-3.2-3b/layer_7/erasure_info.json

============================================================
STEP 2: INFORMATION CONTROL
============================================================

--- BASELINE ---
  Baseline: acc=0.5870, auc=0.5978

--- RANDOM CONTROLS (10 runs) ---
  Random control: mean drop=0.0001 +/- 0.0011

--- MP ---
  bedrooms: acc=0.5818, drop=0.0052, random=0.0001 -> PASS
  bathrooms: acc=0.5682, drop=0.0188, random=0.0001 -> PASS
  year_built: acc=0.5818, drop=0.0052, random=0.0001 -> PASS
  lot_size: acc=0.5805, drop=0.0065, random=0.0001 -> PASS

  ALL FEATURES:
  all_features: acc=0.5799, drop=0.0071

Saved results to: /home/anshulk/Housing/data/mp_results/llama-3.2-3b/layer_7/results.csv

============================================================
STEP 3: SELECTIVITY CONTROL
============================================================

--- SELECTIVITY CONTROL (MP) ---
  bedrooms: baseline=0.5857, erased=0.5831, recovered=0.5922 (100.0% recovery) -> PASS
  bathrooms: baseline=0.5857, erased=0.5701, recovered=0.6136 (200.0% recovery) -> PASS
  year_built: baseline=0.5857, erased=0.5786, recovered=0.5727 (0.0% recovery) -> PASS
  lot_size: baseline=0.5857, erased=0.5805, recovered=0.5753 (0.0% recovery) -> PASS

Saved selectivity to: /home/anshulk/Housing/data/mp_results/llama-3.2-3b/layer_7/selectivity.csv

============================================================
CORRECTNESS ANALYSIS
============================================================

Saved correctness analysis to: /home/anshulk/Housing/data/mp_results/llama-3.2-3b/layer_7/correctness.csv

============================================================
SUMMARY
============================================================

--- MP ---
Baseline accuracy: 0.5870
Random control drop: 0.0001

Feature verdicts:
  bedrooms:
    Probe: 0.6991236611489776
    Cosine sim: 0.9832459688186646
    Price drop: 0.0052
    Info control: PASS
    Selectivity: PASS (100.0%)
    Verdict: NOT_USED — bedrooms encoded but not used for pricing
  bathrooms:
    Probe: 0.7030185004868549
    Cosine sim: 0.9679917693138123
    Price drop: 0.0188
    Info control: PASS
    Selectivity: PASS (200.0%)
    Verdict: MINOR — bathrooms has minor causal contribution to pricing
  year_built:
    Probe: 0.5296981499513145
    Cosine sim: 0.924971342086792
    Price drop: 0.0052
    Info control: PASS
    Selectivity: PASS (0.0%)
    Verdict: NOT_USED — year_built encoded but not used for pricing
  lot_size:
    Probe: 0.5267770204479065
    Cosine sim: 0.9657264351844788
    Price drop: 0.0065
    Info control: PASS
    Selectivity: PASS (0.0%)
    Verdict: NOT_USED — lot_size encoded but not used for pricing

Saved summary to: /home/anshulk/Housing/data/mp_results/llama-3.2-3b/layer_7/summary.json

============================================================
COMPLETE in 78s (1.3 min)
============================================================

>>> Llama layer 8 / 27
============================================================
AMNESIC PROBING WITH MP
============================================================
Model: llama-3.2-3b
Layer: 8
Methods: ['mp']
Features: ['bedrooms', 'bathrooms', 'year_built', 'lot_size']
Random controls: 10
GPU: True
============================================================

============================================================
LOADING DATA
============================================================
Loading activations from: /home/anshulk/Housing/data/activations/llama-3.2-3b_2_fewshot_cot_temp0_activations.npz
Activations shape: (5130, 28, 3072)
Feature columns: ['bathrooms_p1_more' 'bedrooms_p1_more' 'year_p1_newer' 'lot_p1_larger'
 'sqft_p1_larger' 'price_p1_higher']
Loading samples from: /home/anshulk/Housing/data/amnesic_samples/selected_samples_llama-3.2-3b_2_fewshot_cot_temp0.csv
Loaded 5130 samples
Using layer 8, shape: (5130, 3072)
Output dir: /home/anshulk/Housing/data/mp_results/llama-3.2-3b/layer_8

Feature label class balance:
  bedrooms: 30.29% positive
  bathrooms: 30.18% positive
  year_built: 46.63% positive
  lot_size: 48.44% positive
Price labels: 48.03% have property 1 more expensive

============================================================
STEP 1: ERASURE + VERIFICATION
============================================================

============================================================
MP erasure for feature: bedrooms
============================================================
Samples: 5130 (train: 3590, val: 513, test: 1027)
Class balance: 30.17% positive
Pre-erasure probe accuracy: 0.699
Rank removed: 1
Post-erasure probe accuracy: 0.699 (target: ~0.50)
Cosine similarity (original vs erased): 0.9860

============================================================
MP erasure for feature: bathrooms
============================================================
Samples: 5130 (train: 3590, val: 513, test: 1027)
Class balance: 30.03% positive
Pre-erasure probe accuracy: 0.703
Rank removed: 1
Post-erasure probe accuracy: 0.703 (target: ~0.50)
Cosine similarity (original vs erased): 0.9705

============================================================
MP erasure for feature: year_built
============================================================
Samples: 5130 (train: 3590, val: 513, test: 1027)
Class balance: 46.82% positive
Pre-erasure probe accuracy: 0.542
WARNING: Low encoding (0.542). Feature may not be linearly encoded.
Rank removed: 1
Post-erasure probe accuracy: 0.532 (target: ~0.50)
Cosine similarity (original vs erased): 0.9448

============================================================
MP erasure for feature: lot_size
============================================================
Samples: 5130 (train: 3590, val: 513, test: 1027)
Class balance: 48.05% positive
Pre-erasure probe accuracy: 0.523
WARNING: Low encoding (0.523). Feature may not be linearly encoded.
Rank removed: 1
Post-erasure probe accuracy: 0.520 (target: ~0.50)
Cosine similarity (original vs erased): 0.9631

Saved erasure info to: /home/anshulk/Housing/data/mp_results/llama-3.2-3b/layer_8/erasure_info.json

============================================================
STEP 2: INFORMATION CONTROL
============================================================

--- BASELINE ---
  Baseline: acc=0.5890, auc=0.6093

--- RANDOM CONTROLS (10 runs) ---
  Random control: mean drop=0.0024 +/- 0.0013

--- MP ---
  bedrooms: acc=0.5812, drop=0.0078, random=0.0024 -> PASS
  bathrooms: acc=0.5792, drop=0.0097, random=0.0024 -> PASS
  year_built: acc=0.5851, drop=0.0039, random=0.0024 -> PASS
  lot_size: acc=0.5857, drop=0.0032, random=0.0024 -> FAIL

  ALL FEATURES:
  all_features: acc=0.5851, drop=0.0039

Saved results to: /home/anshulk/Housing/data/mp_results/llama-3.2-3b/layer_8/results.csv

============================================================
STEP 3: SELECTIVITY CONTROL
============================================================

--- SELECTIVITY CONTROL (MP) ---
  bedrooms: baseline=0.5883, erased=0.5792, recovered=0.5896 (114.3% recovery) -> PASS
  bathrooms: baseline=0.5883, erased=0.5825, recovered=0.6247 (200.0% recovery) -> PASS
  year_built: baseline=0.5883, erased=0.5844, recovered=0.5838 (100.0% recovery) -> PASS
  lot_size: baseline=0.5883, erased=0.5844, recovered=0.5844 (100.0% recovery) -> PASS

Saved selectivity to: /home/anshulk/Housing/data/mp_results/llama-3.2-3b/layer_8/selectivity.csv

============================================================
CORRECTNESS ANALYSIS
============================================================

Saved correctness analysis to: /home/anshulk/Housing/data/mp_results/llama-3.2-3b/layer_8/correctness.csv

============================================================
SUMMARY
============================================================

--- MP ---
Baseline accuracy: 0.5890
Random control drop: 0.0024

Feature verdicts:
  bedrooms:
    Probe: 0.6991236611489776
    Cosine sim: 0.9860111474990845
    Price drop: 0.0078
    Info control: PASS
    Selectivity: PASS (114.3%)
    Verdict: NOT_USED — bedrooms encoded but not used for pricing
  bathrooms:
    Probe: 0.7030185004868549
    Cosine sim: 0.9704583883285522
    Price drop: 0.0097
    Info control: PASS
    Selectivity: PASS (200.0%)
    Verdict: NOT_USED — bathrooms encoded but not used for pricing
  year_built:
    Probe: 0.5423563777994158
    Cosine sim: 0.944754421710968
    Price drop: 0.0039
    Info control: PASS
    Selectivity: PASS (100.0%)
    Verdict: NOT_USED — year_built encoded but not used for pricing
  lot_size:
    Probe: 0.5228821811100293
    Cosine sim: 0.9631478786468506
    Price drop: 0.0032
    Info control: FAIL
    Selectivity: PASS (100.0%)
    Verdict: NOT_CAUSAL — Erasure of lot_size does not hurt more than random

Saved summary to: /home/anshulk/Housing/data/mp_results/llama-3.2-3b/layer_8/summary.json

============================================================
COMPLETE in 78s (1.3 min)
============================================================

>>> Llama layer 9 / 27
============================================================
AMNESIC PROBING WITH MP
============================================================
Model: llama-3.2-3b
Layer: 9
Methods: ['mp']
Features: ['bedrooms', 'bathrooms', 'year_built', 'lot_size']
Random controls: 10
GPU: True
============================================================

============================================================
LOADING DATA
============================================================
Loading activations from: /home/anshulk/Housing/data/activations/llama-3.2-3b_2_fewshot_cot_temp0_activations.npz
Activations shape: (5130, 28, 3072)
Feature columns: ['bathrooms_p1_more' 'bedrooms_p1_more' 'year_p1_newer' 'lot_p1_larger'
 'sqft_p1_larger' 'price_p1_higher']
Loading samples from: /home/anshulk/Housing/data/amnesic_samples/selected_samples_llama-3.2-3b_2_fewshot_cot_temp0.csv
Loaded 5130 samples
Using layer 9, shape: (5130, 3072)
Output dir: /home/anshulk/Housing/data/mp_results/llama-3.2-3b/layer_9

Feature label class balance:
  bedrooms: 30.29% positive
  bathrooms: 30.18% positive
  year_built: 46.63% positive
  lot_size: 48.44% positive
Price labels: 48.03% have property 1 more expensive

============================================================
STEP 1: ERASURE + VERIFICATION
============================================================

============================================================
MP erasure for feature: bedrooms
============================================================
Samples: 5130 (train: 3590, val: 513, test: 1027)
Class balance: 30.17% positive
Pre-erasure probe accuracy: 0.699
Rank removed: 1
Post-erasure probe accuracy: 0.699 (target: ~0.50)
Cosine similarity (original vs erased): 0.9861

============================================================
MP erasure for feature: bathrooms
============================================================
Samples: 5130 (train: 3590, val: 513, test: 1027)
Class balance: 30.03% positive
Pre-erasure probe accuracy: 0.703
Rank removed: 1
Post-erasure probe accuracy: 0.703 (target: ~0.50)
Cosine similarity (original vs erased): 0.9608

============================================================
MP erasure for feature: year_built
============================================================
Samples: 5130 (train: 3590, val: 513, test: 1027)
Class balance: 46.82% positive
Pre-erasure probe accuracy: 0.549
WARNING: Low encoding (0.549). Feature may not be linearly encoded.
Rank removed: 1
Post-erasure probe accuracy: 0.532 (target: ~0.50)
Cosine similarity (original vs erased): 0.9433

============================================================
MP erasure for feature: lot_size
============================================================
Samples: 5130 (train: 3590, val: 513, test: 1027)
Class balance: 48.05% positive
Pre-erasure probe accuracy: 0.553
Rank removed: 1
Post-erasure probe accuracy: 0.520 (target: ~0.50)
Cosine similarity (original vs erased): 0.9526

Saved erasure info to: /home/anshulk/Housing/data/mp_results/llama-3.2-3b/layer_9/erasure_info.json

============================================================
STEP 2: INFORMATION CONTROL
============================================================

--- BASELINE ---
  Baseline: acc=0.5753, auc=0.6109

--- RANDOM CONTROLS (10 runs) ---
  Random control: mean drop=-0.0013 +/- 0.0011

--- MP ---
  bedrooms: acc=0.5721, drop=0.0032, random=-0.0013 -> PASS
  bathrooms: acc=0.5688, drop=0.0065, random=-0.0013 -> PASS
  year_built: acc=0.5773, drop=-0.0019, random=-0.0013 -> FAIL
  lot_size: acc=0.5825, drop=-0.0071, random=-0.0013 -> FAIL

  ALL FEATURES:
  all_features: acc=0.5734, drop=0.0019

Saved results to: /home/anshulk/Housing/data/mp_results/llama-3.2-3b/layer_9/results.csv

============================================================
STEP 3: SELECTIVITY CONTROL
============================================================

--- SELECTIVITY CONTROL (MP) ---
  bedrooms: baseline=0.5753, erased=0.5701, recovered=0.6000 (200.0% recovery) -> PASS
  bathrooms: baseline=0.5753, erased=0.5708, recovered=0.6091 (100.0% recovery) -> PASS
  year_built: baseline=0.5753, erased=0.5773, recovered=0.5857 (100.0% recovery) -> PASS
  lot_size: baseline=0.5753, erased=0.5825, recovered=0.5870 (0.0% recovery) -> PASS

Saved selectivity to: /home/anshulk/Housing/data/mp_results/llama-3.2-3b/layer_9/selectivity.csv

============================================================
CORRECTNESS ANALYSIS
============================================================

Saved correctness analysis to: /home/anshulk/Housing/data/mp_results/llama-3.2-3b/layer_9/correctness.csv

============================================================
SUMMARY
============================================================

--- MP ---
Baseline accuracy: 0.5753
Random control drop: -0.0013

Feature verdicts:
  bedrooms:
    Probe: 0.6991236611489776
    Cosine sim: 0.9860758185386658
    Price drop: 0.0032
    Info control: PASS
    Selectivity: PASS (200.0%)
    Verdict: NOT_USED — bedrooms encoded but not used for pricing
  bathrooms:
    Probe: 0.7030185004868549
    Cosine sim: 0.9608241319656372
    Price drop: 0.0065
    Info control: PASS
    Selectivity: PASS (100.0%)
    Verdict: NOT_USED — bathrooms encoded but not used for pricing
  year_built:
    Probe: 0.549172346640701
    Cosine sim: 0.9432625770568848
    Price drop: -0.0019
    Info control: FAIL
    Selectivity: PASS (100.0%)
    Verdict: NOT_CAUSAL — Erasure of year_built does not hurt more than random
  lot_size:
    Probe: 0.5530671859785784
    Cosine sim: 0.9526034593582153
    Price drop: -0.0071
    Info control: FAIL
    Selectivity: PASS (0.0%)
    Verdict: NOT_CAUSAL — Erasure of lot_size does not hurt more than random

Saved summary to: /home/anshulk/Housing/data/mp_results/llama-3.2-3b/layer_9/summary.json

============================================================
COMPLETE in 80s (1.3 min)
============================================================

>>> Llama layer 10 / 27
============================================================
AMNESIC PROBING WITH MP
============================================================
Model: llama-3.2-3b
Layer: 10
Methods: ['mp']
Features: ['bedrooms', 'bathrooms', 'year_built', 'lot_size']
Random controls: 10
GPU: True
============================================================

============================================================
LOADING DATA
============================================================
Loading activations from: /home/anshulk/Housing/data/activations/llama-3.2-3b_2_fewshot_cot_temp0_activations.npz
Activations shape: (5130, 28, 3072)
Feature columns: ['bathrooms_p1_more' 'bedrooms_p1_more' 'year_p1_newer' 'lot_p1_larger'
 'sqft_p1_larger' 'price_p1_higher']
Loading samples from: /home/anshulk/Housing/data/amnesic_samples/selected_samples_llama-3.2-3b_2_fewshot_cot_temp0.csv
Loaded 5130 samples
Using layer 10, shape: (5130, 3072)
Output dir: /home/anshulk/Housing/data/mp_results/llama-3.2-3b/layer_10

Feature label class balance:
  bedrooms: 30.29% positive
  bathrooms: 30.18% positive
  year_built: 46.63% positive
  lot_size: 48.44% positive
Price labels: 48.03% have property 1 more expensive

============================================================
STEP 1: ERASURE + VERIFICATION
============================================================

============================================================
MP erasure for feature: bedrooms
============================================================
Samples: 5130 (train: 3590, val: 513, test: 1027)
Class balance: 30.17% positive
Pre-erasure probe accuracy: 0.699
Rank removed: 1
Post-erasure probe accuracy: 0.699 (target: ~0.50)
Cosine similarity (original vs erased): 0.9863

============================================================
MP erasure for feature: bathrooms
============================================================
Samples: 5130 (train: 3590, val: 513, test: 1027)
Class balance: 30.03% positive
Pre-erasure probe accuracy: 0.703
Rank removed: 1
Post-erasure probe accuracy: 0.703 (target: ~0.50)
Cosine similarity (original vs erased): 0.9649

============================================================
MP erasure for feature: year_built
============================================================
Samples: 5130 (train: 3590, val: 513, test: 1027)
Class balance: 46.82% positive
Pre-erasure probe accuracy: 0.554
Rank removed: 1
Post-erasure probe accuracy: 0.532 (target: ~0.50)
Cosine similarity (original vs erased): 0.9346

============================================================
MP erasure for feature: lot_size
============================================================
Samples: 5130 (train: 3590, val: 513, test: 1027)
Class balance: 48.05% positive
Pre-erasure probe accuracy: 0.544
WARNING: Low encoding (0.544). Feature may not be linearly encoded.
Rank removed: 1
Post-erasure probe accuracy: 0.520 (target: ~0.50)
Cosine similarity (original vs erased): 0.9539

Saved erasure info to: /home/anshulk/Housing/data/mp_results/llama-3.2-3b/layer_10/erasure_info.json

============================================================
STEP 2: INFORMATION CONTROL
============================================================

--- BASELINE ---
  Baseline: acc=0.5916, auc=0.6133

--- RANDOM CONTROLS (10 runs) ---
  Random control: mean drop=0.0014 +/- 0.0014

--- MP ---
  bedrooms: acc=0.5805, drop=0.0110, random=0.0014 -> PASS
  bathrooms: acc=0.5773, drop=0.0143, random=0.0014 -> PASS
  year_built: acc=0.5792, drop=0.0123, random=0.0014 -> PASS
  lot_size: acc=0.5890, drop=0.0026, random=0.0014 -> FAIL

  ALL FEATURES:
  all_features: acc=0.5851, drop=0.0065

Saved results to: /home/anshulk/Housing/data/mp_results/llama-3.2-3b/layer_10/results.csv

============================================================
STEP 3: SELECTIVITY CONTROL
============================================================

--- SELECTIVITY CONTROL (MP) ---
  bedrooms: baseline=0.5903, erased=0.5799, recovered=0.5955 (150.0% recovery) -> PASS
  bathrooms: baseline=0.5903, erased=0.5786, recovered=0.6071 (200.0% recovery) -> PASS
  year_built: baseline=0.5903, erased=0.5779, recovered=0.5987 (168.4% recovery) -> PASS
  lot_size: baseline=0.5903, erased=0.5896, recovered=0.6006 (100.0% recovery) -> PASS

Saved selectivity to: /home/anshulk/Housing/data/mp_results/llama-3.2-3b/layer_10/selectivity.csv

============================================================
CORRECTNESS ANALYSIS
============================================================

Saved correctness analysis to: /home/anshulk/Housing/data/mp_results/llama-3.2-3b/layer_10/correctness.csv

============================================================
SUMMARY
============================================================

--- MP ---
Baseline accuracy: 0.5916
Random control drop: 0.0014

Feature verdicts:
  bedrooms:
    Probe: 0.6991236611489776
    Cosine sim: 0.9862562417984009
    Price drop: 0.0110
    Info control: PASS
    Selectivity: PASS (150.0%)
    Verdict: MINOR — bedrooms has minor causal contribution to pricing
  bathrooms:
    Probe: 0.7030185004868549
    Cosine sim: 0.9648811221122742
    Price drop: 0.0143
    Info control: PASS
    Selectivity: PASS (200.0%)
    Verdict: MINOR — bathrooms has minor causal contribution to pricing
  year_built:
    Probe: 0.5540408958130477
    Cosine sim: 0.9346075057983398
    Price drop: 0.0123
    Info control: PASS
    Selectivity: PASS (168.4%)
    Verdict: MINOR — year_built has minor causal contribution to pricing
  lot_size:
    Probe: 0.5443037974683544
    Cosine sim: 0.9539386034011841
    Price drop: 0.0026
    Info control: FAIL
    Selectivity: PASS (100.0%)
    Verdict: NOT_CAUSAL — Erasure of lot_size does not hurt more than random

Saved summary to: /home/anshulk/Housing/data/mp_results/llama-3.2-3b/layer_10/summary.json

============================================================
COMPLETE in 79s (1.3 min)
============================================================

>>> Llama layer 11 / 27
============================================================
AMNESIC PROBING WITH MP
============================================================
Model: llama-3.2-3b
Layer: 11
Methods: ['mp']
Features: ['bedrooms', 'bathrooms', 'year_built', 'lot_size']
Random controls: 10
GPU: True
============================================================

============================================================
LOADING DATA
============================================================
Loading activations from: /home/anshulk/Housing/data/activations/llama-3.2-3b_2_fewshot_cot_temp0_activations.npz
Activations shape: (5130, 28, 3072)
Feature columns: ['bathrooms_p1_more' 'bedrooms_p1_more' 'year_p1_newer' 'lot_p1_larger'
 'sqft_p1_larger' 'price_p1_higher']
Loading samples from: /home/anshulk/Housing/data/amnesic_samples/selected_samples_llama-3.2-3b_2_fewshot_cot_temp0.csv
Loaded 5130 samples
Using layer 11, shape: (5130, 3072)
Output dir: /home/anshulk/Housing/data/mp_results/llama-3.2-3b/layer_11

Feature label class balance:
  bedrooms: 30.29% positive
  bathrooms: 30.18% positive
  year_built: 46.63% positive
  lot_size: 48.44% positive
Price labels: 48.03% have property 1 more expensive

============================================================
STEP 1: ERASURE + VERIFICATION
============================================================

============================================================
MP erasure for feature: bedrooms
============================================================
Samples: 5130 (train: 3590, val: 513, test: 1027)
Class balance: 30.17% positive
Pre-erasure probe accuracy: 0.699
Rank removed: 1
Post-erasure probe accuracy: 0.699 (target: ~0.50)
Cosine similarity (original vs erased): 0.9851

============================================================
MP erasure for feature: bathrooms
============================================================
Samples: 5130 (train: 3590, val: 513, test: 1027)
Class balance: 30.03% positive
Pre-erasure probe accuracy: 0.703
Rank removed: 1
Post-erasure probe accuracy: 0.703 (target: ~0.50)
Cosine similarity (original vs erased): 0.9618

============================================================
MP erasure for feature: year_built
============================================================
Samples: 5130 (train: 3590, val: 513, test: 1027)
Class balance: 46.82% positive
Pre-erasure probe accuracy: 0.591
Rank removed: 1
Post-erasure probe accuracy: 0.532 (target: ~0.50)
Cosine similarity (original vs erased): 0.9216

============================================================
MP erasure for feature: lot_size
============================================================
Samples: 5130 (train: 3590, val: 513, test: 1027)
Class balance: 48.05% positive
Pre-erasure probe accuracy: 0.562
Rank removed: 1
Post-erasure probe accuracy: 0.520 (target: ~0.50)
Cosine similarity (original vs erased): 0.9539

Saved erasure info to: /home/anshulk/Housing/data/mp_results/llama-3.2-3b/layer_11/erasure_info.json

============================================================
STEP 2: INFORMATION CONTROL
============================================================

--- BASELINE ---
  Baseline: acc=0.6032, auc=0.6366

--- RANDOM CONTROLS (10 runs) ---
  Random control: mean drop=0.0003 +/- 0.0020

--- MP ---
  bedrooms: acc=0.5961, drop=0.0071, random=0.0003 -> PASS
  bathrooms: acc=0.5708, drop=0.0325, random=0.0003 -> PASS
  year_built: acc=0.6058, drop=-0.0026, random=0.0003 -> FAIL
  lot_size: acc=0.5994, drop=0.0039, random=0.0003 -> PASS

  ALL FEATURES:
  all_features: acc=0.5981, drop=0.0052

Saved results to: /home/anshulk/Housing/data/mp_results/llama-3.2-3b/layer_11/results.csv

============================================================
STEP 3: SELECTIVITY CONTROL
============================================================

--- SELECTIVITY CONTROL (MP) ---
  bedrooms: baseline=0.6058, erased=0.5961, recovered=0.6026 (66.7% recovery) -> PASS
  bathrooms: baseline=0.6058, erased=0.5721, recovered=0.6221 (148.1% recovery) -> PASS
  year_built: baseline=0.6058, erased=0.6052, recovered=0.6104 (100.0% recovery) -> PASS
  lot_size: baseline=0.6058, erased=0.6000, recovered=0.6039 (66.7% recovery) -> PASS

Saved selectivity to: /home/anshulk/Housing/data/mp_results/llama-3.2-3b/layer_11/selectivity.csv

============================================================
CORRECTNESS ANALYSIS
============================================================

Saved correctness analysis to: /home/anshulk/Housing/data/mp_results/llama-3.2-3b/layer_11/correctness.csv

============================================================
SUMMARY
============================================================

--- MP ---
Baseline accuracy: 0.6032
Random control drop: 0.0003

Feature verdicts:
  bedrooms:
    Probe: 0.6991236611489776
    Cosine sim: 0.9851287007331848
    Price drop: 0.0071
    Info control: PASS
    Selectivity: PASS (66.7%)
    Verdict: NOT_USED — bedrooms encoded but not used for pricing
  bathrooms:
    Probe: 0.7030185004868549
    Cosine sim: 0.9617598652839661
    Price drop: 0.0325
    Info control: PASS
    Selectivity: PASS (148.1%)
    Verdict: SIGNIFICANT — bathrooms has significant causal contribution to pricing
  year_built:
    Probe: 0.5910418695228822
    Cosine sim: 0.9215759634971619
    Price drop: -0.0026
    Info control: FAIL
    Selectivity: PASS (100.0%)
    Verdict: NOT_CAUSAL — Erasure of year_built does not hurt more than random
  lot_size:
    Probe: 0.5618305744888024
    Cosine sim: 0.9538578987121582
    Price drop: 0.0039
    Info control: PASS
    Selectivity: PASS (66.7%)
    Verdict: NOT_USED — lot_size encoded but not used for pricing

Saved summary to: /home/anshulk/Housing/data/mp_results/llama-3.2-3b/layer_11/summary.json

============================================================
COMPLETE in 79s (1.3 min)
============================================================

>>> Llama layer 12 / 27
============================================================
AMNESIC PROBING WITH MP
============================================================
Model: llama-3.2-3b
Layer: 12
Methods: ['mp']
Features: ['bedrooms', 'bathrooms', 'year_built', 'lot_size']
Random controls: 10
GPU: True
============================================================

============================================================
LOADING DATA
============================================================
Loading activations from: /home/anshulk/Housing/data/activations/llama-3.2-3b_2_fewshot_cot_temp0_activations.npz
Activations shape: (5130, 28, 3072)
Feature columns: ['bathrooms_p1_more' 'bedrooms_p1_more' 'year_p1_newer' 'lot_p1_larger'
 'sqft_p1_larger' 'price_p1_higher']
Loading samples from: /home/anshulk/Housing/data/amnesic_samples/selected_samples_llama-3.2-3b_2_fewshot_cot_temp0.csv
Loaded 5130 samples
Using layer 12, shape: (5130, 3072)
Output dir: /home/anshulk/Housing/data/mp_results/llama-3.2-3b/layer_12

Feature label class balance:
  bedrooms: 30.29% positive
  bathrooms: 30.18% positive
  year_built: 46.63% positive
  lot_size: 48.44% positive
Price labels: 48.03% have property 1 more expensive

============================================================
STEP 1: ERASURE + VERIFICATION
============================================================

============================================================
MP erasure for feature: bedrooms
============================================================
Samples: 5130 (train: 3590, val: 513, test: 1027)
Class balance: 30.17% positive
Pre-erasure probe accuracy: 0.701
Rank removed: 1
Post-erasure probe accuracy: 0.699 (target: ~0.50)
Cosine similarity (original vs erased): 0.9866

============================================================
MP erasure for feature: bathrooms
============================================================
Samples: 5130 (train: 3590, val: 513, test: 1027)
Class balance: 30.03% positive
Pre-erasure probe accuracy: 0.703
Rank removed: 1
Post-erasure probe accuracy: 0.703 (target: ~0.50)
Cosine similarity (original vs erased): 0.9616

============================================================
MP erasure for feature: year_built
============================================================
Samples: 5130 (train: 3590, val: 513, test: 1027)
Class balance: 46.82% positive
Pre-erasure probe accuracy: 0.628
Rank removed: 1
Post-erasure probe accuracy: 0.532 (target: ~0.50)
Cosine similarity (original vs erased): 0.9230

============================================================
MP erasure for feature: lot_size
============================================================
Samples: 5130 (train: 3590, val: 513, test: 1027)
Class balance: 48.05% positive
Pre-erasure probe accuracy: 0.580
Rank removed: 1
Post-erasure probe accuracy: 0.520 (target: ~0.50)
Cosine similarity (original vs erased): 0.9536

Saved erasure info to: /home/anshulk/Housing/data/mp_results/llama-3.2-3b/layer_12/erasure_info.json

============================================================
STEP 2: INFORMATION CONTROL
============================================================

--- BASELINE ---
  Baseline: acc=0.6123, auc=0.6478

--- RANDOM CONTROLS (10 runs) ---
  Random control: mean drop=-0.0010 +/- 0.0010

--- MP ---
  bedrooms: acc=0.6052, drop=0.0071, random=-0.0010 -> PASS
  bathrooms: acc=0.5831, drop=0.0292, random=-0.0010 -> PASS
  year_built: acc=0.6006, drop=0.0117, random=-0.0010 -> PASS
  lot_size: acc=0.6091, drop=0.0032, random=-0.0010 -> PASS

  ALL FEATURES:
  all_features: acc=0.6006, drop=0.0117

Saved results to: /home/anshulk/Housing/data/mp_results/llama-3.2-3b/layer_12/results.csv

============================================================
STEP 3: SELECTIVITY CONTROL
============================================================

--- SELECTIVITY CONTROL (MP) ---
  bedrooms: baseline=0.6149, erased=0.6039, recovered=0.6104 (58.8% recovery) -> PASS
  bathrooms: baseline=0.6149, erased=0.5838, recovered=0.6195 (114.6% recovery) -> PASS
  year_built: baseline=0.6149, erased=0.6013, recovered=0.6156 (104.8% recovery) -> PASS
  lot_size: baseline=0.6149, erased=0.6091, recovered=0.6182 (155.6% recovery) -> PASS

Saved selectivity to: /home/anshulk/Housing/data/mp_results/llama-3.2-3b/layer_12/selectivity.csv

============================================================
CORRECTNESS ANALYSIS
============================================================

Saved correctness analysis to: /home/anshulk/Housing/data/mp_results/llama-3.2-3b/layer_12/correctness.csv

============================================================
SUMMARY
============================================================

--- MP ---
Baseline accuracy: 0.6123
Random control drop: -0.0010

Feature verdicts:
  bedrooms:
    Probe: 0.7010710808179162
    Cosine sim: 0.9866257905960083
    Price drop: 0.0071
    Info control: PASS
    Selectivity: PASS (58.8%)
    Verdict: NOT_USED — bedrooms encoded but not used for pricing
  bathrooms:
    Probe: 0.7030185004868549
    Cosine sim: 0.9616050124168396
    Price drop: 0.0292
    Info control: PASS
    Selectivity: PASS (114.6%)
    Verdict: MINOR — bathrooms has minor causal contribution to pricing
  year_built:
    Probe: 0.6280428432327166
    Cosine sim: 0.9230349063873291
    Price drop: 0.0117
    Info control: PASS
    Selectivity: PASS (104.8%)
    Verdict: MINOR — year_built has minor causal contribution to pricing
  lot_size:
    Probe: 0.5803310613437196
    Cosine sim: 0.9536288380622864
    Price drop: 0.0032
    Info control: PASS
    Selectivity: PASS (155.6%)
    Verdict: NOT_USED — lot_size encoded but not used for pricing

Saved summary to: /home/anshulk/Housing/data/mp_results/llama-3.2-3b/layer_12/summary.json

============================================================
COMPLETE in 81s (1.3 min)
============================================================

>>> Llama layer 13 / 27
============================================================
AMNESIC PROBING WITH MP
============================================================
Model: llama-3.2-3b
Layer: 13
Methods: ['mp']
Features: ['bedrooms', 'bathrooms', 'year_built', 'lot_size']
Random controls: 10
GPU: True
============================================================

============================================================
LOADING DATA
============================================================
Loading activations from: /home/anshulk/Housing/data/activations/llama-3.2-3b_2_fewshot_cot_temp0_activations.npz
Activations shape: (5130, 28, 3072)
Feature columns: ['bathrooms_p1_more' 'bedrooms_p1_more' 'year_p1_newer' 'lot_p1_larger'
 'sqft_p1_larger' 'price_p1_higher']
Loading samples from: /home/anshulk/Housing/data/amnesic_samples/selected_samples_llama-3.2-3b_2_fewshot_cot_temp0.csv
Loaded 5130 samples
Using layer 13, shape: (5130, 3072)
Output dir: /home/anshulk/Housing/data/mp_results/llama-3.2-3b/layer_13

Feature label class balance:
  bedrooms: 30.29% positive
  bathrooms: 30.18% positive
  year_built: 46.63% positive
  lot_size: 48.44% positive
Price labels: 48.03% have property 1 more expensive

============================================================
STEP 1: ERASURE + VERIFICATION
============================================================

============================================================
MP erasure for feature: bedrooms
============================================================
Samples: 5130 (train: 3590, val: 513, test: 1027)
Class balance: 30.17% positive
Pre-erasure probe accuracy: 0.700
Rank removed: 1
Post-erasure probe accuracy: 0.699 (target: ~0.50)
Cosine similarity (original vs erased): 0.9878

============================================================
MP erasure for feature: bathrooms
============================================================
Samples: 5130 (train: 3590, val: 513, test: 1027)
Class balance: 30.03% positive
Pre-erasure probe accuracy: 0.703
Rank removed: 1
Post-erasure probe accuracy: 0.703 (target: ~0.50)
Cosine similarity (original vs erased): 0.9734

============================================================
MP erasure for feature: year_built
============================================================
Samples: 5130 (train: 3590, val: 513, test: 1027)
Class balance: 46.82% positive
Pre-erasure probe accuracy: 0.658
Rank removed: 1
Post-erasure probe accuracy: 0.532 (target: ~0.50)
Cosine similarity (original vs erased): 0.9356

============================================================
MP erasure for feature: lot_size
============================================================
Samples: 5130 (train: 3590, val: 513, test: 1027)
Class balance: 48.05% positive
Pre-erasure probe accuracy: 0.591
Rank removed: 1
Post-erasure probe accuracy: 0.520 (target: ~0.50)
Cosine similarity (original vs erased): 0.9609

Saved erasure info to: /home/anshulk/Housing/data/mp_results/llama-3.2-3b/layer_13/erasure_info.json

============================================================
STEP 2: INFORMATION CONTROL
============================================================

--- BASELINE ---
  Baseline: acc=0.6143, auc=0.6523

--- RANDOM CONTROLS (10 runs) ---
  Random control: mean drop=-0.0003 +/- 0.0010

--- MP ---
  bedrooms: acc=0.6104, drop=0.0039, random=-0.0003 -> PASS
  bathrooms: acc=0.5857, drop=0.0286, random=-0.0003 -> PASS
  year_built: acc=0.6110, drop=0.0032, random=-0.0003 -> PASS
  lot_size: acc=0.6123, drop=0.0019, random=-0.0003 -> PASS

  ALL FEATURES:
  all_features: acc=0.6143, drop=0.0000

Saved results to: /home/anshulk/Housing/data/mp_results/llama-3.2-3b/layer_13/results.csv

============================================================
STEP 3: SELECTIVITY CONTROL
============================================================

--- SELECTIVITY CONTROL (MP) ---
  bedrooms: baseline=0.6136, erased=0.6123, recovered=0.6117 (100.0% recovery) -> PASS
  bathrooms: baseline=0.6136, erased=0.5883, recovered=0.6221 (133.3% recovery) -> PASS
  year_built: baseline=0.6136, erased=0.6097, recovered=0.6078 (100.0% recovery) -> PASS
  lot_size: baseline=0.6136, erased=0.6123, recovered=0.6091 (100.0% recovery) -> PASS

Saved selectivity to: /home/anshulk/Housing/data/mp_results/llama-3.2-3b/layer_13/selectivity.csv

============================================================
CORRECTNESS ANALYSIS
============================================================

Saved correctness analysis to: /home/anshulk/Housing/data/mp_results/llama-3.2-3b/layer_13/correctness.csv

============================================================
SUMMARY
============================================================

--- MP ---
Baseline accuracy: 0.6143
Random control drop: -0.0003

Feature verdicts:
  bedrooms:
    Probe: 0.7000973709834469
    Cosine sim: 0.987800121307373
    Price drop: 0.0039
    Info control: PASS
    Selectivity: PASS (100.0%)
    Verdict: NOT_USED — bedrooms encoded but not used for pricing
  bathrooms:
    Probe: 0.7030185004868549
    Cosine sim: 0.9734210968017578
    Price drop: 0.0286
    Info control: PASS
    Selectivity: PASS (133.3%)
    Verdict: MINOR — bathrooms has minor causal contribution to pricing
  year_built:
    Probe: 0.6582278481012658
    Cosine sim: 0.935573399066925
    Price drop: 0.0032
    Info control: PASS
    Selectivity: PASS (100.0%)
    Verdict: NOT_USED — year_built encoded but not used for pricing
  lot_size:
    Probe: 0.5910418695228822
    Cosine sim: 0.9609485268592834
    Price drop: 0.0019
    Info control: PASS
    Selectivity: PASS (100.0%)
    Verdict: NOT_USED — lot_size encoded but not used for pricing

Saved summary to: /home/anshulk/Housing/data/mp_results/llama-3.2-3b/layer_13/summary.json

============================================================
COMPLETE in 80s (1.3 min)
============================================================

>>> Llama layer 14 / 27
============================================================
AMNESIC PROBING WITH MP
============================================================
Model: llama-3.2-3b
Layer: 14
Methods: ['mp']
Features: ['bedrooms', 'bathrooms', 'year_built', 'lot_size']
Random controls: 10
GPU: True
============================================================

============================================================
LOADING DATA
============================================================
Loading activations from: /home/anshulk/Housing/data/activations/llama-3.2-3b_2_fewshot_cot_temp0_activations.npz
Activations shape: (5130, 28, 3072)
Feature columns: ['bathrooms_p1_more' 'bedrooms_p1_more' 'year_p1_newer' 'lot_p1_larger'
 'sqft_p1_larger' 'price_p1_higher']
Loading samples from: /home/anshulk/Housing/data/amnesic_samples/selected_samples_llama-3.2-3b_2_fewshot_cot_temp0.csv
Loaded 5130 samples
Using layer 14, shape: (5130, 3072)
Output dir: /home/anshulk/Housing/data/mp_results/llama-3.2-3b/layer_14

Feature label class balance:
  bedrooms: 30.29% positive
  bathrooms: 30.18% positive
  year_built: 46.63% positive
  lot_size: 48.44% positive
Price labels: 48.03% have property 1 more expensive

============================================================
STEP 1: ERASURE + VERIFICATION
============================================================

============================================================
MP erasure for feature: bedrooms
============================================================
Samples: 5130 (train: 3590, val: 513, test: 1027)
Class balance: 30.17% positive
Pre-erasure probe accuracy: 0.700
Rank removed: 1
Post-erasure probe accuracy: 0.699 (target: ~0.50)
Cosine similarity (original vs erased): 0.9808

============================================================
MP erasure for feature: bathrooms
============================================================
Samples: 5130 (train: 3590, val: 513, test: 1027)
Class balance: 30.03% positive
Pre-erasure probe accuracy: 0.703
Rank removed: 1
Post-erasure probe accuracy: 0.703 (target: ~0.50)
Cosine similarity (original vs erased): 0.9792

============================================================
MP erasure for feature: year_built
============================================================
Samples: 5130 (train: 3590, val: 513, test: 1027)
Class balance: 46.82% positive
Pre-erasure probe accuracy: 0.658
Rank removed: 1
Post-erasure probe accuracy: 0.532 (target: ~0.50)
Cosine similarity (original vs erased): 0.9393

============================================================
MP erasure for feature: lot_size
============================================================
Samples: 5130 (train: 3590, val: 513, test: 1027)
Class balance: 48.05% positive
Pre-erasure probe accuracy: 0.611
Rank removed: 1
Post-erasure probe accuracy: 0.520 (target: ~0.50)
Cosine similarity (original vs erased): 0.9689

Saved erasure info to: /home/anshulk/Housing/data/mp_results/llama-3.2-3b/layer_14/erasure_info.json

============================================================
STEP 2: INFORMATION CONTROL
============================================================

--- BASELINE ---
  Baseline: acc=0.6188, auc=0.6508

--- RANDOM CONTROLS (10 runs) ---
  Random control: mean drop=-0.0003 +/- 0.0007

--- MP ---
  bedrooms: acc=0.6104, drop=0.0084, random=-0.0003 -> PASS
  bathrooms: acc=0.5818, drop=0.0370, random=-0.0003 -> PASS
  year_built: acc=0.6091, drop=0.0097, random=-0.0003 -> PASS
  lot_size: acc=0.6130, drop=0.0058, random=-0.0003 -> PASS

  ALL FEATURES:
  all_features: acc=0.6104, drop=0.0084

Saved results to: /home/anshulk/Housing/data/mp_results/llama-3.2-3b/layer_14/results.csv

============================================================
STEP 3: SELECTIVITY CONTROL
============================================================

--- SELECTIVITY CONTROL (MP) ---
  bedrooms: baseline=0.6188, erased=0.6078, recovered=0.6208 (117.6% recovery) -> PASS
  bathrooms: baseline=0.6188, erased=0.5825, recovered=0.6182 (98.2% recovery) -> PASS
  year_built: baseline=0.6188, erased=0.6091, recovered=0.6221 (133.3% recovery) -> PASS
  lot_size: baseline=0.6188, erased=0.6130, recovered=0.6247 (200.0% recovery) -> PASS

Saved selectivity to: /home/anshulk/Housing/data/mp_results/llama-3.2-3b/layer_14/selectivity.csv

============================================================
CORRECTNESS ANALYSIS
============================================================

Saved correctness analysis to: /home/anshulk/Housing/data/mp_results/llama-3.2-3b/layer_14/correctness.csv

============================================================
SUMMARY
============================================================

--- MP ---
Baseline accuracy: 0.6188
Random control drop: -0.0003

Feature verdicts:
  bedrooms:
    Probe: 0.7000973709834469
    Cosine sim: 0.9807654023170471
    Price drop: 0.0084
    Info control: PASS
    Selectivity: PASS (117.6%)
    Verdict: NOT_USED — bedrooms encoded but not used for pricing
  bathrooms:
    Probe: 0.7030185004868549
    Cosine sim: 0.9792360663414001
    Price drop: 0.0370
    Info control: PASS
    Selectivity: PASS (98.2%)
    Verdict: SIGNIFICANT — bathrooms has significant causal contribution to pricing
  year_built:
    Probe: 0.6582278481012658
    Cosine sim: 0.9393336772918701
    Price drop: 0.0097
    Info control: PASS
    Selectivity: PASS (133.3%)
    Verdict: NOT_USED — year_built encoded but not used for pricing
  lot_size:
    Probe: 0.6105160662122687
    Cosine sim: 0.9688902497291565
    Price drop: 0.0058
    Info control: PASS
    Selectivity: PASS (200.0%)
    Verdict: NOT_USED — lot_size encoded but not used for pricing

Saved summary to: /home/anshulk/Housing/data/mp_results/llama-3.2-3b/layer_14/summary.json

============================================================
COMPLETE in 79s (1.3 min)
============================================================

>>> Llama layer 15 / 27
============================================================
AMNESIC PROBING WITH MP
============================================================
Model: llama-3.2-3b
Layer: 15
Methods: ['mp']
Features: ['bedrooms', 'bathrooms', 'year_built', 'lot_size']
Random controls: 10
GPU: True
============================================================

============================================================
LOADING DATA
============================================================
Loading activations from: /home/anshulk/Housing/data/activations/llama-3.2-3b_2_fewshot_cot_temp0_activations.npz
Activations shape: (5130, 28, 3072)
Feature columns: ['bathrooms_p1_more' 'bedrooms_p1_more' 'year_p1_newer' 'lot_p1_larger'
 'sqft_p1_larger' 'price_p1_higher']
Loading samples from: /home/anshulk/Housing/data/amnesic_samples/selected_samples_llama-3.2-3b_2_fewshot_cot_temp0.csv
Loaded 5130 samples
Using layer 15, shape: (5130, 3072)
Output dir: /home/anshulk/Housing/data/mp_results/llama-3.2-3b/layer_15

Feature label class balance:
  bedrooms: 30.29% positive
  bathrooms: 30.18% positive
  year_built: 46.63% positive
  lot_size: 48.44% positive
Price labels: 48.03% have property 1 more expensive

============================================================
STEP 1: ERASURE + VERIFICATION
============================================================

============================================================
MP erasure for feature: bedrooms
============================================================
Samples: 5130 (train: 3590, val: 513, test: 1027)
Class balance: 30.17% positive
Pre-erasure probe accuracy: 0.704
Rank removed: 1
Post-erasure probe accuracy: 0.699 (target: ~0.50)
Cosine similarity (original vs erased): 0.9819

============================================================
MP erasure for feature: bathrooms
============================================================
Samples: 5130 (train: 3590, val: 513, test: 1027)
Class balance: 30.03% positive
Pre-erasure probe accuracy: 0.704
Rank removed: 1
Post-erasure probe accuracy: 0.703 (target: ~0.50)
Cosine similarity (original vs erased): 0.9811

============================================================
MP erasure for feature: year_built
============================================================
Samples: 5130 (train: 3590, val: 513, test: 1027)
Class balance: 46.82% positive
Pre-erasure probe accuracy: 0.710
Rank removed: 1
Post-erasure probe accuracy: 0.532 (target: ~0.50)
Cosine similarity (original vs erased): 0.9452

============================================================
MP erasure for feature: lot_size
============================================================
Samples: 5130 (train: 3590, val: 513, test: 1027)
Class balance: 48.05% positive
Pre-erasure probe accuracy: 0.634
Rank removed: 1
Post-erasure probe accuracy: 0.520 (target: ~0.50)
Cosine similarity (original vs erased): 0.9678

Saved erasure info to: /home/anshulk/Housing/data/mp_results/llama-3.2-3b/layer_15/erasure_info.json

============================================================
STEP 2: INFORMATION CONTROL
============================================================

--- BASELINE ---
  Baseline: acc=0.6123, auc=0.6402

--- RANDOM CONTROLS (10 runs) ---
  Random control: mean drop=-0.0003 +/- 0.0016

--- MP ---
  bedrooms: acc=0.6019, drop=0.0104, random=-0.0003 -> PASS
  bathrooms: acc=0.5818, drop=0.0305, random=-0.0003 -> PASS
  year_built: acc=0.5916, drop=0.0208, random=-0.0003 -> PASS
  lot_size: acc=0.6039, drop=0.0084, random=-0.0003 -> PASS

  ALL FEATURES:
  all_features: acc=0.6019, drop=0.0104

Saved results to: /home/anshulk/Housing/data/mp_results/llama-3.2-3b/layer_15/results.csv

============================================================
STEP 3: SELECTIVITY CONTROL
============================================================

--- SELECTIVITY CONTROL (MP) ---
  bedrooms: baseline=0.6156, erased=0.6006, recovered=0.6039 (21.7% recovery) -> PASS
[W] [20:54:28.988141] L-BFGS stopped, because the line search failed to advance (step delta = 0.000000)
  bathrooms: baseline=0.6156, erased=0.5805, recovered=0.6162 (101.9% recovery) -> PASS
  year_built: baseline=0.6156, erased=0.5916, recovered=0.6136 (91.9% recovery) -> PASS
  lot_size: baseline=0.6156, erased=0.6039, recovered=0.6156 (100.0% recovery) -> PASS

Saved selectivity to: /home/anshulk/Housing/data/mp_results/llama-3.2-3b/layer_15/selectivity.csv

============================================================
CORRECTNESS ANALYSIS
============================================================

Saved correctness analysis to: /home/anshulk/Housing/data/mp_results/llama-3.2-3b/layer_15/correctness.csv

============================================================
SUMMARY
============================================================

--- MP ---
Baseline accuracy: 0.6123
Random control drop: -0.0003

Feature verdicts:
  bedrooms:
    Probe: 0.7039922103213242
    Cosine sim: 0.9818933606147766
    Price drop: 0.0104
    Info control: PASS
    Selectivity: PASS (21.7%)
    Verdict: MINOR — bedrooms has minor causal contribution to pricing
  bathrooms:
    Probe: 0.7039922103213242
    Cosine sim: 0.9810749292373657
    Price drop: 0.0305
    Info control: PASS
    Selectivity: PASS (101.9%)
    Verdict: SIGNIFICANT — bathrooms has significant causal contribution to pricing
  year_built:
    Probe: 0.7098344693281402
    Cosine sim: 0.9452263712882996
    Price drop: 0.0208
    Info control: PASS
    Selectivity: PASS (91.9%)
    Verdict: MINOR — year_built has minor causal contribution to pricing
  lot_size:
    Probe: 0.6338851022395326
    Cosine sim: 0.9678162336349487
    Price drop: 0.0084
    Info control: PASS
    Selectivity: PASS (100.0%)
    Verdict: NOT_USED — lot_size encoded but not used for pricing

Saved summary to: /home/anshulk/Housing/data/mp_results/llama-3.2-3b/layer_15/summary.json

============================================================
COMPLETE in 79s (1.3 min)
============================================================

>>> Llama layer 16 / 27
============================================================
AMNESIC PROBING WITH MP
============================================================
Model: llama-3.2-3b
Layer: 16
Methods: ['mp']
Features: ['bedrooms', 'bathrooms', 'year_built', 'lot_size']
Random controls: 10
GPU: True
============================================================

============================================================
LOADING DATA
============================================================
Loading activations from: /home/anshulk/Housing/data/activations/llama-3.2-3b_2_fewshot_cot_temp0_activations.npz
Activations shape: (5130, 28, 3072)
Feature columns: ['bathrooms_p1_more' 'bedrooms_p1_more' 'year_p1_newer' 'lot_p1_larger'
 'sqft_p1_larger' 'price_p1_higher']
Loading samples from: /home/anshulk/Housing/data/amnesic_samples/selected_samples_llama-3.2-3b_2_fewshot_cot_temp0.csv
Loaded 5130 samples
Using layer 16, shape: (5130, 3072)
Output dir: /home/anshulk/Housing/data/mp_results/llama-3.2-3b/layer_16

Feature label class balance:
  bedrooms: 30.29% positive
  bathrooms: 30.18% positive
  year_built: 46.63% positive
  lot_size: 48.44% positive
Price labels: 48.03% have property 1 more expensive

============================================================
STEP 1: ERASURE + VERIFICATION
============================================================

============================================================
MP erasure for feature: bedrooms
============================================================
Samples: 5130 (train: 3590, val: 513, test: 1027)
Class balance: 30.17% positive
Pre-erasure probe accuracy: 0.709
Rank removed: 1
Post-erasure probe accuracy: 0.699 (target: ~0.50)
Cosine similarity (original vs erased): 0.9835

============================================================
MP erasure for feature: bathrooms
============================================================
Samples: 5130 (train: 3590, val: 513, test: 1027)
Class balance: 30.03% positive
Pre-erasure probe accuracy: 0.703
Rank removed: 1
Post-erasure probe accuracy: 0.703 (target: ~0.50)
Cosine similarity (original vs erased): 0.9806

============================================================
MP erasure for feature: year_built
============================================================
Samples: 5130 (train: 3590, val: 513, test: 1027)
Class balance: 46.82% positive
Pre-erasure probe accuracy: 0.707
Rank removed: 1
Post-erasure probe accuracy: 0.532 (target: ~0.50)
Cosine similarity (original vs erased): 0.9545

============================================================
MP erasure for feature: lot_size
============================================================
Samples: 5130 (train: 3590, val: 513, test: 1027)
Class balance: 48.05% positive
Pre-erasure probe accuracy: 0.640
Rank removed: 1
Post-erasure probe accuracy: 0.520 (target: ~0.50)
Cosine similarity (original vs erased): 0.9674

Saved erasure info to: /home/anshulk/Housing/data/mp_results/llama-3.2-3b/layer_16/erasure_info.json

============================================================
STEP 2: INFORMATION CONTROL
============================================================

--- BASELINE ---
  Baseline: acc=0.6097, auc=0.6400

--- RANDOM CONTROLS (10 runs) ---
  Random control: mean drop=0.0005 +/- 0.0011

--- MP ---
  bedrooms: acc=0.5870, drop=0.0227, random=0.0005 -> PASS
  bathrooms: acc=0.5766, drop=0.0331, random=0.0005 -> PASS
  year_built: acc=0.5955, drop=0.0143, random=0.0005 -> PASS
  lot_size: acc=0.6013, drop=0.0084, random=0.0005 -> PASS

  ALL FEATURES:
  all_features: acc=0.5883, drop=0.0214

Saved results to: /home/anshulk/Housing/data/mp_results/llama-3.2-3b/layer_16/results.csv

============================================================
STEP 3: SELECTIVITY CONTROL
============================================================

--- SELECTIVITY CONTROL (MP) ---
  bedrooms: baseline=0.6097, erased=0.5916, recovered=0.6013 (53.6% recovery) -> PASS
  bathrooms: baseline=0.6097, erased=0.5773, recovered=0.6104 (102.0% recovery) -> PASS
  year_built: baseline=0.6097, erased=0.5935, recovered=0.6110 (108.0% recovery) -> PASS
  lot_size: baseline=0.6097, erased=0.6000, recovered=0.6091 (93.3% recovery) -> PASS

Saved selectivity to: /home/anshulk/Housing/data/mp_results/llama-3.2-3b/layer_16/selectivity.csv

============================================================
CORRECTNESS ANALYSIS
============================================================

Saved correctness analysis to: /home/anshulk/Housing/data/mp_results/llama-3.2-3b/layer_16/correctness.csv

============================================================
SUMMARY
============================================================

--- MP ---
Baseline accuracy: 0.6097
Random control drop: 0.0005

Feature verdicts:
  bedrooms:
    Probe: 0.7088607594936709
    Cosine sim: 0.983500063419342
    Price drop: 0.0227
    Info control: PASS
    Selectivity: PASS (53.6%)
    Verdict: MINOR — bedrooms has minor causal contribution to pricing
  bathrooms:
    Probe: 0.7030185004868549
    Cosine sim: 0.9805627465248108
    Price drop: 0.0331
    Info control: PASS
    Selectivity: PASS (102.0%)
    Verdict: SIGNIFICANT — bathrooms has significant causal contribution to pricing
  year_built:
    Probe: 0.7069133398247323
    Cosine sim: 0.9544742107391357
    Price drop: 0.0143
    Info control: PASS
    Selectivity: PASS (108.0%)
    Verdict: MINOR — year_built has minor causal contribution to pricing
  lot_size:
    Probe: 0.6397273612463485
    Cosine sim: 0.9673666954040527
    Price drop: 0.0084
    Info control: PASS
    Selectivity: PASS (93.3%)
    Verdict: NOT_USED — lot_size encoded but not used for pricing

Saved summary to: /home/anshulk/Housing/data/mp_results/llama-3.2-3b/layer_16/summary.json

============================================================
COMPLETE in 80s (1.3 min)
============================================================

>>> Llama layer 17 / 27
============================================================
AMNESIC PROBING WITH MP
============================================================
Model: llama-3.2-3b
Layer: 17
Methods: ['mp']
Features: ['bedrooms', 'bathrooms', 'year_built', 'lot_size']
Random controls: 10
GPU: True
============================================================

============================================================
LOADING DATA
============================================================
Loading activations from: /home/anshulk/Housing/data/activations/llama-3.2-3b_2_fewshot_cot_temp0_activations.npz
Activations shape: (5130, 28, 3072)
Feature columns: ['bathrooms_p1_more' 'bedrooms_p1_more' 'year_p1_newer' 'lot_p1_larger'
 'sqft_p1_larger' 'price_p1_higher']
Loading samples from: /home/anshulk/Housing/data/amnesic_samples/selected_samples_llama-3.2-3b_2_fewshot_cot_temp0.csv
Loaded 5130 samples
Using layer 17, shape: (5130, 3072)
Output dir: /home/anshulk/Housing/data/mp_results/llama-3.2-3b/layer_17

Feature label class balance:
  bedrooms: 30.29% positive
  bathrooms: 30.18% positive
  year_built: 46.63% positive
  lot_size: 48.44% positive
Price labels: 48.03% have property 1 more expensive

============================================================
STEP 1: ERASURE + VERIFICATION
============================================================

============================================================
MP erasure for feature: bedrooms
============================================================
Samples: 5130 (train: 3590, val: 513, test: 1027)
Class balance: 30.17% positive
Pre-erasure probe accuracy: 0.713
Rank removed: 1
Post-erasure probe accuracy: 0.699 (target: ~0.50)
Cosine similarity (original vs erased): 0.9850

============================================================
MP erasure for feature: bathrooms
============================================================
Samples: 5130 (train: 3590, val: 513, test: 1027)
Class balance: 30.03% positive
Pre-erasure probe accuracy: 0.702
Rank removed: 1
Post-erasure probe accuracy: 0.703 (target: ~0.50)
Cosine similarity (original vs erased): 0.9797

============================================================
MP erasure for feature: year_built
============================================================
Samples: 5130 (train: 3590, val: 513, test: 1027)
Class balance: 46.82% positive
Pre-erasure probe accuracy: 0.734
Rank removed: 1
Post-erasure probe accuracy: 0.532 (target: ~0.50)
Cosine similarity (original vs erased): 0.9572

============================================================
MP erasure for feature: lot_size
============================================================
Samples: 5130 (train: 3590, val: 513, test: 1027)
Class balance: 48.05% positive
Pre-erasure probe accuracy: 0.631
Rank removed: 1
Post-erasure probe accuracy: 0.520 (target: ~0.50)
Cosine similarity (original vs erased): 0.9657

Saved erasure info to: /home/anshulk/Housing/data/mp_results/llama-3.2-3b/layer_17/erasure_info.json

============================================================
STEP 2: INFORMATION CONTROL
============================================================

--- BASELINE ---
  Baseline: acc=0.6058, auc=0.6407

--- RANDOM CONTROLS (10 runs) ---
  Random control: mean drop=0.0003 +/- 0.0011

--- MP ---
  bedrooms: acc=0.5994, drop=0.0065, random=0.0003 -> PASS
  bathrooms: acc=0.5864, drop=0.0195, random=0.0003 -> PASS
  year_built: acc=0.5909, drop=0.0149, random=0.0003 -> PASS
  lot_size: acc=0.6032, drop=0.0026, random=0.0003 -> PASS

  ALL FEATURES:
  all_features: acc=0.5961, drop=0.0097

Saved results to: /home/anshulk/Housing/data/mp_results/llama-3.2-3b/layer_17/results.csv

============================================================
STEP 3: SELECTIVITY CONTROL
============================================================

--- SELECTIVITY CONTROL (MP) ---
  bedrooms: baseline=0.6065, erased=0.6006, recovered=0.6078 (122.2% recovery) -> PASS
  bathrooms: baseline=0.6065, erased=0.5870, recovered=0.6149 (143.3% recovery) -> PASS
  year_built: baseline=0.6065, erased=0.5922, recovered=0.6026 (72.7% recovery) -> PASS
[W] [20:57:21.392919] L-BFGS stopped, because the line search failed to advance (step delta = 0.000000)
  lot_size: baseline=0.6065, erased=0.6026, recovered=0.6117 (100.0% recovery) -> PASS

Saved selectivity to: /home/anshulk/Housing/data/mp_results/llama-3.2-3b/layer_17/selectivity.csv

============================================================
CORRECTNESS ANALYSIS
============================================================

Saved correctness analysis to: /home/anshulk/Housing/data/mp_results/llama-3.2-3b/layer_17/correctness.csv

============================================================
SUMMARY
============================================================

--- MP ---
Baseline accuracy: 0.6058
Random control drop: 0.0003

Feature verdicts:
  bedrooms:
    Probe: 0.7127555988315482
    Cosine sim: 0.9849728941917419
    Price drop: 0.0065
    Info control: PASS
    Selectivity: PASS (122.2%)
    Verdict: NOT_USED — bedrooms encoded but not used for pricing
  bathrooms:
    Probe: 0.7020447906523856
    Cosine sim: 0.9797107577323914
    Price drop: 0.0195
    Info control: PASS
    Selectivity: PASS (143.3%)
    Verdict: MINOR — bathrooms has minor causal contribution to pricing
  year_built:
    Probe: 0.7341772151898734
    Cosine sim: 0.9571710228919983
    Price drop: 0.0149
    Info control: PASS
    Selectivity: PASS (72.7%)
    Verdict: MINOR — year_built has minor causal contribution to pricing
  lot_size:
    Probe: 0.6309639727361246
    Cosine sim: 0.9656503796577454
    Price drop: 0.0026
    Info control: PASS
    Selectivity: PASS (100.0%)
    Verdict: NOT_USED — lot_size encoded but not used for pricing

Saved summary to: /home/anshulk/Housing/data/mp_results/llama-3.2-3b/layer_17/summary.json

============================================================
COMPLETE in 79s (1.3 min)
============================================================

>>> Llama layer 18 / 27
============================================================
AMNESIC PROBING WITH MP
============================================================
Model: llama-3.2-3b
Layer: 18
Methods: ['mp']
Features: ['bedrooms', 'bathrooms', 'year_built', 'lot_size']
Random controls: 10
GPU: True
============================================================

============================================================
LOADING DATA
============================================================
Loading activations from: /home/anshulk/Housing/data/activations/llama-3.2-3b_2_fewshot_cot_temp0_activations.npz
Activations shape: (5130, 28, 3072)
Feature columns: ['bathrooms_p1_more' 'bedrooms_p1_more' 'year_p1_newer' 'lot_p1_larger'
 'sqft_p1_larger' 'price_p1_higher']
Loading samples from: /home/anshulk/Housing/data/amnesic_samples/selected_samples_llama-3.2-3b_2_fewshot_cot_temp0.csv
Loaded 5130 samples
Using layer 18, shape: (5130, 3072)
Output dir: /home/anshulk/Housing/data/mp_results/llama-3.2-3b/layer_18

Feature label class balance:
  bedrooms: 30.29% positive
  bathrooms: 30.18% positive
  year_built: 46.63% positive
  lot_size: 48.44% positive
Price labels: 48.03% have property 1 more expensive

============================================================
STEP 1: ERASURE + VERIFICATION
============================================================

============================================================
MP erasure for feature: bedrooms
============================================================
Samples: 5130 (train: 3590, val: 513, test: 1027)
Class balance: 30.17% positive
Pre-erasure probe accuracy: 0.720
Rank removed: 1
Post-erasure probe accuracy: 0.699 (target: ~0.50)
Cosine similarity (original vs erased): 0.9867

============================================================
MP erasure for feature: bathrooms
============================================================
Samples: 5130 (train: 3590, val: 513, test: 1027)
Class balance: 30.03% positive
Pre-erasure probe accuracy: 0.703
Rank removed: 1
Post-erasure probe accuracy: 0.703 (target: ~0.50)
Cosine similarity (original vs erased): 0.9796

============================================================
MP erasure for feature: year_built
============================================================
Samples: 5130 (train: 3590, val: 513, test: 1027)
Class balance: 46.82% positive
Pre-erasure probe accuracy: 0.732
Rank removed: 1
Post-erasure probe accuracy: 0.532 (target: ~0.50)
Cosine similarity (original vs erased): 0.9609

============================================================
MP erasure for feature: lot_size
============================================================
Samples: 5130 (train: 3590, val: 513, test: 1027)
Class balance: 48.05% positive
Pre-erasure probe accuracy: 0.628
Rank removed: 1
Post-erasure probe accuracy: 0.520 (target: ~0.50)
Cosine similarity (original vs erased): 0.9681

Saved erasure info to: /home/anshulk/Housing/data/mp_results/llama-3.2-3b/layer_18/erasure_info.json

============================================================
STEP 2: INFORMATION CONTROL
============================================================

--- BASELINE ---
  Baseline: acc=0.6045, auc=0.6367

--- RANDOM CONTROLS (10 runs) ---
  Random control: mean drop=0.0004 +/- 0.0010

--- MP ---
  bedrooms: acc=0.5974, drop=0.0071, random=0.0004 -> PASS
  bathrooms: acc=0.5740, drop=0.0305, random=0.0004 -> PASS
  year_built: acc=0.6000, drop=0.0045, random=0.0004 -> PASS
  lot_size: acc=0.6084, drop=-0.0039, random=0.0004 -> FAIL

  ALL FEATURES:
  all_features: acc=0.5968, drop=0.0078

Saved results to: /home/anshulk/Housing/data/mp_results/llama-3.2-3b/layer_18/results.csv

============================================================
STEP 3: SELECTIVITY CONTROL
============================================================

--- SELECTIVITY CONTROL (MP) ---
  bedrooms: baseline=0.6045, erased=0.5961, recovered=0.6084 (146.2% recovery) -> PASS
  bathrooms: baseline=0.6045, erased=0.5753, recovered=0.6162 (140.0% recovery) -> PASS
  year_built: baseline=0.6045, erased=0.6006, recovered=0.6045 (100.0% recovery) -> PASS
  lot_size: baseline=0.6045, erased=0.6071, recovered=0.6065 (100.0% recovery) -> PASS

Saved selectivity to: /home/anshulk/Housing/data/mp_results/llama-3.2-3b/layer_18/selectivity.csv

============================================================
CORRECTNESS ANALYSIS
============================================================

Saved correctness analysis to: /home/anshulk/Housing/data/mp_results/llama-3.2-3b/layer_18/correctness.csv

============================================================
SUMMARY
============================================================

--- MP ---
Baseline accuracy: 0.6045
Random control drop: 0.0004

Feature verdicts:
  bedrooms:
    Probe: 0.7195715676728335
    Cosine sim: 0.9867474436759949
    Price drop: 0.0071
    Info control: PASS
    Selectivity: PASS (146.2%)
    Verdict: NOT_USED — bedrooms encoded but not used for pricing
  bathrooms:
    Probe: 0.7030185004868549
    Cosine sim: 0.9795846343040466
    Price drop: 0.0305
    Info control: PASS
    Selectivity: PASS (140.0%)
    Verdict: SIGNIFICANT — bathrooms has significant causal contribution to pricing
  year_built:
    Probe: 0.7322297955209348
    Cosine sim: 0.9609389305114746
    Price drop: 0.0045
    Info control: PASS
    Selectivity: PASS (100.0%)
    Verdict: NOT_USED — year_built encoded but not used for pricing
  lot_size:
    Probe: 0.6280428432327166
    Cosine sim: 0.9680622220039368
    Price drop: -0.0039
    Info control: FAIL
    Selectivity: PASS (100.0%)
    Verdict: NOT_CAUSAL — Erasure of lot_size does not hurt more than random

Saved summary to: /home/anshulk/Housing/data/mp_results/llama-3.2-3b/layer_18/summary.json

============================================================
COMPLETE in 80s (1.3 min)
============================================================

>>> Llama layer 19 / 27
============================================================
AMNESIC PROBING WITH MP
============================================================
Model: llama-3.2-3b
Layer: 19
Methods: ['mp']
Features: ['bedrooms', 'bathrooms', 'year_built', 'lot_size']
Random controls: 10
GPU: True
============================================================

============================================================
LOADING DATA
============================================================
Loading activations from: /home/anshulk/Housing/data/activations/llama-3.2-3b_2_fewshot_cot_temp0_activations.npz
Activations shape: (5130, 28, 3072)
Feature columns: ['bathrooms_p1_more' 'bedrooms_p1_more' 'year_p1_newer' 'lot_p1_larger'
 'sqft_p1_larger' 'price_p1_higher']
Loading samples from: /home/anshulk/Housing/data/amnesic_samples/selected_samples_llama-3.2-3b_2_fewshot_cot_temp0.csv
Loaded 5130 samples
Using layer 19, shape: (5130, 3072)
Output dir: /home/anshulk/Housing/data/mp_results/llama-3.2-3b/layer_19

Feature label class balance:
  bedrooms: 30.29% positive
  bathrooms: 30.18% positive
  year_built: 46.63% positive
  lot_size: 48.44% positive
Price labels: 48.03% have property 1 more expensive

============================================================
STEP 1: ERASURE + VERIFICATION
============================================================

============================================================
MP erasure for feature: bedrooms
============================================================
Samples: 5130 (train: 3590, val: 513, test: 1027)
Class balance: 30.17% positive
Pre-erasure probe accuracy: 0.742
Rank removed: 1
Post-erasure probe accuracy: 0.699 (target: ~0.50)
Cosine similarity (original vs erased): 0.9860

============================================================
MP erasure for feature: bathrooms
============================================================
Samples: 5130 (train: 3590, val: 513, test: 1027)
Class balance: 30.03% positive
Pre-erasure probe accuracy: 0.705
Rank removed: 1
Post-erasure probe accuracy: 0.703 (target: ~0.50)
Cosine similarity (original vs erased): 0.9787

============================================================
MP erasure for feature: year_built
============================================================
Samples: 5130 (train: 3590, val: 513, test: 1027)
Class balance: 46.82% positive
Pre-erasure probe accuracy: 0.740
Rank removed: 1
Post-erasure probe accuracy: 0.532 (target: ~0.50)
Cosine similarity (original vs erased): 0.9631

============================================================
MP erasure for feature: lot_size
============================================================
Samples: 5130 (train: 3590, val: 513, test: 1027)
Class balance: 48.05% positive
Pre-erasure probe accuracy: 0.629
Rank removed: 1
Post-erasure probe accuracy: 0.520 (target: ~0.50)
Cosine similarity (original vs erased): 0.9687

Saved erasure info to: /home/anshulk/Housing/data/mp_results/llama-3.2-3b/layer_19/erasure_info.json

============================================================
STEP 2: INFORMATION CONTROL
============================================================

--- BASELINE ---
  Baseline: acc=0.6130, auc=0.6366

--- RANDOM CONTROLS (10 runs) ---
  Random control: mean drop=0.0023 +/- 0.0012

--- MP ---
  bedrooms: acc=0.5916, drop=0.0214, random=0.0023 -> PASS
  bathrooms: acc=0.5792, drop=0.0338, random=0.0023 -> PASS
  year_built: acc=0.5883, drop=0.0247, random=0.0023 -> PASS
  lot_size: acc=0.6071, drop=0.0058, random=0.0023 -> PASS

  ALL FEATURES:
  all_features: acc=0.5838, drop=0.0292

Saved results to: /home/anshulk/Housing/data/mp_results/llama-3.2-3b/layer_19/results.csv

============================================================
STEP 3: SELECTIVITY CONTROL
============================================================

--- SELECTIVITY CONTROL (MP) ---
  bedrooms: baseline=0.6123, erased=0.5903, recovered=0.6091 (85.3% recovery) -> PASS
  bathrooms: baseline=0.6123, erased=0.5805, recovered=0.6026 (69.4% recovery) -> PASS
  year_built: baseline=0.6123, erased=0.5870, recovered=0.6045 (69.2% recovery) -> PASS
  lot_size: baseline=0.6123, erased=0.6084, recovered=0.6078 (100.0% recovery) -> PASS

Saved selectivity to: /home/anshulk/Housing/data/mp_results/llama-3.2-3b/layer_19/selectivity.csv

============================================================
CORRECTNESS ANALYSIS
============================================================

Saved correctness analysis to: /home/anshulk/Housing/data/mp_results/llama-3.2-3b/layer_19/correctness.csv

============================================================
SUMMARY
============================================================

--- MP ---
Baseline accuracy: 0.6130
Random control drop: 0.0023

Feature verdicts:
  bedrooms:
    Probe: 0.7419668938656281
    Cosine sim: 0.986036479473114
    Price drop: 0.0214
    Info control: PASS
    Selectivity: PASS (85.3%)
    Verdict: MINOR — bedrooms has minor causal contribution to pricing
  bathrooms:
    Probe: 0.7049659201557936
    Cosine sim: 0.9786613583564758
    Price drop: 0.0338
    Info control: PASS
    Selectivity: PASS (69.4%)
    Verdict: SIGNIFICANT — bathrooms has significant causal contribution to pricing
  year_built:
    Probe: 0.7400194741966893
    Cosine sim: 0.9631310701370239
    Price drop: 0.0247
    Info control: PASS
    Selectivity: PASS (69.2%)
    Verdict: MINOR — year_built has minor causal contribution to pricing
  lot_size:
    Probe: 0.629016553067186
    Cosine sim: 0.9686933159828186
    Price drop: 0.0058
    Info control: PASS
    Selectivity: PASS (100.0%)
    Verdict: NOT_USED — lot_size encoded but not used for pricing

Saved summary to: /home/anshulk/Housing/data/mp_results/llama-3.2-3b/layer_19/summary.json

============================================================
COMPLETE in 84s (1.4 min)
============================================================

>>> Llama layer 20 / 27
============================================================
AMNESIC PROBING WITH MP
============================================================
Model: llama-3.2-3b
Layer: 20
Methods: ['mp']
Features: ['bedrooms', 'bathrooms', 'year_built', 'lot_size']
Random controls: 10
GPU: True
============================================================

============================================================
LOADING DATA
============================================================
Loading activations from: /home/anshulk/Housing/data/activations/llama-3.2-3b_2_fewshot_cot_temp0_activations.npz
Activations shape: (5130, 28, 3072)
Feature columns: ['bathrooms_p1_more' 'bedrooms_p1_more' 'year_p1_newer' 'lot_p1_larger'
 'sqft_p1_larger' 'price_p1_higher']
Loading samples from: /home/anshulk/Housing/data/amnesic_samples/selected_samples_llama-3.2-3b_2_fewshot_cot_temp0.csv
Loaded 5130 samples
Using layer 20, shape: (5130, 3072)
Output dir: /home/anshulk/Housing/data/mp_results/llama-3.2-3b/layer_20

Feature label class balance:
  bedrooms: 30.29% positive
  bathrooms: 30.18% positive
  year_built: 46.63% positive
  lot_size: 48.44% positive
Price labels: 48.03% have property 1 more expensive

============================================================
STEP 1: ERASURE + VERIFICATION
============================================================

============================================================
MP erasure for feature: bedrooms
============================================================
Samples: 5130 (train: 3590, val: 513, test: 1027)
Class balance: 30.17% positive
Pre-erasure probe accuracy: 0.759
Rank removed: 1
Post-erasure probe accuracy: 0.699 (target: ~0.50)
Cosine similarity (original vs erased): 0.9837

============================================================
MP erasure for feature: bathrooms
============================================================
Samples: 5130 (train: 3590, val: 513, test: 1027)
Class balance: 30.03% positive
Pre-erasure probe accuracy: 0.703
Rank removed: 1
Post-erasure probe accuracy: 0.703 (target: ~0.50)
Cosine similarity (original vs erased): 0.9783

============================================================
MP erasure for feature: year_built
============================================================
Samples: 5130 (train: 3590, val: 513, test: 1027)
Class balance: 46.82% positive
Pre-erasure probe accuracy: 0.754
Rank removed: 1
Post-erasure probe accuracy: 0.532 (target: ~0.50)
Cosine similarity (original vs erased): 0.9689

============================================================
MP erasure for feature: lot_size
============================================================
Samples: 5130 (train: 3590, val: 513, test: 1027)
Class balance: 48.05% positive
Pre-erasure probe accuracy: 0.640
Rank removed: 1
Post-erasure probe accuracy: 0.520 (target: ~0.50)
Cosine similarity (original vs erased): 0.9736

Saved erasure info to: /home/anshulk/Housing/data/mp_results/llama-3.2-3b/layer_20/erasure_info.json

============================================================
STEP 2: INFORMATION CONTROL
============================================================

--- BASELINE ---
  Baseline: acc=0.6032, auc=0.6375

--- RANDOM CONTROLS (10 runs) ---
  Random control: mean drop=0.0026 +/- 0.0018

--- MP ---
  bedrooms: acc=0.5935, drop=0.0097, random=0.0026 -> PASS
  bathrooms: acc=0.5773, drop=0.0260, random=0.0026 -> PASS
  year_built: acc=0.5896, drop=0.0136, random=0.0026 -> PASS
  lot_size: acc=0.5981, drop=0.0052, random=0.0026 -> PASS

  ALL FEATURES:
  all_features: acc=0.5942, drop=0.0091

Saved results to: /home/anshulk/Housing/data/mp_results/llama-3.2-3b/layer_20/results.csv

============================================================
STEP 3: SELECTIVITY CONTROL
============================================================

--- SELECTIVITY CONTROL (MP) ---
  bedrooms: baseline=0.6019, erased=0.5929, recovered=0.6039 (121.4% recovery) -> PASS
  bathrooms: baseline=0.6019, erased=0.5747, recovered=0.6162 (152.4% recovery) -> PASS
  year_built: baseline=0.6019, erased=0.5909, recovered=0.6013 (94.1% recovery) -> PASS
  lot_size: baseline=0.6019, erased=0.5987, recovered=0.6013 (100.0% recovery) -> PASS

Saved selectivity to: /home/anshulk/Housing/data/mp_results/llama-3.2-3b/layer_20/selectivity.csv

============================================================
CORRECTNESS ANALYSIS
============================================================

Saved correctness analysis to: /home/anshulk/Housing/data/mp_results/llama-3.2-3b/layer_20/correctness.csv

============================================================
SUMMARY
============================================================

--- MP ---
Baseline accuracy: 0.6032
Random control drop: 0.0026

Feature verdicts:
  bedrooms:
    Probe: 0.759493670886076
    Cosine sim: 0.983734130859375
    Price drop: 0.0097
    Info control: PASS
    Selectivity: PASS (121.4%)
    Verdict: NOT_USED — bedrooms encoded but not used for pricing
  bathrooms:
    Probe: 0.7030185004868549
    Cosine sim: 0.9783342480659485
    Price drop: 0.0260
    Info control: PASS
    Selectivity: PASS (152.4%)
    Verdict: MINOR — bathrooms has minor causal contribution to pricing
  year_built:
    Probe: 0.75365141187926
    Cosine sim: 0.9689105749130249
    Price drop: 0.0136
    Info control: PASS
    Selectivity: PASS (94.1%)
    Verdict: MINOR — year_built has minor causal contribution to pricing
  lot_size:
    Probe: 0.6397273612463485
    Cosine sim: 0.9736226201057434
    Price drop: 0.0052
    Info control: PASS
    Selectivity: PASS (100.0%)
    Verdict: NOT_USED — lot_size encoded but not used for pricing

Saved summary to: /home/anshulk/Housing/data/mp_results/llama-3.2-3b/layer_20/summary.json

============================================================
COMPLETE in 82s (1.4 min)
============================================================

>>> Llama layer 21 / 27
============================================================
AMNESIC PROBING WITH MP
============================================================
Model: llama-3.2-3b
Layer: 21
Methods: ['mp']
Features: ['bedrooms', 'bathrooms', 'year_built', 'lot_size']
Random controls: 10
GPU: True
============================================================

============================================================
LOADING DATA
============================================================
Loading activations from: /home/anshulk/Housing/data/activations/llama-3.2-3b_2_fewshot_cot_temp0_activations.npz
Activations shape: (5130, 28, 3072)
Feature columns: ['bathrooms_p1_more' 'bedrooms_p1_more' 'year_p1_newer' 'lot_p1_larger'
 'sqft_p1_larger' 'price_p1_higher']
Loading samples from: /home/anshulk/Housing/data/amnesic_samples/selected_samples_llama-3.2-3b_2_fewshot_cot_temp0.csv
Loaded 5130 samples
Using layer 21, shape: (5130, 3072)
Output dir: /home/anshulk/Housing/data/mp_results/llama-3.2-3b/layer_21

Feature label class balance:
  bedrooms: 30.29% positive
  bathrooms: 30.18% positive
  year_built: 46.63% positive
  lot_size: 48.44% positive
Price labels: 48.03% have property 1 more expensive

============================================================
STEP 1: ERASURE + VERIFICATION
============================================================

============================================================
MP erasure for feature: bedrooms
============================================================
Samples: 5130 (train: 3590, val: 513, test: 1027)
Class balance: 30.17% positive
Pre-erasure probe accuracy: 0.761
Rank removed: 1
Post-erasure probe accuracy: 0.699 (target: ~0.50)
Cosine similarity (original vs erased): 0.9828

============================================================
MP erasure for feature: bathrooms
============================================================
Samples: 5130 (train: 3590, val: 513, test: 1027)
Class balance: 30.03% positive
Pre-erasure probe accuracy: 0.702
Rank removed: 1
Post-erasure probe accuracy: 0.703 (target: ~0.50)
Cosine similarity (original vs erased): 0.9753

============================================================
MP erasure for feature: year_built
============================================================
Samples: 5130 (train: 3590, val: 513, test: 1027)
Class balance: 46.82% positive
Pre-erasure probe accuracy: 0.756
Rank removed: 1
Post-erasure probe accuracy: 0.532 (target: ~0.50)
Cosine similarity (original vs erased): 0.9695

============================================================
MP erasure for feature: lot_size
============================================================
Samples: 5130 (train: 3590, val: 513, test: 1027)
Class balance: 48.05% positive
Pre-erasure probe accuracy: 0.648
Rank removed: 1
Post-erasure probe accuracy: 0.520 (target: ~0.50)
Cosine similarity (original vs erased): 0.9725

Saved erasure info to: /home/anshulk/Housing/data/mp_results/llama-3.2-3b/layer_21/erasure_info.json

============================================================
STEP 2: INFORMATION CONTROL
============================================================

--- BASELINE ---
[W] [21:02:34.304849] L-BFGS stopped, because the line search failed to advance (step delta = 0.000000)
  Baseline: acc=0.6026, auc=0.6314

--- RANDOM CONTROLS (10 runs) ---
  Random control: mean drop=-0.0006 +/- 0.0008

--- MP ---
  bedrooms: acc=0.5968, drop=0.0058, random=-0.0006 -> PASS
  bathrooms: acc=0.5805, drop=0.0221, random=-0.0006 -> PASS
  year_built: acc=0.5929, drop=0.0097, random=-0.0006 -> PASS
  lot_size: acc=0.6104, drop=-0.0078, random=-0.0006 -> FAIL

  ALL FEATURES:
  all_features: acc=0.5987, drop=0.0039

Saved results to: /home/anshulk/Housing/data/mp_results/llama-3.2-3b/layer_21/results.csv

============================================================
STEP 3: SELECTIVITY CONTROL
============================================================

--- SELECTIVITY CONTROL (MP) ---
  bedrooms: baseline=0.6032, erased=0.5968, recovered=0.5968 (0.0% recovery) -> PASS
  bathrooms: baseline=0.6032, erased=0.5786, recovered=0.6110 (131.6% recovery) -> PASS
  year_built: baseline=0.6032, erased=0.5929, recovered=0.5987 (56.3% recovery) -> PASS
  lot_size: baseline=0.6032, erased=0.6104, recovered=0.5974 (181.8% recovery) -> PASS

Saved selectivity to: /home/anshulk/Housing/data/mp_results/llama-3.2-3b/layer_21/selectivity.csv

============================================================
CORRECTNESS ANALYSIS
============================================================

Saved correctness analysis to: /home/anshulk/Housing/data/mp_results/llama-3.2-3b/layer_21/correctness.csv

============================================================
SUMMARY
============================================================

--- MP ---
Baseline accuracy: 0.6026
Random control drop: -0.0006

Feature verdicts:
  bedrooms:
    Probe: 0.7614410905550146
    Cosine sim: 0.982830286026001
    Price drop: 0.0058
    Info control: PASS
    Selectivity: PASS (0.0%)
    Verdict: NOT_USED — bedrooms encoded but not used for pricing
  bathrooms:
    Probe: 0.7020447906523856
    Cosine sim: 0.9753304123878479
    Price drop: 0.0221
    Info control: PASS
    Selectivity: PASS (131.6%)
    Verdict: MINOR — bathrooms has minor causal contribution to pricing
  year_built:
    Probe: 0.7555988315481986
    Cosine sim: 0.9694526791572571
    Price drop: 0.0097
    Info control: PASS
    Selectivity: PASS (56.3%)
    Verdict: NOT_USED — year_built encoded but not used for pricing
  lot_size:
    Probe: 0.6484907497565725
    Cosine sim: 0.972488522529602
    Price drop: -0.0078
    Info control: FAIL
    Selectivity: PASS (181.8%)
    Verdict: NOT_CAUSAL — Erasure of lot_size does not hurt more than random

Saved summary to: /home/anshulk/Housing/data/mp_results/llama-3.2-3b/layer_21/summary.json

============================================================
COMPLETE in 80s (1.3 min)
============================================================

>>> Llama layer 22 / 27
============================================================
AMNESIC PROBING WITH MP
============================================================
Model: llama-3.2-3b
Layer: 22
Methods: ['mp']
Features: ['bedrooms', 'bathrooms', 'year_built', 'lot_size']
Random controls: 10
GPU: True
============================================================

============================================================
LOADING DATA
============================================================
Loading activations from: /home/anshulk/Housing/data/activations/llama-3.2-3b_2_fewshot_cot_temp0_activations.npz
Activations shape: (5130, 28, 3072)
Feature columns: ['bathrooms_p1_more' 'bedrooms_p1_more' 'year_p1_newer' 'lot_p1_larger'
 'sqft_p1_larger' 'price_p1_higher']
Loading samples from: /home/anshulk/Housing/data/amnesic_samples/selected_samples_llama-3.2-3b_2_fewshot_cot_temp0.csv
Loaded 5130 samples
Using layer 22, shape: (5130, 3072)
Output dir: /home/anshulk/Housing/data/mp_results/llama-3.2-3b/layer_22

Feature label class balance:
  bedrooms: 30.29% positive
  bathrooms: 30.18% positive
  year_built: 46.63% positive
  lot_size: 48.44% positive
Price labels: 48.03% have property 1 more expensive

============================================================
STEP 1: ERASURE + VERIFICATION
============================================================

============================================================
MP erasure for feature: bedrooms
============================================================
Samples: 5130 (train: 3590, val: 513, test: 1027)
Class balance: 30.17% positive
Pre-erasure probe accuracy: 0.773
Rank removed: 1
Post-erasure probe accuracy: 0.699 (target: ~0.50)
Cosine similarity (original vs erased): 0.9836

============================================================
MP erasure for feature: bathrooms
============================================================
Samples: 5130 (train: 3590, val: 513, test: 1027)
Class balance: 30.03% positive
Pre-erasure probe accuracy: 0.701
Rank removed: 1
Post-erasure probe accuracy: 0.703 (target: ~0.50)
Cosine similarity (original vs erased): 0.9753

============================================================
MP erasure for feature: year_built
============================================================
Samples: 5130 (train: 3590, val: 513, test: 1027)
Class balance: 46.82% positive
Pre-erasure probe accuracy: 0.773
Rank removed: 1
Post-erasure probe accuracy: 0.532 (target: ~0.50)
Cosine similarity (original vs erased): 0.9653

============================================================
MP erasure for feature: lot_size
============================================================
Samples: 5130 (train: 3590, val: 513, test: 1027)
Class balance: 48.05% positive
Pre-erasure probe accuracy: 0.658
Rank removed: 1
Post-erasure probe accuracy: 0.520 (target: ~0.50)
Cosine similarity (original vs erased): 0.9738

Saved erasure info to: /home/anshulk/Housing/data/mp_results/llama-3.2-3b/layer_22/erasure_info.json

============================================================
STEP 2: INFORMATION CONTROL
============================================================

--- BASELINE ---
  Baseline: acc=0.5974, auc=0.6358

--- RANDOM CONTROLS (10 runs) ---
  Random control: mean drop=0.0005 +/- 0.0009

--- MP ---
  bedrooms: acc=0.5968, drop=0.0006, random=0.0005 -> FAIL
  bathrooms: acc=0.5734, drop=0.0240, random=0.0005 -> PASS
  year_built: acc=0.5974, drop=0.0000, random=0.0005 -> FAIL
  lot_size: acc=0.6000, drop=-0.0026, random=0.0005 -> FAIL

  ALL FEATURES:
  all_features: acc=0.5994, drop=-0.0019

Saved results to: /home/anshulk/Housing/data/mp_results/llama-3.2-3b/layer_22/results.csv

============================================================
STEP 3: SELECTIVITY CONTROL
============================================================

--- SELECTIVITY CONTROL (MP) ---
  bedrooms: baseline=0.5961, erased=0.5987, recovered=0.5974 (100.0% recovery) -> PASS
  bathrooms: baseline=0.5961, erased=0.5753, recovered=0.6162 (196.9% recovery) -> PASS
  year_built: baseline=0.5961, erased=0.5961, recovered=0.5877 (100.0% recovery) -> PASS
  lot_size: baseline=0.5961, erased=0.5994, recovered=0.5916 (100.0% recovery) -> PASS

Saved selectivity to: /home/anshulk/Housing/data/mp_results/llama-3.2-3b/layer_22/selectivity.csv

============================================================
CORRECTNESS ANALYSIS
============================================================

Saved correctness analysis to: /home/anshulk/Housing/data/mp_results/llama-3.2-3b/layer_22/correctness.csv

============================================================
SUMMARY
============================================================

--- MP ---
Baseline accuracy: 0.5974
Random control drop: 0.0005

Feature verdicts:
  bedrooms:
    Probe: 0.7731256085686465
    Cosine sim: 0.983629047870636
    Price drop: 0.0006
    Info control: FAIL
    Selectivity: PASS (100.0%)
    Verdict: NOT_CAUSAL — Erasure of bedrooms does not hurt more than random
  bathrooms:
    Probe: 0.7010710808179162
    Cosine sim: 0.9752984642982483
    Price drop: 0.0240
    Info control: PASS
    Selectivity: PASS (196.9%)
    Verdict: MINOR — bathrooms has minor causal contribution to pricing
  year_built:
    Probe: 0.7731256085686465
    Cosine sim: 0.9652888178825378
    Price drop: 0.0000
    Info control: FAIL
    Selectivity: PASS (100.0%)
    Verdict: NOT_CAUSAL — Erasure of year_built does not hurt more than random
  lot_size:
    Probe: 0.6582278481012658
    Cosine sim: 0.9737767577171326
    Price drop: -0.0026
    Info control: FAIL
    Selectivity: PASS (100.0%)
    Verdict: NOT_CAUSAL — Erasure of lot_size does not hurt more than random

Saved summary to: /home/anshulk/Housing/data/mp_results/llama-3.2-3b/layer_22/summary.json

============================================================
COMPLETE in 79s (1.3 min)
============================================================

>>> Llama layer 23 / 27
============================================================
AMNESIC PROBING WITH MP
============================================================
Model: llama-3.2-3b
Layer: 23
Methods: ['mp']
Features: ['bedrooms', 'bathrooms', 'year_built', 'lot_size']
Random controls: 10
GPU: True
============================================================

============================================================
LOADING DATA
============================================================
Loading activations from: /home/anshulk/Housing/data/activations/llama-3.2-3b_2_fewshot_cot_temp0_activations.npz
Activations shape: (5130, 28, 3072)
Feature columns: ['bathrooms_p1_more' 'bedrooms_p1_more' 'year_p1_newer' 'lot_p1_larger'
 'sqft_p1_larger' 'price_p1_higher']
Loading samples from: /home/anshulk/Housing/data/amnesic_samples/selected_samples_llama-3.2-3b_2_fewshot_cot_temp0.csv
Loaded 5130 samples
Using layer 23, shape: (5130, 3072)
Output dir: /home/anshulk/Housing/data/mp_results/llama-3.2-3b/layer_23

Feature label class balance:
  bedrooms: 30.29% positive
  bathrooms: 30.18% positive
  year_built: 46.63% positive
  lot_size: 48.44% positive
Price labels: 48.03% have property 1 more expensive

============================================================
STEP 1: ERASURE + VERIFICATION
============================================================

============================================================
MP erasure for feature: bedrooms
============================================================
Samples: 5130 (train: 3590, val: 513, test: 1027)
Class balance: 30.17% positive
Pre-erasure probe accuracy: 0.792
Rank removed: 1
Post-erasure probe accuracy: 0.699 (target: ~0.50)
Cosine similarity (original vs erased): 0.9842

============================================================
MP erasure for feature: bathrooms
============================================================
Samples: 5130 (train: 3590, val: 513, test: 1027)
Class balance: 30.03% positive
Pre-erasure probe accuracy: 0.709
Rank removed: 1
Post-erasure probe accuracy: 0.703 (target: ~0.50)
Cosine similarity (original vs erased): 0.9753

============================================================
MP erasure for feature: year_built
============================================================
Samples: 5130 (train: 3590, val: 513, test: 1027)
Class balance: 46.82% positive
Pre-erasure probe accuracy: 0.808
Rank removed: 1
Post-erasure probe accuracy: 0.532 (target: ~0.50)
Cosine similarity (original vs erased): 0.9678

============================================================
MP erasure for feature: lot_size
============================================================
Samples: 5130 (train: 3590, val: 513, test: 1027)
Class balance: 48.05% positive
Pre-erasure probe accuracy: 0.663
Rank removed: 1
Post-erasure probe accuracy: 0.520 (target: ~0.50)
Cosine similarity (original vs erased): 0.9759

Saved erasure info to: /home/anshulk/Housing/data/mp_results/llama-3.2-3b/layer_23/erasure_info.json

============================================================
STEP 2: INFORMATION CONTROL
============================================================

--- BASELINE ---
  Baseline: acc=0.6026, auc=0.6432

--- RANDOM CONTROLS (10 runs) ---
  Random control: mean drop=0.0006 +/- 0.0011

--- MP ---
  bedrooms: acc=0.5896, drop=0.0130, random=0.0006 -> PASS
  bathrooms: acc=0.5844, drop=0.0182, random=0.0006 -> PASS
  year_built: acc=0.6052, drop=-0.0026, random=0.0006 -> FAIL
  lot_size: acc=0.6039, drop=-0.0013, random=0.0006 -> FAIL

  ALL FEATURES:
  all_features: acc=0.5948, drop=0.0078

Saved results to: /home/anshulk/Housing/data/mp_results/llama-3.2-3b/layer_23/results.csv

============================================================
STEP 3: SELECTIVITY CONTROL
============================================================

--- SELECTIVITY CONTROL (MP) ---
  bedrooms: baseline=0.6019, erased=0.5890, recovered=0.6117 (175.0% recovery) -> PASS
  bathrooms: baseline=0.6019, erased=0.5818, recovered=0.6175 (177.4% recovery) -> PASS
  year_built: baseline=0.6019, erased=0.6065, recovered=0.6052 (100.0% recovery) -> PASS
  lot_size: baseline=0.6019, erased=0.6045, recovered=0.6091 (100.0% recovery) -> PASS

Saved selectivity to: /home/anshulk/Housing/data/mp_results/llama-3.2-3b/layer_23/selectivity.csv

============================================================
CORRECTNESS ANALYSIS
============================================================
[W] [21:05:58.318528] L-BFGS stopped, because the line search failed to advance (step delta = 0.000000)

Saved correctness analysis to: /home/anshulk/Housing/data/mp_results/llama-3.2-3b/layer_23/correctness.csv

============================================================
SUMMARY
============================================================

--- MP ---
Baseline accuracy: 0.6026
Random control drop: 0.0006

Feature verdicts:
  bedrooms:
    Probe: 0.7916260954235638
    Cosine sim: 0.9842194318771362
    Price drop: 0.0130
    Info control: PASS
    Selectivity: PASS (175.0%)
    Verdict: MINOR — bedrooms has minor causal contribution to pricing
  bathrooms:
    Probe: 0.7088607594936709
    Cosine sim: 0.9752896428108215
    Price drop: 0.0182
    Info control: PASS
    Selectivity: PASS (177.4%)
    Verdict: MINOR — bathrooms has minor causal contribution to pricing
  year_built:
    Probe: 0.8081791626095424
    Cosine sim: 0.9677532315254211
    Price drop: -0.0026
    Info control: FAIL
    Selectivity: PASS (100.0%)
    Verdict: NOT_CAUSAL — Erasure of year_built does not hurt more than random
  lot_size:
    Probe: 0.6630963972736125
    Cosine sim: 0.9758965969085693
    Price drop: -0.0013
    Info control: FAIL
    Selectivity: PASS (100.0%)
    Verdict: NOT_CAUSAL — Erasure of lot_size does not hurt more than random

Saved summary to: /home/anshulk/Housing/data/mp_results/llama-3.2-3b/layer_23/summary.json

============================================================
COMPLETE in 81s (1.3 min)
============================================================

>>> Llama layer 24 / 27
============================================================
AMNESIC PROBING WITH MP
============================================================
Model: llama-3.2-3b
Layer: 24
Methods: ['mp']
Features: ['bedrooms', 'bathrooms', 'year_built', 'lot_size']
Random controls: 10
GPU: True
============================================================

============================================================
LOADING DATA
============================================================
Loading activations from: /home/anshulk/Housing/data/activations/llama-3.2-3b_2_fewshot_cot_temp0_activations.npz
Activations shape: (5130, 28, 3072)
Feature columns: ['bathrooms_p1_more' 'bedrooms_p1_more' 'year_p1_newer' 'lot_p1_larger'
 'sqft_p1_larger' 'price_p1_higher']
Loading samples from: /home/anshulk/Housing/data/amnesic_samples/selected_samples_llama-3.2-3b_2_fewshot_cot_temp0.csv
Loaded 5130 samples
Using layer 24, shape: (5130, 3072)
Output dir: /home/anshulk/Housing/data/mp_results/llama-3.2-3b/layer_24

Feature label class balance:
  bedrooms: 30.29% positive
  bathrooms: 30.18% positive
  year_built: 46.63% positive
  lot_size: 48.44% positive
Price labels: 48.03% have property 1 more expensive

============================================================
STEP 1: ERASURE + VERIFICATION
============================================================

============================================================
MP erasure for feature: bedrooms
============================================================
Samples: 5130 (train: 3590, val: 513, test: 1027)
Class balance: 30.17% positive
Pre-erasure probe accuracy: 0.801
Rank removed: 1
Post-erasure probe accuracy: 0.699 (target: ~0.50)
Cosine similarity (original vs erased): 0.9858

============================================================
MP erasure for feature: bathrooms
============================================================
Samples: 5130 (train: 3590, val: 513, test: 1027)
Class balance: 30.03% positive
Pre-erasure probe accuracy: 0.721
Rank removed: 1
Post-erasure probe accuracy: 0.703 (target: ~0.50)
Cosine similarity (original vs erased): 0.9745

============================================================
MP erasure for feature: year_built
============================================================
Samples: 5130 (train: 3590, val: 513, test: 1027)
Class balance: 46.82% positive
Pre-erasure probe accuracy: 0.818
Rank removed: 1
Post-erasure probe accuracy: 0.532 (target: ~0.50)
Cosine similarity (original vs erased): 0.9702

============================================================
MP erasure for feature: lot_size
============================================================
Samples: 5130 (train: 3590, val: 513, test: 1027)
Class balance: 48.05% positive
Pre-erasure probe accuracy: 0.671
Rank removed: 1
Post-erasure probe accuracy: 0.520 (target: ~0.50)
Cosine similarity (original vs erased): 0.9744

Saved erasure info to: /home/anshulk/Housing/data/mp_results/llama-3.2-3b/layer_24/erasure_info.json

============================================================
STEP 2: INFORMATION CONTROL
============================================================

--- BASELINE ---
  Baseline: acc=0.6110, auc=0.6467

--- RANDOM CONTROLS (10 runs) ---
  Random control: mean drop=0.0003 +/- 0.0012

--- MP ---
  bedrooms: acc=0.5994, drop=0.0117, random=0.0003 -> PASS
  bathrooms: acc=0.5948, drop=0.0162, random=0.0003 -> PASS
  year_built: acc=0.6006, drop=0.0104, random=0.0003 -> PASS
  lot_size: acc=0.6104, drop=0.0006, random=0.0003 -> FAIL

  ALL FEATURES:
  all_features: acc=0.6052, drop=0.0058

Saved results to: /home/anshulk/Housing/data/mp_results/llama-3.2-3b/layer_24/results.csv

============================================================
STEP 3: SELECTIVITY CONTROL
============================================================

--- SELECTIVITY CONTROL (MP) ---
  bedrooms: baseline=0.6123, erased=0.6019, recovered=0.6084 (62.5% recovery) -> PASS
  bathrooms: baseline=0.6123, erased=0.5935, recovered=0.6149 (113.8% recovery) -> PASS
  year_built: baseline=0.6123, erased=0.6006, recovered=0.6078 (61.1% recovery) -> PASS
  lot_size: baseline=0.6123, erased=0.6110, recovered=0.6182 (100.0% recovery) -> PASS

Saved selectivity to: /home/anshulk/Housing/data/mp_results/llama-3.2-3b/layer_24/selectivity.csv

============================================================
CORRECTNESS ANALYSIS
============================================================
[W] [21:07:27.647472] L-BFGS stopped, because the line search failed to advance (step delta = 0.000000)

Saved correctness analysis to: /home/anshulk/Housing/data/mp_results/llama-3.2-3b/layer_24/correctness.csv

============================================================
SUMMARY
============================================================

--- MP ---
Baseline accuracy: 0.6110
Random control drop: 0.0003

Feature verdicts:
  bedrooms:
    Probe: 0.801363193768257
    Cosine sim: 0.9858471751213074
    Price drop: 0.0117
    Info control: PASS
    Selectivity: PASS (62.5%)
    Verdict: MINOR — bedrooms has minor causal contribution to pricing
  bathrooms:
    Probe: 0.7205452775073028
    Cosine sim: 0.9744639992713928
    Price drop: 0.0162
    Info control: PASS
    Selectivity: PASS (113.8%)
    Verdict: MINOR — bathrooms has minor causal contribution to pricing
  year_built:
    Probe: 0.8179162609542356
    Cosine sim: 0.9701772332191467
    Price drop: 0.0104
    Info control: PASS
    Selectivity: PASS (61.1%)
    Verdict: MINOR — year_built has minor causal contribution to pricing
  lot_size:
    Probe: 0.6708860759493671
    Cosine sim: 0.9744006395339966
    Price drop: 0.0006
    Info control: FAIL
    Selectivity: PASS (100.0%)
    Verdict: NOT_CAUSAL — Erasure of lot_size does not hurt more than random

Saved summary to: /home/anshulk/Housing/data/mp_results/llama-3.2-3b/layer_24/summary.json

============================================================
COMPLETE in 82s (1.4 min)
============================================================

>>> Llama layer 25 / 27
============================================================
AMNESIC PROBING WITH MP
============================================================
Model: llama-3.2-3b
Layer: 25
Methods: ['mp']
Features: ['bedrooms', 'bathrooms', 'year_built', 'lot_size']
Random controls: 10
GPU: True
============================================================

============================================================
LOADING DATA
============================================================
Loading activations from: /home/anshulk/Housing/data/activations/llama-3.2-3b_2_fewshot_cot_temp0_activations.npz
Activations shape: (5130, 28, 3072)
Feature columns: ['bathrooms_p1_more' 'bedrooms_p1_more' 'year_p1_newer' 'lot_p1_larger'
 'sqft_p1_larger' 'price_p1_higher']
Loading samples from: /home/anshulk/Housing/data/amnesic_samples/selected_samples_llama-3.2-3b_2_fewshot_cot_temp0.csv
Loaded 5130 samples
Using layer 25, shape: (5130, 3072)
Output dir: /home/anshulk/Housing/data/mp_results/llama-3.2-3b/layer_25

Feature label class balance:
  bedrooms: 30.29% positive
  bathrooms: 30.18% positive
  year_built: 46.63% positive
  lot_size: 48.44% positive
Price labels: 48.03% have property 1 more expensive

============================================================
STEP 1: ERASURE + VERIFICATION
============================================================

============================================================
MP erasure for feature: bedrooms
============================================================
Samples: 5130 (train: 3590, val: 513, test: 1027)
Class balance: 30.17% positive
Pre-erasure probe accuracy: 0.817
Rank removed: 1
Post-erasure probe accuracy: 0.699 (target: ~0.50)
Cosine similarity (original vs erased): 0.9851

============================================================
MP erasure for feature: bathrooms
============================================================
Samples: 5130 (train: 3590, val: 513, test: 1027)
Class balance: 30.03% positive
Pre-erasure probe accuracy: 0.733
Rank removed: 1
Post-erasure probe accuracy: 0.703 (target: ~0.50)
Cosine similarity (original vs erased): 0.9742

============================================================
MP erasure for feature: year_built
============================================================
Samples: 5130 (train: 3590, val: 513, test: 1027)
Class balance: 46.82% positive
Pre-erasure probe accuracy: 0.845
Rank removed: 1
Post-erasure probe accuracy: 0.532 (target: ~0.50)
Cosine similarity (original vs erased): 0.9709

============================================================
MP erasure for feature: lot_size
============================================================
Samples: 5130 (train: 3590, val: 513, test: 1027)
Class balance: 48.05% positive
Pre-erasure probe accuracy: 0.681
Rank removed: 1
Post-erasure probe accuracy: 0.520 (target: ~0.50)
Cosine similarity (original vs erased): 0.9758

Saved erasure info to: /home/anshulk/Housing/data/mp_results/llama-3.2-3b/layer_25/erasure_info.json

============================================================
STEP 2: INFORMATION CONTROL
============================================================

--- BASELINE ---
  Baseline: acc=0.6123, auc=0.6419

--- RANDOM CONTROLS (10 runs) ---
  Random control: mean drop=0.0003 +/- 0.0010

--- MP ---
  bedrooms: acc=0.5955, drop=0.0169, random=0.0003 -> PASS
  bathrooms: acc=0.5942, drop=0.0182, random=0.0003 -> PASS
  year_built: acc=0.5929, drop=0.0195, random=0.0003 -> PASS
  lot_size: acc=0.6149, drop=-0.0026, random=0.0003 -> FAIL

  ALL FEATURES:
  all_features: acc=0.6052, drop=0.0071

Saved results to: /home/anshulk/Housing/data/mp_results/llama-3.2-3b/layer_25/results.csv

============================================================
STEP 3: SELECTIVITY CONTROL
============================================================

--- SELECTIVITY CONTROL (MP) ---
  bedrooms: baseline=0.6117, erased=0.5974, recovered=0.5961 (0.0% recovery) -> PASS
  bathrooms: baseline=0.6117, erased=0.5942, recovered=0.6104 (92.6% recovery) -> PASS
  year_built: baseline=0.6117, erased=0.5935, recovered=0.6052 (64.3% recovery) -> PASS
  lot_size: baseline=0.6117, erased=0.6143, recovered=0.6110 (100.0% recovery) -> PASS

Saved selectivity to: /home/anshulk/Housing/data/mp_results/llama-3.2-3b/layer_25/selectivity.csv

============================================================
CORRECTNESS ANALYSIS
============================================================

Saved correctness analysis to: /home/anshulk/Housing/data/mp_results/llama-3.2-3b/layer_25/correctness.csv

============================================================
SUMMARY
============================================================

--- MP ---
Baseline accuracy: 0.6123
Random control drop: 0.0003

Feature verdicts:
  bedrooms:
    Probe: 0.8169425511197663
    Cosine sim: 0.9851406812667847
    Price drop: 0.0169
    Info control: PASS
    Selectivity: PASS (0.0%)
    Verdict: MINOR — bedrooms has minor causal contribution to pricing
  bathrooms:
    Probe: 0.7332035053554041
    Cosine sim: 0.9742089509963989
    Price drop: 0.0182
    Info control: PASS
    Selectivity: PASS (92.6%)
    Verdict: MINOR — bathrooms has minor causal contribution to pricing
  year_built:
    Probe: 0.8451801363193768
    Cosine sim: 0.9709305167198181
    Price drop: 0.0195
    Info control: PASS
    Selectivity: PASS (64.3%)
    Verdict: MINOR — year_built has minor causal contribution to pricing
  lot_size:
    Probe: 0.6806231742940604
    Cosine sim: 0.9757809042930603
    Price drop: -0.0026
    Info control: FAIL
    Selectivity: PASS (100.0%)
    Verdict: NOT_CAUSAL — Erasure of lot_size does not hurt more than random

Saved summary to: /home/anshulk/Housing/data/mp_results/llama-3.2-3b/layer_25/summary.json

============================================================
COMPLETE in 81s (1.4 min)
============================================================

>>> Llama layer 26 / 27
============================================================
AMNESIC PROBING WITH MP
============================================================
Model: llama-3.2-3b
Layer: 26
Methods: ['mp']
Features: ['bedrooms', 'bathrooms', 'year_built', 'lot_size']
Random controls: 10
GPU: True
============================================================

============================================================
LOADING DATA
============================================================
Loading activations from: /home/anshulk/Housing/data/activations/llama-3.2-3b_2_fewshot_cot_temp0_activations.npz
Activations shape: (5130, 28, 3072)
Feature columns: ['bathrooms_p1_more' 'bedrooms_p1_more' 'year_p1_newer' 'lot_p1_larger'
 'sqft_p1_larger' 'price_p1_higher']
Loading samples from: /home/anshulk/Housing/data/amnesic_samples/selected_samples_llama-3.2-3b_2_fewshot_cot_temp0.csv
Loaded 5130 samples
Using layer 26, shape: (5130, 3072)
Output dir: /home/anshulk/Housing/data/mp_results/llama-3.2-3b/layer_26

Feature label class balance:
  bedrooms: 30.29% positive
  bathrooms: 30.18% positive
  year_built: 46.63% positive
  lot_size: 48.44% positive
Price labels: 48.03% have property 1 more expensive

============================================================
STEP 1: ERASURE + VERIFICATION
============================================================

============================================================
MP erasure for feature: bedrooms
============================================================
Samples: 5130 (train: 3590, val: 513, test: 1027)
Class balance: 30.17% positive
Pre-erasure probe accuracy: 0.834
Rank removed: 1
Post-erasure probe accuracy: 0.699 (target: ~0.50)
Cosine similarity (original vs erased): 0.9865

============================================================
MP erasure for feature: bathrooms
============================================================
Samples: 5130 (train: 3590, val: 513, test: 1027)
Class balance: 30.03% positive
Pre-erasure probe accuracy: 0.758
Rank removed: 1
Post-erasure probe accuracy: 0.703 (target: ~0.50)
Cosine similarity (original vs erased): 0.9729

============================================================
MP erasure for feature: year_built
============================================================
Samples: 5130 (train: 3590, val: 513, test: 1027)
Class balance: 46.82% positive
Pre-erasure probe accuracy: 0.862
Rank removed: 1
Post-erasure probe accuracy: 0.532 (target: ~0.50)
Cosine similarity (original vs erased): 0.9688

============================================================
MP erasure for feature: lot_size
============================================================
Samples: 5130 (train: 3590, val: 513, test: 1027)
Class balance: 48.05% positive
Pre-erasure probe accuracy: 0.703
Rank removed: 1
Post-erasure probe accuracy: 0.520 (target: ~0.50)
Cosine similarity (original vs erased): 0.9721

Saved erasure info to: /home/anshulk/Housing/data/mp_results/llama-3.2-3b/layer_26/erasure_info.json

============================================================
STEP 2: INFORMATION CONTROL
============================================================

--- BASELINE ---
  Baseline: acc=0.6143, auc=0.6553

--- RANDOM CONTROLS (10 runs) ---
  Random control: mean drop=-0.0001 +/- 0.0012

--- MP ---
  bedrooms: acc=0.6000, drop=0.0143, random=-0.0001 -> PASS
  bathrooms: acc=0.5955, drop=0.0188, random=-0.0001 -> PASS
  year_built: acc=0.5974, drop=0.0169, random=-0.0001 -> PASS
  lot_size: acc=0.6097, drop=0.0045, random=-0.0001 -> PASS

  ALL FEATURES:
  all_features: acc=0.6097, drop=0.0045

Saved results to: /home/anshulk/Housing/data/mp_results/llama-3.2-3b/layer_26/results.csv

============================================================
STEP 3: SELECTIVITY CONTROL
============================================================

--- SELECTIVITY CONTROL (MP) ---
  bedrooms: baseline=0.6156, erased=0.6006, recovered=0.6175 (113.0% recovery) -> PASS
  bathrooms: baseline=0.6156, erased=0.5935, recovered=0.6175 (108.8% recovery) -> PASS
  year_built: baseline=0.6156, erased=0.5994, recovered=0.6214 (136.0% recovery) -> PASS
  lot_size: baseline=0.6156, erased=0.6097, recovered=0.6149 (88.9% recovery) -> PASS

Saved selectivity to: /home/anshulk/Housing/data/mp_results/llama-3.2-3b/layer_26/selectivity.csv

============================================================
CORRECTNESS ANALYSIS
============================================================

Saved correctness analysis to: /home/anshulk/Housing/data/mp_results/llama-3.2-3b/layer_26/correctness.csv

============================================================
SUMMARY
============================================================

--- MP ---
Baseline accuracy: 0.6143
Random control drop: -0.0001

Feature verdicts:
  bedrooms:
    Probe: 0.8344693281402142
    Cosine sim: 0.9865376353263855
    Price drop: 0.0143
    Info control: PASS
    Selectivity: PASS (113.0%)
    Verdict: MINOR — bedrooms has minor causal contribution to pricing
  bathrooms:
    Probe: 0.7575462512171373
    Cosine sim: 0.9728875756263733
    Price drop: 0.0188
    Info control: PASS
    Selectivity: PASS (108.8%)
    Verdict: MINOR — bathrooms has minor causal contribution to pricing
  year_built:
    Probe: 0.8617332035053554
    Cosine sim: 0.968792736530304
    Price drop: 0.0169
    Info control: PASS
    Selectivity: PASS (136.0%)
    Verdict: MINOR — year_built has minor causal contribution to pricing
  lot_size:
    Probe: 0.7030185004868549
    Cosine sim: 0.9721447229385376
    Price drop: 0.0045
    Info control: PASS
    Selectivity: PASS (88.9%)
    Verdict: NOT_USED — lot_size encoded but not used for pricing

Saved summary to: /home/anshulk/Housing/data/mp_results/llama-3.2-3b/layer_26/summary.json

============================================================
COMPLETE in 82s (1.4 min)
============================================================

>>> Llama layer 27 / 27
============================================================
AMNESIC PROBING WITH MP
============================================================
Model: llama-3.2-3b
Layer: 27
Methods: ['mp']
Features: ['bedrooms', 'bathrooms', 'year_built', 'lot_size']
Random controls: 10
GPU: True
============================================================

============================================================
LOADING DATA
============================================================
Loading activations from: /home/anshulk/Housing/data/activations/llama-3.2-3b_2_fewshot_cot_temp0_activations.npz
Activations shape: (5130, 28, 3072)
Feature columns: ['bathrooms_p1_more' 'bedrooms_p1_more' 'year_p1_newer' 'lot_p1_larger'
 'sqft_p1_larger' 'price_p1_higher']
Loading samples from: /home/anshulk/Housing/data/amnesic_samples/selected_samples_llama-3.2-3b_2_fewshot_cot_temp0.csv
Loaded 5130 samples
Using layer 27, shape: (5130, 3072)
Output dir: /home/anshulk/Housing/data/mp_results/llama-3.2-3b/layer_27

Feature label class balance:
  bedrooms: 30.29% positive
  bathrooms: 30.18% positive
  year_built: 46.63% positive
  lot_size: 48.44% positive
Price labels: 48.03% have property 1 more expensive

============================================================
STEP 1: ERASURE + VERIFICATION
============================================================

============================================================
MP erasure for feature: bedrooms
============================================================
Samples: 5130 (train: 3590, val: 513, test: 1027)
Class balance: 30.17% positive
Pre-erasure probe accuracy: 0.835
Rank removed: 1
Post-erasure probe accuracy: 0.699 (target: ~0.50)
Cosine similarity (original vs erased): 0.9785

============================================================
MP erasure for feature: bathrooms
============================================================
Samples: 5130 (train: 3590, val: 513, test: 1027)
Class balance: 30.03% positive
Pre-erasure probe accuracy: 0.761
Rank removed: 1
Post-erasure probe accuracy: 0.703 (target: ~0.50)
Cosine similarity (original vs erased): 0.9683

============================================================
MP erasure for feature: year_built
============================================================
Samples: 5130 (train: 3590, val: 513, test: 1027)
Class balance: 46.82% positive
Pre-erasure probe accuracy: 0.867
Rank removed: 1
Post-erasure probe accuracy: 0.532 (target: ~0.50)
Cosine similarity (original vs erased): 0.9568

============================================================
MP erasure for feature: lot_size
============================================================
Samples: 5130 (train: 3590, val: 513, test: 1027)
Class balance: 48.05% positive
Pre-erasure probe accuracy: 0.707
Rank removed: 1
Post-erasure probe accuracy: 0.520 (target: ~0.50)
Cosine similarity (original vs erased): 0.9617

Saved erasure info to: /home/anshulk/Housing/data/mp_results/llama-3.2-3b/layer_27/erasure_info.json

============================================================
STEP 2: INFORMATION CONTROL
============================================================

--- BASELINE ---
  Baseline: acc=0.6019, auc=0.6430

--- RANDOM CONTROLS (10 runs) ---
  Random control: mean drop=-0.0011 +/- 0.0012

--- MP ---
  bedrooms: acc=0.6045, drop=-0.0026, random=-0.0011 -> FAIL
  bathrooms: acc=0.5825, drop=0.0195, random=-0.0011 -> PASS
  year_built: acc=0.5935, drop=0.0084, random=-0.0011 -> PASS
  lot_size: acc=0.6013, drop=0.0006, random=-0.0011 -> PASS

  ALL FEATURES:
  all_features: acc=0.6071, drop=-0.0052

Saved results to: /home/anshulk/Housing/data/mp_results/llama-3.2-3b/layer_27/results.csv

============================================================
STEP 3: SELECTIVITY CONTROL
============================================================

--- SELECTIVITY CONTROL (MP) ---
  bedrooms: baseline=0.6019, erased=0.6058, recovered=0.5994 (100.0% recovery) -> PASS
  bathrooms: baseline=0.6019, erased=0.5818, recovered=0.6234 (200.0% recovery) -> PASS
  year_built: baseline=0.6019, erased=0.5942, recovered=0.6052 (141.7% recovery) -> PASS
  lot_size: baseline=0.6019, erased=0.6026, recovered=0.6117 (100.0% recovery) -> PASS

Saved selectivity to: /home/anshulk/Housing/data/mp_results/llama-3.2-3b/layer_27/selectivity.csv

============================================================
CORRECTNESS ANALYSIS
============================================================

Saved correctness analysis to: /home/anshulk/Housing/data/mp_results/llama-3.2-3b/layer_27/correctness.csv

============================================================
SUMMARY
============================================================

--- MP ---
Baseline accuracy: 0.6019
Random control drop: -0.0011

Feature verdicts:
  bedrooms:
    Probe: 0.8354430379746836
    Cosine sim: 0.9784563183784485
    Price drop: -0.0026
    Info control: FAIL
    Selectivity: PASS (100.0%)
    Verdict: NOT_CAUSAL — Erasure of bedrooms does not hurt more than random
  bathrooms:
    Probe: 0.7614410905550146
    Cosine sim: 0.9682518839836121
    Price drop: 0.0195
    Info control: PASS
    Selectivity: PASS (200.0%)
    Verdict: MINOR — bathrooms has minor causal contribution to pricing
  year_built:
    Probe: 0.866601752677702
    Cosine sim: 0.9567803144454956
    Price drop: 0.0084
    Info control: PASS
    Selectivity: PASS (141.7%)
    Verdict: NOT_USED — year_built encoded but not used for pricing
  lot_size:
    Probe: 0.7069133398247323
    Cosine sim: 0.9616954922676086
    Price drop: 0.0006
    Info control: PASS
    Selectivity: PASS (100.0%)
    Verdict: NOT_USED — lot_size encoded but not used for pricing

Saved summary to: /home/anshulk/Housing/data/mp_results/llama-3.2-3b/layer_27/summary.json

============================================================
COMPLETE in 83s (1.4 min)
============================================================

Llama complete (exit: 0)

============================================================
MP Amnesic Probing: Qwen3-4B (ALL 36 LAYERS)
  Method: MP | Features: all | Random controls: 10
============================================================

>>> Qwen layer 0 / 35
============================================================
AMNESIC PROBING WITH MP
============================================================
Model: qwen3-4b
Layer: 0
Methods: ['mp']
Features: ['bedrooms', 'bathrooms', 'year_built', 'lot_size']
Random controls: 10
GPU: True
============================================================

============================================================
LOADING DATA
============================================================
Loading activations from: /home/anshulk/Housing/data/activations/qwen3-4b_2_fewshot_cot_temp0_activations.npz
Activations shape: (5130, 36, 2560)
Feature columns: ['bathrooms_p1_more' 'bedrooms_p1_more' 'year_p1_newer' 'lot_p1_larger'
 'sqft_p1_larger' 'price_p1_higher']
Loading samples from: /home/anshulk/Housing/data/amnesic_samples/selected_samples_qwen3-4b_2_fewshot_cot_temp0.csv
Loaded 5130 samples
Using layer 0, shape: (5130, 2560)
Output dir: /home/anshulk/Housing/data/mp_results/qwen3-4b/layer_0

Feature label class balance:
  bedrooms: 30.29% positive
  bathrooms: 30.18% positive
  year_built: 46.63% positive
  lot_size: 48.44% positive
Price labels: 48.03% have property 1 more expensive

============================================================
STEP 1: ERASURE + VERIFICATION
============================================================

============================================================
MP erasure for feature: bedrooms
============================================================
Samples: 5130 (train: 3590, val: 513, test: 1027)
Class balance: 30.17% positive
Pre-erasure probe accuracy: 0.699
Rank removed: 1
Post-erasure probe accuracy: 0.699 (target: ~0.50)
Cosine similarity (original vs erased): 0.9867

============================================================
MP erasure for feature: bathrooms
============================================================
Samples: 5130 (train: 3590, val: 513, test: 1027)
Class balance: 30.03% positive
Pre-erasure probe accuracy: 0.703
Rank removed: 1
Post-erasure probe accuracy: 0.703 (target: ~0.50)
Cosine similarity (original vs erased): 0.9880

============================================================
MP erasure for feature: year_built
============================================================
Samples: 5130 (train: 3590, val: 513, test: 1027)
Class balance: 46.82% positive
Pre-erasure probe accuracy: 0.535
WARNING: Low encoding (0.535). Feature may not be linearly encoded.
Rank removed: 1
Post-erasure probe accuracy: 0.532 (target: ~0.50)
Cosine similarity (original vs erased): 0.9862

============================================================
MP erasure for feature: lot_size
============================================================
Samples: 5130 (train: 3590, val: 513, test: 1027)
Class balance: 48.05% positive
Pre-erasure probe accuracy: 0.519
WARNING: Low encoding (0.519). Feature may not be linearly encoded.
Rank removed: 1
Post-erasure probe accuracy: 0.520 (target: ~0.50)
Cosine similarity (original vs erased): 0.9511

Saved erasure info to: /home/anshulk/Housing/data/mp_results/qwen3-4b/layer_0/erasure_info.json

============================================================
STEP 2: INFORMATION CONTROL
============================================================

--- BASELINE ---
  Baseline: acc=0.5143, auc=0.5204

--- RANDOM CONTROLS (10 runs) ---
  Random control: mean drop=0.0010 +/- 0.0013

--- MP ---
  bedrooms: acc=0.5091, drop=0.0052, random=0.0010 -> PASS
  bathrooms: acc=0.5091, drop=0.0052, random=0.0010 -> PASS
  year_built: acc=0.5162, drop=-0.0019, random=0.0010 -> FAIL
  lot_size: acc=0.5188, drop=-0.0045, random=0.0010 -> FAIL

  ALL FEATURES:
  all_features: acc=0.5182, drop=-0.0039

Saved results to: /home/anshulk/Housing/data/mp_results/qwen3-4b/layer_0/results.csv

============================================================
STEP 3: SELECTIVITY CONTROL
============================================================

--- SELECTIVITY CONTROL (MP) ---
  bedrooms: baseline=0.5123, erased=0.5091, recovered=0.5604 (100.0% recovery) -> PASS
  bathrooms: baseline=0.5123, erased=0.5130, recovered=0.5903 (100.0% recovery) -> PASS
  year_built: baseline=0.5123, erased=0.5162, recovered=0.5448 (100.0% recovery) -> PASS
  lot_size: baseline=0.5123, erased=0.5208, recovered=0.5110 (115.4% recovery) -> PASS

Saved selectivity to: /home/anshulk/Housing/data/mp_results/qwen3-4b/layer_0/selectivity.csv

============================================================
CORRECTNESS ANALYSIS
============================================================
[W] [21:12:51.840513] L-BFGS stopped, because the line search failed to advance (step delta = 0.000000)

Saved correctness analysis to: /home/anshulk/Housing/data/mp_results/qwen3-4b/layer_0/correctness.csv

============================================================
SUMMARY
============================================================

--- MP ---
Baseline accuracy: 0.5143
Random control drop: 0.0010

Feature verdicts:
  bedrooms:
    Probe: 0.6991236611489776
    Cosine sim: 0.9866674542427063
    Price drop: 0.0052
    Info control: PASS
    Selectivity: PASS (100.0%)
    Verdict: NOT_USED — bedrooms encoded but not used for pricing
  bathrooms:
    Probe: 0.7030185004868549
    Cosine sim: 0.9879593849182129
    Price drop: 0.0052
    Info control: PASS
    Selectivity: PASS (100.0%)
    Verdict: NOT_USED — bathrooms encoded but not used for pricing
  year_built:
    Probe: 0.5345666991236612
    Cosine sim: 0.9861615896224976
    Price drop: -0.0019
    Info control: FAIL
    Selectivity: PASS (100.0%)
    Verdict: NOT_CAUSAL — Erasure of year_built does not hurt more than random
  lot_size:
    Probe: 0.5189873417721519
    Cosine sim: 0.9510523080825806
    Price drop: -0.0045
    Info control: FAIL
    Selectivity: PASS (115.4%)
    Verdict: NOT_CAUSAL — Erasure of lot_size does not hurt more than random

Saved summary to: /home/anshulk/Housing/data/mp_results/qwen3-4b/layer_0/summary.json

============================================================
COMPLETE in 56s (0.9 min)
============================================================

>>> Qwen layer 1 / 35
============================================================
AMNESIC PROBING WITH MP
============================================================
Model: qwen3-4b
Layer: 1
Methods: ['mp']
Features: ['bedrooms', 'bathrooms', 'year_built', 'lot_size']
Random controls: 10
GPU: True
============================================================

============================================================
LOADING DATA
============================================================
Loading activations from: /home/anshulk/Housing/data/activations/qwen3-4b_2_fewshot_cot_temp0_activations.npz
Activations shape: (5130, 36, 2560)
Feature columns: ['bathrooms_p1_more' 'bedrooms_p1_more' 'year_p1_newer' 'lot_p1_larger'
 'sqft_p1_larger' 'price_p1_higher']
Loading samples from: /home/anshulk/Housing/data/amnesic_samples/selected_samples_qwen3-4b_2_fewshot_cot_temp0.csv
Loaded 5130 samples
Using layer 1, shape: (5130, 2560)
Output dir: /home/anshulk/Housing/data/mp_results/qwen3-4b/layer_1

Feature label class balance:
  bedrooms: 30.29% positive
  bathrooms: 30.18% positive
  year_built: 46.63% positive
  lot_size: 48.44% positive
Price labels: 48.03% have property 1 more expensive

============================================================
STEP 1: ERASURE + VERIFICATION
============================================================

============================================================
MP erasure for feature: bedrooms
============================================================
Samples: 5130 (train: 3590, val: 513, test: 1027)
Class balance: 30.17% positive
Pre-erasure probe accuracy: 0.699
Rank removed: 1
Post-erasure probe accuracy: 0.699 (target: ~0.50)
Cosine similarity (original vs erased): 0.9876

============================================================
MP erasure for feature: bathrooms
============================================================
Samples: 5130 (train: 3590, val: 513, test: 1027)
Class balance: 30.03% positive
Pre-erasure probe accuracy: 0.703
Rank removed: 1
Post-erasure probe accuracy: 0.703 (target: ~0.50)
Cosine similarity (original vs erased): 0.9874

============================================================
MP erasure for feature: year_built
============================================================
Samples: 5130 (train: 3590, val: 513, test: 1027)
Class balance: 46.82% positive
Pre-erasure probe accuracy: 0.536
WARNING: Low encoding (0.536). Feature may not be linearly encoded.
Rank removed: 1
Post-erasure probe accuracy: 0.532 (target: ~0.50)
Cosine similarity (original vs erased): 0.9846

============================================================
MP erasure for feature: lot_size
============================================================
Samples: 5130 (train: 3590, val: 513, test: 1027)
Class balance: 48.05% positive
Pre-erasure probe accuracy: 0.528
WARNING: Low encoding (0.528). Feature may not be linearly encoded.
Rank removed: 1
Post-erasure probe accuracy: 0.520 (target: ~0.50)
Cosine similarity (original vs erased): 0.9578

Saved erasure info to: /home/anshulk/Housing/data/mp_results/qwen3-4b/layer_1/erasure_info.json

============================================================
STEP 2: INFORMATION CONTROL
============================================================

--- BASELINE ---
  Baseline: acc=0.5195, auc=0.5296

--- RANDOM CONTROLS (10 runs) ---
  Random control: mean drop=0.0010 +/- 0.0011

--- MP ---
  bedrooms: acc=0.5188, drop=0.0006, random=0.0010 -> FAIL
  bathrooms: acc=0.5175, drop=0.0019, random=0.0010 -> FAIL
  year_built: acc=0.5169, drop=0.0026, random=0.0010 -> PASS
  lot_size: acc=0.5195, drop=0.0000, random=0.0010 -> FAIL

  ALL FEATURES:
  all_features: acc=0.5169, drop=0.0026

Saved results to: /home/anshulk/Housing/data/mp_results/qwen3-4b/layer_1/results.csv

============================================================
STEP 3: SELECTIVITY CONTROL
============================================================

--- SELECTIVITY CONTROL (MP) ---
  bedrooms: baseline=0.5169, erased=0.5195, recovered=0.5623 (100.0% recovery) -> PASS
  bathrooms: baseline=0.5169, erased=0.5227, recovered=0.5961 (0.0% recovery) -> PASS
  year_built: baseline=0.5169, erased=0.5169, recovered=0.5409 (100.0% recovery) -> PASS
  lot_size: baseline=0.5169, erased=0.5182, recovered=0.5201 (100.0% recovery) -> PASS

Saved selectivity to: /home/anshulk/Housing/data/mp_results/qwen3-4b/layer_1/selectivity.csv

============================================================
CORRECTNESS ANALYSIS
============================================================
[W] [21:13:49.146900] L-BFGS stopped, because the line search failed to advance (step delta = 0.000000)

Saved correctness analysis to: /home/anshulk/Housing/data/mp_results/qwen3-4b/layer_1/correctness.csv

============================================================
SUMMARY
============================================================

--- MP ---
Baseline accuracy: 0.5195
Random control drop: 0.0010

Feature verdicts:
  bedrooms:
    Probe: 0.6991236611489776
    Cosine sim: 0.9876379370689392
    Price drop: 0.0006
    Info control: FAIL
    Selectivity: PASS (100.0%)
    Verdict: NOT_CAUSAL — Erasure of bedrooms does not hurt more than random
  bathrooms:
    Probe: 0.7030185004868549
    Cosine sim: 0.9873754978179932
    Price drop: 0.0019
    Info control: FAIL
    Selectivity: PASS (0.0%)
    Verdict: NOT_CAUSAL — Erasure of bathrooms does not hurt more than random
  year_built:
    Probe: 0.5355404089581305
    Cosine sim: 0.9845868349075317
    Price drop: 0.0026
    Info control: PASS
    Selectivity: PASS (100.0%)
    Verdict: NOT_USED — year_built encoded but not used for pricing
  lot_size:
    Probe: 0.5277507302823758
    Cosine sim: 0.9578392505645752
    Price drop: 0.0000
    Info control: FAIL
    Selectivity: PASS (100.0%)
    Verdict: NOT_CAUSAL — Erasure of lot_size does not hurt more than random

Saved summary to: /home/anshulk/Housing/data/mp_results/qwen3-4b/layer_1/summary.json

============================================================
COMPLETE in 58s (1.0 min)
============================================================

>>> Qwen layer 2 / 35
============================================================
AMNESIC PROBING WITH MP
============================================================
Model: qwen3-4b
Layer: 2
Methods: ['mp']
Features: ['bedrooms', 'bathrooms', 'year_built', 'lot_size']
Random controls: 10
GPU: True
============================================================

============================================================
LOADING DATA
============================================================
Loading activations from: /home/anshulk/Housing/data/activations/qwen3-4b_2_fewshot_cot_temp0_activations.npz
Activations shape: (5130, 36, 2560)
Feature columns: ['bathrooms_p1_more' 'bedrooms_p1_more' 'year_p1_newer' 'lot_p1_larger'
 'sqft_p1_larger' 'price_p1_higher']
Loading samples from: /home/anshulk/Housing/data/amnesic_samples/selected_samples_qwen3-4b_2_fewshot_cot_temp0.csv
Loaded 5130 samples
Using layer 2, shape: (5130, 2560)
Output dir: /home/anshulk/Housing/data/mp_results/qwen3-4b/layer_2

Feature label class balance:
  bedrooms: 30.29% positive
  bathrooms: 30.18% positive
  year_built: 46.63% positive
  lot_size: 48.44% positive
Price labels: 48.03% have property 1 more expensive

============================================================
STEP 1: ERASURE + VERIFICATION
============================================================

============================================================
MP erasure for feature: bedrooms
============================================================
Samples: 5130 (train: 3590, val: 513, test: 1027)
Class balance: 30.17% positive
Pre-erasure probe accuracy: 0.700
Rank removed: 1
Post-erasure probe accuracy: 0.699 (target: ~0.50)
Cosine similarity (original vs erased): 0.9885

============================================================
MP erasure for feature: bathrooms
============================================================
Samples: 5130 (train: 3590, val: 513, test: 1027)
Class balance: 30.03% positive
Pre-erasure probe accuracy: 0.701
Rank removed: 1
Post-erasure probe accuracy: 0.703 (target: ~0.50)
Cosine similarity (original vs erased): 0.9876

============================================================
MP erasure for feature: year_built
============================================================
Samples: 5130 (train: 3590, val: 513, test: 1027)
Class balance: 46.82% positive
Pre-erasure probe accuracy: 0.534
WARNING: Low encoding (0.534). Feature may not be linearly encoded.
Rank removed: 1
Post-erasure probe accuracy: 0.532 (target: ~0.50)
Cosine similarity (original vs erased): 0.9884

============================================================
MP erasure for feature: lot_size
============================================================
Samples: 5130 (train: 3590, val: 513, test: 1027)
Class balance: 48.05% positive
Pre-erasure probe accuracy: 0.530
WARNING: Low encoding (0.530). Feature may not be linearly encoded.
Rank removed: 1
Post-erasure probe accuracy: 0.520 (target: ~0.50)
Cosine similarity (original vs erased): 0.9613

Saved erasure info to: /home/anshulk/Housing/data/mp_results/qwen3-4b/layer_2/erasure_info.json

============================================================
STEP 2: INFORMATION CONTROL
============================================================

--- BASELINE ---
  Baseline: acc=0.5260, auc=0.5366

--- RANDOM CONTROLS (10 runs) ---
  Random control: mean drop=-0.0004 +/- 0.0011

--- MP ---
  bedrooms: acc=0.5286, drop=-0.0026, random=-0.0004 -> FAIL
  bathrooms: acc=0.5305, drop=-0.0045, random=-0.0004 -> FAIL
  year_built: acc=0.5286, drop=-0.0026, random=-0.0004 -> FAIL
  lot_size: acc=0.5279, drop=-0.0019, random=-0.0004 -> FAIL

  ALL FEATURES:
  all_features: acc=0.5312, drop=-0.0052

Saved results to: /home/anshulk/Housing/data/mp_results/qwen3-4b/layer_2/results.csv

============================================================
STEP 3: SELECTIVITY CONTROL
============================================================

--- SELECTIVITY CONTROL (MP) ---
  bedrooms: baseline=0.5234, erased=0.5305, recovered=0.5649 (0.0% recovery) -> PASS
  bathrooms: baseline=0.5234, erased=0.5312, recovered=0.5948 (0.0% recovery) -> PASS
  year_built: baseline=0.5234, erased=0.5305, recovered=0.5500 (0.0% recovery) -> PASS
  lot_size: baseline=0.5234, erased=0.5279, recovered=0.5227 (100.0% recovery) -> PASS

Saved selectivity to: /home/anshulk/Housing/data/mp_results/qwen3-4b/layer_2/selectivity.csv

============================================================
CORRECTNESS ANALYSIS
============================================================

Saved correctness analysis to: /home/anshulk/Housing/data/mp_results/qwen3-4b/layer_2/correctness.csv

============================================================
SUMMARY
============================================================

--- MP ---
Baseline accuracy: 0.5260
Random control drop: -0.0004

Feature verdicts:
  bedrooms:
    Probe: 0.7000973709834469
    Cosine sim: 0.9884698987007141
    Price drop: -0.0026
    Info control: FAIL
    Selectivity: PASS (0.0%)
    Verdict: NOT_CAUSAL — Erasure of bedrooms does not hurt more than random
  bathrooms:
    Probe: 0.7010710808179162
    Cosine sim: 0.9876291751861572
    Price drop: -0.0045
    Info control: FAIL
    Selectivity: PASS (0.0%)
    Verdict: NOT_CAUSAL — Erasure of bathrooms does not hurt more than random
  year_built:
    Probe: 0.5335929892891919
    Cosine sim: 0.9883606433868408
    Price drop: -0.0026
    Info control: FAIL
    Selectivity: PASS (0.0%)
    Verdict: NOT_CAUSAL — Erasure of year_built does not hurt more than random
  lot_size:
    Probe: 0.5296981499513145
    Cosine sim: 0.9612674117088318
    Price drop: -0.0019
    Info control: FAIL
    Selectivity: PASS (100.0%)
    Verdict: NOT_CAUSAL — Erasure of lot_size does not hurt more than random

Saved summary to: /home/anshulk/Housing/data/mp_results/qwen3-4b/layer_2/summary.json

============================================================
COMPLETE in 57s (0.9 min)
============================================================

>>> Qwen layer 3 / 35
============================================================
AMNESIC PROBING WITH MP
============================================================
Model: qwen3-4b
Layer: 3
Methods: ['mp']
Features: ['bedrooms', 'bathrooms', 'year_built', 'lot_size']
Random controls: 10
GPU: True
============================================================

============================================================
LOADING DATA
============================================================
Loading activations from: /home/anshulk/Housing/data/activations/qwen3-4b_2_fewshot_cot_temp0_activations.npz
Activations shape: (5130, 36, 2560)
Feature columns: ['bathrooms_p1_more' 'bedrooms_p1_more' 'year_p1_newer' 'lot_p1_larger'
 'sqft_p1_larger' 'price_p1_higher']
Loading samples from: /home/anshulk/Housing/data/amnesic_samples/selected_samples_qwen3-4b_2_fewshot_cot_temp0.csv
Loaded 5130 samples
Using layer 3, shape: (5130, 2560)
Output dir: /home/anshulk/Housing/data/mp_results/qwen3-4b/layer_3

Feature label class balance:
  bedrooms: 30.29% positive
  bathrooms: 30.18% positive
  year_built: 46.63% positive
  lot_size: 48.44% positive
Price labels: 48.03% have property 1 more expensive

============================================================
STEP 1: ERASURE + VERIFICATION
============================================================

============================================================
MP erasure for feature: bedrooms
============================================================
Samples: 5130 (train: 3590, val: 513, test: 1027)
Class balance: 30.17% positive
Pre-erasure probe accuracy: 0.700
Rank removed: 1
Post-erasure probe accuracy: 0.699 (target: ~0.50)
Cosine similarity (original vs erased): 0.9864

============================================================
MP erasure for feature: bathrooms
============================================================
Samples: 5130 (train: 3590, val: 513, test: 1027)
Class balance: 30.03% positive
Pre-erasure probe accuracy: 0.702
Rank removed: 1
Post-erasure probe accuracy: 0.703 (target: ~0.50)
Cosine similarity (original vs erased): 0.9872

============================================================
MP erasure for feature: year_built
============================================================
Samples: 5130 (train: 3590, val: 513, test: 1027)
Class balance: 46.82% positive
Pre-erasure probe accuracy: 0.537
WARNING: Low encoding (0.537). Feature may not be linearly encoded.
Rank removed: 1
Post-erasure probe accuracy: 0.532 (target: ~0.50)
Cosine similarity (original vs erased): 0.9874

============================================================
MP erasure for feature: lot_size
============================================================
Samples: 5130 (train: 3590, val: 513, test: 1027)
Class balance: 48.05% positive
Pre-erasure probe accuracy: 0.535
WARNING: Low encoding (0.535). Feature may not be linearly encoded.
Rank removed: 1
Post-erasure probe accuracy: 0.520 (target: ~0.50)
Cosine similarity (original vs erased): 0.9698

Saved erasure info to: /home/anshulk/Housing/data/mp_results/qwen3-4b/layer_3/erasure_info.json

============================================================
STEP 2: INFORMATION CONTROL
============================================================

--- BASELINE ---
  Baseline: acc=0.5260, auc=0.5373

--- RANDOM CONTROLS (10 runs) ---
  Random control: mean drop=0.0003 +/- 0.0016

--- MP ---
  bedrooms: acc=0.5292, drop=-0.0032, random=0.0003 -> FAIL
  bathrooms: acc=0.5286, drop=-0.0026, random=0.0003 -> FAIL
  year_built: acc=0.5208, drop=0.0052, random=0.0003 -> PASS
  lot_size: acc=0.5351, drop=-0.0091, random=0.0003 -> FAIL

  ALL FEATURES:
  all_features: acc=0.5331, drop=-0.0071

Saved results to: /home/anshulk/Housing/data/mp_results/qwen3-4b/layer_3/results.csv

============================================================
STEP 3: SELECTIVITY CONTROL
============================================================

--- SELECTIVITY CONTROL (MP) ---
  bedrooms: baseline=0.5266, erased=0.5279, recovered=0.5675 (100.0% recovery) -> PASS
  bathrooms: baseline=0.5266, erased=0.5279, recovered=0.5909 (100.0% recovery) -> PASS
  year_built: baseline=0.5266, erased=0.5234, recovered=0.5474 (100.0% recovery) -> PASS
  lot_size: baseline=0.5266, erased=0.5305, recovered=0.5318 (100.0% recovery) -> PASS

Saved selectivity to: /home/anshulk/Housing/data/mp_results/qwen3-4b/layer_3/selectivity.csv

============================================================
CORRECTNESS ANALYSIS
============================================================

Saved correctness analysis to: /home/anshulk/Housing/data/mp_results/qwen3-4b/layer_3/correctness.csv

============================================================
SUMMARY
============================================================

--- MP ---
Baseline accuracy: 0.5260
Random control drop: 0.0003

Feature verdicts:
  bedrooms:
    Probe: 0.7000973709834469
    Cosine sim: 0.9864194989204407
    Price drop: -0.0032
    Info control: FAIL
    Selectivity: PASS (100.0%)
    Verdict: NOT_CAUSAL — Erasure of bedrooms does not hurt more than random
  bathrooms:
    Probe: 0.7020447906523856
    Cosine sim: 0.987245500087738
    Price drop: -0.0026
    Info control: FAIL
    Selectivity: PASS (100.0%)
    Verdict: NOT_CAUSAL — Erasure of bathrooms does not hurt more than random
  year_built:
    Probe: 0.5374878286270691
    Cosine sim: 0.9873895645141602
    Price drop: 0.0052
    Info control: PASS
    Selectivity: PASS (100.0%)
    Verdict: NOT_USED — year_built encoded but not used for pricing
  lot_size:
    Probe: 0.5345666991236612
    Cosine sim: 0.969804048538208
    Price drop: -0.0091
    Info control: FAIL
    Selectivity: PASS (100.0%)
    Verdict: NOT_CAUSAL — Erasure of lot_size does not hurt more than random

Saved summary to: /home/anshulk/Housing/data/mp_results/qwen3-4b/layer_3/summary.json

============================================================
COMPLETE in 56s (0.9 min)
============================================================

>>> Qwen layer 4 / 35
============================================================
AMNESIC PROBING WITH MP
============================================================
Model: qwen3-4b
Layer: 4
Methods: ['mp']
Features: ['bedrooms', 'bathrooms', 'year_built', 'lot_size']
Random controls: 10
GPU: True
============================================================

============================================================
LOADING DATA
============================================================
Loading activations from: /home/anshulk/Housing/data/activations/qwen3-4b_2_fewshot_cot_temp0_activations.npz
Activations shape: (5130, 36, 2560)
Feature columns: ['bathrooms_p1_more' 'bedrooms_p1_more' 'year_p1_newer' 'lot_p1_larger'
 'sqft_p1_larger' 'price_p1_higher']
Loading samples from: /home/anshulk/Housing/data/amnesic_samples/selected_samples_qwen3-4b_2_fewshot_cot_temp0.csv
Loaded 5130 samples
Using layer 4, shape: (5130, 2560)
Output dir: /home/anshulk/Housing/data/mp_results/qwen3-4b/layer_4

Feature label class balance:
  bedrooms: 30.29% positive
  bathrooms: 30.18% positive
  year_built: 46.63% positive
  lot_size: 48.44% positive
Price labels: 48.03% have property 1 more expensive

============================================================
STEP 1: ERASURE + VERIFICATION
============================================================

============================================================
MP erasure for feature: bedrooms
============================================================
Samples: 5130 (train: 3590, val: 513, test: 1027)
Class balance: 30.17% positive
Pre-erasure probe accuracy: 0.701
Rank removed: 1
Post-erasure probe accuracy: 0.699 (target: ~0.50)
Cosine similarity (original vs erased): 0.9863

============================================================
MP erasure for feature: bathrooms
============================================================
Samples: 5130 (train: 3590, val: 513, test: 1027)
Class balance: 30.03% positive
Pre-erasure probe accuracy: 0.703
Rank removed: 1
Post-erasure probe accuracy: 0.703 (target: ~0.50)
Cosine similarity (original vs erased): 0.9901

============================================================
MP erasure for feature: year_built
============================================================
Samples: 5130 (train: 3590, val: 513, test: 1027)
Class balance: 46.82% positive
Pre-erasure probe accuracy: 0.536
WARNING: Low encoding (0.536). Feature may not be linearly encoded.
Rank removed: 1
Post-erasure probe accuracy: 0.532 (target: ~0.50)
Cosine similarity (original vs erased): 0.9879

============================================================
MP erasure for feature: lot_size
============================================================
Samples: 5130 (train: 3590, val: 513, test: 1027)
Class balance: 48.05% positive
Pre-erasure probe accuracy: 0.553
Rank removed: 1
Post-erasure probe accuracy: 0.520 (target: ~0.50)
Cosine similarity (original vs erased): 0.9782

Saved erasure info to: /home/anshulk/Housing/data/mp_results/qwen3-4b/layer_4/erasure_info.json

============================================================
STEP 2: INFORMATION CONTROL
============================================================

--- BASELINE ---
  Baseline: acc=0.5299, auc=0.5472

--- RANDOM CONTROLS (10 runs) ---
  Random control: mean drop=0.0006 +/- 0.0014

--- MP ---
  bedrooms: acc=0.5331, drop=-0.0032, random=0.0006 -> FAIL
  bathrooms: acc=0.5396, drop=-0.0097, random=0.0006 -> FAIL
  year_built: acc=0.5299, drop=0.0000, random=0.0006 -> FAIL
  lot_size: acc=0.5305, drop=-0.0006, random=0.0006 -> FAIL

  ALL FEATURES:
  all_features: acc=0.5318, drop=-0.0019

Saved results to: /home/anshulk/Housing/data/mp_results/qwen3-4b/layer_4/results.csv

============================================================
STEP 3: SELECTIVITY CONTROL
============================================================

--- SELECTIVITY CONTROL (MP) ---
  bedrooms: baseline=0.5286, erased=0.5299, recovered=0.5656 (100.0% recovery) -> PASS
  bathrooms: baseline=0.5286, erased=0.5364, recovered=0.5890 (0.0% recovery) -> PASS
  year_built: baseline=0.5286, erased=0.5312, recovered=0.5526 (100.0% recovery) -> PASS
  lot_size: baseline=0.5286, erased=0.5279, recovered=0.5370 (100.0% recovery) -> PASS

Saved selectivity to: /home/anshulk/Housing/data/mp_results/qwen3-4b/layer_4/selectivity.csv

============================================================
CORRECTNESS ANALYSIS
============================================================

Saved correctness analysis to: /home/anshulk/Housing/data/mp_results/qwen3-4b/layer_4/correctness.csv

============================================================
SUMMARY
============================================================

--- MP ---
Baseline accuracy: 0.5299
Random control drop: 0.0006

Feature verdicts:
  bedrooms:
    Probe: 0.7010710808179162
    Cosine sim: 0.986341118812561
    Price drop: -0.0032
    Info control: FAIL
    Selectivity: PASS (100.0%)
    Verdict: NOT_CAUSAL — Erasure of bedrooms does not hurt more than random
  bathrooms:
    Probe: 0.7030185004868549
    Cosine sim: 0.9900649189949036
    Price drop: -0.0097
    Info control: FAIL
    Selectivity: PASS (0.0%)
    Verdict: NOT_CAUSAL — Erasure of bathrooms does not hurt more than random
  year_built:
    Probe: 0.5355404089581305
    Cosine sim: 0.9879164695739746
    Price drop: 0.0000
    Info control: FAIL
    Selectivity: PASS (100.0%)
    Verdict: NOT_CAUSAL — Erasure of year_built does not hurt more than random
  lot_size:
    Probe: 0.5530671859785784
    Cosine sim: 0.9781628251075745
    Price drop: -0.0006
    Info control: FAIL
    Selectivity: PASS (100.0%)
    Verdict: NOT_CAUSAL — Erasure of lot_size does not hurt more than random

Saved summary to: /home/anshulk/Housing/data/mp_results/qwen3-4b/layer_4/summary.json

============================================================
COMPLETE in 55s (0.9 min)
============================================================

>>> Qwen layer 5 / 35
============================================================
AMNESIC PROBING WITH MP
============================================================
Model: qwen3-4b
Layer: 5
Methods: ['mp']
Features: ['bedrooms', 'bathrooms', 'year_built', 'lot_size']
Random controls: 10
GPU: True
============================================================

============================================================
LOADING DATA
============================================================
Loading activations from: /home/anshulk/Housing/data/activations/qwen3-4b_2_fewshot_cot_temp0_activations.npz
Activations shape: (5130, 36, 2560)
Feature columns: ['bathrooms_p1_more' 'bedrooms_p1_more' 'year_p1_newer' 'lot_p1_larger'
 'sqft_p1_larger' 'price_p1_higher']
Loading samples from: /home/anshulk/Housing/data/amnesic_samples/selected_samples_qwen3-4b_2_fewshot_cot_temp0.csv
Loaded 5130 samples
Using layer 5, shape: (5130, 2560)
Output dir: /home/anshulk/Housing/data/mp_results/qwen3-4b/layer_5

Feature label class balance:
  bedrooms: 30.29% positive
  bathrooms: 30.18% positive
  year_built: 46.63% positive
  lot_size: 48.44% positive
Price labels: 48.03% have property 1 more expensive

============================================================
STEP 1: ERASURE + VERIFICATION
============================================================

============================================================
MP erasure for feature: bedrooms
============================================================
Samples: 5130 (train: 3590, val: 513, test: 1027)
Class balance: 30.17% positive
Pre-erasure probe accuracy: 0.701
Rank removed: 1
Post-erasure probe accuracy: 0.699 (target: ~0.50)
Cosine similarity (original vs erased): 0.9856

============================================================
MP erasure for feature: bathrooms
============================================================
Samples: 5130 (train: 3590, val: 513, test: 1027)
Class balance: 30.03% positive
Pre-erasure probe accuracy: 0.702
Rank removed: 1
Post-erasure probe accuracy: 0.703 (target: ~0.50)
Cosine similarity (original vs erased): 0.9886

============================================================
MP erasure for feature: year_built
============================================================
Samples: 5130 (train: 3590, val: 513, test: 1027)
Class balance: 46.82% positive
Pre-erasure probe accuracy: 0.543
WARNING: Low encoding (0.543). Feature may not be linearly encoded.
Rank removed: 1
Post-erasure probe accuracy: 0.532 (target: ~0.50)
Cosine similarity (original vs erased): 0.9858

============================================================
MP erasure for feature: lot_size
============================================================
Samples: 5130 (train: 3590, val: 513, test: 1027)
Class balance: 48.05% positive
Pre-erasure probe accuracy: 0.550
Rank removed: 1
Post-erasure probe accuracy: 0.520 (target: ~0.50)
Cosine similarity (original vs erased): 0.9811

Saved erasure info to: /home/anshulk/Housing/data/mp_results/qwen3-4b/layer_5/erasure_info.json

============================================================
STEP 2: INFORMATION CONTROL
============================================================

--- BASELINE ---
  Baseline: acc=0.5273, auc=0.5473

--- RANDOM CONTROLS (10 runs) ---
  Random control: mean drop=-0.0010 +/- 0.0013

--- MP ---
  bedrooms: acc=0.5312, drop=-0.0039, random=-0.0010 -> FAIL
  bathrooms: acc=0.5312, drop=-0.0039, random=-0.0010 -> FAIL
  year_built: acc=0.5312, drop=-0.0039, random=-0.0010 -> FAIL
  lot_size: acc=0.5273, drop=0.0000, random=-0.0010 -> FAIL

  ALL FEATURES:
  all_features: acc=0.5253, drop=0.0019

Saved results to: /home/anshulk/Housing/data/mp_results/qwen3-4b/layer_5/results.csv

============================================================
STEP 3: SELECTIVITY CONTROL
============================================================

--- SELECTIVITY CONTROL (MP) ---
  bedrooms: baseline=0.5279, erased=0.5286, recovered=0.5623 (100.0% recovery) -> PASS
  bathrooms: baseline=0.5279, erased=0.5325, recovered=0.5825 (100.0% recovery) -> PASS
  year_built: baseline=0.5279, erased=0.5266, recovered=0.5552 (100.0% recovery) -> PASS
  lot_size: baseline=0.5279, erased=0.5279, recovered=0.5318 (100.0% recovery) -> PASS

Saved selectivity to: /home/anshulk/Housing/data/mp_results/qwen3-4b/layer_5/selectivity.csv

============================================================
CORRECTNESS ANALYSIS
============================================================

Saved correctness analysis to: /home/anshulk/Housing/data/mp_results/qwen3-4b/layer_5/correctness.csv

============================================================
SUMMARY
============================================================

--- MP ---
Baseline accuracy: 0.5273
Random control drop: -0.0010

Feature verdicts:
  bedrooms:
    Probe: 0.7010710808179162
    Cosine sim: 0.9855660796165466
    Price drop: -0.0039
    Info control: FAIL
    Selectivity: PASS (100.0%)
    Verdict: NOT_CAUSAL — Erasure of bedrooms does not hurt more than random
  bathrooms:
    Probe: 0.7020447906523856
    Cosine sim: 0.9885520339012146
    Price drop: -0.0039
    Info control: FAIL
    Selectivity: PASS (100.0%)
    Verdict: NOT_CAUSAL — Erasure of bathrooms does not hurt more than random
  year_built:
    Probe: 0.5433300876338851
    Cosine sim: 0.9857694506645203
    Price drop: -0.0039
    Info control: FAIL
    Selectivity: PASS (100.0%)
    Verdict: NOT_CAUSAL — Erasure of year_built does not hurt more than random
  lot_size:
    Probe: 0.5501460564751705
    Cosine sim: 0.9811169505119324
    Price drop: 0.0000
    Info control: FAIL
    Selectivity: PASS (100.0%)
    Verdict: NOT_CAUSAL — Erasure of lot_size does not hurt more than random

Saved summary to: /home/anshulk/Housing/data/mp_results/qwen3-4b/layer_5/summary.json

============================================================
COMPLETE in 54s (0.9 min)
============================================================

>>> Qwen layer 6 / 35
============================================================
AMNESIC PROBING WITH MP
============================================================
Model: qwen3-4b
Layer: 6
Methods: ['mp']
Features: ['bedrooms', 'bathrooms', 'year_built', 'lot_size']
Random controls: 10
GPU: True
============================================================

============================================================
LOADING DATA
============================================================
Loading activations from: /home/anshulk/Housing/data/activations/qwen3-4b_2_fewshot_cot_temp0_activations.npz
Activations shape: (5130, 36, 2560)
Feature columns: ['bathrooms_p1_more' 'bedrooms_p1_more' 'year_p1_newer' 'lot_p1_larger'
 'sqft_p1_larger' 'price_p1_higher']
Loading samples from: /home/anshulk/Housing/data/amnesic_samples/selected_samples_qwen3-4b_2_fewshot_cot_temp0.csv
Loaded 5130 samples
Using layer 6, shape: (5130, 2560)
Output dir: /home/anshulk/Housing/data/mp_results/qwen3-4b/layer_6

Feature label class balance:
  bedrooms: 30.29% positive
  bathrooms: 30.18% positive
  year_built: 46.63% positive
  lot_size: 48.44% positive
Price labels: 48.03% have property 1 more expensive

============================================================
STEP 1: ERASURE + VERIFICATION
============================================================

============================================================
MP erasure for feature: bedrooms
============================================================
Samples: 5130 (train: 3590, val: 513, test: 1027)
Class balance: 30.17% positive
Pre-erasure probe accuracy: 0.701
Rank removed: 1
Post-erasure probe accuracy: 0.699 (target: ~0.50)
Cosine similarity (original vs erased): 0.9833

============================================================
MP erasure for feature: bathrooms
============================================================
Samples: 5130 (train: 3590, val: 513, test: 1027)
Class balance: 30.03% positive
Pre-erasure probe accuracy: 0.702
Rank removed: 1
Post-erasure probe accuracy: 0.703 (target: ~0.50)
Cosine similarity (original vs erased): 0.9904

============================================================
MP erasure for feature: year_built
============================================================
Samples: 5130 (train: 3590, val: 513, test: 1027)
Class balance: 46.82% positive
Pre-erasure probe accuracy: 0.537
WARNING: Low encoding (0.537). Feature may not be linearly encoded.
Rank removed: 1
Post-erasure probe accuracy: 0.532 (target: ~0.50)
Cosine similarity (original vs erased): 0.9870

============================================================
MP erasure for feature: lot_size
============================================================
Samples: 5130 (train: 3590, val: 513, test: 1027)
Class balance: 48.05% positive
Pre-erasure probe accuracy: 0.564
Rank removed: 1
Post-erasure probe accuracy: 0.520 (target: ~0.50)
Cosine similarity (original vs erased): 0.9836

Saved erasure info to: /home/anshulk/Housing/data/mp_results/qwen3-4b/layer_6/erasure_info.json

============================================================
STEP 2: INFORMATION CONTROL
============================================================

--- BASELINE ---
  Baseline: acc=0.5305, auc=0.5503

--- RANDOM CONTROLS (10 runs) ---
  Random control: mean drop=0.0009 +/- 0.0015

--- MP ---
  bedrooms: acc=0.5299, drop=0.0006, random=0.0009 -> FAIL
  bathrooms: acc=0.5312, drop=-0.0006, random=0.0009 -> FAIL
  year_built: acc=0.5299, drop=0.0006, random=0.0009 -> FAIL
  lot_size: acc=0.5292, drop=0.0013, random=0.0009 -> FAIL

  ALL FEATURES:
  all_features: acc=0.5325, drop=-0.0019

Saved results to: /home/anshulk/Housing/data/mp_results/qwen3-4b/layer_6/results.csv

============================================================
STEP 3: SELECTIVITY CONTROL
============================================================

--- SELECTIVITY CONTROL (MP) ---
  bedrooms: baseline=0.5299, erased=0.5299, recovered=0.5584 (100.0% recovery) -> PASS
  bathrooms: baseline=0.5299, erased=0.5312, recovered=0.5851 (100.0% recovery) -> PASS
  year_built: baseline=0.5299, erased=0.5273, recovered=0.5604 (100.0% recovery) -> PASS
  lot_size: baseline=0.5299, erased=0.5312, recovered=0.5247 (100.0% recovery) -> PASS

Saved selectivity to: /home/anshulk/Housing/data/mp_results/qwen3-4b/layer_6/selectivity.csv

============================================================
CORRECTNESS ANALYSIS
============================================================

Saved correctness analysis to: /home/anshulk/Housing/data/mp_results/qwen3-4b/layer_6/correctness.csv

============================================================
SUMMARY
============================================================

--- MP ---
Baseline accuracy: 0.5305
Random control drop: 0.0009

Feature verdicts:
  bedrooms:
    Probe: 0.7010710808179162
    Cosine sim: 0.983265221118927
    Price drop: 0.0006
    Info control: FAIL
    Selectivity: PASS (100.0%)
    Verdict: NOT_CAUSAL — Erasure of bedrooms does not hurt more than random
  bathrooms:
    Probe: 0.7020447906523856
    Cosine sim: 0.9903659820556641
    Price drop: -0.0006
    Info control: FAIL
    Selectivity: PASS (100.0%)
    Verdict: NOT_CAUSAL — Erasure of bathrooms does not hurt more than random
  year_built:
    Probe: 0.5374878286270691
    Cosine sim: 0.9869881868362427
    Price drop: 0.0006
    Info control: FAIL
    Selectivity: PASS (100.0%)
    Verdict: NOT_CAUSAL — Erasure of year_built does not hurt more than random
  lot_size:
    Probe: 0.563777994157741
    Cosine sim: 0.9835995435714722
    Price drop: 0.0013
    Info control: FAIL
    Selectivity: PASS (100.0%)
    Verdict: NOT_CAUSAL — Erasure of lot_size does not hurt more than random

Saved summary to: /home/anshulk/Housing/data/mp_results/qwen3-4b/layer_6/summary.json

============================================================
COMPLETE in 55s (0.9 min)
============================================================

>>> Qwen layer 7 / 35
============================================================
AMNESIC PROBING WITH MP
============================================================
Model: qwen3-4b
Layer: 7
Methods: ['mp']
Features: ['bedrooms', 'bathrooms', 'year_built', 'lot_size']
Random controls: 10
GPU: True
============================================================

============================================================
LOADING DATA
============================================================
Loading activations from: /home/anshulk/Housing/data/activations/qwen3-4b_2_fewshot_cot_temp0_activations.npz
Activations shape: (5130, 36, 2560)
Feature columns: ['bathrooms_p1_more' 'bedrooms_p1_more' 'year_p1_newer' 'lot_p1_larger'
 'sqft_p1_larger' 'price_p1_higher']
Loading samples from: /home/anshulk/Housing/data/amnesic_samples/selected_samples_qwen3-4b_2_fewshot_cot_temp0.csv
Loaded 5130 samples
Using layer 7, shape: (5130, 2560)
Output dir: /home/anshulk/Housing/data/mp_results/qwen3-4b/layer_7

Feature label class balance:
  bedrooms: 30.29% positive
  bathrooms: 30.18% positive
  year_built: 46.63% positive
  lot_size: 48.44% positive
Price labels: 48.03% have property 1 more expensive

============================================================
STEP 1: ERASURE + VERIFICATION
============================================================

============================================================
MP erasure for feature: bedrooms
============================================================
Samples: 5130 (train: 3590, val: 513, test: 1027)
Class balance: 30.17% positive
Pre-erasure probe accuracy: 0.699
Rank removed: 1
Post-erasure probe accuracy: 0.699 (target: ~0.50)
Cosine similarity (original vs erased): 0.9796

============================================================
MP erasure for feature: bathrooms
============================================================
Samples: 5130 (train: 3590, val: 513, test: 1027)
Class balance: 30.03% positive
Pre-erasure probe accuracy: 0.699
Rank removed: 1
Post-erasure probe accuracy: 0.703 (target: ~0.50)
Cosine similarity (original vs erased): 0.9901

============================================================
MP erasure for feature: year_built
============================================================
Samples: 5130 (train: 3590, val: 513, test: 1027)
Class balance: 46.82% positive
Pre-erasure probe accuracy: 0.541
WARNING: Low encoding (0.541). Feature may not be linearly encoded.
Rank removed: 1
Post-erasure probe accuracy: 0.532 (target: ~0.50)
Cosine similarity (original vs erased): 0.9847

============================================================
MP erasure for feature: lot_size
============================================================
Samples: 5130 (train: 3590, val: 513, test: 1027)
Class balance: 48.05% positive
Pre-erasure probe accuracy: 0.558
Rank removed: 1
[W] [21:19:24.686636] L-BFGS stopped, because the line search failed to advance (step delta = 0.000000)
Post-erasure probe accuracy: 0.520 (target: ~0.50)
Cosine similarity (original vs erased): 0.9846

Saved erasure info to: /home/anshulk/Housing/data/mp_results/qwen3-4b/layer_7/erasure_info.json

============================================================
STEP 2: INFORMATION CONTROL
============================================================

--- BASELINE ---
  Baseline: acc=0.5325, auc=0.5494

--- RANDOM CONTROLS (10 runs) ---
  Random control: mean drop=-0.0005 +/- 0.0023

--- MP ---
  bedrooms: acc=0.5305, drop=0.0019, random=-0.0005 -> PASS
  bathrooms: acc=0.5247, drop=0.0078, random=-0.0005 -> PASS
  year_built: acc=0.5318, drop=0.0006, random=-0.0005 -> FAIL
  lot_size: acc=0.5325, drop=0.0000, random=-0.0005 -> FAIL

  ALL FEATURES:
  all_features: acc=0.5312, drop=0.0013

Saved results to: /home/anshulk/Housing/data/mp_results/qwen3-4b/layer_7/results.csv

============================================================
STEP 3: SELECTIVITY CONTROL
============================================================

--- SELECTIVITY CONTROL (MP) ---
  bedrooms: baseline=0.5331, erased=0.5312, recovered=0.5682 (100.0% recovery) -> PASS
  bathrooms: baseline=0.5331, erased=0.5234, recovered=0.5883 (200.0% recovery) -> PASS
  year_built: baseline=0.5331, erased=0.5364, recovered=0.5584 (100.0% recovery) -> PASS
  lot_size: baseline=0.5331, erased=0.5357, recovered=0.5377 (100.0% recovery) -> PASS

Saved selectivity to: /home/anshulk/Housing/data/mp_results/qwen3-4b/layer_7/selectivity.csv

============================================================
CORRECTNESS ANALYSIS
============================================================

Saved correctness analysis to: /home/anshulk/Housing/data/mp_results/qwen3-4b/layer_7/correctness.csv

============================================================
SUMMARY
============================================================

--- MP ---
Baseline accuracy: 0.5325
Random control drop: -0.0005

Feature verdicts:
  bedrooms:
    Probe: 0.6991236611489776
    Cosine sim: 0.979622483253479
    Price drop: 0.0019
    Info control: PASS
    Selectivity: PASS (100.0%)
    Verdict: NOT_USED — bedrooms encoded but not used for pricing
  bathrooms:
    Probe: 0.6991236611489776
    Cosine sim: 0.9900605082511902
    Price drop: 0.0078
    Info control: PASS
    Selectivity: PASS (200.0%)
    Verdict: NOT_USED — bathrooms encoded but not used for pricing
  year_built:
    Probe: 0.5413826679649465
    Cosine sim: 0.9846592545509338
    Price drop: 0.0006
    Info control: FAIL
    Selectivity: PASS (100.0%)
    Verdict: NOT_CAUSAL — Erasure of year_built does not hurt more than random
  lot_size:
    Probe: 0.557935735150925
    Cosine sim: 0.9846366047859192
    Price drop: 0.0000
    Info control: FAIL
    Selectivity: PASS (100.0%)
    Verdict: NOT_CAUSAL — Erasure of lot_size does not hurt more than random

Saved summary to: /home/anshulk/Housing/data/mp_results/qwen3-4b/layer_7/summary.json

============================================================
COMPLETE in 55s (0.9 min)
============================================================

>>> Qwen layer 8 / 35
============================================================
AMNESIC PROBING WITH MP
============================================================
Model: qwen3-4b
Layer: 8
Methods: ['mp']
Features: ['bedrooms', 'bathrooms', 'year_built', 'lot_size']
Random controls: 10
GPU: True
============================================================

============================================================
LOADING DATA
============================================================
Loading activations from: /home/anshulk/Housing/data/activations/qwen3-4b_2_fewshot_cot_temp0_activations.npz
Activations shape: (5130, 36, 2560)
Feature columns: ['bathrooms_p1_more' 'bedrooms_p1_more' 'year_p1_newer' 'lot_p1_larger'
 'sqft_p1_larger' 'price_p1_higher']
Loading samples from: /home/anshulk/Housing/data/amnesic_samples/selected_samples_qwen3-4b_2_fewshot_cot_temp0.csv
Loaded 5130 samples
Using layer 8, shape: (5130, 2560)
Output dir: /home/anshulk/Housing/data/mp_results/qwen3-4b/layer_8

Feature label class balance:
  bedrooms: 30.29% positive
  bathrooms: 30.18% positive
  year_built: 46.63% positive
  lot_size: 48.44% positive
Price labels: 48.03% have property 1 more expensive

============================================================
STEP 1: ERASURE + VERIFICATION
============================================================

============================================================
MP erasure for feature: bedrooms
============================================================
Samples: 5130 (train: 3590, val: 513, test: 1027)
Class balance: 30.17% positive
Pre-erasure probe accuracy: 0.699
Rank removed: 1
Post-erasure probe accuracy: 0.699 (target: ~0.50)
Cosine similarity (original vs erased): 0.9785

============================================================
MP erasure for feature: bathrooms
============================================================
Samples: 5130 (train: 3590, val: 513, test: 1027)
Class balance: 30.03% positive
Pre-erasure probe accuracy: 0.699
Rank removed: 1
Post-erasure probe accuracy: 0.703 (target: ~0.50)
Cosine similarity (original vs erased): 0.9869

============================================================
MP erasure for feature: year_built
============================================================
Samples: 5130 (train: 3590, val: 513, test: 1027)
Class balance: 46.82% positive
Pre-erasure probe accuracy: 0.553
Rank removed: 1
Post-erasure probe accuracy: 0.532 (target: ~0.50)
Cosine similarity (original vs erased): 0.9805

============================================================
MP erasure for feature: lot_size
============================================================
Samples: 5130 (train: 3590, val: 513, test: 1027)
Class balance: 48.05% positive
Pre-erasure probe accuracy: 0.557
Rank removed: 1
Post-erasure probe accuracy: 0.520 (target: ~0.50)
Cosine similarity (original vs erased): 0.9855

Saved erasure info to: /home/anshulk/Housing/data/mp_results/qwen3-4b/layer_8/erasure_info.json

============================================================
STEP 2: INFORMATION CONTROL
============================================================

--- BASELINE ---
  Baseline: acc=0.5227, auc=0.5568

--- RANDOM CONTROLS (10 runs) ---
  Random control: mean drop=-0.0001 +/- 0.0019

--- MP ---
  bedrooms: acc=0.5175, drop=0.0052, random=-0.0001 -> PASS
  bathrooms: acc=0.5201, drop=0.0026, random=-0.0001 -> PASS
  year_built: acc=0.5260, drop=-0.0032, random=-0.0001 -> FAIL
  lot_size: acc=0.5299, drop=-0.0071, random=-0.0001 -> FAIL

  ALL FEATURES:
  all_features: acc=0.5201, drop=0.0026

Saved results to: /home/anshulk/Housing/data/mp_results/qwen3-4b/layer_8/results.csv

============================================================
STEP 3: SELECTIVITY CONTROL
============================================================

--- SELECTIVITY CONTROL (MP) ---
  bedrooms: baseline=0.5240, erased=0.5195, recovered=0.5662 (100.0% recovery) -> PASS
  bathrooms: baseline=0.5240, erased=0.5208, recovered=0.5994 (100.0% recovery) -> PASS
  year_built: baseline=0.5240, erased=0.5279, recovered=0.5675 (100.0% recovery) -> PASS
  lot_size: baseline=0.5240, erased=0.5318, recovered=0.5273 (58.3% recovery) -> PASS

Saved selectivity to: /home/anshulk/Housing/data/mp_results/qwen3-4b/layer_8/selectivity.csv

============================================================
CORRECTNESS ANALYSIS
============================================================

Saved correctness analysis to: /home/anshulk/Housing/data/mp_results/qwen3-4b/layer_8/correctness.csv

============================================================
SUMMARY
============================================================

--- MP ---
Baseline accuracy: 0.5227
Random control drop: -0.0001

Feature verdicts:
  bedrooms:
    Probe: 0.6991236611489776
    Cosine sim: 0.9785009026527405
    Price drop: 0.0052
    Info control: PASS
    Selectivity: PASS (100.0%)
    Verdict: NOT_USED — bedrooms encoded but not used for pricing
  bathrooms:
    Probe: 0.6991236611489776
    Cosine sim: 0.9868967533111572
    Price drop: 0.0026
    Info control: PASS
    Selectivity: PASS (100.0%)
    Verdict: NOT_USED — bathrooms encoded but not used for pricing
  year_built:
    Probe: 0.5530671859785784
    Cosine sim: 0.9804995059967041
    Price drop: -0.0032
    Info control: FAIL
    Selectivity: PASS (100.0%)
    Verdict: NOT_CAUSAL — Erasure of year_built does not hurt more than random
  lot_size:
    Probe: 0.5569620253164557
    Cosine sim: 0.9855433702468872
    Price drop: -0.0071
    Info control: FAIL
    Selectivity: PASS (58.3%)
    Verdict: NOT_CAUSAL — Erasure of lot_size does not hurt more than random

Saved summary to: /home/anshulk/Housing/data/mp_results/qwen3-4b/layer_8/summary.json

============================================================
COMPLETE in 58s (1.0 min)
============================================================

>>> Qwen layer 9 / 35
============================================================
AMNESIC PROBING WITH MP
============================================================
Model: qwen3-4b
Layer: 9
Methods: ['mp']
Features: ['bedrooms', 'bathrooms', 'year_built', 'lot_size']
Random controls: 10
GPU: True
============================================================

============================================================
LOADING DATA
============================================================
Loading activations from: /home/anshulk/Housing/data/activations/qwen3-4b_2_fewshot_cot_temp0_activations.npz
Activations shape: (5130, 36, 2560)
Feature columns: ['bathrooms_p1_more' 'bedrooms_p1_more' 'year_p1_newer' 'lot_p1_larger'
 'sqft_p1_larger' 'price_p1_higher']
Loading samples from: /home/anshulk/Housing/data/amnesic_samples/selected_samples_qwen3-4b_2_fewshot_cot_temp0.csv
Loaded 5130 samples
Using layer 9, shape: (5130, 2560)
Output dir: /home/anshulk/Housing/data/mp_results/qwen3-4b/layer_9

Feature label class balance:
  bedrooms: 30.29% positive
  bathrooms: 30.18% positive
  year_built: 46.63% positive
  lot_size: 48.44% positive
Price labels: 48.03% have property 1 more expensive

============================================================
STEP 1: ERASURE + VERIFICATION
============================================================

============================================================
MP erasure for feature: bedrooms
============================================================
Samples: 5130 (train: 3590, val: 513, test: 1027)
Class balance: 30.17% positive
Pre-erasure probe accuracy: 0.699
Rank removed: 1
Post-erasure probe accuracy: 0.699 (target: ~0.50)
Cosine similarity (original vs erased): 0.9772

============================================================
MP erasure for feature: bathrooms
============================================================
Samples: 5130 (train: 3590, val: 513, test: 1027)
Class balance: 30.03% positive
Pre-erasure probe accuracy: 0.698
Rank removed: 1
Post-erasure probe accuracy: 0.703 (target: ~0.50)
Cosine similarity (original vs erased): 0.9873

============================================================
MP erasure for feature: year_built
============================================================
Samples: 5130 (train: 3590, val: 513, test: 1027)
Class balance: 46.82% positive
Pre-erasure probe accuracy: 0.556
Rank removed: 1
Post-erasure probe accuracy: 0.532 (target: ~0.50)
Cosine similarity (original vs erased): 0.9806

============================================================
MP erasure for feature: lot_size
============================================================
Samples: 5130 (train: 3590, val: 513, test: 1027)
Class balance: 48.05% positive
Pre-erasure probe accuracy: 0.565
Rank removed: 1
Post-erasure probe accuracy: 0.520 (target: ~0.50)
Cosine similarity (original vs erased): 0.9843

Saved erasure info to: /home/anshulk/Housing/data/mp_results/qwen3-4b/layer_9/erasure_info.json

============================================================
STEP 2: INFORMATION CONTROL
============================================================

--- BASELINE ---
  Baseline: acc=0.5325, auc=0.5540

--- RANDOM CONTROLS (10 runs) ---
  Random control: mean drop=0.0002 +/- 0.0006

--- MP ---
  bedrooms: acc=0.5266, drop=0.0058, random=0.0002 -> PASS
  bathrooms: acc=0.5292, drop=0.0032, random=0.0002 -> PASS
  year_built: acc=0.5396, drop=-0.0071, random=0.0002 -> FAIL
  lot_size: acc=0.5338, drop=-0.0013, random=0.0002 -> FAIL

  ALL FEATURES:
  all_features: acc=0.5299, drop=0.0026

Saved results to: /home/anshulk/Housing/data/mp_results/qwen3-4b/layer_9/results.csv

============================================================
STEP 3: SELECTIVITY CONTROL
============================================================

--- SELECTIVITY CONTROL (MP) ---
  bedrooms: baseline=0.5325, erased=0.5234, recovered=0.5747 (200.0% recovery) -> PASS
  bathrooms: baseline=0.5325, erased=0.5305, recovered=0.5883 (100.0% recovery) -> PASS
  year_built: baseline=0.5325, erased=0.5383, recovered=0.5565 (0.0% recovery) -> PASS
  lot_size: baseline=0.5325, erased=0.5338, recovered=0.5422 (100.0% recovery) -> PASS

Saved selectivity to: /home/anshulk/Housing/data/mp_results/qwen3-4b/layer_9/selectivity.csv

============================================================
CORRECTNESS ANALYSIS
============================================================

Saved correctness analysis to: /home/anshulk/Housing/data/mp_results/qwen3-4b/layer_9/correctness.csv

============================================================
SUMMARY
============================================================

--- MP ---
Baseline accuracy: 0.5325
Random control drop: 0.0002

Feature verdicts:
  bedrooms:
    Probe: 0.6991236611489776
    Cosine sim: 0.9771755933761597
    Price drop: 0.0058
    Info control: PASS
    Selectivity: PASS (200.0%)
    Verdict: NOT_USED — bedrooms encoded but not used for pricing
  bathrooms:
    Probe: 0.6981499513145083
    Cosine sim: 0.9873201251029968
    Price drop: 0.0032
    Info control: PASS
    Selectivity: PASS (100.0%)
    Verdict: NOT_USED — bathrooms encoded but not used for pricing
  year_built:
    Probe: 0.5559883154819864
    Cosine sim: 0.9805546998977661
    Price drop: -0.0071
    Info control: FAIL
    Selectivity: PASS (0.0%)
    Verdict: NOT_CAUSAL — Erasure of year_built does not hurt more than random
  lot_size:
    Probe: 0.5647517039922103
    Cosine sim: 0.9843370914459229
    Price drop: -0.0013
    Info control: FAIL
    Selectivity: PASS (100.0%)
    Verdict: NOT_CAUSAL — Erasure of lot_size does not hurt more than random

Saved summary to: /home/anshulk/Housing/data/mp_results/qwen3-4b/layer_9/summary.json

============================================================
COMPLETE in 57s (1.0 min)
============================================================

>>> Qwen layer 10 / 35
============================================================
AMNESIC PROBING WITH MP
============================================================
Model: qwen3-4b
Layer: 10
Methods: ['mp']
Features: ['bedrooms', 'bathrooms', 'year_built', 'lot_size']
Random controls: 10
GPU: True
============================================================

============================================================
LOADING DATA
============================================================
Loading activations from: /home/anshulk/Housing/data/activations/qwen3-4b_2_fewshot_cot_temp0_activations.npz
Activations shape: (5130, 36, 2560)
Feature columns: ['bathrooms_p1_more' 'bedrooms_p1_more' 'year_p1_newer' 'lot_p1_larger'
 'sqft_p1_larger' 'price_p1_higher']
Loading samples from: /home/anshulk/Housing/data/amnesic_samples/selected_samples_qwen3-4b_2_fewshot_cot_temp0.csv
Loaded 5130 samples
Using layer 10, shape: (5130, 2560)
Output dir: /home/anshulk/Housing/data/mp_results/qwen3-4b/layer_10

Feature label class balance:
  bedrooms: 30.29% positive
  bathrooms: 30.18% positive
  year_built: 46.63% positive
  lot_size: 48.44% positive
Price labels: 48.03% have property 1 more expensive

============================================================
STEP 1: ERASURE + VERIFICATION
============================================================

============================================================
MP erasure for feature: bedrooms
============================================================
Samples: 5130 (train: 3590, val: 513, test: 1027)
Class balance: 30.17% positive
Pre-erasure probe accuracy: 0.699
Rank removed: 1
Post-erasure probe accuracy: 0.699 (target: ~0.50)
Cosine similarity (original vs erased): 0.9743

============================================================
MP erasure for feature: bathrooms
============================================================
Samples: 5130 (train: 3590, val: 513, test: 1027)
Class balance: 30.03% positive
Pre-erasure probe accuracy: 0.703
Rank removed: 1
Post-erasure probe accuracy: 0.703 (target: ~0.50)
Cosine similarity (original vs erased): 0.9840

============================================================
MP erasure for feature: year_built
============================================================
Samples: 5130 (train: 3590, val: 513, test: 1027)
Class balance: 46.82% positive
Pre-erasure probe accuracy: 0.583
Rank removed: 1
Post-erasure probe accuracy: 0.532 (target: ~0.50)
Cosine similarity (original vs erased): 0.9788

============================================================
MP erasure for feature: lot_size
============================================================
Samples: 5130 (train: 3590, val: 513, test: 1027)
Class balance: 48.05% positive
Pre-erasure probe accuracy: 0.570
Rank removed: 1
Post-erasure probe accuracy: 0.520 (target: ~0.50)
Cosine similarity (original vs erased): 0.9838

Saved erasure info to: /home/anshulk/Housing/data/mp_results/qwen3-4b/layer_10/erasure_info.json

============================================================
STEP 2: INFORMATION CONTROL
============================================================

--- BASELINE ---
  Baseline: acc=0.5403, auc=0.5520

--- RANDOM CONTROLS (10 runs) ---
  Random control: mean drop=0.0005 +/- 0.0017

--- MP ---
  bedrooms: acc=0.5442, drop=-0.0039, random=0.0005 -> FAIL
  bathrooms: acc=0.5305, drop=0.0097, random=0.0005 -> PASS
  year_built: acc=0.5383, drop=0.0019, random=0.0005 -> FAIL
  lot_size: acc=0.5377, drop=0.0026, random=0.0005 -> PASS

  ALL FEATURES:
  all_features: acc=0.5377, drop=0.0026

Saved results to: /home/anshulk/Housing/data/mp_results/qwen3-4b/layer_10/results.csv

============================================================
STEP 3: SELECTIVITY CONTROL
============================================================

--- SELECTIVITY CONTROL (MP) ---
  bedrooms: baseline=0.5403, erased=0.5422, recovered=0.5701 (100.0% recovery) -> PASS
  bathrooms: baseline=0.5403, erased=0.5312, recovered=0.5844 (200.0% recovery) -> PASS
  year_built: baseline=0.5403, erased=0.5396, recovered=0.5571 (100.0% recovery) -> PASS
  lot_size: baseline=0.5403, erased=0.5370, recovered=0.5442 (100.0% recovery) -> PASS

Saved selectivity to: /home/anshulk/Housing/data/mp_results/qwen3-4b/layer_10/selectivity.csv

============================================================
CORRECTNESS ANALYSIS
============================================================

Saved correctness analysis to: /home/anshulk/Housing/data/mp_results/qwen3-4b/layer_10/correctness.csv

============================================================
SUMMARY
============================================================

--- MP ---
Baseline accuracy: 0.5403
Random control drop: 0.0005

Feature verdicts:
  bedrooms:
    Probe: 0.6991236611489776
    Cosine sim: 0.974250853061676
    Price drop: -0.0039
    Info control: FAIL
    Selectivity: PASS (100.0%)
    Verdict: NOT_CAUSAL — Erasure of bedrooms does not hurt more than random
  bathrooms:
    Probe: 0.7030185004868549
    Cosine sim: 0.9840355515480042
    Price drop: 0.0097
    Info control: PASS
    Selectivity: PASS (200.0%)
    Verdict: NOT_USED — bathrooms encoded but not used for pricing
  year_built:
    Probe: 0.5832521908471275
    Cosine sim: 0.9787977337837219
    Price drop: 0.0019
    Info control: FAIL
    Selectivity: PASS (100.0%)
    Verdict: NOT_CAUSAL — Erasure of year_built does not hurt more than random
  lot_size:
    Probe: 0.569620253164557
    Cosine sim: 0.9837755560874939
    Price drop: 0.0026
    Info control: PASS
    Selectivity: PASS (100.0%)
    Verdict: NOT_USED — lot_size encoded but not used for pricing

Saved summary to: /home/anshulk/Housing/data/mp_results/qwen3-4b/layer_10/summary.json

============================================================
COMPLETE in 59s (1.0 min)
============================================================

>>> Qwen layer 11 / 35
============================================================
AMNESIC PROBING WITH MP
============================================================
Model: qwen3-4b
Layer: 11
Methods: ['mp']
Features: ['bedrooms', 'bathrooms', 'year_built', 'lot_size']
Random controls: 10
GPU: True
============================================================

============================================================
LOADING DATA
============================================================
Loading activations from: /home/anshulk/Housing/data/activations/qwen3-4b_2_fewshot_cot_temp0_activations.npz
Activations shape: (5130, 36, 2560)
Feature columns: ['bathrooms_p1_more' 'bedrooms_p1_more' 'year_p1_newer' 'lot_p1_larger'
 'sqft_p1_larger' 'price_p1_higher']
Loading samples from: /home/anshulk/Housing/data/amnesic_samples/selected_samples_qwen3-4b_2_fewshot_cot_temp0.csv
Loaded 5130 samples
Using layer 11, shape: (5130, 2560)
Output dir: /home/anshulk/Housing/data/mp_results/qwen3-4b/layer_11

Feature label class balance:
  bedrooms: 30.29% positive
  bathrooms: 30.18% positive
  year_built: 46.63% positive
  lot_size: 48.44% positive
Price labels: 48.03% have property 1 more expensive

============================================================
STEP 1: ERASURE + VERIFICATION
============================================================

============================================================
MP erasure for feature: bedrooms
============================================================
Samples: 5130 (train: 3590, val: 513, test: 1027)
Class balance: 30.17% positive
Pre-erasure probe accuracy: 0.700
Rank removed: 1
Post-erasure probe accuracy: 0.699 (target: ~0.50)
Cosine similarity (original vs erased): 0.9745

============================================================
MP erasure for feature: bathrooms
============================================================
Samples: 5130 (train: 3590, val: 513, test: 1027)
Class balance: 30.03% positive
Pre-erasure probe accuracy: 0.702
Rank removed: 1
Post-erasure probe accuracy: 0.703 (target: ~0.50)
Cosine similarity (original vs erased): 0.9860

============================================================
MP erasure for feature: year_built
============================================================
Samples: 5130 (train: 3590, val: 513, test: 1027)
Class balance: 46.82% positive
Pre-erasure probe accuracy: 0.574
Rank removed: 1
Post-erasure probe accuracy: 0.532 (target: ~0.50)
Cosine similarity (original vs erased): 0.9797

============================================================
MP erasure for feature: lot_size
============================================================
Samples: 5130 (train: 3590, val: 513, test: 1027)
Class balance: 48.05% positive
Pre-erasure probe accuracy: 0.572
Rank removed: 1
Post-erasure probe accuracy: 0.520 (target: ~0.50)
Cosine similarity (original vs erased): 0.9844

Saved erasure info to: /home/anshulk/Housing/data/mp_results/qwen3-4b/layer_11/erasure_info.json

============================================================
STEP 2: INFORMATION CONTROL
============================================================

--- BASELINE ---
[W] [21:23:32.589273] L-BFGS stopped, because the line search failed to advance (step delta = 0.000000)
  Baseline: acc=0.5305, auc=0.5453

--- RANDOM CONTROLS (10 runs) ---
[W] [21:23:40.577410] L-BFGS line search failed (code 3); stopping at the last valid step
  Random control: mean drop=-0.0033 +/- 0.0011

--- MP ---
  bedrooms: acc=0.5390, drop=-0.0084, random=-0.0033 -> FAIL
  bathrooms: acc=0.5273, drop=0.0032, random=-0.0033 -> PASS
  year_built: acc=0.5396, drop=-0.0091, random=-0.0033 -> FAIL
  lot_size: acc=0.5364, drop=-0.0058, random=-0.0033 -> FAIL

  ALL FEATURES:
  all_features: acc=0.5364, drop=-0.0058

Saved results to: /home/anshulk/Housing/data/mp_results/qwen3-4b/layer_11/results.csv

============================================================
STEP 3: SELECTIVITY CONTROL
============================================================

--- SELECTIVITY CONTROL (MP) ---
  bedrooms: baseline=0.5344, erased=0.5377, recovered=0.5591 (100.0% recovery) -> PASS
  bathrooms: baseline=0.5344, erased=0.5286, recovered=0.5825 (200.0% recovery) -> PASS
  year_built: baseline=0.5344, erased=0.5403, recovered=0.5591 (0.0% recovery) -> PASS
  lot_size: baseline=0.5344, erased=0.5370, recovered=0.5390 (100.0% recovery) -> PASS

Saved selectivity to: /home/anshulk/Housing/data/mp_results/qwen3-4b/layer_11/selectivity.csv

============================================================
CORRECTNESS ANALYSIS
============================================================

Saved correctness analysis to: /home/anshulk/Housing/data/mp_results/qwen3-4b/layer_11/correctness.csv

============================================================
SUMMARY
============================================================

--- MP ---
Baseline accuracy: 0.5305
Random control drop: -0.0033

Feature verdicts:
  bedrooms:
    Probe: 0.7000973709834469
    Cosine sim: 0.9744924306869507
    Price drop: -0.0084
    Info control: FAIL
    Selectivity: PASS (100.0%)
    Verdict: NOT_CAUSAL — Erasure of bedrooms does not hurt more than random
  bathrooms:
    Probe: 0.7020447906523856
    Cosine sim: 0.9860157370567322
    Price drop: 0.0032
    Info control: PASS
    Selectivity: PASS (200.0%)
    Verdict: NOT_USED — bathrooms encoded but not used for pricing
  year_built:
    Probe: 0.5744888023369036
    Cosine sim: 0.9796555042266846
    Price drop: -0.0091
    Info control: FAIL
    Selectivity: PASS (0.0%)
    Verdict: NOT_CAUSAL — Erasure of year_built does not hurt more than random
  lot_size:
    Probe: 0.5715676728334956
    Cosine sim: 0.9844427704811096
    Price drop: -0.0058
    Info control: FAIL
    Selectivity: PASS (100.0%)
    Verdict: NOT_CAUSAL — Erasure of lot_size does not hurt more than random

Saved summary to: /home/anshulk/Housing/data/mp_results/qwen3-4b/layer_11/summary.json

============================================================
COMPLETE in 59s (1.0 min)
============================================================

>>> Qwen layer 12 / 35
============================================================
AMNESIC PROBING WITH MP
============================================================
Model: qwen3-4b
Layer: 12
Methods: ['mp']
Features: ['bedrooms', 'bathrooms', 'year_built', 'lot_size']
Random controls: 10
GPU: True
============================================================

============================================================
LOADING DATA
============================================================
Loading activations from: /home/anshulk/Housing/data/activations/qwen3-4b_2_fewshot_cot_temp0_activations.npz
Activations shape: (5130, 36, 2560)
Feature columns: ['bathrooms_p1_more' 'bedrooms_p1_more' 'year_p1_newer' 'lot_p1_larger'
 'sqft_p1_larger' 'price_p1_higher']
Loading samples from: /home/anshulk/Housing/data/amnesic_samples/selected_samples_qwen3-4b_2_fewshot_cot_temp0.csv
Loaded 5130 samples
Using layer 12, shape: (5130, 2560)
Output dir: /home/anshulk/Housing/data/mp_results/qwen3-4b/layer_12

Feature label class balance:
  bedrooms: 30.29% positive
  bathrooms: 30.18% positive
  year_built: 46.63% positive
  lot_size: 48.44% positive
Price labels: 48.03% have property 1 more expensive

============================================================
STEP 1: ERASURE + VERIFICATION
============================================================

============================================================
MP erasure for feature: bedrooms
============================================================
Samples: 5130 (train: 3590, val: 513, test: 1027)
Class balance: 30.17% positive
Pre-erasure probe accuracy: 0.701
Rank removed: 1
Post-erasure probe accuracy: 0.699 (target: ~0.50)
Cosine similarity (original vs erased): 0.9759

============================================================
MP erasure for feature: bathrooms
============================================================
Samples: 5130 (train: 3590, val: 513, test: 1027)
Class balance: 30.03% positive
Pre-erasure probe accuracy: 0.706
Rank removed: 1
Post-erasure probe accuracy: 0.703 (target: ~0.50)
Cosine similarity (original vs erased): 0.9854

============================================================
MP erasure for feature: year_built
============================================================
Samples: 5130 (train: 3590, val: 513, test: 1027)
Class balance: 46.82% positive
Pre-erasure probe accuracy: 0.611
Rank removed: 1
Post-erasure probe accuracy: 0.532 (target: ~0.50)
Cosine similarity (original vs erased): 0.9763

============================================================
MP erasure for feature: lot_size
============================================================
Samples: 5130 (train: 3590, val: 513, test: 1027)
Class balance: 48.05% positive
Pre-erasure probe accuracy: 0.560
Rank removed: 1
Post-erasure probe accuracy: 0.520 (target: ~0.50)
Cosine similarity (original vs erased): 0.9826

Saved erasure info to: /home/anshulk/Housing/data/mp_results/qwen3-4b/layer_12/erasure_info.json

============================================================
STEP 2: INFORMATION CONTROL
============================================================

--- BASELINE ---
  Baseline: acc=0.5318, auc=0.5467

--- RANDOM CONTROLS (10 runs) ---
  Random control: mean drop=-0.0015 +/- 0.0011

--- MP ---
  bedrooms: acc=0.5396, drop=-0.0078, random=-0.0015 -> FAIL
  bathrooms: acc=0.5260, drop=0.0058, random=-0.0015 -> PASS
  year_built: acc=0.5351, drop=-0.0032, random=-0.0015 -> FAIL
  lot_size: acc=0.5357, drop=-0.0039, random=-0.0015 -> FAIL

  ALL FEATURES:
  all_features: acc=0.5396, drop=-0.0078

Saved results to: /home/anshulk/Housing/data/mp_results/qwen3-4b/layer_12/results.csv

============================================================
STEP 3: SELECTIVITY CONTROL
============================================================

--- SELECTIVITY CONTROL (MP) ---
  bedrooms: baseline=0.5318, erased=0.5357, recovered=0.5532 (100.0% recovery) -> PASS
  bathrooms: baseline=0.5318, erased=0.5253, recovered=0.5877 (200.0% recovery) -> PASS
  year_built: baseline=0.5318, erased=0.5364, recovered=0.5578 (100.0% recovery) -> PASS
  lot_size: baseline=0.5318, erased=0.5364, recovered=0.5429 (100.0% recovery) -> PASS

Saved selectivity to: /home/anshulk/Housing/data/mp_results/qwen3-4b/layer_12/selectivity.csv

============================================================
CORRECTNESS ANALYSIS
============================================================

Saved correctness analysis to: /home/anshulk/Housing/data/mp_results/qwen3-4b/layer_12/correctness.csv

============================================================
SUMMARY
============================================================

--- MP ---
Baseline accuracy: 0.5318
Random control drop: -0.0015

Feature verdicts:
  bedrooms:
    Probe: 0.7010710808179162
    Cosine sim: 0.9759440422058105
    Price drop: -0.0078
    Info control: FAIL
    Selectivity: PASS (100.0%)
    Verdict: NOT_CAUSAL — Erasure of bedrooms does not hurt more than random
  bathrooms:
    Probe: 0.7059396299902629
    Cosine sim: 0.9853591918945312
    Price drop: 0.0058
    Info control: PASS
    Selectivity: PASS (200.0%)
    Verdict: NOT_USED — bathrooms encoded but not used for pricing
  year_built:
    Probe: 0.611489776046738
    Cosine sim: 0.9762932658195496
    Price drop: -0.0032
    Info control: FAIL
    Selectivity: PASS (100.0%)
    Verdict: NOT_CAUSAL — Erasure of year_built does not hurt more than random
  lot_size:
    Probe: 0.5598831548198637
    Cosine sim: 0.9825572967529297
    Price drop: -0.0039
    Info control: FAIL
    Selectivity: PASS (100.0%)
    Verdict: NOT_CAUSAL — Erasure of lot_size does not hurt more than random

Saved summary to: /home/anshulk/Housing/data/mp_results/qwen3-4b/layer_12/summary.json

============================================================
COMPLETE in 60s (1.0 min)
============================================================

>>> Qwen layer 13 / 35
============================================================
AMNESIC PROBING WITH MP
============================================================
Model: qwen3-4b
Layer: 13
Methods: ['mp']
Features: ['bedrooms', 'bathrooms', 'year_built', 'lot_size']
Random controls: 10
GPU: True
============================================================

============================================================
LOADING DATA
============================================================
Loading activations from: /home/anshulk/Housing/data/activations/qwen3-4b_2_fewshot_cot_temp0_activations.npz
Activations shape: (5130, 36, 2560)
Feature columns: ['bathrooms_p1_more' 'bedrooms_p1_more' 'year_p1_newer' 'lot_p1_larger'
 'sqft_p1_larger' 'price_p1_higher']
Loading samples from: /home/anshulk/Housing/data/amnesic_samples/selected_samples_qwen3-4b_2_fewshot_cot_temp0.csv
Loaded 5130 samples
Using layer 13, shape: (5130, 2560)
Output dir: /home/anshulk/Housing/data/mp_results/qwen3-4b/layer_13

Feature label class balance:
  bedrooms: 30.29% positive
  bathrooms: 30.18% positive
  year_built: 46.63% positive
  lot_size: 48.44% positive
Price labels: 48.03% have property 1 more expensive

============================================================
STEP 1: ERASURE + VERIFICATION
============================================================

============================================================
MP erasure for feature: bedrooms
============================================================
Samples: 5130 (train: 3590, val: 513, test: 1027)
Class balance: 30.17% positive
Pre-erasure probe accuracy: 0.705
Rank removed: 1
Post-erasure probe accuracy: 0.699 (target: ~0.50)
Cosine similarity (original vs erased): 0.9746

============================================================
MP erasure for feature: bathrooms
============================================================
Samples: 5130 (train: 3590, val: 513, test: 1027)
Class balance: 30.03% positive
Pre-erasure probe accuracy: 0.704
Rank removed: 1
Post-erasure probe accuracy: 0.703 (target: ~0.50)
Cosine similarity (original vs erased): 0.9860

============================================================
MP erasure for feature: year_built
============================================================
Samples: 5130 (train: 3590, val: 513, test: 1027)
Class balance: 46.82% positive
Pre-erasure probe accuracy: 0.617
Rank removed: 1
Post-erasure probe accuracy: 0.532 (target: ~0.50)
Cosine similarity (original vs erased): 0.9803

============================================================
MP erasure for feature: lot_size
============================================================
Samples: 5130 (train: 3590, val: 513, test: 1027)
Class balance: 48.05% positive
Pre-erasure probe accuracy: 0.560
Rank removed: 1
Post-erasure probe accuracy: 0.520 (target: ~0.50)
Cosine similarity (original vs erased): 0.9780

Saved erasure info to: /home/anshulk/Housing/data/mp_results/qwen3-4b/layer_13/erasure_info.json

============================================================
STEP 2: INFORMATION CONTROL
============================================================

--- BASELINE ---
  Baseline: acc=0.5448, auc=0.5625

--- RANDOM CONTROLS (10 runs) ---
  Random control: mean drop=0.0006 +/- 0.0008

--- MP ---
  bedrooms: acc=0.5422, drop=0.0026, random=0.0006 -> PASS
  bathrooms: acc=0.5312, drop=0.0136, random=0.0006 -> PASS
  year_built: acc=0.5506, drop=-0.0058, random=0.0006 -> FAIL
  lot_size: acc=0.5455, drop=-0.0006, random=0.0006 -> FAIL

  ALL FEATURES:
  all_features: acc=0.5416, drop=0.0032

Saved results to: /home/anshulk/Housing/data/mp_results/qwen3-4b/layer_13/results.csv

============================================================
STEP 3: SELECTIVITY CONTROL
============================================================

--- SELECTIVITY CONTROL (MP) ---
  bedrooms: baseline=0.5442, erased=0.5416, recovered=0.5688 (100.0% recovery) -> PASS
  bathrooms: baseline=0.5442, erased=0.5292, recovered=0.5935 (200.0% recovery) -> PASS
  year_built: baseline=0.5442, erased=0.5506, recovered=0.5604 (0.0% recovery) -> PASS
  lot_size: baseline=0.5442, erased=0.5487, recovered=0.5532 (100.0% recovery) -> PASS

Saved selectivity to: /home/anshulk/Housing/data/mp_results/qwen3-4b/layer_13/selectivity.csv

============================================================
CORRECTNESS ANALYSIS
============================================================

Saved correctness analysis to: /home/anshulk/Housing/data/mp_results/qwen3-4b/layer_13/correctness.csv

============================================================
SUMMARY
============================================================

--- MP ---
Baseline accuracy: 0.5448
Random control drop: 0.0006

Feature verdicts:
  bedrooms:
    Probe: 0.7049659201557936
    Cosine sim: 0.9746366739273071
    Price drop: 0.0026
    Info control: PASS
    Selectivity: PASS (100.0%)
    Verdict: NOT_USED — bedrooms encoded but not used for pricing
  bathrooms:
    Probe: 0.7039922103213242
    Cosine sim: 0.9860393404960632
    Price drop: 0.0136
    Info control: PASS
    Selectivity: PASS (200.0%)
    Verdict: MINOR — bathrooms has minor causal contribution to pricing
  year_built:
    Probe: 0.617332035053554
    Cosine sim: 0.9802547693252563
    Price drop: -0.0058
    Info control: FAIL
    Selectivity: PASS (0.0%)
    Verdict: NOT_CAUSAL — Erasure of year_built does not hurt more than random
  lot_size:
    Probe: 0.5598831548198637
    Cosine sim: 0.9780185222625732
    Price drop: -0.0006
    Info control: FAIL
    Selectivity: PASS (100.0%)
    Verdict: NOT_CAUSAL — Erasure of lot_size does not hurt more than random

Saved summary to: /home/anshulk/Housing/data/mp_results/qwen3-4b/layer_13/summary.json

============================================================
COMPLETE in 59s (1.0 min)
============================================================

>>> Qwen layer 14 / 35
============================================================
AMNESIC PROBING WITH MP
============================================================
Model: qwen3-4b
Layer: 14
Methods: ['mp']
Features: ['bedrooms', 'bathrooms', 'year_built', 'lot_size']
Random controls: 10
GPU: True
============================================================

============================================================
LOADING DATA
============================================================
Loading activations from: /home/anshulk/Housing/data/activations/qwen3-4b_2_fewshot_cot_temp0_activations.npz
Activations shape: (5130, 36, 2560)
Feature columns: ['bathrooms_p1_more' 'bedrooms_p1_more' 'year_p1_newer' 'lot_p1_larger'
 'sqft_p1_larger' 'price_p1_higher']
Loading samples from: /home/anshulk/Housing/data/amnesic_samples/selected_samples_qwen3-4b_2_fewshot_cot_temp0.csv
Loaded 5130 samples
Using layer 14, shape: (5130, 2560)
Output dir: /home/anshulk/Housing/data/mp_results/qwen3-4b/layer_14

Feature label class balance:
  bedrooms: 30.29% positive
  bathrooms: 30.18% positive
  year_built: 46.63% positive
  lot_size: 48.44% positive
Price labels: 48.03% have property 1 more expensive

============================================================
STEP 1: ERASURE + VERIFICATION
============================================================

============================================================
MP erasure for feature: bedrooms
============================================================
Samples: 5130 (train: 3590, val: 513, test: 1027)
Class balance: 30.17% positive
Pre-erasure probe accuracy: 0.711
Rank removed: 1
Post-erasure probe accuracy: 0.699 (target: ~0.50)
Cosine similarity (original vs erased): 0.9771

============================================================
MP erasure for feature: bathrooms
============================================================
Samples: 5130 (train: 3590, val: 513, test: 1027)
Class balance: 30.03% positive
Pre-erasure probe accuracy: 0.715
Rank removed: 1
Post-erasure probe accuracy: 0.703 (target: ~0.50)
Cosine similarity (original vs erased): 0.9827

============================================================
MP erasure for feature: year_built
============================================================
Samples: 5130 (train: 3590, val: 513, test: 1027)
Class balance: 46.82% positive
Pre-erasure probe accuracy: 0.666
Rank removed: 1
Post-erasure probe accuracy: 0.532 (target: ~0.50)
Cosine similarity (original vs erased): 0.9790

============================================================
MP erasure for feature: lot_size
============================================================
Samples: 5130 (train: 3590, val: 513, test: 1027)
Class balance: 48.05% positive
Pre-erasure probe accuracy: 0.594
Rank removed: 1
Post-erasure probe accuracy: 0.520 (target: ~0.50)
Cosine similarity (original vs erased): 0.9751

Saved erasure info to: /home/anshulk/Housing/data/mp_results/qwen3-4b/layer_14/erasure_info.json

============================================================
STEP 2: INFORMATION CONTROL
============================================================

--- BASELINE ---
  Baseline: acc=0.5539, auc=0.5826

--- RANDOM CONTROLS (10 runs) ---
  Random control: mean drop=-0.0003 +/- 0.0008

--- MP ---
  bedrooms: acc=0.5468, drop=0.0071, random=-0.0003 -> PASS
  bathrooms: acc=0.5416, drop=0.0123, random=-0.0003 -> PASS
  year_built: acc=0.5597, drop=-0.0058, random=-0.0003 -> FAIL
  lot_size: acc=0.5558, drop=-0.0019, random=-0.0003 -> FAIL

  ALL FEATURES:
  all_features: acc=0.5474, drop=0.0065

Saved results to: /home/anshulk/Housing/data/mp_results/qwen3-4b/layer_14/results.csv

============================================================
STEP 3: SELECTIVITY CONTROL
============================================================

--- SELECTIVITY CONTROL (MP) ---
  bedrooms: baseline=0.5552, erased=0.5474, recovered=0.5701 (200.0% recovery) -> PASS
  bathrooms: baseline=0.5552, erased=0.5442, recovered=0.5870 (200.0% recovery) -> PASS
  year_built: baseline=0.5552, erased=0.5584, recovered=0.5734 (100.0% recovery) -> PASS
  lot_size: baseline=0.5552, erased=0.5578, recovered=0.5558 (100.0% recovery) -> PASS

Saved selectivity to: /home/anshulk/Housing/data/mp_results/qwen3-4b/layer_14/selectivity.csv

============================================================
CORRECTNESS ANALYSIS
============================================================

Saved correctness analysis to: /home/anshulk/Housing/data/mp_results/qwen3-4b/layer_14/correctness.csv

============================================================
SUMMARY
============================================================

--- MP ---
Baseline accuracy: 0.5539
Random control drop: -0.0003

Feature verdicts:
  bedrooms:
    Probe: 0.7108081791626095
    Cosine sim: 0.9771233201026917
    Price drop: 0.0071
    Info control: PASS
    Selectivity: PASS (200.0%)
    Verdict: NOT_USED — bedrooms encoded but not used for pricing
  bathrooms:
    Probe: 0.7147030185004869
    Cosine sim: 0.9826553463935852
    Price drop: 0.0123
    Info control: PASS
    Selectivity: PASS (200.0%)
    Verdict: MINOR — bathrooms has minor causal contribution to pricing
  year_built:
    Probe: 0.6660175267770204
    Cosine sim: 0.9790048599243164
    Price drop: -0.0058
    Info control: FAIL
    Selectivity: PASS (100.0%)
    Verdict: NOT_CAUSAL — Erasure of year_built does not hurt more than random
  lot_size:
    Probe: 0.5939629990262901
    Cosine sim: 0.9751221537590027
    Price drop: -0.0019
    Info control: FAIL
    Selectivity: PASS (100.0%)
    Verdict: NOT_CAUSAL — Erasure of lot_size does not hurt more than random

Saved summary to: /home/anshulk/Housing/data/mp_results/qwen3-4b/layer_14/summary.json

============================================================
COMPLETE in 60s (1.0 min)
============================================================

>>> Qwen layer 15 / 35
============================================================
AMNESIC PROBING WITH MP
============================================================
Model: qwen3-4b
Layer: 15
Methods: ['mp']
Features: ['bedrooms', 'bathrooms', 'year_built', 'lot_size']
Random controls: 10
GPU: True
============================================================

============================================================
LOADING DATA
============================================================
Loading activations from: /home/anshulk/Housing/data/activations/qwen3-4b_2_fewshot_cot_temp0_activations.npz
Activations shape: (5130, 36, 2560)
Feature columns: ['bathrooms_p1_more' 'bedrooms_p1_more' 'year_p1_newer' 'lot_p1_larger'
 'sqft_p1_larger' 'price_p1_higher']
Loading samples from: /home/anshulk/Housing/data/amnesic_samples/selected_samples_qwen3-4b_2_fewshot_cot_temp0.csv
Loaded 5130 samples
Using layer 15, shape: (5130, 2560)
Output dir: /home/anshulk/Housing/data/mp_results/qwen3-4b/layer_15

Feature label class balance:
  bedrooms: 30.29% positive
  bathrooms: 30.18% positive
  year_built: 46.63% positive
  lot_size: 48.44% positive
Price labels: 48.03% have property 1 more expensive

============================================================
STEP 1: ERASURE + VERIFICATION
============================================================

============================================================
MP erasure for feature: bedrooms
============================================================
Samples: 5130 (train: 3590, val: 513, test: 1027)
Class balance: 30.17% positive
Pre-erasure probe accuracy: 0.719
Rank removed: 1
Post-erasure probe accuracy: 0.699 (target: ~0.50)
Cosine similarity (original vs erased): 0.9721

============================================================
MP erasure for feature: bathrooms
============================================================
Samples: 5130 (train: 3590, val: 513, test: 1027)
Class balance: 30.03% positive
Pre-erasure probe accuracy: 0.735
Rank removed: 1
Post-erasure probe accuracy: 0.703 (target: ~0.50)
Cosine similarity (original vs erased): 0.9814

============================================================
MP erasure for feature: year_built
============================================================
Samples: 5130 (train: 3590, val: 513, test: 1027)
Class balance: 46.82% positive
Pre-erasure probe accuracy: 0.705
Rank removed: 1
Post-erasure probe accuracy: 0.532 (target: ~0.50)
Cosine similarity (original vs erased): 0.9793

============================================================
MP erasure for feature: lot_size
============================================================
Samples: 5130 (train: 3590, val: 513, test: 1027)
Class balance: 48.05% positive
Pre-erasure probe accuracy: 0.620
Rank removed: 1
Post-erasure probe accuracy: 0.520 (target: ~0.50)
Cosine similarity (original vs erased): 0.9720

Saved erasure info to: /home/anshulk/Housing/data/mp_results/qwen3-4b/layer_15/erasure_info.json

============================================================
STEP 2: INFORMATION CONTROL
============================================================

--- BASELINE ---
  Baseline: acc=0.5649, auc=0.5941

--- RANDOM CONTROLS (10 runs) ---
  Random control: mean drop=0.0003 +/- 0.0010

--- MP ---
  bedrooms: acc=0.5630, drop=0.0019, random=0.0003 -> PASS
  bathrooms: acc=0.5500, drop=0.0149, random=0.0003 -> PASS
  year_built: acc=0.5591, drop=0.0058, random=0.0003 -> PASS
  lot_size: acc=0.5682, drop=-0.0032, random=0.0003 -> FAIL

  ALL FEATURES:
  all_features: acc=0.5727, drop=-0.0078

Saved results to: /home/anshulk/Housing/data/mp_results/qwen3-4b/layer_15/results.csv

============================================================
STEP 3: SELECTIVITY CONTROL
============================================================

--- SELECTIVITY CONTROL (MP) ---
  bedrooms: baseline=0.5656, erased=0.5617, recovered=0.5792 (100.0% recovery) -> PASS
  bathrooms: baseline=0.5656, erased=0.5513, recovered=0.5909 (200.0% recovery) -> PASS
  year_built: baseline=0.5656, erased=0.5552, recovered=0.5708 (150.0% recovery) -> PASS
  lot_size: baseline=0.5656, erased=0.5688, recovered=0.5734 (100.0% recovery) -> PASS

Saved selectivity to: /home/anshulk/Housing/data/mp_results/qwen3-4b/layer_15/selectivity.csv

============================================================
CORRECTNESS ANALYSIS
============================================================

Saved correctness analysis to: /home/anshulk/Housing/data/mp_results/qwen3-4b/layer_15/correctness.csv

============================================================
SUMMARY
============================================================

--- MP ---
Baseline accuracy: 0.5649
Random control drop: 0.0003

Feature verdicts:
  bedrooms:
    Probe: 0.7185978578383642
    Cosine sim: 0.9720525145530701
    Price drop: 0.0019
    Info control: PASS
    Selectivity: PASS (100.0%)
    Verdict: NOT_USED — bedrooms encoded but not used for pricing
  bathrooms:
    Probe: 0.7351509250243428
    Cosine sim: 0.981397271156311
    Price drop: 0.0149
    Info control: PASS
    Selectivity: PASS (200.0%)
    Verdict: MINOR — bathrooms has minor causal contribution to pricing
  year_built:
    Probe: 0.7049659201557936
    Cosine sim: 0.97926265001297
    Price drop: 0.0058
    Info control: PASS
    Selectivity: PASS (150.0%)
    Verdict: NOT_USED — year_built encoded but not used for pricing
  lot_size:
    Probe: 0.620253164556962
    Cosine sim: 0.9720466136932373
    Price drop: -0.0032
    Info control: FAIL
    Selectivity: PASS (100.0%)
    Verdict: NOT_CAUSAL — Erasure of lot_size does not hurt more than random

Saved summary to: /home/anshulk/Housing/data/mp_results/qwen3-4b/layer_15/summary.json

============================================================
COMPLETE in 60s (1.0 min)
============================================================

>>> Qwen layer 16 / 35
============================================================
AMNESIC PROBING WITH MP
============================================================
Model: qwen3-4b
Layer: 16
Methods: ['mp']
Features: ['bedrooms', 'bathrooms', 'year_built', 'lot_size']
Random controls: 10
GPU: True
============================================================

============================================================
LOADING DATA
============================================================
Loading activations from: /home/anshulk/Housing/data/activations/qwen3-4b_2_fewshot_cot_temp0_activations.npz
Activations shape: (5130, 36, 2560)
Feature columns: ['bathrooms_p1_more' 'bedrooms_p1_more' 'year_p1_newer' 'lot_p1_larger'
 'sqft_p1_larger' 'price_p1_higher']
Loading samples from: /home/anshulk/Housing/data/amnesic_samples/selected_samples_qwen3-4b_2_fewshot_cot_temp0.csv
Loaded 5130 samples
Using layer 16, shape: (5130, 2560)
Output dir: /home/anshulk/Housing/data/mp_results/qwen3-4b/layer_16

Feature label class balance:
  bedrooms: 30.29% positive
  bathrooms: 30.18% positive
  year_built: 46.63% positive
  lot_size: 48.44% positive
Price labels: 48.03% have property 1 more expensive

============================================================
STEP 1: ERASURE + VERIFICATION
============================================================

============================================================
MP erasure for feature: bedrooms
============================================================
Samples: 5130 (train: 3590, val: 513, test: 1027)
Class balance: 30.17% positive
Pre-erasure probe accuracy: 0.736
Rank removed: 1
Post-erasure probe accuracy: 0.699 (target: ~0.50)
Cosine similarity (original vs erased): 0.9747

============================================================
MP erasure for feature: bathrooms
============================================================
Samples: 5130 (train: 3590, val: 513, test: 1027)
Class balance: 30.03% positive
Pre-erasure probe accuracy: 0.747
Rank removed: 1
Post-erasure probe accuracy: 0.703 (target: ~0.50)
Cosine similarity (original vs erased): 0.9763

============================================================
MP erasure for feature: year_built
============================================================
Samples: 5130 (train: 3590, val: 513, test: 1027)
Class balance: 46.82% positive
Pre-erasure probe accuracy: 0.754
Rank removed: 1
Post-erasure probe accuracy: 0.532 (target: ~0.50)
Cosine similarity (original vs erased): 0.9771

============================================================
MP erasure for feature: lot_size
============================================================
Samples: 5130 (train: 3590, val: 513, test: 1027)
Class balance: 48.05% positive
Pre-erasure probe accuracy: 0.693
Rank removed: 1
Post-erasure probe accuracy: 0.520 (target: ~0.50)
Cosine similarity (original vs erased): 0.9749

Saved erasure info to: /home/anshulk/Housing/data/mp_results/qwen3-4b/layer_16/erasure_info.json

============================================================
STEP 2: INFORMATION CONTROL
============================================================

--- BASELINE ---
  Baseline: acc=0.5786, auc=0.6069

--- RANDOM CONTROLS (10 runs) ---
  Random control: mean drop=-0.0006 +/- 0.0009

--- MP ---
  bedrooms: acc=0.5662, drop=0.0123, random=-0.0006 -> PASS
  bathrooms: acc=0.5669, drop=0.0117, random=-0.0006 -> PASS
  year_built: acc=0.5714, drop=0.0071, random=-0.0006 -> PASS
  lot_size: acc=0.5812, drop=-0.0026, random=-0.0006 -> FAIL

  ALL FEATURES:
  all_features: acc=0.5734, drop=0.0052

Saved results to: /home/anshulk/Housing/data/mp_results/qwen3-4b/layer_16/results.csv

============================================================
STEP 3: SELECTIVITY CONTROL
============================================================

--- SELECTIVITY CONTROL (MP) ---
  bedrooms: baseline=0.5799, erased=0.5669, recovered=0.5831 (125.0% recovery) -> PASS
  bathrooms: baseline=0.5799, erased=0.5669, recovered=0.5955 (200.0% recovery) -> PASS
  year_built: baseline=0.5799, erased=0.5708, recovered=0.5792 (92.9% recovery) -> PASS
  lot_size: baseline=0.5799, erased=0.5818, recovered=0.5825 (100.0% recovery) -> PASS

Saved selectivity to: /home/anshulk/Housing/data/mp_results/qwen3-4b/layer_16/selectivity.csv

============================================================
CORRECTNESS ANALYSIS
============================================================

Saved correctness analysis to: /home/anshulk/Housing/data/mp_results/qwen3-4b/layer_16/correctness.csv

============================================================
SUMMARY
============================================================

--- MP ---
Baseline accuracy: 0.5786
Random control drop: -0.0006

Feature verdicts:
  bedrooms:
    Probe: 0.7361246348588121
    Cosine sim: 0.9747161865234375
    Price drop: 0.0123
    Info control: PASS
    Selectivity: PASS (125.0%)
    Verdict: MINOR — bedrooms has minor causal contribution to pricing
  bathrooms:
    Probe: 0.7468354430379747
    Cosine sim: 0.9762597680091858
    Price drop: 0.0117
    Info control: PASS
    Selectivity: PASS (200.0%)
    Verdict: MINOR — bathrooms has minor causal contribution to pricing
  year_built:
    Probe: 0.75365141187926
    Cosine sim: 0.9770888686180115
    Price drop: 0.0071
    Info control: PASS
    Selectivity: PASS (92.9%)
    Verdict: NOT_USED — year_built encoded but not used for pricing
  lot_size:
    Probe: 0.6932814021421616
    Cosine sim: 0.9749445915222168
    Price drop: -0.0026
    Info control: FAIL
    Selectivity: PASS (100.0%)
    Verdict: NOT_CAUSAL — Erasure of lot_size does not hurt more than random

Saved summary to: /home/anshulk/Housing/data/mp_results/qwen3-4b/layer_16/summary.json

============================================================
COMPLETE in 62s (1.0 min)
============================================================

>>> Qwen layer 17 / 35
============================================================
AMNESIC PROBING WITH MP
============================================================
Model: qwen3-4b
Layer: 17
Methods: ['mp']
Features: ['bedrooms', 'bathrooms', 'year_built', 'lot_size']
Random controls: 10
GPU: True
============================================================

============================================================
LOADING DATA
============================================================
Loading activations from: /home/anshulk/Housing/data/activations/qwen3-4b_2_fewshot_cot_temp0_activations.npz
Activations shape: (5130, 36, 2560)
Feature columns: ['bathrooms_p1_more' 'bedrooms_p1_more' 'year_p1_newer' 'lot_p1_larger'
 'sqft_p1_larger' 'price_p1_higher']
Loading samples from: /home/anshulk/Housing/data/amnesic_samples/selected_samples_qwen3-4b_2_fewshot_cot_temp0.csv
Loaded 5130 samples
Using layer 17, shape: (5130, 2560)
Output dir: /home/anshulk/Housing/data/mp_results/qwen3-4b/layer_17

Feature label class balance:
  bedrooms: 30.29% positive
  bathrooms: 30.18% positive
  year_built: 46.63% positive
  lot_size: 48.44% positive
Price labels: 48.03% have property 1 more expensive

============================================================
STEP 1: ERASURE + VERIFICATION
============================================================

============================================================
MP erasure for feature: bedrooms
============================================================
Samples: 5130 (train: 3590, val: 513, test: 1027)
Class balance: 30.17% positive
Pre-erasure probe accuracy: 0.756
Rank removed: 1
Post-erasure probe accuracy: 0.699 (target: ~0.50)
Cosine similarity (original vs erased): 0.9763

============================================================
MP erasure for feature: bathrooms
============================================================
Samples: 5130 (train: 3590, val: 513, test: 1027)
Class balance: 30.03% positive
Pre-erasure probe accuracy: 0.749
Rank removed: 1
Post-erasure probe accuracy: 0.703 (target: ~0.50)
Cosine similarity (original vs erased): 0.9707

============================================================
MP erasure for feature: year_built
============================================================
Samples: 5130 (train: 3590, val: 513, test: 1027)
Class balance: 46.82% positive
Pre-erasure probe accuracy: 0.770
Rank removed: 1
Post-erasure probe accuracy: 0.532 (target: ~0.50)
Cosine similarity (original vs erased): 0.9726

============================================================
MP erasure for feature: lot_size
============================================================
Samples: 5130 (train: 3590, val: 513, test: 1027)
Class balance: 48.05% positive
Pre-erasure probe accuracy: 0.713
Rank removed: 1
Post-erasure probe accuracy: 0.520 (target: ~0.50)
Cosine similarity (original vs erased): 0.9764

Saved erasure info to: /home/anshulk/Housing/data/mp_results/qwen3-4b/layer_17/erasure_info.json

============================================================
STEP 2: INFORMATION CONTROL
============================================================

--- BASELINE ---
  Baseline: acc=0.5773, auc=0.6032

--- RANDOM CONTROLS (10 runs) ---
  Random control: mean drop=0.0025 +/- 0.0014

--- MP ---
  bedrooms: acc=0.5734, drop=0.0039, random=0.0025 -> FAIL
  bathrooms: acc=0.5331, drop=0.0442, random=0.0025 -> PASS
  year_built: acc=0.5669, drop=0.0104, random=0.0025 -> PASS
  lot_size: acc=0.5740, drop=0.0032, random=0.0025 -> FAIL

  ALL FEATURES:
  all_features: acc=0.5740, drop=0.0032

Saved results to: /home/anshulk/Housing/data/mp_results/qwen3-4b/layer_17/results.csv

============================================================
STEP 3: SELECTIVITY CONTROL
============================================================

--- SELECTIVITY CONTROL (MP) ---
  bedrooms: baseline=0.5760, erased=0.5747, recovered=0.5844 (100.0% recovery) -> PASS
  bathrooms: baseline=0.5760, erased=0.5318, recovered=0.6045 (164.7% recovery) -> PASS
  year_built: baseline=0.5760, erased=0.5682, recovered=0.5688 (8.3% recovery) -> PASS
  lot_size: baseline=0.5760, erased=0.5734, recovered=0.5662 (100.0% recovery) -> PASS

Saved selectivity to: /home/anshulk/Housing/data/mp_results/qwen3-4b/layer_17/selectivity.csv

============================================================
CORRECTNESS ANALYSIS
============================================================

Saved correctness analysis to: /home/anshulk/Housing/data/mp_results/qwen3-4b/layer_17/correctness.csv

============================================================
SUMMARY
============================================================

--- MP ---
Baseline accuracy: 0.5773
Random control drop: 0.0025

Feature verdicts:
  bedrooms:
    Probe: 0.7555988315481986
    Cosine sim: 0.9763357639312744
    Price drop: 0.0039
    Info control: FAIL
    Selectivity: PASS (100.0%)
    Verdict: NOT_CAUSAL — Erasure of bedrooms does not hurt more than random
  bathrooms:
    Probe: 0.7487828627069133
    Cosine sim: 0.9707126021385193
    Price drop: 0.0442
    Info control: PASS
    Selectivity: PASS (164.7%)
    Verdict: SIGNIFICANT — bathrooms has significant causal contribution to pricing
  year_built:
    Probe: 0.7702044790652386
    Cosine sim: 0.9725629091262817
    Price drop: 0.0104
    Info control: PASS
    Selectivity: PASS (8.3%)
    Verdict: MINOR — year_built has minor causal contribution to pricing
  lot_size:
    Probe: 0.7127555988315482
    Cosine sim: 0.9764255881309509
    Price drop: 0.0032
    Info control: FAIL
    Selectivity: PASS (100.0%)
    Verdict: NOT_CAUSAL — Erasure of lot_size does not hurt more than random

Saved summary to: /home/anshulk/Housing/data/mp_results/qwen3-4b/layer_17/summary.json

============================================================
COMPLETE in 65s (1.1 min)
============================================================

>>> Qwen layer 18 / 35
============================================================
AMNESIC PROBING WITH MP
============================================================
Model: qwen3-4b
Layer: 18
Methods: ['mp']
Features: ['bedrooms', 'bathrooms', 'year_built', 'lot_size']
Random controls: 10
GPU: True
============================================================

============================================================
LOADING DATA
============================================================
Loading activations from: /home/anshulk/Housing/data/activations/qwen3-4b_2_fewshot_cot_temp0_activations.npz
Activations shape: (5130, 36, 2560)
Feature columns: ['bathrooms_p1_more' 'bedrooms_p1_more' 'year_p1_newer' 'lot_p1_larger'
 'sqft_p1_larger' 'price_p1_higher']
Loading samples from: /home/anshulk/Housing/data/amnesic_samples/selected_samples_qwen3-4b_2_fewshot_cot_temp0.csv
Loaded 5130 samples
Using layer 18, shape: (5130, 2560)
Output dir: /home/anshulk/Housing/data/mp_results/qwen3-4b/layer_18

Feature label class balance:
  bedrooms: 30.29% positive
  bathrooms: 30.18% positive
  year_built: 46.63% positive
  lot_size: 48.44% positive
Price labels: 48.03% have property 1 more expensive

============================================================
STEP 1: ERASURE + VERIFICATION
============================================================

============================================================
MP erasure for feature: bedrooms
============================================================
Samples: 5130 (train: 3590, val: 513, test: 1027)
Class balance: 30.17% positive
Pre-erasure probe accuracy: 0.801
Rank removed: 1
Post-erasure probe accuracy: 0.699 (target: ~0.50)
Cosine similarity (original vs erased): 0.9754

============================================================
MP erasure for feature: bathrooms
============================================================
Samples: 5130 (train: 3590, val: 513, test: 1027)
Class balance: 30.03% positive
Pre-erasure probe accuracy: 0.779
Rank removed: 1
Post-erasure probe accuracy: 0.703 (target: ~0.50)
Cosine similarity (original vs erased): 0.9826

============================================================
MP erasure for feature: year_built
============================================================
Samples: 5130 (train: 3590, val: 513, test: 1027)
Class balance: 46.82% positive
Pre-erasure probe accuracy: 0.811
Rank removed: 1
Post-erasure probe accuracy: 0.532 (target: ~0.50)
Cosine similarity (original vs erased): 0.9786

============================================================
MP erasure for feature: lot_size
============================================================
Samples: 5130 (train: 3590, val: 513, test: 1027)
Class balance: 48.05% positive
Pre-erasure probe accuracy: 0.757
Rank removed: 1
Post-erasure probe accuracy: 0.520 (target: ~0.50)
Cosine similarity (original vs erased): 0.9691

Saved erasure info to: /home/anshulk/Housing/data/mp_results/qwen3-4b/layer_18/erasure_info.json

============================================================
STEP 2: INFORMATION CONTROL
============================================================

--- BASELINE ---
  Baseline: acc=0.5727, auc=0.6036

--- RANDOM CONTROLS (10 runs) ---
  Random control: mean drop=0.0005 +/- 0.0011

--- MP ---
  bedrooms: acc=0.5682, drop=0.0045, random=0.0005 -> PASS
  bathrooms: acc=0.5630, drop=0.0097, random=0.0005 -> PASS
  year_built: acc=0.5656, drop=0.0071, random=0.0005 -> PASS
  lot_size: acc=0.5734, drop=-0.0006, random=0.0005 -> FAIL

  ALL FEATURES:
  all_features: acc=0.5623, drop=0.0104

Saved results to: /home/anshulk/Housing/data/mp_results/qwen3-4b/layer_18/results.csv

============================================================
STEP 3: SELECTIVITY CONTROL
============================================================

--- SELECTIVITY CONTROL (MP) ---
  bedrooms: baseline=0.5727, erased=0.5682, recovered=0.5792 (100.0% recovery) -> PASS
  bathrooms: baseline=0.5727, erased=0.5617, recovered=0.6058 (200.0% recovery) -> PASS
  year_built: baseline=0.5727, erased=0.5656, recovered=0.5721 (90.9% recovery) -> PASS
  lot_size: baseline=0.5727, erased=0.5740, recovered=0.5773 (100.0% recovery) -> PASS

Saved selectivity to: /home/anshulk/Housing/data/mp_results/qwen3-4b/layer_18/selectivity.csv

============================================================
CORRECTNESS ANALYSIS
============================================================

Saved correctness analysis to: /home/anshulk/Housing/data/mp_results/qwen3-4b/layer_18/correctness.csv

============================================================
SUMMARY
============================================================

--- MP ---
Baseline accuracy: 0.5727
Random control drop: 0.0005

Feature verdicts:
  bedrooms:
    Probe: 0.801363193768257
    Cosine sim: 0.9754185676574707
    Price drop: 0.0045
    Info control: PASS
    Selectivity: PASS (100.0%)
    Verdict: NOT_USED — bedrooms encoded but not used for pricing
  bathrooms:
    Probe: 0.7789678675754625
    Cosine sim: 0.9826030731201172
    Price drop: 0.0097
    Info control: PASS
    Selectivity: PASS (200.0%)
    Verdict: NOT_USED — bathrooms encoded but not used for pricing
  year_built:
    Probe: 0.8111002921129503
    Cosine sim: 0.9785948991775513
    Price drop: 0.0071
    Info control: PASS
    Selectivity: PASS (90.9%)
    Verdict: NOT_USED — year_built encoded but not used for pricing
  lot_size:
    Probe: 0.7565725413826679
    Cosine sim: 0.9691371321678162
    Price drop: -0.0006
    Info control: FAIL
    Selectivity: PASS (100.0%)
    Verdict: NOT_CAUSAL — Erasure of lot_size does not hurt more than random

Saved summary to: /home/anshulk/Housing/data/mp_results/qwen3-4b/layer_18/summary.json

============================================================
COMPLETE in 66s (1.1 min)
============================================================

>>> Qwen layer 19 / 35
============================================================
AMNESIC PROBING WITH MP
============================================================
Model: qwen3-4b
Layer: 19
Methods: ['mp']
Features: ['bedrooms', 'bathrooms', 'year_built', 'lot_size']
Random controls: 10
GPU: True
============================================================

============================================================
LOADING DATA
============================================================
Loading activations from: /home/anshulk/Housing/data/activations/qwen3-4b_2_fewshot_cot_temp0_activations.npz
Activations shape: (5130, 36, 2560)
Feature columns: ['bathrooms_p1_more' 'bedrooms_p1_more' 'year_p1_newer' 'lot_p1_larger'
 'sqft_p1_larger' 'price_p1_higher']
Loading samples from: /home/anshulk/Housing/data/amnesic_samples/selected_samples_qwen3-4b_2_fewshot_cot_temp0.csv
Loaded 5130 samples
Using layer 19, shape: (5130, 2560)
Output dir: /home/anshulk/Housing/data/mp_results/qwen3-4b/layer_19

Feature label class balance:
  bedrooms: 30.29% positive
  bathrooms: 30.18% positive
  year_built: 46.63% positive
  lot_size: 48.44% positive
Price labels: 48.03% have property 1 more expensive

============================================================
STEP 1: ERASURE + VERIFICATION
============================================================

============================================================
MP erasure for feature: bedrooms
============================================================
Samples: 5130 (train: 3590, val: 513, test: 1027)
Class balance: 30.17% positive
Pre-erasure probe accuracy: 0.859
Rank removed: 1
Post-erasure probe accuracy: 0.699 (target: ~0.50)
Cosine similarity (original vs erased): 0.9760

============================================================
MP erasure for feature: bathrooms
============================================================
Samples: 5130 (train: 3590, val: 513, test: 1027)
Class balance: 30.03% positive
Pre-erasure probe accuracy: 0.824
Rank removed: 1
Post-erasure probe accuracy: 0.703 (target: ~0.50)
Cosine similarity (original vs erased): 0.9832

============================================================
MP erasure for feature: year_built
============================================================
Samples: 5130 (train: 3590, val: 513, test: 1027)
Class balance: 46.82% positive
Pre-erasure probe accuracy: 0.900
Rank removed: 1
Post-erasure probe accuracy: 0.532 (target: ~0.50)
Cosine similarity (original vs erased): 0.9781

============================================================
MP erasure for feature: lot_size
============================================================
Samples: 5130 (train: 3590, val: 513, test: 1027)
Class balance: 48.05% positive
Pre-erasure probe accuracy: 0.816
Rank removed: 1
Post-erasure probe accuracy: 0.520 (target: ~0.50)
Cosine similarity (original vs erased): 0.9827

Saved erasure info to: /home/anshulk/Housing/data/mp_results/qwen3-4b/layer_19/erasure_info.json

============================================================
STEP 2: INFORMATION CONTROL
============================================================

--- BASELINE ---
  Baseline: acc=0.6104, auc=0.6403

--- RANDOM CONTROLS (10 runs) ---
  Random control: mean drop=-0.0007 +/- 0.0008

--- MP ---
  bedrooms: acc=0.6019, drop=0.0084, random=-0.0007 -> PASS
  bathrooms: acc=0.5903, drop=0.0201, random=-0.0007 -> PASS
  year_built: acc=0.6065, drop=0.0039, random=-0.0007 -> PASS
  lot_size: acc=0.6084, drop=0.0019, random=-0.0007 -> PASS

  ALL FEATURES:
  all_features: acc=0.6013, drop=0.0091

Saved results to: /home/anshulk/Housing/data/mp_results/qwen3-4b/layer_19/results.csv

============================================================
STEP 3: SELECTIVITY CONTROL
============================================================

--- SELECTIVITY CONTROL (MP) ---
  bedrooms: baseline=0.6091, erased=0.6026, recovered=0.6117 (140.0% recovery) -> PASS
  bathrooms: baseline=0.6091, erased=0.5916, recovered=0.6169 (144.4% recovery) -> PASS
  year_built: baseline=0.6091, erased=0.6058, recovered=0.5968 (100.0% recovery) -> PASS
  lot_size: baseline=0.6091, erased=0.6078, recovered=0.6130 (100.0% recovery) -> PASS

Saved selectivity to: /home/anshulk/Housing/data/mp_results/qwen3-4b/layer_19/selectivity.csv

============================================================
CORRECTNESS ANALYSIS
============================================================

Saved correctness analysis to: /home/anshulk/Housing/data/mp_results/qwen3-4b/layer_19/correctness.csv

============================================================
SUMMARY
============================================================

--- MP ---
Baseline accuracy: 0.6104
Random control drop: -0.0007

Feature verdicts:
  bedrooms:
    Probe: 0.8588120740019474
    Cosine sim: 0.976032018661499
    Price drop: 0.0084
    Info control: PASS
    Selectivity: PASS (140.0%)
    Verdict: NOT_USED — bedrooms encoded but not used for pricing
  bathrooms:
    Probe: 0.8237585199610516
    Cosine sim: 0.9832103252410889
    Price drop: 0.0201
    Info control: PASS
    Selectivity: PASS (144.4%)
    Verdict: MINOR — bathrooms has minor causal contribution to pricing
  year_built:
    Probe: 0.8997078870496592
    Cosine sim: 0.9781363606452942
    Price drop: 0.0039
    Info control: PASS
    Selectivity: PASS (100.0%)
    Verdict: NOT_USED — year_built encoded but not used for pricing
  lot_size:
    Probe: 0.815968841285297
    Cosine sim: 0.9826510548591614
    Price drop: 0.0019
    Info control: PASS
    Selectivity: PASS (100.0%)
    Verdict: NOT_USED — lot_size encoded but not used for pricing

Saved summary to: /home/anshulk/Housing/data/mp_results/qwen3-4b/layer_19/summary.json

============================================================
COMPLETE in 64s (1.1 min)
============================================================

>>> Qwen layer 20 / 35
============================================================
AMNESIC PROBING WITH MP
============================================================
Model: qwen3-4b
Layer: 20
Methods: ['mp']
Features: ['bedrooms', 'bathrooms', 'year_built', 'lot_size']
Random controls: 10
GPU: True
============================================================

============================================================
LOADING DATA
============================================================
Loading activations from: /home/anshulk/Housing/data/activations/qwen3-4b_2_fewshot_cot_temp0_activations.npz
Activations shape: (5130, 36, 2560)
Feature columns: ['bathrooms_p1_more' 'bedrooms_p1_more' 'year_p1_newer' 'lot_p1_larger'
 'sqft_p1_larger' 'price_p1_higher']
Loading samples from: /home/anshulk/Housing/data/amnesic_samples/selected_samples_qwen3-4b_2_fewshot_cot_temp0.csv
Loaded 5130 samples
Using layer 20, shape: (5130, 2560)
Output dir: /home/anshulk/Housing/data/mp_results/qwen3-4b/layer_20

Feature label class balance:
  bedrooms: 30.29% positive
  bathrooms: 30.18% positive
  year_built: 46.63% positive
  lot_size: 48.44% positive
Price labels: 48.03% have property 1 more expensive

============================================================
STEP 1: ERASURE + VERIFICATION
============================================================

============================================================
MP erasure for feature: bedrooms
============================================================
Samples: 5130 (train: 3590, val: 513, test: 1027)
Class balance: 30.17% positive
Pre-erasure probe accuracy: 0.876
Rank removed: 1
Post-erasure probe accuracy: 0.699 (target: ~0.50)
Cosine similarity (original vs erased): 0.9759

============================================================
MP erasure for feature: bathrooms
============================================================
Samples: 5130 (train: 3590, val: 513, test: 1027)
Class balance: 30.03% positive
[W] [21:33:16.355261] L-BFGS: max iterations reached
[W] [21:33:16.355307] Maximum iterations reached before solver is converged. To increase model accuracy you can increase the number of iterations (max_iter) or improve the scaling of the input data.
Pre-erasure probe accuracy: 0.837
Rank removed: 1
Post-erasure probe accuracy: 0.703 (target: ~0.50)
Cosine similarity (original vs erased): 0.9832

============================================================
MP erasure for feature: year_built
============================================================
Samples: 5130 (train: 3590, val: 513, test: 1027)
Class balance: 46.82% positive
Pre-erasure probe accuracy: 0.907
Rank removed: 1
Post-erasure probe accuracy: 0.532 (target: ~0.50)
Cosine similarity (original vs erased): 0.9780

============================================================
MP erasure for feature: lot_size
============================================================
Samples: 5130 (train: 3590, val: 513, test: 1027)
Class balance: 48.05% positive
Pre-erasure probe accuracy: 0.806
Rank removed: 1
Post-erasure probe accuracy: 0.520 (target: ~0.50)
Cosine similarity (original vs erased): 0.9841

Saved erasure info to: /home/anshulk/Housing/data/mp_results/qwen3-4b/layer_20/erasure_info.json

============================================================
STEP 2: INFORMATION CONTROL
============================================================

--- BASELINE ---
  Baseline: acc=0.6156, auc=0.6415

--- RANDOM CONTROLS (10 runs) ---
  Random control: mean drop=-0.0014 +/- 0.0014

--- MP ---
  bedrooms: acc=0.5987, drop=0.0169, random=-0.0014 -> PASS
  bathrooms: acc=0.5831, drop=0.0325, random=-0.0014 -> PASS
  year_built: acc=0.6097, drop=0.0058, random=-0.0014 -> PASS
  lot_size: acc=0.6052, drop=0.0104, random=-0.0014 -> PASS

  ALL FEATURES:
  all_features: acc=0.6019, drop=0.0136

Saved results to: /home/anshulk/Housing/data/mp_results/qwen3-4b/layer_20/results.csv

============================================================
STEP 3: SELECTIVITY CONTROL
============================================================

--- SELECTIVITY CONTROL (MP) ---
  bedrooms: baseline=0.6169, erased=0.5987, recovered=0.6065 (42.9% recovery) -> PASS
  bathrooms: baseline=0.6169, erased=0.5838, recovered=0.6175 (102.0% recovery) -> PASS
  year_built: baseline=0.6169, erased=0.6084, recovered=0.6065 (0.0% recovery) -> PASS
  lot_size: baseline=0.6169, erased=0.6052, recovered=0.6195 (122.2% recovery) -> PASS

Saved selectivity to: /home/anshulk/Housing/data/mp_results/qwen3-4b/layer_20/selectivity.csv

============================================================
CORRECTNESS ANALYSIS
============================================================

Saved correctness analysis to: /home/anshulk/Housing/data/mp_results/qwen3-4b/layer_20/correctness.csv

============================================================
SUMMARY
============================================================

--- MP ---
Baseline accuracy: 0.6156
Random control drop: -0.0014

Feature verdicts:
  bedrooms:
    Probe: 0.8763388510223953
    Cosine sim: 0.9759206175804138
    Price drop: 0.0169
    Info control: PASS
    Selectivity: PASS (42.9%)
    Verdict: MINOR — bedrooms has minor causal contribution to pricing
  bathrooms:
    Probe: 0.8373904576436222
    Cosine sim: 0.9831510782241821
    Price drop: 0.0325
    Info control: PASS
    Selectivity: PASS (102.0%)
    Verdict: SIGNIFICANT — bathrooms has significant causal contribution to pricing
  year_built:
    Probe: 0.9065238558909445
    Cosine sim: 0.9780159592628479
    Price drop: 0.0058
    Info control: PASS
    Selectivity: PASS (0.0%)
    Verdict: NOT_USED — year_built encoded but not used for pricing
  lot_size:
    Probe: 0.8062317429406037
    Cosine sim: 0.9841209053993225
    Price drop: 0.0104
    Info control: PASS
    Selectivity: PASS (122.2%)
    Verdict: MINOR — lot_size has minor causal contribution to pricing

Saved summary to: /home/anshulk/Housing/data/mp_results/qwen3-4b/layer_20/summary.json

============================================================
COMPLETE in 62s (1.0 min)
============================================================

>>> Qwen layer 21 / 35
============================================================
AMNESIC PROBING WITH MP
============================================================
Model: qwen3-4b
Layer: 21
Methods: ['mp']
Features: ['bedrooms', 'bathrooms', 'year_built', 'lot_size']
Random controls: 10
GPU: True
============================================================

============================================================
LOADING DATA
============================================================
Loading activations from: /home/anshulk/Housing/data/activations/qwen3-4b_2_fewshot_cot_temp0_activations.npz
Activations shape: (5130, 36, 2560)
Feature columns: ['bathrooms_p1_more' 'bedrooms_p1_more' 'year_p1_newer' 'lot_p1_larger'
 'sqft_p1_larger' 'price_p1_higher']
Loading samples from: /home/anshulk/Housing/data/amnesic_samples/selected_samples_qwen3-4b_2_fewshot_cot_temp0.csv
Loaded 5130 samples
Using layer 21, shape: (5130, 2560)
Output dir: /home/anshulk/Housing/data/mp_results/qwen3-4b/layer_21

Feature label class balance:
  bedrooms: 30.29% positive
  bathrooms: 30.18% positive
  year_built: 46.63% positive
  lot_size: 48.44% positive
Price labels: 48.03% have property 1 more expensive

============================================================
STEP 1: ERASURE + VERIFICATION
============================================================

============================================================
MP erasure for feature: bedrooms
============================================================
Samples: 5130 (train: 3590, val: 513, test: 1027)
Class balance: 30.17% positive
Pre-erasure probe accuracy: 0.882
Rank removed: 1
Post-erasure probe accuracy: 0.699 (target: ~0.50)
Cosine similarity (original vs erased): 0.9750

============================================================
MP erasure for feature: bathrooms
============================================================
Samples: 5130 (train: 3590, val: 513, test: 1027)
Class balance: 30.03% positive
Pre-erasure probe accuracy: 0.842
Rank removed: 1
Post-erasure probe accuracy: 0.703 (target: ~0.50)
Cosine similarity (original vs erased): 0.9841

============================================================
MP erasure for feature: year_built
============================================================
Samples: 5130 (train: 3590, val: 513, test: 1027)
Class balance: 46.82% positive
[W] [21:34:26.654681] L-BFGS stopped, because the line search failed to advance (step delta = 0.000000)
Pre-erasure probe accuracy: 0.899
Rank removed: 1
Post-erasure probe accuracy: 0.532 (target: ~0.50)
Cosine similarity (original vs erased): 0.9798

============================================================
MP erasure for feature: lot_size
============================================================
Samples: 5130 (train: 3590, val: 513, test: 1027)
Class balance: 48.05% positive
[W] [21:34:31.005297] L-BFGS: max iterations reached
[W] [21:34:31.005334] Maximum iterations reached before solver is converged. To increase model accuracy you can increase the number of iterations (max_iter) or improve the scaling of the input data.
Pre-erasure probe accuracy: 0.809
Rank removed: 1
Post-erasure probe accuracy: 0.520 (target: ~0.50)
Cosine similarity (original vs erased): 0.9826

Saved erasure info to: /home/anshulk/Housing/data/mp_results/qwen3-4b/layer_21/erasure_info.json

============================================================
STEP 2: INFORMATION CONTROL
============================================================

--- BASELINE ---
  Baseline: acc=0.6195, auc=0.6454

--- RANDOM CONTROLS (10 runs) ---
  Random control: mean drop=0.0003 +/- 0.0012

--- MP ---
  bedrooms: acc=0.6006, drop=0.0188, random=0.0003 -> PASS
  bathrooms: acc=0.5994, drop=0.0201, random=0.0003 -> PASS
  year_built: acc=0.6006, drop=0.0188, random=0.0003 -> PASS
  lot_size: acc=0.6097, drop=0.0097, random=0.0003 -> PASS

  ALL FEATURES:
  all_features: acc=0.6006, drop=0.0188

Saved results to: /home/anshulk/Housing/data/mp_results/qwen3-4b/layer_21/results.csv

============================================================
STEP 3: SELECTIVITY CONTROL
============================================================

--- SELECTIVITY CONTROL (MP) ---
  bedrooms: baseline=0.6195, erased=0.6006, recovered=0.6084 (41.4% recovery) -> PASS
  bathrooms: baseline=0.6195, erased=0.6000, recovered=0.6253 (130.0% recovery) -> PASS
  year_built: baseline=0.6195, erased=0.6000, recovered=0.6117 (60.0% recovery) -> PASS
  lot_size: baseline=0.6195, erased=0.6084, recovered=0.6143 (52.9% recovery) -> PASS

Saved selectivity to: /home/anshulk/Housing/data/mp_results/qwen3-4b/layer_21/selectivity.csv

============================================================
CORRECTNESS ANALYSIS
============================================================

Saved correctness analysis to: /home/anshulk/Housing/data/mp_results/qwen3-4b/layer_21/correctness.csv

============================================================
SUMMARY
============================================================

--- MP ---
Baseline accuracy: 0.6195
Random control drop: 0.0003

Feature verdicts:
  bedrooms:
    Probe: 0.8821811100292113
    Cosine sim: 0.9749741554260254
    Price drop: 0.0188
    Info control: PASS
    Selectivity: PASS (41.4%)
    Verdict: MINOR — bedrooms has minor causal contribution to pricing
  bathrooms:
    Probe: 0.8422590068159689
    Cosine sim: 0.9841141700744629
    Price drop: 0.0201
    Info control: PASS
    Selectivity: PASS (130.0%)
    Verdict: MINOR — bathrooms has minor causal contribution to pricing
  year_built:
    Probe: 0.8987341772151899
    Cosine sim: 0.9797801375389099
    Price drop: 0.0188
    Info control: PASS
    Selectivity: PASS (60.0%)
    Verdict: MINOR — year_built has minor causal contribution to pricing
  lot_size:
    Probe: 0.8091528724440117
    Cosine sim: 0.9826415181159973
    Price drop: 0.0097
    Info control: PASS
    Selectivity: PASS (52.9%)
    Verdict: NOT_USED — lot_size encoded but not used for pricing

Saved summary to: /home/anshulk/Housing/data/mp_results/qwen3-4b/layer_21/summary.json

============================================================
COMPLETE in 62s (1.0 min)
============================================================

>>> Qwen layer 22 / 35
============================================================
AMNESIC PROBING WITH MP
============================================================
Model: qwen3-4b
Layer: 22
Methods: ['mp']
Features: ['bedrooms', 'bathrooms', 'year_built', 'lot_size']
Random controls: 10
GPU: True
============================================================

============================================================
LOADING DATA
============================================================
Loading activations from: /home/anshulk/Housing/data/activations/qwen3-4b_2_fewshot_cot_temp0_activations.npz
Activations shape: (5130, 36, 2560)
Feature columns: ['bathrooms_p1_more' 'bedrooms_p1_more' 'year_p1_newer' 'lot_p1_larger'
 'sqft_p1_larger' 'price_p1_higher']
Loading samples from: /home/anshulk/Housing/data/amnesic_samples/selected_samples_qwen3-4b_2_fewshot_cot_temp0.csv
Loaded 5130 samples
Using layer 22, shape: (5130, 2560)
Output dir: /home/anshulk/Housing/data/mp_results/qwen3-4b/layer_22

Feature label class balance:
  bedrooms: 30.29% positive
  bathrooms: 30.18% positive
  year_built: 46.63% positive
  lot_size: 48.44% positive
Price labels: 48.03% have property 1 more expensive

============================================================
STEP 1: ERASURE + VERIFICATION
============================================================

============================================================
MP erasure for feature: bedrooms
============================================================
Samples: 5130 (train: 3590, val: 513, test: 1027)
Class balance: 30.17% positive
Pre-erasure probe accuracy: 0.881
Rank removed: 1
Post-erasure probe accuracy: 0.699 (target: ~0.50)
Cosine similarity (original vs erased): 0.9808

============================================================
MP erasure for feature: bathrooms
============================================================
Samples: 5130 (train: 3590, val: 513, test: 1027)
Class balance: 30.03% positive
Pre-erasure probe accuracy: 0.839
Rank removed: 1
Post-erasure probe accuracy: 0.703 (target: ~0.50)
Cosine similarity (original vs erased): 0.9821

============================================================
MP erasure for feature: year_built
============================================================
Samples: 5130 (train: 3590, val: 513, test: 1027)
Class balance: 46.82% positive
[W] [21:35:33.041827] L-BFGS: max iterations reached
[W] [21:35:33.041883] Maximum iterations reached before solver is converged. To increase model accuracy you can increase the number of iterations (max_iter) or improve the scaling of the input data.
Pre-erasure probe accuracy: 0.894
Rank removed: 1
Post-erasure probe accuracy: 0.532 (target: ~0.50)
Cosine similarity (original vs erased): 0.9805

============================================================
MP erasure for feature: lot_size
============================================================
Samples: 5130 (train: 3590, val: 513, test: 1027)
Class balance: 48.05% positive
[W] [21:35:37.339566] L-BFGS: max iterations reached
[W] [21:35:37.339592] Maximum iterations reached before solver is converged. To increase model accuracy you can increase the number of iterations (max_iter) or improve the scaling of the input data.
Pre-erasure probe accuracy: 0.804
Rank removed: 1
Post-erasure probe accuracy: 0.520 (target: ~0.50)
Cosine similarity (original vs erased): 0.9853

Saved erasure info to: /home/anshulk/Housing/data/mp_results/qwen3-4b/layer_22/erasure_info.json

============================================================
STEP 2: INFORMATION CONTROL
============================================================

--- BASELINE ---
  Baseline: acc=0.6045, auc=0.6426

--- RANDOM CONTROLS (10 runs) ---
[W] [21:35:47.769787] L-BFGS stopped, because the line search failed to advance (step delta = 0.000000)
  Random control: mean drop=-0.0015 +/- 0.0008

--- MP ---
  bedrooms: acc=0.5883, drop=0.0162, random=-0.0015 -> PASS
  bathrooms: acc=0.5890, drop=0.0156, random=-0.0015 -> PASS
  year_built: acc=0.5922, drop=0.0123, random=-0.0015 -> PASS
  lot_size: acc=0.6019, drop=0.0026, random=-0.0015 -> PASS

  ALL FEATURES:
  all_features: acc=0.5896, drop=0.0149

Saved results to: /home/anshulk/Housing/data/mp_results/qwen3-4b/layer_22/results.csv

============================================================
STEP 3: SELECTIVITY CONTROL
============================================================

--- SELECTIVITY CONTROL (MP) ---
  bedrooms: baseline=0.6065, erased=0.5896, recovered=0.5942 (26.9% recovery) -> PASS
  bathrooms: baseline=0.6065, erased=0.5896, recovered=0.6084 (111.5% recovery) -> PASS
  year_built: baseline=0.6065, erased=0.5935, recovered=0.6045 (85.0% recovery) -> PASS
  lot_size: baseline=0.6065, erased=0.6013, recovered=0.5994 (0.0% recovery) -> PASS

Saved selectivity to: /home/anshulk/Housing/data/mp_results/qwen3-4b/layer_22/selectivity.csv

============================================================
CORRECTNESS ANALYSIS
============================================================

Saved correctness analysis to: /home/anshulk/Housing/data/mp_results/qwen3-4b/layer_22/correctness.csv

============================================================
SUMMARY
============================================================

--- MP ---
Baseline accuracy: 0.6045
Random control drop: -0.0015

Feature verdicts:
  bedrooms:
    Probe: 0.881207400194742
    Cosine sim: 0.9807938933372498
    Price drop: 0.0162
    Info control: PASS
    Selectivity: PASS (26.9%)
    Verdict: MINOR — bedrooms has minor causal contribution to pricing
  bathrooms:
    Probe: 0.8393378773125608
    Cosine sim: 0.9820814728736877
    Price drop: 0.0156
    Info control: PASS
    Selectivity: PASS (111.5%)
    Verdict: MINOR — bathrooms has minor causal contribution to pricing
  year_built:
    Probe: 0.8938656280428432
    Cosine sim: 0.9805158972740173
    Price drop: 0.0123
    Info control: PASS
    Selectivity: PASS (85.0%)
    Verdict: MINOR — year_built has minor causal contribution to pricing
  lot_size:
    Probe: 0.804284323271665
    Cosine sim: 0.9853435754776001
    Price drop: 0.0026
    Info control: PASS
    Selectivity: PASS (0.0%)
    Verdict: NOT_USED — lot_size encoded but not used for pricing

Saved summary to: /home/anshulk/Housing/data/mp_results/qwen3-4b/layer_22/summary.json

============================================================
COMPLETE in 61s (1.0 min)
============================================================

>>> Qwen layer 23 / 35
============================================================
AMNESIC PROBING WITH MP
============================================================
Model: qwen3-4b
Layer: 23
Methods: ['mp']
Features: ['bedrooms', 'bathrooms', 'year_built', 'lot_size']
Random controls: 10
GPU: True
============================================================

============================================================
LOADING DATA
============================================================
Loading activations from: /home/anshulk/Housing/data/activations/qwen3-4b_2_fewshot_cot_temp0_activations.npz
Activations shape: (5130, 36, 2560)
Feature columns: ['bathrooms_p1_more' 'bedrooms_p1_more' 'year_p1_newer' 'lot_p1_larger'
 'sqft_p1_larger' 'price_p1_higher']
Loading samples from: /home/anshulk/Housing/data/amnesic_samples/selected_samples_qwen3-4b_2_fewshot_cot_temp0.csv
Loaded 5130 samples
Using layer 23, shape: (5130, 2560)
Output dir: /home/anshulk/Housing/data/mp_results/qwen3-4b/layer_23

Feature label class balance:
  bedrooms: 30.29% positive
  bathrooms: 30.18% positive
  year_built: 46.63% positive
  lot_size: 48.44% positive
Price labels: 48.03% have property 1 more expensive

============================================================
STEP 1: ERASURE + VERIFICATION
============================================================

============================================================
MP erasure for feature: bedrooms
============================================================
Samples: 5130 (train: 3590, val: 513, test: 1027)
Class balance: 30.17% positive
[W] [21:36:29.862315] L-BFGS: max iterations reached
[W] [21:36:29.862358] Maximum iterations reached before solver is converged. To increase model accuracy you can increase the number of iterations (max_iter) or improve the scaling of the input data.
Pre-erasure probe accuracy: 0.898
Rank removed: 1
Post-erasure probe accuracy: 0.699 (target: ~0.50)
Cosine similarity (original vs erased): 0.9797

============================================================
MP erasure for feature: bathrooms
============================================================
Samples: 5130 (train: 3590, val: 513, test: 1027)
Class balance: 30.03% positive
[W] [21:36:34.240305] L-BFGS: max iterations reached
[W] [21:36:34.240347] Maximum iterations reached before solver is converged. To increase model accuracy you can increase the number of iterations (max_iter) or improve the scaling of the input data.
Pre-erasure probe accuracy: 0.844
Rank removed: 1
Post-erasure probe accuracy: 0.703 (target: ~0.50)
Cosine similarity (original vs erased): 0.9801

============================================================
MP erasure for feature: year_built
============================================================
Samples: 5130 (train: 3590, val: 513, test: 1027)
Class balance: 46.82% positive
[W] [21:36:38.573163] L-BFGS: max iterations reached
[W] [21:36:38.573203] Maximum iterations reached before solver is converged. To increase model accuracy you can increase the number of iterations (max_iter) or improve the scaling of the input data.
Pre-erasure probe accuracy: 0.913
Rank removed: 1
Post-erasure probe accuracy: 0.532 (target: ~0.50)
Cosine similarity (original vs erased): 0.9824

============================================================
MP erasure for feature: lot_size
============================================================
Samples: 5130 (train: 3590, val: 513, test: 1027)
Class balance: 48.05% positive
[W] [21:36:42.885322] L-BFGS: max iterations reached
[W] [21:36:42.885353] Maximum iterations reached before solver is converged. To increase model accuracy you can increase the number of iterations (max_iter) or improve the scaling of the input data.
Pre-erasure probe accuracy: 0.833
Rank removed: 1
Post-erasure probe accuracy: 0.520 (target: ~0.50)
Cosine similarity (original vs erased): 0.9855

Saved erasure info to: /home/anshulk/Housing/data/mp_results/qwen3-4b/layer_23/erasure_info.json

============================================================
STEP 2: INFORMATION CONTROL
============================================================

--- BASELINE ---
  Baseline: acc=0.6039, auc=0.6400

--- RANDOM CONTROLS (10 runs) ---
  Random control: mean drop=-0.0002 +/- 0.0009

--- MP ---
  bedrooms: acc=0.5942, drop=0.0097, random=-0.0002 -> PASS
  bathrooms: acc=0.5916, drop=0.0123, random=-0.0002 -> PASS
  year_built: acc=0.5877, drop=0.0162, random=-0.0002 -> PASS
  lot_size: acc=0.5968, drop=0.0071, random=-0.0002 -> PASS

  ALL FEATURES:
  all_features: acc=0.5890, drop=0.0149

Saved results to: /home/anshulk/Housing/data/mp_results/qwen3-4b/layer_23/results.csv

============================================================
STEP 3: SELECTIVITY CONTROL
============================================================

--- SELECTIVITY CONTROL (MP) ---
  bedrooms: baseline=0.6045, erased=0.5935, recovered=0.5981 (41.2% recovery) -> PASS
  bathrooms: baseline=0.6045, erased=0.5922, recovered=0.6182 (200.0% recovery) -> PASS
  year_built: baseline=0.6045, erased=0.5883, recovered=0.6084 (124.0% recovery) -> PASS
  lot_size: baseline=0.6045, erased=0.5968, recovered=0.6006 (50.0% recovery) -> PASS

Saved selectivity to: /home/anshulk/Housing/data/mp_results/qwen3-4b/layer_23/selectivity.csv

============================================================
CORRECTNESS ANALYSIS
============================================================

Saved correctness analysis to: /home/anshulk/Housing/data/mp_results/qwen3-4b/layer_23/correctness.csv

============================================================
SUMMARY
============================================================

--- MP ---
Baseline accuracy: 0.6039
Random control drop: -0.0002

Feature verdicts:
  bedrooms:
    Probe: 0.8977604673807206
    Cosine sim: 0.9797463417053223
    Price drop: 0.0097
    Info control: PASS
    Selectivity: PASS (41.2%)
    Verdict: NOT_USED — bedrooms encoded but not used for pricing
  bathrooms:
    Probe: 0.8442064264849075
    Cosine sim: 0.980060338973999
    Price drop: 0.0123
    Info control: PASS
    Selectivity: PASS (200.0%)
    Verdict: MINOR — bathrooms has minor causal contribution to pricing
  year_built:
    Probe: 0.9133398247322297
    Cosine sim: 0.9823780059814453
    Price drop: 0.0162
    Info control: PASS
    Selectivity: PASS (124.0%)
    Verdict: MINOR — year_built has minor causal contribution to pricing
  lot_size:
    Probe: 0.8325219084712756
    Cosine sim: 0.9855055212974548
    Price drop: 0.0071
    Info control: PASS
    Selectivity: PASS (50.0%)
    Verdict: NOT_USED — lot_size encoded but not used for pricing

Saved summary to: /home/anshulk/Housing/data/mp_results/qwen3-4b/layer_23/summary.json

============================================================
COMPLETE in 62s (1.0 min)
============================================================

>>> Qwen layer 24 / 35
============================================================
AMNESIC PROBING WITH MP
============================================================
Model: qwen3-4b
Layer: 24
Methods: ['mp']
Features: ['bedrooms', 'bathrooms', 'year_built', 'lot_size']
Random controls: 10
GPU: True
============================================================

============================================================
LOADING DATA
============================================================
Loading activations from: /home/anshulk/Housing/data/activations/qwen3-4b_2_fewshot_cot_temp0_activations.npz
Activations shape: (5130, 36, 2560)
Feature columns: ['bathrooms_p1_more' 'bedrooms_p1_more' 'year_p1_newer' 'lot_p1_larger'
 'sqft_p1_larger' 'price_p1_higher']
Loading samples from: /home/anshulk/Housing/data/amnesic_samples/selected_samples_qwen3-4b_2_fewshot_cot_temp0.csv
Loaded 5130 samples
Using layer 24, shape: (5130, 2560)
Output dir: /home/anshulk/Housing/data/mp_results/qwen3-4b/layer_24

Feature label class balance:
  bedrooms: 30.29% positive
  bathrooms: 30.18% positive
  year_built: 46.63% positive
  lot_size: 48.44% positive
Price labels: 48.03% have property 1 more expensive

============================================================
STEP 1: ERASURE + VERIFICATION
============================================================

============================================================
MP erasure for feature: bedrooms
============================================================
Samples: 5130 (train: 3590, val: 513, test: 1027)
Class balance: 30.17% positive
[W] [21:37:36.089875] L-BFGS: max iterations reached
[W] [21:37:36.089918] Maximum iterations reached before solver is converged. To increase model accuracy you can increase the number of iterations (max_iter) or improve the scaling of the input data.
Pre-erasure probe accuracy: 0.885
Rank removed: 1
Post-erasure probe accuracy: 0.699 (target: ~0.50)
Cosine similarity (original vs erased): 0.9835

============================================================
MP erasure for feature: bathrooms
============================================================
Samples: 5130 (train: 3590, val: 513, test: 1027)
Class balance: 30.03% positive
[W] [21:37:40.445899] L-BFGS: max iterations reached
[W] [21:37:40.445938] Maximum iterations reached before solver is converged. To increase model accuracy you can increase the number of iterations (max_iter) or improve the scaling of the input data.
Pre-erasure probe accuracy: 0.833
Rank removed: 1
Post-erasure probe accuracy: 0.703 (target: ~0.50)
Cosine similarity (original vs erased): 0.9812

============================================================
MP erasure for feature: year_built
============================================================
Samples: 5130 (train: 3590, val: 513, test: 1027)
Class balance: 46.82% positive
[W] [21:37:44.826101] L-BFGS: max iterations reached
[W] [21:37:44.826145] Maximum iterations reached before solver is converged. To increase model accuracy you can increase the number of iterations (max_iter) or improve the scaling of the input data.
Pre-erasure probe accuracy: 0.909
Rank removed: 1
Post-erasure probe accuracy: 0.532 (target: ~0.50)
Cosine similarity (original vs erased): 0.9841

============================================================
MP erasure for feature: lot_size
============================================================
Samples: 5130 (train: 3590, val: 513, test: 1027)
Class balance: 48.05% positive
[W] [21:37:49.173501] L-BFGS: max iterations reached
[W] [21:37:49.173538] Maximum iterations reached before solver is converged. To increase model accuracy you can increase the number of iterations (max_iter) or improve the scaling of the input data.
Pre-erasure probe accuracy: 0.826
Rank removed: 1
Post-erasure probe accuracy: 0.520 (target: ~0.50)
Cosine similarity (original vs erased): 0.9853

Saved erasure info to: /home/anshulk/Housing/data/mp_results/qwen3-4b/layer_24/erasure_info.json

============================================================
STEP 2: INFORMATION CONTROL
============================================================

--- BASELINE ---
  Baseline: acc=0.6071, auc=0.6502

--- RANDOM CONTROLS (10 runs) ---
  Random control: mean drop=-0.0004 +/- 0.0012

--- MP ---
  bedrooms: acc=0.6078, drop=-0.0006, random=-0.0004 -> FAIL
  bathrooms: acc=0.5994, drop=0.0078, random=-0.0004 -> PASS
  year_built: acc=0.6032, drop=0.0039, random=-0.0004 -> PASS
  lot_size: acc=0.6032, drop=0.0039, random=-0.0004 -> PASS

  ALL FEATURES:
  all_features: acc=0.6065, drop=0.0006

Saved results to: /home/anshulk/Housing/data/mp_results/qwen3-4b/layer_24/results.csv

============================================================
STEP 3: SELECTIVITY CONTROL
============================================================

--- SELECTIVITY CONTROL (MP) ---
  bedrooms: baseline=0.6058, erased=0.6078, recovered=0.5981 (100.0% recovery) -> PASS
  bathrooms: baseline=0.6058, erased=0.6006, recovered=0.6149 (200.0% recovery) -> PASS
  year_built: baseline=0.6058, erased=0.6032, recovered=0.6091 (100.0% recovery) -> PASS
  lot_size: baseline=0.6058, erased=0.6045, recovered=0.6084 (100.0% recovery) -> PASS

Saved selectivity to: /home/anshulk/Housing/data/mp_results/qwen3-4b/layer_24/selectivity.csv

============================================================
CORRECTNESS ANALYSIS
============================================================

Saved correctness analysis to: /home/anshulk/Housing/data/mp_results/qwen3-4b/layer_24/correctness.csv

============================================================
SUMMARY
============================================================

--- MP ---
Baseline accuracy: 0.6071
Random control drop: -0.0004

Feature verdicts:
  bedrooms:
    Probe: 0.8851022395326192
    Cosine sim: 0.9835332632064819
    Price drop: -0.0006
    Info control: FAIL
    Selectivity: PASS (100.0%)
    Verdict: NOT_CAUSAL — Erasure of bedrooms does not hurt more than random
  bathrooms:
    Probe: 0.8334956183057449
    Cosine sim: 0.9812328815460205
    Price drop: 0.0078
    Info control: PASS
    Selectivity: PASS (200.0%)
    Verdict: NOT_USED — bathrooms encoded but not used for pricing
  year_built:
    Probe: 0.9094449853943525
    Cosine sim: 0.9841402769088745
    Price drop: 0.0039
    Info control: PASS
    Selectivity: PASS (100.0%)
    Verdict: NOT_USED — year_built encoded but not used for pricing
  lot_size:
    Probe: 0.8257059396299903
    Cosine sim: 0.9852549433708191
    Price drop: 0.0039
    Info control: PASS
    Selectivity: PASS (100.0%)
    Verdict: NOT_USED — lot_size encoded but not used for pricing

Saved summary to: /home/anshulk/Housing/data/mp_results/qwen3-4b/layer_24/summary.json

============================================================
COMPLETE in 62s (1.0 min)
============================================================

>>> Qwen layer 25 / 35
============================================================
AMNESIC PROBING WITH MP
============================================================
Model: qwen3-4b
Layer: 25
Methods: ['mp']
Features: ['bedrooms', 'bathrooms', 'year_built', 'lot_size']
Random controls: 10
GPU: True
============================================================

============================================================
LOADING DATA
============================================================
Loading activations from: /home/anshulk/Housing/data/activations/qwen3-4b_2_fewshot_cot_temp0_activations.npz
Activations shape: (5130, 36, 2560)
Feature columns: ['bathrooms_p1_more' 'bedrooms_p1_more' 'year_p1_newer' 'lot_p1_larger'
 'sqft_p1_larger' 'price_p1_higher']
Loading samples from: /home/anshulk/Housing/data/amnesic_samples/selected_samples_qwen3-4b_2_fewshot_cot_temp0.csv
Loaded 5130 samples
Using layer 25, shape: (5130, 2560)
Output dir: /home/anshulk/Housing/data/mp_results/qwen3-4b/layer_25

Feature label class balance:
  bedrooms: 30.29% positive
  bathrooms: 30.18% positive
  year_built: 46.63% positive
  lot_size: 48.44% positive
Price labels: 48.03% have property 1 more expensive

============================================================
STEP 1: ERASURE + VERIFICATION
============================================================

============================================================
MP erasure for feature: bedrooms
============================================================
Samples: 5130 (train: 3590, val: 513, test: 1027)
Class balance: 30.17% positive
[W] [21:38:42.378885] L-BFGS: max iterations reached
[W] [21:38:42.378924] Maximum iterations reached before solver is converged. To increase model accuracy you can increase the number of iterations (max_iter) or improve the scaling of the input data.
Pre-erasure probe accuracy: 0.883
Rank removed: 1
Post-erasure probe accuracy: 0.699 (target: ~0.50)
Cosine similarity (original vs erased): 0.9807

============================================================
MP erasure for feature: bathrooms
============================================================
Samples: 5130 (train: 3590, val: 513, test: 1027)
Class balance: 30.03% positive
[W] [21:38:46.711763] L-BFGS: max iterations reached
[W] [21:38:46.711803] Maximum iterations reached before solver is converged. To increase model accuracy you can increase the number of iterations (max_iter) or improve the scaling of the input data.
Pre-erasure probe accuracy: 0.824
Rank removed: 1
Post-erasure probe accuracy: 0.703 (target: ~0.50)
Cosine similarity (original vs erased): 0.9791

============================================================
MP erasure for feature: year_built
============================================================
Samples: 5130 (train: 3590, val: 513, test: 1027)
Class balance: 46.82% positive
[W] [21:38:51.035411] L-BFGS: max iterations reached
[W] [21:38:51.035451] Maximum iterations reached before solver is converged. To increase model accuracy you can increase the number of iterations (max_iter) or improve the scaling of the input data.
Pre-erasure probe accuracy: 0.899
Rank removed: 1
Post-erasure probe accuracy: 0.532 (target: ~0.50)
Cosine similarity (original vs erased): 0.9852

============================================================
MP erasure for feature: lot_size
============================================================
Samples: 5130 (train: 3590, val: 513, test: 1027)
Class balance: 48.05% positive
[W] [21:38:55.350064] L-BFGS: max iterations reached
[W] [21:38:55.350106] Maximum iterations reached before solver is converged. To increase model accuracy you can increase the number of iterations (max_iter) or improve the scaling of the input data.
Pre-erasure probe accuracy: 0.819
Rank removed: 1
Post-erasure probe accuracy: 0.520 (target: ~0.50)
Cosine similarity (original vs erased): 0.9835

Saved erasure info to: /home/anshulk/Housing/data/mp_results/qwen3-4b/layer_25/erasure_info.json

============================================================
STEP 2: INFORMATION CONTROL
============================================================

--- BASELINE ---
  Baseline: acc=0.6071, auc=0.6417

--- RANDOM CONTROLS (10 runs) ---
  Random control: mean drop=-0.0014 +/- 0.0006

--- MP ---
  bedrooms: acc=0.5981, drop=0.0091, random=-0.0014 -> PASS
  bathrooms: acc=0.5961, drop=0.0110, random=-0.0014 -> PASS
  year_built: acc=0.6084, drop=-0.0013, random=-0.0014 -> FAIL
  lot_size: acc=0.6117, drop=-0.0045, random=-0.0014 -> FAIL

  ALL FEATURES:
  all_features: acc=0.6000, drop=0.0071

Saved results to: /home/anshulk/Housing/data/mp_results/qwen3-4b/layer_25/results.csv

============================================================
STEP 3: SELECTIVITY CONTROL
============================================================

--- SELECTIVITY CONTROL (MP) ---
  bedrooms: baseline=0.6065, erased=0.5981, recovered=0.5929 (0.0% recovery) -> PASS
  bathrooms: baseline=0.6065, erased=0.5968, recovered=0.6175 (200.0% recovery) -> PASS
  year_built: baseline=0.6065, erased=0.6084, recovered=0.6006 (100.0% recovery) -> PASS
  lot_size: baseline=0.6065, erased=0.6117, recovered=0.6071 (87.5% recovery) -> PASS

Saved selectivity to: /home/anshulk/Housing/data/mp_results/qwen3-4b/layer_25/selectivity.csv

============================================================
CORRECTNESS ANALYSIS
============================================================

Saved correctness analysis to: /home/anshulk/Housing/data/mp_results/qwen3-4b/layer_25/correctness.csv

============================================================
SUMMARY
============================================================

--- MP ---
Baseline accuracy: 0.6071
Random control drop: -0.0014

Feature verdicts:
  bedrooms:
    Probe: 0.8831548198636806
    Cosine sim: 0.9806803464889526
    Price drop: 0.0091
    Info control: PASS
    Selectivity: PASS (0.0%)
    Verdict: NOT_USED — bedrooms encoded but not used for pricing
  bathrooms:
    Probe: 0.8237585199610516
    Cosine sim: 0.9790508151054382
    Price drop: 0.0110
    Info control: PASS
    Selectivity: PASS (200.0%)
    Verdict: MINOR — bathrooms has minor causal contribution to pricing
  year_built:
    Probe: 0.8987341772151899
    Cosine sim: 0.9851604104042053
    Price drop: -0.0013
    Info control: FAIL
    Selectivity: PASS (100.0%)
    Verdict: NOT_CAUSAL — Erasure of year_built does not hurt more than random
  lot_size:
    Probe: 0.818889970788705
    Cosine sim: 0.9835222959518433
    Price drop: -0.0045
    Info control: FAIL
    Selectivity: PASS (87.5%)
    Verdict: NOT_CAUSAL — Erasure of lot_size does not hurt more than random

Saved summary to: /home/anshulk/Housing/data/mp_results/qwen3-4b/layer_25/summary.json

============================================================
COMPLETE in 63s (1.0 min)
============================================================

>>> Qwen layer 26 / 35
============================================================
AMNESIC PROBING WITH MP
============================================================
Model: qwen3-4b
Layer: 26
Methods: ['mp']
Features: ['bedrooms', 'bathrooms', 'year_built', 'lot_size']
Random controls: 10
GPU: True
============================================================

============================================================
LOADING DATA
============================================================
Loading activations from: /home/anshulk/Housing/data/activations/qwen3-4b_2_fewshot_cot_temp0_activations.npz
Activations shape: (5130, 36, 2560)
Feature columns: ['bathrooms_p1_more' 'bedrooms_p1_more' 'year_p1_newer' 'lot_p1_larger'
 'sqft_p1_larger' 'price_p1_higher']
Loading samples from: /home/anshulk/Housing/data/amnesic_samples/selected_samples_qwen3-4b_2_fewshot_cot_temp0.csv
Loaded 5130 samples
Using layer 26, shape: (5130, 2560)
Output dir: /home/anshulk/Housing/data/mp_results/qwen3-4b/layer_26

Feature label class balance:
  bedrooms: 30.29% positive
  bathrooms: 30.18% positive
  year_built: 46.63% positive
  lot_size: 48.44% positive
Price labels: 48.03% have property 1 more expensive

============================================================
STEP 1: ERASURE + VERIFICATION
============================================================

============================================================
MP erasure for feature: bedrooms
============================================================
Samples: 5130 (train: 3590, val: 513, test: 1027)
Class balance: 30.17% positive
[W] [21:39:49.412958] L-BFGS: max iterations reached
[W] [21:39:49.413012] Maximum iterations reached before solver is converged. To increase model accuracy you can increase the number of iterations (max_iter) or improve the scaling of the input data.
Pre-erasure probe accuracy: 0.889
Rank removed: 1
Post-erasure probe accuracy: 0.699 (target: ~0.50)
Cosine similarity (original vs erased): 0.9815

============================================================
MP erasure for feature: bathrooms
============================================================
Samples: 5130 (train: 3590, val: 513, test: 1027)
Class balance: 30.03% positive
[W] [21:39:53.814539] L-BFGS: max iterations reached
[W] [21:39:53.814579] Maximum iterations reached before solver is converged. To increase model accuracy you can increase the number of iterations (max_iter) or improve the scaling of the input data.
Pre-erasure probe accuracy: 0.822
Rank removed: 1
Post-erasure probe accuracy: 0.703 (target: ~0.50)
Cosine similarity (original vs erased): 0.9791

============================================================
MP erasure for feature: year_built
============================================================
Samples: 5130 (train: 3590, val: 513, test: 1027)
Class balance: 46.82% positive
[W] [21:39:58.344463] L-BFGS: max iterations reached
[W] [21:39:58.344504] Maximum iterations reached before solver is converged. To increase model accuracy you can increase the number of iterations (max_iter) or improve the scaling of the input data.
Pre-erasure probe accuracy: 0.900
Rank removed: 1
Post-erasure probe accuracy: 0.532 (target: ~0.50)
Cosine similarity (original vs erased): 0.9864

============================================================
MP erasure for feature: lot_size
============================================================
Samples: 5130 (train: 3590, val: 513, test: 1027)
Class balance: 48.05% positive
[W] [21:40:02.695916] L-BFGS: max iterations reached
[W] [21:40:02.695952] Maximum iterations reached before solver is converged. To increase model accuracy you can increase the number of iterations (max_iter) or improve the scaling of the input data.
Pre-erasure probe accuracy: 0.823
Rank removed: 1
Post-erasure probe accuracy: 0.520 (target: ~0.50)
Cosine similarity (original vs erased): 0.9857

Saved erasure info to: /home/anshulk/Housing/data/mp_results/qwen3-4b/layer_26/erasure_info.json

============================================================
STEP 2: INFORMATION CONTROL
============================================================

--- BASELINE ---
  Baseline: acc=0.6162, auc=0.6442

--- RANDOM CONTROLS (10 runs) ---
  Random control: mean drop=0.0006 +/- 0.0012

--- MP ---
  bedrooms: acc=0.6052, drop=0.0110, random=0.0006 -> PASS
  bathrooms: acc=0.5961, drop=0.0201, random=0.0006 -> PASS
  year_built: acc=0.6026, drop=0.0136, random=0.0006 -> PASS
  lot_size: acc=0.6169, drop=-0.0006, random=0.0006 -> FAIL

  ALL FEATURES:
  all_features: acc=0.6058, drop=0.0104

Saved results to: /home/anshulk/Housing/data/mp_results/qwen3-4b/layer_26/results.csv

============================================================
STEP 3: SELECTIVITY CONTROL
============================================================
[W] [21:40:24.675633] L-BFGS stopped, because the line search failed to advance (step delta = 0.000000)

--- SELECTIVITY CONTROL (MP) ---
  bedrooms: baseline=0.6169, erased=0.6052, recovered=0.6013 (0.0% recovery) -> PASS
  bathrooms: baseline=0.6169, erased=0.5961, recovered=0.6156 (93.7% recovery) -> PASS
  year_built: baseline=0.6169, erased=0.6026, recovered=0.6084 (40.9% recovery) -> PASS
  lot_size: baseline=0.6169, erased=0.6162, recovered=0.6162 (100.0% recovery) -> PASS

Saved selectivity to: /home/anshulk/Housing/data/mp_results/qwen3-4b/layer_26/selectivity.csv

============================================================
CORRECTNESS ANALYSIS
============================================================

Saved correctness analysis to: /home/anshulk/Housing/data/mp_results/qwen3-4b/layer_26/correctness.csv

============================================================
SUMMARY
============================================================

--- MP ---
Baseline accuracy: 0.6162
Random control drop: 0.0006

Feature verdicts:
  bedrooms:
    Probe: 0.8889970788704966
    Cosine sim: 0.9814992547035217
    Price drop: 0.0110
    Info control: PASS
    Selectivity: PASS (0.0%)
    Verdict: MINOR — bedrooms has minor causal contribution to pricing
  bathrooms:
    Probe: 0.8218111002921129
    Cosine sim: 0.9790806174278259
    Price drop: 0.0201
    Info control: PASS
    Selectivity: PASS (93.7%)
    Verdict: MINOR — bathrooms has minor causal contribution to pricing
  year_built:
    Probe: 0.8997078870496592
    Cosine sim: 0.9864397644996643
    Price drop: 0.0136
    Info control: PASS
    Selectivity: PASS (40.9%)
    Verdict: MINOR — year_built has minor causal contribution to pricing
  lot_size:
    Probe: 0.8227848101265823
    Cosine sim: 0.9856560826301575
    Price drop: -0.0006
    Info control: FAIL
    Selectivity: PASS (100.0%)
    Verdict: NOT_CAUSAL — Erasure of lot_size does not hurt more than random

Saved summary to: /home/anshulk/Housing/data/mp_results/qwen3-4b/layer_26/summary.json

============================================================
COMPLETE in 63s (1.0 min)
============================================================

>>> Qwen layer 27 / 35
============================================================
AMNESIC PROBING WITH MP
============================================================
Model: qwen3-4b
Layer: 27
Methods: ['mp']
Features: ['bedrooms', 'bathrooms', 'year_built', 'lot_size']
Random controls: 10
GPU: True
============================================================

============================================================
LOADING DATA
============================================================
Loading activations from: /home/anshulk/Housing/data/activations/qwen3-4b_2_fewshot_cot_temp0_activations.npz
Activations shape: (5130, 36, 2560)
Feature columns: ['bathrooms_p1_more' 'bedrooms_p1_more' 'year_p1_newer' 'lot_p1_larger'
 'sqft_p1_larger' 'price_p1_higher']
Loading samples from: /home/anshulk/Housing/data/amnesic_samples/selected_samples_qwen3-4b_2_fewshot_cot_temp0.csv
Loaded 5130 samples
Using layer 27, shape: (5130, 2560)
Output dir: /home/anshulk/Housing/data/mp_results/qwen3-4b/layer_27

Feature label class balance:
  bedrooms: 30.29% positive
  bathrooms: 30.18% positive
  year_built: 46.63% positive
  lot_size: 48.44% positive
Price labels: 48.03% have property 1 more expensive

============================================================
STEP 1: ERASURE + VERIFICATION
============================================================

============================================================
MP erasure for feature: bedrooms
============================================================
Samples: 5130 (train: 3590, val: 513, test: 1027)
Class balance: 30.17% positive
[W] [21:40:56.318546] L-BFGS: max iterations reached
[W] [21:40:56.318590] Maximum iterations reached before solver is converged. To increase model accuracy you can increase the number of iterations (max_iter) or improve the scaling of the input data.
Pre-erasure probe accuracy: 0.890
Rank removed: 1
Post-erasure probe accuracy: 0.699 (target: ~0.50)
Cosine similarity (original vs erased): 0.9837

============================================================
MP erasure for feature: bathrooms
============================================================
Samples: 5130 (train: 3590, val: 513, test: 1027)
Class balance: 30.03% positive
[W] [21:41:00.778245] L-BFGS: max iterations reached
[W] [21:41:00.778279] Maximum iterations reached before solver is converged. To increase model accuracy you can increase the number of iterations (max_iter) or improve the scaling of the input data.
Pre-erasure probe accuracy: 0.824
Rank removed: 1
Post-erasure probe accuracy: 0.703 (target: ~0.50)
Cosine similarity (original vs erased): 0.9772

============================================================
MP erasure for feature: year_built
============================================================
Samples: 5130 (train: 3590, val: 513, test: 1027)
Class balance: 46.82% positive
[W] [21:41:05.314819] L-BFGS: max iterations reached
[W] [21:41:05.314861] Maximum iterations reached before solver is converged. To increase model accuracy you can increase the number of iterations (max_iter) or improve the scaling of the input data.
Pre-erasure probe accuracy: 0.892
Rank removed: 1
Post-erasure probe accuracy: 0.532 (target: ~0.50)
Cosine similarity (original vs erased): 0.9854

============================================================
MP erasure for feature: lot_size
============================================================
Samples: 5130 (train: 3590, val: 513, test: 1027)
Class balance: 48.05% positive
[W] [21:41:09.875799] L-BFGS: max iterations reached
[W] [21:41:09.875835] Maximum iterations reached before solver is converged. To increase model accuracy you can increase the number of iterations (max_iter) or improve the scaling of the input data.
Pre-erasure probe accuracy: 0.817
Rank removed: 1
Post-erasure probe accuracy: 0.520 (target: ~0.50)
Cosine similarity (original vs erased): 0.9865

Saved erasure info to: /home/anshulk/Housing/data/mp_results/qwen3-4b/layer_27/erasure_info.json

============================================================
STEP 2: INFORMATION CONTROL
============================================================

--- BASELINE ---
  Baseline: acc=0.6091, auc=0.6413

--- RANDOM CONTROLS (10 runs) ---
  Random control: mean drop=-0.0029 +/- 0.0014

--- MP ---
  bedrooms: acc=0.6078, drop=0.0013, random=-0.0029 -> PASS
  bathrooms: acc=0.5935, drop=0.0156, random=-0.0029 -> PASS
  year_built: acc=0.6032, drop=0.0058, random=-0.0029 -> PASS
  lot_size: acc=0.6143, drop=-0.0052, random=-0.0029 -> FAIL

  ALL FEATURES:
  all_features: acc=0.6071, drop=0.0019

Saved results to: /home/anshulk/Housing/data/mp_results/qwen3-4b/layer_27/results.csv

============================================================
STEP 3: SELECTIVITY CONTROL
============================================================

--- SELECTIVITY CONTROL (MP) ---
  bedrooms: baseline=0.6123, erased=0.6058, recovered=0.6071 (20.0% recovery) -> PASS
  bathrooms: baseline=0.6123, erased=0.5929, recovered=0.6201 (140.0% recovery) -> PASS
  year_built: baseline=0.6123, erased=0.6026, recovered=0.6019 (0.0% recovery) -> PASS
  lot_size: baseline=0.6123, erased=0.6143, recovered=0.6130 (100.0% recovery) -> PASS

Saved selectivity to: /home/anshulk/Housing/data/mp_results/qwen3-4b/layer_27/selectivity.csv

============================================================
CORRECTNESS ANALYSIS
============================================================

Saved correctness analysis to: /home/anshulk/Housing/data/mp_results/qwen3-4b/layer_27/correctness.csv

============================================================
SUMMARY
============================================================

--- MP ---
Baseline accuracy: 0.6091
Random control drop: -0.0029

Feature verdicts:
  bedrooms:
    Probe: 0.8899707887049659
    Cosine sim: 0.983671247959137
    Price drop: 0.0013
    Info control: PASS
    Selectivity: PASS (20.0%)
    Verdict: NOT_USED — bedrooms encoded but not used for pricing
  bathrooms:
    Probe: 0.8237585199610516
    Cosine sim: 0.9771629571914673
    Price drop: 0.0156
    Info control: PASS
    Selectivity: PASS (140.0%)
    Verdict: MINOR — bathrooms has minor causal contribution to pricing
  year_built:
    Probe: 0.8919182083739046
    Cosine sim: 0.9853660464286804
    Price drop: 0.0058
    Info control: PASS
    Selectivity: PASS (0.0%)
    Verdict: NOT_USED — year_built encoded but not used for pricing
  lot_size:
    Probe: 0.8169425511197663
    Cosine sim: 0.9865104556083679
    Price drop: -0.0052
    Info control: FAIL
    Selectivity: PASS (100.0%)
    Verdict: NOT_CAUSAL — Erasure of lot_size does not hurt more than random

Saved summary to: /home/anshulk/Housing/data/mp_results/qwen3-4b/layer_27/summary.json

============================================================
COMPLETE in 63s (1.0 min)
============================================================

>>> Qwen layer 28 / 35
============================================================
AMNESIC PROBING WITH MP
============================================================
Model: qwen3-4b
Layer: 28
Methods: ['mp']
Features: ['bedrooms', 'bathrooms', 'year_built', 'lot_size']
Random controls: 10
GPU: True
============================================================

============================================================
LOADING DATA
============================================================
Loading activations from: /home/anshulk/Housing/data/activations/qwen3-4b_2_fewshot_cot_temp0_activations.npz
Activations shape: (5130, 36, 2560)
Feature columns: ['bathrooms_p1_more' 'bedrooms_p1_more' 'year_p1_newer' 'lot_p1_larger'
 'sqft_p1_larger' 'price_p1_higher']
Loading samples from: /home/anshulk/Housing/data/amnesic_samples/selected_samples_qwen3-4b_2_fewshot_cot_temp0.csv
Loaded 5130 samples
Using layer 28, shape: (5130, 2560)
Output dir: /home/anshulk/Housing/data/mp_results/qwen3-4b/layer_28

Feature label class balance:
  bedrooms: 30.29% positive
  bathrooms: 30.18% positive
  year_built: 46.63% positive
  lot_size: 48.44% positive
Price labels: 48.03% have property 1 more expensive

============================================================
STEP 1: ERASURE + VERIFICATION
============================================================

============================================================
MP erasure for feature: bedrooms
============================================================
Samples: 5130 (train: 3590, val: 513, test: 1027)
Class balance: 30.17% positive
[W] [21:42:03.628847] L-BFGS: max iterations reached
[W] [21:42:03.628904] Maximum iterations reached before solver is converged. To increase model accuracy you can increase the number of iterations (max_iter) or improve the scaling of the input data.
Pre-erasure probe accuracy: 0.892
Rank removed: 1
Post-erasure probe accuracy: 0.699 (target: ~0.50)
Cosine similarity (original vs erased): 0.9847

============================================================
MP erasure for feature: bathrooms
============================================================
Samples: 5130 (train: 3590, val: 513, test: 1027)
Class balance: 30.03% positive
[W] [21:42:08.235124] L-BFGS: max iterations reached
[W] [21:42:08.235166] Maximum iterations reached before solver is converged. To increase model accuracy you can increase the number of iterations (max_iter) or improve the scaling of the input data.
Pre-erasure probe accuracy: 0.818
Rank removed: 1
Post-erasure probe accuracy: 0.703 (target: ~0.50)
Cosine similarity (original vs erased): 0.9790

============================================================
MP erasure for feature: year_built
============================================================
Samples: 5130 (train: 3590, val: 513, test: 1027)
Class balance: 46.82% positive
[W] [21:42:12.724914] L-BFGS: max iterations reached
[W] [21:42:12.724981] Maximum iterations reached before solver is converged. To increase model accuracy you can increase the number of iterations (max_iter) or improve the scaling of the input data.
Pre-erasure probe accuracy: 0.901
Rank removed: 1
Post-erasure probe accuracy: 0.532 (target: ~0.50)
Cosine similarity (original vs erased): 0.9827

============================================================
MP erasure for feature: lot_size
============================================================
Samples: 5130 (train: 3590, val: 513, test: 1027)
Class balance: 48.05% positive
[W] [21:42:17.178448] L-BFGS: max iterations reached
[W] [21:42:17.178481] Maximum iterations reached before solver is converged. To increase model accuracy you can increase the number of iterations (max_iter) or improve the scaling of the input data.
Pre-erasure probe accuracy: 0.808
Rank removed: 1
Post-erasure probe accuracy: 0.520 (target: ~0.50)
Cosine similarity (original vs erased): 0.9892

Saved erasure info to: /home/anshulk/Housing/data/mp_results/qwen3-4b/layer_28/erasure_info.json

============================================================
STEP 2: INFORMATION CONTROL
============================================================

--- BASELINE ---
[W] [21:42:21.505469] L-BFGS stopped, because the line search failed to advance (step delta = 0.000000)
  Baseline: acc=0.6123, auc=0.6343

--- RANDOM CONTROLS (10 runs) ---
  Random control: mean drop=0.0004 +/- 0.0008

--- MP ---
  bedrooms: acc=0.5890, drop=0.0234, random=0.0004 -> PASS
  bathrooms: acc=0.5916, drop=0.0208, random=0.0004 -> PASS
  year_built: acc=0.5968, drop=0.0156, random=0.0004 -> PASS
  lot_size: acc=0.6078, drop=0.0045, random=0.0004 -> PASS

  ALL FEATURES:
  all_features: acc=0.5903, drop=0.0221

Saved results to: /home/anshulk/Housing/data/mp_results/qwen3-4b/layer_28/results.csv

============================================================
STEP 3: SELECTIVITY CONTROL
============================================================

--- SELECTIVITY CONTROL (MP) ---
  bedrooms: baseline=0.6117, erased=0.5903, recovered=0.6019 (54.5% recovery) -> PASS
  bathrooms: baseline=0.6117, erased=0.5942, recovered=0.6169 (129.6% recovery) -> PASS
  year_built: baseline=0.6117, erased=0.5968, recovered=0.6058 (60.9% recovery) -> PASS
  lot_size: baseline=0.6117, erased=0.6084, recovered=0.6117 (100.0% recovery) -> PASS

Saved selectivity to: /home/anshulk/Housing/data/mp_results/qwen3-4b/layer_28/selectivity.csv

============================================================
CORRECTNESS ANALYSIS
============================================================

Saved correctness analysis to: /home/anshulk/Housing/data/mp_results/qwen3-4b/layer_28/correctness.csv

============================================================
SUMMARY
============================================================

--- MP ---
Baseline accuracy: 0.6123
Random control drop: 0.0004

Feature verdicts:
  bedrooms:
    Probe: 0.8919182083739046
    Cosine sim: 0.984700083732605
    Price drop: 0.0234
    Info control: PASS
    Selectivity: PASS (54.5%)
    Verdict: MINOR — bedrooms has minor causal contribution to pricing
  bathrooms:
    Probe: 0.8179162609542356
    Cosine sim: 0.9790286421775818
    Price drop: 0.0208
    Info control: PASS
    Selectivity: PASS (129.6%)
    Verdict: MINOR — bathrooms has minor causal contribution to pricing
  year_built:
    Probe: 0.9006815968841285
    Cosine sim: 0.9826750159263611
    Price drop: 0.0156
    Info control: PASS
    Selectivity: PASS (60.9%)
    Verdict: MINOR — year_built has minor causal contribution to pricing
  lot_size:
    Probe: 0.8081791626095424
    Cosine sim: 0.9892125725746155
    Price drop: 0.0045
    Info control: PASS
    Selectivity: PASS (100.0%)
    Verdict: NOT_USED — lot_size encoded but not used for pricing

Saved summary to: /home/anshulk/Housing/data/mp_results/qwen3-4b/layer_28/summary.json

============================================================
COMPLETE in 62s (1.0 min)
============================================================

>>> Qwen layer 29 / 35
============================================================
AMNESIC PROBING WITH MP
============================================================
Model: qwen3-4b
Layer: 29
Methods: ['mp']
Features: ['bedrooms', 'bathrooms', 'year_built', 'lot_size']
Random controls: 10
GPU: True
============================================================

============================================================
LOADING DATA
============================================================
Loading activations from: /home/anshulk/Housing/data/activations/qwen3-4b_2_fewshot_cot_temp0_activations.npz
Activations shape: (5130, 36, 2560)
Feature columns: ['bathrooms_p1_more' 'bedrooms_p1_more' 'year_p1_newer' 'lot_p1_larger'
 'sqft_p1_larger' 'price_p1_higher']
Loading samples from: /home/anshulk/Housing/data/amnesic_samples/selected_samples_qwen3-4b_2_fewshot_cot_temp0.csv
Loaded 5130 samples
Using layer 29, shape: (5130, 2560)
Output dir: /home/anshulk/Housing/data/mp_results/qwen3-4b/layer_29

Feature label class balance:
  bedrooms: 30.29% positive
  bathrooms: 30.18% positive
  year_built: 46.63% positive
  lot_size: 48.44% positive
Price labels: 48.03% have property 1 more expensive

============================================================
STEP 1: ERASURE + VERIFICATION
============================================================

============================================================
MP erasure for feature: bedrooms
============================================================
Samples: 5130 (train: 3590, val: 513, test: 1027)
Class balance: 30.17% positive
[W] [21:43:10.195769] L-BFGS: max iterations reached
[W] [21:43:10.195816] Maximum iterations reached before solver is converged. To increase model accuracy you can increase the number of iterations (max_iter) or improve the scaling of the input data.
Pre-erasure probe accuracy: 0.894
Rank removed: 1
Post-erasure probe accuracy: 0.699 (target: ~0.50)
Cosine similarity (original vs erased): 0.9839

============================================================
MP erasure for feature: bathrooms
============================================================
Samples: 5130 (train: 3590, val: 513, test: 1027)
Class balance: 30.03% positive
[W] [21:43:14.527225] L-BFGS: max iterations reached
[W] [21:43:14.527252] Maximum iterations reached before solver is converged. To increase model accuracy you can increase the number of iterations (max_iter) or improve the scaling of the input data.
Pre-erasure probe accuracy: 0.816
Rank removed: 1
Post-erasure probe accuracy: 0.703 (target: ~0.50)
Cosine similarity (original vs erased): 0.9822

============================================================
MP erasure for feature: year_built
============================================================
Samples: 5130 (train: 3590, val: 513, test: 1027)
Class balance: 46.82% positive
[W] [21:43:18.887683] L-BFGS: max iterations reached
[W] [21:43:18.887724] Maximum iterations reached before solver is converged. To increase model accuracy you can increase the number of iterations (max_iter) or improve the scaling of the input data.
Pre-erasure probe accuracy: 0.884
Rank removed: 1
Post-erasure probe accuracy: 0.532 (target: ~0.50)
Cosine similarity (original vs erased): 0.9839

============================================================
MP erasure for feature: lot_size
============================================================
Samples: 5130 (train: 3590, val: 513, test: 1027)
Class balance: 48.05% positive
[W] [21:43:23.250287] L-BFGS: max iterations reached
[W] [21:43:23.250326] Maximum iterations reached before solver is converged. To increase model accuracy you can increase the number of iterations (max_iter) or improve the scaling of the input data.
Pre-erasure probe accuracy: 0.809
Rank removed: 1
Post-erasure probe accuracy: 0.520 (target: ~0.50)
Cosine similarity (original vs erased): 0.9909

Saved erasure info to: /home/anshulk/Housing/data/mp_results/qwen3-4b/layer_29/erasure_info.json

============================================================
STEP 2: INFORMATION CONTROL
============================================================

--- BASELINE ---
  Baseline: acc=0.6032, auc=0.6304

--- RANDOM CONTROLS (10 runs) ---
  Random control: mean drop=0.0023 +/- 0.0013

--- MP ---
  bedrooms: acc=0.5903, drop=0.0130, random=0.0023 -> PASS
  bathrooms: acc=0.5916, drop=0.0117, random=0.0023 -> PASS
  year_built: acc=0.5942, drop=0.0091, random=0.0023 -> PASS
  lot_size: acc=0.5922, drop=0.0110, random=0.0023 -> PASS

  ALL FEATURES:
  all_features: acc=0.5948, drop=0.0084

Saved results to: /home/anshulk/Housing/data/mp_results/qwen3-4b/layer_29/results.csv

============================================================
STEP 3: SELECTIVITY CONTROL
============================================================

--- SELECTIVITY CONTROL (MP) ---
  bedrooms: baseline=0.6013, erased=0.5883, recovered=0.5935 (40.0% recovery) -> PASS
  bathrooms: baseline=0.6013, erased=0.5916, recovered=0.6208 (200.0% recovery) -> PASS
  year_built: baseline=0.6013, erased=0.5935, recovered=0.5974 (50.0% recovery) -> PASS
  lot_size: baseline=0.6013, erased=0.5935, recovered=0.5909 (0.0% recovery) -> PASS

Saved selectivity to: /home/anshulk/Housing/data/mp_results/qwen3-4b/layer_29/selectivity.csv

============================================================
CORRECTNESS ANALYSIS
============================================================

Saved correctness analysis to: /home/anshulk/Housing/data/mp_results/qwen3-4b/layer_29/correctness.csv

============================================================
SUMMARY
============================================================

--- MP ---
Baseline accuracy: 0.6032
Random control drop: 0.0023

Feature verdicts:
  bedrooms:
    Probe: 0.8938656280428432
    Cosine sim: 0.9838519096374512
    Price drop: 0.0130
    Info control: PASS
    Selectivity: PASS (40.0%)
    Verdict: MINOR — bedrooms has minor causal contribution to pricing
  bathrooms:
    Probe: 0.815968841285297
    Cosine sim: 0.982189416885376
    Price drop: 0.0117
    Info control: PASS
    Selectivity: PASS (200.0%)
    Verdict: MINOR — bathrooms has minor causal contribution to pricing
  year_built:
    Probe: 0.8841285296981499
    Cosine sim: 0.9838517904281616
    Price drop: 0.0091
    Info control: PASS
    Selectivity: PASS (50.0%)
    Verdict: NOT_USED — year_built encoded but not used for pricing
  lot_size:
    Probe: 0.8091528724440117
    Cosine sim: 0.9908506870269775
    Price drop: 0.0110
    Info control: PASS
    Selectivity: PASS (0.0%)
    Verdict: MINOR — lot_size has minor causal contribution to pricing

Saved summary to: /home/anshulk/Housing/data/mp_results/qwen3-4b/layer_29/summary.json

============================================================
COMPLETE in 62s (1.0 min)
============================================================

>>> Qwen layer 30 / 35
============================================================
AMNESIC PROBING WITH MP
============================================================
Model: qwen3-4b
Layer: 30
Methods: ['mp']
Features: ['bedrooms', 'bathrooms', 'year_built', 'lot_size']
Random controls: 10
GPU: True
============================================================

============================================================
LOADING DATA
============================================================
Loading activations from: /home/anshulk/Housing/data/activations/qwen3-4b_2_fewshot_cot_temp0_activations.npz
Activations shape: (5130, 36, 2560)
Feature columns: ['bathrooms_p1_more' 'bedrooms_p1_more' 'year_p1_newer' 'lot_p1_larger'
 'sqft_p1_larger' 'price_p1_higher']
Loading samples from: /home/anshulk/Housing/data/amnesic_samples/selected_samples_qwen3-4b_2_fewshot_cot_temp0.csv
Loaded 5130 samples
Using layer 30, shape: (5130, 2560)
Output dir: /home/anshulk/Housing/data/mp_results/qwen3-4b/layer_30

Feature label class balance:
  bedrooms: 30.29% positive
  bathrooms: 30.18% positive
  year_built: 46.63% positive
  lot_size: 48.44% positive
Price labels: 48.03% have property 1 more expensive

============================================================
STEP 1: ERASURE + VERIFICATION
============================================================

============================================================
MP erasure for feature: bedrooms
============================================================
Samples: 5130 (train: 3590, val: 513, test: 1027)
Class balance: 30.17% positive
[W] [21:44:15.972948] L-BFGS: max iterations reached
[W] [21:44:15.973000] Maximum iterations reached before solver is converged. To increase model accuracy you can increase the number of iterations (max_iter) or improve the scaling of the input data.
Pre-erasure probe accuracy: 0.886
Rank removed: 1
Post-erasure probe accuracy: 0.699 (target: ~0.50)
Cosine similarity (original vs erased): 0.9836

============================================================
MP erasure for feature: bathrooms
============================================================
Samples: 5130 (train: 3590, val: 513, test: 1027)
Class balance: 30.03% positive
[W] [21:44:20.384590] L-BFGS: max iterations reached
[W] [21:44:20.384631] Maximum iterations reached before solver is converged. To increase model accuracy you can increase the number of iterations (max_iter) or improve the scaling of the input data.
Pre-erasure probe accuracy: 0.825
Rank removed: 1
Post-erasure probe accuracy: 0.703 (target: ~0.50)
Cosine similarity (original vs erased): 0.9831

============================================================
MP erasure for feature: year_built
============================================================
Samples: 5130 (train: 3590, val: 513, test: 1027)
Class balance: 46.82% positive
[W] [21:44:24.872633] L-BFGS: max iterations reached
[W] [21:44:24.872660] Maximum iterations reached before solver is converged. To increase model accuracy you can increase the number of iterations (max_iter) or improve the scaling of the input data.
Pre-erasure probe accuracy: 0.886
Rank removed: 1
Post-erasure probe accuracy: 0.532 (target: ~0.50)
Cosine similarity (original vs erased): 0.9853

============================================================
MP erasure for feature: lot_size
============================================================
Samples: 5130 (train: 3590, val: 513, test: 1027)
Class balance: 48.05% positive
[W] [21:44:29.212555] L-BFGS: max iterations reached
[W] [21:44:29.212586] Maximum iterations reached before solver is converged. To increase model accuracy you can increase the number of iterations (max_iter) or improve the scaling of the input data.
Pre-erasure probe accuracy: 0.829
Rank removed: 1
Post-erasure probe accuracy: 0.520 (target: ~0.50)
Cosine similarity (original vs erased): 0.9908

Saved erasure info to: /home/anshulk/Housing/data/mp_results/qwen3-4b/layer_30/erasure_info.json

============================================================
STEP 2: INFORMATION CONTROL
============================================================

--- BASELINE ---
  Baseline: acc=0.6052, auc=0.6390

--- RANDOM CONTROLS (10 runs) ---
  Random control: mean drop=-0.0005 +/- 0.0008

--- MP ---
  bedrooms: acc=0.5961, drop=0.0091, random=-0.0005 -> PASS
  bathrooms: acc=0.5961, drop=0.0091, random=-0.0005 -> PASS
  year_built: acc=0.5994, drop=0.0058, random=-0.0005 -> PASS
  lot_size: acc=0.6019, drop=0.0032, random=-0.0005 -> PASS

  ALL FEATURES:
  all_features: acc=0.5981, drop=0.0071

Saved results to: /home/anshulk/Housing/data/mp_results/qwen3-4b/layer_30/results.csv

============================================================
STEP 3: SELECTIVITY CONTROL
============================================================

--- SELECTIVITY CONTROL (MP) ---
  bedrooms: baseline=0.6045, erased=0.5968, recovered=0.5935 (0.0% recovery) -> PASS
  bathrooms: baseline=0.6045, erased=0.5974, recovered=0.6234 (200.0% recovery) -> PASS
  year_built: baseline=0.6045, erased=0.5987, recovered=0.6058 (122.2% recovery) -> PASS
  lot_size: baseline=0.6045, erased=0.6032, recovered=0.6045 (100.0% recovery) -> PASS

Saved selectivity to: /home/anshulk/Housing/data/mp_results/qwen3-4b/layer_30/selectivity.csv

============================================================
CORRECTNESS ANALYSIS
============================================================

Saved correctness analysis to: /home/anshulk/Housing/data/mp_results/qwen3-4b/layer_30/correctness.csv

============================================================
SUMMARY
============================================================

--- MP ---
Baseline accuracy: 0.6052
Random control drop: -0.0005

Feature verdicts:
  bedrooms:
    Probe: 0.8860759493670886
    Cosine sim: 0.983589231967926
    Price drop: 0.0091
    Info control: PASS
    Selectivity: PASS (0.0%)
    Verdict: NOT_USED — bedrooms encoded but not used for pricing
  bathrooms:
    Probe: 0.824732229795521
    Cosine sim: 0.9831370711326599
    Price drop: 0.0091
    Info control: PASS
    Selectivity: PASS (200.0%)
    Verdict: NOT_USED — bathrooms encoded but not used for pricing
  year_built:
    Probe: 0.8860759493670886
    Cosine sim: 0.9852915406227112
    Price drop: 0.0058
    Info control: PASS
    Selectivity: PASS (122.2%)
    Verdict: NOT_USED — year_built encoded but not used for pricing
  lot_size:
    Probe: 0.8286270691333982
    Cosine sim: 0.9907693266868591
    Price drop: 0.0032
    Info control: PASS
    Selectivity: PASS (100.0%)
    Verdict: NOT_USED — lot_size encoded but not used for pricing

Saved summary to: /home/anshulk/Housing/data/mp_results/qwen3-4b/layer_30/summary.json

============================================================
COMPLETE in 62s (1.0 min)
============================================================

>>> Qwen layer 31 / 35
============================================================
AMNESIC PROBING WITH MP
============================================================
Model: qwen3-4b
Layer: 31
Methods: ['mp']
Features: ['bedrooms', 'bathrooms', 'year_built', 'lot_size']
Random controls: 10
GPU: True
============================================================

============================================================
LOADING DATA
============================================================
Loading activations from: /home/anshulk/Housing/data/activations/qwen3-4b_2_fewshot_cot_temp0_activations.npz
Activations shape: (5130, 36, 2560)
Feature columns: ['bathrooms_p1_more' 'bedrooms_p1_more' 'year_p1_newer' 'lot_p1_larger'
 'sqft_p1_larger' 'price_p1_higher']
Loading samples from: /home/anshulk/Housing/data/amnesic_samples/selected_samples_qwen3-4b_2_fewshot_cot_temp0.csv
Loaded 5130 samples
Using layer 31, shape: (5130, 2560)
Output dir: /home/anshulk/Housing/data/mp_results/qwen3-4b/layer_31

Feature label class balance:
  bedrooms: 30.29% positive
  bathrooms: 30.18% positive
  year_built: 46.63% positive
  lot_size: 48.44% positive
Price labels: 48.03% have property 1 more expensive

============================================================
STEP 1: ERASURE + VERIFICATION
============================================================

============================================================
MP erasure for feature: bedrooms
============================================================
Samples: 5130 (train: 3590, val: 513, test: 1027)
Class balance: 30.17% positive
[W] [21:45:21.911806] L-BFGS: max iterations reached
[W] [21:45:21.911863] Maximum iterations reached before solver is converged. To increase model accuracy you can increase the number of iterations (max_iter) or improve the scaling of the input data.
Pre-erasure probe accuracy: 0.879
Rank removed: 1
Post-erasure probe accuracy: 0.699 (target: ~0.50)
Cosine similarity (original vs erased): 0.9842

============================================================
MP erasure for feature: bathrooms
============================================================
Samples: 5130 (train: 3590, val: 513, test: 1027)
Class balance: 30.03% positive
[W] [21:45:26.293625] L-BFGS: max iterations reached
[W] [21:45:26.293667] Maximum iterations reached before solver is converged. To increase model accuracy you can increase the number of iterations (max_iter) or improve the scaling of the input data.
Pre-erasure probe accuracy: 0.821
Rank removed: 1
Post-erasure probe accuracy: 0.703 (target: ~0.50)
Cosine similarity (original vs erased): 0.9853

============================================================
MP erasure for feature: year_built
============================================================
Samples: 5130 (train: 3590, val: 513, test: 1027)
Class balance: 46.82% positive
[W] [21:45:30.837639] L-BFGS: max iterations reached
[W] [21:45:30.837681] Maximum iterations reached before solver is converged. To increase model accuracy you can increase the number of iterations (max_iter) or improve the scaling of the input data.
Pre-erasure probe accuracy: 0.886
Rank removed: 1
Post-erasure probe accuracy: 0.532 (target: ~0.50)
Cosine similarity (original vs erased): 0.9885

============================================================
MP erasure for feature: lot_size
============================================================
Samples: 5130 (train: 3590, val: 513, test: 1027)
Class balance: 48.05% positive
[W] [21:45:35.193800] L-BFGS: max iterations reached
[W] [21:45:35.193836] Maximum iterations reached before solver is converged. To increase model accuracy you can increase the number of iterations (max_iter) or improve the scaling of the input data.
Pre-erasure probe accuracy: 0.813
Rank removed: 1
Post-erasure probe accuracy: 0.520 (target: ~0.50)
Cosine similarity (original vs erased): 0.9907

Saved erasure info to: /home/anshulk/Housing/data/mp_results/qwen3-4b/layer_31/erasure_info.json

============================================================
STEP 2: INFORMATION CONTROL
============================================================

--- BASELINE ---
  Baseline: acc=0.6045, auc=0.6292

--- RANDOM CONTROLS (10 runs) ---
  Random control: mean drop=0.0007 +/- 0.0013

--- MP ---
  bedrooms: acc=0.5916, drop=0.0130, random=0.0007 -> PASS
  bathrooms: acc=0.5857, drop=0.0188, random=0.0007 -> PASS
  year_built: acc=0.5961, drop=0.0084, random=0.0007 -> PASS
  lot_size: acc=0.6013, drop=0.0032, random=0.0007 -> PASS

  ALL FEATURES:
  all_features: acc=0.5961, drop=0.0084

Saved results to: /home/anshulk/Housing/data/mp_results/qwen3-4b/layer_31/results.csv

============================================================
STEP 3: SELECTIVITY CONTROL
============================================================

--- SELECTIVITY CONTROL (MP) ---
  bedrooms: baseline=0.6052, erased=0.5909, recovered=0.5929 (13.6% recovery) -> PASS
  bathrooms: baseline=0.6052, erased=0.5857, recovered=0.6039 (93.3% recovery) -> PASS
  year_built: baseline=0.6052, erased=0.5955, recovered=0.5961 (6.7% recovery) -> PASS
  lot_size: baseline=0.6052, erased=0.6000, recovered=0.6032 (62.5% recovery) -> PASS

Saved selectivity to: /home/anshulk/Housing/data/mp_results/qwen3-4b/layer_31/selectivity.csv

============================================================
CORRECTNESS ANALYSIS
============================================================

Saved correctness analysis to: /home/anshulk/Housing/data/mp_results/qwen3-4b/layer_31/correctness.csv

============================================================
SUMMARY
============================================================

--- MP ---
Baseline accuracy: 0.6045
Random control drop: 0.0007

Feature verdicts:
  bedrooms:
    Probe: 0.8792599805258033
    Cosine sim: 0.9841931462287903
    Price drop: 0.0130
    Info control: PASS
    Selectivity: PASS (13.6%)
    Verdict: MINOR — bedrooms has minor causal contribution to pricing
  bathrooms:
    Probe: 0.8208373904576436
    Cosine sim: 0.9853046536445618
    Price drop: 0.0188
    Info control: PASS
    Selectivity: PASS (93.3%)
    Verdict: MINOR — bathrooms has minor causal contribution to pricing
  year_built:
    Probe: 0.8860759493670886
    Cosine sim: 0.9884556531906128
    Price drop: 0.0084
    Info control: PASS
    Selectivity: PASS (6.7%)
    Verdict: NOT_USED — year_built encoded but not used for pricing
  lot_size:
    Probe: 0.813047711781889
    Cosine sim: 0.9906781911849976
    Price drop: 0.0032
    Info control: PASS
    Selectivity: PASS (62.5%)
    Verdict: NOT_USED — lot_size encoded but not used for pricing

Saved summary to: /home/anshulk/Housing/data/mp_results/qwen3-4b/layer_31/summary.json

============================================================
COMPLETE in 62s (1.0 min)
============================================================

>>> Qwen layer 32 / 35
============================================================
AMNESIC PROBING WITH MP
============================================================
Model: qwen3-4b
Layer: 32
Methods: ['mp']
Features: ['bedrooms', 'bathrooms', 'year_built', 'lot_size']
Random controls: 10
GPU: True
============================================================

============================================================
LOADING DATA
============================================================
Loading activations from: /home/anshulk/Housing/data/activations/qwen3-4b_2_fewshot_cot_temp0_activations.npz
Activations shape: (5130, 36, 2560)
Feature columns: ['bathrooms_p1_more' 'bedrooms_p1_more' 'year_p1_newer' 'lot_p1_larger'
 'sqft_p1_larger' 'price_p1_higher']
Loading samples from: /home/anshulk/Housing/data/amnesic_samples/selected_samples_qwen3-4b_2_fewshot_cot_temp0.csv
Loaded 5130 samples
Using layer 32, shape: (5130, 2560)
Output dir: /home/anshulk/Housing/data/mp_results/qwen3-4b/layer_32

Feature label class balance:
  bedrooms: 30.29% positive
  bathrooms: 30.18% positive
  year_built: 46.63% positive
  lot_size: 48.44% positive
Price labels: 48.03% have property 1 more expensive

============================================================
STEP 1: ERASURE + VERIFICATION
============================================================

============================================================
MP erasure for feature: bedrooms
============================================================
Samples: 5130 (train: 3590, val: 513, test: 1027)
Class balance: 30.17% positive
[W] [21:46:28.278103] L-BFGS: max iterations reached
[W] [21:46:28.278158] Maximum iterations reached before solver is converged. To increase model accuracy you can increase the number of iterations (max_iter) or improve the scaling of the input data.
Pre-erasure probe accuracy: 0.897
Rank removed: 1
Post-erasure probe accuracy: 0.699 (target: ~0.50)
Cosine similarity (original vs erased): 0.9838

============================================================
MP erasure for feature: bathrooms
============================================================
Samples: 5130 (train: 3590, val: 513, test: 1027)
Class balance: 30.03% positive
[W] [21:46:32.660993] L-BFGS: max iterations reached
[W] [21:46:32.661032] Maximum iterations reached before solver is converged. To increase model accuracy you can increase the number of iterations (max_iter) or improve the scaling of the input data.
Pre-erasure probe accuracy: 0.824
Rank removed: 1
Post-erasure probe accuracy: 0.703 (target: ~0.50)
Cosine similarity (original vs erased): 0.9842

============================================================
MP erasure for feature: year_built
============================================================
Samples: 5130 (train: 3590, val: 513, test: 1027)
Class balance: 46.82% positive
[W] [21:46:37.037836] L-BFGS: max iterations reached
[W] [21:46:37.037877] Maximum iterations reached before solver is converged. To increase model accuracy you can increase the number of iterations (max_iter) or improve the scaling of the input data.
Pre-erasure probe accuracy: 0.909
Rank removed: 1
Post-erasure probe accuracy: 0.532 (target: ~0.50)
Cosine similarity (original vs erased): 0.9871

============================================================
MP erasure for feature: lot_size
============================================================
Samples: 5130 (train: 3590, val: 513, test: 1027)
Class balance: 48.05% positive
[W] [21:46:41.418076] L-BFGS: max iterations reached
[W] [21:46:41.418143] Maximum iterations reached before solver is converged. To increase model accuracy you can increase the number of iterations (max_iter) or improve the scaling of the input data.
Pre-erasure probe accuracy: 0.818
Rank removed: 1
Post-erasure probe accuracy: 0.520 (target: ~0.50)
Cosine similarity (original vs erased): 0.9871

Saved erasure info to: /home/anshulk/Housing/data/mp_results/qwen3-4b/layer_32/erasure_info.json

============================================================
STEP 2: INFORMATION CONTROL
============================================================

--- BASELINE ---
  Baseline: acc=0.5916, auc=0.6223

--- RANDOM CONTROLS (10 runs) ---
  Random control: mean drop=0.0001 +/- 0.0010

--- MP ---
  bedrooms: acc=0.5870, drop=0.0045, random=0.0001 -> PASS
  bathrooms: acc=0.5818, drop=0.0097, random=0.0001 -> PASS
  year_built: acc=0.5877, drop=0.0039, random=0.0001 -> PASS
  lot_size: acc=0.5961, drop=-0.0045, random=0.0001 -> FAIL

  ALL FEATURES:
  all_features: acc=0.5864, drop=0.0052

Saved results to: /home/anshulk/Housing/data/mp_results/qwen3-4b/layer_32/results.csv

============================================================
STEP 3: SELECTIVITY CONTROL
============================================================

--- SELECTIVITY CONTROL (MP) ---
  bedrooms: baseline=0.5916, erased=0.5864, recovered=0.5844 (0.0% recovery) -> PASS
  bathrooms: baseline=0.5916, erased=0.5818, recovered=0.6039 (200.0% recovery) -> PASS
  year_built: baseline=0.5916, erased=0.5903, recovered=0.5916 (100.0% recovery) -> PASS
  lot_size: baseline=0.5916, erased=0.5961, recovered=0.6000 (100.0% recovery) -> PASS

Saved selectivity to: /home/anshulk/Housing/data/mp_results/qwen3-4b/layer_32/selectivity.csv

============================================================
CORRECTNESS ANALYSIS
============================================================

Saved correctness analysis to: /home/anshulk/Housing/data/mp_results/qwen3-4b/layer_32/correctness.csv

============================================================
SUMMARY
============================================================

--- MP ---
Baseline accuracy: 0.5916
Random control drop: 0.0001

Feature verdicts:
  bedrooms:
    Probe: 0.8967867575462513
    Cosine sim: 0.9837679862976074
    Price drop: 0.0045
    Info control: PASS
    Selectivity: PASS (0.0%)
    Verdict: NOT_USED — bedrooms encoded but not used for pricing
  bathrooms:
    Probe: 0.8237585199610516
    Cosine sim: 0.9841535687446594
    Price drop: 0.0097
    Info control: PASS
    Selectivity: PASS (200.0%)
    Verdict: NOT_USED — bathrooms encoded but not used for pricing
  year_built:
    Probe: 0.9094449853943525
    Cosine sim: 0.9870566129684448
    Price drop: 0.0039
    Info control: PASS
    Selectivity: PASS (100.0%)
    Verdict: NOT_USED — year_built encoded but not used for pricing
  lot_size:
    Probe: 0.8179162609542356
    Cosine sim: 0.9870874881744385
    Price drop: -0.0045
    Info control: FAIL
    Selectivity: PASS (100.0%)
    Verdict: NOT_CAUSAL — Erasure of lot_size does not hurt more than random

Saved summary to: /home/anshulk/Housing/data/mp_results/qwen3-4b/layer_32/summary.json

============================================================
COMPLETE in 62s (1.0 min)
============================================================

>>> Qwen layer 33 / 35
============================================================
AMNESIC PROBING WITH MP
============================================================
Model: qwen3-4b
Layer: 33
Methods: ['mp']
Features: ['bedrooms', 'bathrooms', 'year_built', 'lot_size']
Random controls: 10
GPU: True
============================================================

============================================================
LOADING DATA
============================================================
Loading activations from: /home/anshulk/Housing/data/activations/qwen3-4b_2_fewshot_cot_temp0_activations.npz
Activations shape: (5130, 36, 2560)
Feature columns: ['bathrooms_p1_more' 'bedrooms_p1_more' 'year_p1_newer' 'lot_p1_larger'
 'sqft_p1_larger' 'price_p1_higher']
Loading samples from: /home/anshulk/Housing/data/amnesic_samples/selected_samples_qwen3-4b_2_fewshot_cot_temp0.csv
Loaded 5130 samples
Using layer 33, shape: (5130, 2560)
Output dir: /home/anshulk/Housing/data/mp_results/qwen3-4b/layer_33

Feature label class balance:
  bedrooms: 30.29% positive
  bathrooms: 30.18% positive
  year_built: 46.63% positive
  lot_size: 48.44% positive
Price labels: 48.03% have property 1 more expensive

============================================================
STEP 1: ERASURE + VERIFICATION
============================================================

============================================================
MP erasure for feature: bedrooms
============================================================
Samples: 5130 (train: 3590, val: 513, test: 1027)
Class balance: 30.17% positive
[W] [21:47:34.305446] L-BFGS: max iterations reached
[W] [21:47:34.305492] Maximum iterations reached before solver is converged. To increase model accuracy you can increase the number of iterations (max_iter) or improve the scaling of the input data.
Pre-erasure probe accuracy: 0.877
Rank removed: 1
Post-erasure probe accuracy: 0.699 (target: ~0.50)
Cosine similarity (original vs erased): 0.9805

============================================================
MP erasure for feature: bathrooms
============================================================
Samples: 5130 (train: 3590, val: 513, test: 1027)
Class balance: 30.03% positive
[W] [21:47:38.690380] L-BFGS: max iterations reached
[W] [21:47:38.690424] Maximum iterations reached before solver is converged. To increase model accuracy you can increase the number of iterations (max_iter) or improve the scaling of the input data.
Pre-erasure probe accuracy: 0.838
Rank removed: 1
Post-erasure probe accuracy: 0.703 (target: ~0.50)
Cosine similarity (original vs erased): 0.9818

============================================================
MP erasure for feature: year_built
============================================================
Samples: 5130 (train: 3590, val: 513, test: 1027)
Class balance: 46.82% positive
[W] [21:47:43.065834] L-BFGS: max iterations reached
[W] [21:47:43.065875] Maximum iterations reached before solver is converged. To increase model accuracy you can increase the number of iterations (max_iter) or improve the scaling of the input data.
Pre-erasure probe accuracy: 0.887
Rank removed: 1
Post-erasure probe accuracy: 0.532 (target: ~0.50)
Cosine similarity (original vs erased): 0.9767

============================================================
MP erasure for feature: lot_size
============================================================
Samples: 5130 (train: 3590, val: 513, test: 1027)
Class balance: 48.05% positive
[W] [21:47:47.433054] L-BFGS: max iterations reached
[W] [21:47:47.433096] Maximum iterations reached before solver is converged. To increase model accuracy you can increase the number of iterations (max_iter) or improve the scaling of the input data.
Pre-erasure probe accuracy: 0.818
Rank removed: 1
Post-erasure probe accuracy: 0.520 (target: ~0.50)
Cosine similarity (original vs erased): 0.9901

Saved erasure info to: /home/anshulk/Housing/data/mp_results/qwen3-4b/layer_33/erasure_info.json

============================================================
STEP 2: INFORMATION CONTROL
============================================================

--- BASELINE ---
  Baseline: acc=0.5948, auc=0.6206

--- RANDOM CONTROLS (10 runs) ---
  Random control: mean drop=-0.0001 +/- 0.0009

--- MP ---
  bedrooms: acc=0.5955, drop=-0.0006, random=-0.0001 -> FAIL
  bathrooms: acc=0.5916, drop=0.0032, random=-0.0001 -> PASS
  year_built: acc=0.5903, drop=0.0045, random=-0.0001 -> PASS
  lot_size: acc=0.5981, drop=-0.0032, random=-0.0001 -> FAIL

  ALL FEATURES:
  all_features: acc=0.5942, drop=0.0006

Saved results to: /home/anshulk/Housing/data/mp_results/qwen3-4b/layer_33/results.csv

============================================================
STEP 3: SELECTIVITY CONTROL
============================================================

--- SELECTIVITY CONTROL (MP) ---
  bedrooms: baseline=0.5942, erased=0.5968, recovered=0.5805 (100.0% recovery) -> PASS
  bathrooms: baseline=0.5942, erased=0.5890, recovered=0.6104 (200.0% recovery) -> PASS
  year_built: baseline=0.5942, erased=0.5896, recovered=0.6019 (100.0% recovery) -> PASS
  lot_size: baseline=0.5942, erased=0.5974, recovered=0.6006 (100.0% recovery) -> PASS

Saved selectivity to: /home/anshulk/Housing/data/mp_results/qwen3-4b/layer_33/selectivity.csv

============================================================
CORRECTNESS ANALYSIS
============================================================

Saved correctness analysis to: /home/anshulk/Housing/data/mp_results/qwen3-4b/layer_33/correctness.csv

============================================================
SUMMARY
============================================================

--- MP ---
Baseline accuracy: 0.5948
Random control drop: -0.0001

Feature verdicts:
  bedrooms:
    Probe: 0.8773125608568647
    Cosine sim: 0.9804609417915344
    Price drop: -0.0006
    Info control: FAIL
    Selectivity: PASS (100.0%)
    Verdict: NOT_CAUSAL — Erasure of bedrooms does not hurt more than random
  bathrooms:
    Probe: 0.8383641674780915
    Cosine sim: 0.9818025827407837
    Price drop: 0.0032
    Info control: PASS
    Selectivity: PASS (200.0%)
    Verdict: NOT_USED — bathrooms encoded but not used for pricing
  year_built:
    Probe: 0.887049659201558
    Cosine sim: 0.9767345786094666
    Price drop: 0.0045
    Info control: PASS
    Selectivity: PASS (100.0%)
    Verdict: NOT_USED — year_built encoded but not used for pricing
  lot_size:
    Probe: 0.8179162609542356
    Cosine sim: 0.9901402592658997
    Price drop: -0.0032
    Info control: FAIL
    Selectivity: PASS (100.0%)
    Verdict: NOT_CAUSAL — Erasure of lot_size does not hurt more than random

Saved summary to: /home/anshulk/Housing/data/mp_results/qwen3-4b/layer_33/summary.json

============================================================
COMPLETE in 61s (1.0 min)
============================================================

>>> Qwen layer 34 / 35
============================================================
AMNESIC PROBING WITH MP
============================================================
Model: qwen3-4b
Layer: 34
Methods: ['mp']
Features: ['bedrooms', 'bathrooms', 'year_built', 'lot_size']
Random controls: 10
GPU: True
============================================================

============================================================
LOADING DATA
============================================================
Loading activations from: /home/anshulk/Housing/data/activations/qwen3-4b_2_fewshot_cot_temp0_activations.npz
Activations shape: (5130, 36, 2560)
Feature columns: ['bathrooms_p1_more' 'bedrooms_p1_more' 'year_p1_newer' 'lot_p1_larger'
 'sqft_p1_larger' 'price_p1_higher']
Loading samples from: /home/anshulk/Housing/data/amnesic_samples/selected_samples_qwen3-4b_2_fewshot_cot_temp0.csv
Loaded 5130 samples
Using layer 34, shape: (5130, 2560)
Output dir: /home/anshulk/Housing/data/mp_results/qwen3-4b/layer_34

Feature label class balance:
  bedrooms: 30.29% positive
  bathrooms: 30.18% positive
  year_built: 46.63% positive
  lot_size: 48.44% positive
Price labels: 48.03% have property 1 more expensive

============================================================
STEP 1: ERASURE + VERIFICATION
============================================================

============================================================
MP erasure for feature: bedrooms
============================================================
Samples: 5130 (train: 3590, val: 513, test: 1027)
Class balance: 30.17% positive
[W] [21:48:39.952652] L-BFGS: max iterations reached
[W] [21:48:39.952695] Maximum iterations reached before solver is converged. To increase model accuracy you can increase the number of iterations (max_iter) or improve the scaling of the input data.
Pre-erasure probe accuracy: 0.876
Rank removed: 1
Post-erasure probe accuracy: 0.699 (target: ~0.50)
Cosine similarity (original vs erased): 0.9850

============================================================
MP erasure for feature: bathrooms
============================================================
Samples: 5130 (train: 3590, val: 513, test: 1027)
Class balance: 30.03% positive
[W] [21:48:44.338976] L-BFGS: max iterations reached
[W] [21:48:44.339018] Maximum iterations reached before solver is converged. To increase model accuracy you can increase the number of iterations (max_iter) or improve the scaling of the input data.
Pre-erasure probe accuracy: 0.805
Rank removed: 1
[W] [21:48:47.775647] L-BFGS stopped, because the line search failed to advance (step delta = 0.000000)
Post-erasure probe accuracy: 0.703 (target: ~0.50)
Cosine similarity (original vs erased): 0.9654

============================================================
MP erasure for feature: year_built
============================================================
Samples: 5130 (train: 3590, val: 513, test: 1027)
Class balance: 46.82% positive
[W] [21:48:48.776920] L-BFGS: max iterations reached
[W] [21:48:48.776960] Maximum iterations reached before solver is converged. To increase model accuracy you can increase the number of iterations (max_iter) or improve the scaling of the input data.
Pre-erasure probe accuracy: 0.870
Rank removed: 1
Post-erasure probe accuracy: 0.532 (target: ~0.50)
Cosine similarity (original vs erased): 0.9625

============================================================
MP erasure for feature: lot_size
============================================================
Samples: 5130 (train: 3590, val: 513, test: 1027)
Class balance: 48.05% positive
[W] [21:48:53.145667] L-BFGS: max iterations reached
[W] [21:48:53.145710] Maximum iterations reached before solver is converged. To increase model accuracy you can increase the number of iterations (max_iter) or improve the scaling of the input data.
Pre-erasure probe accuracy: 0.806
Rank removed: 1
Post-erasure probe accuracy: 0.520 (target: ~0.50)
Cosine similarity (original vs erased): 0.9907

Saved erasure info to: /home/anshulk/Housing/data/mp_results/qwen3-4b/layer_34/erasure_info.json

============================================================
STEP 2: INFORMATION CONTROL
============================================================

--- BASELINE ---
  Baseline: acc=0.5864, auc=0.6212

--- RANDOM CONTROLS (10 runs) ---
  Random control: mean drop=0.0001 +/- 0.0008

--- MP ---
  bedrooms: acc=0.5929, drop=-0.0065, random=0.0001 -> FAIL
  bathrooms: acc=0.5838, drop=0.0026, random=0.0001 -> PASS
  year_built: acc=0.5890, drop=-0.0026, random=0.0001 -> FAIL
  lot_size: acc=0.5903, drop=-0.0039, random=0.0001 -> FAIL

  ALL FEATURES:
  all_features: acc=0.5929, drop=-0.0065

Saved results to: /home/anshulk/Housing/data/mp_results/qwen3-4b/layer_34/results.csv

============================================================
STEP 3: SELECTIVITY CONTROL
============================================================

--- SELECTIVITY CONTROL (MP) ---
  bedrooms: baseline=0.5857, erased=0.5896, recovered=0.5844 (100.0% recovery) -> PASS
  bathrooms: baseline=0.5857, erased=0.5844, recovered=0.6130 (100.0% recovery) -> PASS
  year_built: baseline=0.5857, erased=0.5909, recovered=0.5877 (62.5% recovery) -> PASS
  lot_size: baseline=0.5857, erased=0.5916, recovered=0.5896 (33.3% recovery) -> PASS

Saved selectivity to: /home/anshulk/Housing/data/mp_results/qwen3-4b/layer_34/selectivity.csv

============================================================
CORRECTNESS ANALYSIS
============================================================

Saved correctness analysis to: /home/anshulk/Housing/data/mp_results/qwen3-4b/layer_34/correctness.csv

============================================================
SUMMARY
============================================================

--- MP ---
Baseline accuracy: 0.5864
Random control drop: 0.0001

Feature verdicts:
  bedrooms:
    Probe: 0.8763388510223953
    Cosine sim: 0.9850443005561829
    Price drop: -0.0065
    Info control: FAIL
    Selectivity: PASS (100.0%)
    Verdict: NOT_CAUSAL — Erasure of bedrooms does not hurt more than random
  bathrooms:
    Probe: 0.8052580331061344
    Cosine sim: 0.9654424786567688
    Price drop: 0.0026
    Info control: PASS
    Selectivity: PASS (100.0%)
    Verdict: NOT_USED — bathrooms encoded but not used for pricing
  year_built:
    Probe: 0.8704965920155794
    Cosine sim: 0.962543785572052
    Price drop: -0.0026
    Info control: FAIL
    Selectivity: PASS (62.5%)
    Verdict: NOT_CAUSAL — Erasure of year_built does not hurt more than random
  lot_size:
    Probe: 0.8062317429406037
    Cosine sim: 0.9906536936759949
    Price drop: -0.0039
    Info control: FAIL
    Selectivity: PASS (33.3%)
    Verdict: NOT_CAUSAL — Erasure of lot_size does not hurt more than random

Saved summary to: /home/anshulk/Housing/data/mp_results/qwen3-4b/layer_34/summary.json

============================================================
COMPLETE in 62s (1.0 min)
============================================================

>>> Qwen layer 35 / 35
============================================================
AMNESIC PROBING WITH MP
============================================================
Model: qwen3-4b
Layer: 35
Methods: ['mp']
Features: ['bedrooms', 'bathrooms', 'year_built', 'lot_size']
Random controls: 10
GPU: True
============================================================

============================================================
LOADING DATA
============================================================
Loading activations from: /home/anshulk/Housing/data/activations/qwen3-4b_2_fewshot_cot_temp0_activations.npz
Activations shape: (5130, 36, 2560)
Feature columns: ['bathrooms_p1_more' 'bedrooms_p1_more' 'year_p1_newer' 'lot_p1_larger'
 'sqft_p1_larger' 'price_p1_higher']
Loading samples from: /home/anshulk/Housing/data/amnesic_samples/selected_samples_qwen3-4b_2_fewshot_cot_temp0.csv
Loaded 5130 samples
Using layer 35, shape: (5130, 2560)
Output dir: /home/anshulk/Housing/data/mp_results/qwen3-4b/layer_35

Feature label class balance:
  bedrooms: 30.29% positive
  bathrooms: 30.18% positive
  year_built: 46.63% positive
  lot_size: 48.44% positive
Price labels: 48.03% have property 1 more expensive

============================================================
STEP 1: ERASURE + VERIFICATION
============================================================

============================================================
MP erasure for feature: bedrooms
============================================================
Samples: 5130 (train: 3590, val: 513, test: 1027)
Class balance: 30.17% positive
[W] [21:49:48.624002] L-BFGS: max iterations reached
[W] [21:49:48.624057] Maximum iterations reached before solver is converged. To increase model accuracy you can increase the number of iterations (max_iter) or improve the scaling of the input data.
Pre-erasure probe accuracy: 0.882
Rank removed: 1
Post-erasure probe accuracy: 0.699 (target: ~0.50)
Cosine similarity (original vs erased): 0.9719

============================================================
MP erasure for feature: bathrooms
============================================================
Samples: 5130 (train: 3590, val: 513, test: 1027)
Class balance: 30.03% positive
[W] [21:49:52.976130] L-BFGS: max iterations reached
[W] [21:49:52.976173] Maximum iterations reached before solver is converged. To increase model accuracy you can increase the number of iterations (max_iter) or improve the scaling of the input data.
Pre-erasure probe accuracy: 0.816
Rank removed: 1
Post-erasure probe accuracy: 0.703 (target: ~0.50)
Cosine similarity (original vs erased): 0.9439

============================================================
MP erasure for feature: year_built
============================================================
Samples: 5130 (train: 3590, val: 513, test: 1027)
Class balance: 46.82% positive
[W] [21:49:57.317764] L-BFGS: max iterations reached
[W] [21:49:57.317816] Maximum iterations reached before solver is converged. To increase model accuracy you can increase the number of iterations (max_iter) or improve the scaling of the input data.
Pre-erasure probe accuracy: 0.873
Rank removed: 1
Post-erasure probe accuracy: 0.532 (target: ~0.50)
Cosine similarity (original vs erased): 0.9687

============================================================
MP erasure for feature: lot_size
============================================================
Samples: 5130 (train: 3590, val: 513, test: 1027)
Class balance: 48.05% positive
[W] [21:50:01.771074] L-BFGS: max iterations reached
[W] [21:50:01.771108] Maximum iterations reached before solver is converged. To increase model accuracy you can increase the number of iterations (max_iter) or improve the scaling of the input data.
Pre-erasure probe accuracy: 0.811
Rank removed: 1
Post-erasure probe accuracy: 0.520 (target: ~0.50)
Cosine similarity (original vs erased): 0.9737

Saved erasure info to: /home/anshulk/Housing/data/mp_results/qwen3-4b/layer_35/erasure_info.json

============================================================
STEP 2: INFORMATION CONTROL
============================================================

--- BASELINE ---
  Baseline: acc=0.5974, auc=0.6287

--- RANDOM CONTROLS (10 runs) ---
  Random control: mean drop=-0.0001 +/- 0.0007

--- MP ---
  bedrooms: acc=0.5955, drop=0.0019, random=-0.0001 -> PASS
  bathrooms: acc=0.5857, drop=0.0117, random=-0.0001 -> PASS
  year_built: acc=0.5942, drop=0.0032, random=-0.0001 -> PASS
  lot_size: acc=0.5929, drop=0.0045, random=-0.0001 -> PASS

  ALL FEATURES:
  all_features: acc=0.5883, drop=0.0091

Saved results to: /home/anshulk/Housing/data/mp_results/qwen3-4b/layer_35/results.csv

============================================================
STEP 3: SELECTIVITY CONTROL
============================================================

--- SELECTIVITY CONTROL (MP) ---
  bedrooms: baseline=0.5987, erased=0.5948, recovered=0.5935 (100.0% recovery) -> PASS
  bathrooms: baseline=0.5987, erased=0.5864, recovered=0.6026 (131.6% recovery) -> PASS
  year_built: baseline=0.5987, erased=0.5922, recovered=0.5994 (110.0% recovery) -> PASS
  lot_size: baseline=0.5987, erased=0.5929, recovered=0.5948 (33.3% recovery) -> PASS

Saved selectivity to: /home/anshulk/Housing/data/mp_results/qwen3-4b/layer_35/selectivity.csv

============================================================
CORRECTNESS ANALYSIS
============================================================

Saved correctness analysis to: /home/anshulk/Housing/data/mp_results/qwen3-4b/layer_35/correctness.csv

============================================================
SUMMARY
============================================================

--- MP ---
Baseline accuracy: 0.5974
Random control drop: -0.0001

Feature verdicts:
  bedrooms:
    Probe: 0.8821811100292113
    Cosine sim: 0.9719434976577759
    Price drop: 0.0019
    Info control: PASS
    Selectivity: PASS (100.0%)
    Verdict: NOT_USED — bedrooms encoded but not used for pricing
  bathrooms:
    Probe: 0.815968841285297
    Cosine sim: 0.943869948387146
    Price drop: 0.0117
    Info control: PASS
    Selectivity: PASS (131.6%)
    Verdict: MINOR — bathrooms has minor causal contribution to pricing
  year_built:
    Probe: 0.8734177215189873
    Cosine sim: 0.9686893820762634
    Price drop: 0.0032
    Info control: PASS
    Selectivity: PASS (110.0%)
    Verdict: NOT_USED — year_built encoded but not used for pricing
  lot_size:
    Probe: 0.8111002921129503
    Cosine sim: 0.973668098449707
    Price drop: 0.0045
    Info control: PASS
    Selectivity: PASS (33.3%)
    Verdict: NOT_USED — lot_size encoded but not used for pricing

Saved summary to: /home/anshulk/Housing/data/mp_results/qwen3-4b/layer_35/summary.json

============================================================
COMPLETE in 64s (1.1 min)
============================================================

Qwen complete (exit: 0)

============================================================
COMPLETE
============================================================
End time: Mon Feb  9 21:50:37 EST 2026
Runtime: 4719 seconds (78 minutes)

Results:
0
 CSV files generated

Summaries:
0
 JSON files generated
============================================================

Generating plots...
Models: ['llama-3.2-3b', 'qwen3-4b']
  llama-3.2-3b: 28 layers (0-27)
  qwen3-4b: 36 layers (0-35)
Output: /home/anshulk/Housing/data/mp_results/plots
==================================================
Saved: feature_encoding_by_layer.png
Saved: price_drops_by_layer.png
Saved: cosine_similarity_by_layer.png
Saved: information_control_best_layer.png
Saved: selectivity_heatmap.png
Saved: correctness_best_layer.png
Saved: mp_summary.png
==================================================
All plots generated!
Plots generated successfully
