============================================================
Linear Probing for Mechanistic Interpretability
============================================================
Job ID: 6323984
Node: babel-s9-20
Start time: Mon Feb  9 20:27:55 EST 2026
Working directory: /home/anshulk/Housing
============================================================
Activating conda environment...

Running pre-flight checks...
  Checking for activation files...
    Llama activations found: 988M
    Qwen activations found: 1.1G
  Checking Python packages...
  Installing missing package: scikit-learn
  All required packages available
  Checking GPU acceleration (cuML)...
    cuML already installed - GPU acceleration ENABLED

Pre-flight checks passed!

============================================================
Probing Llama-3.2-3B-Instruct activations
Condition: 2_fewshot_cot_temp0
Split: 70/10/20 (train/val/test)
Features: 5 binary features
Layers: 28
GPU acceleration: ENABLED (cuML)
============================================================
============================================================
 Probing Experiment: llama-3.2-3b / 2_fewshot_cot_temp0
============================================================
[W] [20:28:26.950844] L-BFGS: max iterations reached
[W] [20:28:26.950901] Maximum iterations reached before solver is converged. To increase model accuracy you can increase the number of iterations (max_iter) or improve the scaling of the input data.
[W] [20:28:27.705233] L-BFGS: max iterations reached
[W] [20:28:27.705271] Maximum iterations reached before solver is converged. To increase model accuracy you can increase the number of iterations (max_iter) or improve the scaling of the input data.
[W] [20:28:29.187324] L-BFGS: max iterations reached
[W] [20:28:29.187365] Maximum iterations reached before solver is converged. To increase model accuracy you can increase the number of iterations (max_iter) or improve the scaling of the input data.
[W] [20:28:31.383658] L-BFGS: max iterations reached
[W] [20:28:31.383701] Maximum iterations reached before solver is converged. To increase model accuracy you can increase the number of iterations (max_iter) or improve the scaling of the input data.
[W] [20:28:32.114652] L-BFGS: max iterations reached
[W] [20:28:32.114692] Maximum iterations reached before solver is converged. To increase model accuracy you can increase the number of iterations (max_iter) or improve the scaling of the input data.
[W] [20:28:33.599615] L-BFGS: max iterations reached
[W] [20:28:33.599668] Maximum iterations reached before solver is converged. To increase model accuracy you can increase the number of iterations (max_iter) or improve the scaling of the input data.
[W] [20:28:35.338943] L-BFGS stopped, because the line search failed to advance (step delta = 0.000000)
[W] [20:28:36.135015] L-BFGS: max iterations reached
[W] [20:28:36.135058] Maximum iterations reached before solver is converged. To increase model accuracy you can increase the number of iterations (max_iter) or improve the scaling of the input data.
[W] [20:28:36.873961] L-BFGS: max iterations reached
[W] [20:28:36.874001] Maximum iterations reached before solver is converged. To increase model accuracy you can increase the number of iterations (max_iter) or improve the scaling of the input data.
[W] [20:28:40.193338] L-BFGS: max iterations reached
[W] [20:28:40.193392] Maximum iterations reached before solver is converged. To increase model accuracy you can increase the number of iterations (max_iter) or improve the scaling of the input data.
[W] [20:28:40.942467] L-BFGS: max iterations reached
[W] [20:28:40.942507] Maximum iterations reached before solver is converged. To increase model accuracy you can increase the number of iterations (max_iter) or improve the scaling of the input data.
[W] [20:28:44.715803] L-BFGS: max iterations reached
[W] [20:28:44.715846] Maximum iterations reached before solver is converged. To increase model accuracy you can increase the number of iterations (max_iter) or improve the scaling of the input data.
[W] [20:28:45.453016] L-BFGS: max iterations reached
[W] [20:28:45.453058] Maximum iterations reached before solver is converged. To increase model accuracy you can increase the number of iterations (max_iter) or improve the scaling of the input data.
[W] [20:28:46.925481] L-BFGS: max iterations reached
[W] [20:28:46.925523] Maximum iterations reached before solver is converged. To increase model accuracy you can increase the number of iterations (max_iter) or improve the scaling of the input data.
[W] [20:28:49.071887] L-BFGS: max iterations reached
[W] [20:28:49.071933] Maximum iterations reached before solver is converged. To increase model accuracy you can increase the number of iterations (max_iter) or improve the scaling of the input data.
[W] [20:28:49.806290] L-BFGS: max iterations reached
[W] [20:28:49.806332] Maximum iterations reached before solver is converged. To increase model accuracy you can increase the number of iterations (max_iter) or improve the scaling of the input data.
[W] [20:28:52.568633] L-BFGS: max iterations reached
[W] [20:28:52.568687] Maximum iterations reached before solver is converged. To increase model accuracy you can increase the number of iterations (max_iter) or improve the scaling of the input data.
[W] [20:28:53.302750] L-BFGS: max iterations reached
[W] [20:28:53.302809] Maximum iterations reached before solver is converged. To increase model accuracy you can increase the number of iterations (max_iter) or improve the scaling of the input data.
[W] [20:28:54.032918] L-BFGS: max iterations reached
[W] [20:28:54.032954] Maximum iterations reached before solver is converged. To increase model accuracy you can increase the number of iterations (max_iter) or improve the scaling of the input data.
[W] [20:28:55.493060] L-BFGS: max iterations reached
[W] [20:28:55.493096] Maximum iterations reached before solver is converged. To increase model accuracy you can increase the number of iterations (max_iter) or improve the scaling of the input data.
[W] [20:28:57.682899] L-BFGS: max iterations reached
[W] [20:28:57.682952] Maximum iterations reached before solver is converged. To increase model accuracy you can increase the number of iterations (max_iter) or improve the scaling of the input data.
[W] [20:28:58.410804] L-BFGS: max iterations reached
[W] [20:28:58.410841] Maximum iterations reached before solver is converged. To increase model accuracy you can increase the number of iterations (max_iter) or improve the scaling of the input data.
[W] [20:28:59.854837] L-BFGS: max iterations reached
[W] [20:28:59.854875] Maximum iterations reached before solver is converged. To increase model accuracy you can increase the number of iterations (max_iter) or improve the scaling of the input data.
[W] [20:29:02.057453] L-BFGS: max iterations reached
[W] [20:29:02.057491] Maximum iterations reached before solver is converged. To increase model accuracy you can increase the number of iterations (max_iter) or improve the scaling of the input data.
[W] [20:29:02.779971] L-BFGS: max iterations reached
[W] [20:29:02.780005] Maximum iterations reached before solver is converged. To increase model accuracy you can increase the number of iterations (max_iter) or improve the scaling of the input data.
[W] [20:29:04.262960] L-BFGS: max iterations reached
[W] [20:29:04.262996] Maximum iterations reached before solver is converged. To increase model accuracy you can increase the number of iterations (max_iter) or improve the scaling of the input data.
[W] [20:29:06.214788] L-BFGS: max iterations reached
[W] [20:29:06.214824] Maximum iterations reached before solver is converged. To increase model accuracy you can increase the number of iterations (max_iter) or improve the scaling of the input data.
[W] [20:29:06.943787] L-BFGS: max iterations reached
[W] [20:29:06.943821] Maximum iterations reached before solver is converged. To increase model accuracy you can increase the number of iterations (max_iter) or improve the scaling of the input data.
[W] [20:29:08.379348] L-BFGS: max iterations reached
[W] [20:29:08.379386] Maximum iterations reached before solver is converged. To increase model accuracy you can increase the number of iterations (max_iter) or improve the scaling of the input data.
[W] [20:29:10.861453] L-BFGS: max iterations reached
[W] [20:29:10.861488] Maximum iterations reached before solver is converged. To increase model accuracy you can increase the number of iterations (max_iter) or improve the scaling of the input data.
[W] [20:29:11.588094] L-BFGS: max iterations reached
[W] [20:29:11.588206] Maximum iterations reached before solver is converged. To increase model accuracy you can increase the number of iterations (max_iter) or improve the scaling of the input data.
[W] [20:29:13.036049] L-BFGS: max iterations reached
[W] [20:29:13.036085] Maximum iterations reached before solver is converged. To increase model accuracy you can increase the number of iterations (max_iter) or improve the scaling of the input data.
[W] [20:29:15.064400] L-BFGS: max iterations reached
[W] [20:29:15.064441] Maximum iterations reached before solver is converged. To increase model accuracy you can increase the number of iterations (max_iter) or improve the scaling of the input data.
[W] [20:29:15.782742] L-BFGS: max iterations reached
[W] [20:29:15.782829] Maximum iterations reached before solver is converged. To increase model accuracy you can increase the number of iterations (max_iter) or improve the scaling of the input data.
[W] [20:29:17.223865] L-BFGS: max iterations reached
[W] [20:29:17.223901] Maximum iterations reached before solver is converged. To increase model accuracy you can increase the number of iterations (max_iter) or improve the scaling of the input data.
[W] [20:29:19.192967] L-BFGS: max iterations reached
[W] [20:29:19.193003] Maximum iterations reached before solver is converged. To increase model accuracy you can increase the number of iterations (max_iter) or improve the scaling of the input data.
[W] [20:29:19.915974] L-BFGS: max iterations reached
[W] [20:29:19.916010] Maximum iterations reached before solver is converged. To increase model accuracy you can increase the number of iterations (max_iter) or improve the scaling of the input data.
[W] [20:29:21.371453] L-BFGS: max iterations reached
[W] [20:29:21.371491] Maximum iterations reached before solver is converged. To increase model accuracy you can increase the number of iterations (max_iter) or improve the scaling of the input data.
[W] [20:29:23.391836] L-BFGS: max iterations reached
[W] [20:29:23.391871] Maximum iterations reached before solver is converged. To increase model accuracy you can increase the number of iterations (max_iter) or improve the scaling of the input data.
[W] [20:29:24.113323] L-BFGS: max iterations reached
[W] [20:29:24.113358] Maximum iterations reached before solver is converged. To increase model accuracy you can increase the number of iterations (max_iter) or improve the scaling of the input data.
[W] [20:29:27.270573] L-BFGS: max iterations reached
[W] [20:29:27.270609] Maximum iterations reached before solver is converged. To increase model accuracy you can increase the number of iterations (max_iter) or improve the scaling of the input data.
[W] [20:29:27.997326] L-BFGS: max iterations reached
[W] [20:29:27.997362] Maximum iterations reached before solver is converged. To increase model accuracy you can increase the number of iterations (max_iter) or improve the scaling of the input data.
[W] [20:29:29.445216] L-BFGS: max iterations reached
[W] [20:29:29.445252] Maximum iterations reached before solver is converged. To increase model accuracy you can increase the number of iterations (max_iter) or improve the scaling of the input data.
[W] [20:29:31.064362] L-BFGS stopped, because the line search failed to advance (step delta = 0.000000)
[W] [20:29:31.789014] L-BFGS: max iterations reached
[W] [20:29:31.789048] Maximum iterations reached before solver is converged. To increase model accuracy you can increase the number of iterations (max_iter) or improve the scaling of the input data.
[W] [20:29:32.533429] L-BFGS: max iterations reached
[W] [20:29:32.533464] Maximum iterations reached before solver is converged. To increase model accuracy you can increase the number of iterations (max_iter) or improve the scaling of the input data.
[W] [20:29:35.859784] L-BFGS: max iterations reached
[W] [20:29:35.859840] Maximum iterations reached before solver is converged. To increase model accuracy you can increase the number of iterations (max_iter) or improve the scaling of the input data.
[W] [20:29:36.586892] L-BFGS: max iterations reached
[W] [20:29:36.586929] Maximum iterations reached before solver is converged. To increase model accuracy you can increase the number of iterations (max_iter) or improve the scaling of the input data.
[W] [20:29:38.035714] L-BFGS: max iterations reached
[W] [20:29:38.035775] Maximum iterations reached before solver is converged. To increase model accuracy you can increase the number of iterations (max_iter) or improve the scaling of the input data.
[W] [20:29:40.036934] L-BFGS: max iterations reached
[W] [20:29:40.036976] Maximum iterations reached before solver is converged. To increase model accuracy you can increase the number of iterations (max_iter) or improve the scaling of the input data.
[W] [20:29:41.010360] L-BFGS: max iterations reached
[W] [20:29:41.010402] Maximum iterations reached before solver is converged. To increase model accuracy you can increase the number of iterations (max_iter) or improve the scaling of the input data.
[W] [20:29:42.465243] L-BFGS: max iterations reached
[W] [20:29:42.465281] Maximum iterations reached before solver is converged. To increase model accuracy you can increase the number of iterations (max_iter) or improve the scaling of the input data.
[W] [20:29:44.723077] L-BFGS: max iterations reached
[W] [20:29:44.723114] Maximum iterations reached before solver is converged. To increase model accuracy you can increase the number of iterations (max_iter) or improve the scaling of the input data.
[W] [20:29:45.452749] L-BFGS: max iterations reached
[W] [20:29:45.452786] Maximum iterations reached before solver is converged. To increase model accuracy you can increase the number of iterations (max_iter) or improve the scaling of the input data.
[W] [20:29:46.904655] L-BFGS: max iterations reached
[W] [20:29:46.904692] Maximum iterations reached before solver is converged. To increase model accuracy you can increase the number of iterations (max_iter) or improve the scaling of the input data.
[W] [20:29:48.932399] L-BFGS: max iterations reached
[W] [20:29:48.932434] Maximum iterations reached before solver is converged. To increase model accuracy you can increase the number of iterations (max_iter) or improve the scaling of the input data.
[W] [20:29:49.684005] L-BFGS: max iterations reached
[W] [20:29:49.684041] Maximum iterations reached before solver is converged. To increase model accuracy you can increase the number of iterations (max_iter) or improve the scaling of the input data.
[W] [20:29:52.906507] L-BFGS: max iterations reached
[W] [20:29:52.906543] Maximum iterations reached before solver is converged. To increase model accuracy you can increase the number of iterations (max_iter) or improve the scaling of the input data.
[W] [20:29:53.639330] L-BFGS: max iterations reached
[W] [20:29:53.639366] Maximum iterations reached before solver is converged. To increase model accuracy you can increase the number of iterations (max_iter) or improve the scaling of the input data.
[W] [20:29:55.093025] L-BFGS: max iterations reached
[W] [20:29:55.093063] Maximum iterations reached before solver is converged. To increase model accuracy you can increase the number of iterations (max_iter) or improve the scaling of the input data.
[W] [20:29:57.155327] L-BFGS: max iterations reached
[W] [20:29:57.155364] Maximum iterations reached before solver is converged. To increase model accuracy you can increase the number of iterations (max_iter) or improve the scaling of the input data.
[W] [20:29:57.880819] L-BFGS: max iterations reached
[W] [20:29:57.880866] Maximum iterations reached before solver is converged. To increase model accuracy you can increase the number of iterations (max_iter) or improve the scaling of the input data.
[W] [20:29:59.333546] L-BFGS: max iterations reached
[W] [20:29:59.333581] Maximum iterations reached before solver is converged. To increase model accuracy you can increase the number of iterations (max_iter) or improve the scaling of the input data.
[W] [20:30:00.694564] L-BFGS stopped, because the line search failed to advance (step delta = 0.000000)
[W] [20:30:01.423157] L-BFGS: max iterations reached
[W] [20:30:01.423194] Maximum iterations reached before solver is converged. To increase model accuracy you can increase the number of iterations (max_iter) or improve the scaling of the input data.
[W] [20:30:02.149778] L-BFGS: max iterations reached
[W] [20:30:02.149815] Maximum iterations reached before solver is converged. To increase model accuracy you can increase the number of iterations (max_iter) or improve the scaling of the input data.
[W] [20:30:05.730619] L-BFGS: max iterations reached
[W] [20:30:05.730662] Maximum iterations reached before solver is converged. To increase model accuracy you can increase the number of iterations (max_iter) or improve the scaling of the input data.
[W] [20:30:06.473168] L-BFGS: max iterations reached
[W] [20:30:06.473211] Maximum iterations reached before solver is converged. To increase model accuracy you can increase the number of iterations (max_iter) or improve the scaling of the input data.
[W] [20:30:09.699922] L-BFGS: max iterations reached
[W] [20:30:09.699964] Maximum iterations reached before solver is converged. To increase model accuracy you can increase the number of iterations (max_iter) or improve the scaling of the input data.
[W] [20:30:10.435646] L-BFGS: max iterations reached
[W] [20:30:10.435689] Maximum iterations reached before solver is converged. To increase model accuracy you can increase the number of iterations (max_iter) or improve the scaling of the input data.
[W] [20:30:11.894805] L-BFGS: max iterations reached
[W] [20:30:11.894849] Maximum iterations reached before solver is converged. To increase model accuracy you can increase the number of iterations (max_iter) or improve the scaling of the input data.
[W] [20:30:13.885997] L-BFGS: max iterations reached
[W] [20:30:13.886038] Maximum iterations reached before solver is converged. To increase model accuracy you can increase the number of iterations (max_iter) or improve the scaling of the input data.
[W] [20:30:14.613496] L-BFGS: max iterations reached
[W] [20:30:14.613542] Maximum iterations reached before solver is converged. To increase model accuracy you can increase the number of iterations (max_iter) or improve the scaling of the input data.
[W] [20:30:15.716681] L-BFGS stopped, because the line search failed to advance (step delta = 0.000000)
[W] [20:30:17.716782] L-BFGS: max iterations reached
[W] [20:30:17.716823] Maximum iterations reached before solver is converged. To increase model accuracy you can increase the number of iterations (max_iter) or improve the scaling of the input data.
[W] [20:30:18.449281] L-BFGS: max iterations reached
[W] [20:30:18.449324] Maximum iterations reached before solver is converged. To increase model accuracy you can increase the number of iterations (max_iter) or improve the scaling of the input data.
[W] [20:30:19.922488] L-BFGS: max iterations reached
[W] [20:30:19.922530] Maximum iterations reached before solver is converged. To increase model accuracy you can increase the number of iterations (max_iter) or improve the scaling of the input data.
[W] [20:30:21.976732] L-BFGS: max iterations reached
[W] [20:30:21.976775] Maximum iterations reached before solver is converged. To increase model accuracy you can increase the number of iterations (max_iter) or improve the scaling of the input data.
[W] [20:30:22.700173] L-BFGS: max iterations reached
[W] [20:30:22.700218] Maximum iterations reached before solver is converged. To increase model accuracy you can increase the number of iterations (max_iter) or improve the scaling of the input data.
[W] [20:30:25.981655] L-BFGS: max iterations reached
[W] [20:30:25.981697] Maximum iterations reached before solver is converged. To increase model accuracy you can increase the number of iterations (max_iter) or improve the scaling of the input data.
[W] [20:30:26.774834] L-BFGS: max iterations reached
[W] [20:30:26.774876] Maximum iterations reached before solver is converged. To increase model accuracy you can increase the number of iterations (max_iter) or improve the scaling of the input data.
[W] [20:30:29.353872] L-BFGS: max iterations reached
[W] [20:30:29.353913] Maximum iterations reached before solver is converged. To increase model accuracy you can increase the number of iterations (max_iter) or improve the scaling of the input data.
[W] [20:30:30.086479] L-BFGS: max iterations reached
[W] [20:30:30.086520] Maximum iterations reached before solver is converged. To increase model accuracy you can increase the number of iterations (max_iter) or improve the scaling of the input data.
[W] [20:30:31.340832] L-BFGS line search failed (code 3); stopping at the last valid step
[W] [20:30:33.289474] L-BFGS: max iterations reached
[W] [20:30:33.289514] Maximum iterations reached before solver is converged. To increase model accuracy you can increase the number of iterations (max_iter) or improve the scaling of the input data.
[W] [20:30:34.027219] L-BFGS: max iterations reached
[W] [20:30:34.027262] Maximum iterations reached before solver is converged. To increase model accuracy you can increase the number of iterations (max_iter) or improve the scaling of the input data.
[W] [20:30:35.776700] L-BFGS: max iterations reached
[W] [20:30:35.776743] Maximum iterations reached before solver is converged. To increase model accuracy you can increase the number of iterations (max_iter) or improve the scaling of the input data.
[W] [20:30:37.808145] L-BFGS: max iterations reached
[W] [20:30:37.808199] Maximum iterations reached before solver is converged. To increase model accuracy you can increase the number of iterations (max_iter) or improve the scaling of the input data.
[W] [20:30:38.557184] L-BFGS: max iterations reached
[W] [20:30:38.557224] Maximum iterations reached before solver is converged. To increase model accuracy you can increase the number of iterations (max_iter) or improve the scaling of the input data.
[W] [20:30:40.029280] L-BFGS: max iterations reached
[W] [20:30:40.029320] Maximum iterations reached before solver is converged. To increase model accuracy you can increase the number of iterations (max_iter) or improve the scaling of the input data.
[W] [20:30:42.237117] L-BFGS: max iterations reached
[W] [20:30:42.237164] Maximum iterations reached before solver is converged. To increase model accuracy you can increase the number of iterations (max_iter) or improve the scaling of the input data.
[W] [20:30:42.977187] L-BFGS: max iterations reached
[W] [20:30:42.977226] Maximum iterations reached before solver is converged. To increase model accuracy you can increase the number of iterations (max_iter) or improve the scaling of the input data.
[W] [20:30:44.600340] L-BFGS: max iterations reached
[W] [20:30:44.600382] Maximum iterations reached before solver is converged. To increase model accuracy you can increase the number of iterations (max_iter) or improve the scaling of the input data.
[W] [20:30:46.621778] L-BFGS: max iterations reached
[W] [20:30:46.621818] Maximum iterations reached before solver is converged. To increase model accuracy you can increase the number of iterations (max_iter) or improve the scaling of the input data.
[W] [20:30:47.353281] L-BFGS: max iterations reached
[W] [20:30:47.353330] Maximum iterations reached before solver is converged. To increase model accuracy you can increase the number of iterations (max_iter) or improve the scaling of the input data.
[W] [20:30:48.809569] L-BFGS: max iterations reached
[W] [20:30:48.809611] Maximum iterations reached before solver is converged. To increase model accuracy you can increase the number of iterations (max_iter) or improve the scaling of the input data.
[W] [20:30:50.753198] L-BFGS: max iterations reached
[W] [20:30:50.753238] Maximum iterations reached before solver is converged. To increase model accuracy you can increase the number of iterations (max_iter) or improve the scaling of the input data.
[W] [20:30:51.480491] L-BFGS: max iterations reached
[W] [20:30:51.480533] Maximum iterations reached before solver is converged. To increase model accuracy you can increase the number of iterations (max_iter) or improve the scaling of the input data.
[W] [20:30:52.933186] L-BFGS: max iterations reached
[W] [20:30:52.933228] Maximum iterations reached before solver is converged. To increase model accuracy you can increase the number of iterations (max_iter) or improve the scaling of the input data.
[W] [20:30:54.896786] L-BFGS: max iterations reached
[W] [20:30:54.896828] Maximum iterations reached before solver is converged. To increase model accuracy you can increase the number of iterations (max_iter) or improve the scaling of the input data.
[W] [20:30:55.619107] L-BFGS: max iterations reached
[W] [20:30:55.619154] Maximum iterations reached before solver is converged. To increase model accuracy you can increase the number of iterations (max_iter) or improve the scaling of the input data.
[W] [20:30:57.060039] L-BFGS: max iterations reached
[W] [20:30:57.060084] Maximum iterations reached before solver is converged. To increase model accuracy you can increase the number of iterations (max_iter) or improve the scaling of the input data.
[W] [20:30:57.554565] L-BFGS stopped, because the line search failed to advance (step delta = 0.000000)
[W] [20:30:59.094684] L-BFGS: max iterations reached
[W] [20:30:59.094730] Maximum iterations reached before solver is converged. To increase model accuracy you can increase the number of iterations (max_iter) or improve the scaling of the input data.
[W] [20:30:59.825333] L-BFGS: max iterations reached
[W] [20:30:59.825372] Maximum iterations reached before solver is converged. To increase model accuracy you can increase the number of iterations (max_iter) or improve the scaling of the input data.
[W] [20:31:01.270673] L-BFGS: max iterations reached
[W] [20:31:01.270718] Maximum iterations reached before solver is converged. To increase model accuracy you can increase the number of iterations (max_iter) or improve the scaling of the input data.
[W] [20:31:01.710761] L-BFGS stopped, because the line search failed to advance (step delta = 0.000000)
[W] [20:31:03.287047] L-BFGS: max iterations reached
[W] [20:31:03.287095] Maximum iterations reached before solver is converged. To increase model accuracy you can increase the number of iterations (max_iter) or improve the scaling of the input data.
[W] [20:31:04.013823] L-BFGS: max iterations reached
[W] [20:31:04.013866] Maximum iterations reached before solver is converged. To increase model accuracy you can increase the number of iterations (max_iter) or improve the scaling of the input data.
[W] [20:31:05.734996] L-BFGS: max iterations reached
[W] [20:31:05.735039] Maximum iterations reached before solver is converged. To increase model accuracy you can increase the number of iterations (max_iter) or improve the scaling of the input data.
[W] [20:31:07.838064] L-BFGS: max iterations reached
[W] [20:31:07.838108] Maximum iterations reached before solver is converged. To increase model accuracy you can increase the number of iterations (max_iter) or improve the scaling of the input data.
[W] [20:31:08.560919] L-BFGS: max iterations reached
[W] [20:31:08.560962] Maximum iterations reached before solver is converged. To increase model accuracy you can increase the number of iterations (max_iter) or improve the scaling of the input data.
[W] [20:31:10.015001] L-BFGS: max iterations reached
[W] [20:31:10.015043] Maximum iterations reached before solver is converged. To increase model accuracy you can increase the number of iterations (max_iter) or improve the scaling of the input data.
[W] [20:31:12.097733] L-BFGS: max iterations reached
[W] [20:31:12.097774] Maximum iterations reached before solver is converged. To increase model accuracy you can increase the number of iterations (max_iter) or improve the scaling of the input data.
[W] [20:31:12.821747] L-BFGS: max iterations reached
[W] [20:31:12.821790] Maximum iterations reached before solver is converged. To increase model accuracy you can increase the number of iterations (max_iter) or improve the scaling of the input data.
[W] [20:31:14.267102] L-BFGS: max iterations reached
[W] [20:31:14.267152] Maximum iterations reached before solver is converged. To increase model accuracy you can increase the number of iterations (max_iter) or improve the scaling of the input data.
[W] [20:31:16.195617] L-BFGS: max iterations reached
[W] [20:31:16.195658] Maximum iterations reached before solver is converged. To increase model accuracy you can increase the number of iterations (max_iter) or improve the scaling of the input data.
[W] [20:31:16.926600] L-BFGS: max iterations reached
[W] [20:31:16.926639] Maximum iterations reached before solver is converged. To increase model accuracy you can increase the number of iterations (max_iter) or improve the scaling of the input data.
[W] [20:31:18.372683] L-BFGS: max iterations reached
[W] [20:31:18.372736] Maximum iterations reached before solver is converged. To increase model accuracy you can increase the number of iterations (max_iter) or improve the scaling of the input data.
[W] [20:31:20.444220] L-BFGS: max iterations reached
[W] [20:31:20.444264] Maximum iterations reached before solver is converged. To increase model accuracy you can increase the number of iterations (max_iter) or improve the scaling of the input data.
[W] [20:31:21.170876] L-BFGS: max iterations reached
[W] [20:31:21.170920] Maximum iterations reached before solver is converged. To increase model accuracy you can increase the number of iterations (max_iter) or improve the scaling of the input data.
[W] [20:31:22.631687] L-BFGS: max iterations reached
[W] [20:31:22.631729] Maximum iterations reached before solver is converged. To increase model accuracy you can increase the number of iterations (max_iter) or improve the scaling of the input data.
[W] [20:31:24.567002] L-BFGS: max iterations reached
[W] [20:31:24.567060] Maximum iterations reached before solver is converged. To increase model accuracy you can increase the number of iterations (max_iter) or improve the scaling of the input data.
[W] [20:31:25.291526] L-BFGS: max iterations reached
[W] [20:31:25.291569] Maximum iterations reached before solver is converged. To increase model accuracy you can increase the number of iterations (max_iter) or improve the scaling of the input data.
[W] [20:31:26.762059] L-BFGS: max iterations reached
[W] [20:31:26.762102] Maximum iterations reached before solver is converged. To increase model accuracy you can increase the number of iterations (max_iter) or improve the scaling of the input data.
[W] [20:31:28.797108] L-BFGS: max iterations reached
[W] [20:31:28.797157] Maximum iterations reached before solver is converged. To increase model accuracy you can increase the number of iterations (max_iter) or improve the scaling of the input data.
[W] [20:31:29.526992] L-BFGS: max iterations reached
[W] [20:31:29.527053] Maximum iterations reached before solver is converged. To increase model accuracy you can increase the number of iterations (max_iter) or improve the scaling of the input data.
[W] [20:31:32.912519] L-BFGS: max iterations reached
[W] [20:31:32.912560] Maximum iterations reached before solver is converged. To increase model accuracy you can increase the number of iterations (max_iter) or improve the scaling of the input data.
[W] [20:31:33.641646] L-BFGS: max iterations reached
[W] [20:31:33.641687] Maximum iterations reached before solver is converged. To increase model accuracy you can increase the number of iterations (max_iter) or improve the scaling of the input data.
[W] [20:31:35.087830] L-BFGS: max iterations reached
[W] [20:31:35.087886] Maximum iterations reached before solver is converged. To increase model accuracy you can increase the number of iterations (max_iter) or improve the scaling of the input data.
[W] [20:31:37.146906] L-BFGS: max iterations reached
[W] [20:31:37.146948] Maximum iterations reached before solver is converged. To increase model accuracy you can increase the number of iterations (max_iter) or improve the scaling of the input data.
[W] [20:31:37.876444] L-BFGS: max iterations reached
[W] [20:31:37.876484] Maximum iterations reached before solver is converged. To increase model accuracy you can increase the number of iterations (max_iter) or improve the scaling of the input data.
[W] [20:31:39.314078] L-BFGS: max iterations reached
[W] [20:31:39.314119] Maximum iterations reached before solver is converged. To increase model accuracy you can increase the number of iterations (max_iter) or improve the scaling of the input data.
[W] [20:31:41.355841] L-BFGS: max iterations reached
[W] [20:31:41.355884] Maximum iterations reached before solver is converged. To increase model accuracy you can increase the number of iterations (max_iter) or improve the scaling of the input data.
[W] [20:31:42.085021] L-BFGS: max iterations reached
[W] [20:31:42.085062] Maximum iterations reached before solver is converged. To increase model accuracy you can increase the number of iterations (max_iter) or improve the scaling of the input data.
[W] [20:31:43.450377] L-BFGS stopped, because the line search failed to advance (step delta = 0.000000)
[W] [20:31:45.501058] L-BFGS: max iterations reached
[W] [20:31:45.501103] Maximum iterations reached before solver is converged. To increase model accuracy you can increase the number of iterations (max_iter) or improve the scaling of the input data.
[W] [20:31:46.229652] L-BFGS: max iterations reached
[W] [20:31:46.229696] Maximum iterations reached before solver is converged. To increase model accuracy you can increase the number of iterations (max_iter) or improve the scaling of the input data.
[W] [20:31:49.272835] L-BFGS: max iterations reached
[W] [20:31:49.272882] Maximum iterations reached before solver is converged. To increase model accuracy you can increase the number of iterations (max_iter) or improve the scaling of the input data.
[W] [20:31:50.003741] L-BFGS: max iterations reached
[W] [20:31:50.003785] Maximum iterations reached before solver is converged. To increase model accuracy you can increase the number of iterations (max_iter) or improve the scaling of the input data.
[W] [20:31:53.185719] L-BFGS: max iterations reached
[W] [20:31:53.185763] Maximum iterations reached before solver is converged. To increase model accuracy you can increase the number of iterations (max_iter) or improve the scaling of the input data.
[W] [20:31:53.916304] L-BFGS: max iterations reached
[W] [20:31:53.916345] Maximum iterations reached before solver is converged. To increase model accuracy you can increase the number of iterations (max_iter) or improve the scaling of the input data.
[W] [20:31:55.366184] L-BFGS: max iterations reached
[W] [20:31:55.366227] Maximum iterations reached before solver is converged. To increase model accuracy you can increase the number of iterations (max_iter) or improve the scaling of the input data.
[W] [20:31:57.400491] L-BFGS: max iterations reached
[W] [20:31:57.400539] Maximum iterations reached before solver is converged. To increase model accuracy you can increase the number of iterations (max_iter) or improve the scaling of the input data.
[W] [20:31:58.129149] L-BFGS: max iterations reached
[W] [20:31:58.129193] Maximum iterations reached before solver is converged. To increase model accuracy you can increase the number of iterations (max_iter) or improve the scaling of the input data.
[W] [20:31:59.604609] L-BFGS: max iterations reached
[W] [20:31:59.604653] Maximum iterations reached before solver is converged. To increase model accuracy you can increase the number of iterations (max_iter) or improve the scaling of the input data.
[W] [20:32:01.870392] L-BFGS: max iterations reached
[W] [20:32:01.870436] Maximum iterations reached before solver is converged. To increase model accuracy you can increase the number of iterations (max_iter) or improve the scaling of the input data.
[W] [20:32:02.595229] L-BFGS: max iterations reached
[W] [20:32:02.595270] Maximum iterations reached before solver is converged. To increase model accuracy you can increase the number of iterations (max_iter) or improve the scaling of the input data.
[W] [20:32:04.043011] L-BFGS: max iterations reached
[W] [20:32:04.043055] Maximum iterations reached before solver is converged. To increase model accuracy you can increase the number of iterations (max_iter) or improve the scaling of the input data.
[W] [20:32:06.310039] L-BFGS: max iterations reached
[W] [20:32:06.310084] Maximum iterations reached before solver is converged. To increase model accuracy you can increase the number of iterations (max_iter) or improve the scaling of the input data.
[W] [20:32:07.034950] L-BFGS: max iterations reached
[W] [20:32:07.034995] Maximum iterations reached before solver is converged. To increase model accuracy you can increase the number of iterations (max_iter) or improve the scaling of the input data.
[W] [20:32:08.490010] L-BFGS: max iterations reached
[W] [20:32:08.490061] Maximum iterations reached before solver is converged. To increase model accuracy you can increase the number of iterations (max_iter) or improve the scaling of the input data.
[W] [20:32:10.571620] L-BFGS: max iterations reached
[W] [20:32:10.571663] Maximum iterations reached before solver is converged. To increase model accuracy you can increase the number of iterations (max_iter) or improve the scaling of the input data.
[W] [20:32:11.291876] L-BFGS: max iterations reached
[W] [20:32:11.291918] Maximum iterations reached before solver is converged. To increase model accuracy you can increase the number of iterations (max_iter) or improve the scaling of the input data.
[W] [20:32:12.731636] L-BFGS: max iterations reached
[W] [20:32:12.731678] Maximum iterations reached before solver is converged. To increase model accuracy you can increase the number of iterations (max_iter) or improve the scaling of the input data.
[W] [20:32:14.875846] L-BFGS: max iterations reached
[W] [20:32:14.875980] Maximum iterations reached before solver is converged. To increase model accuracy you can increase the number of iterations (max_iter) or improve the scaling of the input data.
[W] [20:32:15.606312] L-BFGS: max iterations reached
[W] [20:32:15.606361] Maximum iterations reached before solver is converged. To increase model accuracy you can increase the number of iterations (max_iter) or improve the scaling of the input data.
[W] [20:32:19.022709] L-BFGS: max iterations reached
[W] [20:32:19.022751] Maximum iterations reached before solver is converged. To increase model accuracy you can increase the number of iterations (max_iter) or improve the scaling of the input data.
[W] [20:32:19.774516] L-BFGS: max iterations reached
[W] [20:32:19.774557] Maximum iterations reached before solver is converged. To increase model accuracy you can increase the number of iterations (max_iter) or improve the scaling of the input data.
[W] [20:32:21.229352] L-BFGS: max iterations reached
[W] [20:32:21.229414] Maximum iterations reached before solver is converged. To increase model accuracy you can increase the number of iterations (max_iter) or improve the scaling of the input data.
[W] [20:32:23.250762] L-BFGS: max iterations reached
[W] [20:32:23.250806] Maximum iterations reached before solver is converged. To increase model accuracy you can increase the number of iterations (max_iter) or improve the scaling of the input data.
[W] [20:32:24.005702] L-BFGS: max iterations reached
[W] [20:32:24.005744] Maximum iterations reached before solver is converged. To increase model accuracy you can increase the number of iterations (max_iter) or improve the scaling of the input data.
[W] [20:32:25.488264] L-BFGS: max iterations reached
[W] [20:32:25.488319] Maximum iterations reached before solver is converged. To increase model accuracy you can increase the number of iterations (max_iter) or improve the scaling of the input data.
[W] [20:32:26.752872] L-BFGS stopped, because the line search failed to advance (step delta = 0.000000)
[W] [20:32:27.484725] L-BFGS: max iterations reached
[W] [20:32:27.484766] Maximum iterations reached before solver is converged. To increase model accuracy you can increase the number of iterations (max_iter) or improve the scaling of the input data.
[W] [20:32:28.212585] L-BFGS: max iterations reached
[W] [20:32:28.212625] Maximum iterations reached before solver is converged. To increase model accuracy you can increase the number of iterations (max_iter) or improve the scaling of the input data.
[W] [20:32:29.706547] L-BFGS: max iterations reached
[W] [20:32:29.706588] Maximum iterations reached before solver is converged. To increase model accuracy you can increase the number of iterations (max_iter) or improve the scaling of the input data.
[W] [20:32:32.018192] L-BFGS: max iterations reached
[W] [20:32:32.018235] Maximum iterations reached before solver is converged. To increase model accuracy you can increase the number of iterations (max_iter) or improve the scaling of the input data.
[W] [20:32:32.759133] L-BFGS: max iterations reached
[W] [20:32:32.759180] Maximum iterations reached before solver is converged. To increase model accuracy you can increase the number of iterations (max_iter) or improve the scaling of the input data.
[W] [20:32:35.644768] L-BFGS: max iterations reached
[W] [20:32:35.644811] Maximum iterations reached before solver is converged. To increase model accuracy you can increase the number of iterations (max_iter) or improve the scaling of the input data.
[W] [20:32:36.375992] L-BFGS: max iterations reached
[W] [20:32:36.376034] Maximum iterations reached before solver is converged. To increase model accuracy you can increase the number of iterations (max_iter) or improve the scaling of the input data.
[W] [20:32:40.164247] L-BFGS: max iterations reached
[W] [20:32:40.164292] Maximum iterations reached before solver is converged. To increase model accuracy you can increase the number of iterations (max_iter) or improve the scaling of the input data.
[W] [20:32:40.908117] L-BFGS: max iterations reached
[W] [20:32:40.908164] Maximum iterations reached before solver is converged. To increase model accuracy you can increase the number of iterations (max_iter) or improve the scaling of the input data.
[W] [20:32:42.380358] L-BFGS: max iterations reached
[W] [20:32:42.380401] Maximum iterations reached before solver is converged. To increase model accuracy you can increase the number of iterations (max_iter) or improve the scaling of the input data.
[W] [20:32:44.613785] L-BFGS: max iterations reached
[W] [20:32:44.613830] Maximum iterations reached before solver is converged. To increase model accuracy you can increase the number of iterations (max_iter) or improve the scaling of the input data.
[W] [20:32:45.343832] L-BFGS: max iterations reached
[W] [20:32:45.343878] Maximum iterations reached before solver is converged. To increase model accuracy you can increase the number of iterations (max_iter) or improve the scaling of the input data.
[W] [20:32:46.804119] L-BFGS: max iterations reached
[W] [20:32:46.804169] Maximum iterations reached before solver is converged. To increase model accuracy you can increase the number of iterations (max_iter) or improve the scaling of the input data.
[W] [20:32:48.877164] L-BFGS: max iterations reached
[W] [20:32:48.877209] Maximum iterations reached before solver is converged. To increase model accuracy you can increase the number of iterations (max_iter) or improve the scaling of the input data.
[W] [20:32:49.605528] L-BFGS: max iterations reached
[W] [20:32:49.605571] Maximum iterations reached before solver is converged. To increase model accuracy you can increase the number of iterations (max_iter) or improve the scaling of the input data.
[W] [20:32:51.062252] L-BFGS: max iterations reached
[W] [20:32:51.062299] Maximum iterations reached before solver is converged. To increase model accuracy you can increase the number of iterations (max_iter) or improve the scaling of the input data.
[W] [20:32:53.069760] L-BFGS: max iterations reached
[W] [20:32:53.069805] Maximum iterations reached before solver is converged. To increase model accuracy you can increase the number of iterations (max_iter) or improve the scaling of the input data.
[W] [20:32:53.792316] L-BFGS: max iterations reached
[W] [20:32:53.792359] Maximum iterations reached before solver is converged. To increase model accuracy you can increase the number of iterations (max_iter) or improve the scaling of the input data.
[W] [20:32:55.254714] L-BFGS: max iterations reached
[W] [20:32:55.254759] Maximum iterations reached before solver is converged. To increase model accuracy you can increase the number of iterations (max_iter) or improve the scaling of the input data.
[W] [20:32:57.339191] L-BFGS: max iterations reached
[W] [20:32:57.339236] Maximum iterations reached before solver is converged. To increase model accuracy you can increase the number of iterations (max_iter) or improve the scaling of the input data.
[W] [20:32:58.075616] L-BFGS: max iterations reached
[W] [20:32:58.075660] Maximum iterations reached before solver is converged. To increase model accuracy you can increase the number of iterations (max_iter) or improve the scaling of the input data.
[W] [20:32:59.536358] L-BFGS: max iterations reached
[W] [20:32:59.536411] Maximum iterations reached before solver is converged. To increase model accuracy you can increase the number of iterations (max_iter) or improve the scaling of the input data.
[W] [20:33:02.001530] L-BFGS: max iterations reached
[W] [20:33:02.001573] Maximum iterations reached before solver is converged. To increase model accuracy you can increase the number of iterations (max_iter) or improve the scaling of the input data.
[W] [20:33:02.725781] L-BFGS: max iterations reached
[W] [20:33:02.725824] Maximum iterations reached before solver is converged. To increase model accuracy you can increase the number of iterations (max_iter) or improve the scaling of the input data.
[W] [20:33:04.215916] L-BFGS: max iterations reached
[W] [20:33:04.215960] Maximum iterations reached before solver is converged. To increase model accuracy you can increase the number of iterations (max_iter) or improve the scaling of the input data.
[W] [20:33:06.462665] L-BFGS: max iterations reached
[W] [20:33:06.462720] Maximum iterations reached before solver is converged. To increase model accuracy you can increase the number of iterations (max_iter) or improve the scaling of the input data.
[W] [20:33:07.190105] L-BFGS: max iterations reached
[W] [20:33:07.190155] Maximum iterations reached before solver is converged. To increase model accuracy you can increase the number of iterations (max_iter) or improve the scaling of the input data.
[W] [20:33:10.797237] L-BFGS: max iterations reached
[W] [20:33:10.797280] Maximum iterations reached before solver is converged. To increase model accuracy you can increase the number of iterations (max_iter) or improve the scaling of the input data.
[W] [20:33:11.524421] L-BFGS: max iterations reached
[W] [20:33:11.524483] Maximum iterations reached before solver is converged. To increase model accuracy you can increase the number of iterations (max_iter) or improve the scaling of the input data.
[W] [20:33:12.979608] L-BFGS: max iterations reached
[W] [20:33:12.979652] Maximum iterations reached before solver is converged. To increase model accuracy you can increase the number of iterations (max_iter) or improve the scaling of the input data.
[W] [20:33:15.200944] L-BFGS: max iterations reached
[W] [20:33:15.200989] Maximum iterations reached before solver is converged. To increase model accuracy you can increase the number of iterations (max_iter) or improve the scaling of the input data.
[W] [20:33:15.926978] L-BFGS: max iterations reached
[W] [20:33:15.927020] Maximum iterations reached before solver is converged. To increase model accuracy you can increase the number of iterations (max_iter) or improve the scaling of the input data.
[W] [20:33:17.361416] L-BFGS: max iterations reached
[W] [20:33:17.361474] Maximum iterations reached before solver is converged. To increase model accuracy you can increase the number of iterations (max_iter) or improve the scaling of the input data.
[W] [20:33:19.404353] L-BFGS: max iterations reached
[W] [20:33:19.404396] Maximum iterations reached before solver is converged. To increase model accuracy you can increase the number of iterations (max_iter) or improve the scaling of the input data.
[W] [20:33:20.127641] L-BFGS: max iterations reached
[W] [20:33:20.127684] Maximum iterations reached before solver is converged. To increase model accuracy you can increase the number of iterations (max_iter) or improve the scaling of the input data.
[W] [20:33:21.569305] L-BFGS: max iterations reached
[W] [20:33:21.569348] Maximum iterations reached before solver is converged. To increase model accuracy you can increase the number of iterations (max_iter) or improve the scaling of the input data.
[W] [20:33:23.618675] L-BFGS: max iterations reached
[W] [20:33:23.618718] Maximum iterations reached before solver is converged. To increase model accuracy you can increase the number of iterations (max_iter) or improve the scaling of the input data.
[W] [20:33:24.339999] L-BFGS: max iterations reached
[W] [20:33:24.340041] Maximum iterations reached before solver is converged. To increase model accuracy you can increase the number of iterations (max_iter) or improve the scaling of the input data.
[W] [20:33:25.790243] L-BFGS: max iterations reached
[W] [20:33:25.790285] Maximum iterations reached before solver is converged. To increase model accuracy you can increase the number of iterations (max_iter) or improve the scaling of the input data.
[W] [20:33:28.157105] L-BFGS: max iterations reached
[W] [20:33:28.157159] Maximum iterations reached before solver is converged. To increase model accuracy you can increase the number of iterations (max_iter) or improve the scaling of the input data.
[W] [20:33:28.881210] L-BFGS: max iterations reached
[W] [20:33:28.881254] Maximum iterations reached before solver is converged. To increase model accuracy you can increase the number of iterations (max_iter) or improve the scaling of the input data.
[W] [20:33:30.321536] L-BFGS: max iterations reached
[W] [20:33:30.321582] Maximum iterations reached before solver is converged. To increase model accuracy you can increase the number of iterations (max_iter) or improve the scaling of the input data.
[W] [20:33:32.394464] L-BFGS: max iterations reached
[W] [20:33:32.394510] Maximum iterations reached before solver is converged. To increase model accuracy you can increase the number of iterations (max_iter) or improve the scaling of the input data.
[W] [20:33:33.121171] L-BFGS: max iterations reached
[W] [20:33:33.121216] Maximum iterations reached before solver is converged. To increase model accuracy you can increase the number of iterations (max_iter) or improve the scaling of the input data.
[W] [20:33:36.771720] L-BFGS: max iterations reached
[W] [20:33:36.771765] Maximum iterations reached before solver is converged. To increase model accuracy you can increase the number of iterations (max_iter) or improve the scaling of the input data.
[W] [20:33:37.495195] L-BFGS: max iterations reached
[W] [20:33:37.495241] Maximum iterations reached before solver is converged. To increase model accuracy you can increase the number of iterations (max_iter) or improve the scaling of the input data.
[W] [20:33:38.981275] L-BFGS: max iterations reached
[W] [20:33:38.981319] Maximum iterations reached before solver is converged. To increase model accuracy you can increase the number of iterations (max_iter) or improve the scaling of the input data.
[W] [20:33:41.323950] L-BFGS: max iterations reached
[W] [20:33:41.323996] Maximum iterations reached before solver is converged. To increase model accuracy you can increase the number of iterations (max_iter) or improve the scaling of the input data.
[W] [20:33:42.064743] L-BFGS: max iterations reached
[W] [20:33:42.064788] Maximum iterations reached before solver is converged. To increase model accuracy you can increase the number of iterations (max_iter) or improve the scaling of the input data.
[W] [20:33:43.523720] L-BFGS: max iterations reached
[W] [20:33:43.523764] Maximum iterations reached before solver is converged. To increase model accuracy you can increase the number of iterations (max_iter) or improve the scaling of the input data.
[W] [20:33:45.647979] L-BFGS: max iterations reached
[W] [20:33:45.648021] Maximum iterations reached before solver is converged. To increase model accuracy you can increase the number of iterations (max_iter) or improve the scaling of the input data.
[W] [20:33:46.374739] L-BFGS: max iterations reached
[W] [20:33:46.374783] Maximum iterations reached before solver is converged. To increase model accuracy you can increase the number of iterations (max_iter) or improve the scaling of the input data.
[W] [20:33:47.854117] L-BFGS: max iterations reached
[W] [20:33:47.854164] Maximum iterations reached before solver is converged. To increase model accuracy you can increase the number of iterations (max_iter) or improve the scaling of the input data.
[W] [20:33:49.891058] L-BFGS: max iterations reached
[W] [20:33:49.891102] Maximum iterations reached before solver is converged. To increase model accuracy you can increase the number of iterations (max_iter) or improve the scaling of the input data.
[W] [20:33:50.610824] L-BFGS: max iterations reached
[W] [20:33:50.610872] Maximum iterations reached before solver is converged. To increase model accuracy you can increase the number of iterations (max_iter) or improve the scaling of the input data.
[W] [20:33:52.071043] L-BFGS: max iterations reached
[W] [20:33:52.071087] Maximum iterations reached before solver is converged. To increase model accuracy you can increase the number of iterations (max_iter) or improve the scaling of the input data.
[W] [20:33:54.093401] L-BFGS: max iterations reached
[W] [20:33:54.093446] Maximum iterations reached before solver is converged. To increase model accuracy you can increase the number of iterations (max_iter) or improve the scaling of the input data.
[W] [20:33:54.816702] L-BFGS: max iterations reached
[W] [20:33:54.816746] Maximum iterations reached before solver is converged. To increase model accuracy you can increase the number of iterations (max_iter) or improve the scaling of the input data.
[W] [20:33:56.265586] L-BFGS: max iterations reached
[W] [20:33:56.265716] Maximum iterations reached before solver is converged. To increase model accuracy you can increase the number of iterations (max_iter) or improve the scaling of the input data.
[W] [20:33:58.274043] L-BFGS: max iterations reached
[W] [20:33:58.274085] Maximum iterations reached before solver is converged. To increase model accuracy you can increase the number of iterations (max_iter) or improve the scaling of the input data.
[W] [20:33:59.008365] L-BFGS: max iterations reached
[W] [20:33:59.008408] Maximum iterations reached before solver is converged. To increase model accuracy you can increase the number of iterations (max_iter) or improve the scaling of the input data.
[W] [20:34:00.455007] L-BFGS: max iterations reached
[W] [20:34:00.455050] Maximum iterations reached before solver is converged. To increase model accuracy you can increase the number of iterations (max_iter) or improve the scaling of the input data.
[W] [20:34:02.538555] L-BFGS: max iterations reached
[W] [20:34:02.538598] Maximum iterations reached before solver is converged. To increase model accuracy you can increase the number of iterations (max_iter) or improve the scaling of the input data.
[W] [20:34:03.277426] L-BFGS: max iterations reached
[W] [20:34:03.277473] Maximum iterations reached before solver is converged. To increase model accuracy you can increase the number of iterations (max_iter) or improve the scaling of the input data.
[W] [20:34:04.729212] L-BFGS: max iterations reached
[W] [20:34:04.729254] Maximum iterations reached before solver is converged. To increase model accuracy you can increase the number of iterations (max_iter) or improve the scaling of the input data.
[W] [20:34:07.064588] L-BFGS: max iterations reached
[W] [20:34:07.064631] Maximum iterations reached before solver is converged. To increase model accuracy you can increase the number of iterations (max_iter) or improve the scaling of the input data.
[W] [20:34:07.787570] L-BFGS: max iterations reached
[W] [20:34:07.787629] Maximum iterations reached before solver is converged. To increase model accuracy you can increase the number of iterations (max_iter) or improve the scaling of the input data.
[W] [20:34:09.229898] L-BFGS: max iterations reached
[W] [20:34:09.229942] Maximum iterations reached before solver is converged. To increase model accuracy you can increase the number of iterations (max_iter) or improve the scaling of the input data.
[W] [20:34:11.374523] L-BFGS: max iterations reached
[W] [20:34:11.374567] Maximum iterations reached before solver is converged. To increase model accuracy you can increase the number of iterations (max_iter) or improve the scaling of the input data.
[W] [20:34:12.101877] L-BFGS: max iterations reached
[W] [20:34:12.101920] Maximum iterations reached before solver is converged. To increase model accuracy you can increase the number of iterations (max_iter) or improve the scaling of the input data.
[W] [20:34:15.631096] L-BFGS: max iterations reached
[W] [20:34:15.631137] Maximum iterations reached before solver is converged. To increase model accuracy you can increase the number of iterations (max_iter) or improve the scaling of the input data.
[W] [20:34:16.349189] L-BFGS: max iterations reached
[W] [20:34:16.349231] Maximum iterations reached before solver is converged. To increase model accuracy you can increase the number of iterations (max_iter) or improve the scaling of the input data.
[W] [20:34:17.801420] L-BFGS: max iterations reached
[W] [20:34:17.801464] Maximum iterations reached before solver is converged. To increase model accuracy you can increase the number of iterations (max_iter) or improve the scaling of the input data.
[W] [20:34:20.315025] L-BFGS: max iterations reached
[W] [20:34:20.315072] Maximum iterations reached before solver is converged. To increase model accuracy you can increase the number of iterations (max_iter) or improve the scaling of the input data.
[W] [20:34:21.045660] L-BFGS: max iterations reached
[W] [20:34:21.045704] Maximum iterations reached before solver is converged. To increase model accuracy you can increase the number of iterations (max_iter) or improve the scaling of the input data.
[W] [20:34:22.490741] L-BFGS: max iterations reached
[W] [20:34:22.490785] Maximum iterations reached before solver is converged. To increase model accuracy you can increase the number of iterations (max_iter) or improve the scaling of the input data.
[W] [20:34:23.751222] L-BFGS stopped, because the line search failed to advance (step delta = 0.000000)
[W] [20:34:24.496263] L-BFGS: max iterations reached
[W] [20:34:24.496307] Maximum iterations reached before solver is converged. To increase model accuracy you can increase the number of iterations (max_iter) or improve the scaling of the input data.
[W] [20:34:25.238416] L-BFGS: max iterations reached
[W] [20:34:25.238462] Maximum iterations reached before solver is converged. To increase model accuracy you can increase the number of iterations (max_iter) or improve the scaling of the input data.
[W] [20:34:26.713819] L-BFGS: max iterations reached
[W] [20:34:26.713864] Maximum iterations reached before solver is converged. To increase model accuracy you can increase the number of iterations (max_iter) or improve the scaling of the input data.
[W] [20:34:28.708868] L-BFGS: max iterations reached
[W] [20:34:28.708912] Maximum iterations reached before solver is converged. To increase model accuracy you can increase the number of iterations (max_iter) or improve the scaling of the input data.
[W] [20:34:29.443171] L-BFGS: max iterations reached
[W] [20:34:29.443215] Maximum iterations reached before solver is converged. To increase model accuracy you can increase the number of iterations (max_iter) or improve the scaling of the input data.
[W] [20:34:30.947002] L-BFGS line search failed (code 3); stopping at the last valid step
[W] [20:34:32.920817] L-BFGS: max iterations reached
[W] [20:34:32.920862] Maximum iterations reached before solver is converged. To increase model accuracy you can increase the number of iterations (max_iter) or improve the scaling of the input data.
[W] [20:34:33.657409] L-BFGS: max iterations reached
[W] [20:34:33.657453] Maximum iterations reached before solver is converged. To increase model accuracy you can increase the number of iterations (max_iter) or improve the scaling of the input data.
[W] [20:34:35.126761] L-BFGS: max iterations reached
[W] [20:34:35.126807] Maximum iterations reached before solver is converged. To increase model accuracy you can increase the number of iterations (max_iter) or improve the scaling of the input data.
[W] [20:34:36.648866] L-BFGS: max iterations reached
[W] [20:34:36.648907] Maximum iterations reached before solver is converged. To increase model accuracy you can increase the number of iterations (max_iter) or improve the scaling of the input data.
[W] [20:34:37.385191] L-BFGS: max iterations reached
[W] [20:34:37.385234] Maximum iterations reached before solver is converged. To increase model accuracy you can increase the number of iterations (max_iter) or improve the scaling of the input data.
[W] [20:34:38.125564] L-BFGS: max iterations reached
[W] [20:34:38.125608] Maximum iterations reached before solver is converged. To increase model accuracy you can increase the number of iterations (max_iter) or improve the scaling of the input data.
[W] [20:34:39.625210] L-BFGS: max iterations reached
[W] [20:34:39.625254] Maximum iterations reached before solver is converged. To increase model accuracy you can increase the number of iterations (max_iter) or improve the scaling of the input data.
[W] [20:34:41.928988] L-BFGS: max iterations reached
[W] [20:34:41.929047] Maximum iterations reached before solver is converged. To increase model accuracy you can increase the number of iterations (max_iter) or improve the scaling of the input data.
[W] [20:34:42.657256] L-BFGS: max iterations reached
[W] [20:34:42.657299] Maximum iterations reached before solver is converged. To increase model accuracy you can increase the number of iterations (max_iter) or improve the scaling of the input data.
[W] [20:34:44.135884] L-BFGS: max iterations reached
[W] [20:34:44.135929] Maximum iterations reached before solver is converged. To increase model accuracy you can increase the number of iterations (max_iter) or improve the scaling of the input data.
[W] [20:34:46.327960] L-BFGS: max iterations reached
[W] [20:34:46.328005] Maximum iterations reached before solver is converged. To increase model accuracy you can increase the number of iterations (max_iter) or improve the scaling of the input data.
[W] [20:34:47.058955] L-BFGS: max iterations reached
[W] [20:34:47.059092] Maximum iterations reached before solver is converged. To increase model accuracy you can increase the number of iterations (max_iter) or improve the scaling of the input data.
[W] [20:34:48.518670] L-BFGS: max iterations reached
[W] [20:34:48.518715] Maximum iterations reached before solver is converged. To increase model accuracy you can increase the number of iterations (max_iter) or improve the scaling of the input data.
[W] [20:34:50.792585] L-BFGS: max iterations reached
[W] [20:34:50.792628] Maximum iterations reached before solver is converged. To increase model accuracy you can increase the number of iterations (max_iter) or improve the scaling of the input data.
[W] [20:34:51.521674] L-BFGS: max iterations reached
[W] [20:34:51.521716] Maximum iterations reached before solver is converged. To increase model accuracy you can increase the number of iterations (max_iter) or improve the scaling of the input data.
[W] [20:34:52.974275] L-BFGS: max iterations reached
[W] [20:34:52.974338] Maximum iterations reached before solver is converged. To increase model accuracy you can increase the number of iterations (max_iter) or improve the scaling of the input data.
[W] [20:34:54.972970] L-BFGS: max iterations reached
[W] [20:34:54.973013] Maximum iterations reached before solver is converged. To increase model accuracy you can increase the number of iterations (max_iter) or improve the scaling of the input data.
[W] [20:34:55.702165] L-BFGS: max iterations reached
[W] [20:34:55.702208] Maximum iterations reached before solver is converged. To increase model accuracy you can increase the number of iterations (max_iter) or improve the scaling of the input data.
[W] [20:34:57.153124] L-BFGS: max iterations reached
[W] [20:34:57.153173] Maximum iterations reached before solver is converged. To increase model accuracy you can increase the number of iterations (max_iter) or improve the scaling of the input data.
[W] [20:34:59.110899] L-BFGS: max iterations reached
[W] [20:34:59.110951] Maximum iterations reached before solver is converged. To increase model accuracy you can increase the number of iterations (max_iter) or improve the scaling of the input data.
[W] [20:34:59.837576] L-BFGS: max iterations reached
[W] [20:34:59.837619] Maximum iterations reached before solver is converged. To increase model accuracy you can increase the number of iterations (max_iter) or improve the scaling of the input data.
[W] [20:35:01.283244] L-BFGS: max iterations reached
[W] [20:35:01.283288] Maximum iterations reached before solver is converged. To increase model accuracy you can increase the number of iterations (max_iter) or improve the scaling of the input data.
[W] [20:35:03.367683] L-BFGS: max iterations reached
[W] [20:35:03.367728] Maximum iterations reached before solver is converged. To increase model accuracy you can increase the number of iterations (max_iter) or improve the scaling of the input data.
[W] [20:35:04.096058] L-BFGS: max iterations reached
[W] [20:35:04.096102] Maximum iterations reached before solver is converged. To increase model accuracy you can increase the number of iterations (max_iter) or improve the scaling of the input data.
[W] [20:35:05.787065] L-BFGS: max iterations reached
[W] [20:35:05.787108] Maximum iterations reached before solver is converged. To increase model accuracy you can increase the number of iterations (max_iter) or improve the scaling of the input data.
[W] [20:35:07.809634] L-BFGS: max iterations reached
[W] [20:35:07.809676] Maximum iterations reached before solver is converged. To increase model accuracy you can increase the number of iterations (max_iter) or improve the scaling of the input data.
[W] [20:35:08.536247] L-BFGS: max iterations reached
[W] [20:35:08.536289] Maximum iterations reached before solver is converged. To increase model accuracy you can increase the number of iterations (max_iter) or improve the scaling of the input data.
[W] [20:35:09.982410] L-BFGS: max iterations reached
[W] [20:35:09.982455] Maximum iterations reached before solver is converged. To increase model accuracy you can increase the number of iterations (max_iter) or improve the scaling of the input data.
[W] [20:35:12.446247] L-BFGS: max iterations reached
[W] [20:35:12.446290] Maximum iterations reached before solver is converged. To increase model accuracy you can increase the number of iterations (max_iter) or improve the scaling of the input data.
[W] [20:35:13.172598] L-BFGS: max iterations reached
[W] [20:35:13.172643] Maximum iterations reached before solver is converged. To increase model accuracy you can increase the number of iterations (max_iter) or improve the scaling of the input data.
[W] [20:35:14.680372] L-BFGS: max iterations reached
[W] [20:35:14.680417] Maximum iterations reached before solver is converged. To increase model accuracy you can increase the number of iterations (max_iter) or improve the scaling of the input data.
[W] [20:35:16.748383] L-BFGS: max iterations reached
[W] [20:35:16.748428] Maximum iterations reached before solver is converged. To increase model accuracy you can increase the number of iterations (max_iter) or improve the scaling of the input data.
[W] [20:35:17.480336] L-BFGS: max iterations reached
[W] [20:35:17.480380] Maximum iterations reached before solver is converged. To increase model accuracy you can increase the number of iterations (max_iter) or improve the scaling of the input data.
[W] [20:35:18.931497] L-BFGS: max iterations reached
[W] [20:35:18.931540] Maximum iterations reached before solver is converged. To increase model accuracy you can increase the number of iterations (max_iter) or improve the scaling of the input data.
[W] [20:35:20.872951] L-BFGS: max iterations reached
[W] [20:35:20.872994] Maximum iterations reached before solver is converged. To increase model accuracy you can increase the number of iterations (max_iter) or improve the scaling of the input data.
[W] [20:35:21.596883] L-BFGS: max iterations reached
[W] [20:35:21.596927] Maximum iterations reached before solver is converged. To increase model accuracy you can increase the number of iterations (max_iter) or improve the scaling of the input data.
[W] [20:35:24.706567] L-BFGS: max iterations reached
[W] [20:35:24.706610] Maximum iterations reached before solver is converged. To increase model accuracy you can increase the number of iterations (max_iter) or improve the scaling of the input data.
[W] [20:35:25.437036] L-BFGS: max iterations reached
[W] [20:35:25.437080] Maximum iterations reached before solver is converged. To increase model accuracy you can increase the number of iterations (max_iter) or improve the scaling of the input data.
[W] [20:35:26.885585] L-BFGS: max iterations reached
[W] [20:35:26.885628] Maximum iterations reached before solver is converged. To increase model accuracy you can increase the number of iterations (max_iter) or improve the scaling of the input data.
[W] [20:35:28.844514] L-BFGS: max iterations reached
[W] [20:35:28.844556] Maximum iterations reached before solver is converged. To increase model accuracy you can increase the number of iterations (max_iter) or improve the scaling of the input data.
[W] [20:35:29.568691] L-BFGS: max iterations reached
[W] [20:35:29.568734] Maximum iterations reached before solver is converged. To increase model accuracy you can increase the number of iterations (max_iter) or improve the scaling of the input data.
[W] [20:35:32.636779] L-BFGS: max iterations reached
[W] [20:35:32.636831] Maximum iterations reached before solver is converged. To increase model accuracy you can increase the number of iterations (max_iter) or improve the scaling of the input data.
[W] [20:35:33.371579] L-BFGS: max iterations reached
[W] [20:35:33.371620] Maximum iterations reached before solver is converged. To increase model accuracy you can increase the number of iterations (max_iter) or improve the scaling of the input data.
[W] [20:35:36.663885] L-BFGS: max iterations reached
[W] [20:35:36.663930] Maximum iterations reached before solver is converged. To increase model accuracy you can increase the number of iterations (max_iter) or improve the scaling of the input data.
[W] [20:35:37.390771] L-BFGS: max iterations reached
[W] [20:35:37.390817] Maximum iterations reached before solver is converged. To increase model accuracy you can increase the number of iterations (max_iter) or improve the scaling of the input data.
[W] [20:35:38.340997] L-BFGS stopped, because the line search failed to advance (step delta = 0.000000)
[W] [20:35:40.289492] L-BFGS: max iterations reached
[W] [20:35:40.289538] Maximum iterations reached before solver is converged. To increase model accuracy you can increase the number of iterations (max_iter) or improve the scaling of the input data.
[W] [20:35:41.023394] L-BFGS: max iterations reached
[W] [20:35:41.023442] Maximum iterations reached before solver is converged. To increase model accuracy you can increase the number of iterations (max_iter) or improve the scaling of the input data.
[W] [20:35:44.238335] L-BFGS: max iterations reached
[W] [20:35:44.238408] Maximum iterations reached before solver is converged. To increase model accuracy you can increase the number of iterations (max_iter) or improve the scaling of the input data.
[W] [20:35:44.968322] L-BFGS: max iterations reached
[W] [20:35:44.968363] Maximum iterations reached before solver is converged. To increase model accuracy you can increase the number of iterations (max_iter) or improve the scaling of the input data.
[W] [20:35:48.356952] L-BFGS: max iterations reached
[W] [20:35:48.356995] Maximum iterations reached before solver is converged. To increase model accuracy you can increase the number of iterations (max_iter) or improve the scaling of the input data.
[W] [20:35:49.084579] L-BFGS: max iterations reached
[W] [20:35:49.084622] Maximum iterations reached before solver is converged. To increase model accuracy you can increase the number of iterations (max_iter) or improve the scaling of the input data.
[W] [20:35:52.439748] L-BFGS: max iterations reached
[W] [20:35:52.439792] Maximum iterations reached before solver is converged. To increase model accuracy you can increase the number of iterations (max_iter) or improve the scaling of the input data.
[W] [20:35:53.164395] L-BFGS: max iterations reached
[W] [20:35:53.164438] Maximum iterations reached before solver is converged. To increase model accuracy you can increase the number of iterations (max_iter) or improve the scaling of the input data.
[W] [20:35:56.123931] L-BFGS: max iterations reached
[W] [20:35:56.123975] Maximum iterations reached before solver is converged. To increase model accuracy you can increase the number of iterations (max_iter) or improve the scaling of the input data.
[W] [20:35:56.902742] L-BFGS: max iterations reached
[W] [20:35:56.902778] Maximum iterations reached before solver is converged. To increase model accuracy you can increase the number of iterations (max_iter) or improve the scaling of the input data.
[W] [20:35:59.334326] L-BFGS stopped, because the line search failed to advance (step delta = 0.000000)
[W] [20:36:00.076794] L-BFGS: max iterations reached
[W] [20:36:00.076840] Maximum iterations reached before solver is converged. To increase model accuracy you can increase the number of iterations (max_iter) or improve the scaling of the input data.
[W] [20:36:01.026308] L-BFGS: max iterations reached
[W] [20:36:01.026353] Maximum iterations reached before solver is converged. To increase model accuracy you can increase the number of iterations (max_iter) or improve the scaling of the input data.
[W] [20:36:03.972232] L-BFGS: max iterations reached
[W] [20:36:03.972276] Maximum iterations reached before solver is converged. To increase model accuracy you can increase the number of iterations (max_iter) or improve the scaling of the input data.
[W] [20:36:04.713407] L-BFGS: max iterations reached
[W] [20:36:04.713449] Maximum iterations reached before solver is converged. To increase model accuracy you can increase the number of iterations (max_iter) or improve the scaling of the input data.
[W] [20:36:05.717730] L-BFGS line search failed (code 3); stopping at the last valid step
[W] [20:36:07.615736] L-BFGS: max iterations reached
[W] [20:36:07.615778] Maximum iterations reached before solver is converged. To increase model accuracy you can increase the number of iterations (max_iter) or improve the scaling of the input data.
[W] [20:36:08.342485] L-BFGS: max iterations reached
[W] [20:36:08.342528] Maximum iterations reached before solver is converged. To increase model accuracy you can increase the number of iterations (max_iter) or improve the scaling of the input data.
[W] [20:36:11.530691] L-BFGS: max iterations reached
[W] [20:36:11.530734] Maximum iterations reached before solver is converged. To increase model accuracy you can increase the number of iterations (max_iter) or improve the scaling of the input data.
[W] [20:36:12.263069] L-BFGS: max iterations reached
[W] [20:36:12.263113] Maximum iterations reached before solver is converged. To increase model accuracy you can increase the number of iterations (max_iter) or improve the scaling of the input data.
[W] [20:36:15.560506] L-BFGS: max iterations reached
[W] [20:36:15.560552] Maximum iterations reached before solver is converged. To increase model accuracy you can increase the number of iterations (max_iter) or improve the scaling of the input data.
[W] [20:36:16.290903] L-BFGS: max iterations reached
[W] [20:36:16.290946] Maximum iterations reached before solver is converged. To increase model accuracy you can increase the number of iterations (max_iter) or improve the scaling of the input data.
[W] [20:36:19.377823] L-BFGS: max iterations reached
[W] [20:36:19.377861] Maximum iterations reached before solver is converged. To increase model accuracy you can increase the number of iterations (max_iter) or improve the scaling of the input data.
[W] [20:36:20.126731] L-BFGS: max iterations reached
[W] [20:36:20.126769] Maximum iterations reached before solver is converged. To increase model accuracy you can increase the number of iterations (max_iter) or improve the scaling of the input data.
[W] [20:36:21.653992] L-BFGS: max iterations reached
[W] [20:36:21.654030] Maximum iterations reached before solver is converged. To increase model accuracy you can increase the number of iterations (max_iter) or improve the scaling of the input data.
[W] [20:36:23.772934] L-BFGS: max iterations reached
[W] [20:36:23.772979] Maximum iterations reached before solver is converged. To increase model accuracy you can increase the number of iterations (max_iter) or improve the scaling of the input data.
[W] [20:36:24.507243] L-BFGS: max iterations reached
[W] [20:36:24.507290] Maximum iterations reached before solver is converged. To increase model accuracy you can increase the number of iterations (max_iter) or improve the scaling of the input data.
[W] [20:36:25.140917] L-BFGS line search failed (code 3); stopping at the last valid step
[W] [20:36:27.197147] L-BFGS: max iterations reached
[W] [20:36:27.197191] Maximum iterations reached before solver is converged. To increase model accuracy you can increase the number of iterations (max_iter) or improve the scaling of the input data.
[W] [20:36:27.949042] L-BFGS: max iterations reached
[W] [20:36:27.949084] Maximum iterations reached before solver is converged. To increase model accuracy you can increase the number of iterations (max_iter) or improve the scaling of the input data.
[W] [20:36:31.018899] L-BFGS: max iterations reached
[W] [20:36:31.018955] Maximum iterations reached before solver is converged. To increase model accuracy you can increase the number of iterations (max_iter) or improve the scaling of the input data.
[W] [20:36:31.766146] L-BFGS: max iterations reached
[W] [20:36:31.766198] Maximum iterations reached before solver is converged. To increase model accuracy you can increase the number of iterations (max_iter) or improve the scaling of the input data.
[W] [20:36:34.419976] L-BFGS: max iterations reached
[W] [20:36:34.420041] Maximum iterations reached before solver is converged. To increase model accuracy you can increase the number of iterations (max_iter) or improve the scaling of the input data.
[W] [20:36:35.158040] L-BFGS: max iterations reached
[W] [20:36:35.158084] Maximum iterations reached before solver is converged. To increase model accuracy you can increase the number of iterations (max_iter) or improve the scaling of the input data.
[W] [20:36:38.641409] L-BFGS: max iterations reached
[W] [20:36:38.641451] Maximum iterations reached before solver is converged. To increase model accuracy you can increase the number of iterations (max_iter) or improve the scaling of the input data.
[W] [20:36:39.378480] L-BFGS: max iterations reached
[W] [20:36:39.378516] Maximum iterations reached before solver is converged. To increase model accuracy you can increase the number of iterations (max_iter) or improve the scaling of the input data.
[W] [20:36:40.967314] L-BFGS: max iterations reached
[W] [20:36:40.967369] Maximum iterations reached before solver is converged. To increase model accuracy you can increase the number of iterations (max_iter) or improve the scaling of the input data.
[W] [20:36:42.338729] L-BFGS: max iterations reached
[W] [20:36:42.338766] Maximum iterations reached before solver is converged. To increase model accuracy you can increase the number of iterations (max_iter) or improve the scaling of the input data.
[W] [20:36:43.072853] L-BFGS: max iterations reached
[W] [20:36:43.072890] Maximum iterations reached before solver is converged. To increase model accuracy you can increase the number of iterations (max_iter) or improve the scaling of the input data.
[W] [20:36:43.801415] L-BFGS: max iterations reached
[W] [20:36:43.801449] Maximum iterations reached before solver is converged. To increase model accuracy you can increase the number of iterations (max_iter) or improve the scaling of the input data.
[W] [20:36:45.276209] L-BFGS: max iterations reached
[W] [20:36:45.276245] Maximum iterations reached before solver is converged. To increase model accuracy you can increase the number of iterations (max_iter) or improve the scaling of the input data.
[W] [20:36:47.504766] L-BFGS: max iterations reached
[W] [20:36:47.504811] Maximum iterations reached before solver is converged. To increase model accuracy you can increase the number of iterations (max_iter) or improve the scaling of the input data.
[W] [20:36:48.231401] L-BFGS: max iterations reached
[W] [20:36:48.231446] Maximum iterations reached before solver is converged. To increase model accuracy you can increase the number of iterations (max_iter) or improve the scaling of the input data.
[W] [20:36:49.611792] L-BFGS stopped, because the line search failed to advance (step delta = 0.000000)
[W] [20:36:51.117495] L-BFGS: max iterations reached
[W] [20:36:51.117541] Maximum iterations reached before solver is converged. To increase model accuracy you can increase the number of iterations (max_iter) or improve the scaling of the input data.
[W] [20:36:51.846003] L-BFGS: max iterations reached
[W] [20:36:51.846045] Maximum iterations reached before solver is converged. To increase model accuracy you can increase the number of iterations (max_iter) or improve the scaling of the input data.
[W] [20:36:53.297345] L-BFGS: max iterations reached
[W] [20:36:53.297389] Maximum iterations reached before solver is converged. To increase model accuracy you can increase the number of iterations (max_iter) or improve the scaling of the input data.
[W] [20:36:55.374638] L-BFGS: max iterations reached
[W] [20:36:55.374680] Maximum iterations reached before solver is converged. To increase model accuracy you can increase the number of iterations (max_iter) or improve the scaling of the input data.
[W] [20:36:56.100117] L-BFGS: max iterations reached
[W] [20:36:56.100167] Maximum iterations reached before solver is converged. To increase model accuracy you can increase the number of iterations (max_iter) or improve the scaling of the input data.
[W] [20:36:58.411759] L-BFGS: max iterations reached
[W] [20:36:58.411805] Maximum iterations reached before solver is converged. To increase model accuracy you can increase the number of iterations (max_iter) or improve the scaling of the input data.
[W] [20:36:59.143833] L-BFGS: max iterations reached
[W] [20:36:59.143878] Maximum iterations reached before solver is converged. To increase model accuracy you can increase the number of iterations (max_iter) or improve the scaling of the input data.
[W] [20:37:00.590323] L-BFGS: max iterations reached
[W] [20:37:00.590365] Maximum iterations reached before solver is converged. To increase model accuracy you can increase the number of iterations (max_iter) or improve the scaling of the input data.
[W] [20:37:02.647077] L-BFGS: max iterations reached
[W] [20:37:02.647123] Maximum iterations reached before solver is converged. To increase model accuracy you can increase the number of iterations (max_iter) or improve the scaling of the input data.
[W] [20:37:03.369078] L-BFGS: max iterations reached
[W] [20:37:03.369122] Maximum iterations reached before solver is converged. To increase model accuracy you can increase the number of iterations (max_iter) or improve the scaling of the input data.
[W] [20:37:04.833747] L-BFGS: max iterations reached
[W] [20:37:04.833789] Maximum iterations reached before solver is converged. To increase model accuracy you can increase the number of iterations (max_iter) or improve the scaling of the input data.
[W] [20:37:06.999614] L-BFGS: max iterations reached
[W] [20:37:06.999657] Maximum iterations reached before solver is converged. To increase model accuracy you can increase the number of iterations (max_iter) or improve the scaling of the input data.
[W] [20:37:07.721436] L-BFGS: max iterations reached
[W] [20:37:07.721481] Maximum iterations reached before solver is converged. To increase model accuracy you can increase the number of iterations (max_iter) or improve the scaling of the input data.
[W] [20:37:09.159417] L-BFGS: max iterations reached
[W] [20:37:09.159460] Maximum iterations reached before solver is converged. To increase model accuracy you can increase the number of iterations (max_iter) or improve the scaling of the input data.
[W] [20:37:11.314842] L-BFGS: max iterations reached
[W] [20:37:11.314891] Maximum iterations reached before solver is converged. To increase model accuracy you can increase the number of iterations (max_iter) or improve the scaling of the input data.
[W] [20:37:12.039503] L-BFGS: max iterations reached
[W] [20:37:12.039549] Maximum iterations reached before solver is converged. To increase model accuracy you can increase the number of iterations (max_iter) or improve the scaling of the input data.
[W] [20:37:15.433436] L-BFGS: max iterations reached
[W] [20:37:15.433484] Maximum iterations reached before solver is converged. To increase model accuracy you can increase the number of iterations (max_iter) or improve the scaling of the input data.
[W] [20:37:16.164045] L-BFGS: max iterations reached
[W] [20:37:16.164091] Maximum iterations reached before solver is converged. To increase model accuracy you can increase the number of iterations (max_iter) or improve the scaling of the input data.
[W] [20:37:18.382405] L-BFGS: max iterations reached
[W] [20:37:18.382452] Maximum iterations reached before solver is converged. To increase model accuracy you can increase the number of iterations (max_iter) or improve the scaling of the input data.
[W] [20:37:19.108351] L-BFGS: max iterations reached
[W] [20:37:19.108395] Maximum iterations reached before solver is converged. To increase model accuracy you can increase the number of iterations (max_iter) or improve the scaling of the input data.
[W] [20:37:19.834097] L-BFGS: max iterations reached
[W] [20:37:19.834252] Maximum iterations reached before solver is converged. To increase model accuracy you can increase the number of iterations (max_iter) or improve the scaling of the input data.
[W] [20:37:22.665924] L-BFGS: max iterations reached
[W] [20:37:22.665973] Maximum iterations reached before solver is converged. To increase model accuracy you can increase the number of iterations (max_iter) or improve the scaling of the input data.
[W] [20:37:23.396185] L-BFGS: max iterations reached
[W] [20:37:23.396229] Maximum iterations reached before solver is converged. To increase model accuracy you can increase the number of iterations (max_iter) or improve the scaling of the input data.
[W] [20:37:25.697789] L-BFGS: max iterations reached
[W] [20:37:25.697832] Maximum iterations reached before solver is converged. To increase model accuracy you can increase the number of iterations (max_iter) or improve the scaling of the input data.
[W] [20:37:26.422090] L-BFGS: max iterations reached
[W] [20:37:26.422134] Maximum iterations reached before solver is converged. To increase model accuracy you can increase the number of iterations (max_iter) or improve the scaling of the input data.
[W] [20:37:28.744266] L-BFGS: max iterations reached
[W] [20:37:28.744312] Maximum iterations reached before solver is converged. To increase model accuracy you can increase the number of iterations (max_iter) or improve the scaling of the input data.
[W] [20:37:29.468912] L-BFGS: max iterations reached
[W] [20:37:29.468956] Maximum iterations reached before solver is converged. To increase model accuracy you can increase the number of iterations (max_iter) or improve the scaling of the input data.
[W] [20:37:30.921635] L-BFGS: max iterations reached
[W] [20:37:30.921699] Maximum iterations reached before solver is converged. To increase model accuracy you can increase the number of iterations (max_iter) or improve the scaling of the input data.
[W] [20:37:32.947044] L-BFGS: max iterations reached
[W] [20:37:32.947087] Maximum iterations reached before solver is converged. To increase model accuracy you can increase the number of iterations (max_iter) or improve the scaling of the input data.
[W] [20:37:33.672179] L-BFGS: max iterations reached
[W] [20:37:33.672225] Maximum iterations reached before solver is converged. To increase model accuracy you can increase the number of iterations (max_iter) or improve the scaling of the input data.
[W] [20:37:35.114812] L-BFGS: max iterations reached
[W] [20:37:35.114854] Maximum iterations reached before solver is converged. To increase model accuracy you can increase the number of iterations (max_iter) or improve the scaling of the input data.
[W] [20:37:37.212774] L-BFGS: max iterations reached
[W] [20:37:37.212815] Maximum iterations reached before solver is converged. To increase model accuracy you can increase the number of iterations (max_iter) or improve the scaling of the input data.
[W] [20:37:37.937325] L-BFGS: max iterations reached
[W] [20:37:37.937366] Maximum iterations reached before solver is converged. To increase model accuracy you can increase the number of iterations (max_iter) or improve the scaling of the input data.
[W] [20:37:40.705553] L-BFGS: max iterations reached
[W] [20:37:40.705595] Maximum iterations reached before solver is converged. To increase model accuracy you can increase the number of iterations (max_iter) or improve the scaling of the input data.
[W] [20:37:41.435429] L-BFGS: max iterations reached
[W] [20:37:41.435470] Maximum iterations reached before solver is converged. To increase model accuracy you can increase the number of iterations (max_iter) or improve the scaling of the input data.
[W] [20:37:42.219361] L-BFGS line search failed (code 3); stopping at the last valid step
[W] [20:37:44.277822] L-BFGS: max iterations reached
[W] [20:37:44.277863] Maximum iterations reached before solver is converged. To increase model accuracy you can increase the number of iterations (max_iter) or improve the scaling of the input data.
[W] [20:37:45.004187] L-BFGS: max iterations reached
[W] [20:37:45.004230] Maximum iterations reached before solver is converged. To increase model accuracy you can increase the number of iterations (max_iter) or improve the scaling of the input data.
[W] [20:37:47.953915] L-BFGS: max iterations reached
[W] [20:37:47.953955] Maximum iterations reached before solver is converged. To increase model accuracy you can increase the number of iterations (max_iter) or improve the scaling of the input data.
[W] [20:37:48.674254] L-BFGS: max iterations reached
[W] [20:37:48.674298] Maximum iterations reached before solver is converged. To increase model accuracy you can increase the number of iterations (max_iter) or improve the scaling of the input data.
[W] [20:37:51.656474] L-BFGS: max iterations reached
[W] [20:37:51.656513] Maximum iterations reached before solver is converged. To increase model accuracy you can increase the number of iterations (max_iter) or improve the scaling of the input data.
[W] [20:37:52.384081] L-BFGS: max iterations reached
[W] [20:37:52.384121] Maximum iterations reached before solver is converged. To increase model accuracy you can increase the number of iterations (max_iter) or improve the scaling of the input data.
[W] [20:37:53.175104] L-BFGS line search failed (code 3); stopping at the last valid step
[W] [20:37:55.335645] L-BFGS: max iterations reached
[W] [20:37:55.335689] Maximum iterations reached before solver is converged. To increase model accuracy you can increase the number of iterations (max_iter) or improve the scaling of the input data.
[W] [20:37:56.057300] L-BFGS: max iterations reached
[W] [20:37:56.057343] Maximum iterations reached before solver is converged. To increase model accuracy you can increase the number of iterations (max_iter) or improve the scaling of the input data.
[W] [20:37:57.600244] L-BFGS: max iterations reached
[W] [20:37:57.600286] Maximum iterations reached before solver is converged. To increase model accuracy you can increase the number of iterations (max_iter) or improve the scaling of the input data.
[W] [20:37:59.741151] L-BFGS: max iterations reached
[W] [20:37:59.741197] Maximum iterations reached before solver is converged. To increase model accuracy you can increase the number of iterations (max_iter) or improve the scaling of the input data.
[W] [20:38:00.477306] L-BFGS: max iterations reached
[W] [20:38:00.477348] Maximum iterations reached before solver is converged. To increase model accuracy you can increase the number of iterations (max_iter) or improve the scaling of the input data.
[W] [20:38:03.436338] L-BFGS: max iterations reached
[W] [20:38:03.436380] Maximum iterations reached before solver is converged. To increase model accuracy you can increase the number of iterations (max_iter) or improve the scaling of the input data.
[W] [20:38:04.168397] L-BFGS: max iterations reached
[W] [20:38:04.168451] Maximum iterations reached before solver is converged. To increase model accuracy you can increase the number of iterations (max_iter) or improve the scaling of the input data.
[W] [20:38:05.811157] L-BFGS: max iterations reached
[W] [20:38:05.811200] Maximum iterations reached before solver is converged. To increase model accuracy you can increase the number of iterations (max_iter) or improve the scaling of the input data.
Saved probe results to /home/anshulk/Housing/data/probe_results/probe_llama-3.2-3b_2_fewshot_cot_temp0.pkl
Saved detailed results to /home/anshulk/Housing/data/probe_results/probe_results_llama-3.2-3b_2_fewshot_cot_temp0.csv
Saved accuracy matrix to /home/anshulk/Housing/data/probe_results/probe_matrix_accuracy_llama-3.2-3b_2_fewshot_cot_temp0.csv
Saved AUC matrix to /home/anshulk/Housing/data/probe_results/probe_matrix_auc_llama-3.2-3b_2_fewshot_cot_temp0.csv
Saved summary to /home/anshulk/Housing/data/probe_results/probe_summary_llama-3.2-3b_2_fewshot_cot_temp0.csv
Saved best layers to /home/anshulk/Housing/data/probe_results/probe_best_layers_llama-3.2-3b_2_fewshot_cot_temp0.csv
Saved config to /home/anshulk/Housing/data/probe_results/probe_config_llama-3.2-3b_2_fewshot_cot_temp0.json
============================================================
 Probing Complete!
============================================================
SUCCESS: Llama probing completed

============================================================
Probing Qwen3-4B-Instruct activations
Condition: 2_fewshot_cot_temp0
Split: 70/10/20 (train/val/test)
Features: 5 binary features
Layers: 36
GPU acceleration: ENABLED (cuML)
============================================================
============================================================
 Probing Experiment: qwen3-4b / 2_fewshot_cot_temp0
============================================================
[W] [20:38:20.740021] L-BFGS: max iterations reached
[W] [20:38:20.740082] Maximum iterations reached before solver is converged. To increase model accuracy you can increase the number of iterations (max_iter) or improve the scaling of the input data.
[W] [20:38:21.428944] L-BFGS: max iterations reached
[W] [20:38:21.428983] Maximum iterations reached before solver is converged. To increase model accuracy you can increase the number of iterations (max_iter) or improve the scaling of the input data.
[W] [20:38:24.552998] L-BFGS: max iterations reached
[W] [20:38:24.553059] Maximum iterations reached before solver is converged. To increase model accuracy you can increase the number of iterations (max_iter) or improve the scaling of the input data.
[W] [20:38:25.245989] L-BFGS: max iterations reached
[W] [20:38:25.246034] Maximum iterations reached before solver is converged. To increase model accuracy you can increase the number of iterations (max_iter) or improve the scaling of the input data.
[W] [20:38:27.431067] L-BFGS: max iterations reached
[W] [20:38:27.431128] Maximum iterations reached before solver is converged. To increase model accuracy you can increase the number of iterations (max_iter) or improve the scaling of the input data.
[W] [20:38:28.119188] L-BFGS: max iterations reached
[W] [20:38:28.119236] Maximum iterations reached before solver is converged. To increase model accuracy you can increase the number of iterations (max_iter) or improve the scaling of the input data.
[W] [20:38:30.128511] L-BFGS: max iterations reached
[W] [20:38:30.128556] Maximum iterations reached before solver is converged. To increase model accuracy you can increase the number of iterations (max_iter) or improve the scaling of the input data.
[W] [20:38:30.992612] L-BFGS: max iterations reached
[W] [20:38:30.992655] Maximum iterations reached before solver is converged. To increase model accuracy you can increase the number of iterations (max_iter) or improve the scaling of the input data.
[W] [20:38:33.479721] L-BFGS: max iterations reached
[W] [20:38:33.479778] Maximum iterations reached before solver is converged. To increase model accuracy you can increase the number of iterations (max_iter) or improve the scaling of the input data.
[W] [20:38:34.168637] L-BFGS: max iterations reached
[W] [20:38:34.168726] Maximum iterations reached before solver is converged. To increase model accuracy you can increase the number of iterations (max_iter) or improve the scaling of the input data.
[W] [20:38:37.201920] L-BFGS: max iterations reached
[W] [20:38:37.201966] Maximum iterations reached before solver is converged. To increase model accuracy you can increase the number of iterations (max_iter) or improve the scaling of the input data.
[W] [20:38:37.880372] L-BFGS: max iterations reached
[W] [20:38:37.880418] Maximum iterations reached before solver is converged. To increase model accuracy you can increase the number of iterations (max_iter) or improve the scaling of the input data.
[W] [20:38:41.618640] L-BFGS: max iterations reached
[W] [20:38:41.618690] Maximum iterations reached before solver is converged. To increase model accuracy you can increase the number of iterations (max_iter) or improve the scaling of the input data.
[W] [20:38:44.811335] L-BFGS: max iterations reached
[W] [20:38:44.811468] Maximum iterations reached before solver is converged. To increase model accuracy you can increase the number of iterations (max_iter) or improve the scaling of the input data.
[W] [20:38:45.486894] L-BFGS: max iterations reached
[W] [20:38:45.486934] Maximum iterations reached before solver is converged. To increase model accuracy you can increase the number of iterations (max_iter) or improve the scaling of the input data.
[W] [20:38:48.070768] L-BFGS: max iterations reached
[W] [20:38:48.070809] Maximum iterations reached before solver is converged. To increase model accuracy you can increase the number of iterations (max_iter) or improve the scaling of the input data.
[W] [20:38:48.747807] L-BFGS: max iterations reached
[W] [20:38:48.747866] Maximum iterations reached before solver is converged. To increase model accuracy you can increase the number of iterations (max_iter) or improve the scaling of the input data.
[W] [20:38:50.516024] L-BFGS: max iterations reached
[W] [20:38:50.516067] Maximum iterations reached before solver is converged. To increase model accuracy you can increase the number of iterations (max_iter) or improve the scaling of the input data.
[W] [20:38:51.191864] L-BFGS: max iterations reached
[W] [20:38:51.191910] Maximum iterations reached before solver is converged. To increase model accuracy you can increase the number of iterations (max_iter) or improve the scaling of the input data.
[W] [20:38:53.775235] L-BFGS: max iterations reached
[W] [20:38:53.775292] Maximum iterations reached before solver is converged. To increase model accuracy you can increase the number of iterations (max_iter) or improve the scaling of the input data.
[W] [20:38:54.459786] L-BFGS: max iterations reached
[W] [20:38:54.459831] Maximum iterations reached before solver is converged. To increase model accuracy you can increase the number of iterations (max_iter) or improve the scaling of the input data.
[W] [20:38:55.813176] L-BFGS: max iterations reached
[W] [20:38:55.813220] Maximum iterations reached before solver is converged. To increase model accuracy you can increase the number of iterations (max_iter) or improve the scaling of the input data.
[W] [20:38:57.715935] L-BFGS: max iterations reached
[W] [20:38:57.715977] Maximum iterations reached before solver is converged. To increase model accuracy you can increase the number of iterations (max_iter) or improve the scaling of the input data.
[W] [20:38:58.400019] L-BFGS: max iterations reached
[W] [20:38:58.400061] Maximum iterations reached before solver is converged. To increase model accuracy you can increase the number of iterations (max_iter) or improve the scaling of the input data.
[W] [20:38:59.762022] L-BFGS: max iterations reached
[W] [20:38:59.762062] Maximum iterations reached before solver is converged. To increase model accuracy you can increase the number of iterations (max_iter) or improve the scaling of the input data.
[W] [20:39:01.701074] L-BFGS: max iterations reached
[W] [20:39:01.701150] Maximum iterations reached before solver is converged. To increase model accuracy you can increase the number of iterations (max_iter) or improve the scaling of the input data.
[W] [20:39:02.377104] L-BFGS: max iterations reached
[W] [20:39:02.377150] Maximum iterations reached before solver is converged. To increase model accuracy you can increase the number of iterations (max_iter) or improve the scaling of the input data.
[W] [20:39:03.735058] L-BFGS: max iterations reached
[W] [20:39:03.735099] Maximum iterations reached before solver is converged. To increase model accuracy you can increase the number of iterations (max_iter) or improve the scaling of the input data.
[W] [20:39:05.719652] L-BFGS: max iterations reached
[W] [20:39:05.719698] Maximum iterations reached before solver is converged. To increase model accuracy you can increase the number of iterations (max_iter) or improve the scaling of the input data.
[W] [20:39:06.398129] L-BFGS: max iterations reached
[W] [20:39:06.398194] Maximum iterations reached before solver is converged. To increase model accuracy you can increase the number of iterations (max_iter) or improve the scaling of the input data.
[W] [20:39:07.749799] L-BFGS: max iterations reached
[W] [20:39:07.749840] Maximum iterations reached before solver is converged. To increase model accuracy you can increase the number of iterations (max_iter) or improve the scaling of the input data.
[W] [20:39:09.525162] L-BFGS: max iterations reached
[W] [20:39:09.525201] Maximum iterations reached before solver is converged. To increase model accuracy you can increase the number of iterations (max_iter) or improve the scaling of the input data.
[W] [20:39:10.208520] L-BFGS: max iterations reached
[W] [20:39:10.208560] Maximum iterations reached before solver is converged. To increase model accuracy you can increase the number of iterations (max_iter) or improve the scaling of the input data.
[W] [20:39:11.558568] L-BFGS: max iterations reached
[W] [20:39:11.558691] Maximum iterations reached before solver is converged. To increase model accuracy you can increase the number of iterations (max_iter) or improve the scaling of the input data.
[W] [20:39:13.268920] L-BFGS: max iterations reached
[W] [20:39:13.268959] Maximum iterations reached before solver is converged. To increase model accuracy you can increase the number of iterations (max_iter) or improve the scaling of the input data.
[W] [20:39:13.955593] L-BFGS: max iterations reached
[W] [20:39:13.955637] Maximum iterations reached before solver is converged. To increase model accuracy you can increase the number of iterations (max_iter) or improve the scaling of the input data.
[W] [20:39:16.727372] L-BFGS: max iterations reached
[W] [20:39:16.727455] Maximum iterations reached before solver is converged. To increase model accuracy you can increase the number of iterations (max_iter) or improve the scaling of the input data.
[W] [20:39:17.404245] L-BFGS: max iterations reached
[W] [20:39:17.404291] Maximum iterations reached before solver is converged. To increase model accuracy you can increase the number of iterations (max_iter) or improve the scaling of the input data.
[W] [20:39:20.404294] L-BFGS: max iterations reached
[W] [20:39:20.404335] Maximum iterations reached before solver is converged. To increase model accuracy you can increase the number of iterations (max_iter) or improve the scaling of the input data.
[W] [20:39:21.090840] L-BFGS: max iterations reached
[W] [20:39:21.090882] Maximum iterations reached before solver is converged. To increase model accuracy you can increase the number of iterations (max_iter) or improve the scaling of the input data.
[W] [20:39:22.470420] L-BFGS: max iterations reached
[W] [20:39:22.470462] Maximum iterations reached before solver is converged. To increase model accuracy you can increase the number of iterations (max_iter) or improve the scaling of the input data.
[W] [20:39:24.160880] L-BFGS: max iterations reached
[W] [20:39:24.160923] Maximum iterations reached before solver is converged. To increase model accuracy you can increase the number of iterations (max_iter) or improve the scaling of the input data.
[W] [20:39:24.850045] L-BFGS: max iterations reached
[W] [20:39:24.850084] Maximum iterations reached before solver is converged. To increase model accuracy you can increase the number of iterations (max_iter) or improve the scaling of the input data.
[W] [20:39:26.206911] L-BFGS: max iterations reached
[W] [20:39:26.206951] Maximum iterations reached before solver is converged. To increase model accuracy you can increase the number of iterations (max_iter) or improve the scaling of the input data.
[W] [20:39:27.964560] L-BFGS: max iterations reached
[W] [20:39:27.964625] Maximum iterations reached before solver is converged. To increase model accuracy you can increase the number of iterations (max_iter) or improve the scaling of the input data.
[W] [20:39:28.644588] L-BFGS: max iterations reached
[W] [20:39:28.644629] Maximum iterations reached before solver is converged. To increase model accuracy you can increase the number of iterations (max_iter) or improve the scaling of the input data.
[W] [20:39:30.929421] L-BFGS stopped, because the line search failed to advance (step delta = 0.000000)
[W] [20:39:31.610510] L-BFGS: max iterations reached
[W] [20:39:31.610551] Maximum iterations reached before solver is converged. To increase model accuracy you can increase the number of iterations (max_iter) or improve the scaling of the input data.
[W] [20:39:32.301327] L-BFGS: max iterations reached
[W] [20:39:32.301396] Maximum iterations reached before solver is converged. To increase model accuracy you can increase the number of iterations (max_iter) or improve the scaling of the input data.
[W] [20:39:33.672978] L-BFGS: max iterations reached
[W] [20:39:33.673019] Maximum iterations reached before solver is converged. To increase model accuracy you can increase the number of iterations (max_iter) or improve the scaling of the input data.
[W] [20:39:35.552899] L-BFGS: max iterations reached
[W] [20:39:35.552941] Maximum iterations reached before solver is converged. To increase model accuracy you can increase the number of iterations (max_iter) or improve the scaling of the input data.
[W] [20:39:36.243919] L-BFGS: max iterations reached
[W] [20:39:36.243959] Maximum iterations reached before solver is converged. To increase model accuracy you can increase the number of iterations (max_iter) or improve the scaling of the input data.
[W] [20:39:37.626826] L-BFGS: max iterations reached
[W] [20:39:37.626869] Maximum iterations reached before solver is converged. To increase model accuracy you can increase the number of iterations (max_iter) or improve the scaling of the input data.
[W] [20:39:39.331552] L-BFGS: max iterations reached
[W] [20:39:39.331593] Maximum iterations reached before solver is converged. To increase model accuracy you can increase the number of iterations (max_iter) or improve the scaling of the input data.
[W] [20:39:40.020402] L-BFGS: max iterations reached
[W] [20:39:40.020441] Maximum iterations reached before solver is converged. To increase model accuracy you can increase the number of iterations (max_iter) or improve the scaling of the input data.
[W] [20:39:41.392803] L-BFGS: max iterations reached
[W] [20:39:41.392843] Maximum iterations reached before solver is converged. To increase model accuracy you can increase the number of iterations (max_iter) or improve the scaling of the input data.
[W] [20:39:43.069617] L-BFGS: max iterations reached
[W] [20:39:43.069664] Maximum iterations reached before solver is converged. To increase model accuracy you can increase the number of iterations (max_iter) or improve the scaling of the input data.
[W] [20:39:43.755821] L-BFGS: max iterations reached
[W] [20:39:43.755867] Maximum iterations reached before solver is converged. To increase model accuracy you can increase the number of iterations (max_iter) or improve the scaling of the input data.
[W] [20:39:46.483900] L-BFGS: max iterations reached
[W] [20:39:46.483946] Maximum iterations reached before solver is converged. To increase model accuracy you can increase the number of iterations (max_iter) or improve the scaling of the input data.
[W] [20:39:47.169694] L-BFGS: max iterations reached
[W] [20:39:47.169740] Maximum iterations reached before solver is converged. To increase model accuracy you can increase the number of iterations (max_iter) or improve the scaling of the input data.
[W] [20:39:48.542727] L-BFGS: max iterations reached
[W] [20:39:48.542772] Maximum iterations reached before solver is converged. To increase model accuracy you can increase the number of iterations (max_iter) or improve the scaling of the input data.
[W] [20:39:50.392176] L-BFGS: max iterations reached
[W] [20:39:50.392222] Maximum iterations reached before solver is converged. To increase model accuracy you can increase the number of iterations (max_iter) or improve the scaling of the input data.
[W] [20:39:51.081665] L-BFGS: max iterations reached
[W] [20:39:51.081710] Maximum iterations reached before solver is converged. To increase model accuracy you can increase the number of iterations (max_iter) or improve the scaling of the input data.
[W] [20:39:51.923388] L-BFGS stopped, because the line search failed to advance (step delta = 0.000000)
[W] [20:39:53.586928] L-BFGS: max iterations reached
[W] [20:39:53.586990] Maximum iterations reached before solver is converged. To increase model accuracy you can increase the number of iterations (max_iter) or improve the scaling of the input data.
[W] [20:39:54.268163] L-BFGS: max iterations reached
[W] [20:39:54.268206] Maximum iterations reached before solver is converged. To increase model accuracy you can increase the number of iterations (max_iter) or improve the scaling of the input data.
[W] [20:39:56.993887] L-BFGS: max iterations reached
[W] [20:39:56.993928] Maximum iterations reached before solver is converged. To increase model accuracy you can increase the number of iterations (max_iter) or improve the scaling of the input data.
[W] [20:39:57.677351] L-BFGS: max iterations reached
[W] [20:39:57.677391] Maximum iterations reached before solver is converged. To increase model accuracy you can increase the number of iterations (max_iter) or improve the scaling of the input data.
[W] [20:39:59.038329] L-BFGS: max iterations reached
[W] [20:39:59.038396] Maximum iterations reached before solver is converged. To increase model accuracy you can increase the number of iterations (max_iter) or improve the scaling of the input data.
[W] [20:40:00.702641] L-BFGS: max iterations reached
[W] [20:40:00.702681] Maximum iterations reached before solver is converged. To increase model accuracy you can increase the number of iterations (max_iter) or improve the scaling of the input data.
[W] [20:40:01.387862] L-BFGS: max iterations reached
[W] [20:40:01.387902] Maximum iterations reached before solver is converged. To increase model accuracy you can increase the number of iterations (max_iter) or improve the scaling of the input data.
[W] [20:40:02.745383] L-BFGS: max iterations reached
[W] [20:40:02.745425] Maximum iterations reached before solver is converged. To increase model accuracy you can increase the number of iterations (max_iter) or improve the scaling of the input data.
[W] [20:40:03.134528] L-BFGS stopped, because the line search failed to advance (step delta = 0.000000)
[W] [20:40:04.453900] L-BFGS: max iterations reached
[W] [20:40:04.453945] Maximum iterations reached before solver is converged. To increase model accuracy you can increase the number of iterations (max_iter) or improve the scaling of the input data.
[W] [20:40:05.134799] L-BFGS: max iterations reached
[W] [20:40:05.134844] Maximum iterations reached before solver is converged. To increase model accuracy you can increase the number of iterations (max_iter) or improve the scaling of the input data.
[W] [20:40:05.954019] L-BFGS stopped, because the line search failed to advance (step delta = 0.000000)
[W] [20:40:08.457138] L-BFGS: max iterations reached
[W] [20:40:08.457188] Maximum iterations reached before solver is converged. To increase model accuracy you can increase the number of iterations (max_iter) or improve the scaling of the input data.
[W] [20:40:09.143238] L-BFGS: max iterations reached
[W] [20:40:09.143376] Maximum iterations reached before solver is converged. To increase model accuracy you can increase the number of iterations (max_iter) or improve the scaling of the input data.
[W] [20:40:10.513369] L-BFGS: max iterations reached
[W] [20:40:10.513414] Maximum iterations reached before solver is converged. To increase model accuracy you can increase the number of iterations (max_iter) or improve the scaling of the input data.
[W] [20:40:12.332421] L-BFGS: max iterations reached
[W] [20:40:12.332466] Maximum iterations reached before solver is converged. To increase model accuracy you can increase the number of iterations (max_iter) or improve the scaling of the input data.
[W] [20:40:13.013576] L-BFGS: max iterations reached
[W] [20:40:13.013620] Maximum iterations reached before solver is converged. To increase model accuracy you can increase the number of iterations (max_iter) or improve the scaling of the input data.
[W] [20:40:14.370847] L-BFGS: max iterations reached
[W] [20:40:14.370937] Maximum iterations reached before solver is converged. To increase model accuracy you can increase the number of iterations (max_iter) or improve the scaling of the input data.
[W] [20:40:16.044480] L-BFGS: max iterations reached
[W] [20:40:16.044519] Maximum iterations reached before solver is converged. To increase model accuracy you can increase the number of iterations (max_iter) or improve the scaling of the input data.
[W] [20:40:16.722737] L-BFGS: max iterations reached
[W] [20:40:16.722775] Maximum iterations reached before solver is converged. To increase model accuracy you can increase the number of iterations (max_iter) or improve the scaling of the input data.
[W] [20:40:18.081961] L-BFGS: max iterations reached
[W] [20:40:18.082002] Maximum iterations reached before solver is converged. To increase model accuracy you can increase the number of iterations (max_iter) or improve the scaling of the input data.
[W] [20:40:19.860717] L-BFGS: max iterations reached
[W] [20:40:19.860757] Maximum iterations reached before solver is converged. To increase model accuracy you can increase the number of iterations (max_iter) or improve the scaling of the input data.
[W] [20:40:20.536707] L-BFGS: max iterations reached
[W] [20:40:20.536746] Maximum iterations reached before solver is converged. To increase model accuracy you can increase the number of iterations (max_iter) or improve the scaling of the input data.
[W] [20:40:23.087531] L-BFGS: max iterations reached
[W] [20:40:23.087570] Maximum iterations reached before solver is converged. To increase model accuracy you can increase the number of iterations (max_iter) or improve the scaling of the input data.
[W] [20:40:23.768992] L-BFGS: max iterations reached
[W] [20:40:23.769030] Maximum iterations reached before solver is converged. To increase model accuracy you can increase the number of iterations (max_iter) or improve the scaling of the input data.
[W] [20:40:25.131455] L-BFGS: max iterations reached
[W] [20:40:25.131584] Maximum iterations reached before solver is converged. To increase model accuracy you can increase the number of iterations (max_iter) or improve the scaling of the input data.
[W] [20:40:26.875272] L-BFGS: max iterations reached
[W] [20:40:26.875321] Maximum iterations reached before solver is converged. To increase model accuracy you can increase the number of iterations (max_iter) or improve the scaling of the input data.
[W] [20:40:27.552321] L-BFGS: max iterations reached
[W] [20:40:27.552366] Maximum iterations reached before solver is converged. To increase model accuracy you can increase the number of iterations (max_iter) or improve the scaling of the input data.
[W] [20:40:28.910059] L-BFGS: max iterations reached
[W] [20:40:28.910104] Maximum iterations reached before solver is converged. To increase model accuracy you can increase the number of iterations (max_iter) or improve the scaling of the input data.
[W] [20:40:30.492611] L-BFGS: max iterations reached
[W] [20:40:30.492660] Maximum iterations reached before solver is converged. To increase model accuracy you can increase the number of iterations (max_iter) or improve the scaling of the input data.
[W] [20:40:31.183535] L-BFGS: max iterations reached
[W] [20:40:31.183580] Maximum iterations reached before solver is converged. To increase model accuracy you can increase the number of iterations (max_iter) or improve the scaling of the input data.
[W] [20:40:32.918637] L-BFGS: max iterations reached
[W] [20:40:32.918681] Maximum iterations reached before solver is converged. To increase model accuracy you can increase the number of iterations (max_iter) or improve the scaling of the input data.
[W] [20:40:33.606654] L-BFGS: max iterations reached
[W] [20:40:33.606697] Maximum iterations reached before solver is converged. To increase model accuracy you can increase the number of iterations (max_iter) or improve the scaling of the input data.
[W] [20:40:36.553256] L-BFGS: max iterations reached
[W] [20:40:36.553308] Maximum iterations reached before solver is converged. To increase model accuracy you can increase the number of iterations (max_iter) or improve the scaling of the input data.
[W] [20:40:37.242082] L-BFGS: max iterations reached
[W] [20:40:37.242122] Maximum iterations reached before solver is converged. To increase model accuracy you can increase the number of iterations (max_iter) or improve the scaling of the input data.
[W] [20:40:39.251538] L-BFGS: max iterations reached
[W] [20:40:39.251578] Maximum iterations reached before solver is converged. To increase model accuracy you can increase the number of iterations (max_iter) or improve the scaling of the input data.
[W] [20:40:39.939321] L-BFGS: max iterations reached
[W] [20:40:39.939381] Maximum iterations reached before solver is converged. To increase model accuracy you can increase the number of iterations (max_iter) or improve the scaling of the input data.
[W] [20:40:41.306399] L-BFGS: max iterations reached
[W] [20:40:41.306440] Maximum iterations reached before solver is converged. To increase model accuracy you can increase the number of iterations (max_iter) or improve the scaling of the input data.
[W] [20:40:42.874590] L-BFGS: max iterations reached
[W] [20:40:42.874629] Maximum iterations reached before solver is converged. To increase model accuracy you can increase the number of iterations (max_iter) or improve the scaling of the input data.
[W] [20:40:43.554629] L-BFGS: max iterations reached
[W] [20:40:43.554668] Maximum iterations reached before solver is converged. To increase model accuracy you can increase the number of iterations (max_iter) or improve the scaling of the input data.
[W] [20:40:47.020246] L-BFGS: max iterations reached
[W] [20:40:47.020317] Maximum iterations reached before solver is converged. To increase model accuracy you can increase the number of iterations (max_iter) or improve the scaling of the input data.
[W] [20:40:48.369203] L-BFGS: max iterations reached
[W] [20:40:48.369246] Maximum iterations reached before solver is converged. To increase model accuracy you can increase the number of iterations (max_iter) or improve the scaling of the input data.
[W] [20:40:50.073035] L-BFGS: max iterations reached
[W] [20:40:50.073080] Maximum iterations reached before solver is converged. To increase model accuracy you can increase the number of iterations (max_iter) or improve the scaling of the input data.
[W] [20:40:50.754053] L-BFGS: max iterations reached
[W] [20:40:50.754148] Maximum iterations reached before solver is converged. To increase model accuracy you can increase the number of iterations (max_iter) or improve the scaling of the input data.
[W] [20:40:53.058470] L-BFGS: max iterations reached
[W] [20:40:53.058514] Maximum iterations reached before solver is converged. To increase model accuracy you can increase the number of iterations (max_iter) or improve the scaling of the input data.
[W] [20:40:53.737135] L-BFGS: max iterations reached
[W] [20:40:53.737180] Maximum iterations reached before solver is converged. To increase model accuracy you can increase the number of iterations (max_iter) or improve the scaling of the input data.
[W] [20:40:56.441230] L-BFGS: max iterations reached
[W] [20:40:56.441298] Maximum iterations reached before solver is converged. To increase model accuracy you can increase the number of iterations (max_iter) or improve the scaling of the input data.
[W] [20:40:57.123147] L-BFGS: max iterations reached
[W] [20:40:57.123192] Maximum iterations reached before solver is converged. To increase model accuracy you can increase the number of iterations (max_iter) or improve the scaling of the input data.
[W] [20:40:59.741310] L-BFGS: max iterations reached
[W] [20:40:59.741357] Maximum iterations reached before solver is converged. To increase model accuracy you can increase the number of iterations (max_iter) or improve the scaling of the input data.
[W] [20:41:00.424081] L-BFGS: max iterations reached
[W] [20:41:00.424126] Maximum iterations reached before solver is converged. To increase model accuracy you can increase the number of iterations (max_iter) or improve the scaling of the input data.
[W] [20:41:02.553046] L-BFGS: max iterations reached
[W] [20:41:02.553091] Maximum iterations reached before solver is converged. To increase model accuracy you can increase the number of iterations (max_iter) or improve the scaling of the input data.
[W] [20:41:03.238380] L-BFGS: max iterations reached
[W] [20:41:03.238424] Maximum iterations reached before solver is converged. To increase model accuracy you can increase the number of iterations (max_iter) or improve the scaling of the input data.
[W] [20:41:04.603555] L-BFGS: max iterations reached
[W] [20:41:04.603600] Maximum iterations reached before solver is converged. To increase model accuracy you can increase the number of iterations (max_iter) or improve the scaling of the input data.
[W] [20:41:06.314678] L-BFGS: max iterations reached
[W] [20:41:06.314819] Maximum iterations reached before solver is converged. To increase model accuracy you can increase the number of iterations (max_iter) or improve the scaling of the input data.
[W] [20:41:07.007472] L-BFGS: max iterations reached
[W] [20:41:07.007517] Maximum iterations reached before solver is converged. To increase model accuracy you can increase the number of iterations (max_iter) or improve the scaling of the input data.
[W] [20:41:09.955444] L-BFGS: max iterations reached
[W] [20:41:09.955489] Maximum iterations reached before solver is converged. To increase model accuracy you can increase the number of iterations (max_iter) or improve the scaling of the input data.
[W] [20:41:10.638210] L-BFGS: max iterations reached
[W] [20:41:10.638253] Maximum iterations reached before solver is converged. To increase model accuracy you can increase the number of iterations (max_iter) or improve the scaling of the input data.
[W] [20:41:12.012734] L-BFGS: max iterations reached
[W] [20:41:12.012821] Maximum iterations reached before solver is converged. To increase model accuracy you can increase the number of iterations (max_iter) or improve the scaling of the input data.
[W] [20:41:13.695469] L-BFGS: max iterations reached
[W] [20:41:13.695514] Maximum iterations reached before solver is converged. To increase model accuracy you can increase the number of iterations (max_iter) or improve the scaling of the input data.
[W] [20:41:14.404564] L-BFGS: max iterations reached
[W] [20:41:14.404610] Maximum iterations reached before solver is converged. To increase model accuracy you can increase the number of iterations (max_iter) or improve the scaling of the input data.
[W] [20:41:15.765272] L-BFGS: max iterations reached
[W] [20:41:15.765317] Maximum iterations reached before solver is converged. To increase model accuracy you can increase the number of iterations (max_iter) or improve the scaling of the input data.
[W] [20:41:17.513630] L-BFGS: max iterations reached
[W] [20:41:17.513672] Maximum iterations reached before solver is converged. To increase model accuracy you can increase the number of iterations (max_iter) or improve the scaling of the input data.
[W] [20:41:18.199650] L-BFGS: max iterations reached
[W] [20:41:18.199694] Maximum iterations reached before solver is converged. To increase model accuracy you can increase the number of iterations (max_iter) or improve the scaling of the input data.
[W] [20:41:19.576472] L-BFGS: max iterations reached
[W] [20:41:19.576517] Maximum iterations reached before solver is converged. To increase model accuracy you can increase the number of iterations (max_iter) or improve the scaling of the input data.
[W] [20:41:21.250887] L-BFGS: max iterations reached
[W] [20:41:21.251026] Maximum iterations reached before solver is converged. To increase model accuracy you can increase the number of iterations (max_iter) or improve the scaling of the input data.
[W] [20:41:21.930499] L-BFGS: max iterations reached
[W] [20:41:21.930542] Maximum iterations reached before solver is converged. To increase model accuracy you can increase the number of iterations (max_iter) or improve the scaling of the input data.
[W] [20:41:23.277283] L-BFGS: max iterations reached
[W] [20:41:23.277328] Maximum iterations reached before solver is converged. To increase model accuracy you can increase the number of iterations (max_iter) or improve the scaling of the input data.
[W] [20:41:24.989035] L-BFGS: max iterations reached
[W] [20:41:24.989077] Maximum iterations reached before solver is converged. To increase model accuracy you can increase the number of iterations (max_iter) or improve the scaling of the input data.
[W] [20:41:25.668632] L-BFGS: max iterations reached
[W] [20:41:25.668671] Maximum iterations reached before solver is converged. To increase model accuracy you can increase the number of iterations (max_iter) or improve the scaling of the input data.
[W] [20:41:27.021554] L-BFGS: max iterations reached
[W] [20:41:27.021624] Maximum iterations reached before solver is converged. To increase model accuracy you can increase the number of iterations (max_iter) or improve the scaling of the input data.
[W] [20:41:28.800697] L-BFGS: max iterations reached
[W] [20:41:28.800739] Maximum iterations reached before solver is converged. To increase model accuracy you can increase the number of iterations (max_iter) or improve the scaling of the input data.
[W] [20:41:29.487465] L-BFGS: max iterations reached
[W] [20:41:29.487505] Maximum iterations reached before solver is converged. To increase model accuracy you can increase the number of iterations (max_iter) or improve the scaling of the input data.
[W] [20:41:30.859964] L-BFGS: max iterations reached
[W] [20:41:30.860004] Maximum iterations reached before solver is converged. To increase model accuracy you can increase the number of iterations (max_iter) or improve the scaling of the input data.
[W] [20:41:32.576886] L-BFGS: max iterations reached
[W] [20:41:32.576932] Maximum iterations reached before solver is converged. To increase model accuracy you can increase the number of iterations (max_iter) or improve the scaling of the input data.
[W] [20:41:33.261532] L-BFGS: max iterations reached
[W] [20:41:33.261572] Maximum iterations reached before solver is converged. To increase model accuracy you can increase the number of iterations (max_iter) or improve the scaling of the input data.
[W] [20:41:34.628209] L-BFGS: max iterations reached
[W] [20:41:34.628249] Maximum iterations reached before solver is converged. To increase model accuracy you can increase the number of iterations (max_iter) or improve the scaling of the input data.
[W] [20:41:36.328062] L-BFGS: max iterations reached
[W] [20:41:36.328103] Maximum iterations reached before solver is converged. To increase model accuracy you can increase the number of iterations (max_iter) or improve the scaling of the input data.
[W] [20:41:37.021747] L-BFGS: max iterations reached
[W] [20:41:37.021787] Maximum iterations reached before solver is converged. To increase model accuracy you can increase the number of iterations (max_iter) or improve the scaling of the input data.
[W] [20:41:38.398374] L-BFGS: max iterations reached
[W] [20:41:38.398414] Maximum iterations reached before solver is converged. To increase model accuracy you can increase the number of iterations (max_iter) or improve the scaling of the input data.
[W] [20:41:40.042737] L-BFGS: max iterations reached
[W] [20:41:40.042778] Maximum iterations reached before solver is converged. To increase model accuracy you can increase the number of iterations (max_iter) or improve the scaling of the input data.
[W] [20:41:40.734040] L-BFGS: max iterations reached
[W] [20:41:40.734077] Maximum iterations reached before solver is converged. To increase model accuracy you can increase the number of iterations (max_iter) or improve the scaling of the input data.
[W] [20:41:43.404916] L-BFGS: max iterations reached
[W] [20:41:43.404965] Maximum iterations reached before solver is converged. To increase model accuracy you can increase the number of iterations (max_iter) or improve the scaling of the input data.
[W] [20:41:44.102012] L-BFGS: max iterations reached
[W] [20:41:44.102050] Maximum iterations reached before solver is converged. To increase model accuracy you can increase the number of iterations (max_iter) or improve the scaling of the input data.
[W] [20:41:45.486153] L-BFGS: max iterations reached
[W] [20:41:45.486191] Maximum iterations reached before solver is converged. To increase model accuracy you can increase the number of iterations (max_iter) or improve the scaling of the input data.
[W] [20:41:47.142115] L-BFGS: max iterations reached
[W] [20:41:47.142158] Maximum iterations reached before solver is converged. To increase model accuracy you can increase the number of iterations (max_iter) or improve the scaling of the input data.
[W] [20:41:47.830197] L-BFGS: max iterations reached
[W] [20:41:47.830234] Maximum iterations reached before solver is converged. To increase model accuracy you can increase the number of iterations (max_iter) or improve the scaling of the input data.
[W] [20:41:49.212332] L-BFGS: max iterations reached
[W] [20:41:49.212372] Maximum iterations reached before solver is converged. To increase model accuracy you can increase the number of iterations (max_iter) or improve the scaling of the input data.
[W] [20:41:50.902077] L-BFGS: max iterations reached
[W] [20:41:50.902121] Maximum iterations reached before solver is converged. To increase model accuracy you can increase the number of iterations (max_iter) or improve the scaling of the input data.
[W] [20:41:51.593630] L-BFGS: max iterations reached
[W] [20:41:51.593673] Maximum iterations reached before solver is converged. To increase model accuracy you can increase the number of iterations (max_iter) or improve the scaling of the input data.
[W] [20:41:52.975343] L-BFGS: max iterations reached
[W] [20:41:52.975386] Maximum iterations reached before solver is converged. To increase model accuracy you can increase the number of iterations (max_iter) or improve the scaling of the input data.
[W] [20:41:54.684963] L-BFGS: max iterations reached
[W] [20:41:54.685004] Maximum iterations reached before solver is converged. To increase model accuracy you can increase the number of iterations (max_iter) or improve the scaling of the input data.
[W] [20:41:55.380623] L-BFGS: max iterations reached
[W] [20:41:55.380663] Maximum iterations reached before solver is converged. To increase model accuracy you can increase the number of iterations (max_iter) or improve the scaling of the input data.
[W] [20:41:56.754596] L-BFGS: max iterations reached
[W] [20:41:56.754726] Maximum iterations reached before solver is converged. To increase model accuracy you can increase the number of iterations (max_iter) or improve the scaling of the input data.
[W] [20:41:58.446420] L-BFGS: max iterations reached
[W] [20:41:58.446464] Maximum iterations reached before solver is converged. To increase model accuracy you can increase the number of iterations (max_iter) or improve the scaling of the input data.
[W] [20:41:59.140617] L-BFGS: max iterations reached
[W] [20:41:59.140656] Maximum iterations reached before solver is converged. To increase model accuracy you can increase the number of iterations (max_iter) or improve the scaling of the input data.
[W] [20:42:02.005230] L-BFGS: max iterations reached
[W] [20:42:02.005298] Maximum iterations reached before solver is converged. To increase model accuracy you can increase the number of iterations (max_iter) or improve the scaling of the input data.
[W] [20:42:02.697200] L-BFGS: max iterations reached
[W] [20:42:02.697238] Maximum iterations reached before solver is converged. To increase model accuracy you can increase the number of iterations (max_iter) or improve the scaling of the input data.
[W] [20:42:04.066057] L-BFGS: max iterations reached
[W] [20:42:04.066100] Maximum iterations reached before solver is converged. To increase model accuracy you can increase the number of iterations (max_iter) or improve the scaling of the input data.
[W] [20:42:05.863703] L-BFGS: max iterations reached
[W] [20:42:05.863743] Maximum iterations reached before solver is converged. To increase model accuracy you can increase the number of iterations (max_iter) or improve the scaling of the input data.
[W] [20:42:06.558986] L-BFGS: max iterations reached
[W] [20:42:06.559026] Maximum iterations reached before solver is converged. To increase model accuracy you can increase the number of iterations (max_iter) or improve the scaling of the input data.
[W] [20:42:09.658388] L-BFGS: max iterations reached
[W] [20:42:09.658426] Maximum iterations reached before solver is converged. To increase model accuracy you can increase the number of iterations (max_iter) or improve the scaling of the input data.
[W] [20:42:10.383665] L-BFGS: max iterations reached
[W] [20:42:10.383706] Maximum iterations reached before solver is converged. To increase model accuracy you can increase the number of iterations (max_iter) or improve the scaling of the input data.
[W] [20:42:11.770101] L-BFGS: max iterations reached
[W] [20:42:11.770148] Maximum iterations reached before solver is converged. To increase model accuracy you can increase the number of iterations (max_iter) or improve the scaling of the input data.
[W] [20:42:13.425562] L-BFGS: max iterations reached
[W] [20:42:13.425602] Maximum iterations reached before solver is converged. To increase model accuracy you can increase the number of iterations (max_iter) or improve the scaling of the input data.
[W] [20:42:14.116414] L-BFGS: max iterations reached
[W] [20:42:14.116455] Maximum iterations reached before solver is converged. To increase model accuracy you can increase the number of iterations (max_iter) or improve the scaling of the input data.
[W] [20:42:16.582240] L-BFGS: max iterations reached
[W] [20:42:16.582281] Maximum iterations reached before solver is converged. To increase model accuracy you can increase the number of iterations (max_iter) or improve the scaling of the input data.
[W] [20:42:17.274000] L-BFGS: max iterations reached
[W] [20:42:17.274040] Maximum iterations reached before solver is converged. To increase model accuracy you can increase the number of iterations (max_iter) or improve the scaling of the input data.
[W] [20:42:19.939393] L-BFGS: max iterations reached
[W] [20:42:19.939436] Maximum iterations reached before solver is converged. To increase model accuracy you can increase the number of iterations (max_iter) or improve the scaling of the input data.
[W] [20:42:20.624972] L-BFGS: max iterations reached
[W] [20:42:20.625013] Maximum iterations reached before solver is converged. To increase model accuracy you can increase the number of iterations (max_iter) or improve the scaling of the input data.
[W] [20:42:23.102295] L-BFGS: max iterations reached
[W] [20:42:23.102419] Maximum iterations reached before solver is converged. To increase model accuracy you can increase the number of iterations (max_iter) or improve the scaling of the input data.
[W] [20:42:23.783840] L-BFGS: max iterations reached
[W] [20:42:23.783877] Maximum iterations reached before solver is converged. To increase model accuracy you can increase the number of iterations (max_iter) or improve the scaling of the input data.
[W] [20:42:25.150927] L-BFGS: max iterations reached
[W] [20:42:25.150967] Maximum iterations reached before solver is converged. To increase model accuracy you can increase the number of iterations (max_iter) or improve the scaling of the input data.
[W] [20:42:25.716553] L-BFGS stopped, because the line search failed to advance (step delta = 0.000000)
[W] [20:42:26.873820] L-BFGS: max iterations reached
[W] [20:42:26.873864] Maximum iterations reached before solver is converged. To increase model accuracy you can increase the number of iterations (max_iter) or improve the scaling of the input data.
[W] [20:42:27.560810] L-BFGS: max iterations reached
[W] [20:42:27.560851] Maximum iterations reached before solver is converged. To increase model accuracy you can increase the number of iterations (max_iter) or improve the scaling of the input data.
[W] [20:42:28.930526] L-BFGS: max iterations reached
[W] [20:42:28.930604] Maximum iterations reached before solver is converged. To increase model accuracy you can increase the number of iterations (max_iter) or improve the scaling of the input data.
[W] [20:42:30.587339] L-BFGS: max iterations reached
[W] [20:42:30.587380] Maximum iterations reached before solver is converged. To increase model accuracy you can increase the number of iterations (max_iter) or improve the scaling of the input data.
[W] [20:42:31.272187] L-BFGS: max iterations reached
[W] [20:42:31.272229] Maximum iterations reached before solver is converged. To increase model accuracy you can increase the number of iterations (max_iter) or improve the scaling of the input data.
[W] [20:42:34.241752] L-BFGS: max iterations reached
[W] [20:42:34.241821] Maximum iterations reached before solver is converged. To increase model accuracy you can increase the number of iterations (max_iter) or improve the scaling of the input data.
[W] [20:42:35.116866] L-BFGS: max iterations reached
[W] [20:42:35.116909] Maximum iterations reached before solver is converged. To increase model accuracy you can increase the number of iterations (max_iter) or improve the scaling of the input data.
[W] [20:42:37.985192] L-BFGS: max iterations reached
[W] [20:42:37.985233] Maximum iterations reached before solver is converged. To increase model accuracy you can increase the number of iterations (max_iter) or improve the scaling of the input data.
[W] [20:42:38.674306] L-BFGS: max iterations reached
[W] [20:42:38.674378] Maximum iterations reached before solver is converged. To increase model accuracy you can increase the number of iterations (max_iter) or improve the scaling of the input data.
[W] [20:42:40.060236] L-BFGS: max iterations reached
[W] [20:42:40.060277] Maximum iterations reached before solver is converged. To increase model accuracy you can increase the number of iterations (max_iter) or improve the scaling of the input data.
[W] [20:42:42.085499] L-BFGS: max iterations reached
[W] [20:42:42.085541] Maximum iterations reached before solver is converged. To increase model accuracy you can increase the number of iterations (max_iter) or improve the scaling of the input data.
[W] [20:42:42.775849] L-BFGS: max iterations reached
[W] [20:42:42.775888] Maximum iterations reached before solver is converged. To increase model accuracy you can increase the number of iterations (max_iter) or improve the scaling of the input data.
[W] [20:42:44.158183] L-BFGS: max iterations reached
[W] [20:42:44.158305] Maximum iterations reached before solver is converged. To increase model accuracy you can increase the number of iterations (max_iter) or improve the scaling of the input data.
[W] [20:42:45.738531] L-BFGS: max iterations reached
[W] [20:42:45.738573] Maximum iterations reached before solver is converged. To increase model accuracy you can increase the number of iterations (max_iter) or improve the scaling of the input data.
[W] [20:42:46.428512] L-BFGS: max iterations reached
[W] [20:42:46.428552] Maximum iterations reached before solver is converged. To increase model accuracy you can increase the number of iterations (max_iter) or improve the scaling of the input data.
[W] [20:42:47.798007] L-BFGS: max iterations reached
[W] [20:42:47.798048] Maximum iterations reached before solver is converged. To increase model accuracy you can increase the number of iterations (max_iter) or improve the scaling of the input data.
[W] [20:42:49.410521] L-BFGS: max iterations reached
[W] [20:42:49.410563] Maximum iterations reached before solver is converged. To increase model accuracy you can increase the number of iterations (max_iter) or improve the scaling of the input data.
[W] [20:42:50.089745] L-BFGS: max iterations reached
[W] [20:42:50.089783] Maximum iterations reached before solver is converged. To increase model accuracy you can increase the number of iterations (max_iter) or improve the scaling of the input data.
[W] [20:42:51.446570] L-BFGS: max iterations reached
[W] [20:42:51.446612] Maximum iterations reached before solver is converged. To increase model accuracy you can increase the number of iterations (max_iter) or improve the scaling of the input data.
[W] [20:42:52.973466] L-BFGS: max iterations reached
[W] [20:42:52.973508] Maximum iterations reached before solver is converged. To increase model accuracy you can increase the number of iterations (max_iter) or improve the scaling of the input data.
[W] [20:42:53.653118] L-BFGS: max iterations reached
[W] [20:42:53.653164] Maximum iterations reached before solver is converged. To increase model accuracy you can increase the number of iterations (max_iter) or improve the scaling of the input data.
[W] [20:42:56.194013] L-BFGS: max iterations reached
[W] [20:42:56.194069] Maximum iterations reached before solver is converged. To increase model accuracy you can increase the number of iterations (max_iter) or improve the scaling of the input data.
[W] [20:42:56.902605] L-BFGS: max iterations reached
[W] [20:42:56.902646] Maximum iterations reached before solver is converged. To increase model accuracy you can increase the number of iterations (max_iter) or improve the scaling of the input data.
[W] [20:42:58.285675] L-BFGS: max iterations reached
[W] [20:42:58.285717] Maximum iterations reached before solver is converged. To increase model accuracy you can increase the number of iterations (max_iter) or improve the scaling of the input data.
[W] [20:42:59.806017] L-BFGS: max iterations reached
[W] [20:42:59.806059] Maximum iterations reached before solver is converged. To increase model accuracy you can increase the number of iterations (max_iter) or improve the scaling of the input data.
[W] [20:43:00.485339] L-BFGS: max iterations reached
[W] [20:43:00.485379] Maximum iterations reached before solver is converged. To increase model accuracy you can increase the number of iterations (max_iter) or improve the scaling of the input data.
[W] [20:43:02.328923] L-BFGS: max iterations reached
[W] [20:43:02.328962] Maximum iterations reached before solver is converged. To increase model accuracy you can increase the number of iterations (max_iter) or improve the scaling of the input data.
[W] [20:43:03.005945] L-BFGS: max iterations reached
[W] [20:43:03.005984] Maximum iterations reached before solver is converged. To increase model accuracy you can increase the number of iterations (max_iter) or improve the scaling of the input data.
[W] [20:43:04.375350] L-BFGS: max iterations reached
[W] [20:43:04.375392] Maximum iterations reached before solver is converged. To increase model accuracy you can increase the number of iterations (max_iter) or improve the scaling of the input data.
[W] [20:43:06.065679] L-BFGS: max iterations reached
[W] [20:43:06.065720] Maximum iterations reached before solver is converged. To increase model accuracy you can increase the number of iterations (max_iter) or improve the scaling of the input data.
[W] [20:43:06.750676] L-BFGS: max iterations reached
[W] [20:43:06.750716] Maximum iterations reached before solver is converged. To increase model accuracy you can increase the number of iterations (max_iter) or improve the scaling of the input data.
[W] [20:43:09.509509] L-BFGS: max iterations reached
[W] [20:43:09.509630] Maximum iterations reached before solver is converged. To increase model accuracy you can increase the number of iterations (max_iter) or improve the scaling of the input data.
[W] [20:43:10.268706] L-BFGS: max iterations reached
[W] [20:43:10.268747] Maximum iterations reached before solver is converged. To increase model accuracy you can increase the number of iterations (max_iter) or improve the scaling of the input data.
[W] [20:43:11.639253] L-BFGS: max iterations reached
[W] [20:43:11.639292] Maximum iterations reached before solver is converged. To increase model accuracy you can increase the number of iterations (max_iter) or improve the scaling of the input data.
[W] [20:43:13.446237] L-BFGS: max iterations reached
[W] [20:43:13.446279] Maximum iterations reached before solver is converged. To increase model accuracy you can increase the number of iterations (max_iter) or improve the scaling of the input data.
[W] [20:43:14.129987] L-BFGS: max iterations reached
[W] [20:43:14.130026] Maximum iterations reached before solver is converged. To increase model accuracy you can increase the number of iterations (max_iter) or improve the scaling of the input data.
[W] [20:43:15.494343] L-BFGS: max iterations reached
[W] [20:43:15.494421] Maximum iterations reached before solver is converged. To increase model accuracy you can increase the number of iterations (max_iter) or improve the scaling of the input data.
[W] [20:43:17.360358] L-BFGS: max iterations reached
[W] [20:43:17.360399] Maximum iterations reached before solver is converged. To increase model accuracy you can increase the number of iterations (max_iter) or improve the scaling of the input data.
[W] [20:43:18.039679] L-BFGS: max iterations reached
[W] [20:43:18.039719] Maximum iterations reached before solver is converged. To increase model accuracy you can increase the number of iterations (max_iter) or improve the scaling of the input data.
[W] [20:43:21.079360] L-BFGS: max iterations reached
[W] [20:43:21.079402] Maximum iterations reached before solver is converged. To increase model accuracy you can increase the number of iterations (max_iter) or improve the scaling of the input data.
[W] [20:43:21.755034] L-BFGS: max iterations reached
[W] [20:43:21.755072] Maximum iterations reached before solver is converged. To increase model accuracy you can increase the number of iterations (max_iter) or improve the scaling of the input data.
[W] [20:43:23.105527] L-BFGS: max iterations reached
[W] [20:43:23.105568] Maximum iterations reached before solver is converged. To increase model accuracy you can increase the number of iterations (max_iter) or improve the scaling of the input data.
[W] [20:43:24.772374] L-BFGS: max iterations reached
[W] [20:43:24.772416] Maximum iterations reached before solver is converged. To increase model accuracy you can increase the number of iterations (max_iter) or improve the scaling of the input data.
[W] [20:43:25.458516] L-BFGS: max iterations reached
[W] [20:43:25.458557] Maximum iterations reached before solver is converged. To increase model accuracy you can increase the number of iterations (max_iter) or improve the scaling of the input data.
[W] [20:43:26.842843] L-BFGS: max iterations reached
[W] [20:43:26.842884] Maximum iterations reached before solver is converged. To increase model accuracy you can increase the number of iterations (max_iter) or improve the scaling of the input data.
[W] [20:43:28.540682] L-BFGS: max iterations reached
[W] [20:43:28.540723] Maximum iterations reached before solver is converged. To increase model accuracy you can increase the number of iterations (max_iter) or improve the scaling of the input data.
[W] [20:43:29.219052] L-BFGS: max iterations reached
[W] [20:43:29.219092] Maximum iterations reached before solver is converged. To increase model accuracy you can increase the number of iterations (max_iter) or improve the scaling of the input data.
[W] [20:43:30.567082] L-BFGS: max iterations reached
[W] [20:43:30.567214] Maximum iterations reached before solver is converged. To increase model accuracy you can increase the number of iterations (max_iter) or improve the scaling of the input data.
[W] [20:43:32.353578] L-BFGS: max iterations reached
[W] [20:43:32.353619] Maximum iterations reached before solver is converged. To increase model accuracy you can increase the number of iterations (max_iter) or improve the scaling of the input data.
[W] [20:43:33.029173] L-BFGS: max iterations reached
[W] [20:43:33.029213] Maximum iterations reached before solver is converged. To increase model accuracy you can increase the number of iterations (max_iter) or improve the scaling of the input data.
[W] [20:43:34.379090] L-BFGS: max iterations reached
[W] [20:43:34.379131] Maximum iterations reached before solver is converged. To increase model accuracy you can increase the number of iterations (max_iter) or improve the scaling of the input data.
[W] [20:43:36.196368] L-BFGS: max iterations reached
[W] [20:43:36.196408] Maximum iterations reached before solver is converged. To increase model accuracy you can increase the number of iterations (max_iter) or improve the scaling of the input data.
[W] [20:43:36.875888] L-BFGS: max iterations reached
[W] [20:43:36.875925] Maximum iterations reached before solver is converged. To increase model accuracy you can increase the number of iterations (max_iter) or improve the scaling of the input data.
[W] [20:43:40.097768] L-BFGS: max iterations reached
[W] [20:43:40.097810] Maximum iterations reached before solver is converged. To increase model accuracy you can increase the number of iterations (max_iter) or improve the scaling of the input data.
[W] [20:43:40.784124] L-BFGS: max iterations reached
[W] [20:43:40.784169] Maximum iterations reached before solver is converged. To increase model accuracy you can increase the number of iterations (max_iter) or improve the scaling of the input data.
[W] [20:43:42.166794] L-BFGS: max iterations reached
[W] [20:43:42.166836] Maximum iterations reached before solver is converged. To increase model accuracy you can increase the number of iterations (max_iter) or improve the scaling of the input data.
[W] [20:43:43.880946] L-BFGS: max iterations reached
[W] [20:43:43.880988] Maximum iterations reached before solver is converged. To increase model accuracy you can increase the number of iterations (max_iter) or improve the scaling of the input data.
[W] [20:43:44.569687] L-BFGS: max iterations reached
[W] [20:43:44.569728] Maximum iterations reached before solver is converged. To increase model accuracy you can increase the number of iterations (max_iter) or improve the scaling of the input data.
[W] [20:43:45.933862] L-BFGS: max iterations reached
[W] [20:43:45.933986] Maximum iterations reached before solver is converged. To increase model accuracy you can increase the number of iterations (max_iter) or improve the scaling of the input data.
[W] [20:43:47.756745] L-BFGS: max iterations reached
[W] [20:43:47.756787] Maximum iterations reached before solver is converged. To increase model accuracy you can increase the number of iterations (max_iter) or improve the scaling of the input data.
[W] [20:43:48.436628] L-BFGS: max iterations reached
[W] [20:43:48.436668] Maximum iterations reached before solver is converged. To increase model accuracy you can increase the number of iterations (max_iter) or improve the scaling of the input data.
[W] [20:43:49.852298] L-BFGS: max iterations reached
[W] [20:43:49.852339] Maximum iterations reached before solver is converged. To increase model accuracy you can increase the number of iterations (max_iter) or improve the scaling of the input data.
[W] [20:43:51.595015] L-BFGS: max iterations reached
[W] [20:43:51.595056] Maximum iterations reached before solver is converged. To increase model accuracy you can increase the number of iterations (max_iter) or improve the scaling of the input data.
[W] [20:43:52.281200] L-BFGS: max iterations reached
[W] [20:43:52.281241] Maximum iterations reached before solver is converged. To increase model accuracy you can increase the number of iterations (max_iter) or improve the scaling of the input data.
[W] [20:43:53.645240] L-BFGS: max iterations reached
[W] [20:43:53.645281] Maximum iterations reached before solver is converged. To increase model accuracy you can increase the number of iterations (max_iter) or improve the scaling of the input data.
[W] [20:43:55.442932] L-BFGS: max iterations reached
[W] [20:43:55.442971] Maximum iterations reached before solver is converged. To increase model accuracy you can increase the number of iterations (max_iter) or improve the scaling of the input data.
[W] [20:43:56.134146] L-BFGS: max iterations reached
[W] [20:43:56.134187] Maximum iterations reached before solver is converged. To increase model accuracy you can increase the number of iterations (max_iter) or improve the scaling of the input data.
[W] [20:43:57.561822] L-BFGS: max iterations reached
[W] [20:43:57.561865] Maximum iterations reached before solver is converged. To increase model accuracy you can increase the number of iterations (max_iter) or improve the scaling of the input data.
[W] [20:43:59.290295] L-BFGS: max iterations reached
[W] [20:43:59.290335] Maximum iterations reached before solver is converged. To increase model accuracy you can increase the number of iterations (max_iter) or improve the scaling of the input data.
[W] [20:43:59.974871] L-BFGS: max iterations reached
[W] [20:43:59.974908] Maximum iterations reached before solver is converged. To increase model accuracy you can increase the number of iterations (max_iter) or improve the scaling of the input data.
[W] [20:44:01.338739] L-BFGS: max iterations reached
[W] [20:44:01.338780] Maximum iterations reached before solver is converged. To increase model accuracy you can increase the number of iterations (max_iter) or improve the scaling of the input data.
[W] [20:44:03.101137] L-BFGS: max iterations reached
[W] [20:44:03.101181] Maximum iterations reached before solver is converged. To increase model accuracy you can increase the number of iterations (max_iter) or improve the scaling of the input data.
[W] [20:44:03.792400] L-BFGS: max iterations reached
[W] [20:44:03.792437] Maximum iterations reached before solver is converged. To increase model accuracy you can increase the number of iterations (max_iter) or improve the scaling of the input data.
[W] [20:44:05.167287] L-BFGS: max iterations reached
[W] [20:44:05.167328] Maximum iterations reached before solver is converged. To increase model accuracy you can increase the number of iterations (max_iter) or improve the scaling of the input data.
[W] [20:44:06.961028] L-BFGS: max iterations reached
[W] [20:44:06.961092] Maximum iterations reached before solver is converged. To increase model accuracy you can increase the number of iterations (max_iter) or improve the scaling of the input data.
[W] [20:44:07.651126] L-BFGS: max iterations reached
[W] [20:44:07.651172] Maximum iterations reached before solver is converged. To increase model accuracy you can increase the number of iterations (max_iter) or improve the scaling of the input data.
[W] [20:44:10.497852] L-BFGS: max iterations reached
[W] [20:44:10.497895] Maximum iterations reached before solver is converged. To increase model accuracy you can increase the number of iterations (max_iter) or improve the scaling of the input data.
[W] [20:44:11.181389] L-BFGS: max iterations reached
[W] [20:44:11.181466] Maximum iterations reached before solver is converged. To increase model accuracy you can increase the number of iterations (max_iter) or improve the scaling of the input data.
[W] [20:44:14.054297] L-BFGS: max iterations reached
[W] [20:44:14.054337] Maximum iterations reached before solver is converged. To increase model accuracy you can increase the number of iterations (max_iter) or improve the scaling of the input data.
[W] [20:44:14.746780] L-BFGS: max iterations reached
[W] [20:44:14.746817] Maximum iterations reached before solver is converged. To increase model accuracy you can increase the number of iterations (max_iter) or improve the scaling of the input data.
[W] [20:44:16.107268] L-BFGS: max iterations reached
[W] [20:44:16.107397] Maximum iterations reached before solver is converged. To increase model accuracy you can increase the number of iterations (max_iter) or improve the scaling of the input data.
[W] [20:44:17.831973] L-BFGS: max iterations reached
[W] [20:44:17.832015] Maximum iterations reached before solver is converged. To increase model accuracy you can increase the number of iterations (max_iter) or improve the scaling of the input data.
[W] [20:44:18.515132] L-BFGS: max iterations reached
[W] [20:44:18.515176] Maximum iterations reached before solver is converged. To increase model accuracy you can increase the number of iterations (max_iter) or improve the scaling of the input data.
[W] [20:44:19.734885] L-BFGS stopped, because the line search failed to advance (step delta = 0.000000)
[W] [20:44:21.465755] L-BFGS: max iterations reached
[W] [20:44:21.465827] Maximum iterations reached before solver is converged. To increase model accuracy you can increase the number of iterations (max_iter) or improve the scaling of the input data.
[W] [20:44:22.148606] L-BFGS: max iterations reached
[W] [20:44:22.148646] Maximum iterations reached before solver is converged. To increase model accuracy you can increase the number of iterations (max_iter) or improve the scaling of the input data.
[W] [20:44:23.520911] L-BFGS: max iterations reached
[W] [20:44:23.520953] Maximum iterations reached before solver is converged. To increase model accuracy you can increase the number of iterations (max_iter) or improve the scaling of the input data.
[W] [20:44:25.491686] L-BFGS: max iterations reached
[W] [20:44:25.491728] Maximum iterations reached before solver is converged. To increase model accuracy you can increase the number of iterations (max_iter) or improve the scaling of the input data.
[W] [20:44:26.169410] L-BFGS: max iterations reached
[W] [20:44:26.169452] Maximum iterations reached before solver is converged. To increase model accuracy you can increase the number of iterations (max_iter) or improve the scaling of the input data.
[W] [20:44:27.209359] L-BFGS line search failed (code 3); stopping at the last valid step
[W] [20:44:28.894644] L-BFGS: max iterations reached
[W] [20:44:28.894685] Maximum iterations reached before solver is converged. To increase model accuracy you can increase the number of iterations (max_iter) or improve the scaling of the input data.
[W] [20:44:29.578266] L-BFGS: max iterations reached
[W] [20:44:29.578307] Maximum iterations reached before solver is converged. To increase model accuracy you can increase the number of iterations (max_iter) or improve the scaling of the input data.
[W] [20:44:30.601998] L-BFGS stopped, because the line search failed to advance (step delta = 0.000000)
[W] [20:44:32.345534] L-BFGS: max iterations reached
[W] [20:44:32.345585] Maximum iterations reached before solver is converged. To increase model accuracy you can increase the number of iterations (max_iter) or improve the scaling of the input data.
[W] [20:44:33.028176] L-BFGS: max iterations reached
[W] [20:44:33.028216] Maximum iterations reached before solver is converged. To increase model accuracy you can increase the number of iterations (max_iter) or improve the scaling of the input data.
[W] [20:44:34.405650] L-BFGS: max iterations reached
[W] [20:44:34.405689] Maximum iterations reached before solver is converged. To increase model accuracy you can increase the number of iterations (max_iter) or improve the scaling of the input data.
[W] [20:44:36.170188] L-BFGS: max iterations reached
[W] [20:44:36.170229] Maximum iterations reached before solver is converged. To increase model accuracy you can increase the number of iterations (max_iter) or improve the scaling of the input data.
[W] [20:44:36.862956] L-BFGS: max iterations reached
[W] [20:44:36.863072] Maximum iterations reached before solver is converged. To increase model accuracy you can increase the number of iterations (max_iter) or improve the scaling of the input data.
[W] [20:44:38.240584] L-BFGS: max iterations reached
[W] [20:44:38.240635] Maximum iterations reached before solver is converged. To increase model accuracy you can increase the number of iterations (max_iter) or improve the scaling of the input data.
[W] [20:44:39.954522] L-BFGS: max iterations reached
[W] [20:44:39.954562] Maximum iterations reached before solver is converged. To increase model accuracy you can increase the number of iterations (max_iter) or improve the scaling of the input data.
[W] [20:44:40.636189] L-BFGS: max iterations reached
[W] [20:44:40.636229] Maximum iterations reached before solver is converged. To increase model accuracy you can increase the number of iterations (max_iter) or improve the scaling of the input data.
[W] [20:44:42.164859] L-BFGS: max iterations reached
[W] [20:44:42.164924] Maximum iterations reached before solver is converged. To increase model accuracy you can increase the number of iterations (max_iter) or improve the scaling of the input data.
[W] [20:44:43.803934] L-BFGS: max iterations reached
[W] [20:44:43.803975] Maximum iterations reached before solver is converged. To increase model accuracy you can increase the number of iterations (max_iter) or improve the scaling of the input data.
[W] [20:44:44.487702] L-BFGS: max iterations reached
[W] [20:44:44.487743] Maximum iterations reached before solver is converged. To increase model accuracy you can increase the number of iterations (max_iter) or improve the scaling of the input data.
[W] [20:44:47.194287] L-BFGS: max iterations reached
[W] [20:44:47.194412] Maximum iterations reached before solver is converged. To increase model accuracy you can increase the number of iterations (max_iter) or improve the scaling of the input data.
[W] [20:44:47.875004] L-BFGS: max iterations reached
[W] [20:44:47.875043] Maximum iterations reached before solver is converged. To increase model accuracy you can increase the number of iterations (max_iter) or improve the scaling of the input data.
[W] [20:44:49.242533] L-BFGS: max iterations reached
[W] [20:44:49.242574] Maximum iterations reached before solver is converged. To increase model accuracy you can increase the number of iterations (max_iter) or improve the scaling of the input data.
[W] [20:44:50.896783] L-BFGS: max iterations reached
[W] [20:44:50.896828] Maximum iterations reached before solver is converged. To increase model accuracy you can increase the number of iterations (max_iter) or improve the scaling of the input data.
[W] [20:44:51.588098] L-BFGS: max iterations reached
[W] [20:44:51.588146] Maximum iterations reached before solver is converged. To increase model accuracy you can increase the number of iterations (max_iter) or improve the scaling of the input data.
[W] [20:44:54.329127] L-BFGS: max iterations reached
[W] [20:44:54.329173] Maximum iterations reached before solver is converged. To increase model accuracy you can increase the number of iterations (max_iter) or improve the scaling of the input data.
[W] [20:44:55.019081] L-BFGS: max iterations reached
[W] [20:44:55.019122] Maximum iterations reached before solver is converged. To increase model accuracy you can increase the number of iterations (max_iter) or improve the scaling of the input data.
[W] [20:44:56.398994] L-BFGS: max iterations reached
[W] [20:44:56.399035] Maximum iterations reached before solver is converged. To increase model accuracy you can increase the number of iterations (max_iter) or improve the scaling of the input data.
[W] [20:44:58.038677] L-BFGS: max iterations reached
[W] [20:44:58.038741] Maximum iterations reached before solver is converged. To increase model accuracy you can increase the number of iterations (max_iter) or improve the scaling of the input data.
[W] [20:44:58.730382] L-BFGS: max iterations reached
[W] [20:44:58.730422] Maximum iterations reached before solver is converged. To increase model accuracy you can increase the number of iterations (max_iter) or improve the scaling of the input data.
[W] [20:45:01.054028] L-BFGS: max iterations reached
[W] [20:45:01.054070] Maximum iterations reached before solver is converged. To increase model accuracy you can increase the number of iterations (max_iter) or improve the scaling of the input data.
[W] [20:45:01.738584] L-BFGS: max iterations reached
[W] [20:45:01.738621] Maximum iterations reached before solver is converged. To increase model accuracy you can increase the number of iterations (max_iter) or improve the scaling of the input data.
[W] [20:45:03.093463] L-BFGS: max iterations reached
[W] [20:45:03.093541] Maximum iterations reached before solver is converged. To increase model accuracy you can increase the number of iterations (max_iter) or improve the scaling of the input data.
[W] [20:45:04.644064] L-BFGS: max iterations reached
[W] [20:45:04.644106] Maximum iterations reached before solver is converged. To increase model accuracy you can increase the number of iterations (max_iter) or improve the scaling of the input data.
[W] [20:45:05.327378] L-BFGS: max iterations reached
[W] [20:45:05.327417] Maximum iterations reached before solver is converged. To increase model accuracy you can increase the number of iterations (max_iter) or improve the scaling of the input data.
[W] [20:45:06.687415] L-BFGS: max iterations reached
[W] [20:45:06.687456] Maximum iterations reached before solver is converged. To increase model accuracy you can increase the number of iterations (max_iter) or improve the scaling of the input data.
[W] [20:45:08.377181] L-BFGS: max iterations reached
[W] [20:45:08.377302] Maximum iterations reached before solver is converged. To increase model accuracy you can increase the number of iterations (max_iter) or improve the scaling of the input data.
[W] [20:45:09.062389] L-BFGS: max iterations reached
[W] [20:45:09.062432] Maximum iterations reached before solver is converged. To increase model accuracy you can increase the number of iterations (max_iter) or improve the scaling of the input data.
[W] [20:45:10.433529] L-BFGS: max iterations reached
[W] [20:45:10.433572] Maximum iterations reached before solver is converged. To increase model accuracy you can increase the number of iterations (max_iter) or improve the scaling of the input data.
[W] [20:45:12.126177] L-BFGS: max iterations reached
[W] [20:45:12.126220] Maximum iterations reached before solver is converged. To increase model accuracy you can increase the number of iterations (max_iter) or improve the scaling of the input data.
[W] [20:45:12.807489] L-BFGS: max iterations reached
[W] [20:45:12.807528] Maximum iterations reached before solver is converged. To increase model accuracy you can increase the number of iterations (max_iter) or improve the scaling of the input data.
[W] [20:45:15.454751] L-BFGS: max iterations reached
[W] [20:45:15.454791] Maximum iterations reached before solver is converged. To increase model accuracy you can increase the number of iterations (max_iter) or improve the scaling of the input data.
[W] [20:45:16.148816] L-BFGS: max iterations reached
[W] [20:45:16.148855] Maximum iterations reached before solver is converged. To increase model accuracy you can increase the number of iterations (max_iter) or improve the scaling of the input data.
[W] [20:45:17.503641] L-BFGS: max iterations reached
[W] [20:45:17.503681] Maximum iterations reached before solver is converged. To increase model accuracy you can increase the number of iterations (max_iter) or improve the scaling of the input data.
[W] [20:45:19.178317] L-BFGS: max iterations reached
[W] [20:45:19.178359] Maximum iterations reached before solver is converged. To increase model accuracy you can increase the number of iterations (max_iter) or improve the scaling of the input data.
[W] [20:45:19.868215] L-BFGS: max iterations reached
[W] [20:45:19.868253] Maximum iterations reached before solver is converged. To increase model accuracy you can increase the number of iterations (max_iter) or improve the scaling of the input data.
[W] [20:45:21.228051] L-BFGS: max iterations reached
[W] [20:45:21.228091] Maximum iterations reached before solver is converged. To increase model accuracy you can increase the number of iterations (max_iter) or improve the scaling of the input data.
[W] [20:45:22.905344] L-BFGS: max iterations reached
[W] [20:45:22.905386] Maximum iterations reached before solver is converged. To increase model accuracy you can increase the number of iterations (max_iter) or improve the scaling of the input data.
[W] [20:45:23.590226] L-BFGS: max iterations reached
[W] [20:45:23.590354] Maximum iterations reached before solver is converged. To increase model accuracy you can increase the number of iterations (max_iter) or improve the scaling of the input data.
[W] [20:45:26.739930] L-BFGS: max iterations reached
[W] [20:45:26.739969] Maximum iterations reached before solver is converged. To increase model accuracy you can increase the number of iterations (max_iter) or improve the scaling of the input data.
[W] [20:45:27.423984] L-BFGS: max iterations reached
[W] [20:45:27.424023] Maximum iterations reached before solver is converged. To increase model accuracy you can increase the number of iterations (max_iter) or improve the scaling of the input data.
[W] [20:45:28.781686] L-BFGS: max iterations reached
[W] [20:45:28.781760] Maximum iterations reached before solver is converged. To increase model accuracy you can increase the number of iterations (max_iter) or improve the scaling of the input data.
[W] [20:45:30.616403] L-BFGS: max iterations reached
[W] [20:45:30.616445] Maximum iterations reached before solver is converged. To increase model accuracy you can increase the number of iterations (max_iter) or improve the scaling of the input data.
[W] [20:45:31.309667] L-BFGS: max iterations reached
[W] [20:45:31.309711] Maximum iterations reached before solver is converged. To increase model accuracy you can increase the number of iterations (max_iter) or improve the scaling of the input data.
[W] [20:45:32.665913] L-BFGS: max iterations reached
[W] [20:45:32.665953] Maximum iterations reached before solver is converged. To increase model accuracy you can increase the number of iterations (max_iter) or improve the scaling of the input data.
[W] [20:45:34.383412] L-BFGS: max iterations reached
[W] [20:45:34.383454] Maximum iterations reached before solver is converged. To increase model accuracy you can increase the number of iterations (max_iter) or improve the scaling of the input data.
[W] [20:45:35.157628] L-BFGS: max iterations reached
[W] [20:45:35.157672] Maximum iterations reached before solver is converged. To increase model accuracy you can increase the number of iterations (max_iter) or improve the scaling of the input data.
[W] [20:45:36.513889] L-BFGS: max iterations reached
[W] [20:45:36.513930] Maximum iterations reached before solver is converged. To increase model accuracy you can increase the number of iterations (max_iter) or improve the scaling of the input data.
[W] [20:45:38.352963] L-BFGS: max iterations reached
[W] [20:45:38.353005] Maximum iterations reached before solver is converged. To increase model accuracy you can increase the number of iterations (max_iter) or improve the scaling of the input data.
[W] [20:45:39.028197] L-BFGS: max iterations reached
[W] [20:45:39.028235] Maximum iterations reached before solver is converged. To increase model accuracy you can increase the number of iterations (max_iter) or improve the scaling of the input data.
[W] [20:45:42.195297] L-BFGS: max iterations reached
[W] [20:45:42.195335] Maximum iterations reached before solver is converged. To increase model accuracy you can increase the number of iterations (max_iter) or improve the scaling of the input data.
[W] [20:45:42.888259] L-BFGS: max iterations reached
[W] [20:45:42.888297] Maximum iterations reached before solver is converged. To increase model accuracy you can increase the number of iterations (max_iter) or improve the scaling of the input data.
[W] [20:45:44.242347] L-BFGS: max iterations reached
[W] [20:45:44.242455] Maximum iterations reached before solver is converged. To increase model accuracy you can increase the number of iterations (max_iter) or improve the scaling of the input data.
[W] [20:45:46.019484] L-BFGS: max iterations reached
[W] [20:45:46.019523] Maximum iterations reached before solver is converged. To increase model accuracy you can increase the number of iterations (max_iter) or improve the scaling of the input data.
[W] [20:45:46.702708] L-BFGS: max iterations reached
[W] [20:45:46.702746] Maximum iterations reached before solver is converged. To increase model accuracy you can increase the number of iterations (max_iter) or improve the scaling of the input data.
[W] [20:45:48.062257] L-BFGS: max iterations reached
[W] [20:45:48.062296] Maximum iterations reached before solver is converged. To increase model accuracy you can increase the number of iterations (max_iter) or improve the scaling of the input data.
[W] [20:45:49.927715] L-BFGS: max iterations reached
[W] [20:45:49.927790] Maximum iterations reached before solver is converged. To increase model accuracy you can increase the number of iterations (max_iter) or improve the scaling of the input data.
[W] [20:45:50.611374] L-BFGS: max iterations reached
[W] [20:45:50.611414] Maximum iterations reached before solver is converged. To increase model accuracy you can increase the number of iterations (max_iter) or improve the scaling of the input data.
[W] [20:45:51.972030] L-BFGS: max iterations reached
[W] [20:45:51.972070] Maximum iterations reached before solver is converged. To increase model accuracy you can increase the number of iterations (max_iter) or improve the scaling of the input data.
[W] [20:45:53.829358] L-BFGS: max iterations reached
[W] [20:45:53.829398] Maximum iterations reached before solver is converged. To increase model accuracy you can increase the number of iterations (max_iter) or improve the scaling of the input data.
[W] [20:45:54.512846] L-BFGS: max iterations reached
[W] [20:45:54.512887] Maximum iterations reached before solver is converged. To increase model accuracy you can increase the number of iterations (max_iter) or improve the scaling of the input data.
[W] [20:45:55.869629] L-BFGS: max iterations reached
[W] [20:45:55.869670] Maximum iterations reached before solver is converged. To increase model accuracy you can increase the number of iterations (max_iter) or improve the scaling of the input data.
[W] [20:45:57.767754] L-BFGS: max iterations reached
[W] [20:45:57.767796] Maximum iterations reached before solver is converged. To increase model accuracy you can increase the number of iterations (max_iter) or improve the scaling of the input data.
[W] [20:45:58.454205] L-BFGS: max iterations reached
[W] [20:45:58.454247] Maximum iterations reached before solver is converged. To increase model accuracy you can increase the number of iterations (max_iter) or improve the scaling of the input data.
[W] [20:45:59.819723] L-BFGS: max iterations reached
[W] [20:45:59.819837] Maximum iterations reached before solver is converged. To increase model accuracy you can increase the number of iterations (max_iter) or improve the scaling of the input data.
[W] [20:46:01.864431] L-BFGS: max iterations reached
[W] [20:46:01.864473] Maximum iterations reached before solver is converged. To increase model accuracy you can increase the number of iterations (max_iter) or improve the scaling of the input data.
[W] [20:46:02.559147] L-BFGS: max iterations reached
[W] [20:46:02.559187] Maximum iterations reached before solver is converged. To increase model accuracy you can increase the number of iterations (max_iter) or improve the scaling of the input data.
[W] [20:46:05.873794] L-BFGS: max iterations reached
[W] [20:46:05.873868] Maximum iterations reached before solver is converged. To increase model accuracy you can increase the number of iterations (max_iter) or improve the scaling of the input data.
[W] [20:46:06.563953] L-BFGS: max iterations reached
[W] [20:46:06.563992] Maximum iterations reached before solver is converged. To increase model accuracy you can increase the number of iterations (max_iter) or improve the scaling of the input data.
[W] [20:46:07.941967] L-BFGS: max iterations reached
[W] [20:46:07.942007] Maximum iterations reached before solver is converged. To increase model accuracy you can increase the number of iterations (max_iter) or improve the scaling of the input data.
[W] [20:46:09.721614] L-BFGS: max iterations reached
[W] [20:46:09.721653] Maximum iterations reached before solver is converged. To increase model accuracy you can increase the number of iterations (max_iter) or improve the scaling of the input data.
[W] [20:46:10.410847] L-BFGS: max iterations reached
[W] [20:46:10.410887] Maximum iterations reached before solver is converged. To increase model accuracy you can increase the number of iterations (max_iter) or improve the scaling of the input data.
[W] [20:46:11.807045] L-BFGS: max iterations reached
[W] [20:46:11.807084] Maximum iterations reached before solver is converged. To increase model accuracy you can increase the number of iterations (max_iter) or improve the scaling of the input data.
[W] [20:46:13.530917] L-BFGS: max iterations reached
[W] [20:46:13.530958] Maximum iterations reached before solver is converged. To increase model accuracy you can increase the number of iterations (max_iter) or improve the scaling of the input data.
[W] [20:46:14.235404] L-BFGS: max iterations reached
[W] [20:46:14.235443] Maximum iterations reached before solver is converged. To increase model accuracy you can increase the number of iterations (max_iter) or improve the scaling of the input data.
[W] [20:46:17.508694] L-BFGS: max iterations reached
[W] [20:46:17.508733] Maximum iterations reached before solver is converged. To increase model accuracy you can increase the number of iterations (max_iter) or improve the scaling of the input data.
[W] [20:46:18.199746] L-BFGS: max iterations reached
[W] [20:46:18.199789] Maximum iterations reached before solver is converged. To increase model accuracy you can increase the number of iterations (max_iter) or improve the scaling of the input data.
[W] [20:46:19.578839] L-BFGS: max iterations reached
[W] [20:46:19.578879] Maximum iterations reached before solver is converged. To increase model accuracy you can increase the number of iterations (max_iter) or improve the scaling of the input data.
[W] [20:46:21.252431] L-BFGS: max iterations reached
[W] [20:46:21.252474] Maximum iterations reached before solver is converged. To increase model accuracy you can increase the number of iterations (max_iter) or improve the scaling of the input data.
[W] [20:46:21.941357] L-BFGS: max iterations reached
[W] [20:46:21.941398] Maximum iterations reached before solver is converged. To increase model accuracy you can increase the number of iterations (max_iter) or improve the scaling of the input data.
[W] [20:46:24.680172] L-BFGS: max iterations reached
[W] [20:46:24.680214] Maximum iterations reached before solver is converged. To increase model accuracy you can increase the number of iterations (max_iter) or improve the scaling of the input data.
[W] [20:46:25.363980] L-BFGS: max iterations reached
[W] [20:46:25.364023] Maximum iterations reached before solver is converged. To increase model accuracy you can increase the number of iterations (max_iter) or improve the scaling of the input data.
[W] [20:46:26.859458] L-BFGS stopped, because the line search failed to advance (step delta = 0.000000)
[W] [20:46:28.178999] L-BFGS: max iterations reached
[W] [20:46:28.179041] Maximum iterations reached before solver is converged. To increase model accuracy you can increase the number of iterations (max_iter) or improve the scaling of the input data.
[W] [20:46:28.871633] L-BFGS: max iterations reached
[W] [20:46:28.871669] Maximum iterations reached before solver is converged. To increase model accuracy you can increase the number of iterations (max_iter) or improve the scaling of the input data.
[W] [20:46:30.248864] L-BFGS: max iterations reached
[W] [20:46:30.248903] Maximum iterations reached before solver is converged. To increase model accuracy you can increase the number of iterations (max_iter) or improve the scaling of the input data.
[W] [20:46:32.154522] L-BFGS: max iterations reached
[W] [20:46:32.154564] Maximum iterations reached before solver is converged. To increase model accuracy you can increase the number of iterations (max_iter) or improve the scaling of the input data.
[W] [20:46:32.856386] L-BFGS: max iterations reached
[W] [20:46:32.856426] Maximum iterations reached before solver is converged. To increase model accuracy you can increase the number of iterations (max_iter) or improve the scaling of the input data.
[W] [20:46:33.851909] L-BFGS stopped, because the line search failed to advance (step delta = 0.000000)
[W] [20:46:35.866029] L-BFGS: max iterations reached
[W] [20:46:35.866080] Maximum iterations reached before solver is converged. To increase model accuracy you can increase the number of iterations (max_iter) or improve the scaling of the input data.
[W] [20:46:36.550856] L-BFGS: max iterations reached
[W] [20:46:36.550898] Maximum iterations reached before solver is converged. To increase model accuracy you can increase the number of iterations (max_iter) or improve the scaling of the input data.
[W] [20:46:39.792210] L-BFGS: max iterations reached
[W] [20:46:39.792251] Maximum iterations reached before solver is converged. To increase model accuracy you can increase the number of iterations (max_iter) or improve the scaling of the input data.
[W] [20:46:40.478289] L-BFGS: max iterations reached
[W] [20:46:40.478331] Maximum iterations reached before solver is converged. To increase model accuracy you can increase the number of iterations (max_iter) or improve the scaling of the input data.
[W] [20:46:41.848132] L-BFGS: max iterations reached
[W] [20:46:41.848266] Maximum iterations reached before solver is converged. To increase model accuracy you can increase the number of iterations (max_iter) or improve the scaling of the input data.
[W] [20:46:43.563251] L-BFGS: max iterations reached
[W] [20:46:43.563294] Maximum iterations reached before solver is converged. To increase model accuracy you can increase the number of iterations (max_iter) or improve the scaling of the input data.
[W] [20:46:44.486970] L-BFGS: max iterations reached
[W] [20:46:44.487014] Maximum iterations reached before solver is converged. To increase model accuracy you can increase the number of iterations (max_iter) or improve the scaling of the input data.
[W] [20:46:47.078037] L-BFGS: max iterations reached
[W] [20:46:47.078110] Maximum iterations reached before solver is converged. To increase model accuracy you can increase the number of iterations (max_iter) or improve the scaling of the input data.
[W] [20:46:47.760332] L-BFGS: max iterations reached
[W] [20:46:47.760372] Maximum iterations reached before solver is converged. To increase model accuracy you can increase the number of iterations (max_iter) or improve the scaling of the input data.
[W] [20:46:50.850557] L-BFGS: max iterations reached
[W] [20:46:50.850599] Maximum iterations reached before solver is converged. To increase model accuracy you can increase the number of iterations (max_iter) or improve the scaling of the input data.
[W] [20:46:51.534304] L-BFGS: max iterations reached
[W] [20:46:51.534344] Maximum iterations reached before solver is converged. To increase model accuracy you can increase the number of iterations (max_iter) or improve the scaling of the input data.
[W] [20:46:52.902865] L-BFGS: max iterations reached
[W] [20:46:52.902906] Maximum iterations reached before solver is converged. To increase model accuracy you can increase the number of iterations (max_iter) or improve the scaling of the input data.
[W] [20:46:54.561312] L-BFGS: max iterations reached
[W] [20:46:54.561353] Maximum iterations reached before solver is converged. To increase model accuracy you can increase the number of iterations (max_iter) or improve the scaling of the input data.
[W] [20:46:55.242518] L-BFGS: max iterations reached
[W] [20:46:55.242559] Maximum iterations reached before solver is converged. To increase model accuracy you can increase the number of iterations (max_iter) or improve the scaling of the input data.
[W] [20:46:56.614944] L-BFGS: max iterations reached
[W] [20:46:56.614983] Maximum iterations reached before solver is converged. To increase model accuracy you can increase the number of iterations (max_iter) or improve the scaling of the input data.
[W] [20:46:58.294742] L-BFGS: max iterations reached
[W] [20:46:58.294809] Maximum iterations reached before solver is converged. To increase model accuracy you can increase the number of iterations (max_iter) or improve the scaling of the input data.
[W] [20:46:58.981876] L-BFGS: max iterations reached
[W] [20:46:58.981915] Maximum iterations reached before solver is converged. To increase model accuracy you can increase the number of iterations (max_iter) or improve the scaling of the input data.
[W] [20:47:00.345337] L-BFGS: max iterations reached
[W] [20:47:00.345377] Maximum iterations reached before solver is converged. To increase model accuracy you can increase the number of iterations (max_iter) or improve the scaling of the input data.
[W] [20:47:02.105201] L-BFGS: max iterations reached
[W] [20:47:02.105245] Maximum iterations reached before solver is converged. To increase model accuracy you can increase the number of iterations (max_iter) or improve the scaling of the input data.
[W] [20:47:02.792711] L-BFGS: max iterations reached
[W] [20:47:02.792785] Maximum iterations reached before solver is converged. To increase model accuracy you can increase the number of iterations (max_iter) or improve the scaling of the input data.
[W] [20:47:05.627905] L-BFGS: max iterations reached
[W] [20:47:05.627948] Maximum iterations reached before solver is converged. To increase model accuracy you can increase the number of iterations (max_iter) or improve the scaling of the input data.
[W] [20:47:06.314842] L-BFGS: max iterations reached
[W] [20:47:06.314883] Maximum iterations reached before solver is converged. To increase model accuracy you can increase the number of iterations (max_iter) or improve the scaling of the input data.
[W] [20:47:08.378290] L-BFGS: max iterations reached
[W] [20:47:08.378358] Maximum iterations reached before solver is converged. To increase model accuracy you can increase the number of iterations (max_iter) or improve the scaling of the input data.
[W] [20:47:09.070117] L-BFGS: max iterations reached
[W] [20:47:09.070161] Maximum iterations reached before solver is converged. To increase model accuracy you can increase the number of iterations (max_iter) or improve the scaling of the input data.
[W] [20:47:10.437589] L-BFGS: max iterations reached
[W] [20:47:10.437628] Maximum iterations reached before solver is converged. To increase model accuracy you can increase the number of iterations (max_iter) or improve the scaling of the input data.
[W] [20:47:12.227491] L-BFGS: max iterations reached
[W] [20:47:12.227532] Maximum iterations reached before solver is converged. To increase model accuracy you can increase the number of iterations (max_iter) or improve the scaling of the input data.
[W] [20:47:12.924327] L-BFGS: max iterations reached
[W] [20:47:12.924399] Maximum iterations reached before solver is converged. To increase model accuracy you can increase the number of iterations (max_iter) or improve the scaling of the input data.
[W] [20:47:14.330300] L-BFGS: max iterations reached
[W] [20:47:14.330341] Maximum iterations reached before solver is converged. To increase model accuracy you can increase the number of iterations (max_iter) or improve the scaling of the input data.
[W] [20:47:15.985337] L-BFGS: max iterations reached
[W] [20:47:15.985393] Maximum iterations reached before solver is converged. To increase model accuracy you can increase the number of iterations (max_iter) or improve the scaling of the input data.
[W] [20:47:16.664941] L-BFGS: max iterations reached
[W] [20:47:16.664982] Maximum iterations reached before solver is converged. To increase model accuracy you can increase the number of iterations (max_iter) or improve the scaling of the input data.
[W] [20:47:19.459608] L-BFGS: max iterations reached
[W] [20:47:19.459672] Maximum iterations reached before solver is converged. To increase model accuracy you can increase the number of iterations (max_iter) or improve the scaling of the input data.
[W] [20:47:20.159386] L-BFGS: max iterations reached
[W] [20:47:20.159428] Maximum iterations reached before solver is converged. To increase model accuracy you can increase the number of iterations (max_iter) or improve the scaling of the input data.
[W] [20:47:23.542927] L-BFGS: max iterations reached
[W] [20:47:23.543026] Maximum iterations reached before solver is converged. To increase model accuracy you can increase the number of iterations (max_iter) or improve the scaling of the input data.
[W] [20:47:24.911862] L-BFGS: max iterations reached
[W] [20:47:24.911910] Maximum iterations reached before solver is converged. To increase model accuracy you can increase the number of iterations (max_iter) or improve the scaling of the input data.
[W] [20:47:27.080472] L-BFGS: max iterations reached
[W] [20:47:27.080521] Maximum iterations reached before solver is converged. To increase model accuracy you can increase the number of iterations (max_iter) or improve the scaling of the input data.
[W] [20:47:28.440741] L-BFGS: max iterations reached
[W] [20:47:28.440850] Maximum iterations reached before solver is converged. To increase model accuracy you can increase the number of iterations (max_iter) or improve the scaling of the input data.
[W] [20:47:29.982480] L-BFGS: max iterations reached
[W] [20:47:29.982526] Maximum iterations reached before solver is converged. To increase model accuracy you can increase the number of iterations (max_iter) or improve the scaling of the input data.
[W] [20:47:30.661490] L-BFGS: max iterations reached
[W] [20:47:30.661534] Maximum iterations reached before solver is converged. To increase model accuracy you can increase the number of iterations (max_iter) or improve the scaling of the input data.
[W] [20:47:32.018340] L-BFGS: max iterations reached
[W] [20:47:32.018384] Maximum iterations reached before solver is converged. To increase model accuracy you can increase the number of iterations (max_iter) or improve the scaling of the input data.
[W] [20:47:33.571484] L-BFGS: max iterations reached
[W] [20:47:33.571544] Maximum iterations reached before solver is converged. To increase model accuracy you can increase the number of iterations (max_iter) or improve the scaling of the input data.
[W] [20:47:34.246246] L-BFGS: max iterations reached
[W] [20:47:34.246286] Maximum iterations reached before solver is converged. To increase model accuracy you can increase the number of iterations (max_iter) or improve the scaling of the input data.
[W] [20:47:37.094501] L-BFGS: max iterations reached
[W] [20:47:37.094542] Maximum iterations reached before solver is converged. To increase model accuracy you can increase the number of iterations (max_iter) or improve the scaling of the input data.
[W] [20:47:37.774163] L-BFGS: max iterations reached
[W] [20:47:37.774205] Maximum iterations reached before solver is converged. To increase model accuracy you can increase the number of iterations (max_iter) or improve the scaling of the input data.
[W] [20:47:39.892987] L-BFGS: max iterations reached
[W] [20:47:39.893053] Maximum iterations reached before solver is converged. To increase model accuracy you can increase the number of iterations (max_iter) or improve the scaling of the input data.
[W] [20:47:40.577503] L-BFGS: max iterations reached
[W] [20:47:40.577543] Maximum iterations reached before solver is converged. To increase model accuracy you can increase the number of iterations (max_iter) or improve the scaling of the input data.
[W] [20:47:42.152820] L-BFGS: max iterations reached
[W] [20:47:42.152862] Maximum iterations reached before solver is converged. To increase model accuracy you can increase the number of iterations (max_iter) or improve the scaling of the input data.
[W] [20:47:44.147428] L-BFGS: max iterations reached
[W] [20:47:44.147474] Maximum iterations reached before solver is converged. To increase model accuracy you can increase the number of iterations (max_iter) or improve the scaling of the input data.
[W] [20:47:44.828446] L-BFGS: max iterations reached
[W] [20:47:44.828530] Maximum iterations reached before solver is converged. To increase model accuracy you can increase the number of iterations (max_iter) or improve the scaling of the input data.
[W] [20:47:47.850280] L-BFGS: max iterations reached
[W] [20:47:47.850325] Maximum iterations reached before solver is converged. To increase model accuracy you can increase the number of iterations (max_iter) or improve the scaling of the input data.
[W] [20:47:48.528521] L-BFGS: max iterations reached
[W] [20:47:48.528565] Maximum iterations reached before solver is converged. To increase model accuracy you can increase the number of iterations (max_iter) or improve the scaling of the input data.
[W] [20:47:51.567065] L-BFGS: max iterations reached
[W] [20:47:51.567127] Maximum iterations reached before solver is converged. To increase model accuracy you can increase the number of iterations (max_iter) or improve the scaling of the input data.
[W] [20:47:52.246065] L-BFGS: max iterations reached
[W] [20:47:52.246109] Maximum iterations reached before solver is converged. To increase model accuracy you can increase the number of iterations (max_iter) or improve the scaling of the input data.
[W] [20:47:53.607738] L-BFGS: max iterations reached
[W] [20:47:53.607784] Maximum iterations reached before solver is converged. To increase model accuracy you can increase the number of iterations (max_iter) or improve the scaling of the input data.
[W] [20:47:55.286236] L-BFGS: max iterations reached
[W] [20:47:55.286283] Maximum iterations reached before solver is converged. To increase model accuracy you can increase the number of iterations (max_iter) or improve the scaling of the input data.
[W] [20:47:55.958701] L-BFGS: max iterations reached
[W] [20:47:55.958739] Maximum iterations reached before solver is converged. To increase model accuracy you can increase the number of iterations (max_iter) or improve the scaling of the input data.
[W] [20:47:57.304759] L-BFGS: max iterations reached
[W] [20:47:57.304799] Maximum iterations reached before solver is converged. To increase model accuracy you can increase the number of iterations (max_iter) or improve the scaling of the input data.
[W] [20:47:58.955829] L-BFGS: max iterations reached
[W] [20:47:58.955869] Maximum iterations reached before solver is converged. To increase model accuracy you can increase the number of iterations (max_iter) or improve the scaling of the input data.
[W] [20:47:59.632541] L-BFGS: max iterations reached
[W] [20:47:59.632581] Maximum iterations reached before solver is converged. To increase model accuracy you can increase the number of iterations (max_iter) or improve the scaling of the input data.
[W] [20:48:00.984781] L-BFGS: max iterations reached
[W] [20:48:00.984913] Maximum iterations reached before solver is converged. To increase model accuracy you can increase the number of iterations (max_iter) or improve the scaling of the input data.
[W] [20:48:02.699825] L-BFGS: max iterations reached
[W] [20:48:02.699876] Maximum iterations reached before solver is converged. To increase model accuracy you can increase the number of iterations (max_iter) or improve the scaling of the input data.
[W] [20:48:03.379949] L-BFGS: max iterations reached
[W] [20:48:03.379988] Maximum iterations reached before solver is converged. To increase model accuracy you can increase the number of iterations (max_iter) or improve the scaling of the input data.
[W] [20:48:06.059206] L-BFGS: max iterations reached
[W] [20:48:06.059252] Maximum iterations reached before solver is converged. To increase model accuracy you can increase the number of iterations (max_iter) or improve the scaling of the input data.
[W] [20:48:06.746066] L-BFGS: max iterations reached
[W] [20:48:06.746109] Maximum iterations reached before solver is converged. To increase model accuracy you can increase the number of iterations (max_iter) or improve the scaling of the input data.
[W] [20:48:08.094670] L-BFGS: max iterations reached
[W] [20:48:08.094715] Maximum iterations reached before solver is converged. To increase model accuracy you can increase the number of iterations (max_iter) or improve the scaling of the input data.
[W] [20:48:09.854011] L-BFGS: max iterations reached
[W] [20:48:09.854057] Maximum iterations reached before solver is converged. To increase model accuracy you can increase the number of iterations (max_iter) or improve the scaling of the input data.
[W] [20:48:10.531175] L-BFGS: max iterations reached
[W] [20:48:10.531307] Maximum iterations reached before solver is converged. To increase model accuracy you can increase the number of iterations (max_iter) or improve the scaling of the input data.
[W] [20:48:13.807665] L-BFGS: max iterations reached
[W] [20:48:13.807710] Maximum iterations reached before solver is converged. To increase model accuracy you can increase the number of iterations (max_iter) or improve the scaling of the input data.
[W] [20:48:14.491250] L-BFGS: max iterations reached
[W] [20:48:14.491295] Maximum iterations reached before solver is converged. To increase model accuracy you can increase the number of iterations (max_iter) or improve the scaling of the input data.
[W] [20:48:16.452591] L-BFGS: max iterations reached
[W] [20:48:16.452635] Maximum iterations reached before solver is converged. To increase model accuracy you can increase the number of iterations (max_iter) or improve the scaling of the input data.
[W] [20:48:17.126509] L-BFGS: max iterations reached
[W] [20:48:17.126553] Maximum iterations reached before solver is converged. To increase model accuracy you can increase the number of iterations (max_iter) or improve the scaling of the input data.
[W] [20:48:20.203224] L-BFGS: max iterations reached
[W] [20:48:20.203265] Maximum iterations reached before solver is converged. To increase model accuracy you can increase the number of iterations (max_iter) or improve the scaling of the input data.
[W] [20:48:20.883640] L-BFGS: max iterations reached
[W] [20:48:20.883735] Maximum iterations reached before solver is converged. To increase model accuracy you can increase the number of iterations (max_iter) or improve the scaling of the input data.
[W] [20:48:23.099598] L-BFGS: max iterations reached
[W] [20:48:23.099639] Maximum iterations reached before solver is converged. To increase model accuracy you can increase the number of iterations (max_iter) or improve the scaling of the input data.
[W] [20:48:23.775188] L-BFGS: max iterations reached
[W] [20:48:23.775227] Maximum iterations reached before solver is converged. To increase model accuracy you can increase the number of iterations (max_iter) or improve the scaling of the input data.
[W] [20:48:25.671134] L-BFGS: max iterations reached
[W] [20:48:25.671187] Maximum iterations reached before solver is converged. To increase model accuracy you can increase the number of iterations (max_iter) or improve the scaling of the input data.
[W] [20:48:26.352325] L-BFGS: max iterations reached
[W] [20:48:26.352421] Maximum iterations reached before solver is converged. To increase model accuracy you can increase the number of iterations (max_iter) or improve the scaling of the input data.
[W] [20:48:28.349906] L-BFGS: max iterations reached
[W] [20:48:28.349952] Maximum iterations reached before solver is converged. To increase model accuracy you can increase the number of iterations (max_iter) or improve the scaling of the input data.
[W] [20:48:29.027257] L-BFGS: max iterations reached
[W] [20:48:29.027303] Maximum iterations reached before solver is converged. To increase model accuracy you can increase the number of iterations (max_iter) or improve the scaling of the input data.
[W] [20:48:31.063860] L-BFGS: max iterations reached
[W] [20:48:31.063903] Maximum iterations reached before solver is converged. To increase model accuracy you can increase the number of iterations (max_iter) or improve the scaling of the input data.
[W] [20:48:31.744890] L-BFGS: max iterations reached
[W] [20:48:31.745006] Maximum iterations reached before solver is converged. To increase model accuracy you can increase the number of iterations (max_iter) or improve the scaling of the input data.
[W] [20:48:34.040382] L-BFGS: max iterations reached
[W] [20:48:34.040422] Maximum iterations reached before solver is converged. To increase model accuracy you can increase the number of iterations (max_iter) or improve the scaling of the input data.
[W] [20:48:34.718353] L-BFGS: max iterations reached
[W] [20:48:34.718392] Maximum iterations reached before solver is converged. To increase model accuracy you can increase the number of iterations (max_iter) or improve the scaling of the input data.
[W] [20:48:36.997903] L-BFGS: max iterations reached
[W] [20:48:36.997952] Maximum iterations reached before solver is converged. To increase model accuracy you can increase the number of iterations (max_iter) or improve the scaling of the input data.
[W] [20:48:37.674561] L-BFGS: max iterations reached
[W] [20:48:37.674604] Maximum iterations reached before solver is converged. To increase model accuracy you can increase the number of iterations (max_iter) or improve the scaling of the input data.
[W] [20:48:38.202650] L-BFGS line search failed (code 3); stopping at the last valid step
[W] [20:48:39.923513] L-BFGS: max iterations reached
[W] [20:48:39.923554] Maximum iterations reached before solver is converged. To increase model accuracy you can increase the number of iterations (max_iter) or improve the scaling of the input data.
[W] [20:48:40.602756] L-BFGS: max iterations reached
[W] [20:48:40.602796] Maximum iterations reached before solver is converged. To increase model accuracy you can increase the number of iterations (max_iter) or improve the scaling of the input data.
[W] [20:48:42.885892] L-BFGS: max iterations reached
[W] [20:48:42.885961] Maximum iterations reached before solver is converged. To increase model accuracy you can increase the number of iterations (max_iter) or improve the scaling of the input data.
[W] [20:48:43.569476] L-BFGS: max iterations reached
[W] [20:48:43.569523] Maximum iterations reached before solver is converged. To increase model accuracy you can increase the number of iterations (max_iter) or improve the scaling of the input data.
[W] [20:48:45.687833] L-BFGS: max iterations reached
[W] [20:48:45.687880] Maximum iterations reached before solver is converged. To increase model accuracy you can increase the number of iterations (max_iter) or improve the scaling of the input data.
[W] [20:48:46.367194] L-BFGS: max iterations reached
[W] [20:48:46.367241] Maximum iterations reached before solver is converged. To increase model accuracy you can increase the number of iterations (max_iter) or improve the scaling of the input data.
[W] [20:48:49.477742] L-BFGS: max iterations reached
[W] [20:48:49.477792] Maximum iterations reached before solver is converged. To increase model accuracy you can increase the number of iterations (max_iter) or improve the scaling of the input data.
[W] [20:48:50.161118] L-BFGS: max iterations reached
[W] [20:48:50.161166] Maximum iterations reached before solver is converged. To increase model accuracy you can increase the number of iterations (max_iter) or improve the scaling of the input data.
[W] [20:48:52.364024] L-BFGS: max iterations reached
[W] [20:48:52.364133] Maximum iterations reached before solver is converged. To increase model accuracy you can increase the number of iterations (max_iter) or improve the scaling of the input data.
[W] [20:48:53.046192] L-BFGS: max iterations reached
[W] [20:48:53.046235] Maximum iterations reached before solver is converged. To increase model accuracy you can increase the number of iterations (max_iter) or improve the scaling of the input data.
[W] [20:48:55.841087] L-BFGS: max iterations reached
[W] [20:48:55.841128] Maximum iterations reached before solver is converged. To increase model accuracy you can increase the number of iterations (max_iter) or improve the scaling of the input data.
[W] [20:48:56.520130] L-BFGS: max iterations reached
[W] [20:48:56.520178] Maximum iterations reached before solver is converged. To increase model accuracy you can increase the number of iterations (max_iter) or improve the scaling of the input data.
[W] [20:48:58.402989] L-BFGS: max iterations reached
[W] [20:48:58.403030] Maximum iterations reached before solver is converged. To increase model accuracy you can increase the number of iterations (max_iter) or improve the scaling of the input data.
[W] [20:48:59.079753] L-BFGS: max iterations reached
[W] [20:48:59.079795] Maximum iterations reached before solver is converged. To increase model accuracy you can increase the number of iterations (max_iter) or improve the scaling of the input data.
[W] [20:49:01.653949] L-BFGS: max iterations reached
[W] [20:49:01.653996] Maximum iterations reached before solver is converged. To increase model accuracy you can increase the number of iterations (max_iter) or improve the scaling of the input data.
[W] [20:49:02.344109] L-BFGS: max iterations reached
[W] [20:49:02.344159] Maximum iterations reached before solver is converged. To increase model accuracy you can increase the number of iterations (max_iter) or improve the scaling of the input data.
Saved probe results to /home/anshulk/Housing/data/probe_results/probe_qwen3-4b_2_fewshot_cot_temp0.pkl
Saved detailed results to /home/anshulk/Housing/data/probe_results/probe_results_qwen3-4b_2_fewshot_cot_temp0.csv
Saved accuracy matrix to /home/anshulk/Housing/data/probe_results/probe_matrix_accuracy_qwen3-4b_2_fewshot_cot_temp0.csv
Saved AUC matrix to /home/anshulk/Housing/data/probe_results/probe_matrix_auc_qwen3-4b_2_fewshot_cot_temp0.csv
Saved summary to /home/anshulk/Housing/data/probe_results/probe_summary_qwen3-4b_2_fewshot_cot_temp0.csv
Saved best layers to /home/anshulk/Housing/data/probe_results/probe_best_layers_qwen3-4b_2_fewshot_cot_temp0.csv
Saved config to /home/anshulk/Housing/data/probe_results/probe_config_qwen3-4b_2_fewshot_cot_temp0.json
============================================================
 Probing Complete!
============================================================
SUCCESS: Qwen probing completed

============================================================
Validating Probe Results
============================================================
✓ Llama results: 140 probes
  Best test accuracy: 0.960
  Significant probes: 139/140
  Best probe: year_p1_newer @ Layer 14

✓ Qwen results: 180 probes
  Best test accuracy: 0.949
  Significant probes: 174/180
  Best probe: year_p1_newer @ Layer 23

============================================================
Linear Probing Complete
============================================================
End time: Mon Feb  9 20:49:05 EST 2026
Llama exit code: 0
Qwen exit code: 0

Output files saved to: data/probe_results/

CSV files for analysis:
-rw-r----- 1 anshulk anshulk  697 Feb  9 20:38 data/probe_results/probe_best_layers_llama-3.2-3b_2_fewshot_cot_temp0.csv
-rw-r----- 1 anshulk anshulk  696 Feb  9 20:49 data/probe_results/probe_best_layers_qwen3-4b_2_fewshot_cot_temp0.csv
-rw-r----- 1 anshulk anshulk 2.8K Feb  9 20:38 data/probe_results/probe_matrix_accuracy_llama-3.2-3b_2_fewshot_cot_temp0.csv
-rw-r----- 1 anshulk anshulk 3.5K Feb  9 20:49 data/probe_results/probe_matrix_accuracy_qwen3-4b_2_fewshot_cot_temp0.csv
-rw-r----- 1 anshulk anshulk 2.8K Feb  9 20:38 data/probe_results/probe_matrix_auc_llama-3.2-3b_2_fewshot_cot_temp0.csv
-rw-r----- 1 anshulk anshulk 3.6K Feb  9 20:49 data/probe_results/probe_matrix_auc_qwen3-4b_2_fewshot_cot_temp0.csv
-rw-r----- 1 anshulk anshulk  33K Feb  9 20:38 data/probe_results/probe_results_llama-3.2-3b_2_fewshot_cot_temp0.csv
-rw-r----- 1 anshulk anshulk  43K Feb  9 20:49 data/probe_results/probe_results_qwen3-4b_2_fewshot_cot_temp0.csv
-rw-r----- 1 anshulk anshulk  453 Feb  9 20:38 data/probe_results/probe_summary_llama-3.2-3b_2_fewshot_cot_temp0.csv
-rw-r----- 1 anshulk anshulk  455 Feb  9 20:49 data/probe_results/probe_summary_qwen3-4b_2_fewshot_cot_temp0.csv

Logs saved to: data/probe_results/logs/
-rw-r----- 1 anshulk anshulk 14K Feb  9 20:38 data/probe_results/logs/probe_llama-3.2-3b_2_fewshot_cot_temp0_20260209_202815.log
-rw-r----- 1 anshulk anshulk 17K Feb  9 20:49 data/probe_results/logs/probe_qwen3-4b_2_fewshot_cot_temp0_20260209_203809.log

============================================================
Job Ended: Mon Feb  9 20:49:05 EST 2026
Total Runtime: 1270 seconds (21 minutes)
============================================================
✓ All probing completed successfully!
