zpid_1,zpid_2,zipcode_1,year_month.y_1,zestimate_linear_1,interval_range_linear_1,type_1,yearBuilt_1,bathrooms_1,bedrooms_1,lot_1,lotUnit_1,heating_1,cooling_1,parkingType_1,price.y_1,zipcode_2,year_month.y_2,zestimate_linear_2,interval_range_linear_2,type_2,yearBuilt_2,bathrooms_2,bedrooms_2,lot_2,lotUnit_2,heating_2,cooling_2,parkingType_2,price.y_2,pred_choice,true_choice,correct,price_diff_pct,difficulty,bedrooms_diff,bathrooms_diff,year_diff,lot_diff,bedroom_category,year_category,strat_key
59211050,123849004,2118,2021/7/1,794236.4,10.8,"Condominium, Rowhouse",1899,1,2,871.2,sqft,Electric Baseboard,Window Unit(s),Open Parking,845000.0,2118,2021/7/1,796444.3846,10.15384615,"Condominium, Rowhouse",1900,1,1,871.2,sqft,Forced Air,Central Air,Open Parking,685000.0,2.0,1.0,False,18.93491124260355,hard,1,0,-1,0.0,p1_slight,similar,hard_p1_slight
59187577,71505006,2119,2020/12/1,476662.3,16.3,Single Family Residence,1900,2,4,3484.0,sqft,"Forced Air, Natural Gas",Window Unit(s),unknown,585000.0,2119,2020/12/1,569144.0714,28.85714286,Single Family Residence,2005,2,3,4791.0,sqft,Forced Air,Window Unit(s),unknown,379186.0,2.0,1.0,False,35.18188034188034,medium,1,0,-105,-1307.0,p1_slight,p2_newer,medium_p1_slight
59111352,59114374,2124,2020/3/1,477811.5556,17.33333333,Single Family Residence,1910,2,4,3920.0,sqft,Forced Air,unknown,unknown,485000.0,2124,2020/3/1,544763.6,12.1,Single Family Residence,1925,1,3,4356.0,sqft,Baseboard,unknown,unknown,585000.0,1.0,2.0,False,17.094017094017094,hard,1,1,-15,-436.0,p1_slight,similar,hard_p1_slight
59112243,59118649,2124,2021/7/1,633383.1429,16.28571429,Single Family Residence,1885,3,4,7405.0,sqft,Oil,Window Unit(s),unknown,665000.0,2124,2021/7/1,743717.3158,16.63157895,Single Family Residence,1935,2,4,3049.0,sqft,Hot Water,Window Unit(s),unknown,825000.0,1.0,2.0,False,19.393939393939394,hard,0,1,-50,4356.0,equal,p2_newer,hard_equal
59112262,59119241,2124,2021/8/1,567705.7193,15.4502924,Single Family Residence,2008,3,5,8276.0,sqft,Oil,Window Unit(s),unknown,505000.0,2124,2021/8/1,688269.7895,24.21052632,Single Family Residence,1926,2,3,3920.0,sqft,Baseboard,Wall Unit(s),unknown,785000.0,1.0,2.0,False,35.6687898089172,medium,2,1,82,4356.0,p1_much,p1_much,medium_p1_much
59103939,59115237,2124,2022/1/1,573072.3404,30.17021277,Single Family Residence,1890,3,5,4791.0,sqft,"Forced Air, Electric Baseboard, Central, Natural Gas",Central Air,unknown,575000.0,2124,2022/1/1,676452.1127,14.21126761,Single Family Residence,1942,2,3,4791.0,sqft,Hot Water,Ductless,unknown,745000.0,1.0,2.0,False,22.818791946308725,hard,2,1,-52,0.0,p1_much,p2_newer,hard_p1_much
59150007,2120545827,2127,2019/8/1,1599822.667,35.33333333,Single Family Residence,1890,4,4,1742.0,sqft,Central,Central Air,unknown,1699000.0,2127,2019/8/1,1259517.0,44.82352941,SingleFamily,2012,4,3,1375.0,sqft,"Other, Forced air, Gas",Central,unknown,1171000.0,2.0,1.0,False,31.07710417892878,medium,1,0,-122,367.0,p1_slight,p2_newer,medium_p1_slight
87796377,190047916,2127,2020/8/1,1532418.4,16.3,Single Family Residence,1920,3,4,3484.0,sqft,"Forced Air, Central, Natural Gas",Central Air,unknown,1499000.0,2127,2020/8/1,1790246.7,37.3,Single Family Residence,1905,4,4,1306.0,sqft,Forced Air,Central Air,unknown,1895000.0,1.0,2.0,False,20.897097625329817,hard,0,-1,15,2178.0,equal,p1_slight,hard_equal
59163035,59211504,2127,2021/7/1,831794.52,12.56,Single Family Residence,2000,3,3,1306.0,sqft,"Baseboard, Natural Gas",Window Unit(s),unknown,687500.0,2127,2021/7/1,934464.6667,13.91666667,"Condominium, Rowhouse",2000,2,3,1306.0,sqft,Forced Air,Central Air,unknown,970000.0,1.0,2.0,False,29.12371134020619,medium,0,1,0,0.0,equal,similar,medium_equal
87793474,117686364,2127,2021/7/1,1010977.8,18.4,Single Family Residence,2005,3,2,1306.0,sqft,Forced Air,Central Air,unknown,1140000.0,2127,2021/7/1,1200465.091,21.0,"Condominium, Rowhouse",1890,3,4,1742.0,sqft,Forced Air,Central Air,unknown,1369000.0,1.0,2.0,False,16.72753834915997,hard,-2,0,115,-436.0,p2_more,p1_much,hard_p2_more
117686364,118325134,2127,2021/7/1,1200465.091,21.0,"Condominium, Rowhouse",1890,3,4,1742.0,sqft,Forced Air,Central Air,unknown,1369000.0,2127,2021/7/1,1087536.87,15.56521739,"Condominium, Townhouse",2011,3,2,1306.0,sqft,Forced Air,Central Air,unknown,1079000.0,2.0,1.0,False,21.18334550766983,hard,2,0,-121,436.0,p1_much,p2_newer,hard_p1_much
59148930,59150813,2127,2021/8/1,1029817.857,19.28571429,Single Family Residence,1880,3,3,1742.0,sqft,Other,Other,unknown,950000.0,2127,2021/8/1,943758.2222,17.44444444,Single Family Residence,1900,2,3,1742.0,sqft,Forced Air,Central Air,unknown,735000.0,2.0,1.0,False,22.63157894736842,hard,0,1,-20,0.0,equal,p2_newer,hard_equal
59122039,59122794,2128,2020/11/1,531154.9231,12.23076923,Single Family Residence,1900,2,2,2613.0,sqft,Baseboard,Other,unknown,455000.0,2128,2020/11/1,563598.0,13.0,Single Family Residence,1910,1,2,1306.0,sqft,Baseboard,"Central Air, Ductless",unknown,605000.0,1.0,2.0,False,24.793388429752067,hard,0,1,-10,1307.0,equal,similar,hard_equal
59123471,102988148,2128,2020/7/1,476953.0,11.66666667,Single Family Residence,1900,1,2,1742.0,sqft,Oil,Window Unit(s),Open Parking,400000.0,2128,2020/7/1,495858.0968,10.01612903,"Condominium, Rowhouse",1865,2,1,871.2,sqft,Baseboard,Central Air,Open Parking,500000.0,1.0,2.0,False,20.0,hard,1,-1,35,870.8,p1_slight,p1_much,hard_p1_slight
59132028,59134432,2130,2019/10/1,589636.3846,14.84615385,Single Family Residence,1905,2,2,1742.0,sqft,Central,Central Air,unknown,650000.0,2130,2019/10/1,542333.0,13.33333333,Single Family Residence,1960,1,2,3484.0,sqft,"Forced Air, Natural Gas",Central Air,unknown,467000.0,2.0,1.0,False,28.153846153846153,medium,0,1,-55,-1742.0,equal,p2_newer,medium_equal
59134432,59134745,2130,2019/10/1,542333.0,13.33333333,Single Family Residence,1960,1,2,3484.0,sqft,"Forced Air, Natural Gas",Central Air,unknown,467000.0,2130,2019/10/1,564426.3077,11.23076923,Single Family Residence,1920,2,2,3920.0,sqft,"Forced Air, Natural Gas",Window Unit(s),unknown,611000.0,1.0,2.0,False,23.567921440261866,hard,0,-1,40,-436.0,equal,p1_much,hard_equal
59134667,59134838,2130,2019/11/1,1582275.333,15.0,Single Family Residence,1958,4,5,6969.0,sqft,"Central, Natural Gas",Central Air,unknown,1680000.0,2130,2019/11/1,1802076.667,23.22222222,Single Family Residence,1860,2,2,0.29,Acres,Baseboard,Window Unit(s),unknown,2250000.0,1.0,2.0,False,25.333333333333336,medium,3,2,98,6968.71,p1_much,p1_much,medium_p1_much
59134628,59134807,2130,2020/12/1,1226991.818,21.63636364,Single Family Residence,1964,3,4,6534.0,sqft,"Electric Baseboard, Natural Gas, Baseboard","Dual, Central Air",unknown,1240000.0,2130,2020/12/1,1546105.923,24.92307692,Single Family Residence,1911,4,4,5662.0,sqft,"Hot Water, Electric",Window Unit(s),unknown,1660000.0,1.0,2.0,False,25.301204819277107,medium,0,-1,53,872.0,equal,p1_much,medium_equal
59132443,2095211854,2130,2020/8/1,1018951.545,13.81818182,Single Family Residence,1925,2,4,3920.0,sqft,"Steam, Oil",Window Unit(s),unknown,892000.0,2130,2020/8/1,997424.0,13.5,"Condominium, Townhouse",1910,3,4,6098.0,sqft,Forced Air,Central Air,unknown,1125000.0,1.0,2.0,False,20.711111111111112,hard,0,-1,15,-2178.0,equal,p1_slight,hard_equal
59135190,59210340,2130,2020/9/1,907083.7059,19.41176471,Single Family Residence,1894,3,3,3484.0,sqft,"Hot Water, Oil",Central Air,unknown,1161000.0,2130,2020/9/1,873028.0,14.6,SingleFamily,1880,3,2,4791.0,sqft,"Forced air, Gas",Central,unknown,920000.0,2.0,1.0,False,20.757967269595177,hard,1,0,14,-1307.0,p1_slight,p1_slight,hard_p1_slight
59134121,59136299,2130,2021/8/1,655672.5,13.25,Single Family Residence,1950,1,3,3484.0,sqft,Baseboard,Window Unit(s),unknown,580000.0,2130,2021/8/1,700513.9,14.85,Single Family Residence,1914,2,3,2178.0,sqft,"Forced Air, Natural Gas",Central Air,unknown,700000.0,,2.0,False,17.142857142857142,hard,0,-1,36,1306.0,equal,p1_much,hard_equal
59135538,71333006,2130,2021/8/1,1014065.042,13.79166667,Single Family Residence,1936,2,3,5227.0,sqft,"Hot Water, Natural Gas",Central Air,unknown,1050000.0,2130,2021/8/1,949830.6667,14.66666667,SingleFamily,1875,4,4,2178.0,sqft,"Forced air, Gas",Central,unknown,840000.0,2.0,1.0,False,20.0,hard,-1,-2,61,3049.0,p2_more,p1_much,hard_p2_more
59134044,59136430,2130,2021/9/1,1096018.644,12.6440678,Single Family Residence,1900,3,4,4356.0,sqft,"Forced Air, Central, Natural Gas",Central Air,unknown,1127375.0,2130,2021/9/1,1147787.222,15.55555556,Single Family Residence,1952,3,3,8276.0,sqft,Natural Gas,Central Air,unknown,900000.0,2.0,1.0,False,20.168533096795656,hard,1,0,-52,-3920.0,p1_slight,p2_newer,hard_p1_slight
59134973,59135209,2130,2022/6/1,1422593.023,18.44186047,Single Family Residence,1968,3,3,9147.0,sqft,Forced Air,Central Air,unknown,1175000.0,2130,2022/6/1,1358300.0,23.0,Single Family Residence,1922,3,4,7840.0,sqft,"Natural Gas, Baseboard",Central Air,unknown,1555000.0,,2.0,False,24.437299035369776,hard,-1,0,46,1307.0,p2_more,p1_much,hard_p2_more
59142144,59147468,2131,2020/11/1,801710.3333,11.33333333,Single Family Residence,1915,3,3,3484.0,sqft,Hydro Air,Central Air,unknown,843000.0,2131,2020/11/1,710944.5,18.5,Single Family Residence,1873,3,4,4791.0,sqft,"Forced Air, Natural Gas",Central Air,unknown,560000.0,2.0,1.0,False,33.570581257414,medium,-1,0,42,-1307.0,p2_more,p1_much,medium_p2_more
59144414,59147106,2131,2020/5/1,584724.9231,12.84615385,Single Family Residence,1950,2,3,6534.0,sqft,"Baseboard, Natural Gas",unknown,unknown,615000.0,2131,2020/5/1,634846.0,19.0,Single Family Residence,1880,2,7,4356.0,sqft,Forced Air,unknown,unknown,500000.0,2.0,1.0,False,18.69918699186992,hard,-4,0,70,2178.0,p2_more,p1_much,hard_p2_more
59141599,247150796,2131,2021/6/1,598593.6923,13.84615385,Single Family Residence,1900,2,5,7840.0,sqft,Baseboard,unknown,unknown,490000.0,2131,2021/6/1,560930.4545,12.18181818,"Condominium, Townhouse",1986,2,2,5662.0,sqft,Baseboard,unknown,unknown,625000.0,1.0,2.0,False,21.6,hard,3,0,-86,2178.0,p1_much,p2_newer,hard_p1_much
59143073,59146589,2131,2021/6/1,743974.4,11.6,Single Family Residence,1905,2,4,3920.0,sqft,Forced Air,Central Air,unknown,875000.0,2131,2021/6/1,668074.8,12.7,Single Family Residence,1968,2,4,4791.0,sqft,"Central, Active Solar, Baseboard, Natural Gas",Window Unit(s),unknown,715000.0,2.0,1.0,False,18.285714285714285,hard,0,0,-63,-871.0,equal,p2_newer,hard_equal
59143073,59147326,2131,2021/6/1,743974.4,11.6,Single Family Residence,1905,2,4,3920.0,sqft,Forced Air,Central Air,unknown,875000.0,2131,2021/6/1,686480.3333,12.5,Single Family Residence,1925,2,3,6534.0,sqft,"Forced Air, Natural Gas, Ductless","Ductless, Central Air",unknown,714000.0,2.0,1.0,False,18.4,hard,1,0,-20,-2614.0,p1_slight,p2_newer,hard_p1_slight
59143089,123851010,2131,2021/6/1,941210.9,20.0,Single Family Residence,1915,3,4,3484.0,sqft,"Forced Air, ENERGY STAR Qualified Equipment, Natural Gas","Dual, Central Air, ENERGY STAR Qualified Equipment",unknown,1050000.0,2131,2021/6/1,861046.1,15.4,Single Family Residence,2015,3,3,5662.0,sqft,"Forced Air, Natural Gas",Central Air,unknown,850000.0,2.0,1.0,False,19.047619047619047,hard,1,0,-100,-2178.0,p1_slight,p2_newer,hard_p1_slight
59143148,59143485,2131,2021/9/1,759591.5254,21.16949153,Single Family Residence,1900,2,3,4791.0,sqft,"Hot Water, Electric Baseboard, Natural Gas",Window Unit(s),unknown,875000.0,2131,2021/9/1,650903.3898,11.91525424,Single Family Residence,1960,2,3,3484.0,sqft,"Natural Gas, Baseboard",Window Unit(s),unknown,695000.0,2.0,1.0,False,20.57142857142857,hard,0,0,-60,1307.0,equal,p2_newer,hard_equal
59143682,59146588,2131,2021/9/1,567549.1525,13.05084746,Single Family Residence,1958,3,4,4356.0,sqft,Natural Gas,Wall Unit(s),unknown,570000.0,2131,2021/9/1,620403.3898,15.59322034,Single Family Residence,1950,2,4,3920.0,sqft,Baseboard,Central Air,unknown,700000.0,1.0,2.0,False,18.571428571428573,hard,0,1,8,436.0,equal,p1_slight,hard_equal
59141408,59144406,2131,2022/4/1,681832.1429,14.0,Single Family Residence,1935,2,3,4791.0,sqft,Forced Air,Central Air,unknown,700000.0,2131,2022/4/1,745260.1399,11.87412587,Single Family Residence,1965,2,3,2613.0,sqft,"Baseboard, Natural Gas",Window Unit(s),unknown,870000.0,1.0,2.0,False,19.54022988505747,hard,0,0,-30,2178.0,equal,p2_newer,hard_equal
59145941,59146675,2131,2022/4/1,760514.2857,20.0,Single Family Residence,1890,2,3,7840.0,sqft,"Hot Water, Central, Ductless","Central Air, Ductless",unknown,1025000.0,2131,2022/4/1,713228.5714,23.78571429,Single Family Residence,1925,3,4,6534.0,sqft,Baseboard,Central Air,unknown,769900.0,2.0,1.0,False,24.88780487804878,hard,-1,-1,-35,1306.0,p2_more,p2_newer,hard_p2_more
59143548,59144586,2131,2022/5/1,654640.0,21.96,Single Family Residence,1890,1,3,4791.0,sqft,Forced Air,Window Unit(s),unknown,775000.0,2131,2022/5/1,535708.0,30.6,Single Family Residence,1920,2,4,6098.0,sqft,"Hot Water, Natural Gas",Ductless,unknown,630000.0,2.0,1.0,False,18.70967741935484,hard,-1,-1,-30,-1307.0,p2_more,p2_newer,hard_p2_more
59143187,59146446,2131,2022/6/1,697319.6,11.8,Single Family Residence,1905,2,3,5662.0,sqft,Hot Water,Window Unit(s),unknown,725000.0,2131,2022/6/1,639188.8889,12.26666667,Single Family Residence,1935,1,3,4791.0,sqft,"Forced Air, Central",Central Air,unknown,599000.0,2.0,1.0,False,17.379310344827587,hard,0,1,-30,871.0,equal,p2_newer,hard_equal
59143187,59146670,2131,2022/6/1,697319.6,11.8,Single Family Residence,1905,2,3,5662.0,sqft,Hot Water,Window Unit(s),unknown,725000.0,2131,2022/6/1,639326.3158,14.15789474,Single Family Residence,1945,1,3,4791.0,sqft,Forced Air,Central Air,unknown,604000.0,2.0,1.0,False,16.689655172413794,hard,0,1,-40,871.0,equal,p2_newer,hard_equal
59155573,59160174,2132,2019/11/1,624448.1429,15.71428571,Single Family Residence,1929,1,3,4791.0,sqft,"Hot Water, Electric Baseboard, Natural Gas",Window Unit(s),unknown,599900.0,2132,2019/11/1,570524.9148,11.39204545,Single Family Residence,1960,2,3,6534.0,sqft,Baseboard,Ductless,unknown,475000.0,2.0,1.0,False,20.82013668944824,hard,0,-1,-31,-1743.0,equal,p2_newer,hard_equal
59155573,59160410,2132,2019/11/1,624448.1429,15.71428571,Single Family Residence,1929,1,3,4791.0,sqft,"Hot Water, Electric Baseboard, Natural Gas",Window Unit(s),unknown,599900.0,2132,2019/11/1,556367.0,10.0,Single Family Residence,1950,2,3,4356.0,sqft,"Oil, Baseboard",Window Unit(s),unknown,499000.0,2.0,1.0,False,16.81946991165194,hard,0,-1,-21,435.0,equal,p2_newer,hard_equal
59142924,59155335,2132,2019/12/1,677942.0,13.0,Single Family Residence,1920,2,3,3484.0,sqft,"Oil, Steam",unknown,unknown,697000.0,2132,2019/12/1,644475.0909,14.09090909,Single Family Residence,1900,2,4,6098.0,sqft,Baseboard,unknown,unknown,580000.0,2.0,1.0,False,16.786226685796272,hard,-1,0,20,-2614.0,p2_more,p1_slight,hard_p2_more
59141636,59157055,2132,2020/1/1,501386.1852,19.0,Single Family Residence,1950,3,3,6534.0,sqft,"Oil, Baseboard",Ductless,unknown,479000.0,2132,2020/1/1,591178.3333,14.66666667,Single Family Residence,1915,1,2,5227.0,sqft,"Hot Water, Baseboard",Other,unknown,575000.0,1.0,2.0,False,16.695652173913047,hard,1,2,35,1307.0,p1_slight,p1_much,hard_p1_slight
59155827,59158265,2132,2020/1/1,781499.8889,17.11111111,Single Family Residence,1940,3,4,5227.0,sqft,"Steam, Natural Gas",Central Air,unknown,849000.0,2132,2020/1/1,694248.4167,13.66666667,Single Family Residence,1913,3,3,9583.0,sqft,Baseboard,Window Unit(s),unknown,675000.0,2.0,1.0,False,20.49469964664311,hard,1,0,27,-4356.0,p1_slight,p1_much,hard_p1_slight
59154404,59157758,2132,2020/11/1,782313.1429,12.28571429,Single Family Residence,1904,3,4,4791.0,sqft,"Central, Natural Gas",Window Unit(s),unknown,798000.0,2132,2020/11/1,709638.0,13.0,Single Family Residence,1931,2,3,5662.0,sqft,"Natural Gas, Baseboard",Central Air,unknown,649900.0,2.0,1.0,False,18.55889724310777,hard,1,1,-27,-871.0,p1_slight,p2_newer,hard_p1_slight
59156691,59160911,2132,2020/11/1,1004966.667,22.0,Single Family Residence,1930,2,6,5227.0,sqft,Hot Water,Window Unit(s),unknown,1025000.0,2132,2020/11/1,1027306.909,18.18181818,SingleFamily,1931,3,4,8712.0,sqft,"Forced air, Oil","Wall, Other",unknown,1300000.0,1.0,2.0,False,21.153846153846153,hard,2,-1,-1,-3485.0,p1_much,similar,hard_p1_much
59157346,59160811,2132,2020/11/1,906299.9231,14.61538462,Single Family Residence,1910,4,5,4791.0,sqft,"Forced Air, Natural Gas",Central Air,unknown,950000.0,2132,2020/11/1,793679.9091,12.45454545,Single Family Residence,2017,3,4,4791.0,sqft,"Forced Air, Natural Gas",Central Air,unknown,750000.0,2.0,1.0,False,21.052631578947366,hard,1,1,-107,0.0,p1_slight,p2_newer,hard_p1_slight
59157346,59160911,2132,2020/11/1,906299.9231,14.61538462,Single Family Residence,1910,4,5,4791.0,sqft,"Forced Air, Natural Gas",Central Air,unknown,950000.0,2132,2020/11/1,1027306.909,18.18181818,SingleFamily,1931,3,4,8712.0,sqft,"Forced air, Oil","Wall, Other",unknown,1300000.0,1.0,2.0,False,26.923076923076923,medium,1,1,-21,-3921.0,p1_slight,p2_newer,medium_p1_slight
59159316,59159834,2132,2020/12/1,549260.4286,19.21428571,Single Family Residence,1925,1,2,5227.0,sqft,"Forced Air, Natural Gas",Central Air,unknown,529000.0,2132,2020/12/1,589008.1818,15.81818182,Single Family Residence,1920,3,3,4791.0,sqft,"Hot Water, Natural Gas",Window Unit(s),unknown,640000.0,1.0,2.0,False,17.34375,hard,-1,-2,5,436.0,p2_more,p1_slight,hard_p2_more
59159834,59160552,2132,2020/12/1,589008.1818,15.81818182,Single Family Residence,1920,3,3,4791.0,sqft,"Hot Water, Natural Gas",Window Unit(s),unknown,640000.0,2132,2020/12/1,523668.8,19.6,Single Family Residence,1963,2,3,3920.0,sqft,Forced Air,Central Air,unknown,505000.0,,1.0,False,21.09375,hard,0,1,-43,871.0,equal,p2_newer,hard_equal
59154084,59160439,2132,2020/7/1,507559.6667,15.16666667,Single Family Residence,1945,4,4,5662.0,sqft,Forced Air,Central Air,unknown,500000.0,2132,2020/7/1,537455.2,14.0,Single Family Residence,1960,2,3,4356.0,sqft,Hot Water,Window Unit(s),unknown,600000.0,1.0,2.0,False,16.666666666666664,hard,1,2,-15,1306.0,p1_slight,similar,hard_p1_slight
59154084,59160674,2132,2020/7/1,507559.6667,15.16666667,Single Family Residence,1945,4,4,5662.0,sqft,Forced Air,Central Air,unknown,500000.0,2132,2020/7/1,563456.0,17.33333333,Single Family Residence,1959,2,3,5227.0,sqft,Forced Air,Central Air,unknown,662500.0,1.0,2.0,False,24.528301886792452,hard,1,2,-14,435.0,p1_slight,similar,hard_p1_slight
59156293,59156552,2132,2020/8/1,851313.5455,14.45454545,Single Family Residence,2015,3,4,4791.0,sqft,"Forced Air, Natural Gas",Central Air,unknown,790000.0,2132,2020/8/1,975001.0,23.0,Single Family Residence,1910,3,4,10454.0,sqft,"Forced Air, Natural Gas",Central Air,unknown,1025000.0,1.0,2.0,False,22.926829268292686,hard,0,0,105,-5663.0,equal,p1_much,hard_equal
59159788,59161199,2132,2020/8/1,645971.0,16.0,Single Family Residence,2020,5,4,7405.0,sqft,"Forced Air, Natural Gas",Central Air,unknown,1150000.0,2132,2020/8/1,727211.8,17.7,Single Family Residence,1950,4,4,0.3,Acres,"Electric Baseboard, Oil, Baseboard",Central Air,unknown,740000.0,2.0,1.0,False,35.65217391304348,medium,0,1,70,7404.7,equal,p1_much,medium_equal
59155260,59157578,2132,2021/2/1,696530.6,13.5,Single Family Residence,1890,4,4,4791.0,sqft,"Forced Air, Central, Natural Gas",Central Air,unknown,600000.0,2132,2021/2/1,786574.0,17.5,Single Family Residence,1930,2,4,8712.0,sqft,"Oil, Baseboard, Central",Central Air,unknown,725000.0,,2.0,False,17.24137931034483,hard,0,2,-40,-3921.0,equal,p2_newer,hard_equal
59155260,59157602,2132,2021/2/1,696530.6,13.5,Single Family Residence,1890,4,4,4791.0,sqft,"Forced Air, Central, Natural Gas",Central Air,unknown,600000.0,2132,2021/2/1,741492.7857,12.57142857,Single Family Residence,1930,2,3,5662.0,sqft,"Hot Water, Central, Natural Gas",Ductless,unknown,805000.0,1.0,2.0,False,25.465838509316768,medium,1,2,-40,-871.0,p1_slight,p2_newer,medium_p1_slight
59159412,59161329,2132,2021/2/1,546283.1429,12.78571429,Single Family Residence,1925,1,2,5662.0,sqft,"Forced Air, Natural Gas",Central Air,unknown,551500.0,2132,2021/2/1,498853.0667,16.93333333,Single Family Residence,1896,2,3,4791.0,sqft,Forced Air,Window Unit(s),unknown,340000.0,2.0,1.0,False,38.34995466908431,medium,-1,-1,29,871.0,p2_more,p1_much,medium_p2_more
59161127,59161168,2132,2021/3/1,647693.6,12.2,Single Family Residence,1960,2,4,6534.0,sqft,Forced Air,Central Air,unknown,645000.0,2132,2021/3/1,680683.8,11.06666667,Single Family Residence,1967,3,3,6098.0,sqft,"Baseboard, Natural Gas",Central Air,unknown,800000.0,1.0,2.0,False,19.375,hard,1,-1,-7,436.0,p1_slight,similar,hard_p1_slight
59153702,59154047,2132,2021/5/1,802971.6667,11.66666667,Single Family Residence,1955,3,3,0.27,Acres,"Oil, Baseboard",Central Air,unknown,800000.0,2132,2021/5/1,829839.0,12.0,Single Family Residence,1920,3,4,4791.0,sqft,"Hot Water, Natural Gas",Central Air,unknown,960000.0,1.0,2.0,False,16.666666666666664,hard,-1,0,35,-4790.73,p2_more,p1_much,hard_p2_more
59153702,59156006,2132,2021/5/1,802971.6667,11.66666667,Single Family Residence,1955,3,3,0.27,Acres,"Oil, Baseboard",Central Air,unknown,800000.0,2132,2021/5/1,894295.8182,15.63636364,Single Family Residence,1911,3,4,4356.0,sqft,Hot Water,Other,unknown,1029000.0,1.0,2.0,False,22.25461613216715,hard,-1,0,44,-4355.73,p2_more,p1_much,hard_p2_more
59153853,59156006,2132,2021/5/1,806449.75,17.25,Single Family Residence,1950,2,3,6969.0,sqft,Baseboard,Central Air,unknown,851000.0,2132,2021/5/1,894295.8182,15.63636364,Single Family Residence,1911,3,4,4356.0,sqft,Hot Water,Other,unknown,1029000.0,1.0,2.0,False,17.29834791059281,hard,-1,-1,39,2613.0,p2_more,p1_much,hard_p2_more
59141607,59157549,2132,2021/6/1,916028.0714,14.71428571,Single Family Residence,1928,3,3,8276.0,sqft,"Forced Air, Natural Gas, Hydro Air",Central Air,unknown,1100000.0,2132,2021/6/1,800198.4444,15.55555556,Single Family Residence,1935,2,3,9147.0,sqft,"Hot Water, Heat Pump","3 or More, Whole House Fan, Heat Pump",unknown,820000.0,2.0,1.0,False,25.454545454545453,medium,0,1,-7,-871.0,equal,similar,medium_equal
59141607,59158636,2132,2021/6/1,916028.0714,14.71428571,Single Family Residence,1928,3,3,8276.0,sqft,"Forced Air, Natural Gas, Hydro Air",Central Air,unknown,1100000.0,2132,2021/6/1,979660.4,23.8,Single Family Residence,2003,3,5,8712.0,sqft,"Forced Air, Natural Gas",Central Air,unknown,875000.0,2.0,1.0,False,20.454545454545457,hard,-2,0,-75,-436.0,p2_more,p2_newer,hard_p2_more
59154219,59160622,2132,2021/6/1,773033.3636,20.0,Single Family Residence,1940,1,3,5662.0,sqft,"Hot Water, Radiant, Hydronic Floor Heat(Radiant), Natural Gas",Central Air,unknown,890000.0,2132,2021/6/1,652638.6364,13.27272727,Single Family Residence,1950,3,4,6534.0,sqft,"Hot Water, Natural Gas",Window Unit(s),unknown,600000.0,2.0,1.0,False,32.58426966292135,medium,-1,-2,-10,-872.0,p2_more,similar,medium_p2_more
59158157,59158303,2132,2021/6/1,906905.2727,27.0,Single Family Residence,1880,2,4,10018.0,sqft,"Oil, Hot Water",Window Unit(s),unknown,930000.0,2132,2021/6/1,757716.0,11.2,Single Family Residence,1964,2,3,5227.0,sqft,"Baseboard, Ductless",Ductless,unknown,770000.0,2.0,1.0,False,17.20430107526882,hard,1,0,-84,4791.0,p1_slight,p2_newer,hard_p1_slight
59158636,59160570,2132,2021/6/1,979660.4,23.8,Single Family Residence,2003,3,5,8712.0,sqft,"Forced Air, Natural Gas",Central Air,unknown,875000.0,2132,2021/6/1,923072.8571,13.85714286,Single Family Residence,1984,3,6,9147.0,sqft,Forced Air,Central Air,unknown,1125000.0,1.0,2.0,False,22.22222222222222,hard,-1,0,19,-435.0,p2_more,p1_slight,hard_p2_more
59158799,59161441,2132,2021/6/1,667012.7778,10.55555556,Single Family Residence,1940,2,3,4791.0,sqft,Hot Water,Window Unit(s),unknown,715000.0,2132,2021/6/1,613589.0,15.0,Single Family Residence,1930,2,3,3484.0,sqft,Forced Air,Central Air,unknown,570000.0,2.0,1.0,False,20.27972027972028,hard,0,0,10,1307.0,equal,p1_slight,hard_equal
59141929,59160533,2132,2021/7/1,616744.0909,11.81818182,Single Family Residence,1938,2,3,4356.0,sqft,"Hot Water, Electric Baseboard, Baseboard",Window Unit(s),unknown,715000.0,2132,2021/7/1,574741.92,16.72,Single Family Residence,1914,2,3,9583.0,sqft,"Electric Baseboard, Hot Water, Natural Gas",Window Unit(s),unknown,590000.0,2.0,1.0,False,17.482517482517483,hard,0,0,24,-5227.0,equal,p1_much,hard_equal
59156757,59157400,2132,2021/7/1,919075.2727,11.09090909,Single Family Residence,1945,2,4,7840.0,sqft,Natural Gas,Central Air,unknown,817500.0,2132,2021/7/1,879782.3,18.95,Single Family Residence,1930,2,4,4356.0,sqft,"Ductless, Hot Water, Baseboard","Ductless, Central Air",unknown,1080000.0,1.0,2.0,False,24.305555555555554,hard,0,0,15,3484.0,equal,p1_slight,hard_equal
59156757,59162165,2132,2021/7/1,919075.2727,11.09090909,Single Family Residence,1945,2,4,7840.0,sqft,Natural Gas,Central Air,unknown,817500.0,2132,2021/7/1,945952.52,12.56,Single Family Residence,1925,3,4,7840.0,sqft,"Hot Water, Baseboard",Window Unit(s),unknown,1150000.0,1.0,2.0,False,28.913043478260867,medium,0,-1,20,0.0,equal,p1_slight,medium_equal
59157128,59161565,2132,2021/7/1,805338.85,15.8,Single Family Residence,1960,3,4,6534.0,sqft,Baseboard,Window Unit(s),unknown,880000.0,2132,2021/7/1,702518.72,13.36,Single Family Residence,1940,2,3,10018.0,sqft,"Forced Air, Electric Baseboard, Natural Gas",Central Air,unknown,715000.0,2.0,1.0,False,18.75,hard,1,1,20,-3484.0,p1_slight,p1_slight,hard_p1_slight
59157547,59161565,2132,2021/7/1,832114.0,21.0,Single Family Residence,1920,2,4,7405.0,sqft,"Forced Air, Natural Gas",Central Air,unknown,900000.0,2132,2021/7/1,702518.72,13.36,Single Family Residence,1940,2,3,10018.0,sqft,"Forced Air, Electric Baseboard, Natural Gas",Central Air,unknown,715000.0,,1.0,False,20.555555555555554,hard,1,0,-20,-2613.0,p1_slight,p2_newer,hard_p1_slight
59157547,59162165,2132,2021/7/1,832114.0,21.0,Single Family Residence,1920,2,4,7405.0,sqft,"Forced Air, Natural Gas",Central Air,unknown,900000.0,2132,2021/7/1,945952.52,12.56,Single Family Residence,1925,3,4,7840.0,sqft,"Hot Water, Baseboard",Window Unit(s),unknown,1150000.0,1.0,2.0,False,21.73913043478261,hard,0,-1,-5,-435.0,equal,similar,hard_equal
59124864,59157063,2132,2021/8/1,798366.6667,19.66666667,Single Family Residence,1950,3,3,8712.0,sqft,Baseboard,Window Unit(s),unknown,975000.0,2132,2021/8/1,707627.75,12.55,Single Family Residence,1954,4,4,5227.0,sqft,"Electric Baseboard, Baseboard, Natural Gas",Central Air,unknown,605000.0,2.0,1.0,False,37.94871794871795,medium,-1,-1,-4,3485.0,p2_more,similar,medium_p2_more
59124864,59161144,2132,2021/8/1,798366.6667,19.66666667,Single Family Residence,1950,3,3,8712.0,sqft,Baseboard,Window Unit(s),unknown,975000.0,2132,2021/8/1,769177.7778,12.55555556,Single Family Residence,1967,2,4,6098.0,sqft,"Natural Gas, Baseboard",Window Unit(s),unknown,715000.0,2.0,1.0,False,26.666666666666668,medium,-1,1,-17,2614.0,p2_more,similar,medium_p2_more
59142422,59158446,2132,2021/8/1,813800.7212,12.89090909,Single Family Residence,1938,2,3,6534.0,sqft,"Hot Water, Natural Gas",Window Unit(s),unknown,875000.0,2132,2021/8/1,718334.3158,13.78947368,Single Family Residence,1930,2,4,6969.0,sqft,"Electric Baseboard, Baseboard",Window Unit(s),unknown,605000.0,2.0,1.0,False,30.857142857142854,medium,-1,0,8,-435.0,p2_more,p1_slight,medium_p2_more
59142422,59161144,2132,2021/8/1,813800.7212,12.89090909,Single Family Residence,1938,2,3,6534.0,sqft,"Hot Water, Natural Gas",Window Unit(s),unknown,875000.0,2132,2021/8/1,769177.7778,12.55555556,Single Family Residence,1967,2,4,6098.0,sqft,"Natural Gas, Baseboard",Window Unit(s),unknown,715000.0,2.0,1.0,False,18.285714285714285,hard,-1,0,-29,436.0,p2_more,p2_newer,hard_p2_more
59154549,59155228,2132,2021/8/1,706212.4583,11.625,Single Family Residence,1950,2,3,6969.0,sqft,"Hot Water, Baseboard, Natural Gas",Window Unit(s),unknown,625000.0,2132,2021/8/1,720081.25,11.625,Single Family Residence,1950,2,3,3920.0,sqft,"Hot Water, Steam, Natural Gas",Window Unit(s),unknown,790000.0,1.0,2.0,False,20.88607594936709,hard,0,0,0,3049.0,equal,similar,hard_equal
59154549,59156944,2132,2021/8/1,706212.4583,11.625,Single Family Residence,1950,2,3,6969.0,sqft,"Hot Water, Baseboard, Natural Gas",Window Unit(s),unknown,625000.0,2132,2021/8/1,724797.8333,12.66666667,Single Family Residence,1940,2,3,3920.0,sqft,"Central, Natural Gas",Central Air,unknown,855000.0,1.0,2.0,False,26.900584795321635,medium,0,0,10,3049.0,equal,p1_slight,medium_equal
59155228,59157063,2132,2021/8/1,720081.25,11.625,Single Family Residence,1950,2,3,3920.0,sqft,"Hot Water, Steam, Natural Gas",Window Unit(s),unknown,790000.0,2132,2021/8/1,707627.75,12.55,Single Family Residence,1954,4,4,5227.0,sqft,"Electric Baseboard, Baseboard, Natural Gas",Central Air,unknown,605000.0,2.0,1.0,False,23.417721518987342,hard,-1,-2,-4,-1307.0,p2_more,similar,hard_p2_more
59155228,59158446,2132,2021/8/1,720081.25,11.625,Single Family Residence,1950,2,3,3920.0,sqft,"Hot Water, Steam, Natural Gas",Window Unit(s),unknown,790000.0,2132,2021/8/1,718334.3158,13.78947368,Single Family Residence,1930,2,4,6969.0,sqft,"Electric Baseboard, Baseboard",Window Unit(s),unknown,605000.0,2.0,1.0,False,23.417721518987342,hard,-1,0,20,-3049.0,p2_more,p1_slight,hard_p2_more
59156376,59158535,2132,2021/8/1,1415012.0,19.2,Single Family Residence,1880,4,6,0.39,Acres,"Steam, Electric Baseboard",Window Unit(s),unknown,1660000.0,2132,2021/8/1,1230635.593,10.0,Single Family Residence,2016,3,4,6534.0,sqft,"Forced Air, Natural Gas, ENERGY STAR Qualified Equipment","Central Air, ENERGY STAR Qualified Equipment",unknown,1260000.0,2.0,1.0,False,24.096385542168676,hard,2,1,-136,-6533.61,p1_much,p2_newer,hard_p1_much
59156944,59157063,2132,2021/8/1,724797.8333,12.66666667,Single Family Residence,1940,2,3,3920.0,sqft,"Central, Natural Gas",Central Air,unknown,855000.0,2132,2021/8/1,707627.75,12.55,Single Family Residence,1954,4,4,5227.0,sqft,"Electric Baseboard, Baseboard, Natural Gas",Central Air,unknown,605000.0,2.0,1.0,False,29.239766081871345,medium,-1,-2,-14,-1307.0,p2_more,similar,medium_p2_more
59156944,59158446,2132,2021/8/1,724797.8333,12.66666667,Single Family Residence,1940,2,3,3920.0,sqft,"Central, Natural Gas",Central Air,unknown,855000.0,2132,2021/8/1,718334.3158,13.78947368,Single Family Residence,1930,2,4,6969.0,sqft,"Electric Baseboard, Baseboard",Window Unit(s),unknown,605000.0,2.0,1.0,False,29.239766081871345,medium,-1,0,10,-3049.0,p2_more,p1_slight,medium_p2_more
59156262,59159199,2132,2021/9/1,733405.0847,19.93220339,Single Family Residence,1925,2,3,4791.0,sqft,"Hot Water, Natural Gas","Central Air, Ductless",unknown,765000.0,2132,2021/9/1,703008.7463,11.31343284,Single Family Residence,1920,2,2,9583.0,sqft,"Oil, Forced Air",Window Unit(s),unknown,550000.0,2.0,1.0,False,28.104575163398692,medium,1,0,5,-4792.0,p1_slight,p1_slight,medium_p1_slight
59159199,59160578,2132,2021/9/1,703008.7463,11.31343284,Single Family Residence,1920,2,2,9583.0,sqft,"Oil, Forced Air",Window Unit(s),unknown,550000.0,2132,2021/9/1,625312.5789,15.05263158,Single Family Residence,1956,1,3,4356.0,sqft,"Baseboard, Ductless",Ductless,unknown,725000.0,1.0,2.0,False,24.137931034482758,hard,-1,1,-36,5227.0,p2_more,p2_newer,hard_p2_more
59159752,59160578,2132,2021/9/1,592755.9322,15.49152542,Single Family Residence,1925,2,2,5662.0,sqft,"Oil, Central, Baseboard",Central Air,unknown,590000.0,2132,2021/9/1,625312.5789,15.05263158,Single Family Residence,1956,1,3,4356.0,sqft,"Baseboard, Ductless",Ductless,unknown,725000.0,1.0,2.0,False,18.620689655172416,hard,-1,1,-31,1306.0,p2_more,p2_newer,hard_p2_more
59155221,59157654,2132,2022/1/1,866922.2222,15.0,Single Family Residence,1914,2,3,4791.0,sqft,"Steam, Natural Gas",Ductless,unknown,916000.0,2132,2022/1/1,760300.0,18.42361111,Single Family Residence,2006,3,3,3920.0,sqft,Forced Air,Central Air,unknown,760000.0,2.0,1.0,False,17.03056768558952,hard,0,-1,-92,871.0,equal,p2_newer,hard_equal
59156645,59157557,2132,2022/4/1,903000.0,16.78571429,Single Family Residence,1925,3,4,5662.0,sqft,Baseboard,"Window Unit(s), None",unknown,1200000.0,2132,2022/4/1,889121.4286,14.0,Single Family Residence,1964,2,4,7840.0,sqft,"Natural Gas, Baseboard",Ductless,unknown,875000.0,2.0,1.0,False,27.083333333333332,medium,0,1,-39,-2178.0,equal,p2_newer,medium_equal
59156645,59157594,2132,2022/4/1,903000.0,16.78571429,Single Family Residence,1925,3,4,5662.0,sqft,Baseboard,"Window Unit(s), None",unknown,1200000.0,2132,2022/4/1,848028.5714,16.71428571,Single Family Residence,1920,3,3,4356.0,sqft,"Forced Air, Natural Gas",Central Air,unknown,965000.0,,1.0,False,19.583333333333332,hard,1,0,5,1306.0,p1_slight,p1_slight,hard_p1_slight
59157594,59158447,2132,2022/4/1,848028.5714,16.71428571,Single Family Residence,1920,3,3,4356.0,sqft,"Forced Air, Natural Gas",Central Air,unknown,965000.0,2132,2022/4/1,759366.6667,14.0,Single Family Residence,1988,2,3,6969.0,sqft,Baseboard,Window Unit(s),unknown,760000.0,,1.0,False,21.243523316062177,hard,0,1,-68,-2613.0,equal,p2_newer,hard_equal
59141647,59154224,2132,2022/5/1,909924.0,13.6,Single Family Residence,1950,3,4,0.29,Acres,Baseboard,Window Unit(s),unknown,850000.0,2132,2022/5/1,980169.2308,12.84615385,Single Family Residence,1920,2,4,4356.0,sqft,"Electric Baseboard, Hot Water, Natural Gas",Central Air,unknown,1165000.0,1.0,2.0,False,27.038626609442062,medium,0,1,30,-4355.71,equal,p1_much,medium_equal
59141647,59154463,2132,2022/5/1,909924.0,13.6,Single Family Residence,1950,3,4,0.29,Acres,Baseboard,Window Unit(s),unknown,850000.0,2132,2022/5/1,910369.2308,11.38461538,Single Family Residence,1918,2,3,4356.0,sqft,"Hot Water, Oil","Central Air, Ductless",unknown,1100000.0,1.0,2.0,False,22.727272727272727,hard,1,1,32,-4355.71,p1_slight,p1_much,hard_p1_slight
59141647,59156397,2132,2022/5/1,909924.0,13.6,Single Family Residence,1950,3,4,0.29,Acres,Baseboard,Window Unit(s),unknown,850000.0,2132,2022/5/1,972964.2857,24.85714286,Single Family Residence,1910,2,5,7405.0,sqft,Baseboard,Window Unit(s),unknown,1025000.0,1.0,2.0,False,17.073170731707318,hard,-1,1,40,-7404.71,p2_more,p1_much,hard_p2_more
59154224,59158419,2132,2022/5/1,980169.2308,12.84615385,Single Family Residence,1920,2,4,4356.0,sqft,"Electric Baseboard, Hot Water, Natural Gas",Central Air,unknown,1165000.0,2132,2022/5/1,894685.7143,13.85714286,Single Family Residence,1990,3,3,5662.0,sqft,"Central, Baseboard, Natural Gas",Central Air,unknown,950000.0,2.0,1.0,False,18.4549356223176,hard,1,-1,-70,-1306.0,p1_slight,p2_newer,hard_p1_slight
59158169,59160114,2132,2022/5/1,738277.7778,17.11111111,Single Family Residence,1920,2,4,4791.0,sqft,"Hot Water, Central, Baseboard, Natural Gas",Window Unit(s),unknown,850000.0,2132,2022/5/1,646850.0,11.5,Single Family Residence,1940,2,3,5662.0,sqft,"Forced Air, Natural Gas",Central Air,unknown,675000.0,,1.0,False,20.588235294117645,hard,1,0,-20,-871.0,p1_slight,p2_newer,hard_p1_slight
59158419,59160613,2132,2022/5/1,894685.7143,13.85714286,Single Family Residence,1990,3,3,5662.0,sqft,"Central, Baseboard, Natural Gas",Central Air,unknown,950000.0,2132,2022/5/1,778328.4091,15.85227273,Single Family Residence,1938,2,4,9583.0,sqft,"Baseboard, Natural Gas",Central Air,unknown,730000.0,2.0,1.0,False,23.157894736842106,hard,-1,1,52,-3921.0,p2_more,p1_much,hard_p2_more
59154055,59160848,2132,2022/6/1,821400.0,14.0,Single Family Residence,1928,2,3,4356.0,sqft,"Electric Baseboard, Baseboard",unknown,unknown,800000.0,2132,2022/6/1,775320.0,19.33333333,Single Family Residence,1900,2,4,7840.0,sqft,Baseboard,unknown,unknown,625000.0,2.0,1.0,False,21.875,hard,-1,0,28,-3484.0,p2_more,p1_much,hard_p2_more
59154435,59160848,2132,2022/6/1,842222.2222,17.33333333,Single Family Residence,1920,2,3,8276.0,sqft,"Baseboard, Natural Gas",unknown,unknown,885000.0,2132,2022/6/1,775320.0,19.33333333,Single Family Residence,1900,2,4,7840.0,sqft,Baseboard,unknown,unknown,625000.0,2.0,1.0,False,29.37853107344633,medium,-1,0,20,436.0,p2_more,p1_slight,medium_p2_more
59154435,59211327,2132,2022/6/1,842222.2222,17.33333333,Single Family Residence,1920,2,3,8276.0,sqft,"Baseboard, Natural Gas",unknown,unknown,885000.0,2132,2022/6/1,752974.1935,14.12903226,Single Family Residence,1940,2,4,5227.0,sqft,Oil,unknown,unknown,680000.0,2.0,1.0,False,23.163841807909606,hard,-1,0,-20,3049.0,p2_more,p2_newer,hard_p2_more
59155369,59161171,2132,2022/6/1,841409.5238,14.04761905,Single Family Residence,1940,2,3,3484.0,sqft,"Forced Air, Electric Baseboard",Central Air,unknown,950000.0,2132,2022/6/1,737802.2222,13.06666667,Single Family Residence,1960,3,3,6098.0,sqft,Baseboard,Central Air,unknown,700000.0,2.0,1.0,False,26.31578947368421,medium,0,-1,-20,-2614.0,equal,p2_newer,medium_equal
59156243,59160848,2132,2022/6/1,751375.2809,17.56179775,Single Family Residence,1930,2,4,3920.0,sqft,"Hot Water, Natural Gas",unknown,unknown,810000.0,2132,2022/6/1,775320.0,19.33333333,Single Family Residence,1900,2,4,7840.0,sqft,Baseboard,unknown,unknown,625000.0,2.0,1.0,False,22.839506172839506,hard,0,0,30,-3920.0,equal,p1_much,hard_equal
59156284,59156715,2132,2022/6/1,668651.6854,15.0,Single Family Residence,1959,2,3,8276.0,sqft,"Hot Water, Natural Gas","Central Air, Wall Unit(s)",unknown,570000.0,2132,2022/6/1,759040.0,15.0,Single Family Residence,1940,2,3,5662.0,sqft,"Baseboard, Central",Window Unit(s),unknown,845000.0,1.0,2.0,False,32.544378698224854,medium,0,0,19,2614.0,equal,p1_slight,medium_equal
59156284,59161171,2132,2022/6/1,668651.6854,15.0,Single Family Residence,1959,2,3,8276.0,sqft,"Hot Water, Natural Gas","Central Air, Wall Unit(s)",unknown,570000.0,2132,2022/6/1,737802.2222,13.06666667,Single Family Residence,1960,3,3,6098.0,sqft,Baseboard,Central Air,unknown,700000.0,1.0,2.0,False,18.571428571428573,hard,0,-1,-1,2178.0,equal,similar,hard_equal
59156678,59161171,2132,2022/6/1,851084.6154,17.34065934,Single Family Residence,1930,2,3,6098.0,sqft,"Hot Water, Natural Gas",Window Unit(s),unknown,905000.0,2132,2022/6/1,737802.2222,13.06666667,Single Family Residence,1960,3,3,6098.0,sqft,Baseboard,Central Air,unknown,700000.0,2.0,1.0,False,22.65193370165746,hard,0,-1,-30,0.0,equal,p2_newer,hard_equal
59156715,59158866,2132,2022/6/1,759040.0,15.0,Single Family Residence,1940,2,3,5662.0,sqft,"Baseboard, Central",Window Unit(s),unknown,845000.0,2132,2022/6/1,821657.6923,14.26923077,Single Family Residence,1928,3,3,5227.0,sqft,"Steam, Electric Baseboard","Window Unit(s), None",unknown,1095000.0,1.0,2.0,False,22.831050228310502,hard,0,-1,12,435.0,equal,p1_slight,hard_equal
59156715,59161171,2132,2022/6/1,759040.0,15.0,Single Family Residence,1940,2,3,5662.0,sqft,"Baseboard, Central",Window Unit(s),unknown,845000.0,2132,2022/6/1,737802.2222,13.06666667,Single Family Residence,1960,3,3,6098.0,sqft,Baseboard,Central Air,unknown,700000.0,2.0,1.0,False,17.159763313609467,hard,0,-1,-20,-436.0,equal,p2_newer,hard_equal
59157186,59159238,2132,2022/6/1,707717.9775,15.62921348,Single Family Residence,1931,2,3,3920.0,sqft,"Oil, Hot Water",Wall Unit(s),unknown,740000.0,2132,2022/6/1,798071.4286,13.14285714,Single Family Residence,1810,3,3,4791.0,sqft,Baseboard,Window Unit(s),unknown,1010000.0,1.0,2.0,False,26.732673267326735,medium,0,-1,121,-871.0,equal,p1_much,medium_equal
59157186,59161044,2132,2022/6/1,707717.9775,15.62921348,Single Family Residence,1931,2,3,3920.0,sqft,"Oil, Hot Water",Wall Unit(s),unknown,740000.0,2132,2022/6/1,620470.7865,16.86516854,Single Family Residence,1930,1,4,4356.0,sqft,Baseboard,Window Unit(s),unknown,615000.0,2.0,1.0,False,16.89189189189189,hard,-1,1,1,-436.0,p2_more,p1_slight,hard_p2_more
59157233,59160848,2132,2022/6/1,769153.8462,15.92307692,Single Family Residence,1928,2,4,3920.0,sqft,"Oil, Hot Water, Baseboard",unknown,unknown,750000.0,2132,2022/6/1,775320.0,19.33333333,Single Family Residence,1900,2,4,7840.0,sqft,Baseboard,unknown,unknown,625000.0,2.0,1.0,False,16.666666666666664,hard,0,0,28,-3920.0,equal,p1_much,hard_equal
59158558,59158866,2132,2022/6/1,916728.5714,12.85714286,Single Family Residence,1920,2,4,6534.0,sqft,"Natural Gas, Baseboard",Ductless,unknown,900000.0,2132,2022/6/1,821657.6923,14.26923077,Single Family Residence,1928,3,3,5227.0,sqft,"Steam, Electric Baseboard","Window Unit(s), None",unknown,1095000.0,1.0,2.0,False,17.80821917808219,hard,1,-1,-8,1307.0,p1_slight,similar,hard_p1_slight
59158866,59160820,2132,2022/6/1,821657.6923,14.26923077,Single Family Residence,1928,3,3,5227.0,sqft,"Steam, Electric Baseboard","Window Unit(s), None",unknown,1095000.0,2132,2022/6/1,926226.9663,14.23595506,Single Family Residence,1900,3,5,9583.0,sqft,Gravity,Central Air,unknown,875000.0,2.0,1.0,False,20.091324200913242,hard,-2,0,28,-4356.0,p2_more,p1_much,hard_p2_more
59158866,59161147,2132,2022/6/1,821657.6923,14.26923077,Single Family Residence,1928,3,3,5227.0,sqft,"Steam, Electric Baseboard","Window Unit(s), None",unknown,1095000.0,2132,2022/6/1,792041.1765,11.35294118,Single Family Residence,1965,2,5,6534.0,sqft,"Fireplace, Baseboard","Other, None",unknown,830000.0,2.0,1.0,False,24.200913242009133,hard,-2,1,-37,-1307.0,p2_more,p2_newer,hard_p2_more
59158866,59161171,2132,2022/6/1,821657.6923,14.26923077,Single Family Residence,1928,3,3,5227.0,sqft,"Steam, Electric Baseboard","Window Unit(s), None",unknown,1095000.0,2132,2022/6/1,737802.2222,13.06666667,Single Family Residence,1960,3,3,6098.0,sqft,Baseboard,Central Air,unknown,700000.0,2.0,1.0,False,36.07305936073059,medium,0,0,-32,-871.0,equal,p2_newer,medium_equal
59159238,59161147,2132,2022/6/1,798071.4286,13.14285714,Single Family Residence,1810,3,3,4791.0,sqft,Baseboard,Window Unit(s),unknown,1010000.0,2132,2022/6/1,792041.1765,11.35294118,Single Family Residence,1965,2,5,6534.0,sqft,"Fireplace, Baseboard","Other, None",unknown,830000.0,2.0,1.0,False,17.82178217821782,hard,-2,1,-155,-1743.0,p2_more,p2_newer,hard_p2_more
59155217,59161521,2132,2022/7/1,585540.0,15.9,Single Family Residence,1925,1,2,5227.0,sqft,Baseboard,Other,unknown,635000.0,2132,2022/7/1,507971.0345,12.77241379,Single Family Residence,1916,2,3,7405.0,sqft,Natural Gas,Window Unit(s),unknown,475000.0,2.0,1.0,False,25.196850393700785,medium,-1,-1,9,-2178.0,p2_more,p1_slight,medium_p2_more
59096373,59097045,2135,2021/6/1,695612.8182,16.0,Single Family Residence,1930,2,4,3484.0,sqft,"Natural Gas, Baseboard",unknown,unknown,804500.0,2135,2021/6/1,645389.8182,13.81818182,Single Family Residence,1954,2,3,6534.0,sqft,Forced Air,unknown,unknown,580000.0,2.0,1.0,False,27.905531385954006,medium,1,0,-24,-3050.0,p1_slight,p2_newer,medium_p1_slight
59090928,59096628,2135,2022/3/1,811554.0,16.5,Single Family Residence,1900,3,5,5227.0,sqft,"Baseboard, Natural Gas",Window Unit(s),unknown,806000.0,2135,2022/3/1,910564.5161,13.5483871,Single Family Residence,1940,2,4,3920.0,sqft,"Steam, Forced Air","Central Air, Ductless",unknown,985000.0,1.0,2.0,False,18.17258883248731,hard,1,1,-40,1307.0,p1_slight,p2_newer,hard_p1_slight
59124941,59129878,2136,2019/11/1,418647.5,10.5,Single Family Residence,1940,1,3,5662.0,sqft,"Oil, Baseboard",unknown,unknown,375000.0,2136,2019/11/1,458211.0,15.0,Single Family Residence,1910,1,2,5227.0,sqft,"Hot Water, Natural Gas",unknown,unknown,560000.0,1.0,2.0,False,33.035714285714285,medium,1,0,30,435.0,p1_slight,p1_much,medium_p1_slight
59128675,59128953,2136,2019/11/1,440864.0,11.66666667,Single Family Residence,1956,2,3,0.34,Acres,Forced Air,Other,unknown,405000.0,2136,2019/11/1,504498.8077,17.26923077,Single Family Residence,1909,2,3,7840.0,sqft,Baseboard,"Window Unit(s), None",unknown,520000.0,1.0,2.0,False,22.115384615384613,hard,0,0,47,-7839.66,equal,p1_much,hard_equal
59129878,59130123,2136,2019/11/1,458211.0,15.0,Single Family Residence,1910,1,2,5227.0,sqft,"Hot Water, Natural Gas",unknown,unknown,560000.0,2136,2019/11/1,440145.0,11.0,Single Family Residence,1950,1,3,6534.0,sqft,"Oil, Baseboard",unknown,unknown,430105.0,2.0,1.0,False,23.195535714285715,hard,-1,0,-40,-1307.0,p2_more,p2_newer,hard_p2_more
59126969,59130259,2136,2019/12/1,496916.7778,13.11111111,Single Family Residence,1940,3,4,6534.0,sqft,"Baseboard, Natural Gas",Window Unit(s),unknown,610000.0,2136,2019/12/1,453273.2692,12.30769231,Single Family Residence,1955,2,4,0.3,Acres,Electric,Window Unit(s),unknown,441500.0,2.0,1.0,False,27.62295081967213,medium,0,1,-15,6533.7,equal,similar,medium_equal
59126969,59212540,2136,2019/12/1,496916.7778,13.11111111,Single Family Residence,1940,3,4,6534.0,sqft,"Baseboard, Natural Gas",Window Unit(s),unknown,610000.0,2136,2019/12/1,530930.75,14.55,Single Family Residence,1999,3,3,0.4,Acres,Forced Air,Central Air,unknown,485000.0,2.0,1.0,False,20.491803278688526,hard,1,0,-59,6533.6,p1_slight,p2_newer,hard_p1_slight
59126981,59212540,2136,2019/12/1,541881.2222,13.11111111,Single Family Residence,1950,2,3,6098.0,sqft,"Baseboard, Natural Gas","Central Air, Ductless",unknown,610000.0,2136,2019/12/1,530930.75,14.55,Single Family Residence,1999,3,3,0.4,Acres,Forced Air,Central Air,unknown,485000.0,2.0,1.0,False,20.491803278688526,hard,0,-1,-49,6097.6,equal,p2_newer,hard_equal
59129090,59130259,2136,2019/12/1,396419.0769,18.30769231,Single Family Residence,1900,3,4,7405.0,sqft,"Forced Air, Natural Gas",Central Air,unknown,620000.0,2136,2019/12/1,453273.2692,12.30769231,Single Family Residence,1955,2,4,0.3,Acres,Electric,Window Unit(s),unknown,441500.0,2.0,1.0,False,28.79032258064516,medium,0,1,-55,7404.7,equal,p2_newer,medium_equal
59127136,59129791,2136,2020/5/1,596564.75,15.25,Single Family Residence,1935,3,3,4791.0,sqft,Natural Gas,Central Air,unknown,655000.0,2136,2020/5/1,533630.2727,12.27272727,Single Family Residence,1948,2,3,10454.0,sqft,"Forced Air, Natural Gas",Central Air,unknown,532500.0,2.0,1.0,False,18.702290076335878,hard,0,1,-13,-5663.0,equal,similar,hard_equal
59127964,59130050,2136,2020/5/1,469346.0,13.33333333,Single Family Residence,1930,1,3,4356.0,sqft,"Natural Gas, Steam",Window Unit(s),unknown,535000.0,2136,2020/5/1,464960.6364,13.27272727,Single Family Residence,1876,2,3,5662.0,sqft,Baseboard,Other,unknown,445000.0,,1.0,False,16.822429906542055,hard,0,-1,54,-1306.0,equal,p1_much,hard_equal
59126226,59127210,2136,2020/8/1,552393.2,15.0,Single Family Residence,1955,2,3,4791.0,sqft,"Baseboard, Natural Gas",Window Unit(s),unknown,645500.0,2136,2020/8/1,529473.7778,15.77777778,Single Family Residence,1890,2,4,7840.0,sqft,Forced Air,Central Air,unknown,525000.0,2.0,1.0,False,18.66769945778466,hard,-1,0,65,-3049.0,p2_more,p1_much,hard_p2_more
59128630,59129639,2136,2021/10/1,680559.322,10.0,Single Family Residence,1964,2,3,3920.0,sqft,"Oil, Baseboard",Window Unit(s),unknown,680000.0,2136,2021/10/1,665901.6949,24.23728814,Single Family Residence,1890,2,5,7405.0,sqft,"Forced Air, Oil",Central Air,unknown,551000.0,2.0,1.0,False,18.970588235294116,hard,-2,0,74,-3485.0,p2_more,p1_much,hard_p2_more
59127037,59127100,2136,2021/2/1,606019.4,11.4,Single Family Residence,1895,2,3,3484.0,sqft,"Natural Gas, Steam",Window Unit(s),unknown,624900.0,2136,2021/2/1,566104.4286,18.85714286,Single Family Residence,1882,1,4,6534.0,sqft,"Steam, Natural Gas",Window Unit(s),unknown,445000.0,2.0,1.0,False,28.788606176988317,medium,-1,1,13,-3050.0,p2_more,p1_slight,medium_p2_more
59130266,59212835,2136,2021/4/1,529298.0,21.0,Single Family Residence,1955,2,3,9583.0,sqft,Forced Air,Central Air,unknown,480000.0,2136,2021/4/1,492471.0,21.0,Single Family Residence,1940,3,5,6098.0,sqft,"Hot Water, Electric Baseboard",Window Unit(s),unknown,595000.0,1.0,2.0,False,19.327731092436977,hard,-2,-1,15,3485.0,p2_more,p1_slight,hard_p2_more
59126148,59127212,2136,2021/5/1,507285.0,14.0,Single Family Residence,1962,1,3,6969.0,sqft,"Baseboard, Natural Gas",unknown,unknown,500000.0,2136,2021/5/1,516202.0,17.0,Single Family Residence,1950,2,3,3484.0,sqft,Baseboard,unknown,unknown,630000.0,1.0,2.0,False,20.634920634920633,hard,0,-1,12,3485.0,equal,p1_slight,hard_equal
59127533,59129912,2136,2021/6/1,614568.0909,14.90909091,Single Family Residence,1910,2,3,3484.0,sqft,"Natural Gas, Baseboard",unknown,unknown,710000.0,2136,2021/6/1,535014.0,18.0,Single Family Residence,1935,1,3,5662.0,sqft,Natural Gas,unknown,unknown,510000.0,2.0,1.0,False,28.169014084507044,medium,0,1,-25,-2178.0,equal,p2_newer,medium_equal
59128881,59129679,2136,2021/6/1,598743.3636,14.36363636,Single Family Residence,1910,2,3,6969.0,sqft,"Hot Water, Natural Gas",unknown,unknown,533000.0,2136,2021/6/1,599615.2143,13.92857143,Single Family Residence,1950,2,3,4791.0,sqft,Baseboard,unknown,unknown,688000.0,1.0,2.0,False,22.52906976744186,hard,0,0,-40,2178.0,equal,p2_newer,hard_equal
59129425,59129712,2136,2021/6/1,515276.0909,13.45454545,Single Family Residence,1950,1,3,6098.0,sqft,Baseboard,Other,unknown,550000.0,2136,2021/6/1,575692.0909,20.18181818,Single Family Residence,1890,2,4,3920.0,sqft,"Forced Air, Natural Gas",Central Air,unknown,668000.0,1.0,2.0,False,17.664670658682635,hard,-1,-1,60,2178.0,p2_more,p1_much,hard_p2_more
59129712,59130278,2136,2021/6/1,575692.0909,20.18181818,Single Family Residence,1890,2,4,3920.0,sqft,"Forced Air, Natural Gas",Central Air,unknown,668000.0,2136,2021/6/1,523144.0,19.0,Single Family Residence,1955,2,3,6534.0,sqft,Forced Air,"3 or More, Central Air",unknown,555000.0,2.0,1.0,False,16.91616766467066,hard,1,0,-65,-2614.0,p1_slight,p2_newer,hard_p1_slight
59126219,59129169,2136,2021/7/1,584006.2,15.8,Single Family Residence,1956,3,3,4791.0,sqft,Forced Air,Window Unit(s),unknown,675000.0,2136,2021/7/1,493235.2609,20.91304348,Single Family Residence,1950,2,2,9583.0,sqft,Forced Air,Central Air,unknown,535000.0,2.0,1.0,False,20.74074074074074,hard,1,1,6,-4792.0,p1_slight,p1_slight,hard_p1_slight
59129873,59139931,2136,2022/1/1,568348.0,23.0,Single Family Residence,1968,2,4,6098.0,sqft,Natural Gas,"Wall Unit(s), Window Unit(s)",unknown,699000.0,2136,2022/1/1,558715.3846,21.0,Single Family Residence,1957,2,3,4791.0,sqft,"Oil, Baseboard",Central Air,unknown,575000.0,2.0,1.0,False,17.739628040057227,hard,1,0,11,1307.0,p1_slight,p1_slight,hard_p1_slight
59128955,59129258,2136,2022/5/1,635507.6923,19.69230769,Single Family Residence,1920,2,3,3920.0,sqft,Forced Air,Central Air,unknown,787500.0,2136,2022/5/1,720952.5424,10.08474576,Single Family Residence,1950,1,3,7840.0,sqft,"Forced Air, Natural Gas",Central Air,unknown,625000.0,2.0,1.0,False,20.634920634920633,hard,0,1,-30,-3920.0,equal,p2_newer,hard_equal
59128955,59140901,2136,2022/5/1,635507.6923,19.69230769,Single Family Residence,1920,2,3,3920.0,sqft,Forced Air,Central Air,unknown,787500.0,2136,2022/5/1,590342.8571,17.42857143,Single Family Residence,1900,3,4,4791.0,sqft,"Forced Air, Natural Gas",Ductless,unknown,650000.0,2.0,1.0,False,17.46031746031746,hard,-1,-1,20,-871.0,p2_more,p1_slight,hard_p2_more
11370342,59852045,15044,2021/9/1,559653.3864,16.82954545,"Single Family Residence, Residential",1994,5,4,0.73,Acres,"Forced Air, Natural Gas",Central Air,unknown,665000.0,15044,2021/9/1,657978.0,19.0,"Single Family Residence, Residential",1881,3,4,8.3,Acres,"Hot Water, Natural Gas",Electric,unknown,871063.0,1.0,2.0,False,23.656497865251996,hard,0,2,113,-7.57,equal,p1_much,hard_equal
11264341,11264408,15136,2020/10/1,205634.4667,19.53333333,"Townhouse, Residential",1999,3,3,2100.0,sqft,"Forced Air, Natural Gas",Central Air,unknown,245000.0,15136,2020/10/1,173596.0,14.09090909,"Single Family Residence, Residential",1970,3,3,4800.0,sqft,Natural Gas,Central Air,unknown,200000.0,2.0,1.0,False,18.367346938775512,hard,0,0,29,-2700.0,equal,p1_much,hard_equal
11480310,11641997,15143,2019/12/1,254797.7778,21.66666667,SingleFamily,1900,4,4,2404.0,sqft,"Other, Forced air, Gas",Central,unknown,380000.0,15143,2019/12/1,310551.7692,18.15384615,SingleFamily,1955,2,5,1.04,Acres,"Forced air, Gas",Central,unknown,270000.0,2.0,1.0,False,28.947368421052634,medium,-1,2,-55,2402.96,p2_more,p2_newer,medium_p2_more
11642660,242630221,15143,2022/2/1,390380.0,28.33333333,"Single Family Residence, Residential",1936,3,4,0.01,Acres,"Forced Air, Natural Gas",Central Air,unknown,272000.0,15143,2022/2/1,380388.9655,10.0,"Townhouse, Residential",2016,2,2,2242.0,sqft,"Forced Air, Natural Gas","Other, Central Air",unknown,389000.0,1.0,2.0,False,30.077120822622106,medium,2,1,-80,-2241.99,p1_much,p2_newer,medium_p1_much
11513271,11513615,15201,2019/11/1,224356.8421,29.47368421,SingleFamily,1930,1,3,2792.0,sqft,Other,unknown,unknown,310000.0,15201,2019/11/1,250600.5385,30.69230769,SingleFamily,1910,2,3,2400.0,sqft,Other,unknown,unknown,215000.0,2.0,1.0,False,30.64516129032258,medium,0,-1,20,392.0,equal,p1_slight,medium_equal
11513615,11613129,15201,2019/11/1,250600.5385,30.69230769,SingleFamily,1910,2,3,2400.0,sqft,Other,unknown,unknown,215000.0,15201,2019/11/1,266006.6471,19.88235294,Townhouse,1890,2,4,1406.0,sqft,"Other, Gas",unknown,unknown,280000.0,1.0,2.0,False,23.214285714285715,hard,-1,0,20,994.0,p2_more,p1_slight,hard_p2_more
11612881,11613369,15201,2020/1/1,202355.6923,23.38461538,SingleFamily,1905,2,3,1999.0,sqft,Other,unknown,unknown,144300.0,15201,2020/1/1,239348.5294,17.41176471,SingleFamily,1890,2,2,609.0,sqft,"hot water, Other, Gas",unknown,unknown,214500.0,1.0,2.0,False,32.72727272727273,medium,1,0,15,1390.0,p1_slight,p1_slight,medium_p1_slight
11275648,11275672,15201,2020/10/1,230090.6364,15.90909091,"Single Family Residence, Residential",1950,2,3,3001.0,sqft,"Forced Air, Natural Gas",Central Air,unknown,272900.0,15201,2020/10/1,264026.4667,25.86666667,"Single Family Residence, Residential",1930,3,3,6000.0,sqft,"Hot Water, Natural Gas",Window A/C,unknown,351000.0,1.0,2.0,False,22.25071225071225,hard,0,-1,20,-2999.0,equal,p1_slight,hard_equal
11275672,11612494,15201,2020/10/1,264026.4667,25.86666667,"Single Family Residence, Residential",1930,3,3,6000.0,sqft,"Hot Water, Natural Gas",Window A/C,unknown,351000.0,15201,2020/10/1,237507.0667,33.93333333,"Single Family Residence, Residential",1900,3,3,1999.0,sqft,Natural Gas,Central Air,unknown,438000.0,1.0,2.0,False,19.863013698630137,hard,0,0,30,4001.0,equal,p1_much,hard_equal
11275729,11513765,15201,2020/11/1,200764.5,15.5,"Single Family Residence, Residential",1956,1,3,3001.0,sqft,"Forced Air, Natural Gas",Central Air,Open Parking,230000.0,15201,2020/11/1,229622.2727,56.63636364,"Single Family Residence, Residential",1900,3,3,2617.0,sqft,"Forced Air, Natural Gas",Central Air,Open Parking,140000.0,2.0,1.0,False,39.130434782608695,medium,0,-2,56,384.0,equal,p1_much,medium_equal
11513765,123271271,15201,2020/11/1,229622.2727,56.63636364,"Single Family Residence, Residential",1900,3,3,2617.0,sqft,"Forced Air, Natural Gas",Central Air,Open Parking,140000.0,15201,2020/11/1,330409.9231,21.84615385,"Townhouse, Residential",1919,3,3,988.0,sqft,"Forced Air, Natural Gas",Central Air,Open Parking,307500.0,1.0,2.0,False,54.47154471544715,easy,0,0,-19,1629.0,equal,similar,easy_equal
11513765,164713745,15201,2020/11/1,229622.2727,56.63636364,"Single Family Residence, Residential",1900,3,3,2617.0,sqft,"Forced Air, Natural Gas",Central Air,Open Parking,140000.0,15201,2020/11/1,309843.1429,12.85714286,"Single Family Residence, Residential",1920,1,2,936.54,sqft,"Forced Air, Natural Gas",Central Air,Open Parking,305000.0,1.0,2.0,False,54.09836065573771,easy,1,2,-20,1680.46,p1_slight,p2_newer,easy_p1_slight
11612338,11615310,15201,2020/11/1,236863.6667,55.93333333,"Single Family Residence, Residential",1900,2,3,2000.0,sqft,"Forced Air, Natural Gas",Central Air,unknown,378500.0,15201,2020/11/1,202598.0,32.0,"Single Family Residence, Residential",1935,2,4,7.89,Acres,"Hot Water, Natural Gas",Window A/C,unknown,260100.0,2.0,1.0,False,31.281373844121536,medium,-1,0,-35,1992.11,p2_more,p2_newer,medium_p2_more
11275280,11612594,15201,2020/12/1,159900.0,30.0,"Single Family Residence, Residential",1941,1,2,3001.0,sqft,Natural Gas,Window A/C,Open Parking,130000.0,15201,2020/12/1,195128.0,20.27272727,"Single Family Residence, Residential",1920,2,2,879.91,sqft,"Forced Air, Natural Gas",Central Air,Open Parking,235000.0,1.0,2.0,False,44.680851063829785,easy,0,-1,21,2121.09,equal,p1_much,easy_equal
11513017,11615633,15201,2020/12/1,184428.8,21.0,"Single Family Residence, Residential",1925,5,4,2000.0,sqft,"Forced Air, Natural Gas",Central Air,unknown,635000.0,15201,2020/12/1,208191.0,21.2,"Single Family Residence, Residential",1960,3,3,5519.0,sqft,"Forced Air, Natural Gas",Central Air,unknown,236500.0,,1.0,False,62.75590551181103,easy,1,2,-35,-3519.0,p1_slight,p2_newer,easy_p1_slight
11513663,11514048,15201,2020/12/1,280451.3077,18.0,"Single Family Residence, Residential",1900,1,2,614.2,sqft,"Forced Air, Natural Gas",Central Air,Open Parking,309800.0,15201,2020/12/1,311007.0,25.27272727,"Single Family Residence, Residential",1920,1,4,1999.0,sqft,"Forced Air, Natural Gas",Window A/C,Open Parking,250000.0,2.0,1.0,False,19.30277598450613,hard,-2,0,-20,-1384.8,p2_more,p2_newer,hard_p2_more
11513021,11613326,15201,2020/3/1,273980.7778,37.44444444,"Single Family Residence, Residential",1925,2,4,1184.0,sqft,"Forced Air, Natural Gas",Central Air,unknown,160000.0,15201,2020/3/1,277734.7778,33.0,SingleFamily,1890,3,3,879.0,sqft,Other,Central,unknown,265800.0,1.0,2.0,False,39.80436418359669,medium,1,-1,35,305.0,p1_slight,p1_much,medium_p1_slight
11275399,164223383,15201,2020/4/1,184283.3333,23.33333333,SingleFamily,1940,1,2,4199.0,sqft,Other,Central,unknown,174000.0,15201,2020/4/1,231194.0,55.0,SingleFamily,1900,1,3,718.0,sqft,"Other, Gas",Central,unknown,308000.0,1.0,2.0,False,43.506493506493506,easy,-1,0,40,3481.0,p2_more,p1_much,easy_p2_more
11615447,164223383,15201,2020/4/1,146327.6667,32.22222222,SingleFamily,1950,1,2,2600.0,sqft,"Forced air, Gas",Central,unknown,125000.0,15201,2020/4/1,231194.0,55.0,SingleFamily,1900,1,3,718.0,sqft,"Other, Gas",Central,unknown,308000.0,1.0,2.0,False,59.41558441558441,easy,-1,0,50,1882.0,p2_more,p1_much,easy_p2_more
11275558,11512784,15201,2020/5/1,198476.5,54.83333333,SingleFamily,1900,2,4,2178.0,sqft,Other,unknown,unknown,123428.0,15201,2020/5/1,296080.0,33.33333333,SingleFamily,1900,3,3,858.0,sqft,"Forced air, Gas",unknown,unknown,330000.0,1.0,2.0,False,62.59757575757576,easy,1,-1,0,1320.0,p1_slight,similar,easy_p1_slight
11512736,11613041,15201,2020/7/1,231631.7273,42.09090909,SingleFamily,1880,2,2,1036.0,sqft,Forced air,Central,On-street,270000.0,15201,2020/7/1,285921.0,34.0,"Single Family Residence, Residential",1900,3,3,1280.0,sqft,Natural Gas,Central Air,Open Parking,133000.0,2.0,1.0,False,50.74074074074074,easy,-1,-1,-20,-244.0,p2_more,p2_newer,easy_p2_more
11512893,11513545,15201,2020/7/1,300087.8,18.8,SingleFamily,1900,3,3,1690.0,sqft,Other,Other,unknown,589000.0,15201,2020/7/1,297866.6667,21.55555556,SingleFamily,1880,2,2,1298.0,sqft,"Forced air, Gas",Central,unknown,365000.0,2.0,1.0,False,38.030560271646856,medium,1,1,20,392.0,p1_slight,p1_slight,medium_p1_slight
11512893,11612578,15201,2020/7/1,300087.8,18.8,SingleFamily,1900,3,3,1690.0,sqft,Other,Other,unknown,589000.0,15201,2020/7/1,235614.0,36.0,SingleFamily,1910,1,2,1785.0,sqft,"Forced air, Gas",Central,unknown,290000.0,2.0,1.0,False,50.76400679117148,easy,1,2,-10,-95.0,p1_slight,similar,easy_p1_slight
11512969,11514662,15201,2020/7/1,204545.6,36.3,"Single Family Residence, Residential",1900,2,2,1280.0,sqft,"Forced Air, Natural Gas",Central Air,unknown,103000.0,15201,2020/7/1,202319.0,32.6,Townhouse,1900,1,3,1999.0,sqft,"Forced air, Gas",Central,unknown,330000.0,1.0,2.0,False,68.78787878787878,easy,-1,1,0,-719.0,p2_more,similar,easy_p2_more
11512969,11612578,15201,2020/7/1,204545.6,36.3,"Single Family Residence, Residential",1900,2,2,1280.0,sqft,"Forced Air, Natural Gas",Central Air,unknown,103000.0,15201,2020/7/1,235614.0,36.0,SingleFamily,1910,1,2,1785.0,sqft,"Forced air, Gas",Central,unknown,290000.0,1.0,2.0,False,64.48275862068965,easy,0,1,-10,-505.0,equal,similar,easy_equal
11513545,11612578,15201,2020/7/1,297866.6667,21.55555556,SingleFamily,1880,2,2,1298.0,sqft,"Forced air, Gas",Central,unknown,365000.0,15201,2020/7/1,235614.0,36.0,SingleFamily,1910,1,2,1785.0,sqft,"Forced air, Gas",Central,unknown,290000.0,2.0,1.0,False,20.54794520547945,hard,0,1,-30,-487.0,equal,p2_newer,hard_equal
11514124,11514650,15201,2020/7/1,264806.4,14.8,SingleFamily,1920,2,2,3898.0,sqft,Other,unknown,unknown,229000.0,15201,2020/7/1,271415.7,12.7,SingleFamily,1890,1,2,1999.0,sqft,Forced air,unknown,unknown,287500.0,1.0,2.0,False,20.347826086956523,hard,0,1,30,1899.0,equal,p1_much,hard_equal
11275880,11514407,15201,2020/8/1,193717.0,22.77777778,"Single Family Residence, Residential",1930,1,2,3600.0,sqft,"Forced Air, Natural Gas",Central Air,Garage,175000.0,15201,2020/8/1,207902.6667,70.16666667,Townhouse,1900,3,3,1200.0,sqft,"Other, Forced air, Gas",Central,On-street,290000.0,1.0,2.0,False,39.6551724137931,medium,-1,-2,30,2400.0,p2_more,p1_much,medium_p2_more
11513417,11615092,15201,2020/8/1,236760.4444,33.22222222,SingleFamily,1890,2,3,1875.0,sqft,"Other, Forced air, Gas",Central,unknown,256000.0,15201,2020/8/1,205388.6154,18.84615385,SingleFamily,1950,3,3,5000.0,sqft,Other,Central,unknown,188500.0,2.0,1.0,False,26.3671875,medium,0,-1,-60,-3125.0,equal,p2_newer,medium_equal
11612888,11615938,15201,2020/8/1,161698.6,20.4,"Single Family Residence, Residential",1900,2,3,1001.0,sqft,"Forced Air, Natural Gas",Central Air,unknown,220000.0,15201,2020/8/1,135759.8,15.8,SingleFamily,1950,1,3,2775.0,sqft,Other,Central,unknown,155000.0,2.0,1.0,False,29.545454545454547,medium,0,1,-50,-1774.0,equal,p2_newer,medium_equal
11512717,11612851,15201,2020/9/1,372915.2727,30.90909091,"Single Family Residence, Residential",1880,2,4,1102.0,sqft,"Forced Air, Natural Gas","Central Air, Electric",Open Parking,430000.0,15201,2020/9/1,288641.5,20.5,"Single Family Residence, Residential",1900,3,3,1058.0,sqft,"Forced Air, Natural Gas",Central Air,Open Parking,314900.0,2.0,1.0,False,26.76744186046512,medium,1,-1,-20,44.0,p1_slight,p2_newer,medium_p1_slight
11513141,11612503,15201,2020/9/1,287444.6667,20.86666667,"Single Family Residence, Residential",1900,2,5,2308.0,sqft,"Hot Water, Natural Gas",Window A/C,unknown,270000.0,15201,2020/9/1,300999.0,28.9,"Single Family Residence, Residential",1920,1,3,4521.0,sqft,"Hot Water, Natural Gas",Window A/C,unknown,338000.0,1.0,2.0,False,20.118343195266274,hard,2,1,-20,-2213.0,p1_much,p2_newer,hard_p1_much
11275508,11615684,15201,2021/1/1,221843.625,14.5,"Single Family Residence, Residential",1900,2,2,3998.0,sqft,"Forced Air, Natural Gas",Central Air,unknown,232500.0,15201,2021/1/1,216904.0,16.75,SingleFamily,1955,3,4,5000.0,sqft,Other,Central,unknown,180000.0,2.0,1.0,False,22.58064516129032,hard,-2,-1,-55,-1002.0,p2_more,p2_newer,hard_p2_more
11615380,11615684,15201,2021/1/1,204891.2222,29.44444444,"Single Family Residence, Residential",1900,2,3,1921.0,sqft,"Forced Air, Natural Gas",Central Air,unknown,325000.0,15201,2021/1/1,216904.0,16.75,SingleFamily,1955,3,4,5000.0,sqft,Other,Central,unknown,180000.0,2.0,1.0,False,44.61538461538462,easy,-1,-1,-55,-3079.0,p2_more,p2_newer,easy_p2_more
11275146,11514544,15201,2021/10/1,248956.2044,31.67883212,"Single Family Residence, Residential",1953,3,3,5418.0,sqft,"Forced Air, Natural Gas",Central Air,unknown,320000.0,15201,2021/10/1,194115.0,29.2,"Single Family Residence, Residential",1900,1,3,42689.0,sqft,Natural Gas,Window A/C,unknown,197000.0,,1.0,False,38.4375,medium,0,2,53,-37271.0,equal,p1_much,medium_equal
11512884,11613083,15201,2021/10/1,399682.7586,28.34482759,"Single Family Residence, Residential",1900,2,4,1802.0,sqft,"Hot Water, Other",Central Air,Off Street,465000.0,15201,2021/10/1,355020.0,37.0,"Single Family Residence, Residential",1910,3,2,1189.0,sqft,"Forced Air, Natural Gas",Central Air,Open Parking,560000.0,1.0,2.0,False,16.964285714285715,hard,2,-1,-10,613.0,p1_much,similar,hard_p1_much
11513227,11612197,15201,2021/10/1,241284.4828,32.81034483,"Townhouse, Residential",1890,1,2,1036.0,sqft,"Forced Air, Natural Gas",Central Air,Open Parking,250000.0,15201,2021/10/1,261526.6667,37.28148148,"Single Family Residence, Residential",1908,2,2,1742.0,sqft,"Hot Water, Natural Gas","Window A/C, Wall Unit(s)",Open Parking,200000.0,2.0,1.0,False,20.0,hard,0,-1,-18,-706.0,equal,similar,hard_equal
11514544,11615370,15201,2021/10/1,194115.0,29.2,"Single Family Residence, Residential",1900,1,3,42689.0,sqft,Natural Gas,Window A/C,unknown,197000.0,15201,2021/10/1,211216.9,17.55,SingleFamily,1954,2,3,4284.0,sqft,"Gas, Forced air, Electric",Central,unknown,240000.0,1.0,2.0,False,17.916666666666668,hard,0,-1,-54,38405.0,equal,p2_newer,hard_equal
11512589,11513578,15201,2021/12/1,301758.6207,33.75862069,"Single Family Residence, Residential",1900,2,2,1289.0,sqft,"Forced Air, Natural Gas","Window A/C, Central Air",unknown,360000.0,15201,2021/12/1,285594.6309,22.75167785,"Single Family Residence, Residential",1900,2,4,1160.0,sqft,"Hot Water, Natural Gas",Window A/C,unknown,160000.0,2.0,1.0,False,55.55555555555556,easy,-2,0,0,129.0,p2_more,similar,easy_p2_more
11512589,11612900,15201,2021/12/1,301758.6207,33.75862069,"Single Family Residence, Residential",1900,2,2,1289.0,sqft,"Forced Air, Natural Gas","Window A/C, Central Air",unknown,360000.0,15201,2021/12/1,315440.7407,12.96296296,"Single Family Residence, Residential",1902,2,2,2099.0,sqft,"Forced Air, Natural Gas",Central Air,unknown,290000.0,2.0,1.0,False,19.444444444444446,hard,0,0,-2,-810.0,equal,similar,hard_equal
11512589,11615495,15201,2021/12/1,301758.6207,33.75862069,"Single Family Residence, Residential",1900,2,2,1289.0,sqft,"Forced Air, Natural Gas","Window A/C, Central Air",unknown,360000.0,15201,2021/12/1,245711.1111,15.33333333,"Single Family Residence, Residential",1947,1,2,3955.0,sqft,Natural Gas,Central Air,unknown,285000.0,2.0,1.0,False,20.833333333333336,hard,0,1,-47,-2666.0,equal,p2_newer,hard_equal
11513186,11513578,15201,2021/12/1,332343.1034,17.75862069,"Single Family Residence, Residential",1890,3,2,1319.0,sqft,"Forced Air, Natural Gas",Central Air,unknown,320000.0,15201,2021/12/1,285594.6309,22.75167785,"Single Family Residence, Residential",1900,2,4,1160.0,sqft,"Hot Water, Natural Gas",Window A/C,unknown,160000.0,2.0,1.0,False,50.0,easy,-2,1,-10,159.0,p2_more,similar,easy_p2_more
11513578,11612900,15201,2021/12/1,285594.6309,22.75167785,"Single Family Residence, Residential",1900,2,4,1160.0,sqft,"Hot Water, Natural Gas",Window A/C,unknown,160000.0,15201,2021/12/1,315440.7407,12.96296296,"Single Family Residence, Residential",1902,2,2,2099.0,sqft,"Forced Air, Natural Gas",Central Air,unknown,290000.0,1.0,2.0,False,44.827586206896555,easy,2,0,-2,-939.0,p1_much,similar,easy_p1_much
11513578,11615495,15201,2021/12/1,285594.6309,22.75167785,"Single Family Residence, Residential",1900,2,4,1160.0,sqft,"Hot Water, Natural Gas",Window A/C,unknown,160000.0,15201,2021/12/1,245711.1111,15.33333333,"Single Family Residence, Residential",1947,1,2,3955.0,sqft,Natural Gas,Central Air,unknown,285000.0,1.0,2.0,False,43.859649122807014,easy,2,1,-47,-2795.0,p1_much,p2_newer,easy_p1_much
11400369,11402175,15201,2021/2/1,254253.1429,40.71428571,"Single Family Residence, Residential",1900,2,3,975.74,sqft,"Forced Air, Natural Gas","Central Air, Electric",Open Parking,295000.0,15201,2021/2/1,347920.0,31.0,"Single Family Residence, Residential",1890,3,3,1080.0,sqft,"Forced Air, Natural Gas",Electric,Open Parking,408000.0,1.0,2.0,False,27.696078431372552,medium,0,-1,10,-104.25999999999999,equal,p1_slight,medium_equal
11275310,11512966,15201,2021/3/1,226518.8889,19.22222222,"Single Family Residence, Residential",1945,1,3,3001.0,sqft,"Forced Air, Natural Gas",Central Air,unknown,253900.0,15201,2021/3/1,263990.1538,36.15384615,"Single Family Residence, Residential",1900,2,2,1176.0,sqft,"Forced Air, Natural Gas",Central Air,unknown,385000.0,1.0,2.0,False,34.05194805194805,medium,1,-1,45,1825.0,p1_slight,p1_much,medium_p1_slight
11275703,11514451,15201,2021/3/1,245144.1429,13.42857143,"Single Family Residence, Residential",1940,2,3,3001.0,sqft,"Forced Air, Natural Gas",Central Air,unknown,267000.0,15201,2021/3/1,321704.7,43.3,"Single Family Residence, Residential",1890,3,2,1899.0,sqft,Natural Gas,Central Air,unknown,430000.0,1.0,2.0,False,37.906976744186046,medium,1,-1,50,1102.0,p1_slight,p1_much,medium_p1_slight
11275476,11513750,15201,2021/4/1,280979.0,20.0,"Single Family Residence, Residential",1951,2,3,5998.0,sqft,"Forced Air, Natural Gas",Central Air,unknown,340000.0,15201,2021/4/1,253377.1818,42.54545455,"Single Family Residence, Residential",1890,3,3,1799.0,sqft,"Forced Air, Natural Gas",Central Air,unknown,449500.0,1.0,2.0,False,24.360400444938822,hard,0,-1,61,4199.0,equal,p1_much,hard_equal
11275516,11514025,15201,2021/4/1,169629.1111,13.11111111,"Single Family Residence, Residential",1920,1,2,1999.0,sqft,Natural Gas,Other,Open Parking,182185.0,15201,2021/4/1,199595.125,19.625,"Townhouse, Residential",1920,2,3,1176.0,sqft,"Natural Gas, Baseboard",Electric,Open Parking,280000.0,1.0,2.0,False,34.933928571428574,medium,-1,-1,0,823.0,p2_more,similar,medium_p2_more
11512663,11513241,15201,2021/4/1,339467.375,21.375,"Single Family Residence, Residential",1920,1,2,936.54,sqft,"Forced Air, Natural Gas",Central Air,unknown,305000.0,15201,2021/4/1,349799.0,20.66666667,"Townhouse, Residential",1890,1,3,1711.0,sqft,Natural Gas,Central Air,unknown,395000.0,1.0,2.0,False,22.78481012658228,hard,-1,0,30,-774.46,p2_more,p1_much,hard_p2_more
11512892,11513363,15201,2021/4/1,476197.6154,22.53846154,"Single Family Residence, Residential",1900,3,3,1711.0,sqft,Natural Gas,Central Air,unknown,490240.0,15201,2021/4/1,353118.4286,40.28571429,"Single Family Residence, Residential",1900,2,7,2500.0,sqft,"Hot Water, Natural Gas",Central Air,unknown,344000.0,2.0,1.0,False,29.83028720626632,medium,-4,1,0,-789.0,p2_more,similar,medium_p2_more
11513136,11513363,15201,2021/4/1,335905.6364,54.36363636,"Single Family Residence, Residential",1900,2,3,1981.0,sqft,Forced Air,Central Air,unknown,478500.0,15201,2021/4/1,353118.4286,40.28571429,"Single Family Residence, Residential",1900,2,7,2500.0,sqft,"Hot Water, Natural Gas",Central Air,unknown,344000.0,2.0,1.0,False,28.108672936259143,medium,-4,0,0,-519.0,p2_more,similar,medium_p2_more
11513363,11513750,15201,2021/4/1,353118.4286,40.28571429,"Single Family Residence, Residential",1900,2,7,2500.0,sqft,"Hot Water, Natural Gas",Central Air,unknown,344000.0,15201,2021/4/1,253377.1818,42.54545455,"Single Family Residence, Residential",1890,3,3,1799.0,sqft,"Forced Air, Natural Gas",Central Air,unknown,449500.0,1.0,2.0,False,23.470522803114573,hard,4,-1,10,701.0,p1_much,p1_slight,hard_p1_much
11513750,11614907,15201,2021/4/1,253377.1818,42.54545455,"Single Family Residence, Residential",1890,3,3,1799.0,sqft,"Forced Air, Natural Gas",Central Air,unknown,449500.0,15201,2021/4/1,224235.2308,13.46153846,"Single Family Residence, Residential",1940,2,3,4000.0,sqft,"Hot Water, Natural Gas",Window A/C,unknown,170000.0,,1.0,False,62.18020022246941,easy,0,1,-50,-2201.0,equal,p2_newer,easy_equal
11513750,11615524,15201,2021/4/1,253377.1818,42.54545455,"Single Family Residence, Residential",1890,3,3,1799.0,sqft,"Forced Air, Natural Gas",Central Air,unknown,449500.0,15201,2021/4/1,204374.2143,21.64285714,"Single Family Residence, Residential",1952,2,3,5379.0,sqft,"Forced Air, Natural Gas",Central Air,unknown,325000.0,2.0,1.0,False,27.697441601779754,medium,0,1,-62,-3580.0,equal,p2_newer,medium_equal
11513782,11614907,15201,2021/4/1,280949.5,36.0,"Single Family Residence, Residential",1890,2,3,2221.0,sqft,"Forced Air, Natural Gas",Central Air,unknown,360000.0,15201,2021/4/1,224235.2308,13.46153846,"Single Family Residence, Residential",1940,2,3,4000.0,sqft,"Hot Water, Natural Gas",Window A/C,unknown,170000.0,2.0,1.0,False,52.77777777777778,easy,0,0,-50,-1779.0,equal,p2_newer,easy_equal
11612933,11614907,15201,2021/4/1,242421.0,26.0,"Single Family Residence, Residential",1900,2,2,1498.0,sqft,"Forced Air, Natural Gas",Central Air,unknown,289900.0,15201,2021/4/1,224235.2308,13.46153846,"Single Family Residence, Residential",1940,2,3,4000.0,sqft,"Hot Water, Natural Gas",Window A/C,unknown,170000.0,2.0,1.0,False,41.35908934115212,easy,-1,0,-40,-2502.0,p2_more,p2_newer,easy_p2_more
11613028,164712851,15201,2021/5/1,213922.0,45.0,"Single Family Residence, Residential",1900,2,2,2099.0,sqft,Natural Gas,Central Air,unknown,225000.0,15201,2021/5/1,274609.8889,24.22222222,"Single Family Residence, Residential",1900,1,2,1524.0,sqft,"Forced Air, Natural Gas",Central Air,unknown,312000.0,1.0,2.0,False,27.884615384615387,medium,0,1,0,575.0,equal,similar,medium_equal
11275754,11513287,15201,2021/6/1,257242.0,21.0,"Single Family Residence, Residential",1957,1,3,2665.0,sqft,"Forced Air, Natural Gas",Central Air,unknown,293280.0,15201,2021/6/1,307983.875,24.5,"Single Family Residence, Residential",1924,2,4,2326.0,sqft,"Hot Water, Electric","Central Air, Electric",unknown,437000.0,1.0,2.0,False,32.88787185354691,medium,-1,-1,33,339.0,p2_more,p1_much,medium_p2_more
11513197,11613334,15201,2021/6/1,219962.0,34.0,"Single Family Residence, Residential",1890,2,1,520.0,sqft,"Forced Air, Natural Gas",Central Air,Open Parking,220000.0,15201,2021/6/1,233800.9231,41.23076923,Residential,1890,2,2,766.66,sqft,"Forced Air, Natural Gas",Central Air,Open Parking,160000.0,2.0,1.0,False,27.27272727272727,medium,-1,0,0,-246.65999999999997,p2_more,similar,medium_p2_more
11513287,11615399,15201,2021/6/1,307983.875,24.5,"Single Family Residence, Residential",1924,2,4,2326.0,sqft,"Hot Water, Electric","Central Air, Electric",unknown,437000.0,15201,2021/6/1,273295.1818,26.72727273,"Single Family Residence, Residential",1954,2,3,4822.0,sqft,Natural Gas,Electric,unknown,250000.0,2.0,1.0,False,42.79176201372998,easy,1,0,-30,-2496.0,p1_slight,p2_newer,easy_p1_slight
11513287,11615645,15201,2021/6/1,307983.875,24.5,"Single Family Residence, Residential",1924,2,4,2326.0,sqft,"Hot Water, Electric","Central Air, Electric",unknown,437000.0,15201,2021/6/1,237144.5556,28.88888889,"Single Family Residence, Residential",1955,2,3,5545.0,sqft,"Forced Air, Natural Gas",Central Air,unknown,280000.0,2.0,1.0,False,35.92677345537758,medium,1,0,-31,-3219.0,p1_slight,p2_newer,medium_p1_slight
11513723,11514648,15201,2021/6/1,308458.0625,33.75,"Single Family Residence, Residential",1890,2,3,879.91,sqft,"Forced Air, Natural Gas",Window A/C,Open Parking,308000.0,15201,2021/6/1,239144.0,46.0,"Single Family Residence, Residential",1900,1,2,1332.0,sqft,"Forced Air, Natural Gas","Window A/C, Central Air",Open Parking,238500.0,2.0,1.0,False,22.564935064935064,hard,1,1,-10,-452.09000000000003,p1_slight,similar,hard_p1_slight
11513723,11613334,15201,2021/6/1,308458.0625,33.75,"Single Family Residence, Residential",1890,2,3,879.91,sqft,"Forced Air, Natural Gas",Window A/C,Open Parking,308000.0,15201,2021/6/1,233800.9231,41.23076923,Residential,1890,2,2,766.66,sqft,"Forced Air, Natural Gas",Central Air,Open Parking,160000.0,2.0,1.0,False,48.05194805194805,easy,1,0,0,113.25,p1_slight,similar,easy_p1_slight
11275361,11513324,15201,2021/8/1,288241.6667,14.91666667,"Single Family Residence, Residential",1950,2,3,4599.0,sqft,"Forced Air, Natural Gas",Central Air,unknown,307500.0,15201,2021/8/1,365247.3043,44.39130435,"Single Family Residence, Residential",1890,2,4,1890.0,sqft,Hot Water,Central Air,unknown,525000.0,1.0,2.0,False,41.42857142857143,easy,-1,0,60,2709.0,p2_more,p1_much,easy_p2_more
11275809,11513552,15201,2021/8/1,230966.6667,28.0,"Single Family Residence, Residential",1935,2,4,0.83,Acres,"Forced Air, Natural Gas",Window A/C,unknown,188008.0,15201,2021/8/1,231230.0,35.9,"Single Family Residence, Residential",1922,1,2,1799.0,sqft,"Forced Air, Natural Gas",Central Air,unknown,295000.0,1.0,2.0,False,36.26847457627119,medium,2,1,13,-1798.17,p1_much,p1_slight,medium_p1_much
11512592,11513694,15201,2021/8/1,313916.619,18.66666667,"Single Family Residence, Residential",1900,2,2,644.69,sqft,"Forced Air, Natural Gas",Central Air,Open Parking,345000.0,15201,2021/8/1,326854.0,40.0,"Single Family Residence, Residential",1900,2,3,871.2,sqft,Natural Gas,Central Air,Open Parking,229000.0,2.0,1.0,False,33.6231884057971,medium,-1,0,0,-226.51,p2_more,similar,medium_p2_more
11512592,11513980,15201,2021/8/1,313916.619,18.66666667,"Single Family Residence, Residential",1900,2,2,644.69,sqft,"Forced Air, Natural Gas",Central Air,Open Parking,345000.0,15201,2021/8/1,257193.75,37.125,"Single Family Residence, Residential",1920,1,2,1524.0,sqft,"Forced Air, Natural Gas",Central Air,Open Parking,242000.0,2.0,1.0,False,29.855072463768117,medium,0,1,-20,-879.31,equal,p2_newer,medium_equal
11512679,11512766,15201,2021/8/1,243215.0435,31.13043478,"Single Family Residence, Residential",1900,1,2,696.0,sqft,"Forced Air, Natural Gas",Electric,Open Parking,249900.0,15201,2021/8/1,222411.9565,21.0,"Single Family Residence, Residential",1900,3,3,1119.0,sqft,"Other, Baseboard",Window A/C,Open Parking,200000.0,2.0,1.0,False,19.96798719487795,hard,-1,-2,0,-423.0,p2_more,similar,hard_p2_more
11512766,11513980,15201,2021/8/1,222411.9565,21.0,"Single Family Residence, Residential",1900,3,3,1119.0,sqft,"Other, Baseboard",Window A/C,Open Parking,200000.0,15201,2021/8/1,257193.75,37.125,"Single Family Residence, Residential",1920,1,2,1524.0,sqft,"Forced Air, Natural Gas",Central Air,Open Parking,242000.0,1.0,2.0,False,17.355371900826448,hard,1,2,-20,-405.0,p1_slight,p2_newer,hard_p1_slight
11512766,11514052,15201,2021/8/1,222411.9565,21.0,"Single Family Residence, Residential",1900,3,3,1119.0,sqft,"Other, Baseboard",Window A/C,Open Parking,200000.0,15201,2021/8/1,257900.0,25.0,"Townhouse, Residential",1915,2,2,823.28,sqft,"Forced Air, Natural Gas","Central Air, Electric",Open Parking,280500.0,1.0,2.0,False,28.698752228163993,medium,1,1,-15,295.72,p1_slight,similar,medium_p1_slight
11513694,11513981,15201,2021/8/1,326854.0,40.0,"Single Family Residence, Residential",1900,2,3,871.2,sqft,Natural Gas,Central Air,Open Parking,229000.0,15201,2021/8/1,211589.6552,47.34482759,"Single Family Residence, Residential",1920,2,2,1507.0,sqft,"Forced Air, Natural Gas",Central Air,Open Parking,170545.0,2.0,1.0,False,25.52620087336245,medium,1,0,-20,-635.8,p1_slight,p2_newer,medium_p1_slight
11513694,11514052,15201,2021/8/1,326854.0,40.0,"Single Family Residence, Residential",1900,2,3,871.2,sqft,Natural Gas,Central Air,Open Parking,229000.0,15201,2021/8/1,257900.0,25.0,"Townhouse, Residential",1915,2,2,823.28,sqft,"Forced Air, Natural Gas","Central Air, Electric",Open Parking,280500.0,1.0,2.0,False,18.36007130124777,hard,1,0,-15,47.92000000000007,p1_slight,similar,hard_p1_slight
11275855,11614861,15201,2021/9/1,296898.3333,20.6,"Single Family Residence, Residential",1960,2,3,6098.0,sqft,"Forced Air, Natural Gas",Central Air,unknown,275000.0,15201,2021/9/1,334500.1176,75.29411765,"Townhouse, Residential",2021,3,3,1576.0,sqft,Natural Gas,"Central Air, Electric",unknown,609278.0,1.0,2.0,False,54.8646102435998,easy,0,-1,-61,4522.0,equal,p2_newer,easy_equal
11275855,11614867,15201,2021/9/1,296898.3333,20.6,"Single Family Residence, Residential",1960,2,3,6098.0,sqft,"Forced Air, Natural Gas",Central Air,unknown,275000.0,15201,2021/9/1,275310.4762,57.47619048,"Single Family Residence, Residential",1900,3,3,1559.0,sqft,Natural Gas,Central Air,unknown,450000.0,1.0,2.0,False,38.88888888888889,medium,0,-1,60,4539.0,equal,p1_much,medium_equal
11272807,11512673,15201,2022/1/1,307729.927,37.79562044,"Single Family Residence, Residential",1900,2,2,727.45,sqft,"Forced Air, Natural Gas",Central Air,Open Parking,255000.0,15201,2022/1/1,278481.0811,27.21621622,"Single Family Residence, Residential",1880,1,3,1028.0,sqft,"Forced Air, Natural Gas",Central Air,Open Parking,332500.0,1.0,2.0,False,23.308270676691727,hard,-1,1,20,-300.54999999999995,p2_more,p1_slight,hard_p2_more
11275158,11512976,15201,2022/2/1,250282.4818,14.0729927,"Single Family Residence, Residential",1945,1,3,3497.0,sqft,"Forced Air, Natural Gas",Central Air,unknown,235000.0,15201,2022/2/1,247503.3557,40.13422819,"Single Family Residence, Residential",1932,2,2,927.83,sqft,"Forced Air, Natural Gas",Central Air,unknown,364500.0,1.0,2.0,False,35.5281207133059,medium,1,-1,13,2569.17,p1_slight,p1_slight,medium_p1_slight
11512976,11615787,15201,2022/2/1,247503.3557,40.13422819,"Single Family Residence, Residential",1932,2,2,927.83,sqft,"Forced Air, Natural Gas",Central Air,unknown,364500.0,15201,2022/2/1,240102.2222,10.77777778,"Single Family Residence, Residential",1950,2,3,5157.0,sqft,Natural Gas,Window A/C,unknown,250000.0,2.0,1.0,False,31.412894375857338,medium,-1,0,-18,-4229.17,p2_more,similar,medium_p2_more
11512669,11512786,15201,2022/3/1,285364.8649,22.97972973,"Single Family Residence, Residential",1900,2,3,749.23,sqft,"Hot Water, Natural Gas",Central Air,Open Parking,520000.0,15201,2022/3/1,264372.2973,52.33108108,"Single Family Residence, Residential",1928,2,3,1611.0,sqft,"Forced Air, Natural Gas",Window A/C,Open Parking,385000.0,2.0,1.0,False,25.961538461538463,medium,0,0,-28,-861.77,equal,p2_newer,medium_equal
11612569,11615073,15201,2022/4/1,172441.0256,52.69230769,"Single Family Residence, Residential",1910,1,2,1572.0,sqft,"Forced Air, Natural Gas",Central Air,unknown,325000.0,15201,2022/4/1,143074.359,23.64102564,"Townhouse, Residential",1947,2,2,2500.0,sqft,"Forced Air, Natural Gas",Central Air,unknown,145900.0,2.0,1.0,False,55.10769230769231,easy,0,-1,-37,-928.0,equal,p2_newer,easy_equal
11275354,11614963,15201,2022/5/1,234402.5,21.1,"Single Family Residence, Residential",1950,1,3,3598.0,sqft,"Forced Air, Natural Gas",Central Air,unknown,300000.0,15201,2022/5/1,234476.9231,19.69230769,"Single Family Residence, Residential",1950,2,3,5342.0,sqft,"Forced Air, Natural Gas",Window A/C,unknown,235000.0,2.0,1.0,False,21.666666666666668,hard,0,-1,0,-1744.0,equal,similar,hard_equal
11513224,11614885,15201,2022/5/1,248211.236,31.75280899,"Single Family Residence, Residential",1890,1,2,718.74,sqft,Natural Gas,Central Air,Open Parking,340000.0,15201,2022/5/1,207974.359,21.79487179,"Single Family Residence, Residential",1900,2,4,2021.0,sqft,"Forced Air, Natural Gas",Window A/C,Open Parking,250000.0,2.0,1.0,False,26.47058823529412,medium,-2,-1,-10,-1302.26,p2_more,similar,medium_p2_more
11514115,11612273,15201,2022/5/1,231695.6522,31.43478261,"Single Family Residence, Residential",1890,1,2,43560.0,sqft,"Forced Air, Natural Gas",Central Air,Open Parking,271000.0,15201,2022/5/1,254528.2051,20.87179487,"Single Family Residence, Residential",1920,2,3,884.27,sqft,"Forced Air, Natural Gas",Central Air,Open Parking,335000.0,1.0,2.0,False,19.1044776119403,hard,-1,-1,-30,42675.73,p2_more,p2_newer,hard_p2_more
11612273,11614885,15201,2022/5/1,254528.2051,20.87179487,"Single Family Residence, Residential",1920,2,3,884.27,sqft,"Forced Air, Natural Gas",Central Air,Open Parking,335000.0,15201,2022/5/1,207974.359,21.79487179,"Single Family Residence, Residential",1900,2,4,2021.0,sqft,"Forced Air, Natural Gas",Window A/C,Open Parking,250000.0,2.0,1.0,False,25.37313432835821,medium,-1,0,20,-1136.73,p2_more,p1_slight,medium_p2_more
11612628,11614963,15201,2022/5/1,271615.3846,32.0,"Single Family Residence, Residential",1900,1,3,2178.0,sqft,"Forced Air, Natural Gas","Central Air, Electric",unknown,295000.0,15201,2022/5/1,234476.9231,19.69230769,"Single Family Residence, Residential",1950,2,3,5342.0,sqft,"Forced Air, Natural Gas",Window A/C,unknown,235000.0,2.0,1.0,False,20.33898305084746,hard,0,-1,-50,-3164.0,equal,p2_newer,hard_equal
11326093,11369430,15202,2019/10/1,144148.0,29.0,SingleFamily,1913,2,4,3049.0,sqft,"Forced air, Gas",Central,unknown,170000.0,15202,2019/10/1,143935.0833,18.75,SingleFamily,1959,2,2,7104.0,sqft,"Forced air, Gas",Central,unknown,140500.0,,1.0,False,17.352941176470587,hard,2,0,-46,-4055.0,p1_much,p2_newer,hard_p1_much
11326100,11369375,15202,2019/10/1,198997.6,28.4,SingleFamily,1915,3,6,4456.0,sqft,Other,Central,unknown,188500.0,15202,2019/10/1,172973.2727,26.36363636,SingleFamily,1925,3,4,7000.0,sqft,"Other, Gas",Central,unknown,270000.0,1.0,2.0,False,30.185185185185187,medium,2,0,-10,-2544.0,p1_much,similar,medium_p1_much
11368208,11369430,15202,2019/10/1,145097.2222,28.88888889,SingleFamily,1930,2,3,6019.0,sqft,"Forced air, Gas",Central,unknown,172000.0,15202,2019/10/1,143935.0833,18.75,SingleFamily,1959,2,2,7104.0,sqft,"Forced air, Gas",Central,unknown,140500.0,,1.0,False,18.313953488372093,hard,1,0,-29,-1085.0,p1_slight,p2_newer,hard_p1_slight
11267395,11405230,15202,2019/11/1,178294.6667,21.0,SingleFamily,1911,3,5,3200.0,sqft,"Forced air, Gas",Central,unknown,174000.0,15202,2019/11/1,218586.5,19.9,SingleFamily,1900,2,4,7501.0,sqft,"Other, Gas",Wall,unknown,285000.0,1.0,2.0,False,38.94736842105263,medium,1,1,11,-4301.0,p1_slight,p1_slight,medium_p1_slight
11368206,11368769,15202,2019/11/1,161090.1667,16.66666667,SingleFamily,1960,2,2,6708.0,sqft,"Other, Forced air, Gas",Central,unknown,127500.0,15202,2019/11/1,165725.1111,18.0,"Single Family Residence, Residential",1920,3,3,4678.0,sqft,"Forced Air, Natural Gas","Window A/C, Central Air",unknown,187320.0,1.0,2.0,False,31.934657270980143,medium,-1,-1,40,2030.0,p2_more,p1_much,medium_p2_more
11368206,11369892,15202,2019/11/1,161090.1667,16.66666667,SingleFamily,1960,2,2,6708.0,sqft,"Other, Forced air, Gas",Central,unknown,127500.0,15202,2019/11/1,149603.6667,23.66666667,SingleFamily,1920,2,3,5000.0,sqft,"Other, Gas",Wall,unknown,179000.0,,2.0,False,28.77094972067039,medium,-1,0,40,1708.0,p2_more,p1_much,medium_p2_more
11267319,11323060,15202,2019/12/1,135835.0,28.15384615,SingleFamily,1925,1,3,2591.0,sqft,Other,unknown,unknown,131000.0,15202,2019/12/1,118218.7778,10.77777778,SingleFamily,1900,2,2,3750.0,sqft,Other,unknown,unknown,105000.0,2.0,1.0,False,19.84732824427481,hard,1,-1,25,-1159.0,p1_slight,p1_much,hard_p1_slight
11326261,11326478,15202,2019/8/1,140854.1176,10.0,SingleFamily,1950,2,3,6372.0,sqft,"Forced air, Gas",Central,Garage - Attached,142500.0,15202,2019/8/1,139126.6471,14.70588235,SingleFamily,1910,2,5,2901.0,sqft,"Gas, Forced air, Electric",Central,On-street,196100.0,1.0,2.0,False,27.33299337072922,medium,-2,0,40,3471.0,p2_more,p1_much,medium_p2_more
11267407,11369420,15202,2020/10/1,185333.4615,33.69230769,"Single Family Residence, Residential",1900,2,4,5201.0,sqft,"Forced Air, Natural Gas",Electric,unknown,232000.0,15202,2020/10/1,168256.4286,11.28571429,"Single Family Residence, Residential",1950,2,3,4673.0,sqft,"Forced Air, Natural Gas",Central Air,unknown,175123.0,2.0,1.0,False,24.51594827586207,hard,1,0,-50,528.0,p1_slight,p2_newer,hard_p1_slight
11267407,11404590,15202,2020/10/1,185333.4615,33.69230769,"Single Family Residence, Residential",1900,2,4,5201.0,sqft,"Forced Air, Natural Gas",Electric,unknown,232000.0,15202,2020/10/1,166234.6667,15.0,"Single Family Residence, Residential",1930,1,3,7875.0,sqft,"Forced Air, Natural Gas",Window A/C,unknown,164900.0,,1.0,False,28.922413793103445,medium,1,1,-30,-2674.0,p1_slight,p2_newer,medium_p1_slight
11325177,11325854,15202,2020/10/1,166737.4615,17.53846154,"Single Family Residence, Residential",1940,1,3,4499.0,sqft,Natural Gas,Central Air,Attached Garage,170000.0,15202,2020/10/1,142493.4,23.6,"Single Family Residence, Residential",1926,1,4,3500.0,sqft,"Forced Air, Natural Gas","Central Air, Electric",Off Street,133250.0,2.0,1.0,False,21.61764705882353,hard,-1,0,14,999.0,p2_more,p1_slight,hard_p2_more
11325854,11368226,15202,2020/10/1,142493.4,23.6,"Single Family Residence, Residential",1926,1,4,3500.0,sqft,"Forced Air, Natural Gas","Central Air, Electric",Off Street,133250.0,15202,2020/10/1,168902.2857,14.0,"Single Family Residence, Residential",1950,1,3,6000.0,sqft,"Forced Air, Natural Gas",Central Air,Open Parking,174500.0,,2.0,False,23.638968481375358,hard,1,0,-24,-2500.0,p1_slight,p2_newer,hard_p1_slight
11367842,11369959,15202,2020/10/1,200236.4706,25.76470588,"Single Family Residence, Residential",1955,1,3,8250.0,sqft,"Forced Air, Natural Gas",Central Air,unknown,225000.0,15202,2020/10/1,171000.0,20.0,"Single Family Residence, Residential",1955,1,2,0.33,Acres,"Forced Air, Natural Gas",Central Air,unknown,169900.0,2.0,1.0,False,24.488888888888887,hard,1,0,0,8249.67,p1_slight,similar,hard_p1_slight
11369420,11404830,15202,2020/10/1,168256.4286,11.28571429,"Single Family Residence, Residential",1950,2,3,4673.0,sqft,"Forced Air, Natural Gas",Central Air,unknown,175123.0,15202,2020/10/1,196706.75,23.75,"Single Family Residence, Residential",1930,3,4,5440.0,sqft,"Radiant, Natural Gas",Window A/C,unknown,385000.0,1.0,2.0,False,54.51350649350649,easy,-1,-1,20,-767.0,p2_more,p1_slight,easy_p2_more
11369959,11404830,15202,2020/10/1,171000.0,20.0,"Single Family Residence, Residential",1955,1,2,0.33,Acres,"Forced Air, Natural Gas",Central Air,unknown,169900.0,15202,2020/10/1,196706.75,23.75,"Single Family Residence, Residential",1930,3,4,5440.0,sqft,"Radiant, Natural Gas",Window A/C,unknown,385000.0,1.0,2.0,False,55.87012987012987,easy,-2,-2,25,-5439.67,p2_more,p1_much,easy_p2_more
11325852,11326499,15202,2020/2/1,137994.8889,19.16666667,SingleFamily,1925,2,3,3516.0,sqft,Other,Central,unknown,152000.0,15202,2020/2/1,122423.9362,15.87234043,"Single Family Residence, Residential",1970,2,2,6973.0,sqft,"Forced Air, Natural Gas","Window A/C, Central Air",unknown,121000.0,2.0,1.0,False,20.394736842105264,hard,1,0,-45,-3457.0,p1_slight,p2_newer,hard_p1_slight
11325852,11369586,15202,2020/2/1,137994.8889,19.16666667,SingleFamily,1925,2,3,3516.0,sqft,Other,Central,unknown,152000.0,15202,2020/2/1,110738.7273,51.81818182,SingleFamily,1920,1,2,7361.0,sqft,"Forced air, Gas",Central,unknown,107000.0,2.0,1.0,False,29.605263157894733,medium,1,1,5,-3845.0,p1_slight,p1_slight,medium_p1_slight
11326391,11368634,15202,2020/2/1,164240.0769,19.30769231,SingleFamily,1950,2,4,7074.0,sqft,"Forced air, Gas",Central,unknown,157250.0,15202,2020/2/1,193953.25,23.0,SingleFamily,1929,3,5,3463.0,sqft,Other,Central,unknown,220000.0,1.0,2.0,False,28.522727272727273,medium,-1,-1,21,3611.0,p2_more,p1_much,medium_p2_more
11368177,11368318,15202,2020/3/1,159799.4167,13.91666667,SingleFamily,1955,2,3,8757.0,sqft,"Other, Forced air, Gas",Central,unknown,159000.0,15202,2020/3/1,161178.0,19.0,SingleFamily,1940,2,4,5401.0,sqft,"Gas, Forced air, Heat pump",Central,unknown,230000.0,,2.0,False,30.869565217391305,medium,-1,0,15,3356.0,p2_more,p1_slight,medium_p2_more
11267341,11325513,15202,2020/6/1,148788.0,25.3,SingleFamily,1925,2,3,3345.0,sqft,Other,Central,unknown,148000.0,15202,2020/6/1,162079.0,19.0,SingleFamily,1917,1,3,2960.0,sqft,"Forced air, Gas","Central, Wall",unknown,185000.0,1.0,2.0,False,20.0,hard,0,1,8,385.0,equal,p1_slight,hard_equal
11267350,11405002,15202,2020/6/1,205413.7273,19.0,SingleFamily,1949,1,3,0.83,Acres,"Forced air, Gas",Central,unknown,211000.0,15202,2020/6/1,241194.6,29.2,SingleFamily,1924,2,4,8067.0,sqft,"Forced air, Gas",Central,unknown,315000.0,1.0,2.0,False,33.01587301587301,medium,-1,-1,25,-8066.17,p2_more,p1_much,medium_p2_more
11368143,11405002,15202,2020/6/1,226848.0,18.0,SingleFamily,1950,2,3,9970.0,sqft,Other,Central,unknown,238000.0,15202,2020/6/1,241194.6,29.2,SingleFamily,1924,2,4,8067.0,sqft,"Forced air, Gas",Central,unknown,315000.0,1.0,2.0,False,24.444444444444443,hard,-1,0,26,1903.0,p2_more,p1_much,hard_p2_more
11267329,11368375,15202,2020/7/1,150983.5,23.8,SingleFamily,1930,1,3,3898.0,sqft,Other,Central,unknown,141000.0,15202,2020/7/1,176438.6,18.4,SingleFamily,1960,2,2,4000.0,sqft,"Forced air, Gas",Other,unknown,173000.0,,2.0,False,18.497109826589593,hard,1,-1,-30,-102.0,p1_slight,p2_newer,hard_p1_slight
11325151,11325526,15202,2020/7/1,135837.6667,23.0,SingleFamily,1927,2,3,5318.0,sqft,"Other, Forced air, Gas",Central,unknown,147000.0,15202,2020/7/1,171644.8889,24.22222222,SingleFamily,1934,1,3,4160.0,sqft,"Gas, Forced air, Baseboard, Electric",Central,unknown,180500.0,1.0,2.0,False,18.559556786703602,hard,0,1,-7,1158.0,equal,similar,hard_equal
11325526,11369347,15202,2020/7/1,171644.8889,24.22222222,SingleFamily,1934,1,3,4160.0,sqft,"Gas, Forced air, Baseboard, Electric",Central,unknown,180500.0,15202,2020/7/1,146480.8889,17.77777778,SingleFamily,1930,2,3,5327.0,sqft,Other,wall unit,unknown,146500.0,2.0,1.0,False,18.83656509695291,hard,0,-1,4,-1167.0,equal,p1_slight,hard_equal
11326000,11369410,15202,2020/7/1,169566.3333,24.77777778,SingleFamily,1896,2,4,4773.0,sqft,Other,unknown,unknown,156000.0,15202,2020/7/1,181522.5556,16.66666667,SingleFamily,1930,2,2,3001.0,sqft,Other,unknown,unknown,195000.0,1.0,2.0,False,20.0,hard,2,0,-34,1772.0,p1_much,p2_newer,hard_p1_much
11367766,11405320,15202,2020/7/1,284596.25,17.15,SingleFamily,1900,4,3,4077.0,sqft,"Other, Gas",Central,unknown,300000.0,15202,2020/7/1,264348.0,21.0,SingleFamily,1897,2,4,10349.0,sqft,Other,Central,unknown,227000.0,,1.0,False,24.333333333333336,hard,-1,2,3,-6272.0,p2_more,p1_slight,hard_p2_more
11367911,11368577,15202,2020/7/1,202043.0833,14.16666667,SingleFamily,1932,2,3,5950.0,sqft,Other,Central,unknown,231000.0,15202,2020/7/1,171393.3,26.2,SingleFamily,1930,2,4,3675.0,sqft,"Forced air, Gas",Other,unknown,172000.0,,1.0,False,25.541125541125542,medium,-1,0,2,2275.0,p2_more,p1_slight,medium_p2_more
11368054,11405320,15202,2020/7/1,284203.8,15.6,SingleFamily,1922,2,4,5884.0,sqft,"Forced air, Gas",Central,unknown,335000.0,15202,2020/7/1,264348.0,21.0,SingleFamily,1897,2,4,10349.0,sqft,Other,Central,unknown,227000.0,2.0,1.0,False,32.23880597014925,medium,0,0,25,-4465.0,equal,p1_much,medium_equal
11404834,11405320,15202,2020/7/1,245059.0,26.2,SingleFamily,1927,3,4,6225.0,sqft,"Radiant, Gas",Wall,unknown,310000.0,15202,2020/7/1,264348.0,21.0,SingleFamily,1897,2,4,10349.0,sqft,Other,Central,unknown,227000.0,2.0,1.0,False,26.7741935483871,medium,0,1,30,-4124.0,equal,p1_much,medium_equal
11326148,11368531,15202,2020/9/1,194461.2727,17.81818182,"Single Family Residence, Residential",1909,2,6,6000.0,sqft,"Forced Air, Natural Gas",Window A/C,Open Parking,208850.0,15202,2020/9/1,230058.5455,29.18181818,"Single Family Residence, Residential",1900,2,6,3571.0,sqft,"Natural Gas, Baseboard",Central Air,Open Parking,320000.0,1.0,2.0,False,34.734375,medium,0,0,9,2429.0,equal,p1_slight,medium_equal
11267283,11326717,15202,2021/11/1,134763.6522,10.0,"Single Family Residence, Residential",1925,3,3,5227.0,sqft,"Forced Air, Natural Gas",Central Air,unknown,267000.0,15202,2021/11/1,158520.0075,27.0,"Single Family Residence, Residential",1960,1,3,0.61,Acres,"Forced Air, Natural Gas",Central Air,unknown,120000.0,,1.0,False,55.0561797752809,easy,0,2,-35,5226.39,equal,p2_newer,easy_equal
11322827,11326717,15202,2021/11/1,161877.7778,32.0,"Single Family Residence, Residential",1910,3,2,5000.0,sqft,"Hot Water, Natural Gas",Central Air,unknown,200000.0,15202,2021/11/1,158520.0075,27.0,"Single Family Residence, Residential",1960,1,3,0.61,Acres,"Forced Air, Natural Gas",Central Air,unknown,120000.0,2.0,1.0,False,40.0,medium,-1,2,-50,4999.39,p2_more,p2_newer,medium_p2_more
11325618,11326717,15202,2021/11/1,172332.2034,12.88135593,"Single Family Residence, Residential",1910,2,3,6547.0,sqft,"Forced Air, Natural Gas",Window A/C,unknown,165000.0,15202,2021/11/1,158520.0075,27.0,"Single Family Residence, Residential",1960,1,3,0.61,Acres,"Forced Air, Natural Gas",Central Air,unknown,120000.0,2.0,1.0,False,27.27272727272727,medium,0,1,-50,6546.39,equal,p2_newer,medium_equal
11368621,11404678,15202,2021/12/1,191586.7133,24.12587413,"Single Family Residence, Residential",1900,2,4,3885.0,sqft,"Forced Air, Natural Gas",Central Air,unknown,160000.0,15202,2021/12/1,207077.7778,11.80555556,"Single Family Residence, Residential",1930,1,2,7300.0,sqft,"Forced Air, Natural Gas",Window A/C,unknown,195000.0,1.0,2.0,False,17.94871794871795,hard,2,1,-30,-3415.0,p1_much,p2_newer,hard_p1_much
11267606,11368107,15202,2021/6/1,259718.9545,28.81818182,"Single Family Residence, Residential",1900,2,5,7400.0,sqft,"Forced Air, Natural Gas","Central Air, Electric",unknown,350000.0,15202,2021/6/1,290581.0,15.0,"Single Family Residence, Residential",1960,2,4,0.4,Acres,Natural Gas,Electric,unknown,242500.0,2.0,1.0,False,30.714285714285715,medium,1,0,-60,7399.6,p1_slight,p2_newer,medium_p1_slight
11267643,11368842,15202,2021/6/1,161280.5455,25.77272727,"Single Family Residence, Residential",1939,2,3,3332.0,sqft,Natural Gas,Central Air,unknown,164614.0,15202,2021/6/1,197001.7273,21.72727273,"Single Family Residence, Residential",1897,2,3,3192.0,sqft,"Forced Air, Natural Gas",Central Air,unknown,235000.0,1.0,2.0,False,29.951489361702127,medium,0,0,42,140.0,equal,p1_much,medium_equal
11325870,11368842,15202,2021/6/1,176509.6667,20.0,"Single Family Residence, Residential",1950,2,3,4303.0,sqft,Natural Gas,Central Air,unknown,180000.0,15202,2021/6/1,197001.7273,21.72727273,"Single Family Residence, Residential",1897,2,3,3192.0,sqft,"Forced Air, Natural Gas",Central Air,unknown,235000.0,1.0,2.0,False,23.404255319148938,hard,0,0,53,1111.0,equal,p1_much,hard_equal
11367885,11367916,15202,2021/6/1,295875.6667,16.80952381,"Single Family Residence, Residential",1980,4,4,7500.0,sqft,"Forced Air, Natural Gas",unknown,unknown,227925.0,15202,2021/6/1,246784.1818,26.72727273,"Single Family Residence, Residential",1939,1,3,0.28,Acres,Natural Gas,unknown,unknown,325000.0,1.0,2.0,False,29.86923076923077,medium,1,3,41,7499.72,p1_slight,p1_much,medium_p1_slight
11368228,11369431,15202,2021/6/1,158407.0,25.09090909,"Single Family Residence, Residential",1934,1,3,5998.0,sqft,"Hot Water, Natural Gas",Window A/C,unknown,186000.0,15202,2021/6/1,159484.7273,15.72727273,"Single Family Residence, Residential",1955,1,2,7078.0,sqft,Natural Gas,Central Air,unknown,152500.0,2.0,1.0,False,18.010752688172044,hard,1,0,-21,-1080.0,p1_slight,p2_newer,hard_p1_slight
11368580,11369431,15202,2021/6/1,191319.2727,32.72727273,"Single Family Residence, Residential",1915,2,3,3746.0,sqft,"Forced Air, Natural Gas",Central Air,unknown,188000.0,15202,2021/6/1,159484.7273,15.72727273,"Single Family Residence, Residential",1955,1,2,7078.0,sqft,Natural Gas,Central Air,unknown,152500.0,2.0,1.0,False,18.882978723404257,hard,1,1,-40,-3332.0,p1_slight,p2_newer,hard_p1_slight
11368842,11405093,15202,2021/6/1,197001.7273,21.72727273,"Single Family Residence, Residential",1897,2,3,3192.0,sqft,"Forced Air, Natural Gas",Central Air,unknown,235000.0,15202,2021/6/1,208268.0,18.0,"Single Family Residence, Residential",1960,2,2,5963.0,sqft,"Forced Air, Natural Gas",Central Air,unknown,164500.0,2.0,1.0,False,30.0,medium,1,0,-63,-2771.0,p1_slight,p2_newer,medium_p1_slight
11325144,11325502,15202,2021/8/1,214066.6667,19.0,"Single Family Residence, Residential",1934,2,4,2561.0,sqft,"Radiant, Other",Window A/C,unknown,155000.0,15202,2021/8/1,196000.0,16.0,"Single Family Residence, Residential",1926,1,3,2800.0,sqft,"Forced Air, Natural Gas",Central Air,unknown,198000.0,1.0,2.0,False,21.71717171717172,hard,1,1,8,-239.0,p1_slight,p1_slight,hard_p1_slight
11325144,11326672,15202,2021/8/1,214066.6667,19.0,"Single Family Residence, Residential",1934,2,4,2561.0,sqft,"Radiant, Other",Window A/C,unknown,155000.0,15202,2021/8/1,194600.0,20.0,"Single Family Residence, Residential",1930,2,3,3393.0,sqft,Natural Gas,Central Air,unknown,226600.0,1.0,2.0,False,31.597528684907328,medium,1,0,4,-832.0,p1_slight,p1_slight,medium_p1_slight
11325144,11370045,15202,2021/8/1,214066.6667,19.0,"Single Family Residence, Residential",1934,2,4,2561.0,sqft,"Radiant, Other",Window A/C,unknown,155000.0,15202,2021/8/1,204326.8421,10.52631579,"Townhouse, Residential",1985,2,2,1224.0,sqft,"Forced Air, Natural Gas",Central Air,unknown,205000.0,1.0,2.0,False,24.390243902439025,hard,2,0,-51,1337.0,p1_much,p2_newer,hard_p1_much
11369114,11369409,15202,2021/8/1,157500.0,19.0,"Single Family Residence, Residential",1950,1,2,8498.0,sqft,"Forced Air, Natural Gas",Central Air,unknown,155000.0,15202,2021/8/1,177100.0,16.44444444,"Single Family Residence, Residential",1931,1,3,4800.0,sqft,Natural Gas,Window A/C,unknown,127000.0,,1.0,False,18.064516129032256,hard,-1,0,19,3698.0,p2_more,p1_slight,hard_p2_more
11325997,11326051,15202,2022/6/1,196200.0,21.0,"Single Family Residence, Residential",1985,2,3,5227.0,sqft,Natural Gas,Electric,unknown,220000.0,15202,2022/6/1,156844.4444,28.74074074,"Single Family Residence, Residential",1925,1,3,3358.0,sqft,"Forced Air, Natural Gas","Central Air, Electric",unknown,180000.0,,1.0,False,18.181818181818183,hard,0,1,60,1869.0,equal,p1_much,hard_equal
11326034,11326051,15202,2022/6/1,176020.0,11.4,"Single Family Residence, Residential",1906,2,2,3624.0,sqft,"Forced Air, Natural Gas",Central Air,unknown,225000.0,15202,2022/6/1,156844.4444,28.74074074,"Single Family Residence, Residential",1925,1,3,3358.0,sqft,"Forced Air, Natural Gas","Central Air, Electric",unknown,180000.0,2.0,1.0,False,20.0,hard,-1,1,-19,266.0,p2_more,similar,hard_p2_more
11326051,11404934,15202,2022/6/1,156844.4444,28.74074074,"Single Family Residence, Residential",1925,1,3,3358.0,sqft,"Forced Air, Natural Gas","Central Air, Electric",unknown,180000.0,15202,2022/6/1,127463.5714,43.71428571,"Single Family Residence, Residential",1862,2,3,10489.0,sqft,"Forced Air, Natural Gas","Central Air, Electric",unknown,149900.0,2.0,1.0,False,16.72222222222222,hard,0,-1,63,-7131.0,equal,p1_much,hard_equal
11325474,11325586,15202,2022/7/1,166046.3902,25.70731707,"Single Family Residence, Residential",1924,2,3,3571.0,sqft,"Hot Water, Electric",Wall Unit(s),unknown,175000.0,15202,2022/7/1,131284.122,25.34146341,"Single Family Residence, Residential",1950,2,2,4621.0,sqft,"Forced Air, Natural Gas","Central Air, Electric",unknown,115000.0,2.0,1.0,False,34.285714285714285,medium,1,0,-26,-1050.0,p1_slight,p2_newer,medium_p1_slight
11307787,11315242,15203,2019/10/1,235791.8462,28.46153846,"Single Family Residence, Residential",1890,3,3,1598.0,sqft,"Forced Air, Electric",Central Air,unknown,335000.0,15203,2019/10/1,288408.4,34.65,SingleFamily,1901,2,2,2400.0,sqft,"Forced air, Gas",Central,unknown,259694.0,2.0,1.0,False,22.479402985074625,hard,1,1,-11,-802.0,p1_slight,similar,hard_p1_slight
11427052,118479535,15203,2020/11/1,382030.6154,16.38461538,"Single Family Residence, Residential",1880,3,3,2757.0,sqft,"Forced Air, Natural Gas",Central Air,unknown,306000.0,15203,2020/11/1,435638.8,21.0,"Townhouse, Residential",2012,3,3,1328.0,sqft,"Forced Air, Natural Gas","Central Air, Electric",unknown,407000.0,1.0,2.0,False,24.815724815724817,hard,0,0,-132,1429.0,equal,p2_newer,hard_equal
11307330,11475093,15203,2020/7/1,222259.322,26.27118644,"Single Family Residence, Residential",1890,2,3,1450.0,sqft,"Forced Air, Natural Gas",Central Air,unknown,295900.0,15203,2020/7/1,179109.2727,17.90909091,SingleFamily,1900,3,4,1742.0,sqft,"Other, Forced air",Other,unknown,189000.0,2.0,1.0,False,36.12706995606624,medium,-1,-1,-10,-292.0,p2_more,similar,medium_p2_more
11474468,11474691,15203,2020/9/1,342020.6,31.6,"Single Family Residence, Residential",1890,3,3,1846.0,sqft,"Forced Air, Natural Gas","Central Air, Electric",Open Parking,350000.0,15203,2020/9/1,273908.2727,12.90909091,SingleFamily,1992,2,3,1530.0,sqft,"Forced air, Gas",Central,Off-street,280000.0,2.0,1.0,False,20.0,hard,0,1,-102,316.0,equal,p2_newer,hard_equal
11291448,11307755,15203,2021/12/1,219873.9437,33.45070423,"Single Family Residence, Residential",1900,3,3,1197.0,sqft,"Natural Gas, Baseboard",Window A/C,unknown,245000.0,15203,2021/12/1,193830.2158,16.92805755,"Single Family Residence, Residential",1898,2,4,1197.0,sqft,"Forced Air, Natural Gas",Central Air,unknown,191900.0,2.0,1.0,False,21.6734693877551,hard,-1,1,2,0.0,p2_more,p1_slight,hard_p2_more
11307755,11307804,15203,2021/12/1,193830.2158,16.92805755,"Single Family Residence, Residential",1898,2,4,1197.0,sqft,"Forced Air, Natural Gas",Central Air,unknown,191900.0,15203,2021/12/1,223089.2086,13.10791367,"Single Family Residence, Residential",1870,3,2,1520.0,sqft,"Forced Air, Natural Gas",Central Air,unknown,241000.0,1.0,2.0,False,20.37344398340249,hard,2,-1,28,-323.0,p1_much,p1_much,hard_p1_much
11291097,248643304,15203,2021/3/1,424327.25,14.08333333,"Single Family Residence, Residential",2012,5,3,1197.0,sqft,"Forced Air, Natural Gas",Central Air,unknown,415000.0,15203,2021/3/1,347826.2,65.1,SingleFamily,2019,3,2,1197.0,sqft,"Forced air, Gas",Central,unknown,550000.0,1.0,2.0,False,24.545454545454547,hard,1,2,-7,0.0,p1_slight,similar,hard_p1_slight
11290490,11291939,15203,2021/4/1,199150.5714,13.64285714,"Single Family Residence, Residential",1907,1,1,1280.0,sqft,"Forced Air, Natural Gas",Central Air,Open Parking,195000.0,15203,2021/4/1,170436.9231,22.46153846,"Single Family Residence, Residential",1900,2,2,871.2,sqft,"Forced Air, Natural Gas",Electric,Open Parking,125000.0,2.0,1.0,False,35.8974358974359,medium,-1,-1,7,408.79999999999995,p2_more,p1_slight,medium_p2_more
11291853,11291939,15203,2021/4/1,172416.0769,26.53846154,"Single Family Residence, Residential",1900,1,2,901.69,sqft,"Forced Air, Natural Gas",Window A/C,Open Parking,165000.0,15203,2021/4/1,170436.9231,22.46153846,"Single Family Residence, Residential",1900,2,2,871.2,sqft,"Forced Air, Natural Gas",Electric,Open Parking,125000.0,2.0,1.0,False,24.242424242424242,hard,0,-1,0,30.49000000000001,equal,similar,hard_equal
11290690,11291065,15203,2021/5/1,285450.9091,15.36363636,"Single Family Residence, Residential",1997,2,2,1023.0,sqft,"Forced Air, Natural Gas",Central Air,unknown,263350.0,15203,2021/5/1,340402.3333,23.0,"Single Family Residence, Residential",1902,2,3,1176.0,sqft,"Forced Air, Natural Gas",Electric,unknown,325000.0,1.0,2.0,False,18.96923076923077,hard,-1,0,95,-153.0,p2_more,p1_much,hard_p2_more
11474576,11474644,15203,2021/5/1,219323.6667,22.66666667,"Single Family Residence, Residential",1900,1,3,1271.0,sqft,"Forced Air, Natural Gas",Central Air,Open Parking,178000.0,15203,2021/5/1,205094.625,36.5,"Single Family Residence, Residential",1903,2,2,1200.0,sqft,"Forced Air, Natural Gas","Central Air, Electric",Open Parking,220000.0,1.0,2.0,False,19.090909090909093,hard,1,-1,-3,71.0,p1_slight,similar,hard_p1_slight
11290740,11307920,15203,2021/6/1,162765.5,13.0,"Single Family Residence, Residential",1915,2,3,1398.0,sqft,Natural Gas,"Central Air, Electric",Open Parking,261500.0,15203,2021/6/1,168712.4444,27.88888889,"Single Family Residence, Residential",1909,1,4,2740.0,sqft,"Forced Air, Natural Gas","Central Air, Electric",Open Parking,151915.0,2.0,1.0,False,41.90630975143404,easy,-1,1,6,-1342.0,p2_more,p1_slight,easy_p2_more
11291280,11307920,15203,2021/6/1,193946.4,25.0,"Single Family Residence, Residential",1910,2,2,1197.0,sqft,Natural Gas,Electric,Open Parking,215000.0,15203,2021/6/1,168712.4444,27.88888889,"Single Family Residence, Residential",1909,1,4,2740.0,sqft,"Forced Air, Natural Gas","Central Air, Electric",Open Parking,151915.0,2.0,1.0,False,29.34186046511628,medium,-2,1,1,-1543.0,p2_more,p1_slight,medium_p2_more
11478993,11592728,15204,2021/12/1,164405.0847,17.3220339,"Single Family Residence, Residential",1929,2,3,4800.0,sqft,"Forced Air, Natural Gas","Window A/C, Electric",unknown,187000.0,15204,2021/12/1,145599.2537,24.73880597,"Single Family Residence, Residential",1900,2,4,6438.0,sqft,Natural Gas,Central Air,unknown,150000.0,2.0,1.0,False,19.786096256684495,hard,-1,0,29,-1638.0,p2_more,p1_much,hard_p2_more
11479796,11592728,15204,2021/12/1,143640.1361,39.60544218,"Single Family Residence, Residential",1935,1,3,6599.0,sqft,"Forced Air, Natural Gas",Central Air,unknown,218000.0,15204,2021/12/1,145599.2537,24.73880597,"Single Family Residence, Residential",1900,2,4,6438.0,sqft,Natural Gas,Central Air,unknown,150000.0,2.0,1.0,False,31.19266055045872,medium,-1,-1,35,161.0,p2_more,p1_much,medium_p2_more
11482811,11592404,15204,2021/2/1,118389.4167,32.75,"Single Family Residence, Residential",1930,1,3,3402.0,sqft,Natural Gas,Central Air,unknown,150000.0,15204,2021/2/1,125286.3333,27.0,"Single Family Residence, Residential",1959,1,2,5520.0,sqft,"Forced Air, Natural Gas",Central Air,unknown,125000.0,2.0,1.0,False,16.666666666666664,hard,1,0,-29,-2118.0,p1_slight,p2_newer,hard_p1_slight
11479426,11483376,15204,2022/5/1,189040.0,19.0,"Single Family Residence, Residential",1941,2,3,3301.0,sqft,"Forced Air, Natural Gas",Central Air,unknown,225000.0,15204,2022/5/1,168680.0,16.8,"Single Family Residence, Residential",1910,2,4,2500.0,sqft,Natural Gas,Central Air,unknown,185000.0,2.0,1.0,False,17.77777777777778,hard,-1,0,31,801.0,p2_more,p1_much,hard_p2_more
11479469,11482836,15204,2022/7/1,107320.8889,39.66666667,"Single Family Residence, Residential",1945,1,2,3898.0,sqft,Hot Water,Window A/C,unknown,202500.0,15204,2022/7/1,105586.6667,39.03333333,"Single Family Residence, Residential",1900,1,3,3998.0,sqft,Natural Gas,Central Air,unknown,144000.0,2.0,1.0,False,28.888888888888886,medium,-1,0,45,-100.0,p2_more,p1_much,medium_p2_more
11476246,11476494,15205,2019/12/1,198672.5,16.3,SingleFamily,1910,4,3,9256.0,sqft,Other,unknown,unknown,192000.0,15205,2019/12/1,196313.1538,26.69230769,SingleFamily,1906,3,4,6240.0,sqft,Other,unknown,unknown,289900.0,1.0,2.0,False,33.77026560883063,medium,-1,1,4,3016.0,p2_more,p1_slight,medium_p2_more
11476852,11588497,15205,2019/12/1,148757.45,13.15,SingleFamily,1955,2,3,6500.0,sqft,"Forced air, Gas",Central,Garage - Attached,172000.0,15205,2019/12/1,131161.6667,15.5,SingleFamily,1958,1,2,0.27,Acres,Other,Central,Garage - Attached,114000.0,,1.0,False,33.72093023255814,medium,1,1,-3,6499.73,p1_slight,similar,medium_p1_slight
11476125,11583328,15205,2019/8/1,172423.0,29.33333333,SingleFamily,1929,1,4,0.32,Acres,"Forced air, Gas",Central,unknown,148000.0,15205,2019/8/1,182672.0,26.71428571,SingleFamily,1900,2,6,7169.0,sqft,Other,Central,unknown,271000.0,,2.0,False,45.38745387453875,easy,-2,-1,29,-7168.68,p2_more,p1_much,easy_p2_more
11476125,11584615,15205,2019/8/1,172423.0,29.33333333,SingleFamily,1929,1,4,0.32,Acres,"Forced air, Gas",Central,unknown,148000.0,15205,2019/8/1,160988.4286,10.0,SingleFamily,1900,1,5,8049.0,sqft,"Forced air, Gas",Central,unknown,190000.0,1.0,2.0,False,22.105263157894736,hard,-1,0,29,-8048.68,p2_more,p1_much,hard_p2_more
11584615,11585030,15205,2019/8/1,160988.4286,10.0,SingleFamily,1900,1,5,8049.0,sqft,"Forced air, Gas",Central,unknown,190000.0,15205,2019/8/1,170765.9167,34.75,Townhouse,1977,2,3,2178.0,sqft,"Forced air, Gas",Central,unknown,145000.0,2.0,1.0,False,23.684210526315788,hard,2,-1,-77,5871.0,p1_much,p2_newer,hard_p1_much
11474120,11583633,15205,2019/9/1,146888.6923,24.84615385,SingleFamily,1963,2,2,0.3,Acres,"Forced air, Gas",Central,unknown,137500.0,15205,2019/9/1,167714.75,15.75,SingleFamily,1920,2,4,4499.0,sqft,"Forced air, Gas",Central,unknown,181500.0,1.0,2.0,False,24.242424242424242,hard,-2,0,43,-4498.7,p2_more,p1_much,hard_p2_more
11364895,11401058,15205,2020/11/1,223977.0,16.0,"Single Family Residence, Residential",1965,3,3,5558.0,sqft,"Forced Air, Natural Gas",Central Air,unknown,292000.0,15205,2020/11/1,213937.2,14.0,"Single Family Residence, Residential",1950,2,3,0.4,Acres,"Forced Air, Natural Gas","Central Air, Electric",unknown,220000.0,2.0,1.0,False,24.65753424657534,hard,0,1,15,5557.6,equal,p1_slight,hard_equal
11364895,11584996,15205,2020/11/1,223977.0,16.0,"Single Family Residence, Residential",1965,3,3,5558.0,sqft,"Forced Air, Natural Gas",Central Air,unknown,292000.0,15205,2020/11/1,193867.3333,40.33333333,"Single Family Residence, Residential",1900,3,4,5330.0,sqft,"Forced Air, Natural Gas",Central Air,unknown,235000.0,2.0,1.0,False,19.52054794520548,hard,-1,0,65,228.0,p2_more,p1_much,hard_p2_more
11473515,11473559,15205,2020/11/1,195410.0,17.0,"Single Family Residence, Residential",1959,2,3,7500.0,sqft,"Forced Air, Natural Gas",Central Air,unknown,179000.0,15205,2020/11/1,228724.2727,20.18181818,"Single Family Residence, Residential",1925,2,5,5601.0,sqft,Other,Window A/C,unknown,239900.0,1.0,2.0,False,25.38557732388495,medium,-2,0,34,1899.0,p2_more,p1_much,medium_p2_more
11473515,11584996,15205,2020/11/1,195410.0,17.0,"Single Family Residence, Residential",1959,2,3,7500.0,sqft,"Forced Air, Natural Gas",Central Air,unknown,179000.0,15205,2020/11/1,193867.3333,40.33333333,"Single Family Residence, Residential",1900,3,4,5330.0,sqft,"Forced Air, Natural Gas",Central Air,unknown,235000.0,1.0,2.0,False,23.829787234042556,hard,-1,-1,59,2170.0,p2_more,p1_much,hard_p2_more
11473515,11588386,15205,2020/11/1,195410.0,17.0,"Single Family Residence, Residential",1959,2,3,7500.0,sqft,"Forced Air, Natural Gas",Central Air,unknown,179000.0,15205,2020/11/1,186424.2,21.2,"Single Family Residence, Residential",1906,3,3,8102.0,sqft,"Forced Air, Natural Gas","Central Air, Electric",unknown,224787.0,1.0,2.0,False,20.36906048837344,hard,0,-1,53,-602.0,equal,p1_much,hard_equal
11473571,11476710,15205,2020/12/1,158794.8,14.2,"Single Family Residence, Residential",1970,1,2,2500.0,sqft,"Hot Water, Natural Gas",Electric,unknown,160000.0,15205,2020/12/1,135953.8,17.6,"Single Family Residence, Residential",1955,1,2,5000.0,sqft,"Forced Air, Natural Gas",Central Air,unknown,120100.0,2.0,1.0,False,24.9375,hard,0,0,15,-2500.0,equal,p1_slight,hard_equal
11583045,11588036,15205,2020/3/1,189581.1053,18.52631579,SingleFamily,1929,2,3,9583.0,sqft,Other,Central,unknown,218500.0,15205,2020/3/1,178654.9412,13.35294118,SingleFamily,1935,2,3,9700.0,sqft,Other,Central,unknown,177625.0,2.0,1.0,False,18.7070938215103,hard,0,0,-6,-117.0,equal,similar,hard_equal
11356134,11583100,15205,2020/4/1,149478.8182,24.18181818,SingleFamily,1955,2,3,7865.0,sqft,"Other, Electric",Central,unknown,129000.0,15205,2020/4/1,186634.0,31.2,SingleFamily,1903,2,5,4848.0,sqft,"Forced air, Gas",Central,unknown,214900.0,1.0,2.0,False,39.97208003722662,medium,-2,0,52,3017.0,p2_more,p1_much,medium_p2_more
11356134,11583316,15205,2020/4/1,149478.8182,24.18181818,SingleFamily,1955,2,3,7865.0,sqft,"Other, Electric",Central,unknown,129000.0,15205,2020/4/1,176742.6667,29.11111111,SingleFamily,1910,2,3,3794.0,sqft,"Forced air, Gas",Central,unknown,220000.0,1.0,2.0,False,41.36363636363637,easy,0,0,45,4071.0,equal,p1_much,easy_equal
11476328,11583316,15205,2020/4/1,138079.4545,20.81818182,SingleFamily,1953,1,3,0.49,Acres,Other,Central,unknown,136000.0,15205,2020/4/1,176742.6667,29.11111111,SingleFamily,1910,2,3,3794.0,sqft,"Forced air, Gas",Central,unknown,220000.0,1.0,2.0,False,38.18181818181819,medium,0,-1,43,-3793.51,equal,p1_much,medium_equal
11400839,11475703,15205,2020/6/1,215218.6667,27.25,"Single Family Residence, Residential",1948,2,3,0.42,Acres,"Forced Air, Natural Gas",Central Air,unknown,212000.0,15205,2020/6/1,220774.6667,33.91666667,"Single Family Residence, Residential",1920,3,5,5248.0,sqft,"Forced Air, Natural Gas",Central Air,unknown,305000.0,1.0,2.0,False,30.491803278688522,medium,-2,-1,28,-5247.58,p2_more,p1_much,medium_p2_more
11474020,11583197,15205,2020/6/1,155147.5,16.5,"Single Family Residence, Residential",1953,2,2,8999.0,sqft,"Forced Air, Natural Gas",Central Air,unknown,155000.0,15205,2020/6/1,167866.5,23.5,SingleFamily,1887,1,4,4499.0,sqft,Other,Central,unknown,208000.0,1.0,2.0,False,25.48076923076923,medium,-2,1,66,4500.0,p2_more,p1_much,medium_p2_more
11401069,11473403,15205,2020/7/1,212753.6,18.4,"Single Family Residence, Residential",1946,1,3,0.58,Acres,"Forced Air, Natural Gas",Central Air,unknown,208650.0,15205,2020/7/1,227770.5,24.0,SingleFamily,1920,3,5,6250.0,sqft,"Other, Gas",Central,unknown,299900.0,1.0,2.0,False,30.426808936312106,medium,-2,-2,26,-6249.42,p2_more,p1_much,medium_p2_more
11401069,11474068,15205,2020/7/1,212753.6,18.4,"Single Family Residence, Residential",1946,1,3,0.58,Acres,"Forced Air, Natural Gas",Central Air,unknown,208650.0,15205,2020/7/1,218281.875,16.875,SingleFamily,1965,2,3,9941.0,sqft,Other,Central,unknown,270000.0,1.0,2.0,False,22.72222222222222,hard,0,-1,-19,-9940.42,equal,similar,hard_equal
11257746,11320555,15205,2020/8/1,544682.0,30.0,"Single Family Residence, Residential",1955,6,4,0.44,Acres,"Forced Air, Natural Gas",Central Air,unknown,366000.0,15205,2020/8/1,454873.3636,11.90909091,"Single Family Residence, Residential",1989,4,4,0.26,Acres,"Forced Air, Natural Gas","Central Air, Electric",unknown,460000.0,1.0,2.0,False,20.434782608695652,hard,0,2,-34,0.18,equal,p2_newer,hard_equal
11356225,11583089,15205,2020/9/1,237082.8,13.6,"Single Family Residence, Residential",1950,2,3,3001.0,sqft,Natural Gas,Central Air,unknown,268000.0,15205,2020/9/1,239279.3,28.8,"Single Family Residence, Residential",1900,2,4,5265.0,sqft,"Forced Air, Natural Gas",Central Air,unknown,220000.0,2.0,1.0,False,17.91044776119403,hard,-1,0,50,-2264.0,p2_more,p1_much,hard_p2_more
11356225,11583294,15205,2020/9/1,237082.8,13.6,"Single Family Residence, Residential",1950,2,3,3001.0,sqft,Natural Gas,Central Air,unknown,268000.0,15205,2020/9/1,210254.4,12.7,"Single Family Residence, Residential",1929,2,4,7000.0,sqft,"Hot Water, Natural Gas",Window A/C,unknown,205000.0,2.0,1.0,False,23.507462686567166,hard,-1,0,21,-3999.0,p2_more,p1_much,hard_p2_more
11476631,11583604,15205,2020/9/1,190910.6364,25.09090909,"Single Family Residence, Residential",1900,3,4,2500.0,sqft,"Forced Air, Natural Gas",Central Air,unknown,193000.0,15205,2020/9/1,156775.0,15.55555556,"Single Family Residence, Residential",1958,1,3,4791.0,sqft,"Forced Air, Natural Gas",Central Air,unknown,160000.0,2.0,1.0,False,17.098445595854923,hard,1,2,-58,-2291.0,p1_slight,p2_newer,hard_p1_slight
11476631,11587882,15205,2020/9/1,190910.6364,25.09090909,"Single Family Residence, Residential",1900,3,4,2500.0,sqft,"Forced Air, Natural Gas",Central Air,unknown,193000.0,15205,2020/9/1,147217.5455,29.18181818,"Single Family Residence, Residential",1984,2,3,5760.0,sqft,"Forced Air, Natural Gas",Central Air,unknown,137000.0,2.0,1.0,False,29.015544041450774,medium,1,1,-84,-3260.0,p1_slight,p2_newer,medium_p1_slight
11583089,11583338,15205,2020/9/1,239279.3,28.8,"Single Family Residence, Residential",1900,2,4,5265.0,sqft,"Forced Air, Natural Gas",Central Air,unknown,220000.0,15205,2020/9/1,271203.3636,14.09090909,"Single Family Residence, Residential",1950,3,3,5000.0,sqft,"Hot Water, Natural Gas",Electric,unknown,266001.0,1.0,2.0,False,17.29354400923305,hard,1,-1,-50,265.0,p1_slight,p2_newer,hard_p1_slight
11320750,11583109,15205,2021/1/1,195290.2222,17.22222222,"Single Family Residence, Residential",1964,2,3,0.34,Acres,"Forced Air, Natural Gas",Central Air,unknown,215000.0,15205,2021/1/1,221401.0,18.1,"Single Family Residence, Residential",1900,2,4,3880.0,sqft,"Forced Air, Natural Gas",Central Air,unknown,267400.0,1.0,2.0,False,19.596110695587136,hard,-1,0,64,-3879.66,p2_more,p1_much,hard_p2_more
11400868,11584591,15205,2021/10/1,197969.4915,12.28813559,"Single Family Residence, Residential",1951,1,2,0.51,Acres,"Forced Air, Natural Gas",Central Air,unknown,190000.0,15205,2021/10/1,223503.3898,16.28813559,"Single Family Residence, Residential",1900,2,3,5018.0,sqft,"Forced Air, Natural Gas","Window A/C, Wall Unit(s), Electric",unknown,229000.0,1.0,2.0,False,17.03056768558952,hard,-1,-1,51,-5017.49,p2_more,p1_much,hard_p2_more
11476115,11584591,15205,2021/10/1,238633.3333,14.66666667,"Single Family Residence, Residential",1941,2,3,3520.0,sqft,Natural Gas,Central Air,unknown,169150.0,15205,2021/10/1,223503.3898,16.28813559,"Single Family Residence, Residential",1900,2,3,5018.0,sqft,"Forced Air, Natural Gas","Window A/C, Wall Unit(s), Electric",unknown,229000.0,1.0,2.0,False,26.135371179039304,medium,0,0,41,-1498.0,equal,p1_much,medium_equal
11320787,11400834,15205,2021/11/1,243863.3094,10.0,"Townhouse, Residential",1996,3,3,1960.0,sqft,Natural Gas,Central Air,unknown,260000.0,15205,2021/11/1,237559.3103,16.45517241,SingleFamily,1956,2,3,0.62,Acres,Other,Central,unknown,205000.0,2.0,1.0,False,21.153846153846153,hard,0,1,40,1959.38,equal,p1_much,hard_equal
11320787,11475843,15205,2021/11/1,243863.3094,10.0,"Townhouse, Residential",1996,3,3,1960.0,sqft,Natural Gas,Central Air,unknown,260000.0,15205,2021/11/1,213480.9524,22.95238095,"Single Family Residence, Residential",1920,2,5,5000.0,sqft,"Forced Air, Natural Gas",Window A/C,unknown,133500.0,2.0,1.0,False,48.65384615384615,easy,-2,1,76,-3040.0,p2_more,p1_much,easy_p2_more
11400834,11475843,15205,2021/11/1,237559.3103,16.45517241,SingleFamily,1956,2,3,0.62,Acres,Other,Central,unknown,205000.0,15205,2021/11/1,213480.9524,22.95238095,"Single Family Residence, Residential",1920,2,5,5000.0,sqft,"Forced Air, Natural Gas",Window A/C,unknown,133500.0,2.0,1.0,False,34.8780487804878,medium,-2,0,36,-4999.38,p2_more,p1_much,medium_p2_more
11475843,11480089,15205,2021/11/1,213480.9524,22.95238095,"Single Family Residence, Residential",1920,2,5,5000.0,sqft,"Forced Air, Natural Gas",Window A/C,unknown,133500.0,15205,2021/11/1,190338.0952,13.04761905,"Single Family Residence, Residential",1950,2,3,5353.0,sqft,"Forced Air, Natural Gas",Central Air,unknown,190500.0,1.0,2.0,False,29.92125984251969,medium,2,0,-30,-353.0,p1_much,p2_newer,medium_p1_much
11475843,11587845,15205,2021/11/1,213480.9524,22.95238095,"Single Family Residence, Residential",1920,2,5,5000.0,sqft,"Forced Air, Natural Gas",Window A/C,unknown,133500.0,15205,2021/11/1,207247.4576,18.88135593,"Single Family Residence, Residential",1905,3,3,5000.0,sqft,"Hot Water, Other",Window A/C,unknown,193500.0,1.0,2.0,False,31.007751937984494,medium,2,-1,15,0.0,p1_much,p1_slight,medium_p1_much
11256704,11473408,15205,2021/12/1,211662.0438,15.83941606,"Townhouse, Residential",1986,3,2,927.83,sqft,"Forced Air, Natural Gas","Central Air, Electric",unknown,230000.0,15205,2021/12/1,216442.8571,17.14285714,"Single Family Residence, Residential",1900,2,5,6250.0,sqft,"Forced Air, Natural Gas",Central Air,unknown,185000.0,2.0,1.0,False,19.565217391304348,hard,-3,1,86,-5322.17,p2_more,p1_much,hard_p2_more
11473408,11584960,15205,2021/12/1,216442.8571,17.14285714,"Single Family Residence, Residential",1900,2,5,6250.0,sqft,"Forced Air, Natural Gas",Central Air,unknown,185000.0,15205,2021/12/1,205284.2105,14.69172932,"Single Family Residence, Residential",1956,2,3,9683.0,sqft,Natural Gas,Central Air,unknown,239000.0,1.0,2.0,False,22.594142259414227,hard,2,0,-56,-3433.0,p1_much,p2_newer,hard_p1_much
11355726,11588309,15205,2021/4/1,182122.1667,23.75,"Single Family Residence, Residential",1929,2,3,5449.0,sqft,"Forced Air, Natural Gas",Central Air,unknown,284000.0,15205,2021/4/1,222655.0,29.0,"Single Family Residence, Residential",1926,3,4,4748.0,sqft,Natural Gas,Central Air,unknown,215000.0,2.0,1.0,False,24.295774647887324,hard,-1,-1,3,701.0,p2_more,p1_slight,hard_p2_more
11356226,11584723,15205,2021/5/1,218147.0909,13.81818182,"Single Family Residence, Residential",1955,3,3,6000.0,sqft,"Forced Air, Natural Gas",Central Air,unknown,225000.0,15205,2021/5/1,215441.1111,23.88888889,"Single Family Residence, Residential",1903,2,5,8250.0,sqft,Natural Gas,Window A/C,unknown,300000.0,1.0,2.0,False,25.0,hard,-2,1,52,-2250.0,p2_more,p1_much,hard_p2_more
11474190,11584723,15205,2021/5/1,220998.0,18.0,"Single Family Residence, Residential",1955,2,3,8062.0,sqft,"Forced Air, Natural Gas",Central Air,unknown,243333.0,15205,2021/5/1,215441.1111,23.88888889,"Single Family Residence, Residential",1903,2,5,8250.0,sqft,Natural Gas,Window A/C,unknown,300000.0,1.0,2.0,False,18.889,hard,-2,0,52,-188.0,p2_more,p1_much,hard_p2_more
11476800,11584723,15205,2021/5/1,179813.6364,28.27272727,"Single Family Residence, Residential",1970,2,3,6764.0,sqft,"Forced Air, Natural Gas",Central Air,unknown,201000.0,15205,2021/5/1,215441.1111,23.88888889,"Single Family Residence, Residential",1903,2,5,8250.0,sqft,Natural Gas,Window A/C,unknown,300000.0,1.0,2.0,False,33.0,medium,-2,0,67,-1486.0,p2_more,p1_much,medium_p2_more
11583187,11583784,15205,2021/5/1,246547.0,26.0,"Single Family Residence, Residential",1910,3,6,3676.0,sqft,"Radiant, Natural Gas","Other, Window A/C",unknown,313000.0,15205,2021/5/1,215911.3333,21.0,"Single Family Residence, Residential",1950,2,3,6500.0,sqft,"Forced Air, Natural Gas",Central Air,unknown,222000.0,2.0,1.0,False,29.073482428115017,medium,3,1,-40,-2824.0,p1_much,p2_newer,medium_p1_much
11583784,11584723,15205,2021/5/1,215911.3333,21.0,"Single Family Residence, Residential",1950,2,3,6500.0,sqft,"Forced Air, Natural Gas",Central Air,unknown,222000.0,15205,2021/5/1,215441.1111,23.88888889,"Single Family Residence, Residential",1903,2,5,8250.0,sqft,Natural Gas,Window A/C,unknown,300000.0,1.0,2.0,False,26.0,medium,-2,0,47,-1750.0,p2_more,p1_much,medium_p2_more
11480044,11584698,15205,2021/8/1,208509.9,24.1,"Single Family Residence, Residential",1960,3,5,9713.0,sqft,"Forced Air, Natural Gas","Window A/C, Central Air, Electric",unknown,216000.0,15205,2021/8/1,240730.7143,23.0,"Single Family Residence, Residential",1995,3,3,8999.0,sqft,"Forced Air, Natural Gas","Central Air, Electric",unknown,274000.0,1.0,2.0,False,21.16788321167883,hard,2,0,-35,714.0,p1_much,p2_newer,hard_p1_much
11401055,11468813,15205,2021/9/1,237437.2881,18.54237288,"Single Family Residence, Residential",1946,2,4,0.76,Acres,"Forced Air, Natural Gas",Window A/C,unknown,160000.0,15205,2021/9/1,276055.5556,15.11111111,"Single Family Residence, Residential",1960,3,3,10345.0,sqft,"Forced Air, Natural Gas",Central Air,unknown,290000.0,1.0,2.0,False,44.827586206896555,easy,1,-1,-14,-10344.24,p1_slight,similar,easy_p1_slight
11401055,11473661,15205,2021/9/1,237437.2881,18.54237288,"Single Family Residence, Residential",1946,2,4,0.76,Acres,"Forced Air, Natural Gas",Window A/C,unknown,160000.0,15205,2021/9/1,215135.5932,18.89830508,"Single Family Residence, Residential",1910,2,4,5000.0,sqft,Natural Gas,"Central Air, Electric",unknown,247500.0,1.0,2.0,False,35.35353535353536,medium,0,0,36,-4999.24,equal,p1_much,medium_equal
11401055,11474088,15205,2021/9/1,237437.2881,18.54237288,"Single Family Residence, Residential",1946,2,4,0.76,Acres,"Forced Air, Natural Gas",Window A/C,unknown,160000.0,15205,2021/9/1,245232.2034,18.89830508,"Single Family Residence, Residential",1958,2,3,9291.0,sqft,"Forced Air, Natural Gas",Central Air,unknown,245000.0,1.0,2.0,False,34.69387755102041,medium,1,0,-12,-9290.24,p1_slight,similar,medium_p1_slight
11401055,11474130,15205,2021/9/1,237437.2881,18.54237288,"Single Family Residence, Residential",1946,2,4,0.76,Acres,"Forced Air, Natural Gas",Window A/C,unknown,160000.0,15205,2021/9/1,252583.0508,12.38983051,"Single Family Residence, Residential",1961,2,3,8468.0,sqft,"Forced Air, Natural Gas",Central Air,unknown,285000.0,1.0,2.0,False,43.859649122807014,easy,1,0,-15,-8467.24,p1_slight,similar,easy_p1_slight
11401055,11583269,15205,2021/9/1,237437.2881,18.54237288,"Single Family Residence, Residential",1946,2,4,0.76,Acres,"Forced Air, Natural Gas",Window A/C,unknown,160000.0,15205,2021/9/1,267250.6471,13.38235294,"Single Family Residence, Residential",1911,3,3,6000.0,sqft,"Hot Water, Natural Gas",Central Air,unknown,269500.0,1.0,2.0,False,40.63079777365491,easy,1,-1,35,-5999.24,p1_slight,p1_much,easy_p1_slight
11401055,11583751,15205,2021/9/1,237437.2881,18.54237288,"Single Family Residence, Residential",1946,2,4,0.76,Acres,"Forced Air, Natural Gas",Window A/C,unknown,160000.0,15205,2021/9/1,242398.3051,14.40677966,"Single Family Residence, Residential",1937,2,3,8049.0,sqft,"Hot Water, Natural Gas",Central Air,unknown,246000.0,1.0,2.0,False,34.959349593495936,medium,1,0,9,-8048.24,p1_slight,p1_slight,medium_p1_slight
11401055,11584708,15205,2021/9/1,237437.2881,18.54237288,"Single Family Residence, Residential",1946,2,4,0.76,Acres,"Forced Air, Natural Gas",Window A/C,unknown,160000.0,15205,2021/9/1,224940.0,17.5,"Single Family Residence, Residential",1920,2,3,0.28,Acres,"Forced Air, Natural Gas",Central Air,unknown,209900.0,1.0,2.0,False,23.773225345402572,hard,1,0,26,0.48,p1_slight,p1_much,hard_p1_slight
11474130,11584708,15205,2021/9/1,252583.0508,12.38983051,"Single Family Residence, Residential",1961,2,3,8468.0,sqft,"Forced Air, Natural Gas",Central Air,unknown,285000.0,15205,2021/9/1,224940.0,17.5,"Single Family Residence, Residential",1920,2,3,0.28,Acres,"Forced Air, Natural Gas",Central Air,unknown,209900.0,2.0,1.0,False,26.35087719298246,medium,0,0,41,8467.72,equal,p1_much,medium_equal
11362755,11475850,15205,2022/1/1,151413.5593,38.42372881,"Single Family Residence, Residential",1920,2,3,5100.0,sqft,Natural Gas,Electric,unknown,169900.0,15205,2022/1/1,140179.5918,25.6122449,"Single Family Residence, Residential",1951,1,3,3750.0,sqft,"Forced Air, Natural Gas",Central Air,unknown,129900.0,2.0,1.0,False,23.543260741612713,hard,0,1,-31,1350.0,equal,p2_newer,hard_equal
11364755,11583131,15205,2022/2/1,264717.8344,14.92993631,"Single Family Residence, Residential",1952,2,4,0.34,Acres,"Forced Air, Natural Gas",Central Air,unknown,260000.0,15205,2022/2/1,298181.9549,16.4962406,"Single Family Residence, Residential",1900,3,5,3889.0,sqft,"Forced Air, Natural Gas","Central Air, Electric",unknown,339000.0,1.0,2.0,False,23.303834808259587,hard,-1,-1,52,-3888.66,p2_more,p1_much,hard_p2_more
11475847,11476751,15205,2022/2/1,182528.5714,14.97278912,"Single Family Residence, Residential",1913,2,3,3650.0,sqft,"Forced Air, Natural Gas",Central Air,unknown,205000.0,15205,2022/2/1,164155.9322,19.96610169,"Single Family Residence, Residential",1956,1,3,5410.0,sqft,Natural Gas,"Central Air, Electric",unknown,146000.0,2.0,1.0,False,28.780487804878046,medium,0,1,-43,-1760.0,equal,p2_newer,medium_equal
11256914,11583122,15205,2022/3/1,177773.4266,26.40559441,"Townhouse, Residential",1987,3,2,0.47,Acres,"Forced Air, Natural Gas","Central Air, Electric",unknown,211500.0,15205,2022/3/1,218087.9699,26.61654135,"Single Family Residence, Residential",1905,3,4,3881.0,sqft,"Forced Air, Natural Gas",Central Air,unknown,299350.0,1.0,2.0,False,29.34691832303324,medium,-2,0,82,-3880.53,p2_more,p1_much,medium_p2_more
11356153,11583122,15205,2022/3/1,183407.6923,36.15384615,"Single Family Residence, Residential",1951,2,3,0.65,Acres,"Forced Air, Natural Gas",Central Air,unknown,232500.0,15205,2022/3/1,218087.9699,26.61654135,"Single Family Residence, Residential",1905,3,4,3881.0,sqft,"Forced Air, Natural Gas",Central Air,unknown,299350.0,1.0,2.0,False,22.331718723901787,hard,-1,-1,46,-3880.35,p2_more,p1_much,hard_p2_more
11473783,11583122,15205,2022/3/1,193650.3401,13.3537415,"Single Family Residence, Residential",1963,2,3,5500.0,sqft,"Forced Air, Natural Gas",Central Air,unknown,199900.0,15205,2022/3/1,218087.9699,26.61654135,"Single Family Residence, Residential",1905,3,4,3881.0,sqft,"Forced Air, Natural Gas",Central Air,unknown,299350.0,1.0,2.0,False,33.22198095874395,medium,-1,-1,58,1619.0,p2_more,p1_much,medium_p2_more
11256616,11364914,15205,2022/4/1,573474.6818,12.22727273,"Single Family Residence, Residential",1966,4,5,0.42,Acres,Natural Gas,Central Air,unknown,615000.0,15205,2022/4/1,502096.6102,15.18644068,"Single Family Residence, Residential",1971,3,4,1.82,Acres,"Forced Air, Electric","Central Air, Electric",unknown,500000.0,2.0,1.0,False,18.69918699186992,hard,1,1,-5,-1.4000000000000001,p1_slight,similar,hard_p1_slight
11356142,11473715,15205,2022/4/1,138600.0,32.91549296,"Single Family Residence, Residential",1958,2,2,5998.0,sqft,Forced Air,Electric,unknown,190000.0,15205,2022/4/1,129882.0513,34.35897436,"Single Family Residence, Residential",1959,1,2,0.26,Acres,"Forced Air, Natural Gas",Central Air,unknown,110000.0,2.0,1.0,False,42.10526315789473,easy,0,1,-1,5997.74,equal,similar,easy_equal
11356142,11476050,15205,2022/4/1,138600.0,32.91549296,"Single Family Residence, Residential",1958,2,2,5998.0,sqft,Forced Air,Electric,unknown,190000.0,15205,2022/4/1,116790.0,27.4,"Single Family Residence, Residential",1950,1,2,0.26,Acres,"Forced Air, Natural Gas",Window A/C,unknown,114000.0,2.0,1.0,False,40.0,medium,0,1,8,5997.74,equal,p1_slight,medium_equal
11473689,11588553,15205,2022/4/1,186484.6154,12.61538462,"Single Family Residence, Residential",1955,2,3,2500.0,sqft,Natural Gas,Central Air,unknown,184900.0,15205,2022/4/1,205500.0,14.61538462,"Single Family Residence, Residential",1920,1,3,3750.0,sqft,"Forced Air, Natural Gas","Central Air, Electric",unknown,230000.0,1.0,2.0,False,19.608695652173914,hard,0,1,35,-1250.0,equal,p1_much,hard_equal
11473715,11479912,15205,2022/4/1,129882.0513,34.35897436,"Single Family Residence, Residential",1959,1,2,0.26,Acres,"Forced Air, Natural Gas",Central Air,unknown,110000.0,15205,2022/4/1,152527.5,29.0,"Single Family Residence, Residential",1895,2,4,5776.0,sqft,"Forced Air, Natural Gas",Central Air,unknown,180000.0,1.0,2.0,False,38.88888888888889,medium,-2,-1,64,-5775.74,p2_more,p1_much,medium_p2_more
11620305,11622418,15206,2019/1/1,299473.4,11.6,SingleFamily,1925,1,3,3855.0,sqft,"Radiant, Gas",Other,unknown,287000.0,15206,2019/1/1,272706.7,41.7,"Single Family Residence, Residential",1920,4,5,3741.0,sqft,"Forced Air, Natural Gas",Central Air,unknown,227000.0,2.0,1.0,False,20.905923344947734,hard,-2,-3,5,114.0,p2_more,p1_slight,hard_p2_more
11622302,11622435,15206,2019/11/1,241571.0,19.0,SingleFamily,1920,2,2,1306.0,sqft,Other,Central,unknown,290000.0,15206,2019/11/1,237959.5385,29.46153846,SingleFamily,1900,2,3,2591.0,sqft,Other,Central,unknown,205600.0,2.0,1.0,False,29.10344827586207,medium,-1,0,20,-1285.0,p2_more,p1_slight,medium_p2_more
11278161,11278325,15206,2019/7/1,189469.5882,11.41176471,SingleFamily,1950,1,3,2600.0,sqft,"Forced air, Gas",Central,unknown,185000.0,15206,2019/7/1,172640.0,38.0,SingleFamily,1949,2,2,1163.0,sqft,Other,Central,unknown,225000.0,1.0,2.0,False,17.77777777777778,hard,1,-1,1,1437.0,p1_slight,p1_slight,hard_p1_slight
11287029,11620362,15206,2019/8/1,423661.0,19.0,SingleFamily,1910,3,5,2879.0,sqft,Other,Central,unknown,560000.0,15206,2019/8/1,413947.7692,14.07692308,SingleFamily,1920,3,5,3628.0,sqft,"Other, Forced air, Gas, Stove",Wall,unknown,409000.0,2.0,1.0,False,26.96428571428571,medium,0,0,-10,-749.0,equal,similar,medium_equal
11285644,11520408,15206,2020/1/1,155719.5455,17.36363636,"Single Family Residence, Residential",1991,3,4,1886.0,sqft,"Forced Air, Natural Gas",Electric,unknown,115000.0,15206,2020/1/1,141067.5,53.5,SingleFamily,1915,2,3,1594.0,sqft,"Forced air, Gas",Central,unknown,250000.0,1.0,2.0,False,54.0,easy,1,1,76,292.0,p1_slight,p1_much,easy_p1_slight
11520408,11624365,15206,2020/1/1,141067.5,53.5,SingleFamily,1915,2,3,1594.0,sqft,"Forced air, Gas",Central,unknown,250000.0,15206,2020/1/1,169303.6,67.6,Townhouse,1970,2,4,2570.0,sqft,"Forced air, Gas",Central,unknown,129900.0,2.0,1.0,False,48.04,easy,-1,0,-55,-976.0,p2_more,p2_newer,easy_p2_more
11287541,11623262,15206,2020/11/1,328794.0,22.0,"Single Family Residence, Residential",1923,1,3,2945.0,sqft,"Hot Water, Natural Gas",Window A/C,Open Parking,290000.0,15206,2020/11/1,280217.4615,40.0,Residential,1910,2,4,3598.0,sqft,Natural Gas,Other,Garage,140000.0,2.0,1.0,False,51.724137931034484,easy,-1,-1,13,-653.0,p2_more,p1_slight,easy_p2_more
11619425,11623262,15206,2020/11/1,236758.8,21.26666667,"Single Family Residence, Residential",1920,2,3,3519.0,sqft,"Forced Air, Natural Gas","Window A/C, Central Air, Electric",Open Parking,243000.0,15206,2020/11/1,280217.4615,40.0,Residential,1910,2,4,3598.0,sqft,Natural Gas,Other,Garage,140000.0,2.0,1.0,False,42.38683127572017,easy,-1,0,10,-79.0,p2_more,p1_slight,easy_p2_more
11619547,11623262,15206,2020/11/1,254681.7692,20.30769231,"Single Family Residence, Residential",1935,1,3,3001.0,sqft,"Hot Water, Natural Gas",Other,Off Street,180500.0,15206,2020/11/1,280217.4615,40.0,Residential,1910,2,4,3598.0,sqft,Natural Gas,Other,Garage,140000.0,2.0,1.0,False,22.437673130193904,hard,-1,-1,25,-597.0,p2_more,p1_much,hard_p2_more
11620817,11623262,15206,2020/11/1,291755.6,26.2,"Single Family Residence, Residential",1925,2,4,3118.0,sqft,"Forced Air, Natural Gas",Central Air,Open Parking,300000.0,15206,2020/11/1,280217.4615,40.0,Residential,1910,2,4,3598.0,sqft,Natural Gas,Other,Garage,140000.0,,1.0,False,53.333333333333336,easy,0,0,15,-480.0,equal,p1_slight,easy_equal
11620870,11622311,15206,2020/11/1,334908.1429,28.0,"Single Family Residence, Residential",1910,1,5,3541.0,sqft,Natural Gas,unknown,unknown,353000.0,15206,2020/11/1,251594.6667,33.33333333,"Single Family Residence, Residential",1920,3,4,3990.0,sqft,Natural Gas,unknown,unknown,180000.0,2.0,1.0,False,49.008498583569406,easy,1,-2,-10,-449.0,p1_slight,similar,easy_p1_slight
11622311,11622932,15206,2020/11/1,251594.6667,33.33333333,"Single Family Residence, Residential",1920,3,4,3990.0,sqft,Natural Gas,unknown,unknown,180000.0,15206,2020/11/1,344735.4,32.93333333,"Single Family Residence, Residential",1885,2,5,2330.0,sqft,"Natural Gas, Steam",unknown,unknown,325000.0,1.0,2.0,False,44.61538461538462,easy,-1,1,35,1660.0,p2_more,p1_much,easy_p2_more
11278785,11287013,15206,2020/12/1,301829.5,19.0,"Single Family Residence, Residential",1925,3,6,3001.0,sqft,"Forced Air, Natural Gas","Central Air, Electric",unknown,307000.0,15206,2020/12/1,299934.5,31.5,"Single Family Residence, Residential",1940,2,3,5998.0,sqft,"Forced Air, Natural Gas",Central Air,unknown,650000.0,1.0,2.0,False,52.76923076923077,easy,3,1,-15,-2997.0,p1_much,similar,easy_p1_much
11287013,11620897,15206,2020/12/1,299934.5,31.5,"Single Family Residence, Residential",1940,2,3,5998.0,sqft,"Forced Air, Natural Gas",Central Air,unknown,650000.0,15206,2020/12/1,389900.8,26.8,"Single Family Residence, Residential",1903,4,4,3097.0,sqft,"Forced Air, Natural Gas",Central Air,unknown,495000.0,2.0,1.0,False,23.846153846153847,hard,-1,-2,37,2901.0,p2_more,p1_much,hard_p2_more
11277969,11284234,15206,2020/2/1,193526.0,23.4,Townhouse,1910,2,3,1800.0,sqft,"Forced air, Gas",Central,unknown,219000.0,15206,2020/2/1,232788.0,29.0,SingleFamily,1945,1,3,3898.0,sqft,"Gas, Forced air, Baseboard, Electric",Refrigerator,unknown,290000.0,1.0,2.0,False,24.482758620689655,hard,0,1,-35,-2098.0,equal,p2_newer,hard_equal
11278547,11284281,15206,2020/4/1,207794.3636,22.72727273,SingleFamily,1929,2,3,3000.0,sqft,"Forced air, Gas",Central,unknown,197500.0,15206,2020/4/1,251738.1,21.8,SingleFamily,1890,2,4,1550.0,sqft,Forced air,Central,unknown,275000.0,1.0,2.0,False,28.18181818181818,medium,-1,0,39,1450.0,p2_more,p1_much,medium_p2_more
11282752,11622933,15206,2020/6/1,402893.8182,16.0,SingleFamily,1930,3,3,4279.0,sqft,"Forced air, Gas",Central,unknown,390000.0,15206,2020/6/1,419146.6,37.4,SingleFamily,1885,3,4,2334.0,sqft,"Other, Gas",Central,unknown,527000.0,1.0,2.0,False,25.996204933586338,medium,-1,0,45,1945.0,p2_more,p1_much,medium_p2_more
11287432,11622510,15206,2020/6/1,404619.8,20.6,SingleFamily,1945,2,3,3898.0,sqft,"Forced air, Gas",Central,unknown,410000.0,15206,2020/6/1,365045.0,20.0,SingleFamily,1950,2,2,8049.0,sqft,Other,Central,unknown,340000.0,2.0,1.0,False,17.073170731707318,hard,1,0,-5,-4151.0,p1_slight,similar,hard_p1_slight
11287432,11622933,15206,2020/6/1,404619.8,20.6,SingleFamily,1945,2,3,3898.0,sqft,"Forced air, Gas",Central,unknown,410000.0,15206,2020/6/1,419146.6,37.4,SingleFamily,1885,3,4,2334.0,sqft,"Other, Gas",Central,unknown,527000.0,1.0,2.0,False,22.2011385199241,hard,-1,-1,60,1564.0,p2_more,p1_much,hard_p2_more
11619582,11620144,15206,2020/6/1,232830.1111,19.22222222,SingleFamily,1925,2,3,3101.0,sqft,Other,Central,unknown,224900.0,15206,2020/6/1,283895.0,23.0,SingleFamily,1915,2,3,2613.0,sqft,"Gas, Other, Heat pump",Central,unknown,292600.0,1.0,2.0,False,23.137388926862613,hard,0,0,10,488.0,equal,p1_slight,hard_equal
11282741,11286979,15206,2020/7/1,367370.3333,11.77777778,SingleFamily,1925,2,3,4591.0,sqft,"Other, Gas",Central,unknown,400000.0,15206,2020/7/1,447641.75,26.5,SingleFamily,1850,3,2,2400.0,sqft,"Other, Forced air, Gas",Central,unknown,500000.0,1.0,2.0,False,20.0,hard,1,-1,75,2191.0,p1_slight,p1_much,hard_p1_slight
11282766,11284328,15206,2020/7/1,319055.2,25.4,SingleFamily,1935,2,4,4749.0,sqft,"Other, Forced air, Gas",Central,unknown,300000.0,15206,2020/7/1,354157.0,19.0,SingleFamily,1925,2,3,7020.0,sqft,"Radiant, Gas",Central,unknown,375000.0,,2.0,False,20.0,hard,1,0,10,-2271.0,p1_slight,p1_slight,hard_p1_slight
11282766,11622352,15206,2020/7/1,319055.2,25.4,SingleFamily,1935,2,4,4749.0,sqft,"Other, Forced air, Gas",Central,unknown,300000.0,15206,2020/7/1,329840.0,37.0,SingleFamily,1905,3,4,2748.0,sqft,"Forced air, Gas",Central,unknown,489000.0,1.0,2.0,False,38.65030674846626,medium,0,-1,30,2001.0,equal,p1_much,medium_equal
11284328,11622352,15206,2020/7/1,354157.0,19.0,SingleFamily,1925,2,3,7020.0,sqft,"Radiant, Gas",Central,unknown,375000.0,15206,2020/7/1,329840.0,37.0,SingleFamily,1905,3,4,2748.0,sqft,"Forced air, Gas",Central,unknown,489000.0,1.0,2.0,False,23.31288343558282,hard,-1,-1,20,4272.0,p2_more,p1_slight,hard_p2_more
11286979,59835417,15206,2020/7/1,447641.75,26.5,SingleFamily,1850,3,2,2400.0,sqft,"Other, Forced air, Gas",Central,unknown,500000.0,15206,2020/7/1,364503.2,15.2,SingleFamily,1920,2,3,1650.0,sqft,"Other, Gas",Central,unknown,385000.0,2.0,1.0,False,23.0,hard,-1,1,-70,750.0,p2_more,p2_newer,hard_p2_more
11277954,11278702,15206,2020/8/1,161354.4,31.1,"Single Family Residence, Residential",1900,3,2,3998.0,sqft,Natural Gas,Electric,Off Street,110000.0,15206,2020/8/1,156333.4,18.8,"Single Family Residence, Residential",1925,1,2,2421.0,sqft,"Forced Air, Natural Gas",Central Air,Open Parking,171718.0,1.0,2.0,False,35.941485458717196,medium,0,2,-25,1577.0,equal,p2_newer,medium_equal
11278197,11285075,15206,2020/8/1,181833.6364,18.63636364,"Single Family Residence, Residential",1947,2,3,3001.0,sqft,Natural Gas,Central Air,unknown,117000.0,15206,2020/8/1,175934.6154,20.46153846,"Townhouse, Residential",1910,2,4,827.04,sqft,"Forced Air, Natural Gas",Central Air,unknown,208000.0,1.0,2.0,False,43.75,easy,-1,0,37,2173.96,p2_more,p1_much,easy_p2_more
11278197,11620096,15206,2020/8/1,181833.6364,18.63636364,"Single Family Residence, Residential",1947,2,3,3001.0,sqft,Natural Gas,Central Air,unknown,117000.0,15206,2020/8/1,186984.6364,36.18181818,"Single Family Residence, Residential",1920,1,2,2761.0,sqft,"Forced Air, Natural Gas",Window A/C,unknown,189000.0,1.0,2.0,False,38.095238095238095,medium,1,1,27,240.0,p1_slight,p1_much,medium_p1_slight
11619451,11620702,15206,2020/8/1,237472.2,23.8,SingleFamily,1925,2,3,4299.0,sqft,Other,unknown,unknown,325000.0,15206,2020/8/1,288646.3,31.6,SingleFamily,1900,3,4,3393.0,sqft,Other,unknown,unknown,208000.0,2.0,1.0,False,36.0,medium,-1,-1,25,906.0,p2_more,p1_much,medium_p2_more
11619468,11620702,15206,2020/8/1,230047.1538,19.23076923,SingleFamily,1930,2,4,3201.0,sqft,Other,unknown,unknown,254377.0,15206,2020/8/1,288646.3,31.6,SingleFamily,1900,3,4,3393.0,sqft,Other,unknown,unknown,208000.0,2.0,1.0,False,18.231601127460422,hard,0,-1,30,-192.0,equal,p1_much,hard_equal
11620702,11622520,15206,2020/8/1,288646.3,31.6,SingleFamily,1900,3,4,3393.0,sqft,Other,unknown,unknown,208000.0,15206,2020/8/1,323425.2222,23.22222222,SingleFamily,1921,2,3,3767.0,sqft,Other,unknown,unknown,315000.0,1.0,2.0,False,33.96825396825397,medium,1,1,-21,-374.0,p1_slight,p2_newer,medium_p1_slight
11278181,11278672,15206,2020/9/1,232022.0909,22.90909091,"Single Family Residence, Residential",1933,1,3,3219.0,sqft,"Forced Air, Natural Gas",Central Air,unknown,220000.0,15206,2020/9/1,246040.0,33.0,"Single Family Residence, Residential",1927,2,3,3001.0,sqft,"Hot Water, Natural Gas",Window A/C,unknown,305000.0,1.0,2.0,False,27.86885245901639,medium,0,-1,6,218.0,equal,p1_slight,medium_equal
11521023,11629265,15206,2020/9/1,384543.8182,19.18181818,"Single Family Residence, Residential",1920,3,3,4140.0,sqft,"Forced Air, Natural Gas",Central Air,unknown,389200.0,15206,2020/9/1,332775.3636,21.18181818,"Single Family Residence, Residential",1950,2,3,6306.0,sqft,"Forced Air, Natural Gas",Central Air,unknown,292407.0,2.0,1.0,False,24.86973278520041,hard,0,1,-30,-2166.0,equal,p2_newer,hard_equal
11278765,11620080,15206,2021/10/1,271606.5714,13.33333333,"Single Family Residence, Residential",1960,1,3,3598.0,sqft,Natural Gas,Central Air,unknown,230000.0,15206,2021/10/1,304901.1429,26.0,"Townhouse, Residential",1920,2,3,1404.0,sqft,"Forced Air, Natural Gas","Central Air, Electric",unknown,360000.0,1.0,2.0,False,36.11111111111111,medium,0,-1,40,2194.0,equal,p1_much,medium_equal
11282636,11620509,15206,2021/10/1,457080.0,14.3,SingleFamily,1929,2,4,4681.0,sqft,"Radiant, Other, Gas",Other,unknown,529000.0,15206,2021/10/1,390742.3729,23.05084746,"Single Family Residence, Residential",1899,2,5,4647.0,sqft,"Hot Water, Natural Gas",Wall Unit(s),unknown,390000.0,2.0,1.0,False,26.27599243856333,medium,-1,0,30,34.0,p2_more,p1_much,medium_p2_more
11278347,11519704,15206,2021/12/1,256594.8905,20.81751825,"Single Family Residence, Residential",1932,1,3,2400.0,sqft,"Forced Air, Natural Gas",Central Air,unknown,272250.0,15206,2021/12/1,257172.4832,21.70469799,"Single Family Residence, Residential",1950,2,2,2992.0,sqft,"Forced Air, Natural Gas",Central Air,unknown,350000.0,1.0,2.0,False,22.214285714285715,hard,1,-1,-18,-592.0,p1_slight,similar,hard_p1_slight
11282603,11623543,15206,2021/3/1,416850.3571,11.85714286,"Single Family Residence, Residential",1965,3,3,1211.0,sqft,"Forced Air, Natural Gas",Central Air,unknown,630000.0,15206,2021/3/1,457788.8,18.2,"Single Family Residence, Residential",1908,2,6,3465.0,sqft,"Forced Air, Natural Gas",Window A/C,unknown,433000.0,2.0,1.0,False,31.26984126984127,medium,-3,1,57,-2254.0,p2_more,p1_much,medium_p2_more
11284306,11620016,15206,2021/3/1,207817.6923,39.76923077,"Single Family Residence, Residential",1911,1,3,5654.0,sqft,"Hot Water, Natural Gas",Window A/C,unknown,190000.0,15206,2021/3/1,244870.0,23.0,"Townhouse, Residential",1925,1,2,2565.0,sqft,"Hot Water, Natural Gas",Central Air,unknown,270000.0,1.0,2.0,False,29.629629629629626,medium,1,0,-14,3089.0,p1_slight,similar,medium_p1_slight
11284306,102980739,15206,2021/3/1,207817.6923,39.76923077,"Single Family Residence, Residential",1911,1,3,5654.0,sqft,"Hot Water, Natural Gas",Window A/C,unknown,190000.0,15206,2021/3/1,260367.0,23.0,"Townhouse, Residential",1925,1,3,2543.0,sqft,Natural Gas,Central Air,unknown,273131.0,1.0,2.0,False,30.436310781273455,medium,0,0,-14,3111.0,equal,similar,medium_equal
11623543,11625748,15206,2021/3/1,457788.8,18.2,"Single Family Residence, Residential",1908,2,6,3465.0,sqft,"Forced Air, Natural Gas",Window A/C,unknown,433000.0,15206,2021/3/1,539407.0,19.14285714,"Single Family Residence, Residential",1906,3,3,3001.0,sqft,"Forced Air, Natural Gas",Central Air,unknown,540000.0,1.0,2.0,False,19.814814814814817,hard,3,-1,2,464.0,p1_much,p1_slight,hard_p1_much
11620034,11620968,15206,2021/5/1,622363.6154,12.46153846,"Single Family Residence, Residential",1930,4,5,5575.0,sqft,"Hot Water, Natural Gas",Window A/C,unknown,550000.0,15206,2021/5/1,607892.5,15.83333333,"Single Family Residence, Residential",1910,4,4,2587.0,sqft,"Forced Air, Natural Gas","Central Air, Electric",unknown,675000.0,1.0,2.0,False,18.51851851851852,hard,1,0,20,2988.0,p1_slight,p1_slight,hard_p1_slight
11620350,11622876,15206,2021/5/1,451420.4545,11.09090909,"Single Family Residence, Residential",1920,3,6,3210.0,sqft,"Forced Air, Natural Gas",Central Air,unknown,485000.0,15206,2021/5/1,408583.0,28.0,"Single Family Residence, Residential",1910,4,4,3390.0,sqft,"Forced Air, Natural Gas",Central Air,unknown,587000.0,1.0,2.0,False,17.37649063032368,hard,2,-1,10,-180.0,p1_much,p1_slight,hard_p1_much
11620554,11622876,15206,2021/5/1,386775.0909,26.09090909,"Single Family Residence, Residential",1950,2,3,4260.0,sqft,"Forced Air, Natural Gas",Central Air,unknown,419000.0,15206,2021/5/1,408583.0,28.0,"Single Family Residence, Residential",1910,4,4,3390.0,sqft,"Forced Air, Natural Gas",Central Air,unknown,587000.0,1.0,2.0,False,28.620102214650768,medium,-1,-2,40,870.0,p2_more,p1_much,medium_p2_more
11620968,11623107,15206,2021/5/1,607892.5,15.83333333,"Single Family Residence, Residential",1910,4,4,2587.0,sqft,"Forced Air, Natural Gas","Central Air, Electric",unknown,675000.0,15206,2021/5/1,584563.3333,13.66666667,"Single Family Residence, Residential",1900,4,5,3000.0,sqft,"Forced Air, Natural Gas",Central Air,unknown,555000.0,2.0,1.0,False,17.77777777777778,hard,-1,0,10,-413.0,p2_more,p1_slight,hard_p2_more
11284179,11284236,15206,2021/6/1,370285.3636,19.09090909,"Single Family Residence, Residential",1951,2,3,6751.0,sqft,"Forced Air, Natural Gas",Central Air,unknown,351500.0,15206,2021/6/1,399554.4762,20.52380952,"Single Family Residence, Residential",1925,2,4,3898.0,sqft,"Hot Water, Natural Gas",Wall Unit(s),unknown,477500.0,1.0,2.0,False,26.387434554973822,medium,-1,0,26,2853.0,p2_more,p1_much,medium_p2_more
11284179,11620480,15206,2021/6/1,370285.3636,19.09090909,"Single Family Residence, Residential",1951,2,3,6751.0,sqft,"Forced Air, Natural Gas",Central Air,unknown,351500.0,15206,2021/6/1,390639.6364,48.81818182,"Single Family Residence, Residential",1920,3,3,3471.0,sqft,"Forced Air, Natural Gas",Central Air,unknown,439000.0,1.0,2.0,False,19.931662870159453,hard,0,-1,31,3280.0,equal,p1_much,hard_equal
11284236,11624543,15206,2021/6/1,399554.4762,20.52380952,"Single Family Residence, Residential",1925,2,4,3898.0,sqft,"Hot Water, Natural Gas",Wall Unit(s),unknown,477500.0,15206,2021/6/1,479176.9231,20.0,"Single Family Residence, Residential",1910,3,5,3001.0,sqft,"Forced Air, Natural Gas","Central Air, Electric",unknown,355000.0,2.0,1.0,False,25.654450261780106,medium,-1,-1,15,897.0,p2_more,p1_slight,medium_p2_more
11287074,11620480,15206,2021/6/1,516630.6667,27.80952381,"Single Family Residence, Residential",1881,4,3,2779.0,sqft,"Forced Air, Natural Gas",Central Air,unknown,571300.0,15206,2021/6/1,390639.6364,48.81818182,"Single Family Residence, Residential",1920,3,3,3471.0,sqft,"Forced Air, Natural Gas",Central Air,unknown,439000.0,,1.0,False,23.15771048485909,hard,0,1,-39,-692.0,equal,p2_newer,hard_equal
11287074,11624543,15206,2021/6/1,516630.6667,27.80952381,"Single Family Residence, Residential",1881,4,3,2779.0,sqft,"Forced Air, Natural Gas",Central Air,unknown,571300.0,15206,2021/6/1,479176.9231,20.0,"Single Family Residence, Residential",1910,3,5,3001.0,sqft,"Forced Air, Natural Gas","Central Air, Electric",unknown,355000.0,2.0,1.0,False,37.861018729214074,medium,-2,1,-29,-222.0,p2_more,p2_newer,medium_p2_more
11620480,11624543,15206,2021/6/1,390639.6364,48.81818182,"Single Family Residence, Residential",1920,3,3,3471.0,sqft,"Forced Air, Natural Gas",Central Air,unknown,439000.0,15206,2021/6/1,479176.9231,20.0,"Single Family Residence, Residential",1910,3,5,3001.0,sqft,"Forced Air, Natural Gas","Central Air, Electric",unknown,355000.0,2.0,1.0,False,19.134396355353076,hard,-2,0,10,470.0,p2_more,p1_slight,hard_p2_more
11619851,11620368,15206,2021/7/1,520110.0,39.0,"Single Family Residence, Residential",1910,3,8,7299.0,sqft,"Hot Water, Natural Gas","Window A/C, Central Air",unknown,449000.0,15206,2021/7/1,620366.6667,18.57142857,"Single Family Residence, Residential",1900,4,4,3301.0,sqft,"Forced Air, Natural Gas",Central Air,unknown,588888.0,1.0,2.0,False,23.75460189373871,hard,4,-1,10,3998.0,p1_much,p1_slight,hard_p1_much
11619851,11620786,15206,2021/7/1,520110.0,39.0,"Single Family Residence, Residential",1910,3,8,7299.0,sqft,"Hot Water, Natural Gas","Window A/C, Central Air",unknown,449000.0,15206,2021/7/1,581125.6522,16.2173913,"Single Family Residence, Residential",1920,3,4,3552.0,sqft,"Forced Air, Natural Gas",Central Air,unknown,620250.0,1.0,2.0,False,27.60983474405482,medium,4,0,-10,3747.0,p1_much,similar,medium_p1_much
11619851,11624641,15206,2021/7/1,520110.0,39.0,"Single Family Residence, Residential",1910,3,8,7299.0,sqft,"Hot Water, Natural Gas","Window A/C, Central Air",unknown,449000.0,15206,2021/7/1,560593.25,24.66666667,"Townhouse, Residential",1985,4,4,1459.0,sqft,"Forced Air, Natural Gas",Central Air,unknown,605000.0,1.0,2.0,False,25.785123966942148,medium,4,-1,-75,5840.0,p1_much,p2_newer,medium_p1_much
11620592,11620792,15206,2021/7/1,276879.2174,15.73913043,"Single Family Residence, Residential",1920,2,3,3900.0,sqft,"Forced Air, Natural Gas","Central Air, Electric",unknown,275000.0,15206,2021/7/1,349638.1304,30.0,"Townhouse, Residential",1920,3,4,3114.0,sqft,"Hot Water, Natural Gas",Window A/C,unknown,331000.0,1.0,2.0,False,16.91842900302115,hard,-1,-1,0,786.0,p2_more,similar,hard_p2_more
11625614,11625717,15206,2021/7/1,803824.85,10.0,"Single Family Residence, Residential",1930,4,5,4950.0,sqft,"Forced Air, Natural Gas","Central Air, Wall Unit(s)",unknown,675000.0,15206,2021/7/1,824376.1818,19.45454545,"Single Family Residence, Residential",1898,4,6,4500.0,sqft,"Forced Air, Natural Gas",Central Air,unknown,848000.0,1.0,2.0,False,20.400943396226413,hard,-1,0,32,450.0,p2_more,p1_much,hard_p2_more
11620657,11620794,15206,2021/8/1,346747.9048,17.33333333,"Single Family Residence, Residential",1924,2,3,3100.0,sqft,Natural Gas,Central Air,unknown,385000.0,15206,2021/8/1,307058.0,20.66666667,"Single Family Residence, Residential",1920,1,4,2700.0,sqft,"Hot Water, Natural Gas",Window A/C,unknown,315000.0,,1.0,False,18.181818181818183,hard,-1,1,4,400.0,p2_more,p1_slight,hard_p2_more
11620686,11629269,15206,2021/8/1,505449.1525,22.96610169,"Single Family Residence, Residential",1924,3,4,4586.0,sqft,"Hot Water, Natural Gas",Wall Unit(s),unknown,550000.0,15206,2021/8/1,469648.0,16.47619048,"Single Family Residence, Residential",1968,3,3,2848.0,sqft,Natural Gas,Central Air,unknown,442290.0,,1.0,False,19.583636363636366,hard,1,0,-44,1738.0,p1_slight,p2_newer,hard_p1_slight
11278415,11278674,15206,2021/9/1,279066.6667,14.33333333,"Single Family Residence, Residential",1915,2,2,1398.0,sqft,"Forced Air, Natural Gas",Central Air,unknown,295000.0,15206,2021/9/1,289833.0,16.0,"Single Family Residence, Residential",1930,1,3,2600.0,sqft,"Hot Water, Natural Gas",Window A/C,unknown,205000.0,2.0,1.0,False,30.508474576271187,medium,-1,1,-15,-1202.0,p2_more,similar,medium_p2_more
11620901,11625211,15206,2022/4/1,552859.1429,16.85714286,"Single Family Residence, Residential",1925,4,5,2413.0,sqft,Natural Gas,"Other, Central Air",unknown,455000.0,15206,2022/4/1,538011.1111,17.0,"Townhouse, Residential",1984,4,4,2352.0,sqft,"Forced Air, Natural Gas",Central Air,unknown,606000.0,1.0,2.0,False,24.917491749174918,hard,1,0,-59,61.0,p1_slight,p2_newer,hard_p1_slight
11622552,11622920,15206,2022/4/1,415225.0,46.425,"Single Family Residence, Residential",1920,5,6,5431.0,sqft,Natural Gas,Central Air,unknown,902500.0,15206,2022/4/1,463132.3944,34.15492958,"Single Family Residence, Residential",1907,5,6,5880.0,sqft,"Forced Air, Natural Gas",Central Air,unknown,660000.0,2.0,1.0,False,26.869806094182824,medium,0,0,13,-449.0,equal,p1_slight,medium_equal
11282583,11622855,15206,2022/7/1,589940.0,31.0,SingleFamily,1930,3,3,4284.0,sqft,"Forced air, Gas",Central,unknown,455800.0,15206,2022/7/1,622102.0,14.66666667,"Single Family Residence, Residential",1910,3,4,3223.0,sqft,"Forced Air, Natural Gas","Central Air, Electric",unknown,665000.0,,2.0,False,31.45864661654135,medium,-1,0,20,1061.0,p2_more,p1_slight,medium_p2_more
11351989,11352416,15207,2019/8/1,139755.6154,15.53846154,SingleFamily,1953,2,3,6242.0,sqft,"Forced air, Gas",Central,unknown,149900.0,15207,2019/8/1,125342.0,19.5,SingleFamily,1950,3,3,5945.0,sqft,"Other, Gas",Central,unknown,123700.0,2.0,1.0,False,17.478318879252836,hard,0,-1,3,297.0,equal,p1_slight,hard_equal
11539980,11544274,15207,2020/10/1,115321.3333,32.66666667,"Single Family Residence, Residential",1954,2,1,0.29,Acres,Natural Gas,Central Air,unknown,130000.0,15207,2020/10/1,143389.0,34.83333333,"Single Family Residence, Residential",1920,1,2,2000.0,sqft,"Forced Air, Natural Gas",Central Air,unknown,220000.0,1.0,2.0,False,40.909090909090914,easy,-1,1,34,-1999.71,p2_more,p1_much,easy_p2_more
11544274,11549905,15207,2020/10/1,143389.0,34.83333333,"Single Family Residence, Residential",1920,1,2,2000.0,sqft,"Forced Air, Natural Gas",Central Air,unknown,220000.0,15207,2020/10/1,138045.0,56.5,"Single Family Residence, Residential",1931,3,5,8000.0,sqft,"Hot Water, Natural Gas",Window A/C,unknown,154000.0,2.0,1.0,False,30.0,medium,-3,-2,-11,-6000.0,p2_more,similar,medium_p2_more
11540245,11545207,15207,2020/6/1,204269.8,22.6,SingleFamily,1915,2,4,2879.0,sqft,"Forced air, Gas",Central,unknown,202000.0,15207,2020/6/1,235951.3333,14.88888889,SingleFamily,1925,1,3,3603.0,sqft,"Forced air, Gas",Central,unknown,255000.0,1.0,2.0,False,20.784313725490197,hard,1,1,-10,-724.0,p1_slight,similar,hard_p1_slight
11352497,11550887,15207,2020/7/1,125875.2,38.2,SingleFamily,1952,2,3,6085.0,sqft,"Other, Gas",Central,unknown,139180.0,15207,2020/7/1,126735.0,36.44444444,SingleFamily,1921,1,3,2875.0,sqft,"Forced air, Gas",Central,unknown,185000.0,1.0,2.0,False,24.767567567567568,hard,0,1,31,3210.0,equal,p1_much,hard_equal
11544441,11545191,15207,2020/8/1,201204.0,38.0,SingleFamily,1902,2,4,5500.0,sqft,"Other, Forced air, Gas",Central,unknown,269000.0,15207,2020/8/1,197684.0,24.0,"Single Family Residence, Residential",1953,2,3,6355.0,sqft,Natural Gas,Electric,unknown,170000.0,,1.0,False,36.80297397769517,medium,1,0,-51,-855.0,p1_slight,p2_newer,medium_p1_slight
11545169,11545286,15207,2022/3/1,298700.0,13.0,"Single Family Residence, Residential",1950,2,3,3998.0,sqft,"Forced Air, Natural Gas","Central Air, Wall Unit(s)",unknown,336500.0,15207,2022/3/1,299463.8889,12.52777778,"Single Family Residence, Residential",1940,3,3,3746.0,sqft,"Forced Air, Natural Gas",Central Air,unknown,260000.0,2.0,1.0,False,22.73402674591382,hard,0,-1,10,252.0,equal,p1_slight,hard_equal
11390256,11545458,15207,2022/4/1,107292.5,46.3,"Single Family Residence, Residential",1936,1,2,6599.0,sqft,Natural Gas,Central Air,unknown,149500.0,15207,2022/4/1,160700.0,70.0,"Single Family Residence, Residential",1830,3,3,0.39,Acres,"Hot Water, Natural Gas",Window A/C,unknown,180000.0,1.0,2.0,False,16.944444444444446,hard,-1,-2,106,6598.61,p2_more,p1_much,hard_p2_more
11351463,11539634,15207,2022/6/1,196578.2609,18.34782609,"Single Family Residence, Residential",1905,1,4,10210.0,sqft,"Hot Water, Natural Gas",Window A/C,unknown,212000.0,15207,2022/6/1,225031.3253,35.84337349,"Single Family Residence, Residential",1920,2,4,2861.0,sqft,"Forced Air, Natural Gas","Central Air, Electric",unknown,255000.0,1.0,2.0,False,16.862745098039216,hard,0,-1,-15,7349.0,equal,similar,hard_equal
11351463,11544513,15207,2022/6/1,196578.2609,18.34782609,"Single Family Residence, Residential",1905,1,4,10210.0,sqft,"Hot Water, Natural Gas",Window A/C,unknown,212000.0,15207,2022/6/1,227714.2857,18.64285714,"Single Family Residence, Residential",1925,1,3,3524.0,sqft,"Forced Air, Natural Gas","Central Air, Electric",unknown,270000.0,1.0,2.0,False,21.48148148148148,hard,1,0,-20,6686.0,p1_slight,p2_newer,hard_p1_slight
11390320,11539634,15207,2022/6/1,181042.2921,22.65168539,"Single Family Residence, Residential",1907,3,3,4800.0,sqft,"Forced Air, Natural Gas","Central Air, Electric",unknown,200000.0,15207,2022/6/1,225031.3253,35.84337349,"Single Family Residence, Residential",1920,2,4,2861.0,sqft,"Forced Air, Natural Gas","Central Air, Electric",unknown,255000.0,1.0,2.0,False,21.568627450980394,hard,-1,1,-13,1939.0,p2_more,similar,hard_p2_more
11299914,11545022,15207,2022/7/1,86454.34783,10.0,"Single Family Residence, Residential",1947,2,3,2435.0,sqft,Natural Gas,Central Air,Open Parking,112500.0,15207,2022/7/1,104900.0,57.0,"Single Family Residence, Residential",1900,2,3,2500.0,sqft,"Forced Air, Natural Gas",Central Air,Open Parking,180000.0,1.0,2.0,False,37.5,medium,0,0,47,-65.0,equal,p1_much,medium_equal
11286333,11287142,15208,2020/12/1,400760.2222,34.11111111,"Single Family Residence, Residential",1955,4,4,6060.0,sqft,Natural Gas,Central Air,unknown,520000.0,15208,2020/12/1,530753.0,30.0,"Single Family Residence, Residential",1930,5,5,8176.0,sqft,Natural Gas,Central Air,unknown,350000.0,2.0,1.0,False,32.69230769230769,medium,-1,-1,25,-2116.0,p2_more,p1_much,medium_p2_more
11287104,11287142,15208,2020/12/1,512815.6,26.1,"Single Family Residence, Residential",1950,3,3,6272.0,sqft,"Forced Air, Natural Gas","Central Air, Electric",unknown,542000.0,15208,2020/12/1,530753.0,30.0,"Single Family Residence, Residential",1930,5,5,8176.0,sqft,Natural Gas,Central Air,unknown,350000.0,2.0,1.0,False,35.42435424354243,medium,-2,-2,20,-1904.0,p2_more,p1_slight,medium_p2_more
11288037,11288107,15208,2021/4/1,403290.8571,18.0,"Single Family Residence, Residential",1900,2,3,1947.0,sqft,"Forced Air, Natural Gas",Central Air,Open Parking,440000.0,15208,2021/4/1,360143.2,17.0,"Single Family Residence, Residential",1900,2,5,2600.0,sqft,"Forced Air, Natural Gas",Window A/C,Open Parking,350300.0,2.0,1.0,False,20.386363636363637,hard,-2,0,0,-653.0,p2_more,similar,hard_p2_more
11287124,11287173,15208,2021/5/1,827284.5,14.5,"Single Family Residence, Residential",1940,4,4,6298.0,sqft,"Forced Air, Natural Gas","Central Air, Electric",unknown,890000.0,15208,2021/5/1,753547.3333,17.33333333,"Single Family Residence, Residential",1925,5,4,6094.0,sqft,"Hot Water, Natural Gas",Central Air,unknown,712500.0,2.0,1.0,False,19.9438202247191,hard,0,-1,15,204.0,equal,p1_slight,hard_equal
11286272,11287056,15208,2021/7/1,703827.0,24.0,"Single Family Residence, Residential",1962,5,4,7200.0,sqft,Natural Gas,Central Air,unknown,660000.0,15208,2021/7/1,828430.6667,19.33333333,"Single Family Residence, Residential",1901,4,5,6000.0,sqft,"Hot Water, Natural Gas",Central Air,unknown,999000.0,1.0,2.0,False,33.933933933933936,medium,-1,1,61,1200.0,p2_more,p1_much,medium_p2_more
11370995,11443427,15209,2019/11/1,147158.25,19.91666667,SingleFamily,1973,2,3,7278.0,sqft,Other,Central,Garage - Attached,202000.0,15209,2019/11/1,167570.8462,13.61538462,SingleFamily,1945,1,2,9639.0,sqft,"Forced air, Gas",Central,Garage - Attached,157500.0,,1.0,False,22.02970297029703,hard,1,1,28,-2361.0,p1_slight,p1_much,hard_p1_slight
11330661,11611398,15209,2020/10/1,173455.8462,16.76923077,"Single Family Residence, Residential",1950,1,2,0.32,Acres,Natural Gas,Central Air,unknown,169900.0,15209,2020/10/1,195369.2308,15.76923077,"Single Family Residence, Residential",1953,2,3,5998.0,sqft,"Forced Air, Natural Gas",Central Air,unknown,230000.0,1.0,2.0,False,26.130434782608695,medium,-1,-1,-3,-5997.68,p2_more,similar,medium_p2_more
11272311,11330652,15209,2020/12/1,200257.6667,14.88888889,"Single Family Residence, Residential",1970,2,3,8276.0,sqft,"Forced Air, Natural Gas",Central Air,unknown,238800.0,15209,2020/12/1,188904.0,20.66666667,"Single Family Residence, Residential",1940,3,4,9000.0,sqft,Natural Gas,Central Air,unknown,155000.0,2.0,1.0,False,35.09212730318258,medium,-1,-1,30,-724.0,p2_more,p1_much,medium_p2_more
11272311,11410078,15209,2020/12/1,200257.6667,14.88888889,"Single Family Residence, Residential",1970,2,3,8276.0,sqft,"Forced Air, Natural Gas",Central Air,unknown,238800.0,15209,2020/12/1,180580.1111,13.11111111,"Single Family Residence, Residential",1955,2,3,0.28,Acres,"Forced Air, Natural Gas",Central Air,unknown,185000.0,2.0,1.0,False,22.529313232830823,hard,0,0,15,8275.72,equal,p1_slight,hard_equal
11328919,11330652,15209,2020/12/1,192010.6154,18.0,"Single Family Residence, Residential",1900,2,3,7405.0,sqft,"Forced Air, Natural Gas",Wall Unit(s),unknown,200000.0,15209,2020/12/1,188904.0,20.66666667,"Single Family Residence, Residential",1940,3,4,9000.0,sqft,Natural Gas,Central Air,unknown,155000.0,2.0,1.0,False,22.5,hard,-1,-1,-40,-1595.0,p2_more,p2_newer,hard_p2_more
11443253,11443432,15209,2020/3/1,182129.2222,24.33333333,SingleFamily,1910,2,2,0.38,Acres,Other,Central,unknown,165000.0,15209,2020/3/1,210099.7778,22.0,SingleFamily,1950,2,3,10240.0,sqft,Other,Central,unknown,225000.0,1.0,2.0,False,26.666666666666668,medium,-1,0,-40,-10239.62,p2_more,p2_newer,medium_p2_more
11443253,72262894,15209,2020/3/1,182129.2222,24.33333333,SingleFamily,1910,2,2,0.38,Acres,Other,Central,unknown,165000.0,15209,2020/3/1,195715.8889,11.77777778,Townhouse,2004,3,3,1899.0,sqft,Other,Central,unknown,207000.0,,2.0,False,20.28985507246377,hard,-1,-1,-94,-1898.62,p2_more,p2_newer,hard_p2_more
11371913,11442895,15209,2020/4/1,244157.1818,12.18181818,SingleFamily,1988,3,3,9015.0,sqft,Other,Central,unknown,252750.0,15209,2020/4/1,206923.0,24.33333333,SingleFamily,1950,2,4,9226.0,sqft,"Forced air, Gas",Central,unknown,189900.0,2.0,1.0,False,24.86646884272997,hard,-1,1,38,-211.0,p2_more,p1_much,hard_p2_more
11330415,11330970,15209,2020/8/1,205233.2,22.6,"Single Family Residence, Residential",1900,2,3,0.38,Acres,"Forced Air, Natural Gas",Central Air,unknown,226700.0,15209,2020/8/1,236092.6,24.2,"Single Family Residence, Residential",1920,3,3,5018.0,sqft,"Forced Air, Natural Gas",Central Air,unknown,275000.0,1.0,2.0,False,17.563636363636366,hard,0,-1,-20,-5017.62,equal,p2_newer,hard_equal
11329166,11330898,15209,2021/12/1,135360.7143,51.17142857,"Single Family Residence, Residential",1929,1,2,0.74,Acres,"Hot Water, Natural Gas",unknown,unknown,110000.0,15209,2021/12/1,182197.1429,29.67142857,"Single Family Residence, Residential",1930,2,3,6246.0,sqft,"Radiant, Other",unknown,unknown,225000.0,,2.0,False,51.11111111111111,easy,-1,-1,-1,-6245.26,p2_more,similar,easy_p2_more
11272306,11330530,15209,2021/6/1,247352.0,15.0,"Single Family Residence, Residential",1963,2,3,7139.0,sqft,"Forced Air, Natural Gas",Central Air,unknown,315000.0,15209,2021/6/1,239836.5909,12.36363636,"Single Family Residence, Residential",1960,2,2,0.35,Acres,"Forced Air, Natural Gas",Central Air,unknown,233000.0,2.0,1.0,False,26.031746031746035,medium,1,0,3,7138.65,p1_slight,p1_slight,medium_p1_slight
11272306,11330805,15209,2021/6/1,247352.0,15.0,"Single Family Residence, Residential",1963,2,3,7139.0,sqft,"Forced Air, Natural Gas",Central Air,unknown,315000.0,15209,2021/6/1,227439.0,15.5,"Single Family Residence, Residential",1950,2,3,10676.0,sqft,"Forced Air, Natural Gas",Central Air,unknown,240000.0,2.0,1.0,False,23.809523809523807,hard,0,0,13,-3537.0,equal,p1_slight,hard_equal
11272604,11330537,15209,2021/6/1,202855.6154,21.15384615,"Single Family Residence, Residential",1975,2,3,9552.0,sqft,"Forced Air, Natural Gas",Central Air,unknown,270000.0,15209,2021/6/1,211318.1818,13.54545455,"Single Family Residence, Residential",1961,2,2,0.54,Acres,"Forced Air, Natural Gas","Central Air, Electric",unknown,208225.0,2.0,1.0,False,22.87962962962963,hard,1,0,14,9551.46,p1_slight,p1_slight,hard_p1_slight
11409848,11409990,15209,2021/8/1,269535.2222,18.55555556,"Single Family Residence, Residential",1960,3,3,5662.0,sqft,"Forced Air, Natural Gas","Central Air, Electric",unknown,300000.0,15209,2021/8/1,251433.3333,13.33333333,"Single Family Residence, Residential",1957,2,3,10001.0,sqft,"Forced Air, Natural Gas",Central Air,unknown,247900.0,2.0,1.0,False,17.366666666666667,hard,0,1,3,-4339.0,equal,p1_slight,hard_equal
11409848,11442843,15209,2021/8/1,269535.2222,18.55555556,"Single Family Residence, Residential",1960,3,3,5662.0,sqft,"Forced Air, Natural Gas","Central Air, Electric",unknown,300000.0,15209,2021/8/1,240900.0,27.0,"Single Family Residence, Residential",1960,2,3,9100.0,sqft,"Forced Air, Natural Gas","Central Air, Electric",unknown,231000.0,2.0,1.0,False,23.0,hard,0,1,0,-3438.0,equal,similar,hard_equal
11372106,11611557,15209,2021/9/1,218710.1695,14.62711864,"Single Family Residence, Residential",1952,2,2,9147.0,sqft,"Hot Water, Natural Gas",Central Air,unknown,209900.0,15209,2021/9/1,184969.4915,47.01694915,"Single Family Residence, Residential",1910,3,3,6250.0,sqft,"Radiant, Natural Gas",Window A/C,unknown,274900.0,1.0,2.0,False,23.644961804292468,hard,-1,-1,42,2897.0,p2_more,p1_much,hard_p2_more
11271464,11272632,15209,2022/3/1,265969.4915,13.37288136,"Single Family Residence, Residential",1910,4,3,6481.0,sqft,"Forced Air, Natural Gas",Central Air,unknown,210000.0,15209,2022/3/1,249481.8182,15.81818182,"Single Family Residence, Residential",1860,2,4,5610.0,sqft,"Hot Water, Natural Gas",Window A/C,unknown,280000.0,1.0,2.0,False,25.0,hard,-1,2,50,871.0,p2_more,p1_much,hard_p2_more
11442853,11611537,15209,2022/4/1,258545.0,23.2,"Single Family Residence, Residential",1962,2,3,0.32,Acres,"Forced Air, Natural Gas",Central Air,unknown,313000.0,15209,2022/4/1,256723.0769,17.69230769,"Single Family Residence, Residential",1950,3,3,10110.0,sqft,"Forced Air, Natural Gas","Central Air, Electric",unknown,550000.0,1.0,2.0,False,43.09090909090909,easy,0,-1,12,-10109.68,equal,p1_slight,easy_equal
11329261,11371926,15209,2022/5/1,223650.0,17.9,"Single Family Residence, Residential",1940,2,2,0.29,Acres,"Forced Air, Natural Gas",Central Air,unknown,195000.0,15209,2022/5/1,252157.1429,18.92857143,SingleFamily,1950,2,3,6000.0,sqft,"Other, Baseboard, Gas",Central,unknown,260000.0,1.0,2.0,False,25.0,hard,-1,0,-10,-5999.71,p2_more,similar,hard_p2_more
11371643,11372217,15209,2022/6/1,390975.0,10.35,"Single Family Residence, Residential",1991,3,4,0.34,Acres,"Forced Air, Natural Gas",Central Air,unknown,370000.0,15209,2022/6/1,380609.7826,36.19565217,"Single Family Residence, Residential",1900,4,4,0.26,Acres,"Forced Air, Natural Gas",Central Air,unknown,500000.0,1.0,2.0,False,26.0,medium,0,-1,91,0.08000000000000002,equal,p1_much,medium_equal
11372872,11410223,15209,2022/7/1,353944.5652,14.26086957,"Single Family Residence, Residential",1986,4,3,0.45,Acres,"Forced Air, Natural Gas",Central Air,unknown,393500.0,15209,2022/7/1,312196.1798,14.11235955,"Single Family Residence, Residential",1950,3,4,0.45,Acres,"Forced Air, Natural Gas",Central Air,unknown,305000.0,,1.0,False,22.490470139771286,hard,-1,1,36,0.0,p2_more,p1_much,hard_p2_more
11556948,11647408,15210,2019/11/1,122397.2667,21.4,SingleFamily,1932,3,3,7501.0,sqft,"Other, Gas",Central,unknown,121150.0,15210,2019/11/1,146272.2,18.4,SingleFamily,1945,2,3,6936.0,sqft,Other,Central,unknown,161000.0,1.0,2.0,False,24.751552795031056,hard,0,1,-13,565.0,equal,similar,hard_equal
11647771,11647796,15210,2019/8/1,125870.5556,11.66666667,SingleFamily,1950,2,3,4499.0,sqft,"Forced air, Gas",Central,unknown,140000.0,15210,2019/8/1,119979.3333,21.5,SingleFamily,1954,2,3,4948.0,sqft,"Forced air, Gas",Central,unknown,110000.0,2.0,1.0,False,21.428571428571427,hard,0,0,-4,-449.0,equal,similar,hard_equal
11554373,11556613,15210,2020/11/1,90151.9,48.8,"Single Family Residence, Residential",1915,1,3,4687.0,sqft,"Hot Water, Natural Gas",Window A/C,unknown,159900.0,15210,2020/11/1,56718.5,73.21428571,"Single Family Residence, Residential",1891,1,2,7000.0,sqft,"Forced Air, Natural Gas",Window A/C,unknown,114900.0,2.0,1.0,False,28.142589118198874,medium,1,0,24,-2313.0,p1_slight,p1_much,medium_p1_slight
11553940,11648374,15210,2020/7/1,88816.44444,19.0,SingleFamily,1932,2,3,5039.0,sqft,"Other, Forced air, Gas",unknown,unknown,112000.0,15210,2020/7/1,116193.0,39.0,SingleFamily,1942,1,3,439.0,sqft,"Forced air, Gas",unknown,unknown,145000.0,1.0,2.0,False,22.758620689655174,hard,0,1,-10,4600.0,equal,similar,hard_equal
11314724,11648231,15210,2020/9/1,168785.75,27.25,"Single Family Residence, Residential",1900,2,3,3789.0,sqft,"Forced Air, Natural Gas",Central Air,unknown,215000.0,15210,2020/9/1,170703.4545,21.27272727,"Single Family Residence, Residential",1937,3,5,5000.0,sqft,"Hot Water, Natural Gas",Window A/C,unknown,154900.0,2.0,1.0,False,27.953488372093023,medium,-2,-1,-37,-1211.0,p2_more,p2_newer,medium_p2_more
11557203,11647338,15210,2021/10/1,163338.9831,28.3559322,"Single Family Residence, Residential",1916,2,5,3600.0,sqft,"Forced Air, Natural Gas",Electric,unknown,139500.0,15210,2021/10/1,153505.0847,17.27118644,"Single Family Residence, Residential",1923,2,3,3598.0,sqft,"Forced Air, Natural Gas",Central Air,unknown,175000.0,1.0,2.0,False,20.285714285714285,hard,2,0,-7,2.0,p1_much,similar,hard_p1_much
11645840,11648131,15210,2021/11/1,141411.7647,20.94117647,"Single Family Residence, Residential",1949,1,3,4508.0,sqft,"Forced Air, Natural Gas",Central Air,unknown,150000.0,15210,2021/11/1,127250.3448,30.71034483,"Single Family Residence, Residential",1922,2,3,2500.0,sqft,"Forced Air, Natural Gas",Central Air,unknown,215000.0,,2.0,False,30.23255813953488,medium,0,-1,27,2008.0,equal,p1_much,medium_equal
11436773,11556918,15210,2021/12/1,95367.79661,46.6440678,"Single Family Residence, Residential",1950,1,4,3624.0,sqft,Natural Gas,Central Air,Attached Garage,115000.0,15210,2021/12/1,87918.04511,10.0,"Single Family Residence, Residential",1924,1,3,2448.0,sqft,"Forced Air, Natural Gas","Central Air, Electric",Open Parking,140000.0,1.0,2.0,False,17.857142857142858,hard,1,0,26,1176.0,p1_slight,p1_much,hard_p1_slight
11440130,11562381,15210,2021/4/1,175423.5,42.16666667,"Single Family Residence, Residential",1945,3,4,6098.0,sqft,"Forced Air, Natural Gas",Central Air,unknown,295000.0,15210,2021/4/1,187795.4444,19.77777778,"Single Family Residence, Residential",1949,2,4,0.27,Acres,"Hot Water, Natural Gas",Window A/C,unknown,237000.0,,1.0,False,19.661016949152543,hard,0,1,-4,6097.73,equal,similar,hard_equal
11436469,11556411,15210,2021/8/1,117358.3448,24.65517241,"Single Family Residence, Residential",1900,2,4,4229.0,sqft,"Hot Water, Natural Gas",Window A/C,unknown,112000.0,15210,2021/8/1,145517.913,37.73913043,"Single Family Residence, Residential",1900,2,3,5667.0,sqft,"Forced Air, Natural Gas",Window A/C,unknown,175450.0,1.0,2.0,False,36.16414933029353,medium,1,0,0,-1438.0,p1_slight,similar,medium_p1_slight
11645206,11647409,15210,2021/9/1,170975.0,22.66666667,"Single Family Residence, Residential",1941,3,3,5850.0,sqft,Natural Gas,Window A/C,unknown,153000.0,15210,2021/9/1,195354.2373,16.86440678,"Single Family Residence, Residential",1940,2,3,3497.0,sqft,"Hot Water, Natural Gas",Central Air,unknown,190000.0,1.0,2.0,False,19.473684210526315,hard,0,1,1,2353.0,equal,p1_slight,hard_equal
11435372,11562243,15210,2022/3/1,111168.4932,36.54794521,"Single Family Residence, Residential",1920,3,4,7501.0,sqft,"Forced Air, Natural Gas",Window A/C,unknown,130000.0,15210,2022/3/1,144781.5789,27.5,"Single Family Residence, Residential",1932,2,2,4181.0,sqft,"Forced Air, Natural Gas",Central Air,unknown,205000.0,1.0,2.0,False,36.58536585365854,medium,2,1,-12,3320.0,p1_much,similar,medium_p1_much
11437357,11562243,15210,2022/3/1,129672.0,17.76,"Single Family Residence, Residential",1954,1,3,5000.0,sqft,Natural Gas,Central Air,unknown,144000.0,15210,2022/3/1,144781.5789,27.5,"Single Family Residence, Residential",1932,2,2,4181.0,sqft,"Forced Air, Natural Gas",Central Air,unknown,205000.0,1.0,2.0,False,29.756097560975608,medium,1,-1,22,819.0,p1_slight,p1_much,medium_p1_slight
11437482,11553925,15210,2022/3/1,137200.0,59.26027397,SingleFamily,1901,2,3,4977.0,sqft,"Gas, Forced air, Baseboard, Electric",Central,unknown,169900.0,15210,2022/3/1,143057.8947,20.0,"Single Family Residence, Residential",1953,2,3,5998.0,sqft,"Forced Air, Natural Gas",Electric,unknown,130000.0,2.0,1.0,False,23.484402589758684,hard,0,0,-52,-1021.0,equal,p2_newer,hard_equal
11553925,11562243,15210,2022/3/1,143057.8947,20.0,"Single Family Residence, Residential",1953,2,3,5998.0,sqft,"Forced Air, Natural Gas",Electric,unknown,130000.0,15210,2022/3/1,144781.5789,27.5,"Single Family Residence, Residential",1932,2,2,4181.0,sqft,"Forced Air, Natural Gas",Central Air,unknown,205000.0,1.0,2.0,False,36.58536585365854,medium,1,0,21,1817.0,p1_slight,p1_much,medium_p1_slight
11436907,11647826,15210,2022/6/1,205102.5641,12.69230769,"Single Family Residence, Residential",1955,3,4,6098.0,sqft,"Forced Air, Natural Gas","Window A/C, Central Air",unknown,200000.0,15210,2022/6/1,224569.2308,17.38461538,"Single Family Residence, Residential",1975,2,3,0.29,Acres,"Forced Air, Natural Gas",Central Air,unknown,245000.0,1.0,2.0,False,18.367346938775512,hard,1,1,-20,6097.71,p1_slight,p2_newer,hard_p1_slight
11515877,11554766,15211,2019/12/1,225423.8,57.2,SingleFamily,1910,3,3,3049.0,sqft,Other,Central,unknown,350000.0,15211,2019/12/1,183902.9412,35.35294118,SingleFamily,1910,2,4,5200.0,sqft,"Forced air, Gas",Central,unknown,240000.0,2.0,1.0,False,31.428571428571427,medium,-1,1,0,-2151.0,p2_more,similar,medium_p2_more
11474820,11585241,15211,2019/7/1,144656.6667,38.66666667,SingleFamily,1910,1,3,2249.0,sqft,"Other, Gas",unknown,unknown,165000.0,15211,2019/7/1,147033.2941,16.23529412,SingleFamily,1910,1,3,3049.0,sqft,Other,unknown,unknown,117000.0,2.0,1.0,False,29.09090909090909,medium,0,0,0,-800.0,equal,similar,medium_equal
11314691,11585494,15211,2020/10/1,121792.2,59.7,"Single Family Residence, Residential",1925,2,5,1999.0,sqft,Natural Gas,Central Air,unknown,199000.0,15211,2020/10/1,165696.0,34.0,"Single Family Residence, Residential",1900,2,4,5400.0,sqft,"Forced Air, Natural Gas","Window A/C, Central Air",unknown,243500.0,,2.0,False,18.275154004106774,hard,1,0,25,-3401.0,p1_slight,p1_much,hard_p1_slight
11323381,11585992,15211,2020/6/1,207912.8889,12.0,SingleFamily,1962,2,3,4321.0,sqft,Other,Central,unknown,225000.0,15211,2020/6/1,192781.8,34.4,SingleFamily,1928,2,3,2880.0,sqft,"Radiant, Forced air, Heat pump, Gas",Central,unknown,275000.0,1.0,2.0,False,18.181818181818183,hard,0,0,34,1441.0,equal,p1_much,hard_equal
11554727,11585460,15211,2020/7/1,154254.8,33.4,SingleFamily,1919,2,3,2683.0,sqft,"Forced air, Gas",Central,unknown,241500.0,15211,2020/7/1,168439.1111,20.66666667,SingleFamily,1964,1,3,6819.0,sqft,"Forced air, Gas",Other,unknown,180000.0,2.0,1.0,False,25.465838509316768,medium,0,1,-45,-4136.0,equal,p2_newer,medium_equal
11516309,11516310,15211,2021/1/1,276943.55,24.15,"Townhouse, Residential",1920,3,2,1833.0,sqft,Electric,Electric,unknown,320000.0,15211,2021/1/1,230299.0,31.4,"Single Family Residence, Townhouse, Residential",1920,2,2,1319.0,sqft,"Forced Air, Natural Gas",Central Air,unknown,246500.0,2.0,1.0,False,22.96875,hard,0,1,0,514.0,equal,similar,hard_equal
11516310,11517186,15211,2021/1/1,230299.0,31.4,"Single Family Residence, Townhouse, Residential",1920,2,2,1319.0,sqft,"Forced Air, Natural Gas",Central Air,unknown,246500.0,15211,2021/1/1,166635.8182,39.27272727,"Single Family Residence, Residential",1905,1,3,2378.0,sqft,"Forced Air, Natural Gas",Window A/C,unknown,174900.0,2.0,1.0,False,29.046653144016226,medium,-1,1,15,-1059.0,p2_more,p1_slight,medium_p2_more
11516822,11554801,15211,2021/10/1,176400.0,28.0,"Single Family Residence, Residential",1930,2,3,3327.0,sqft,"Forced Air, Natural Gas",Central Air,unknown,155000.0,15211,2021/10/1,157074.5763,34.20338983,"Townhouse, Residential",1975,1,2,3001.0,sqft,Natural Gas,Gas,unknown,192500.0,1.0,2.0,False,19.480519480519483,hard,1,1,-45,326.0,p1_slight,p2_newer,hard_p1_slight
11515641,11516999,15211,2021/12/1,193302.569,21.63793103,"Single Family Residence, Residential",1900,1,3,8315.0,sqft,"Forced Air, Natural Gas","Central Air, Electric",unknown,180000.0,15211,2021/12/1,227810.3448,23.0,"Single Family Residence, Residential",1925,2,3,4020.0,sqft,"Forced Air, Natural Gas",Central Air,unknown,275000.0,1.0,2.0,False,34.54545454545455,medium,0,-1,-25,4295.0,equal,p2_newer,medium_equal
11585622,87988964,15211,2021/4/1,264874.2308,20.76923077,"Single Family Residence, Residential",1900,3,4,4678.0,sqft,Natural Gas,"Central Air, Electric",unknown,249900.0,15211,2021/4/1,316515.5556,18.88888889,"Townhouse, Residential",2007,3,3,2670.0,sqft,"Forced Air, Natural Gas","Central Air, Electric",unknown,377524.0,1.0,2.0,False,33.80553289327301,medium,1,0,-107,2008.0,p1_slight,p2_newer,medium_p1_slight
11516126,11516233,15211,2021/6/1,257404.4545,18.63636364,"Single Family Residence, Residential",1899,2,4,3197.0,sqft,"Forced Air, Natural Gas",Window A/C,unknown,277000.0,15211,2021/6/1,226509.0,29.0,"Single Family Residence, Residential",1910,2,3,2278.0,sqft,Natural Gas,Central Air,unknown,225000.0,,1.0,False,18.772563176895307,hard,1,0,-11,919.0,p1_slight,similar,hard_p1_slight
11516126,11585700,15211,2021/6/1,257404.4545,18.63636364,"Single Family Residence, Residential",1899,2,4,3197.0,sqft,"Forced Air, Natural Gas",Window A/C,unknown,277000.0,15211,2021/6/1,267456.0,21.0,"Townhouse, Residential",1990,2,2,3467.0,sqft,"Forced Air, Natural Gas",Central Air,unknown,356000.0,1.0,2.0,False,22.191011235955056,hard,2,0,-91,-270.0,p1_much,p2_newer,hard_p1_much
11516233,11585700,15211,2021/6/1,226509.0,29.0,"Single Family Residence, Residential",1910,2,3,2278.0,sqft,Natural Gas,Central Air,unknown,225000.0,15211,2021/6/1,267456.0,21.0,"Townhouse, Residential",1990,2,2,3467.0,sqft,"Forced Air, Natural Gas",Central Air,unknown,356000.0,1.0,2.0,False,36.79775280898877,medium,1,0,-80,-1189.0,p1_slight,p2_newer,medium_p1_slight
11323553,11515835,15211,2021/8/1,198914.7826,38.39130435,"Single Family Residence, Residential",1920,3,5,2252.0,sqft,"Forced Air, Natural Gas",Central Air,Open Parking,190000.0,15211,2021/8/1,294193.6087,41.13043478,"Single Family Residence, Residential",1900,4,4,2800.0,sqft,"Forced Air, Natural Gas",Central Air,Open Parking,275000.0,1.0,2.0,False,30.909090909090907,medium,1,-1,20,-548.0,p1_slight,p1_slight,medium_p1_slight
11323553,11586323,15211,2021/8/1,198914.7826,38.39130435,"Single Family Residence, Residential",1920,3,5,2252.0,sqft,"Forced Air, Natural Gas",Central Air,Open Parking,190000.0,15211,2021/8/1,231447.1364,22.59090909,SingleFamily,1930,1,3,4069.0,sqft,"Other, Forced air","Other, Central",Off-street,236000.0,1.0,2.0,False,19.491525423728813,hard,2,2,-10,-1817.0,p1_much,similar,hard_p1_much
11554645,11586315,15211,2022/7/1,281906.4286,17.73809524,"Single Family Residence, Residential",1915,2,3,5248.0,sqft,"Forced Air, Natural Gas","Central Air, Electric",unknown,311000.0,15211,2022/7/1,285476.9231,28.76923077,"Single Family Residence, Residential",1937,2,4,3049.0,sqft,"Hot Water, Natural Gas",Window A/C,unknown,385000.0,,2.0,False,19.22077922077922,hard,-1,0,-22,2199.0,p2_more,p2_newer,hard_p2_more
11268920,11605769,15212,2019/10/1,137834.8,35.2,SingleFamily,1910,1,4,4569.0,sqft,"Radiant, Other, Gas",Other,unknown,216500.0,15212,2019/10/1,136501.8,23.53333333,"Single Family Residence, Residential",1959,2,3,5780.0,sqft,"Forced Air, Natural Gas","Central Air, Electric",unknown,170000.0,2.0,1.0,False,21.478060046189377,hard,1,-1,-49,-1211.0,p1_slight,p2_newer,hard_p1_slight
11269224,11394716,15212,2019/11/1,140102.5,22.5,SingleFamily,1938,1,3,4486.0,sqft,"Other, Gas",unknown,unknown,150000.0,15212,2019/11/1,141936.75,49.75,SingleFamily,1920,2,3,3618.0,sqft,Other,unknown,unknown,119000.0,2.0,1.0,False,20.666666666666668,hard,0,-1,18,868.0,equal,p1_slight,hard_equal
11270011,11387724,15212,2019/11/1,171822.8,14.5,Townhouse,1993,2,2,3375.0,sqft,Other,Central,unknown,180000.0,15212,2019/11/1,129089.1111,60.22222222,SingleFamily,1860,2,2,1306.0,sqft,Forced air,Other,unknown,257500.0,1.0,2.0,False,30.097087378640776,medium,0,0,133,2069.0,equal,p1_much,medium_equal
11270011,11511219,15212,2019/11/1,171822.8,14.5,Townhouse,1993,2,2,3375.0,sqft,Other,Central,unknown,180000.0,15212,2019/11/1,153900.0,13.33333333,"Single Family Residence, Residential",1950,2,3,0.53,Acres,"Forced Air, Natural Gas",Central Air,unknown,147000.0,2.0,1.0,False,18.333333333333332,hard,-1,0,43,3374.47,p2_more,p1_much,hard_p2_more
11271127,11640308,15212,2019/11/1,237434.1176,16.11764706,SingleFamily,1952,2,4,0.47,Acres,Other,Central,Garage - Attached,249000.0,15212,2019/11/1,249081.6667,23.33333333,Townhouse,1984,3,2,1894.0,sqft,"Forced air, Gas",Central,Garage - Attached,321000.0,1.0,2.0,False,22.429906542056074,hard,2,-1,-32,-1893.53,p1_much,p2_newer,hard_p1_much
11387724,11394334,15212,2019/11/1,129089.1111,60.22222222,SingleFamily,1860,2,2,1306.0,sqft,Forced air,Other,unknown,257500.0,15212,2019/11/1,93090.81818,40.12121212,SingleFamily,1925,1,2,5370.0,sqft,"Forced air, Gas",Wall,unknown,106000.0,2.0,1.0,False,58.83495145631068,easy,0,1,-65,-4064.0,equal,p2_newer,easy_equal
11387724,11610318,15212,2019/11/1,129089.1111,60.22222222,SingleFamily,1860,2,2,1306.0,sqft,Forced air,Other,unknown,257500.0,15212,2019/11/1,127950.2,13.0,"Single Family Residence, Residential",1950,1,2,9426.0,sqft,"Forced Air, Natural Gas",Central Air,unknown,126500.0,2.0,1.0,False,50.873786407766985,easy,0,1,-90,-8120.0,equal,p2_newer,easy_equal
11269273,11388594,15212,2019/12/1,194212.8095,14.0952381,SingleFamily,1930,1,3,4800.0,sqft,"Other, Gas",Central,unknown,208000.0,15212,2019/12/1,157077.25,63.7,SingleFamily,1910,2,3,1600.0,sqft,"Forced air, Gas",Other,unknown,295000.0,1.0,2.0,False,29.491525423728817,medium,0,-1,20,3200.0,equal,p1_slight,medium_equal
11269460,11387668,15212,2019/12/1,219139.9412,19.94117647,SingleFamily,1916,3,4,5758.0,sqft,Other,unknown,unknown,225000.0,15212,2019/12/1,273740.6154,28.46153846,SingleFamily,1910,3,4,3598.0,sqft,Other,unknown,unknown,619162.0,1.0,2.0,False,63.660560564117304,easy,0,0,6,2160.0,equal,p1_slight,easy_equal
11388412,11603733,15212,2019/12/1,333017.0345,48.24137931,SingleFamily,1910,3,4,2138.0,sqft,"Forced air, Gas",Central,unknown,399000.0,15212,2019/12/1,291429.8824,16.47058824,SingleFamily,1924,3,4,8.7,Acres,"Gas, Forced air, Electric","Other, Central",unknown,312000.0,2.0,1.0,False,21.804511278195488,hard,0,0,-14,2129.3,equal,similar,hard_equal
11269375,11327231,15212,2019/8/1,131104.2308,41.69230769,"Single Family Residence, Residential",1900,2,4,2500.0,sqft,"Forced Air, Natural Gas","Central Air, Electric",unknown,106900.0,15212,2019/8/1,146338.1538,14.42307692,SingleFamily,1990,2,3,3998.0,sqft,Forced air,Other,unknown,147000.0,,2.0,False,27.27891156462585,medium,1,0,-90,-1498.0,p1_slight,p2_newer,medium_p1_slight
11388183,11511635,15212,2019/8/1,262244.1667,33.08333333,SingleFamily,1870,2,6,2374.0,sqft,"Other, Gas",unknown,unknown,360000.0,15212,2019/8/1,197566.8889,33.88888889,SingleFamily,1900,3,5,7405.0,sqft,"Other, Gas",unknown,unknown,180000.0,2.0,1.0,False,50.0,easy,1,-1,-30,-5031.0,p1_slight,p2_newer,easy_p1_slight
11395465,11511635,15212,2019/8/1,213760.9167,32.0,SingleFamily,1900,2,3,2574.0,sqft,"Forced air, Gas",unknown,unknown,310000.0,15212,2019/8/1,197566.8889,33.88888889,SingleFamily,1900,3,5,7405.0,sqft,"Other, Gas",unknown,unknown,180000.0,2.0,1.0,False,41.935483870967744,easy,-2,-1,0,-4831.0,p2_more,similar,easy_p2_more
11271290,11499022,15212,2019/9/1,160314.2,16.3,SingleFamily,1950,2,2,6799.0,sqft,"Forced air, Gas",Central,unknown,138000.0,15212,2019/9/1,181687.0,13.08333333,"Single Family Residence, Residential",1920,2,4,3497.0,sqft,"Forced Air, Natural Gas",Central Air,unknown,183450.0,,2.0,False,24.775143090760427,hard,-2,0,30,3302.0,p2_more,p1_much,hard_p2_more
11394910,11610426,15212,2019/9/1,186379.3077,56.07692308,Townhouse,1995,3,3,1873.0,sqft,Other,Central,Garage - Attached,187500.0,15212,2019/9/1,141135.3333,14.66666667,SingleFamily,1955,2,2,7213.0,sqft,Other,Central,Garage - Attached,145000.0,2.0,1.0,False,22.666666666666664,hard,1,1,40,-5340.0,p1_slight,p1_much,hard_p1_slight
11498650,11512407,15212,2020/10/1,145052.4,28.0,"Single Family Residence, Residential",1940,1,4,3598.0,sqft,"Forced Air, Natural Gas","Central Air, Electric",unknown,160000.0,15212,2020/10/1,145875.2857,47.71428571,"Single Family Residence, Residential",1880,2,4,1951.0,sqft,Natural Gas,Window A/C,unknown,195000.0,1.0,2.0,False,17.94871794871795,hard,0,-1,60,1647.0,equal,p1_much,hard_equal
11512060,11512407,15212,2020/10/1,118560.6364,35.45454545,"Single Family Residence, Residential",1956,2,2,3850.0,sqft,"Forced Air, Natural Gas",Central Air,unknown,120000.0,15212,2020/10/1,145875.2857,47.71428571,"Single Family Residence, Residential",1880,2,4,1951.0,sqft,Natural Gas,Window A/C,unknown,195000.0,1.0,2.0,False,38.46153846153847,medium,-2,0,76,1899.0,p2_more,p1_much,medium_p2_more
11512407,11603846,15212,2020/10/1,145875.2857,47.71428571,"Single Family Residence, Residential",1880,2,4,1951.0,sqft,Natural Gas,Window A/C,unknown,195000.0,15212,2020/10/1,110430.0,38.0,"Single Family Residence, Residential",1900,2,3,2880.0,sqft,"Forced Air, Natural Gas",Central Air,unknown,142500.0,2.0,1.0,False,26.923076923076923,medium,1,0,-20,-929.0,p1_slight,p2_newer,medium_p1_slight
11268121,11328776,15212,2020/11/1,148246.4,17.7,"Single Family Residence, Residential",1900,2,2,0.28,Acres,"Forced Air, Natural Gas",unknown,unknown,182500.0,15212,2020/11/1,158512.0,41.6,"Single Family Residence, Residential",1900,2,3,0.46,Acres,"Hot Water, Natural Gas",unknown,unknown,137000.0,2.0,1.0,False,24.93150684931507,hard,-1,0,0,-0.18,p2_more,similar,hard_p2_more
11268819,11395493,15212,2020/11/1,181022.6154,18.61538462,"Single Family Residence, Residential",1930,1,3,4000.0,sqft,"Forced Air, Natural Gas",Central Air,unknown,160000.0,15212,2020/11/1,219667.8182,33.54545455,"Townhouse, Residential",1900,2,3,1041.0,sqft,"Forced Air, Natural Gas",Central Air,unknown,242000.0,1.0,2.0,False,33.88429752066116,medium,0,-1,30,2959.0,equal,p1_much,medium_equal
11268819,11512303,15212,2020/11/1,181022.6154,18.61538462,"Single Family Residence, Residential",1930,1,3,4000.0,sqft,"Forced Air, Natural Gas",Central Air,unknown,160000.0,15212,2020/11/1,176488.2857,36.85714286,"Single Family Residence, Residential",1906,3,2,3584.0,sqft,"Forced Air, Natural Gas","Central Air, Electric",unknown,245000.0,1.0,2.0,False,34.69387755102041,medium,1,-2,24,416.0,p1_slight,p1_much,medium_p1_slight
11268948,11512303,15212,2020/11/1,185789.8667,11.6,"Single Family Residence, Residential",1950,2,3,6098.0,sqft,"Forced Air, Natural Gas",Central Air,unknown,175000.0,15212,2020/11/1,176488.2857,36.85714286,"Single Family Residence, Residential",1906,3,2,3584.0,sqft,"Forced Air, Natural Gas","Central Air, Electric",unknown,245000.0,1.0,2.0,False,28.57142857142857,medium,1,-1,44,2514.0,p1_slight,p1_much,medium_p1_slight
11271287,11512303,15212,2020/11/1,152087.5556,24.44444444,"Single Family Residence, Residential",1940,1,2,8973.0,sqft,Other,Window A/C,unknown,120000.0,15212,2020/11/1,176488.2857,36.85714286,"Single Family Residence, Residential",1906,3,2,3584.0,sqft,"Forced Air, Natural Gas","Central Air, Electric",unknown,245000.0,,2.0,False,51.02040816326531,easy,0,-2,34,5389.0,equal,p1_much,easy_equal
11271287,64454329,15212,2020/11/1,152087.5556,24.44444444,"Single Family Residence, Residential",1940,1,2,8973.0,sqft,Other,Window A/C,unknown,120000.0,15212,2020/11/1,162734.0,17.0,"Townhouse, Residential",1995,3,2,5472.0,sqft,Natural Gas,Central Air,unknown,189000.0,1.0,2.0,False,36.507936507936506,medium,0,-2,-55,3501.0,equal,p2_newer,medium_equal
11328776,11387959,15212,2020/11/1,158512.0,41.6,"Single Family Residence, Residential",1900,2,3,0.46,Acres,"Hot Water, Natural Gas",unknown,unknown,137000.0,15212,2020/11/1,230974.0,49.0,"Single Family Residence, Residential",1910,2,3,1659.0,sqft,"Forced Air, Electric",unknown,unknown,243000.0,1.0,2.0,False,43.62139917695473,easy,0,0,-10,-1658.54,equal,similar,easy_equal
11395493,11498720,15212,2020/11/1,219667.8182,33.54545455,"Townhouse, Residential",1900,2,3,1041.0,sqft,"Forced Air, Natural Gas",Central Air,unknown,242000.0,15212,2020/11/1,133491.1538,90.23076923,"Single Family Residence, Residential",1927,2,4,3001.0,sqft,"Hot Water, Natural Gas",Window A/C,unknown,162050.0,2.0,1.0,False,33.03719008264463,medium,-1,0,-27,-1960.0,p2_more,p2_newer,medium_p2_more
11395493,11510800,15212,2020/11/1,219667.8182,33.54545455,"Townhouse, Residential",1900,2,3,1041.0,sqft,"Forced Air, Natural Gas",Central Air,unknown,242000.0,15212,2020/11/1,195257.5,35.5,"Single Family Residence, Residential",1910,2,4,0.46,Acres,"Other, Baseboard",Window A/C,unknown,192500.0,2.0,1.0,False,20.454545454545457,hard,-1,0,-10,1040.54,p2_more,similar,hard_p2_more
11498720,11512303,15212,2020/11/1,133491.1538,90.23076923,"Single Family Residence, Residential",1927,2,4,3001.0,sqft,"Hot Water, Natural Gas",Window A/C,unknown,162050.0,15212,2020/11/1,176488.2857,36.85714286,"Single Family Residence, Residential",1906,3,2,3584.0,sqft,"Forced Air, Natural Gas","Central Air, Electric",unknown,245000.0,1.0,2.0,False,33.85714285714286,medium,2,-1,21,-583.0,p1_much,p1_much,medium_p1_much
11510800,11512303,15212,2020/11/1,195257.5,35.5,"Single Family Residence, Residential",1910,2,4,0.46,Acres,"Other, Baseboard",Window A/C,unknown,192500.0,15212,2020/11/1,176488.2857,36.85714286,"Single Family Residence, Residential",1906,3,2,3584.0,sqft,"Forced Air, Natural Gas","Central Air, Electric",unknown,245000.0,1.0,2.0,False,21.428571428571427,hard,2,-1,4,-3583.54,p1_much,p1_slight,hard_p1_much
11510800,11603622,15212,2020/11/1,195257.5,35.5,"Single Family Residence, Residential",1910,2,4,0.46,Acres,"Other, Baseboard",Window A/C,unknown,192500.0,15212,2020/11/1,231625.6154,34.0,"Single Family Residence, Residential",1910,2,6,4865.0,sqft,"Forced Air, Natural Gas","Central Air, Electric",unknown,326300.0,,2.0,False,41.00520992951272,easy,-2,0,0,-4864.54,p2_more,similar,easy_p2_more
11512303,64454329,15212,2020/11/1,176488.2857,36.85714286,"Single Family Residence, Residential",1906,3,2,3584.0,sqft,"Forced Air, Natural Gas","Central Air, Electric",unknown,245000.0,15212,2020/11/1,162734.0,17.0,"Townhouse, Residential",1995,3,2,5472.0,sqft,Natural Gas,Central Air,unknown,189000.0,2.0,1.0,False,22.857142857142858,hard,0,0,-89,-1888.0,equal,p2_newer,hard_equal
11269455,59835230,15212,2020/12/1,246627.0,24.0,"Single Family Residence, Residential",1930,2,4,5732.0,sqft,Natural Gas,Central Air,unknown,238500.0,15212,2020/12/1,316736.2308,33.69230769,"Single Family Residence, Residential",1890,2,3,2000.0,sqft,"Forced Air, Natural Gas",Central Air,unknown,380000.0,1.0,2.0,False,37.23684210526316,medium,1,0,40,3732.0,p1_slight,p1_much,medium_p1_slight
11328865,11659368,15212,2020/3/1,225900.5556,27.55555556,"Single Family Residence, Residential",1900,3,3,1.19,Acres,"Hot Water, Natural Gas",Window A/C,unknown,182979.0,15212,2020/3/1,283421.6471,52.35294118,SingleFamily,1870,3,4,1920.0,sqft,"Other, Forced air, Gas",Central,unknown,450000.0,1.0,2.0,False,59.338,easy,-1,0,30,-1918.81,p2_more,p1_much,easy_p2_more
11270206,11611518,15212,2020/4/1,185537.7,19.9,SingleFamily,1937,2,3,4399.0,sqft,Radiant,unknown,unknown,240000.0,15212,2020/4/1,159519.8,12.6,SingleFamily,1960,2,4,6588.0,sqft,Other,unknown,unknown,171750.0,2.0,1.0,False,28.4375,medium,-1,0,-23,-2189.0,p2_more,p2_newer,medium_p2_more
11388326,11511922,15212,2020/4/1,188814.7263,51.21052632,SingleFamily,1870,3,3,1241.0,sqft,Forced air,unknown,On-street,420000.0,15212,2020/4/1,117210.5455,51.45454545,SingleFamily,1931,2,3,4255.0,sqft,"Forced air, Gas",unknown,On-street,165000.0,2.0,1.0,False,60.71428571428571,easy,0,1,-61,-3014.0,equal,p2_newer,easy_equal
11394788,11498559,15212,2020/4/1,82226.66667,14.0,SingleFamily,1900,2,3,2613.0,sqft,"Forced air, Gas",Central,unknown,199900.0,15212,2020/4/1,108878.7143,43.14285714,SingleFamily,1923,2,3,4878.0,sqft,Other,Central,unknown,138500.0,2.0,1.0,False,30.71535767883942,medium,0,0,-23,-2265.0,equal,p2_newer,medium_equal
11395297,11498559,15212,2020/4/1,151620.0,50.0,SingleFamily,1890,1,3,958.0,sqft,Forced air,Other,unknown,210000.0,15212,2020/4/1,108878.7143,43.14285714,SingleFamily,1923,2,3,4878.0,sqft,Other,Central,unknown,138500.0,2.0,1.0,False,34.04761904761905,medium,0,-1,-33,-3920.0,equal,p2_newer,medium_equal
11268334,11388289,15212,2020/6/1,305021.3333,24.0,SingleFamily,1910,3,4,4000.0,sqft,"Wall, Forced air, Gas","Central, Wall",unknown,310000.0,15212,2020/6/1,290763.9,23.35,SingleFamily,1890,4,3,2199.0,sqft,Other,Central,unknown,720000.0,1.0,2.0,False,56.94444444444444,easy,1,-1,20,1801.0,p1_slight,p1_slight,easy_p1_slight
11269061,11270145,15212,2020/7/1,200229.4,23.6,"Single Family Residence, Residential",1925,2,5,3875.0,sqft,"Hot Water, Natural Gas",Window A/C,unknown,190000.0,15212,2020/7/1,217276.0,22.66666667,SingleFamily,1921,2,3,10454.0,sqft,"Radiant, Other, Gas",Other,unknown,290000.0,,2.0,False,34.48275862068966,medium,2,0,4,-6579.0,p1_much,p1_slight,medium_p1_much
11269475,11659362,15212,2020/7/1,198579.0,25.0,SingleFamily,1930,1,3,4129.0,sqft,Other,unknown,unknown,180000.0,15212,2020/7/1,173551.4,52.3,SingleFamily,1851,2,3,1498.0,sqft,Other,unknown,unknown,255000.0,1.0,2.0,False,29.411764705882355,medium,0,-1,79,2631.0,equal,p1_much,medium_equal
11492645,11511087,15212,2020/7/1,105205.25,14.625,SingleFamily,1900,3,4,4329.0,sqft,Other,unknown,unknown,110000.0,15212,2020/7/1,128063.3333,33.11111111,SingleFamily,1930,2,3,5401.0,sqft,Other,unknown,unknown,190126.0,1.0,2.0,False,42.14363106571432,easy,1,1,-30,-1072.0,p1_slight,p2_newer,easy_p1_slight
11492645,11511095,15212,2020/7/1,105205.25,14.625,SingleFamily,1900,3,4,4329.0,sqft,Other,unknown,unknown,110000.0,15212,2020/7/1,79584.3,74.8,SingleFamily,1950,2,2,5231.0,sqft,Other,unknown,unknown,165000.0,1.0,2.0,False,33.33333333333333,medium,2,1,-50,-902.0,p1_much,p2_newer,medium_p1_much
11510849,11605594,15212,2020/7/1,154216.3333,49.33333333,SingleFamily,1880,2,2,0.7,Acres,Other,unknown,unknown,240000.0,15212,2020/7/1,143439.1111,42.88888889,SingleFamily,1925,2,4,6006.0,sqft,"Other, Gas",unknown,unknown,142386.0,2.0,1.0,False,40.6725,easy,-2,0,-45,-6005.3,p2_more,p2_newer,easy_p2_more
11511060,11511095,15212,2020/7/1,121002.5556,26.66666667,SingleFamily,1930,3,4,2395.0,sqft,Other,unknown,unknown,135000.0,15212,2020/7/1,79584.3,74.8,SingleFamily,1950,2,2,5231.0,sqft,Other,unknown,unknown,165000.0,1.0,2.0,False,18.181818181818183,hard,2,1,-20,-2836.0,p1_much,p2_newer,hard_p1_much
11268158,11268314,15212,2020/8/1,189682.2727,28.90909091,"Single Family Residence, Residential",1925,2,3,10070.0,sqft,"Forced Air, Natural Gas",Central Air,unknown,190000.0,15212,2020/8/1,217154.4,16.8,SingleFamily,1927,2,4,3998.0,sqft,Other,Central,unknown,236000.0,1.0,2.0,False,19.491525423728813,hard,-1,0,-2,6072.0,p2_more,similar,hard_p2_more
11268158,11268607,15212,2020/8/1,189682.2727,28.90909091,"Single Family Residence, Residential",1925,2,3,10070.0,sqft,"Forced Air, Natural Gas",Central Air,unknown,190000.0,15212,2020/8/1,205365.9091,47.63636364,SingleFamily,1900,3,5,5906.0,sqft,"Forced air, Gas","Other, Central",unknown,243000.0,1.0,2.0,False,21.810699588477366,hard,-2,-1,25,4164.0,p2_more,p1_much,hard_p2_more
11268314,11268543,15212,2020/8/1,217154.4,16.8,SingleFamily,1927,2,4,3998.0,sqft,Other,Central,unknown,236000.0,15212,2020/8/1,173446.9,30.5,"Single Family Residence, Residential",1930,2,4,5161.0,sqft,"Hot Water, Natural Gas",Window A/C,unknown,160000.0,2.0,1.0,False,32.20338983050847,medium,0,0,-3,-1163.0,equal,similar,medium_equal
11268314,11640306,15212,2020/8/1,217154.4,16.8,SingleFamily,1927,2,4,3998.0,sqft,Other,Central,unknown,236000.0,15212,2020/8/1,250507.9,19.8,"Single Family Residence, Residential",1984,2,2,1184.0,sqft,"Forced Air, Natural Gas",Central Air,unknown,310000.0,1.0,2.0,False,23.870967741935484,hard,2,0,-57,2814.0,p1_much,p2_newer,hard_p1_much
11268355,11498292,15212,2020/8/1,172484.7,19.8,SingleFamily,1940,2,2,7000.0,sqft,Other,Central,unknown,174900.0,15212,2020/8/1,132318.2222,51.0,SingleFamily,1952,2,4,3162.0,sqft,Other,Central,unknown,132000.0,,1.0,False,24.528301886792452,hard,-2,0,-12,3838.0,p2_more,similar,hard_p2_more
11268543,11388787,15212,2020/8/1,173446.9,30.5,"Single Family Residence, Residential",1930,2,4,5161.0,sqft,"Hot Water, Natural Gas",Window A/C,unknown,160000.0,15212,2020/8/1,173685.4286,64.28571429,"Single Family Residence, Residential",1900,3,4,1999.0,sqft,"Forced Air, Natural Gas","Window A/C, Central Air",unknown,200000.0,1.0,2.0,False,20.0,hard,0,-1,30,3162.0,equal,p1_much,hard_equal
11268607,11498292,15212,2020/8/1,205365.9091,47.63636364,SingleFamily,1900,3,5,5906.0,sqft,"Forced air, Gas","Other, Central",unknown,243000.0,15212,2020/8/1,132318.2222,51.0,SingleFamily,1952,2,4,3162.0,sqft,Other,Central,unknown,132000.0,2.0,1.0,False,45.67901234567901,easy,1,1,-52,2744.0,p1_slight,p2_newer,easy_p1_slight
11268607,11640306,15212,2020/8/1,205365.9091,47.63636364,SingleFamily,1900,3,5,5906.0,sqft,"Forced air, Gas","Other, Central",unknown,243000.0,15212,2020/8/1,250507.9,19.8,"Single Family Residence, Residential",1984,2,2,1184.0,sqft,"Forced Air, Natural Gas",Central Air,unknown,310000.0,1.0,2.0,False,21.612903225806452,hard,3,1,-84,4722.0,p1_much,p2_newer,hard_p1_much
11268712,11498292,15212,2020/8/1,178037.6,34.8,"Single Family Residence, Residential",1925,2,3,4800.0,sqft,"Forced Air, Natural Gas",Central Air,unknown,280000.0,15212,2020/8/1,132318.2222,51.0,SingleFamily,1952,2,4,3162.0,sqft,Other,Central,unknown,132000.0,2.0,1.0,False,52.85714285714286,easy,-1,0,-27,1638.0,p2_more,p2_newer,easy_p2_more
11269188,11388787,15212,2020/8/1,127040.8,34.0,SingleFamily,1946,2,3,4290.0,sqft,Other,Central,unknown,123000.0,15212,2020/8/1,173685.4286,64.28571429,"Single Family Residence, Residential",1900,3,4,1999.0,sqft,"Forced Air, Natural Gas","Window A/C, Central Air",unknown,200000.0,,2.0,False,38.5,medium,-1,-1,46,2291.0,p2_more,p1_much,medium_p2_more
11269188,11394701,15212,2020/8/1,127040.8,34.0,SingleFamily,1946,2,3,4290.0,sqft,Other,Central,unknown,123000.0,15212,2020/8/1,158486.5556,17.77777778,SingleFamily,1920,1,4,2953.0,sqft,Other,Other,unknown,153000.0,1.0,2.0,False,19.607843137254903,hard,-1,1,26,1337.0,p2_more,p1_much,hard_p2_more
11269232,11640306,15212,2020/8/1,217690.4545,15.27272727,"Single Family Residence, Residential",1930,2,5,5005.0,sqft,"Forced Air, Natural Gas",Central Air,unknown,230000.0,15212,2020/8/1,250507.9,19.8,"Single Family Residence, Residential",1984,2,2,1184.0,sqft,"Forced Air, Natural Gas",Central Air,unknown,310000.0,1.0,2.0,False,25.806451612903224,medium,3,0,-54,3821.0,p1_much,p2_newer,medium_p1_much
11388787,11498292,15212,2020/8/1,173685.4286,64.28571429,"Single Family Residence, Residential",1900,3,4,1999.0,sqft,"Forced Air, Natural Gas","Window A/C, Central Air",unknown,200000.0,15212,2020/8/1,132318.2222,51.0,SingleFamily,1952,2,4,3162.0,sqft,Other,Central,unknown,132000.0,2.0,1.0,False,34.0,medium,0,1,-52,-1163.0,equal,p2_newer,medium_equal
11388787,11640306,15212,2020/8/1,173685.4286,64.28571429,"Single Family Residence, Residential",1900,3,4,1999.0,sqft,"Forced Air, Natural Gas","Window A/C, Central Air",unknown,200000.0,15212,2020/8/1,250507.9,19.8,"Single Family Residence, Residential",1984,2,2,1184.0,sqft,"Forced Air, Natural Gas",Central Air,unknown,310000.0,1.0,2.0,False,35.483870967741936,medium,2,1,-84,815.0,p1_much,p2_newer,medium_p1_much
11387932,11512387,15212,2020/9/1,162704.4444,21.11111111,"Single Family Residence, Residential",1910,3,3,1472.0,sqft,"Forced Air, Natural Gas","Central Air, Electric",unknown,120000.0,15212,2020/9/1,127308.2857,50.85714286,"Single Family Residence, Residential",1900,1,4,2500.0,sqft,"Forced Air, Natural Gas",Window A/C,unknown,162000.0,1.0,2.0,False,25.925925925925924,medium,-1,2,10,-1028.0,p2_more,p1_slight,medium_p2_more
11603580,119346229,15212,2020/9/1,270037.5,24.7,"Single Family Residence, Residential",1901,2,6,5566.0,sqft,"Hot Water, Natural Gas","Wall Unit(s), Electric",unknown,255000.0,15212,2020/9/1,314417.0,13.0,"Single Family Residence, Residential",2012,3,3,1759.0,sqft,"Forced Air, Natural Gas",Central Air,unknown,425000.0,1.0,2.0,False,40.0,medium,3,-1,-111,3807.0,p1_much,p2_newer,medium_p1_much
11270192,11603950,15212,2021/1/1,170066.7692,23.84615385,"Single Family Residence, Residential",1961,1,3,6982.0,sqft,"Forced Air, Natural Gas",Central Air,unknown,177500.0,15212,2021/1/1,202515.5385,27.23076923,"Single Family Residence, Residential",1930,2,4,7518.0,sqft,"Hot Water, Natural Gas",Window A/C,unknown,230500.0,,2.0,False,22.99349240780911,hard,-1,-1,31,-536.0,p2_more,p1_much,hard_p2_more
11271222,11603950,15212,2021/1/1,215867.0,28.16666667,"Single Family Residence, Residential",1940,3,4,4186.0,sqft,"Forced Air, Natural Gas",Central Air,unknown,169000.0,15212,2021/1/1,202515.5385,27.23076923,"Single Family Residence, Residential",1930,2,4,7518.0,sqft,"Hot Water, Natural Gas",Window A/C,unknown,230500.0,,2.0,False,26.68112798264642,medium,0,1,10,-3332.0,equal,p1_slight,medium_equal
11327180,11512344,15212,2021/1/1,192150.3333,13.33333333,"Single Family Residence, Residential",1960,1,3,9936.0,sqft,"Forced Air, Natural Gas",Central Air,unknown,160000.0,15212,2021/1/1,210210.75,38.75,"Single Family Residence, Residential",1890,2,3,2970.0,sqft,"Forced Air, Natural Gas",Central Air,unknown,192000.0,1.0,2.0,False,16.666666666666664,hard,0,-1,70,6966.0,equal,p1_much,hard_equal
11327180,11603653,15212,2021/1/1,192150.3333,13.33333333,"Single Family Residence, Residential",1960,1,3,9936.0,sqft,"Forced Air, Natural Gas",Central Air,unknown,160000.0,15212,2021/1/1,175422.0,22.25,"Single Family Residence, Residential",1924,2,4,4800.0,sqft,"Forced Air, Natural Gas",Central Air,unknown,325000.0,1.0,2.0,False,50.76923076923077,easy,-1,-1,36,5136.0,p2_more,p1_much,easy_p2_more
11327180,11603950,15212,2021/1/1,192150.3333,13.33333333,"Single Family Residence, Residential",1960,1,3,9936.0,sqft,"Forced Air, Natural Gas",Central Air,unknown,160000.0,15212,2021/1/1,202515.5385,27.23076923,"Single Family Residence, Residential",1930,2,4,7518.0,sqft,"Hot Water, Natural Gas",Window A/C,unknown,230500.0,1.0,2.0,False,30.585683297180044,medium,-1,-1,30,2418.0,p2_more,p1_much,medium_p2_more
11387963,11512415,15212,2021/1/1,120044.3333,78.33333333,Townhouse,1900,2,3,1245.0,sqft,"Forced air, Gas",Other,Off-street,205000.0,15212,2021/1/1,102138.0,60.0,"Single Family Residence, Residential",1950,2,2,1980.0,sqft,"Forced Air, Natural Gas",Central Air,Open Parking,114000.0,2.0,1.0,False,44.390243902439025,easy,1,0,-50,-735.0,p1_slight,p2_newer,easy_p1_slight
11387964,11512415,15212,2021/1/1,148260.5,41.16666667,Townhouse,1900,2,3,1245.0,sqft,"Forced air, Gas",Other,Off-street,205000.0,15212,2021/1/1,102138.0,60.0,"Single Family Residence, Residential",1950,2,2,1980.0,sqft,"Forced Air, Natural Gas",Central Air,Open Parking,114000.0,2.0,1.0,False,44.390243902439025,easy,1,0,-50,-735.0,p1_slight,p2_newer,easy_p1_slight
11270148,11388538,15212,2021/10/1,275447.4576,15.49152542,"Single Family Residence, Residential",1930,2,3,10432.0,sqft,"Forced Air, Natural Gas","Central Air, Electric",unknown,260000.0,15212,2021/10/1,349640.2222,34.0,"Single Family Residence, Residential",1890,4,3,2000.0,sqft,"Forced Air, Natural Gas",Central Air,unknown,522500.0,1.0,2.0,False,50.23923444976076,easy,0,-2,40,8432.0,equal,p1_much,easy_equal
11270148,11512395,15212,2021/10/1,275447.4576,15.49152542,"Single Family Residence, Residential",1930,2,3,10432.0,sqft,"Forced Air, Natural Gas","Central Air, Electric",unknown,260000.0,15212,2021/10/1,257063.7826,22.73913043,"Single Family Residence, Residential",1930,3,4,3489.0,sqft,"Hot Water, Natural Gas",Window A/C,unknown,215000.0,,1.0,False,17.307692307692307,hard,-1,-1,0,6943.0,p2_more,similar,hard_p2_more
11271212,11511963,15212,2021/10/1,175503.4483,15.17241379,"Single Family Residence, Residential",1952,2,3,9016.0,sqft,"Forced Air, Natural Gas",Central Air,unknown,178000.0,15212,2021/10/1,145100.0,37.0,"Single Family Residence, Residential",1900,3,2,2001.0,sqft,"Forced Air, Natural Gas",Central Air,unknown,249900.0,1.0,2.0,False,28.771508603441376,medium,1,-1,52,7015.0,p1_slight,p1_much,medium_p1_slight
11388503,11512395,15212,2021/10/1,305500.0,38.0,"Single Family Residence, Residential",1900,2,3,1058.0,sqft,"Forced Air, Natural Gas",Central Air,unknown,489900.0,15212,2021/10/1,257063.7826,22.73913043,"Single Family Residence, Residential",1930,3,4,3489.0,sqft,"Hot Water, Natural Gas",Window A/C,unknown,215000.0,2.0,1.0,False,56.1134925494999,easy,-1,-1,-30,-2431.0,p2_more,p2_newer,easy_p2_more
11388538,11605750,15212,2021/10/1,349640.2222,34.0,"Single Family Residence, Residential",1890,4,3,2000.0,sqft,"Forced Air, Natural Gas",Central Air,unknown,522500.0,15212,2021/10/1,349067.7966,16.96610169,"Single Family Residence, Residential",1946,3,5,0.35,Acres,"Forced Air, Natural Gas","Central Air, Electric",unknown,344900.0,2.0,1.0,False,33.99043062200957,medium,-2,1,-56,1999.65,p2_more,p2_newer,medium_p2_more
11394458,11395384,15212,2021/10/1,217710.6087,34.73913043,"Single Family Residence, Residential",1902,2,4,2060.0,sqft,"Forced Air, Natural Gas",unknown,unknown,223000.0,15212,2021/10/1,211000.0,11.96610169,"Single Family Residence, Residential",1900,1,1,1332.0,sqft,"Radiant, Electric",unknown,unknown,275001.0,1.0,2.0,False,18.909385784051693,hard,3,1,2,728.0,p1_much,p1_slight,hard_p1_much
11388292,11388480,15212,2021/11/1,421318.0556,16.31944444,"Townhouse, Residential",1912,2,2,2199.0,sqft,Natural Gas,"Window A/C, Central Air",unknown,405000.0,15212,2021/11/1,383255.5556,21.04166667,"Single Family Residence, Residential",1890,3,3,2221.0,sqft,Natural Gas,Central Air,unknown,270000.0,2.0,1.0,False,33.33333333333333,medium,-1,-1,22,-22.0,p2_more,p1_much,medium_p2_more
11395039,11511677,15212,2021/11/1,148264.4068,43.03389831,"Single Family Residence, Residential",1910,2,3,1189.0,sqft,"Forced Air, Natural Gas",Central Air,unknown,180000.0,15212,2021/11/1,120034.8718,23.0,"Single Family Residence, Residential",1930,1,3,2787.0,sqft,"Forced Air, Natural Gas",Central Air,unknown,110000.0,2.0,1.0,False,38.88888888888889,medium,0,1,-20,-1598.0,equal,p2_newer,medium_equal
11268208,11268852,15212,2021/12/1,222000.0,16.26086957,"Single Family Residence, Residential",1960,2,3,9230.0,sqft,"Forced Air, Natural Gas",Central Air,unknown,192500.0,15212,2021/12/1,248030.4348,27.65217391,"Single Family Residence, Residential",1938,3,4,4199.0,sqft,"Forced Air, Natural Gas",Central Air,unknown,355000.0,1.0,2.0,False,45.774647887323944,easy,-1,-1,22,5031.0,p2_more,p1_much,easy_p2_more
11268208,11512242,15212,2021/12/1,222000.0,16.26086957,"Single Family Residence, Residential",1960,2,3,9230.0,sqft,"Forced Air, Natural Gas",Central Air,unknown,192500.0,15212,2021/12/1,226593.1034,33.60344828,"Single Family Residence, Residential",1900,3,4,3960.0,sqft,"Forced Air, Natural Gas",Central Air,unknown,310000.0,1.0,2.0,False,37.903225806451616,medium,-1,-1,60,5270.0,p2_more,p1_much,medium_p2_more
11268364,11268852,15212,2021/12/1,219744.0678,22.38983051,"Single Family Residence, Residential",1900,2,5,3524.0,sqft,"Forced Air, Natural Gas","Window A/C, Central Air",unknown,195000.0,15212,2021/12/1,248030.4348,27.65217391,"Single Family Residence, Residential",1938,3,4,4199.0,sqft,"Forced Air, Natural Gas",Central Air,unknown,355000.0,1.0,2.0,False,45.07042253521127,easy,1,-1,-38,-675.0,p1_slight,p2_newer,easy_p1_slight
11268364,11512242,15212,2021/12/1,219744.0678,22.38983051,"Single Family Residence, Residential",1900,2,5,3524.0,sqft,"Forced Air, Natural Gas","Window A/C, Central Air",unknown,195000.0,15212,2021/12/1,226593.1034,33.60344828,"Single Family Residence, Residential",1900,3,4,3960.0,sqft,"Forced Air, Natural Gas",Central Air,unknown,310000.0,1.0,2.0,False,37.096774193548384,medium,1,-1,0,-436.0,p1_slight,similar,medium_p1_slight
11269285,11395055,15212,2021/12/1,144187.6812,31.0942029,"Single Family Residence, Residential",1861,1,3,7169.0,sqft,"Forced Air, Natural Gas",unknown,unknown,124000.0,15212,2021/12/1,124763.0573,54.50318471,"Single Family Residence, Residential",1900,1,4,1102.0,sqft,"Forced Air, Natural Gas",unknown,unknown,182500.0,,2.0,False,32.054794520547944,medium,-1,0,-39,6067.0,p2_more,p2_newer,medium_p2_more
11271308,11604099,15212,2021/12/1,299397.8261,21.47826087,"Single Family Residence, Residential",1946,4,3,0.4,Acres,"Forced Air, Natural Gas",Central Air,unknown,299900.0,15212,2021/12/1,287892.5373,26.01492537,"Single Family Residence, Residential",1900,4,4,4813.0,sqft,"Forced Air, Natural Gas",Central Air,unknown,375000.0,1.0,2.0,False,20.026666666666667,hard,-1,0,46,-4812.6,p2_more,p1_much,hard_p2_more
11327149,11604099,15212,2021/12/1,237328.5714,25.6,"Single Family Residence, Residential",1958,3,5,0.33,Acres,"Forced Air, Natural Gas",Central Air,unknown,289000.0,15212,2021/12/1,287892.5373,26.01492537,"Single Family Residence, Residential",1900,4,4,4813.0,sqft,"Forced Air, Natural Gas",Central Air,unknown,375000.0,1.0,2.0,False,22.933333333333334,hard,1,-1,58,-4812.67,p1_slight,p1_much,hard_p1_slight
11270014,11511842,15212,2021/2/1,190860.2308,15.38461538,"Townhouse, Residential",1993,3,2,2495.0,sqft,"Forced Air, Natural Gas","Central Air, Electric",unknown,195000.0,15212,2021/2/1,147730.2727,51.0,"Single Family Residence, Residential",1900,3,3,2069.0,sqft,"Forced Air, Natural Gas",Central Air,unknown,278000.0,1.0,2.0,False,29.856115107913666,medium,-1,0,93,426.0,p2_more,p1_much,medium_p2_more
11270014,164603732,15212,2021/2/1,190860.2308,15.38461538,"Townhouse, Residential",1993,3,2,2495.0,sqft,"Forced Air, Natural Gas","Central Air, Electric",unknown,195000.0,15212,2021/2/1,195400.3333,66.16666667,"Single Family Residence, Residential",1876,6,6,3746.0,sqft,Natural Gas,Central Air,unknown,160000.0,2.0,1.0,False,17.94871794871795,hard,-4,-3,117,-1251.0,p2_more,p1_much,hard_p2_more
11387913,164603732,15212,2021/2/1,279843.3333,49.0,"Single Family Residence, Residential",1900,2,4,2240.0,sqft,Natural Gas,Window A/C,unknown,200000.0,15212,2021/2/1,195400.3333,66.16666667,"Single Family Residence, Residential",1876,6,6,3746.0,sqft,Natural Gas,Central Air,unknown,160000.0,2.0,1.0,False,20.0,hard,-2,-4,24,-1506.0,p2_more,p1_much,hard_p2_more
11511371,11511842,15212,2021/2/1,209016.1818,26.18181818,"Single Family Residence, Residential",1928,2,5,5550.0,sqft,"Hot Water, Natural Gas",Central Air,unknown,218000.0,15212,2021/2/1,147730.2727,51.0,"Single Family Residence, Residential",1900,3,3,2069.0,sqft,"Forced Air, Natural Gas",Central Air,unknown,278000.0,1.0,2.0,False,21.58273381294964,hard,2,-1,28,3481.0,p1_much,p1_much,hard_p1_much
11511371,164603732,15212,2021/2/1,209016.1818,26.18181818,"Single Family Residence, Residential",1928,2,5,5550.0,sqft,"Hot Water, Natural Gas",Central Air,unknown,218000.0,15212,2021/2/1,195400.3333,66.16666667,"Single Family Residence, Residential",1876,6,6,3746.0,sqft,Natural Gas,Central Air,unknown,160000.0,2.0,1.0,False,26.605504587155966,medium,-1,-4,52,1804.0,p2_more,p1_much,medium_p2_more
11511842,11604062,15212,2021/2/1,147730.2727,51.0,"Single Family Residence, Residential",1900,3,3,2069.0,sqft,"Forced Air, Natural Gas",Central Air,unknown,278000.0,15212,2021/2/1,154120.0,17.85714286,"Single Family Residence, Residential",1958,1,3,5800.0,sqft,"Forced Air, Natural Gas",Central Air,unknown,159900.0,2.0,1.0,False,42.48201438848921,easy,0,2,-58,-3731.0,equal,p2_newer,easy_equal
11511842,164603732,15212,2021/2/1,147730.2727,51.0,"Single Family Residence, Residential",1900,3,3,2069.0,sqft,"Forced Air, Natural Gas",Central Air,unknown,278000.0,15212,2021/2/1,195400.3333,66.16666667,"Single Family Residence, Residential",1876,6,6,3746.0,sqft,Natural Gas,Central Air,unknown,160000.0,2.0,1.0,False,42.44604316546763,easy,-3,-3,24,-1677.0,p2_more,p1_much,easy_p2_more
11327246,11512021,15212,2021/3/1,175003.4615,12.15384615,"Single Family Residence, Residential",1950,2,2,7575.0,sqft,Natural Gas,Central Air,unknown,165000.0,15212,2021/3/1,160579.0,40.0,"Single Family Residence, Residential",1928,2,3,2700.0,sqft,"Forced Air, Natural Gas",Central Air,unknown,251000.0,1.0,2.0,False,34.26294820717131,medium,-1,0,22,4875.0,p2_more,p1_much,medium_p2_more
11512021,11603611,15212,2021/3/1,160579.0,40.0,"Single Family Residence, Residential",1928,2,3,2700.0,sqft,"Forced Air, Natural Gas",Central Air,unknown,251000.0,15212,2021/3/1,158475.5714,19.42857143,"Single Family Residence, Residential",1906,3,4,10018.0,sqft,"Forced Air, Natural Gas",Central Air,unknown,164900.0,2.0,1.0,False,34.30278884462151,medium,-1,-1,22,-7318.0,p2_more,p1_much,medium_p2_more
11603631,11603640,15212,2021/3/1,216618.3333,28.0,"Single Family Residence, Residential",1891,3,4,3301.0,sqft,Natural Gas,Central Air,Open Parking,311111.0,15212,2021/3/1,195318.6667,18.88888889,"Single Family Residence, Residential",1950,1,3,5000.0,sqft,Natural Gas,"Central Air, Electric",Attached Garage,205000.0,2.0,1.0,False,34.10711932397118,medium,1,2,-59,-1699.0,p1_slight,p2_newer,medium_p1_slight
11269083,11388109,15212,2021/4/1,176453.0769,21.07692308,"Single Family Residence, Residential",1942,1,3,5074.0,sqft,"Forced Air, Natural Gas",Central Air,unknown,195000.0,15212,2021/4/1,212543.0,37.0,SingleFamily,1898,1,2,2033.0,sqft,"Other, Electric, Heat pump",Central,unknown,315000.0,1.0,2.0,False,38.095238095238095,medium,1,0,44,3041.0,p1_slight,p1_much,medium_p1_slight
11269945,11387877,15212,2021/4/1,183546.3333,25.0,"Single Family Residence, Residential",1924,2,3,5863.0,sqft,"Forced Air, Natural Gas",Window A/C,Open Parking,190000.0,15212,2021/4/1,190079.0,51.0,"Single Family Residence, Residential",1900,3,3,670.82,sqft,"Forced Air, Natural Gas",Central Air,Open Parking,360000.0,1.0,2.0,False,47.22222222222222,easy,0,-1,24,5192.18,equal,p1_much,easy_equal
11271282,11388109,15212,2021/4/1,176371.0,20.88888889,"Single Family Residence, Residential",1946,3,3,0.37,Acres,"Forced Air, Natural Gas",Central Air,unknown,250000.0,15212,2021/4/1,212543.0,37.0,SingleFamily,1898,1,2,2033.0,sqft,"Other, Electric, Heat pump",Central,unknown,315000.0,1.0,2.0,False,20.634920634920633,hard,1,2,48,-2032.63,p1_slight,p1_much,hard_p1_slight
11271282,11603840,15212,2021/4/1,176371.0,20.88888889,"Single Family Residence, Residential",1946,3,3,0.37,Acres,"Forced Air, Natural Gas",Central Air,unknown,250000.0,15212,2021/4/1,173266.0,44.16666667,"Single Family Residence, Residential",1910,3,4,2640.0,sqft,"Forced Air, Natural Gas",Central Air,unknown,315000.0,1.0,2.0,False,20.634920634920633,hard,-1,0,36,-2639.63,p2_more,p1_much,hard_p2_more
11327150,11388109,15212,2021/4/1,206822.0,20.0,"Single Family Residence, Residential",1960,2,3,6054.0,sqft,"Forced Air, Natural Gas",Central Air,unknown,175000.0,15212,2021/4/1,212543.0,37.0,SingleFamily,1898,1,2,2033.0,sqft,"Other, Electric, Heat pump",Central,unknown,315000.0,1.0,2.0,False,44.44444444444444,easy,1,1,62,4021.0,p1_slight,p1_much,easy_p1_slight
11327150,11603840,15212,2021/4/1,206822.0,20.0,"Single Family Residence, Residential",1960,2,3,6054.0,sqft,"Forced Air, Natural Gas",Central Air,unknown,175000.0,15212,2021/4/1,173266.0,44.16666667,"Single Family Residence, Residential",1910,3,4,2640.0,sqft,"Forced Air, Natural Gas",Central Air,unknown,315000.0,1.0,2.0,False,44.44444444444444,easy,-1,-1,50,3414.0,p2_more,p1_much,easy_p2_more
11387877,11511443,15212,2021/4/1,190079.0,51.0,"Single Family Residence, Residential",1900,3,3,670.82,sqft,"Forced Air, Natural Gas",Central Air,Open Parking,360000.0,15212,2021/4/1,179047.3333,20.66666667,"Single Family Residence, Residential",1931,2,3,3700.0,sqft,"Forced Air, Natural Gas",Central Air,Open Parking,235000.0,2.0,1.0,False,34.72222222222222,medium,0,1,-31,-3029.18,equal,p2_newer,medium_equal
11603840,11606202,15212,2021/4/1,173266.0,44.16666667,"Single Family Residence, Residential",1910,3,4,2640.0,sqft,"Forced Air, Natural Gas",Central Air,unknown,315000.0,15212,2021/4/1,113097.5385,58.23076923,"Single Family Residence, Residential",1920,2,4,4251.0,sqft,Natural Gas,Window A/C,unknown,165000.0,2.0,1.0,False,47.61904761904761,easy,0,1,-10,-1611.0,equal,similar,easy_equal
11388750,164603464,15212,2021/5/1,332461.0,19.0,"Single Family Residence, Residential",1910,4,4,1799.0,sqft,"Forced Air, Natural Gas","Central Air, Electric",unknown,467000.0,15212,2021/5/1,385380.3077,17.61538462,"Single Family Residence, Residential",2017,3,3,1359.0,sqft,"Forced Air, Natural Gas",Central Air,unknown,385555.0,2.0,1.0,False,17.440042826552464,hard,1,1,-107,440.0,p1_slight,p2_newer,hard_p1_slight
11269267,11511921,15212,2021/6/1,188620.1818,14.09090909,"Single Family Residence, Residential",1956,3,3,4878.0,sqft,"Forced Air, Natural Gas",Central Air,Attached Garage,190000.0,15212,2021/6/1,202483.5455,24.09090909,"Single Family Residence, Residential",1935,2,4,3715.0,sqft,"Forced Air, Natural Gas",Central Air,Open Parking,281000.0,1.0,2.0,False,32.38434163701068,medium,-1,1,21,1163.0,p2_more,p1_much,medium_p2_more
11270105,11512356,15212,2021/6/1,185607.9091,19.54545455,"Single Family Residence, Residential",1960,1,3,6277.0,sqft,"Forced Air, Natural Gas",Window A/C,unknown,169000.0,15212,2021/6/1,188855.0,38.0,"Single Family Residence, Residential",1911,2,3,4090.0,sqft,"Hot Water, Natural Gas",Window A/C,unknown,292500.0,1.0,2.0,False,42.22222222222222,easy,0,-1,49,2187.0,equal,p1_much,easy_equal
11394648,11498995,15212,2021/6/1,161778.0,61.33333333,"Single Family Residence, Residential",1926,3,4,2151.0,sqft,"Forced Air, Natural Gas",Central Air,unknown,295000.0,15212,2021/6/1,187858.7619,25.47619048,"Single Family Residence, Residential",1945,2,4,8267.0,sqft,Natural Gas,Central Air,unknown,213013.0,2.0,1.0,False,27.79220338983051,medium,0,1,-19,-6116.0,equal,similar,medium_equal
11394648,11611494,15212,2021/6/1,161778.0,61.33333333,"Single Family Residence, Residential",1926,3,4,2151.0,sqft,"Forced Air, Natural Gas",Central Air,unknown,295000.0,15212,2021/6/1,201090.3636,22.27272727,"Single Family Residence, Residential",1976,2,3,6728.0,sqft,"Forced Air, Natural Gas",Central Air,unknown,205000.0,,1.0,False,30.508474576271187,medium,1,1,-50,-4577.0,p1_slight,p2_newer,medium_p1_slight
11498995,11512356,15212,2021/6/1,187858.7619,25.47619048,"Single Family Residence, Residential",1945,2,4,8267.0,sqft,Natural Gas,Central Air,unknown,213013.0,15212,2021/6/1,188855.0,38.0,"Single Family Residence, Residential",1911,2,3,4090.0,sqft,"Hot Water, Natural Gas",Window A/C,unknown,292500.0,1.0,2.0,False,27.175042735042737,medium,1,0,34,4177.0,p1_slight,p1_much,medium_p1_slight
11268716,11388758,15212,2021/8/1,158302.9565,23.0,"Single Family Residence, Residential",1945,1,2,3114.0,sqft,Natural Gas,Central Air,Open Parking,175000.0,15212,2021/8/1,228386.7273,49.45454545,"Single Family Residence, Residential",1900,1,4,993.17,sqft,"Forced Air, Natural Gas",Central Air,Open Parking,258000.0,1.0,2.0,False,32.17054263565892,medium,-2,0,45,2120.83,p2_more,p1_much,medium_p2_more
11268753,11269819,15212,2021/8/1,216766.6667,31.33333333,"Single Family Residence, Residential",1915,2,3,5553.0,sqft,"Forced Air, Natural Gas",Central Air,unknown,300000.0,15212,2021/8/1,208080.95,13.6,"Townhouse, Residential",1986,2,2,6690.0,sqft,"Forced Air, Natural Gas",Central Air,unknown,199900.0,2.0,1.0,False,33.36666666666667,medium,1,0,-71,-1137.0,p1_slight,p2_newer,medium_p1_slight
11268753,11327219,15212,2021/8/1,216766.6667,31.33333333,"Single Family Residence, Residential",1915,2,3,5553.0,sqft,"Forced Air, Natural Gas",Central Air,unknown,300000.0,15212,2021/8/1,203077.7778,13.11111111,"Single Family Residence, Residential",1970,1,3,5000.0,sqft,"Forced Air, Natural Gas",Central Air,unknown,188000.0,2.0,1.0,False,37.333333333333336,medium,0,1,-55,553.0,equal,p2_newer,medium_equal
11269067,11394956,15212,2021/9/1,157722.0339,21.18644068,"Single Family Residence, Residential",1928,1,3,4181.0,sqft,"Forced Air, Natural Gas","Window A/C, Central Air",unknown,133000.0,15212,2021/9/1,194245.0588,24.17647059,"Single Family Residence, Residential",1900,2,4,1433.0,sqft,"Forced Air, Natural Gas",Window A/C,unknown,240000.0,1.0,2.0,False,44.583333333333336,easy,-1,-1,28,2748.0,p2_more,p1_much,easy_p2_more
11269067,11395352,15212,2021/9/1,157722.0339,21.18644068,"Single Family Residence, Residential",1928,1,3,4181.0,sqft,"Forced Air, Natural Gas","Window A/C, Central Air",unknown,133000.0,15212,2021/9/1,127222.2222,67.44444444,"Single Family Residence, Residential",1875,2,3,3798.0,sqft,"Hot Water, Natural Gas",Window A/C,unknown,182000.0,1.0,2.0,False,26.923076923076923,medium,0,-1,53,383.0,equal,p1_much,medium_equal
11395352,11511681,15212,2021/9/1,127222.2222,67.44444444,"Single Family Residence, Residential",1875,2,3,3798.0,sqft,"Hot Water, Natural Gas",Window A/C,unknown,182000.0,15212,2021/9/1,140606.8966,25.56896552,"Single Family Residence, Residential",1938,2,2,4400.0,sqft,"Hot Water, Natural Gas","Window A/C, Wall Unit(s)",unknown,149000.0,2.0,1.0,False,18.13186813186813,hard,1,0,-63,-602.0,p1_slight,p2_newer,hard_p1_slight
11395352,11604141,15212,2021/9/1,127222.2222,67.44444444,"Single Family Residence, Residential",1875,2,3,3798.0,sqft,"Hot Water, Natural Gas",Window A/C,unknown,182000.0,15212,2021/9/1,109883.0508,39.98305085,"Single Family Residence, Residential",1910,1,3,3097.0,sqft,"Forced Air, Natural Gas",Central Air,unknown,137000.0,2.0,1.0,False,24.725274725274726,hard,0,1,-35,701.0,equal,p2_newer,hard_equal
11268118,11387360,15212,2022/1/1,449698.5507,30.33333333,"Single Family Residence, Residential",1957,3,5,0.05,Acres,"Natural Gas, Heat Pump",Central Air,unknown,575000.0,15212,2022/1/1,422983.3333,14.875,"Single Family Residence, Residential",1999,3,4,0.33,Acres,"Forced Air, Natural Gas",Central Air,unknown,430000.0,2.0,1.0,False,25.217391304347824,medium,1,0,-42,-0.28,p1_slight,p2_newer,medium_p1_slight
11269110,11270088,15212,2022/1/1,239508.6957,16.08695652,"Single Family Residence, Residential",1905,2,6,6960.0,sqft,"Forced Air, Natural Gas","Central Air, Electric",unknown,215000.0,15212,2022/1/1,274482.6087,17.04347826,"Single Family Residence, Residential",1910,3,5,4813.0,sqft,"Forced Air, Natural Gas",Central Air,unknown,280000.0,1.0,2.0,False,23.214285714285715,hard,1,-1,-5,2147.0,p1_slight,similar,hard_p1_slight
11511955,11605868,15212,2022/1/1,140435.1351,30.0,"Single Family Residence, Residential",1900,2,2,1981.0,sqft,Natural Gas,Central Air,Open Parking,154500.0,15212,2022/1/1,103549.2537,50.05970149,"Single Family Residence, Residential",1920,2,2,3145.0,sqft,Natural Gas,Electric,Off Street,128000.0,2.0,1.0,False,17.15210355987055,hard,0,0,-20,-1164.0,equal,p2_newer,hard_equal
11388802,11394344,15212,2022/2/1,237502.0833,20.3125,"Single Family Residence, Residential",1900,4,5,1680.0,sqft,Natural Gas,Central Air,Open Parking,244900.0,15212,2022/2/1,205854.1667,20.9375,"Single Family Residence, Residential",1926,2,4,1720.0,sqft,Natural Gas,"Central Air, Electric",Open Parking,299000.0,1.0,2.0,False,18.093645484949832,hard,1,2,-26,-40.0,p1_slight,p2_newer,hard_p1_slight
11498572,11610421,15212,2022/2/1,188167.5676,26.5,"Single Family Residence, Residential",1901,2,4,2626.0,sqft,Natural Gas,"Central Air, Wall Unit(s)",Open Parking,210410.0,15212,2022/2/1,149086.6667,22.2,"Single Family Residence, Residential",1955,1,4,6952.0,sqft,"Forced Air, Natural Gas",Central Air,Attached Garage,149900.0,2.0,1.0,False,28.75813887172663,medium,0,1,-54,-4326.0,equal,p2_newer,medium_equal
11512013,11603966,15212,2022/3/1,116592.5676,37.11486486,"Single Family Residence, Residential",1910,3,3,1980.0,sqft,"Forced Air, Natural Gas",Window A/C,unknown,138000.0,15212,2022/3/1,129581.8182,32.63636364,"Single Family Residence, Residential",1930,1,3,3179.0,sqft,"Forced Air, Natural Gas",Central Air,unknown,220000.0,1.0,2.0,False,37.27272727272727,medium,0,2,-20,-1199.0,equal,p2_newer,medium_equal
11269004,11269017,15212,2022/4/1,204072.5,31.6,"Single Family Residence, Residential",1930,2,4,0.28,Acres,"Natural Gas, Baseboard",Window A/C,Off Street,200000.0,15212,2022/4/1,178000.0,29.0,"Single Family Residence, Residential",1910,2,3,5823.0,sqft,"Forced Air, Natural Gas",Central Air,Garage,268900.0,1.0,2.0,False,25.622908144291557,medium,1,0,20,-5822.72,p1_slight,p1_slight,medium_p1_slight
11268168,11605566,15212,2022/5/1,217337.6812,26.08695652,"Single Family Residence, Residential",1926,3,4,0.54,Acres,"Natural Gas, Baseboard",Central Air,unknown,320000.0,15212,2022/5/1,218469.2308,13.92307692,"Single Family Residence, Residential",1916,2,4,7200.0,sqft,"Forced Air, Natural Gas","Central Air, Electric",unknown,420000.0,1.0,2.0,False,23.809523809523807,hard,0,1,10,-7199.46,equal,p1_slight,hard_equal
11269158,11394846,15212,2022/5/1,315575.0,19.125,"Single Family Residence, Residential",1923,2,4,4399.0,sqft,"Forced Air, Natural Gas",Central Air,unknown,380000.0,15212,2022/5/1,315906.3504,44.2189781,"Single Family Residence, Residential",1915,3,4,2448.0,sqft,"Forced Air, Natural Gas",Central Air,unknown,475000.0,1.0,2.0,False,20.0,hard,0,-1,8,1951.0,equal,p1_slight,hard_equal
11394762,11606127,15212,2022/5/1,138341.2727,67.36363636,"Townhouse, Residential",1900,2,3,1598.0,sqft,Natural Gas,Central Air,unknown,235000.0,15212,2022/5/1,125361.5385,25.66666667,"Single Family Residence, Residential",1902,1,3,5959.0,sqft,"Forced Air, Natural Gas",Central Air,unknown,120000.0,2.0,1.0,False,48.93617021276596,easy,0,1,-2,-4361.0,equal,similar,easy_equal
11388160,11510916,15212,2022/6/1,195306.4516,29.16129032,"Single Family Residence, Residential",1942,1,2,4369.0,sqft,Natural Gas,Central Air,unknown,270000.0,15212,2022/6/1,152988.6364,36.06818182,"Single Family Residence, Residential",1930,2,3,0.5,Acres,"Forced Air, Natural Gas",Central Air,unknown,207000.0,2.0,1.0,False,23.333333333333332,hard,-1,-1,12,4368.5,p2_more,p1_slight,hard_p2_more
11388160,11611332,15212,2022/6/1,195306.4516,29.16129032,"Single Family Residence, Residential",1942,1,2,4369.0,sqft,Natural Gas,Central Air,unknown,270000.0,15212,2022/6/1,163615.3846,21.61538462,"Single Family Residence, Residential",1905,1,2,7226.0,sqft,"Forced Air, Natural Gas",Central Air,unknown,150000.0,2.0,1.0,False,44.44444444444444,easy,0,0,37,-2857.0,equal,p1_much,easy_equal
11389062,11603770,15212,2022/6/1,389920.0,15.7,"Single Family Residence, Residential",1993,2,3,1537.0,sqft,Natural Gas,Central Air,unknown,475000.0,15212,2022/6/1,349479.4872,14.8974359,"Single Family Residence, Residential",1930,2,6,5915.0,sqft,"Forced Air, Natural Gas","Central Air, Electric",unknown,385000.0,2.0,1.0,False,18.947368421052634,hard,-3,0,63,-4378.0,p2_more,p1_much,hard_p2_more
11498964,11611332,15212,2022/6/1,156240.4494,24.33707865,"Single Family Residence, Residential",1954,2,3,2491.0,sqft,"Forced Air, Natural Gas",Central Air,unknown,181001.0,15212,2022/6/1,163615.3846,21.61538462,"Single Family Residence, Residential",1905,1,2,7226.0,sqft,"Forced Air, Natural Gas",Central Air,unknown,150000.0,2.0,1.0,False,17.127529682156453,hard,1,1,49,-4735.0,p1_slight,p1_much,hard_p1_slight
11603774,11611337,15212,2022/6/1,301166.6667,18.33333333,"Single Family Residence, Residential",1930,2,5,5083.0,sqft,"Forced Air, Natural Gas","Central Air, Electric",unknown,376000.0,15212,2022/6/1,289969.2308,16.0,"Single Family Residence, Residential",1978,2,3,6847.0,sqft,Natural Gas,Central Air,unknown,287062.0,,1.0,False,23.65372340425532,hard,2,0,-48,-1764.0,p1_much,p2_newer,hard_p1_much
11610260,11659365,15212,2022/7/1,158322.4444,34.88888889,"Single Family Residence, Residential",1910,2,2,8498.0,sqft,"Forced Air, Natural Gas",Central Air,unknown,150000.0,15212,2022/7/1,228796.0,53.33333333,"Single Family Residence, Residential",1880,2,3,1167.0,sqft,"Forced Air, Natural Gas",Central Air,unknown,335000.0,1.0,2.0,False,55.223880597014926,easy,-1,0,30,7331.0,p2_more,p1_much,easy_p2_more
11402696,11403045,15213,2020/3/1,179205.9,41.6,SingleFamily,1900,2,4,2665.0,sqft,Other,Central,unknown,178000.0,15213,2020/3/1,239038.7692,22.38461538,SingleFamily,1900,1,3,1880.0,sqft,"Other, Forced air, Gas",Central,unknown,269900.0,1.0,2.0,False,34.049648017784364,medium,1,1,0,785.0,p1_slight,similar,medium_p1_slight
11402696,11419891,15213,2020/3/1,179205.9,41.6,SingleFamily,1900,2,4,2665.0,sqft,Other,Central,unknown,178000.0,15213,2020/3/1,219650.7273,20.45454545,Townhouse,1980,2,3,1341.0,sqft,"Forced air, Gas",Central,unknown,230000.0,1.0,2.0,False,22.608695652173914,hard,1,0,-80,1324.0,p1_slight,p2_newer,hard_p1_slight
11402753,11420042,15213,2022/4/1,235127.0936,36.10837438,"Single Family Residence, Residential",1900,2,3,1892.0,sqft,"Forced Air, Natural Gas","Central Air, Electric",Open Parking,283000.0,15213,2022/4/1,195273.1034,28.86896552,"Single Family Residence, Residential",1890,2,4,2230.0,sqft,"Forced Air, Natural Gas",Window A/C,Open Parking,195000.0,2.0,1.0,False,31.09540636042403,medium,-1,0,10,-338.0,p2_more,p1_slight,medium_p2_more
11412427,11420042,15213,2022/4/1,222033.3333,22.85185185,"Single Family Residence, Residential",1900,2,3,975.74,sqft,"Forced Air, Natural Gas",Other,Open Parking,255000.0,15213,2022/4/1,195273.1034,28.86896552,"Single Family Residence, Residential",1890,2,4,2230.0,sqft,"Forced Air, Natural Gas",Window A/C,Open Parking,195000.0,2.0,1.0,False,23.52941176470588,hard,-1,0,10,-1254.26,p2_more,p1_slight,hard_p2_more
11326606,11328476,15214,2019/9/1,189386.2692,24.76923077,SingleFamily,1960,2,3,7177.0,sqft,"Baseboard, Gas",Central,Garage - Attached,220000.0,15214,2019/9/1,146736.5385,27.61538462,SingleFamily,1950,2,4,5501.0,sqft,"Forced air, Gas",Central,Garage - Attached,150500.0,2.0,1.0,False,31.590909090909093,medium,-1,0,10,1676.0,p2_more,p1_slight,medium_p2_more
11270468,11609615,15214,2020/10/1,177465.1818,25.0,"Single Family Residence, Residential",1880,2,3,0.55,Acres,"Forced Air, Natural Gas",unknown,unknown,168000.0,15214,2020/10/1,184008.9091,20.54545455,"Single Family Residence, Residential",1900,2,4,4717.0,sqft,"Forced Air, Natural Gas",unknown,unknown,212000.0,1.0,2.0,False,20.754716981132077,hard,-1,0,-20,-4716.45,p2_more,p2_newer,hard_p2_more
11327043,11505720,15214,2020/11/1,194231.8333,29.83333333,"Single Family Residence, Residential",1940,2,2,6499.0,sqft,"Hot Water, Natural Gas",Central Air,unknown,179900.0,15214,2020/11/1,198494.8,51.3,"Single Family Residence, Residential",1910,3,4,3463.0,sqft,Natural Gas,Central Air,unknown,225500.0,1.0,2.0,False,20.221729490022174,hard,-2,-1,30,3036.0,p2_more,p1_much,hard_p2_more
11327261,11327540,15214,2020/11/1,238914.4615,16.76923077,"Single Family Residence, Residential",1970,3,3,5871.0,sqft,Natural Gas,Central Air,unknown,273000.0,15214,2020/11/1,214922.0,16.4,"Single Family Residence, Residential",1958,2,3,9182.0,sqft,"Forced Air, Natural Gas","Central Air, Wall Unit(s)",unknown,227500.0,2.0,1.0,False,16.666666666666664,hard,0,1,12,-3311.0,equal,p1_slight,hard_equal
11327825,11505720,15214,2020/11/1,159546.7692,13.46153846,"Single Family Residence, Residential",1940,2,2,0.65,Acres,"Radiant, Natural Gas",Window A/C,unknown,155000.0,15214,2020/11/1,198494.8,51.3,"Single Family Residence, Residential",1910,3,4,3463.0,sqft,Natural Gas,Central Air,unknown,225500.0,1.0,2.0,False,31.263858093126384,medium,-2,-1,30,-3462.35,p2_more,p1_much,medium_p2_more
11327731,11328009,15214,2020/8/1,138417.6,14.8,"Single Family Residence, Residential",1955,1,3,7501.0,sqft,"Forced Air, Natural Gas",Central Air,unknown,139900.0,15214,2020/8/1,148356.0909,22.45454545,"Single Family Residence, Residential",1920,2,3,5200.0,sqft,"Forced Air, Natural Gas",Electric,unknown,177000.0,1.0,2.0,False,20.960451977401128,hard,0,-1,35,2301.0,equal,p1_much,hard_equal
11328689,11609613,15214,2021/1/1,226601.1111,13.33333333,"Single Family Residence, Residential",1976,2,3,7744.0,sqft,"Forced Air, Natural Gas",Central Air,unknown,230000.0,15214,2021/1/1,239715.7,21.9,"Single Family Residence, Residential",1925,2,4,6150.0,sqft,"Forced Air, Natural Gas",Central Air,unknown,370000.0,,2.0,False,37.83783783783784,medium,-1,0,51,1594.0,p2_more,p1_much,medium_p2_more
11326611,104360872,15214,2021/12/1,225394.2857,33.39285714,"Single Family Residence, Residential",1955,2,4,0.78,Acres,"Forced Air, Natural Gas",Central Air,unknown,219000.0,15214,2021/12/1,271200.0,11.5,"Single Family Residence, Residential",2009,2,3,2565.0,sqft,"Forced Air, Natural Gas",Central Air,unknown,265000.0,1.0,2.0,False,17.358490566037734,hard,1,0,-54,-2564.22,p1_slight,p2_newer,hard_p1_slight
11327593,11387482,15214,2021/2/1,128145.5556,29.88888889,"Single Family Residence, Residential",1930,2,3,4639.0,sqft,Natural Gas,"Central Air, Wall Unit(s)",unknown,117000.0,15214,2021/2/1,145938.0,38.42857143,"Single Family Residence, Residential",1890,2,3,1300.0,sqft,"Forced Air, Natural Gas",Central Air,unknown,161000.0,1.0,2.0,False,27.32919254658385,medium,0,0,40,3339.0,equal,p1_much,medium_equal
11269861,11328063,15214,2021/4/1,208209.0,39.66666667,SingleFamily,1929,4,4,5010.0,sqft,"Wood / Pellet, Forced air, Gas",Central,unknown,325000.0,15214,2021/4/1,143879.0,34.0,"Single Family Residence, Residential",1930,3,3,9483.0,sqft,"Forced Air, Natural Gas",Central Air,unknown,157000.0,2.0,1.0,False,51.69230769230769,easy,1,1,-1,-4473.0,p1_slight,similar,easy_p1_slight
11327020,11609843,15214,2021/6/1,199006.0909,12.72727273,"Single Family Residence, Residential",1960,2,3,0.47,Acres,"Forced Air, Natural Gas",Central Air,unknown,201000.0,15214,2021/6/1,186921.6,32.6,"Single Family Residence, Residential",1924,3,4,4756.0,sqft,"Forced Air, Natural Gas","Central Air, Electric",unknown,250000.0,1.0,2.0,False,19.6,hard,-1,-1,36,-4755.53,p2_more,p1_much,hard_p2_more
11271251,11326736,15214,2021/7/1,220763.8696,11.39130435,"Single Family Residence, Residential",1960,2,3,6329.0,sqft,"Forced Air, Natural Gas",Central Air,unknown,230000.0,15214,2021/7/1,205816.3913,17.65217391,"Single Family Residence, Residential",1958,2,3,6385.0,sqft,"Forced Air, Natural Gas",Central Air,unknown,190000.0,2.0,1.0,False,17.391304347826086,hard,0,0,2,-56.0,equal,p1_slight,hard_equal
11271251,11328483,15214,2021/7/1,220763.8696,11.39130435,"Single Family Residence, Residential",1960,2,3,6329.0,sqft,"Forced Air, Natural Gas",Central Air,unknown,230000.0,15214,2021/7/1,206209.9565,20.43478261,"Single Family Residence, Residential",1946,2,3,0.34,Acres,"Forced Air, Natural Gas","Central Air, Electric",unknown,181000.0,2.0,1.0,False,21.304347826086957,hard,0,0,14,6328.66,equal,p1_slight,hard_equal
11327046,11328093,15214,2021/7/1,223874.4783,16.08695652,"Single Family Residence, Residential",1978,2,3,6499.0,sqft,Natural Gas,Central Air,unknown,225555.0,15214,2021/7/1,194192.7826,32.26086957,"Single Family Residence, Residential",1957,2,3,10301.0,sqft,"Forced Air, Natural Gas",Central Air,unknown,136000.0,2.0,1.0,False,39.70428498592361,medium,0,0,21,-3802.0,equal,p1_much,medium_equal
11327046,11328483,15214,2021/7/1,223874.4783,16.08695652,"Single Family Residence, Residential",1978,2,3,6499.0,sqft,Natural Gas,Central Air,unknown,225555.0,15214,2021/7/1,206209.9565,20.43478261,"Single Family Residence, Residential",1946,2,3,0.34,Acres,"Forced Air, Natural Gas","Central Air, Electric",unknown,181000.0,2.0,1.0,False,19.753496929795393,hard,0,0,32,6498.66,equal,p1_much,hard_equal
11327749,11505810,15214,2021/7/1,202537.3636,15.72727273,"Single Family Residence, Residential",1940,1,3,5800.0,sqft,"Hot Water, Natural Gas",Window A/C,unknown,226000.0,15214,2021/7/1,148300.0,53.0,"Single Family Residence, Residential",1900,1,4,3140.0,sqft,Natural Gas,Window A/C,unknown,140000.0,,1.0,False,38.05309734513274,medium,-1,0,40,2660.0,p2_more,p1_much,medium_p2_more
11328093,11609586,15214,2021/7/1,194192.7826,32.26086957,"Single Family Residence, Residential",1957,2,3,10301.0,sqft,"Forced Air, Natural Gas",Central Air,unknown,136000.0,15214,2021/7/1,227368.6667,19.16666667,"Single Family Residence, Residential",1925,3,4,5601.0,sqft,"Forced Air, Natural Gas","Central Air, Wall Unit(s)",unknown,225000.0,,2.0,False,39.55555555555556,medium,-1,-1,32,4700.0,p2_more,p1_much,medium_p2_more
11328483,11609586,15214,2021/7/1,206209.9565,20.43478261,"Single Family Residence, Residential",1946,2,3,0.34,Acres,"Forced Air, Natural Gas","Central Air, Electric",unknown,181000.0,15214,2021/7/1,227368.6667,19.16666667,"Single Family Residence, Residential",1925,3,4,5601.0,sqft,"Forced Air, Natural Gas","Central Air, Wall Unit(s)",unknown,225000.0,1.0,2.0,False,19.555555555555557,hard,-1,-1,21,-5600.66,p2_more,p1_much,hard_p2_more
11270730,11328158,15214,2021/9/1,270538.9831,14.0,"Single Family Residence, Residential",1910,2,3,5702.0,sqft,"Forced Air, Natural Gas",Central Air,Open Parking,325000.0,15214,2021/9/1,240600.0,23.0,"Single Family Residence, Residential",1968,3,3,7357.0,sqft,Natural Gas,Central Air,Attached Garage,220250.0,2.0,1.0,False,32.230769230769226,medium,0,-1,-58,-1655.0,equal,p2_newer,medium_equal
11328158,11609831,15214,2021/9/1,240600.0,23.0,"Single Family Residence, Residential",1968,3,3,7357.0,sqft,Natural Gas,Central Air,Attached Garage,220250.0,15214,2021/9/1,267630.5085,32.03389831,"Single Family Residence, Residential",1920,4,4,3998.0,sqft,"Forced Air, Natural Gas",Central Air,Off Street,432500.0,1.0,2.0,False,49.07514450867052,easy,-1,-1,48,3359.0,p2_more,p1_much,easy_p2_more
11326731,11326743,15214,2022/3/1,216400.0,13.3559322,"Single Family Residence, Residential",1960,2,4,6015.0,sqft,Natural Gas,Central Air,unknown,140000.0,15214,2022/3/1,217125.7143,10.68571429,"Single Family Residence, Residential",1960,2,3,6534.0,sqft,"Forced Air, Natural Gas",Central Air,unknown,209900.0,1.0,2.0,False,33.30157217722725,medium,1,0,0,-519.0,p1_slight,similar,medium_p1_slight
11327582,11328235,15214,2022/6/1,176995.122,15.63414634,"Single Family Residence, Residential",1928,2,2,0.3,Acres,"Forced Air, Natural Gas",Window A/C,unknown,200000.0,15214,2022/6/1,151353.1646,23.12658228,"Single Family Residence, Residential",1955,2,3,5100.0,sqft,"Forced Air, Natural Gas",Central Air,unknown,125000.0,,1.0,False,37.5,medium,-1,0,-27,-5099.7,p2_more,p2_newer,medium_p2_more
11270554,59836704,15214,2022/7/1,257419.7531,16.13580247,"Single Family Residence, Residential",1945,3,3,3049.0,sqft,"Forced Air, Natural Gas",Central Air,unknown,310000.0,15214,2022/7/1,259992.5,15.2875,"Single Family Residence, Residential",1920,3,4,7592.0,sqft,"Radiant, Natural Gas",Window A/C,unknown,250000.0,2.0,1.0,False,19.35483870967742,hard,-1,0,25,-4543.0,p2_more,p1_much,hard_p2_more
11336387,11373876,15215,2020/1/1,375243.0,18.6,"Single Family Residence, Residential",1964,3,4,0.46,Acres,Natural Gas,Central Air,unknown,260000.0,15215,2020/1/1,403243.9231,15.38461538,SingleFamily,1972,3,4,0.39,Acres,Other,Central,unknown,465000.0,1.0,2.0,False,44.086021505376344,easy,0,0,-8,0.07,equal,similar,easy_equal
11336349,11336549,15215,2020/11/1,347787.0,13.6,"Townhouse, Residential",1980,3,3,1293.0,sqft,"Forced Air, Natural Gas",Central Air,unknown,400500.0,15215,2020/11/1,340113.75,13.5,"Single Family Residence, Residential",1928,2,2,4000.0,sqft,"Forced Air, Natural Gas",Electric,unknown,305000.0,2.0,1.0,False,23.845193508114857,hard,1,1,52,-2707.0,p1_slight,p1_much,hard_p1_slight
11333716,11373753,15215,2020/8/1,180427.3333,17.55555556,SingleFamily,1967,2,3,0.29,Acres,Other,Central,unknown,230000.0,15215,2020/8/1,156153.0,25.5,"Single Family Residence, Residential",1900,2,3,0.34,Acres,Natural Gas,"Attic Fan, Central Air",unknown,177000.0,2.0,1.0,False,23.043478260869566,hard,0,0,67,-0.050000000000000044,equal,p1_much,hard_equal
11333441,11334982,15215,2020/9/1,121274.5,42.5,"Single Family Residence, Residential",1900,2,4,6377.0,sqft,Natural Gas,"Central Air, Electric",unknown,148000.0,15215,2020/9/1,161490.0,29.0,SingleFamily,1917,2,2,5760.0,sqft,"Forced air, Gas",Central,unknown,290000.0,1.0,2.0,False,48.96551724137931,easy,2,0,-17,617.0,p1_much,similar,easy_p1_much
11333846,11411447,15215,2021/1/1,224733.0,20.0,"Single Family Residence, Residential",1967,2,3,9400.0,sqft,"Forced Air, Natural Gas",Central Air,unknown,265000.0,15215,2021/1/1,250888.0,19.0,"Single Family Residence, Residential",1950,3,4,1.1,Acres,"Forced Air, Natural Gas",Central Air,unknown,190000.0,2.0,1.0,False,28.30188679245283,medium,-1,-1,17,9398.9,p2_more,p1_slight,medium_p2_more
11336151,11373711,15215,2021/11/1,646925.4237,12.11864407,"Single Family Residence, Residential",1980,3,4,8489.0,sqft,Natural Gas,Central Air,unknown,711000.0,15215,2021/11/1,581632.2034,11.18644068,"Single Family Residence, Residential",1994,4,3,0.54,Acres,"Forced Air, Natural Gas",Central Air,unknown,589000.0,2.0,1.0,False,17.158931082981717,hard,1,-1,-14,8488.46,p1_slight,similar,hard_p1_slight
11374176,11374347,15215,2021/2/1,812444.3077,14.23076923,"Single Family Residence, Residential",1985,5,4,1.05,Acres,"Forced Air, Natural Gas",Central Air,unknown,725000.0,15215,2021/2/1,703390.2,21.2,"Single Family Residence, Residential",1971,4,5,1.98,Acres,"Forced Air, Natural Gas",Central Air,unknown,600000.0,2.0,1.0,False,17.24137931034483,hard,-1,1,14,-0.9299999999999999,p2_more,p1_slight,hard_p2_more
11334722,11411613,15215,2021/3/1,315763.5,26.875,"Townhouse, Residential",1983,3,3,871.2,sqft,"Forced Air, Natural Gas",Central Air,unknown,330000.0,15215,2021/3/1,260645.5,11.5,"Single Family Residence, Residential",1957,2,3,0.53,Acres,"Forced Air, Natural Gas","Attic Fan, Central Air",unknown,239000.0,2.0,1.0,False,27.575757575757574,medium,0,1,26,870.6700000000001,equal,p1_much,medium_equal
11336025,11374378,15215,2021/6/1,1112911.909,14.45454545,"Single Family Residence, Residential",1928,7,4,0.41,Acres,"Forced Air, Natural Gas",Central Air,unknown,1095000.0,15215,2021/6/1,907215.0,30.54545455,"Single Family Residence, Residential",1953,5,4,1.47,Acres,"Forced Air, Natural Gas",Central Air,unknown,904000.0,2.0,1.0,False,17.442922374429223,hard,0,2,-25,-1.06,equal,p2_newer,hard_equal
11334675,11411593,15215,2021/7/1,301498.7273,17.0,"Single Family Residence, Residential",1953,3,4,8807.0,sqft,"Forced Air, Natural Gas",Central Air,unknown,365000.0,15215,2021/7/1,278344.4545,11.59090909,"Single Family Residence, Residential",1950,2,2,0.45,Acres,Natural Gas,Central Air,unknown,264000.0,,1.0,False,27.671232876712327,medium,2,1,3,8806.55,p1_much,p1_slight,medium_p1_much
11336133,11336177,15215,2022/1/1,542460.0,10.0,SingleFamily,1963,3,4,0.5,Acres,Other,Central,unknown,480000.0,15215,2022/1/1,516252.8571,10.77142857,"Single Family Residence, Residential",1944,2,3,9043.0,sqft,Natural Gas,Central Air,unknown,670500.0,1.0,2.0,False,28.41163310961969,medium,1,1,19,-9042.5,p1_slight,p1_slight,medium_p1_slight
11446140,11446155,15216,2019/11/1,128111.5,20.0,SingleFamily,1925,2,3,3301.0,sqft,"Forced air, Gas",Central,unknown,170000.0,15216,2019/11/1,142025.6842,18.42105263,SingleFamily,1944,2,3,4400.0,sqft,Other,Central,unknown,140000.0,2.0,1.0,False,17.647058823529413,hard,0,0,-19,-1099.0,equal,similar,hard_equal
11311159,11566041,15216,2019/12/1,168752.6154,17.38461538,"Single Family Residence, Residential",1920,2,3,6969.0,sqft,"Forced Air, Natural Gas","Central Air, Electric",unknown,158000.0,15216,2019/12/1,196217.7,25.3,"Single Family Residence, Residential",1920,2,4,3850.0,sqft,"Hot Water, Natural Gas","Window A/C, Wall Unit(s)",unknown,199900.0,1.0,2.0,False,20.96048024012006,hard,-1,0,0,3119.0,p2_more,similar,hard_p2_more
11311159,11655368,15216,2019/12/1,168752.6154,17.38461538,"Single Family Residence, Residential",1920,2,3,6969.0,sqft,"Forced Air, Natural Gas","Central Air, Electric",unknown,158000.0,15216,2019/12/1,185959.8235,12.82352941,SingleFamily,1920,1,4,3598.0,sqft,"Other, Gas",Central,unknown,191000.0,1.0,2.0,False,17.277486910994764,hard,-1,1,0,3371.0,p2_more,similar,hard_p2_more
11311159,11655751,15216,2019/12/1,168752.6154,17.38461538,"Single Family Residence, Residential",1920,2,3,6969.0,sqft,"Forced Air, Natural Gas","Central Air, Electric",unknown,158000.0,15216,2019/12/1,186014.1765,20.05882353,"Single Family Residence, Residential",1900,3,4,3600.0,sqft,"Forced Air, Natural Gas",Central Air,unknown,115000.0,,1.0,False,27.21518987341772,medium,-1,-1,20,3369.0,p2_more,p1_slight,medium_p2_more
11311159,59836087,15216,2019/12/1,168752.6154,17.38461538,"Single Family Residence, Residential",1920,2,3,6969.0,sqft,"Forced Air, Natural Gas","Central Air, Electric",unknown,158000.0,15216,2019/12/1,182363.6,14.2,Townhouse,1975,3,3,588.0,sqft,Other,Central,unknown,223000.0,1.0,2.0,False,29.14798206278027,medium,0,-1,-55,6381.0,equal,p2_newer,medium_equal
11446234,11655304,15216,2019/12/1,200612.0,12.14285714,SingleFamily,1950,2,3,4851.0,sqft,"Forced air, Gas",Central,unknown,220000.0,15216,2019/12/1,184588.0769,16.46153846,SingleFamily,1927,2,5,3484.0,sqft,Other,Central,unknown,167000.0,2.0,1.0,False,24.09090909090909,hard,-2,0,23,1367.0,p2_more,p1_much,hard_p2_more
11446234,11655751,15216,2019/12/1,200612.0,12.14285714,SingleFamily,1950,2,3,4851.0,sqft,"Forced air, Gas",Central,unknown,220000.0,15216,2019/12/1,186014.1765,20.05882353,"Single Family Residence, Residential",1900,3,4,3600.0,sqft,"Forced Air, Natural Gas",Central Air,unknown,115000.0,2.0,1.0,False,47.72727272727273,easy,-1,-1,50,1251.0,p2_more,p1_much,easy_p2_more
11566041,11655751,15216,2019/12/1,196217.7,25.3,"Single Family Residence, Residential",1920,2,4,3850.0,sqft,"Hot Water, Natural Gas","Window A/C, Wall Unit(s)",unknown,199900.0,15216,2019/12/1,186014.1765,20.05882353,"Single Family Residence, Residential",1900,3,4,3600.0,sqft,"Forced Air, Natural Gas",Central Air,unknown,115000.0,2.0,1.0,False,42.47123561780891,easy,0,-1,20,250.0,equal,p1_slight,easy_equal
11571464,11573919,15216,2019/12/1,415277.0,12.88235294,SingleFamily,1929,3,4,10876.0,sqft,"Radiant, Heat pump, Gas",Central,Garage - Attached,435000.0,15216,2019/12/1,453866.75,20.5,SingleFamily,1982,3,3,10240.0,sqft,Other,Central,Garage - Attached,360000.0,2.0,1.0,False,17.24137931034483,hard,1,0,-53,636.0,p1_slight,p2_newer,hard_p1_slight
11655160,11655751,15216,2019/12/1,212367.7,19.3,SingleFamily,1910,2,4,1855.0,sqft,Other,Central,unknown,227500.0,15216,2019/12/1,186014.1765,20.05882353,"Single Family Residence, Residential",1900,3,4,3600.0,sqft,"Forced Air, Natural Gas",Central Air,unknown,115000.0,2.0,1.0,False,49.45054945054945,easy,0,-1,10,-1745.0,equal,p1_slight,easy_equal
11655304,59836087,15216,2019/12/1,184588.0769,16.46153846,SingleFamily,1927,2,5,3484.0,sqft,Other,Central,unknown,167000.0,15216,2019/12/1,182363.6,14.2,Townhouse,1975,3,3,588.0,sqft,Other,Central,unknown,223000.0,1.0,2.0,False,25.112107623318387,medium,2,-1,-48,2896.0,p1_much,p2_newer,medium_p1_much
11655368,11655751,15216,2019/12/1,185959.8235,12.82352941,SingleFamily,1920,1,4,3598.0,sqft,"Other, Gas",Central,unknown,191000.0,15216,2019/12/1,186014.1765,20.05882353,"Single Family Residence, Residential",1900,3,4,3600.0,sqft,"Forced Air, Natural Gas",Central Air,unknown,115000.0,2.0,1.0,False,39.79057591623037,medium,0,-2,20,-2.0,equal,p1_slight,medium_equal
11655751,59836087,15216,2019/12/1,186014.1765,20.05882353,"Single Family Residence, Residential",1900,3,4,3600.0,sqft,"Forced Air, Natural Gas",Central Air,unknown,115000.0,15216,2019/12/1,182363.6,14.2,Townhouse,1975,3,3,588.0,sqft,Other,Central,unknown,223000.0,1.0,2.0,False,48.4304932735426,easy,1,0,-75,3012.0,p1_slight,p2_newer,easy_p1_slight
11453300,11655674,15216,2019/8/1,168933.3333,11.66666667,SingleFamily,1957,2,3,6720.0,sqft,"Forced air, Gas",Central,unknown,162000.0,15216,2019/8/1,200097.9286,31.35714286,SingleFamily,1925,2,4,5797.0,sqft,"Other, Gas",Wall,unknown,208000.0,1.0,2.0,False,22.115384615384613,hard,-1,0,32,923.0,p2_more,p1_much,hard_p2_more
11335442,11571508,15216,2020/10/1,264882.1,24.1,"Single Family Residence, Residential",1945,3,3,9038.0,sqft,"Forced Air, Natural Gas",Central Air,unknown,240500.0,15216,2020/10/1,259920.7692,27.61538462,"Single Family Residence, Residential",1930,3,4,4400.0,sqft,"Hot Water, Natural Gas",Central Air,unknown,306000.0,1.0,2.0,False,21.405228758169933,hard,-1,0,15,4638.0,p2_more,p1_slight,hard_p2_more
11658605,11658708,15216,2020/10/1,422016.1429,15.14285714,"Single Family Residence, Residential",1940,3,3,6250.0,sqft,Natural Gas,Central Air,unknown,511000.0,15216,2020/10/1,406224.0667,11.86666667,"Single Family Residence, Residential",1928,2,4,8100.0,sqft,"Hot Water, Natural Gas",Wall Unit(s),unknown,367000.0,2.0,1.0,False,28.180039138943247,medium,-1,1,12,-1850.0,p2_more,p1_slight,medium_p2_more
11335582,11446252,15216,2020/11/1,145702.0,35.0,"Single Family Residence, Residential",1920,2,3,3449.0,sqft,"Forced Air, Natural Gas",Central Air,unknown,191000.0,15216,2020/11/1,132486.8,28.0,"Single Family Residence, Residential",1953,1,4,4025.0,sqft,"Forced Air, Natural Gas",Central Air,unknown,150000.0,2.0,1.0,False,21.465968586387437,hard,-1,1,-33,-576.0,p2_more,p2_newer,hard_p2_more
11444710,11652452,15216,2020/11/1,137813.3077,33.23076923,"Single Family Residence, Residential",1900,2,3,3000.0,sqft,"Forced Air, Natural Gas",Central Air,unknown,145501.0,15216,2020/11/1,159151.8,28.4,"Single Family Residence, Residential",1920,1,3,2250.0,sqft,"Forced Air, Natural Gas","Central Air, Electric",unknown,207000.0,1.0,2.0,False,29.70966183574879,medium,0,1,-20,750.0,equal,p2_newer,medium_equal
11571211,11655035,15216,2020/11/1,218618.4286,30.71428571,"Single Family Residence, Residential",1900,3,5,4440.0,sqft,"Forced Air, Natural Gas",Central Air,unknown,170000.0,15216,2020/11/1,263183.3077,20.38461538,Residential,1930,2,4,4399.0,sqft,"Forced Air, Natural Gas","Central Air, Electric",unknown,307000.0,1.0,2.0,False,44.62540716612378,easy,1,1,-30,41.0,p1_slight,p2_newer,easy_p1_slight
11571211,11655680,15216,2020/11/1,218618.4286,30.71428571,"Single Family Residence, Residential",1900,3,5,4440.0,sqft,"Forced Air, Natural Gas",Central Air,unknown,170000.0,15216,2020/11/1,232551.3846,26.0,"Single Family Residence, Residential",1930,2,4,3850.0,sqft,"Hot Water, Natural Gas",Window A/C,unknown,250000.0,1.0,2.0,False,32.0,medium,1,1,-30,590.0,p1_slight,p2_newer,medium_p1_slight
11571211,11656167,15216,2020/11/1,218618.4286,30.71428571,"Single Family Residence, Residential",1900,3,5,4440.0,sqft,"Forced Air, Natural Gas",Central Air,unknown,170000.0,15216,2020/11/1,252463.0,18.46153846,"Single Family Residence, Residential",1930,3,3,3108.0,sqft,"Forced Air, Natural Gas",Central Air,unknown,255000.0,1.0,2.0,False,33.33333333333333,medium,2,0,-30,1332.0,p1_much,p2_newer,medium_p1_much
11445824,11655707,15216,2020/12/1,125612.1111,56.44444444,"Single Family Residence, Residential",1954,1,3,4948.0,sqft,Natural Gas,Central Air,unknown,130000.0,15216,2020/12/1,169331.0,24.0,"Single Family Residence, Residential",1919,2,3,3598.0,sqft,"Forced Air, Natural Gas",Central Air,unknown,175000.0,1.0,2.0,False,25.71428571428571,medium,0,-1,35,1350.0,equal,p1_much,medium_equal
11453224,11656144,15216,2020/12/1,236129.0769,13.69230769,"Single Family Residence, Residential",1980,2,3,8145.0,sqft,"Forced Air, Natural Gas","Central Air, Electric",unknown,224000.0,15216,2020/12/1,265141.0,26.0,"Single Family Residence, Residential",1910,3,5,4360.0,sqft,"Forced Air, Natural Gas",Central Air,unknown,321000.0,1.0,2.0,False,30.218068535825545,medium,-2,-1,70,3785.0,p2_more,p1_much,medium_p2_more
11570877,11571521,15216,2020/12/1,220582.8462,12.46153846,"Single Family Residence, Residential",1964,1,3,3467.0,sqft,"Forced Air, Natural Gas",Central Air,unknown,200000.0,15216,2020/12/1,237971.2,20.0,"Single Family Residence, Residential",1910,3,3,4920.0,sqft,"Forced Air, Natural Gas",Electric,unknown,249900.0,1.0,2.0,False,19.96798719487795,hard,0,-2,54,-1453.0,equal,p1_much,hard_equal
11573930,11656144,15216,2020/12/1,279589.0,20.0,"Single Family Residence, Residential",1950,2,3,8470.0,sqft,"Forced Air, Natural Gas",Central Air,unknown,226000.0,15216,2020/12/1,265141.0,26.0,"Single Family Residence, Residential",1910,3,5,4360.0,sqft,"Forced Air, Natural Gas",Central Air,unknown,321000.0,1.0,2.0,False,29.595015576323984,medium,-2,-1,40,4110.0,p2_more,p1_much,medium_p2_more
11573930,11656645,15216,2020/12/1,279589.0,20.0,"Single Family Residence, Residential",1950,2,3,8470.0,sqft,"Forced Air, Natural Gas",Central Air,unknown,226000.0,15216,2020/12/1,284451.8,16.0,"Single Family Residence, Residential",1920,3,5,3301.0,sqft,Natural Gas,Central Air,unknown,290000.0,,2.0,False,22.06896551724138,hard,-2,-1,30,5169.0,p2_more,p1_much,hard_p2_more
11439929,11656362,15216,2020/2/1,157853.0,27.0,SingleFamily,1911,2,3,9000.0,sqft,"Radiant, Other, Gas",unknown,unknown,152500.0,15216,2020/2/1,167192.0,17.0,SingleFamily,1930,2,3,5087.0,sqft,Other,unknown,unknown,219900.0,1.0,2.0,False,30.650295588904047,medium,0,0,-19,3913.0,equal,similar,medium_equal
11445386,11571213,15216,2020/2/1,148550.1944,35.0,SingleFamily,1927,2,5,5998.0,sqft,"Forced air, Gas",Central,unknown,190000.0,15216,2020/2/1,141698.2,40.2,"Single Family Residence, Residential",1910,3,5,3400.0,sqft,"Forced Air, Natural Gas",Central Air,unknown,107500.0,,1.0,False,43.42105263157895,easy,0,-1,17,2598.0,equal,p1_slight,easy_equal
11565669,11571213,15216,2020/2/1,135319.0,17.63636364,SingleFamily,1959,2,3,3075.0,sqft,Other,Central,unknown,135000.0,15216,2020/2/1,141698.2,40.2,"Single Family Residence, Residential",1910,3,5,3400.0,sqft,"Forced Air, Natural Gas",Central Air,unknown,107500.0,2.0,1.0,False,20.37037037037037,hard,-2,-1,49,-325.0,p2_more,p1_much,hard_p2_more
11570299,11571213,15216,2020/2/1,142514.0,19.0,"Single Family Residence, Residential",1958,2,3,5209.0,sqft,"Forced Air, Natural Gas",Central Air,unknown,195000.0,15216,2020/2/1,141698.2,40.2,"Single Family Residence, Residential",1910,3,5,3400.0,sqft,"Forced Air, Natural Gas",Central Air,unknown,107500.0,2.0,1.0,False,44.871794871794876,easy,-2,-1,48,1809.0,p2_more,p1_much,easy_p2_more
11571213,11655066,15216,2020/2/1,141698.2,40.2,"Single Family Residence, Residential",1910,3,5,3400.0,sqft,"Forced Air, Natural Gas",Central Air,unknown,107500.0,15216,2020/2/1,185798.3611,21.27777778,SingleFamily,1925,1,3,3432.0,sqft,Other,Central,unknown,140000.0,1.0,2.0,False,23.214285714285715,hard,2,2,-15,-32.0,p1_much,similar,hard_p1_much
11655981,11656079,15216,2020/2/1,231598.0,21.0,SingleFamily,1918,2,3,3001.0,sqft,Forced air,Other,unknown,220000.0,15216,2020/2/1,211612.0,18.66666667,"Single Family Residence, Residential",1921,2,4,5401.0,sqft,"Hot Water, Natural Gas",Central Air,unknown,155000.0,2.0,1.0,False,29.545454545454547,medium,-1,0,-3,-2400.0,p2_more,similar,medium_p2_more
11445158,11452782,15216,2020/3/1,146175.2571,20.34285714,SingleFamily,1931,2,3,2700.0,sqft,Other,Central,unknown,157000.0,15216,2020/3/1,127516.3391,17.69565217,SingleFamily,1920,1,3,6765.0,sqft,"Other, Gas",Other,unknown,129000.0,2.0,1.0,False,17.8343949044586,hard,0,1,11,-4065.0,equal,p1_slight,hard_equal
11452948,11570536,15216,2020/3/1,151716.0,21.0,"Single Family Residence, Residential",1954,2,2,6629.0,sqft,"Forced Air, Natural Gas",Central Air,unknown,147500.0,15216,2020/3/1,186330.5833,21.0,SingleFamily,1930,2,3,5000.0,sqft,Other,Central,unknown,255000.0,1.0,2.0,False,42.15686274509804,easy,-1,0,24,1629.0,p2_more,p1_much,easy_p2_more
11452948,11656751,15216,2020/3/1,151716.0,21.0,"Single Family Residence, Residential",1954,2,2,6629.0,sqft,"Forced Air, Natural Gas",Central Air,unknown,147500.0,15216,2020/3/1,161012.1111,19.55555556,SingleFamily,1925,1,3,3484.0,sqft,Other,Central,unknown,185000.0,1.0,2.0,False,20.27027027027027,hard,-1,1,29,3145.0,p2_more,p1_much,hard_p2_more
11658547,11658825,15216,2020/3/1,254837.0,26.54545455,"Single Family Residence, Residential",1930,3,4,8102.0,sqft,Natural Gas,Central Air,unknown,245000.0,15216,2020/3/1,333195.8889,28.22222222,SingleFamily,1939,3,3,7353.0,sqft,"Other, Forced air, Gas",Central,unknown,313850.0,1.0,2.0,False,21.937231161382826,hard,1,0,-9,749.0,p1_slight,similar,hard_p1_slight
11570697,11570824,15216,2020/4/1,199340.5556,15.88888889,SingleFamily,1910,2,3,3387.0,sqft,"Forced air, Gas",Central,unknown,229900.0,15216,2020/4/1,172798.0,21.0,SingleFamily,1960,2,3,5079.0,sqft,Other,Central,unknown,180000.0,2.0,1.0,False,21.705089169204,hard,0,0,-50,-1692.0,equal,p2_newer,hard_equal
11570697,11655005,15216,2020/4/1,199340.5556,15.88888889,SingleFamily,1910,2,3,3387.0,sqft,"Forced air, Gas",Central,unknown,229900.0,15216,2020/4/1,205727.4,20.4,SingleFamily,1920,2,4,3471.0,sqft,"Baseboard, Gas",Central,unknown,189000.0,2.0,1.0,False,17.7903436276642,hard,-1,0,-10,-84.0,p2_more,similar,hard_p2_more
11574009,11653147,15216,2020/4/1,221692.5,17.58333333,SingleFamily,1950,2,3,0.69,Acres,Other,Central,unknown,210000.0,15216,2020/4/1,205363.2,22.8,SingleFamily,1957,2,3,7401.0,sqft,"Forced air, Gas",Central,unknown,261505.0,1.0,2.0,False,19.6956081145676,hard,0,0,-7,-7400.31,equal,similar,hard_equal
11335823,11655314,15216,2020/7/1,173674.5,18.0,SingleFamily,1920,2,5,6900.0,sqft,"Forced air, Gas",Central,unknown,172500.0,15216,2020/7/1,206483.6667,23.0,SingleFamily,1920,3,3,3598.0,sqft,"Other, Gas",Other,unknown,215250.0,1.0,2.0,False,19.860627177700348,hard,2,-1,0,3302.0,p1_much,similar,hard_p1_much
11335906,11571133,15216,2020/7/1,214149.8462,15.84615385,SingleFamily,1951,2,3,3449.0,sqft,Other,Central,unknown,220000.0,15216,2020/7/1,175889.9231,24.61538462,SingleFamily,1915,3,3,3497.0,sqft,"Other, Gas",Central,unknown,155000.0,2.0,1.0,False,29.545454545454547,medium,0,-1,36,-48.0,equal,p1_much,medium_equal
11335962,11445791,15216,2020/7/1,134529.6667,27.66666667,SingleFamily,1947,2,3,3001.0,sqft,"Forced air, Gas","Other, Central",unknown,164900.0,15216,2020/7/1,131120.6,19.6,SingleFamily,1955,1,2,5000.0,sqft,"Forced air, Gas",Central,unknown,124500.0,2.0,1.0,False,24.499696785930865,hard,1,1,-8,-1999.0,p1_slight,similar,hard_p1_slight
11446161,11453223,15216,2020/7/1,131865.2222,24.77777778,SingleFamily,1927,1,6,3441.0,sqft,Other,Central,unknown,182000.0,15216,2020/7/1,157719.0,22.0,SingleFamily,1961,2,2,8202.0,sqft,"Other, Forced air, Gas",Central,unknown,151000.0,2.0,1.0,False,17.032967032967033,hard,4,-1,-34,-4761.0,p1_much,p2_newer,hard_p1_much
11446161,11453554,15216,2020/7/1,131865.2222,24.77777778,SingleFamily,1927,1,6,3441.0,sqft,Other,Central,unknown,182000.0,15216,2020/7/1,119080.0,42.0,SingleFamily,1951,2,3,3733.0,sqft,"Other, Forced air",Central,unknown,145000.0,2.0,1.0,False,20.32967032967033,hard,3,-1,-24,-292.0,p1_much,p2_newer,hard_p1_much
11453223,11570769,15216,2020/7/1,157719.0,22.0,SingleFamily,1961,2,2,8202.0,sqft,"Other, Forced air, Gas",Central,unknown,151000.0,15216,2020/7/1,193090.8,19.2,SingleFamily,1900,2,4,3750.0,sqft,"Forced air, Gas",Central,unknown,226500.0,1.0,2.0,False,33.33333333333333,medium,-2,0,61,4452.0,p2_more,p1_much,medium_p2_more
11453223,11571305,15216,2020/7/1,157719.0,22.0,SingleFamily,1961,2,2,8202.0,sqft,"Other, Forced air, Gas",Central,unknown,151000.0,15216,2020/7/1,182866.25,19.125,"Single Family Residence, Residential",1920,2,4,3393.0,sqft,"Forced Air, Natural Gas",Other,unknown,195000.0,1.0,2.0,False,22.564102564102566,hard,-2,0,41,4809.0,p2_more,p1_much,hard_p2_more
11565142,11566032,15216,2020/7/1,157658.6,16.4,SingleFamily,1900,2,3,5000.0,sqft,Other,unknown,unknown,203000.0,15216,2020/7/1,166407.3333,16.0,SingleFamily,1927,1,3,5535.0,sqft,Other,unknown,unknown,167500.0,2.0,1.0,False,17.48768472906404,hard,0,1,-27,-535.0,equal,p2_newer,hard_equal
11565142,11655018,15216,2020/7/1,157658.6,16.4,SingleFamily,1900,2,3,5000.0,sqft,Other,unknown,unknown,203000.0,15216,2020/7/1,182017.5,28.9,SingleFamily,1925,1,3,4948.0,sqft,Other,unknown,unknown,250000.0,1.0,2.0,False,18.8,hard,0,1,-25,52.0,equal,p2_newer,hard_equal
11566032,11655018,15216,2020/7/1,166407.3333,16.0,SingleFamily,1927,1,3,5535.0,sqft,Other,unknown,unknown,167500.0,15216,2020/7/1,182017.5,28.9,SingleFamily,1925,1,3,4948.0,sqft,Other,unknown,unknown,250000.0,1.0,2.0,False,33.0,medium,0,0,2,587.0,equal,p1_slight,medium_equal
11570696,11571305,15216,2020/7/1,220286.0,21.0,SingleFamily,1910,1,3,3510.0,sqft,Other,Central,unknown,237000.0,15216,2020/7/1,182866.25,19.125,"Single Family Residence, Residential",1920,2,4,3393.0,sqft,"Forced Air, Natural Gas",Other,unknown,195000.0,2.0,1.0,False,17.72151898734177,hard,-1,-1,-10,117.0,p2_more,similar,hard_p2_more
11570769,11571588,15216,2020/7/1,193090.8,19.2,SingleFamily,1900,2,4,3750.0,sqft,"Forced air, Gas",Central,unknown,226500.0,15216,2020/7/1,169307.5,16.3,SingleFamily,1948,2,2,3001.0,sqft,Other,Central,unknown,175000.0,2.0,1.0,False,22.737306843267106,hard,2,0,-48,749.0,p1_much,p2_newer,hard_p1_much
11570769,11655316,15216,2020/7/1,193090.8,19.2,SingleFamily,1900,2,4,3750.0,sqft,"Forced air, Gas",Central,unknown,226500.0,15216,2020/7/1,170512.8889,23.66666667,SingleFamily,1928,1,3,3598.0,sqft,"Other, Forced air, Gas",Central,unknown,180000.0,2.0,1.0,False,20.52980132450331,hard,1,1,-28,152.0,p1_slight,p2_newer,hard_p1_slight
11571133,11571305,15216,2020/7/1,175889.9231,24.61538462,SingleFamily,1915,3,3,3497.0,sqft,"Other, Gas",Central,unknown,155000.0,15216,2020/7/1,182866.25,19.125,"Single Family Residence, Residential",1920,2,4,3393.0,sqft,"Forced Air, Natural Gas",Other,unknown,195000.0,,2.0,False,20.51282051282051,hard,-1,1,-5,104.0,p2_more,similar,hard_p2_more
11571133,11655608,15216,2020/7/1,175889.9231,24.61538462,SingleFamily,1915,3,3,3497.0,sqft,"Other, Gas",Central,unknown,155000.0,15216,2020/7/1,190030.5,28.8,SingleFamily,1921,2,2,4620.0,sqft,"Forced air, Gas",Central,unknown,208000.0,1.0,2.0,False,25.48076923076923,medium,1,1,-6,-1123.0,p1_slight,similar,medium_p1_slight
11652601,11655608,15216,2020/7/1,169469.0,14.0,SingleFamily,1950,2,3,3001.0,sqft,"Other, Gas",Central,unknown,167000.0,15216,2020/7/1,190030.5,28.8,SingleFamily,1921,2,2,4620.0,sqft,"Forced air, Gas",Central,unknown,208000.0,1.0,2.0,False,19.71153846153846,hard,1,0,29,-1619.0,p1_slight,p1_much,hard_p1_slight
11453208,11571131,15216,2020/8/1,188319.6667,13.33333333,SingleFamily,1950,2,3,7080.0,sqft,"Gas, Heat pump",Central,unknown,178000.0,15216,2020/8/1,223572.0,22.0,SingleFamily,1918,2,4,3598.0,sqft,"Other, Gas",Other,unknown,235000.0,1.0,2.0,False,24.25531914893617,hard,-1,0,32,3482.0,p2_more,p1_much,hard_p2_more
11566015,11655079,15216,2020/8/1,166004.0,16.5,SingleFamily,1925,2,4,5039.0,sqft,Other,unknown,unknown,139950.0,15216,2020/8/1,170362.4,31.6,SingleFamily,1920,1,5,3001.0,sqft,Other,unknown,unknown,201000.0,1.0,2.0,False,30.37313432835821,medium,-1,1,5,2038.0,p2_more,p1_slight,medium_p2_more
11311152,11656614,15216,2020/9/1,244766.3333,36.44444444,"Single Family Residence, Residential",1880,4,4,6600.0,sqft,"Forced Air, Natural Gas",Central Air,unknown,275600.0,15216,2020/9/1,329902.9091,26.72727273,SingleFamily,1920,4,3,9347.0,sqft,Other,Wall,unknown,345750.0,,2.0,False,20.289226319595084,hard,1,0,-40,-2747.0,p1_slight,p2_newer,hard_p1_slight
11445134,11655201,15216,2020/9/1,141586.1,16.3,"Single Family Residence, Residential",1915,2,3,3001.0,sqft,Natural Gas,Central Air,unknown,125000.0,15216,2020/9/1,164475.6,20.8,"Single Family Residence, Residential",1908,1,3,3001.0,sqft,"Forced Air, Natural Gas","Central Air, Electric",unknown,201000.0,1.0,2.0,False,37.81094527363184,medium,0,1,7,0.0,equal,p1_slight,medium_equal
11570475,11655232,15216,2020/9/1,175083.6364,15.45454545,"Single Family Residence, Residential",1925,1,3,3201.0,sqft,"Forced Air, Natural Gas",Central Air,unknown,219000.0,15216,2020/9/1,199236.0,20.4,"Single Family Residence, Residential",1905,2,4,3001.0,sqft,"Forced Air, Natural Gas",Central Air,unknown,179990.0,2.0,1.0,False,17.812785388127853,hard,-1,-1,20,200.0,p2_more,p1_slight,hard_p2_more
11655232,11655297,15216,2020/9/1,199236.0,20.4,"Single Family Residence, Residential",1905,2,4,3001.0,sqft,"Forced Air, Natural Gas",Central Air,unknown,179990.0,15216,2020/9/1,175685.5455,24.27272727,"Single Family Residence, Residential",1925,1,3,4200.0,sqft,"Forced Air, Natural Gas",Central Air,unknown,221000.0,1.0,2.0,False,18.55656108597285,hard,1,1,-20,-1199.0,p1_slight,p2_newer,hard_p1_slight
11655232,11656209,15216,2020/9/1,199236.0,20.4,"Single Family Residence, Residential",1905,2,4,3001.0,sqft,"Forced Air, Natural Gas",Central Air,unknown,179990.0,15216,2020/9/1,222929.3636,14.36363636,"Single Family Residence, Residential",1925,2,3,3301.0,sqft,"Forced Air, Natural Gas",Central Air,unknown,234900.0,1.0,2.0,False,23.375904640272456,hard,1,0,-20,-300.0,p1_slight,p2_newer,hard_p1_slight
11445835,11571694,15216,2021/10/1,118054.7945,45.50684932,"Single Family Residence, Residential",1950,1,3,4620.0,sqft,"Forced Air, Natural Gas","Window A/C, Electric",unknown,110000.0,15216,2021/10/1,158815.1818,22.36363636,"Single Family Residence, Residential",1900,2,3,2400.0,sqft,Natural Gas,"Window A/C, Wall Unit(s)",unknown,150000.0,1.0,2.0,False,26.666666666666668,medium,0,-1,50,2220.0,equal,p1_much,medium_equal
11445835,11655281,15216,2021/10/1,118054.7945,45.50684932,"Single Family Residence, Residential",1950,1,3,4620.0,sqft,"Forced Air, Natural Gas","Window A/C, Electric",unknown,110000.0,15216,2021/10/1,162242.3729,30.79661017,"Single Family Residence, Residential",1920,1,3,3300.0,sqft,"Forced Air, Natural Gas",Central Air,unknown,202000.0,1.0,2.0,False,45.54455445544555,easy,0,0,30,1320.0,equal,p1_much,easy_equal
11445838,11655281,15216,2021/10/1,146386.4407,27.28813559,"Single Family Residence, Residential",1952,1,3,4473.0,sqft,Natural Gas,Central Air,unknown,159125.0,15216,2021/10/1,162242.3729,30.79661017,"Single Family Residence, Residential",1920,1,3,3300.0,sqft,"Forced Air, Natural Gas",Central Air,unknown,202000.0,1.0,2.0,False,21.225247524752476,hard,0,0,32,1173.0,equal,p1_much,hard_equal
11452939,11571694,15216,2021/10/1,168287.931,15.37931034,"Single Family Residence, Residential",1958,1,3,6804.0,sqft,"Forced Air, Natural Gas",Central Air,unknown,120000.0,15216,2021/10/1,158815.1818,22.36363636,"Single Family Residence, Residential",1900,2,3,2400.0,sqft,Natural Gas,"Window A/C, Wall Unit(s)",unknown,150000.0,1.0,2.0,False,20.0,hard,0,-1,58,4404.0,equal,p1_much,hard_equal
11452939,11655395,15216,2021/10/1,168287.931,15.37931034,"Single Family Residence, Residential",1958,1,3,6804.0,sqft,"Forced Air, Natural Gas",Central Air,unknown,120000.0,15216,2021/10/1,205777.7778,27.22222222,"Single Family Residence, Residential",1920,2,3,3598.0,sqft,"Forced Air, Natural Gas",Central Air,unknown,185000.0,1.0,2.0,False,35.13513513513514,medium,0,-1,38,3206.0,equal,p1_much,medium_equal
11565584,11571513,15216,2021/10/1,205233.3333,18.66666667,"Single Family Residence, Residential",1925,3,3,4399.0,sqft,"Forced Air, Natural Gas",Central Air,unknown,177500.0,15216,2021/10/1,235792.2034,12.71186441,"Single Family Residence, Residential",1940,2,3,4400.0,sqft,"Forced Air, Natural Gas",Central Air,unknown,222500.0,1.0,2.0,False,20.224719101123593,hard,0,1,-15,-1.0,equal,similar,hard_equal
11565584,11655777,15216,2021/10/1,205233.3333,18.66666667,"Single Family Residence, Residential",1925,3,3,4399.0,sqft,"Forced Air, Natural Gas",Central Air,unknown,177500.0,15216,2021/10/1,226381.3559,22.55932203,"Single Family Residence, Residential",1922,2,4,3598.0,sqft,"Forced Air, Natural Gas",Window A/C,unknown,230000.0,1.0,2.0,False,22.82608695652174,hard,-1,1,3,801.0,p2_more,p1_slight,hard_p2_more
11571694,11655386,15216,2021/10/1,158815.1818,22.36363636,"Single Family Residence, Residential",1900,2,3,2400.0,sqft,Natural Gas,"Window A/C, Wall Unit(s)",unknown,150000.0,15216,2021/10/1,118856.4103,60.34615385,"Single Family Residence, Residential",1910,1,3,3625.0,sqft,Natural Gas,"Central Air, Electric",unknown,110000.0,2.0,1.0,False,26.666666666666668,medium,0,1,-10,-1225.0,equal,similar,medium_equal
11570594,11656615,15216,2021/11/1,267291.5254,11.86440678,"Single Family Residence, Residential",1950,2,3,7065.0,sqft,"Forced Air, Natural Gas","Central Air, Electric",unknown,233000.0,15216,2021/11/1,272429.4118,25.64705882,"Single Family Residence, Residential",1925,3,3,6324.0,sqft,"Forced Air, Natural Gas","Central Air, Wall Unit(s)",unknown,330000.0,1.0,2.0,False,29.393939393939394,medium,0,-1,25,741.0,equal,p1_much,medium_equal
11571267,11655150,15216,2021/11/1,263000.0,18.0,"Single Family Residence, Residential",1950,2,3,5924.0,sqft,"Forced Air, Natural Gas",Central Air,unknown,183000.0,15216,2021/11/1,268381.3559,19.3559322,"Single Family Residence, Residential",1919,3,4,3090.0,sqft,"Forced Air, Natural Gas",Central Air,unknown,295000.0,1.0,2.0,False,37.96610169491525,medium,-1,-1,31,2834.0,p2_more,p1_much,medium_p2_more
11446054,11453531,15216,2021/12/1,147784.9315,16.35616438,"Single Family Residence, Residential",1958,1,2,3301.0,sqft,"Forced Air, Natural Gas","Central Air, Electric",unknown,140000.0,15216,2021/12/1,127232.0513,23.82051282,"Single Family Residence, Residential",1940,2,2,5741.0,sqft,"Forced Air, Natural Gas",Central Air,unknown,115000.0,2.0,1.0,False,17.857142857142858,hard,0,-1,18,-2440.0,equal,p1_slight,hard_equal
11446199,11453531,15216,2021/12/1,162300.0,31.6,"Single Family Residence, Residential",1920,2,3,3510.0,sqft,"Forced Air, Natural Gas","Central Air, Electric",unknown,172900.0,15216,2021/12/1,127232.0513,23.82051282,"Single Family Residence, Residential",1940,2,2,5741.0,sqft,"Forced Air, Natural Gas",Central Air,unknown,115000.0,2.0,1.0,False,33.48756506651244,medium,1,0,-20,-2231.0,p1_slight,p2_newer,medium_p1_slight
11571214,11655697,15216,2021/2/1,238243.1765,23.0,"Single Family Residence, Residential",1920,4,4,5218.0,sqft,"Forced Air, Natural Gas",Central Air,unknown,334000.0,15216,2021/2/1,290542.0,25.0,"Single Family Residence, Residential",1930,3,5,4068.0,sqft,"Forced Air, Natural Gas","Central Air, Electric",unknown,240700.0,2.0,1.0,False,27.934131736526947,medium,-1,1,-10,1150.0,p2_more,similar,medium_p2_more
11446166,11652509,15216,2021/3/1,133260.6923,54.30769231,"Single Family Residence, Residential",1953,1,3,7500.0,sqft,Natural Gas,Central Air,unknown,175000.0,15216,2021/3/1,175991.25,25.5,"Single Family Residence, Residential",1910,2,3,3319.0,sqft,"Forced Air, Natural Gas",Central Air,unknown,224000.0,1.0,2.0,False,21.875,hard,0,-1,43,4181.0,equal,p1_much,hard_equal
11652509,11655166,15216,2021/3/1,175991.25,25.5,"Single Family Residence, Residential",1910,2,3,3319.0,sqft,"Forced Air, Natural Gas",Central Air,unknown,224000.0,15216,2021/3/1,197951.6154,13.0,"Single Family Residence, Residential",1920,1,5,3000.0,sqft,"Forced Air, Natural Gas","Central Air, Electric",unknown,170000.0,2.0,1.0,False,24.107142857142858,hard,-2,1,-10,319.0,p2_more,similar,hard_p2_more
11654967,11655166,15216,2021/3/1,209214.0,26.0,"Single Family Residence, Residential",1920,2,4,3001.0,sqft,"Forced Air, Natural Gas","Central Air, Electric",unknown,226000.0,15216,2021/3/1,197951.6154,13.0,"Single Family Residence, Residential",1920,1,5,3000.0,sqft,"Forced Air, Natural Gas","Central Air, Electric",unknown,170000.0,2.0,1.0,False,24.778761061946902,hard,-1,1,0,1.0,p2_more,similar,hard_p2_more
11335439,11571321,15216,2021/4/1,192904.6667,13.33333333,"Single Family Residence, Residential",1945,2,3,4199.0,sqft,"Forced Air, Natural Gas",Central Air,unknown,190000.0,15216,2021/4/1,215983.0,30.0,"Single Family Residence, Residential",1910,2,4,3300.0,sqft,"Forced Air, Natural Gas",Window A/C,unknown,236000.0,1.0,2.0,False,19.491525423728813,hard,-1,0,35,899.0,p2_more,p1_much,hard_p2_more
11445681,11565626,15216,2021/4/1,131535.1538,11.23076923,"Single Family Residence, Residential",1965,1,2,6000.0,sqft,"Forced Air, Natural Gas",Central Air,unknown,126500.0,15216,2021/4/1,158579.6667,34.11111111,"Single Family Residence, Residential",1926,2,2,2552.0,sqft,Natural Gas,"Central Air, Electric",unknown,164500.0,1.0,2.0,False,23.10030395136778,hard,0,-1,39,3448.0,equal,p1_much,hard_equal
11446151,11570583,15216,2021/4/1,213441.3333,17.0,"Single Family Residence, Residential",1925,3,5,3354.0,sqft,"Hot Water, Natural Gas","Central Air, Electric",unknown,229900.0,15216,2021/4/1,217779.2143,17.5,"Single Family Residence, Residential",1940,3,4,0.29,Acres,"Hot Water, Natural Gas","Window A/C, Wall Unit(s)",unknown,184000.0,2.0,1.0,False,19.96520226185298,hard,1,0,-15,3353.71,p1_slight,similar,hard_p1_slight
11446151,11571242,15216,2021/4/1,213441.3333,17.0,"Single Family Residence, Residential",1925,3,5,3354.0,sqft,"Hot Water, Natural Gas","Central Air, Electric",unknown,229900.0,15216,2021/4/1,203898.1667,27.83333333,"Single Family Residence, Residential",1930,2,4,3500.0,sqft,"Forced Air, Natural Gas",Central Air,unknown,301000.0,1.0,2.0,False,23.62126245847176,hard,1,1,-5,-146.0,p1_slight,similar,hard_p1_slight
11565626,11571321,15216,2021/4/1,158579.6667,34.11111111,"Single Family Residence, Residential",1926,2,2,2552.0,sqft,Natural Gas,"Central Air, Electric",unknown,164500.0,15216,2021/4/1,215983.0,30.0,"Single Family Residence, Residential",1910,2,4,3300.0,sqft,"Forced Air, Natural Gas",Window A/C,unknown,236000.0,1.0,2.0,False,30.29661016949153,medium,-2,0,16,-748.0,p2_more,p1_slight,medium_p2_more
11566531,11570583,15216,2021/4/1,187922.75,19.625,"Single Family Residence, Residential",1920,2,3,3001.0,sqft,"Forced Air, Natural Gas",Central Air,unknown,245000.0,15216,2021/4/1,217779.2143,17.5,"Single Family Residence, Residential",1940,3,4,0.29,Acres,"Hot Water, Natural Gas","Window A/C, Wall Unit(s)",unknown,184000.0,2.0,1.0,False,24.897959183673468,hard,-1,-1,-20,3000.71,p2_more,p2_newer,hard_p2_more
11566531,11652530,15216,2021/4/1,187922.75,19.625,"Single Family Residence, Residential",1920,2,3,3001.0,sqft,"Forced Air, Natural Gas",Central Air,unknown,245000.0,15216,2021/4/1,191602.3333,12.0,"Single Family Residence, Residential",1964,1,3,2700.0,sqft,"Forced Air, Natural Gas",Central Air,unknown,195000.0,2.0,1.0,False,20.408163265306122,hard,0,1,-44,301.0,equal,p2_newer,hard_equal
11570583,11571242,15216,2021/4/1,217779.2143,17.5,"Single Family Residence, Residential",1940,3,4,0.29,Acres,"Hot Water, Natural Gas","Window A/C, Wall Unit(s)",unknown,184000.0,15216,2021/4/1,203898.1667,27.83333333,"Single Family Residence, Residential",1930,2,4,3500.0,sqft,"Forced Air, Natural Gas",Central Air,unknown,301000.0,1.0,2.0,False,38.87043189368771,medium,0,1,10,-3499.71,equal,p1_slight,medium_equal
11570583,11571321,15216,2021/4/1,217779.2143,17.5,"Single Family Residence, Residential",1940,3,4,0.29,Acres,"Hot Water, Natural Gas","Window A/C, Wall Unit(s)",unknown,184000.0,15216,2021/4/1,215983.0,30.0,"Single Family Residence, Residential",1910,2,4,3300.0,sqft,"Forced Air, Natural Gas",Window A/C,unknown,236000.0,1.0,2.0,False,22.033898305084744,hard,0,1,30,-3299.71,equal,p1_much,hard_equal
11570583,11656322,15216,2021/4/1,217779.2143,17.5,"Single Family Residence, Residential",1940,3,4,0.29,Acres,"Hot Water, Natural Gas","Window A/C, Wall Unit(s)",unknown,184000.0,15216,2021/4/1,260727.0,19.25,"Single Family Residence, Residential",1930,2,4,4399.0,sqft,"Forced Air, Natural Gas",Central Air,unknown,297000.0,1.0,2.0,False,38.04713804713805,medium,0,1,10,-4398.71,equal,p1_slight,medium_equal
11571321,11652530,15216,2021/4/1,215983.0,30.0,"Single Family Residence, Residential",1910,2,4,3300.0,sqft,"Forced Air, Natural Gas",Window A/C,unknown,236000.0,15216,2021/4/1,191602.3333,12.0,"Single Family Residence, Residential",1964,1,3,2700.0,sqft,"Forced Air, Natural Gas",Central Air,unknown,195000.0,2.0,1.0,False,17.372881355932204,hard,1,1,-54,600.0,p1_slight,p2_newer,hard_p1_slight
11654908,11656322,15216,2021/4/1,306239.7273,20.18181818,"Single Family Residence, Residential",1924,3,3,4840.0,sqft,"Hot Water, Natural Gas",Window A/C,unknown,412000.0,15216,2021/4/1,260727.0,19.25,"Single Family Residence, Residential",1930,2,4,4399.0,sqft,"Forced Air, Natural Gas",Central Air,unknown,297000.0,2.0,1.0,False,27.9126213592233,medium,-1,1,-6,441.0,p2_more,similar,medium_p2_more
11311160,11570479,15216,2021/5/1,204900.2222,18.11111111,"Single Family Residence, Residential",1928,1,3,6172.0,sqft,"Forced Air, Natural Gas","Central Air, Electric",unknown,205000.0,15216,2021/5/1,216889.0,22.0,"Single Family Residence, Residential",1920,1,4,3497.0,sqft,"Forced Air, Natural Gas",Central Air,unknown,266000.0,,2.0,False,22.932330827067666,hard,-1,0,8,2675.0,p2_more,p1_slight,hard_p2_more
11311160,11571247,15216,2021/5/1,204900.2222,18.11111111,"Single Family Residence, Residential",1928,1,3,6172.0,sqft,"Forced Air, Natural Gas","Central Air, Electric",unknown,205000.0,15216,2021/5/1,200002.1,30.3,"Single Family Residence, Residential",1930,1,3,3497.0,sqft,"Forced Air, Natural Gas",Central Air,unknown,257000.0,1.0,2.0,False,20.233463035019454,hard,0,0,-2,2675.0,equal,similar,hard_equal
11570479,11656741,15216,2021/5/1,216889.0,22.0,"Single Family Residence, Residential",1920,1,4,3497.0,sqft,"Forced Air, Natural Gas",Central Air,unknown,266000.0,15216,2021/5/1,178637.6667,16.44444444,"Single Family Residence, Residential",1925,2,3,3301.0,sqft,"Forced Air, Natural Gas",Central Air,unknown,201000.0,2.0,1.0,False,24.43609022556391,hard,1,-1,-5,196.0,p1_slight,similar,hard_p1_slight
11571247,11653047,15216,2021/5/1,200002.1,30.3,"Single Family Residence, Residential",1930,1,3,3497.0,sqft,"Forced Air, Natural Gas",Central Air,unknown,257000.0,15216,2021/5/1,175964.0,21.0,"Single Family Residence, Residential",1950,1,3,4155.0,sqft,Natural Gas,Central Air,unknown,167000.0,2.0,1.0,False,35.019455252918284,medium,0,0,-20,-658.0,equal,p2_newer,medium_equal
11574139,11574192,15216,2021/5/1,479531.9375,14.8125,"Single Family Residence, Residential",1968,4,4,9748.0,sqft,Natural Gas,"Attic Fan, Central Air",unknown,440000.0,15216,2021/5/1,441215.0,19.6,"Single Family Residence, Residential",1941,3,4,0.3,Acres,"Forced Air, Natural Gas",Central Air,unknown,533000.0,,2.0,False,17.4484052532833,hard,0,1,27,9747.7,equal,p1_much,hard_equal
11653047,11655923,15216,2021/5/1,175964.0,21.0,"Single Family Residence, Residential",1950,1,3,4155.0,sqft,Natural Gas,Central Air,unknown,167000.0,15216,2021/5/1,181089.6364,18.45454545,"Single Family Residence, Residential",1920,1,3,3598.0,sqft,"Hot Water, Natural Gas",Window A/C,unknown,201000.0,1.0,2.0,False,16.91542288557214,hard,0,0,30,557.0,equal,p1_much,hard_equal
11571488,11654874,15216,2021/6/1,285974.2857,39.14285714,"Single Family Residence, Residential",1928,2,3,5501.0,sqft,"Forced Air, Natural Gas",Central Air,unknown,380000.0,15216,2021/6/1,337074.1667,13.75,"Single Family Residence, Residential",1930,2,4,6751.0,sqft,"Hot Water, Natural Gas",Central Air,unknown,278050.0,2.0,1.0,False,26.82894736842105,medium,-1,0,-2,-1250.0,p2_more,similar,medium_p2_more
11571488,11655758,15216,2021/6/1,285974.2857,39.14285714,"Single Family Residence, Residential",1928,2,3,5501.0,sqft,"Forced Air, Natural Gas",Central Air,unknown,380000.0,15216,2021/6/1,229342.6,20.4,"Single Family Residence, Residential",1920,3,3,3101.0,sqft,"Forced Air, Natural Gas","Central Air, Electric",unknown,275000.0,2.0,1.0,False,27.631578947368425,medium,0,-1,8,2400.0,equal,p1_slight,medium_equal
11571488,11656147,15216,2021/6/1,285974.2857,39.14285714,"Single Family Residence, Residential",1928,2,3,5501.0,sqft,"Forced Air, Natural Gas",Central Air,unknown,380000.0,15216,2021/6/1,246400.1818,26.36363636,"Single Family Residence, Residential",1910,2,5,4399.0,sqft,"Forced Air, Natural Gas","Window A/C, Central Air",unknown,291900.0,2.0,1.0,False,23.18421052631579,hard,-2,0,18,1102.0,p2_more,p1_slight,hard_p2_more
11573983,11655485,15216,2021/6/1,315370.0,20.0,"Single Family Residence, Residential",1980,3,3,8058.0,sqft,"Heat Pump, Electric",Central Air,unknown,279900.0,15216,2021/6/1,353285.0909,20.09090909,"Single Family Residence, Residential",1924,3,4,4970.0,sqft,"Forced Air, Natural Gas",Central Air,unknown,425000.0,1.0,2.0,False,34.141176470588235,medium,-1,0,56,3088.0,p2_more,p1_much,medium_p2_more
11335443,11445005,15216,2021/7/1,179639.1818,21.0,"Single Family Residence, Residential",1945,2,3,9038.0,sqft,"Forced Air, Natural Gas",Window A/C,unknown,144000.0,15216,2021/7/1,162318.3478,16.69565217,"Single Family Residence, Residential",1960,2,3,3001.0,sqft,"Forced Air, Natural Gas",Central Air,unknown,175000.0,1.0,2.0,False,17.71428571428571,hard,0,0,-15,6037.0,equal,similar,hard_equal
11335443,11445471,15216,2021/7/1,179639.1818,21.0,"Single Family Residence, Residential",1945,2,3,9038.0,sqft,"Forced Air, Natural Gas",Window A/C,unknown,144000.0,15216,2021/7/1,199504.2609,17.30434783,Residential,1930,2,4,5148.0,sqft,"Forced Air, Natural Gas",Window A/C,unknown,196000.0,1.0,2.0,False,26.53061224489796,medium,-1,0,15,3890.0,p2_more,p1_slight,medium_p2_more
11335443,11446176,15216,2021/7/1,179639.1818,21.0,"Single Family Residence, Residential",1945,2,3,9038.0,sqft,"Forced Air, Natural Gas",Window A/C,unknown,144000.0,15216,2021/7/1,177858.2609,20.43478261,"Single Family Residence, Residential",1952,1,3,4200.0,sqft,"Forced Air, Natural Gas","Central Air, Electric",unknown,190000.0,1.0,2.0,False,24.210526315789473,hard,0,1,-7,4838.0,equal,similar,hard_equal
11445471,11453023,15216,2021/7/1,199504.2609,17.30434783,Residential,1930,2,4,5148.0,sqft,"Forced Air, Natural Gas",Window A/C,unknown,196000.0,15216,2021/7/1,187548.0,16.0,"Single Family Residence, Residential",1956,1,2,6050.0,sqft,Natural Gas,Central Air,unknown,155710.0,2.0,1.0,False,20.55612244897959,hard,2,1,-26,-902.0,p1_much,p2_newer,hard_p1_much
11574361,11655360,15216,2021/7/1,373668.4783,23.30434783,"Single Family Residence, Residential",1932,2,3,5500.0,sqft,"Forced Air, Natural Gas",Central Air,unknown,385000.0,15216,2021/7/1,319021.619,18.04761905,"Single Family Residence, Residential",1919,2,4,5257.0,sqft,"Hot Water, Natural Gas","Central Air, Electric",unknown,300000.0,2.0,1.0,False,22.07792207792208,hard,-1,0,13,243.0,p2_more,p1_slight,hard_p2_more
11655456,11655547,15216,2021/7/1,286429.2,12.33333333,"Single Family Residence, Residential",1926,2,3,4399.0,sqft,"Forced Air, Natural Gas",Central Air,unknown,245000.0,15216,2021/7/1,279718.7826,18.86956522,"Single Family Residence, Residential",1930,2,3,4190.0,sqft,"Forced Air, Natural Gas",Central Air,unknown,331900.0,1.0,2.0,False,26.182585115998798,medium,0,0,-4,209.0,equal,similar,medium_equal
11655547,11656272,15216,2021/7/1,279718.7826,18.86956522,"Single Family Residence, Residential",1930,2,3,4190.0,sqft,"Forced Air, Natural Gas",Central Air,unknown,331900.0,15216,2021/7/1,260744.5,16.0,"Single Family Residence, Residential",1920,2,4,3300.0,sqft,"Forced Air, Natural Gas",Central Air,unknown,263000.0,2.0,1.0,False,20.75926483880687,hard,-1,0,10,890.0,p2_more,p1_slight,hard_p2_more
11445202,11571696,15216,2021/8/1,211593.9565,22.17391304,"Single Family Residence, Residential",1922,3,5,5000.0,sqft,"Hot Water, Natural Gas",Window A/C,unknown,201000.0,15216,2021/8/1,222540.678,25.72881356,"Single Family Residence, Residential",1910,2,4,4800.0,sqft,Natural Gas,Central Air,unknown,300000.0,1.0,2.0,False,33.0,medium,1,1,12,200.0,p1_slight,p1_slight,medium_p1_slight
11445617,11655231,15216,2021/8/1,180987.1176,19.88235294,"Single Family Residence, Residential",1910,1,3,3001.0,sqft,"Forced Air, Natural Gas",Central Air,unknown,210000.0,15216,2021/8/1,184528.8136,29.49152542,"Single Family Residence, Residential",1920,2,3,4499.0,sqft,"Hot Water, Natural Gas","Wall Unit(s), Electric",unknown,140000.0,2.0,1.0,False,33.33333333333333,medium,0,-1,-10,-1498.0,equal,similar,medium_equal
11565152,11571696,15216,2021/8/1,187948.7273,16.13636364,"Single Family Residence, Residential",1920,2,3,6600.0,sqft,"Forced Air, Natural Gas","Attic Fan, Central Air",unknown,190000.0,15216,2021/8/1,222540.678,25.72881356,"Single Family Residence, Residential",1910,2,4,4800.0,sqft,Natural Gas,Central Air,unknown,300000.0,,2.0,False,36.666666666666664,medium,-1,0,10,1800.0,p2_more,p1_slight,medium_p2_more
11571006,11652569,15216,2021/8/1,195366.6087,20.47826087,"Single Family Residence, Residential",1961,2,3,5501.0,sqft,Natural Gas,Central Air,unknown,185000.0,15216,2021/8/1,229700.0,14.0,"Single Family Residence, Residential",1934,2,4,3598.0,sqft,"Forced Air, Natural Gas",Central Air,unknown,234950.0,,2.0,False,21.25984251968504,hard,-1,0,27,1903.0,p2_more,p1_much,hard_p2_more
11655127,11656108,15216,2021/8/1,278398.4545,24.90909091,"Single Family Residence, Residential",1905,4,4,3001.0,sqft,Natural Gas,"Window A/C, Wall Unit(s), Electric",unknown,220000.0,15216,2021/8/1,286199.3333,17.33333333,"Single Family Residence, Residential",1929,1,3,3001.0,sqft,Natural Gas,Central Air,unknown,275000.0,1.0,2.0,False,20.0,hard,1,3,-24,0.0,p1_slight,p2_newer,hard_p1_slight
11335461,11565973,15216,2021/9/1,227408.4746,14.6779661,"Single Family Residence, Residential",1940,2,4,7500.0,sqft,Natural Gas,Central Air,unknown,170000.0,15216,2021/9/1,244954.5,14.0,"Single Family Residence, Residential",1931,1,4,3781.0,sqft,"Forced Air, Natural Gas",Central Air,unknown,217000.0,1.0,2.0,False,21.658986175115206,hard,0,1,9,3719.0,equal,p1_slight,hard_equal
11335461,11570531,15216,2021/9/1,227408.4746,14.6779661,"Single Family Residence, Residential",1940,2,4,7500.0,sqft,Natural Gas,Central Air,unknown,170000.0,15216,2021/9/1,238729.2727,12.09090909,"Single Family Residence, Residential",1920,1,3,3301.0,sqft,"Forced Air, Natural Gas",Central Air,unknown,235000.0,1.0,2.0,False,27.659574468085108,medium,1,1,20,4199.0,p1_slight,p1_slight,medium_p1_slight
11445148,11570940,15216,2021/9/1,168688.2353,33.88235294,"Single Family Residence, Residential",1891,1,5,3001.0,sqft,"Forced Air, Natural Gas",Central Air,Open Parking,237000.0,15216,2021/9/1,159927.1186,16.44067797,"Single Family Residence, Residential",1965,2,3,3001.0,sqft,"Forced Air, Natural Gas",Central Air,Open Parking,158000.0,2.0,1.0,False,33.33333333333333,medium,2,-1,-74,0.0,p1_much,p2_newer,medium_p1_much
11335663,11653101,15216,2022/2/1,177575.0,13.5,"Single Family Residence, Residential",1955,2,2,8851.0,sqft,"Forced Air, Electric",Central Air,unknown,170000.0,15216,2022/2/1,190714.7059,18.50735294,"Single Family Residence, Residential",1930,1,3,3007.0,sqft,"Forced Air, Natural Gas",Central Air,unknown,238500.0,1.0,2.0,False,28.721174004192875,medium,-1,1,25,5844.0,p2_more,p1_much,medium_p2_more
11335632,11565986,15216,2022/4/1,231815.0,11.8,"Single Family Residence, Residential",1951,2,3,7627.0,sqft,Natural Gas,Central Air,unknown,240000.0,15216,2022/4/1,256292.8571,16.28571429,"Single Family Residence, Residential",1927,1,4,5227.0,sqft,"Hot Water, Natural Gas",Wall Unit(s),unknown,302000.0,1.0,2.0,False,20.52980132450331,hard,-1,1,24,2400.0,p2_more,p1_much,hard_p2_more
11335632,11656869,15216,2022/4/1,231815.0,11.8,"Single Family Residence, Residential",1951,2,3,7627.0,sqft,Natural Gas,Central Air,unknown,240000.0,15216,2022/4/1,252064.0,11.44,"Single Family Residence, Residential",1930,2,3,3049.0,sqft,"Forced Air, Natural Gas",Central Air,unknown,292000.0,1.0,2.0,False,17.80821917808219,hard,0,0,21,4578.0,equal,p1_much,hard_equal
11335944,11453406,15216,2022/4/1,187540.0,20.4,"Single Family Residence, Residential",1960,3,4,2299.0,sqft,Natural Gas,Electric,unknown,227000.0,15216,2022/4/1,162864.1026,25.92307692,"Single Family Residence, Residential",1961,2,3,10410.0,sqft,"Forced Air, Natural Gas",Central Air,unknown,164888.0,2.0,1.0,False,27.36211453744493,medium,1,1,-1,-8111.0,p1_slight,similar,medium_p1_slight
11445029,11655784,15216,2022/4/1,178526.9231,19.30769231,"Single Family Residence, Residential",1910,2,3,3001.0,sqft,"Forced Air, Natural Gas","Central Air, Electric",unknown,175000.0,15216,2022/4/1,193500.0,19.43589744,"Single Family Residence, Residential",1927,1,3,3519.0,sqft,"Forced Air, Natural Gas","Central Air, Electric",unknown,221300.0,1.0,2.0,False,20.921825576140986,hard,0,1,-17,-518.0,equal,similar,hard_equal
11445522,11453406,15216,2022/4/1,173702.5641,31.23076923,"Single Family Residence, Residential",1920,3,3,3001.0,sqft,"Forced Air, Natural Gas",Central Air,unknown,265000.0,15216,2022/4/1,162864.1026,25.92307692,"Single Family Residence, Residential",1961,2,3,10410.0,sqft,"Forced Air, Natural Gas",Central Air,unknown,164888.0,2.0,1.0,False,37.77811320754717,medium,0,1,-41,-7409.0,equal,p2_newer,medium_equal
11445522,11570817,15216,2022/4/1,173702.5641,31.23076923,"Single Family Residence, Residential",1920,3,3,3001.0,sqft,"Forced Air, Natural Gas",Central Air,unknown,265000.0,15216,2022/4/1,168900.0,30.57142857,"Single Family Residence, Residential",1962,2,3,5000.0,sqft,"Forced Air, Natural Gas","Central Air, Electric",unknown,206000.0,2.0,1.0,False,22.264150943396228,hard,0,1,-42,-1999.0,equal,p2_newer,hard_equal
11655133,11655784,15216,2022/4/1,174105.8824,27.55147059,"Single Family Residence, Residential",1920,2,3,3001.0,sqft,Natural Gas,Central Air,unknown,180000.0,15216,2022/4/1,193500.0,19.43589744,"Single Family Residence, Residential",1927,1,3,3519.0,sqft,"Forced Air, Natural Gas","Central Air, Electric",unknown,221300.0,1.0,2.0,False,18.66244916403073,hard,0,1,-7,-518.0,equal,similar,hard_equal
11658337,11658994,15216,2022/4/1,295533.0882,14.22794118,"Single Family Residence, Residential",1935,1,3,5998.0,sqft,"Forced Air, Natural Gas",Central Air,unknown,280000.0,15216,2022/4/1,325079.4872,18.25641026,"Single Family Residence, Residential",1927,2,3,6250.0,sqft,"Hot Water, Natural Gas",Window A/C,unknown,383000.0,1.0,2.0,False,26.89295039164491,medium,0,-1,8,-252.0,equal,p1_slight,medium_equal
11335563,11656682,15216,2022/5/1,239102.5,21.55,"Single Family Residence, Residential",1870,2,3,0.29,Acres,"Forced Air, Natural Gas","Central Air, Electric",unknown,270000.0,15216,2022/5/1,287169.2308,16.07692308,"Single Family Residence, Residential",1920,2,4,4399.0,sqft,"Forced Air, Natural Gas",Central Air,unknown,339000.0,,2.0,False,20.353982300884958,hard,-1,0,-50,-4398.71,p2_more,p2_newer,hard_p2_more
11570591,11571690,15216,2022/5/1,261007.6923,12.0,"Single Family Residence, Residential",1953,2,3,9199.0,sqft,"Forced Air, Natural Gas","Central Air, Electric",unknown,276317.0,15216,2022/5/1,297507.6923,16.61538462,"Single Family Residence, Residential",1915,2,5,4800.0,sqft,"Hot Water, Natural Gas",Window A/C,unknown,353423.0,1.0,2.0,False,21.81691627313446,hard,-2,0,38,4399.0,p2_more,p1_much,hard_p2_more
11570591,11656682,15216,2022/5/1,261007.6923,12.0,"Single Family Residence, Residential",1953,2,3,9199.0,sqft,"Forced Air, Natural Gas","Central Air, Electric",unknown,276317.0,15216,2022/5/1,287169.2308,16.07692308,"Single Family Residence, Residential",1920,2,4,4399.0,sqft,"Forced Air, Natural Gas",Central Air,unknown,339000.0,1.0,2.0,False,18.4905604719764,hard,-1,0,33,4800.0,p2_more,p1_much,hard_p2_more
11571078,11574140,15216,2022/5/1,411838.4615,11.53846154,"Single Family Residence, Residential",1960,3,3,10484.0,sqft,"Forced Air, Natural Gas",Central Air,unknown,526200.0,15216,2022/5/1,466453.8462,18.30769231,"Single Family Residence, Residential",1969,3,4,9748.0,sqft,"Forced Air, Natural Gas",Electric,unknown,351500.0,,1.0,False,33.20030406689472,medium,-1,0,-9,736.0,p2_more,similar,medium_p2_more
11574140,11658628,15216,2022/5/1,466453.8462,18.30769231,"Single Family Residence, Residential",1969,3,4,9748.0,sqft,"Forced Air, Natural Gas",Electric,unknown,351500.0,15216,2022/5/1,469974.359,13.69230769,"Single Family Residence, Residential",1926,3,4,6695.0,sqft,"Forced Air, Natural Gas",Central Air,unknown,517000.0,1.0,2.0,False,32.011605415860735,medium,0,0,43,3053.0,equal,p1_much,medium_equal
11656261,11656809,15216,2022/5/1,158425.9259,21.87654321,"Single Family Residence, Residential",1940,1,2,0.25,Acres,"Forced Air, Natural Gas",Central Air,Off Street,172500.0,15216,2022/5/1,195053.8462,26.41025641,"Single Family Residence, Residential",1925,1,3,3301.0,sqft,"Forced Air, Natural Gas",Central Air,Garage,249900.0,1.0,2.0,False,30.972388955582232,medium,-1,0,15,-3300.75,p2_more,p1_slight,medium_p2_more
11445398,11656263,15216,2022/6/1,162266.6667,23.33333333,"Single Family Residence, Residential",1917,2,3,0.25,Acres,"Forced Air, Natural Gas",Central Air,unknown,148500.0,15216,2022/6/1,198084.6154,23.07692308,"Single Family Residence, Residential",1966,2,4,3267.0,sqft,Natural Gas,Central Air,unknown,252000.0,1.0,2.0,False,41.07142857142857,easy,-1,0,-49,-3266.75,p2_more,p2_newer,easy_p2_more
11571692,11656136,15216,2022/7/1,266796.3902,25.51219512,"Single Family Residence, Residential",1920,3,4,5828.0,sqft,"Forced Air, Natural Gas",Central Air,unknown,263000.0,15216,2022/7/1,302907.6923,31.46153846,"Single Family Residence, Residential",1920,4,4,3025.0,sqft,"Hot Water, Natural Gas",Window A/C,unknown,325000.0,1.0,2.0,False,19.076923076923077,hard,0,-1,0,2803.0,equal,similar,hard_equal
11655094,11656136,15216,2022/7/1,248246.1538,19.84615385,"Single Family Residence, Residential",1920,2,4,3001.0,sqft,"Forced Air, Natural Gas",Central Air,unknown,255000.0,15216,2022/7/1,302907.6923,31.46153846,"Single Family Residence, Residential",1920,4,4,3025.0,sqft,"Hot Water, Natural Gas",Window A/C,unknown,325000.0,1.0,2.0,False,21.53846153846154,hard,0,-2,0,-24.0,equal,similar,hard_equal
11539828,11544778,15217,2019/10/1,153471.75,26.45,"Single Family Residence, Residential",1950,1,3,3598.0,sqft,Natural Gas,Central Air,Open Parking,107000.0,15217,2019/10/1,154012.8333,25.16666667,Townhouse,1954,1,2,2408.0,sqft,Other,Central,Garage - Attached,157217.0,1.0,2.0,False,31.941202287284455,medium,1,0,-4,1190.0,p1_slight,similar,medium_p1_slight
11631560,11636402,15217,2019/11/1,286302.0,23.0,SingleFamily,1935,3,3,1903.0,sqft,Other,unknown,unknown,365200.0,15217,2019/11/1,322443.0476,26.47619048,SingleFamily,1930,2,4,4508.0,sqft,Other,unknown,unknown,301000.0,2.0,1.0,False,17.579408543263966,hard,-1,1,5,-2605.0,p2_more,p1_slight,hard_p2_more
11630897,11635203,15217,2019/12/1,641794.7143,15.14285714,SingleFamily,1948,4,3,7000.0,sqft,Other,Central,Garage - Attached,630000.0,15217,2019/12/1,557832.1429,18.14285714,SingleFamily,1930,4,3,0.27,Acres,Radiant,Central,"Off-street, Garage - Detached",394000.0,2.0,1.0,False,37.46031746031746,medium,0,0,18,6999.73,equal,p1_slight,medium_equal
11635088,11635829,15217,2019/12/1,375252.4762,17.85714286,SingleFamily,1908,5,5,2901.0,sqft,Other,unknown,unknown,615000.0,15217,2019/12/1,349153.2857,30.42857143,SingleFamily,1922,4,4,6838.0,sqft,"Other, Gas",unknown,unknown,440000.0,2.0,1.0,False,28.455284552845526,medium,1,1,-14,-3937.0,p1_slight,similar,medium_p1_slight
11629847,11631339,15217,2020/10/1,626592.2667,24.0,"Single Family Residence, Residential",1925,2,5,6751.0,sqft,"Forced Air, Natural Gas","Central Air, Wall Unit(s)",unknown,530000.0,15217,2020/10/1,523636.0,24.0,"Single Family Residence, Residential",1951,3,3,7450.0,sqft,"Forced Air, Natural Gas",Central Air,unknown,670000.0,1.0,2.0,False,20.8955223880597,hard,2,-1,-26,-699.0,p1_much,p2_newer,hard_p1_much
11534057,11629989,15217,2020/11/1,844196.0,14.4,"Townhouse, Residential",1982,4,3,2550.0,sqft,"Forced Air, Electric","Central Air, Electric",unknown,880000.0,15217,2020/11/1,852117.3333,15.66666667,"Single Family Residence, Residential",1965,4,5,8000.0,sqft,"Forced Air, Natural Gas",Central Air,unknown,720000.0,2.0,1.0,False,18.181818181818183,hard,-2,0,17,-5450.0,p2_more,p1_slight,hard_p2_more
11631114,87991673,15217,2020/12/1,1064783.909,26.45454545,"Single Family Residence, Residential",1900,6,6,0.26,Acres,"Hot Water, Natural Gas",Central Air,unknown,928683.0,15217,2020/12/1,973557.0,11.53846154,"Single Family Residence, Residential",2005,6,5,7553.0,sqft,"Forced Air, Natural Gas",Central Air,unknown,1120000.0,1.0,2.0,False,17.081875,hard,1,0,-105,-7552.74,p1_slight,p2_newer,hard_p1_slight
11636362,11639549,15217,2020/12/1,291707.75,12.75,"Single Family Residence, Residential",1926,1,4,3828.0,sqft,"Forced Air, Natural Gas",Central Air,unknown,305000.0,15217,2020/12/1,254680.0,23.0,"Single Family Residence, Residential",1930,2,3,6268.0,sqft,"Forced Air, Natural Gas",Window A/C,unknown,185000.0,2.0,1.0,False,39.34426229508197,medium,1,-1,-4,-2440.0,p1_slight,similar,medium_p1_slight
11639252,11640227,15217,2020/2/1,180077.9048,48.19047619,SingleFamily,1900,2,2,1799.0,sqft,"Radiant, Gas",Other,unknown,170000.0,15217,2020/2/1,120448.5263,36.94736842,SingleFamily,1950,2,2,4024.0,sqft,Forced air,Other,unknown,139600.0,2.0,1.0,False,17.88235294117647,hard,0,0,-50,-2225.0,equal,p2_newer,hard_equal
11540561,11635710,15217,2020/3/1,165370.7273,23.81818182,Townhouse,1920,2,4,1598.0,sqft,"Other, Forced air, Baseboard",unknown,unknown,148000.0,15217,2020/3/1,158462.5556,20.55555556,Townhouse,1928,1,3,2204.0,sqft,Other,unknown,unknown,179000.0,1.0,2.0,False,17.318435754189945,hard,1,1,-8,-606.0,p1_slight,similar,hard_p1_slight
11289832,11631381,15217,2020/5/1,615528.5,15.0,SingleFamily,1965,4,3,7980.0,sqft,"Other, Forced air, Gas",Central,unknown,473450.0,15217,2020/5/1,669800.0,22.5,SingleFamily,1925,4,4,4625.0,sqft,Other,Central,unknown,712000.0,1.0,2.0,False,33.50421348314607,medium,-1,0,40,3355.0,p2_more,p1_much,medium_p2_more
11544809,11640085,15217,2020/6/1,245506.0,15.38461538,SingleFamily,1957,2,3,0.25,Acres,"Forced air, Gas",Central,unknown,244500.0,15217,2020/6/1,281979.3333,18.16666667,SingleFamily,1927,3,3,6098.0,sqft,"Radiant, Gas",Wall,unknown,298600.0,1.0,2.0,False,18.1178834561286,hard,0,-1,30,-6097.75,equal,p1_much,hard_equal
11635380,81843626,15217,2020/6/1,295311.625,26.875,SingleFamily,1920,2,3,2269.0,sqft,"Other, Gas",Other,unknown,245000.0,15217,2020/6/1,258202.2222,19.22222222,SingleFamily,1950,2,2,1402.0,sqft,Other,Central,unknown,203000.0,2.0,1.0,False,17.142857142857142,hard,1,0,-30,867.0,p1_slight,p2_newer,hard_p1_slight
11289764,11630004,15217,2020/7/1,492062.0,31.0,SingleFamily,1920,5,5,7139.0,sqft,Other,unknown,unknown,260000.0,15217,2020/7/1,471785.3636,29.90909091,SingleFamily,1913,2,5,10576.0,sqft,"Other, Gas",unknown,unknown,395000.0,1.0,2.0,False,34.177215189873415,medium,0,3,7,-3437.0,equal,p1_slight,medium_equal
11289764,11630572,15217,2020/7/1,492062.0,31.0,SingleFamily,1920,5,5,7139.0,sqft,Other,unknown,unknown,260000.0,15217,2020/7/1,414848.7,29.0,SingleFamily,1920,2,3,3400.0,sqft,Heat pump,unknown,unknown,375000.0,1.0,2.0,False,30.666666666666664,medium,2,3,0,3739.0,p1_much,similar,medium_p1_much
11529781,11629416,15217,2020/7/1,713671.3333,19.16666667,SingleFamily,1937,4,4,3794.0,sqft,"Other, Gas",Central,unknown,675000.0,15217,2020/7/1,609958.625,20.375,SingleFamily,1900,3,5,4353.0,sqft,"Forced air, Gas",Central,unknown,523500.0,2.0,1.0,False,22.444444444444443,hard,-1,1,37,-559.0,p2_more,p1_much,hard_p2_more
11544838,11636090,15217,2020/7/1,191168.1,22.35,SingleFamily,1951,2,2,1132.0,sqft,Other,Central,unknown,178000.0,15217,2020/7/1,214172.8,16.8,Townhouse,1930,2,3,2191.0,sqft,Forced air,Other,unknown,229000.0,1.0,2.0,False,22.270742358078603,hard,-1,0,21,-1059.0,p2_more,p1_much,hard_p2_more
11630004,11631584,15217,2020/7/1,471785.3636,29.90909091,SingleFamily,1913,2,5,10576.0,sqft,"Other, Gas",unknown,unknown,395000.0,15217,2020/7/1,555675.4,21.2,SingleFamily,1890,3,5,4800.0,sqft,Other,unknown,unknown,585000.0,1.0,2.0,False,32.47863247863248,medium,0,-1,23,5776.0,equal,p1_much,medium_equal
11289394,11631320,15217,2020/8/1,622294.5455,23.0,SingleFamily,1933,5,5,4800.0,sqft,Radiant,Central,unknown,738000.0,15217,2020/8/1,523549.2,23.8,"Single Family Residence, Residential",1885,5,6,8712.0,sqft,Natural Gas,"Central Air, Electric",unknown,425000.0,2.0,1.0,False,42.41192411924119,easy,-1,0,48,-3912.0,p2_more,p1_much,easy_p2_more
11289807,11631320,15217,2020/8/1,478883.0,28.33333333,"Single Family Residence, Residential",1948,4,3,5445.0,sqft,"Forced Air, Natural Gas",Central Air,unknown,557500.0,15217,2020/8/1,523549.2,23.8,"Single Family Residence, Residential",1885,5,6,8712.0,sqft,Natural Gas,"Central Air, Electric",unknown,425000.0,2.0,1.0,False,23.766816143497756,hard,-3,-1,63,-3267.0,p2_more,p1_much,hard_p2_more
11630695,11631320,15217,2020/8/1,605659.5,20.0,"Single Family Residence, Residential",1913,4,5,6952.0,sqft,"Hot Water, Natural Gas",Central Air,unknown,665000.0,15217,2020/8/1,523549.2,23.8,"Single Family Residence, Residential",1885,5,6,8712.0,sqft,Natural Gas,"Central Air, Electric",unknown,425000.0,2.0,1.0,False,36.09022556390977,medium,-1,-1,28,-1760.0,p2_more,p1_much,medium_p2_more
11631320,11635167,15217,2020/8/1,523549.2,23.8,"Single Family Residence, Residential",1885,5,6,8712.0,sqft,Natural Gas,"Central Air, Electric",unknown,425000.0,15217,2020/8/1,527577.6667,16.0,SingleFamily,1922,5,5,5719.0,sqft,"Radiant, Gas",Wall,unknown,538500.0,1.0,2.0,False,21.07706592386258,hard,1,0,-37,2993.0,p1_slight,p2_newer,hard_p1_slight
11635556,11636209,15217,2020/9/1,248749.0,24.0,"Single Family Residence, Residential",1923,2,3,1999.0,sqft,"Hot Water, Natural Gas",Window A/C,unknown,247500.0,15217,2020/9/1,191939.7273,35.54545455,"Single Family Residence, Residential",1906,3,4,2800.0,sqft,"Forced Air, Natural Gas","Central Air, Electric",unknown,150000.0,2.0,1.0,False,39.39393939393939,medium,-1,-1,17,-801.0,p2_more,p1_slight,medium_p2_more
11636209,11639449,15217,2020/9/1,191939.7273,35.54545455,"Single Family Residence, Residential",1906,3,4,2800.0,sqft,"Forced Air, Natural Gas","Central Air, Electric",unknown,150000.0,15217,2020/9/1,241779.9091,21.72727273,"Single Family Residence, Residential",1916,2,3,2178.0,sqft,"Radiant, Natural Gas",Wall Unit(s),unknown,244900.0,1.0,2.0,False,38.75051041241323,medium,1,1,-10,622.0,p1_slight,similar,medium_p1_slight
11289752,11635507,15217,2021/1/1,297470.4,28.0,"Single Family Residence, Townhouse, Residential",1930,3,3,2511.0,sqft,"Hot Water, Natural Gas",Window A/C,unknown,255000.0,15217,2021/1/1,333366.0,13.5,"Single Family Residence, Residential",1924,2,3,2840.0,sqft,"Radiant, Natural Gas",Other,unknown,351000.0,1.0,2.0,False,27.350427350427353,medium,0,1,6,-329.0,equal,p1_slight,medium_equal
11635328,11635835,15217,2021/10/1,403716.6667,24.5,SingleFamily,1926,1,3,6838.0,sqft,Other,Other,Off-street,430000.0,15217,2021/10/1,379500.0,14.16666667,"Single Family Residence, Residential",1930,2,4,2286.0,sqft,"Hot Water, Natural Gas",Window A/C,Open Parking,297000.0,2.0,1.0,False,30.930232558139537,medium,-1,-1,-4,4552.0,p2_more,similar,medium_p2_more
11289779,11540392,15217,2021/11/1,295395.0,28.01666667,"Single Family Residence, Residential",1933,1,3,6242.0,sqft,"Hot Water, Natural Gas",Window A/C,unknown,170000.0,15217,2021/11/1,239839.3939,18.36363636,"Single Family Residence, Residential",1925,1,3,2500.0,sqft,"Hot Water, Natural Gas",Central Air,unknown,250000.0,1.0,2.0,False,32.0,medium,0,0,8,3742.0,equal,p1_slight,medium_equal
11289779,11636050,15217,2021/11/1,295395.0,28.01666667,"Single Family Residence, Residential",1933,1,3,6242.0,sqft,"Hot Water, Natural Gas",Window A/C,unknown,170000.0,15217,2021/11/1,297613.0,16.85714286,"Single Family Residence, Residential",1920,2,3,2375.0,sqft,"Forced Air, Natural Gas","Central Air, Electric",unknown,282888.0,1.0,2.0,False,39.90554565764543,medium,0,-1,13,3867.0,equal,p1_slight,medium_equal
11289779,11639307,15217,2021/11/1,295395.0,28.01666667,"Single Family Residence, Residential",1933,1,3,6242.0,sqft,"Hot Water, Natural Gas",Window A/C,unknown,170000.0,15217,2021/11/1,250904.7619,14.33333333,"Single Family Residence, Residential",1965,2,3,2500.0,sqft,"Forced Air, Natural Gas",Central Air,unknown,225000.0,1.0,2.0,False,24.444444444444443,hard,0,-1,-32,3742.0,equal,p2_newer,hard_equal
11289779,11639484,15217,2021/11/1,295395.0,28.01666667,"Single Family Residence, Residential",1933,1,3,6242.0,sqft,"Hot Water, Natural Gas",Window A/C,unknown,170000.0,15217,2021/11/1,280777.7778,14.74074074,"Townhouse, Residential",1975,2,3,1794.0,sqft,"Forced Air, Natural Gas",Central Air,unknown,289900.0,1.0,2.0,False,41.35908934115212,easy,0,-1,-42,4448.0,equal,p2_newer,easy_equal
11540392,11545124,15217,2021/11/1,239839.3939,18.36363636,"Single Family Residence, Residential",1925,1,3,2500.0,sqft,"Hot Water, Natural Gas",Central Air,unknown,250000.0,15217,2021/11/1,230242.4242,14.62121212,"Single Family Residence, Residential",1948,2,2,3894.0,sqft,"Forced Air, Natural Gas",Central Air,unknown,206000.0,2.0,1.0,False,17.599999999999998,hard,1,-1,-23,-1394.0,p1_slight,p2_newer,hard_p1_slight
11629412,11630620,15217,2021/11/1,612250.0,19.5,"Single Family Residence, Residential",1907,4,5,3118.0,sqft,"Forced Air, Natural Gas",Central Air,unknown,635000.0,15217,2021/11/1,604324.6957,18.60869565,"Single Family Residence, Residential",1959,3,4,4765.0,sqft,Natural Gas,Central Air,unknown,492500.0,2.0,1.0,False,22.440944881889763,hard,1,1,-52,-1647.0,p1_slight,p2_newer,hard_p1_slight
11639307,11639484,15217,2021/11/1,250904.7619,14.33333333,"Single Family Residence, Residential",1965,2,3,2500.0,sqft,"Forced Air, Natural Gas",Central Air,unknown,225000.0,15217,2021/11/1,280777.7778,14.74074074,"Townhouse, Residential",1975,2,3,1794.0,sqft,"Forced Air, Natural Gas",Central Air,unknown,289900.0,1.0,2.0,False,22.387030010348397,hard,0,0,-10,706.0,equal,similar,hard_equal
11529610,11639555,15217,2021/3/1,478778.5385,19.69230769,"Single Family Residence, Residential",1920,3,4,6080.0,sqft,"Forced Air, Natural Gas",Central Air,unknown,472750.0,15217,2021/3/1,469287.0,30.6,"Single Family Residence, Residential",1923,2,6,4656.0,sqft,"Radiant, Natural Gas",Window A/C,unknown,300000.0,2.0,1.0,False,36.541512427287145,medium,-2,1,-3,1424.0,p2_more,similar,medium_p2_more
11629159,11639555,15217,2021/3/1,584153.6,16.9,"Single Family Residence, Residential",1966,2,3,1927.0,sqft,"Forced Air, Natural Gas",Central Air,unknown,595000.0,15217,2021/3/1,469287.0,30.6,"Single Family Residence, Residential",1923,2,6,4656.0,sqft,"Radiant, Natural Gas",Window A/C,unknown,300000.0,2.0,1.0,False,49.57983193277311,easy,-3,0,43,-2729.0,p2_more,p1_much,easy_p2_more
11631669,11636601,15217,2021/5/1,433999.3636,14.72727273,"Townhouse, Residential",1966,3,3,746.4,sqft,"Forced Air, Natural Gas",Central Air,unknown,605000.0,15217,2021/5/1,456767.4545,21.45454545,"Single Family Residence, Residential",1920,3,3,2925.0,sqft,"Forced Air, Natural Gas",Central Air,unknown,435000.0,2.0,1.0,False,28.09917355371901,medium,0,0,46,-2178.6,equal,p1_much,medium_equal
11289421,11289655,15217,2021/6/1,685362.8333,24.16666667,"Single Family Residence, Residential",1925,4,3,6364.0,sqft,"Forced Air, Natural Gas",Central Air,unknown,725000.0,15217,2021/6/1,598130.7619,23.76190476,"Single Family Residence, Residential",1925,3,5,3497.0,sqft,"Hot Water, Natural Gas",Central Air,unknown,540000.0,,1.0,False,25.517241379310345,medium,-2,1,0,2867.0,p2_more,similar,medium_p2_more
11289655,11631488,15217,2021/6/1,598130.7619,23.76190476,"Single Family Residence, Residential",1925,3,5,3497.0,sqft,"Hot Water, Natural Gas",Central Air,unknown,540000.0,15217,2021/6/1,631430.0,26.0,"Single Family Residence, Residential",1905,4,5,7000.0,sqft,"Hot Water, Natural Gas","Other, Wall Unit(s)",unknown,700000.0,1.0,2.0,False,22.857142857142858,hard,0,-1,20,-3503.0,equal,p1_slight,hard_equal
11540390,11635924,15217,2021/6/1,257194.3333,17.33333333,"Single Family Residence, Residential",1930,1,3,5549.0,sqft,"Forced Air, Natural Gas",Central Air,unknown,280000.0,15217,2021/6/1,285355.8182,23.0,"Single Family Residence, Residential",1920,2,3,4125.0,sqft,"Hot Water, Natural Gas",Window A/C,unknown,475000.0,1.0,2.0,False,41.05263157894737,easy,0,-1,10,1424.0,equal,p1_slight,easy_equal
11288277,11635837,15217,2021/7/1,292435.2381,12.28571429,"Single Family Residence, Residential",1919,1,3,2513.0,sqft,"Forced Air, Natural Gas",Central Air,unknown,277000.0,15217,2021/7/1,349111.4,22.2,"Single Family Residence, Residential",1930,3,3,1725.0,sqft,"Hot Water, Natural Gas",Window A/C,unknown,360000.0,1.0,2.0,False,23.055555555555557,hard,0,-2,-11,788.0,equal,similar,hard_equal
11533897,11632209,15217,2021/7/1,882072.0,23.09090909,SingleFamily,1910,5,6,7500.0,sqft,Other,Central,unknown,759000.0,15217,2021/7/1,848644.7273,13.27272727,"Single Family Residence, Residential",1929,3,4,9600.0,sqft,"Forced Air, Natural Gas",Central Air,unknown,977236.0,1.0,2.0,False,22.33196484779521,hard,2,2,-19,-2100.0,p1_much,similar,hard_p1_much
11534009,11636664,15217,2021/7/1,631164.9545,19.45454545,"Single Family Residence, Residential",1932,4,2,6075.0,sqft,"Hot Water, Natural Gas","Other, Central Air",unknown,664900.0,15217,2021/7/1,533222.0909,15.18181818,"Single Family Residence, Residential",1924,3,4,5040.0,sqft,"Hot Water, Natural Gas",Wall Unit(s),unknown,525000.0,2.0,1.0,False,21.040758008723117,hard,-2,1,8,1035.0,p2_more,p1_slight,hard_p2_more
11635837,11636182,15217,2021/7/1,349111.4,22.2,"Single Family Residence, Residential",1930,3,3,1725.0,sqft,"Hot Water, Natural Gas",Window A/C,unknown,360000.0,15217,2021/7/1,295333.913,21.2173913,"Single Family Residence, Residential",1913,2,4,4639.0,sqft,"Forced Air, Natural Gas",Central Air,unknown,230000.0,2.0,1.0,False,36.11111111111111,medium,-1,1,17,-2914.0,p2_more,p1_slight,medium_p2_more
11635837,11636600,15217,2021/7/1,349111.4,22.2,"Single Family Residence, Residential",1930,3,3,1725.0,sqft,"Hot Water, Natural Gas",Window A/C,unknown,360000.0,15217,2021/7/1,289643.7143,24.57142857,"Single Family Residence, Residential",1920,1,2,2910.0,sqft,"Forced Air, Natural Gas",Central Air,unknown,236000.0,,1.0,False,34.44444444444444,medium,1,2,10,-1185.0,p1_slight,p1_slight,medium_p1_slight
11289255,11636398,15217,2021/8/1,447427.3684,16.73684211,"Single Family Residence, Residential",1925,2,4,2739.0,sqft,"Hot Water, Natural Gas",Window A/C,unknown,446500.0,15217,2021/8/1,404421.2857,16.19047619,"Single Family Residence, Residential",1933,3,3,4360.0,sqft,"Hot Water, Natural Gas",Wall Unit(s),unknown,346000.0,2.0,1.0,False,22.508398656215007,hard,1,-1,-8,-1621.0,p1_slight,similar,hard_p1_slight
11289255,11640177,15217,2021/8/1,447427.3684,16.73684211,"Single Family Residence, Residential",1925,2,4,2739.0,sqft,"Hot Water, Natural Gas",Window A/C,unknown,446500.0,15217,2021/8/1,378766.0,22.0,"Single Family Residence, Residential",1952,2,3,6930.0,sqft,"Forced Air, Natural Gas",Central Air,unknown,346900.0,2.0,1.0,False,22.306830907054874,hard,1,0,-27,-4191.0,p1_slight,p2_newer,hard_p1_slight
11289494,11289939,15217,2021/8/1,765410.0,20.8,"Single Family Residence, Residential",1900,4,5,6500.0,sqft,"Forced Air, Natural Gas",Central Air,unknown,763125.0,15217,2021/8/1,734152.9524,22.66666667,"Single Family Residence, Residential",1992,4,4,4238.0,sqft,"Forced Air, Natural Gas",Central Air,unknown,570000.0,2.0,1.0,False,25.307125307125304,medium,1,0,-92,2262.0,p1_slight,p2_newer,medium_p1_slight
11289494,11635168,15217,2021/8/1,765410.0,20.8,"Single Family Residence, Residential",1900,4,5,6500.0,sqft,"Forced Air, Natural Gas",Central Air,unknown,763125.0,15217,2021/8/1,644481.2174,13.69565217,"Single Family Residence, Residential",1922,4,6,5523.0,sqft,"Hot Water, Natural Gas","Window A/C, Central Air, Electric",unknown,625000.0,2.0,1.0,False,18.0999180999181,hard,-1,0,-22,977.0,p2_more,p2_newer,hard_p2_more
11529844,11632198,15217,2021/8/1,994893.75,24.0625,"Single Family Residence, Residential",1927,6,4,1.05,Acres,"Hot Water, Natural Gas",Central Air,unknown,1650000.0,15217,2021/8/1,1058934.25,19.0,"Single Family Residence, Residential",1925,6,6,0.53,Acres,"Hot Water, Natural Gas",Central Air,unknown,1280000.0,2.0,1.0,False,22.424242424242426,hard,-2,0,2,0.52,p2_more,p1_slight,hard_p2_more
11634923,11640177,15217,2021/8/1,441303.8095,15.71428571,"Single Family Residence, Residential",1926,3,3,3898.0,sqft,"Radiant, Natural Gas",Central Air,unknown,472500.0,15217,2021/8/1,378766.0,22.0,"Single Family Residence, Residential",1952,2,3,6930.0,sqft,"Forced Air, Natural Gas",Central Air,unknown,346900.0,2.0,1.0,False,26.582010582010586,medium,0,1,-26,-3032.0,equal,p2_newer,medium_equal
11636470,11640002,15217,2021/8/1,339733.3333,20.11111111,"Single Family Residence, Residential",1933,3,3,3977.0,sqft,"Hot Water, Natural Gas",Central Air,unknown,437000.0,15217,2021/8/1,284513.4286,16.0,"Single Family Residence, Residential",1952,2,3,5000.0,sqft,"Forced Air, Natural Gas",Central Air,unknown,281800.0,2.0,1.0,False,35.514874141876426,medium,0,1,-19,-1023.0,equal,similar,medium_equal
11636470,11640177,15217,2021/8/1,339733.3333,20.11111111,"Single Family Residence, Residential",1933,3,3,3977.0,sqft,"Hot Water, Natural Gas",Central Air,unknown,437000.0,15217,2021/8/1,378766.0,22.0,"Single Family Residence, Residential",1952,2,3,6930.0,sqft,"Forced Air, Natural Gas",Central Air,unknown,346900.0,2.0,1.0,False,20.617848970251718,hard,0,1,-19,-2953.0,equal,similar,hard_equal
11289853,11632273,15217,2021/9/1,332580.0,17.15,"Single Family Residence, Residential",1935,2,4,4360.0,sqft,"Hot Water, Natural Gas",Electric,unknown,250000.0,15217,2021/9/1,370304.8571,13.14285714,"Single Family Residence, Residential",1921,3,4,5292.0,sqft,"Hot Water, Natural Gas",Window A/C,unknown,350000.0,1.0,2.0,False,28.57142857142857,medium,0,-1,14,-932.0,equal,p1_slight,medium_equal
11631761,11635928,15217,2021/9/1,591767.7391,19.73913043,"Single Family Residence, Residential",1939,4,4,4329.0,sqft,"Hot Water, Natural Gas",Central Air,unknown,635000.0,15217,2021/9/1,509266.6667,17.66666667,"Single Family Residence, Residential",1925,3,4,6250.0,sqft,"Radiant, Natural Gas",Central Air,unknown,480000.0,2.0,1.0,False,24.409448818897637,hard,0,1,14,-1921.0,equal,p1_slight,hard_equal
11636044,11639820,15217,2021/9/1,295400.0,16.06666667,"Single Family Residence, Residential",1910,1,3,2980.0,sqft,"Forced Air, Natural Gas",Central Air,Open Parking,315000.0,15217,2021/9/1,276876.4348,12.91304348,"Single Family Residence, Residential",1911,2,5,1860.0,sqft,"Forced Air, Natural Gas",Window A/C,Open Parking,250000.0,2.0,1.0,False,20.634920634920633,hard,-2,-1,-1,1120.0,p2_more,similar,hard_p2_more
11639640,92380268,15217,2021/9/1,412611.5652,12.95652174,"Single Family Residence, Residential",1956,3,4,3419.0,sqft,"Forced Air, Natural Gas","Central Air, Electric",unknown,362000.0,15217,2021/9/1,494712.3333,30.66666667,"Single Family Residence, Residential",2008,3,2,3584.0,sqft,"Forced Air, Natural Gas",Central Air,unknown,590000.0,1.0,2.0,False,38.64406779661017,medium,2,0,-52,-165.0,p1_much,p2_newer,medium_p1_much
11635673,11640242,15217,2022/1/1,210866.6667,26.66666667,"Single Family Residence, Residential",1920,2,3,4482.0,sqft,"Hot Water, Natural Gas",Window A/C,unknown,175000.0,15217,2022/1/1,197834.75,29.75,"Single Family Residence, Residential",1930,1,3,6703.0,sqft,"Forced Air, Natural Gas",Central Air,unknown,145000.0,2.0,1.0,False,17.142857142857142,hard,0,1,-10,-2221.0,equal,similar,hard_equal
11288302,11635891,15217,2022/2/1,410483.3333,14.26086957,"Single Family Residence, Residential",1920,2,3,4399.0,sqft,Natural Gas,Central Air,unknown,427000.0,15217,2022/2/1,364314.0741,13.07407407,"Single Family Residence, Residential",1927,3,4,3825.0,sqft,"Hot Water, Natural Gas",Electric,unknown,330000.0,2.0,1.0,False,22.716627634660423,hard,-1,-1,-7,574.0,p2_more,similar,hard_p2_more
11534053,11629486,15217,2022/3/1,1171093.007,11.46853147,"Townhouse, Residential",1982,4,3,1955.0,sqft,"Forced Air, Electric",Central Air,unknown,1360000.0,15217,2022/3/1,1035337.037,20.42962963,"Single Family Residence, Residential",1906,4,5,6220.0,sqft,"Hot Water, Natural Gas","Central Air, Electric",unknown,999000.0,2.0,1.0,False,26.544117647058822,medium,-2,0,76,-4265.0,p2_more,p1_much,medium_p2_more
11634829,11635360,15217,2022/3/1,290220.0,12.0,"Townhouse, Residential",1920,1,3,2435.0,sqft,"Hot Water, Natural Gas",Central Air,unknown,251869.0,15217,2022/3/1,280125.0,11.96428571,"Single Family Residence, Residential",1920,1,2,2430.0,sqft,"Hot Water, Natural Gas",Window A/C,unknown,315000.0,1.0,2.0,False,20.041587301587303,hard,1,0,0,5.0,p1_slight,similar,hard_p1_slight
11534077,11629326,15217,2022/4/1,869463.6364,25.98051948,"Townhouse, Residential",1982,4,3,1542.0,sqft,"Heat Pump, Electric",Central Air,unknown,930000.0,15217,2022/4/1,736685.7143,18.48571429,"Single Family Residence, Residential",1925,4,5,4400.0,sqft,"Hot Water, Natural Gas",Central Air,unknown,750000.0,2.0,1.0,False,19.35483870967742,hard,-2,0,57,-2858.0,p2_more,p1_much,hard_p2_more
11635114,11636407,15217,2022/4/1,366305.1282,14.51282051,"Single Family Residence, Residential",1911,2,3,2870.0,sqft,"Forced Air, Natural Gas",Central Air,unknown,379900.0,15217,2022/4/1,322707.6923,17.33333333,"Single Family Residence, Residential",1925,2,3,4055.0,sqft,Natural Gas,Central Air,unknown,295000.0,2.0,1.0,False,22.347986312187416,hard,0,0,-14,-1185.0,equal,similar,hard_equal
11636624,11640241,15217,2022/4/1,190633.3333,54.55555556,"Single Family Residence, Residential",1925,1,3,4040.0,sqft,"Hot Water, Natural Gas",Window A/C,unknown,252000.0,15217,2022/4/1,175700.0,31.15384615,"Single Family Residence, Residential",1930,1,3,6.04,Acres,"Natural Gas, Baseboard",Window A/C,unknown,179900.0,2.0,1.0,False,28.61111111111111,medium,0,0,-5,4033.96,equal,similar,medium_equal
11288014,11534004,15217,2022/5/1,673584.058,19.71014493,"Single Family Residence, Residential",1930,4,4,3920.0,sqft,"Hot Water, Natural Gas",Central Air,unknown,630000.0,15217,2022/5/1,717100.0,25.25,"Townhouse, Residential",1982,4,3,1694.0,sqft,"Forced Air, Electric",Central Air,unknown,1050000.0,1.0,2.0,False,40.0,medium,1,0,-52,2226.0,p1_slight,p2_newer,medium_p1_slight
11288291,11534004,15217,2022/5/1,713384.6154,14.23076923,"Single Family Residence, Residential",1917,3,4,4356.0,sqft,"Hot Water, Natural Gas",Central Air,unknown,780000.0,15217,2022/5/1,717100.0,25.25,"Townhouse, Residential",1982,4,3,1694.0,sqft,"Forced Air, Electric",Central Air,unknown,1050000.0,1.0,2.0,False,25.71428571428571,medium,1,-1,-65,2662.0,p1_slight,p2_newer,medium_p1_slight
11534004,11634976,15217,2022/5/1,717100.0,25.25,"Townhouse, Residential",1982,4,3,1694.0,sqft,"Forced Air, Electric",Central Air,unknown,1050000.0,15217,2022/5/1,583750.0,18.25,"Single Family Residence, Residential",1900,3,6,5479.0,sqft,"Radiant, Natural Gas",Window A/C,unknown,700000.0,2.0,1.0,False,33.33333333333333,medium,-3,1,82,-3785.0,p2_more,p1_much,medium_p2_more
11288351,11289529,15217,2022/6/1,432762.1951,24.08536585,"Single Family Residence, Residential",1920,3,4,4800.0,sqft,"Radiant, Natural Gas",Central Air,unknown,613000.0,15217,2022/6/1,475681.8182,31.0,"Single Family Residence, Residential",1900,3,5,4791.0,sqft,"Hot Water, Natural Gas","Window A/C, Central Air",unknown,450000.0,2.0,1.0,False,26.590538336052198,medium,-1,0,20,9.0,p2_more,p1_slight,medium_p2_more
11288351,11545104,15217,2022/6/1,432762.1951,24.08536585,"Single Family Residence, Residential",1920,3,4,4800.0,sqft,"Radiant, Natural Gas",Central Air,unknown,613000.0,15217,2022/6/1,376829.4118,13.82352941,"Single Family Residence, Residential",1946,3,4,5479.0,sqft,"Forced Air, Natural Gas",Central Air,unknown,380112.0,2.0,1.0,False,37.991517128874385,medium,0,0,-26,-679.0,equal,p2_newer,medium_equal
11288373,11289529,15217,2022/6/1,498436.5854,22.97560976,"Single Family Residence, Residential",1920,3,5,3484.0,sqft,"Hot Water, Natural Gas",Wall Unit(s),unknown,650000.0,15217,2022/6/1,475681.8182,31.0,"Single Family Residence, Residential",1900,3,5,4791.0,sqft,"Hot Water, Natural Gas","Window A/C, Central Air",unknown,450000.0,2.0,1.0,False,30.76923076923077,medium,0,0,20,-1307.0,equal,p1_slight,medium_equal
11288373,11539875,15217,2022/6/1,498436.5854,22.97560976,"Single Family Residence, Residential",1920,3,5,3484.0,sqft,"Hot Water, Natural Gas",Wall Unit(s),unknown,650000.0,15217,2022/6/1,412636.5854,17.68292683,"Single Family Residence, Residential",1977,3,4,5353.0,sqft,Natural Gas,Central Air,unknown,523000.0,2.0,1.0,False,19.538461538461537,hard,1,0,-57,-1869.0,p1_slight,p2_newer,hard_p1_slight
11288373,11629481,15217,2022/6/1,498436.5854,22.97560976,"Single Family Residence, Residential",1920,3,5,3484.0,sqft,"Hot Water, Natural Gas",Wall Unit(s),unknown,650000.0,15217,2022/6/1,569938.4615,23.0,"Single Family Residence, Residential",1929,4,4,5488.0,sqft,"Hot Water, Natural Gas",Window A/C,unknown,515000.0,2.0,1.0,False,20.76923076923077,hard,1,-1,-9,-2004.0,p1_slight,similar,hard_p1_slight
11288382,11289854,15217,2022/6/1,352325.641,11.15384615,"Single Family Residence, Residential",1910,3,4,1472.0,sqft,"Forced Air, Natural Gas",Central Air,unknown,315000.0,15217,2022/6/1,389003.7975,14.74683544,"Single Family Residence, Residential",1930,2,3,4290.0,sqft,"Hot Water, Natural Gas",Wall Unit(s),unknown,400000.0,1.0,2.0,False,21.25,hard,1,1,-20,-2818.0,p1_slight,p2_newer,hard_p1_slight
11529592,11629427,15217,2022/6/1,1084107.692,18.07692308,"Single Family Residence, Residential",1970,4,3,9247.0,sqft,"Forced Air, Natural Gas",Electric,unknown,1300000.0,15217,2022/6/1,1033067.125,22.5,"Single Family Residence, Residential",1928,4,4,6098.0,sqft,"Hot Water, Natural Gas",Central Air,unknown,1000000.0,,1.0,False,23.076923076923077,hard,-1,0,42,3149.0,p2_more,p1_much,hard_p2_more
11529818,121888237,15217,2022/6/1,649111.1111,19.44444444,"Single Family Residence, Residential",1930,4,4,5575.0,sqft,"Forced Air, Natural Gas",Central Air,unknown,642250.0,15217,2022/6/1,697222.5,13.25,"Townhouse, Residential",2013,4,3,4329.0,sqft,"Forced Air, Natural Gas","Central Air, Electric",unknown,778000.0,1.0,2.0,False,17.448586118251928,hard,1,0,-83,1246.0,p1_slight,p2_newer,hard_p1_slight
11539845,11636310,15217,2022/6/1,225697.6471,24.68235294,"Single Family Residence, Residential",1958,2,3,4920.0,sqft,"Forced Air, Natural Gas",Central Air,unknown,250000.0,15217,2022/6/1,259294.8718,23.51282051,"Single Family Residence, Residential",1953,2,3,2966.0,sqft,"Natural Gas, Heat Pump",Electric,unknown,300000.0,1.0,2.0,False,16.666666666666664,hard,0,0,5,1954.0,equal,p1_slight,hard_equal
11539875,11545104,15217,2022/6/1,412636.5854,17.68292683,"Single Family Residence, Residential",1977,3,4,5353.0,sqft,Natural Gas,Central Air,unknown,523000.0,15217,2022/6/1,376829.4118,13.82352941,"Single Family Residence, Residential",1946,3,4,5479.0,sqft,"Forced Air, Natural Gas",Central Air,unknown,380112.0,2.0,1.0,False,27.320841300191205,medium,0,0,31,-126.0,equal,p1_much,medium_equal
11539890,11545353,15217,2022/6/1,262356.4706,13.35294118,"Single Family Residence, Residential",1950,2,2,5039.0,sqft,"Forced Air, Natural Gas","Central Air, Electric",unknown,252500.0,15217,2022/6/1,295069.4118,18.15294118,"Single Family Residence, Residential",1920,2,3,2178.0,sqft,"Hot Water, Natural Gas",Window A/C,unknown,340000.0,1.0,2.0,False,25.735294117647058,medium,-1,0,30,2861.0,p2_more,p1_much,medium_p2_more
11539890,11639442,15217,2022/6/1,262356.4706,13.35294118,"Single Family Residence, Residential",1950,2,2,5039.0,sqft,"Forced Air, Natural Gas","Central Air, Electric",unknown,252500.0,15217,2022/6/1,269069.1358,14.75308642,"Single Family Residence, Residential",1915,2,3,2430.0,sqft,"Hot Water, Natural Gas",Window A/C,unknown,310000.0,1.0,2.0,False,18.548387096774192,hard,-1,0,35,2609.0,p2_more,p1_much,hard_p2_more
11629427,11629992,15217,2022/6/1,1033067.125,22.5,"Single Family Residence, Residential",1928,4,4,6098.0,sqft,"Hot Water, Natural Gas",Central Air,unknown,1000000.0,15217,2022/6/1,859717.7778,27.20740741,"Single Family Residence, Residential",1909,3,6,7500.0,sqft,"Hot Water, Natural Gas",Central Air,unknown,757683.0,2.0,1.0,False,24.2317,hard,-2,1,19,-1402.0,p2_more,p1_slight,hard_p2_more
11629457,11629992,15217,2022/6/1,1042590.0,23.85,"Single Family Residence, Residential",1897,4,4,6751.0,sqft,"Forced Air, Natural Gas",Electric,unknown,995000.0,15217,2022/6/1,859717.7778,27.20740741,"Single Family Residence, Residential",1909,3,6,7500.0,sqft,"Hot Water, Natural Gas",Central Air,unknown,757683.0,2.0,1.0,False,23.850954773869347,hard,-2,1,-12,-749.0,p2_more,similar,hard_p2_more
11629992,67344762,15217,2022/6/1,859717.7778,27.20740741,"Single Family Residence, Residential",1909,3,6,7500.0,sqft,"Hot Water, Natural Gas",Central Air,unknown,757683.0,15217,2022/6/1,1025001.205,17.6626506,"Townhouse, Residential",2004,5,5,3049.0,sqft,"Forced Air, Natural Gas",Central Air,unknown,1000000.0,1.0,2.0,False,24.2317,hard,1,-2,-95,4451.0,p1_slight,p2_newer,hard_p1_slight
11344618,11344918,15218,2019/10/1,153261.0952,22.57142857,SingleFamily,1920,2,3,4356.0,sqft,"Radiant, Gas",Wall,unknown,105000.0,15218,2019/10/1,183038.2941,17.88235294,SingleFamily,1910,5,5,5174.0,sqft,"Other, Forced air, None",Central,unknown,295000.0,1.0,2.0,False,64.40677966101694,easy,-2,-3,10,-818.0,p2_more,p1_slight,easy_p2_more
11344755,11344918,15218,2019/10/1,146376.6667,35.11111111,SingleFamily,1920,1,3,3598.0,sqft,"Other, Forced air, Gas",Central,unknown,149900.0,15218,2019/10/1,183038.2941,17.88235294,SingleFamily,1910,5,5,5174.0,sqft,"Other, Forced air, None",Central,unknown,295000.0,1.0,2.0,False,49.186440677966104,easy,-2,-4,10,-1576.0,p2_more,p1_slight,easy_p2_more
11344918,11344943,15218,2019/10/1,183038.2941,17.88235294,SingleFamily,1910,5,5,5174.0,sqft,"Other, Forced air, None",Central,unknown,295000.0,15218,2019/10/1,161455.6,18.1,SingleFamily,1920,2,4,3628.0,sqft,"Other, Gas",Central,unknown,174900.0,,1.0,False,40.71186440677966,easy,1,3,-10,1546.0,p1_slight,similar,easy_p1_slight
11344918,11383802,15218,2019/10/1,183038.2941,17.88235294,SingleFamily,1910,5,5,5174.0,sqft,"Other, Forced air, None",Central,unknown,295000.0,15218,2019/10/1,158752.5455,18.90909091,"Single Family Residence, Residential",1959,2,2,7840.0,sqft,"Forced Air, Natural Gas",Central Air,unknown,131000.0,2.0,1.0,False,55.59322033898305,easy,3,3,-49,-2666.0,p1_much,p2_newer,easy_p1_much
11343830,11345810,15218,2019/8/1,150156.8333,20.33333333,Townhouse,1930,2,2,1089.0,sqft,Other,Central,unknown,176500.0,15218,2019/8/1,119948.0,27.23076923,SingleFamily,1910,2,3,2748.0,sqft,"Other, Gas",Wall,unknown,140630.0,2.0,1.0,False,20.322946175637394,hard,-1,0,20,-1659.0,p2_more,p1_slight,hard_p2_more
11344220,11345064,15218,2020/6/1,191366.4,23.7,SingleFamily,1914,2,4,2400.0,sqft,Other,Central,unknown,243900.0,15218,2020/6/1,181770.6,16.6,"Single Family Residence, Residential",1945,2,3,3123.0,sqft,"Forced Air, Natural Gas",Central Air,unknown,200000.0,2.0,1.0,False,17.99917999179992,hard,1,0,-31,-723.0,p1_slight,p2_newer,hard_p1_slight
11343329,11343763,15218,2020/7/1,289740.0,21.0,SingleFamily,1941,3,4,4112.0,sqft,Other,Central,unknown,359000.0,15218,2020/7/1,268439.5185,17.0,"Single Family Residence, Residential",1920,2,3,6486.0,sqft,"Forced Air, Natural Gas",Central Air,unknown,199900.0,2.0,1.0,False,44.317548746518106,easy,1,1,21,-2374.0,p1_slight,p1_much,easy_p1_slight
11343329,11344192,15218,2020/7/1,289740.0,21.0,SingleFamily,1941,3,4,4112.0,sqft,Other,Central,unknown,359000.0,15218,2020/7/1,256147.6842,17.52631579,"Single Family Residence, Residential",1900,3,4,8319.0,sqft,"Natural Gas, Baseboard","Attic Fan, Window A/C",unknown,235000.0,,1.0,False,34.540389972144844,medium,0,0,41,-4207.0,equal,p1_much,medium_equal
11343763,11343772,15218,2020/7/1,268439.5185,17.0,"Single Family Residence, Residential",1920,2,3,6486.0,sqft,"Forced Air, Natural Gas",Central Air,unknown,199900.0,15218,2020/7/1,331523.5,27.875,SingleFamily,1909,3,4,3301.0,sqft,"Forced air, Gas",Wall,unknown,265000.0,1.0,2.0,False,24.566037735849054,hard,-1,-1,11,3185.0,p2_more,p1_slight,hard_p2_more
11290382,11381976,15218,2020/8/1,186403.2,28.6,SingleFamily,1950,1,3,3598.0,sqft,Other,Central,unknown,215000.0,15218,2020/8/1,160659.8,29.6,"Single Family Residence, Residential",1924,2,3,3149.0,sqft,Natural Gas,Central Air,unknown,176000.0,2.0,1.0,False,18.13953488372093,hard,0,-1,26,449.0,equal,p1_much,hard_equal
11344037,11381426,15218,2020/8/1,386207.4167,20.16666667,"Single Family Residence, Residential",1926,2,4,4200.0,sqft,"Forced Air, Natural Gas",Electric,unknown,835000.0,15218,2020/8/1,448810.4444,20.88888889,SingleFamily,1873,4,6,0.26,Acres,"Forced air, Gas",Central,unknown,458500.0,2.0,1.0,False,45.08982035928143,easy,-2,-2,53,4199.74,p2_more,p1_much,easy_p2_more
11345071,11381976,15218,2020/8/1,192319.75,25.0,"Single Family Residence, Residential",1920,1,3,2748.0,sqft,"Forced Air, Natural Gas",Central Air,unknown,223500.0,15218,2020/8/1,160659.8,29.6,"Single Family Residence, Residential",1924,2,3,3149.0,sqft,Natural Gas,Central Air,unknown,176000.0,2.0,1.0,False,21.252796420581653,hard,0,-1,-4,-401.0,equal,similar,hard_equal
11345530,11383533,15218,2020/8/1,159246.3,34.3,"Single Family Residence, Residential",1950,2,3,3600.0,sqft,"Forced Air, Natural Gas",Central Air,unknown,249000.0,15218,2020/8/1,142169.8182,23.45454545,"Single Family Residence, Residential",1966,1,3,9639.0,sqft,Natural Gas,Central Air,unknown,129900.0,2.0,1.0,False,47.83132530120482,easy,0,1,-16,-6039.0,equal,similar,easy_equal
11381976,11383533,15218,2020/8/1,160659.8,29.6,"Single Family Residence, Residential",1924,2,3,3149.0,sqft,Natural Gas,Central Air,unknown,176000.0,15218,2020/8/1,142169.8182,23.45454545,"Single Family Residence, Residential",1966,1,3,9639.0,sqft,Natural Gas,Central Air,unknown,129900.0,2.0,1.0,False,26.193181818181817,medium,0,1,-42,-6490.0,equal,p2_newer,medium_equal
11382362,11383533,15218,2020/8/1,171213.0769,30.30769231,SingleFamily,1926,2,3,3000.0,sqft,Other,Central,unknown,189900.0,15218,2020/8/1,142169.8182,23.45454545,"Single Family Residence, Residential",1966,1,3,9639.0,sqft,Natural Gas,Central Air,unknown,129900.0,2.0,1.0,False,31.595576619273302,medium,0,1,-40,-6639.0,equal,p2_newer,medium_equal
11344091,11344264,15218,2020/9/1,257794.25,14.0,"Single Family Residence, Residential",1900,3,3,1877.0,sqft,"Forced Air, Natural Gas",Central Air,unknown,275000.0,15218,2020/9/1,269094.5,28.0,"Single Family Residence, Residential",1925,2,3,4114.0,sqft,"Forced Air, Natural Gas",Central Air,unknown,213000.0,2.0,1.0,False,22.545454545454547,hard,0,1,-25,-2237.0,equal,p2_newer,hard_equal
11290144,11290407,15218,2021/12/1,304559.4203,15.65942029,"Single Family Residence, Residential",1951,3,3,6503.0,sqft,"Forced Air, Natural Gas","Central Air, Electric",unknown,205346.0,15218,2021/12/1,269649.2754,13.53623188,"Single Family Residence, Residential",1957,2,4,5000.0,sqft,"Forced Air, Natural Gas","Window A/C, Central Air",unknown,271000.0,1.0,2.0,False,24.22656826568266,hard,-1,1,-6,1503.0,p2_more,similar,hard_p2_more
11290211,11345252,15218,2021/12/1,168147.8261,34.56521739,"Single Family Residence, Residential",1919,2,2,2252.0,sqft,"Forced Air, Natural Gas","Central Air, Electric",unknown,186000.0,15218,2021/12/1,135910.6383,37.44680851,"Single Family Residence, Residential",1935,1,3,4680.0,sqft,"Forced Air, Natural Gas",Window A/C,unknown,150000.0,,1.0,False,19.35483870967742,hard,-1,1,-16,-2428.0,p2_more,similar,hard_p2_more
11343765,11345252,15218,2021/12/1,176044.6809,28.80851064,"Single Family Residence, Residential",1954,2,2,2888.0,sqft,Natural Gas,Electric,unknown,180000.0,15218,2021/12/1,135910.6383,37.44680851,"Single Family Residence, Residential",1935,1,3,4680.0,sqft,"Forced Air, Natural Gas",Window A/C,unknown,150000.0,2.0,1.0,False,16.666666666666664,hard,-1,1,19,-1792.0,p2_more,p1_slight,hard_p2_more
11343725,11344433,15218,2021/3/1,256408.0,21.0,"Single Family Residence, Residential",1949,2,3,3519.0,sqft,"Forced Air, Natural Gas",Central Air,unknown,230000.0,15218,2021/3/1,286421.5455,25.72727273,"Single Family Residence, Residential",1892,3,3,3301.0,sqft,Natural Gas,Central Air,unknown,360000.0,1.0,2.0,False,36.11111111111111,medium,0,-1,57,218.0,equal,p1_much,medium_equal
11344103,11344433,15218,2021/3/1,287775.5714,13.85714286,"Single Family Residence, Residential",1936,1,3,9104.0,sqft,Natural Gas,Central Air,unknown,284900.0,15218,2021/3/1,286421.5455,25.72727273,"Single Family Residence, Residential",1892,3,3,3301.0,sqft,Natural Gas,Central Air,unknown,360000.0,1.0,2.0,False,20.86111111111111,hard,0,-2,44,5803.0,equal,p1_much,hard_equal
11382232,11382328,15218,2021/5/1,143903.3333,17.11111111,"Single Family Residence, Residential",1940,1,2,5601.0,sqft,"Forced Air, Natural Gas",Central Air,unknown,177000.0,15218,2021/5/1,116555.3333,38.0,"Single Family Residence, Residential",1920,1,3,4320.0,sqft,"Forced Air, Natural Gas",Central Air,unknown,126000.0,2.0,1.0,False,28.8135593220339,medium,-1,0,20,1281.0,p2_more,p1_slight,medium_p2_more
11289976,11343567,15218,2021/6/1,218010.25,14.75,"Single Family Residence, Residential",1941,3,2,2861.0,sqft,"Forced Air, Natural Gas","Central Air, Electric",unknown,213000.0,15218,2021/6/1,259418.6923,30.0,"Single Family Residence, Residential",1900,1,3,3960.0,sqft,"Forced Air, Natural Gas",Central Air,unknown,280000.0,1.0,2.0,False,23.92857142857143,hard,-1,2,41,-1099.0,p2_more,p1_much,hard_p2_more
11289976,11381951,15218,2021/6/1,218010.25,14.75,"Single Family Residence, Residential",1941,3,2,2861.0,sqft,"Forced Air, Natural Gas","Central Air, Electric",unknown,213000.0,15218,2021/6/1,195705.1429,24.57142857,"Single Family Residence, Residential",1920,1,3,3454.0,sqft,"Forced Air, Natural Gas","Central Air, Electric",unknown,278500.0,1.0,2.0,False,23.518850987432675,hard,-1,2,21,-593.0,p2_more,p1_much,hard_p2_more
11343567,11345111,15218,2021/6/1,259418.6923,30.0,"Single Family Residence, Residential",1900,1,3,3960.0,sqft,"Forced Air, Natural Gas",Central Air,unknown,280000.0,15218,2021/6/1,190595.7273,33.45454545,"Single Family Residence, Residential",1890,2,3,4350.0,sqft,"Forced Air, Natural Gas",Central Air,unknown,199000.0,2.0,1.0,False,28.92857142857143,medium,0,-1,10,-390.0,equal,p1_slight,medium_equal
11343082,11345515,15218,2021/8/1,448117.0,28.41666667,"Single Family Residence, Residential",1930,3,3,4199.0,sqft,"Forced Air, Natural Gas",Central Air,unknown,477100.0,15218,2021/8/1,384958.0,24.0,"Single Family Residence, Residential",1920,3,4,7200.0,sqft,"Forced Air, Natural Gas",Central Air,unknown,376500.0,2.0,1.0,False,21.08572626283798,hard,-1,0,10,-3001.0,p2_more,p1_slight,hard_p2_more
11345174,11345196,15218,2022/1/1,158963.8298,42.91489362,"Single Family Residence, Residential",1910,2,3,1890.0,sqft,"Forced Air, Natural Gas",Central Air,unknown,200000.0,15218,2022/1/1,125907.6706,31.45882353,"Single Family Residence, Residential",1918,2,4,2252.0,sqft,"Forced Air, Natural Gas",Window A/C,unknown,120000.0,,1.0,False,40.0,medium,-1,0,-8,-362.0,p2_more,similar,medium_p2_more
11344314,11381613,15218,2022/3/1,175315.2866,11.40764331,"Single Family Residence, Residential",1900,2,3,3680.0,sqft,"Forced Air, Natural Gas",Central Air,unknown,189000.0,15218,2022/3/1,197231.25,24.90277778,"Single Family Residence, Residential",1935,1,3,9395.0,sqft,Natural Gas,Central Air,unknown,115000.0,2.0,1.0,False,39.15343915343915,medium,0,1,-35,-5715.0,equal,p2_newer,medium_equal
11343068,11343224,15218,2022/6/1,478719.5652,14.7173913,"Single Family Residence, Residential",1925,2,3,2696.0,sqft,"Forced Air, Natural Gas",Central Air,unknown,526000.0,15218,2022/6/1,408439.5604,19.23076923,"Single Family Residence, Residential",1930,4,3,3001.0,sqft,"Hot Water, Natural Gas","Window A/C, Wall Unit(s)",unknown,434900.0,2.0,1.0,False,17.319391634980988,hard,0,-2,-5,-305.0,equal,similar,hard_equal
11344575,11382283,15218,2022/6/1,221873.913,15.56521739,"Single Family Residence, Residential",1925,2,4,3659.0,sqft,"Hot Water, Natural Gas",Central Air,unknown,215115.0,15218,2022/6/1,246983.3333,13.53333333,"Single Family Residence, Residential",1926,1,3,6520.0,sqft,"Forced Air, Natural Gas",Central Air,unknown,267000.0,1.0,2.0,False,19.43258426966292,hard,1,1,-1,-2861.0,p1_slight,similar,hard_p1_slight
11344840,11382779,15218,2022/6/1,131015.6028,41.80851064,"Single Family Residence, Residential",1921,2,3,1372.0,sqft,"Forced Air, Natural Gas",Central Air,Open Parking,185000.0,15218,2022/6/1,94007.5,45.05,"Single Family Residence, Residential",1930,1,2,2626.0,sqft,"Forced Air, Natural Gas",Central Air,Open Parking,147000.0,,1.0,False,20.54054054054054,hard,1,1,-9,-1254.0,p1_slight,similar,hard_p1_slight
11400422,11659587,15219,2021/3/1,317229.7692,29.38461538,"Single Family Residence, Residential",1900,4,3,1999.0,sqft,Natural Gas,Central Air,unknown,440000.0,15219,2021/3/1,301616.6923,14.84615385,"Townhouse, Residential",1996,3,3,3811.0,sqft,"Forced Air, Natural Gas",Central Air,unknown,320000.0,2.0,1.0,False,27.27272727272727,medium,0,1,-96,-1812.0,equal,p2_newer,medium_equal
11346745,11573684,15220,2019/10/1,184122.8889,27.11111111,SingleFamily,1928,2,4,6020.0,sqft,"Other, Forced air, Gas",Central,unknown,175000.0,15220,2019/10/1,198052.7692,17.15384615,SingleFamily,1955,2,3,7701.0,sqft,"Other, Gas",Central,unknown,220000.0,,2.0,False,20.454545454545457,hard,1,0,-27,-1681.0,p1_slight,p2_newer,hard_p1_slight
11346786,11577554,15220,2019/10/1,197924.5,16.3,SingleFamily,1941,2,3,8712.0,sqft,Other,Central,Garage - Attached,200000.0,15220,2019/10/1,198240.7059,10.70588235,SingleFamily,1955,1,3,0.34,Acres,Other,Central,Garage - Attached,159900.0,2.0,1.0,False,20.05,hard,0,1,-14,8711.66,equal,similar,hard_equal
11460177,11577554,15220,2019/10/1,224014.3333,14.0,SingleFamily,1961,2,3,10585.0,sqft,"Forced air, Gas",Central,Garage - Attached,236000.0,15220,2019/10/1,198240.7059,10.70588235,SingleFamily,1955,1,3,0.34,Acres,Other,Central,Garage - Attached,159900.0,2.0,1.0,False,32.24576271186441,medium,0,1,6,10584.66,equal,p1_slight,medium_equal
11577554,11577710,15220,2019/10/1,198240.7059,10.70588235,SingleFamily,1955,1,3,0.34,Acres,Other,Central,Garage - Attached,159900.0,15220,2019/10/1,205074.0,13.5,SingleFamily,1957,2,3,7801.0,sqft,Other,Central,Garage - Attached,219500.0,1.0,2.0,False,27.152619589977224,medium,0,-1,-2,-7800.66,equal,similar,medium_equal
11355856,11577618,15220,2019/11/1,138397.4,20.8,SingleFamily,1960,2,3,8833.0,sqft,Other,Central,unknown,145000.0,15220,2019/11/1,156276.8571,15.57142857,SingleFamily,1941,1,3,5775.0,sqft,"Forced air, Gas",Central,unknown,175000.0,1.0,2.0,False,17.142857142857142,hard,0,1,19,3058.0,equal,p1_slight,hard_equal
11577598,11577671,15220,2019/9/1,216398.8462,18.46153846,SingleFamily,1950,2,4,5501.0,sqft,Other,Central,Garage - Attached,235000.0,15220,2019/9/1,189485.9,12.7,SingleFamily,1964,3,3,7623.0,sqft,"Other, Gas",Central,Garage - Attached,195500.0,2.0,1.0,False,16.80851063829787,hard,1,-1,-14,-2122.0,p1_slight,similar,hard_p1_slight
11452613,11453100,15220,2020/10/1,249078.7143,11.42857143,"Single Family Residence, Residential",1959,3,4,10476.0,sqft,Natural Gas,Central Air,Attached Garage,245000.0,15220,2020/10/1,250356.0,15.77777778,SingleFamily,1953,3,4,6534.0,sqft,"Other, Forced air, Gas",Central,Garage - Attached,355000.0,1.0,2.0,False,30.985915492957744,medium,0,0,6,3942.0,equal,p1_slight,medium_equal
11469169,11574296,15220,2020/10/1,208898.3636,19.09090909,"Single Family Residence, Residential",1955,2,3,9515.0,sqft,"Forced Air, Natural Gas",Central Air,unknown,283000.0,15220,2020/10/1,204495.1818,15.81818182,"Single Family Residence, Residential",1954,2,3,0.28,Acres,"Forced Air, Natural Gas",Central Air,unknown,230000.0,2.0,1.0,False,18.727915194346288,hard,0,0,1,9514.72,equal,p1_slight,hard_equal
11452669,11453151,15220,2020/11/1,230832.2727,19.45454545,SingleFamily,1965,3,4,0.25,Acres,"Forced air, Gas",Central,unknown,228000.0,15220,2020/11/1,264235.1538,16.76923077,"Single Family Residence, Residential",1950,2,3,0.46,Acres,"Natural Gas, Baseboard",Central Air,unknown,298250.0,1.0,2.0,False,23.55406538139145,hard,1,1,15,-0.21000000000000002,p1_slight,p1_slight,hard_p1_slight
11453151,11460181,15220,2020/11/1,264235.1538,16.76923077,"Single Family Residence, Residential",1950,2,3,0.46,Acres,"Natural Gas, Baseboard",Central Air,unknown,298250.0,15220,2020/11/1,235002.0,10.0,"Single Family Residence, Residential",1970,3,5,8685.0,sqft,"Forced Air, Natural Gas",Central Air,unknown,240000.0,,1.0,False,19.53059513830679,hard,-2,-1,-20,-8684.54,p2_more,p2_newer,hard_p2_more
11362839,11480119,15220,2020/12/1,131497.0,30.0,"Single Family Residence, Residential",1920,2,4,3005.0,sqft,Natural Gas,"Central Air, Electric",unknown,153000.0,15220,2020/12/1,122672.0,16.2,"Single Family Residence, Residential",1973,1,3,4991.0,sqft,"Forced Air, Natural Gas",Central Air,unknown,108900.0,,1.0,False,28.823529411764703,medium,1,1,-53,-1986.0,p1_slight,p2_newer,medium_p1_slight
11452726,11573531,15220,2020/2/1,165737.0,22.75,SingleFamily,1954,3,3,6250.0,sqft,"Other, Forced air, Gas",Central,unknown,169500.0,15220,2020/2/1,159812.3889,11.38888889,"Single Family Residence, Residential",1954,2,4,6542.0,sqft,"Forced Air, Natural Gas",Central Air,unknown,136500.0,2.0,1.0,False,19.469026548672566,hard,-1,1,0,-292.0,p2_more,similar,hard_p2_more
11346934,11460176,15220,2020/3/1,222462.3,22.9,SingleFamily,1972,3,3,8917.0,sqft,Other,Central,unknown,271300.0,15220,2020/3/1,205824.1111,13.55555556,SingleFamily,1957,2,2,0.54,Acres,Other,Central,unknown,225000.0,2.0,1.0,False,17.065978621452267,hard,1,1,15,8916.46,p1_slight,p1_slight,hard_p1_slight
11452973,11460176,15220,2020/3/1,213648.7,21.9,SingleFamily,1952,2,4,6696.0,sqft,Other,Central,unknown,180000.0,15220,2020/3/1,205824.1111,13.55555556,SingleFamily,1957,2,2,0.54,Acres,Other,Central,unknown,225000.0,,2.0,False,20.0,hard,2,0,-5,6695.46,p1_much,similar,hard_p1_much
11577447,59835990,15220,2020/3/1,258805.0,12.33333333,SingleFamily,1962,4,4,0.5,Acres,Other,Central,unknown,240500.0,15220,2020/3/1,276382.4,12.0,Townhouse,1995,3,3,3571.0,sqft,"Forced air, Gas",Central,unknown,295000.0,1.0,2.0,False,18.47457627118644,hard,1,1,-33,-3570.5,p1_slight,p2_newer,hard_p1_slight
11453341,11577635,15220,2020/5/1,195765.3636,20.09090909,SingleFamily,1968,2,3,6593.0,sqft,Other,Central,unknown,199900.0,15220,2020/5/1,223862.4167,16.91666667,SingleFamily,1956,2,3,0.52,Acres,Other,Central,unknown,165000.0,2.0,1.0,False,17.45872936468234,hard,0,0,12,6592.48,equal,p1_slight,hard_equal
11452607,11460010,15220,2020/7/1,233623.2,18.0,SingleFamily,1949,2,3,7801.0,sqft,"Other, Forced air, Gas",Central,unknown,267000.0,15220,2020/7/1,228533.0,16.5,SingleFamily,1961,2,3,0.29,Acres,Other,Central,unknown,217000.0,2.0,1.0,False,18.726591760299627,hard,0,0,-12,7800.71,equal,similar,hard_equal
11468889,11573542,15220,2020/8/1,166420.4,20.0,SingleFamily,1950,1,3,0.37,Acres,"Forced air, Gas",Central,unknown,106250.0,15220,2020/8/1,179983.4,18.0,SingleFamily,1956,2,3,49.0,sqft,Other,Central,unknown,212000.0,1.0,2.0,False,49.88207547169811,easy,0,-1,-6,-48.63,equal,similar,easy_equal
11468889,11577678,15220,2020/8/1,166420.4,20.0,SingleFamily,1950,1,3,0.37,Acres,"Forced air, Gas",Central,unknown,106250.0,15220,2020/8/1,183259.6,12.2,SingleFamily,1951,2,2,6000.0,sqft,Other,Central,unknown,182000.0,1.0,2.0,False,41.620879120879124,easy,1,-1,-1,-5999.63,p1_slight,similar,easy_p1_slight
11355981,11366914,15220,2021/10/1,132088.1356,21.18644068,"Single Family Residence, Residential",1940,1,2,3998.0,sqft,"Forced Air, Natural Gas",Central Air,unknown,170000.0,15220,2021/10/1,116101.6949,22.16949153,"Single Family Residence, Residential",1900,2,3,2252.0,sqft,Natural Gas,Central Air,unknown,126000.0,2.0,1.0,False,25.882352941176475,medium,-1,-1,40,1746.0,p2_more,p1_much,medium_p2_more
11346658,11356014,15220,2021/2/1,170265.8333,16.66666667,"Single Family Residence, Residential",1942,1,2,6250.0,sqft,"Forced Air, Natural Gas",Central Air,unknown,205000.0,15220,2021/2/1,137505.5556,33.55555556,SingleFamily,1945,2,3,3955.0,sqft,"Other, Gas",Central,unknown,133650.0,,1.0,False,34.80487804878049,medium,-1,-1,-3,2295.0,p2_more,similar,medium_p2_more
11366460,11452696,15220,2021/2/1,232320.0,18.36363636,"Single Family Residence, Residential",1952,3,3,10497.0,sqft,Natural Gas,Central Air,unknown,150000.0,15220,2021/2/1,216546.0,19.33333333,"Single Family Residence, Residential",1935,2,3,7435.0,sqft,"Forced Air, Natural Gas",Central Air,unknown,225000.0,1.0,2.0,False,33.33333333333333,medium,0,1,17,3062.0,equal,p1_slight,medium_equal
11480128,11570389,15220,2021/3/1,135009.3077,29.07692308,"Single Family Residence, Residential",1930,2,3,5758.0,sqft,"Forced Air, Natural Gas","Central Air, Electric",unknown,156000.0,15220,2021/3/1,174515.6154,30.30769231,"Single Family Residence, Residential",1955,2,3,6555.0,sqft,"Forced Air, Natural Gas",Electric,unknown,202750.0,1.0,2.0,False,23.05795314426634,hard,0,0,-25,-797.0,equal,p2_newer,hard_equal
11356063,11573628,15220,2021/6/1,210111.0,28.0,"Single Family Residence, Residential",1930,2,4,10001.0,sqft,Natural Gas,Central Air,unknown,215000.0,15220,2021/6/1,249910.2,12.4,"Single Family Residence, Residential",1952,2,3,0.31,Acres,"Forced Air, Natural Gas",Central Air,unknown,285000.0,1.0,2.0,False,24.561403508771928,hard,1,0,-22,10000.69,p1_slight,p2_newer,hard_p1_slight
11460087,11577743,15220,2021/8/1,246377.5652,13.52173913,"Single Family Residence, Residential",1967,3,3,0.25,Acres,Natural Gas,Central Air,unknown,215000.0,15220,2021/8/1,251979.8261,14.17391304,"Single Family Residence, Residential",1950,2,3,5998.0,sqft,"Forced Air, Natural Gas",Central Air,unknown,265000.0,1.0,2.0,False,18.867924528301888,hard,0,1,17,-5997.75,equal,p1_slight,hard_equal
11346884,11355993,15220,2022/2/1,192267.6056,17.88732394,"Single Family Residence, Residential",1950,2,3,8455.0,sqft,"Hot Water, Natural Gas","Window A/C, Wall Unit(s)",unknown,185000.0,15220,2022/2/1,163513.5593,17.01694915,"Single Family Residence, Residential",1945,1,3,5384.0,sqft,Natural Gas,Central Air,unknown,154000.0,2.0,1.0,False,16.756756756756758,hard,0,1,5,3071.0,equal,p1_slight,hard_equal
11355993,11452720,15220,2022/2/1,163513.5593,17.01694915,"Single Family Residence, Residential",1945,1,3,5384.0,sqft,Natural Gas,Central Air,unknown,154000.0,15220,2022/2/1,185700.0,10.73469388,"Single Family Residence, Residential",1955,1,2,6250.0,sqft,"Forced Air, Natural Gas","Central Air, Electric",unknown,197000.0,1.0,2.0,False,21.82741116751269,hard,1,0,-10,-866.0,p1_slight,similar,hard_p1_slight
11346948,11476057,15220,2022/5/1,197746.1538,22.1025641,"Single Family Residence, Residential",1941,2,3,7500.0,sqft,"Forced Air, Natural Gas",Central Air,unknown,235575.0,15220,2022/5/1,196565.0,14.95,"Single Family Residence, Residential",1966,3,3,5000.0,sqft,"Natural Gas, Baseboard",Central Air,unknown,180000.0,,1.0,False,23.591212989493794,hard,0,-1,-25,2500.0,equal,p2_newer,hard_equal
11356074,11476057,15220,2022/5/1,188627.7778,18.5,"Single Family Residence, Residential",1956,1,3,4051.0,sqft,"Forced Air, Natural Gas",Central Air,unknown,243000.0,15220,2022/5/1,196565.0,14.95,"Single Family Residence, Residential",1966,3,3,5000.0,sqft,"Natural Gas, Baseboard",Central Air,unknown,180000.0,2.0,1.0,False,25.925925925925924,medium,0,-2,-10,-949.0,equal,similar,medium_equal
11452892,11460053,15220,2022/6/1,299325.641,14.66666667,"Single Family Residence, Residential",1925,3,3,9801.0,sqft,"Forced Air, Natural Gas",Central Air,unknown,265549.0,15220,2022/6/1,307196.7391,10.94565217,"Single Family Residence, Residential",1960,2,3,8450.0,sqft,Natural Gas,Central Air,unknown,320900.0,1.0,2.0,False,17.24867559987535,hard,0,1,-35,1351.0,equal,p2_newer,hard_equal
11342187,11418823,15221,2019/10/1,146981.1176,19.47058824,"Single Family Residence, Residential",1920,1,3,1250.0,sqft,Natural Gas,Central Air,Open Parking,165000.0,15221,2019/10/1,147798.1538,18.46153846,SingleFamily,1965,2,3,7914.0,sqft,Other,Central,Garage - Attached,136000.0,2.0,1.0,False,17.575757575757574,hard,0,-1,-45,-6664.0,equal,p2_newer,hard_equal
11456494,11456533,15221,2019/10/1,122667.8,19.0,SingleFamily,1960,2,3,0.34,Acres,Other,Central,unknown,117500.0,15221,2019/10/1,138345.0,20.0,SingleFamily,1930,2,3,4791.0,sqft,"Forced air, Gas",Central,unknown,157000.0,1.0,2.0,False,25.159235668789808,medium,0,0,30,-4790.66,equal,p1_much,medium_equal
11418465,11419445,15221,2020/10/1,175713.6154,17.07692308,"Single Family Residence, Residential",1950,2,4,9452.0,sqft,"Forced Air, Natural Gas",Central Air,unknown,155000.0,15221,2020/10/1,178829.0,18.0,"Single Family Residence, Residential",1960,2,3,9849.0,sqft,"Forced Air, Natural Gas",Central Air,unknown,197000.0,1.0,2.0,False,21.31979695431472,hard,1,0,-10,-397.0,p1_slight,similar,hard_p1_slight
11418966,11455634,15221,2020/10/1,206908.5455,13.81818182,"Single Family Residence, Residential",1968,2,3,9450.0,sqft,"Forced Air, Natural Gas",Central Air,unknown,230000.0,15221,2020/10/1,183517.2,13.9,"Single Family Residence, Residential",1960,2,4,6124.0,sqft,"Forced Air, Natural Gas",Central Air,unknown,164800.0,2.0,1.0,False,28.347826086956523,medium,-1,0,8,3326.0,p2_more,p1_slight,medium_p2_more
11419325,11419445,15221,2020/10/1,145374.0,39.0,SingleFamily,1922,2,4,0.4,Acres,"Wood / Pellet, Forced air, Gas",Central,unknown,160000.0,15221,2020/10/1,178829.0,18.0,"Single Family Residence, Residential",1960,2,3,9849.0,sqft,"Forced Air, Natural Gas",Central Air,unknown,197000.0,1.0,2.0,False,18.781725888324875,hard,1,0,-38,-9848.6,p1_slight,p2_newer,hard_p1_slight
11341569,11455861,15221,2020/12/1,122385.5833,24.0,"Single Family Residence, Residential",1919,2,3,3127.0,sqft,"Forced Air, Natural Gas",Window A/C,unknown,153000.0,15221,2020/12/1,116797.5714,17.85714286,"Single Family Residence, Residential",1954,2,2,7914.0,sqft,"Forced Air, Natural Gas",Central Air,unknown,123000.0,2.0,1.0,False,19.607843137254903,hard,1,0,-35,-4787.0,p1_slight,p2_newer,hard_p1_slight
11455583,11455632,15221,2020/3/1,116733.7,23.7,SingleFamily,1955,2,4,8524.0,sqft,Other,Central,unknown,109000.0,15221,2020/3/1,137285.5556,22.11111111,SingleFamily,1962,1,3,6000.0,sqft,Other,Central,unknown,139900.0,1.0,2.0,False,22.087205146533236,hard,1,1,-7,2524.0,p1_slight,similar,hard_p1_slight
11342822,11455204,15221,2020/4/1,153102.7778,44.77777778,SingleFamily,1910,1,3,1711.0,sqft,"Other, Forced air, Gas",Central,On-street,176400.0,15221,2020/4/1,116065.6,24.3,SingleFamily,1954,1,3,7501.0,sqft,Other,Central,Garage - Attached,124000.0,2.0,1.0,False,29.705215419501137,medium,0,0,-44,-5790.0,equal,p2_newer,medium_equal
11342822,11455756,15221,2020/4/1,153102.7778,44.77777778,SingleFamily,1910,1,3,1711.0,sqft,"Other, Forced air, Gas",Central,On-street,176400.0,15221,2020/4/1,112607.5263,30.52631579,SingleFamily,1953,3,3,8319.0,sqft,"Other, Gas",Central,Garage - Attached,112500.0,2.0,1.0,False,36.224489795918366,medium,0,-2,-43,-6608.0,equal,p2_newer,medium_equal
11418481,11418656,15221,2020/7/1,160866.5,18.5,SingleFamily,1955,4,4,0.27,Acres,Other,Central,unknown,120510.0,15221,2020/7/1,171263.375,26.0,SingleFamily,1940,2,4,0.29,Acres,"Forced air, Gas",Central,unknown,199000.0,1.0,2.0,False,39.44221105527638,medium,0,2,15,-0.019999999999999962,equal,p1_slight,medium_equal
11418481,11418799,15221,2020/7/1,160866.5,18.5,SingleFamily,1955,4,4,0.27,Acres,Other,Central,unknown,120510.0,15221,2020/7/1,164205.75,17.5,SingleFamily,1967,3,3,0.25,Acres,Other,Central,unknown,221000.0,1.0,2.0,False,45.470588235294116,easy,1,1,-12,0.020000000000000018,p1_slight,similar,easy_p1_slight
11418656,11420690,15221,2020/7/1,171263.375,26.0,SingleFamily,1940,2,4,0.29,Acres,"Forced air, Gas",Central,unknown,199000.0,15221,2020/7/1,161867.8,21.8,SingleFamily,1955,3,4,0.89,Acres,Other,Central,unknown,159000.0,2.0,1.0,False,20.100502512562816,hard,0,-1,-15,-0.6000000000000001,equal,similar,hard_equal
11418799,11420690,15221,2020/7/1,164205.75,17.5,SingleFamily,1967,3,3,0.25,Acres,Other,Central,unknown,221000.0,15221,2020/7/1,161867.8,21.8,SingleFamily,1955,3,4,0.89,Acres,Other,Central,unknown,159000.0,2.0,1.0,False,28.054298642533936,medium,-1,0,12,-0.64,p2_more,p1_slight,medium_p2_more
11418881,11421025,15221,2020/7/1,203028.3333,16.66666667,Townhouse,1997,3,2,1575.0,sqft,"Forced air, Gas",Central,unknown,202000.0,15221,2020/7/1,166662.8889,24.77777778,SingleFamily,1952,2,4,10545.0,sqft,Other,Central,unknown,157500.0,2.0,1.0,False,22.02970297029703,hard,-2,1,45,-8970.0,p2_more,p1_much,hard_p2_more
11420690,11420843,15221,2020/7/1,161867.8,21.8,SingleFamily,1955,3,4,0.89,Acres,Other,Central,unknown,159000.0,15221,2020/7/1,192880.0,17.0,SingleFamily,1963,3,3,6673.0,sqft,Forced air,Central,unknown,233000.0,1.0,2.0,False,31.759656652360512,medium,1,0,-8,-6672.11,p1_slight,similar,medium_p1_slight
11420843,11421025,15221,2020/7/1,192880.0,17.0,SingleFamily,1963,3,3,6673.0,sqft,Forced air,Central,unknown,233000.0,15221,2020/7/1,166662.8889,24.77777778,SingleFamily,1952,2,4,10545.0,sqft,Other,Central,unknown,157500.0,2.0,1.0,False,32.40343347639485,medium,-1,1,11,-3872.0,p2_more,p1_slight,medium_p2_more
11341680,11342623,15221,2020/8/1,374494.8889,19.22222222,"Single Family Residence, Residential",1918,2,3,3484.0,sqft,"Forced Air, Natural Gas",Central Air,unknown,525000.0,15221,2020/8/1,385520.6667,16.33333333,"Single Family Residence, Residential",1920,2,4,4800.0,sqft,"Hot Water, Natural Gas",Window A/C,unknown,419900.0,2.0,1.0,False,20.01904761904762,hard,-1,0,-2,-1316.0,p2_more,similar,hard_p2_more
11382960,11455040,15221,2020/8/1,121150.5,15.66666667,"Single Family Residence, Residential",1951,2,3,7501.0,sqft,Natural Gas,Central Air,unknown,108000.0,15221,2020/8/1,120179.5455,16.0,"Single Family Residence, Residential",1952,1,3,7500.0,sqft,"Forced Air, Natural Gas",Central Air,unknown,130000.0,1.0,2.0,False,16.923076923076923,hard,0,1,-1,1.0,equal,similar,hard_equal
11419022,11421096,15221,2020/9/1,184596.0,25.0,"Single Family Residence, Residential",1957,2,3,4495.0,sqft,Natural Gas,Central Air,unknown,200700.0,15221,2020/9/1,148680.3636,17.63636364,"Single Family Residence, Residential",1940,3,3,0.34,Acres,"Forced Air, Natural Gas",Central Air,unknown,154900.0,2.0,1.0,False,22.820129546586944,hard,0,-1,17,4494.66,equal,p1_slight,hard_equal
11421226,11454801,15221,2021/10/1,142066.6667,20.88888889,"Single Family Residence, Residential",1957,2,3,6499.0,sqft,Natural Gas,Central Air,Attached Garage,180000.0,15221,2021/10/1,145171.4286,38.46938776,"Single Family Residence, Residential",1948,2,3,5998.0,sqft,"Forced Air, Natural Gas",Central Air,Attached Garage,222500.0,1.0,2.0,False,19.101123595505616,hard,0,0,9,501.0,equal,p1_slight,hard_equal
11418977,11419238,15221,2021/11/1,180861.5385,35.66666667,"Single Family Residence, Residential",1940,2,3,8394.0,sqft,"Forced Air, Natural Gas",Central Air,unknown,171000.0,15221,2021/11/1,131813.7931,39.8137931,"Single Family Residence, Residential",1950,1,3,6168.0,sqft,"Forced Air, Natural Gas",Central Air,unknown,212000.0,1.0,2.0,False,19.339622641509436,hard,0,1,-10,2226.0,equal,similar,hard_equal
11419238,11456124,15221,2021/11/1,131813.7931,39.8137931,"Single Family Residence, Residential",1950,1,3,6168.0,sqft,"Forced Air, Natural Gas",Central Air,unknown,212000.0,15221,2021/11/1,162696.5517,13.10344828,"Single Family Residence, Residential",1925,2,3,8250.0,sqft,"Hot Water, Natural Gas","Central Air, Electric",unknown,160000.0,2.0,1.0,False,24.528301886792452,hard,0,-1,25,-2082.0,equal,p1_much,hard_equal
11419523,11420757,15221,2021/12/1,150564.3333,28.38095238,"Single Family Residence, Residential",1947,1,3,0.35,Acres,"Forced Air, Natural Gas",Central Air,unknown,145000.0,15221,2021/12/1,207480.0,37.51724138,"Single Family Residence, Residential",1940,2,3,5998.0,sqft,"Forced Air, Natural Gas",Central Air,unknown,285000.0,1.0,2.0,False,49.122807017543856,easy,0,-1,7,-5997.65,equal,p1_slight,easy_equal
11419523,11456090,15221,2021/12/1,150564.3333,28.38095238,"Single Family Residence, Residential",1947,1,3,0.35,Acres,"Forced Air, Natural Gas",Central Air,unknown,145000.0,15221,2021/12/1,191113.7931,22.4137931,"Single Family Residence, Residential",1922,2,4,6599.0,sqft,"Hot Water, Natural Gas",Window A/C,unknown,178000.0,1.0,2.0,False,18.53932584269663,hard,-1,-1,25,-6598.65,p2_more,p1_much,hard_p2_more
11420757,11456090,15221,2021/12/1,207480.0,37.51724138,"Single Family Residence, Residential",1940,2,3,5998.0,sqft,"Forced Air, Natural Gas",Central Air,unknown,285000.0,15221,2021/12/1,191113.7931,22.4137931,"Single Family Residence, Residential",1922,2,4,6599.0,sqft,"Hot Water, Natural Gas",Window A/C,unknown,178000.0,,1.0,False,37.54385964912281,medium,-1,0,18,-601.0,p2_more,p1_slight,medium_p2_more
11420757,72262638,15221,2021/12/1,207480.0,37.51724138,"Single Family Residence, Residential",1940,2,3,5998.0,sqft,"Forced Air, Natural Gas",Central Air,unknown,285000.0,15221,2021/12/1,177244.5205,22.82191781,"Single Family Residence, Residential",2007,1,3,4000.0,sqft,Natural Gas,Central Air,unknown,170000.0,2.0,1.0,False,40.35087719298245,easy,0,1,-67,1998.0,equal,p2_newer,easy_equal
11454782,11456026,15221,2021/12/1,144245.9459,16.48648649,"Single Family Residence, Residential",1950,1,2,5323.0,sqft,"Forced Air, Natural Gas",Central Air,unknown,120750.0,15221,2021/12/1,146465.3061,19.55102041,"Single Family Residence, Residential",1935,2,3,3301.0,sqft,"Forced Air, Natural Gas","Central Air, Electric",unknown,149900.0,,2.0,False,19.446297531687794,hard,-1,-1,15,2022.0,p2_more,p1_slight,hard_p2_more
11455197,11456090,15221,2021/12/1,160225.5238,18.33333333,"Single Family Residence, Residential",1954,2,3,7501.0,sqft,"Forced Air, Natural Gas","Central Air, Electric",unknown,140000.0,15221,2021/12/1,191113.7931,22.4137931,"Single Family Residence, Residential",1922,2,4,6599.0,sqft,"Hot Water, Natural Gas",Window A/C,unknown,178000.0,1.0,2.0,False,21.34831460674157,hard,-1,0,32,902.0,p2_more,p1_much,hard_p2_more
11455197,72262638,15221,2021/12/1,160225.5238,18.33333333,"Single Family Residence, Residential",1954,2,3,7501.0,sqft,"Forced Air, Natural Gas","Central Air, Electric",unknown,140000.0,15221,2021/12/1,177244.5205,22.82191781,"Single Family Residence, Residential",2007,1,3,4000.0,sqft,Natural Gas,Central Air,unknown,170000.0,1.0,2.0,False,17.647058823529413,hard,0,1,-53,3501.0,equal,p2_newer,hard_equal
11342676,11343162,15221,2021/3/1,361793.0,31.0,"Single Family Residence, Residential",1920,3,4,3120.0,sqft,"Hot Water, Natural Gas",Window A/C,unknown,480000.0,15221,2021/3/1,375969.8571,14.28571429,"Single Family Residence, Residential",1930,2,3,4199.0,sqft,"Radiant, Natural Gas",Central Air,unknown,355000.0,2.0,1.0,False,26.041666666666668,medium,1,1,-10,-1079.0,p1_slight,similar,medium_p1_slight
11455159,11456071,15221,2021/3/1,130444.8,14.0,"Single Family Residence, Residential",1950,2,3,6369.0,sqft,Natural Gas,Central Air,unknown,125000.0,15221,2021/3/1,127686.4545,19.09090909,"Single Family Residence, Residential",1940,1,3,3301.0,sqft,"Forced Air, Natural Gas",Central Air,unknown,162500.0,1.0,2.0,False,23.076923076923077,hard,0,1,10,3068.0,equal,p1_slight,hard_equal
11455159,11456650,15221,2021/3/1,130444.8,14.0,"Single Family Residence, Residential",1950,2,3,6369.0,sqft,Natural Gas,Central Air,unknown,125000.0,15221,2021/3/1,154407.5,19.625,"Single Family Residence, Residential",1960,2,3,6150.0,sqft,"Forced Air, Natural Gas",Window A/C,unknown,176200.0,1.0,2.0,False,29.05788876276958,medium,0,0,-10,219.0,equal,similar,medium_equal
11342870,11420763,15221,2021/5/1,182184.0,31.0,"Single Family Residence, Residential",1900,2,3,1646.0,sqft,"Hot Water, Natural Gas","Window A/C, Wall Unit(s)",unknown,178310.0,15221,2021/5/1,142018.7273,24.90909091,"Single Family Residence, Residential",1942,2,3,5998.0,sqft,Natural Gas,Central Air,unknown,140000.0,2.0,1.0,False,21.485054119230554,hard,0,0,-42,-4352.0,equal,p2_newer,hard_equal
11454560,11456336,15221,2021/7/1,115758.1429,32.0,"Single Family Residence, Residential",1940,2,2,8580.0,sqft,"Forced Air, Natural Gas","Central Air, Electric",unknown,113000.0,15221,2021/7/1,136038.2727,24.72727273,"Single Family Residence, Residential",1953,2,2,4199.0,sqft,"Forced Air, Natural Gas",Central Air,unknown,145000.0,1.0,2.0,False,22.06896551724138,hard,0,0,-13,4381.0,equal,similar,hard_equal
11417114,11417554,15221,2022/2/1,102720.0,24.03448276,"Single Family Residence, Residential",1941,1,3,9535.0,sqft,"Forced Air, Natural Gas",unknown,unknown,117500.0,15221,2022/2/1,129460.6897,41.91724138,"Single Family Residence, Residential",1940,2,4,5179.0,sqft,"Forced Air, Natural Gas",unknown,unknown,199900.0,1.0,2.0,False,41.220610305152576,easy,-1,-1,1,4356.0,p2_more,p1_slight,easy_p2_more
11418971,11419328,15221,2022/4/1,329340.0,19.0,"Single Family Residence, Residential",1965,4,5,0.38,Acres,"Forced Air, Natural Gas",Central Air,unknown,366000.0,15221,2022/4/1,286246.1538,14.61538462,"Single Family Residence, Residential",1961,4,5,0.36,Acres,"Forced Air, Natural Gas","Central Air, Electric",unknown,299900.0,2.0,1.0,False,18.060109289617486,hard,0,0,4,0.020000000000000018,equal,p1_slight,hard_equal
11420835,11420837,15221,2022/5/1,140064.4068,12.13559322,"Single Family Residence, Residential",1940,2,3,0.25,Acres,Natural Gas,Central Air,unknown,134000.0,15221,2022/5/1,163240.0,44.2,"Single Family Residence, Residential",1925,2,3,4748.0,sqft,"Hot Water, Natural Gas",Central Air,unknown,245000.0,1.0,2.0,False,45.30612244897959,easy,0,0,15,-4747.75,equal,p1_slight,easy_equal
11342094,11343177,15221,2022/6/1,391247.191,16.4494382,"Single Family Residence, Residential",1900,3,4,2639.0,sqft,"Forced Air, Natural Gas",Central Air,unknown,480000.0,15221,2022/6/1,430138.4615,11.38461538,"Single Family Residence, Residential",1933,2,4,5002.0,sqft,"Forced Air, Natural Gas",Central Air,unknown,400000.0,2.0,1.0,False,16.666666666666664,hard,0,1,-33,-2363.0,equal,p2_newer,hard_equal
11418586,121887263,15221,2022/6/1,485325.0,14.125,"Single Family Residence, Residential",1963,4,4,0.26,Acres,"Forced Air, Natural Gas",Central Air,unknown,500000.0,15221,2022/6/1,430992.3077,11.69230769,"Single Family Residence, Residential",2013,3,3,0.37,Acres,"Forced Air, Natural Gas","Central Air, Electric",unknown,415000.0,2.0,1.0,False,17.0,hard,1,1,-50,-0.10999999999999999,p1_slight,p2_newer,hard_p1_slight
11372306,11411329,15223,2020/10/1,217323.6667,22.83333333,"Single Family Residence, Residential",1931,2,3,5520.0,sqft,"Forced Air, Natural Gas",Central Air,unknown,228500.0,15223,2020/10/1,174829.6923,22.23076923,"Single Family Residence, Residential",1941,1,3,0.26,Acres,"Forced Air, Natural Gas",Central Air,unknown,150000.0,2.0,1.0,False,34.35448577680525,medium,0,1,-10,5519.74,equal,similar,medium_equal
11410606,11411329,15223,2020/10/1,204800.0,15.0,"Single Family Residence, Residential",1940,2,3,5000.0,sqft,"Hot Water, Natural Gas",Central Air,unknown,209000.0,15223,2020/10/1,174829.6923,22.23076923,"Single Family Residence, Residential",1941,1,3,0.26,Acres,"Forced Air, Natural Gas",Central Air,unknown,150000.0,2.0,1.0,False,28.22966507177033,medium,0,1,-1,4999.74,equal,similar,medium_equal
11411113,11411342,15223,2020/12/1,170799.0,16.0,"Single Family Residence, Residential",1955,2,2,5998.0,sqft,"Forced Air, Natural Gas",Central Air,unknown,180000.0,15223,2020/12/1,157404.9231,26.76923077,"Single Family Residence, Residential",1942,2,3,8154.0,sqft,"Forced Air, Natural Gas","Central Air, Electric",unknown,125000.0,2.0,1.0,False,30.555555555555557,medium,-1,0,13,-2156.0,p2_more,p1_slight,medium_p2_more
11372568,11372612,15223,2020/3/1,171845.8,15.0,SingleFamily,1957,2,3,5401.0,sqft,Other,Central,unknown,205000.0,15223,2020/3/1,160111.0,20.0,SingleFamily,1965,2,2,6250.0,sqft,"Forced air, Gas",Central,unknown,159900.0,,1.0,False,22.0,hard,1,0,-8,-849.0,p1_slight,similar,hard_p1_slight
11410557,11410613,15223,2021/12/1,237005.8394,27.50364964,"Single Family Residence, Residential",1900,2,4,8154.0,sqft,"Forced Air, Natural Gas",Central Air,unknown,207000.0,15223,2021/12/1,250300.0,14.0,"Single Family Residence, Residential",1928,2,3,7500.0,sqft,"Forced Air, Natural Gas",Central Air,unknown,250000.0,1.0,2.0,False,17.2,hard,1,0,-28,654.0,p1_slight,p2_newer,hard_p1_slight
11410571,11410634,15223,2021/8/1,242666.6667,19.33333333,"Single Family Residence, Residential",1924,2,3,5998.0,sqft,"Forced Air, Natural Gas",Central Air,unknown,260000.0,15223,2021/8/1,228181.3333,18.0,"Single Family Residence, Residential",1930,2,2,0.34,Acres,"Forced Air, Natural Gas","Window A/C, Central Air",unknown,210000.0,,1.0,False,19.230769230769234,hard,1,0,-6,5997.66,p1_slight,similar,hard_p1_slight
11410907,11411046,15223,2022/6/1,248055.5556,13.95555556,"Single Family Residence, Residential",1971,2,3,5000.0,sqft,"Forced Air, Natural Gas",Central Air,unknown,305000.0,15223,2022/6/1,249100.0,20.0,"Single Family Residence, Residential",1953,2,3,0.39,Acres,"Forced Air, Natural Gas","Attic Fan, Central Air",unknown,218000.0,2.0,1.0,False,28.524590163934427,medium,0,0,18,4999.61,equal,p1_slight,medium_equal
11402408,11515158,15224,2019/10/1,193530.0,32.0,SingleFamily,1880,2,2,1250.0,sqft,Other,unknown,unknown,269775.0,15224,2019/10/1,186095.7,24.4,SingleFamily,1900,1,2,1999.0,sqft,Other,unknown,unknown,122500.0,2.0,1.0,False,54.59178945417478,easy,0,1,-20,-749.0,equal,p2_newer,easy_equal
11524350,11524807,15224,2019/11/1,226732.6154,20.76923077,Townhouse,1925,1,3,1899.0,sqft,Other,unknown,unknown,270000.0,15224,2019/11/1,217965.5,26.0,SingleFamily,1890,2,4,1524.0,sqft,Other,unknown,unknown,166600.0,2.0,1.0,False,38.2962962962963,medium,-1,-1,35,375.0,p2_more,p1_much,medium_p2_more
11514810,11524791,15224,2019/9/1,187769.0,32.0,SingleFamily,1936,2,2,686.0,sqft,"Other, Gas",Central,unknown,220000.0,15224,2019/9/1,186306.3333,12.66666667,SingleFamily,1910,3,3,1999.0,sqft,"Forced air, Gas",Other,unknown,158000.0,2.0,1.0,False,28.18181818181818,medium,-1,-1,26,-1313.0,p2_more,p1_much,medium_p2_more
11515138,11520608,15224,2020/12/1,253725.0,38.61538462,"Single Family Residence, Residential",1890,3,3,1350.0,sqft,"Forced Air, Natural Gas",Central Air,unknown,375000.0,15224,2020/12/1,268792.0,39.0,"Single Family Residence, Residential",1900,3,2,1999.0,sqft,"Forced Air, Natural Gas",Central Air,unknown,199900.0,,1.0,False,46.69333333333333,easy,1,0,-10,-649.0,p1_slight,similar,easy_p1_slight
11520608,11524249,15224,2020/12/1,268792.0,39.0,"Single Family Residence, Residential",1900,3,2,1999.0,sqft,"Forced Air, Natural Gas",Central Air,unknown,199900.0,15224,2020/12/1,255236.8,24.4,"Single Family Residence, Residential",1920,2,3,1999.0,sqft,"Hot Water, Natural Gas",Window A/C,unknown,309000.0,1.0,2.0,False,35.307443365695796,medium,-1,1,-20,0.0,p2_more,p2_newer,medium_p2_more
11520608,104362709,15224,2020/12/1,268792.0,39.0,"Single Family Residence, Residential",1900,3,2,1999.0,sqft,"Forced Air, Natural Gas",Central Air,unknown,199900.0,15224,2020/12/1,299189.5714,11.5,"Townhouse, Residential",2009,2,1,725.0,sqft,"Forced Air, Natural Gas",Central Air,unknown,290000.0,1.0,2.0,False,31.06896551724138,medium,1,1,-109,1274.0,p1_slight,p2_newer,medium_p1_slight
11514688,11524356,15224,2020/2/1,294575.0667,41.73333333,"Single Family Residence, Residential",1900,2,3,2178.0,sqft,"Forced Air, Natural Gas",Central Air,unknown,195000.0,15224,2020/2/1,285030.1,15.3,SingleFamily,1925,2,3,2178.0,sqft,"Radiant, Gas","Other, Wall",unknown,308000.0,1.0,2.0,False,36.688311688311686,medium,0,0,-25,0.0,equal,p2_newer,medium_equal
11515093,11524632,15224,2020/8/1,221214.0,36.18181818,SingleFamily,1900,2,3,2670.0,sqft,Other,unknown,unknown,145000.0,15224,2020/8/1,178611.0,40.0,"Single Family Residence, Residential",1910,1,1,927.83,sqft,"Forced Air, Natural Gas",unknown,unknown,190000.0,1.0,2.0,False,23.684210526315788,hard,2,1,-10,1742.17,p1_much,similar,hard_p1_much
11514176,11514264,15224,2020/9/1,259018.4545,24.54545455,"Single Family Residence, Residential",1900,1,3,631.62,sqft,"Forced Air, Natural Gas",Central Air,Open Parking,262800.0,15224,2020/9/1,254554.1,45.1,"Single Family Residence, Residential",1900,2,4,1080.0,sqft,Natural Gas,Central Air,Open Parking,217000.0,2.0,1.0,False,17.427701674277017,hard,-1,-1,0,-448.38,p2_more,similar,hard_p2_more
11519975,11520053,15224,2020/9/1,186572.0,38.0,"Townhouse, Residential",1910,3,3,1058.0,sqft,"Forced Air, Natural Gas",Central Air,unknown,220000.0,15224,2020/9/1,144291.2,24.5,"Single Family Residence, Residential",1910,1,5,2570.0,sqft,"Hot Water, Natural Gas",Window A/C,unknown,160000.0,2.0,1.0,False,27.27272727272727,medium,-2,2,0,-1512.0,p2_more,similar,medium_p2_more
11514599,11520590,15224,2021/11/1,195966.3077,45.0,"Single Family Residence, Residential",1900,1,2,1058.0,sqft,"Forced Air, Natural Gas",unknown,Open Parking,122700.0,15224,2021/11/1,197216.1074,35.0,Townhouse,1910,1,2,1234.0,sqft,"Forced air, Gas",unknown,On-street,199900.0,1.0,2.0,False,38.61930965482742,medium,0,0,-10,-176.0,equal,similar,medium_equal
11402259,11519460,15224,2021/12/1,169865.5172,39.89655172,"Single Family Residence, Residential",1900,1,4,800.0,sqft,"Hot Water, Natural Gas",unknown,unknown,195000.0,15224,2021/12/1,164441.3793,18.89655172,"Single Family Residence, Residential",1900,2,2,1189.0,sqft,"Forced Air, Natural Gas",unknown,unknown,155000.0,2.0,1.0,False,20.51282051282051,hard,2,-1,0,-389.0,p1_much,similar,hard_p1_much
11520118,11520544,15224,2022/4/1,285403.3557,25.40939597,"Single Family Residence, Residential",1920,3,3,3900.0,sqft,Other,Central Air,unknown,285000.0,15224,2022/4/1,274684.6154,32.79487179,"Single Family Residence, Residential",1900,3,3,2252.0,sqft,"Forced Air, Natural Gas",Central Air,unknown,405000.0,1.0,2.0,False,29.629629629629626,medium,0,0,20,1648.0,equal,p1_slight,medium_equal
11561872,11566438,15226,2019/10/1,106765.4615,41.30769231,SingleFamily,1930,1,3,3301.0,sqft,"Other, Gas",unknown,Garage - Attached,137000.0,15226,2019/10/1,119374.6,31.2,SingleFamily,1955,1,2,5601.0,sqft,"Other, Gas",unknown,Garage - Attached,107500.0,2.0,1.0,False,21.532846715328464,hard,1,0,-25,-2300.0,p1_slight,p2_newer,hard_p1_slight
11561955,11566438,15226,2019/10/1,134065.9,14.95,SingleFamily,1955,1,3,448.0,sqft,Other,unknown,Garage - Attached,135900.0,15226,2019/10/1,119374.6,31.2,SingleFamily,1955,1,2,5601.0,sqft,"Other, Gas",unknown,Garage - Attached,107500.0,2.0,1.0,False,20.897718910963945,hard,1,0,0,-5153.0,p1_slight,similar,hard_p1_slight
11566557,11653820,15226,2019/12/1,116253.6667,13.5,SingleFamily,1948,1,2,3728.0,sqft,Other,unknown,unknown,115000.0,15226,2019/12/1,103161.7143,33.85714286,SingleFamily,1920,1,2,3600.0,sqft,"Forced air, Gas",unknown,unknown,140000.0,1.0,2.0,False,17.857142857142858,hard,0,0,28,128.0,equal,p1_much,hard_equal
11565906,11652763,15226,2019/8/1,136588.4,71.8,"Single Family Residence, Residential",1950,2,3,4948.0,sqft,"Forced Air, Natural Gas","Central Air, Electric",unknown,158000.0,15226,2019/8/1,168908.1765,16.82352941,SingleFamily,1900,2,4,3598.0,sqft,"Forced air, Gas",Central,unknown,204000.0,1.0,2.0,False,22.54901960784314,hard,-1,0,50,1350.0,p2_more,p1_much,hard_p2_more
11565810,11650539,15226,2020/10/1,158330.1,23.6,"Single Family Residence, Residential",1939,2,3,3001.0,sqft,"Forced Air, Natural Gas",Central Air,unknown,194800.0,15226,2020/10/1,142068.0,19.5,"Single Family Residence, Residential",1948,2,2,9308.0,sqft,"Forced Air, Natural Gas",Central Air,unknown,147000.0,2.0,1.0,False,24.53798767967146,hard,1,0,-9,-6307.0,p1_slight,similar,hard_p1_slight
11566431,11650539,15226,2020/10/1,167804.0769,26.92307692,"Single Family Residence, Residential",1925,2,3,4800.0,sqft,Natural Gas,Central Air,unknown,209000.0,15226,2020/10/1,142068.0,19.5,"Single Family Residence, Residential",1948,2,2,9308.0,sqft,"Forced Air, Natural Gas",Central Air,unknown,147000.0,2.0,1.0,False,29.665071770334926,medium,1,0,-23,-4508.0,p1_slight,p2_newer,medium_p1_slight
11649146,11650376,15226,2020/10/1,173677.9091,16.45454545,"Single Family Residence, Residential",1957,2,3,5318.0,sqft,Natural Gas,Central Air,unknown,175000.0,15226,2020/10/1,160537.9231,23.0,"Single Family Residence, Residential",1950,2,3,3898.0,sqft,"Forced Air, Natural Gas","Central Air, Electric",unknown,217111.0,1.0,2.0,False,19.396069291744773,hard,0,0,7,1420.0,equal,p1_slight,hard_equal
11650376,11650539,15226,2020/10/1,160537.9231,23.0,"Single Family Residence, Residential",1950,2,3,3898.0,sqft,"Forced Air, Natural Gas","Central Air, Electric",unknown,217111.0,15226,2020/10/1,142068.0,19.5,"Single Family Residence, Residential",1948,2,2,9308.0,sqft,"Forced Air, Natural Gas",Central Air,unknown,147000.0,2.0,1.0,False,32.29269820506561,medium,1,0,2,-5410.0,p1_slight,p1_slight,medium_p1_slight
11650376,11652990,15226,2020/10/1,160537.9231,23.0,"Single Family Residence, Residential",1950,2,3,3898.0,sqft,"Forced Air, Natural Gas","Central Air, Electric",unknown,217111.0,15226,2020/10/1,174400.0,14.33333333,"Single Family Residence, Residential",1954,3,4,3600.0,sqft,Natural Gas,Central Air,unknown,180000.0,2.0,1.0,False,17.093099842937484,hard,-1,-1,-4,298.0,p2_more,similar,hard_p2_more
11566953,11653316,15226,2020/11/1,218479.0,41.0,"Single Family Residence, Residential",1900,2,5,3301.0,sqft,"Forced Air, Natural Gas",Central Air,unknown,173000.0,15226,2020/11/1,177124.6,26.93333333,"Single Family Residence, Residential",1910,2,3,4838.0,sqft,"Forced Air, Natural Gas","Central Air, Electric",unknown,246000.0,1.0,2.0,False,29.67479674796748,medium,2,0,-10,-1537.0,p1_much,similar,medium_p1_much
11649381,11653316,15226,2020/11/1,152357.5,24.75,"Single Family Residence, Residential",1951,1,3,8350.0,sqft,"Forced Air, Natural Gas",Central Air,unknown,174000.0,15226,2020/11/1,177124.6,26.93333333,"Single Family Residence, Residential",1910,2,3,4838.0,sqft,"Forced Air, Natural Gas","Central Air, Electric",unknown,246000.0,1.0,2.0,False,29.268292682926827,medium,0,-1,41,3512.0,equal,p1_much,medium_equal
11562349,11649787,15226,2020/12/1,193247.2143,16.28571429,"Single Family Residence, Residential",1960,2,4,8670.0,sqft,"Forced Air, Natural Gas",Electric,unknown,229900.0,15226,2020/12/1,194101.7692,11.53846154,"Single Family Residence, Residential",1900,2,4,3300.0,sqft,Natural Gas,"Central Air, Gas",unknown,279000.0,1.0,2.0,False,17.598566308243726,hard,0,0,60,5370.0,equal,p1_much,hard_equal
11649787,11652743,15226,2020/12/1,194101.7692,11.53846154,"Single Family Residence, Residential",1900,2,4,3300.0,sqft,Natural Gas,"Central Air, Gas",unknown,279000.0,15226,2020/12/1,170808.0,17.0,"Single Family Residence, Residential",1956,1,3,6080.0,sqft,"Forced Air, Natural Gas",Central Air,unknown,175000.0,2.0,1.0,False,37.27598566308244,medium,1,1,-56,-2780.0,p1_slight,p2_newer,medium_p1_slight
11566943,11650444,15226,2020/3/1,132002.0,22.6,SingleFamily,1928,1,3,3301.0,sqft,Other,Central,unknown,151500.0,15226,2020/3/1,115562.1111,26.58333333,SingleFamily,1926,1,2,4042.0,sqft,"Radiant, Forced air, Electric, Gas",Central,unknown,124900.0,2.0,1.0,False,17.557755775577558,hard,1,0,2,-741.0,p1_slight,p1_slight,hard_p1_slight
11306482,11440195,15226,2020/4/1,225737.0,21.0,SingleFamily,1950,2,3,10418.0,sqft,"Forced air, Gas",Central,unknown,265000.0,15226,2020/4/1,205495.0,17.0,SingleFamily,1962,2,3,10720.0,sqft,Other,Central,unknown,200000.0,2.0,1.0,False,24.528301886792452,hard,0,0,-12,-302.0,equal,similar,hard_equal
11440238,11565941,15226,2020/4/1,134304.4,22.4,"Single Family Residence, Residential",1960,2,2,4948.0,sqft,"Forced Air, Natural Gas",Gas,unknown,132500.0,15226,2020/4/1,137743.7097,22.48387097,SingleFamily,1936,2,3,3150.0,sqft,"Other, Gas",Other,unknown,106500.0,,1.0,False,19.622641509433965,hard,-1,0,24,1798.0,p2_more,p1_much,hard_p2_more
11440238,11653269,15226,2020/4/1,134304.4,22.4,"Single Family Residence, Residential",1960,2,2,4948.0,sqft,"Forced Air, Natural Gas",Gas,unknown,132500.0,15226,2020/4/1,150296.25,20.5,SingleFamily,1920,1,2,3600.0,sqft,Other,Central,unknown,198000.0,1.0,2.0,False,33.08080808080808,medium,0,1,40,1348.0,equal,p1_much,medium_equal
11565386,11565941,15226,2020/4/1,131614.6,16.7,SingleFamily,1920,2,2,6452.0,sqft,"Forced air, Gas",Central,unknown,135000.0,15226,2020/4/1,137743.7097,22.48387097,SingleFamily,1936,2,3,3150.0,sqft,"Other, Gas",Other,unknown,106500.0,,1.0,False,21.11111111111111,hard,-1,0,-16,3302.0,p2_more,similar,hard_p2_more
11565941,11653269,15226,2020/4/1,137743.7097,22.48387097,SingleFamily,1936,2,3,3150.0,sqft,"Other, Gas",Other,unknown,106500.0,15226,2020/4/1,150296.25,20.5,SingleFamily,1920,1,2,3600.0,sqft,Other,Central,unknown,198000.0,1.0,2.0,False,46.21212121212121,easy,1,1,16,-450.0,p1_slight,p1_slight,easy_p1_slight
11565949,11652711,15226,2020/4/1,139767.8,18.8,SingleFamily,1930,1,3,7183.0,sqft,"Other, Gas",unknown,unknown,130000.0,15226,2020/4/1,155739.0,18.66666667,SingleFamily,1955,1,2,5471.0,sqft,Other,unknown,unknown,172000.0,1.0,2.0,False,24.418604651162788,hard,1,0,-25,1712.0,p1_slight,p2_newer,hard_p1_slight
11440245,11649833,15226,2020/7/1,160760.3,23.9,SingleFamily,1960,2,3,7141.0,sqft,Other,unknown,unknown,132513.0,15226,2020/7/1,137751.4444,32.66666667,SingleFamily,1901,1,4,3598.0,sqft,Other,unknown,unknown,222500.0,1.0,2.0,False,40.44359550561798,easy,-1,1,59,3543.0,p2_more,p1_much,easy_p2_more
11561794,11566410,15226,2020/7/1,163997.0,17.0,SingleFamily,1930,2,3,1232.0,sqft,Other,unknown,unknown,171000.0,15226,2020/7/1,166126.4516,22.32258065,SingleFamily,1935,2,3,4499.0,sqft,Other,unknown,unknown,142000.0,2.0,1.0,False,16.95906432748538,hard,0,0,-5,-3267.0,equal,similar,hard_equal
11562038,11649833,15226,2020/7/1,161215.0,19.625,SingleFamily,1943,2,3,5898.0,sqft,Other,unknown,unknown,180000.0,15226,2020/7/1,137751.4444,32.66666667,SingleFamily,1901,1,4,3598.0,sqft,Other,unknown,unknown,222500.0,1.0,2.0,False,19.101123595505616,hard,-1,1,42,2300.0,p2_more,p1_much,hard_p2_more
11562038,11653035,15226,2020/7/1,161215.0,19.625,SingleFamily,1943,2,3,5898.0,sqft,Other,unknown,unknown,180000.0,15226,2020/7/1,168063.6667,30.22222222,SingleFamily,1910,2,4,4800.0,sqft,Other,unknown,unknown,145000.0,2.0,1.0,False,19.444444444444446,hard,-1,0,33,1098.0,p2_more,p1_much,hard_p2_more
11566410,11649833,15226,2020/7/1,166126.4516,22.32258065,SingleFamily,1935,2,3,4499.0,sqft,Other,unknown,unknown,142000.0,15226,2020/7/1,137751.4444,32.66666667,SingleFamily,1901,1,4,3598.0,sqft,Other,unknown,unknown,222500.0,,2.0,False,36.17977528089887,medium,-1,1,34,901.0,p2_more,p1_much,medium_p2_more
11566410,11652653,15226,2020/7/1,166126.4516,22.32258065,SingleFamily,1935,2,3,4499.0,sqft,Other,unknown,unknown,142000.0,15226,2020/7/1,134183.4444,23.33333333,SingleFamily,1935,2,3,3647.0,sqft,Other,unknown,unknown,187700.0,1.0,2.0,False,24.347362812999467,hard,0,0,0,852.0,equal,similar,hard_equal
11566410,11653790,15226,2020/7/1,166126.4516,22.32258065,SingleFamily,1935,2,3,4499.0,sqft,Other,unknown,unknown,142000.0,15226,2020/7/1,142374.4,29.2,SingleFamily,1938,2,3,3600.0,sqft,Other,unknown,unknown,210000.0,1.0,2.0,False,32.38095238095238,medium,0,0,-3,899.0,equal,similar,medium_equal
11566969,11649021,15226,2020/7/1,170499.75,23.125,SingleFamily,1900,2,3,3301.0,sqft,Other,unknown,unknown,137900.0,15226,2020/7/1,153451.0,15.6,SingleFamily,1930,1,3,3075.0,sqft,Other,unknown,unknown,169000.0,1.0,2.0,False,18.402366863905325,hard,0,1,-30,226.0,equal,p2_newer,hard_equal
11566969,11653863,15226,2020/7/1,170499.75,23.125,SingleFamily,1900,2,3,3301.0,sqft,Other,unknown,unknown,137900.0,15226,2020/7/1,124740.6667,49.11111111,SingleFamily,1925,2,2,3598.0,sqft,Other,unknown,unknown,180000.0,1.0,2.0,False,23.38888888888889,hard,1,0,-25,-297.0,p1_slight,p2_newer,hard_p1_slight
11649021,11649575,15226,2020/7/1,153451.0,15.6,SingleFamily,1930,1,3,3075.0,sqft,Other,unknown,unknown,169000.0,15226,2020/7/1,134470.8889,16.66666667,SingleFamily,1935,1,3,4791.0,sqft,Other,unknown,unknown,132000.0,2.0,1.0,False,21.893491124260358,hard,0,0,-5,-1716.0,equal,similar,hard_equal
11649575,11649833,15226,2020/7/1,134470.8889,16.66666667,SingleFamily,1935,1,3,4791.0,sqft,Other,unknown,unknown,132000.0,15226,2020/7/1,137751.4444,32.66666667,SingleFamily,1901,1,4,3598.0,sqft,Other,unknown,unknown,222500.0,1.0,2.0,False,40.67415730337079,easy,-1,0,34,1193.0,p2_more,p1_much,easy_p2_more
11649575,11653863,15226,2020/7/1,134470.8889,16.66666667,SingleFamily,1935,1,3,4791.0,sqft,Other,unknown,unknown,132000.0,15226,2020/7/1,124740.6667,49.11111111,SingleFamily,1925,2,2,3598.0,sqft,Other,unknown,unknown,180000.0,1.0,2.0,False,26.666666666666668,medium,1,-1,10,1193.0,p1_slight,p1_slight,medium_p1_slight
11652653,11653035,15226,2020/7/1,134183.4444,23.33333333,SingleFamily,1935,2,3,3647.0,sqft,Other,unknown,unknown,187700.0,15226,2020/7/1,168063.6667,30.22222222,SingleFamily,1910,2,4,4800.0,sqft,Other,unknown,unknown,145000.0,2.0,1.0,False,22.74906766116143,hard,-1,0,25,-1153.0,p2_more,p1_much,hard_p2_more
11653035,11653790,15226,2020/7/1,168063.6667,30.22222222,SingleFamily,1910,2,4,4800.0,sqft,Other,unknown,unknown,145000.0,15226,2020/7/1,142374.4,29.2,SingleFamily,1938,2,3,3600.0,sqft,Other,unknown,unknown,210000.0,1.0,2.0,False,30.952380952380953,medium,1,0,-28,1200.0,p1_slight,p2_newer,medium_p1_slight
11653035,11653863,15226,2020/7/1,168063.6667,30.22222222,SingleFamily,1910,2,4,4800.0,sqft,Other,unknown,unknown,145000.0,15226,2020/7/1,124740.6667,49.11111111,SingleFamily,1925,2,2,3598.0,sqft,Other,unknown,unknown,180000.0,1.0,2.0,False,19.444444444444446,hard,2,0,-15,1202.0,p1_much,similar,hard_p1_much
11561957,11566405,15226,2020/8/1,146809.4,19.0,"Single Family Residence, Residential",1950,1,3,3001.0,sqft,"Forced Air, Natural Gas",Central Air,unknown,175500.0,15226,2020/8/1,128848.8,14.4,"Single Family Residence, Residential",1950,2,2,4499.0,sqft,"Forced Air, Natural Gas","Central Air, Electric",unknown,131000.0,2.0,1.0,False,25.356125356125357,medium,1,-1,0,-1498.0,p1_slight,similar,medium_p1_slight
11562318,11649433,15226,2020/8/1,152906.0,19.5,SingleFamily,1950,2,3,6022.0,sqft,Forced air,"Other, Central",unknown,170000.0,15226,2020/8/1,161011.3636,21.18181818,"Single Family Residence, Residential",1930,2,3,3180.0,sqft,"Forced Air, Natural Gas","Central Air, Electric",unknown,227000.0,1.0,2.0,False,25.11013215859031,medium,0,0,20,2842.0,equal,p1_slight,medium_equal
11566405,11566940,15226,2020/8/1,128848.8,14.4,"Single Family Residence, Residential",1950,2,2,4499.0,sqft,"Forced Air, Natural Gas","Central Air, Electric",unknown,131000.0,15226,2020/8/1,140100.0,22.6,"Single Family Residence, Residential",1928,2,3,3300.0,sqft,"Hot Water, Natural Gas",Window A/C,unknown,182500.0,1.0,2.0,False,28.21917808219178,medium,-1,0,22,1199.0,p2_more,p1_much,medium_p2_more
11566405,11652800,15226,2020/8/1,128848.8,14.4,"Single Family Residence, Residential",1950,2,2,4499.0,sqft,"Forced Air, Natural Gas","Central Air, Electric",unknown,131000.0,15226,2020/8/1,141347.3636,20.0,"Single Family Residence, Residential",1920,1,3,3600.0,sqft,"Forced Air, Natural Gas",Window A/C,unknown,193000.0,1.0,2.0,False,32.12435233160622,medium,-1,1,30,899.0,p2_more,p1_much,medium_p2_more
11566940,11649410,15226,2020/8/1,140100.0,22.6,"Single Family Residence, Residential",1928,2,3,3300.0,sqft,"Hot Water, Natural Gas",Window A/C,unknown,182500.0,15226,2020/8/1,129978.3636,18.27272727,SingleFamily,1943,1,2,6198.0,sqft,Other,Central,unknown,140000.0,2.0,1.0,False,23.28767123287671,hard,1,1,-15,-2898.0,p1_slight,similar,hard_p1_slight
11649410,11652800,15226,2020/8/1,129978.3636,18.27272727,SingleFamily,1943,1,2,6198.0,sqft,Other,Central,unknown,140000.0,15226,2020/8/1,141347.3636,20.0,"Single Family Residence, Residential",1920,1,3,3600.0,sqft,"Forced Air, Natural Gas",Window A/C,unknown,193000.0,1.0,2.0,False,27.461139896373055,medium,-1,0,23,2598.0,p2_more,p1_much,medium_p2_more
11649433,11650319,15226,2020/8/1,161011.3636,21.18181818,"Single Family Residence, Residential",1930,2,3,3180.0,sqft,"Forced Air, Natural Gas","Central Air, Electric",unknown,227000.0,15226,2020/8/1,175090.0,20.0,SingleFamily,1953,2,3,6586.0,sqft,"Other, Gas",Central,unknown,180000.0,2.0,1.0,False,20.704845814977972,hard,0,0,-23,-3406.0,equal,p2_newer,hard_equal
11649433,11653924,15226,2020/8/1,161011.3636,21.18181818,"Single Family Residence, Residential",1930,2,3,3180.0,sqft,"Forced Air, Natural Gas","Central Air, Electric",unknown,227000.0,15226,2020/8/1,167915.3636,15.72727273,"Single Family Residence, Residential",1950,1,2,6115.0,sqft,"Forced Air, Natural Gas",Central Air,unknown,125000.0,2.0,1.0,False,44.93392070484582,easy,1,1,-20,-2935.0,p1_slight,p2_newer,easy_p1_slight
11650275,11652800,15226,2020/8/1,103875.4444,58.11111111,SingleFamily,1950,1,2,3600.0,sqft,"Other, Gas",Central,unknown,155000.0,15226,2020/8/1,141347.3636,20.0,"Single Family Residence, Residential",1920,1,3,3600.0,sqft,"Forced Air, Natural Gas",Window A/C,unknown,193000.0,,2.0,False,19.689119170984455,hard,-1,0,30,0.0,p2_more,p1_much,hard_p2_more
11652800,11653924,15226,2020/8/1,141347.3636,20.0,"Single Family Residence, Residential",1920,1,3,3600.0,sqft,"Forced Air, Natural Gas",Window A/C,unknown,193000.0,15226,2020/8/1,167915.3636,15.72727273,"Single Family Residence, Residential",1950,1,2,6115.0,sqft,"Forced Air, Natural Gas",Central Air,unknown,125000.0,2.0,1.0,False,35.233160621761655,medium,1,0,-30,-2515.0,p1_slight,p2_newer,medium_p1_slight
11653306,11653840,15226,2020/8/1,177739.0,31.0,"Single Family Residence, Residential",1920,2,3,3598.0,sqft,"Natural Gas, Steam",unknown,unknown,214000.0,15226,2020/8/1,134785.0,29.0,SingleFamily,1951,2,4,3600.0,sqft,Other,unknown,unknown,105000.0,2.0,1.0,False,50.93457943925234,easy,-1,0,-31,-2.0,p2_more,p2_newer,easy_p2_more
11649382,11653270,15226,2021/1/1,134299.6923,16.46153846,"Single Family Residence, Residential",1938,2,2,5201.0,sqft,"Forced Air, Natural Gas",Central Air,unknown,113000.0,15226,2021/1/1,150809.5385,16.15384615,"Single Family Residence, Residential",1925,1,3,3598.0,sqft,"Forced Air, Natural Gas",Central Air,unknown,147500.0,1.0,2.0,False,23.389830508474578,hard,-1,1,13,1603.0,p2_more,p1_slight,hard_p2_more
11562300,11566672,15226,2021/11/1,163900.0,12.0,"Single Family Residence, Residential",1950,2,2,5532.0,sqft,"Forced Air, Natural Gas",Central Air,unknown,140000.0,15226,2021/11/1,193560.9023,20.58646617,"Single Family Residence, Residential",1920,2,3,4560.0,sqft,"Hot Water, Natural Gas",Window A/C,unknown,200000.0,1.0,2.0,False,30.0,medium,-1,0,30,972.0,p2_more,p1_much,medium_p2_more
11562300,11652697,15226,2021/11/1,163900.0,12.0,"Single Family Residence, Residential",1950,2,2,5532.0,sqft,"Forced Air, Natural Gas",Central Air,unknown,140000.0,15226,2021/11/1,191350.0,25.75,"Single Family Residence, Residential",1938,2,3,4080.0,sqft,Natural Gas,Electric,unknown,225000.0,1.0,2.0,False,37.77777777777778,medium,-1,0,12,1452.0,p2_more,p1_slight,medium_p2_more
11565928,11566291,15226,2021/11/1,218890.0,19.3,"Single Family Residence, Residential",1961,2,3,2856.0,sqft,"Forced Air, Natural Gas",Central Air,unknown,230000.0,15226,2021/11/1,185771.4286,16.85714286,"Single Family Residence, Residential",1910,1,4,9600.0,sqft,Natural Gas,Central Air,unknown,182500.0,2.0,1.0,False,20.652173913043477,hard,-1,1,51,-6744.0,p2_more,p1_much,hard_p2_more
11566291,11652697,15226,2021/11/1,185771.4286,16.85714286,"Single Family Residence, Residential",1910,1,4,9600.0,sqft,Natural Gas,Central Air,unknown,182500.0,15226,2021/11/1,191350.0,25.75,"Single Family Residence, Residential",1938,2,3,4080.0,sqft,Natural Gas,Electric,unknown,225000.0,1.0,2.0,False,18.88888888888889,hard,1,-1,-28,5520.0,p1_slight,p2_newer,hard_p1_slight
11566437,11566672,15226,2021/11/1,184742.1053,21.63157895,"Single Family Residence, Residential",1925,2,2,5601.0,sqft,Natural Gas,Central Air,unknown,139000.0,15226,2021/11/1,193560.9023,20.58646617,"Single Family Residence, Residential",1920,2,3,4560.0,sqft,"Hot Water, Natural Gas",Window A/C,unknown,200000.0,1.0,2.0,False,30.5,medium,-1,0,5,1041.0,p2_more,p1_slight,medium_p2_more
11566437,11652697,15226,2021/11/1,184742.1053,21.63157895,"Single Family Residence, Residential",1925,2,2,5601.0,sqft,Natural Gas,Central Air,unknown,139000.0,15226,2021/11/1,191350.0,25.75,"Single Family Residence, Residential",1938,2,3,4080.0,sqft,Natural Gas,Electric,unknown,225000.0,1.0,2.0,False,38.22222222222222,medium,-1,0,-13,1521.0,p2_more,similar,medium_p2_more
11566437,11653304,15226,2021/11/1,184742.1053,21.63157895,"Single Family Residence, Residential",1925,2,2,5601.0,sqft,Natural Gas,Central Air,unknown,139000.0,15226,2021/11/1,178130.1471,19.19117647,"Single Family Residence, Residential",1920,1,2,3598.0,sqft,"Forced Air, Natural Gas",Central Air,unknown,210000.0,1.0,2.0,False,33.80952380952381,medium,0,1,5,2003.0,equal,p1_slight,medium_equal
11306742,11566803,15226,2021/2/1,147739.6,27.4,"Single Family Residence, Residential",1949,2,3,7300.0,sqft,Natural Gas,Central Air,unknown,130000.0,15226,2021/2/1,185049.0,41.0,"Single Family Residence, Residential",1890,2,4,4800.0,sqft,Natural Gas,Central Air,unknown,274000.0,1.0,2.0,False,52.55474452554745,easy,-1,0,59,2500.0,p2_more,p1_much,easy_p2_more
11306742,11649968,15226,2021/2/1,147739.6,27.4,"Single Family Residence, Residential",1949,2,3,7300.0,sqft,Natural Gas,Central Air,unknown,130000.0,15226,2021/2/1,179082.9231,12.76923077,"Single Family Residence, Residential",1910,1,3,3600.0,sqft,"Forced Air, Natural Gas","Central Air, Electric",unknown,190000.0,1.0,2.0,False,31.57894736842105,medium,0,1,39,3700.0,equal,p1_much,medium_equal
11306742,11653469,15226,2021/2/1,147739.6,27.4,"Single Family Residence, Residential",1949,2,3,7300.0,sqft,Natural Gas,Central Air,unknown,130000.0,15226,2021/2/1,178362.6,13.73333333,"Single Family Residence, Residential",1925,2,3,4800.0,sqft,"Forced Air, Natural Gas",Window A/C,unknown,179900.0,1.0,2.0,False,27.73763201778766,medium,0,0,24,2500.0,equal,p1_much,medium_equal
11306742,11653785,15226,2021/2/1,147739.6,27.4,"Single Family Residence, Residential",1949,2,3,7300.0,sqft,Natural Gas,Central Air,unknown,130000.0,15226,2021/2/1,171127.5,15.25,SingleFamily,1930,2,3,3615.0,sqft,"Forced air, Gas",Central,unknown,180000.0,1.0,2.0,False,27.77777777777778,medium,0,0,19,3685.0,equal,p1_slight,medium_equal
11566803,11649968,15226,2021/2/1,185049.0,41.0,"Single Family Residence, Residential",1890,2,4,4800.0,sqft,Natural Gas,Central Air,unknown,274000.0,15226,2021/2/1,179082.9231,12.76923077,"Single Family Residence, Residential",1910,1,3,3600.0,sqft,"Forced Air, Natural Gas","Central Air, Electric",unknown,190000.0,2.0,1.0,False,30.656934306569344,medium,1,1,-20,1200.0,p1_slight,p2_newer,medium_p1_slight
11566803,11653739,15226,2021/2/1,185049.0,41.0,"Single Family Residence, Residential",1890,2,4,4800.0,sqft,Natural Gas,Central Air,unknown,274000.0,15226,2021/2/1,160386.8571,18.57142857,"Single Family Residence, Residential",1945,2,2,7200.0,sqft,"Forced Air, Natural Gas",Central Air,unknown,154000.0,2.0,1.0,False,43.79562043795621,easy,2,0,-55,-2400.0,p1_much,p2_newer,easy_p1_much
11566803,11653785,15226,2021/2/1,185049.0,41.0,"Single Family Residence, Residential",1890,2,4,4800.0,sqft,Natural Gas,Central Air,unknown,274000.0,15226,2021/2/1,171127.5,15.25,SingleFamily,1930,2,3,3615.0,sqft,"Forced air, Gas",Central,unknown,180000.0,2.0,1.0,False,34.306569343065696,medium,1,0,-40,1185.0,p1_slight,p2_newer,medium_p1_slight
11566803,11654015,15226,2021/2/1,185049.0,41.0,"Single Family Residence, Residential",1890,2,4,4800.0,sqft,Natural Gas,Central Air,unknown,274000.0,15226,2021/2/1,177805.9231,14.46153846,"Single Family Residence, Residential",1955,2,3,6734.0,sqft,"Forced Air, Natural Gas",Central Air,unknown,179900.0,2.0,1.0,False,34.34306569343066,medium,1,0,-65,-1934.0,p1_slight,p2_newer,medium_p1_slight
11649968,11653739,15226,2021/2/1,179082.9231,12.76923077,"Single Family Residence, Residential",1910,1,3,3600.0,sqft,"Forced Air, Natural Gas","Central Air, Electric",unknown,190000.0,15226,2021/2/1,160386.8571,18.57142857,"Single Family Residence, Residential",1945,2,2,7200.0,sqft,"Forced Air, Natural Gas",Central Air,unknown,154000.0,2.0,1.0,False,18.947368421052634,hard,1,-1,-35,-3600.0,p1_slight,p2_newer,hard_p1_slight
11440368,11649236,15226,2021/3/1,209197.5714,16.71428571,"Single Family Residence, Residential",1977,2,3,5000.0,sqft,Electric,"Central Air, Electric",unknown,244000.0,15226,2021/3/1,171323.0769,31.23076923,"Single Family Residence, Residential",1946,2,4,5566.0,sqft,"Forced Air, Natural Gas","Central Air, Electric",unknown,189900.0,2.0,1.0,False,22.172131147540984,hard,-1,0,31,-566.0,p2_more,p1_much,hard_p2_more
11562095,11649579,15226,2021/3/1,164562.0,22.0,"Single Family Residence, Residential",1950,2,3,6638.0,sqft,"Forced Air, Natural Gas",Central Air,unknown,200000.0,15226,2021/3/1,151803.5714,15.14285714,"Single Family Residence, Residential",1950,2,3,6795.0,sqft,"Forced Air, Natural Gas",Central Air,unknown,146900.0,2.0,1.0,False,26.55,medium,0,0,0,-157.0,equal,similar,medium_equal
11566388,11566693,15226,2021/3/1,153622.1429,15.14285714,"Single Family Residence, Residential",1950,2,3,5562.0,sqft,"Forced Air, Natural Gas",Central Air,unknown,159000.0,15226,2021/3/1,168856.0,17.0,"Single Family Residence, Residential",1960,2,3,5420.0,sqft,Natural Gas,Central Air,unknown,225000.0,1.0,2.0,False,29.333333333333332,medium,0,0,-10,142.0,equal,similar,medium_equal
11566693,11649579,15226,2021/3/1,168856.0,17.0,"Single Family Residence, Residential",1960,2,3,5420.0,sqft,Natural Gas,Central Air,unknown,225000.0,15226,2021/3/1,151803.5714,15.14285714,"Single Family Residence, Residential",1950,2,3,6795.0,sqft,"Forced Air, Natural Gas",Central Air,unknown,146900.0,2.0,1.0,False,34.71111111111111,medium,0,0,10,-1375.0,equal,p1_slight,medium_equal
11562076,11566615,15226,2021/4/1,158897.3333,27.11111111,"Single Family Residence, Residential",1950,1,3,3001.0,sqft,"Forced Air, Natural Gas",Central Air,unknown,200000.0,15226,2021/4/1,144463.875,32.5,"Single Family Residence, Residential",1930,2,3,4791.0,sqft,"Forced Air, Natural Gas",Window A/C,unknown,150000.0,,1.0,False,25.0,hard,0,-1,20,-1790.0,equal,p1_slight,hard_equal
11562076,11650149,15226,2021/4/1,158897.3333,27.11111111,"Single Family Residence, Residential",1950,1,3,3001.0,sqft,"Forced Air, Natural Gas",Central Air,unknown,200000.0,15226,2021/4/1,178477.0,16.0,"Single Family Residence, Residential",1950,1,3,5039.0,sqft,"Forced Air, Natural Gas",Central Air,unknown,165000.0,2.0,1.0,False,17.5,hard,0,0,0,-2038.0,equal,similar,hard_equal
11562553,11566615,15226,2021/4/1,183064.0,21.08333333,"Single Family Residence, Residential",1930,2,3,3304.0,sqft,"Forced Air, Natural Gas",Wall Unit(s),unknown,198000.0,15226,2021/4/1,144463.875,32.5,"Single Family Residence, Residential",1930,2,3,4791.0,sqft,"Forced Air, Natural Gas",Window A/C,unknown,150000.0,2.0,1.0,False,24.242424242424242,hard,0,0,0,-1487.0,equal,similar,hard_equal
11562553,11566741,15226,2021/4/1,183064.0,21.08333333,"Single Family Residence, Residential",1930,2,3,3304.0,sqft,"Forced Air, Natural Gas",Wall Unit(s),unknown,198000.0,15226,2021/4/1,207739.8182,20.54545455,"Single Family Residence, Residential",1920,3,5,4800.0,sqft,"Forced Air, Natural Gas","Central Air, Electric",unknown,140000.0,2.0,1.0,False,29.292929292929294,medium,-2,-1,10,-1496.0,p2_more,p1_slight,medium_p2_more
11562553,11650149,15226,2021/4/1,183064.0,21.08333333,"Single Family Residence, Residential",1930,2,3,3304.0,sqft,"Forced Air, Natural Gas",Wall Unit(s),unknown,198000.0,15226,2021/4/1,178477.0,16.0,"Single Family Residence, Residential",1950,1,3,5039.0,sqft,"Forced Air, Natural Gas",Central Air,unknown,165000.0,2.0,1.0,False,16.666666666666664,hard,0,1,-20,-1735.0,equal,p2_newer,hard_equal
11566741,11566942,15226,2021/4/1,207739.8182,20.54545455,"Single Family Residence, Residential",1920,3,5,4800.0,sqft,"Forced Air, Natural Gas","Central Air, Electric",unknown,140000.0,15226,2021/4/1,208938.0,16.85714286,"Single Family Residence, Residential",1930,1,3,3300.0,sqft,"Zoned, Electric",Electric,unknown,250000.0,1.0,2.0,False,44.0,easy,2,2,-10,1500.0,p1_much,similar,easy_p1_much
11566741,11566993,15226,2021/4/1,207739.8182,20.54545455,"Single Family Residence, Residential",1920,3,5,4800.0,sqft,"Forced Air, Natural Gas","Central Air, Electric",unknown,140000.0,15226,2021/4/1,209225.1667,20.83333333,"Single Family Residence, Residential",1930,2,3,3301.0,sqft,"Forced Air, Natural Gas",Central Air,unknown,237000.0,1.0,2.0,False,40.92827004219409,easy,2,1,-10,1499.0,p1_much,similar,easy_p1_much
11566741,11649286,15226,2021/4/1,207739.8182,20.54545455,"Single Family Residence, Residential",1920,3,5,4800.0,sqft,"Forced Air, Natural Gas","Central Air, Electric",unknown,140000.0,15226,2021/4/1,173519.8889,19.77777778,"Single Family Residence, Residential",1935,1,2,5280.0,sqft,"Forced Air, Natural Gas",Central Air,unknown,202000.0,1.0,2.0,False,30.693069306930692,medium,3,2,-15,-480.0,p1_much,similar,medium_p1_much
11566942,11653281,15226,2021/4/1,208938.0,16.85714286,"Single Family Residence, Residential",1930,1,3,3300.0,sqft,"Zoned, Electric",Electric,unknown,250000.0,15226,2021/4/1,184607.0,18.75,"Single Family Residence, Residential",1920,2,3,3600.0,sqft,"Forced Air, Natural Gas",Central Air,unknown,175000.0,2.0,1.0,False,30.0,medium,0,-1,10,-300.0,equal,p1_slight,medium_equal
11566993,11650149,15226,2021/4/1,209225.1667,20.83333333,"Single Family Residence, Residential",1930,2,3,3301.0,sqft,"Forced Air, Natural Gas",Central Air,unknown,237000.0,15226,2021/4/1,178477.0,16.0,"Single Family Residence, Residential",1950,1,3,5039.0,sqft,"Forced Air, Natural Gas",Central Air,unknown,165000.0,2.0,1.0,False,30.37974683544304,medium,0,1,-20,-1738.0,equal,p2_newer,medium_equal
11648881,11649758,15226,2021/5/1,167238.3,22.7,SingleFamily,1942,2,3,3600.0,sqft,"Forced air, Gas",Central,unknown,101500.0,15226,2021/5/1,147970.3,15.8,"Single Family Residence, Residential",1951,1,2,2522.0,sqft,"Forced Air, Natural Gas",Central Air,unknown,135500.0,1.0,2.0,False,25.092250922509223,medium,1,1,-9,1078.0,p1_slight,similar,medium_p1_slight
11648881,11653397,15226,2021/5/1,167238.3,22.7,SingleFamily,1942,2,3,3600.0,sqft,"Forced air, Gas",Central,unknown,101500.0,15226,2021/5/1,182804.5,24.0,"Single Family Residence, Residential",1910,1,4,3570.0,sqft,"Forced Air, Natural Gas",Central Air,unknown,198000.0,1.0,2.0,False,48.73737373737374,easy,-1,1,32,30.0,p2_more,p1_much,easy_p2_more
11306430,11652862,15226,2021/6/1,181453.5,13.5,"Single Family Residence, Residential",1956,2,3,3942.0,sqft,"Forced Air, Natural Gas",Central Air,unknown,174900.0,15226,2021/6/1,206899.1,23.0,"Single Family Residence, Residential",1929,1,4,4800.0,sqft,"Hot Water, Natural Gas",Window A/C,unknown,235000.0,1.0,2.0,False,25.574468085106382,medium,-1,1,27,-858.0,p2_more,p1_much,medium_p2_more
11562056,11650292,15226,2021/6/1,158371.0,29.0,"Single Family Residence, Residential",1955,1,3,4499.0,sqft,Natural Gas,Central Air,unknown,211000.0,15226,2021/6/1,181545.1364,14.72727273,"Single Family Residence, Residential",1920,2,3,3171.0,sqft,"Forced Air, Natural Gas",Central Air,unknown,169000.0,,1.0,False,19.90521327014218,hard,0,-1,35,1328.0,equal,p1_much,hard_equal
11566892,11649220,15226,2021/6/1,183769.9,20.2,"Single Family Residence, Residential",1955,1,4,3598.0,sqft,"Forced Air, Natural Gas",Central Air,unknown,189000.0,15226,2021/6/1,221024.4545,18.18181818,"Single Family Residence, Residential",1928,2,3,3240.0,sqft,Natural Gas,Central Air,unknown,238000.0,1.0,2.0,False,20.588235294117645,hard,1,-1,27,358.0,p1_slight,p1_much,hard_p1_slight
11652862,11653993,15226,2021/6/1,206899.1,23.0,"Single Family Residence, Residential",1929,1,4,4800.0,sqft,"Hot Water, Natural Gas",Window A/C,unknown,235000.0,15226,2021/6/1,179668.9091,21.45454545,"Single Family Residence, Residential",1956,1,3,7700.0,sqft,"Forced Air, Natural Gas",Central Air,unknown,185000.0,2.0,1.0,False,21.27659574468085,hard,1,0,-27,-2900.0,p1_slight,p2_newer,hard_p1_slight
11653399,11653993,15226,2021/6/1,144625.8571,24.0,"Single Family Residence, Residential",1906,2,4,3689.0,sqft,"Forced Air, Natural Gas",Central Air,unknown,225000.0,15226,2021/6/1,179668.9091,21.45454545,"Single Family Residence, Residential",1956,1,3,7700.0,sqft,"Forced Air, Natural Gas",Central Air,unknown,185000.0,2.0,1.0,False,17.77777777777778,hard,1,1,-50,-4011.0,p1_slight,p2_newer,hard_p1_slight
11562089,11650437,15226,2021/7/1,155183.4,16.2,"Single Family Residence, Residential",1950,2,3,4773.0,sqft,"Forced Air, Natural Gas",Central Air,unknown,205000.0,15226,2021/7/1,174505.1818,27.27272727,"Single Family Residence, Residential",1920,3,3,3998.0,sqft,"Forced Air, Natural Gas",Central Air,unknown,155000.0,2.0,1.0,False,24.390243902439025,hard,0,-1,30,775.0,equal,p1_much,hard_equal
11649448,11650437,15226,2021/7/1,194022.0909,10.81818182,"Single Family Residence, Residential",1953,1,3,3301.0,sqft,"Forced Air, Natural Gas",Central Air,unknown,192000.0,15226,2021/7/1,174505.1818,27.27272727,"Single Family Residence, Residential",1920,3,3,3998.0,sqft,"Forced Air, Natural Gas",Central Air,unknown,155000.0,2.0,1.0,False,19.270833333333336,hard,0,-2,33,-697.0,equal,p1_much,hard_equal
11561857,11649720,15226,2021/8/1,206968.6522,20.17391304,"Single Family Residence, Residential",1946,2,3,5500.0,sqft,"Forced Air, Natural Gas",Central Air,unknown,189900.0,15226,2021/8/1,238835.4762,15.23809524,"Single Family Residence, Residential",1940,2,3,0.44,Acres,Natural Gas,"Window A/C, Wall Unit(s)",unknown,253000.0,1.0,2.0,False,24.940711462450594,hard,0,0,6,5499.56,equal,p1_slight,hard_equal
11562163,11652617,15226,2021/8/1,236545.0,19.5,"Single Family Residence, Residential",1930,2,3,5998.0,sqft,"Forced Air, Natural Gas",Central Air,unknown,266100.0,15226,2021/8/1,225152.619,15.42857143,"Single Family Residence, Residential",1969,2,2,6843.0,sqft,"Heat Pump, Electric","Central Air, Electric",unknown,200000.0,2.0,1.0,False,24.840285606914694,hard,1,0,-39,-845.0,p1_slight,p2_newer,hard_p1_slight
11649720,11649775,15226,2021/8/1,238835.4762,15.23809524,"Single Family Residence, Residential",1940,2,3,0.44,Acres,Natural Gas,"Window A/C, Wall Unit(s)",unknown,253000.0,15226,2021/8/1,267692.0,16.85714286,"Single Family Residence, Residential",1953,3,3,10497.0,sqft,"Hot Water, Natural Gas","Central Air, Electric",unknown,325000.0,,2.0,False,22.153846153846153,hard,0,-1,-13,-10496.56,equal,similar,hard_equal
11652617,11652824,15226,2021/8/1,225152.619,15.42857143,"Single Family Residence, Residential",1969,2,2,6843.0,sqft,"Heat Pump, Electric","Central Air, Electric",unknown,200000.0,15226,2021/8/1,254046.1905,13.0952381,"Single Family Residence, Residential",1905,1,3,4800.0,sqft,Natural Gas,Central Air,unknown,267000.0,1.0,2.0,False,25.0936329588015,medium,-1,1,64,2043.0,p2_more,p1_much,medium_p2_more
11652617,11652969,15226,2021/8/1,225152.619,15.42857143,"Single Family Residence, Residential",1969,2,2,6843.0,sqft,"Heat Pump, Electric","Central Air, Electric",unknown,200000.0,15226,2021/8/1,239327.2174,12.17391304,"Single Family Residence, Residential",1920,2,3,4800.0,sqft,Natural Gas,Wall Unit(s),unknown,247000.0,1.0,2.0,False,19.02834008097166,hard,-1,0,49,2043.0,p2_more,p1_much,hard_p2_more
11566325,11649303,15226,2021/9/1,154302.5455,25.59090909,"Single Family Residence, Residential",1957,1,2,3220.0,sqft,"Forced Air, Natural Gas",Central Air,unknown,152800.0,15226,2021/9/1,147771.1864,16.84745763,"Single Family Residence, Residential",1941,1,3,5201.0,sqft,Natural Gas,Central Air,unknown,112000.0,2.0,1.0,False,26.701570680628272,medium,-1,0,16,-1981.0,p2_more,p1_slight,medium_p2_more
11566933,11649303,15226,2021/9/1,154632.0455,37.04545455,"Single Family Residence, Residential",1950,1,2,3598.0,sqft,"Forced Air, Natural Gas",Central Air,unknown,153300.0,15226,2021/9/1,147771.1864,16.84745763,"Single Family Residence, Residential",1941,1,3,5201.0,sqft,Natural Gas,Central Air,unknown,112000.0,2.0,1.0,False,26.94063926940639,medium,-1,0,9,-1603.0,p2_more,p1_slight,medium_p2_more
11649192,11649488,15226,2021/9/1,188311.1111,15.77777778,"Single Family Residence, Residential",1940,2,2,5100.0,sqft,"Forced Air, Natural Gas",Central Air,unknown,200000.0,15226,2021/9/1,196354.2373,19.96610169,"Single Family Residence, Residential",1930,2,3,3300.0,sqft,"Forced Air, Natural Gas",Central Air,unknown,165000.0,2.0,1.0,False,17.5,hard,-1,0,10,1800.0,p2_more,p1_slight,hard_p2_more
11440023,11649745,15226,2022/1/1,251213.6986,13.45205479,"Townhouse, Residential",1979,3,3,3120.0,sqft,"Forced Air, Natural Gas",Electric,unknown,262000.0,15226,2022/1/1,229012.1304,12.86956522,"Single Family Residence, Residential",1940,2,3,4726.0,sqft,"Hot Water, Natural Gas","Other, Window A/C",unknown,203900.0,2.0,1.0,False,22.175572519083968,hard,0,1,39,-1606.0,equal,p1_much,hard_equal
11440023,11652916,15226,2022/1/1,251213.6986,13.45205479,"Townhouse, Residential",1979,3,3,3120.0,sqft,"Forced Air, Natural Gas",Electric,unknown,262000.0,15226,2022/1/1,217651.4706,21.94852941,"Single Family Residence, Residential",1925,2,4,5401.0,sqft,Natural Gas,Window A/C,unknown,166837.0,2.0,1.0,False,36.32175572519084,medium,-1,1,54,-2281.0,p2_more,p1_much,medium_p2_more
11649745,11652916,15226,2022/1/1,229012.1304,12.86956522,"Single Family Residence, Residential",1940,2,3,4726.0,sqft,"Hot Water, Natural Gas","Other, Window A/C",unknown,203900.0,15226,2022/1/1,217651.4706,21.94852941,"Single Family Residence, Residential",1925,2,4,5401.0,sqft,Natural Gas,Window A/C,unknown,166837.0,2.0,1.0,False,18.177047572339383,hard,-1,0,15,-675.0,p2_more,p1_slight,hard_p2_more
11306412,11440054,15226,2022/3/1,214787.5,11.5,"Single Family Residence, Residential",1960,2,3,3994.0,sqft,Natural Gas,Central Air,unknown,218000.0,15226,2022/3/1,232504.0,13.52,"Townhouse, Residential",1979,3,3,1171.0,sqft,"Forced Air, Electric",Central Air,unknown,262000.0,1.0,2.0,False,16.793893129770993,hard,0,-1,-19,2823.0,equal,similar,hard_equal
11306413,11653862,15226,2022/3/1,124943.8849,15.4676259,"Townhouse, Residential",1952,1,2,7074.0,sqft,"Forced Air, Natural Gas",Central Air,unknown,117999.0,15226,2022/3/1,140925.7353,27.95588235,"Single Family Residence, Residential",1930,1,2,3598.0,sqft,Natural Gas,Central Air,unknown,176000.0,,2.0,False,32.955113636363635,medium,0,0,22,3476.0,equal,p1_much,medium_equal
11440054,11562206,15226,2022/3/1,232504.0,13.52,"Townhouse, Residential",1979,3,3,1171.0,sqft,"Forced Air, Electric",Central Air,unknown,262000.0,15226,2022/3/1,240713.6364,15.95454545,"Single Family Residence, Residential",1976,2,3,5998.0,sqft,"Forced Air, Natural Gas",Central Air,unknown,190000.0,2.0,1.0,False,27.480916030534353,medium,0,1,3,-4827.0,equal,p1_slight,medium_equal
11440489,11653784,15226,2022/3/1,177026.0274,11.8630137,"Single Family Residence, Residential",1956,2,3,7566.0,sqft,"Forced Air, Natural Gas","Central Air, Electric",unknown,187200.0,15226,2022/3/1,165107.3529,33.70588235,"Single Family Residence, Residential",1925,3,3,3598.0,sqft,"Forced Air, Natural Gas",Other,unknown,235000.0,1.0,2.0,False,20.340425531914892,hard,0,-1,31,3968.0,equal,p1_much,hard_equal
11562206,92381115,15226,2022/3/1,240713.6364,15.95454545,"Single Family Residence, Residential",1976,2,3,5998.0,sqft,"Forced Air, Natural Gas",Central Air,unknown,190000.0,15226,2022/3/1,259186.1111,10.0,"Townhouse, Residential",2008,3,3,4578.0,sqft,Natural Gas,Central Air,unknown,265000.0,1.0,2.0,False,28.30188679245283,medium,0,-1,-32,1420.0,equal,p2_newer,medium_equal
11649369,11652700,15226,2022/3/1,170588.2353,17.94117647,"Single Family Residence, Residential",1950,1,3,5000.0,sqft,Natural Gas,Central Air,unknown,242000.0,15226,2022/3/1,197181.9,50.0,"Single Family Residence, Residential",1920,1,5,3598.0,sqft,"Forced Air, Natural Gas",Central Air,unknown,185000.0,2.0,1.0,False,23.553719008264462,hard,-2,0,30,1402.0,p2_more,p1_much,hard_p2_more
11652700,11653784,15226,2022/3/1,197181.9,50.0,"Single Family Residence, Residential",1920,1,5,3598.0,sqft,"Forced Air, Natural Gas",Central Air,unknown,185000.0,15226,2022/3/1,165107.3529,33.70588235,"Single Family Residence, Residential",1925,3,3,3598.0,sqft,"Forced Air, Natural Gas",Other,unknown,235000.0,1.0,2.0,False,21.27659574468085,hard,2,-2,-5,0.0,p1_much,similar,hard_p1_much
11306456,11561966,15226,2022/4/1,152336.6906,22.82014388,"Single Family Residence, Residential",1947,1,2,6600.0,sqft,"Forced Air, Natural Gas",Electric,unknown,169000.0,15226,2022/4/1,179185.7143,16.0,"Single Family Residence, Residential",1950,1,3,3001.0,sqft,"Forced Air, Natural Gas","Central Air, Electric",unknown,210000.0,,2.0,False,19.523809523809526,hard,-1,0,-3,3599.0,p2_more,similar,hard_p2_more
11561966,11566360,15226,2022/4/1,179185.7143,16.0,"Single Family Residence, Residential",1950,1,3,3001.0,sqft,"Forced Air, Natural Gas","Central Air, Electric",unknown,210000.0,15226,2022/4/1,161515.3846,16.92307692,"Single Family Residence, Residential",1954,1,3,3079.0,sqft,"Forced Air, Natural Gas","Central Air, Electric",unknown,155000.0,2.0,1.0,False,26.190476190476193,medium,0,0,-4,-78.0,equal,similar,medium_equal
11566294,11650147,15226,2022/5/1,166400.0,32.0,"Single Family Residence, Residential",1951,2,3,4791.0,sqft,"Forced Air, Natural Gas",Central Air,unknown,151000.0,15226,2022/5/1,203923.0769,20.0,"Single Family Residence, Residential",1949,2,3,4400.0,sqft,"Forced Air, Natural Gas",Central Air,unknown,201000.0,1.0,2.0,False,24.875621890547265,hard,0,0,2,391.0,equal,p1_slight,hard_equal
11561836,11653749,15226,2022/6/1,142136.5854,33.56097561,"Single Family Residence, Residential",1930,2,3,3149.0,sqft,"Forced Air, Natural Gas",Central Air,unknown,148500.0,15226,2022/6/1,122314.8148,36.0,"Single Family Residence, Residential",1940,2,2,4965.0,sqft,"Forced Air, Natural Gas",Central Air,unknown,205000.0,,2.0,False,27.5609756097561,medium,1,0,-10,-1816.0,p1_slight,similar,medium_p1_slight
11562166,11650472,15226,2022/6/1,192035.7143,21.14285714,"Single Family Residence, Residential",1940,2,3,3001.0,sqft,"Forced Air, Natural Gas",Central Air,unknown,252500.0,15226,2022/6/1,170200.0,21.25,"Single Family Residence, Residential",1948,1,2,8276.0,sqft,"Forced Air, Natural Gas",Central Air,unknown,190000.0,2.0,1.0,False,24.752475247524753,hard,1,1,-8,-5275.0,p1_slight,similar,hard_p1_slight
11566339,11653216,15226,2022/6/1,236103.5714,20.47619048,"Single Family Residence, Residential",1905,3,4,3598.0,sqft,"Forced Air, Natural Gas","Window A/C, Central Air",unknown,224900.0,15226,2022/6/1,264223.75,12.2875,"Single Family Residence, Residential",1920,3,3,4356.0,sqft,"Forced Air, Natural Gas",Central Air,unknown,270000.0,1.0,2.0,False,16.703703703703702,hard,1,0,-15,-758.0,p1_slight,similar,hard_p1_slight
11649788,11653216,15226,2022/6/1,258604.8193,16.89156627,"Single Family Residence, Residential",1900,4,4,3484.0,sqft,Natural Gas,Wall Unit(s),unknown,225000.0,15226,2022/6/1,264223.75,12.2875,"Single Family Residence, Residential",1920,3,3,4356.0,sqft,"Forced Air, Natural Gas",Central Air,unknown,270000.0,1.0,2.0,False,16.666666666666664,hard,1,1,-20,-872.0,p1_slight,p2_newer,hard_p1_slight
11650472,11653521,15226,2022/6/1,170200.0,21.25,"Single Family Residence, Residential",1948,1,2,8276.0,sqft,"Forced Air, Natural Gas",Central Air,unknown,190000.0,15226,2022/6/1,211966.6667,24.66666667,"Single Family Residence, Residential",1930,2,3,3598.0,sqft,"Forced Air, Natural Gas",Central Air,unknown,257500.0,1.0,2.0,False,26.21359223300971,medium,-1,-1,18,4678.0,p2_more,p1_slight,medium_p2_more
11652974,11653296,15226,2022/6/1,170302.5,23.875,"Single Family Residence, Residential",1930,1,3,3301.0,sqft,"Forced Air, Natural Gas",Central Air,unknown,180000.0,15226,2022/6/1,145568.6747,26.19277108,"Single Family Residence, Residential",1940,2,3,4356.0,sqft,"Forced Air, Natural Gas","Window A/C, Wall Unit(s)",unknown,132500.0,2.0,1.0,False,26.38888888888889,medium,0,-1,-10,-1055.0,equal,similar,medium_equal
11302760,11354574,15227,2019/10/1,118833.7692,10.0,SingleFamily,1952,2,2,6250.0,sqft,"Other, Gas",Central,unknown,117900.0,15227,2019/10/1,126423.5,32.88461538,SingleFamily,1939,2,3,4273.0,sqft,"Forced air, Gas",Central,unknown,170000.0,1.0,2.0,False,30.64705882352941,medium,-1,0,13,1977.0,p2_more,p1_slight,medium_p2_more
11354574,11645150,15227,2019/10/1,126423.5,32.88461538,SingleFamily,1939,2,3,4273.0,sqft,"Forced air, Gas",Central,unknown,170000.0,15227,2019/10/1,133541.8182,19.18181818,"Single Family Residence, Residential",1954,1,3,6141.0,sqft,"Forced Air, Natural Gas",Central Air,unknown,108000.0,,1.0,False,36.470588235294116,medium,0,1,-15,-1868.0,equal,similar,medium_equal
11391269,11428513,15227,2019/10/1,178075.0,15.33333333,SingleFamily,1964,3,3,1001.0,sqft,Other,Central,Garage - Attached,155000.0,15227,2019/10/1,169492.2222,10.0,SingleFamily,1956,2,3,8964.0,sqft,"Forced air, Gas",Central,Garage - Attached,115000.0,2.0,1.0,False,25.806451612903224,medium,0,1,8,-7963.0,equal,p1_slight,medium_equal
11428455,11642226,15227,2019/10/1,140266.1818,19.45454545,SingleFamily,1960,2,3,6608.0,sqft,Other,Central,Garage - Attached,147000.0,15227,2019/10/1,142461.6,12.4,SingleFamily,1961,2,3,7840.0,sqft,Other,Central,Garage - Attached,117500.0,2.0,1.0,False,20.068027210884352,hard,0,0,-1,-1232.0,equal,similar,hard_equal
11302923,11428442,15227,2019/11/1,189290.7692,20.23076923,SingleFamily,1992,3,3,0.02,Acres,"Forced air, Gas",Central,Garage - Attached,279900.0,15227,2019/11/1,171223.4,14.8,SingleFamily,1956,2,3,7910.0,sqft,"Other, Forced air, Gas",Central,Garage - Attached,189900.0,2.0,1.0,False,32.154340836012864,medium,0,1,36,-7909.98,equal,p1_much,medium_equal
11391639,11551996,15227,2019/11/1,165731.4167,16.25,SingleFamily,1953,2,3,7061.0,sqft,"Forced air, Gas",Central,unknown,228000.0,15227,2019/11/1,168440.5882,12.29411765,SingleFamily,1972,2,2,10497.0,sqft,Other,Central,unknown,174900.0,2.0,1.0,False,23.289473684210527,hard,1,0,-19,-3436.0,p1_slight,similar,hard_p1_slight
11305782,11354231,15227,2019/8/1,100106.9231,14.61538462,SingleFamily,1956,1,3,5079.0,sqft,"Forced air, Gas",Central,unknown,116000.0,15227,2019/8/1,116230.6471,52.35294118,"Single Family Residence, Residential",1925,2,4,5309.0,sqft,"Hot Water, Natural Gas","Window A/C, Wall Unit(s)",unknown,180700.0,1.0,2.0,False,35.80520199225235,medium,-1,-1,31,-230.0,p2_more,p1_much,medium_p2_more
11306368,11646045,15227,2019/8/1,145076.3077,10.0,SingleFamily,1956,2,3,1197.0,sqft,"Forced air, Gas",Central,unknown,187500.0,15227,2019/8/1,136345.6471,13.05882353,SingleFamily,1953,2,3,7906.0,sqft,"Other, Gas",Central,unknown,155000.0,2.0,1.0,False,17.333333333333336,hard,0,0,3,-6709.0,equal,p1_slight,hard_equal
11304647,11554258,15227,2020/10/1,143874.4444,29.44444444,"Single Family Residence, Residential",1970,2,3,3998.0,sqft,"Forced Air, Natural Gas","Central Air, Electric",unknown,193900.0,15227,2020/10/1,146221.2667,12.26666667,"Single Family Residence, Residential",1940,1,3,8000.0,sqft,"Forced Air, Natural Gas","Window A/C, Central Air",unknown,150000.0,,1.0,False,22.64053635894791,hard,0,1,30,-4002.0,equal,p1_much,hard_equal
11303061,11391697,15227,2020/11/1,152596.4,21.7,"Single Family Residence, Residential",1953,2,3,6102.0,sqft,"Forced Air, Natural Gas",Central Air,unknown,184900.0,15227,2020/11/1,176213.6923,20.15384615,"Single Family Residence, Residential",1947,2,3,6499.0,sqft,"Forced Air, Natural Gas",Central Air,unknown,146000.0,2.0,1.0,False,21.038399134667387,hard,0,0,6,-397.0,equal,p1_slight,hard_equal
11303061,11645315,15227,2020/11/1,152596.4,21.7,"Single Family Residence, Residential",1953,2,3,6102.0,sqft,"Forced Air, Natural Gas",Central Air,unknown,184900.0,15227,2020/11/1,142651.0,28.0,"Single Family Residence, Residential",1955,2,3,7400.0,sqft,"Forced Air, Natural Gas",Central Air,unknown,110500.0,2.0,1.0,False,40.23796646836127,easy,0,0,-2,-1298.0,equal,similar,easy_equal
11304280,11645315,15227,2020/11/1,145302.6,20.6,"Single Family Residence, Residential",1956,3,3,3850.0,sqft,"Forced Air, Natural Gas","Central Air, Electric",unknown,172000.0,15227,2020/11/1,142651.0,28.0,"Single Family Residence, Residential",1955,2,3,7400.0,sqft,"Forced Air, Natural Gas",Central Air,unknown,110500.0,2.0,1.0,False,35.75581395348838,medium,0,1,1,-3550.0,equal,p1_slight,medium_equal
11304355,11552011,15227,2020/11/1,173774.6429,13.21428571,"Single Family Residence, Residential",1937,2,4,9347.0,sqft,"Hot Water, Natural Gas",Central Air,unknown,169900.0,15227,2020/11/1,195700.9231,22.38461538,"Single Family Residence, Residential",1962,2,3,9748.0,sqft,"Forced Air, Natural Gas",Central Air,unknown,212500.0,1.0,2.0,False,20.04705882352941,hard,1,0,-25,-401.0,p1_slight,p2_newer,hard_p1_slight
11305105,11305251,15227,2020/11/1,145376.0714,14.28571429,"Single Family Residence, Residential",1935,2,3,5214.0,sqft,"Forced Air, Natural Gas",Central Air,unknown,160000.0,15227,2020/11/1,140951.6,17.0,"Single Family Residence, Residential",1952,1,3,8967.0,sqft,"Forced Air, Natural Gas",Central Air,unknown,130000.0,2.0,1.0,False,18.75,hard,0,1,-17,-3753.0,equal,similar,hard_equal
11645315,59835654,15227,2020/11/1,142651.0,28.0,"Single Family Residence, Residential",1955,2,3,7400.0,sqft,"Forced Air, Natural Gas",Central Air,unknown,110500.0,15227,2020/11/1,123341.0,17.71428571,"Townhouse, Residential",1985,2,2,1263.0,sqft,"Forced Air, Natural Gas","Central Air, Electric",unknown,134000.0,1.0,2.0,False,17.537313432835823,hard,1,0,-30,6137.0,p1_slight,p2_newer,hard_p1_slight
11303315,11354025,15227,2020/12/1,122272.1667,55.75,"Single Family Residence, Residential",1925,3,3,5144.0,sqft,Natural Gas,"Window A/C, Wall Unit(s)",unknown,175000.0,15227,2020/12/1,146582.0,22.75,"Single Family Residence, Residential",1950,2,3,0.31,Acres,"Forced Air, Natural Gas",Central Air,unknown,140000.0,2.0,1.0,False,20.0,hard,0,1,-25,5143.69,equal,p2_newer,hard_equal
11303315,11354523,15227,2020/12/1,122272.1667,55.75,"Single Family Residence, Residential",1925,3,3,5144.0,sqft,Natural Gas,"Window A/C, Wall Unit(s)",unknown,175000.0,15227,2020/12/1,169671.1,30.2,"Single Family Residence, Residential",1952,4,4,7727.0,sqft,"Forced Air, Natural Gas",Electric,unknown,140000.0,2.0,1.0,False,20.0,hard,-1,-1,-27,-2583.0,p2_more,p2_newer,hard_p2_more
11306251,11354209,15227,2020/12/1,137351.5556,20.55555556,"Single Family Residence, Residential",1948,1,3,4000.0,sqft,"Forced Air, Natural Gas",Central Air,unknown,154000.0,15227,2020/12/1,169403.8,31.3,"Single Family Residence, Residential",1945,2,4,4499.0,sqft,Natural Gas,Window A/C,unknown,195000.0,1.0,2.0,False,21.025641025641026,hard,-1,-1,3,-499.0,p2_more,p1_slight,hard_p2_more
11306356,11354523,15227,2020/12/1,176786.3,17.2,"Single Family Residence, Residential",1955,2,3,9226.0,sqft,"Forced Air, Natural Gas",Central Air,unknown,200000.0,15227,2020/12/1,169671.1,30.2,"Single Family Residence, Residential",1952,4,4,7727.0,sqft,"Forced Air, Natural Gas",Electric,unknown,140000.0,2.0,1.0,False,30.0,medium,-1,-2,3,1499.0,p2_more,p1_slight,medium_p2_more
11354025,11354209,15227,2020/12/1,146582.0,22.75,"Single Family Residence, Residential",1950,2,3,0.31,Acres,"Forced Air, Natural Gas",Central Air,unknown,140000.0,15227,2020/12/1,169403.8,31.3,"Single Family Residence, Residential",1945,2,4,4499.0,sqft,Natural Gas,Window A/C,unknown,195000.0,1.0,2.0,False,28.205128205128204,medium,-1,0,5,-4498.69,p2_more,p1_slight,medium_p2_more
11354209,11354523,15227,2020/12/1,169403.8,31.3,"Single Family Residence, Residential",1945,2,4,4499.0,sqft,Natural Gas,Window A/C,unknown,195000.0,15227,2020/12/1,169671.1,30.2,"Single Family Residence, Residential",1952,4,4,7727.0,sqft,"Forced Air, Natural Gas",Electric,unknown,140000.0,2.0,1.0,False,28.205128205128204,medium,0,-2,-7,-3228.0,equal,similar,medium_equal
11354523,11355553,15227,2020/12/1,169671.1,30.2,"Single Family Residence, Residential",1952,4,4,7727.0,sqft,"Forced Air, Natural Gas",Electric,unknown,140000.0,15227,2020/12/1,219256.875,29.5,"Single Family Residence, Residential",1870,2,3,9417.0,sqft,"Forced Air, Natural Gas",Central Air,unknown,269900.0,1.0,2.0,False,48.128936643201186,easy,1,2,82,-1690.0,p1_slight,p1_much,easy_p1_slight
11354523,11355615,15227,2020/12/1,169671.1,30.2,"Single Family Residence, Residential",1952,4,4,7727.0,sqft,"Forced Air, Natural Gas",Electric,unknown,140000.0,15227,2020/12/1,210028.4,16.0,"Single Family Residence, Residential",1948,2,3,9099.0,sqft,"Forced Air, Natural Gas","Central Air, Electric",unknown,218000.0,1.0,2.0,False,35.77981651376147,medium,1,2,4,-1372.0,p1_slight,p1_slight,medium_p1_slight
11354523,11391011,15227,2020/12/1,169671.1,30.2,"Single Family Residence, Residential",1952,4,4,7727.0,sqft,"Forced Air, Natural Gas",Electric,unknown,140000.0,15227,2020/12/1,181275.0,12.4,"Single Family Residence, Residential",1950,2,3,9766.0,sqft,"Forced Air, Natural Gas",Central Air,unknown,185000.0,1.0,2.0,False,24.324324324324326,hard,1,2,2,-2039.0,p1_slight,p1_slight,hard_p1_slight
11354523,11391785,15227,2020/12/1,169671.1,30.2,"Single Family Residence, Residential",1952,4,4,7727.0,sqft,"Forced Air, Natural Gas",Electric,unknown,140000.0,15227,2020/12/1,161530.9231,23.53846154,"Single Family Residence, Residential",1940,2,2,9448.0,sqft,"Forced Air, Natural Gas",Central Air,unknown,168000.0,1.0,2.0,False,16.666666666666664,hard,2,2,12,-1721.0,p1_much,p1_slight,hard_p1_much
11355553,11390709,15227,2020/12/1,219256.875,29.5,"Single Family Residence, Residential",1870,2,3,9417.0,sqft,"Forced Air, Natural Gas",Central Air,unknown,269900.0,15227,2020/12/1,240910.0,16.0,"Single Family Residence, Residential",1960,3,2,7784.0,sqft,"Forced Air, Natural Gas",Central Air,unknown,219990.0,2.0,1.0,False,18.492034086698776,hard,1,-1,-90,1633.0,p1_slight,p2_newer,hard_p1_slight
11302637,11304109,15227,2020/2/1,126406.0,23.0,SingleFamily,1940,2,3,7352.0,sqft,"Forced air, Gas",Central,unknown,125000.0,15227,2020/2/1,128521.25,28.75,SingleFamily,1924,2,4,3000.0,sqft,"Forced air, Gas",Central,unknown,170001.0,1.0,2.0,False,26.471020758701417,medium,-1,0,16,4352.0,p2_more,p1_slight,medium_p2_more
11303165,11304109,15227,2020/2/1,149226.0,11.0,SingleFamily,1955,2,3,7840.0,sqft,Other,Central,unknown,128000.0,15227,2020/2/1,128521.25,28.75,SingleFamily,1924,2,4,3000.0,sqft,"Forced air, Gas",Central,unknown,170001.0,1.0,2.0,False,24.70632525691025,hard,-1,0,31,4840.0,p2_more,p1_much,hard_p2_more
11354216,11391866,15227,2020/4/1,170126.875,23.25,SingleFamily,1926,3,3,7000.0,sqft,"Other, Gas",Other,unknown,225000.0,15227,2020/4/1,140749.5,20.9,SingleFamily,1957,1,2,7222.0,sqft,"Forced air, Gas",Central,unknown,154900.0,2.0,1.0,False,31.15555555555555,medium,1,2,-31,-222.0,p1_slight,p2_newer,medium_p1_slight
11355403,11428698,15227,2020/5/1,198545.6944,11.69444444,SingleFamily,1951,2,3,8894.0,sqft,Other,Central,unknown,182000.0,15227,2020/5/1,225373.3,13.7,SingleFamily,1958,2,4,7405.0,sqft,"Other, None",Central,unknown,230000.0,1.0,2.0,False,20.869565217391305,hard,-1,0,-7,1489.0,p2_more,similar,hard_p2_more
11391581,11642423,15227,2020/6/1,177227.9167,17.0,SingleFamily,1963,3,4,8254.0,sqft,Other,Central,unknown,170000.0,15227,2020/6/1,173004.6923,12.07692308,SingleFamily,1972,2,3,8809.0,sqft,Other,Central,unknown,225000.0,1.0,2.0,False,24.444444444444443,hard,1,1,-9,-555.0,p1_slight,similar,hard_p1_slight
11392596,11552040,15227,2020/6/1,211810.0,19.0,SingleFamily,1960,2,3,7178.0,sqft,Other,Central,unknown,216300.0,15227,2020/6/1,175142.6667,21.55555556,SingleFamily,1950,3,3,0.5,Acres,"Other, Forced air, Gas",Central,unknown,180000.0,2.0,1.0,False,16.78224687933426,hard,0,-1,10,7177.5,equal,p1_slight,hard_equal
11552040,11642423,15227,2020/6/1,175142.6667,21.55555556,SingleFamily,1950,3,3,0.5,Acres,"Other, Forced air, Gas",Central,unknown,180000.0,15227,2020/6/1,173004.6923,12.07692308,SingleFamily,1972,2,3,8809.0,sqft,Other,Central,unknown,225000.0,1.0,2.0,False,20.0,hard,0,1,-22,-8808.5,equal,p2_newer,hard_equal
11302965,11304555,15227,2020/7/1,136356.5455,18.27272727,SingleFamily,1960,2,2,7744.0,sqft,"Forced air, Gas",Central,unknown,125000.0,15227,2020/7/1,124515.0,13.0,SingleFamily,1947,2,3,3750.0,sqft,Other,Central,unknown,178000.0,1.0,2.0,False,29.775280898876407,medium,-1,0,13,3994.0,p2_more,p1_slight,medium_p2_more
11302965,11305009,15227,2020/7/1,136356.5455,18.27272727,SingleFamily,1960,2,2,7744.0,sqft,"Forced air, Gas",Central,unknown,125000.0,15227,2020/7/1,129934.2222,25.55555556,SingleFamily,1926,2,3,2604.0,sqft,Other,Central,unknown,155000.0,1.0,2.0,False,19.35483870967742,hard,-1,0,34,5140.0,p2_more,p1_much,hard_p2_more
11302965,11353779,15227,2020/7/1,136356.5455,18.27272727,SingleFamily,1960,2,2,7744.0,sqft,"Forced air, Gas",Central,unknown,125000.0,15227,2020/7/1,130084.375,17.5,SingleFamily,1950,3,3,3798.0,sqft,Other,Central,unknown,150000.0,1.0,2.0,False,16.666666666666664,hard,-1,-1,10,3946.0,p2_more,p1_slight,hard_p2_more
11302965,11354140,15227,2020/7/1,136356.5455,18.27272727,SingleFamily,1960,2,2,7744.0,sqft,"Forced air, Gas",Central,unknown,125000.0,15227,2020/7/1,151899.1,26.1,SingleFamily,1930,2,4,4382.0,sqft,Other,Central,unknown,174000.0,1.0,2.0,False,28.160919540229884,medium,-2,0,30,3362.0,p2_more,p1_much,medium_p2_more
11302965,11354439,15227,2020/7/1,136356.5455,18.27272727,SingleFamily,1960,2,2,7744.0,sqft,"Forced air, Gas",Central,unknown,125000.0,15227,2020/7/1,137366.2,22.0,SingleFamily,1925,1,3,3001.0,sqft,"Forced air, Gas",Central,unknown,158500.0,1.0,2.0,False,21.13564668769716,hard,-1,1,35,4743.0,p2_more,p1_much,hard_p2_more
11304555,11305215,15227,2020/7/1,124515.0,13.0,SingleFamily,1947,2,3,3750.0,sqft,Other,Central,unknown,178000.0,15227,2020/7/1,123846.4,19.8,SingleFamily,1942,1,2,4791.0,sqft,"Other, Forced air, Gas",Central,unknown,125000.0,2.0,1.0,False,29.775280898876407,medium,1,1,5,-1041.0,p1_slight,p1_slight,medium_p1_slight
11304555,11645263,15227,2020/7/1,124515.0,13.0,SingleFamily,1947,2,3,3750.0,sqft,Other,Central,unknown,178000.0,15227,2020/7/1,127650.0,28.0,SingleFamily,1906,2,4,8298.0,sqft,"Forced air, Gas",Central,unknown,146000.0,2.0,1.0,False,17.97752808988764,hard,-1,0,41,-4548.0,p2_more,p1_much,hard_p2_more
11304868,11355316,15227,2020/7/1,150736.6364,31.90909091,SingleFamily,1925,2,3,5797.0,sqft,Other,unknown,unknown,205700.0,15227,2020/7/1,151524.3333,21.66666667,SingleFamily,1971,1,3,0.26,Acres,Other,unknown,unknown,145000.0,2.0,1.0,False,29.508993680116674,medium,0,1,-46,5796.74,equal,p2_newer,medium_equal
11305009,11305215,15227,2020/7/1,129934.2222,25.55555556,SingleFamily,1926,2,3,2604.0,sqft,Other,Central,unknown,155000.0,15227,2020/7/1,123846.4,19.8,SingleFamily,1942,1,2,4791.0,sqft,"Other, Forced air, Gas",Central,unknown,125000.0,2.0,1.0,False,19.35483870967742,hard,1,1,-16,-2187.0,p1_slight,similar,hard_p1_slight
11305009,11554506,15227,2020/7/1,129934.2222,25.55555556,SingleFamily,1926,2,3,2604.0,sqft,Other,Central,unknown,155000.0,15227,2020/7/1,114757.0,32.0,SingleFamily,1948,2,2,6499.0,sqft,Other,Central,unknown,117000.0,2.0,1.0,False,24.516129032258064,hard,1,0,-22,-3895.0,p1_slight,p2_newer,hard_p1_slight
11354140,11646051,15227,2020/7/1,151899.1,26.1,SingleFamily,1930,2,4,4382.0,sqft,Other,Central,unknown,174000.0,15227,2020/7/1,155318.875,16.75,SingleFamily,1953,2,3,10175.0,sqft,Other,Central,unknown,116900.0,2.0,1.0,False,32.816091954022994,medium,1,0,-23,-5793.0,p1_slight,p2_newer,medium_p1_slight
11354439,11554506,15227,2020/7/1,137366.2,22.0,SingleFamily,1925,1,3,3001.0,sqft,"Forced air, Gas",Central,unknown,158500.0,15227,2020/7/1,114757.0,32.0,SingleFamily,1948,2,2,6499.0,sqft,Other,Central,unknown,117000.0,2.0,1.0,False,26.18296529968454,medium,1,-1,-23,-3498.0,p1_slight,p2_newer,medium_p1_slight
11354439,11646051,15227,2020/7/1,137366.2,22.0,SingleFamily,1925,1,3,3001.0,sqft,"Forced air, Gas",Central,unknown,158500.0,15227,2020/7/1,155318.875,16.75,SingleFamily,1953,2,3,10175.0,sqft,Other,Central,unknown,116900.0,2.0,1.0,False,26.24605678233439,medium,0,-1,-28,-7174.0,equal,p2_newer,medium_equal
11354469,11355316,15227,2020/7/1,146370.375,24.25,SingleFamily,1932,2,3,5606.0,sqft,"Radiant, Gas",unknown,unknown,185000.0,15227,2020/7/1,151524.3333,21.66666667,SingleFamily,1971,1,3,0.26,Acres,Other,unknown,unknown,145000.0,2.0,1.0,False,21.62162162162162,hard,0,1,-39,5605.74,equal,p2_newer,hard_equal
11354685,11646051,15227,2020/7/1,157406.6667,23.22222222,"Single Family Residence, Residential",1947,1,3,6499.0,sqft,"Forced Air, Natural Gas",Central Air,unknown,149900.0,15227,2020/7/1,155318.875,16.75,SingleFamily,1953,2,3,10175.0,sqft,Other,Central,unknown,116900.0,2.0,1.0,False,22.01467645096731,hard,0,-1,-6,-3676.0,equal,similar,hard_equal
11355581,11554576,15227,2020/7/1,191666.3333,18.66666667,"Single Family Residence, Residential",1955,2,2,9117.0,sqft,Natural Gas,Central Air,unknown,221000.0,15227,2020/7/1,177600.2,12.4,SingleFamily,1950,2,3,0.28,Acres,Other,Central,unknown,177500.0,2.0,1.0,False,19.683257918552037,hard,-1,0,5,9116.72,p2_more,p1_slight,hard_p2_more
11391890,11646051,15227,2020/7/1,156899.0,16.0,SingleFamily,1947,2,2,8102.0,sqft,"Forced air, Gas",Central,unknown,149900.0,15227,2020/7/1,155318.875,16.75,SingleFamily,1953,2,3,10175.0,sqft,Other,Central,unknown,116900.0,2.0,1.0,False,22.01467645096731,hard,-1,0,-6,-2073.0,p2_more,similar,hard_p2_more
11645743,11646051,15227,2020/7/1,142624.0,14.5,SingleFamily,1951,2,3,7819.0,sqft,Other,Central,unknown,152000.0,15227,2020/7/1,155318.875,16.75,SingleFamily,1953,2,3,10175.0,sqft,Other,Central,unknown,116900.0,2.0,1.0,False,23.092105263157894,hard,0,0,-2,-2356.0,equal,similar,hard_equal
11303005,11304040,15227,2020/8/1,134074.75,16.375,"Single Family Residence, Residential",1960,2,2,7862.0,sqft,"Forced Air, Natural Gas","Central Air, Electric",unknown,165000.0,15227,2020/8/1,136235.2,23.2,SingleFamily,1929,1,5,9099.0,sqft,"Forced air, Gas",Central,unknown,137000.0,2.0,1.0,False,16.969696969696972,hard,-3,1,31,-1237.0,p2_more,p1_much,hard_p2_more
11303005,11554495,15227,2020/8/1,134074.75,16.375,"Single Family Residence, Residential",1960,2,2,7862.0,sqft,"Forced Air, Natural Gas","Central Air, Electric",unknown,165000.0,15227,2020/8/1,97352.69231,53.46153846,SingleFamily,1928,2,2,0.26,Acres,"Forced air, Gas",Central,unknown,127000.0,2.0,1.0,False,23.03030303030303,hard,0,0,32,7861.74,equal,p1_much,hard_equal
11303771,11354658,15227,2020/8/1,168658.0,25.2,SingleFamily,1970,3,4,5662.0,sqft,"Forced air, Gas",Central,unknown,131000.0,15227,2020/8/1,151983.0,19.0,"Single Family Residence, Residential",2002,2,2,0.34,Acres,Electric,Window A/C,unknown,157500.0,1.0,2.0,False,16.825396825396826,hard,2,1,-32,5661.66,p1_much,p2_newer,hard_p1_much
11304040,11304107,15227,2020/8/1,136235.2,23.2,SingleFamily,1929,1,5,9099.0,sqft,"Forced air, Gas",Central,unknown,137000.0,15227,2020/8/1,134066.4545,23.36363636,Residential,1940,2,3,4499.0,sqft,"Forced Air, Natural Gas",Window A/C,unknown,168500.0,1.0,2.0,False,18.694362017804153,hard,2,-1,-11,4600.0,p1_much,similar,hard_p1_much
11304040,11645110,15227,2020/8/1,136235.2,23.2,SingleFamily,1929,1,5,9099.0,sqft,"Forced air, Gas",Central,unknown,137000.0,15227,2020/8/1,161326.5,25.9,SingleFamily,1940,3,3,3149.0,sqft,"Other, Forced air, Gas",Central,unknown,170000.0,1.0,2.0,False,19.411764705882355,hard,2,-2,-11,5950.0,p1_much,similar,hard_p1_much
11304107,11353545,15227,2020/8/1,134066.4545,23.36363636,Residential,1940,2,3,4499.0,sqft,"Forced Air, Natural Gas",Window A/C,unknown,168500.0,15227,2020/8/1,121567.5,14.0,"Single Family Residence, Residential",1947,1,3,6969.0,sqft,"Baseboard, Electric",Electric,unknown,106000.0,,1.0,False,37.0919881305638,medium,0,1,-7,-2470.0,equal,similar,medium_equal
11304107,11554495,15227,2020/8/1,134066.4545,23.36363636,Residential,1940,2,3,4499.0,sqft,"Forced Air, Natural Gas",Window A/C,unknown,168500.0,15227,2020/8/1,97352.69231,53.46153846,SingleFamily,1928,2,2,0.26,Acres,"Forced air, Gas",Central,unknown,127000.0,2.0,1.0,False,24.629080118694365,hard,1,0,12,4498.74,p1_slight,p1_slight,hard_p1_slight
11304107,11646086,15227,2020/8/1,134066.4545,23.36363636,Residential,1940,2,3,4499.0,sqft,"Forced Air, Natural Gas",Window A/C,unknown,168500.0,15227,2020/8/1,127093.2,17.3,"Single Family Residence, Residential",1950,1,3,5166.0,sqft,"Forced Air, Natural Gas",Central Air,unknown,134000.0,2.0,1.0,False,20.474777448071215,hard,0,1,-10,-667.0,equal,similar,hard_equal
11305210,11554268,15227,2020/8/1,178262.7,17.3,"Single Family Residence, Residential",1955,3,5,6494.0,sqft,"Forced Air, Natural Gas",Central Air,unknown,180000.0,15227,2020/8/1,154066.7273,22.18181818,"Single Family Residence, Residential",1947,3,3,0.55,Acres,"Forced Air, Natural Gas","Central Air, Electric",unknown,220000.0,,2.0,False,18.181818181818183,hard,2,0,8,6493.45,p1_much,p1_slight,hard_p1_much
11353375,11355140,15227,2020/8/1,182373.6,14.8,SingleFamily,1960,2,5,7936.0,sqft,Other,Central,unknown,184500.0,15227,2020/8/1,211041.0,18.0,"Single Family Residence, Residential",1959,3,3,7700.0,sqft,"Forced Air, Natural Gas","Central Air, Electric",unknown,230000.0,1.0,2.0,False,19.782608695652172,hard,2,-1,1,236.0,p1_much,p1_slight,hard_p1_much
11304906,11305084,15227,2020/9/1,218845.0,25.0,"Single Family Residence, Residential",1920,2,4,5501.0,sqft,"Forced Air, Natural Gas","Central Air, Electric",unknown,232032.0,15227,2020/9/1,183286.0,27.0,"Single Family Residence, Residential",1950,3,3,10602.0,sqft,"Forced Air, Natural Gas",Central Air,unknown,192499.0,2.0,1.0,False,17.037736174320784,hard,1,-1,-30,-5101.0,p1_slight,p2_newer,hard_p1_slight
11304962,59836791,15227,2020/9/1,133828.2727,21.0,"Single Family Residence, Residential",1932,2,4,3600.0,sqft,"Hot Water, Natural Gas","Central Air, Electric",unknown,141500.0,15227,2020/9/1,127638.0,17.0,"Single Family Residence, Residential",1948,1,3,6860.0,sqft,Natural Gas,Central Air,unknown,115000.0,2.0,1.0,False,18.727915194346288,hard,1,1,-16,-3260.0,p1_slight,similar,hard_p1_slight
11305084,11354510,15227,2020/9/1,183286.0,27.0,"Single Family Residence, Residential",1950,3,3,10602.0,sqft,"Forced Air, Natural Gas",Central Air,unknown,192499.0,15227,2020/9/1,165573.3333,38.66666667,"Single Family Residence, Residential",1936,5,4,6128.0,sqft,"Forced Air, Natural Gas",Central Air,unknown,138500.0,2.0,1.0,False,28.051574293892433,medium,-1,-2,14,4474.0,p2_more,p1_slight,medium_p2_more
11305084,11642317,15227,2020/9/1,183286.0,27.0,"Single Family Residence, Residential",1950,3,3,10602.0,sqft,"Forced Air, Natural Gas",Central Air,unknown,192499.0,15227,2020/9/1,212464.5833,12.08333333,"Single Family Residence, Residential",1959,2,3,7700.0,sqft,"Forced Air, Natural Gas",Central Air,unknown,245000.0,1.0,2.0,False,21.428979591836736,hard,0,1,-9,2902.0,equal,similar,hard_equal
11305304,11646121,15227,2020/9/1,158396.0,24.0,"Single Family Residence, Residential",1930,2,3,7200.0,sqft,"Forced Air, Natural Gas",Central Air,unknown,186000.0,15227,2020/9/1,126263.6,20.8,"Single Family Residence, Residential",1954,1,3,9495.0,sqft,"Forced Air, Natural Gas",Central Air,unknown,124900.0,2.0,1.0,False,32.8494623655914,medium,0,1,-24,-2295.0,equal,p2_newer,medium_equal
11353784,11391086,15227,2020/9/1,155297.75,18.5,"Single Family Residence, Residential",1957,2,4,5222.0,sqft,"Forced Air, Natural Gas",Central Air,unknown,160000.0,15227,2020/9/1,183246.0,15.6,"Single Family Residence, Residential",1952,3,3,6098.0,sqft,Natural Gas,Central Air,unknown,197000.0,,2.0,False,18.781725888324875,hard,1,-1,5,-876.0,p1_slight,p1_slight,hard_p1_slight
11353805,59836791,15227,2020/9/1,123258.8,27.0,"Single Family Residence, Residential",1940,1,2,3937.0,sqft,"Hot Water, Natural Gas",Wall Unit(s),unknown,145000.0,15227,2020/9/1,127638.0,17.0,"Single Family Residence, Residential",1948,1,3,6860.0,sqft,Natural Gas,Central Air,unknown,115000.0,2.0,1.0,False,20.689655172413794,hard,-1,0,-8,-2923.0,p2_more,similar,hard_p2_more
11354510,11391086,15227,2020/9/1,165573.3333,38.66666667,"Single Family Residence, Residential",1936,5,4,6128.0,sqft,"Forced Air, Natural Gas",Central Air,unknown,138500.0,15227,2020/9/1,183246.0,15.6,"Single Family Residence, Residential",1952,3,3,6098.0,sqft,Natural Gas,Central Air,unknown,197000.0,1.0,2.0,False,29.695431472081218,medium,1,2,-16,30.0,p1_slight,similar,medium_p1_slight
11302826,11645656,15227,2021/1/1,142042.0,26.0,"Single Family Residence, Residential",1941,2,3,1.0,Acres,"Forced Air, Natural Gas",Central Air,unknown,163000.0,15227,2021/1/1,153670.4,23.6,"Single Family Residence, Residential",1954,2,3,0.35,Acres,"Forced Air, Natural Gas","Central Air, Electric",unknown,209900.0,1.0,2.0,False,22.34397332062887,hard,0,0,-13,0.65,equal,similar,hard_equal
11304473,11645050,15227,2021/1/1,137282.4615,21.0,"Single Family Residence, Residential",1926,2,4,3750.0,sqft,"Forced Air, Natural Gas",Central Air,unknown,141780.0,15227,2021/1/1,116517.8182,21.0,"Single Family Residence, Residential",1955,2,3,6211.0,sqft,"Forced Air, Natural Gas","Central Air, Electric",unknown,194000.0,,2.0,False,26.917525773195877,medium,1,0,-29,-2461.0,p1_slight,p2_newer,medium_p1_slight
11304783,11392207,15227,2021/1/1,148415.8571,23.0,"Single Family Residence, Residential",1949,1,3,3998.0,sqft,"Forced Air, Natural Gas",Central Air,unknown,149900.0,15227,2021/1/1,122509.8889,22.88888889,"Single Family Residence, Residential",1942,1,2,7750.0,sqft,"Forced Air, Natural Gas",Central Air,unknown,119900.0,2.0,1.0,False,20.0133422281521,hard,1,0,7,-3752.0,p1_slight,p1_slight,hard_p1_slight
11304220,11554456,15227,2021/10/1,179825.4237,13.45762712,"Single Family Residence, Residential",1935,2,3,3001.0,sqft,"Forced Air, Natural Gas",Central Air,unknown,170000.0,15227,2021/10/1,152068.4211,28.78947368,"Single Family Residence, Residential",1952,3,3,6686.0,sqft,Natural Gas,Electric,unknown,125000.0,2.0,1.0,False,26.47058823529412,medium,0,-1,-17,-3685.0,equal,similar,medium_equal
11304833,11392261,15227,2021/10/1,239149.1525,16.40677966,"Single Family Residence, Residential",1920,2,4,3740.0,sqft,"Forced Air, Natural Gas",Central Air,unknown,270000.0,15227,2021/10/1,232188.8889,14.0,"Single Family Residence, Residential",1956,2,3,6624.0,sqft,"Forced Air, Natural Gas",Central Air,unknown,202500.0,2.0,1.0,False,25.0,hard,1,0,-36,-2884.0,p1_slight,p2_newer,hard_p1_slight
11305769,11554456,15227,2021/10/1,154461.5942,19.96376812,"Single Family Residence, Residential",1955,2,3,5580.0,sqft,"Forced Air, Natural Gas",Central Air,unknown,155000.0,15227,2021/10/1,152068.4211,28.78947368,"Single Family Residence, Residential",1952,3,3,6686.0,sqft,Natural Gas,Electric,unknown,125000.0,2.0,1.0,False,19.35483870967742,hard,0,-1,3,-1106.0,equal,p1_slight,hard_equal
11306234,11554456,15227,2021/10/1,169181.3559,16.10169492,"Single Family Residence, Residential",1948,2,3,4264.0,sqft,"Forced Air, Natural Gas","Central Air, Electric",unknown,175000.0,15227,2021/10/1,152068.4211,28.78947368,"Single Family Residence, Residential",1952,3,3,6686.0,sqft,Natural Gas,Electric,unknown,125000.0,2.0,1.0,False,28.57142857142857,medium,0,-1,-4,-2422.0,equal,similar,medium_equal
11353998,11554456,15227,2021/10/1,174530.5085,17.18644068,"Single Family Residence, Residential",1945,2,3,5998.0,sqft,"Forced Air, Natural Gas",Central Air,unknown,170000.0,15227,2021/10/1,152068.4211,28.78947368,"Single Family Residence, Residential",1952,3,3,6686.0,sqft,Natural Gas,Electric,unknown,125000.0,2.0,1.0,False,26.47058823529412,medium,0,-1,-7,-688.0,equal,similar,medium_equal
11303511,11646080,15227,2021/11/1,155927.5362,18.34782609,"Single Family Residence, Residential",1959,2,2,7806.0,sqft,"Forced Air, Natural Gas",Central Air,unknown,165000.0,15227,2021/11/1,146073.5294,33.22794118,"Single Family Residence, Residential",1925,1,4,4020.0,sqft,"Forced Air, Natural Gas",Central Air,unknown,128000.0,2.0,1.0,False,22.424242424242426,hard,-2,1,34,3786.0,p2_more,p1_much,hard_p2_more
11303525,11646080,15227,2021/11/1,173400.0,18.0,"Single Family Residence, Residential",1955,1,3,6242.0,sqft,Natural Gas,Electric,unknown,157500.0,15227,2021/11/1,146073.5294,33.22794118,"Single Family Residence, Residential",1925,1,4,4020.0,sqft,"Forced Air, Natural Gas",Central Air,unknown,128000.0,,1.0,False,18.73015873015873,hard,-1,0,30,2222.0,p2_more,p1_much,hard_p2_more
11354012,11646080,15227,2021/11/1,156584.7458,22.20338983,"Single Family Residence, Residential",1958,2,3,2962.0,sqft,"Forced Air, Natural Gas","Central Air, Wall Unit(s)",unknown,165000.0,15227,2021/11/1,146073.5294,33.22794118,"Single Family Residence, Residential",1925,1,4,4020.0,sqft,"Forced Air, Natural Gas",Central Air,unknown,128000.0,2.0,1.0,False,22.424242424242426,hard,-1,1,33,-1058.0,p2_more,p1_much,hard_p2_more
11303999,11353886,15227,2021/12/1,146812.3188,16.01449275,"Single Family Residence, Residential",1927,1,3,2500.0,sqft,"Forced Air, Natural Gas",Central Air,unknown,164900.0,15227,2021/12/1,152752.1127,20.47887324,"Single Family Residence, Residential",1920,1,4,8000.0,sqft,"Hot Water, Natural Gas",Window A/C,unknown,120000.0,2.0,1.0,False,27.228623408126136,medium,-1,0,7,-5500.0,p2_more,p1_slight,medium_p2_more
11304566,11353886,15227,2021/12/1,123032.3,23.65,"Single Family Residence, Residential",1939,2,3,5196.0,sqft,"Hot Water, Natural Gas",Central Air,unknown,145000.0,15227,2021/12/1,152752.1127,20.47887324,"Single Family Residence, Residential",1920,1,4,8000.0,sqft,"Hot Water, Natural Gas",Window A/C,unknown,120000.0,2.0,1.0,False,17.24137931034483,hard,-1,1,19,-2804.0,p2_more,p1_slight,hard_p2_more
11353886,11554037,15227,2021/12/1,152752.1127,20.47887324,"Single Family Residence, Residential",1920,1,4,8000.0,sqft,"Hot Water, Natural Gas",Window A/C,unknown,120000.0,15227,2021/12/1,140338.8889,29.33333333,"Single Family Residence, Residential",1955,2,2,7020.0,sqft,"Forced Air, Natural Gas",Central Air,unknown,158000.0,1.0,2.0,False,24.050632911392405,hard,2,-1,-35,980.0,p1_much,p2_newer,hard_p1_much
11354471,11390865,15227,2021/12/1,200626.7606,23.4084507,"Single Family Residence, Residential",1936,3,3,4203.0,sqft,"Hot Water, Natural Gas",Central Air,unknown,225000.0,15227,2021/12/1,168451.3889,23.98611111,"Single Family Residence, Residential",1946,2,3,6499.0,sqft,"Forced Air, Natural Gas",Central Air,unknown,163000.0,2.0,1.0,False,27.555555555555557,medium,0,1,-10,-2296.0,equal,similar,medium_equal
11354471,11391777,15227,2021/12/1,200626.7606,23.4084507,"Single Family Residence, Residential",1936,3,3,4203.0,sqft,"Hot Water, Natural Gas",Central Air,unknown,225000.0,15227,2021/12/1,224375.7962,16.42038217,"Single Family Residence, Residential",1952,2,3,8102.0,sqft,"Forced Air, Natural Gas","Central Air, Electric",unknown,175100.0,2.0,1.0,False,22.177777777777777,hard,0,1,-16,-3899.0,equal,similar,hard_equal
11354471,11392229,15227,2021/12/1,200626.7606,23.4084507,"Single Family Residence, Residential",1936,3,3,4203.0,sqft,"Hot Water, Natural Gas",Central Air,unknown,225000.0,15227,2021/12/1,205255.5556,17.22222222,"Single Family Residence, Residential",1955,2,3,9000.0,sqft,"Forced Air, Natural Gas",Central Air,unknown,159000.0,2.0,1.0,False,29.333333333333332,medium,0,1,-19,-4797.0,equal,similar,medium_equal
11354471,11392491,15227,2021/12/1,200626.7606,23.4084507,"Single Family Residence, Residential",1936,3,3,4203.0,sqft,"Hot Water, Natural Gas",Central Air,unknown,225000.0,15227,2021/12/1,182872.2222,24.375,"Single Family Residence, Residential",1950,2,3,8999.0,sqft,Natural Gas,Central Air,unknown,175000.0,2.0,1.0,False,22.22222222222222,hard,0,1,-14,-4796.0,equal,similar,hard_equal
11392008,11554212,15227,2021/12/1,222554.7,20.0,"Single Family Residence, Residential",1956,2,3,7801.0,sqft,Natural Gas,Electric,Attached Garage,225000.0,15227,2021/12/1,185066.1017,27.06779661,"Single Family Residence, Residential",1948,2,3,5000.0,sqft,Natural Gas,Central Air,Attached Garage,169000.0,,1.0,False,24.88888888888889,hard,0,0,8,2801.0,equal,p1_slight,hard_equal
11353482,11354293,15227,2021/2/1,175079.6667,20.33333333,"Single Family Residence, Residential",1930,2,3,4800.0,sqft,"Forced Air, Natural Gas",Central Air,unknown,184900.0,15227,2021/2/1,150098.25,17.0,"Single Family Residence, Residential",1935,2,3,4800.0,sqft,"Forced Air, Natural Gas",Central Air,unknown,129000.0,2.0,1.0,False,30.23255813953488,medium,0,0,-5,0.0,equal,similar,medium_equal
11390910,11646033,15227,2021/3/1,113797.0,21.0,"Single Family Residence, Residential",1946,1,3,7200.0,sqft,"Forced Air, Natural Gas",Central Air,unknown,149900.0,15227,2021/3/1,130145.5833,41.16666667,"Single Family Residence, Residential",1928,2,3,7819.0,sqft,Natural Gas,Central Air,unknown,123500.0,2.0,1.0,False,17.61174116077385,hard,0,-1,18,-619.0,equal,p1_slight,hard_equal
11391550,11646033,15227,2021/3/1,174390.0714,20.21428571,"Single Family Residence, Residential",1935,1,3,6500.0,sqft,"Forced Air, Natural Gas",Central Air,unknown,168000.0,15227,2021/3/1,130145.5833,41.16666667,"Single Family Residence, Residential",1928,2,3,7819.0,sqft,Natural Gas,Central Air,unknown,123500.0,2.0,1.0,False,26.488095238095237,medium,0,-1,7,-1319.0,equal,p1_slight,medium_equal
11304797,11355146,15227,2021/4/1,176218.0,16.0,"Single Family Residence, Residential",1965,2,4,3959.0,sqft,"Forced Air, Natural Gas",Central Air,unknown,175000.0,15227,2021/4/1,196981.25,17.5,"Single Family Residence, Residential",1946,2,2,7700.0,sqft,"Hot Water, Natural Gas",Wall Unit(s),unknown,216500.0,1.0,2.0,False,19.168591224018474,hard,2,0,19,-3741.0,p1_much,p1_slight,hard_p1_much
11305318,11554135,15227,2021/4/1,192209.0,15.0,"Single Family Residence, Residential",1930,2,4,9391.0,sqft,"Hot Water, Natural Gas",Window A/C,unknown,227000.0,15227,2021/4/1,169418.3571,19.42857143,"Single Family Residence, Residential",1951,2,3,8145.0,sqft,"Forced Air, Natural Gas",Central Air,unknown,173500.0,2.0,1.0,False,23.568281938325992,hard,1,0,-21,1246.0,p1_slight,p2_newer,hard_p1_slight
11305776,11554528,15227,2021/4/1,137736.2727,22.18181818,"Single Family Residence, Residential",1956,2,3,6525.0,sqft,"Forced Air, Natural Gas",Central Air,unknown,110900.0,15227,2021/4/1,118933.75,24.91666667,"Single Family Residence, Residential",1959,2,3,4312.0,sqft,"Forced Air, Natural Gas",Central Air,unknown,210000.0,1.0,2.0,False,47.19047619047619,easy,0,0,-3,2213.0,equal,similar,easy_equal
11554528,11554555,15227,2021/4/1,118933.75,24.91666667,"Single Family Residence, Residential",1959,2,3,4312.0,sqft,"Forced Air, Natural Gas",Central Air,unknown,210000.0,15227,2021/4/1,146332.0,42.0,"Single Family Residence, Residential",1946,3,3,6750.0,sqft,"Forced Air, Natural Gas",Central Air,unknown,155000.0,2.0,1.0,False,26.190476190476193,medium,0,-1,13,-2438.0,equal,p1_slight,medium_equal
11304782,11391555,15227,2021/5/1,189647.5,17.5,"Single Family Residence, Residential",1938,2,3,0.31,Acres,"Hot Water, Natural Gas",Window A/C,unknown,189900.0,15227,2021/5/1,216351.0,21.16666667,"Single Family Residence, Residential",1948,2,3,8163.0,sqft,"Forced Air, Natural Gas",Central Air,unknown,228500.0,,2.0,False,16.89277899343545,hard,0,0,-10,-8162.69,equal,similar,hard_equal
11353799,11391496,15227,2021/5/1,189000.0,23.0,"Single Family Residence, Residential",1952,2,3,10606.0,sqft,Natural Gas,Electric,unknown,215000.0,15227,2021/5/1,171693.2727,16.18181818,"Single Family Residence, Residential",1963,3,4,7100.0,sqft,"Hot Water, Natural Gas",Central Air,unknown,175000.0,2.0,1.0,False,18.6046511627907,hard,-1,-1,-11,3506.0,p2_more,similar,hard_p2_more
11303483,11306307,15227,2021/6/1,187940.4,13.0,"Single Family Residence, Residential",1958,2,2,7290.0,sqft,"Forced Air, Natural Gas",Central Air,unknown,200000.0,15227,2021/6/1,199075.6667,17.0,"Single Family Residence, Residential",1956,2,3,10598.0,sqft,Natural Gas,Central Air,unknown,130000.0,2.0,1.0,False,35.0,medium,-1,0,2,-3308.0,p2_more,p1_slight,medium_p2_more
11303483,11392585,15227,2021/6/1,187940.4,13.0,"Single Family Residence, Residential",1958,2,2,7290.0,sqft,"Forced Air, Natural Gas",Central Air,unknown,200000.0,15227,2021/6/1,215452.0,18.0,"Single Family Residence, Residential",1954,2,2,9000.0,sqft,"Forced Air, Natural Gas",Central Air,unknown,164900.0,2.0,1.0,False,17.549999999999997,hard,0,0,4,-1710.0,equal,p1_slight,hard_equal
11305045,11306307,15227,2021/6/1,177300.3333,16.25,"Single Family Residence, Residential",1940,2,3,4203.0,sqft,"Forced Air, Natural Gas","Central Air, Electric",unknown,196500.0,15227,2021/6/1,199075.6667,17.0,"Single Family Residence, Residential",1956,2,3,10598.0,sqft,Natural Gas,Central Air,unknown,130000.0,2.0,1.0,False,33.842239185750635,medium,0,0,-16,-6395.0,equal,similar,medium_equal
11306307,11354062,15227,2021/6/1,199075.6667,17.0,"Single Family Residence, Residential",1956,2,3,10598.0,sqft,Natural Gas,Central Air,unknown,130000.0,15227,2021/6/1,165425.6154,21.38461538,"Single Family Residence, Residential",1979,2,3,5515.0,sqft,"Forced Air, Natural Gas",Central Air,unknown,188000.0,1.0,2.0,False,30.851063829787233,medium,0,0,-23,5083.0,equal,p2_newer,medium_equal
11306307,11354115,15227,2021/6/1,199075.6667,17.0,"Single Family Residence, Residential",1956,2,3,10598.0,sqft,Natural Gas,Central Air,unknown,130000.0,15227,2021/6/1,199204.1538,17.38461538,"Single Family Residence, Residential",1940,1,3,4399.0,sqft,"Hot Water, Natural Gas",Window A/C,unknown,200500.0,1.0,2.0,False,35.16209476309227,medium,0,1,16,6199.0,equal,p1_slight,medium_equal
11306307,11354175,15227,2021/6/1,199075.6667,17.0,"Single Family Residence, Residential",1956,2,3,10598.0,sqft,Natural Gas,Central Air,unknown,130000.0,15227,2021/6/1,181231.8182,17.54545455,"Single Family Residence, Residential",1942,2,4,5390.0,sqft,"Forced Air, Natural Gas",Central Air,unknown,220000.0,1.0,2.0,False,40.909090909090914,easy,-1,0,14,5208.0,p2_more,p1_slight,easy_p2_more
11306307,11355562,15227,2021/6/1,199075.6667,17.0,"Single Family Residence, Residential",1956,2,3,10598.0,sqft,Natural Gas,Central Air,unknown,130000.0,15227,2021/6/1,195053.9231,13.84615385,"Single Family Residence, Residential",1953,2,2,8999.0,sqft,"Forced Air, Natural Gas",Central Air,unknown,185000.0,1.0,2.0,False,29.72972972972973,medium,1,0,3,1599.0,p1_slight,p1_slight,medium_p1_slight
11306307,11392585,15227,2021/6/1,199075.6667,17.0,"Single Family Residence, Residential",1956,2,3,10598.0,sqft,Natural Gas,Central Air,unknown,130000.0,15227,2021/6/1,215452.0,18.0,"Single Family Residence, Residential",1954,2,2,9000.0,sqft,"Forced Air, Natural Gas",Central Air,unknown,164900.0,1.0,2.0,False,21.16434202546998,hard,1,0,2,1598.0,p1_slight,p1_slight,hard_p1_slight
11306307,11392669,15227,2021/6/1,199075.6667,17.0,"Single Family Residence, Residential",1956,2,3,10598.0,sqft,Natural Gas,Central Air,unknown,130000.0,15227,2021/6/1,171337.0,19.0,"Single Family Residence, Residential",1953,2,2,8123.0,sqft,"Forced Air, Natural Gas",Central Air,unknown,207500.0,1.0,2.0,False,37.34939759036144,medium,1,0,3,2475.0,p1_slight,p1_slight,medium_p1_slight
11306307,11554565,15227,2021/6/1,199075.6667,17.0,"Single Family Residence, Residential",1956,2,3,10598.0,sqft,Natural Gas,Central Air,unknown,130000.0,15227,2021/6/1,186752.0,14.42857143,"Single Family Residence, Residential",1950,2,3,6000.0,sqft,"Forced Air, Natural Gas",Central Air,unknown,184900.0,1.0,2.0,False,29.69172525689562,medium,0,0,6,4598.0,equal,p1_slight,medium_equal
11306307,11642267,15227,2021/6/1,199075.6667,17.0,"Single Family Residence, Residential",1956,2,3,10598.0,sqft,Natural Gas,Central Air,unknown,130000.0,15227,2021/6/1,200691.6364,13.18181818,"Single Family Residence, Residential",1951,1,3,9099.0,sqft,"Forced Air, Natural Gas",Central Air,unknown,182500.0,1.0,2.0,False,28.767123287671232,medium,0,1,5,1499.0,equal,p1_slight,medium_equal
11306307,11645123,15227,2021/6/1,199075.6667,17.0,"Single Family Residence, Residential",1956,2,3,10598.0,sqft,Natural Gas,Central Air,unknown,130000.0,15227,2021/6/1,169703.7143,19.95238095,"Single Family Residence, Residential",1984,1,3,2979.0,sqft,"Forced Air, Natural Gas",Central Air,unknown,199000.0,1.0,2.0,False,34.67336683417086,medium,0,1,-28,7619.0,equal,p2_newer,medium_equal
11354115,11392585,15227,2021/6/1,199204.1538,17.38461538,"Single Family Residence, Residential",1940,1,3,4399.0,sqft,"Hot Water, Natural Gas",Window A/C,unknown,200500.0,15227,2021/6/1,215452.0,18.0,"Single Family Residence, Residential",1954,2,2,9000.0,sqft,"Forced Air, Natural Gas",Central Air,unknown,164900.0,2.0,1.0,False,17.75561097256858,hard,1,-1,-14,-4601.0,p1_slight,similar,hard_p1_slight
11354411,11391767,15227,2021/6/1,250088.0,24.0,"Single Family Residence, Residential",1958,2,3,1.43,Acres,"Forced Air, Natural Gas","Central Air, Electric",unknown,243254.0,15227,2021/6/1,294658.0,21.0,"Single Family Residence, Residential",1954,3,4,0.32,Acres,"Forced Air, Natural Gas",Central Air,unknown,295000.0,1.0,2.0,False,17.541016949152542,hard,-1,-1,4,1.1099999999999999,p2_more,p1_slight,hard_p2_more
11354411,11392687,15227,2021/6/1,250088.0,24.0,"Single Family Residence, Residential",1958,2,3,1.43,Acres,"Forced Air, Natural Gas","Central Air, Electric",unknown,243254.0,15227,2021/6/1,215829.3333,39.88888889,"Single Family Residence, Residential",1940,4,6,0.31,Acres,Natural Gas,Central Air,unknown,304270.0,,2.0,False,20.05324218621619,hard,-3,-2,18,1.1199999999999999,p2_more,p1_slight,hard_p2_more
11392585,87990071,15227,2021/6/1,215452.0,18.0,"Single Family Residence, Residential",1954,2,2,9000.0,sqft,"Forced Air, Natural Gas",Central Air,unknown,164900.0,15227,2021/6/1,245571.4545,10.86363636,"Condominium, Single Family Residence, Townhouse, Residential",2007,3,3,914.76,sqft,"Forced Air, Natural Gas","Central Air, Electric",unknown,256000.0,1.0,2.0,False,35.5859375,medium,-1,-1,-53,8085.24,p2_more,p2_newer,medium_p2_more
11303240,11354274,15227,2021/7/1,166312.0,33.0,"Single Family Residence, Residential",1954,2,2,7200.0,sqft,"Forced Air, Natural Gas",Central Air,unknown,152000.0,15227,2021/7/1,193812.9583,18.5,"Single Family Residence, Residential",1938,3,4,3902.0,sqft,"Forced Air, Natural Gas",Central Air,unknown,205000.0,1.0,2.0,False,25.853658536585368,medium,-2,-1,16,3298.0,p2_more,p1_slight,medium_p2_more
11304561,11390837,15227,2021/8/1,164632.55,18.55,"Single Family Residence, Residential",1920,2,4,6869.0,sqft,"Forced Air, Natural Gas",Central Air,unknown,149900.0,15227,2021/8/1,136667.0,22.25,"Single Family Residence, Residential",1954,2,2,6300.0,sqft,"Forced Air, Natural Gas",Central Air,unknown,187000.0,1.0,2.0,False,19.83957219251337,hard,2,0,-34,569.0,p1_much,p2_newer,hard_p1_much
11304561,11646129,15227,2021/8/1,164632.55,18.55,"Single Family Residence, Residential",1920,2,4,6869.0,sqft,"Forced Air, Natural Gas",Central Air,unknown,149900.0,15227,2021/8/1,185756.0952,18.0952381,"Single Family Residence, Residential",1945,2,3,4356.0,sqft,"Forced Air, Natural Gas",Central Air,unknown,184900.0,1.0,2.0,False,18.929150892374256,hard,1,0,-25,2513.0,p1_slight,p2_newer,hard_p1_slight
11305351,11306285,15227,2021/8/1,161588.8889,19.88888889,"Single Family Residence, Residential",1917,2,4,4621.0,sqft,Natural Gas,Central Air,unknown,210000.0,15227,2021/8/1,144732.7391,21.43478261,"Single Family Residence, Residential",1930,2,3,7840.0,sqft,"Forced Air, Natural Gas",Central Air,unknown,135000.0,2.0,1.0,False,35.714285714285715,medium,1,0,-13,-3219.0,p1_slight,similar,medium_p1_slight
11305351,11646070,15227,2021/8/1,161588.8889,19.88888889,"Single Family Residence, Residential",1917,2,4,4621.0,sqft,Natural Gas,Central Air,unknown,210000.0,15227,2021/8/1,179507.3333,17.58333333,"Single Family Residence, Residential",1953,2,3,5998.0,sqft,"Forced Air, Natural Gas",Central Air,unknown,175000.0,2.0,1.0,False,16.666666666666664,hard,1,0,-36,-1377.0,p1_slight,p2_newer,hard_p1_slight
11306285,11390837,15227,2021/8/1,144732.7391,21.43478261,"Single Family Residence, Residential",1930,2,3,7840.0,sqft,"Forced Air, Natural Gas",Central Air,unknown,135000.0,15227,2021/8/1,136667.0,22.25,"Single Family Residence, Residential",1954,2,2,6300.0,sqft,"Forced Air, Natural Gas",Central Air,unknown,187000.0,1.0,2.0,False,27.807486631016044,medium,1,0,-24,1540.0,p1_slight,p2_newer,medium_p1_slight
11306285,11554480,15227,2021/8/1,144732.7391,21.43478261,"Single Family Residence, Residential",1930,2,3,7840.0,sqft,"Forced Air, Natural Gas",Central Air,unknown,135000.0,15227,2021/8/1,160427.8571,17.28571429,"Single Family Residence, Residential",1957,2,2,4800.0,sqft,"Forced Air, Natural Gas",Central Air,unknown,165000.0,1.0,2.0,False,18.181818181818183,hard,1,0,-27,3040.0,p1_slight,p2_newer,hard_p1_slight
11391991,11392204,15227,2021/8/1,232944.4444,15.44444444,"Single Family Residence, Residential",1954,4,4,7801.0,sqft,"Forced Air, Natural Gas",Central Air,unknown,283000.0,15227,2021/8/1,218417.6522,14.65217391,"Single Family Residence, Residential",1956,2,4,0.46,Acres,"Forced Air, Natural Gas",Central Air,unknown,219000.0,2.0,1.0,False,22.614840989399294,hard,0,2,-2,7800.54,equal,similar,hard_equal
11302838,11391873,15227,2021/9/1,198922.0339,21.62711864,"Single Family Residence, Residential",1933,2,3,8006.0,sqft,"Hot Water, Natural Gas",Central Air,unknown,200000.0,15227,2021/9/1,232948.1667,12.83333333,"Single Family Residence, Residential",1957,2,3,7836.0,sqft,Natural Gas,Electric,unknown,243000.0,1.0,2.0,False,17.695473251028808,hard,0,0,-24,170.0,equal,p2_newer,hard_equal
11303640,11353903,15227,2021/9/1,158803.0,25.5,"Single Family Residence, Residential",1923,1,3,4092.0,sqft,"Forced Air, Natural Gas",Central Air,unknown,162500.0,15227,2021/9/1,143038.375,16.875,"Single Family Residence, Residential",1940,2,2,5837.0,sqft,"Forced Air, Natural Gas","Central Air, Electric",unknown,114900.0,2.0,1.0,False,29.29230769230769,medium,1,-1,-17,-1745.0,p1_slight,similar,medium_p1_slight
11304085,11305164,15227,2021/9/1,147955.9322,14.66101695,"Single Family Residence, Residential",1953,2,2,0.56,Acres,"Forced Air, Natural Gas",Central Air,unknown,145000.0,15227,2021/9/1,159411.1111,24.0,"Single Family Residence, Residential",1929,2,3,4730.0,sqft,"Forced Air, Natural Gas",Central Air,unknown,174000.0,1.0,2.0,False,16.666666666666664,hard,-1,0,24,-4729.44,p2_more,p1_much,hard_p2_more
11304085,11353744,15227,2021/9/1,147955.9322,14.66101695,"Single Family Residence, Residential",1953,2,2,0.56,Acres,"Forced Air, Natural Gas",Central Air,unknown,145000.0,15227,2021/9/1,133113.5593,34.6779661,"Single Family Residence, Residential",1949,2,3,5998.0,sqft,"Forced Air, Natural Gas",Central Air,unknown,179900.0,1.0,2.0,False,19.399666481378546,hard,-1,0,4,-5997.44,p2_more,p1_slight,hard_p2_more
11305408,11391075,15227,2021/9/1,205939.1818,24.72727273,"Single Family Residence, Residential",1910,3,5,10219.0,sqft,Natural Gas,Central Air,unknown,245000.0,15227,2021/9/1,177927.1186,13.38983051,"Single Family Residence, Residential",1950,2,2,7749.0,sqft,Natural Gas,Central Air,unknown,175000.0,2.0,1.0,False,28.57142857142857,medium,3,1,-40,2470.0,p1_much,p2_newer,medium_p1_much
11353903,11645341,15227,2021/9/1,143038.375,16.875,"Single Family Residence, Residential",1940,2,2,5837.0,sqft,"Forced Air, Natural Gas","Central Air, Electric",unknown,114900.0,15227,2021/9/1,127505.0847,31.94915254,"Single Family Residence, Residential",1940,2,3,4099.0,sqft,"Forced Air, Natural Gas",Gas,unknown,160000.0,1.0,2.0,False,28.1875,medium,-1,0,0,1738.0,p2_more,similar,medium_p2_more
11391873,11554301,15227,2021/9/1,232948.1667,12.83333333,"Single Family Residence, Residential",1957,2,3,7836.0,sqft,Natural Gas,Electric,unknown,243000.0,15227,2021/9/1,204727.1186,22.0,"Single Family Residence, Residential",1948,2,3,7649.0,sqft,"Forced Air, Natural Gas","Central Air, Electric",unknown,180000.0,2.0,1.0,False,25.925925925925924,medium,0,0,9,187.0,equal,p1_slight,medium_equal
11304584,11304602,15227,2022/1/1,164771.7391,11.67391304,"Single Family Residence, Residential",1937,3,3,5000.0,sqft,"Forced Air, Natural Gas","Central Air, Electric",unknown,185000.0,15227,2022/1/1,165947.8261,13.13043478,"Single Family Residence, Residential",1946,2,3,6128.0,sqft,"Forced Air, Natural Gas",Central Air,unknown,152500.0,,1.0,False,17.56756756756757,hard,0,1,-9,-1128.0,equal,similar,hard_equal
11302611,11645873,15227,2022/3/1,149202.8986,14.0,"Townhouse, Residential",1996,2,2,1045.0,sqft,"Forced Air, Natural Gas",Central Air,unknown,162900.0,15227,2022/3/1,151776.4706,13.76470588,"Single Family Residence, Residential",1958,1,3,5797.0,sqft,"Forced Air, Natural Gas",Electric,unknown,130000.0,2.0,1.0,False,20.196439533456108,hard,-1,1,38,-4752.0,p2_more,p1_much,hard_p2_more
11392044,11554231,15227,2022/3/1,317588.8889,19.44444444,"Single Family Residence, Residential",1954,3,3,9583.0,sqft,"Forced Air, Natural Gas",Central Air,Attached Garage,380000.0,15227,2022/3/1,350925.9583,16.375,"Single Family Residence, Residential",1950,4,4,0.28,Acres,"Forced Air, Natural Gas",Central Air,Garage Door Opener,315000.0,2.0,1.0,False,17.105263157894736,hard,-1,-1,4,9582.72,p2_more,p1_slight,hard_p2_more
11305383,11554285,15227,2022/4/1,98154.54545,54.18181818,"Single Family Residence, Residential",1940,1,3,4791.0,sqft,Natural Gas,unknown,unknown,175000.0,15227,2022/4/1,129564.2857,30.64285714,"Single Family Residence, Residential",1941,1,3,7997.0,sqft,Natural Gas,unknown,unknown,120000.0,2.0,1.0,False,31.428571428571427,medium,0,0,-1,-3206.0,equal,similar,medium_equal
11306092,11645336,15227,2022/4/1,142530.0,18.5,"Single Family Residence, Residential",1940,2,2,4469.0,sqft,Natural Gas,Central Air,unknown,145000.0,15227,2022/4/1,121248.2759,19.72413793,"Single Family Residence, Residential",1900,2,3,5201.0,sqft,"Forced Air, Natural Gas",Central Air,unknown,119000.0,2.0,1.0,False,17.93103448275862,hard,-1,0,40,-732.0,p2_more,p1_much,hard_p2_more
11306227,11554540,15227,2022/4/1,180358.9744,14.74358974,"Single Family Residence, Residential",1946,1,3,6621.0,sqft,"Forced Air, Natural Gas",Electric,unknown,200000.0,15227,2022/4/1,168657.1429,17.91729323,"Single Family Residence, Residential",1909,2,3,7588.0,sqft,Natural Gas,Central Air,unknown,150000.0,2.0,1.0,False,25.0,hard,0,-1,37,-967.0,equal,p1_much,hard_equal
11354711,11645108,15227,2022/4/1,151457.1429,20.0,"Single Family Residence, Residential",1947,1,3,6725.0,sqft,"Forced Air, Natural Gas",Central Air,unknown,145000.0,15227,2022/4/1,178830.7692,17.23076923,"Single Family Residence, Residential",1927,2,3,3149.0,sqft,"Forced Air, Natural Gas",Central Air,unknown,210000.0,1.0,2.0,False,30.952380952380953,medium,0,-1,20,3576.0,equal,p1_slight,medium_equal
11355144,11355250,15227,2022/4/1,244900.0,14.0,"Single Family Residence, Residential",1938,2,3,7492.0,sqft,Natural Gas,Central Air,unknown,266500.0,15227,2022/4/1,227403.3898,16.61016949,"Single Family Residence, Residential",1935,2,3,0.56,Acres,Natural Gas,Window A/C,unknown,214000.0,2.0,1.0,False,19.69981238273921,hard,0,0,3,7491.44,equal,p1_slight,hard_equal
11355250,11390795,15227,2022/4/1,227403.3898,16.61016949,"Single Family Residence, Residential",1935,2,3,0.56,Acres,Natural Gas,Window A/C,unknown,214000.0,15227,2022/4/1,189877.5,29.575,"Single Family Residence, Residential",1942,3,3,8141.0,sqft,"Forced Air, Natural Gas",Central Air,unknown,270000.0,1.0,2.0,False,20.74074074074074,hard,0,-1,-7,-8140.44,equal,similar,hard_equal
11390795,11392320,15227,2022/4/1,189877.5,29.575,"Single Family Residence, Residential",1942,3,3,8141.0,sqft,"Forced Air, Natural Gas",Central Air,unknown,270000.0,15227,2022/4/1,186428.5714,21.14285714,"Single Family Residence, Residential",1953,2,3,9583.0,sqft,"Forced Air, Natural Gas",Central Air,unknown,205000.0,2.0,1.0,False,24.074074074074073,hard,0,1,-11,-1442.0,equal,similar,hard_equal
11391996,11554204,15227,2022/4/1,218900.0,12.0,"Single Family Residence, Residential",1954,2,2,7148.0,sqft,"Forced Air, Natural Gas","Central Air, Electric",unknown,225000.0,15227,2022/4/1,190777.4436,17.03759398,"Single Family Residence, Residential",1951,1,3,6098.0,sqft,"Forced Air, Natural Gas",Central Air,unknown,152000.0,2.0,1.0,False,32.44444444444444,medium,-1,1,3,1050.0,p2_more,p1_slight,medium_p2_more
11428642,11551962,15227,2022/4/1,354440.0,14.5,"Single Family Residence, Residential",1983,4,4,7840.0,sqft,Natural Gas,Electric,unknown,410000.0,15227,2022/4/1,310326.3158,14.47368421,"Single Family Residence, Residential",1955,4,5,8250.0,sqft,"Forced Air, Natural Gas",Central Air,unknown,280000.0,2.0,1.0,False,31.70731707317073,medium,-1,0,28,-410.0,p2_more,p1_much,medium_p2_more
11554204,11645108,15227,2022/4/1,190777.4436,17.03759398,"Single Family Residence, Residential",1951,1,3,6098.0,sqft,"Forced Air, Natural Gas",Central Air,unknown,152000.0,15227,2022/4/1,178830.7692,17.23076923,"Single Family Residence, Residential",1927,2,3,3149.0,sqft,"Forced Air, Natural Gas",Central Air,unknown,210000.0,1.0,2.0,False,27.61904761904762,medium,0,-1,24,2949.0,equal,p1_much,medium_equal
11554540,11645108,15227,2022/4/1,168657.1429,17.91729323,"Single Family Residence, Residential",1909,2,3,7588.0,sqft,Natural Gas,Central Air,unknown,150000.0,15227,2022/4/1,178830.7692,17.23076923,"Single Family Residence, Residential",1927,2,3,3149.0,sqft,"Forced Air, Natural Gas",Central Air,unknown,210000.0,1.0,2.0,False,28.57142857142857,medium,0,0,-18,4439.0,equal,similar,medium_equal
11302843,11353363,15227,2022/5/1,204259.0361,15.71084337,"Single Family Residence, Residential",1955,2,3,0.38,Acres,"Forced Air, Natural Gas",Central Air,unknown,181500.0,15227,2022/5/1,198500.0,21.53846154,"Single Family Residence, Residential",1964,2,3,7039.0,sqft,"Forced Air, Natural Gas","Central Air, Electric",unknown,224900.0,1.0,2.0,False,19.297465540240108,hard,0,0,-9,-7038.62,equal,similar,hard_equal
11302843,11392239,15227,2022/5/1,204259.0361,15.71084337,"Single Family Residence, Residential",1955,2,3,0.38,Acres,"Forced Air, Natural Gas",Central Air,unknown,181500.0,15227,2022/5/1,236846.6667,30.4,"Single Family Residence, Residential",1951,4,3,8999.0,sqft,"Forced Air, Natural Gas",Central Air,unknown,311500.0,1.0,2.0,False,41.73354735152488,easy,0,-2,4,-8998.62,equal,p1_slight,easy_equal
11303668,11645826,15227,2022/6/1,89585.18519,10.0,"Single Family Residence, Residential",1920,1,3,3776.0,sqft,"Forced Air, Natural Gas","Central Air, Electric",Open Parking,155500.0,15227,2022/6/1,100600.0,57.0,"Single Family Residence, Residential",1910,3,4,2413.0,sqft,"Forced Air, Natural Gas",Central Air,Open Parking,115000.0,2.0,1.0,False,26.04501607717042,medium,-1,-2,10,1363.0,p2_more,p1_slight,medium_p2_more
11304408,11645826,15227,2022/6/1,148485.0,27.1,"Single Family Residence, Residential",1945,1,3,3850.0,sqft,"Hot Water, Natural Gas",Window A/C,Attached Garage,150000.0,15227,2022/6/1,100600.0,57.0,"Single Family Residence, Residential",1910,3,4,2413.0,sqft,"Forced Air, Natural Gas",Central Air,Open Parking,115000.0,,1.0,False,23.333333333333332,hard,-1,-2,35,1437.0,p2_more,p1_much,hard_p2_more
11305289,11306363,15227,2022/6/1,188246.3415,21.09756098,"Single Family Residence, Residential",1951,3,3,5636.0,sqft,"Forced Air, Natural Gas","Central Air, Electric",unknown,245000.0,15227,2022/6/1,179500.0,22.0,"Single Family Residence, Residential",1955,2,3,9748.0,sqft,"Forced Air, Natural Gas","Central Air, Electric",unknown,201000.0,2.0,1.0,False,17.959183673469386,hard,0,1,-4,-4112.0,equal,similar,hard_equal
11305289,11354083,15227,2022/6/1,188246.3415,21.09756098,"Single Family Residence, Residential",1951,3,3,5636.0,sqft,"Forced Air, Natural Gas","Central Air, Electric",unknown,245000.0,15227,2022/6/1,194221.7391,23.52173913,SingleFamily,1914,2,3,9000.0,sqft,"Forced air, Gas",Central,unknown,199000.0,2.0,1.0,False,18.775510204081634,hard,0,1,37,-3364.0,equal,p1_much,hard_equal
11305289,11391310,15227,2022/6/1,188246.3415,21.09756098,"Single Family Residence, Residential",1951,3,3,5636.0,sqft,"Forced Air, Natural Gas","Central Air, Electric",unknown,245000.0,15227,2022/6/1,198465.0,21.6,"Single Family Residence, Residential",1971,2,3,7801.0,sqft,"Forced Air, Natural Gas",Central Air,unknown,150000.0,2.0,1.0,False,38.775510204081634,medium,0,1,-20,-2165.0,equal,p2_newer,medium_equal
11306363,11642627,15227,2022/6/1,179500.0,22.0,"Single Family Residence, Residential",1955,2,3,9748.0,sqft,"Forced Air, Natural Gas","Central Air, Electric",unknown,201000.0,15227,2022/6/1,206907.5,19.9125,"Single Family Residence, Residential",1956,2,3,7927.0,sqft,"Forced Air, Natural Gas",Central Air,unknown,252000.0,1.0,2.0,False,20.238095238095237,hard,0,0,-1,1821.0,equal,similar,hard_equal
11354147,11390866,15227,2022/6/1,167588.172,13.74193548,"Single Family Residence, Residential",1939,2,3,5802.0,sqft,"Forced Air, Natural Gas",Central Air,unknown,162000.0,15227,2022/6/1,190635.4839,19.19354839,"Single Family Residence, Residential",1947,2,2,6499.0,sqft,"Forced Air, Natural Gas",Central Air,unknown,231520.0,1.0,2.0,False,30.027643400138217,medium,1,0,-8,-697.0,p1_slight,similar,medium_p1_slight
11357503,11397454,15228,2020/10/1,316810.9091,18.18181818,"Single Family Residence, Residential",1936,2,4,6000.0,sqft,"Forced Air, Natural Gas",Central Air,unknown,399900.0,15228,2020/10/1,275277.25,18.25,"Single Family Residence, Residential",1980,2,3,10125.0,sqft,"Forced Air, Natural Gas","Central Air, Electric",unknown,300000.0,2.0,1.0,False,24.981245311327832,hard,1,0,-44,-4125.0,p1_slight,p2_newer,hard_p1_slight
11309555,11309932,15228,2020/11/1,293188.4,19.0,"Single Family Residence, Residential",1948,2,3,5680.0,sqft,"Forced Air, Natural Gas",Central Air,unknown,350000.0,15228,2020/11/1,256977.1,15.6,"Single Family Residence, Residential",1948,2,3,6695.0,sqft,"Forced Air, Natural Gas",Central Air,unknown,237000.0,2.0,1.0,False,32.285714285714285,medium,0,0,0,-1015.0,equal,similar,medium_equal
11309600,11313492,15228,2020/12/1,288102.6923,16.46153846,"Single Family Residence, Residential",1942,2,3,5850.0,sqft,"Forced Air, Natural Gas",Central Air,unknown,290000.0,15228,2020/12/1,268579.0,19.0,"Single Family Residence, Residential",1926,2,4,0.31,Acres,"Forced Air, Natural Gas",Central Air,unknown,240000.0,2.0,1.0,False,17.24137931034483,hard,-1,0,16,5849.69,p2_more,p1_slight,hard_p2_more
11358563,11396982,15228,2020/7/1,399195.4,20.2,SingleFamily,1929,3,3,10837.0,sqft,Other,Central,unknown,520000.0,15228,2020/7/1,417226.0,17.77777778,SingleFamily,1952,2,3,0.37,Acres,"Other, Gas",Central,unknown,430000.0,2.0,1.0,False,17.307692307692307,hard,0,1,-23,10836.63,equal,p2_newer,hard_equal
11311879,11312003,15228,2020/9/1,205803.9091,24.09090909,"Single Family Residence, Residential",1920,2,3,3593.0,sqft,Natural Gas,Window A/C,unknown,230000.0,15228,2020/9/1,209514.3333,14.66666667,"Single Family Residence, Residential",1924,1,3,4800.0,sqft,"Hot Water, Natural Gas",Window A/C,unknown,160000.0,2.0,1.0,False,30.434782608695656,medium,0,1,-4,-1207.0,equal,similar,medium_equal
11310983,11358943,15228,2021/10/1,305583.0508,15.33898305,SingleFamily,1923,3,3,3773.0,sqft,"Radiant, Solar, Gas","Wall, Solar",unknown,279500.0,15228,2021/10/1,341986.4407,11.62711864,"Single Family Residence, Residential",1950,3,3,1067.0,sqft,Natural Gas,Central Air,unknown,350000.0,1.0,2.0,False,20.142857142857142,hard,0,0,-27,2706.0,equal,p2_newer,hard_equal
11309985,11311486,15228,2021/11/1,317614.3885,13.91366906,"Single Family Residence, Residential",1952,3,3,6821.0,sqft,Natural Gas,Central Air,unknown,289000.0,15228,2021/11/1,353896.4029,12.22302158,"Single Family Residence, Residential",1944,3,3,5750.0,sqft,"Forced Air, Natural Gas",Central Air,unknown,357734.0,1.0,2.0,False,19.2137174548687,hard,0,0,8,1071.0,equal,p1_slight,hard_equal
11309985,11398032,15228,2021/11/1,317614.3885,13.91366906,"Single Family Residence, Residential",1952,3,3,6821.0,sqft,Natural Gas,Central Air,unknown,289000.0,15228,2021/11/1,344035.8621,13.97241379,"Single Family Residence, Residential",1945,2,3,6067.0,sqft,"Forced Air, Natural Gas","Central Air, Electric",unknown,349900.0,1.0,2.0,False,17.40497284938554,hard,0,1,7,754.0,equal,p1_slight,hard_equal
11311360,11398069,15228,2021/11/1,348857.6271,12.54237288,"Single Family Residence, Residential",1926,2,3,0.31,Acres,"Hot Water, Natural Gas",Window A/C,unknown,340000.0,15228,2021/11/1,306021.3793,23.90344828,"Single Family Residence, Residential",1959,3,4,8441.0,sqft,Natural Gas,Central Air,unknown,434900.0,,2.0,False,21.821108300758794,hard,-1,-1,-33,-8440.69,p2_more,p2_newer,hard_p2_more
11309923,11312020,15228,2021/12/1,307163.3094,11.75539568,"Single Family Residence, Residential",1943,2,3,7200.0,sqft,"Forced Air, Natural Gas","Central Air, Electric",unknown,289900.0,15228,2021/12/1,310300.7194,22.98561151,"Single Family Residence, Residential",1931,3,3,4600.0,sqft,"Forced Air, Natural Gas",Central Air,unknown,360000.0,,2.0,False,19.47222222222222,hard,0,-1,12,2600.0,equal,p1_slight,hard_equal
11310034,11312095,15228,2021/12/1,347035.5932,11.11864407,"Single Family Residence, Residential",1939,2,3,6359.0,sqft,Natural Gas,"Attic Fan, Central Air",unknown,285000.0,15228,2021/12/1,320522.5352,24.71830986,"Single Family Residence, Residential",1930,2,3,5998.0,sqft,"Forced Air, Natural Gas",Central Air,unknown,350000.0,1.0,2.0,False,18.571428571428573,hard,0,0,9,361.0,equal,p1_slight,hard_equal
11312020,11312046,15228,2021/12/1,310300.7194,22.98561151,"Single Family Residence, Residential",1931,3,3,4600.0,sqft,"Forced Air, Natural Gas",Central Air,unknown,360000.0,15228,2021/12/1,270480.5755,14.14388489,"Single Family Residence, Residential",1927,2,4,4600.0,sqft,"Hot Water, Natural Gas","Window A/C, Central Air",unknown,260000.0,2.0,1.0,False,27.77777777777778,medium,-1,1,4,0.0,p2_more,p1_slight,medium_p2_more
11312046,11312095,15228,2021/12/1,270480.5755,14.14388489,"Single Family Residence, Residential",1927,2,4,4600.0,sqft,"Hot Water, Natural Gas","Window A/C, Central Air",unknown,260000.0,15228,2021/12/1,320522.5352,24.71830986,"Single Family Residence, Residential",1930,2,3,5998.0,sqft,"Forced Air, Natural Gas",Central Air,unknown,350000.0,1.0,2.0,False,25.71428571428571,medium,1,0,-3,-1398.0,p1_slight,similar,medium_p1_slight
11311760,11312006,15228,2021/6/1,285602.4,18.4,"Single Family Residence, Residential",1920,3,3,6750.0,sqft,"Forced Air, Natural Gas",Central Air,unknown,257500.0,15228,2021/6/1,260242.6364,19.54545455,"Single Family Residence, Residential",1930,4,3,7200.0,sqft,"Hot Water, Natural Gas","Window A/C, Electric",unknown,385000.0,1.0,2.0,False,33.116883116883116,medium,0,-1,-10,-450.0,equal,similar,medium_equal
11311760,11312102,15228,2021/6/1,285602.4,18.4,"Single Family Residence, Residential",1920,3,3,6750.0,sqft,"Forced Air, Natural Gas",Central Air,unknown,257500.0,15228,2021/6/1,289241.0,18.09090909,"Single Family Residence, Residential",1929,2,3,5749.0,sqft,Natural Gas,Central Air,unknown,347750.0,1.0,2.0,False,25.952552120776417,medium,0,1,-9,1001.0,equal,similar,medium_equal
11312417,11359516,15228,2021/7/1,517995.913,26.26086957,"Single Family Residence, Residential",1917,4,6,5549.0,sqft,"Forced Air, Natural Gas",Central Air,unknown,449900.0,15228,2021/7/1,578066.0,20.0,"Single Family Residence, Residential",1941,3,3,1292.0,sqft,"Forced Air, Natural Gas","Central Air, Electric",unknown,550000.0,1.0,2.0,False,18.2,hard,3,1,-24,4257.0,p1_much,p2_newer,hard_p1_much
11312417,11359571,15228,2021/7/1,517995.913,26.26086957,"Single Family Residence, Residential",1917,4,6,5549.0,sqft,"Forced Air, Natural Gas",Central Air,unknown,449900.0,15228,2021/7/1,610189.3,24.2,"Single Family Residence, Residential",1934,3,4,5450.0,sqft,"Hot Water, Natural Gas",Central Air,unknown,615000.0,1.0,2.0,False,26.84552845528455,medium,2,1,-17,99.0,p1_much,similar,medium_p1_much
11309948,11311989,15228,2021/8/1,335706.1304,21.47826087,"Single Family Residence, Residential",1941,3,3,0.25,Acres,"Forced Air, Natural Gas",Central Air,unknown,279000.0,15228,2021/8/1,343830.3478,22.17391304,"Single Family Residence, Residential",1925,4,4,6240.0,sqft,"Hot Water, Natural Gas",Window A/C,unknown,370000.0,1.0,2.0,False,24.594594594594597,hard,-1,-1,16,-6239.75,p2_more,p1_slight,hard_p2_more
11311989,11359909,15228,2021/8/1,343830.3478,22.17391304,"Single Family Residence, Residential",1925,4,4,6240.0,sqft,"Hot Water, Natural Gas",Window A/C,unknown,370000.0,15228,2021/8/1,293200.0,16.0,"Single Family Residence, Residential",1950,2,3,7500.0,sqft,"Forced Air, Natural Gas",Central Air,unknown,272000.0,2.0,1.0,False,26.486486486486488,medium,1,2,-25,-1260.0,p1_slight,p2_newer,medium_p1_slight
11357575,11397691,15228,2021/8/1,414998.3051,18.76271186,"Single Family Residence, Residential",1938,3,4,7200.0,sqft,Natural Gas,Central Air,unknown,379900.0,15228,2021/8/1,482235.1304,12.56521739,"Single Family Residence, Residential",1934,3,3,6394.0,sqft,"Forced Air, Natural Gas",Central Air,unknown,505000.0,1.0,2.0,False,24.77227722772277,hard,1,0,4,806.0,p1_slight,p1_slight,hard_p1_slight
11310317,11312258,15228,2022/3/1,254310.7914,10.36690647,"Single Family Residence, Residential",1952,2,3,4095.0,sqft,"Forced Air, Natural Gas",Central Air,unknown,247000.0,15228,2022/3/1,295325.0,24.78125,"Single Family Residence, Residential",1930,3,4,5174.0,sqft,"Hot Water, Natural Gas",Wall Unit(s),unknown,300000.0,1.0,2.0,False,17.666666666666668,hard,-1,-1,22,-1079.0,p2_more,p1_much,hard_p2_more
11309692,11312018,15228,2022/5/1,316125.0,13.0,"Single Family Residence, Residential",1949,2,3,7361.0,sqft,"Forced Air, Natural Gas",Central Air,unknown,390000.0,15228,2022/5/1,280661.5385,16.12820513,"Single Family Residence, Residential",1924,3,3,4617.0,sqft,Natural Gas,Central Air,unknown,296500.0,2.0,1.0,False,23.974358974358974,hard,0,-1,25,2744.0,equal,p1_much,hard_equal
11358785,11397255,15228,2022/5/1,524635.8974,18.61538462,"Single Family Residence, Residential",1949,4,4,8276.0,sqft,"Forced Air, Natural Gas","Central Air, Electric",unknown,570000.0,15228,2022/5/1,458898.6207,15.0137931,"Single Family Residence, Residential",1984,3,4,10454.0,sqft,"Forced Air, Natural Gas",Central Air,unknown,474900.0,,1.0,False,16.68421052631579,hard,0,1,-35,-2178.0,equal,p2_newer,hard_equal
11359777,11656491,15228,2022/5/1,382394.4444,17.44444444,"Single Family Residence, Residential",1956,3,3,6037.0,sqft,Natural Gas,Central Air,unknown,400196.0,15228,2022/5/1,435807.6923,16.38461538,"Single Family Residence, Residential",1925,2,4,5998.0,sqft,"Hot Water, Natural Gas","Central Air, Electric",unknown,517000.0,1.0,2.0,False,22.5926499032882,hard,-1,1,31,39.0,p2_more,p1_much,hard_p2_more
11309961,11312208,15228,2022/6/1,238330.0,15.5125,"Single Family Residence, Residential",1940,1,2,5092.0,sqft,"Forced Air, Natural Gas",Central Air,unknown,230400.0,15228,2022/6/1,246236.25,18.625,"Single Family Residence, Residential",1928,1,3,2517.0,sqft,"Radiant, Natural Gas",Window A/C,unknown,324000.0,1.0,2.0,False,28.888888888888886,medium,-1,0,12,2575.0,p2_more,p1_slight,medium_p2_more
11312208,11358332,15228,2022/6/1,246236.25,18.625,"Single Family Residence, Residential",1928,1,3,2517.0,sqft,"Radiant, Natural Gas",Window A/C,unknown,324000.0,15228,2022/6/1,229712.0879,14.41758242,"Single Family Residence, Residential",1920,2,2,2944.0,sqft,"Forced Air, Natural Gas",Central Air,unknown,265000.0,2.0,1.0,False,18.209876543209877,hard,1,-1,8,-427.0,p1_slight,p1_slight,hard_p1_slight
11359634,11396663,15228,2022/7/1,588761.7021,15.36170213,"Single Family Residence, Residential",1945,4,4,6939.0,sqft,"Hot Water, Natural Gas",Central Air,unknown,625000.0,15228,2022/7/1,524349.8462,13.76923077,"Single Family Residence, Residential",1928,4,4,10672.0,sqft,"Hot Water, Natural Gas",Central Air,unknown,505000.0,2.0,1.0,False,19.2,hard,0,0,17,-3733.0,equal,p1_slight,hard_equal
11406101,11406786,15229,2019/12/1,152185.3333,13.66666667,SingleFamily,1930,2,3,4800.0,sqft,Other,Central,unknown,175526.0,15229,2019/12/1,154964.5714,18.14285714,SingleFamily,1955,2,2,8380.0,sqft,"Wood / Pellet, Other, Forced air, Gas",Central,unknown,140000.0,2.0,1.0,False,20.239736563244193,hard,1,0,-25,-3580.0,p1_slight,p2_newer,hard_p1_slight
11406786,11408241,15229,2019/12/1,154964.5714,18.14285714,SingleFamily,1955,2,2,8380.0,sqft,"Wood / Pellet, Other, Forced air, Gas",Central,unknown,140000.0,15229,2019/12/1,143008.6154,28.0,SingleFamily,1905,2,3,0.37,Acres,"Forced air, Electric",Central,unknown,240000.0,1.0,2.0,False,41.66666666666667,easy,-1,0,50,8379.63,p2_more,p1_much,easy_p2_more
11406786,11408660,15229,2019/12/1,154964.5714,18.14285714,SingleFamily,1955,2,2,8380.0,sqft,"Wood / Pellet, Other, Forced air, Gas",Central,unknown,140000.0,15229,2019/12/1,171150.0,19.16666667,SingleFamily,1900,2,3,3598.0,sqft,Other,Wall,unknown,189000.0,1.0,2.0,False,25.925925925925924,medium,-1,0,55,4782.0,p2_more,p1_much,medium_p2_more
11405752,11440997,15229,2019/9/1,182801.75,10.0,SingleFamily,1930,2,2,5998.0,sqft,Other,unknown,unknown,186000.0,15229,2019/9/1,182385.9231,21.0,SingleFamily,1925,1,4,3240.0,sqft,"Forced air, Gas",unknown,unknown,142462.0,,1.0,False,23.40752688172043,hard,-2,1,5,2758.0,p2_more,p1_slight,hard_p2_more
11440626,11440872,15229,2020/1/1,219538.0286,14.6,SingleFamily,1952,2,3,10620.0,sqft,Other,Central,Garage - Attached,199500.0,15229,2020/1/1,239846.0,18.0,SingleFamily,1960,3,2,10044.0,sqft,Other,Central,Garage - Attached,260000.0,1.0,2.0,False,23.26923076923077,hard,1,-1,-8,576.0,p1_slight,similar,hard_p1_slight
11406847,11408116,15229,2020/10/1,168626.0833,11.83333333,"Townhouse, Residential",1986,2,2,1742.0,sqft,"Forced Air, Natural Gas",Central Air,unknown,183000.0,15229,2020/10/1,163467.6923,12.30769231,"Single Family Residence, Residential",1943,1,3,5566.0,sqft,"Forced Air, Natural Gas","Central Air, Electric",unknown,150000.0,2.0,1.0,False,18.0327868852459,hard,-1,1,43,-3824.0,p2_more,p1_much,hard_p2_more
11406847,11441578,15229,2020/10/1,168626.0833,11.83333333,"Townhouse, Residential",1986,2,2,1742.0,sqft,"Forced Air, Natural Gas",Central Air,unknown,183000.0,15229,2020/10/1,149722.3333,25.22222222,"Single Family Residence, Residential",1950,1,3,4000.0,sqft,"Forced Air, Natural Gas","Central Air, Electric",unknown,136000.0,2.0,1.0,False,25.683060109289617,medium,-1,1,36,-2258.0,p2_more,p1_much,medium_p2_more
11406911,11441578,15229,2020/10/1,160168.2,12.0,"Townhouse, Residential",1986,2,2,1663.0,sqft,"Forced Air, Natural Gas",Central Air,unknown,170450.0,15229,2020/10/1,149722.3333,25.22222222,"Single Family Residence, Residential",1950,1,3,4000.0,sqft,"Forced Air, Natural Gas","Central Air, Electric",unknown,136000.0,2.0,1.0,False,20.211205632150193,hard,-1,1,36,-2337.0,p2_more,p1_much,hard_p2_more
11408116,11408830,15229,2020/10/1,163467.6923,12.30769231,"Single Family Residence, Residential",1943,1,3,5566.0,sqft,"Forced Air, Natural Gas","Central Air, Electric",unknown,150000.0,15229,2020/10/1,164489.1429,20.28571429,"Single Family Residence, Residential",1925,2,3,3301.0,sqft,"Forced Air, Natural Gas",Central Air,unknown,208000.0,1.0,2.0,False,27.884615384615387,medium,0,-1,18,2265.0,equal,p1_slight,medium_equal
11439879,11482269,15229,2020/10/1,292207.3077,12.53846154,"Single Family Residence, Residential",1969,3,3,746.16,sqft,"Forced Air, Natural Gas",Central Air,unknown,347600.0,15229,2020/10/1,273864.6364,15.45454545,"Single Family Residence, Residential",1947,3,3,0.26,Acres,"Forced Air, Natural Gas",Central Air,unknown,262000.0,2.0,1.0,False,24.62600690448792,hard,0,0,22,745.9,equal,p1_much,hard_equal
11439879,87802078,15229,2020/10/1,292207.3077,12.53846154,"Single Family Residence, Residential",1969,3,3,746.16,sqft,"Forced Air, Natural Gas",Central Air,unknown,347600.0,15229,2020/10/1,289420.0,14.9,"Townhouse, Residential",2007,2,2,5662.0,sqft,"Forced Air, Natural Gas",Central Air,unknown,272000.0,2.0,1.0,False,21.74913693901036,hard,1,1,-38,-4915.84,p1_slight,p2_newer,hard_p1_slight
11441578,11441839,15229,2020/10/1,149722.3333,25.22222222,"Single Family Residence, Residential",1950,1,3,4000.0,sqft,"Forced Air, Natural Gas","Central Air, Electric",unknown,136000.0,15229,2020/10/1,157636.8,14.8,"Single Family Residence, Residential",1923,2,3,3598.0,sqft,"Hot Water, Natural Gas",Window A/C,unknown,170000.0,1.0,2.0,False,20.0,hard,0,-1,27,402.0,equal,p1_much,hard_equal
11405747,11440550,15229,2020/11/1,254164.3077,14.84615385,"Single Family Residence, Residential",1910,3,4,5998.0,sqft,"Forced Air, Natural Gas","Central Air, Electric",unknown,339888.0,15229,2020/11/1,249837.7273,14.36363636,"Single Family Residence, Residential",1950,2,4,0.29,Acres,"Forced Air, Natural Gas","Central Air, Electric",unknown,260525.0,2.0,1.0,False,23.349750506049052,hard,0,1,-40,5997.71,equal,p2_newer,hard_equal
11405747,11440662,15229,2020/11/1,254164.3077,14.84615385,"Single Family Residence, Residential",1910,3,4,5998.0,sqft,"Forced Air, Natural Gas","Central Air, Electric",unknown,339888.0,15229,2020/11/1,237334.2,15.4,"Single Family Residence, Residential",1959,2,3,6000.0,sqft,"Forced Air, Natural Gas",Central Air,unknown,237000.0,2.0,1.0,False,30.271148142917664,medium,1,1,-49,-2.0,p1_slight,p2_newer,medium_p1_slight
11405747,11441317,15229,2020/11/1,254164.3077,14.84615385,"Single Family Residence, Residential",1910,3,4,5998.0,sqft,"Forced Air, Natural Gas","Central Air, Electric",unknown,339888.0,15229,2020/11/1,246509.0,12.7,"Single Family Residence, Residential",1945,2,4,6250.0,sqft,"Forced Air, Natural Gas",Central Air,unknown,260000.0,2.0,1.0,False,23.504213152567903,hard,0,1,-35,-252.0,equal,p2_newer,hard_equal
11409343,11441200,15229,2020/11/1,248585.25,22.91666667,"Single Family Residence, Residential",1930,3,3,5500.0,sqft,Natural Gas,Window A/C,unknown,240000.0,15229,2020/11/1,246348.4615,21.07692308,"Single Family Residence, Residential",1940,1,3,8446.0,sqft,"Hot Water, Natural Gas","Other, Wall Unit(s), Window A/C",unknown,289900.0,1.0,2.0,False,17.21283201103829,hard,0,2,-10,-2946.0,equal,similar,hard_equal
11409041,11441336,15229,2020/12/1,176515.0,20.0,"Single Family Residence, Residential",1922,2,4,3301.0,sqft,Natural Gas,Central Air,unknown,222500.0,15229,2020/12/1,203068.2308,16.15384615,"Single Family Residence, Residential",1928,2,3,6250.0,sqft,"Forced Air, Natural Gas",Central Air,unknown,175000.0,,1.0,False,21.34831460674157,hard,1,0,-6,-2949.0,p1_slight,similar,hard_p1_slight
11369702,11406942,15229,2020/4/1,161952.3333,12.0,Townhouse,1984,2,2,1711.0,sqft,"Other, Gas",Central,unknown,168000.0,15229,2020/4/1,144323.9091,19.81818182,SingleFamily,1940,1,2,8049.0,sqft,Other,Central,unknown,135000.0,2.0,1.0,False,19.642857142857142,hard,0,1,44,-6338.0,equal,p1_much,hard_equal
11406354,11441044,15229,2020/4/1,201047.7778,12.66666667,SingleFamily,1976,2,3,6359.0,sqft,Forced air,Central,unknown,205000.0,15229,2020/4/1,185562.0,18.0,SingleFamily,1939,3,3,6000.0,sqft,"Forced air, Gas",Central,unknown,169900.0,2.0,1.0,False,17.121951219512198,hard,0,-1,37,359.0,equal,p1_much,hard_equal
11406760,11408563,15229,2020/4/1,163259.3636,14.0,SingleFamily,1931,2,3,6471.0,sqft,Forced air,Other,unknown,158000.0,15229,2020/4/1,176780.4444,20.77777778,SingleFamily,1930,1,3,4480.0,sqft,"Forced air, Gas",Central,unknown,217575.0,1.0,2.0,False,27.38136274847754,medium,0,1,1,1991.0,equal,p1_slight,medium_equal
11406942,11408563,15229,2020/4/1,144323.9091,19.81818182,SingleFamily,1940,1,2,8049.0,sqft,Other,Central,unknown,135000.0,15229,2020/4/1,176780.4444,20.77777778,SingleFamily,1930,1,3,4480.0,sqft,"Forced air, Gas",Central,unknown,217575.0,,2.0,False,37.952430196483974,medium,-1,0,10,3569.0,p2_more,p1_slight,medium_p2_more
11408563,11408795,15229,2020/4/1,176780.4444,20.77777778,SingleFamily,1930,1,3,4480.0,sqft,"Forced air, Gas",Central,unknown,217575.0,15229,2020/4/1,158086.0556,22.27777778,SingleFamily,1890,2,4,3301.0,sqft,Other,Central,unknown,155000.0,2.0,1.0,False,28.760197633000118,medium,-1,-1,40,1179.0,p2_more,p1_much,medium_p2_more
11408563,11441696,15229,2020/4/1,176780.4444,20.77777778,SingleFamily,1930,1,3,4480.0,sqft,"Forced air, Gas",Central,unknown,217575.0,15229,2020/4/1,164204.8333,17.58333333,SingleFamily,1933,2,2,6272.0,sqft,"Other, Baseboard, Gas",Other,unknown,175000.0,2.0,1.0,False,19.56796506951626,hard,1,-1,-3,-1792.0,p1_slight,similar,hard_p1_slight
11369699,11409027,15229,2020/6/1,164258.9,10.0,Townhouse,1989,2,2,2134.0,sqft,"Forced air, Gas",Central,unknown,165000.0,15229,2020/6/1,160193.5,20.3,SingleFamily,1950,2,2,5250.0,sqft,"Other, Gas",Central,unknown,124500.0,2.0,1.0,False,24.545454545454547,hard,0,0,39,-3116.0,equal,p1_much,hard_equal
11397160,11441735,15229,2020/6/1,161047.0909,14.0,SingleFamily,1955,1,2,0.28,Acres,"Forced air, Gas",Other,unknown,179900.0,15229,2020/6/1,156839.4118,10.82352941,"Single Family Residence, Residential",1956,1,3,6098.0,sqft,"Forced Air, Natural Gas",Central Air,unknown,148000.0,,1.0,False,17.73207337409672,hard,-1,0,-1,-6097.72,p2_more,similar,hard_p2_more
11408781,11441735,15229,2020/6/1,170874.75,17.5,SingleFamily,1929,2,4,3301.0,sqft,Other,Central,unknown,212000.0,15229,2020/6/1,156839.4118,10.82352941,"Single Family Residence, Residential",1956,1,3,6098.0,sqft,"Forced Air, Natural Gas",Central Air,unknown,148000.0,2.0,1.0,False,30.18867924528302,medium,1,1,-27,-2797.0,p1_slight,p2_newer,medium_p1_slight
11408978,11409027,15229,2020/6/1,191971.4,23.3,SingleFamily,1910,3,3,5370.0,sqft,Forced air,Central,unknown,185300.0,15229,2020/6/1,160193.5,20.3,SingleFamily,1950,2,2,5250.0,sqft,"Other, Gas",Central,unknown,124500.0,,1.0,False,32.81165677280086,medium,1,1,-40,120.0,p1_slight,p2_newer,medium_p1_slight
11406854,11440607,15229,2020/7/1,238330.0,13.0,SingleFamily,1984,2,3,9060.0,sqft,Other,Central,unknown,260000.0,15229,2020/7/1,239744.2,12.1,SingleFamily,1948,2,3,0.35,Acres,Other,Central,unknown,202000.0,2.0,1.0,False,22.30769230769231,hard,0,0,36,9059.65,equal,p1_much,hard_equal
11441579,104362856,15229,2020/7/1,144934.6,14.8,SingleFamily,1930,1,3,4007.0,sqft,Forced air,Central,unknown,112000.0,15229,2020/7/1,134753.5556,12.88888889,Townhouse,1960,2,2,1171.0,sqft,"Forced air, Gas",Other,unknown,142000.0,1.0,2.0,False,21.12676056338028,hard,1,-1,-30,2836.0,p1_slight,p2_newer,hard_p1_slight
11406306,11441182,15229,2020/8/1,229155.4,30.0,SingleFamily,1910,3,5,4800.0,sqft,Other,Central,unknown,226408.0,15229,2020/8/1,283228.6667,21.0,SingleFamily,1940,3,4,6272.0,sqft,Other,Central,unknown,330000.0,,2.0,False,31.391515151515154,medium,1,0,-30,-1472.0,p1_slight,p2_newer,medium_p1_slight
11370093,11441759,15229,2020/9/1,158409.7143,20.21428571,"Single Family Residence, Residential",1950,1,2,3598.0,sqft,"Forced Air, Natural Gas","Central Air, Electric",unknown,155000.0,15229,2020/9/1,188036.7273,15.09090909,"Single Family Residence, Residential",1922,2,3,7200.0,sqft,Radiant,Window A/C,unknown,206267.0,1.0,2.0,False,24.85467864466929,hard,-1,-1,28,-3602.0,p2_more,p1_much,hard_p2_more
11408537,11441176,15229,2020/9/1,185604.0,14.27272727,"Single Family Residence, Residential",1934,1,3,7091.0,sqft,"Forced Air, Natural Gas",Central Air,unknown,195000.0,15229,2020/9/1,214662.3846,20.38461538,"Single Family Residence, Residential",1940,2,2,7080.0,sqft,"Forced Air, Natural Gas",Central Air,unknown,256000.0,1.0,2.0,False,23.828125,hard,1,-1,-6,11.0,p1_slight,similar,hard_p1_slight
11408354,11408439,15229,2021/1/1,181748.75,34.625,"Single Family Residence, Residential",1900,2,4,3301.0,sqft,"Forced Air, Natural Gas",Window A/C,unknown,145000.0,15229,2021/1/1,196431.75,23.75,"Single Family Residence, Residential",1930,1,3,3789.0,sqft,"Hot Water, Natural Gas",Window A/C,unknown,208500.0,1.0,2.0,False,30.455635491606714,medium,1,1,-30,-488.0,p1_slight,p2_newer,medium_p1_slight
11406654,11441256,15229,2021/11/1,286416.9492,10.30508475,"Single Family Residence, Residential",1992,3,4,8001.0,sqft,Natural Gas,Central Air,unknown,270000.0,15229,2021/11/1,317524.6575,23.5890411,"Single Family Residence, Residential",1934,3,3,7801.0,sqft,"Forced Air, Natural Gas",Central Air,unknown,366000.0,1.0,2.0,False,26.229508196721312,medium,1,0,58,200.0,p1_slight,p1_much,medium_p1_slight
11441235,87994822,15229,2021/11/1,346764.3836,11.78082192,"Single Family Residence, Residential",1952,3,4,7800.0,sqft,"Forced Air, Natural Gas",Central Air,unknown,298500.0,15229,2021/11/1,350876.1905,11.0,SingleFamily,2008,3,3,8109.0,sqft,"Other, Gas",Central,unknown,362500.0,1.0,2.0,False,17.655172413793103,hard,1,0,-56,-309.0,p1_slight,p2_newer,hard_p1_slight
11405719,11409356,15229,2021/12/1,310475.6944,20.59722222,"Single Family Residence, Residential",1930,3,3,0.32,Acres,"Hot Water, Natural Gas",Central Air,unknown,352000.0,15229,2021/12/1,282231.9444,35.17361111,"Single Family Residence, Residential",1930,4,4,0.87,Acres,Natural Gas,Central Air,unknown,170000.0,2.0,1.0,False,51.70454545454546,easy,-1,-1,0,-0.55,p2_more,similar,easy_p2_more
11406850,11409356,15229,2021/12/1,248635.4167,16.04166667,"Single Family Residence, Residential",1984,2,3,6120.0,sqft,"Forced Air, Natural Gas",Central Air,unknown,230000.0,15229,2021/12/1,282231.9444,35.17361111,"Single Family Residence, Residential",1930,4,4,0.87,Acres,Natural Gas,Central Air,unknown,170000.0,2.0,1.0,False,26.08695652173913,medium,-1,-2,54,6119.13,p2_more,p1_much,medium_p2_more
11409356,11441113,15229,2021/12/1,282231.9444,35.17361111,"Single Family Residence, Residential",1930,4,4,0.87,Acres,Natural Gas,Central Air,unknown,170000.0,15229,2021/12/1,228063.4483,11.92413793,"Single Family Residence, Residential",1930,2,3,3598.0,sqft,"Forced Air, Natural Gas",Central Air,unknown,255000.0,1.0,2.0,False,33.33333333333333,medium,1,2,0,-3597.13,p1_slight,similar,medium_p1_slight
11409356,11441921,15229,2021/12/1,282231.9444,35.17361111,"Single Family Residence, Residential",1930,4,4,0.87,Acres,Natural Gas,Central Air,unknown,170000.0,15229,2021/12/1,209358.9041,23.23287671,"Single Family Residence, Residential",1958,2,2,0.31,Acres,"Forced Air, Natural Gas",Central Air,unknown,250000.0,1.0,2.0,False,32.0,medium,2,2,-28,0.56,p1_much,p2_newer,medium_p1_much
11406378,87991275,15229,2021/3/1,277466.0,15.0,"Single Family Residence, Residential",1930,3,4,8629.0,sqft,"Forced Air, Natural Gas","Central Air, Electric",unknown,298500.0,15229,2021/3/1,319261.1111,16.22222222,"Townhouse, Residential",2007,2,2,10528.0,sqft,"Forced Air, Natural Gas",Central Air,unknown,370000.0,1.0,2.0,False,19.324324324324323,hard,2,1,-77,-1899.0,p1_much,p2_newer,hard_p1_much
11408057,11440992,15229,2021/3/1,161844.2857,26.57142857,"Single Family Residence, Residential",1935,1,3,3436.0,sqft,"Forced Air, Natural Gas",Central Air,unknown,216500.0,15229,2021/3/1,176926.2222,16.88888889,"Single Family Residence, Residential",1972,2,3,3301.0,sqft,Natural Gas,Central Air,unknown,170500.0,2.0,1.0,False,21.247113163972287,hard,0,-1,-37,135.0,equal,p2_newer,hard_equal
11408532,11409272,15229,2021/5/1,182879.0,25.6,"Single Family Residence, Residential",1923,2,3,3484.0,sqft,"Forced Air, Natural Gas",Central Air,unknown,130000.0,15229,2021/5/1,183371.8,14.0,"Single Family Residence, Residential",1950,1,2,4726.0,sqft,"Forced Air, Natural Gas",Central Air,unknown,183000.0,1.0,2.0,False,28.96174863387978,medium,1,1,-27,-1242.0,p1_slight,p2_newer,medium_p1_slight
11370199,11370245,15229,2021/6/1,230226.2857,14.28571429,"Single Family Residence, Residential",1954,2,3,10001.0,sqft,"Forced Air, Natural Gas",Central Air,unknown,255000.0,15229,2021/6/1,234180.0,17.0,"Single Family Residence, Residential",1952,2,2,0.38,Acres,Natural Gas,Central Air,unknown,188662.0,,1.0,False,26.014901960784314,medium,1,0,2,10000.62,p1_slight,p1_slight,medium_p1_slight
11370245,11440982,15229,2021/6/1,234180.0,17.0,"Single Family Residence, Residential",1952,2,2,0.38,Acres,Natural Gas,Central Air,unknown,188662.0,15229,2021/6/1,206454.8571,14.28571429,"Single Family Residence, Residential",1930,2,3,3301.0,sqft,Natural Gas,"Central Air, Electric",unknown,237000.0,1.0,2.0,False,20.3957805907173,hard,-1,0,22,-3300.62,p2_more,p1_much,hard_p2_more
11440919,245997906,15229,2021/6/1,412829.1429,15.14285714,"Single Family Residence, Residential",1925,3,3,0.26,Acres,"Forced Air, Natural Gas",Central Air,unknown,410000.0,15229,2021/6/1,483181.0,16.81818182,"Single Family Residence, Residential",2016,2,3,9352.0,sqft,"Forced Air, Natural Gas",Central Air,unknown,535000.0,,2.0,False,23.364485981308412,hard,0,1,-91,-9351.74,equal,p2_newer,hard_equal
11369754,11405788,15229,2021/7/1,185757.087,19.73913043,"Townhouse, Residential",1988,2,2,2816.0,sqft,"Forced Air, Natural Gas",Central Air,unknown,195000.0,15229,2021/7/1,235578.8333,38.0,"Single Family Residence, Residential",1911,3,4,3301.0,sqft,"Forced Air, Natural Gas","Central Air, Electric",unknown,147000.0,2.0,1.0,False,24.615384615384617,hard,-2,-1,77,-485.0,p2_more,p1_much,hard_p2_more
11369754,11405949,15229,2021/7/1,185757.087,19.73913043,"Townhouse, Residential",1988,2,2,2816.0,sqft,"Forced Air, Natural Gas",Central Air,unknown,195000.0,15229,2021/7/1,175417.2857,20.14285714,"Single Family Residence, Residential",1955,1,2,3598.0,sqft,"Forced Air, Natural Gas",Central Air,unknown,145000.0,2.0,1.0,False,25.64102564102564,medium,0,1,33,-782.0,equal,p1_much,medium_equal
11405788,11408277,15229,2021/7/1,235578.8333,38.0,"Single Family Residence, Residential",1911,3,4,3301.0,sqft,"Forced Air, Natural Gas","Central Air, Electric",unknown,147000.0,15229,2021/7/1,188523.619,22.0,"Single Family Residence, Residential",1930,2,3,3301.0,sqft,"Forced Air, Natural Gas",Central Air,unknown,194900.0,1.0,2.0,False,24.576706003078503,hard,1,1,-19,0.0,p1_slight,similar,hard_p1_slight
11405788,11409003,15229,2021/7/1,235578.8333,38.0,"Single Family Residence, Residential",1911,3,4,3301.0,sqft,"Forced Air, Natural Gas","Central Air, Electric",unknown,147000.0,15229,2021/7/1,208984.3333,16.0,"Single Family Residence, Residential",1920,2,3,3600.0,sqft,"Forced Air, Natural Gas",Central Air,unknown,230000.0,1.0,2.0,False,36.08695652173913,medium,1,1,-9,-299.0,p1_slight,similar,medium_p1_slight
11405788,11440983,15229,2021/7/1,235578.8333,38.0,"Single Family Residence, Residential",1911,3,4,3301.0,sqft,"Forced Air, Natural Gas","Central Air, Electric",unknown,147000.0,15229,2021/7/1,205033.0435,15.2173913,"Single Family Residence, Residential",1924,2,2,3300.0,sqft,"Forced Air, Natural Gas",Central Air,unknown,205000.0,1.0,2.0,False,28.292682926829265,medium,2,1,-13,1.0,p1_much,similar,medium_p1_much
11405949,11406914,15229,2021/7/1,175417.2857,20.14285714,"Single Family Residence, Residential",1955,1,2,3598.0,sqft,"Forced Air, Natural Gas",Central Air,unknown,145000.0,15229,2021/7/1,182117.0476,10.19047619,"Townhouse, Residential",1986,2,2,1728.0,sqft,"Forced Air, Natural Gas",Central Air,unknown,175900.0,1.0,2.0,False,17.566799317794203,hard,0,-1,-31,1870.0,equal,p2_newer,hard_equal
11408609,11409269,15229,2021/7/1,203502.5,27.25,"Single Family Residence, Residential",1911,3,4,5248.0,sqft,"Forced Air, Natural Gas",Central Air,unknown,260000.0,15229,2021/7/1,211453.1429,11.71428571,"Single Family Residence, Residential",1950,2,3,8725.0,sqft,Natural Gas,Central Air,unknown,215000.0,2.0,1.0,False,17.307692307692307,hard,1,1,-39,-3477.0,p1_slight,p2_newer,hard_p1_slight
11405879,11408350,15229,2021/8/1,202795.25,45.66666667,"Single Family Residence, Residential",1906,3,3,7649.0,sqft,"Hot Water, Natural Gas",Wall Unit(s),unknown,325000.0,15229,2021/8/1,197461.1111,21.88888889,"Single Family Residence, Residential",1930,2,3,7200.0,sqft,"Forced Air, Natural Gas",Central Air,unknown,200000.0,2.0,1.0,False,38.46153846153847,medium,0,1,-24,449.0,equal,p2_newer,medium_equal
11405879,11441359,15229,2021/8/1,202795.25,45.66666667,"Single Family Residence, Residential",1906,3,3,7649.0,sqft,"Hot Water, Natural Gas",Wall Unit(s),unknown,325000.0,15229,2021/8/1,241344.4444,13.33333333,"Single Family Residence, Residential",1945,2,3,6250.0,sqft,"Forced Air, Natural Gas",Central Air,unknown,244000.0,2.0,1.0,False,24.923076923076923,hard,0,1,-39,1399.0,equal,p2_newer,hard_equal
11370074,11409039,15229,2021/9/1,206123.7288,16.86440678,"Single Family Residence, Residential",1930,1,3,5362.0,sqft,"Forced Air, Natural Gas",Central Air,unknown,238000.0,15229,2021/9/1,214898.3051,12.88135593,"Single Family Residence, Residential",1920,3,4,3301.0,sqft,"Hot Water, Natural Gas","Window A/C, Electric",unknown,195000.0,,1.0,False,18.067226890756302,hard,-1,-2,10,2061.0,p2_more,p1_slight,hard_p2_more
11370074,11484483,15229,2021/9/1,206123.7288,16.86440678,"Single Family Residence, Residential",1930,1,3,5362.0,sqft,"Forced Air, Natural Gas",Central Air,unknown,238000.0,15229,2021/9/1,208147.0588,14.52941176,"Single Family Residence, Residential",1945,2,3,7387.0,sqft,Natural Gas,Central Air,unknown,189000.0,2.0,1.0,False,20.588235294117645,hard,0,-1,-15,-2025.0,equal,similar,hard_equal
11370077,11440892,15229,2021/9/1,317237.2881,23.05084746,"Single Family Residence, Residential",1922,4,4,1.44,Acres,"Forced Air, Natural Gas",Central Air,unknown,319000.0,15229,2021/9/1,374971.1864,23.52542373,"Single Family Residence, Residential",1935,3,3,3597.0,sqft,Natural Gas,Central Air,unknown,400000.0,1.0,2.0,False,20.25,hard,1,1,-13,-3595.56,p1_slight,similar,hard_p1_slight
11406823,11408387,15229,2022/3/1,283185.1852,11.25925926,"Single Family Residence, Residential",1984,2,2,6534.0,sqft,"Forced Air, Natural Gas",Central Air,unknown,295000.0,15229,2022/3/1,248090.2778,18.48611111,"Single Family Residence, Residential",1920,3,4,7771.0,sqft,"Forced Air, Natural Gas",Central Air,unknown,220000.0,2.0,1.0,False,25.423728813559322,medium,-2,-1,64,-1237.0,p2_more,p1_much,medium_p2_more
11408308,11440882,15229,2022/3/1,225371.5278,15.52083333,"Single Family Residence, Residential",1975,1,3,7270.0,sqft,"Forced Air, Natural Gas",Central Air,unknown,235000.0,15229,2022/3/1,255207.5862,19.6137931,"Single Family Residence, Residential",1930,2,3,0.28,Acres,"Hot Water, Natural Gas",Window A/C,unknown,289000.0,1.0,2.0,False,18.685121107266436,hard,0,-1,45,7269.72,equal,p1_much,hard_equal
11408387,11440882,15229,2022/3/1,248090.2778,18.48611111,"Single Family Residence, Residential",1920,3,4,7771.0,sqft,"Forced Air, Natural Gas",Central Air,unknown,220000.0,15229,2022/3/1,255207.5862,19.6137931,"Single Family Residence, Residential",1930,2,3,0.28,Acres,"Hot Water, Natural Gas",Window A/C,unknown,289000.0,1.0,2.0,False,23.875432525951556,hard,1,1,-10,7770.72,p1_slight,similar,hard_p1_slight
11327397,11406341,15229,2022/5/1,210275.0,13.875,"Single Family Residence, Residential",1929,2,3,0.36,Acres,"Hot Water, Natural Gas",Central Air,unknown,202000.0,15229,2022/5/1,221969.2308,18.79487179,"Single Family Residence, Residential",1977,2,3,6359.0,sqft,"Forced Air, Natural Gas","Central Air, Electric",unknown,253900.0,1.0,2.0,False,20.441118550610476,hard,0,0,-48,-6358.64,equal,p2_newer,hard_equal
11327397,11406881,15229,2022/5/1,210275.0,13.875,"Single Family Residence, Residential",1929,2,3,0.36,Acres,"Hot Water, Natural Gas",Central Air,unknown,202000.0,15229,2022/5/1,228756.4103,13.58974359,"Single Family Residence, Residential",1968,1,3,9347.0,sqft,"Forced Air, Natural Gas",Central Air,unknown,250000.0,1.0,2.0,False,19.2,hard,0,1,-39,-9346.64,equal,p2_newer,hard_equal
11327397,11408967,15229,2022/5/1,210275.0,13.875,"Single Family Residence, Residential",1929,2,3,0.36,Acres,"Hot Water, Natural Gas",Central Air,unknown,202000.0,15229,2022/5/1,213533.3333,16.66666667,"Single Family Residence, Residential",1940,2,3,3301.0,sqft,"Forced Air, Natural Gas","Central Air, Electric",unknown,252500.0,1.0,2.0,False,20.0,hard,0,0,-11,-3300.64,equal,similar,hard_equal
11327397,11440863,15229,2022/5/1,210275.0,13.875,"Single Family Residence, Residential",1929,2,3,0.36,Acres,"Hot Water, Natural Gas",Central Air,unknown,202000.0,15229,2022/5/1,245507.5,23.05,"Single Family Residence, Residential",1950,2,3,5000.0,sqft,Natural Gas,Central Air,unknown,250000.0,1.0,2.0,False,19.2,hard,0,0,-21,-4999.64,equal,p2_newer,hard_equal
11327397,11441821,15229,2022/5/1,210275.0,13.875,"Single Family Residence, Residential",1929,2,3,0.36,Acres,"Hot Water, Natural Gas",Central Air,unknown,202000.0,15229,2022/5/1,216445.0,15.4,"Single Family Residence, Residential",1973,2,4,5758.0,sqft,"Heat Pump, Electric",Central Air,unknown,260000.0,1.0,2.0,False,22.30769230769231,hard,-1,0,-44,-5757.64,p2_more,p2_newer,hard_p2_more
11405836,11406044,15229,2022/6/1,242612.8205,14.35897436,"Single Family Residence, Residential",1930,2,3,6551.0,sqft,"Hot Water, Natural Gas",Window A/C,unknown,240000.0,15229,2022/6/1,217438.4615,17.84615385,"Single Family Residence, Residential",1940,1,3,4800.0,sqft,Natural Gas,Central Air,unknown,179000.0,2.0,1.0,False,25.416666666666664,medium,0,1,-10,1751.0,equal,similar,medium_equal
11406834,11439528,15229,2022/6/1,282008.6957,11.58695652,"Single Family Residence, Residential",1984,2,3,7000.0,sqft,"Forced Air, Natural Gas",Central Air,unknown,292500.0,15229,2022/6/1,256498.8764,11.84269663,"Single Family Residence, Residential",1953,2,3,0.34,Acres,"Forced Air, Natural Gas",Central Air,unknown,227000.0,2.0,1.0,False,22.393162393162395,hard,0,0,31,6999.66,equal,p1_much,hard_equal
11528617,11528650,15232,2020/10/1,764879.4545,13.27272727,"Single Family Residence, Residential",1926,3,4,6377.0,sqft,"Hot Water, Natural Gas",Window A/C,unknown,800000.0,15232,2020/10/1,782018.1,23.1,"Single Family Residence, Residential",1912,4,7,3672.0,sqft,"Forced Air, Natural Gas",Electric,unknown,610000.0,2.0,1.0,False,23.75,hard,-3,-1,14,2705.0,p2_more,p1_slight,hard_p2_more
11524496,11628844,15232,2021/4/1,368885.0,15.5,"Single Family Residence, Residential",1941,2,3,5388.0,sqft,"Forced Air, Natural Gas",Central Air,unknown,436000.0,15232,2021/4/1,471404.1667,36.83333333,"Single Family Residence, Residential",1895,4,4,3000.0,sqft,"Forced Air, Natural Gas",Central Air,unknown,750000.0,1.0,2.0,False,41.86666666666667,easy,-1,-2,46,2388.0,p2_more,p1_much,easy_p2_more
11524931,11525211,15232,2021/6/1,624797.5833,21.0,"Single Family Residence, Residential",1910,5,6,749.23,sqft,"Natural Gas, Steam",Window A/C,unknown,765000.0,15232,2021/6/1,598222.1111,19.55555556,"Townhouse, Residential",1971,3,3,5410.0,sqft,"Forced Air, Natural Gas",Central Air,unknown,543000.0,2.0,1.0,False,29.01960784313726,medium,3,2,-61,-4660.77,p1_much,p2_newer,medium_p1_much
11524931,11624920,15232,2021/6/1,624797.5833,21.0,"Single Family Residence, Residential",1910,5,6,749.23,sqft,"Natural Gas, Steam",Window A/C,unknown,765000.0,15232,2021/6/1,534707.9091,15.45454545,"Single Family Residence, Residential",1900,2,4,3000.0,sqft,"Forced Air, Natural Gas","Window A/C, Central Air",unknown,499000.0,2.0,1.0,False,34.77124183006536,medium,2,3,10,-2250.77,p1_much,p1_slight,medium_p1_much
11357966,11396378,15234,2019/10/1,201297.0,14.0,Townhouse,1950,3,4,7501.0,sqft,Forced air,"Other, Central","Off-street, Garage - Detached",230000.0,15234,2019/10/1,174181.619,19.57142857,SingleFamily,1950,2,4,4400.0,sqft,Other,Central,Garage - Attached,175000.0,2.0,1.0,False,23.91304347826087,hard,0,1,0,3101.0,equal,similar,hard_equal
11305862,11397003,15234,2019/9/1,246214.4615,17.5,"Single Family Residence, Residential",1891,3,6,1.35,Acres,"Forced Air, Natural Gas",Central Air,unknown,250500.0,15234,2019/9/1,288539.6667,15.83333333,SingleFamily,1949,3,3,7200.0,sqft,"Forced air, Gas",Central,unknown,306000.0,1.0,2.0,False,18.137254901960784,hard,3,0,-58,-7198.65,p1_much,p2_newer,hard_p1_much
11396216,11397072,15234,2020/10/1,233099.6,12.0,"Single Family Residence, Residential",1955,2,3,0.28,Acres,"Forced Air, Natural Gas",Central Air,unknown,235000.0,15234,2020/10/1,268421.0667,17.8,"Single Family Residence, Residential",1958,3,4,4800.0,sqft,Natural Gas,Window A/C,unknown,290000.0,1.0,2.0,False,18.96551724137931,hard,-1,-1,-3,-4799.72,p2_more,similar,hard_p2_more
11306137,11356944,15234,2020/12/1,153769.0,22.0,"Single Family Residence, Residential",1940,1,3,7000.0,sqft,"Forced Air, Natural Gas","Central Air, Electric",unknown,170000.0,15234,2020/12/1,161497.1111,20.66666667,"Single Family Residence, Residential",1925,1,3,1.5,Acres,"Forced Air, Natural Gas",Central Air,unknown,139400.0,2.0,1.0,False,18.0,hard,0,0,15,6998.5,equal,p1_slight,hard_equal
11356651,11356855,15234,2020/12/1,193651.0,24.0,"Single Family Residence, Residential",1926,2,4,6900.0,sqft,"Hot Water, Natural Gas",Wall Unit(s),unknown,215000.0,15234,2020/12/1,168945.8,16.6,"Single Family Residence, Residential",1959,2,3,4800.0,sqft,"Forced Air, Natural Gas","Central Air, Electric",unknown,174900.0,2.0,1.0,False,18.651162790697676,hard,1,0,-33,2100.0,p1_slight,p2_newer,hard_p1_slight
11356651,11356944,15234,2020/12/1,193651.0,24.0,"Single Family Residence, Residential",1926,2,4,6900.0,sqft,"Hot Water, Natural Gas",Wall Unit(s),unknown,215000.0,15234,2020/12/1,161497.1111,20.66666667,"Single Family Residence, Residential",1925,1,3,1.5,Acres,"Forced Air, Natural Gas",Central Air,unknown,139400.0,2.0,1.0,False,35.16279069767442,medium,1,1,1,6898.5,p1_slight,p1_slight,medium_p1_slight
11356855,11356944,15234,2020/12/1,168945.8,16.6,"Single Family Residence, Residential",1959,2,3,4800.0,sqft,"Forced Air, Natural Gas","Central Air, Electric",unknown,174900.0,15234,2020/12/1,161497.1111,20.66666667,"Single Family Residence, Residential",1925,1,3,1.5,Acres,"Forced Air, Natural Gas",Central Air,unknown,139400.0,2.0,1.0,False,20.29731275014294,hard,0,1,34,4798.5,equal,p1_much,hard_equal
11356541,11396150,15234,2020/4/1,171578.0,13.0,SingleFamily,1948,1,3,5610.0,sqft,Other,Central,unknown,184000.0,15234,2020/4/1,151036.8889,16.33333333,SingleFamily,1954,2,2,10088.0,sqft,Other,Central,unknown,143000.0,2.0,1.0,False,22.282608695652172,hard,1,-1,-6,-4478.0,p1_slight,similar,hard_p1_slight
11357014,11396150,15234,2020/4/1,170328.6364,18.90909091,SingleFamily,1930,2,3,4270.0,sqft,"Other, Gas",Central,unknown,175000.0,15234,2020/4/1,151036.8889,16.33333333,SingleFamily,1954,2,2,10088.0,sqft,Other,Central,unknown,143000.0,2.0,1.0,False,18.285714285714285,hard,1,0,-24,-5818.0,p1_slight,p2_newer,hard_p1_slight
11396092,11396150,15234,2020/4/1,164024.6667,17.33333333,SingleFamily,1950,2,3,5400.0,sqft,"Forced air, Gas",Central,unknown,182000.0,15234,2020/4/1,151036.8889,16.33333333,SingleFamily,1954,2,2,10088.0,sqft,Other,Central,unknown,143000.0,2.0,1.0,False,21.428571428571427,hard,1,0,-4,-4688.0,p1_slight,similar,hard_p1_slight
11396092,11396297,15234,2020/4/1,164024.6667,17.33333333,SingleFamily,1950,2,3,5400.0,sqft,"Forced air, Gas",Central,unknown,182000.0,15234,2020/4/1,178901.0,23.0,"Single Family Residence, Residential",1950,3,4,4791.0,sqft,Natural Gas,Central Air,unknown,115000.0,2.0,1.0,False,36.81318681318682,medium,-1,-1,0,609.0,p2_more,similar,medium_p2_more
11396150,11396297,15234,2020/4/1,151036.8889,16.33333333,SingleFamily,1954,2,2,10088.0,sqft,Other,Central,unknown,143000.0,15234,2020/4/1,178901.0,23.0,"Single Family Residence, Residential",1950,3,4,4791.0,sqft,Natural Gas,Central Air,unknown,115000.0,2.0,1.0,False,19.58041958041958,hard,-2,-1,4,5297.0,p2_more,p1_slight,hard_p2_more
11310465,11354993,15234,2020/7/1,187351.7778,15.55555556,SingleFamily,1960,0,4,0.85,Acres,Other,Central,unknown,160000.0,15234,2020/7/1,169339.8,14.2,SingleFamily,1961,2,2,0.32,Acres,Other,Central,unknown,194000.0,1.0,2.0,False,17.525773195876287,hard,2,-2,-1,0.53,p1_much,similar,hard_p1_much
11310465,11356839,15234,2020/7/1,187351.7778,15.55555556,SingleFamily,1960,0,4,0.85,Acres,Other,Central,unknown,160000.0,15234,2020/7/1,206401.6,17.6,SingleFamily,1961,2,3,7150.0,sqft,Other,Central,unknown,219450.0,1.0,2.0,False,27.090453406242883,medium,1,-2,-1,-7149.15,p1_slight,similar,medium_p1_slight
11310465,11359164,15234,2020/7/1,187351.7778,15.55555556,SingleFamily,1960,0,4,0.85,Acres,Other,Central,unknown,160000.0,15234,2020/7/1,166478.4,11.8,SingleFamily,1940,1,2,4800.0,sqft,Other,Central,unknown,200000.0,1.0,2.0,False,20.0,hard,2,-1,20,-4799.15,p1_much,p1_slight,hard_p1_much
11354988,11396744,15234,2020/7/1,229707.6,11.2,SingleFamily,1956,3,3,0.35,Acres,Other,Central,unknown,239900.0,15234,2020/7/1,268665.25,22.75,SingleFamily,1945,4,5,5340.0,sqft,"Other, Forced air, Gas",Central,unknown,345450.0,1.0,2.0,False,30.554349399334203,medium,-2,-1,11,-5339.65,p2_more,p1_slight,medium_p2_more
11354988,11397402,15234,2020/7/1,229707.6,11.2,SingleFamily,1956,3,3,0.35,Acres,Other,Central,unknown,239900.0,15234,2020/7/1,264808.6,18.8,Townhouse,1993,3,3,2176.0,sqft,Other,Central,unknown,355000.0,1.0,2.0,False,32.42253521126761,medium,0,0,-37,-2175.65,equal,p2_newer,medium_equal
11356839,11357093,15234,2020/7/1,206401.6,17.6,SingleFamily,1961,2,3,7150.0,sqft,Other,Central,unknown,219450.0,15234,2020/7/1,185142.3,19.8,SingleFamily,1900,2,3,0.48,Acres,"Other, Gas",Central,unknown,179900.0,2.0,1.0,False,18.022328548644335,hard,0,0,61,7149.52,equal,p1_much,hard_equal
11357093,11650565,15234,2020/7/1,185142.3,19.8,SingleFamily,1900,2,3,0.48,Acres,"Other, Gas",Central,unknown,179900.0,15234,2020/7/1,227293.4,24.2,SingleFamily,1955,3,3,5519.0,sqft,Other,Central,unknown,239900.0,1.0,2.0,False,25.010421008753646,medium,0,-1,-55,-5518.52,equal,p2_newer,medium_equal
11395766,11396537,15234,2020/7/1,169851.8889,15.55555556,SingleFamily,1951,2,4,5148.0,sqft,Other,Central,unknown,177000.0,15234,2020/7/1,148416.7778,13.55555556,SingleFamily,1953,2,2,0.25,Acres,Other,Central,unknown,130000.0,,1.0,False,26.55367231638418,medium,2,0,-2,5147.75,p1_much,similar,medium_p1_much
11397402,11650565,15234,2020/7/1,264808.6,18.8,Townhouse,1993,3,3,2176.0,sqft,Other,Central,unknown,355000.0,15234,2020/7/1,227293.4,24.2,SingleFamily,1955,3,3,5519.0,sqft,Other,Central,unknown,239900.0,2.0,1.0,False,32.42253521126761,medium,0,0,38,-3343.0,equal,p1_much,medium_equal
11306740,11306993,15234,2020/8/1,151169.1667,18.16666667,SingleFamily,1945,1,3,7638.0,sqft,Other,Central,unknown,133900.0,15234,2020/8/1,144263.0,21.0,SingleFamily,1950,2,2,5998.0,sqft,Other,Central,unknown,176400.0,1.0,2.0,False,24.09297052154195,hard,1,-1,-5,1640.0,p1_slight,similar,hard_p1_slight
11306740,11306997,15234,2020/8/1,151169.1667,18.16666667,SingleFamily,1945,1,3,7638.0,sqft,Other,Central,unknown,133900.0,15234,2020/8/1,159409.0,15.6,"Single Family Residence, Residential",1950,2,2,6600.0,sqft,Natural Gas,Central Air,unknown,164900.0,1.0,2.0,False,18.799272286234082,hard,1,-1,-5,1038.0,p1_slight,similar,hard_p1_slight
11306870,11395976,15234,2020/9/1,167817.8333,16.41666667,"Single Family Residence, Residential",1955,2,3,5998.0,sqft,"Forced Air, Natural Gas",Central Air,unknown,225000.0,15234,2020/9/1,157603.2,16.4,"Single Family Residence, Residential",1950,2,3,6298.0,sqft,"Forced Air, Natural Gas",Central Air,unknown,149000.0,2.0,1.0,False,33.77777777777778,medium,0,0,5,-300.0,equal,p1_slight,medium_equal
11309825,11395660,15234,2020/9/1,143141.6,16.4,"Single Family Residence, Residential",1955,1,3,8080.0,sqft,"Forced Air, Natural Gas",Central Air,unknown,146500.0,15234,2020/9/1,167356.0909,19.0,"Single Family Residence, Residential",1950,2,3,4000.0,sqft,"Forced Air, Natural Gas",Central Air,unknown,199900.0,,2.0,False,26.713356678339167,medium,0,-1,5,4080.0,equal,p1_slight,medium_equal
11393188,11650561,15234,2020/9/1,128434.0,23.27272727,"Single Family Residence, Residential",1948,1,3,5000.0,sqft,"Forced Air, Natural Gas",Central Air,unknown,160250.0,15234,2020/9/1,123551.6,14.4,"Single Family Residence, Residential",1954,1,3,5750.0,sqft,"Forced Air, Natural Gas","Central Air, Electric",unknown,102000.0,2.0,1.0,False,36.349453978159126,medium,0,0,-6,-750.0,equal,similar,medium_equal
11395660,11395976,15234,2020/9/1,167356.0909,19.0,"Single Family Residence, Residential",1950,2,3,4000.0,sqft,"Forced Air, Natural Gas",Central Air,unknown,199900.0,15234,2020/9/1,157603.2,16.4,"Single Family Residence, Residential",1950,2,3,6298.0,sqft,"Forced Air, Natural Gas",Central Air,unknown,149000.0,2.0,1.0,False,25.46273136568284,medium,0,0,0,-2298.0,equal,similar,medium_equal
11306863,11393264,15234,2021/12/1,152671.223,14.02877698,"Single Family Residence, Residential",1930,2,2,4356.0,sqft,"Hot Water, Natural Gas",Central Air,unknown,155000.0,15234,2021/12/1,139358.3333,14.66666667,"Single Family Residence, Residential",1956,1,3,5353.0,sqft,"Forced Air, Natural Gas",Window A/C,unknown,105000.0,2.0,1.0,False,32.25806451612903,medium,-1,1,-26,-997.0,p2_more,p2_newer,medium_p2_more
11357739,11396346,15234,2021/12/1,191988.7324,11.38028169,"Townhouse, Residential",1963,2,3,1724.0,sqft,"Forced Air, Natural Gas",Central Air,unknown,190000.0,15234,2021/12/1,173190.3448,17.06206897,"Single Family Residence, Residential",1950,2,3,6211.0,sqft,"Forced Air, Natural Gas",Central Air,unknown,115000.0,2.0,1.0,False,39.473684210526315,medium,0,0,13,-4487.0,equal,p1_slight,medium_equal
11357739,11397526,15234,2021/12/1,191988.7324,11.38028169,"Townhouse, Residential",1963,2,3,1724.0,sqft,"Forced Air, Natural Gas",Central Air,unknown,190000.0,15234,2021/12/1,204740.7407,11.7037037,"Single Family Residence, Residential",1955,2,3,7396.0,sqft,"Forced Air, Natural Gas",Central Air,unknown,153258.0,2.0,1.0,False,19.337894736842102,hard,0,0,8,-5672.0,equal,p1_slight,hard_equal
11358110,11396346,15234,2021/12/1,205848.5915,22.27464789,"Single Family Residence, Residential",1950,2,3,6000.0,sqft,"Forced Air, Natural Gas",Central Air,unknown,215000.0,15234,2021/12/1,173190.3448,17.06206897,"Single Family Residence, Residential",1950,2,3,6211.0,sqft,"Forced Air, Natural Gas",Central Air,unknown,115000.0,2.0,1.0,False,46.51162790697674,easy,0,0,0,-211.0,equal,similar,easy_equal
11358110,11397526,15234,2021/12/1,205848.5915,22.27464789,"Single Family Residence, Residential",1950,2,3,6000.0,sqft,"Forced Air, Natural Gas",Central Air,unknown,215000.0,15234,2021/12/1,204740.7407,11.7037037,"Single Family Residence, Residential",1955,2,3,7396.0,sqft,"Forced Air, Natural Gas",Central Air,unknown,153258.0,2.0,1.0,False,28.717209302325582,medium,0,0,-5,-1396.0,equal,similar,medium_equal
11310187,11396304,15234,2021/5/1,155733.6364,23.63636364,"Single Family Residence, Residential",1945,2,2,8729.0,sqft,"Forced Air, Natural Gas",Central Air,unknown,176900.0,15234,2021/5/1,179778.0909,15.0,"Single Family Residence, Residential",1955,2,3,4560.0,sqft,Natural Gas,Central Air,unknown,225000.0,1.0,2.0,False,21.37777777777778,hard,-1,0,-10,4169.0,p2_more,similar,hard_p2_more
11395991,11396304,15234,2021/5/1,175413.8889,14.33333333,"Single Family Residence, Residential",1946,2,3,5002.0,sqft,"Forced Air, Natural Gas",Central Air,unknown,173500.0,15234,2021/5/1,179778.0909,15.0,"Single Family Residence, Residential",1955,2,3,4560.0,sqft,Natural Gas,Central Air,unknown,225000.0,1.0,2.0,False,22.88888888888889,hard,0,0,-9,442.0,equal,similar,hard_equal
11395991,11650216,15234,2021/5/1,175413.8889,14.33333333,"Single Family Residence, Residential",1946,2,3,5002.0,sqft,"Forced Air, Natural Gas",Central Air,unknown,173500.0,15234,2021/5/1,133120.4,46.4,"Single Family Residence, Residential",1940,1,2,8581.0,sqft,"Forced Air, Natural Gas","Central Air, Electric",unknown,143000.0,2.0,1.0,False,17.579250720461097,hard,1,1,6,-3579.0,p1_slight,p1_slight,hard_p1_slight
11307170,11357728,15234,2021/6/1,160963.8,14.4,"Single Family Residence, Residential",1955,1,3,4848.0,sqft,Natural Gas,Central Air,unknown,138325.0,15234,2021/6/1,178699.3077,13.46153846,"Townhouse, Residential",1963,2,3,3463.0,sqft,"Forced Air, Natural Gas",Central Air,unknown,179000.0,1.0,2.0,False,22.72346368715084,hard,0,-1,-8,1385.0,equal,similar,hard_equal
11357757,11650514,15234,2021/8/1,332437.2,23.6,"Single Family Residence, Residential",1972,3,4,0.28,Acres,Electric,Central Air,unknown,215000.0,15234,2021/8/1,316297.1818,13.27272727,"Single Family Residence, Residential",2002,3,3,0.25,Acres,"Forced Air, Natural Gas",Central Air,unknown,315000.0,1.0,2.0,False,31.746031746031743,medium,1,0,-30,0.030000000000000027,p1_slight,p2_newer,medium_p1_slight
11306889,11357747,15234,2021/9/1,184493.2203,14.61016949,"Single Family Residence, Residential",1955,1,2,5998.0,sqft,"Forced Air, Natural Gas",Central Air,unknown,175000.0,15234,2021/9/1,168105.0847,35.49152542,"Single Family Residence, Residential",1905,2,3,1981.0,sqft,"Forced Air, Natural Gas","Central Air, Electric",unknown,237000.0,1.0,2.0,False,26.160337552742618,medium,-1,-1,50,4017.0,p2_more,p1_much,medium_p2_more
11357747,11395961,15234,2021/9/1,168105.0847,35.49152542,"Single Family Residence, Residential",1905,2,3,1981.0,sqft,"Forced Air, Natural Gas","Central Air, Electric",unknown,237000.0,15234,2021/9/1,148438.9831,21.86440678,"Single Family Residence, Residential",1956,1,2,5998.0,sqft,"Forced Air, Natural Gas",Central Air,unknown,143330.0,2.0,1.0,False,39.52320675105485,medium,1,1,-51,-4017.0,p1_slight,p2_newer,medium_p1_slight
11357747,11396008,15234,2021/9/1,168105.0847,35.49152542,"Single Family Residence, Residential",1905,2,3,1981.0,sqft,"Forced Air, Natural Gas","Central Air, Electric",unknown,237000.0,15234,2021/9/1,175362.7119,14.98305085,"Single Family Residence, Residential",1956,1,3,4299.0,sqft,"Forced Air, Natural Gas",Window A/C,unknown,145000.0,2.0,1.0,False,38.81856540084388,medium,0,1,-51,-2318.0,equal,p2_newer,medium_equal
11357747,11396042,15234,2021/9/1,168105.0847,35.49152542,"Single Family Residence, Residential",1905,2,3,1981.0,sqft,"Forced Air, Natural Gas","Central Air, Electric",unknown,237000.0,15234,2021/9/1,183552.5424,10.6779661,"Single Family Residence, Residential",1950,1,3,7525.0,sqft,Natural Gas,Central Air,unknown,175500.0,2.0,1.0,False,25.949367088607595,medium,0,1,-45,-5544.0,equal,p2_newer,medium_equal
11396042,11396387,15234,2021/9/1,183552.5424,10.6779661,"Single Family Residence, Residential",1950,1,3,7525.0,sqft,Natural Gas,Central Air,unknown,175500.0,15234,2021/9/1,185475.3333,19.0,"Single Family Residence, Residential",1950,2,2,5880.0,sqft,"Forced Air, Natural Gas",Central Air,unknown,215000.0,1.0,2.0,False,18.372093023255815,hard,1,-1,0,1645.0,p1_slight,similar,hard_p1_slight
11356865,11395632,15234,2022/4/1,156843.5897,34.07692308,"Single Family Residence, Residential",1917,1,3,5462.0,sqft,"Forced Air, Natural Gas",Central Air,unknown,175000.0,15234,2022/4/1,169750.3185,33.75159236,"Single Family Residence, Residential",1920,2,3,4038.0,sqft,"Forced Air, Natural Gas",Window A/C,unknown,239000.0,1.0,2.0,False,26.778242677824267,medium,0,-1,-3,1424.0,equal,similar,medium_equal
11395632,11395807,15234,2022/4/1,169750.3185,33.75159236,"Single Family Residence, Residential",1920,2,3,4038.0,sqft,"Forced Air, Natural Gas",Window A/C,unknown,239000.0,15234,2022/4/1,158728.9655,35.75862069,"Single Family Residence, Residential",1939,2,3,7650.0,sqft,Electric,Central Air,unknown,180000.0,2.0,1.0,False,24.686192468619247,hard,0,0,-19,-3612.0,equal,similar,hard_equal
11395632,11395986,15234,2022/4/1,169750.3185,33.75159236,"Single Family Residence, Residential",1920,2,3,4038.0,sqft,"Forced Air, Natural Gas",Window A/C,unknown,239000.0,15234,2022/4/1,145133.3333,30.0,"Single Family Residence, Residential",1950,1,3,6952.0,sqft,"Forced Air, Natural Gas","Central Air, Electric",unknown,175000.0,2.0,1.0,False,26.778242677824267,medium,0,1,-30,-2914.0,equal,p2_newer,medium_equal
11357885,11396029,15234,2022/5/1,215779.4872,12.0,"Single Family Residence, Residential",1950,2,3,5501.0,sqft,"Forced Air, Natural Gas",Central Air,unknown,261280.0,15234,2022/5/1,211942.7586,14.52413793,"Single Family Residence, Residential",1950,2,3,7021.0,sqft,"Forced Air, Natural Gas",Central Air,unknown,200000.0,2.0,1.0,False,23.453766074709122,hard,0,0,0,-1520.0,equal,similar,hard_equal
11454579,11531851,15235,2019/8/1,252647.8333,13.33333333,SingleFamily,1965,3,4,10201.0,sqft,"Forced air, Gas",Central,Garage - Attached,244500.0,15235,2019/8/1,225248.0,10.0,SingleFamily,1989,4,4,8324.0,sqft,Other,Central,Garage - Attached,303000.0,1.0,2.0,False,19.306930693069308,hard,0,-1,-24,1877.0,equal,p2_newer,hard_equal
11567694,11568975,15235,2019/8/1,101519.2857,12.85714286,SingleFamily,1960,2,3,0.27,Acres,Other,Central,Garage - Attached,132000.0,15235,2019/8/1,89488.53846,25.30769231,SingleFamily,1953,2,3,0.65,Acres,"Forced air, Gas",Central,Garage - Attached,102500.0,2.0,1.0,False,22.348484848484848,hard,0,0,7,-0.38,equal,p1_slight,hard_equal
11454566,11494569,15235,2020/10/1,236750.8571,18.57142857,"Single Family Residence, Residential",1968,3,4,0.29,Acres,"Forced Air, Natural Gas",Central Air,unknown,254900.0,15235,2020/10/1,260598.0,18.0,"Single Family Residence, Residential",1967,3,4,0.27,Acres,"Forced Air, Natural Gas",Central Air,unknown,310000.0,1.0,2.0,False,17.774193548387096,hard,0,0,1,0.019999999999999962,equal,p1_slight,hard_equal
11491258,11491876,15235,2020/10/1,192344.6154,20.0,"Single Family Residence, Residential",1968,3,4,9208.0,sqft,Natural Gas,Central Air,unknown,300000.0,15235,2020/10/1,175564.0833,20.08333333,"Single Family Residence, Residential",1964,3,4,0.53,Acres,"Forced Air, Natural Gas",Electric,unknown,184900.0,2.0,1.0,False,38.36666666666667,medium,0,0,4,9207.47,equal,p1_slight,medium_equal
11532256,11568070,15235,2020/10/1,154916.6,22.0,"Single Family Residence, Residential",1964,4,4,9831.0,sqft,"Forced Air, Natural Gas",Electric,unknown,181000.0,15235,2020/10/1,137013.0,17.5,"Single Family Residence, Residential",1972,2,3,0.42,Acres,"Forced Air, Natural Gas","Central Air, Electric",unknown,146000.0,2.0,1.0,False,19.337016574585636,hard,1,2,-8,9830.58,p1_slight,similar,hard_p1_slight
11568131,11598099,15235,2020/10/1,146338.0,17.5,"Single Family Residence, Residential",1971,2,3,7984.0,sqft,"Forced Air, Natural Gas",Central Air,unknown,165900.0,15235,2020/10/1,127168.5,23.5,"Single Family Residence, Residential",1946,2,4,7697.0,sqft,"Forced Air, Natural Gas",Central Air,unknown,129000.0,2.0,1.0,False,22.24231464737794,hard,-1,0,25,287.0,p2_more,p1_much,hard_p2_more
11416942,11454188,15235,2020/11/1,218156.75,49.0,"Single Family Residence, Residential",1955,3,6,6455.0,sqft,Natural Gas,Central Air,unknown,230000.0,15235,2020/11/1,193431.0909,21.36363636,"Single Family Residence, Residential",1960,3,3,0.28,Acres,"Forced Air, Natural Gas","Central Air, Electric",unknown,279900.0,1.0,2.0,False,17.827795641300465,hard,3,0,-5,6454.72,p1_much,similar,hard_p1_much
11452291,11534708,15235,2020/11/1,163894.4545,22.36363636,"Single Family Residence, Residential",1954,2,3,5998.0,sqft,"Forced Air, Natural Gas",Central Air,unknown,175000.0,15235,2020/11/1,135140.3333,15.46666667,"Single Family Residence, Residential",1956,2,3,7501.0,sqft,"Forced Air, Natural Gas","Attic Fan, Central Air",unknown,145000.0,2.0,1.0,False,17.142857142857142,hard,0,0,-2,-1503.0,equal,similar,hard_equal
11451605,11451901,15235,2020/12/1,131192.2857,25.57142857,"Single Family Residence, Residential",1930,2,3,0.29,Acres,Natural Gas,Window A/C,unknown,153000.0,15235,2020/12/1,127461.9231,11.53846154,"Single Family Residence, Residential",1950,2,3,6000.0,sqft,"Forced Air, Natural Gas",Central Air,unknown,116000.0,2.0,1.0,False,24.18300653594771,hard,0,0,-20,-5999.71,equal,p2_newer,hard_equal
11417666,11494319,15235,2020/4/1,129028.8,40.8,SingleFamily,1952,2,3,6560.0,sqft,Other,Central,unknown,157900.0,15235,2020/4/1,103083.2,23.9,SingleFamily,1950,1,2,0.5,Acres,"Forced air, Gas",Central,unknown,108000.0,2.0,1.0,False,31.602279924002534,medium,1,1,2,6559.5,p1_slight,p1_slight,medium_p1_slight
11417666,11535141,15235,2020/4/1,129028.8,40.8,SingleFamily,1952,2,3,6560.0,sqft,Other,Central,unknown,157900.0,15235,2020/4/1,119753.8,11.8,SingleFamily,1956,2,3,8999.0,sqft,Other,Central,unknown,125000.0,2.0,1.0,False,20.83597213426219,hard,0,0,-4,-2439.0,equal,similar,hard_equal
11453940,11534533,15235,2020/4/1,195827.6408,16.76375405,SingleFamily,1959,3,3,10563.0,sqft,"Forced air, Gas",Central,unknown,215000.0,15235,2020/4/1,217021.5455,26.0,SingleFamily,1966,3,4,2.58,Acres,Other,Central,unknown,149500.0,2.0,1.0,False,30.465116279069765,medium,-1,0,-7,10560.42,p2_more,similar,medium_p2_more
11494319,11532068,15235,2020/4/1,103083.2,23.9,SingleFamily,1950,1,2,0.5,Acres,"Forced air, Gas",Central,unknown,108000.0,15235,2020/4/1,120490.0,16.16666667,SingleFamily,1965,3,3,7564.0,sqft,Other,Central,unknown,147250.0,,2.0,False,26.6553480475382,medium,-1,-2,-15,-7563.5,p2_more,similar,medium_p2_more
11532315,11568478,15235,2020/4/1,138879.5455,25.27272727,SingleFamily,1962,3,3,9430.0,sqft,"Forced air, Gas",Central,unknown,167500.0,15235,2020/4/1,126441.9444,18.05555556,SingleFamily,1967,3,4,8398.0,sqft,Other,Central,unknown,120000.0,2.0,1.0,False,28.35820895522388,medium,-1,0,-5,1032.0,p2_more,similar,medium_p2_more
11454166,11494590,15235,2020/5/1,243623.2,14.8,SingleFamily,1957,3,4,0.39,Acres,Other,Central,unknown,245000.0,15235,2020/5/1,275076.8,16.3,SingleFamily,1968,3,4,85.0,sqft,"Forced air, Gas",Central,unknown,310000.0,1.0,2.0,False,20.967741935483872,hard,0,0,-11,-84.61,equal,similar,hard_equal
11454246,11494590,15235,2020/5/1,245518.5,24.0,SingleFamily,1950,4,4,0.55,Acres,Other,Central,unknown,215000.0,15235,2020/5/1,275076.8,16.3,SingleFamily,1968,3,4,85.0,sqft,"Forced air, Gas",Central,unknown,310000.0,1.0,2.0,False,30.64516129032258,medium,0,1,-18,-84.45,equal,similar,medium_equal
11494203,11531909,15235,2020/5/1,85456.22222,15.44444444,SingleFamily,1950,2,2,1.99,Acres,Other,unknown,unknown,117000.0,15235,2020/5/1,77109.75,14.25,SingleFamily,1962,3,4,8398.0,sqft,"Forced air, Gas",unknown,unknown,180000.0,,2.0,False,35.0,medium,-2,-1,-12,-8396.01,p2_more,similar,medium_p2_more
11452018,11567485,15235,2020/6/1,79291.7,28.9,SingleFamily,1948,2,2,0.29,Acres,Other,Central,unknown,115900.0,15235,2020/6/1,100266.0,37.75,SingleFamily,1950,2,3,6098.0,sqft,Forced air,Central,unknown,143000.0,1.0,2.0,False,18.95104895104895,hard,-1,0,-2,-6097.71,p2_more,similar,hard_p2_more
11491940,11567485,15235,2020/6/1,102511.0,25.66666667,SingleFamily,1957,3,3,7501.0,sqft,"Other, Gas",Central,unknown,118000.0,15235,2020/6/1,100266.0,37.75,SingleFamily,1950,2,3,6098.0,sqft,Forced air,Central,unknown,143000.0,1.0,2.0,False,17.482517482517483,hard,0,1,7,1403.0,equal,p1_slight,hard_equal
11567668,11569017,15235,2020/6/1,104166.0,24.0,SingleFamily,1960,2,3,6507.0,sqft,Other,Central,unknown,155500.0,15235,2020/6/1,100769.6364,30.81818182,SingleFamily,1977,1,4,5100.0,sqft,Other,Central,unknown,125000.0,2.0,1.0,False,19.614147909967848,hard,-1,1,-17,1407.0,p2_more,similar,hard_p2_more
11416268,11533625,15235,2020/7/1,101540.4444,25.0,SingleFamily,1937,2,4,0.33,Acres,Other,Central,unknown,125000.0,15235,2020/7/1,112827.0,25.25,SingleFamily,1965,2,3,0.26,Acres,"Forced air, Gas",Central,unknown,150000.0,1.0,2.0,False,16.666666666666664,hard,1,0,-28,0.07,p1_slight,p2_newer,hard_p1_slight
11450700,11567648,15235,2020/7/1,118360.0,21.5,SingleFamily,1963,2,4,0.44,Acres,"Forced air, Gas",Central,unknown,125000.0,15235,2020/7/1,133184.8,21.9,SingleFamily,1971,3,4,3001.0,sqft,Other,Central,unknown,167500.0,1.0,2.0,False,25.37313432835821,medium,0,-1,-8,-3000.56,equal,similar,medium_equal
11451401,11491404,15235,2020/7/1,136026.3333,15.0,SingleFamily,1940,2,3,7490.0,sqft,Other,Central,unknown,149900.0,15235,2020/7/1,110318.3333,46.0,SingleFamily,1951,1,3,0.26,Acres,Other,Central,unknown,104000.0,2.0,1.0,False,30.620413609072717,medium,0,1,-11,7489.74,equal,similar,medium_equal
11491404,11492111,15235,2020/7/1,110318.3333,46.0,SingleFamily,1951,1,3,0.26,Acres,Other,Central,unknown,104000.0,15235,2020/7/1,101395.8,24.4,SingleFamily,1953,1,3,9644.0,sqft,Other,Central,unknown,139000.0,1.0,2.0,False,25.179856115107913,medium,0,0,-2,-9643.74,equal,similar,medium_equal
11491404,11492190,15235,2020/7/1,110318.3333,46.0,SingleFamily,1951,1,3,0.26,Acres,Other,Central,unknown,104000.0,15235,2020/7/1,130563.7273,23.81818182,SingleFamily,1959,3,3,5941.0,sqft,"Other, Forced air, Gas",Central,unknown,145000.0,1.0,2.0,False,28.27586206896552,medium,0,-2,-8,-5940.74,equal,similar,medium_equal
11491404,11535011,15235,2020/7/1,110318.3333,46.0,SingleFamily,1951,1,3,0.26,Acres,Other,Central,unknown,104000.0,15235,2020/7/1,120197.4444,24.88888889,SingleFamily,1957,2,2,7501.0,sqft,Other,Central,unknown,136000.0,1.0,2.0,False,23.52941176470588,hard,1,-1,-6,-7500.74,p1_slight,similar,hard_p1_slight
11491404,11535206,15235,2020/7/1,110318.3333,46.0,SingleFamily,1951,1,3,0.26,Acres,Other,Central,unknown,104000.0,15235,2020/7/1,135144.0,25.11111111,SingleFamily,1957,2,3,7501.0,sqft,"Forced air, Gas",Central,unknown,165000.0,1.0,2.0,False,36.96969696969697,medium,0,-1,-6,-7500.74,equal,similar,medium_equal
11491404,11567648,15235,2020/7/1,110318.3333,46.0,SingleFamily,1951,1,3,0.26,Acres,Other,Central,unknown,104000.0,15235,2020/7/1,133184.8,21.9,SingleFamily,1971,3,4,3001.0,sqft,Other,Central,unknown,167500.0,,2.0,False,37.91044776119403,medium,-1,-2,-20,-3000.74,p2_more,p2_newer,medium_p2_more
11491404,11568154,15235,2020/7/1,110318.3333,46.0,SingleFamily,1951,1,3,0.26,Acres,Other,Central,unknown,104000.0,15235,2020/7/1,109489.0,32.0,SingleFamily,1965,2,3,8241.0,sqft,"Other, Solar, Gas",Solar,unknown,149158.0,1.0,2.0,False,30.27527856367074,medium,0,-1,-14,-8240.74,equal,similar,medium_equal
11491404,11568209,15235,2020/7/1,110318.3333,46.0,SingleFamily,1951,1,3,0.26,Acres,Other,Central,unknown,104000.0,15235,2020/7/1,135534.25,17.625,SingleFamily,1967,2,3,7832.0,sqft,Forced air,Central,unknown,140000.0,1.0,2.0,False,25.71428571428571,medium,0,-1,-16,-7831.74,equal,similar,medium_equal
11491404,11568305,15235,2020/7/1,110318.3333,46.0,SingleFamily,1951,1,3,0.26,Acres,Other,Central,unknown,104000.0,15235,2020/7/1,138770.0,14.0,SingleFamily,1959,2,3,7501.0,sqft,Other,Central,unknown,149900.0,1.0,2.0,False,30.620413609072717,medium,0,-1,-8,-7500.74,equal,similar,medium_equal
11491642,11494175,15235,2020/7/1,172940.0909,17.0,SingleFamily,1940,3,4,0.39,Acres,"Other, Forced air, Gas",Central,unknown,152500.0,15235,2020/7/1,162553.1667,22.83333333,SingleFamily,1971,2,3,0.39,Acres,Other,Central,unknown,184900.0,1.0,2.0,False,17.52298539751217,hard,1,1,-31,0.0,p1_slight,p2_newer,hard_p1_slight
11491642,11533433,15235,2020/7/1,172940.0909,17.0,SingleFamily,1940,3,4,0.39,Acres,"Other, Forced air, Gas",Central,unknown,152500.0,15235,2020/7/1,153994.2727,22.72727273,SingleFamily,1963,3,4,7643.0,sqft,Other,Central,unknown,195000.0,1.0,2.0,False,21.794871794871796,hard,0,0,-23,-7642.61,equal,p2_newer,hard_equal
11491861,11533717,15235,2020/7/1,125299.5241,20.96463023,SingleFamily,1955,2,3,10188.0,sqft,"Forced air, Gas",Central,unknown,157000.0,15235,2020/7/1,111976.6667,24.88888889,SingleFamily,1960,3,3,10018.0,sqft,Other,Central,unknown,107000.0,2.0,1.0,False,31.84713375796178,medium,0,-1,-5,170.0,equal,similar,medium_equal
11492190,11533717,15235,2020/7/1,130563.7273,23.81818182,SingleFamily,1959,3,3,5941.0,sqft,"Other, Forced air, Gas",Central,unknown,145000.0,15235,2020/7/1,111976.6667,24.88888889,SingleFamily,1960,3,3,10018.0,sqft,Other,Central,unknown,107000.0,2.0,1.0,False,26.20689655172414,medium,0,0,-1,-4077.0,equal,similar,medium_equal
11492519,11533717,15235,2020/7/1,121319.9,19.8,SingleFamily,1937,2,4,7405.0,sqft,Other,Central,unknown,135000.0,15235,2020/7/1,111976.6667,24.88888889,SingleFamily,1960,3,3,10018.0,sqft,Other,Central,unknown,107000.0,2.0,1.0,False,20.74074074074074,hard,1,-1,-23,-2613.0,p1_slight,p2_newer,hard_p1_slight
11492519,11535206,15235,2020/7/1,121319.9,19.8,SingleFamily,1937,2,4,7405.0,sqft,Other,Central,unknown,135000.0,15235,2020/7/1,135144.0,25.11111111,SingleFamily,1957,2,3,7501.0,sqft,"Forced air, Gas",Central,unknown,165000.0,1.0,2.0,False,18.181818181818183,hard,1,0,-20,-96.0,p1_slight,p2_newer,hard_p1_slight
11493532,11535011,15235,2020/7/1,98345.0,17.6,SingleFamily,1950,1,3,8086.0,sqft,Other,Central,unknown,103000.0,15235,2020/7/1,120197.4444,24.88888889,SingleFamily,1957,2,2,7501.0,sqft,Other,Central,unknown,136000.0,1.0,2.0,False,24.264705882352942,hard,1,-1,-7,585.0,p1_slight,similar,hard_p1_slight
11493532,11568154,15235,2020/7/1,98345.0,17.6,SingleFamily,1950,1,3,8086.0,sqft,Other,Central,unknown,103000.0,15235,2020/7/1,109489.0,32.0,SingleFamily,1965,2,3,8241.0,sqft,"Other, Solar, Gas",Solar,unknown,149158.0,1.0,2.0,False,30.945708577481597,medium,0,-1,-15,-155.0,equal,similar,medium_equal
11533717,11535206,15235,2020/7/1,111976.6667,24.88888889,SingleFamily,1960,3,3,10018.0,sqft,Other,Central,unknown,107000.0,15235,2020/7/1,135144.0,25.11111111,SingleFamily,1957,2,3,7501.0,sqft,"Forced air, Gas",Central,unknown,165000.0,1.0,2.0,False,35.15151515151515,medium,0,1,3,2517.0,equal,p1_slight,medium_equal
11533717,11567648,15235,2020/7/1,111976.6667,24.88888889,SingleFamily,1960,3,3,10018.0,sqft,Other,Central,unknown,107000.0,15235,2020/7/1,133184.8,21.9,SingleFamily,1971,3,4,3001.0,sqft,Other,Central,unknown,167500.0,1.0,2.0,False,36.11940298507463,medium,-1,0,-11,7017.0,p2_more,similar,medium_p2_more
11533717,11568209,15235,2020/7/1,111976.6667,24.88888889,SingleFamily,1960,3,3,10018.0,sqft,Other,Central,unknown,107000.0,15235,2020/7/1,135534.25,17.625,SingleFamily,1967,2,3,7832.0,sqft,Forced air,Central,unknown,140000.0,1.0,2.0,False,23.57142857142857,hard,0,1,-7,2186.0,equal,similar,hard_equal
11416946,11417763,15235,2020/8/1,162909.25,13.375,SingleFamily,1962,3,5,4512.0,sqft,"Forced air, Gas",Central,unknown,170000.0,15235,2020/8/1,191659.9091,24.63636364,"Single Family Residence, Residential",1948,2,4,0.31,Acres,"Forced Air, Natural Gas",Electric,unknown,209900.0,1.0,2.0,False,19.009051929490234,hard,1,1,14,4511.69,p1_slight,p1_slight,hard_p1_slight
11454070,11494530,15235,2020/8/1,212255.7778,18.55555556,"Single Family Residence, Residential",1964,3,4,0.38,Acres,"Forced Air, Natural Gas","Central Air, Electric",unknown,188900.0,15235,2020/8/1,211146.9,21.0,SingleFamily,1953,2,3,0.83,Acres,"Forced air, Gas",Central,unknown,240000.0,1.0,2.0,False,21.291666666666668,hard,1,1,11,-0.44999999999999996,p1_slight,p1_slight,hard_p1_slight
11451355,11568595,15235,2020/9/1,113144.4615,18.15384615,"Single Family Residence, Residential",1952,2,3,10868.0,sqft,"Forced Air, Natural Gas",Central Air,unknown,125000.0,15235,2020/9/1,138094.6,24.8,"Single Family Residence, Residential",1955,3,4,5998.0,sqft,"Forced Air, Natural Gas",Central Air,unknown,174500.0,1.0,2.0,False,28.36676217765043,medium,-1,-1,-3,4870.0,p2_more,similar,medium_p2_more
11450777,11453652,15235,2021/1/1,127508.3333,35.66666667,"Single Family Residence, Residential",1953,2,3,10362.0,sqft,"Forced Air, Natural Gas",Central Air,unknown,122000.0,15235,2021/1/1,127845.6667,26.33333333,"Single Family Residence, Residential",1949,2,4,5856.0,sqft,"Forced Air, Natural Gas",Central Air,unknown,148000.0,1.0,2.0,False,17.56756756756757,hard,-1,0,4,4506.0,p2_more,p1_slight,hard_p2_more
11450777,11492375,15235,2021/1/1,127508.3333,35.66666667,"Single Family Residence, Residential",1953,2,3,10362.0,sqft,"Forced Air, Natural Gas",Central Air,unknown,122000.0,15235,2021/1/1,146402.6,18.0,"Single Family Residence, Residential",1960,2,3,7165.0,sqft,Natural Gas,Central Air,unknown,189900.0,1.0,2.0,False,35.75566087414428,medium,0,0,-7,3197.0,equal,similar,medium_equal
11450777,11534922,15235,2021/1/1,127508.3333,35.66666667,"Single Family Residence, Residential",1953,2,3,10362.0,sqft,"Forced Air, Natural Gas",Central Air,unknown,122000.0,15235,2021/1/1,146505.3846,15.15384615,"Single Family Residence, Residential",1958,2,3,7501.0,sqft,"Forced Air, Natural Gas",Central Air,unknown,161900.0,1.0,2.0,False,24.64484249536751,hard,0,0,-5,2861.0,equal,similar,hard_equal
11450787,11491597,15235,2021/1/1,133479.0,23.5,"Single Family Residence, Residential",1957,2,4,7200.0,sqft,"Forced Air, Natural Gas",Central Air,unknown,146000.0,15235,2021/1/1,133016.0,21.0,"Single Family Residence, Residential",1947,2,3,0.39,Acres,"Forced Air, Natural Gas",Central Air,unknown,192000.0,,2.0,False,23.958333333333336,hard,1,0,10,7199.61,p1_slight,p1_slight,hard_p1_slight
11453652,11492375,15235,2021/1/1,127845.6667,26.33333333,"Single Family Residence, Residential",1949,2,4,5856.0,sqft,"Forced Air, Natural Gas",Central Air,unknown,148000.0,15235,2021/1/1,146402.6,18.0,"Single Family Residence, Residential",1960,2,3,7165.0,sqft,Natural Gas,Central Air,unknown,189900.0,1.0,2.0,False,22.064244339125853,hard,1,0,-11,-1309.0,p1_slight,similar,hard_p1_slight
11491597,11533848,15235,2021/1/1,133016.0,21.0,"Single Family Residence, Residential",1947,2,3,0.39,Acres,"Forced Air, Natural Gas",Central Air,unknown,192000.0,15235,2021/1/1,126327.5,17.66666667,"Single Family Residence, Residential",1964,3,3,0.26,Acres,"Forced Air, Natural Gas",Central Air,unknown,134900.0,,1.0,False,29.739583333333336,medium,0,-1,-17,0.13,equal,similar,medium_equal
11415448,11492147,15235,2021/10/1,195942.3729,29.30508475,"Single Family Residence, Residential",1972,3,3,0.58,Acres,"Forced Air, Natural Gas",Central Air,unknown,184000.0,15235,2021/10/1,221945.7627,16.10169492,"Single Family Residence, Residential",1959,3,4,9160.0,sqft,Natural Gas,Central Air,unknown,229900.0,1.0,2.0,False,19.96520226185298,hard,-1,0,13,-9159.42,p2_more,p1_slight,hard_p2_more
11415448,11531758,15235,2021/10/1,195942.3729,29.30508475,"Single Family Residence, Residential",1972,3,3,0.58,Acres,"Forced Air, Natural Gas",Central Air,unknown,184000.0,15235,2021/10/1,175083.2215,36.08053691,"Single Family Residence, Residential",1967,3,4,7501.0,sqft,"Forced Air, Natural Gas",Central Air,unknown,300000.0,1.0,2.0,False,38.666666666666664,medium,-1,0,5,-7500.42,p2_more,p1_slight,medium_p2_more
11416308,11494326,15235,2021/10/1,149908.4746,14.74576271,"Single Family Residence, Residential",1950,2,3,8001.0,sqft,"Forced Air, Natural Gas","Central Air, Electric",unknown,139000.0,15235,2021/10/1,141327.1186,15.96610169,"Single Family Residence, Residential",1950,2,2,0.31,Acres,"Forced Air, Natural Gas",Central Air,unknown,115000.0,2.0,1.0,False,17.26618705035971,hard,1,0,0,8000.69,p1_slight,similar,hard_p1_slight
11450686,11494326,15235,2021/10/1,134720.6897,18.68965517,"Single Family Residence, Residential",1951,2,3,7501.0,sqft,"Forced Air, Natural Gas",Central Air,unknown,140000.0,15235,2021/10/1,141327.1186,15.96610169,"Single Family Residence, Residential",1950,2,2,0.31,Acres,"Forced Air, Natural Gas",Central Air,unknown,115000.0,2.0,1.0,False,17.857142857142858,hard,1,0,1,7500.69,p1_slight,p1_slight,hard_p1_slight
11492334,11534498,15235,2021/10/1,172383.0508,18.6779661,"Single Family Residence, Residential",1950,3,4,8311.0,sqft,"Forced Air, Natural Gas",Central Air,unknown,165000.0,15235,2021/10/1,196561.0169,16.71186441,"Single Family Residence, Residential",1966,2,3,8568.0,sqft,"Forced Air, Natural Gas",Central Air,unknown,210000.0,1.0,2.0,False,21.428571428571427,hard,1,1,-16,-257.0,p1_slight,similar,hard_p1_slight
11494326,11533404,15235,2021/10/1,141327.1186,15.96610169,"Single Family Residence, Residential",1950,2,2,0.31,Acres,"Forced Air, Natural Gas",Central Air,unknown,115000.0,15235,2021/10/1,117801.6949,23.30508475,"Single Family Residence, Residential",1953,1,4,6015.0,sqft,"Forced Air, Natural Gas","Central Air, Electric",unknown,139950.0,,2.0,False,17.827795641300465,hard,-2,1,-3,-6014.69,p2_more,similar,hard_p2_more
11531758,11567497,15235,2021/10/1,175083.2215,36.08053691,"Single Family Residence, Residential",1967,3,4,7501.0,sqft,"Forced Air, Natural Gas",Central Air,unknown,300000.0,15235,2021/10/1,151245.0,13.75,"Single Family Residence, Residential",1952,2,3,0.28,Acres,"Forced Air, Natural Gas",Central Air,unknown,150000.0,2.0,1.0,False,50.0,easy,1,1,15,7500.72,p1_slight,p1_slight,easy_p1_slight
11415653,11598097,15235,2021/11/1,104589.6552,32.06896552,"Single Family Residence, Residential",1960,1,3,0.3,Acres,"Forced Air, Natural Gas",Central Air,unknown,108000.0,15235,2021/11/1,127733.5821,39.97761194,"Single Family Residence, Residential",1915,2,3,0.31,Acres,"Hot Water, Natural Gas",Window A/C,unknown,150000.0,1.0,2.0,False,28.000000000000004,medium,0,-1,45,-0.010000000000000009,equal,p1_much,medium_equal
11416970,11531639,15235,2021/11/1,150183.4483,42.66206897,"Single Family Residence, Residential",1945,3,4,0.28,Acres,Natural Gas,Central Air,unknown,229000.0,15235,2021/11/1,165066.1017,32.61016949,"Single Family Residence, Residential",1957,2,3,0.59,Acres,"Forced Air, Natural Gas","Central Air, Electric",unknown,140000.0,2.0,1.0,False,38.864628820960704,medium,1,1,-12,-0.30999999999999994,p1_slight,similar,medium_p1_slight
11451104,11568310,15235,2021/11/1,148951.7007,25.26530612,"Single Family Residence, Residential",1956,2,3,8720.0,sqft,"Forced Air, Natural Gas",Central Air,unknown,128000.0,15235,2021/11/1,142087.9699,28.14285714,"Single Family Residence, Residential",1956,2,3,6525.0,sqft,"Forced Air, Natural Gas","Central Air, Electric",unknown,172500.0,1.0,2.0,False,25.79710144927536,medium,0,0,0,2195.0,equal,similar,medium_equal
11492955,11568919,15235,2021/11/1,171557.6271,19.08474576,SingleFamily,1936,1,3,0.26,Acres,"Other, Gas",Central,Garage - Attached,190000.0,15235,2021/11/1,146543.75,19.28125,"Single Family Residence, Residential",1954,2,3,5227.0,sqft,"Forced Air, Natural Gas",Central Air,Attached Garage,135000.0,,1.0,False,28.947368421052634,medium,0,-1,-18,-5226.74,equal,similar,medium_equal
11493487,11531639,15235,2021/11/1,175032.4706,14.76470588,"Single Family Residence, Residential",1965,2,3,7544.0,sqft,"Forced Air, Natural Gas",Central Air,unknown,200000.0,15235,2021/11/1,165066.1017,32.61016949,"Single Family Residence, Residential",1957,2,3,0.59,Acres,"Forced Air, Natural Gas","Central Air, Electric",unknown,140000.0,2.0,1.0,False,30.0,medium,0,0,8,7543.41,equal,p1_slight,medium_equal
11531639,11533794,15235,2021/11/1,165066.1017,32.61016949,"Single Family Residence, Residential",1957,2,3,0.59,Acres,"Forced Air, Natural Gas","Central Air, Electric",unknown,140000.0,15235,2021/11/1,192269.7987,15.79865772,"Single Family Residence, Residential",1964,2,3,10824.0,sqft,"Forced Air, Natural Gas","Central Air, Electric",unknown,225000.0,1.0,2.0,False,37.77777777777778,medium,0,0,-7,-10823.41,equal,similar,medium_equal
11531639,11568627,15235,2021/11/1,165066.1017,32.61016949,"Single Family Residence, Residential",1957,2,3,0.59,Acres,"Forced Air, Natural Gas","Central Air, Electric",unknown,140000.0,15235,2021/11/1,182414.7826,12.17391304,"Single Family Residence, Residential",1969,2,3,0.27,Acres,"Forced Air, Natural Gas",Central Air,unknown,194900.0,1.0,2.0,False,28.168291431503334,medium,0,0,-12,0.31999999999999995,equal,similar,medium_equal
11533554,11533794,15235,2021/11/1,178072.8814,11.22033898,"Single Family Residence, Residential",1961,2,3,0.29,Acres,"Forced Air, Natural Gas","Central Air, Electric",unknown,170000.0,15235,2021/11/1,192269.7987,15.79865772,"Single Family Residence, Residential",1964,2,3,10824.0,sqft,"Forced Air, Natural Gas","Central Air, Electric",unknown,225000.0,1.0,2.0,False,24.444444444444443,hard,0,0,-3,-10823.71,equal,similar,hard_equal
11568627,11569138,15235,2021/11/1,182414.7826,12.17391304,"Single Family Residence, Residential",1969,2,3,0.27,Acres,"Forced Air, Natural Gas",Central Air,unknown,194900.0,15235,2021/11/1,187050.0,12.5,"Single Family Residence, Residential",1967,3,4,8398.0,sqft,"Forced Air, Natural Gas","Central Air, Electric",unknown,159900.0,,1.0,False,17.957927142124166,hard,-1,-1,2,-8397.73,p2_more,p1_slight,hard_p2_more
11416049,11416237,15235,2021/12/1,153935.1724,19.80689655,"Single Family Residence, Residential",1928,2,4,8586.0,sqft,"Forced Air, Natural Gas",Central Air,unknown,149900.0,15235,2021/12/1,158392.4138,20.65517241,"Single Family Residence, Residential",1950,2,3,5850.0,sqft,Electric,Central Air,unknown,196900.0,1.0,2.0,False,23.869984763839515,hard,1,0,-22,2736.0,p1_slight,p2_newer,hard_p1_slight
11416049,11417585,15235,2021/12/1,153935.1724,19.80689655,"Single Family Residence, Residential",1928,2,4,8586.0,sqft,"Forced Air, Natural Gas",Central Air,unknown,149900.0,15235,2021/12/1,127698.3051,32.03389831,"Single Family Residence, Residential",1950,2,3,5523.0,sqft,"Forced Air, Natural Gas",Central Air,unknown,190000.0,1.0,2.0,False,21.10526315789474,hard,1,0,-22,3063.0,p1_slight,p2_newer,hard_p1_slight
11416237,11567502,15235,2021/12/1,158392.4138,20.65517241,"Single Family Residence, Residential",1950,2,3,5850.0,sqft,Electric,Central Air,unknown,196900.0,15235,2021/12/1,169530.0,10.65,"Single Family Residence, Residential",1953,3,3,10601.0,sqft,"Forced Air, Natural Gas",Window A/C,unknown,145000.0,2.0,1.0,False,26.358557643473844,medium,0,-1,-3,-4751.0,equal,similar,medium_equal
11416237,11597582,15235,2021/12/1,158392.4138,20.65517241,"Single Family Residence, Residential",1950,2,3,5850.0,sqft,Electric,Central Air,unknown,196900.0,15235,2021/12/1,153518.6567,14.1641791,"Single Family Residence, Residential",1972,1,3,6481.0,sqft,"Forced Air, Natural Gas","Central Air, Electric",unknown,160000.0,2.0,1.0,False,18.740477399695276,hard,0,1,-22,-631.0,equal,p2_newer,hard_equal
11417583,11493809,15235,2021/12/1,102741.3793,34.20689655,"Single Family Residence, Residential",1950,2,3,4443.0,sqft,Natural Gas,Central Air,unknown,181000.0,15235,2021/12/1,111947.973,35.12162162,"Single Family Residence, Residential",1965,1,3,7169.0,sqft,"Forced Air, Natural Gas",Central Air,unknown,140000.0,2.0,1.0,False,22.65193370165746,hard,0,1,-15,-2726.0,equal,similar,hard_equal
11417585,11450975,15235,2021/12/1,127698.3051,32.03389831,"Single Family Residence, Residential",1950,2,3,5523.0,sqft,"Forced Air, Natural Gas",Central Air,unknown,190000.0,15235,2021/12/1,120393.8776,37.21088435,"Single Family Residence, Residential",1958,2,3,0.28,Acres,Natural Gas,"Central Air, Electric",unknown,132500.0,2.0,1.0,False,30.263157894736842,medium,0,0,-8,5522.72,equal,similar,medium_equal
11417585,11451173,15235,2021/12/1,127698.3051,32.03389831,"Single Family Residence, Residential",1950,2,3,5523.0,sqft,"Forced Air, Natural Gas",Central Air,unknown,190000.0,15235,2021/12/1,125596.5986,33.79591837,"Single Family Residence, Residential",1955,2,3,8820.0,sqft,"Forced Air, Natural Gas","Central Air, Electric",unknown,128000.0,2.0,1.0,False,32.631578947368425,medium,0,0,-5,-3297.0,equal,similar,medium_equal
11417585,11493809,15235,2021/12/1,127698.3051,32.03389831,"Single Family Residence, Residential",1950,2,3,5523.0,sqft,"Forced Air, Natural Gas",Central Air,unknown,190000.0,15235,2021/12/1,111947.973,35.12162162,"Single Family Residence, Residential",1965,1,3,7169.0,sqft,"Forced Air, Natural Gas",Central Air,unknown,140000.0,2.0,1.0,False,26.31578947368421,medium,0,1,-15,-1646.0,equal,similar,medium_equal
11450975,11451351,15235,2021/12/1,120393.8776,37.21088435,"Single Family Residence, Residential",1958,2,3,0.28,Acres,Natural Gas,"Central Air, Electric",unknown,132500.0,15235,2021/12/1,152679.3103,15.89655172,"Single Family Residence, Residential",1959,2,3,5445.0,sqft,"Forced Air, Natural Gas","Central Air, Electric",unknown,162519.0,1.0,2.0,False,18.47107107476664,hard,0,0,-1,-5444.72,equal,similar,hard_equal
11450975,11453584,15235,2021/12/1,120393.8776,37.21088435,"Single Family Residence, Residential",1958,2,3,0.28,Acres,Natural Gas,"Central Air, Electric",unknown,132500.0,15235,2021/12/1,160910.2041,30.80272109,"Single Family Residence, Residential",1952,2,2,6246.0,sqft,"Forced Air, Natural Gas",Central Air,unknown,163000.0,1.0,2.0,False,18.711656441717793,hard,1,0,6,-6245.72,p1_slight,p1_slight,hard_p1_slight
11450975,11533224,15235,2021/12/1,120393.8776,37.21088435,"Single Family Residence, Residential",1958,2,3,0.28,Acres,Natural Gas,"Central Air, Electric",unknown,132500.0,15235,2021/12/1,155006.4935,16.23376623,"Single Family Residence, Residential",1955,2,3,6067.0,sqft,"Forced Air, Natural Gas",Central Air,unknown,175000.0,1.0,2.0,False,24.285714285714285,hard,0,0,3,-6066.72,equal,p1_slight,hard_equal
11450975,11597582,15235,2021/12/1,120393.8776,37.21088435,"Single Family Residence, Residential",1958,2,3,0.28,Acres,Natural Gas,"Central Air, Electric",unknown,132500.0,15235,2021/12/1,153518.6567,14.1641791,"Single Family Residence, Residential",1972,1,3,6481.0,sqft,"Forced Air, Natural Gas","Central Air, Electric",unknown,160000.0,1.0,2.0,False,17.1875,hard,0,1,-14,-6480.72,equal,similar,hard_equal
11451173,11493629,15235,2021/12/1,125596.5986,33.79591837,"Single Family Residence, Residential",1955,2,3,8820.0,sqft,"Forced Air, Natural Gas","Central Air, Electric",unknown,128000.0,15235,2021/12/1,158659.4595,18.08108108,"Townhouse, Residential",1988,3,2,884.27,sqft,"Forced Air, Natural Gas",Central Air,unknown,154397.0,1.0,2.0,False,17.096834783059258,hard,1,-1,-33,7935.73,p1_slight,p2_newer,hard_p1_slight
11451173,11533224,15235,2021/12/1,125596.5986,33.79591837,"Single Family Residence, Residential",1955,2,3,8820.0,sqft,"Forced Air, Natural Gas","Central Air, Electric",unknown,128000.0,15235,2021/12/1,155006.4935,16.23376623,"Single Family Residence, Residential",1955,2,3,6067.0,sqft,"Forced Air, Natural Gas",Central Air,unknown,175000.0,1.0,2.0,False,26.857142857142858,medium,0,0,0,2753.0,equal,similar,medium_equal
11451173,11597582,15235,2021/12/1,125596.5986,33.79591837,"Single Family Residence, Residential",1955,2,3,8820.0,sqft,"Forced Air, Natural Gas","Central Air, Electric",unknown,128000.0,15235,2021/12/1,153518.6567,14.1641791,"Single Family Residence, Residential",1972,1,3,6481.0,sqft,"Forced Air, Natural Gas","Central Air, Electric",unknown,160000.0,1.0,2.0,False,20.0,hard,0,1,-17,2339.0,equal,similar,hard_equal
11451689,11493629,15235,2021/12/1,130482.3129,22.6122449,"Single Family Residence, Residential",1910,2,3,5998.0,sqft,"Radiant, Natural Gas",Window A/C,unknown,125000.0,15235,2021/12/1,158659.4595,18.08108108,"Townhouse, Residential",1988,3,2,884.27,sqft,"Forced Air, Natural Gas",Central Air,unknown,154397.0,1.0,2.0,False,19.039877717831306,hard,1,-1,-78,5113.73,p1_slight,p2_newer,hard_p1_slight
11493811,11568709,15235,2021/12/1,120748.6486,12.69594595,"Single Family Residence, Residential",1946,2,4,10454.0,sqft,"Forced Air, Natural Gas",unknown,unknown,188134.0,15235,2021/12/1,129036.8,33.4,SingleFamily,1930,2,4,1.04,Acres,Other,unknown,unknown,137000.0,2.0,1.0,False,27.179563502609845,medium,0,0,16,10452.96,equal,p1_slight,medium_equal
11533224,11567502,15235,2021/12/1,155006.4935,16.23376623,"Single Family Residence, Residential",1955,2,3,6067.0,sqft,"Forced Air, Natural Gas",Central Air,unknown,175000.0,15235,2021/12/1,169530.0,10.65,"Single Family Residence, Residential",1953,3,3,10601.0,sqft,"Forced Air, Natural Gas",Window A/C,unknown,145000.0,2.0,1.0,False,17.142857142857142,hard,0,-1,2,-4534.0,equal,p1_slight,hard_equal
11451283,11533463,15235,2021/2/1,144158.2857,21.85714286,"Single Family Residence, Residential",1940,3,4,8598.0,sqft,"Forced Air, Natural Gas",Central Air,unknown,225000.0,15235,2021/2/1,131543.3846,27.76923077,"Single Family Residence, Residential",1961,3,3,0.26,Acres,"Forced Air, Natural Gas","Central Air, Electric",unknown,186500.0,2.0,1.0,False,17.11111111111111,hard,1,0,-21,8597.74,p1_slight,p2_newer,hard_p1_slight
11415458,11492405,15235,2021/3/1,125028.1538,31.92307692,SingleFamily,1942,2,3,0.82,Acres,"Forced air, Gas",unknown,unknown,105000.0,15235,2021/3/1,152729.6429,27.78571429,"Single Family Residence, Residential",1955,2,3,0.65,Acres,"Forced Air, Natural Gas",unknown,unknown,175000.0,1.0,2.0,False,40.0,medium,0,0,-13,0.16999999999999993,equal,similar,medium_equal
11492394,11492405,15235,2021/3/1,114093.0,58.0,"Single Family Residence, Residential",1938,1,4,0.57,Acres,"Forced Air, Natural Gas",unknown,unknown,105000.0,15235,2021/3/1,152729.6429,27.78571429,"Single Family Residence, Residential",1955,2,3,0.65,Acres,"Forced Air, Natural Gas",unknown,unknown,175000.0,1.0,2.0,False,40.0,medium,1,-1,-17,-0.08000000000000007,p1_slight,similar,medium_p1_slight
11417010,11492057,15235,2021/4/1,133785.0,17.72727273,"Single Family Residence, Residential",1953,2,3,5218.0,sqft,"Forced Air, Natural Gas",Central Air,unknown,155000.0,15235,2021/4/1,117259.2222,21.0,"Single Family Residence, Residential",1954,1,3,0.85,Acres,Forced Air,Central Air,unknown,123000.0,2.0,1.0,False,20.64516129032258,hard,0,1,-1,5217.15,equal,similar,hard_equal
11451185,11492057,15235,2021/4/1,126967.5455,24.27272727,"Single Family Residence, Residential",1954,2,4,5087.0,sqft,"Forced Air, Natural Gas",Central Air,unknown,151651.0,15235,2021/4/1,117259.2222,21.0,"Single Family Residence, Residential",1954,1,3,0.85,Acres,Forced Air,Central Air,unknown,123000.0,2.0,1.0,False,18.892720786542785,hard,1,1,0,5086.15,p1_slight,similar,hard_p1_slight
11492057,11531798,15235,2021/4/1,117259.2222,21.0,"Single Family Residence, Residential",1954,1,3,0.85,Acres,Forced Air,Central Air,unknown,123000.0,15235,2021/4/1,127230.0,21.0,"Single Family Residence, Residential",1967,1,3,8803.0,sqft,"Forced Air, Natural Gas",Central Air,unknown,172900.0,1.0,2.0,False,28.860613071139383,medium,0,0,-13,-8802.15,equal,similar,medium_equal
11450758,11492110,15235,2021/5/1,104105.0,30.8,"Single Family Residence, Residential",1958,2,3,7226.0,sqft,Natural Gas,Central Air,unknown,110000.0,15235,2021/5/1,110915.8182,20.36363636,"Single Family Residence, Residential",1955,1,3,8851.0,sqft,"Forced Air, Natural Gas",Central Air,unknown,147500.0,1.0,2.0,False,25.423728813559322,medium,0,1,3,-1625.0,equal,p1_slight,medium_equal
11450758,11492982,15235,2021/5/1,104105.0,30.8,"Single Family Residence, Residential",1958,2,3,7226.0,sqft,Natural Gas,Central Air,unknown,110000.0,15235,2021/5/1,107838.0,31.25,"Single Family Residence, Residential",1950,1,3,7501.0,sqft,"Forced Air, Natural Gas",Central Air,unknown,147000.0,1.0,2.0,False,25.170068027210885,medium,0,1,8,-275.0,equal,p1_slight,medium_equal
11491366,11534996,15235,2021/5/1,138260.0909,15.72727273,"Single Family Residence, Residential",1950,1,3,7710.0,sqft,"Forced Air, Natural Gas",Central Air,Attached Garage,165000.0,15235,2021/5/1,134963.0,21.0,"Single Family Residence, Residential",1953,2,3,7501.0,sqft,Natural Gas,Central Air,Attached Garage,132500.0,2.0,1.0,False,19.696969696969695,hard,0,-1,-3,209.0,equal,similar,hard_equal
11492110,11568044,15235,2021/5/1,110915.8182,20.36363636,"Single Family Residence, Residential",1955,1,3,8851.0,sqft,"Forced Air, Natural Gas",Central Air,unknown,147500.0,15235,2021/5/1,134774.3,27.5,"Single Family Residence, Residential",1915,2,3,5501.0,sqft,Natural Gas,Central Air,unknown,178700.0,1.0,2.0,False,17.459429210968104,hard,0,-1,40,3350.0,equal,p1_much,hard_equal
11492982,11568044,15235,2021/5/1,107838.0,31.25,"Single Family Residence, Residential",1950,1,3,7501.0,sqft,"Forced Air, Natural Gas",Central Air,unknown,147000.0,15235,2021/5/1,134774.3,27.5,"Single Family Residence, Residential",1915,2,3,5501.0,sqft,Natural Gas,Central Air,unknown,178700.0,1.0,2.0,False,17.73922775601567,hard,0,-1,35,2000.0,equal,p1_much,hard_equal
11532841,11568044,15235,2021/5/1,115256.125,29.25,"Single Family Residence, Residential",1960,1,3,8250.0,sqft,"Forced Air, Natural Gas",Central Air,unknown,128750.0,15235,2021/5/1,134774.3,27.5,"Single Family Residence, Residential",1915,2,3,5501.0,sqft,Natural Gas,Central Air,unknown,178700.0,,2.0,False,27.951874650251817,medium,0,-1,45,2749.0,equal,p1_much,medium_equal
11417644,11453794,15235,2021/6/1,197721.2727,24.54545455,"Single Family Residence, Residential",1938,3,3,5980.0,sqft,"Hot Water, Natural Gas",Window A/C,unknown,216000.0,15235,2021/6/1,172661.7333,19.8,"Single Family Residence, Residential",1950,2,3,9430.0,sqft,Natural Gas,Central Air,unknown,160000.0,2.0,1.0,False,25.925925925925924,medium,0,1,-12,-3450.0,equal,similar,medium_equal
11417644,11568354,15235,2021/6/1,197721.2727,24.54545455,"Single Family Residence, Residential",1938,3,3,5980.0,sqft,"Hot Water, Natural Gas",Window A/C,unknown,216000.0,15235,2021/6/1,142097.3,44.6,"Single Family Residence, Residential",1900,3,4,0.02,Acres,"Forced Air, Natural Gas","Central Air, Electric",unknown,423000.0,1.0,2.0,False,48.93617021276596,easy,-1,0,38,5979.98,p2_more,p1_much,easy_p2_more
11417644,11568382,15235,2021/6/1,197721.2727,24.54545455,"Single Family Residence, Residential",1938,3,3,5980.0,sqft,"Hot Water, Natural Gas",Window A/C,unknown,216000.0,15235,2021/6/1,165104.2,17.9,"Single Family Residence, Residential",1972,2,3,9178.0,sqft,"Forced Air, Natural Gas",Central Air,unknown,172000.0,2.0,1.0,False,20.37037037037037,hard,0,1,-34,-3198.0,equal,p2_newer,hard_equal
11417692,11534668,15235,2021/6/1,130107.3636,20.27272727,"Single Family Residence, Residential",1950,2,3,2456.0,sqft,Natural Gas,Central Air,Attached Garage,170400.0,15235,2021/6/1,119640.4286,17.85714286,"Single Family Residence, Residential",1955,2,2,7000.0,sqft,"Forced Air, Natural Gas",Central Air,Off Street,130000.0,2.0,1.0,False,23.708920187793428,hard,1,0,-5,-4544.0,p1_slight,similar,hard_p1_slight
11418067,11454330,15235,2021/6/1,193555.5714,31.92857143,"Single Family Residence, Residential",1945,2,3,10646.0,sqft,"Forced Air, Natural Gas",Central Air,unknown,210000.0,15235,2021/6/1,217906.0,23.0,"Single Family Residence, Residential",1959,2,3,10162.0,sqft,Natural Gas,Central Air,unknown,265000.0,1.0,2.0,False,20.754716981132077,hard,0,0,-14,484.0,equal,similar,hard_equal
11418067,11568354,15235,2021/6/1,193555.5714,31.92857143,"Single Family Residence, Residential",1945,2,3,10646.0,sqft,"Forced Air, Natural Gas",Central Air,unknown,210000.0,15235,2021/6/1,142097.3,44.6,"Single Family Residence, Residential",1900,3,4,0.02,Acres,"Forced Air, Natural Gas","Central Air, Electric",unknown,423000.0,1.0,2.0,False,50.35460992907801,easy,-1,-1,45,10645.98,p2_more,p1_much,easy_p2_more
11450691,11568354,15235,2021/6/1,140564.619,23.71428571,"Single Family Residence, Residential",1955,2,3,7500.0,sqft,"Forced Air, Natural Gas",Central Air,unknown,160000.0,15235,2021/6/1,142097.3,44.6,"Single Family Residence, Residential",1900,3,4,0.02,Acres,"Forced Air, Natural Gas","Central Air, Electric",unknown,423000.0,1.0,2.0,False,62.174940898345156,easy,-1,-1,55,7499.98,p2_more,p1_much,easy_p2_more
11451991,11533085,15235,2021/6/1,123186.3333,18.33333333,"Single Family Residence, Residential",1948,1,3,0.27,Acres,"Forced Air, Natural Gas",Central Air,unknown,150000.0,15235,2021/6/1,119779.75,22.0,"Single Family Residence, Residential",1945,2,3,7583.0,sqft,"Forced Air, Natural Gas",Central Air,unknown,115000.0,,1.0,False,23.333333333333332,hard,0,-1,3,-7582.73,equal,p1_slight,hard_equal
11451991,11568354,15235,2021/6/1,123186.3333,18.33333333,"Single Family Residence, Residential",1948,1,3,0.27,Acres,"Forced Air, Natural Gas",Central Air,unknown,150000.0,15235,2021/6/1,142097.3,44.6,"Single Family Residence, Residential",1900,3,4,0.02,Acres,"Forced Air, Natural Gas","Central Air, Electric",unknown,423000.0,1.0,2.0,False,64.53900709219859,easy,-1,-2,48,0.25,p2_more,p1_much,easy_p2_more
11452439,11533085,15235,2021/6/1,132422.1905,50.33333333,"Single Family Residence, Residential",1950,2,3,5998.0,sqft,"Forced Air, Natural Gas",Central Air,unknown,145000.0,15235,2021/6/1,119779.75,22.0,"Single Family Residence, Residential",1945,2,3,7583.0,sqft,"Forced Air, Natural Gas",Central Air,unknown,115000.0,2.0,1.0,False,20.689655172413794,hard,0,0,5,-1585.0,equal,p1_slight,hard_equal
11452439,11568354,15235,2021/6/1,132422.1905,50.33333333,"Single Family Residence, Residential",1950,2,3,5998.0,sqft,"Forced Air, Natural Gas",Central Air,unknown,145000.0,15235,2021/6/1,142097.3,44.6,"Single Family Residence, Residential",1900,3,4,0.02,Acres,"Forced Air, Natural Gas","Central Air, Electric",unknown,423000.0,1.0,2.0,False,65.72104018912529,easy,-1,-1,50,5997.98,p2_more,p1_much,easy_p2_more
11453638,11453790,15235,2021/6/1,185371.5714,21.28571429,"Single Family Residence, Residential",1960,2,3,0.29,Acres,Natural Gas,Central Air,unknown,204000.0,15235,2021/6/1,205094.5455,19.54545455,"Single Family Residence, Residential",1950,3,3,10598.0,sqft,"Forced Air, Natural Gas",Central Air,unknown,256000.0,1.0,2.0,False,20.3125,hard,0,-1,10,-10597.71,equal,p1_slight,hard_equal
11453638,11454330,15235,2021/6/1,185371.5714,21.28571429,"Single Family Residence, Residential",1960,2,3,0.29,Acres,Natural Gas,Central Air,unknown,204000.0,15235,2021/6/1,217906.0,23.0,"Single Family Residence, Residential",1959,2,3,10162.0,sqft,Natural Gas,Central Air,unknown,265000.0,1.0,2.0,False,23.0188679245283,hard,0,0,1,-10161.71,equal,p1_slight,hard_equal
11453638,11568354,15235,2021/6/1,185371.5714,21.28571429,"Single Family Residence, Residential",1960,2,3,0.29,Acres,Natural Gas,Central Air,unknown,204000.0,15235,2021/6/1,142097.3,44.6,"Single Family Residence, Residential",1900,3,4,0.02,Acres,"Forced Air, Natural Gas","Central Air, Electric",unknown,423000.0,1.0,2.0,False,51.77304964539007,easy,-1,-1,60,0.26999999999999996,p2_more,p1_much,easy_p2_more
11453794,11568354,15235,2021/6/1,172661.7333,19.8,"Single Family Residence, Residential",1950,2,3,9430.0,sqft,Natural Gas,Central Air,unknown,160000.0,15235,2021/6/1,142097.3,44.6,"Single Family Residence, Residential",1900,3,4,0.02,Acres,"Forced Air, Natural Gas","Central Air, Electric",unknown,423000.0,1.0,2.0,False,62.174940898345156,easy,-1,-1,50,9429.98,p2_more,p1_much,easy_p2_more
11491500,11568354,15235,2021/6/1,171677.4545,15.90909091,"Single Family Residence, Residential",1950,1,3,0.43,Acres,"Forced Air, Natural Gas","Central Air, Electric",unknown,182000.0,15235,2021/6/1,142097.3,44.6,"Single Family Residence, Residential",1900,3,4,0.02,Acres,"Forced Air, Natural Gas","Central Air, Electric",unknown,423000.0,1.0,2.0,False,56.973995271867615,easy,-1,-2,50,0.41,p2_more,p1_much,easy_p2_more
11494052,11568354,15235,2021/6/1,122151.4,24.0,"Single Family Residence, Residential",1952,1,2,6094.0,sqft,"Forced Air, Natural Gas",Central Air,unknown,135000.0,15235,2021/6/1,142097.3,44.6,"Single Family Residence, Residential",1900,3,4,0.02,Acres,"Forced Air, Natural Gas","Central Air, Electric",unknown,423000.0,1.0,2.0,False,68.08510638297872,easy,-2,-2,52,6093.98,p2_more,p1_much,easy_p2_more
11533085,11568354,15235,2021/6/1,119779.75,22.0,"Single Family Residence, Residential",1945,2,3,7583.0,sqft,"Forced Air, Natural Gas",Central Air,unknown,115000.0,15235,2021/6/1,142097.3,44.6,"Single Family Residence, Residential",1900,3,4,0.02,Acres,"Forced Air, Natural Gas","Central Air, Electric",unknown,423000.0,1.0,2.0,False,72.81323877068559,easy,-1,-1,45,7582.98,p2_more,p1_much,easy_p2_more
11533090,11568354,15235,2021/6/1,146447.625,17.125,"Single Family Residence, Residential",1952,1,3,7845.0,sqft,Natural Gas,Central Air,unknown,165000.0,15235,2021/6/1,142097.3,44.6,"Single Family Residence, Residential",1900,3,4,0.02,Acres,"Forced Air, Natural Gas","Central Air, Electric",unknown,423000.0,1.0,2.0,False,60.99290780141844,easy,-1,-2,52,7844.98,p2_more,p1_much,easy_p2_more
11567572,11568354,15235,2021/6/1,150811.3913,17.69565217,"Single Family Residence, Residential",1965,1,2,6050.0,sqft,"Forced Air, Natural Gas",Central Air,unknown,143000.0,15235,2021/6/1,142097.3,44.6,"Single Family Residence, Residential",1900,3,4,0.02,Acres,"Forced Air, Natural Gas","Central Air, Electric",unknown,423000.0,1.0,2.0,False,66.19385342789597,easy,-2,-2,65,6049.98,p2_more,p1_much,easy_p2_more
11568048,11568354,15235,2021/6/1,157319.0,17.0,"Single Family Residence, Residential",1955,2,3,10319.0,sqft,"Forced Air, Natural Gas",Central Air,unknown,160000.0,15235,2021/6/1,142097.3,44.6,"Single Family Residence, Residential",1900,3,4,0.02,Acres,"Forced Air, Natural Gas","Central Air, Electric",unknown,423000.0,1.0,2.0,False,62.174940898345156,easy,-1,-1,55,10318.98,p2_more,p1_much,easy_p2_more
11568168,11568354,15235,2021/6/1,133587.3333,17.33333333,"Single Family Residence, Residential",1975,1,3,0.33,Acres,"Forced Air, Natural Gas",Central Air,unknown,150000.0,15235,2021/6/1,142097.3,44.6,"Single Family Residence, Residential",1900,3,4,0.02,Acres,"Forced Air, Natural Gas","Central Air, Electric",unknown,423000.0,1.0,2.0,False,64.53900709219859,easy,-1,-2,75,0.31,p2_more,p1_much,easy_p2_more
11568354,11568382,15235,2021/6/1,142097.3,44.6,"Single Family Residence, Residential",1900,3,4,0.02,Acres,"Forced Air, Natural Gas","Central Air, Electric",unknown,423000.0,15235,2021/6/1,165104.2,17.9,"Single Family Residence, Residential",1972,2,3,9178.0,sqft,"Forced Air, Natural Gas",Central Air,unknown,172000.0,2.0,1.0,False,59.33806146572104,easy,1,1,-72,-9177.98,p1_slight,p2_newer,easy_p1_slight
11568354,11569076,15235,2021/6/1,142097.3,44.6,"Single Family Residence, Residential",1900,3,4,0.02,Acres,"Forced Air, Natural Gas","Central Air, Electric",unknown,423000.0,15235,2021/6/1,137423.6957,23.7826087,"Single Family Residence, Residential",1956,1,4,7239.0,sqft,"Forced Air, Natural Gas","Central Air, Electric",unknown,151500.0,2.0,1.0,False,64.18439716312056,easy,0,2,-56,-7238.98,equal,p2_newer,easy_equal
11377253,11451313,15235,2021/7/1,125377.2308,38.61538462,"Single Family Residence, Residential",1922,2,3,10800.0,sqft,Natural Gas,Central Air,unknown,105000.0,15235,2021/7/1,144520.8667,24.46666667,"Single Family Residence, Residential",1957,1,3,10798.0,sqft,Natural Gas,Central Air,unknown,145000.0,1.0,2.0,False,27.586206896551722,medium,0,1,-35,2.0,equal,p2_newer,medium_equal
11377253,11452230,15235,2021/7/1,125377.2308,38.61538462,"Single Family Residence, Residential",1922,2,3,10800.0,sqft,Natural Gas,Central Air,unknown,105000.0,15235,2021/7/1,133391.1304,18.69565217,"Single Family Residence, Residential",1950,2,3,5782.0,sqft,"Forced Air, Natural Gas",Central Air,unknown,137000.0,1.0,2.0,False,23.357664233576642,hard,0,0,-28,5018.0,equal,p2_newer,hard_equal
11377253,11534599,15235,2021/7/1,125377.2308,38.61538462,"Single Family Residence, Residential",1922,2,3,10800.0,sqft,Natural Gas,Central Air,unknown,105000.0,15235,2021/7/1,121446.2727,13.54545455,"Single Family Residence, Residential",1954,1,3,7649.0,sqft,"Forced Air, Natural Gas",Central Air,unknown,145000.0,1.0,2.0,False,27.586206896551722,medium,0,1,-32,3151.0,equal,p2_newer,medium_equal
11377253,11535201,15235,2021/7/1,125377.2308,38.61538462,"Single Family Residence, Residential",1922,2,3,10800.0,sqft,Natural Gas,Central Air,unknown,105000.0,15235,2021/7/1,138539.6522,23.0,"Single Family Residence, Residential",1958,2,3,7000.0,sqft,"Forced Air, Natural Gas",Central Air,unknown,155000.0,1.0,2.0,False,32.25806451612903,medium,0,0,-36,3800.0,equal,p2_newer,medium_equal
11416659,11491714,15235,2021/7/1,193892.2609,21.30434783,"Single Family Residence, Residential",1962,2,3,8999.0,sqft,Forced Air,Central Air,unknown,275000.0,15235,2021/7/1,218947.4286,18.57142857,"Single Family Residence, Residential",1936,2,4,0.42,Acres,"Forced Air, Natural Gas",Central Air,unknown,209000.0,2.0,1.0,False,24.0,hard,-1,0,26,8998.58,p2_more,p1_much,hard_p2_more
11416659,11494023,15235,2021/7/1,193892.2609,21.30434783,"Single Family Residence, Residential",1962,2,3,8999.0,sqft,Forced Air,Central Air,unknown,275000.0,15235,2021/7/1,166665.1429,17.28571429,"Single Family Residence, Residential",1955,2,3,0.64,Acres,"Forced Air, Natural Gas","Central Air, Electric",unknown,170000.0,2.0,1.0,False,38.18181818181819,medium,0,0,7,8998.36,equal,p1_slight,medium_equal
11416659,11494030,15235,2021/7/1,193892.2609,21.30434783,"Single Family Residence, Residential",1962,2,3,8999.0,sqft,Forced Air,Central Air,unknown,275000.0,15235,2021/7/1,171732.619,18.33333333,"Single Family Residence, Residential",1957,2,3,0.7,Acres,"Hot Water, Natural Gas",Central Air,unknown,195000.0,2.0,1.0,False,29.09090909090909,medium,0,0,5,8998.3,equal,p1_slight,medium_equal
11451313,11492243,15235,2021/7/1,144520.8667,24.46666667,"Single Family Residence, Residential",1957,1,3,10798.0,sqft,Natural Gas,Central Air,unknown,145000.0,15235,2021/7/1,121522.7143,29.28571429,"Single Family Residence, Residential",1942,2,3,7858.0,sqft,"Forced Air, Natural Gas",Central Air,unknown,175000.0,1.0,2.0,False,17.142857142857142,hard,0,-1,15,2940.0,equal,p1_slight,hard_equal
11491345,11567976,15235,2021/7/1,185866.6667,19.47619048,"Single Family Residence, Residential",1950,2,3,7750.0,sqft,"Forced Air, Natural Gas","Central Air, Electric",unknown,210000.0,15235,2021/7/1,155253.7619,25.66666667,"Single Family Residence, Residential",1953,3,3,5445.0,sqft,Natural Gas,"Attic Fan, Central Air",unknown,173000.0,2.0,1.0,False,17.61904761904762,hard,0,-1,-3,2305.0,equal,similar,hard_equal
11494030,11533452,15235,2021/7/1,171732.619,18.33333333,"Single Family Residence, Residential",1957,2,3,0.7,Acres,"Hot Water, Natural Gas",Central Air,unknown,195000.0,15235,2021/7/1,171917.9091,13.31818182,"Single Family Residence, Residential",1961,2,3,10031.0,sqft,"Forced Air, Natural Gas",Central Air,unknown,235000.0,1.0,2.0,False,17.02127659574468,hard,0,0,-4,-10030.3,equal,similar,hard_equal
11491429,11492055,15235,2021/8/1,106195.381,13.95238095,"Single Family Residence, Residential",1950,2,3,6000.0,sqft,"Forced Air, Natural Gas",Central Air,unknown,140000.0,15235,2021/8/1,128995.5714,29.28571429,"Single Family Residence, Residential",1960,2,3,4573.0,sqft,Natural Gas,Central Air,unknown,170000.0,1.0,2.0,False,17.647058823529413,hard,0,0,-10,1427.0,equal,similar,hard_equal
11491429,11532770,15235,2021/8/1,106195.381,13.95238095,"Single Family Residence, Residential",1950,2,3,6000.0,sqft,"Forced Air, Natural Gas",Central Air,unknown,140000.0,15235,2021/8/1,100903.2,15.0,"Single Family Residence, Residential",1942,2,3,10798.0,sqft,"Forced Air, Natural Gas","Central Air, Electric",unknown,110000.0,2.0,1.0,False,21.428571428571427,hard,0,0,8,-4798.0,equal,p1_slight,hard_equal
11492055,11568061,15235,2021/8/1,128995.5714,29.28571429,"Single Family Residence, Residential",1960,2,3,4573.0,sqft,Natural Gas,Central Air,unknown,170000.0,15235,2021/8/1,130340.2,37.8,"Single Family Residence, Residential",1947,2,4,10193.0,sqft,Natural Gas,Central Air,unknown,140000.0,2.0,1.0,False,17.647058823529413,hard,-1,0,13,-5620.0,p2_more,p1_slight,hard_p2_more
11532554,11532770,15235,2021/8/1,109910.5,35.5,"Single Family Residence, Residential",1962,2,3,6499.0,sqft,"Forced Air, Natural Gas",Central Air,unknown,145000.0,15235,2021/8/1,100903.2,15.0,"Single Family Residence, Residential",1942,2,3,10798.0,sqft,"Forced Air, Natural Gas","Central Air, Electric",unknown,110000.0,2.0,1.0,False,24.137931034482758,hard,0,0,20,-4299.0,equal,p1_slight,hard_equal
11533175,11568061,15235,2021/8/1,126083.6818,24.09090909,"Single Family Residence, Residential",1956,2,3,6599.0,sqft,Natural Gas,Central Air,unknown,185000.0,15235,2021/8/1,130340.2,37.8,"Single Family Residence, Residential",1947,2,4,10193.0,sqft,Natural Gas,Central Air,unknown,140000.0,2.0,1.0,False,24.324324324324326,hard,-1,0,9,-3594.0,p2_more,p1_slight,hard_p2_more
11415908,11416919,15235,2021/9/1,152149.0,30.66666667,"Single Family Residence, Residential",1930,3,4,8049.0,sqft,Natural Gas,Central Air,unknown,159000.0,15235,2021/9/1,174667.7966,29.91525424,"Single Family Residence, Residential",1962,2,3,6978.0,sqft,Natural Gas,Central Air,unknown,195000.0,1.0,2.0,False,18.461538461538463,hard,1,1,-32,1071.0,p1_slight,p2_newer,hard_p1_slight
11415908,11532253,15235,2021/9/1,152149.0,30.66666667,"Single Family Residence, Residential",1930,3,4,8049.0,sqft,Natural Gas,Central Air,unknown,159000.0,15235,2021/9/1,186872.8814,23.54237288,"Single Family Residence, Residential",1963,2,3,0.25,Acres,Natural Gas,"Central Air, Electric",unknown,192000.0,1.0,2.0,False,17.1875,hard,1,1,-33,8048.75,p1_slight,p2_newer,hard_p1_slight
11416859,11568699,15235,2021/9/1,208700.0,16.0,"Single Family Residence, Residential",1950,2,3,5932.0,sqft,"Forced Air, Natural Gas",Electric,unknown,200000.0,15235,2021/9/1,195629.4545,24.40909091,"Single Family Residence, Residential",1961,3,3,0.28,Acres,Natural Gas,Central Air,unknown,153000.0,2.0,1.0,False,23.5,hard,0,-1,-11,5931.72,equal,similar,hard_equal
11416919,11451038,15235,2021/9/1,174667.7966,29.91525424,"Single Family Residence, Residential",1962,2,3,6978.0,sqft,Natural Gas,Central Air,unknown,195000.0,15235,2021/9/1,133041.3621,34.05172414,"Single Family Residence, Residential",1955,2,4,0.32,Acres,Natural Gas,"Window A/C, Wall Unit(s)",unknown,145000.0,2.0,1.0,False,25.64102564102564,medium,-1,0,7,6977.68,p2_more,p1_slight,medium_p2_more
11416919,11451982,15235,2021/9/1,174667.7966,29.91525424,"Single Family Residence, Residential",1962,2,3,6978.0,sqft,Natural Gas,Central Air,unknown,195000.0,15235,2021/9/1,139175.8621,21.24137931,"Single Family Residence, Residential",1954,2,3,7500.0,sqft,"Forced Air, Natural Gas","Central Air, Electric",unknown,102555.0,2.0,1.0,False,47.40769230769231,easy,0,0,8,-522.0,equal,p1_slight,easy_equal
11416919,11532507,15235,2021/9/1,174667.7966,29.91525424,"Single Family Residence, Residential",1962,2,3,6978.0,sqft,Natural Gas,Central Air,unknown,195000.0,15235,2021/9/1,144189.8305,13.93220339,"Single Family Residence, Residential",1961,1,3,0.33,Acres,"Forced Air, Natural Gas",Central Air,unknown,155000.0,2.0,1.0,False,20.51282051282051,hard,0,1,1,6977.67,equal,p1_slight,hard_equal
11417269,11493124,15235,2021/9/1,148886.4407,26.10169492,"Single Family Residence, Residential",1968,2,3,5401.0,sqft,"Forced Air, Natural Gas",Window A/C,unknown,118000.0,15235,2021/9/1,153483.3043,19.2173913,"Single Family Residence, Residential",1947,1,3,3551.0,sqft,"Forced Air, Natural Gas",Central Air,unknown,160000.0,1.0,2.0,False,26.25,medium,0,1,21,1850.0,equal,p1_much,medium_equal
11450720,11451982,15235,2021/9/1,135185.1852,19.77777778,"Single Family Residence, Residential",1958,2,3,7501.0,sqft,"Forced Air, Natural Gas","Central Air, Electric",unknown,129900.0,15235,2021/9/1,139175.8621,21.24137931,"Single Family Residence, Residential",1954,2,3,7500.0,sqft,"Forced Air, Natural Gas","Central Air, Electric",unknown,102555.0,2.0,1.0,False,21.05080831408776,hard,0,0,4,1.0,equal,p1_slight,hard_equal
11450720,11492053,15235,2021/9/1,135185.1852,19.77777778,"Single Family Residence, Residential",1958,2,3,7501.0,sqft,"Forced Air, Natural Gas","Central Air, Electric",unknown,129900.0,15235,2021/9/1,156849.1525,15.69491525,"Single Family Residence, Residential",1950,2,4,3619.0,sqft,"Forced Air, Natural Gas",Central Air,unknown,168000.0,1.0,2.0,False,22.678571428571427,hard,-1,0,8,3882.0,p2_more,p1_slight,hard_p2_more
11450720,11534982,15235,2021/9/1,135185.1852,19.77777778,"Single Family Residence, Residential",1958,2,3,7501.0,sqft,"Forced Air, Natural Gas","Central Air, Electric",unknown,129900.0,15235,2021/9/1,160089.8305,16.77966102,"Single Family Residence, Residential",1954,2,3,7501.0,sqft,"Forced Air, Natural Gas",Central Air,unknown,173000.0,,2.0,False,24.91329479768786,hard,0,0,4,0.0,equal,p1_slight,hard_equal
11450720,11567983,15235,2021/9/1,135185.1852,19.77777778,"Single Family Residence, Residential",1958,2,3,7501.0,sqft,"Forced Air, Natural Gas","Central Air, Electric",unknown,129900.0,15235,2021/9/1,160625.0,18.25,"Single Family Residence, Residential",1953,2,3,6777.0,sqft,"Forced Air, Natural Gas",Central Air,unknown,175000.0,1.0,2.0,False,25.771428571428572,medium,0,0,5,724.0,equal,p1_slight,medium_equal
11451038,11567983,15235,2021/9/1,133041.3621,34.05172414,"Single Family Residence, Residential",1955,2,4,0.32,Acres,Natural Gas,"Window A/C, Wall Unit(s)",unknown,145000.0,15235,2021/9/1,160625.0,18.25,"Single Family Residence, Residential",1953,2,3,6777.0,sqft,"Forced Air, Natural Gas",Central Air,unknown,175000.0,1.0,2.0,False,17.142857142857142,hard,1,0,2,-6776.68,p1_slight,p1_slight,hard_p1_slight
11451038,11597587,15235,2021/9/1,133041.3621,34.05172414,"Single Family Residence, Residential",1955,2,4,0.32,Acres,Natural Gas,"Window A/C, Wall Unit(s)",unknown,145000.0,15235,2021/9/1,167696.6102,19.40677966,"Single Family Residence, Residential",1973,2,3,8189.0,sqft,"Forced Air, Natural Gas",Central Air,unknown,180000.0,1.0,2.0,False,19.444444444444446,hard,1,0,-18,-8188.68,p1_slight,similar,hard_p1_slight
11451982,11492053,15235,2021/9/1,139175.8621,21.24137931,"Single Family Residence, Residential",1954,2,3,7500.0,sqft,"Forced Air, Natural Gas","Central Air, Electric",unknown,102555.0,15235,2021/9/1,156849.1525,15.69491525,"Single Family Residence, Residential",1950,2,4,3619.0,sqft,"Forced Air, Natural Gas",Central Air,unknown,168000.0,,2.0,False,38.955357142857146,medium,-1,0,4,3881.0,p2_more,p1_slight,medium_p2_more
11451982,11534982,15235,2021/9/1,139175.8621,21.24137931,"Single Family Residence, Residential",1954,2,3,7500.0,sqft,"Forced Air, Natural Gas","Central Air, Electric",unknown,102555.0,15235,2021/9/1,160089.8305,16.77966102,"Single Family Residence, Residential",1954,2,3,7501.0,sqft,"Forced Air, Natural Gas",Central Air,unknown,173000.0,1.0,2.0,False,40.71965317919075,easy,0,0,0,-1.0,equal,similar,easy_equal
11451982,11567983,15235,2021/9/1,139175.8621,21.24137931,"Single Family Residence, Residential",1954,2,3,7500.0,sqft,"Forced Air, Natural Gas","Central Air, Electric",unknown,102555.0,15235,2021/9/1,160625.0,18.25,"Single Family Residence, Residential",1953,2,3,6777.0,sqft,"Forced Air, Natural Gas",Central Air,unknown,175000.0,1.0,2.0,False,41.39714285714285,easy,0,0,1,723.0,equal,p1_slight,easy_equal
11492053,11532517,15235,2021/9/1,156849.1525,15.69491525,"Single Family Residence, Residential",1950,2,4,3619.0,sqft,"Forced Air, Natural Gas",Central Air,unknown,168000.0,15235,2021/9/1,159177.7778,20.0,"Single Family Residence, Residential",1961,2,3,0.3,Acres,"Forced Air, Natural Gas","Central Air, Electric",unknown,140000.0,2.0,1.0,False,16.666666666666664,hard,1,0,-11,3618.7,p1_slight,similar,hard_p1_slight
11492053,11534679,15235,2021/9/1,156849.1525,15.69491525,"Single Family Residence, Residential",1950,2,4,3619.0,sqft,"Forced Air, Natural Gas",Central Air,unknown,168000.0,15235,2021/9/1,149755.8824,19.80882353,"Single Family Residence, Residential",1954,2,3,7000.0,sqft,Natural Gas,Central Air,unknown,140000.0,2.0,1.0,False,16.666666666666664,hard,1,0,-4,-3381.0,p1_slight,similar,hard_p1_slight
11492053,11598104,15235,2021/9/1,156849.1525,15.69491525,"Single Family Residence, Residential",1950,2,4,3619.0,sqft,"Forced Air, Natural Gas",Central Air,unknown,168000.0,15235,2021/9/1,123494.9153,35.01694915,"Single Family Residence, Residential",1925,2,3,10532.0,sqft,"Forced Air, Natural Gas",Central Air,unknown,135000.0,2.0,1.0,False,19.642857142857142,hard,1,0,25,-6913.0,p1_slight,p1_much,hard_p1_slight
11493124,11533091,15235,2021/9/1,153483.3043,19.2173913,"Single Family Residence, Residential",1947,1,3,3551.0,sqft,"Forced Air, Natural Gas",Central Air,unknown,160000.0,15235,2021/9/1,124476.3043,29.2173913,"Single Family Residence, Residential",1943,1,3,10288.0,sqft,Natural Gas,Central Air,unknown,130000.0,2.0,1.0,False,18.75,hard,0,0,4,-6737.0,equal,p1_slight,hard_equal
11532517,11597587,15235,2021/9/1,159177.7778,20.0,"Single Family Residence, Residential",1961,2,3,0.3,Acres,"Forced Air, Natural Gas","Central Air, Electric",unknown,140000.0,15235,2021/9/1,167696.6102,19.40677966,"Single Family Residence, Residential",1973,2,3,8189.0,sqft,"Forced Air, Natural Gas",Central Air,unknown,180000.0,1.0,2.0,False,22.22222222222222,hard,0,0,-12,-8188.7,equal,similar,hard_equal
11376987,11532600,15235,2022/2/1,147665.6051,27.25477707,"Single Family Residence, Residential",1952,2,3,0.3,Acres,Natural Gas,Central Air,unknown,123000.0,15235,2022/2/1,143094.6309,14.97315436,"Single Family Residence, Residential",1957,2,3,6499.0,sqft,"Forced Air, Natural Gas",Central Air,unknown,153000.0,1.0,2.0,False,19.607843137254903,hard,0,0,-5,-6498.7,equal,similar,hard_equal
11376987,11533207,15235,2022/2/1,147665.6051,27.25477707,"Single Family Residence, Residential",1952,2,3,0.3,Acres,Natural Gas,Central Air,unknown,123000.0,15235,2022/2/1,139480.5195,11.55844156,"Single Family Residence, Residential",1956,2,3,6520.0,sqft,"Forced Air, Natural Gas",Electric,unknown,160000.0,1.0,2.0,False,23.125,hard,0,0,-4,-6519.7,equal,similar,hard_equal
11376987,11533301,15235,2022/2/1,147665.6051,27.25477707,"Single Family Residence, Residential",1952,2,3,0.3,Acres,Natural Gas,Central Air,unknown,123000.0,15235,2022/2/1,162796.6102,16.23728814,"Single Family Residence, Residential",1967,3,3,8285.0,sqft,"Forced Air, Natural Gas",Central Air,unknown,149900.0,1.0,2.0,False,17.945296864576385,hard,0,-1,-15,-8284.7,equal,similar,hard_equal
11416447,11569011,15235,2022/2/1,149200.0,17.6,"Single Family Residence, Residential",1921,3,2,0.46,Acres,"Forced Air, Natural Gas",unknown,unknown,138500.0,15235,2022/2/1,170345.4545,10.0,"Single Family Residence, Residential",1963,2,3,7862.0,sqft,Natural Gas,unknown,unknown,189000.0,,2.0,False,26.71957671957672,medium,-1,1,-42,-7861.54,p2_more,p2_newer,medium_p2_more
11417249,11493393,15235,2022/3/1,165711.5385,25.69230769,"Single Family Residence, Residential",1940,2,3,7679.0,sqft,"Hot Water, Natural Gas",unknown,unknown,225000.0,15235,2022/3/1,141802.7027,16.81081081,"Single Family Residence, Residential",1930,1,3,0.37,Acres,"Forced Air, Natural Gas",unknown,unknown,149900.0,2.0,1.0,False,33.37777777777778,medium,0,1,10,7678.63,equal,p1_slight,medium_equal
11491989,11492265,15235,2022/3/1,144591.2409,19.19708029,"Single Family Residence, Residential",1950,2,2,8163.0,sqft,"Forced Air, Natural Gas",Central Air,Attached Garage,110000.0,15235,2022/3/1,109468.2432,45.30405405,"Single Family Residence, Residential",1900,2,3,7666.0,sqft,Natural Gas,Central Air,Garage Door Opener,170000.0,1.0,2.0,False,35.294117647058826,medium,-1,0,50,497.0,p2_more,p1_much,medium_p2_more
11416081,11416653,15235,2022/4/1,155361.5385,16.92307692,"Single Family Residence, Residential",1940,2,3,0.34,Acres,"Forced Air, Natural Gas",Central Air,unknown,167000.0,15235,2022/4/1,163030.7692,26.61538462,"Single Family Residence, Residential",1952,2,3,8250.0,sqft,"Forced Air, Natural Gas","Central Air, Electric",unknown,240000.0,1.0,2.0,False,30.416666666666664,medium,0,0,-12,-8249.66,equal,similar,medium_equal
11416081,11453793,15235,2022/4/1,155361.5385,16.92307692,"Single Family Residence, Residential",1940,2,3,0.34,Acres,"Forced Air, Natural Gas",Central Air,unknown,167000.0,15235,2022/4/1,188652.0,22.0,"Single Family Residence, Residential",1950,2,3,0.26,Acres,"Forced Air, Natural Gas",Central Air,unknown,299000.0,1.0,2.0,False,44.14715719063545,easy,0,0,-10,0.08000000000000002,equal,similar,easy_equal
11416639,11454318,15235,2022/4/1,235495.8904,14.12328767,"Single Family Residence, Residential",1958,3,4,7448.0,sqft,"Forced Air, Natural Gas",Central Air,unknown,241000.0,15235,2022/4/1,222317.9487,16.15384615,"Single Family Residence, Residential",1959,3,3,0.27,Acres,"Forced Air, Natural Gas","Attic Fan, Central Air",unknown,192000.0,2.0,1.0,False,20.33195020746888,hard,1,0,-1,7447.73,p1_slight,similar,hard_p1_slight
11416653,11492959,15235,2022/4/1,163030.7692,26.61538462,"Single Family Residence, Residential",1952,2,3,8250.0,sqft,"Forced Air, Natural Gas","Central Air, Electric",unknown,240000.0,15235,2022/4/1,125308.6957,38.52173913,"Single Family Residence, Residential",1950,2,3,9448.0,sqft,"Forced Air, Natural Gas","Central Air, Electric",unknown,197000.0,2.0,1.0,False,17.916666666666668,hard,0,0,2,-1198.0,equal,p1_slight,hard_equal
11417268,11597227,15235,2022/4/1,141900.0,27.15384615,"Single Family Residence, Residential",1950,1,2,7501.0,sqft,"Forced Air, Natural Gas",Central Air,unknown,139000.0,15235,2022/4/1,130746.1538,55.58974359,"Single Family Residence, Residential",1898,2,3,0.01,Acres,"Natural Gas, Baseboard",Window A/C,unknown,180413.0,1.0,2.0,False,22.954554272696534,hard,-1,-1,52,7500.99,p2_more,p1_much,hard_p2_more
11418062,11453793,15235,2022/4/1,196950.0,20.61538462,"Single Family Residence, Residential",1940,3,3,0.26,Acres,"Forced Air, Natural Gas",Central Air,unknown,215000.0,15235,2022/4/1,188652.0,22.0,"Single Family Residence, Residential",1950,2,3,0.26,Acres,"Forced Air, Natural Gas",Central Air,unknown,299000.0,1.0,2.0,False,28.093645484949832,medium,0,1,-10,0.0,equal,similar,medium_equal
11451707,11597227,15235,2022/4/1,133629.5,22.1,"Single Family Residence, Residential",1940,2,3,6242.0,sqft,Natural Gas,Central Air,unknown,135000.0,15235,2022/4/1,130746.1538,55.58974359,"Single Family Residence, Residential",1898,2,3,0.01,Acres,"Natural Gas, Baseboard",Window A/C,unknown,180413.0,1.0,2.0,False,25.171689401539798,medium,0,0,42,6241.99,equal,p1_much,medium_equal
11492395,11568921,15235,2022/4/1,116269.5652,36.0,"Single Family Residence, Residential",1940,1,3,0.25,Acres,"Forced Air, Natural Gas",Central Air,unknown,185000.0,15235,2022/4/1,85270.0,54.1,"Single Family Residence, Residential",1910,2,3,0.28,Acres,"Forced Air, Natural Gas",Central Air,unknown,126500.0,2.0,1.0,False,31.62162162162162,medium,0,-1,30,-0.030000000000000027,equal,p1_much,medium_equal
11493738,11597227,15235,2022/4/1,123227.5,18.4,"Single Family Residence, Residential",1952,1,3,5998.0,sqft,"Forced Air, Natural Gas",Central Air,unknown,148000.0,15235,2022/4/1,130746.1538,55.58974359,"Single Family Residence, Residential",1898,2,3,0.01,Acres,"Natural Gas, Baseboard",Window A/C,unknown,180413.0,1.0,2.0,False,17.96600023279919,hard,0,-1,54,5997.99,equal,p1_much,hard_equal
11533411,11567644,15235,2022/4/1,99145.45455,47.86363636,"Single Family Residence, Residential",1953,2,4,0.25,Acres,"Forced Air, Natural Gas",Central Air,unknown,125000.0,15235,2022/4/1,119397.2973,41.24324324,"Single Family Residence, Residential",1971,2,3,8411.0,sqft,"Forced Air, Natural Gas",Central Air,unknown,160000.0,1.0,2.0,False,21.875,hard,1,0,-18,-8410.75,p1_slight,similar,hard_p1_slight
11567644,11568921,15235,2022/4/1,119397.2973,41.24324324,"Single Family Residence, Residential",1971,2,3,8411.0,sqft,"Forced Air, Natural Gas",Central Air,unknown,160000.0,15235,2022/4/1,85270.0,54.1,"Single Family Residence, Residential",1910,2,3,0.28,Acres,"Forced Air, Natural Gas",Central Air,unknown,126500.0,2.0,1.0,False,20.9375,hard,0,0,61,8410.72,equal,p1_much,hard_equal
11453645,11533247,15235,2022/5/1,122569.2308,22.23076923,"Single Family Residence, Residential",1950,2,3,5998.0,sqft,Natural Gas,Central Air,Attached Garage,105000.0,15235,2022/5/1,148720.0,17.4,"Single Family Residence, Residential",1950,2,3,5998.0,sqft,Natural Gas,Central Air,Attached Garage,170000.0,,2.0,False,38.23529411764706,medium,0,0,0,0.0,equal,similar,medium_equal
11454609,11494479,15235,2022/5/1,236433.3333,17.66666667,"Single Family Residence, Residential",1975,4,4,0.32,Acres,"Forced Air, Natural Gas","Central Air, Electric",unknown,235000.0,15235,2022/5/1,217934.7826,53.04347826,"Single Family Residence, Residential",1950,3,3,0.66,Acres,"Forced Air, Natural Gas",Central Air,unknown,430000.0,1.0,2.0,False,45.348837209302324,easy,1,1,25,-0.34,p1_slight,p1_much,easy_p1_slight
11491513,11532266,15235,2022/5/1,204280.0,22.95,"Single Family Residence, Residential",1954,3,4,9452.0,sqft,"Forced Air, Natural Gas",Central Air,unknown,203000.0,15235,2022/5/1,213915.0,19.85,"Single Family Residence, Residential",1965,3,3,8712.0,sqft,"Forced Air, Natural Gas",Central Air,unknown,268000.0,1.0,2.0,False,24.253731343283583,hard,1,0,-11,740.0,p1_slight,similar,hard_p1_slight
11492342,11492540,15235,2022/5/1,190140.0,13.8,"Single Family Residence, Residential",1975,3,3,9753.0,sqft,"Radiant, Electric",Other,unknown,236000.0,15235,2022/5/1,165360.0,20.575,"Single Family Residence, Residential",1951,2,3,0.47,Acres,"Forced Air, Natural Gas",Central Air,unknown,185000.0,2.0,1.0,False,21.610169491525426,hard,0,1,24,9752.53,equal,p1_much,hard_equal
11492342,11493329,15235,2022/5/1,190140.0,13.8,"Single Family Residence, Residential",1975,3,3,9753.0,sqft,"Radiant, Electric",Other,unknown,236000.0,15235,2022/5/1,165629.7297,26.91891892,"Single Family Residence, Residential",1950,2,3,0.29,Acres,"Forced Air, Natural Gas",Central Air,unknown,178000.0,2.0,1.0,False,24.576271186440678,hard,0,1,25,9752.71,equal,p1_much,hard_equal
11492540,11492965,15235,2022/5/1,165360.0,20.575,"Single Family Residence, Residential",1951,2,3,0.47,Acres,"Forced Air, Natural Gas",Central Air,unknown,185000.0,15235,2022/5/1,182960.0,27.1,"Single Family Residence, Residential",1948,2,4,9330.0,sqft,"Forced Air, Natural Gas",Central Air,unknown,250000.0,1.0,2.0,False,26.0,medium,-1,0,3,-9329.53,p2_more,p1_slight,medium_p2_more
11494167,11494479,15235,2022/5/1,256135.0,12.8,"Single Family Residence, Residential",1969,4,4,0.47,Acres,"Forced Air, Natural Gas","Central Air, Electric",unknown,260000.0,15235,2022/5/1,217934.7826,53.04347826,"Single Family Residence, Residential",1950,3,3,0.66,Acres,"Forced Air, Natural Gas",Central Air,unknown,430000.0,1.0,2.0,False,39.53488372093023,medium,1,1,19,-0.19000000000000006,p1_slight,p1_slight,medium_p1_slight
11454266,11494551,15235,2022/6/1,230550.0,20.5,"Single Family Residence, Residential",1956,2,3,9748.0,sqft,Natural Gas,Central Air,unknown,190000.0,15235,2022/6/1,203927.2727,14.71590909,"Single Family Residence, Residential",1900,1,2,0.46,Acres,"Hot Water, Natural Gas",Central Air,unknown,232000.0,1.0,2.0,False,18.103448275862068,hard,1,1,56,9747.54,p1_slight,p1_much,hard_p1_slight
11454266,11568501,15235,2022/6/1,230550.0,20.5,"Single Family Residence, Residential",1956,2,3,9748.0,sqft,Natural Gas,Central Air,unknown,190000.0,15235,2022/6/1,211640.0,20.30588235,"Single Family Residence, Residential",1977,3,3,8489.0,sqft,"Forced Air, Natural Gas",Electric,unknown,234000.0,,2.0,False,18.803418803418804,hard,0,-1,-21,1259.0,equal,p2_newer,hard_equal
11491557,11568672,15235,2022/6/1,205064.0449,24.3258427,"Single Family Residence, Residential",1939,3,3,0.38,Acres,"Forced Air, Natural Gas",Central Air,unknown,270000.0,15235,2022/6/1,200466.6667,23.83333333,"Single Family Residence, Residential",1964,3,4,0.3,Acres,"Forced Air, Natural Gas","Window A/C, Central Air, Electric",unknown,195000.0,2.0,1.0,False,27.77777777777778,medium,-1,0,-25,0.08000000000000002,p2_more,p2_newer,medium_p2_more
11492205,11534634,15235,2022/6/1,115960.4396,28.72527473,"Single Family Residence, Residential",1955,1,3,7592.0,sqft,"Forced Air, Natural Gas","Central Air, Electric",unknown,121000.0,15235,2022/6/1,139321.2121,25.85606061,"Single Family Residence, Residential",1952,1,3,6629.0,sqft,"Forced Air, Natural Gas",Central Air,unknown,177000.0,1.0,2.0,False,31.63841807909605,medium,0,0,3,963.0,equal,p1_slight,medium_equal
11494551,11533243,15235,2022/6/1,203927.2727,14.71590909,"Single Family Residence, Residential",1900,1,2,0.46,Acres,"Hot Water, Natural Gas",Central Air,unknown,232000.0,15235,2022/6/1,179355.0,12.4,"Single Family Residence, Residential",1950,2,3,5998.0,sqft,"Forced Air, Natural Gas",Central Air,unknown,175000.0,2.0,1.0,False,24.568965517241377,hard,-1,-1,-50,-5997.54,p2_more,p2_newer,hard_p2_more
11568501,11568672,15235,2022/6/1,211640.0,20.30588235,"Single Family Residence, Residential",1977,3,3,8489.0,sqft,"Forced Air, Natural Gas",Electric,unknown,234000.0,15235,2022/6/1,200466.6667,23.83333333,"Single Family Residence, Residential",1964,3,4,0.3,Acres,"Forced Air, Natural Gas","Window A/C, Central Air, Electric",unknown,195000.0,2.0,1.0,False,16.666666666666664,hard,-1,0,13,8488.7,p2_more,p1_slight,hard_p2_more
11416133,11491654,15235,2022/7/1,166980.0,44.6,"Single Family Residence, Residential",1945,2,5,1.18,Acres,"Forced Air, Natural Gas",Central Air,unknown,211000.0,15235,2022/7/1,194630.4348,31.17391304,"Single Family Residence, Residential",1947,3,4,0.48,Acres,"Forced Air, Natural Gas",Central Air,unknown,257000.0,1.0,2.0,False,17.898832684824903,hard,1,-1,-2,0.7,p1_slight,similar,hard_p1_slight
11452507,11569022,15235,2022/7/1,163599.0112,14.76404494,"Single Family Residence, Residential",1950,2,3,7614.0,sqft,"Forced Air, Natural Gas",Central Air,Attached Garage,195500.0,15235,2022/7/1,148855.5556,18.33333333,"Single Family Residence, Residential",1968,2,3,8398.0,sqft,Natural Gas,Central Air,Attached Garage,138200.0,2.0,1.0,False,29.309462915601024,medium,0,0,-18,-784.0,equal,similar,medium_equal
11393454,11508065,15236,2019/10/1,164412.4286,13.42857143,SingleFamily,1954,2,3,8698.0,sqft,"Forced air, Gas",Central,unknown,152000.0,15236,2019/10/1,190318.25,18.25,SingleFamily,1956,2,3,8276.0,sqft,"Forced air, Gas",Central,unknown,197000.0,1.0,2.0,False,22.84263959390863,hard,0,0,-2,422.0,equal,similar,hard_equal
11430720,11642368,15236,2019/10/1,153953.1,16.65,SingleFamily,1952,2,3,6250.0,sqft,Other,Central,Garage - Attached,174000.0,15236,2019/10/1,152323.6667,13.33333333,SingleFamily,1956,1,3,0.3,Acres,Other,Central,Garage - Attached,138947.0,2.0,1.0,False,20.145402298850577,hard,0,1,-4,6249.7,equal,similar,hard_equal
11469450,11507215,15236,2019/10/1,182373.6,18.0,SingleFamily,1940,2,2,0.45,Acres,Other,Central,unknown,200000.0,15236,2019/10/1,216554.25,21.83333333,SingleFamily,1958,3,3,9056.0,sqft,Other,Central,unknown,279900.0,1.0,2.0,False,28.545909253304753,medium,-1,-1,-18,-9055.55,p2_more,similar,medium_p2_more
11469578,11642368,15236,2019/10/1,175318.5,15.5,SingleFamily,1957,2,3,6599.0,sqft,Other,Central,Garage - Attached,185000.0,15236,2019/10/1,152323.6667,13.33333333,SingleFamily,1956,1,3,0.3,Acres,Other,Central,Garage - Attached,138947.0,2.0,1.0,False,24.89351351351351,hard,0,1,1,6598.7,equal,p1_slight,hard_equal
11393815,11430457,15236,2019/11/1,164339.7143,16.28571429,SingleFamily,1950,3,3,0.42,Acres,Other,Central,unknown,123000.0,15236,2019/11/1,150049.3846,16.23076923,"Single Family Residence, Residential",1946,1,3,0.36,Acres,"Hot Water, Natural Gas",Central Air,unknown,151500.0,1.0,2.0,False,18.81188118811881,hard,0,2,4,0.06,equal,p1_slight,hard_equal
11393815,11470691,15236,2019/11/1,164339.7143,16.28571429,SingleFamily,1950,3,3,0.42,Acres,Other,Central,unknown,123000.0,15236,2019/11/1,162774.85,17.55,SingleFamily,1958,2,3,8250.0,sqft,"Forced air, Gas",Central,unknown,184900.0,1.0,2.0,False,33.47755543537047,medium,0,1,-8,-8249.58,equal,similar,medium_equal
11393815,11507593,15236,2019/11/1,164339.7143,16.28571429,SingleFamily,1950,3,3,0.42,Acres,Other,Central,unknown,123000.0,15236,2019/11/1,178636.6429,15.5,SingleFamily,1972,2,3,0.31,Acres,"Other, Electric",Central,unknown,172000.0,1.0,2.0,False,28.488372093023255,medium,0,1,-22,0.10999999999999999,equal,p2_newer,medium_equal
11429138,11470558,15236,2019/11/1,234550.2,13.0,SingleFamily,1950,3,3,9931.0,sqft,Other,Central,unknown,240000.0,15236,2019/11/1,226157.5,14.6,SingleFamily,1957,2,2,0.92,Acres,Other,Central,unknown,165500.0,2.0,1.0,False,31.041666666666668,medium,1,1,-7,9930.08,p1_slight,similar,medium_p1_slight
11430457,11470691,15236,2019/11/1,150049.3846,16.23076923,"Single Family Residence, Residential",1946,1,3,0.36,Acres,"Hot Water, Natural Gas",Central Air,unknown,151500.0,15236,2019/11/1,162774.85,17.55,SingleFamily,1958,2,3,8250.0,sqft,"Forced air, Gas",Central,unknown,184900.0,1.0,2.0,False,18.063818280151434,hard,0,-1,-12,-8249.64,equal,similar,hard_equal
11469900,11546491,15236,2019/11/1,189697.9231,12.69230769,SingleFamily,1956,2,4,7566.0,sqft,Other,Central,Garage - Attached,199900.0,15236,2019/11/1,169825.2308,13.69230769,SingleFamily,1956,2,3,0.3,Acres,"Forced air, Gas",Central,Garage - Attached,160000.0,2.0,1.0,False,19.959979989995,hard,1,0,0,7565.7,p1_slight,similar,hard_p1_slight
11393949,11468216,15236,2019/12/1,187018.0,14.0,Townhouse,1993,2,3,6372.0,sqft,Other,Central,unknown,210000.0,15236,2019/12/1,160167.0,21.7,SingleFamily,1953,2,3,7100.0,sqft,"Forced air, Gas",Central,unknown,167500.0,2.0,1.0,False,20.238095238095237,hard,0,0,40,-728.0,equal,p1_much,hard_equal
11469242,11470594,15236,2019/12/1,174607.7895,15.0,SingleFamily,1960,2,3,6499.0,sqft,Other,Central,Garage - Attached,210000.0,15236,2019/12/1,158011.1579,12.73684211,SingleFamily,1955,1,3,0.25,Acres,Other,Central,Garage - Attached,159900.0,2.0,1.0,False,23.857142857142858,hard,0,1,5,6498.75,equal,p1_slight,hard_equal
11428848,11468009,15236,2019/8/1,174735.6667,10.93333333,SingleFamily,1951,2,3,0.53,Acres,"Forced air, Gas",Central,unknown,196500.0,15236,2019/8/1,180406.1111,20.11111111,SingleFamily,1938,3,4,7840.0,sqft,"Other, Forced air, Gas",Central,unknown,239900.0,1.0,2.0,False,18.090871196331804,hard,-1,-1,13,-7839.47,p2_more,p1_slight,hard_p2_more
11468009,11507400,15236,2019/8/1,180406.1111,20.11111111,SingleFamily,1938,3,4,7840.0,sqft,"Other, Forced air, Gas",Central,unknown,239900.0,15236,2019/8/1,187411.6667,13.33333333,SingleFamily,1988,3,3,10284.0,sqft,Other,Central,unknown,180000.0,2.0,1.0,False,24.96873697373906,hard,1,0,-50,-2444.0,p1_slight,p2_newer,hard_p1_slight
11394163,11507689,15236,2019/9/1,175903.7333,10.0,SingleFamily,1950,2,3,5998.0,sqft,"Forced air, Gas",Central,Garage - Attached,177230.0,15236,2019/9/1,174472.0,10.0,SingleFamily,1939,2,3,9583.0,sqft,Other,Central,Garage - Attached,135300.0,2.0,1.0,False,23.658522823449754,hard,0,0,11,-3585.0,equal,p1_slight,hard_equal
11430063,11507689,15236,2019/9/1,158011.0,17.5,SingleFamily,1946,1,3,6298.0,sqft,"Forced air, Gas",Central,Off-street,175000.0,15236,2019/9/1,174472.0,10.0,SingleFamily,1939,2,3,9583.0,sqft,Other,Central,Garage - Attached,135300.0,2.0,1.0,False,22.685714285714287,hard,0,-1,7,-3285.0,equal,p1_slight,hard_equal
11469519,11470607,15236,2019/9/1,151966.3846,17.61538462,SingleFamily,1955,2,3,6751.0,sqft,Other,Central,Garage - Attached,152000.0,15236,2019/9/1,151425.5417,12.91666667,SingleFamily,1959,2,2,7840.0,sqft,"Forced air, Gas",Central,Garage - Attached,182500.0,1.0,2.0,False,16.71232876712329,hard,1,0,-4,-1089.0,p1_slight,similar,hard_p1_slight
11506574,11642435,15236,2019/9/1,176625.0,19.5,"Single Family Residence, Residential",1943,2,3,7405.0,sqft,"Forced Air, Natural Gas",Central Air,unknown,177000.0,15236,2019/9/1,155097.0,12.0,SingleFamily,1955,2,3,0.77,Acres,Other,Central,unknown,138000.0,2.0,1.0,False,22.033898305084744,hard,0,0,-12,7404.23,equal,similar,hard_equal
11507244,11642435,15236,2019/9/1,157029.2,20.53333333,SingleFamily,1946,1,3,9861.0,sqft,"Forced air, Gas",Central,unknown,176450.0,15236,2019/9/1,155097.0,12.0,SingleFamily,1955,2,3,0.77,Acres,Other,Central,unknown,138000.0,2.0,1.0,False,21.790875602153584,hard,0,-1,-9,9860.23,equal,similar,hard_equal
11507689,11546674,15236,2019/9/1,174472.0,10.0,SingleFamily,1939,2,3,9583.0,sqft,Other,Central,Garage - Attached,135300.0,15236,2019/9/1,181466.6429,18.35714286,SingleFamily,1981,3,2,2880.0,sqft,"Baseboard, Electric",Central,Garage - Attached,176000.0,1.0,2.0,False,23.125,hard,1,-1,-42,6703.0,p1_slight,p2_newer,hard_p1_slight
11430046,11506820,15236,2020/1/1,145847.0,17.2,SingleFamily,1940,1,3,5000.0,sqft,"Other, Forced air, Gas",Central,unknown,149000.0,15236,2020/1/1,160022.4,20.8,"Single Family Residence, Residential",1948,1,3,7801.0,sqft,"Forced Air, Natural Gas",Window A/C,unknown,114550.0,,1.0,False,23.120805369127517,hard,0,0,-8,-2801.0,equal,similar,hard_equal
11430509,11468196,15236,2020/1/1,142541.6667,14.0,SingleFamily,1948,1,3,0.26,Acres,"Radiant, Other, Gas",unknown,Garage - Attached,185000.0,15236,2020/1/1,147314.8,17.0,SingleFamily,1942,4,2,9208.0,sqft,Other,unknown,Garage - Attached,135000.0,,1.0,False,27.027027027027028,medium,1,-3,6,-9207.74,p1_slight,p1_slight,medium_p1_slight
11506973,11547136,15236,2020/1/1,201199.5263,11.42105263,"Single Family Residence, Residential",1941,2,3,6072.0,sqft,"Forced Air, Natural Gas",Central Air,unknown,199900.0,15236,2020/1/1,175513.5294,19.17647059,SingleFamily,1952,1,3,0.26,Acres,Other,Central,unknown,160000.0,2.0,1.0,False,19.959979989995,hard,0,1,-11,6071.74,equal,similar,hard_equal
11393488,11429999,15236,2020/10/1,155217.1333,17.86666667,"Townhouse, Residential",1985,2,2,40511.0,sqft,"Heat Pump, Electric",Central Air,unknown,145000.0,15236,2020/10/1,172202.7273,18.18181818,"Single Family Residence, Residential",1950,2,3,6100.0,sqft,"Forced Air, Natural Gas",Central Air,unknown,199000.0,1.0,2.0,False,27.1356783919598,medium,-1,0,35,34411.0,p2_more,p1_much,medium_p2_more
11393488,11430173,15236,2020/10/1,155217.1333,17.86666667,"Townhouse, Residential",1985,2,2,40511.0,sqft,"Heat Pump, Electric",Central Air,unknown,145000.0,15236,2020/10/1,181272.9333,19.53333333,"Single Family Residence, Residential",1943,2,3,6751.0,sqft,"Forced Air, Natural Gas",Central Air,unknown,176000.0,1.0,2.0,False,17.613636363636363,hard,-1,0,42,33760.0,p2_more,p1_much,hard_p2_more
11393488,11430654,15236,2020/10/1,155217.1333,17.86666667,"Townhouse, Residential",1985,2,2,40511.0,sqft,"Heat Pump, Electric",Central Air,unknown,145000.0,15236,2020/10/1,174109.0,14.0,"Single Family Residence, Residential",1954,2,3,7501.0,sqft,"Forced Air, Natural Gas",Central Air,unknown,185000.0,,2.0,False,21.62162162162162,hard,-1,0,31,33010.0,p2_more,p1_much,hard_p2_more
11393488,11430694,15236,2020/10/1,155217.1333,17.86666667,"Townhouse, Residential",1985,2,2,40511.0,sqft,"Heat Pump, Electric",Central Air,unknown,145000.0,15236,2020/10/1,177583.9333,16.13333333,"Single Family Residence, Residential",1953,1,3,8908.0,sqft,"Forced Air, Natural Gas",Central Air,unknown,175000.0,1.0,2.0,False,17.142857142857142,hard,-1,1,32,31603.0,p2_more,p1_much,hard_p2_more
11393488,11468324,15236,2020/10/1,155217.1333,17.86666667,"Townhouse, Residential",1985,2,2,40511.0,sqft,"Heat Pump, Electric",Central Air,unknown,145000.0,15236,2020/10/1,136269.5714,17.85714286,"Single Family Residence, Residential",1955,1,3,6760.0,sqft,"Forced Air, Natural Gas","Central Air, Electric",unknown,175800.0,1.0,2.0,False,17.51990898748578,hard,-1,1,30,33751.0,p2_more,p1_much,hard_p2_more
11393488,11469990,15236,2020/10/1,155217.1333,17.86666667,"Townhouse, Residential",1985,2,2,40511.0,sqft,"Heat Pump, Electric",Central Air,unknown,145000.0,15236,2020/10/1,171432.5714,19.28571429,"Single Family Residence, Residential",1926,2,3,10500.0,sqft,"Hot Water, Natural Gas",Window A/C,unknown,190000.0,,2.0,False,23.684210526315788,hard,-1,0,59,30011.0,p2_more,p1_much,hard_p2_more
11393488,11507240,15236,2020/10/1,155217.1333,17.86666667,"Townhouse, Residential",1985,2,2,40511.0,sqft,"Heat Pump, Electric",Central Air,unknown,145000.0,15236,2020/10/1,163653.7879,19.48484848,"Single Family Residence, Residential",1955,2,3,0.3,Acres,"Forced Air, Natural Gas",Central Air,unknown,192500.0,,2.0,False,24.675324675324674,hard,-1,0,30,40510.7,p2_more,p1_much,hard_p2_more
11393488,11507800,15236,2020/10/1,155217.1333,17.86666667,"Townhouse, Residential",1985,2,2,40511.0,sqft,"Heat Pump, Electric",Central Air,unknown,145000.0,15236,2020/10/1,133173.0909,22.81818182,SingleFamily,1956,2,3,7875.0,sqft,Other,Central,unknown,196000.0,1.0,2.0,False,26.02040816326531,medium,-1,0,29,32636.0,p2_more,p1_much,medium_p2_more
11393488,11508010,15236,2020/10/1,155217.1333,17.86666667,"Townhouse, Residential",1985,2,2,40511.0,sqft,"Heat Pump, Electric",Central Air,unknown,145000.0,15236,2020/10/1,173998.9286,11.21428571,"Single Family Residence, Residential",1963,2,3,7150.0,sqft,Natural Gas,Central Air,unknown,180000.0,1.0,2.0,False,19.444444444444446,hard,-1,0,22,33361.0,p2_more,p1_much,hard_p2_more
11468457,11469194,15236,2020/11/1,172562.0909,16.63636364,"Single Family Residence, Residential",1956,2,3,6545.0,sqft,"Forced Air, Natural Gas",Central Air,unknown,189900.0,15236,2020/11/1,168694.0,15.0,"Single Family Residence, Residential",1954,2,3,7150.0,sqft,"Forced Air, Natural Gas","Central Air, Electric",unknown,140000.0,2.0,1.0,False,26.276987888362296,medium,0,0,2,-605.0,equal,p1_slight,medium_equal
11469194,11469799,15236,2020/11/1,168694.0,15.0,"Single Family Residence, Residential",1954,2,3,7150.0,sqft,"Forced Air, Natural Gas","Central Air, Electric",unknown,140000.0,15236,2020/11/1,170487.6923,15.92307692,"Single Family Residence, Residential",1957,2,3,6599.0,sqft,"Forced Air, Natural Gas",Central Air,unknown,198500.0,1.0,2.0,False,29.47103274559194,medium,0,0,-3,551.0,equal,similar,medium_equal
11469194,11469969,15236,2020/11/1,168694.0,15.0,"Single Family Residence, Residential",1954,2,3,7150.0,sqft,"Forced Air, Natural Gas","Central Air, Electric",unknown,140000.0,15236,2020/11/1,166794.3846,15.69230769,"Single Family Residence, Residential",1956,2,3,7150.0,sqft,"Forced Air, Natural Gas",Central Air,unknown,213000.0,1.0,2.0,False,34.27230046948357,medium,0,0,-2,0.0,equal,similar,medium_equal
11429288,11430129,15236,2020/12/1,195884.5333,19.2,"Single Family Residence, Residential",1951,2,3,10005.0,sqft,"Forced Air, Natural Gas",Central Air,unknown,265000.0,15236,2020/12/1,211918.0,22.54545455,"Single Family Residence, Residential",1950,2,3,0.26,Acres,"Forced Air, Natural Gas",Central Air,unknown,180000.0,2.0,1.0,False,32.075471698113205,medium,0,0,1,10004.74,equal,p1_slight,medium_equal
11429288,11507049,15236,2020/12/1,195884.5333,19.2,"Single Family Residence, Residential",1951,2,3,10005.0,sqft,"Forced Air, Natural Gas",Central Air,unknown,265000.0,15236,2020/12/1,216833.8667,14.0,"Single Family Residence, Residential",1940,3,3,7801.0,sqft,"Forced Air, Natural Gas",Central Air,unknown,210000.0,2.0,1.0,False,20.754716981132077,hard,0,-1,11,2204.0,equal,p1_slight,hard_equal
11430129,11578376,15236,2020/12/1,211918.0,22.54545455,"Single Family Residence, Residential",1950,2,3,0.26,Acres,"Forced Air, Natural Gas",Central Air,unknown,180000.0,15236,2020/12/1,227857.2,16.8,"Single Family Residence, Residential",1979,2,3,9374.0,sqft,Natural Gas,Electric,unknown,231500.0,1.0,2.0,False,22.24622030237581,hard,0,0,-29,-9373.74,equal,p2_newer,hard_equal
11546356,11546675,15236,2020/12/1,262167.6923,16.15384615,"Single Family Residence, Residential",1970,3,3,8125.0,sqft,Natural Gas,Central Air,unknown,270000.0,15236,2020/12/1,240484.0,11.96,"Single Family Residence, Residential",1945,2,3,9204.0,sqft,"Forced Air, Natural Gas",Central Air,unknown,205000.0,,1.0,False,24.074074074074073,hard,0,1,25,-1079.0,equal,p1_much,hard_equal
11546675,11546796,15236,2020/12/1,240484.0,11.96,"Single Family Residence, Residential",1945,2,3,9204.0,sqft,"Forced Air, Natural Gas",Central Air,unknown,205000.0,15236,2020/12/1,233116.6,14.0,"Single Family Residence, Residential",1955,2,3,0.26,Acres,"Forced Air, Natural Gas",Electric,unknown,250000.0,1.0,2.0,False,18.0,hard,0,0,-10,9203.74,equal,similar,hard_equal
11394148,11470545,15236,2020/2/1,138655.0,16.0,SingleFamily,1950,2,2,6534.0,sqft,Other,Central,Garage - Attached,154900.0,15236,2020/2/1,152119.4,11.2,SingleFamily,1956,1,3,8712.0,sqft,"Forced air, Gas",Central,Garage - Attached,119500.0,2.0,1.0,False,22.85345384118786,hard,-1,1,-6,-2178.0,p2_more,similar,hard_p2_more
11468299,11470532,15236,2020/2/1,154465.9,16.7,SingleFamily,1948,1,3,7801.0,sqft,"Other, Gas",Central,Garage - Attached,150000.0,15236,2020/2/1,157400.5106,12.72340426,SingleFamily,1956,2,2,0.26,Acres,"Forced air, Gas",Central,Garage - Attached,124850.0,2.0,1.0,False,16.766666666666666,hard,1,-1,-8,7800.74,p1_slight,similar,hard_p1_slight
11469241,11470532,15236,2020/2/1,165237.3636,15.27272727,SingleFamily,1964,2,3,7833.0,sqft,Other,Central,Garage - Attached,165000.0,15236,2020/2/1,157400.5106,12.72340426,SingleFamily,1956,2,2,0.26,Acres,"Forced air, Gas",Central,Garage - Attached,124850.0,2.0,1.0,False,24.333333333333336,hard,1,0,8,7832.74,p1_slight,p1_slight,hard_p1_slight
11469241,11470545,15236,2020/2/1,165237.3636,15.27272727,SingleFamily,1964,2,3,7833.0,sqft,Other,Central,Garage - Attached,165000.0,15236,2020/2/1,152119.4,11.2,SingleFamily,1956,1,3,8712.0,sqft,"Forced air, Gas",Central,Garage - Attached,119500.0,2.0,1.0,False,27.575757575757574,medium,0,1,8,-879.0,equal,p1_slight,medium_equal
11429081,11546942,15236,2020/3/1,193988.5556,19.0,SingleFamily,1955,2,3,9966.0,sqft,"Forced air, Gas",Central,unknown,175000.0,15236,2020/3/1,209850.0,17.0,SingleFamily,1973,2,3,8703.0,sqft,Other,Central,unknown,223000.0,1.0,2.0,False,21.524663677130047,hard,0,0,-18,1263.0,equal,similar,hard_equal
11429847,11546942,15236,2020/3/1,190336.2,13.7,SingleFamily,1959,3,3,7405.0,sqft,"Other, Gas",Central,unknown,182000.0,15236,2020/3/1,209850.0,17.0,SingleFamily,1973,2,3,8703.0,sqft,Other,Central,unknown,223000.0,,2.0,False,18.385650224215247,hard,0,1,-14,-1298.0,equal,similar,hard_equal
11468141,11546573,15236,2020/3/1,176489.2,11.2,SingleFamily,1940,3,3,9748.0,sqft,"Forced air, Gas",Central,Garage - Attached,234900.0,15236,2020/3/1,185935.1429,12.14285714,SingleFamily,1956,2,3,8398.0,sqft,"Forced air, Gas",Central,Garage - Attached,155500.0,2.0,1.0,False,33.80161770966369,medium,0,1,-16,1350.0,equal,similar,medium_equal
11468712,11469397,15236,2020/3/1,162976.25,17.25,SingleFamily,1957,1,3,8372.0,sqft,"Other, Gas",Central,Garage - Attached,176000.0,15236,2020/3/1,158025.9091,14.18181818,SingleFamily,1946,2,3,6721.0,sqft,"Forced air, Gas",Central,Garage - Attached,140000.0,2.0,1.0,False,20.454545454545457,hard,0,-1,11,1651.0,equal,p1_slight,hard_equal
11470543,11507492,15236,2020/3/1,212750.875,22.25,SingleFamily,1957,3,4,10537.0,sqft,"Other, Forced air, Gas",Central,unknown,217400.0,15236,2020/3/1,249118.5789,12.52631579,SingleFamily,1971,3,4,9748.0,sqft,Other,Central,unknown,272000.0,1.0,2.0,False,20.073529411764707,hard,0,0,-14,789.0,equal,similar,hard_equal
11393850,11467824,15236,2020/4/1,167337.0,23.0,SingleFamily,1948,2,2,9147.0,sqft,"Forced air, Gas",Central,unknown,160000.0,15236,2020/4/1,133149.9,32.25,SingleFamily,1936,2,3,6500.0,sqft,Other,Central,unknown,118000.0,,1.0,False,26.25,medium,-1,0,12,2647.0,p2_more,p1_slight,medium_p2_more
11467824,11547269,15236,2020/4/1,133149.9,32.25,SingleFamily,1936,2,3,6500.0,sqft,Other,Central,unknown,118000.0,15236,2020/4/1,153964.6667,16.0,SingleFamily,1955,1,2,7618.0,sqft,Other,Central,unknown,180000.0,1.0,2.0,False,34.44444444444444,medium,1,1,-19,-1118.0,p1_slight,similar,medium_p1_slight
11299706,11508286,15236,2020/6/1,195211.2,15.5,SingleFamily,1967,3,3,6751.0,sqft,Other,Central,unknown,190000.0,15236,2020/6/1,177271.1818,31.09090909,SingleFamily,1910,4,4,5227.0,sqft,"Forced air, None",Central,unknown,290000.0,1.0,2.0,False,34.48275862068966,medium,-1,-1,57,1524.0,p2_more,p1_much,medium_p2_more
11392922,11506935,15236,2020/6/1,238092.7,25.4,SingleFamily,1940,2,4,9900.0,sqft,"Radiant, Gas",Other,unknown,250000.0,15236,2020/6/1,223570.5714,20.21428571,"Single Family Residence, Residential",1940,2,3,8616.0,sqft,"Forced Air, Natural Gas",Central Air,unknown,203000.0,2.0,1.0,False,18.8,hard,1,0,0,1284.0,p1_slight,similar,hard_p1_slight
11392974,11429174,15236,2020/6/1,224054.4,21.6,SingleFamily,1949,2,3,9333.0,sqft,"Other, Forced air, Gas",Central,unknown,252000.0,15236,2020/6/1,198280.1111,27.77777778,SingleFamily,1930,3,3,8999.0,sqft,Other,Central,unknown,210000.0,2.0,1.0,False,16.666666666666664,hard,0,-1,19,334.0,equal,p1_slight,hard_equal
11393919,11508286,15236,2020/6/1,180924.7778,19.0,SingleFamily,1950,2,3,8494.0,sqft,Other,Central,unknown,185500.0,15236,2020/6/1,177271.1818,31.09090909,SingleFamily,1910,4,4,5227.0,sqft,"Forced air, None",Central,unknown,290000.0,1.0,2.0,False,36.03448275862069,medium,-1,-2,40,3267.0,p2_more,p1_much,medium_p2_more
11394038,11508286,15236,2020/6/1,174777.4,19.9,SingleFamily,1948,2,3,7467.0,sqft,Other,Central,unknown,182000.0,15236,2020/6/1,177271.1818,31.09090909,SingleFamily,1910,4,4,5227.0,sqft,"Forced air, None",Central,unknown,290000.0,1.0,2.0,False,37.24137931034483,medium,-1,-2,38,2240.0,p2_more,p1_much,medium_p2_more
11429174,11508286,15236,2020/6/1,198280.1111,27.77777778,SingleFamily,1930,3,3,8999.0,sqft,Other,Central,unknown,210000.0,15236,2020/6/1,177271.1818,31.09090909,SingleFamily,1910,4,4,5227.0,sqft,"Forced air, None",Central,unknown,290000.0,1.0,2.0,False,27.586206896551722,medium,-1,-1,20,3772.0,p2_more,p1_slight,medium_p2_more
11467668,11506944,15236,2020/6/1,179516.0,23.0,SingleFamily,1955,2,3,6499.0,sqft,"Other, Gas",Central,unknown,145101.0,15236,2020/6/1,214185.7778,15.44444444,SingleFamily,1949,2,3,801.0,sqft,"Forced air, Gas",Central,unknown,218000.0,1.0,2.0,False,33.439908256880734,medium,0,0,6,5698.0,equal,p1_slight,medium_equal
11467668,11508286,15236,2020/6/1,179516.0,23.0,SingleFamily,1955,2,3,6499.0,sqft,"Other, Gas",Central,unknown,145101.0,15236,2020/6/1,177271.1818,31.09090909,SingleFamily,1910,4,4,5227.0,sqft,"Forced air, None",Central,unknown,290000.0,1.0,2.0,False,49.9651724137931,easy,-1,-2,45,1272.0,p2_more,p1_much,easy_p2_more
11468698,11508286,15236,2020/6/1,162135.7692,17.61538462,SingleFamily,1942,2,2,7801.0,sqft,"Other, Forced air, Gas",Central,unknown,165000.0,15236,2020/6/1,177271.1818,31.09090909,SingleFamily,1910,4,4,5227.0,sqft,"Forced air, None",Central,unknown,290000.0,1.0,2.0,False,43.103448275862064,easy,-2,-2,32,2574.0,p2_more,p1_much,easy_p2_more
11506656,11508286,15236,2020/6/1,179910.3333,17.33333333,SingleFamily,1946,3,4,5884.0,sqft,Other,Central,unknown,200000.0,15236,2020/6/1,177271.1818,31.09090909,SingleFamily,1910,4,4,5227.0,sqft,"Forced air, None",Central,unknown,290000.0,1.0,2.0,False,31.03448275862069,medium,0,-1,36,657.0,equal,p1_much,medium_equal
11506935,11508286,15236,2020/6/1,223570.5714,20.21428571,"Single Family Residence, Residential",1940,2,3,8616.0,sqft,"Forced Air, Natural Gas",Central Air,unknown,203000.0,15236,2020/6/1,177271.1818,31.09090909,SingleFamily,1910,4,4,5227.0,sqft,"Forced air, None",Central,unknown,290000.0,1.0,2.0,False,30.0,medium,-1,-2,30,3389.0,p2_more,p1_much,medium_p2_more
11508262,11508286,15236,2020/6/1,161805.2308,12.46153846,SingleFamily,1951,2,2,6882.0,sqft,"Forced air, Gas",Central,unknown,169900.0,15236,2020/6/1,177271.1818,31.09090909,SingleFamily,1910,4,4,5227.0,sqft,"Forced air, None",Central,unknown,290000.0,1.0,2.0,False,41.41379310344828,easy,-2,-2,41,1655.0,p2_more,p1_much,easy_p2_more
11508286,59837342,15236,2020/6/1,177271.1818,31.09090909,SingleFamily,1910,4,4,5227.0,sqft,"Forced air, None",Central,unknown,290000.0,15236,2020/6/1,213195.3333,14.66666667,SingleFamily,1940,2,3,0.27,Acres,"Other, Forced air, Gas",Central,unknown,210000.0,2.0,1.0,False,27.586206896551722,medium,1,2,-30,5226.73,p1_slight,p2_newer,medium_p1_slight
11391135,11393497,15236,2020/7/1,129280.5,19.0,Townhouse,1994,2,2,2178.0,sqft,Other,Central,unknown,130000.0,15236,2020/7/1,135350.0,14.5,Townhouse,1985,2,2,1224.0,sqft,Heat pump,Central,unknown,158000.0,1.0,2.0,False,17.72151898734177,hard,0,0,9,954.0,equal,p1_slight,hard_equal
11393106,11470586,15236,2020/7/1,289278.7,14.5,SingleFamily,1957,3,3,0.41,Acres,Other,Central,unknown,315000.0,15236,2020/7/1,301763.6,15.6,SingleFamily,1970,3,4,0.25,Acres,Other,Central,unknown,240000.0,2.0,1.0,False,23.809523809523807,hard,-1,0,-13,0.15999999999999998,p2_more,similar,hard_p2_more
11393744,11429149,15236,2020/7/1,163973.1818,13.81818182,SingleFamily,1942,1,3,6242.0,sqft,"Forced air, Gas",Central,unknown,167500.0,15236,2020/7/1,162960.2222,13.88888889,SingleFamily,1940,2,3,7200.0,sqft,Other,Central,unknown,116500.0,2.0,1.0,False,30.447761194029848,medium,0,-1,2,-958.0,equal,p1_slight,medium_equal
11393744,11508033,15236,2020/7/1,163973.1818,13.81818182,SingleFamily,1942,1,3,6242.0,sqft,"Forced air, Gas",Central,unknown,167500.0,15236,2020/7/1,172378.3023,53.55305466,SingleFamily,1911,3,5,0.01,Acres,"Forced air, Gas",Central,unknown,245000.0,1.0,2.0,False,31.63265306122449,medium,-2,-2,31,6241.99,p2_more,p1_much,medium_p2_more
11393744,11642370,15236,2020/7/1,163973.1818,13.81818182,SingleFamily,1942,1,3,6242.0,sqft,"Forced air, Gas",Central,unknown,167500.0,15236,2020/7/1,167726.0,18.0,SingleFamily,1963,1,3,0.4,Acres,Other,Central,unknown,128500.0,2.0,1.0,False,23.283582089552237,hard,0,0,-21,6241.6,equal,p2_newer,hard_equal
11393785,11467748,15236,2020/7/1,181799.7778,24.55555556,SingleFamily,1957,3,3,0.35,Acres,Other,Central,unknown,225000.0,15236,2020/7/1,160627.6,12.0,SingleFamily,1956,2,4,0.5,Acres,Other,Central,unknown,149900.0,2.0,1.0,False,33.37777777777778,medium,-1,1,1,-0.15000000000000002,p2_more,p1_slight,medium_p2_more
11393785,11467788,15236,2020/7/1,181799.7778,24.55555556,SingleFamily,1957,3,3,0.35,Acres,Other,Central,unknown,225000.0,15236,2020/7/1,201900.9,20.1,SingleFamily,1940,2,4,0.84,Acres,"Other, Gas",Central,unknown,185000.0,2.0,1.0,False,17.77777777777778,hard,-1,1,17,-0.49,p2_more,p1_slight,hard_p2_more
11429149,11508033,15236,2020/7/1,162960.2222,13.88888889,SingleFamily,1940,2,3,7200.0,sqft,Other,Central,unknown,116500.0,15236,2020/7/1,172378.3023,53.55305466,SingleFamily,1911,3,5,0.01,Acres,"Forced air, Gas",Central,unknown,245000.0,1.0,2.0,False,52.44897959183673,easy,-2,-1,29,7199.99,p2_more,p1_much,easy_p2_more
11429149,11641569,15236,2020/7/1,162960.2222,13.88888889,SingleFamily,1940,2,3,7200.0,sqft,Other,Central,unknown,116500.0,15236,2020/7/1,153327.6,14.8,SingleFamily,1955,1,3,6660.0,sqft,Other,Central,unknown,162000.0,1.0,2.0,False,28.08641975308642,medium,0,1,-15,540.0,equal,similar,medium_equal
11429558,11508033,15236,2020/7/1,160945.5,19.4,SingleFamily,1956,2,3,0.32,Acres,Other,Central,unknown,199900.0,15236,2020/7/1,172378.3023,53.55305466,SingleFamily,1911,3,5,0.01,Acres,"Forced air, Gas",Central,unknown,245000.0,1.0,2.0,False,18.408163265306122,hard,-2,-1,45,0.31,p2_more,p1_much,hard_p2_more
11429558,11642370,15236,2020/7/1,160945.5,19.4,SingleFamily,1956,2,3,0.32,Acres,Other,Central,unknown,199900.0,15236,2020/7/1,167726.0,18.0,SingleFamily,1963,1,3,0.4,Acres,Other,Central,unknown,128500.0,,1.0,False,35.71785892946473,medium,0,1,-7,-0.08000000000000002,equal,similar,medium_equal
11430036,11508033,15236,2020/7/1,173316.5556,17.77777778,SingleFamily,1948,2,3,5998.0,sqft,Other,Central,unknown,179000.0,15236,2020/7/1,172378.3023,53.55305466,SingleFamily,1911,3,5,0.01,Acres,"Forced air, Gas",Central,unknown,245000.0,1.0,2.0,False,26.93877551020408,medium,-2,-1,37,5997.99,p2_more,p1_much,medium_p2_more
11430036,11642370,15236,2020/7/1,173316.5556,17.77777778,SingleFamily,1948,2,3,5998.0,sqft,Other,Central,unknown,179000.0,15236,2020/7/1,167726.0,18.0,SingleFamily,1963,1,3,0.4,Acres,Other,Central,unknown,128500.0,2.0,1.0,False,28.212290502793298,medium,0,1,-15,5997.6,equal,similar,medium_equal
11430733,11467748,15236,2020/7/1,182152.6667,13.88888889,SingleFamily,1955,2,3,8673.0,sqft,"Forced air, Gas",Central,unknown,212000.0,15236,2020/7/1,160627.6,12.0,SingleFamily,1956,2,4,0.5,Acres,Other,Central,unknown,149900.0,2.0,1.0,False,29.29245283018868,medium,-1,0,-1,8672.5,p2_more,similar,medium_p2_more
11430733,11642370,15236,2020/7/1,182152.6667,13.88888889,SingleFamily,1955,2,3,8673.0,sqft,"Forced air, Gas",Central,unknown,212000.0,15236,2020/7/1,167726.0,18.0,SingleFamily,1963,1,3,0.4,Acres,Other,Central,unknown,128500.0,2.0,1.0,False,39.386792452830186,medium,0,1,-8,8672.6,equal,similar,medium_equal
11467748,11467819,15236,2020/7/1,160627.6,12.0,SingleFamily,1956,2,4,0.5,Acres,Other,Central,unknown,149900.0,15236,2020/7/1,172176.0,28.88888889,SingleFamily,1957,3,3,6499.0,sqft,Other,Central,unknown,182000.0,1.0,2.0,False,17.63736263736264,hard,1,-1,-1,-6498.5,p1_slight,similar,hard_p1_slight
11467748,11508033,15236,2020/7/1,160627.6,12.0,SingleFamily,1956,2,4,0.5,Acres,Other,Central,unknown,149900.0,15236,2020/7/1,172378.3023,53.55305466,SingleFamily,1911,3,5,0.01,Acres,"Forced air, Gas",Central,unknown,245000.0,1.0,2.0,False,38.816326530612244,medium,-1,-1,45,0.49,p2_more,p1_much,medium_p2_more
11467748,11546499,15236,2020/7/1,160627.6,12.0,SingleFamily,1956,2,4,0.5,Acres,Other,Central,unknown,149900.0,15236,2020/7/1,148319.8235,16.88235294,SingleFamily,1960,3,3,10201.0,sqft,"Other, Forced air, Gas",Central,unknown,197300.0,1.0,2.0,False,24.02432843385707,hard,1,-1,-4,-10200.5,p1_slight,similar,hard_p1_slight
11467788,11468336,15236,2020/7/1,201900.9,20.1,SingleFamily,1940,2,4,0.84,Acres,"Other, Gas",Central,unknown,185000.0,15236,2020/7/1,242133.0,18.8,SingleFamily,1963,3,3,0.89,Acres,Other,Central,unknown,264900.0,1.0,2.0,False,30.16232540581352,medium,1,-1,-23,-0.050000000000000044,p1_slight,p2_newer,medium_p1_slight
11467788,11508033,15236,2020/7/1,201900.9,20.1,SingleFamily,1940,2,4,0.84,Acres,"Other, Gas",Central,unknown,185000.0,15236,2020/7/1,172378.3023,53.55305466,SingleFamily,1911,3,5,0.01,Acres,"Forced air, Gas",Central,unknown,245000.0,1.0,2.0,False,24.489795918367346,hard,-1,-1,29,0.83,p2_more,p1_much,hard_p2_more
11467788,11547129,15236,2020/7/1,201900.9,20.1,SingleFamily,1940,2,4,0.84,Acres,"Other, Gas",Central,unknown,185000.0,15236,2020/7/1,242325.0,17.0,"Single Family Residence, Residential",1977,3,3,0.28,Acres,"Forced Air, Natural Gas",Central Air,unknown,275000.0,1.0,2.0,False,32.72727272727273,medium,1,-1,-37,0.5599999999999999,p1_slight,p2_newer,medium_p1_slight
11467788,11547218,15236,2020/7/1,201900.9,20.1,SingleFamily,1940,2,4,0.84,Acres,"Other, Gas",Central,unknown,185000.0,15236,2020/7/1,231473.2,30.8,SingleFamily,1954,3,4,7500.0,sqft,"Forced air, Gas",Central,unknown,264900.0,1.0,2.0,False,30.16232540581352,medium,0,-1,-14,-7499.16,equal,similar,medium_equal
11467819,11508033,15236,2020/7/1,172176.0,28.88888889,SingleFamily,1957,3,3,6499.0,sqft,Other,Central,unknown,182000.0,15236,2020/7/1,172378.3023,53.55305466,SingleFamily,1911,3,5,0.01,Acres,"Forced air, Gas",Central,unknown,245000.0,1.0,2.0,False,25.71428571428571,medium,-2,0,46,6498.99,p2_more,p1_much,medium_p2_more
11467819,11642370,15236,2020/7/1,172176.0,28.88888889,SingleFamily,1957,3,3,6499.0,sqft,Other,Central,unknown,182000.0,15236,2020/7/1,167726.0,18.0,SingleFamily,1963,1,3,0.4,Acres,Other,Central,unknown,128500.0,,1.0,False,29.395604395604398,medium,0,2,-6,6498.6,equal,similar,medium_equal
11467909,11508033,15236,2020/7/1,178351.6667,20.0,SingleFamily,1986,2,3,6625.0,sqft,"Forced air, Gas",Central,unknown,169600.0,15236,2020/7/1,172378.3023,53.55305466,SingleFamily,1911,3,5,0.01,Acres,"Forced air, Gas",Central,unknown,245000.0,1.0,2.0,False,30.775510204081634,medium,-2,-1,75,6624.99,p2_more,p1_much,medium_p2_more
11467909,11642370,15236,2020/7/1,178351.6667,20.0,SingleFamily,1986,2,3,6625.0,sqft,"Forced air, Gas",Central,unknown,169600.0,15236,2020/7/1,167726.0,18.0,SingleFamily,1963,1,3,0.4,Acres,Other,Central,unknown,128500.0,2.0,1.0,False,24.233490566037734,hard,0,1,23,6624.6,equal,p1_much,hard_equal
11468336,11506955,15236,2020/7/1,242133.0,18.8,SingleFamily,1963,3,3,0.89,Acres,Other,Central,unknown,264900.0,15236,2020/7/1,264309.7778,22.44444444,SingleFamily,1952,3,4,0.28,Acres,"Forced air, Gas",Central,unknown,376300.0,1.0,2.0,False,29.60403933032155,medium,-1,0,11,0.61,p2_more,p1_slight,medium_p2_more
11468716,11642370,15236,2020/7/1,187285.1,14.9,SingleFamily,1958,2,3,7575.0,sqft,Other,Central,unknown,205000.0,15236,2020/7/1,167726.0,18.0,SingleFamily,1963,1,3,0.4,Acres,Other,Central,unknown,128500.0,2.0,1.0,False,37.31707317073171,medium,0,1,-5,7574.6,equal,similar,medium_equal
11469267,11508033,15236,2020/7/1,197757.3333,16.44444444,SingleFamily,1959,3,2,7531.0,sqft,Other,Central,unknown,203000.0,15236,2020/7/1,172378.3023,53.55305466,SingleFamily,1911,3,5,0.01,Acres,"Forced air, Gas",Central,unknown,245000.0,1.0,2.0,False,17.142857142857142,hard,-3,0,48,7530.99,p2_more,p1_much,hard_p2_more
11469267,11642370,15236,2020/7/1,197757.3333,16.44444444,SingleFamily,1959,3,2,7531.0,sqft,Other,Central,unknown,203000.0,15236,2020/7/1,167726.0,18.0,SingleFamily,1963,1,3,0.4,Acres,Other,Central,unknown,128500.0,2.0,1.0,False,36.69950738916256,medium,-1,2,-4,7530.6,p2_more,similar,medium_p2_more
11469867,11508033,15236,2020/7/1,169791.4,10.6,SingleFamily,1956,2,3,7335.0,sqft,Other,Central,unknown,180000.0,15236,2020/7/1,172378.3023,53.55305466,SingleFamily,1911,3,5,0.01,Acres,"Forced air, Gas",Central,unknown,245000.0,1.0,2.0,False,26.53061224489796,medium,-2,-1,45,7334.99,p2_more,p1_much,medium_p2_more
11469867,11642370,15236,2020/7/1,169791.4,10.6,SingleFamily,1956,2,3,7335.0,sqft,Other,Central,unknown,180000.0,15236,2020/7/1,167726.0,18.0,SingleFamily,1963,1,3,0.4,Acres,Other,Central,unknown,128500.0,2.0,1.0,False,28.61111111111111,medium,0,1,-7,7334.6,equal,similar,medium_equal
11470137,11508033,15236,2020/7/1,177969.7273,20.18181818,SingleFamily,1961,2,4,1.64,Acres,Other,Central,unknown,199000.0,15236,2020/7/1,172378.3023,53.55305466,SingleFamily,1911,3,5,0.01,Acres,"Forced air, Gas",Central,unknown,245000.0,1.0,2.0,False,18.775510204081634,hard,-1,-1,50,1.63,p2_more,p1_much,hard_p2_more
11470137,11547218,15236,2020/7/1,177969.7273,20.18181818,SingleFamily,1961,2,4,1.64,Acres,Other,Central,unknown,199000.0,15236,2020/7/1,231473.2,30.8,SingleFamily,1954,3,4,7500.0,sqft,"Forced air, Gas",Central,unknown,264900.0,1.0,2.0,False,24.87731219328048,hard,0,-1,7,-7498.36,equal,p1_slight,hard_equal
11470449,11506955,15236,2020/7/1,232008.0,19.0,SingleFamily,1964,3,4,1.83,Acres,Other,Central,unknown,255000.0,15236,2020/7/1,264309.7778,22.44444444,SingleFamily,1952,3,4,0.28,Acres,"Forced air, Gas",Central,unknown,376300.0,1.0,2.0,False,32.234918947648154,medium,0,0,12,1.55,equal,p1_slight,medium_equal
11470449,11546128,15236,2020/7/1,232008.0,19.0,SingleFamily,1964,3,4,1.83,Acres,Other,Central,unknown,255000.0,15236,2020/7/1,250809.0,19.11111111,SingleFamily,1958,4,4,9748.0,sqft,Other,Central,unknown,309900.0,1.0,2.0,False,17.71539206195547,hard,0,-1,6,-9746.17,equal,p1_slight,hard_equal
11470672,11508033,15236,2020/7/1,153744.8,12.2,SingleFamily,1956,2,3,6499.0,sqft,Other,Central,unknown,164900.0,15236,2020/7/1,172378.3023,53.55305466,SingleFamily,1911,3,5,0.01,Acres,"Forced air, Gas",Central,unknown,245000.0,1.0,2.0,False,32.69387755102041,medium,-2,-1,45,6498.99,p2_more,p1_much,medium_p2_more
11470672,11642370,15236,2020/7/1,153744.8,12.2,SingleFamily,1956,2,3,6499.0,sqft,Other,Central,unknown,164900.0,15236,2020/7/1,167726.0,18.0,SingleFamily,1963,1,3,0.4,Acres,Other,Central,unknown,128500.0,2.0,1.0,False,22.073984232868405,hard,0,1,-7,6498.6,equal,similar,hard_equal
11506955,11546128,15236,2020/7/1,264309.7778,22.44444444,SingleFamily,1952,3,4,0.28,Acres,"Forced air, Gas",Central,unknown,376300.0,15236,2020/7/1,250809.0,19.11111111,SingleFamily,1958,4,4,9748.0,sqft,Other,Central,unknown,309900.0,2.0,1.0,False,17.645495615200637,hard,0,-1,-6,-9747.72,equal,similar,hard_equal
11506955,11578366,15236,2020/7/1,264309.7778,22.44444444,SingleFamily,1952,3,4,0.28,Acres,"Forced air, Gas",Central,unknown,376300.0,15236,2020/7/1,253508.1176,12.35294118,SingleFamily,1978,3,3,0.64,Acres,"Forced air, Gas",Central,unknown,226000.0,2.0,1.0,False,39.94153600850385,medium,1,0,-26,-0.36,p1_slight,p2_newer,medium_p1_slight
11507664,11508033,15236,2020/7/1,159933.2222,10.0,SingleFamily,1946,2,3,7800.0,sqft,"Forced air, Gas",Central,unknown,155000.0,15236,2020/7/1,172378.3023,53.55305466,SingleFamily,1911,3,5,0.01,Acres,"Forced air, Gas",Central,unknown,245000.0,1.0,2.0,False,36.734693877551024,medium,-2,-1,35,7799.99,p2_more,p1_much,medium_p2_more
11507664,11642370,15236,2020/7/1,159933.2222,10.0,SingleFamily,1946,2,3,7800.0,sqft,"Forced air, Gas",Central,unknown,155000.0,15236,2020/7/1,167726.0,18.0,SingleFamily,1963,1,3,0.4,Acres,Other,Central,unknown,128500.0,2.0,1.0,False,17.096774193548388,hard,0,1,-17,7799.6,equal,similar,hard_equal
11508033,11546499,15236,2020/7/1,172378.3023,53.55305466,SingleFamily,1911,3,5,0.01,Acres,"Forced air, Gas",Central,unknown,245000.0,15236,2020/7/1,148319.8235,16.88235294,SingleFamily,1960,3,3,10201.0,sqft,"Other, Forced air, Gas",Central,unknown,197300.0,2.0,1.0,False,19.46938775510204,hard,2,0,-49,-10200.99,p1_much,p2_newer,hard_p1_much
11508033,11641569,15236,2020/7/1,172378.3023,53.55305466,SingleFamily,1911,3,5,0.01,Acres,"Forced air, Gas",Central,unknown,245000.0,15236,2020/7/1,153327.6,14.8,SingleFamily,1955,1,3,6660.0,sqft,Other,Central,unknown,162000.0,2.0,1.0,False,33.87755102040816,medium,2,2,-44,-6659.99,p1_much,p2_newer,medium_p1_much
11508033,11642370,15236,2020/7/1,172378.3023,53.55305466,SingleFamily,1911,3,5,0.01,Acres,"Forced air, Gas",Central,unknown,245000.0,15236,2020/7/1,167726.0,18.0,SingleFamily,1963,1,3,0.4,Acres,Other,Central,unknown,128500.0,2.0,1.0,False,47.55102040816326,easy,2,2,-52,-0.39,p1_much,p2_newer,easy_p1_much
11546128,11578366,15236,2020/7/1,250809.0,19.11111111,SingleFamily,1958,4,4,9748.0,sqft,Other,Central,unknown,309900.0,15236,2020/7/1,253508.1176,12.35294118,SingleFamily,1978,3,3,0.64,Acres,"Forced air, Gas",Central,unknown,226000.0,2.0,1.0,False,27.07324943530171,medium,1,1,-20,9747.36,p1_slight,p2_newer,medium_p1_slight
11546279,11578366,15236,2020/7/1,276067.3333,14.08333333,SingleFamily,1957,3,4,0.31,Acres,Other,Central,unknown,280000.0,15236,2020/7/1,253508.1176,12.35294118,SingleFamily,1978,3,3,0.64,Acres,"Forced air, Gas",Central,unknown,226000.0,2.0,1.0,False,19.28571428571429,hard,1,0,-21,-0.33,p1_slight,p2_newer,hard_p1_slight
11546499,11642370,15236,2020/7/1,148319.8235,16.88235294,SingleFamily,1960,3,3,10201.0,sqft,"Other, Forced air, Gas",Central,unknown,197300.0,15236,2020/7/1,167726.0,18.0,SingleFamily,1963,1,3,0.4,Acres,Other,Central,unknown,128500.0,2.0,1.0,False,34.870755195134315,medium,0,2,-3,10200.6,equal,similar,medium_equal
11393147,11469922,15236,2020/8/1,156344.8,14.9,SingleFamily,1951,2,3,5876.0,sqft,Other,Central,unknown,144000.0,15236,2020/8/1,168569.0,17.0,"Single Family Residence, Residential",1954,1,3,6873.0,sqft,Natural Gas,Electric,unknown,175000.0,1.0,2.0,False,17.71428571428571,hard,0,1,-3,-997.0,equal,similar,hard_equal
11394062,11429536,15236,2020/8/1,158640.6364,13.54545455,"Single Family Residence, Residential",1953,1,2,7440.0,sqft,"Forced Air, Natural Gas",Central Air,unknown,165000.0,15236,2020/8/1,159150.7778,14.44444444,SingleFamily,1955,2,3,8751.0,sqft,Other,Central,unknown,130000.0,2.0,1.0,False,21.21212121212121,hard,-1,-1,-2,-1311.0,p2_more,similar,hard_p2_more
11428721,11507415,15236,2020/8/1,206578.0,32.0,SingleFamily,1937,2,4,7801.0,sqft,Other,Central,unknown,198500.0,15236,2020/8/1,220154.0,15.5,SingleFamily,1960,2,3,8431.0,sqft,"Other, Forced air, Gas",Central,unknown,260000.0,1.0,2.0,False,23.653846153846153,hard,1,0,-23,-630.0,p1_slight,p2_newer,hard_p1_slight
11429536,11429923,15236,2020/8/1,159150.7778,14.44444444,SingleFamily,1955,2,3,8751.0,sqft,Other,Central,unknown,130000.0,15236,2020/8/1,172735.4545,12.27272727,SingleFamily,1951,2,3,5998.0,sqft,Other,Central,unknown,173000.0,1.0,2.0,False,24.85549132947977,hard,0,0,4,2753.0,equal,p1_slight,hard_equal
11429536,11469922,15236,2020/8/1,159150.7778,14.44444444,SingleFamily,1955,2,3,8751.0,sqft,Other,Central,unknown,130000.0,15236,2020/8/1,168569.0,17.0,"Single Family Residence, Residential",1954,1,3,6873.0,sqft,Natural Gas,Electric,unknown,175000.0,1.0,2.0,False,25.71428571428571,medium,0,1,1,1878.0,equal,p1_slight,medium_equal
11429739,11506492,15236,2020/8/1,191983.9,20.3,"Single Family Residence, Residential",1959,2,3,6969.0,sqft,"Forced Air, Natural Gas",Central Air,unknown,220000.0,15236,2020/8/1,174623.8182,16.45454545,"Single Family Residence, Residential",1950,2,3,0.26,Acres,"Forced Air, Natural Gas",Electric,unknown,180000.0,2.0,1.0,False,18.181818181818183,hard,0,0,9,6968.74,equal,p1_slight,hard_equal
11506492,11506768,15236,2020/8/1,174623.8182,16.45454545,"Single Family Residence, Residential",1950,2,3,0.26,Acres,"Forced Air, Natural Gas",Electric,unknown,180000.0,15236,2020/8/1,177930.3636,21.27272727,"Single Family Residence, Residential",1957,2,3,6921.0,sqft,Natural Gas,Central Air,unknown,228000.0,,2.0,False,21.052631578947366,hard,0,0,-7,-6920.74,equal,similar,hard_equal
11506768,11507242,15236,2020/8/1,177930.3636,21.27272727,"Single Family Residence, Residential",1957,2,3,6921.0,sqft,Natural Gas,Central Air,unknown,228000.0,15236,2020/8/1,177276.5,14.0,"Single Family Residence, Residential",1955,2,3,9247.0,sqft,Natural Gas,Central Air,unknown,187500.0,2.0,1.0,False,17.763157894736842,hard,0,0,2,-2326.0,equal,p1_slight,hard_equal
11506768,11641629,15236,2020/8/1,177930.3636,21.27272727,"Single Family Residence, Residential",1957,2,3,6921.0,sqft,Natural Gas,Central Air,unknown,228000.0,15236,2020/8/1,148067.6,20.4,SingleFamily,1955,2,3,0.35,Acres,Other,Central,unknown,152000.0,2.0,1.0,False,33.33333333333333,medium,0,0,2,6920.65,equal,p1_slight,medium_equal
11507792,11641629,15236,2020/8/1,176246.4545,18.36363636,"Single Family Residence, Residential",1961,2,3,9687.0,sqft,"Forced Air, Natural Gas",Central Air,unknown,200000.0,15236,2020/8/1,148067.6,20.4,SingleFamily,1955,2,3,0.35,Acres,Other,Central,unknown,152000.0,2.0,1.0,False,24.0,hard,0,0,6,9686.65,equal,p1_slight,hard_equal
11394215,11508239,15236,2020/9/1,143499.1818,27.27272727,"Single Family Residence, Residential",1942,1,3,7156.0,sqft,"Forced Air, Natural Gas","Central Air, Electric",unknown,165000.0,15236,2020/9/1,139674.0,16.4,"Single Family Residence, Residential",1954,2,2,8300.0,sqft,Natural Gas,"Central Air, Electric",unknown,129000.0,2.0,1.0,False,21.818181818181817,hard,1,-1,-12,-1144.0,p1_slight,similar,hard_p1_slight
11468337,11546023,15236,2020/9/1,154791.1667,10.16666667,"Single Family Residence, Residential",1950,2,3,8807.0,sqft,"Forced Air, Natural Gas","Central Air, Electric",unknown,110000.0,15236,2020/9/1,154238.4444,37.44444444,"Single Family Residence, Residential",1985,2,3,8450.0,sqft,Natural Gas,Central Air,unknown,249900.0,1.0,2.0,False,55.98239295718287,easy,0,0,-35,357.0,equal,p2_newer,easy_equal
11469405,11508239,15236,2020/9/1,136662.4615,23.07692308,"Single Family Residence, Residential",1942,1,2,6000.0,sqft,"Forced Air, Natural Gas",Central Air,unknown,155000.0,15236,2020/9/1,139674.0,16.4,"Single Family Residence, Residential",1954,2,2,8300.0,sqft,Natural Gas,"Central Air, Electric",unknown,129000.0,2.0,1.0,False,16.7741935483871,hard,0,-1,-12,-2300.0,equal,similar,hard_equal
11470177,11507897,15236,2020/9/1,208438.1538,16.46153846,"Single Family Residence, Residential",1956,2,3,0.61,Acres,"Forced Air, Natural Gas",Central Air,unknown,228000.0,15236,2020/9/1,240820.6,20.8,SingleFamily,1963,3,3,10534.0,sqft,"Forced air, Gas",Central,unknown,275000.0,1.0,2.0,False,17.09090909090909,hard,0,-1,-7,-10533.39,equal,similar,hard_equal
11506724,11507302,15236,2020/9/1,187747.7273,22.90909091,"Single Family Residence, Residential",1955,3,5,6240.0,sqft,"Forced Air, Natural Gas","Central Air, Electric",unknown,270000.0,15236,2020/9/1,190964.0,18.0,"Single Family Residence, Residential",1955,3,3,0.25,Acres,"Forced Air, Natural Gas",Central Air,unknown,215111.0,,1.0,False,20.32925925925926,hard,2,0,0,6239.75,p1_much,similar,hard_p1_much
11468379,11507007,15236,2021/1/1,155246.5385,21.15384615,"Single Family Residence, Residential",1940,2,2,7971.0,sqft,"Forced Air, Natural Gas","Central Air, Electric",unknown,225000.0,15236,2021/1/1,170899.8462,16.92307692,"Single Family Residence, Residential",1941,1,3,0.25,Acres,"Forced Air, Natural Gas",Central Air,unknown,156000.0,2.0,1.0,False,30.666666666666664,medium,-1,1,-1,7970.75,p2_more,similar,medium_p2_more
11468513,11507007,15236,2021/1/1,198309.2727,13.27272727,"Single Family Residence, Residential",1956,2,3,6577.0,sqft,"Forced Air, Natural Gas",Central Air,unknown,189000.0,15236,2021/1/1,170899.8462,16.92307692,"Single Family Residence, Residential",1941,1,3,0.25,Acres,"Forced Air, Natural Gas",Central Air,unknown,156000.0,,1.0,False,17.46031746031746,hard,0,1,15,6576.75,equal,p1_slight,hard_equal
11393748,11506473,15236,2021/10/1,230638.8889,14.65277778,"Single Family Residence, Residential",1956,2,3,0.29,Acres,"Forced Air, Natural Gas",Central Air,unknown,236500.0,15236,2021/10/1,219317.2414,16.79310345,"Single Family Residence, Residential",1938,3,3,7871.0,sqft,"Forced Air, Natural Gas","Central Air, Electric",unknown,287000.0,1.0,2.0,False,17.59581881533101,hard,0,-1,18,-7870.71,equal,p1_slight,hard_equal
11428303,11470081,15236,2021/10/1,123713.5593,33.49152542,"Single Family Residence, Residential",1947,1,2,0.28,Acres,"Forced Air, Natural Gas","Window A/C, Central Air",unknown,115000.0,15236,2021/10/1,171556.8493,49.98630137,"Single Family Residence, Residential",1920,2,3,7000.0,sqft,"Forced Air, Natural Gas",Central Air,unknown,149999.0,1.0,2.0,False,23.33282221881479,hard,-1,-1,27,-6999.72,p2_more,p1_much,hard_p2_more
11430254,11506928,15236,2021/10/1,288023.7288,13.79661017,"Single Family Residence, Residential",1948,3,3,0.27,Acres,"Forced Air, Natural Gas",Central Air,unknown,300000.0,15236,2021/10/1,246418.9655,18.44827586,"Single Family Residence, Residential",1941,4,3,0.25,Acres,"Forced Air, Natural Gas","Central Air, Electric",unknown,230000.0,2.0,1.0,False,23.333333333333332,hard,0,-1,7,0.020000000000000018,equal,p1_slight,hard_equal
11430591,11470131,15236,2021/10/1,174706.7797,30.0,"Single Family Residence, Residential",1955,1,3,0.38,Acres,"Forced Air, Natural Gas",Central Air,unknown,200000.0,15236,2021/10/1,169900.0,29.2739726,"Single Family Residence, Residential",1956,2,3,7500.0,sqft,"Hot Water, Natural Gas",Central Air,unknown,240000.0,1.0,2.0,False,16.666666666666664,hard,0,-1,-1,-7499.62,equal,similar,hard_equal
11430591,11506473,15236,2021/10/1,174706.7797,30.0,"Single Family Residence, Residential",1955,1,3,0.38,Acres,"Forced Air, Natural Gas",Central Air,unknown,200000.0,15236,2021/10/1,219317.2414,16.79310345,"Single Family Residence, Residential",1938,3,3,7871.0,sqft,"Forced Air, Natural Gas","Central Air, Electric",unknown,287000.0,,2.0,False,30.313588850174217,medium,0,-2,17,-7870.62,equal,p1_slight,medium_equal
11469648,11470081,15236,2021/10/1,203495.2381,10.0,"Single Family Residence, Residential",1950,1,2,6599.0,sqft,"Forced Air, Natural Gas","Central Air, Electric",unknown,180000.0,15236,2021/10/1,171556.8493,49.98630137,"Single Family Residence, Residential",1920,2,3,7000.0,sqft,"Forced Air, Natural Gas",Central Air,unknown,149999.0,2.0,1.0,False,16.66722222222222,hard,-1,-1,30,-401.0,p2_more,p1_much,hard_p2_more
11469737,11470081,15236,2021/10/1,214400.0,11.65517241,"Single Family Residence, Residential",1949,3,3,3162.0,sqft,Natural Gas,Central Air,unknown,216500.0,15236,2021/10/1,171556.8493,49.98630137,"Single Family Residence, Residential",1920,2,3,7000.0,sqft,"Forced Air, Natural Gas",Central Air,unknown,149999.0,2.0,1.0,False,30.716397228637415,medium,0,1,29,-3838.0,equal,p1_much,medium_equal
11469737,11546535,15236,2021/10/1,214400.0,11.65517241,"Single Family Residence, Residential",1949,3,3,3162.0,sqft,Natural Gas,Central Air,unknown,216500.0,15236,2021/10/1,192693.2203,12.79661017,"Single Family Residence, Residential",1958,2,3,0.26,Acres,"Forced Air, Natural Gas",Central Air,unknown,175000.0,2.0,1.0,False,19.168591224018474,hard,0,1,-9,3161.74,equal,similar,hard_equal
11506473,11507180,15236,2021/10/1,219317.2414,16.79310345,"Single Family Residence, Residential",1938,3,3,7871.0,sqft,"Forced Air, Natural Gas","Central Air, Electric",unknown,287000.0,15236,2021/10/1,245014.1892,15.87837838,"Single Family Residence, Residential",1956,2,3,0.26,Acres,"Forced Air, Natural Gas",Central Air,unknown,235000.0,2.0,1.0,False,18.118466898954704,hard,0,1,-18,7870.74,equal,similar,hard_equal
11506473,11546535,15236,2021/10/1,219317.2414,16.79310345,"Single Family Residence, Residential",1938,3,3,7871.0,sqft,"Forced Air, Natural Gas","Central Air, Electric",unknown,287000.0,15236,2021/10/1,192693.2203,12.79661017,"Single Family Residence, Residential",1958,2,3,0.26,Acres,"Forced Air, Natural Gas",Central Air,unknown,175000.0,2.0,1.0,False,39.02439024390244,medium,0,1,-20,7870.74,equal,p2_newer,medium_equal
11393000,11428355,15236,2021/11/1,218175.6944,28.07638889,"Single Family Residence, Residential",1950,3,4,0.26,Acres,"Forced Air, Natural Gas","Central Air, Electric",unknown,210000.0,15236,2021/11/1,271906.8966,22.10344828,"Single Family Residence, Residential",1959,3,4,9000.0,sqft,"Hot Water, Natural Gas",Central Air,unknown,275750.0,1.0,2.0,False,23.84406165004533,hard,0,0,-9,-8999.74,equal,similar,hard_equal
11393000,11428772,15236,2021/11/1,218175.6944,28.07638889,"Single Family Residence, Residential",1950,3,4,0.26,Acres,"Forced Air, Natural Gas","Central Air, Electric",unknown,210000.0,15236,2021/11/1,252138.9831,24.71186441,"Single Family Residence, Residential",1958,2,4,9099.0,sqft,"Forced Air, Natural Gas",Central Air,unknown,265000.0,1.0,2.0,False,20.754716981132077,hard,0,1,-8,-9098.74,equal,similar,hard_equal
11393000,11470357,15236,2021/11/1,218175.6944,28.07638889,"Single Family Residence, Residential",1950,3,4,0.26,Acres,"Forced Air, Natural Gas","Central Air, Electric",unknown,210000.0,15236,2021/11/1,197542.8571,26.19047619,"Single Family Residence, Residential",1958,1,3,0.28,Acres,"Forced Air, Natural Gas",Central Air,unknown,255675.0,1.0,2.0,False,17.864476386036962,hard,1,2,-8,-0.020000000000000018,p1_slight,similar,hard_p1_slight
11393609,11470357,15236,2021/11/1,166288.8889,23.55555556,"Single Family Residence, Residential",1923,2,2,0.49,Acres,Natural Gas,Central Air,unknown,190000.0,15236,2021/11/1,197542.8571,26.19047619,"Single Family Residence, Residential",1958,1,3,0.28,Acres,"Forced Air, Natural Gas",Central Air,unknown,255675.0,,2.0,False,25.686907206414393,medium,-1,1,-35,0.20999999999999996,p2_more,p2_newer,medium_p2_more
11393609,11546586,15236,2021/11/1,166288.8889,23.55555556,"Single Family Residence, Residential",1923,2,2,0.49,Acres,Natural Gas,Central Air,unknown,190000.0,15236,2021/11/1,180032.2034,25.50847458,"Single Family Residence, Residential",1960,2,3,8433.0,sqft,"Forced Air, Natural Gas",Central Air,unknown,235000.0,1.0,2.0,False,19.148936170212767,hard,-1,0,-37,-8432.51,p2_more,p2_newer,hard_p2_more
11428218,11428241,15236,2021/11/1,188788.1356,10.74576271,"Single Family Residence, Residential",1970,2,4,5998.0,sqft,"Forced Air, Natural Gas",Central Air,unknown,191000.0,15236,2021/11/1,215166.6667,24.66666667,"Single Family Residence, Residential",1951,2,3,0.26,Acres,"Forced Air, Natural Gas",Central Air,unknown,243900.0,,2.0,False,21.689216892168922,hard,1,0,19,5997.74,p1_slight,p1_slight,hard_p1_slight
11428218,11470357,15236,2021/11/1,188788.1356,10.74576271,"Single Family Residence, Residential",1970,2,4,5998.0,sqft,"Forced Air, Natural Gas",Central Air,unknown,191000.0,15236,2021/11/1,197542.8571,26.19047619,"Single Family Residence, Residential",1958,1,3,0.28,Acres,"Forced Air, Natural Gas",Central Air,unknown,255675.0,1.0,2.0,False,25.29578566539552,medium,1,1,12,5997.72,p1_slight,p1_slight,medium_p1_slight
11469245,11506649,15236,2021/11/1,231946.9388,11.55102041,"Single Family Residence, Residential",1959,2,3,7148.0,sqft,"Forced Air, Natural Gas",Central Air,unknown,239900.0,15236,2021/11/1,209859.322,10.91525424,"Single Family Residence, Residential",1951,3,3,6006.0,sqft,"Forced Air, Natural Gas",Central Air,unknown,186500.0,2.0,1.0,False,22.259274697790747,hard,0,-1,8,1142.0,equal,p1_slight,hard_equal
11470357,11506649,15236,2021/11/1,197542.8571,26.19047619,"Single Family Residence, Residential",1958,1,3,0.28,Acres,"Forced Air, Natural Gas",Central Air,unknown,255675.0,15236,2021/11/1,209859.322,10.91525424,"Single Family Residence, Residential",1951,3,3,6006.0,sqft,"Forced Air, Natural Gas",Central Air,unknown,186500.0,2.0,1.0,False,27.055832599980445,medium,0,-2,7,-6005.72,equal,p1_slight,medium_equal
11392971,11508135,15236,2021/12/1,214393.75,14.72222222,"Single Family Residence, Residential",1950,2,2,0.29,Acres,"Forced Air, Natural Gas",Central Air,unknown,224000.0,15236,2021/12/1,239939.8649,22.26351351,"Single Family Residence, Residential",1970,3,3,8411.0,sqft,"Forced Air, Natural Gas","Central Air, Electric",unknown,315000.0,,2.0,False,28.888888888888886,medium,-1,-1,-20,-8410.71,p2_more,p2_newer,medium_p2_more
11392971,11547178,15236,2021/12/1,214393.75,14.72222222,"Single Family Residence, Residential",1950,2,2,0.29,Acres,"Forced Air, Natural Gas",Central Air,unknown,224000.0,15236,2021/12/1,214574.4361,26.9924812,"Single Family Residence, Residential",1953,2,3,9448.0,sqft,Natural Gas,Central Air,unknown,278900.0,,2.0,False,19.684474722122623,hard,-1,0,-3,-9447.71,p2_more,similar,hard_p2_more
11394246,11508135,15236,2021/12/1,233412.5,14.375,"Single Family Residence, Residential",1949,3,3,0.36,Acres,"Forced Air, Natural Gas","Central Air, Electric",unknown,194900.0,15236,2021/12/1,239939.8649,22.26351351,"Single Family Residence, Residential",1970,3,3,8411.0,sqft,"Forced Air, Natural Gas","Central Air, Electric",unknown,315000.0,1.0,2.0,False,38.12698412698413,medium,0,0,-21,-8410.64,equal,p2_newer,medium_equal
11467729,11469544,15236,2021/12/1,175690.4762,14.57142857,"Single Family Residence, Residential",1952,2,3,7000.0,sqft,"Forced Air, Natural Gas","Central Air, Electric",unknown,150000.0,15236,2021/12/1,208428.5714,19.55102041,"Single Family Residence, Residential",1956,2,3,6000.0,sqft,"Forced Air, Natural Gas",Central Air,unknown,230000.0,1.0,2.0,False,34.78260869565217,medium,0,0,-4,1000.0,equal,similar,medium_equal
11469446,11469544,15236,2021/12/1,160163.2653,36.28571429,"Single Family Residence, Residential",1951,2,2,0.29,Acres,"Forced Air, Natural Gas",Central Air,unknown,170000.0,15236,2021/12/1,208428.5714,19.55102041,"Single Family Residence, Residential",1956,2,3,6000.0,sqft,"Forced Air, Natural Gas",Central Air,unknown,230000.0,1.0,2.0,False,26.08695652173913,medium,-1,0,-5,-5999.71,p2_more,similar,medium_p2_more
11469446,11547178,15236,2021/12/1,160163.2653,36.28571429,"Single Family Residence, Residential",1951,2,2,0.29,Acres,"Forced Air, Natural Gas",Central Air,unknown,170000.0,15236,2021/12/1,214574.4361,26.9924812,"Single Family Residence, Residential",1953,2,3,9448.0,sqft,Natural Gas,Central Air,unknown,278900.0,1.0,2.0,False,39.0462531373252,medium,-1,0,-2,-9447.71,p2_more,similar,medium_p2_more
11357135,11393121,15236,2021/2/1,189979.4,21.0,"Townhouse, Residential",1999,3,2,2926.0,sqft,"Forced Air, Natural Gas","Central Air, Electric",unknown,192500.0,15236,2021/2/1,189125.0,18.0,"Single Family Residence, Residential",1950,2,3,8999.0,sqft,"Forced Air, Natural Gas","Central Air, Electric",unknown,160000.0,2.0,1.0,False,16.883116883116884,hard,-1,1,49,-6073.0,p2_more,p1_much,hard_p2_more
11393121,11506337,15236,2021/2/1,189125.0,18.0,"Single Family Residence, Residential",1950,2,3,8999.0,sqft,"Forced Air, Natural Gas","Central Air, Electric",unknown,160000.0,15236,2021/2/1,168121.0,21.0,"Single Family Residence, Residential",1956,2,3,7801.0,sqft,"Forced Air, Natural Gas",Central Air,unknown,239900.0,1.0,2.0,False,33.30554397665694,medium,0,0,-6,1198.0,equal,similar,medium_equal
11393121,11506984,15236,2021/2/1,189125.0,18.0,"Single Family Residence, Residential",1950,2,3,8999.0,sqft,"Forced Air, Natural Gas","Central Air, Electric",unknown,160000.0,15236,2021/2/1,191165.0,25.0,"Single Family Residence, Residential",1939,2,4,7880.0,sqft,Natural Gas,Central Air,unknown,193000.0,1.0,2.0,False,17.098445595854923,hard,-1,0,11,1119.0,p2_more,p1_slight,hard_p2_more
11429090,11470240,15236,2021/2/1,237404.8462,16.92307692,"Single Family Residence, Residential",1955,2,3,9618.0,sqft,"Forced Air, Natural Gas",Central Air,unknown,290000.0,15236,2021/2/1,231044.375,20.625,SingleFamily,1955,2,2,0.56,Acres,"Forced air, Gas",Central,unknown,210000.0,2.0,1.0,False,27.586206896551722,medium,1,0,0,9617.44,p1_slight,similar,medium_p1_slight
11467731,11468782,15236,2021/2/1,228388.2,29.6,"Single Family Residence, Residential",1960,5,3,0.34,Acres,Natural Gas,Central Air,unknown,257000.0,15236,2021/2/1,195782.8462,22.23076923,"Single Family Residence, Residential",1951,3,4,7801.0,sqft,"Forced Air, Natural Gas",Central Air,unknown,328000.0,1.0,2.0,False,21.646341463414632,hard,-1,2,9,-7800.66,p2_more,p1_slight,hard_p2_more
11468782,11470240,15236,2021/2/1,195782.8462,22.23076923,"Single Family Residence, Residential",1951,3,4,7801.0,sqft,"Forced Air, Natural Gas",Central Air,unknown,328000.0,15236,2021/2/1,231044.375,20.625,SingleFamily,1955,2,2,0.56,Acres,"Forced air, Gas",Central,unknown,210000.0,2.0,1.0,False,35.97560975609756,medium,2,1,-4,7800.44,p1_much,similar,medium_p1_much
11506337,11506984,15236,2021/2/1,168121.0,21.0,"Single Family Residence, Residential",1956,2,3,7801.0,sqft,"Forced Air, Natural Gas",Central Air,unknown,239900.0,15236,2021/2/1,191165.0,25.0,"Single Family Residence, Residential",1939,2,4,7880.0,sqft,Natural Gas,Central Air,unknown,193000.0,2.0,1.0,False,19.549812421842436,hard,-1,0,17,-79.0,p2_more,p1_slight,hard_p2_more
11393043,11469604,15236,2021/3/1,180529.7143,14.85714286,"Single Family Residence, Residential",1946,2,3,7200.0,sqft,"Hot Water, Natural Gas",Window A/C,unknown,208000.0,15236,2021/3/1,172929.3077,13.30769231,"Single Family Residence, Residential",1955,2,3,7701.0,sqft,Natural Gas,Central Air,unknown,172000.0,2.0,1.0,False,17.307692307692307,hard,0,0,-9,-501.0,equal,similar,hard_equal
11393869,11547219,15236,2021/3/1,179708.0769,13.69230769,SingleFamily,1944,2,3,8727.0,sqft,"Forced air, Gas",Central,unknown,185000.0,15236,2021/3/1,199927.5455,13.63636364,"Single Family Residence, Residential",1953,2,3,7692.0,sqft,"Forced Air, Natural Gas",Electric,unknown,243500.0,1.0,2.0,False,24.02464065708419,hard,0,0,-9,1035.0,equal,similar,hard_equal
11430059,11469604,15236,2021/3/1,191850.5,13.5,"Single Family Residence, Residential",1950,2,3,6168.0,sqft,"Forced Air, Natural Gas",Electric,unknown,207000.0,15236,2021/3/1,172929.3077,13.30769231,"Single Family Residence, Residential",1955,2,3,7701.0,sqft,Natural Gas,Central Air,unknown,172000.0,2.0,1.0,False,16.908212560386474,hard,0,0,-5,-1533.0,equal,similar,hard_equal
11468018,11546286,15236,2021/3/1,230201.6364,18.45454545,"Single Family Residence, Residential",1930,3,3,7801.0,sqft,"Forced Air, Natural Gas","Central Air, Electric",unknown,172050.0,15236,2021/3/1,264782.8462,20.0,"Single Family Residence, Residential",1957,2,3,7200.0,sqft,"Forced Air, Natural Gas",Central Air,unknown,320000.0,1.0,2.0,False,46.234375,easy,0,1,-27,601.0,equal,p2_newer,easy_equal
11468018,11547219,15236,2021/3/1,230201.6364,18.45454545,"Single Family Residence, Residential",1930,3,3,7801.0,sqft,"Forced Air, Natural Gas","Central Air, Electric",unknown,172050.0,15236,2021/3/1,199927.5455,13.63636364,"Single Family Residence, Residential",1953,2,3,7692.0,sqft,"Forced Air, Natural Gas",Electric,unknown,243500.0,1.0,2.0,False,29.342915811088293,medium,0,1,-23,109.0,equal,p2_newer,medium_equal
11469584,11547219,15236,2021/3/1,188024.6,15.6,"Single Family Residence, Residential",1958,2,3,6599.0,sqft,Natural Gas,Central Air,unknown,185000.0,15236,2021/3/1,199927.5455,13.63636364,"Single Family Residence, Residential",1953,2,3,7692.0,sqft,"Forced Air, Natural Gas",Electric,unknown,243500.0,,2.0,False,24.02464065708419,hard,0,0,5,-1093.0,equal,p1_slight,hard_equal
11469585,11469604,15236,2021/3/1,171898.0909,13.72727273,"Single Family Residence, Residential",1956,2,3,6586.0,sqft,Natural Gas,Central Air,unknown,219900.0,15236,2021/3/1,172929.3077,13.30769231,"Single Family Residence, Residential",1955,2,3,7701.0,sqft,Natural Gas,Central Air,unknown,172000.0,2.0,1.0,False,21.78262846748522,hard,0,0,1,-1115.0,equal,p1_slight,hard_equal
11469585,11546969,15236,2021/3/1,171898.0909,13.72727273,"Single Family Residence, Residential",1956,2,3,6586.0,sqft,Natural Gas,Central Air,unknown,219900.0,15236,2021/3/1,182806.0,21.0,"Single Family Residence, Residential",1949,2,3,9792.0,sqft,"Forced Air, Natural Gas",Central Air,unknown,170500.0,2.0,1.0,False,22.46475670759436,hard,0,0,7,-3206.0,equal,p1_slight,hard_equal
11470565,11547139,15236,2021/3/1,315459.8462,10.46153846,"Single Family Residence, Residential",1965,4,4,0.25,Acres,"Forced Air, Natural Gas",Central Air,unknown,284500.0,15236,2021/3/1,340876.1429,15.0,"Single Family Residence, Residential",1948,3,3,0.56,Acres,"Forced Air, Natural Gas",Central Air,unknown,371500.0,,2.0,False,23.418573351278603,hard,1,1,17,-0.31000000000000005,p1_slight,p1_slight,hard_p1_slight
11546969,59837033,15236,2021/3/1,182806.0,21.0,"Single Family Residence, Residential",1949,2,3,9792.0,sqft,"Forced Air, Natural Gas",Central Air,unknown,170500.0,15236,2021/3/1,187378.25,13.0,"Townhouse, Residential",2002,3,2,1306.0,sqft,"Forced Air, Natural Gas",Central Air,unknown,205000.0,1.0,2.0,False,16.82926829268293,hard,1,-1,-53,8486.0,p1_slight,p2_newer,hard_p1_slight
11429616,11470022,15236,2021/4/1,245383.1818,12.45454545,"Single Family Residence, Residential",1960,2,4,7200.0,sqft,"Forced Air, Natural Gas",Central Air,unknown,259900.0,15236,2021/4/1,224713.5,19.25,"Single Family Residence, Residential",1962,2,3,0.37,Acres,"Forced Air, Natural Gas","Central Air, Electric",unknown,190000.0,2.0,1.0,False,26.894959599846096,medium,1,0,-2,7199.63,p1_slight,similar,medium_p1_slight
11429616,11470250,15236,2021/4/1,245383.1818,12.45454545,"Single Family Residence, Residential",1960,2,4,7200.0,sqft,"Forced Air, Natural Gas",Central Air,unknown,259900.0,15236,2021/4/1,213580.5556,21.66666667,"Single Family Residence, Residential",1956,2,3,0.25,Acres,"Forced Air, Natural Gas",Central Air,unknown,215000.0,,1.0,False,17.275875336667948,hard,1,0,4,7199.75,p1_slight,p1_slight,hard_p1_slight
11429711,11506285,15236,2021/4/1,223565.1538,17.53846154,"Single Family Residence, Residential",1950,3,3,6250.0,sqft,"Forced Air, Natural Gas",Central Air,unknown,215000.0,15236,2021/4/1,201303.0,18.30769231,"Single Family Residence, Residential",1958,2,3,7800.0,sqft,"Forced Air, Natural Gas",Central Air,unknown,165000.0,2.0,1.0,False,23.25581395348837,hard,0,1,-8,-1550.0,equal,similar,hard_equal
11429958,11469598,15236,2021/4/1,233045.8182,13.63636364,"Single Family Residence, Residential",1949,3,4,5998.0,sqft,"Baseboard, Electric",Electric,unknown,250000.0,15236,2021/4/1,220067.8,17.6,"Single Family Residence, Residential",1958,2,3,6695.0,sqft,"Forced Air, Natural Gas","Central Air, Wall Unit(s)",unknown,207000.0,2.0,1.0,False,17.2,hard,1,1,-9,-697.0,p1_slight,similar,hard_p1_slight
11429958,11470022,15236,2021/4/1,233045.8182,13.63636364,"Single Family Residence, Residential",1949,3,4,5998.0,sqft,"Baseboard, Electric",Electric,unknown,250000.0,15236,2021/4/1,224713.5,19.25,"Single Family Residence, Residential",1962,2,3,0.37,Acres,"Forced Air, Natural Gas","Central Air, Electric",unknown,190000.0,2.0,1.0,False,24.0,hard,1,1,-13,5997.63,p1_slight,similar,hard_p1_slight
11429958,11506285,15236,2021/4/1,233045.8182,13.63636364,"Single Family Residence, Residential",1949,3,4,5998.0,sqft,"Baseboard, Electric",Electric,unknown,250000.0,15236,2021/4/1,201303.0,18.30769231,"Single Family Residence, Residential",1958,2,3,7800.0,sqft,"Forced Air, Natural Gas",Central Air,unknown,165000.0,2.0,1.0,False,34.0,medium,1,1,-9,-1802.0,p1_slight,similar,medium_p1_slight
11430023,11506824,15236,2021/4/1,187223.0,14.0,"Single Family Residence, Residential",1948,2,3,5998.0,sqft,"Forced Air, Natural Gas",Central Air,unknown,192000.0,15236,2021/4/1,182415.0,17.0,"Single Family Residence, Residential",1950,2,3,7801.0,sqft,"Forced Air, Natural Gas","Central Air, Electric",unknown,157400.0,2.0,1.0,False,18.020833333333332,hard,0,0,-2,-1803.0,equal,similar,hard_equal
11430139,11467692,15236,2021/4/1,219532.6154,22.46153846,"Single Family Residence, Residential",1946,3,4,6629.0,sqft,"Forced Air, Natural Gas","Window A/C, Central Air",unknown,220000.0,15236,2021/4/1,234354.0,15.0,"Single Family Residence, Residential",1995,3,3,7248.0,sqft,"Forced Air, Natural Gas",Central Air,unknown,275000.0,1.0,2.0,False,20.0,hard,1,0,-49,-619.0,p1_slight,p2_newer,hard_p1_slight
11467692,11470022,15236,2021/4/1,234354.0,15.0,"Single Family Residence, Residential",1995,3,3,7248.0,sqft,"Forced Air, Natural Gas",Central Air,unknown,275000.0,15236,2021/4/1,224713.5,19.25,"Single Family Residence, Residential",1962,2,3,0.37,Acres,"Forced Air, Natural Gas","Central Air, Electric",unknown,190000.0,2.0,1.0,False,30.909090909090907,medium,0,1,33,7247.63,equal,p1_much,medium_equal
11467692,11470250,15236,2021/4/1,234354.0,15.0,"Single Family Residence, Residential",1995,3,3,7248.0,sqft,"Forced Air, Natural Gas",Central Air,unknown,275000.0,15236,2021/4/1,213580.5556,21.66666667,"Single Family Residence, Residential",1956,2,3,0.25,Acres,"Forced Air, Natural Gas",Central Air,unknown,215000.0,2.0,1.0,False,21.818181818181817,hard,0,1,39,7247.75,equal,p1_much,hard_equal
11468456,11506285,15236,2021/4/1,188108.0,16.0,"Single Family Residence, Residential",1957,2,3,6000.0,sqft,"Forced Air, Natural Gas","Central Air, Electric",unknown,205000.0,15236,2021/4/1,201303.0,18.30769231,"Single Family Residence, Residential",1958,2,3,7800.0,sqft,"Forced Air, Natural Gas",Central Air,unknown,165000.0,2.0,1.0,False,19.51219512195122,hard,0,0,-1,-1800.0,equal,similar,hard_equal
11468456,11546616,15236,2021/4/1,188108.0,16.0,"Single Family Residence, Residential",1957,2,3,6000.0,sqft,"Forced Air, Natural Gas","Central Air, Electric",unknown,205000.0,15236,2021/4/1,187426.0,16.0,"Single Family Residence, Residential",1957,2,3,8450.0,sqft,"Forced Air, Natural Gas",Central Air,unknown,167000.0,2.0,1.0,False,18.536585365853657,hard,0,0,0,-2450.0,equal,similar,hard_equal
11469598,11506285,15236,2021/4/1,220067.8,17.6,"Single Family Residence, Residential",1958,2,3,6695.0,sqft,"Forced Air, Natural Gas","Central Air, Wall Unit(s)",unknown,207000.0,15236,2021/4/1,201303.0,18.30769231,"Single Family Residence, Residential",1958,2,3,7800.0,sqft,"Forced Air, Natural Gas",Central Air,unknown,165000.0,2.0,1.0,False,20.28985507246377,hard,0,0,0,-1105.0,equal,similar,hard_equal
11469598,11546616,15236,2021/4/1,220067.8,17.6,"Single Family Residence, Residential",1958,2,3,6695.0,sqft,"Forced Air, Natural Gas","Central Air, Wall Unit(s)",unknown,207000.0,15236,2021/4/1,187426.0,16.0,"Single Family Residence, Residential",1957,2,3,8450.0,sqft,"Forced Air, Natural Gas",Central Air,unknown,167000.0,2.0,1.0,False,19.32367149758454,hard,0,0,1,-1755.0,equal,p1_slight,hard_equal
11546644,62982812,15236,2021/4/1,236862.0,22.0,"Single Family Residence, Residential",1958,3,3,8450.0,sqft,"Forced Air, Natural Gas","Central Air, Electric",unknown,215000.0,15236,2021/4/1,273822.7692,10.38461538,"Single Family Residence, Residential",2002,3,3,4547.0,sqft,"Forced Air, Natural Gas",Central Air,unknown,262500.0,,2.0,False,18.095238095238095,hard,0,0,-44,3903.0,equal,p2_newer,hard_equal
11357381,11392802,15236,2021/5/1,269710.4,16.4,"Townhouse, Residential",1997,3,3,4347.0,sqft,"Forced Air, Natural Gas","Central Air, Electric",unknown,325000.0,15236,2021/5/1,251413.9286,18.64285714,"Single Family Residence, Residential",1940,2,3,9600.0,sqft,"Forced Air, Natural Gas","Central Air, Electric",unknown,245450.0,2.0,1.0,False,24.476923076923075,hard,0,1,57,-5253.0,equal,p1_much,hard_equal
11357381,11392941,15236,2021/5/1,269710.4,16.4,"Townhouse, Residential",1997,3,3,4347.0,sqft,"Forced Air, Natural Gas","Central Air, Electric",unknown,325000.0,15236,2021/5/1,252428.4444,24.77777778,"Single Family Residence, Residential",1948,4,3,8864.0,sqft,"Forced Air, Natural Gas",Central Air,unknown,225000.0,2.0,1.0,False,30.76923076923077,medium,0,-1,49,-4517.0,equal,p1_much,medium_equal
11357381,11468589,15236,2021/5/1,269710.4,16.4,"Townhouse, Residential",1997,3,3,4347.0,sqft,"Forced Air, Natural Gas","Central Air, Electric",unknown,325000.0,15236,2021/5/1,230567.1538,16.92307692,"Single Family Residence, Residential",1961,2,4,10079.0,sqft,"Forced Air, Natural Gas",Central Air,unknown,250000.0,2.0,1.0,False,23.076923076923077,hard,-1,1,36,-5732.0,p2_more,p1_much,hard_p2_more
11357381,11547261,15236,2021/5/1,269710.4,16.4,"Townhouse, Residential",1997,3,3,4347.0,sqft,"Forced Air, Natural Gas","Central Air, Electric",unknown,325000.0,15236,2021/5/1,239582.7778,16.77777778,"Single Family Residence, Residential",1956,2,4,0.36,Acres,Natural Gas,Central Air,unknown,234900.0,2.0,1.0,False,27.723076923076924,medium,-1,1,41,4346.64,p2_more,p1_much,medium_p2_more
11392941,11468489,15236,2021/5/1,252428.4444,24.77777778,"Single Family Residence, Residential",1948,4,3,8864.0,sqft,"Forced Air, Natural Gas",Central Air,unknown,225000.0,15236,2021/5/1,300128.0,13.0,"Single Family Residence, Residential",1994,3,3,0.32,Acres,"Forced Air, Natural Gas","Central Air, Electric",unknown,405000.0,,2.0,False,44.44444444444444,easy,0,1,-46,8863.68,equal,p2_newer,easy_equal
11392941,11507889,15236,2021/5/1,252428.4444,24.77777778,"Single Family Residence, Residential",1948,4,3,8864.0,sqft,"Forced Air, Natural Gas",Central Air,unknown,225000.0,15236,2021/5/1,281345.5,11.75,"Single Family Residence, Residential",1965,3,4,8028.0,sqft,Natural Gas,Central Air,unknown,275000.0,,2.0,False,18.181818181818183,hard,-1,1,-17,836.0,p2_more,similar,hard_p2_more
11393017,11469517,15236,2021/5/1,188804.2857,14.28571429,"Single Family Residence, Residential",1935,2,2,9801.0,sqft,"Hot Water, Natural Gas",Central Air,unknown,210000.0,15236,2021/5/1,176828.0,15.0,"Single Family Residence, Residential",1957,2,3,6499.0,sqft,Natural Gas,Central Air,unknown,255400.0,,2.0,False,17.7760375880971,hard,-1,0,-22,3302.0,p2_more,p2_newer,hard_p2_more
11394035,11469517,15236,2021/5/1,188475.6667,17.66666667,"Single Family Residence, Residential",1948,2,3,0.36,Acres,"Forced Air, Natural Gas",Central Air,unknown,181500.0,15236,2021/5/1,176828.0,15.0,"Single Family Residence, Residential",1957,2,3,6499.0,sqft,Natural Gas,Central Air,unknown,255400.0,1.0,2.0,False,28.935003915426783,medium,0,0,-9,-6498.64,equal,similar,medium_equal
11394035,11470388,15236,2021/5/1,188475.6667,17.66666667,"Single Family Residence, Residential",1948,2,3,0.36,Acres,"Forced Air, Natural Gas",Central Air,unknown,181500.0,15236,2021/5/1,178990.1,13.6,"Single Family Residence, Residential",1955,2,3,7150.0,sqft,"Forced Air, Natural Gas",Central Air,unknown,225000.0,1.0,2.0,False,19.333333333333332,hard,0,0,-7,-7149.64,equal,similar,hard_equal
11506916,11547261,15236,2021/5/1,226492.8182,17.27272727,"Single Family Residence, Residential",1939,2,3,9500.0,sqft,"Forced Air, Natural Gas",Central Air,unknown,290000.0,15236,2021/5/1,239582.7778,16.77777778,"Single Family Residence, Residential",1956,2,4,0.36,Acres,Natural Gas,Central Air,unknown,234900.0,2.0,1.0,False,19.0,hard,-1,0,-17,9499.64,p2_more,similar,hard_p2_more
11508423,11547261,15236,2021/5/1,278181.0,20.25,"Single Family Residence, Residential",1960,3,4,9180.0,sqft,Natural Gas,Central Air,unknown,285000.0,15236,2021/5/1,239582.7778,16.77777778,"Single Family Residence, Residential",1956,2,4,0.36,Acres,Natural Gas,Central Air,unknown,234900.0,2.0,1.0,False,17.57894736842105,hard,0,1,4,9179.64,equal,p1_slight,hard_equal
11357406,11469828,15236,2021/6/1,214934.0,12.8,"Townhouse, Residential",1990,2,3,5140.0,sqft,"Forced Air, Electric",Central Air,unknown,224900.0,15236,2021/6/1,188807.0,15.0,"Single Family Residence, Residential",1958,1,3,5610.0,sqft,"Forced Air, Natural Gas",Central Air,unknown,180000.0,2.0,1.0,False,19.964428634948867,hard,0,1,32,-470.0,equal,p1_much,hard_equal
11429092,11507221,15236,2021/6/1,283537.7143,13.0,"Single Family Residence, Residential",1954,2,3,8999.0,sqft,"Forced Air, Natural Gas",Central Air,unknown,299000.0,15236,2021/6/1,249176.4545,20.81818182,"Single Family Residence, Residential",1940,3,3,8450.0,sqft,"Forced Air, Natural Gas",Central Air,unknown,239900.0,2.0,1.0,False,19.765886287625417,hard,0,-1,14,549.0,equal,p1_slight,hard_equal
11429865,119344771,15236,2021/6/1,240396.1667,20.08333333,"Single Family Residence, Residential",1967,3,3,0.28,Acres,"Forced Air, Natural Gas",Central Air,unknown,270000.0,15236,2021/6/1,217792.2727,23.27272727,"Single Family Residence, Residential",1940,3,4,9300.0,sqft,"Forced Air, Natural Gas",Central Air,unknown,210000.0,2.0,1.0,False,22.22222222222222,hard,-1,0,27,-9299.72,p2_more,p1_much,hard_p2_more
11430499,11508411,15236,2021/6/1,249963.6667,17.22222222,"Single Family Residence, Residential",1968,3,3,9099.0,sqft,Electric,Central Air,unknown,260000.0,15236,2021/6/1,225488.8571,13.71428571,"Single Family Residence, Residential",1956,3,3,9000.0,sqft,"Forced Air, Natural Gas",Central Air,unknown,210000.0,2.0,1.0,False,19.230769230769234,hard,0,0,12,99.0,equal,p1_slight,hard_equal
11430499,119344771,15236,2021/6/1,249963.6667,17.22222222,"Single Family Residence, Residential",1968,3,3,9099.0,sqft,Electric,Central Air,unknown,260000.0,15236,2021/6/1,217792.2727,23.27272727,"Single Family Residence, Residential",1940,3,4,9300.0,sqft,"Forced Air, Natural Gas",Central Air,unknown,210000.0,2.0,1.0,False,19.230769230769234,hard,-1,0,28,-201.0,p2_more,p1_much,hard_p2_more
11354901,11547099,15236,2021/7/1,158926.0,14.0,"Townhouse, Residential",1980,2,2,1559.0,sqft,"Forced Air, Natural Gas",Central Air,unknown,150000.0,15236,2021/7/1,154433.0,34.22222222,"Single Family Residence, Townhouse, Residential",1910,1,3,9461.0,sqft,"Forced Air, Natural Gas","Central Air, Electric",unknown,114900.0,2.0,1.0,False,23.400000000000002,hard,-1,1,70,-7902.0,p2_more,p1_much,hard_p2_more
11430458,11507036,15236,2021/7/1,145743.0,30.0,"Single Family Residence, Residential",1950,1,2,0.42,Acres,"Forced Air, Natural Gas","Central Air, Electric",unknown,145000.0,15236,2021/7/1,163989.8667,23.0,"Single Family Residence, Residential",1940,2,3,7800.0,sqft,"Forced Air, Natural Gas",Central Air,unknown,200000.0,1.0,2.0,False,27.500000000000004,medium,-1,-1,10,-7799.58,p2_more,p1_slight,medium_p2_more
11394103,52560850,15236,2021/8/1,226298.8182,19.18181818,"Single Family Residence, Residential",1950,1,3,5998.0,sqft,"Forced Air, Natural Gas",Central Air,unknown,163000.0,15236,2021/8/1,243772.4783,12.86956522,"Townhouse, Residential",2000,2,2,3223.0,sqft,Natural Gas,Central Air,unknown,230000.0,1.0,2.0,False,29.130434782608695,medium,1,-1,-50,2775.0,p1_slight,p2_newer,medium_p1_slight
11430224,11507738,15236,2021/8/1,276697.0,25.0,"Single Family Residence, Residential",1955,3,4,8999.0,sqft,"Forced Air, Natural Gas",Central Air,unknown,342500.0,15236,2021/8/1,224300.0,29.0,"Single Family Residence, Residential",1940,3,3,0.39,Acres,"Forced Air, Natural Gas",Central Air,unknown,227500.0,2.0,1.0,False,33.57664233576642,medium,1,0,15,8998.61,p1_slight,p1_slight,medium_p1_slight
11468056,72260994,15236,2021/8/1,306960.6667,16.41666667,"Single Family Residence, Residential",1939,3,3,0.41,Acres,"Forced Air, Natural Gas",Central Air,unknown,295000.0,15236,2021/8/1,307085.3636,10.81818182,"Townhouse, Residential",2005,3,3,4452.0,sqft,"Forced Air, Natural Gas","Central Air, Electric",unknown,355000.0,1.0,2.0,False,16.901408450704224,hard,0,0,-66,-4451.59,equal,p2_newer,hard_equal
11468794,11506869,15236,2021/8/1,216689.6552,29.55172414,"Single Family Residence, Residential",1940,2,3,9369.0,sqft,"Forced Air, Natural Gas","Central Air, Electric",unknown,260000.0,15236,2021/8/1,213413.85,19.15,"Single Family Residence, Residential",1960,2,3,0.36,Acres,"Forced Air, Natural Gas",Window A/C,unknown,206000.0,2.0,1.0,False,20.76923076923077,hard,0,0,-20,9368.64,equal,p2_newer,hard_equal
11507420,72260994,15236,2021/8/1,299518.75,10.0,"Single Family Residence, Residential",1958,3,4,9766.0,sqft,"Forced Air, Natural Gas",Central Air,unknown,290000.0,15236,2021/8/1,307085.3636,10.81818182,"Townhouse, Residential",2005,3,3,4452.0,sqft,"Forced Air, Natural Gas","Central Air, Electric",unknown,355000.0,1.0,2.0,False,18.30985915492958,hard,1,0,-47,5314.0,p1_slight,p2_newer,hard_p1_slight
11299877,11546727,15236,2021/9/1,201888.1356,16.27118644,"Single Family Residence, Residential",1959,2,3,6660.0,sqft,"Forced Air, Natural Gas",Central Air,unknown,189900.0,15236,2021/9/1,217757.6271,23.01694915,"Single Family Residence, Residential",1951,3,4,0.54,Acres,"Forced Air, Natural Gas",Central Air,unknown,140000.0,2.0,1.0,False,26.276987888362296,medium,-1,-1,8,6659.46,p2_more,p1_slight,medium_p2_more
11393437,11508145,15236,2021/9/1,177733.3333,15.0,"Townhouse, Residential",1985,2,2,1568.0,sqft,"Forced Air, Natural Gas",Central Air,unknown,170000.0,15236,2021/9/1,154620.6897,20.62068966,"Single Family Residence, Residential",1955,1,2,0.55,Acres,Hot Water,Window A/C,unknown,135000.0,2.0,1.0,False,20.588235294117645,hard,0,1,30,1567.45,equal,p1_much,hard_equal
11393726,11428260,15236,2021/9/1,209216.9492,11.69491525,"Single Family Residence, Residential",1954,2,3,9000.0,sqft,Natural Gas,"Central Air, Electric",unknown,205000.0,15236,2021/9/1,208845.7627,17.86440678,"Single Family Residence, Residential",1939,2,3,9844.0,sqft,"Forced Air, Natural Gas",Central Air,unknown,165000.0,2.0,1.0,False,19.51219512195122,hard,0,0,15,-844.0,equal,p1_slight,hard_equal
11428260,11469540,15236,2021/9/1,208845.7627,17.86440678,"Single Family Residence, Residential",1939,2,3,9844.0,sqft,"Forced Air, Natural Gas",Central Air,unknown,165000.0,15236,2021/9/1,198300.0,25.0,"Single Family Residence, Residential",1955,1,3,7230.0,sqft,"Forced Air, Natural Gas",Central Air,unknown,208000.0,1.0,2.0,False,20.673076923076923,hard,0,1,-16,2614.0,equal,similar,hard_equal
11428265,11507900,15236,2021/9/1,201103.3898,22.45762712,"Single Family Residence, Residential",1938,3,4,7705.0,sqft,"Hot Water, Natural Gas",Wall Unit(s),unknown,182500.0,15236,2021/9/1,232434.4828,20.75862069,"Single Family Residence, Residential",1959,2,3,7772.0,sqft,"Forced Air, Natural Gas",Central Air,unknown,266000.0,1.0,2.0,False,31.390977443609025,medium,1,1,-21,-67.0,p1_slight,p2_newer,medium_p1_slight
11428267,11467615,15236,2021/9/1,182852.5424,15.15254237,"Single Family Residence, Residential",1948,1,3,0.25,Acres,"Forced Air, Natural Gas",Central Air,unknown,170000.0,15236,2021/9/1,205293.1034,35.13793103,"Single Family Residence, Residential",1953,4,4,6499.0,sqft,"Natural Gas, Baseboard","Window A/C, Central Air",unknown,230000.0,1.0,2.0,False,26.08695652173913,medium,-1,-3,-5,-6498.75,p2_more,similar,medium_p2_more
11428267,11469540,15236,2021/9/1,182852.5424,15.15254237,"Single Family Residence, Residential",1948,1,3,0.25,Acres,"Forced Air, Natural Gas",Central Air,unknown,170000.0,15236,2021/9/1,198300.0,25.0,"Single Family Residence, Residential",1955,1,3,7230.0,sqft,"Forced Air, Natural Gas",Central Air,unknown,208000.0,1.0,2.0,False,18.269230769230766,hard,0,0,-7,-7229.75,equal,similar,hard_equal
11428580,11470804,15236,2021/9/1,221188.1356,20.94915254,"Single Family Residence, Residential",1958,3,3,10375.0,sqft,"Forced Air, Natural Gas",Central Air,unknown,225000.0,15236,2021/9/1,259635.2941,15.11764706,"Single Family Residence, Residential",1970,2,3,9509.0,sqft,"Forced Air, Natural Gas",Central Air,unknown,273000.0,1.0,2.0,False,17.582417582417584,hard,0,1,-12,866.0,equal,similar,hard_equal
11428580,11546727,15236,2021/9/1,221188.1356,20.94915254,"Single Family Residence, Residential",1958,3,3,10375.0,sqft,"Forced Air, Natural Gas",Central Air,unknown,225000.0,15236,2021/9/1,217757.6271,23.01694915,"Single Family Residence, Residential",1951,3,4,0.54,Acres,"Forced Air, Natural Gas",Central Air,unknown,140000.0,2.0,1.0,False,37.77777777777778,medium,-1,0,7,10374.46,p2_more,p1_slight,medium_p2_more
11429029,11467615,15236,2021/9/1,213888.8889,21.22222222,"Single Family Residence, Residential",1950,3,3,0.25,Acres,"Forced Air, Natural Gas","Central Air, Electric",unknown,189900.0,15236,2021/9/1,205293.1034,35.13793103,"Single Family Residence, Residential",1953,4,4,6499.0,sqft,"Natural Gas, Baseboard","Window A/C, Central Air",unknown,230000.0,,2.0,False,17.434782608695652,hard,-1,-1,-3,-6498.75,p2_more,similar,hard_p2_more
11429029,11507900,15236,2021/9/1,213888.8889,21.22222222,"Single Family Residence, Residential",1950,3,3,0.25,Acres,"Forced Air, Natural Gas","Central Air, Electric",unknown,189900.0,15236,2021/9/1,232434.4828,20.75862069,"Single Family Residence, Residential",1959,2,3,7772.0,sqft,"Forced Air, Natural Gas",Central Air,unknown,266000.0,1.0,2.0,False,28.60902255639098,medium,0,1,-9,-7771.75,equal,similar,medium_equal
11429029,11546492,15236,2021/9/1,213888.8889,21.22222222,"Single Family Residence, Residential",1950,3,3,0.25,Acres,"Forced Air, Natural Gas","Central Air, Electric",unknown,189900.0,15236,2021/9/1,244406.7797,14.91525424,"Single Family Residence, Residential",1957,2,3,0.4,Acres,"Forced Air, Natural Gas",Central Air,unknown,238000.0,1.0,2.0,False,20.210084033613445,hard,0,1,-7,-0.15000000000000002,equal,similar,hard_equal
11429508,11508145,15236,2021/9/1,179322.0339,14.6779661,"Single Family Residence, Residential",1955,2,2,6786.0,sqft,"Forced Air, Natural Gas",Central Air,unknown,172000.0,15236,2021/9/1,154620.6897,20.62068966,"Single Family Residence, Residential",1955,1,2,0.55,Acres,Hot Water,Window A/C,unknown,135000.0,2.0,1.0,False,21.511627906976745,hard,0,1,0,6785.45,equal,similar,hard_equal
11430308,11467615,15236,2021/9/1,172772.8814,17.3220339,"Single Family Residence, Residential",1944,1,2,0.32,Acres,"Forced Air, Natural Gas",Central Air,unknown,170000.0,15236,2021/9/1,205293.1034,35.13793103,"Single Family Residence, Residential",1953,4,4,6499.0,sqft,"Natural Gas, Baseboard","Window A/C, Central Air",unknown,230000.0,,2.0,False,26.08695652173913,medium,-2,-3,-9,-6498.68,p2_more,similar,medium_p2_more
11430308,11469540,15236,2021/9/1,172772.8814,17.3220339,"Single Family Residence, Residential",1944,1,2,0.32,Acres,"Forced Air, Natural Gas",Central Air,unknown,170000.0,15236,2021/9/1,198300.0,25.0,"Single Family Residence, Residential",1955,1,3,7230.0,sqft,"Forced Air, Natural Gas",Central Air,unknown,208000.0,1.0,2.0,False,18.269230769230766,hard,-1,0,-11,-7229.68,p2_more,similar,hard_p2_more
11430513,11546492,15236,2021/9/1,284922.0339,21.94915254,"Single Family Residence, Residential",1960,3,3,0.28,Acres,"Forced Air, Natural Gas",Central Air,unknown,336900.0,15236,2021/9/1,244406.7797,14.91525424,"Single Family Residence, Residential",1957,2,3,0.4,Acres,"Forced Air, Natural Gas",Central Air,unknown,238000.0,2.0,1.0,False,29.355891956070053,medium,0,1,3,-0.12,equal,p1_slight,medium_equal
11467615,11546727,15236,2021/9/1,205293.1034,35.13793103,"Single Family Residence, Residential",1953,4,4,6499.0,sqft,"Natural Gas, Baseboard","Window A/C, Central Air",unknown,230000.0,15236,2021/9/1,217757.6271,23.01694915,"Single Family Residence, Residential",1951,3,4,0.54,Acres,"Forced Air, Natural Gas",Central Air,unknown,140000.0,2.0,1.0,False,39.130434782608695,medium,0,1,2,6498.46,equal,p1_slight,medium_equal
11470140,11546727,15236,2021/9/1,231122.0339,11.0,"Single Family Residence, Residential",1961,2,3,7148.0,sqft,"Forced Air, Natural Gas",Central Air,unknown,219900.0,15236,2021/9/1,217757.6271,23.01694915,"Single Family Residence, Residential",1951,3,4,0.54,Acres,"Forced Air, Natural Gas",Central Air,unknown,140000.0,2.0,1.0,False,36.33469758981355,medium,-1,-1,10,7147.46,p2_more,p1_slight,medium_p2_more
11470804,11546727,15236,2021/9/1,259635.2941,15.11764706,"Single Family Residence, Residential",1970,2,3,9509.0,sqft,"Forced Air, Natural Gas",Central Air,unknown,273000.0,15236,2021/9/1,217757.6271,23.01694915,"Single Family Residence, Residential",1951,3,4,0.54,Acres,"Forced Air, Natural Gas",Central Air,unknown,140000.0,2.0,1.0,False,48.717948717948715,easy,-1,-1,19,9508.46,p2_more,p1_slight,easy_p2_more
11506619,11508145,15236,2021/9/1,183983.0,15.0,"Single Family Residence, Residential",1945,1,2,7801.0,sqft,"Forced Air, Natural Gas","Window A/C, Central Air, Electric",unknown,190160.0,15236,2021/9/1,154620.6897,20.62068966,"Single Family Residence, Residential",1955,1,2,0.55,Acres,Hot Water,Window A/C,unknown,135000.0,2.0,1.0,False,29.007151872107702,medium,0,0,-10,7800.45,equal,similar,medium_equal
11507900,11546727,15236,2021/9/1,232434.4828,20.75862069,"Single Family Residence, Residential",1959,2,3,7772.0,sqft,"Forced Air, Natural Gas",Central Air,unknown,266000.0,15236,2021/9/1,217757.6271,23.01694915,"Single Family Residence, Residential",1951,3,4,0.54,Acres,"Forced Air, Natural Gas",Central Air,unknown,140000.0,2.0,1.0,False,47.368421052631575,easy,-1,-1,8,7771.46,p2_more,p1_slight,easy_p2_more
11546727,59836814,15236,2021/9/1,217757.6271,23.01694915,"Single Family Residence, Residential",1951,3,4,0.54,Acres,"Forced Air, Natural Gas",Central Air,unknown,140000.0,15236,2021/9/1,243886.8182,10.81818182,"Townhouse, Residential",2001,3,2,5401.0,sqft,"Forced Air, Natural Gas",Central Air,unknown,217500.0,1.0,2.0,False,35.63218390804598,medium,2,0,-50,-5400.46,p1_much,p2_newer,medium_p1_much
11428199,11468568,15236,2022/2/1,230945.2727,26.0,"Single Family Residence, Residential",1946,3,3,0.5,Acres,"Forced Air, Natural Gas",Central Air,unknown,210000.0,15236,2022/2/1,212322.449,26.16326531,"Single Family Residence, Residential",1960,3,3,7801.0,sqft,"Hot Water, Natural Gas",Central Air,unknown,318000.0,1.0,2.0,False,33.9622641509434,medium,0,0,-14,-7800.5,equal,similar,medium_equal
11393424,11506541,15236,2022/3/1,220808.3333,13.29166667,"Single Family Residence, Residential",1958,1,3,8764.0,sqft,"Forced Air, Natural Gas",Central Air,unknown,239900.0,15236,2022/3/1,201145.2703,13.68243243,"Single Family Residence, Residential",1950,2,3,7779.0,sqft,"Forced Air, Natural Gas",Central Air,unknown,175000.0,2.0,1.0,False,27.05293872446853,medium,0,-1,8,985.0,equal,p1_slight,medium_equal
11428827,11469474,15236,2022/3/1,189268.2,16.8,"Single Family Residence, Residential",1958,2,3,0.28,Acres,"Forced Air, Natural Gas",Central Air,unknown,275000.0,15236,2022/3/1,201899.3197,10.70748299,"Single Family Residence, Residential",1957,2,5,10506.0,sqft,"Hot Water, Natural Gas",Window A/C,unknown,225500.0,2.0,1.0,False,18.0,hard,-2,0,1,-10505.72,p2_more,p1_slight,hard_p2_more
11393916,11394013,15236,2022/4/1,211457.1429,12.57142857,"Townhouse, Residential",1985,3,2,1306.0,sqft,"Forced Air, Natural Gas",Central Air,unknown,200000.0,15236,2022/4/1,183639.5833,21.97222222,"Single Family Residence, Residential",1941,2,3,4356.0,sqft,"Forced Air, Natural Gas",Central Air,unknown,155000.0,2.0,1.0,False,22.5,hard,-1,1,44,-3050.0,p2_more,p1_much,hard_p2_more
11430072,11547114,15236,2022/4/1,193986.2069,10.35172414,"Single Family Residence, Residential",1948,2,3,7165.0,sqft,"Forced Air, Natural Gas",Central Air,unknown,210000.0,15236,2022/4/1,205202.5,29.5,"Single Family Residence, Residential",1979,2,3,2877.0,sqft,"Forced Air, Natural Gas",Central Air,unknown,285000.0,1.0,2.0,False,26.31578947368421,medium,0,0,-31,4288.0,equal,p2_newer,medium_equal
11468186,11547114,15236,2022/4/1,164202.5641,13.20512821,"Single Family Residence, Residential",1942,1,4,5270.0,sqft,"Forced Air, Natural Gas","Window A/C, Central Air",unknown,180000.0,15236,2022/4/1,205202.5,29.5,"Single Family Residence, Residential",1979,2,3,2877.0,sqft,"Forced Air, Natural Gas",Central Air,unknown,285000.0,1.0,2.0,False,36.84210526315789,medium,1,-1,-37,2393.0,p1_slight,p2_newer,medium_p1_slight
11470364,11547114,15236,2022/4/1,183673.875,13.625,SingleFamily,1952,2,3,7152.0,sqft,"Other, Gas",Central,unknown,205000.0,15236,2022/4/1,205202.5,29.5,"Single Family Residence, Residential",1979,2,3,2877.0,sqft,"Forced Air, Natural Gas",Central Air,unknown,285000.0,1.0,2.0,False,28.07017543859649,medium,0,0,-27,4275.0,equal,p2_newer,medium_equal
11470644,11547114,15236,2022/4/1,197138.0952,15.9047619,"Single Family Residence, Residential",1956,2,3,6499.0,sqft,"Forced Air, Natural Gas",Central Air,unknown,193000.0,15236,2022/4/1,205202.5,29.5,"Single Family Residence, Residential",1979,2,3,2877.0,sqft,"Forced Air, Natural Gas",Central Air,unknown,285000.0,1.0,2.0,False,32.280701754385966,medium,0,0,-23,3622.0,equal,p2_newer,medium_equal
11507081,11547114,15236,2022/4/1,233192.3077,10.97435897,"Single Family Residence, Residential",1961,2,3,9944.0,sqft,"Forced Air, Natural Gas","Central Air, Electric",unknown,235000.0,15236,2022/4/1,205202.5,29.5,"Single Family Residence, Residential",1979,2,3,2877.0,sqft,"Forced Air, Natural Gas",Central Air,unknown,285000.0,1.0,2.0,False,17.543859649122805,hard,0,0,-18,7067.0,equal,similar,hard_equal
11547047,11547114,15236,2022/4/1,207105.2632,11.5037594,"Single Family Residence, Residential",1953,1,3,9400.0,sqft,"Forced Air, Natural Gas",Central Air,unknown,210000.0,15236,2022/4/1,205202.5,29.5,"Single Family Residence, Residential",1979,2,3,2877.0,sqft,"Forced Air, Natural Gas",Central Air,unknown,285000.0,1.0,2.0,False,26.31578947368421,medium,0,-1,-26,6523.0,equal,p2_newer,medium_equal
11547114,52560791,15236,2022/4/1,205202.5,29.5,"Single Family Residence, Residential",1979,2,3,2877.0,sqft,"Forced Air, Natural Gas",Central Air,unknown,285000.0,15236,2022/4/1,176400.0,19.0,"Single Family Residence, Residential",1958,2,3,7130.0,sqft,"Forced Air, Natural Gas",Central Air,unknown,190000.0,2.0,1.0,False,33.33333333333333,medium,0,0,21,-4253.0,equal,p1_much,medium_equal
11357423,11642359,15236,2022/5/1,212751.2821,14.0,"Townhouse, Residential",1991,2,2,1089.0,sqft,"Forced Air, Natural Gas","Central Air, Electric",unknown,210000.0,15236,2022/5/1,184573.3333,15.86666667,"Single Family Residence, Residential",1949,2,3,0.37,Acres,"Forced Air, Natural Gas",Central Air,unknown,173000.0,2.0,1.0,False,17.61904761904762,hard,-1,0,42,1088.63,p2_more,p1_much,hard_p2_more
11428540,11642359,15236,2022/5/1,199147.5,31.45,"Single Family Residence, Residential",1954,3,3,0.28,Acres,"Forced Air, Natural Gas",Central Air,unknown,300000.0,15236,2022/5/1,184573.3333,15.86666667,"Single Family Residence, Residential",1949,2,3,0.37,Acres,"Forced Air, Natural Gas",Central Air,unknown,173000.0,,1.0,False,42.333333333333336,easy,0,1,5,-0.08999999999999997,equal,p1_slight,easy_equal
11428839,11468553,15236,2022/5/1,226325.0,21.9,"Single Family Residence, Residential",1957,2,4,7026.0,sqft,"Forced Air, Natural Gas",Central Air,unknown,300000.0,15236,2022/5/1,217084.0,13.84,"Single Family Residence, Residential",1958,2,3,10759.0,sqft,"Forced Air, Natural Gas",Central Air,unknown,250000.0,2.0,1.0,False,16.666666666666664,hard,1,0,-1,-3733.0,p1_slight,similar,hard_p1_slight
11429967,11506597,15236,2022/5/1,162487.5,34.5,"Single Family Residence, Residential",1946,2,3,7113.0,sqft,"Forced Air, Natural Gas",Central Air,Off Street,220000.0,15236,2022/5/1,183323.0769,24.23076923,"Single Family Residence, Residential",1940,2,3,6499.0,sqft,Natural Gas,Central Air,Attached Garage,150000.0,2.0,1.0,False,31.818181818181817,medium,0,0,6,614.0,equal,p1_slight,medium_equal
11507829,11642359,15236,2022/5/1,202792.3077,18.46153846,"Single Family Residence, Residential",1956,2,3,8498.0,sqft,"Forced Air, Natural Gas","Central Air, Electric",unknown,234000.0,15236,2022/5/1,184573.3333,15.86666667,"Single Family Residence, Residential",1949,2,3,0.37,Acres,"Forced Air, Natural Gas",Central Air,unknown,173000.0,2.0,1.0,False,26.06837606837607,medium,0,0,7,8497.63,equal,p1_slight,medium_equal
11546599,11642359,15236,2022/5/1,189600.0,12.4,"Single Family Residence, Residential",1960,1,3,10759.0,sqft,"Forced Air, Natural Gas",Central Air,unknown,215000.0,15236,2022/5/1,184573.3333,15.86666667,"Single Family Residence, Residential",1949,2,3,0.37,Acres,"Forced Air, Natural Gas",Central Air,unknown,173000.0,2.0,1.0,False,19.53488372093023,hard,0,-1,11,10758.63,equal,p1_slight,hard_equal
11354924,11506911,15236,2022/6/1,161200.0,15.89010989,"Townhouse, Residential",1980,2,2,1324.0,sqft,"Forced Air, Natural Gas","Central Air, Electric",unknown,167500.0,15236,2022/6/1,155111.3636,21.61363636,"Single Family Residence, Residential",1946,1,3,7557.0,sqft,"Forced Air, Natural Gas",Electric,unknown,134900.0,2.0,1.0,False,19.462686567164177,hard,-1,1,34,-6233.0,p2_more,p1_much,hard_p2_more
11354924,11508272,15236,2022/6/1,161200.0,15.89010989,"Townhouse, Residential",1980,2,2,1324.0,sqft,"Forced Air, Natural Gas","Central Air, Electric",unknown,167500.0,15236,2022/6/1,152006.6667,22.84444444,"Single Family Residence, Residential",1951,2,4,6220.0,sqft,Natural Gas,Central Air,unknown,120000.0,2.0,1.0,False,28.35820895522388,medium,-2,0,29,-4896.0,p2_more,p1_much,medium_p2_more
11394130,11641582,15236,2022/6/1,255510.8696,13.85869565,"Single Family Residence, Residential",1947,3,4,6499.0,sqft,"Forced Air, Natural Gas",Central Air,unknown,305000.0,15236,2022/6/1,248743.5897,11.02564103,"Single Family Residence, Residential",1971,3,3,7840.0,sqft,"Forced Air, Natural Gas",Central Air,unknown,242500.0,,1.0,False,20.491803278688526,hard,1,0,-24,-1341.0,p1_slight,p2_newer,hard_p1_slight
11428044,11469987,15236,2022/6/1,180579.4545,18.81818182,SingleFamily,1966,2,2,0.48,Acres,Other,Central,unknown,320000.0,15236,2022/6/1,160191.3043,30.08695652,"Single Family Residence, Residential",1938,2,3,0.43,Acres,"Forced Air, Natural Gas",Central Air,unknown,204000.0,2.0,1.0,False,36.25,medium,-1,0,28,0.04999999999999999,p2_more,p1_much,medium_p2_more
11429177,11506911,15236,2022/6/1,186847.2527,16.82417582,"Single Family Residence, Residential",1955,1,2,7200.0,sqft,Natural Gas,"Central Air, Electric",unknown,184000.0,15236,2022/6/1,155111.3636,21.61363636,"Single Family Residence, Residential",1946,1,3,7557.0,sqft,"Forced Air, Natural Gas",Electric,unknown,134900.0,2.0,1.0,False,26.684782608695652,medium,-1,0,9,-357.0,p2_more,p1_slight,medium_p2_more
11467606,11470643,15236,2022/6/1,172033.3333,17.57777778,"Single Family Residence, Residential",1953,2,3,7287.0,sqft,"Forced Air, Natural Gas","Central Air, Electric",unknown,139900.0,15236,2022/6/1,189906.4516,19.34408602,"Single Family Residence, Residential",1956,2,3,4500.0,sqft,"Forced Air, Natural Gas","Central Air, Electric",unknown,207000.0,1.0,2.0,False,32.41545893719807,medium,0,0,-3,2787.0,equal,similar,medium_equal
11506911,11641572,15236,2022/6/1,155111.3636,21.61363636,"Single Family Residence, Residential",1946,1,3,7557.0,sqft,"Forced Air, Natural Gas",Electric,unknown,134900.0,15236,2022/6/1,192428.75,22.425,"Single Family Residence, Residential",1956,2,2,6586.0,sqft,"Forced Air, Natural Gas",Central Air,unknown,174500.0,1.0,2.0,False,22.693409742120345,hard,1,-1,-10,971.0,p1_slight,similar,hard_p1_slight
11409930,11481664,15237,2019/10/1,226940.6667,16.83333333,SingleFamily,1948,2,3,9108.0,sqft,"Forced air, Gas",Central,Off-street,179000.0,15237,2019/10/1,251722.0,12.0,SingleFamily,1970,3,4,3497.0,sqft,"Other, Gas",Central,Garage - Attached,250000.0,,2.0,False,28.4,medium,-1,-1,-22,5611.0,p2_more,p2_newer,medium_p2_more
11409930,11484236,15237,2019/10/1,226940.6667,16.83333333,SingleFamily,1948,2,3,9108.0,sqft,"Forced air, Gas",Central,Off-street,179000.0,15237,2019/10/1,266311.9091,15.81818182,SingleFamily,1830,3,4,0.74,Acres,Other,Central,Garage - Attached,295000.0,1.0,2.0,False,39.32203389830509,medium,-1,-1,118,9107.26,p2_more,p1_much,medium_p2_more
11616434,11617874,15237,2019/10/1,226530.0,12.69230769,SingleFamily,1946,1,3,0.41,Acres,"Forced air, Gas",Central,Garage - Attached,192000.0,15237,2019/10/1,248857.0,16.0,SingleFamily,1978,2,3,8398.0,sqft,"Forced air, Gas",Central,Garage - Attached,267500.0,,2.0,False,28.22429906542056,medium,0,-1,-32,-8397.59,equal,p2_newer,medium_equal
11441935,11484913,15237,2019/11/1,250865.2,15.6,SingleFamily,1946,3,3,9740.0,sqft,"Gas, Forced air, Baseboard, Electric",Central,unknown,217500.0,15237,2019/11/1,249343.0,15.7,SingleFamily,1950,3,3,9757.0,sqft,"Forced air, Gas",Central,unknown,160000.0,2.0,1.0,False,26.436781609195403,medium,0,0,-4,-17.0,equal,similar,medium_equal
11441935,11589678,15237,2019/11/1,250865.2,15.6,SingleFamily,1946,3,3,9740.0,sqft,"Gas, Forced air, Baseboard, Electric",Central,unknown,217500.0,15237,2019/11/1,274698.7692,11.30769231,SingleFamily,1964,2,3,10585.0,sqft,"Forced air, Gas",Central,unknown,275000.0,1.0,2.0,False,20.909090909090907,hard,0,1,-18,-845.0,equal,similar,hard_equal
11441935,121887952,15237,2019/11/1,250865.2,15.6,SingleFamily,1946,3,3,9740.0,sqft,"Gas, Forced air, Baseboard, Electric",Central,unknown,217500.0,15237,2019/11/1,275497.0769,10.0,"Townhouse, Residential",2012,3,3,2818.0,sqft,"Forced Air, Natural Gas","Central Air, Electric",unknown,268000.0,1.0,2.0,False,18.84328358208955,hard,0,0,-66,6922.0,equal,p2_newer,hard_equal
11484913,11589678,15237,2019/11/1,249343.0,15.7,SingleFamily,1950,3,3,9757.0,sqft,"Forced air, Gas",Central,unknown,160000.0,15237,2019/11/1,274698.7692,11.30769231,SingleFamily,1964,2,3,10585.0,sqft,"Forced air, Gas",Central,unknown,275000.0,1.0,2.0,False,41.81818181818181,easy,0,1,-14,-828.0,equal,similar,easy_equal
11484913,121887952,15237,2019/11/1,249343.0,15.7,SingleFamily,1950,3,3,9757.0,sqft,"Forced air, Gas",Central,unknown,160000.0,15237,2019/11/1,275497.0769,10.0,"Townhouse, Residential",2012,3,3,2818.0,sqft,"Forced Air, Natural Gas","Central Air, Electric",unknown,268000.0,1.0,2.0,False,40.298507462686565,easy,0,0,-62,6939.0,equal,p2_newer,easy_equal
11523136,11617702,15237,2019/11/1,258551.3333,10.0,SingleFamily,1967,2,4,0.25,Acres,"Other, Forced air, Gas",Central,Garage - Attached,225000.0,15237,2019/11/1,279309.0,11.0,SingleFamily,1961,3,3,0.26,Acres,"Other, Gas",Central,Garage - Attached,306000.0,1.0,2.0,False,26.47058823529412,medium,1,-1,6,-0.010000000000000009,p1_slight,p1_slight,medium_p1_slight
11589023,61261629,15237,2019/11/1,419255.2,14.2,SingleFamily,1994,4,4,0.26,Acres,Other,Central,unknown,424900.0,15237,2019/11/1,460740.0,23.0,SingleFamily,2002,3,4,9469.0,sqft,"Forced air, Gas",Central,unknown,510000.0,1.0,2.0,False,16.686274509803923,hard,0,1,-8,-9468.74,equal,similar,hard_equal
11589678,11590526,15237,2019/11/1,274698.7692,11.30769231,SingleFamily,1964,2,3,10585.0,sqft,"Forced air, Gas",Central,unknown,275000.0,15237,2019/11/1,262506.0,18.0,SingleFamily,1952,3,3,0.32,Acres,"Forced air, Gas",Other,unknown,195000.0,,1.0,False,29.09090909090909,medium,0,-1,12,10584.68,equal,p1_slight,medium_equal
11590526,121887952,15237,2019/11/1,262506.0,18.0,SingleFamily,1952,3,3,0.32,Acres,"Forced air, Gas",Other,unknown,195000.0,15237,2019/11/1,275497.0769,10.0,"Townhouse, Residential",2012,3,3,2818.0,sqft,"Forced Air, Natural Gas","Central Air, Electric",unknown,268000.0,1.0,2.0,False,27.238805970149254,medium,0,0,-60,-2817.68,equal,p2_newer,medium_equal
11481578,11617760,15237,2019/7/1,198149.2,10.0,SingleFamily,1950,2,3,0.58,Acres,Other,Central,Garage - Attached,179000.0,15237,2019/7/1,211123.0769,10.0,SingleFamily,1950,2,3,9517.0,sqft,"Forced air, Gas",Central,Garage - Attached,215000.0,1.0,2.0,False,16.74418604651163,hard,0,0,0,-9516.42,equal,similar,hard_equal
11643820,119344881,15237,2019/7/1,312568.0588,10.47058824,"Single Family Residence, Residential",1945,3,4,0.57,Acres,"Forced Air, Natural Gas",Central Air,unknown,290000.0,15237,2019/7/1,345624.8462,10.0,SingleFamily,2012,2,2,6425.0,sqft,Other,Central,unknown,363900.0,1.0,2.0,False,20.307776861775213,hard,2,1,-67,-6424.43,p1_much,p2_newer,hard_p1_much
11439419,11558438,15237,2019/8/1,270680.75,13.75,"Single Family Residence, Residential",1978,3,3,0.26,Acres,"Forced Air, Natural Gas",Central Air,unknown,295000.0,15237,2019/8/1,256193.25,12.25,SingleFamily,1965,4,4,3265.0,sqft,"Forced air, Gas",Central,unknown,375000.0,1.0,2.0,False,21.333333333333336,hard,-1,-1,13,-3264.74,p2_more,p1_slight,hard_p2_more
11484958,11558438,15237,2019/8/1,237623.1667,10.0,SingleFamily,1958,3,3,0.36,Acres,"Other, Forced air, Gas",Central,unknown,225000.0,15237,2019/8/1,256193.25,12.25,SingleFamily,1965,4,4,3265.0,sqft,"Forced air, Gas",Central,unknown,375000.0,1.0,2.0,False,40.0,medium,-1,-1,-7,-3264.64,p2_more,similar,medium_p2_more
11558438,11589928,15237,2019/8/1,256193.25,12.25,SingleFamily,1965,4,4,3265.0,sqft,"Forced air, Gas",Central,unknown,375000.0,15237,2019/8/1,263697.9167,12.75,SingleFamily,1960,2,4,0.51,Acres,"Forced air, Gas",Central,unknown,249000.0,2.0,1.0,False,33.6,medium,0,2,5,3264.49,equal,p1_slight,medium_equal
11558438,11590292,15237,2019/8/1,256193.25,12.25,SingleFamily,1965,4,4,3265.0,sqft,"Forced air, Gas",Central,unknown,375000.0,15237,2019/8/1,276541.2069,10.0,"Single Family Residence, Residential",1975,3,4,0.35,Acres,"Forced Air, Natural Gas","Central Air, Electric",unknown,253900.0,2.0,1.0,False,32.29333333333334,medium,0,1,-10,3264.65,equal,similar,medium_equal
11559268,11616739,15237,2019/8/1,362448.4375,10.0,SingleFamily,1987,3,3,0.29,Acres,"Forced air, Gas",Central,unknown,375000.0,15237,2019/8/1,386863.8095,10.57142857,SingleFamily,1975,3,4,2208.0,sqft,"Forced air, Gas",Central,unknown,465000.0,1.0,2.0,False,19.35483870967742,hard,-1,0,12,-2207.71,p2_more,p1_slight,hard_p2_more
11523281,118479550,15237,2020/1/1,286503.0,14.5,SingleFamily,1969,4,3,0.29,Acres,Other,Central,unknown,193325.0,15237,2020/1/1,298682.7368,18.10526316,"Townhouse, Residential",2012,4,3,2922.0,sqft,"Forced Air, Natural Gas",Central Air,unknown,293000.0,1.0,2.0,False,34.018771331058026,medium,0,0,-43,-2921.71,equal,p2_newer,medium_equal
11522998,11523221,15237,2020/10/1,193201.0,10.0,"Townhouse, Residential",1975,3,3,871.2,sqft,"Forced Air, Natural Gas",Central Air,unknown,225000.0,15237,2020/10/1,189426.0,23.0,"Single Family Residence, Residential",1954,2,2,10500.0,sqft,"Forced Air, Natural Gas",Central Air,unknown,180678.0,2.0,1.0,False,19.698666666666668,hard,1,1,21,-9628.8,p1_slight,p1_much,hard_p1_slight
11557521,11616727,15237,2020/10/1,335320.2667,22.13333333,"Single Family Residence, Residential",1978,3,4,0.25,Acres,Natural Gas,"Central Air, Electric",unknown,353000.0,15237,2020/10/1,372904.0,18.0,"Single Family Residence, Residential",1960,3,4,0.01,Acres,"Forced Air, Natural Gas","Central Air, Electric",unknown,434100.0,1.0,2.0,False,18.68233126007832,hard,0,0,18,0.24,equal,p1_slight,hard_equal
11616727,11643051,15237,2020/10/1,372904.0,18.0,"Single Family Residence, Residential",1960,3,4,0.01,Acres,"Forced Air, Natural Gas","Central Air, Electric",unknown,434100.0,15237,2020/10/1,422864.0,19.0,"Single Family Residence, Residential",1935,2,3,0.92,Acres,"Hot Water, Natural Gas",Central Air,unknown,360000.0,2.0,1.0,False,17.069799585349,hard,1,1,25,-0.91,p1_slight,p1_much,hard_p1_slight
11616727,115826528,15237,2020/10/1,372904.0,18.0,"Single Family Residence, Residential",1960,3,4,0.01,Acres,"Forced Air, Natural Gas","Central Air, Electric",unknown,434100.0,15237,2020/10/1,335595.9167,11.16666667,"Townhouse, Residential",2010,4,4,3258.0,sqft,"Forced Air, Natural Gas","Central Air, Electric",unknown,335000.0,2.0,1.0,False,22.828841280810874,hard,0,-1,-50,-3257.99,equal,p2_newer,hard_equal
11617953,164305285,15237,2020/10/1,263130.5385,23.0,"Single Family Residence, Residential",1950,2,2,10497.0,sqft,"Forced Air, Natural Gas","Central Air, Electric",unknown,241000.0,15237,2020/10/1,293851.3636,12.72727273,"Townhouse, Residential",2015,3,3,3216.0,sqft,"Forced Air, Natural Gas",Central Air,unknown,315000.0,1.0,2.0,False,23.49206349206349,hard,-1,-1,-65,7281.0,p2_more,p2_newer,hard_p2_more
11643196,67338566,15237,2020/10/1,389001.0,21.0,"Single Family Residence, Residential",1976,3,4,0.59,Acres,"Forced Air, Natural Gas",Central Air,unknown,350000.0,15237,2020/10/1,460711.7273,13.63636364,"Single Family Residence, Residential",2004,4,4,0.25,Acres,"Forced Air, Natural Gas",Central Air,unknown,520000.0,1.0,2.0,False,32.69230769230769,medium,0,-1,-28,0.33999999999999997,equal,p2_newer,medium_equal
11409318,11481710,15237,2020/11/1,217731.0,20.0,SingleFamily,1948,1,3,10653.0,sqft,"Forced air, Gas",Central,unknown,236000.0,15237,2020/11/1,181432.5,22.9,"Single Family Residence, Residential",1945,2,3,0.4,Acres,"Hot Water, Natural Gas",Window A/C,unknown,110000.0,2.0,1.0,False,53.38983050847458,easy,0,-1,3,10652.6,equal,p1_slight,easy_equal
11409318,11558334,15237,2020/11/1,217731.0,20.0,SingleFamily,1948,1,3,10653.0,sqft,"Forced air, Gas",Central,unknown,236000.0,15237,2020/11/1,206544.0,13.66666667,"Single Family Residence, Residential",1963,2,3,5300.0,sqft,"Forced Air, Natural Gas","Central Air, Electric",unknown,194500.0,2.0,1.0,False,17.584745762711865,hard,0,-1,-15,5353.0,equal,similar,hard_equal
11481710,11481992,15237,2020/11/1,181432.5,22.9,"Single Family Residence, Residential",1945,2,3,0.4,Acres,"Hot Water, Natural Gas",Window A/C,unknown,110000.0,15237,2020/11/1,186309.8462,15.0,"Single Family Residence, Residential",1931,2,3,468.8,sqft,"Forced Air, Natural Gas",Central Air,unknown,183000.0,1.0,2.0,False,39.89071038251366,medium,0,0,14,-468.40000000000003,equal,p1_slight,medium_equal
11481710,11521492,15237,2020/11/1,181432.5,22.9,"Single Family Residence, Residential",1945,2,3,0.4,Acres,"Hot Water, Natural Gas",Window A/C,unknown,110000.0,15237,2020/11/1,208980.7857,14.64285714,"Single Family Residence, Residential",1974,2,3,6777.0,sqft,"Forced Air, Natural Gas",Central Air,unknown,231000.0,1.0,2.0,False,52.38095238095239,easy,0,0,-29,-6776.6,equal,p2_newer,easy_equal
11481710,11558334,15237,2020/11/1,181432.5,22.9,"Single Family Residence, Residential",1945,2,3,0.4,Acres,"Hot Water, Natural Gas",Window A/C,unknown,110000.0,15237,2020/11/1,206544.0,13.66666667,"Single Family Residence, Residential",1963,2,3,5300.0,sqft,"Forced Air, Natural Gas","Central Air, Electric",unknown,194500.0,1.0,2.0,False,43.44473007712082,easy,0,0,-18,-5299.6,equal,similar,easy_equal
11523475,11617015,15237,2020/11/1,276601.0,16.0,"Single Family Residence, Residential",1963,3,3,1.04,Acres,"Forced Air, Natural Gas",Central Air,unknown,255000.0,15237,2020/11/1,316791.2,12.4,"Single Family Residence, Residential",1960,4,4,0.29,Acres,"Forced Air, Natural Gas",Central Air,unknown,348500.0,1.0,2.0,False,26.82926829268293,medium,-1,-1,3,0.75,p2_more,p1_slight,medium_p2_more
11523475,11617455,15237,2020/11/1,276601.0,16.0,"Single Family Residence, Residential",1963,3,3,1.04,Acres,"Forced Air, Natural Gas",Central Air,unknown,255000.0,15237,2020/11/1,328844.2727,27.45454545,"Single Family Residence, Residential",1880,3,3,1.46,Acres,"Hot Water, Natural Gas","Window A/C, Wall Unit(s)",unknown,435000.0,1.0,2.0,False,41.37931034482759,easy,0,0,83,-0.41999999999999993,equal,p1_much,easy_equal
11558229,11617455,15237,2020/11/1,274901.2308,14.61538462,"Single Family Residence, Residential",1966,3,3,8160.0,sqft,"Forced Air, Natural Gas",Central Air,unknown,275000.0,15237,2020/11/1,328844.2727,27.45454545,"Single Family Residence, Residential",1880,3,3,1.46,Acres,"Hot Water, Natural Gas","Window A/C, Wall Unit(s)",unknown,435000.0,1.0,2.0,False,36.7816091954023,medium,0,0,86,8158.54,equal,p1_much,medium_equal
11617503,11618516,15237,2020/11/1,344501.4,16.1,"Single Family Residence, Residential",1962,4,4,0.31,Acres,"Forced Air, Natural Gas",Central Air,unknown,390000.0,15237,2020/11/1,322748.6364,14.90909091,"Single Family Residence, Residential",1959,3,3,0.47,Acres,"Forced Air, Natural Gas",Central Air,unknown,300000.0,2.0,1.0,False,23.076923076923077,hard,1,1,3,-0.15999999999999998,p1_slight,p1_slight,hard_p1_slight
11617602,11618516,15237,2020/11/1,338619.6667,12.33333333,"Single Family Residence, Residential",1949,2,5,0.01,Acres,"Forced Air, Natural Gas",Central Air,unknown,389000.0,15237,2020/11/1,322748.6364,14.90909091,"Single Family Residence, Residential",1959,3,3,0.47,Acres,"Forced Air, Natural Gas",Central Air,unknown,300000.0,2.0,1.0,False,22.87917737789203,hard,2,-1,-10,-0.45999999999999996,p1_much,similar,hard_p1_much
11481949,11590373,15237,2020/3/1,226039.5,13.3,SingleFamily,1964,3,3,0.46,Acres,Other,Central,Garage - Attached,170000.0,15237,2020/3/1,243424.6667,17.22222222,SingleFamily,1962,3,3,9374.0,sqft,"Forced air, Gas",Central,Garage - Attached,305000.0,1.0,2.0,False,44.26229508196721,easy,0,0,2,-9373.54,equal,p1_slight,easy_equal
11481949,11616598,15237,2020/3/1,226039.5,13.3,SingleFamily,1964,3,3,0.46,Acres,Other,Central,Garage - Attached,170000.0,15237,2020/3/1,237335.5,16.5,SingleFamily,1955,2,3,0.43,Acres,"Forced air, Gas",Central,Garage - Attached,240000.0,1.0,2.0,False,29.166666666666668,medium,0,1,9,0.030000000000000027,equal,p1_slight,medium_equal
11523469,11590085,15237,2020/3/1,267654.0,19.0,SingleFamily,1952,2,3,0.39,Acres,"Forced air, Gas",Central,unknown,229750.0,15237,2020/3/1,264472.95,17.45,SingleFamily,1955,2,4,10018.0,sqft,"Radiant, Other, Gas",Central,unknown,320000.0,1.0,2.0,False,28.203125,medium,-1,0,-3,-10017.61,p2_more,similar,medium_p2_more
11590373,11616598,15237,2020/3/1,243424.6667,17.22222222,SingleFamily,1962,3,3,9374.0,sqft,"Forced air, Gas",Central,Garage - Attached,305000.0,15237,2020/3/1,237335.5,16.5,SingleFamily,1955,2,3,0.43,Acres,"Forced air, Gas",Central,Garage - Attached,240000.0,2.0,1.0,False,21.311475409836063,hard,0,1,7,9373.57,equal,p1_slight,hard_equal
11643148,123272756,15237,2020/3/1,420905.9,17.7,SingleFamily,1951,3,4,1.02,Acres,Other,Central,unknown,400000.0,15237,2020/3/1,467641.6667,10.0,SingleFamily,2015,4,4,0.36,Acres,"Forced air, Gas",Central,unknown,504000.0,,2.0,False,20.634920634920633,hard,0,-1,-64,0.66,equal,p2_newer,hard_equal
11409165,11481951,15237,2020/4/1,174087.5455,14.36363636,SingleFamily,1954,1,2,0.34,Acres,Other,unknown,unknown,155000.0,15237,2020/4/1,187338.0,15.44444444,SingleFamily,1971,1,3,10149.0,sqft,Other,unknown,unknown,186000.0,1.0,2.0,False,16.666666666666664,hard,-1,0,-17,-10148.66,p2_more,similar,hard_p2_more
11409165,11590327,15237,2020/4/1,174087.5455,14.36363636,SingleFamily,1954,1,2,0.34,Acres,Other,unknown,unknown,155000.0,15237,2020/4/1,194639.5,15.5,SingleFamily,1962,1,3,5998.0,sqft,Other,unknown,unknown,199000.0,1.0,2.0,False,22.110552763819097,hard,-1,0,-8,-5997.66,p2_more,similar,hard_p2_more
11521929,11522027,15237,2020/5/1,266564.2,13.6,SingleFamily,1964,3,5,0.76,Acres,Other,Central,unknown,250000.0,15237,2020/5/1,305345.0909,13.63636364,SingleFamily,1940,2,4,0.3,Acres,"Forced air, Gas",Central,unknown,318000.0,1.0,2.0,False,21.38364779874214,hard,1,1,24,0.46,p1_slight,p1_much,hard_p1_slight
11409259,11617759,15237,2020/6/1,250274.4545,13.27272727,SingleFamily,1950,2,4,10214.0,sqft,Other,Central,unknown,255000.0,15237,2020/6/1,218139.3333,25.11111111,"Single Family Residence, Residential",1944,3,3,9600.0,sqft,"Forced Air, Natural Gas",Central Air,unknown,177000.0,,1.0,False,30.58823529411765,medium,1,-1,6,614.0,p1_slight,p1_slight,medium_p1_slight
11409259,11643467,15237,2020/6/1,250274.4545,13.27272727,SingleFamily,1950,2,4,10214.0,sqft,Other,Central,unknown,255000.0,15237,2020/6/1,236976.5455,14.45454545,"Single Family Residence, Residential",1939,2,3,0.37,Acres,"Forced Air, Natural Gas","Central Air, Wall Unit(s)",unknown,192000.0,,1.0,False,24.705882352941178,hard,1,0,11,10213.63,p1_slight,p1_slight,hard_p1_slight
11442162,11481921,15237,2020/6/1,175307.7273,28.81818182,SingleFamily,1930,2,3,0.5,Acres,"Forced air, Gas",Central,unknown,165000.0,15237,2020/6/1,142265.0,21.4,SingleFamily,1953,2,3,0.47,Acres,Other,Central,unknown,205000.0,1.0,2.0,False,19.51219512195122,hard,0,0,-23,0.030000000000000027,equal,p2_newer,hard_equal
11442162,11483979,15237,2020/6/1,175307.7273,28.81818182,SingleFamily,1930,2,3,0.5,Acres,"Forced air, Gas",Central,unknown,165000.0,15237,2020/6/1,188246.0,20.2,SingleFamily,1956,1,3,6250.0,sqft,"Forced air, Gas",Central,unknown,205000.0,1.0,2.0,False,19.51219512195122,hard,0,1,-26,-6249.5,equal,p2_newer,hard_equal
11442162,11558387,15237,2020/6/1,175307.7273,28.81818182,SingleFamily,1930,2,3,0.5,Acres,"Forced air, Gas",Central,unknown,165000.0,15237,2020/6/1,210300.8889,17.0,"Single Family Residence, Residential",1955,2,2,7548.0,sqft,Natural Gas,Central Air,unknown,227500.0,1.0,2.0,False,27.472527472527474,medium,1,0,-25,-7547.5,p1_slight,p2_newer,medium_p1_slight
11484912,11643467,15237,2020/6/1,244867.0,15.0,SingleFamily,1956,3,3,10297.0,sqft,Other,Central,unknown,235000.0,15237,2020/6/1,236976.5455,14.45454545,"Single Family Residence, Residential",1939,2,3,0.37,Acres,"Forced Air, Natural Gas","Central Air, Wall Unit(s)",unknown,192000.0,,1.0,False,18.29787234042553,hard,0,1,17,10296.63,equal,p1_slight,hard_equal
11484986,11643467,15237,2020/6/1,250370.75,15.75,SingleFamily,1950,2,3,0.27,Acres,"Other, Forced air, Gas",Central,unknown,259000.0,15237,2020/6/1,236976.5455,14.45454545,"Single Family Residence, Residential",1939,2,3,0.37,Acres,"Forced Air, Natural Gas","Central Air, Wall Unit(s)",unknown,192000.0,2.0,1.0,False,25.868725868725868,medium,0,0,11,-0.09999999999999998,equal,p1_slight,medium_equal
11485026,11616749,15237,2020/6/1,271759.3636,11.09090909,SingleFamily,1978,3,3,0.47,Acres,"Forced air, Gas",Central,unknown,276000.0,15237,2020/6/1,291775.0,15.0,SingleFamily,1965,3,4,0.25,Acres,Other,Central,unknown,339900.0,1.0,2.0,False,18.79964695498676,hard,-1,0,13,0.21999999999999997,p2_more,p1_slight,hard_p2_more
11558387,11617759,15237,2020/6/1,210300.8889,17.0,"Single Family Residence, Residential",1955,2,2,7548.0,sqft,Natural Gas,Central Air,unknown,227500.0,15237,2020/6/1,218139.3333,25.11111111,"Single Family Residence, Residential",1944,3,3,9600.0,sqft,"Forced Air, Natural Gas",Central Air,unknown,177000.0,2.0,1.0,False,22.197802197802197,hard,-1,-1,11,-2052.0,p2_more,p1_slight,hard_p2_more
11590245,11617759,15237,2020/6/1,225271.8889,17.77777778,SingleFamily,1960,2,3,9147.0,sqft,Other,Central,unknown,255000.0,15237,2020/6/1,218139.3333,25.11111111,"Single Family Residence, Residential",1944,3,3,9600.0,sqft,"Forced Air, Natural Gas",Central Air,unknown,177000.0,2.0,1.0,False,30.58823529411765,medium,0,-1,16,-453.0,equal,p1_slight,medium_equal
11590245,11643467,15237,2020/6/1,225271.8889,17.77777778,SingleFamily,1960,2,3,9147.0,sqft,Other,Central,unknown,255000.0,15237,2020/6/1,236976.5455,14.45454545,"Single Family Residence, Residential",1939,2,3,0.37,Acres,"Forced Air, Natural Gas","Central Air, Wall Unit(s)",unknown,192000.0,2.0,1.0,False,24.705882352941178,hard,0,0,21,9146.63,equal,p1_much,hard_equal
11590947,11643489,15237,2020/6/1,440385.6667,11.55555556,SingleFamily,1965,3,5,0.41,Acres,"Forced air, Gas",Central,unknown,443000.0,15237,2020/6/1,447872.375,15.0,SingleFamily,1905,3,4,0.01,Acres,"Radiant, Forced air, Gas","Other, Central",unknown,542500.0,1.0,2.0,False,18.34101382488479,hard,1,0,60,0.39999999999999997,p1_slight,p1_much,hard_p1_slight
11483882,11590703,15237,2020/7/1,266552.3333,14.0,SingleFamily,1964,3,3,9099.0,sqft,Other,Central,unknown,284900.0,15237,2020/7/1,230398.9091,19.09090909,SingleFamily,1949,2,2,0.49,Acres,"Other, Gas",Central,unknown,235000.0,2.0,1.0,False,17.514917514917517,hard,1,1,15,9098.51,p1_slight,p1_slight,hard_p1_slight
11485567,11523307,15237,2020/7/1,198393.7273,23.63636364,SingleFamily,1930,2,2,0.58,Acres,Other,unknown,unknown,235000.0,15237,2020/7/1,177222.6667,19.33333333,SingleFamily,1954,1,3,0.39,Acres,Other,unknown,unknown,179900.0,2.0,1.0,False,23.4468085106383,hard,-1,1,-24,0.18999999999999995,p2_more,p2_newer,hard_p2_more
11522176,11618494,15237,2020/7/1,200303.5556,15.77777778,SingleFamily,1953,1,3,0.5,Acres,"Forced air, Gas",Central,unknown,207250.0,15237,2020/7/1,192963.9,18.2,SingleFamily,1954,2,2,10497.0,sqft,Other,Central,unknown,260000.0,1.0,2.0,False,20.28846153846154,hard,1,-1,-1,-10496.5,p1_slight,similar,hard_p1_slight
11589127,64759491,15237,2020/7/1,430815.3333,10.0,SingleFamily,1992,3,4,0.49,Acres,"Forced air, Gas",Central,unknown,364815.0,15237,2020/7/1,469894.7778,17.44444444,SingleFamily,2004,4,4,0.36,Acres,"Forced air, Gas",Central,unknown,524500.0,,2.0,False,30.44518589132507,medium,0,-1,-12,0.13,equal,similar,medium_equal
11589127,87995611,15237,2020/7/1,430815.3333,10.0,SingleFamily,1992,3,4,0.49,Acres,"Forced air, Gas",Central,unknown,364815.0,15237,2020/7/1,439929.3,11.8,SingleFamily,2007,3,4,0.26,Acres,"Other, Gas",Central,unknown,475000.0,1.0,2.0,False,23.19684210526316,hard,0,0,-15,0.22999999999999998,equal,similar,hard_equal
11589127,92379316,15237,2020/7/1,430815.3333,10.0,SingleFamily,1992,3,4,0.49,Acres,"Forced air, Gas",Central,unknown,364815.0,15237,2020/7/1,459572.0,11.0,SingleFamily,2009,3,4,0.29,Acres,Other,Central,unknown,464900.0,1.0,2.0,False,21.528285652828565,hard,0,0,-17,0.2,equal,similar,hard_equal
11617609,11617624,15237,2020/7/1,344541.8,13.0,SingleFamily,1993,3,4,1.46,Acres,Other,Central,unknown,360000.0,15237,2020/7/1,374937.0,14.0,SingleFamily,1965,4,5,0.55,Acres,"Forced air, Gas",Central,unknown,435000.0,1.0,2.0,False,17.24137931034483,hard,-1,-1,28,0.9099999999999999,p2_more,p1_much,hard_p2_more
11440690,11557886,15237,2020/8/1,307496.4444,11.55555556,"Single Family Residence, Residential",1989,3,4,0.25,Acres,"Forced Air, Natural Gas",Central Air,unknown,330000.0,15237,2020/8/1,318457.3333,18.0,SingleFamily,1950,3,5,0.38,Acres,"Forced air, Gas",Central,unknown,269900.0,2.0,1.0,False,18.21212121212121,hard,-1,0,39,-0.13,p2_more,p1_much,hard_p2_more
11481874,11617790,15237,2020/8/1,197303.5,16.0,SingleFamily,1949,3,3,5405.0,sqft,Other,Central,unknown,189000.0,15237,2020/8/1,225700.5,16.2,"Single Family Residence, Residential",1955,1,3,0.54,Acres,"Forced Air, Natural Gas",Central Air,unknown,240000.0,,2.0,False,21.25,hard,0,2,-6,5404.46,equal,similar,hard_equal
11484140,11557886,15237,2020/8/1,337013.6,13.8,"Single Family Residence, Residential",1977,3,4,10125.0,sqft,"Forced Air, Natural Gas",Electric,unknown,341000.0,15237,2020/8/1,318457.3333,18.0,SingleFamily,1950,3,5,0.38,Acres,"Forced air, Gas",Central,unknown,269900.0,2.0,1.0,False,20.85043988269795,hard,-1,0,27,10124.62,p2_more,p1_much,hard_p2_more
11485554,11557859,15237,2020/8/1,218461.4,18.8,"Single Family Residence, Residential",1953,2,3,0.32,Acres,Natural Gas,Central Air,unknown,233400.0,15237,2020/8/1,254293.6,13.6,SingleFamily,1969,2,3,9000.0,sqft,"Forced air, Gas",Central,unknown,294000.0,1.0,2.0,False,20.612244897959183,hard,0,0,-16,-8999.68,equal,similar,hard_equal
11556013,11617621,15237,2020/8/1,411097.6667,18.55555556,SingleFamily,1983,4,4,0.49,Acres,"Other, Forced air, Gas",Central,unknown,439900.0,15237,2020/8/1,355050.0,17.0,SingleFamily,1954,3,4,1.23,Acres,Other,Central,unknown,359150.0,2.0,1.0,False,18.35644464651057,hard,0,1,29,-0.74,equal,p1_much,hard_equal
11557859,11617790,15237,2020/8/1,254293.6,13.6,SingleFamily,1969,2,3,9000.0,sqft,"Forced air, Gas",Central,unknown,294000.0,15237,2020/8/1,225700.5,16.2,"Single Family Residence, Residential",1955,1,3,0.54,Acres,"Forced Air, Natural Gas",Central Air,unknown,240000.0,2.0,1.0,False,18.367346938775512,hard,0,1,14,8999.46,equal,p1_slight,hard_equal
11557886,11589305,15237,2020/8/1,318457.3333,18.0,SingleFamily,1950,3,5,0.38,Acres,"Forced air, Gas",Central,unknown,269900.0,15237,2020/8/1,321972.0,13.72727273,"Single Family Residence, Residential",1968,3,4,0.26,Acres,"Forced Air, Natural Gas",Central Air,unknown,329000.0,1.0,2.0,False,17.96352583586626,hard,1,0,-18,0.12,p1_slight,similar,hard_p1_slight
11557886,11589314,15237,2020/8/1,318457.3333,18.0,SingleFamily,1950,3,5,0.38,Acres,"Forced air, Gas",Central,unknown,269900.0,15237,2020/8/1,318899.4545,18.81818182,SingleFamily,1973,2,3,9879.0,sqft,Other,Central,unknown,335000.0,1.0,2.0,False,19.432835820895523,hard,2,1,-23,-9878.62,p1_much,p2_newer,hard_p1_much
11557886,11616973,15237,2020/8/1,318457.3333,18.0,SingleFamily,1950,3,5,0.38,Acres,"Forced air, Gas",Central,unknown,269900.0,15237,2020/8/1,348162.8,12.7,"Single Family Residence, Residential",1972,3,4,0.3,Acres,Natural Gas,Electric,unknown,350000.0,1.0,2.0,False,22.885714285714286,hard,1,0,-22,0.08000000000000002,p1_slight,p2_newer,hard_p1_slight
11557886,11617003,15237,2020/8/1,318457.3333,18.0,SingleFamily,1950,3,5,0.38,Acres,"Forced air, Gas",Central,unknown,269900.0,15237,2020/8/1,339602.5455,13.27272727,"Single Family Residence, Residential",1968,3,4,0.25,Acres,"Forced Air, Natural Gas",Central Air,unknown,390000.0,1.0,2.0,False,30.7948717948718,medium,1,0,-18,0.13,p1_slight,similar,medium_p1_slight
11588948,116179657,15237,2020/8/1,406298.7778,13.55555556,SingleFamily,1968,3,4,0.4,Acres,Other,Central,unknown,390000.0,15237,2020/8/1,451206.0,11.2,SingleFamily,2011,4,4,0.26,Acres,Other,Central,unknown,470000.0,1.0,2.0,False,17.02127659574468,hard,0,-1,-43,0.14,equal,p2_newer,hard_equal
11589305,11589458,15237,2020/8/1,321972.0,13.72727273,"Single Family Residence, Residential",1968,3,4,0.26,Acres,"Forced Air, Natural Gas",Central Air,unknown,329000.0,15237,2020/8/1,296695.2727,10.90909091,"Single Family Residence, Residential",1972,3,4,0.26,Acres,"Forced Air, Natural Gas",Central Air,unknown,261000.0,2.0,1.0,False,20.66869300911854,hard,0,0,-4,0.0,equal,similar,hard_equal
11442794,11522133,15237,2020/9/1,246914.8462,13.46153846,"Single Family Residence, Residential",1960,2,3,6984.0,sqft,"Hot Water, Natural Gas",Central Air,unknown,260000.0,15237,2020/9/1,249207.2,14.0,"Single Family Residence, Residential",1967,2,3,0.27,Acres,Natural Gas,Central Air,unknown,190000.0,2.0,1.0,False,26.923076923076923,medium,0,0,-7,6983.73,equal,similar,medium_equal
11442794,11590720,15237,2020/9/1,246914.8462,13.46153846,"Single Family Residence, Residential",1960,2,3,6984.0,sqft,"Hot Water, Natural Gas",Central Air,unknown,260000.0,15237,2020/9/1,220630.6364,14.90909091,"Single Family Residence, Residential",1949,3,3,0.32,Acres,Natural Gas,Central Air,unknown,198100.0,2.0,1.0,False,23.807692307692307,hard,0,-1,11,6983.68,equal,p1_slight,hard_equal
11522133,11557856,15237,2020/9/1,249207.2,14.0,"Single Family Residence, Residential",1967,2,3,0.27,Acres,Natural Gas,Central Air,unknown,190000.0,15237,2020/9/1,261235.4,11.2,"Single Family Residence, Residential",1967,2,3,8400.0,sqft,"Forced Air, Natural Gas",Central Air,unknown,250000.0,1.0,2.0,False,24.0,hard,0,0,0,-8399.73,equal,similar,hard_equal
11522133,11590053,15237,2020/9/1,249207.2,14.0,"Single Family Residence, Residential",1967,2,3,0.27,Acres,Natural Gas,Central Air,unknown,190000.0,15237,2020/9/1,239533.0625,21.9375,"Single Family Residence, Residential",1953,2,3,0.01,Acres,"Forced Air, Natural Gas",Central Air,unknown,260000.0,1.0,2.0,False,26.923076923076923,medium,0,0,14,0.26,equal,p1_slight,medium_equal
11522133,11618280,15237,2020/9/1,249207.2,14.0,"Single Family Residence, Residential",1967,2,3,0.27,Acres,Natural Gas,Central Air,unknown,190000.0,15237,2020/9/1,218905.8333,19.16666667,"Single Family Residence, Residential",1954,2,3,0.26,Acres,"Forced Air, Natural Gas","Central Air, Electric",unknown,230000.0,1.0,2.0,False,17.391304347826086,hard,0,0,13,0.010000000000000009,equal,p1_slight,hard_equal
11558359,11590720,15237,2020/9/1,185509.1818,36.54545455,"Single Family Residence, Residential",1939,3,3,5300.0,sqft,"Forced Air, Natural Gas",Central Air,unknown,245000.0,15237,2020/9/1,220630.6364,14.90909091,"Single Family Residence, Residential",1949,3,3,0.32,Acres,Natural Gas,Central Air,unknown,198100.0,2.0,1.0,False,19.142857142857142,hard,0,0,-10,5299.68,equal,similar,hard_equal
11590053,11590720,15237,2020/9/1,239533.0625,21.9375,"Single Family Residence, Residential",1953,2,3,0.01,Acres,"Forced Air, Natural Gas",Central Air,unknown,260000.0,15237,2020/9/1,220630.6364,14.90909091,"Single Family Residence, Residential",1949,3,3,0.32,Acres,Natural Gas,Central Air,unknown,198100.0,2.0,1.0,False,23.807692307692307,hard,0,-1,4,-0.31,equal,p1_slight,hard_equal
11618233,118479553,15237,2020/9/1,291440.5333,15.66666667,"Single Family Residence, Residential",1957,3,3,1.1,Acres,"Forced Air, Natural Gas",Central Air,unknown,435000.0,15237,2020/9/1,301212.4,12.8,"Townhouse, Residential",2011,3,3,3680.0,sqft,"Forced Air, Natural Gas",Central Air,unknown,295000.0,,1.0,False,32.18390804597701,medium,0,0,-54,-3678.9,equal,p2_newer,medium_equal
11409147,11557795,15237,2021/10/1,256005.5556,17.88888889,"Single Family Residence, Residential",1955,2,3,0.26,Acres,Natural Gas,Central Air,Off Street,279900.0,15237,2021/10/1,239563.1579,14.0,SingleFamily,1965,2,3,7575.0,sqft,Forced air,Other,"Off-street, Garage - Detached",221000.0,,1.0,False,21.043229724901753,hard,0,0,-10,-7574.74,equal,similar,hard_equal
11409945,11643017,15237,2021/10/1,583247.4576,11.42372881,"Single Family Residence, Residential",1997,5,4,0.66,Acres,"Forced Air, Natural Gas","Central Air, Electric",unknown,557150.0,15237,2021/10/1,557021.831,24.47183099,"Single Family Residence, Residential",1958,4,5,0.01,Acres,"Forced Air, Natural Gas",Central Air,unknown,685000.0,1.0,2.0,False,18.664233576642335,hard,-1,1,39,0.65,p2_more,p1_much,hard_p2_more
11484848,11521595,15237,2021/10/1,246062.2667,19.0,"Single Family Residence, Residential",1950,3,4,0.28,Acres,"Forced Air, Natural Gas",Central Air,unknown,325000.0,15237,2021/10/1,267536.4615,14.84615385,"Single Family Residence, Residential",1958,2,3,1.02,Acres,"Forced Air, Natural Gas",Central Air,unknown,270000.0,2.0,1.0,False,16.923076923076923,hard,1,1,-8,-0.74,p1_slight,similar,hard_p1_slight
11481786,11522099,15237,2021/11/1,271286.3946,26.80272109,"Single Family Residence, Residential",1950,2,4,0.25,Acres,"Heat Pump, Electric","Central Air, Electric",unknown,305000.0,15237,2021/11/1,239727.5862,15.24137931,"Single Family Residence, Residential",1953,2,3,0.68,Acres,"Forced Air, Natural Gas",Central Air,unknown,229800.0,2.0,1.0,False,24.65573770491803,hard,1,0,-3,-0.43000000000000005,p1_slight,similar,hard_p1_slight
11481786,11558782,15237,2021/11/1,271286.3946,26.80272109,"Single Family Residence, Residential",1950,2,4,0.25,Acres,"Heat Pump, Electric","Central Air, Electric",unknown,305000.0,15237,2021/11/1,311145.4545,11.78787879,"Single Family Residence, Residential",1999,2,4,10018.0,sqft,"Forced Air, Natural Gas",Central Air,unknown,390000.0,,2.0,False,21.794871794871796,hard,0,0,-49,-10017.75,equal,p2_newer,hard_equal
11483960,11484038,15237,2021/11/1,250525.4237,15.69491525,"Single Family Residence, Residential",1950,3,3,0.49,Acres,Forced Air,Electric,unknown,240000.0,15237,2021/11/1,265830.6122,18.08163265,"Single Family Residence, Residential",1958,2,3,4743.0,sqft,"Forced Air, Natural Gas","Central Air, Electric",unknown,290000.0,1.0,2.0,False,17.24137931034483,hard,0,1,-8,-4742.51,equal,similar,hard_equal
11484159,11523250,15237,2021/11/1,192185.7143,25.42857143,"Single Family Residence, Residential",1950,2,4,0.26,Acres,"Forced Air, Natural Gas",Central Air,unknown,150000.0,15237,2021/11/1,235275.8389,16.53020134,"Townhouse, Residential",1981,3,2,771.01,sqft,"Forced Air, Natural Gas",Central Air,unknown,190000.0,1.0,2.0,False,21.052631578947366,hard,2,-1,-31,-770.75,p1_much,p2_newer,hard_p1_much
11558782,11643605,15237,2021/11/1,311145.4545,11.78787879,"Single Family Residence, Residential",1999,2,4,10018.0,sqft,"Forced Air, Natural Gas",Central Air,unknown,390000.0,15237,2021/11/1,323659.322,13.25423729,"Single Family Residence, Residential",1937,2,3,1.0,Acres,"Forced Air, Natural Gas",Central Air,unknown,310000.0,,1.0,False,20.51282051282051,hard,1,0,62,10017.0,p1_slight,p1_much,hard_p1_slight
11442270,164712561,15237,2021/12/1,485184.2466,19.34931507,"Single Family Residence, Residential",1940,4,3,1.38,Acres,"Forced Air, Natural Gas",Central Air,unknown,449900.0,15237,2021/12/1,547406.6667,11.02222222,"Single Family Residence, Residential",2018,3,4,0.25,Acres,"Forced Air, Natural Gas",Central Air,unknown,560000.0,1.0,2.0,False,19.66071428571429,hard,-1,1,-78,1.13,p2_more,p2_newer,hard_p2_more
11442506,11483956,15237,2021/12/1,277461.0169,20.6779661,"Single Family Residence, Residential",1954,2,3,0.46,Acres,"Hot Water, Natural Gas",Wall Unit(s),unknown,240000.0,15237,2021/12/1,276639.4558,19.11564626,"Single Family Residence, Residential",1950,3,3,0.28,Acres,"Forced Air, Natural Gas",Electric,unknown,299900.0,1.0,2.0,False,19.973324441480493,hard,0,-1,4,0.18,equal,p1_slight,hard_equal
11442506,11590488,15237,2021/12/1,277461.0169,20.6779661,"Single Family Residence, Residential",1954,2,3,0.46,Acres,"Hot Water, Natural Gas",Wall Unit(s),unknown,240000.0,15237,2021/12/1,291329.8507,13.89552239,"Single Family Residence, Residential",1959,2,4,10541.0,sqft,"Forced Air, Natural Gas",Central Air,unknown,305000.0,,2.0,False,21.311475409836063,hard,-1,0,-5,-10540.54,p2_more,similar,hard_p2_more
11442506,11617869,15237,2021/12/1,277461.0169,20.6779661,"Single Family Residence, Residential",1954,2,3,0.46,Acres,"Hot Water, Natural Gas",Wall Unit(s),unknown,240000.0,15237,2021/12/1,298148.8889,16.96296296,"Single Family Residence, Residential",1973,2,4,7875.0,sqft,"Forced Air, Natural Gas",Central Air,unknown,335000.0,1.0,2.0,False,28.35820895522388,medium,-1,0,-19,-7874.54,p2_more,similar,medium_p2_more
11482114,11617869,15237,2021/12/1,281516.2963,14.84444444,"Single Family Residence, Residential",1965,2,4,0.5,Acres,"Forced Air, Natural Gas",Central Air,unknown,259000.0,15237,2021/12/1,298148.8889,16.96296296,"Single Family Residence, Residential",1973,2,4,7875.0,sqft,"Forced Air, Natural Gas",Central Air,unknown,335000.0,1.0,2.0,False,22.686567164179106,hard,0,0,-8,-7874.5,equal,similar,hard_equal
11483956,11590536,15237,2021/12/1,276639.4558,19.11564626,"Single Family Residence, Residential",1950,3,3,0.28,Acres,"Forced Air, Natural Gas",Electric,unknown,299900.0,15237,2021/12/1,253198.5075,15.91044776,"Single Family Residence, Residential",1963,3,3,0.28,Acres,Natural Gas,"Central Air, Electric",unknown,228000.0,2.0,1.0,False,23.974658219406468,hard,0,0,-13,0.0,equal,similar,hard_equal
11483956,11617439,15237,2021/12/1,276639.4558,19.11564626,"Single Family Residence, Residential",1950,3,3,0.28,Acres,"Forced Air, Natural Gas",Electric,unknown,299900.0,15237,2021/12/1,245384.2857,13.38095238,"Single Family Residence, Residential",1949,2,3,0.47,Acres,"Forced Air, Natural Gas","Central Air, Electric",unknown,214900.0,2.0,1.0,False,28.342780926975657,medium,0,1,1,-0.18999999999999995,equal,p1_slight,medium_equal
11483956,11617921,15237,2021/12/1,276639.4558,19.11564626,"Single Family Residence, Residential",1950,3,3,0.28,Acres,"Forced Air, Natural Gas",Electric,unknown,299900.0,15237,2021/12/1,230200.0,20.66666667,"Single Family Residence, Residential",1954,2,3,10184.0,sqft,"Forced Air, Natural Gas",Central Air,unknown,228000.0,2.0,1.0,False,23.974658219406468,hard,0,1,-4,-10183.72,equal,similar,hard_equal
11483956,11618071,15237,2021/12/1,276639.4558,19.11564626,"Single Family Residence, Residential",1950,3,3,0.28,Acres,"Forced Air, Natural Gas",Electric,unknown,299900.0,15237,2021/12/1,283229.6296,15.77777778,"Single Family Residence, Residential",1947,2,3,0.34,Acres,Natural Gas,Central Air,unknown,232500.0,2.0,1.0,False,22.474158052684228,hard,0,1,3,-0.06,equal,p1_slight,hard_equal
11557486,11617460,15237,2021/12/1,359848.1203,11.17293233,"Single Family Residence, Residential",1978,3,4,0.28,Acres,"Forced Air, Natural Gas",Central Air,unknown,357000.0,15237,2021/12/1,315159.2593,17.98518519,"Single Family Residence, Residential",1955,3,4,0.56,Acres,Natural Gas,Central Air,unknown,290017.0,2.0,1.0,False,18.762745098039215,hard,0,0,23,-0.28,equal,p1_much,hard_equal
11558035,11617869,15237,2021/12/1,290988.1356,26.0,SingleFamily,1950,3,3,0.78,Acres,Other,Central,unknown,270000.0,15237,2021/12/1,298148.8889,16.96296296,"Single Family Residence, Residential",1973,2,4,7875.0,sqft,"Forced Air, Natural Gas",Central Air,unknown,335000.0,1.0,2.0,False,19.402985074626866,hard,-1,1,-23,-7874.22,p2_more,p2_newer,hard_p2_more
11589268,11617869,15237,2021/12/1,262382.0896,17.71641791,"Single Family Residence, Residential",1978,3,3,0.29,Acres,"Forced Air, Natural Gas","Attic Fan, Central Air",unknown,278000.0,15237,2021/12/1,298148.8889,16.96296296,"Single Family Residence, Residential",1973,2,4,7875.0,sqft,"Forced Air, Natural Gas",Central Air,unknown,335000.0,1.0,2.0,False,17.01492537313433,hard,-1,1,5,-7874.71,p2_more,p1_slight,hard_p2_more
11590488,11590536,15237,2021/12/1,291329.8507,13.89552239,"Single Family Residence, Residential",1959,2,4,10541.0,sqft,"Forced Air, Natural Gas",Central Air,unknown,305000.0,15237,2021/12/1,253198.5075,15.91044776,"Single Family Residence, Residential",1963,3,3,0.28,Acres,Natural Gas,"Central Air, Electric",unknown,228000.0,,1.0,False,25.245901639344265,medium,1,-1,-4,10540.72,p1_slight,similar,medium_p1_slight
11590488,11618071,15237,2021/12/1,291329.8507,13.89552239,"Single Family Residence, Residential",1959,2,4,10541.0,sqft,"Forced Air, Natural Gas",Central Air,unknown,305000.0,15237,2021/12/1,283229.6296,15.77777778,"Single Family Residence, Residential",1947,2,3,0.34,Acres,Natural Gas,Central Air,unknown,232500.0,,1.0,False,23.770491803278688,hard,1,0,12,10540.66,p1_slight,p1_slight,hard_p1_slight
11590536,11617869,15237,2021/12/1,253198.5075,15.91044776,"Single Family Residence, Residential",1963,3,3,0.28,Acres,Natural Gas,"Central Air, Electric",unknown,228000.0,15237,2021/12/1,298148.8889,16.96296296,"Single Family Residence, Residential",1973,2,4,7875.0,sqft,"Forced Air, Natural Gas",Central Air,unknown,335000.0,1.0,2.0,False,31.94029850746269,medium,-1,1,-10,-7874.72,p2_more,similar,medium_p2_more
11617473,11617869,15237,2021/12/1,271171.8519,16.94814815,"Single Family Residence, Residential",1957,3,3,0.55,Acres,Natural Gas,"Central Air, Electric",unknown,265000.0,15237,2021/12/1,298148.8889,16.96296296,"Single Family Residence, Residential",1973,2,4,7875.0,sqft,"Forced Air, Natural Gas",Central Air,unknown,335000.0,1.0,2.0,False,20.8955223880597,hard,-1,1,-16,-7874.45,p2_more,similar,hard_p2_more
11617869,11618071,15237,2021/12/1,298148.8889,16.96296296,"Single Family Residence, Residential",1973,2,4,7875.0,sqft,"Forced Air, Natural Gas",Central Air,unknown,335000.0,15237,2021/12/1,283229.6296,15.77777778,"Single Family Residence, Residential",1947,2,3,0.34,Acres,Natural Gas,Central Air,unknown,232500.0,2.0,1.0,False,30.597014925373134,medium,1,0,26,7874.66,p1_slight,p1_much,medium_p1_slight
11442538,11643443,15237,2021/3/1,246564.0,21.16666667,"Single Family Residence, Residential",1944,2,4,4356.0,sqft,"Forced Air, Natural Gas","Central Air, Electric",unknown,225000.0,15237,2021/3/1,221821.3077,16.92307692,"Single Family Residence, Residential",1940,1,3,0.3,Acres,"Forced Air, Natural Gas",Central Air,unknown,172300.0,2.0,1.0,False,23.42222222222222,hard,1,1,4,4355.7,p1_slight,p1_slight,hard_p1_slight
11484137,11522277,15237,2021/3/1,275936.4545,15.36363636,"Single Family Residence, Residential",1964,3,2,0.28,Acres,"Forced Air, Natural Gas",Central Air,unknown,305000.0,15237,2021/3/1,256257.9231,11.84615385,"Single Family Residence, Residential",1963,3,3,0.44,Acres,Natural Gas,Central Air,unknown,242400.0,2.0,1.0,False,20.524590163934427,hard,-1,0,1,-0.15999999999999998,p2_more,p1_slight,hard_p2_more
11484137,11557889,15237,2021/3/1,275936.4545,15.36363636,"Single Family Residence, Residential",1964,3,2,0.28,Acres,"Forced Air, Natural Gas",Central Air,unknown,305000.0,15237,2021/3/1,239381.0,19.0,"Single Family Residence, Residential",1960,2,3,0.35,Acres,"Forced Air, Natural Gas",Central Air,unknown,240000.0,2.0,1.0,False,21.311475409836063,hard,-1,1,4,-0.06999999999999995,p2_more,p1_slight,hard_p2_more
11522277,11618274,15237,2021/3/1,256257.9231,11.84615385,"Single Family Residence, Residential",1963,3,3,0.44,Acres,Natural Gas,Central Air,unknown,242400.0,15237,2021/3/1,279657.5,13.5,"Single Family Residence, Residential",1960,2,3,10497.0,sqft,"Forced Air, Natural Gas",Central Air,unknown,310000.0,1.0,2.0,False,21.806451612903228,hard,0,1,3,-10496.56,equal,p1_slight,hard_equal
11522277,11618482,15237,2021/3/1,256257.9231,11.84615385,"Single Family Residence, Residential",1963,3,3,0.44,Acres,Natural Gas,Central Air,unknown,242400.0,15237,2021/3/1,250173.2308,15.0,"Single Family Residence, Residential",1953,2,3,10328.0,sqft,"Forced Air, Natural Gas",Central Air,unknown,300000.0,1.0,2.0,False,19.2,hard,0,1,10,-10327.56,equal,p1_slight,hard_equal
11618235,11618482,15237,2021/3/1,241301.5,13.0,"Single Family Residence, Residential",1954,2,3,10497.0,sqft,"Forced Air, Natural Gas",Central Air,unknown,248000.0,15237,2021/3/1,250173.2308,15.0,"Single Family Residence, Residential",1953,2,3,10328.0,sqft,"Forced Air, Natural Gas",Central Air,unknown,300000.0,1.0,2.0,False,17.333333333333336,hard,0,0,1,169.0,equal,p1_slight,hard_equal
11618373,11643443,15237,2021/3/1,241787.9333,13.66666667,"Single Family Residence, Residential",1952,1,3,10123.0,sqft,Natural Gas,Central Air,unknown,245000.0,15237,2021/3/1,221821.3077,16.92307692,"Single Family Residence, Residential",1940,1,3,0.3,Acres,"Forced Air, Natural Gas",Central Air,unknown,172300.0,2.0,1.0,False,29.6734693877551,medium,0,0,12,10122.7,equal,p1_slight,medium_equal
11441995,123270828,15237,2021/4/1,285645.5,21.66666667,"Single Family Residence, Residential",1950,2,3,0.33,Acres,"Forced Air, Natural Gas",Central Air,unknown,294000.0,15237,2021/4/1,324043.1429,14.85714286,Townhouse,2015,3,3,2469.0,sqft,"Other, Forced air",Central,unknown,372500.0,1.0,2.0,False,21.073825503355707,hard,0,-1,-65,-2468.67,equal,p2_newer,hard_equal
11482048,123270828,15237,2021/4/1,280150.3636,15.81818182,"Single Family Residence, Residential",1984,3,3,0.4,Acres,"Forced Air, Natural Gas",Central Air,unknown,291000.0,15237,2021/4/1,324043.1429,14.85714286,Townhouse,2015,3,3,2469.0,sqft,"Other, Forced air",Central,unknown,372500.0,1.0,2.0,False,21.879194630872483,hard,0,0,-31,-2468.6,equal,p2_newer,hard_equal
11558013,11590716,15237,2021/4/1,255274.5,11.5,"Single Family Residence, Residential",1960,2,3,10258.0,sqft,"Forced Air, Natural Gas",Central Air,unknown,295000.0,15237,2021/4/1,243204.4,11.4,"Single Family Residence, Residential",1948,2,3,0.32,Acres,"Forced Air, Natural Gas",Central Air,unknown,234000.0,2.0,1.0,False,20.677966101694913,hard,0,0,12,10257.68,equal,p1_slight,hard_equal
11642898,123270828,15237,2021/4/1,294367.3077,13.84615385,"Single Family Residence, Residential",1953,1,3,1.1,Acres,"Forced Air, Natural Gas",Central Air,unknown,288000.0,15237,2021/4/1,324043.1429,14.85714286,Townhouse,2015,3,3,2469.0,sqft,"Other, Forced air",Central,unknown,372500.0,1.0,2.0,False,22.684563758389263,hard,0,-2,-62,-2467.9,equal,p2_newer,hard_equal
11643509,123270828,15237,2021/4/1,290575.2727,15.09090909,"Single Family Residence, Residential",1951,3,3,0.33,Acres,"Forced Air, Natural Gas",Central Air,unknown,297000.0,15237,2021/4/1,324043.1429,14.85714286,Townhouse,2015,3,3,2469.0,sqft,"Other, Forced air",Central,unknown,372500.0,1.0,2.0,False,20.268456375838927,hard,0,0,-64,-2468.67,equal,p2_newer,hard_equal
11442076,11485692,15237,2021/5/1,268371.8667,15.8,"Single Family Residence, Residential",1920,3,3,0.34,Acres,"Forced Air, Natural Gas",Central Air,unknown,230000.0,15237,2021/5/1,302592.7273,10.0,"Single Family Residence, Residential",1974,4,3,10027.0,sqft,Natural Gas,Central Air,unknown,349500.0,1.0,2.0,False,34.19170243204578,medium,0,-1,-54,-10026.66,equal,p2_newer,medium_equal
11442076,11618395,15237,2021/5/1,268371.8667,15.8,"Single Family Residence, Residential",1920,3,3,0.34,Acres,"Forced Air, Natural Gas",Central Air,unknown,230000.0,15237,2021/5/1,257353.5,17.0,"Single Family Residence, Residential",1954,2,3,4308.0,sqft,"Forced Air, Electric",Central Air,unknown,286700.0,1.0,2.0,False,19.77677014300663,hard,0,1,-34,-4307.66,equal,p2_newer,hard_equal
11482097,11485692,15237,2021/5/1,276523.4,14.9,"Single Family Residence, Residential",1962,2,4,0.29,Acres,"Forced Air, Natural Gas",Central Air,unknown,235000.0,15237,2021/5/1,302592.7273,10.0,"Single Family Residence, Residential",1974,4,3,10027.0,sqft,Natural Gas,Central Air,unknown,349500.0,,2.0,False,32.761087267525035,medium,1,-2,-12,-10026.71,p1_slight,similar,medium_p1_slight
11483969,11589300,15237,2021/5/1,230699.8,18.0,"Single Family Residence, Residential",1947,1,3,9731.0,sqft,"Forced Air, Natural Gas",Central Air,unknown,215000.0,15237,2021/5/1,261104.4545,16.36363636,"Single Family Residence, Residential",1960,2,3,3639.0,sqft,"Forced Air, Natural Gas",Central Air,unknown,261000.0,1.0,2.0,False,17.624521072796934,hard,0,-1,-13,6092.0,equal,similar,hard_equal
11483969,11618395,15237,2021/5/1,230699.8,18.0,"Single Family Residence, Residential",1947,1,3,9731.0,sqft,"Forced Air, Natural Gas",Central Air,unknown,215000.0,15237,2021/5/1,257353.5,17.0,"Single Family Residence, Residential",1954,2,3,4308.0,sqft,"Forced Air, Electric",Central Air,unknown,286700.0,1.0,2.0,False,25.0087199162888,medium,0,-1,-7,5423.0,equal,similar,medium_equal
11522115,11618395,15237,2021/5/1,229612.0,20.0,"Single Family Residence, Residential",1957,1,2,10162.0,sqft,"Forced Air, Natural Gas","Central Air, Electric",unknown,226000.0,15237,2021/5/1,257353.5,17.0,"Single Family Residence, Residential",1954,2,3,4308.0,sqft,"Forced Air, Electric",Central Air,unknown,286700.0,1.0,2.0,False,21.171956749215205,hard,-1,-1,3,5854.0,p2_more,p1_slight,hard_p2_more
11590184,11590555,15237,2021/5/1,352442.1667,20.0,"Single Family Residence, Residential",1947,3,4,0.55,Acres,"Forced Air, Natural Gas","Window A/C, Central Air",unknown,334000.0,15237,2021/5/1,384873.6364,11.63636364,"Single Family Residence, Residential",1961,3,4,0.4,Acres,Natural Gas,Gas,unknown,406000.0,1.0,2.0,False,17.733990147783253,hard,0,0,-14,0.15000000000000002,equal,similar,hard_equal
11442259,11522114,15237,2021/6/1,303570.0,15.0,"Single Family Residence, Residential",1952,3,3,0.38,Acres,"Forced Air, Natural Gas",Central Air,unknown,400000.0,15237,2021/6/1,260695.9,17.3,"Single Family Residence, Residential",1958,2,4,0.59,Acres,"Forced Air, Natural Gas",Central Air,unknown,300000.0,2.0,1.0,False,25.0,hard,-1,1,-6,-0.20999999999999996,p2_more,similar,hard_p2_more
11442259,11589893,15237,2021/6/1,303570.0,15.0,"Single Family Residence, Residential",1952,3,3,0.38,Acres,"Forced Air, Natural Gas",Central Air,unknown,400000.0,15237,2021/6/1,295351.1818,11.63636364,"Single Family Residence, Residential",1969,4,3,0.41,Acres,Natural Gas,Central Air,unknown,303000.0,2.0,1.0,False,24.25,hard,0,-1,-17,-0.02999999999999997,equal,similar,hard_equal
11522201,11558588,15237,2021/6/1,224096.5455,20.09090909,"Single Family Residence, Residential",1949,2,3,10798.0,sqft,"Natural Gas, Heat Pump","Central Air, Gas",unknown,250000.0,15237,2021/6/1,196962.1429,23.92857143,"Single Family Residence, Residential",1950,3,4,0.35,Acres,Natural Gas,Window A/C,unknown,150000.0,2.0,1.0,False,40.0,medium,-1,-1,-1,10797.65,p2_more,similar,medium_p2_more
11522494,11559448,15237,2021/6/1,272530.8182,17.36363636,"Single Family Residence, Residential",1948,2,3,0.35,Acres,"Forced Air, Natural Gas",Central Air,unknown,282400.0,15237,2021/6/1,308670.4,12.4,"Single Family Residence, Residential",1958,2,3,0.26,Acres,Natural Gas,Central Air,unknown,353000.0,1.0,2.0,False,20.0,hard,0,0,-10,0.08999999999999997,equal,similar,hard_equal
11558168,11558588,15237,2021/6/1,231294.2,23.3,"Single Family Residence, Residential",1950,3,3,10001.0,sqft,"Forced Air, Natural Gas",Window A/C,unknown,255000.0,15237,2021/6/1,196962.1429,23.92857143,"Single Family Residence, Residential",1950,3,4,0.35,Acres,Natural Gas,Window A/C,unknown,150000.0,2.0,1.0,False,41.17647058823529,easy,-1,0,0,10000.65,p2_more,similar,easy_p2_more
11558588,11617950,15237,2021/6/1,196962.1429,23.92857143,"Single Family Residence, Residential",1950,3,4,0.35,Acres,Natural Gas,Window A/C,unknown,150000.0,15237,2021/6/1,216284.8,15.6,"Single Family Residence, Residential",1940,2,3,7875.0,sqft,"Forced Air, Natural Gas",Central Air,unknown,225000.0,1.0,2.0,False,33.33333333333333,medium,1,1,10,-7874.65,p1_slight,p1_slight,medium_p1_slight
11616673,11616693,15237,2021/6/1,526319.4545,12.54545455,"Single Family Residence, Residential",1992,4,4,0.58,Acres,"Forced Air, Natural Gas","Central Air, Electric",unknown,607000.0,15237,2021/6/1,518922.9091,12.86363636,"Single Family Residence, Residential",1998,3,5,0.48,Acres,"Forced Air, Natural Gas","Central Air, Electric",unknown,500000.0,,1.0,False,17.627677100494235,hard,-1,1,-6,0.09999999999999998,p2_more,similar,hard_p2_more
11616693,11643079,15237,2021/6/1,518922.9091,12.86363636,"Single Family Residence, Residential",1998,3,5,0.48,Acres,"Forced Air, Natural Gas","Central Air, Electric",unknown,500000.0,15237,2021/6/1,577497.0,15.0,"Single Family Residence, Residential",1986,4,4,0.46,Acres,"Forced Air, Natural Gas","Central Air, Electric",unknown,609000.0,1.0,2.0,False,17.898193760262725,hard,1,-1,12,0.019999999999999962,p1_slight,p1_slight,hard_p1_slight
11616693,67338576,15237,2021/6/1,518922.9091,12.86363636,"Single Family Residence, Residential",1998,3,5,0.48,Acres,"Forced Air, Natural Gas","Central Air, Electric",unknown,500000.0,15237,2021/6/1,550912.0,15.09090909,"Single Family Residence, Residential",2013,4,4,0.27,Acres,"Forced Air, Natural Gas",Central Air,unknown,610000.0,,2.0,False,18.0327868852459,hard,1,-1,-15,0.20999999999999996,p1_slight,similar,hard_p1_slight
11616693,123270862,15237,2021/6/1,518922.9091,12.86363636,"Single Family Residence, Residential",1998,3,5,0.48,Acres,"Forced Air, Natural Gas","Central Air, Electric",unknown,500000.0,15237,2021/6/1,527441.0,13.0,"Single Family Residence, Residential",2014,3,4,0.35,Acres,"Forced Air, Natural Gas",Central Air,unknown,610000.0,1.0,2.0,False,18.0327868852459,hard,1,0,-16,0.13,p1_slight,similar,hard_p1_slight
11643079,164657057,15237,2021/6/1,577497.0,15.0,"Single Family Residence, Residential",1986,4,4,0.46,Acres,"Forced Air, Natural Gas","Central Air, Electric",unknown,609000.0,15237,2021/6/1,503924.2,15.8,"Single Family Residence, Residential",2015,4,4,0.28,Acres,"Forced Air, Natural Gas",Central Air,unknown,500312.0,,1.0,False,17.84696223316913,hard,0,0,-29,0.18,equal,p2_newer,hard_equal
11643872,123270862,15237,2021/6/1,473556.0952,12.14285714,"Single Family Residence, Residential",1949,4,3,0.92,Acres,Natural Gas,Central Air,unknown,480000.0,15237,2021/6/1,527441.0,13.0,"Single Family Residence, Residential",2014,3,4,0.35,Acres,"Forced Air, Natural Gas",Central Air,unknown,610000.0,1.0,2.0,False,21.311475409836063,hard,-1,1,-65,0.5700000000000001,p2_more,p2_newer,hard_p2_more
67338576,164657057,15237,2021/6/1,550912.0,15.09090909,"Single Family Residence, Residential",2013,4,4,0.27,Acres,"Forced Air, Natural Gas",Central Air,unknown,610000.0,15237,2021/6/1,503924.2,15.8,"Single Family Residence, Residential",2015,4,4,0.28,Acres,"Forced Air, Natural Gas",Central Air,unknown,500312.0,2.0,1.0,False,17.981639344262295,hard,0,0,-2,-0.010000000000000009,equal,similar,hard_equal
11484380,11590428,15237,2021/7/1,208062.8667,17.8,"Single Family Residence, Residential",1935,2,3,8698.0,sqft,"Forced Air, Natural Gas",Central Air,unknown,176000.0,15237,2021/7/1,233892.0,17.09090909,"Single Family Residence, Residential",1962,2,2,6050.0,sqft,"Forced Air, Natural Gas",Central Air,unknown,228900.0,1.0,2.0,False,23.110528615115772,hard,1,0,-27,2648.0,p1_slight,p2_newer,hard_p1_slight
11558220,11590770,15237,2021/7/1,219856.8095,18.04761905,"Single Family Residence, Residential",1956,2,3,5401.0,sqft,"Forced Air, Natural Gas",Central Air,unknown,250000.0,15237,2021/7/1,233560.3333,14.83333333,"Single Family Residence, Residential",1948,1,2,0.28,Acres,"Forced Air, Natural Gas",Central Air,unknown,203000.0,2.0,1.0,False,18.8,hard,1,1,8,5400.72,p1_slight,p1_slight,hard_p1_slight
11559415,104360709,15237,2021/7/1,335913.0,12.85714286,"Single Family Residence, Residential",1966,3,3,0.3,Acres,"Forced Air, Natural Gas",Electric,unknown,394000.0,15237,2021/7/1,342225.7143,10.57142857,"Townhouse, Residential",2009,3,3,3463.0,sqft,"Forced Air, Natural Gas",Central Air,unknown,315000.0,2.0,1.0,False,20.050761421319795,hard,0,0,-43,-3462.7,equal,p2_newer,hard_equal
11589443,11590463,15237,2021/7/1,283057.6522,12.86956522,"Single Family Residence, Residential",1979,2,3,0.25,Acres,Natural Gas,Central Air,unknown,242000.0,15237,2021/7/1,312685.4762,12.95238095,"Single Family Residence, Residential",1960,2,3,0.26,Acres,"Forced Air, Natural Gas",Central Air,unknown,295000.0,1.0,2.0,False,17.966101694915253,hard,0,0,19,-0.010000000000000009,equal,p1_slight,hard_equal
11590020,11618478,15237,2021/7/1,230270.7273,15.63636364,"Single Family Residence, Residential",1948,2,3,10497.0,sqft,"Forced Air, Natural Gas",Central Air,unknown,222000.0,15237,2021/7/1,264927.5,15.5,"Single Family Residence, Residential",1953,1,2,0.81,Acres,"Forced Air, Natural Gas",Central Air,unknown,275000.0,,2.0,False,19.272727272727273,hard,1,1,-5,10496.19,p1_slight,similar,hard_p1_slight
11590575,11616602,15237,2021/7/1,291587.381,15.23809524,"Single Family Residence, Residential",1955,2,3,0.47,Acres,"Forced Air, Natural Gas",Central Air,unknown,317000.0,15237,2021/7/1,248517.9,19.2,"Single Family Residence, Residential",1948,2,3,0.63,Acres,Natural Gas,Central Air,unknown,236500.0,2.0,1.0,False,25.39432176656151,medium,0,0,7,-0.16000000000000003,equal,p1_slight,medium_equal
11409439,11522110,15237,2021/8/1,327500.0,14.27777778,"Single Family Residence, Residential",1968,3,4,0.26,Acres,"Forced Air, Natural Gas","Attic Fan, Central Air",unknown,349899.0,15237,2021/8/1,295976.1429,11.14285714,"Single Family Residence, Residential",1975,3,3,0.43,Acres,"Forced Air, Natural Gas",Central Air,unknown,260000.0,,1.0,False,25.692842791777053,medium,1,0,-7,-0.16999999999999998,p1_slight,similar,medium_p1_slight
11481807,11522110,15237,2021/8/1,321405.8824,12.11764706,"Single Family Residence, Residential",1950,2,4,0.41,Acres,"Forced Air, Natural Gas","Central Air, Electric",unknown,351000.0,15237,2021/8/1,295976.1429,11.14285714,"Single Family Residence, Residential",1975,3,3,0.43,Acres,"Forced Air, Natural Gas",Central Air,unknown,260000.0,2.0,1.0,False,25.925925925925924,medium,1,-1,-25,-0.020000000000000018,p1_slight,p2_newer,medium_p1_slight
11481863,11522589,15237,2021/8/1,256995.7391,13.52173913,"Single Family Residence, Residential",1953,3,3,5580.0,sqft,"Forced Air, Natural Gas",Central Air,unknown,250000.0,15237,2021/8/1,253357.6087,13.08695652,"Single Family Residence, Residential",1958,2,3,0.3,Acres,"Forced Air, Natural Gas",Central Air,unknown,197000.0,2.0,1.0,False,21.2,hard,0,1,-5,5579.7,equal,similar,hard_equal
11522536,11616477,15237,2021/8/1,242525.7391,27.52173913,"Single Family Residence, Residential",1962,2,3,0.34,Acres,"Forced Air, Natural Gas",Central Air,unknown,280000.0,15237,2021/8/1,264900.0,20.55555556,"Single Family Residence, Residential",1949,1,3,0.94,Acres,"Forced Air, Natural Gas",Central Air,unknown,220000.0,2.0,1.0,False,21.428571428571427,hard,0,1,13,-0.5999999999999999,equal,p1_slight,hard_equal
11522589,11522812,15237,2021/8/1,253357.6087,13.08695652,"Single Family Residence, Residential",1958,2,3,0.3,Acres,"Forced Air, Natural Gas",Central Air,unknown,197000.0,15237,2021/8/1,264410.087,13.86956522,"Single Family Residence, Residential",1956,3,4,5998.0,sqft,Natural Gas,Central Air,unknown,280000.0,,2.0,False,29.642857142857142,medium,-1,-1,2,-5997.7,p2_more,p1_slight,medium_p2_more
11522589,11557804,15237,2021/8/1,253357.6087,13.08695652,"Single Family Residence, Residential",1958,2,3,0.3,Acres,"Forced Air, Natural Gas",Central Air,unknown,197000.0,15237,2021/8/1,285510.1695,18.84745763,"Single Family Residence, Residential",1967,2,4,6969.0,sqft,"Forced Air, Natural Gas",Central Air,unknown,301250.0,1.0,2.0,False,34.6058091286307,medium,-1,0,-9,-6968.7,p2_more,similar,medium_p2_more
11523387,11588854,15237,2021/8/1,396103.1667,12.625,"Single Family Residence, Residential",1990,3,3,0.36,Acres,Natural Gas,Central Air,unknown,403500.0,15237,2021/8/1,357588.1356,17.62711864,"Single Family Residence, Residential",1971,3,4,0.43,Acres,"Forced Air, Natural Gas",Central Air,unknown,320000.0,2.0,1.0,False,20.693928128872365,hard,-1,0,19,-0.07,p2_more,p1_slight,hard_p2_more
11557804,11616477,15237,2021/8/1,285510.1695,18.84745763,"Single Family Residence, Residential",1967,2,4,6969.0,sqft,"Forced Air, Natural Gas",Central Air,unknown,301250.0,15237,2021/8/1,264900.0,20.55555556,"Single Family Residence, Residential",1949,1,3,0.94,Acres,"Forced Air, Natural Gas",Central Air,unknown,220000.0,2.0,1.0,False,26.970954356846473,medium,1,1,18,6968.06,p1_slight,p1_slight,medium_p1_slight
11557804,11618200,15237,2021/8/1,285510.1695,18.84745763,"Single Family Residence, Residential",1967,2,4,6969.0,sqft,"Forced Air, Natural Gas",Central Air,unknown,301250.0,15237,2021/8/1,268497.087,11.56521739,"Single Family Residence, Residential",1953,2,3,0.46,Acres,"Forced Air, Natural Gas",Central Air,unknown,250000.0,2.0,1.0,False,17.012448132780083,hard,1,0,14,6968.54,p1_slight,p1_slight,hard_p1_slight
11558981,11616477,15237,2021/8/1,296473.3333,15.8,"Single Family Residence, Residential",1950,2,3,0.45,Acres,"Forced Air, Natural Gas",Central Air,unknown,326000.0,15237,2021/8/1,264900.0,20.55555556,"Single Family Residence, Residential",1949,1,3,0.94,Acres,"Forced Air, Natural Gas",Central Air,unknown,220000.0,2.0,1.0,False,32.515337423312886,medium,0,1,1,-0.48999999999999994,equal,p1_slight,medium_equal
11558981,11618200,15237,2021/8/1,296473.3333,15.8,"Single Family Residence, Residential",1950,2,3,0.45,Acres,"Forced Air, Natural Gas",Central Air,unknown,326000.0,15237,2021/8/1,268497.087,11.56521739,"Single Family Residence, Residential",1953,2,3,0.46,Acres,"Forced Air, Natural Gas",Central Air,unknown,250000.0,2.0,1.0,False,23.31288343558282,hard,0,0,-3,-0.010000000000000009,equal,similar,hard_equal
11257430,11557616,15237,2021/9/1,441944.1,12.1,"Single Family Residence, Residential",1979,4,4,0.46,Acres,"Forced Air, Natural Gas",Central Air,unknown,485500.0,15237,2021/9/1,422555.9322,10.98305085,"Single Family Residence, Residential",1977,3,5,0.57,Acres,"Forced Air, Natural Gas","Central Air, Electric",unknown,360000.0,2.0,1.0,False,25.84963954685891,medium,-1,1,2,-0.10999999999999993,p2_more,p1_slight,medium_p2_more
11481812,11484294,15237,2021/9/1,245266.6667,22.46666667,"Single Family Residence, Residential",1955,2,3,9901.0,sqft,Natural Gas,Central Air,unknown,295000.0,15237,2021/9/1,241616.9492,15.69491525,"Single Family Residence, Residential",1948,3,2,10772.0,sqft,"Forced Air, Natural Gas","Central Air, Electric",unknown,205000.0,2.0,1.0,False,30.508474576271187,medium,1,-1,7,-871.0,p1_slight,p1_slight,medium_p1_slight
11481812,11590576,15237,2021/9/1,245266.6667,22.46666667,"Single Family Residence, Residential",1955,2,3,9901.0,sqft,Natural Gas,Central Air,unknown,295000.0,15237,2021/9/1,236550.8475,16.10169492,"Single Family Residence, Residential",1948,2,2,0.5,Acres,Natural Gas,Central Air,unknown,220000.0,2.0,1.0,False,25.423728813559322,medium,1,0,7,9900.5,p1_slight,p1_slight,medium_p1_slight
11484294,11484872,15237,2021/9/1,241616.9492,15.69491525,"Single Family Residence, Residential",1948,3,2,10772.0,sqft,"Forced Air, Natural Gas","Central Air, Electric",unknown,205000.0,15237,2021/9/1,265879.661,10.0,"Single Family Residence, Residential",1945,2,3,0.27,Acres,"Forced Air, Natural Gas",Central Air,unknown,250000.0,1.0,2.0,False,18.0,hard,-1,1,3,10771.73,p2_more,p1_slight,hard_p2_more
11485265,11557459,15237,2021/9/1,336132.2034,21.01694915,"Single Family Residence, Residential",1966,3,4,10001.0,sqft,"Forced Air, Natural Gas",Central Air,unknown,365000.0,15237,2021/9/1,310622.2222,15.44444444,"Single Family Residence, Residential",1960,2,3,0.4,Acres,"Forced Air, Natural Gas",Central Air,unknown,275000.0,,1.0,False,24.65753424657534,hard,1,1,6,10000.6,p1_slight,p1_slight,hard_p1_slight
11404578,11589738,15237,2022/1/1,340257.6271,18.54237288,"Single Family Residence, Residential",1961,3,3,0.89,Acres,"Forced Air, Natural Gas",Central Air,unknown,316000.0,15237,2022/1/1,344160.4478,15.99253731,"Single Family Residence, Residential",1969,3,4,0.31,Acres,"Forced Air, Natural Gas",Central Air,unknown,385000.0,1.0,2.0,False,17.92207792207792,hard,-1,0,-8,0.5800000000000001,p2_more,similar,hard_p2_more
11404578,11617480,15237,2022/1/1,340257.6271,18.54237288,"Single Family Residence, Residential",1961,3,3,0.89,Acres,"Forced Air, Natural Gas",Central Air,unknown,316000.0,15237,2022/1/1,350850.3704,17.65925926,"Single Family Residence, Residential",1962,3,4,0.25,Acres,"Forced Air, Natural Gas",Central Air,unknown,384410.0,1.0,2.0,False,17.79610311906558,hard,-1,0,-1,0.64,p2_more,similar,hard_p2_more
11523441,11589738,15237,2022/1/1,358213.7931,17.4137931,"Single Family Residence, Residential",1980,3,5,0.34,Acres,Natural Gas,Central Air,unknown,315000.0,15237,2022/1/1,344160.4478,15.99253731,"Single Family Residence, Residential",1969,3,4,0.31,Acres,"Forced Air, Natural Gas",Central Air,unknown,385000.0,1.0,2.0,False,18.181818181818183,hard,1,0,11,0.030000000000000027,p1_slight,p1_slight,hard_p1_slight
11523441,11617480,15237,2022/1/1,358213.7931,17.4137931,"Single Family Residence, Residential",1980,3,5,0.34,Acres,Natural Gas,Central Air,unknown,315000.0,15237,2022/1/1,350850.3704,17.65925926,"Single Family Residence, Residential",1962,3,4,0.25,Acres,"Forced Air, Natural Gas",Central Air,unknown,384410.0,1.0,2.0,False,18.056242033245752,hard,1,0,18,0.09000000000000002,p1_slight,p1_slight,hard_p1_slight
11481530,11521563,15237,2022/2/1,334387.7551,14.62585034,"Single Family Residence, Residential",1949,3,3,0.48,Acres,"Forced Air, Natural Gas",Central Air,unknown,335000.0,15237,2022/2/1,311324.8322,13.62416107,"Single Family Residence, Residential",1968,3,5,0.26,Acres,"Forced Air, Electric",Central Air,unknown,260000.0,2.0,1.0,False,22.388059701492537,hard,-2,0,-19,0.21999999999999997,p2_more,similar,hard_p2_more
11522860,11643439,15237,2022/3/1,236622.8188,10.01342282,"Single Family Residence, Residential",1962,2,3,10001.0,sqft,"Forced Air, Natural Gas",Central Air,unknown,299900.0,15237,2022/3/1,225802.5641,36.23076923,"Single Family Residence, Residential",1923,4,4,0.5,Acres,"Forced Air, Natural Gas",Electric,unknown,201000.0,2.0,1.0,False,32.97765921973991,medium,-1,-2,39,10000.5,p2_more,p1_much,medium_p2_more
11558098,11617303,15237,2022/3/1,195306.0606,12.78787879,"Single Family Residence, Residential",1950,2,2,5706.0,sqft,"Forced Air, Natural Gas",Central Air,unknown,170000.0,15237,2022/3/1,208800.0,11.77777778,"Townhouse, Residential",1972,2,3,5723.0,sqft,Natural Gas,Window A/C,unknown,220000.0,1.0,2.0,False,22.727272727272727,hard,-1,0,-22,-17.0,p2_more,p2_newer,hard_p2_more
11257412,11558494,15237,2022/4/1,467175.7576,14.0,"Single Family Residence, Residential",1992,4,4,0.72,Acres,"Forced Air, Natural Gas",Central Air,unknown,430000.0,15237,2022/4/1,440371.4286,12.57142857,"Single Family Residence, Residential",1959,3,4,1.06,Acres,"Forced Air, Natural Gas",Central Air,unknown,660000.0,,2.0,False,34.84848484848485,medium,0,1,33,-0.3400000000000001,equal,p1_much,medium_equal
11409174,11484202,15237,2022/4/1,187233.3333,35.33333333,"Single Family Residence, Residential",1958,1,3,10450.0,sqft,"Forced Air, Natural Gas",Central Air,unknown,205000.0,15237,2022/4/1,142737.5,28.375,"Single Family Residence, Residential",1940,1,2,0.5,Acres,"Forced Air, Natural Gas",Central Air,unknown,120000.0,2.0,1.0,False,41.46341463414634,easy,1,0,18,10449.5,p1_slight,p1_slight,easy_p1_slight
11409174,11523159,15237,2022/4/1,187233.3333,35.33333333,"Single Family Residence, Residential",1958,1,3,10450.0,sqft,"Forced Air, Natural Gas",Central Air,unknown,205000.0,15237,2022/4/1,235423.0769,30.30769231,"Single Family Residence, Residential",1956,2,2,9191.0,sqft,"Forced Air, Natural Gas","Central Air, Electric",unknown,315000.0,1.0,2.0,False,34.92063492063492,medium,1,-1,2,1259.0,p1_slight,p1_slight,medium_p1_slight
11439377,11523159,15237,2022/4/1,190059.7778,21.13888889,"Single Family Residence, Residential",1950,2,3,0.27,Acres,Natural Gas,Central Air,unknown,245000.0,15237,2022/4/1,235423.0769,30.30769231,"Single Family Residence, Residential",1956,2,2,9191.0,sqft,"Forced Air, Natural Gas","Central Air, Electric",unknown,315000.0,1.0,2.0,False,22.22222222222222,hard,1,0,-6,-9190.73,p1_slight,similar,hard_p1_slight
11485105,11523159,15237,2022/4/1,212341.6667,15.41666667,"Single Family Residence, Residential",1948,2,3,9191.0,sqft,Natural Gas,Central Air,unknown,195000.0,15237,2022/4/1,235423.0769,30.30769231,"Single Family Residence, Residential",1956,2,2,9191.0,sqft,"Forced Air, Natural Gas","Central Air, Electric",unknown,315000.0,1.0,2.0,False,38.095238095238095,medium,1,0,-8,0.0,p1_slight,similar,medium_p1_slight
11521577,11642781,15237,2022/4/1,309292.3077,26.0,"Single Family Residence, Residential",1962,3,5,0.82,Acres,"Forced Air, Natural Gas",Central Air,unknown,377000.0,15237,2022/4/1,359261.5385,28.58974359,"Single Family Residence, Residential",1941,2,4,1.33,Acres,"Hot Water, Natural Gas",Electric,unknown,460000.0,1.0,2.0,False,18.043478260869566,hard,1,1,21,-0.5100000000000001,p1_slight,p1_much,hard_p1_slight
11522069,11642781,15237,2022/4/1,377273.913,12.26086957,"Single Family Residence, Residential",1992,4,4,0.5,Acres,"Forced Air, Natural Gas",Central Air,unknown,350000.0,15237,2022/4/1,359261.5385,28.58974359,"Single Family Residence, Residential",1941,2,4,1.33,Acres,"Hot Water, Natural Gas",Electric,unknown,460000.0,1.0,2.0,False,23.91304347826087,hard,0,2,51,-0.8300000000000001,equal,p1_much,hard_equal
11523159,11558929,15237,2022/4/1,235423.0769,30.30769231,"Single Family Residence, Residential",1956,2,2,9191.0,sqft,"Forced Air, Natural Gas","Central Air, Electric",unknown,315000.0,15237,2022/4/1,271185.7143,12.0,"Single Family Residence, Residential",1949,1,3,9361.0,sqft,"Forced Air, Natural Gas","Central Air, Electric",unknown,255100.0,2.0,1.0,False,19.015873015873016,hard,-1,1,7,-170.0,p2_more,p1_slight,hard_p2_more
11523291,11618044,15237,2022/4/1,332762.4161,13.27516779,"Single Family Residence, Residential",1970,3,4,0.73,Acres,"Forced Air, Natural Gas",Central Air,unknown,310000.0,15237,2022/4/1,350294.4444,15.83333333,"Single Family Residence, Residential",1958,3,5,0.27,Acres,"Hot Water, Natural Gas",Other,unknown,380000.0,1.0,2.0,False,18.421052631578945,hard,-1,0,12,0.45999999999999996,p2_more,p1_slight,hard_p2_more
11523291,11642781,15237,2022/4/1,332762.4161,13.27516779,"Single Family Residence, Residential",1970,3,4,0.73,Acres,"Forced Air, Natural Gas",Central Air,unknown,310000.0,15237,2022/4/1,359261.5385,28.58974359,"Single Family Residence, Residential",1941,2,4,1.33,Acres,"Hot Water, Natural Gas",Electric,unknown,460000.0,1.0,2.0,False,32.608695652173914,medium,0,1,29,-0.6000000000000001,equal,p1_much,medium_equal
11523349,11642781,15237,2022/4/1,416046.1538,15.76923077,"Single Family Residence, Residential",1990,3,4,1.04,Acres,"Forced Air, Natural Gas",Central Air,unknown,376000.0,15237,2022/4/1,359261.5385,28.58974359,"Single Family Residence, Residential",1941,2,4,1.33,Acres,"Hot Water, Natural Gas",Electric,unknown,460000.0,1.0,2.0,False,18.26086956521739,hard,0,1,49,-0.29000000000000004,equal,p1_much,hard_equal
11589831,11642781,15237,2022/4/1,388620.5128,14.92307692,"Single Family Residence, Residential",1964,3,4,0.5,Acres,"Forced Air, Natural Gas",Central Air,unknown,380000.0,15237,2022/4/1,359261.5385,28.58974359,"Single Family Residence, Residential",1941,2,4,1.33,Acres,"Hot Water, Natural Gas",Electric,unknown,460000.0,,2.0,False,17.391304347826086,hard,0,1,23,-0.8300000000000001,equal,p1_much,hard_equal
11442148,11616682,15237,2022/5/1,557040.678,11.72881356,"Single Family Residence, Residential",1960,5,3,0.91,Acres,"Forced Air, Natural Gas",Central Air,unknown,470000.0,15237,2022/5/1,601720.0,15.6,"Single Family Residence, Residential",1993,3,4,0.73,Acres,"Forced Air, Natural Gas",Central Air,unknown,650000.0,1.0,2.0,False,27.692307692307693,medium,-1,2,-33,0.18000000000000005,p2_more,p2_newer,medium_p2_more
11483974,11484635,15237,2022/5/1,250393.8776,28.75510204,"Single Family Residence, Residential",1950,3,4,0.43,Acres,"Forced Air, Natural Gas",Central Air,unknown,286000.0,15237,2022/5/1,310900.0,22.75,"Single Family Residence, Residential",1975,4,3,0.33,Acres,"Forced Air, Natural Gas",Central Air,unknown,406000.0,,2.0,False,29.55665024630542,medium,1,-1,-25,0.09999999999999998,p1_slight,p2_newer,medium_p1_slight
11483974,11485060,15237,2022/5/1,250393.8776,28.75510204,"Single Family Residence, Residential",1950,3,4,0.43,Acres,"Forced Air, Natural Gas",Central Air,unknown,286000.0,15237,2022/5/1,308320.0,21.0,"Single Family Residence, Residential",1950,3,4,0.41,Acres,"Forced Air, Natural Gas",Central Air,unknown,365600.0,1.0,2.0,False,21.772428884026258,hard,0,0,0,0.020000000000000018,equal,similar,hard_equal
11483974,11590606,15237,2022/5/1,250393.8776,28.75510204,"Single Family Residence, Residential",1950,3,4,0.43,Acres,"Forced Air, Natural Gas",Central Air,unknown,286000.0,15237,2022/5/1,256802.5,25.95,"Single Family Residence, Residential",1959,2,3,0.26,Acres,"Forced Air, Natural Gas",Central Air,unknown,351750.0,1.0,2.0,False,18.69225302061123,hard,1,1,-9,0.16999999999999998,p1_slight,similar,hard_p1_slight
11557898,11617392,15237,2022/5/1,250467.7966,14.06779661,"Single Family Residence, Residential",1950,2,3,0.28,Acres,"Hot Water, Natural Gas","Window A/C, Central Air",unknown,242000.0,15237,2022/5/1,257070.0,11.75,"Single Family Residence, Residential",1955,2,3,0.37,Acres,Natural Gas,Central Air,unknown,318000.0,1.0,2.0,False,23.89937106918239,hard,0,0,-5,-0.08999999999999997,equal,similar,hard_equal
11590007,11617032,15237,2022/5/1,302061.5385,12.84615385,"Single Family Residence, Residential",1978,3,3,0.28,Acres,"Forced Air, Natural Gas","Central Air, Electric",unknown,315777.0,15237,2022/5/1,328743.3735,14.69879518,"Single Family Residence, Residential",1950,2,3,0.4,Acres,"Forced Air, Natural Gas",Central Air,unknown,385000.0,1.0,2.0,False,17.98,hard,0,1,28,-0.12,equal,p1_much,hard_equal
11404583,11558242,15237,2022/6/1,343846.1538,31.14285714,"Single Family Residence, Residential",1944,1,3,6.08,Acres,"Forced Air, Natural Gas",Central Air,unknown,385000.0,15237,2022/6/1,319141.4634,10.0,"Single Family Residence, Residential",1980,3,3,5749.0,sqft,"Forced Air, Natural Gas",Central Air,unknown,315000.0,2.0,1.0,False,18.181818181818183,hard,0,-2,-36,-5742.92,equal,p2_newer,hard_equal
11522810,11617445,15237,2022/6/1,287044.3182,17.125,"Single Family Residence, Residential",1964,2,4,0.39,Acres,Natural Gas,Central Air,unknown,295000.0,15237,2022/6/1,335971.4286,23.71428571,"Single Family Residence, Residential",1938,3,3,0.01,Acres,"Hot Water, Natural Gas",Electric,unknown,438000.0,1.0,2.0,False,32.64840182648402,medium,1,-1,26,0.38,p1_slight,p1_much,medium_p1_slight
11522810,11618303,15237,2022/6/1,287044.3182,17.125,"Single Family Residence, Residential",1964,2,4,0.39,Acres,Natural Gas,Central Air,unknown,295000.0,15237,2022/6/1,317650.0,13.0,"Single Family Residence, Residential",1955,2,3,0.25,Acres,"Forced Air, Natural Gas",Central Air,unknown,371100.0,1.0,2.0,False,20.50660199407168,hard,1,0,9,0.14,p1_slight,p1_slight,hard_p1_slight
11523330,11617445,15237,2022/6/1,282125.641,13.69230769,"Single Family Residence, Residential",1967,2,3,0.47,Acres,"Hot Water, Natural Gas",Central Air,unknown,307000.0,15237,2022/6/1,335971.4286,23.71428571,"Single Family Residence, Residential",1938,3,3,0.01,Acres,"Hot Water, Natural Gas",Electric,unknown,438000.0,1.0,2.0,False,29.908675799086758,medium,0,-1,29,0.45999999999999996,equal,p1_much,medium_equal
11523330,11618303,15237,2022/6/1,282125.641,13.69230769,"Single Family Residence, Residential",1967,2,3,0.47,Acres,"Hot Water, Natural Gas",Central Air,unknown,307000.0,15237,2022/6/1,317650.0,13.0,"Single Family Residence, Residential",1955,2,3,0.25,Acres,"Forced Air, Natural Gas",Central Air,unknown,371100.0,1.0,2.0,False,17.272972244677984,hard,0,0,12,0.21999999999999997,equal,p1_slight,hard_equal
11558625,11617445,15237,2022/6/1,299326.506,12.74698795,"Single Family Residence, Residential",1951,2,3,10454.0,sqft,"Forced Air, Natural Gas",Central Air,unknown,270000.0,15237,2022/6/1,335971.4286,23.71428571,"Single Family Residence, Residential",1938,3,3,0.01,Acres,"Hot Water, Natural Gas",Electric,unknown,438000.0,1.0,2.0,False,38.35616438356164,medium,0,-1,13,10453.99,equal,p1_slight,medium_equal
11589177,11643310,15237,2022/6/1,464084.6154,14.0,"Single Family Residence, Residential",1983,5,5,0.57,Acres,Natural Gas,Electric,unknown,485000.0,15237,2022/6/1,512261.5385,25.0,"Single Family Residence, Residential",1954,3,3,0.02,Acres,"Forced Air, Natural Gas",Central Air,unknown,610000.0,1.0,2.0,False,20.491803278688526,hard,2,2,29,0.5499999999999999,p1_much,p1_much,hard_p1_much
11589671,11617397,15237,2022/6/1,365531.7143,19.46428571,"Single Family Residence, Residential",1968,4,4,0.29,Acres,"Forced Air, Natural Gas",Central Air,unknown,427500.0,15237,2022/6/1,309583.3333,20.0,"Single Family Residence, Residential",1950,4,4,0.37,Acres,"Forced Air, Natural Gas",Central Air,unknown,350000.0,2.0,1.0,False,18.128654970760234,hard,0,0,18,-0.08000000000000002,equal,p1_slight,hard_equal
11589671,11643265,15237,2022/6/1,365531.7143,19.46428571,"Single Family Residence, Residential",1968,4,4,0.29,Acres,"Forced Air, Natural Gas",Central Air,unknown,427500.0,15237,2022/6/1,347946.1538,12.30769231,"Single Family Residence, Residential",1950,2,4,0.9,Acres,"Forced Air, Natural Gas",Central Air,unknown,328000.0,,1.0,False,23.27485380116959,hard,0,2,18,-0.6100000000000001,equal,p1_slight,hard_equal
11590071,64834141,15237,2022/6/1,590500.0,15.0,"Single Family Residence, Residential",1993,3,4,3.24,Acres,"Forced Air, Natural Gas","Central Air, Electric",unknown,520000.0,15237,2022/6/1,544129.0323,11.80645161,"Single Family Residence, Residential",2003,4,4,0.41,Acres,"Forced Air, Natural Gas",Central Air,unknown,625000.0,1.0,2.0,False,16.8,hard,0,-1,-10,2.83,equal,similar,hard_equal
11590510,11617445,15237,2022/6/1,347034.9398,12.74698795,"Single Family Residence, Residential",1961,2,3,10480.0,sqft,"Forced Air, Natural Gas",Central Air,unknown,350000.0,15237,2022/6/1,335971.4286,23.71428571,"Single Family Residence, Residential",1938,3,3,0.01,Acres,"Hot Water, Natural Gas",Electric,unknown,438000.0,1.0,2.0,False,20.091324200913242,hard,0,-1,23,10479.99,equal,p1_much,hard_equal
11617445,11643265,15237,2022/6/1,335971.4286,23.71428571,"Single Family Residence, Residential",1938,3,3,0.01,Acres,"Hot Water, Natural Gas",Electric,unknown,438000.0,15237,2022/6/1,347946.1538,12.30769231,"Single Family Residence, Residential",1950,2,4,0.9,Acres,"Forced Air, Natural Gas",Central Air,unknown,328000.0,2.0,1.0,False,25.11415525114155,medium,-1,1,-12,-0.89,p2_more,similar,medium_p2_more
11617445,164305293,15237,2022/6/1,335971.4286,23.71428571,"Single Family Residence, Residential",1938,3,3,0.01,Acres,"Hot Water, Natural Gas",Electric,unknown,438000.0,15237,2022/6/1,346165.8537,10.0,"Townhouse, Residential",2015,3,3,3571.0,sqft,"Forced Air, Natural Gas",Central Air,unknown,340000.0,2.0,1.0,False,22.37442922374429,hard,0,0,-77,-3570.99,equal,p2_newer,hard_equal
11522156,11590459,15237,2022/7/1,287462.6374,13.16483516,"Single Family Residence, Residential",1945,3,3,0.32,Acres,"Forced Air, Natural Gas",Central Air,unknown,290000.0,15237,2022/7/1,315377.0,10.9375,"Single Family Residence, Residential",1959,2,3,0.29,Acres,"Forced Air, Natural Gas",Central Air,unknown,360000.0,1.0,2.0,False,19.444444444444446,hard,0,1,-14,0.030000000000000027,equal,similar,hard_equal
11558850,11590438,15237,2022/7/1,260343.5294,11.0,"Single Family Residence, Residential",1949,2,3,9060.0,sqft,"Forced Air, Natural Gas",Central Air,unknown,320000.0,15237,2022/7/1,234044.4444,20.77777778,"Single Family Residence, Residential",1904,2,3,0.33,Acres,Natural Gas,Window A/C,unknown,180000.0,2.0,1.0,False,43.75,easy,0,0,45,9059.67,equal,p1_much,easy_equal
11558850,11643180,15237,2022/7/1,260343.5294,11.0,"Single Family Residence, Residential",1949,2,3,9060.0,sqft,"Forced Air, Natural Gas",Central Air,unknown,320000.0,15237,2022/7/1,300005.1282,21.76923077,"Single Family Residence, Residential",1875,3,4,0.87,Acres,"Forced Air, Natural Gas",Central Air,unknown,261600.0,2.0,1.0,False,18.25,hard,-1,-1,74,9059.13,p2_more,p1_much,hard_p2_more
11590008,11643180,15237,2022/7/1,330775.6098,11.14634146,"Single Family Residence, Residential",1979,3,3,0.28,Acres,"Forced Air, Natural Gas",Central Air,unknown,365000.0,15237,2022/7/1,300005.1282,21.76923077,"Single Family Residence, Residential",1875,3,4,0.87,Acres,"Forced Air, Natural Gas",Central Air,unknown,261600.0,2.0,1.0,False,28.328767123287673,medium,-1,0,104,-0.59,p2_more,p1_much,medium_p2_more
11590459,11643180,15237,2022/7/1,315377.0,10.9375,"Single Family Residence, Residential",1959,2,3,0.29,Acres,"Forced Air, Natural Gas",Central Air,unknown,360000.0,15237,2022/7/1,300005.1282,21.76923077,"Single Family Residence, Residential",1875,3,4,0.87,Acres,"Forced Air, Natural Gas",Central Air,unknown,261600.0,2.0,1.0,False,27.333333333333332,medium,-1,-1,84,-0.5800000000000001,p2_more,p1_much,medium_p2_more
11643180,116179935,15237,2022/7/1,300005.1282,21.76923077,"Single Family Residence, Residential",1875,3,4,0.87,Acres,"Forced Air, Natural Gas",Central Air,unknown,261600.0,15237,2022/7/1,342740.0,10.6,"Townhouse, Residential",2010,3,3,2922.0,sqft,"Forced Air, Natural Gas",Central Air,unknown,315000.0,1.0,2.0,False,16.952380952380953,hard,1,0,-135,-2921.13,p1_slight,p2_newer,hard_p1_slight
11374738,11446485,15238,2019/10/1,372015.0,21.25,SingleFamily,1965,3,4,0.01,Acres,"Forced air, Gas",Central,unknown,303000.0,15238,2019/10/1,311669.2,14.9,Townhouse,1987,5,4,3963.0,sqft,"Forced air, Gas",Central,unknown,245000.0,2.0,1.0,False,19.141914191419144,hard,0,-2,-22,-3962.99,equal,p2_newer,hard_equal
11412004,92378975,15238,2019/12/1,709395.0,16.0,SingleFamily,1975,4,4,1.03,Acres,"Forced air, Gas",Central,unknown,500000.0,15238,2019/12/1,700437.3333,18.25,SingleFamily,2007,3,3,8089.0,sqft,Other,Central,unknown,682500.0,1.0,2.0,False,26.73992673992674,medium,1,1,-32,-8087.97,p1_slight,p2_newer,medium_p1_slight
11527881,92378975,15238,2019/12/1,714651.3333,11.0,SingleFamily,1960,3,4,2.42,Acres,"Radiant, Gas",Central,unknown,520000.0,15238,2019/12/1,700437.3333,18.25,SingleFamily,2007,3,3,8089.0,sqft,Other,Central,unknown,682500.0,1.0,2.0,False,23.809523809523807,hard,1,0,-47,-8086.58,p1_slight,p2_newer,hard_p1_slight
11413924,11488670,15238,2020/1/1,178610.7692,59.69230769,SingleFamily,1911,1,2,0.46,Acres,"Forced air, Gas",Central,unknown,175000.0,15238,2020/1/1,248568.5,20.33333333,"Townhouse, Residential",1986,3,2,2247.0,sqft,"Forced Air, Natural Gas",Central Air,unknown,230000.0,1.0,2.0,False,23.91304347826087,hard,0,-2,-75,-2246.54,equal,p2_newer,hard_equal
11413912,11414283,15238,2020/10/1,171507.0909,22.81818182,"Single Family Residence, Residential",1951,1,2,9265.0,sqft,"Forced Air, Natural Gas",Central Air,unknown,230000.0,15238,2020/10/1,182622.5833,19.16666667,"Single Family Residence, Residential",1963,2,3,5875.0,sqft,"Forced Air, Natural Gas",Central Air,unknown,167500.0,2.0,1.0,False,27.173913043478258,medium,-1,-1,-12,3390.0,p2_more,similar,medium_p2_more
11413912,11414442,15238,2020/10/1,171507.0909,22.81818182,"Single Family Residence, Residential",1951,1,2,9265.0,sqft,"Forced Air, Natural Gas",Central Air,unknown,230000.0,15238,2020/10/1,164990.0,21.0,"Single Family Residence, Residential",1953,1,3,9180.0,sqft,Natural Gas,Central Air,unknown,179900.0,2.0,1.0,False,21.782608695652176,hard,-1,0,-2,85.0,p2_more,similar,hard_p2_more
11414193,59837122,15238,2020/4/1,250485.0,25.0,SingleFamily,1958,3,4,8624.0,sqft,"Forced air, Gas",Central,unknown,220000.0,15238,2020/4/1,248218.6667,16.0,Townhouse,2006,3,3,3301.0,sqft,"Other, Forced air, Gas",Central,unknown,268000.0,1.0,2.0,False,17.91044776119403,hard,1,0,-48,5323.0,p1_slight,p2_newer,hard_p1_slight
11444556,11488396,15238,2020/6/1,585496.4444,22.22222222,"Single Family Residence, Residential",1958,5,4,1.15,Acres,"Forced Air, Natural Gas","Central Air, Electric",unknown,482500.0,15238,2020/6/1,689919.1818,12.72727273,"Townhouse, Residential",1994,4,4,1306.0,sqft,"Forced Air, Natural Gas",Central Air,unknown,630000.0,1.0,2.0,False,23.41269841269841,hard,0,1,-36,-1304.85,equal,p2_newer,hard_equal
11411993,11528034,15238,2020/7/1,595235.1818,19.45454545,SingleFamily,1953,3,4,0.88,Acres,Other,Central,unknown,627500.0,15238,2020/7/1,483532.2,26.8,"Single Family Residence, Residential",1954,3,3,1.23,Acres,"Forced Air, Natural Gas",Central Air,unknown,522000.0,2.0,1.0,False,16.812749003984067,hard,1,0,-1,-0.35,p1_slight,similar,hard_p1_slight
11487477,11487647,15238,2020/7/1,392607.5385,15.53846154,SingleFamily,1987,6,4,1.28,Acres,Other,Central,unknown,305110.0,15238,2020/7/1,433763.3333,20.0,SingleFamily,1951,4,4,1.37,Acres,"Other, Gas",Central,unknown,425000.0,1.0,2.0,False,28.209411764705884,medium,0,2,36,-0.09000000000000008,equal,p1_much,medium_equal
11487477,11528034,15238,2020/7/1,392607.5385,15.53846154,SingleFamily,1987,6,4,1.28,Acres,Other,Central,unknown,305110.0,15238,2020/7/1,483532.2,26.8,"Single Family Residence, Residential",1954,3,3,1.23,Acres,"Forced Air, Natural Gas",Central Air,unknown,522000.0,1.0,2.0,False,41.54980842911877,easy,1,3,33,0.050000000000000044,p1_slight,p1_much,easy_p1_slight
11487477,87992919,15238,2020/7/1,392607.5385,15.53846154,SingleFamily,1987,6,4,1.28,Acres,Other,Central,unknown,305110.0,15238,2020/7/1,357531.7,20.1,"Townhouse, Residential",2006,3,2,1158.0,sqft,"Forced Air, Natural Gas",Central Air,unknown,395000.0,1.0,2.0,False,22.756962025316454,hard,2,3,-19,-1156.72,p1_much,similar,hard_p1_much
11487647,11528034,15238,2020/7/1,433763.3333,20.0,SingleFamily,1951,4,4,1.37,Acres,"Other, Gas",Central,unknown,425000.0,15238,2020/7/1,483532.2,26.8,"Single Family Residence, Residential",1954,3,3,1.23,Acres,"Forced Air, Natural Gas",Central Air,unknown,522000.0,1.0,2.0,False,18.582375478927204,hard,1,1,-3,0.14000000000000012,p1_slight,similar,hard_p1_slight
11487720,59837772,15238,2020/7/1,571692.0,22.0,SingleFamily,1965,5,5,0.03,Acres,"Forced air, Gas",Central,unknown,515000.0,15238,2020/7/1,494854.4444,15.55555556,Townhouse,2001,3,2,0.26,Acres,Other,Central,unknown,425000.0,,1.0,False,17.475728155339805,hard,3,2,-36,-0.23,p1_much,p2_newer,hard_p1_much
11412050,11446406,15238,2020/8/1,552371.4545,29.09090909,"Single Family Residence, Residential",1959,3,4,1.0,Acres,"Forced Air, Natural Gas","Central Air, Electric",unknown,654500.0,15238,2020/8/1,532644.0,17.22222222,SingleFamily,1954,4,4,1.59,Acres,Other,Central,unknown,509000.0,2.0,1.0,False,22.230710466004584,hard,0,-1,5,-0.5900000000000001,equal,p1_slight,hard_equal
11412174,11487741,15238,2020/8/1,1007903.0,12.0,"Single Family Residence, Residential",1929,6,5,1.09,Acres,"Forced Air, Natural Gas",Central Air,unknown,1365000.0,15238,2020/8/1,977025.4545,13.63636364,"Single Family Residence, Residential",1960,5,4,2.9,Acres,"Forced Air, Natural Gas",Central Air,unknown,975000.0,2.0,1.0,False,28.57142857142857,medium,1,1,-31,-1.8099999999999998,p1_slight,p2_newer,medium_p1_slight
11446406,11562731,15238,2020/8/1,532644.0,17.22222222,SingleFamily,1954,4,4,1.59,Acres,Other,Central,unknown,509000.0,15238,2020/8/1,557717.2,17.8,"Single Family Residence, Residential",1960,3,5,0.1,Acres,"Forced Air, Natural Gas",Central Air,unknown,650000.0,1.0,2.0,False,21.69230769230769,hard,-1,1,-6,1.49,p2_more,similar,hard_p2_more
11446406,87987769,15238,2020/8/1,532644.0,17.22222222,SingleFamily,1954,4,4,1.59,Acres,Other,Central,unknown,509000.0,15238,2020/8/1,606850.3333,20.0,SingleFamily,2007,3,4,5388.0,sqft,"Forced air, Electric",Central,unknown,659000.0,1.0,2.0,False,22.76176024279211,hard,0,1,-53,-5386.41,equal,p2_newer,hard_equal
11562731,164643366,15238,2020/8/1,557717.2,17.8,"Single Family Residence, Residential",1960,3,5,0.1,Acres,"Forced Air, Natural Gas",Central Air,unknown,650000.0,15238,2020/8/1,601409.0,13.33333333,"Townhouse, Residential",2000,3,3,0.38,Acres,"Forced Air, Natural Gas",Central Air,unknown,537500.0,,1.0,False,17.307692307692307,hard,2,0,-40,-0.28,p1_much,p2_newer,hard_p1_much
121886810,164643366,15238,2020/8/1,668363.8889,13.55555556,Townhouse,2015,4,4,4364.0,sqft,Other,Central,unknown,676000.0,15238,2020/8/1,601409.0,13.33333333,"Townhouse, Residential",2000,3,3,0.38,Acres,"Forced Air, Natural Gas",Central Air,unknown,537500.0,,1.0,False,20.488165680473372,hard,1,1,15,4363.62,p1_slight,p1_slight,hard_p1_slight
11527853,11561753,15238,2021/10/1,728500.0,18.25,"Single Family Residence, Residential",1978,4,4,1.1,Acres,"Forced Air, Natural Gas","Central Air, Electric",unknown,575000.0,15238,2021/10/1,759540.5455,12.04545455,"Single Family Residence, Residential",1993,4,4,0.92,Acres,"Forced Air, Natural Gas",Central Air,unknown,715000.0,1.0,2.0,False,19.58041958041958,hard,0,0,-15,0.18000000000000005,equal,similar,hard_equal
59837109,59837274,15238,2021/2/1,476610.8333,15.83333333,"Single Family Residence, Residential",1800,2,4,0.75,Acres,"Forced Air, Natural Gas",Central Air,unknown,478575.0,15238,2021/2/1,409659.5455,20.36363636,"Townhouse, Residential",1998,4,3,1820.0,sqft,"Forced Air, Natural Gas",Central Air,unknown,280000.0,2.0,1.0,False,41.492973933030356,easy,1,-2,-198,-1819.25,p1_slight,p2_newer,easy_p1_slight
11412141,11487703,15238,2021/6/1,1598101.0,18.8,"Single Family Residence, Residential",1929,6,5,1.35,Acres,"Radiant, Natural Gas",Central Air,unknown,2450000.0,15238,2021/6/1,1394122.933,14.8,"Single Family Residence, Residential",1963,6,4,6.33,Acres,"Forced Air, Natural Gas",Central Air,unknown,1560000.0,2.0,1.0,False,36.3265306122449,medium,1,0,-34,-4.98,p1_slight,p2_newer,medium_p1_slight
11413779,11487512,15238,2021/8/1,857900.0,15.0,"Single Family Residence, Residential",1982,5,4,1.8,Acres,"Forced Air, Natural Gas",Central Air,unknown,1190000.0,15238,2021/8/1,923847.2174,10.7826087,"Single Family Residence, Residential",1978,5,6,1.01,Acres,"Forced Air, Natural Gas",Central Air,unknown,910000.0,2.0,1.0,False,23.52941176470588,hard,-2,0,4,0.79,p2_more,p1_slight,hard_p2_more
11446397,11487774,15238,2021/9/1,1234207.143,21.71428571,"Single Family Residence, Residential",1993,7,5,2.41,Acres,"Forced Air, Natural Gas",Central Air,unknown,925000.0,15238,2021/9/1,1464720.0,25.0,"Single Family Residence, Residential",1964,6,4,3.27,Acres,"Forced Air, Natural Gas",Central Air,unknown,1197000.0,1.0,2.0,False,22.7234753550543,hard,1,1,29,-0.8599999999999999,p1_slight,p1_much,hard_p1_slight
11446500,11446703,15238,2022/5/1,456450.0,17.2,"Townhouse, Residential",1990,4,4,1584.0,sqft,"Forced Air, Natural Gas",Central Air,unknown,520000.0,15238,2022/5/1,410612.8205,19.33333333,"Single Family Residence, Residential",1975,3,3,1.0,Acres,"Forced Air, Natural Gas",Central Air,unknown,428750.0,2.0,1.0,False,17.548076923076923,hard,1,1,15,1583.0,p1_slight,p1_slight,hard_p1_slight
11446500,11488394,15238,2022/5/1,456450.0,17.2,"Townhouse, Residential",1990,4,4,1584.0,sqft,"Forced Air, Natural Gas",Central Air,unknown,520000.0,15238,2022/5/1,400923.6667,16.0,"Townhouse, Residential",1990,4,3,7370.0,sqft,"Forced Air, Natural Gas",Central Air,unknown,420000.0,2.0,1.0,False,19.230769230769234,hard,1,0,0,-5786.0,p1_slight,similar,hard_p1_slight
11527878,11562939,15238,2022/6/1,722482.6087,25.84782609,"Single Family Residence, Residential",1950,4,4,1.4,Acres,"Forced Air, Natural Gas",Central Air,unknown,875000.0,15238,2022/6/1,905192.3077,19.76923077,"Single Family Residence, Residential",1973,5,5,0.97,Acres,"Forced Air, Natural Gas","Central Air, Electric",unknown,1080000.0,,2.0,False,18.98148148148148,hard,-1,-1,-23,0.42999999999999994,p2_more,p2_newer,hard_p2_more
11596866,11597334,15239,2020/10/1,164961.0,28.0,"Single Family Residence, Residential",1950,2,2,1.14,Acres,"Forced Air, Natural Gas",Central Air,unknown,130000.0,15239,2020/10/1,200108.1724,17.0,"Single Family Residence, Residential",1962,2,3,10320.0,sqft,"Forced Air, Natural Gas",Electric,unknown,208000.0,1.0,2.0,False,37.5,medium,-1,0,-12,-10318.86,p2_more,similar,medium_p2_more
11596866,11597818,15239,2020/10/1,164961.0,28.0,"Single Family Residence, Residential",1950,2,2,1.14,Acres,"Forced Air, Natural Gas",Central Air,unknown,130000.0,15239,2020/10/1,176187.9091,14.09090909,"Single Family Residence, Residential",1960,3,3,10201.0,sqft,"Forced Air, Natural Gas",Central Air,unknown,173000.0,1.0,2.0,False,24.85549132947977,hard,-1,-1,-10,-10199.86,p2_more,similar,hard_p2_more
11282383,11597168,15239,2020/12/1,157989.1429,20.28571429,"Single Family Residence, Residential",1960,2,3,10763.0,sqft,"Forced Air, Natural Gas",Central Air,unknown,169000.0,15239,2020/12/1,151929.0,22.0,"Single Family Residence, Residential",1962,2,2,0.45,Acres,"Forced Air, Natural Gas",Central Air,unknown,127000.0,2.0,1.0,False,24.85207100591716,hard,1,0,-2,10762.55,p1_slight,similar,hard_p1_slight
11597157,11597168,15239,2020/12/1,153434.0,18.4,"Single Family Residence, Residential",1958,2,3,8450.0,sqft,"Forced Air, Natural Gas","Central Air, Electric",unknown,154000.0,15239,2020/12/1,151929.0,22.0,"Single Family Residence, Residential",1962,2,2,0.45,Acres,"Forced Air, Natural Gas",Central Air,unknown,127000.0,2.0,1.0,False,17.532467532467532,hard,1,0,-4,8449.55,p1_slight,similar,hard_p1_slight
11597824,11626177,15239,2020/5/1,153800.5385,16.0,SingleFamily,1958,2,4,9000.0,sqft,Other,Central,unknown,154900.0,15239,2020/5/1,133658.0,23.0,SingleFamily,1963,3,3,0.28,Acres,Other,Central,unknown,119900.0,2.0,1.0,False,22.59522272433828,hard,1,-1,-5,8999.72,p1_slight,similar,hard_p1_slight
11596909,11597976,15239,2020/7/1,167448.95,13.6,SingleFamily,1954,3,4,6315.0,sqft,"Forced air, Gas",Central,unknown,162500.0,15239,2020/7/1,148110.7778,29.88888889,SingleFamily,1963,3,3,7400.0,sqft,"Forced air, Gas",Central,unknown,205000.0,1.0,2.0,False,20.73170731707317,hard,1,0,-9,-1085.0,p1_slight,similar,hard_p1_slight
11597757,11597976,15239,2020/7/1,153681.2,10.0,SingleFamily,1968,2,3,0.64,Acres,"Forced air, Gas",Central,unknown,150000.0,15239,2020/7/1,148110.7778,29.88888889,SingleFamily,1963,3,3,7400.0,sqft,"Forced air, Gas",Central,unknown,205000.0,1.0,2.0,False,26.82926829268293,medium,0,-1,5,-7399.36,equal,p1_slight,medium_equal
11598057,11626666,15239,2021/5/1,184171.0,18.0,"Single Family Residence, Residential",1958,3,3,0.29,Acres,"Forced Air, Natural Gas",Central Air,unknown,250000.0,15239,2021/5/1,155681.9091,15.45454545,"Single Family Residence, Residential",1958,2,3,0.82,Acres,"Forced Air, Natural Gas",Central Air,unknown,178137.0,2.0,1.0,False,28.745199999999997,medium,0,1,0,-0.53,equal,similar,medium_equal
11597443,11599580,15239,2022/3/1,187694.7761,12.48507463,"Single Family Residence, Residential",1963,2,3,9191.0,sqft,Natural Gas,Central Air,unknown,185900.0,15239,2022/3/1,219232.4324,23.81081081,SingleFamily,1993,3,3,2089.0,sqft,"Other, Forced air",Central,unknown,320000.0,1.0,2.0,False,41.90625,easy,0,-1,-30,7102.0,equal,p2_newer,easy_equal
11261816,11626488,15239,2022/6/1,242419.5122,13.85365854,"Single Family Residence, Residential",1977,2,3,0.26,Acres,"Forced Air, Natural Gas",Central Air,unknown,295000.0,15239,2022/6/1,208592.3077,23.0,"Single Family Residence, Residential",1960,2,4,9060.0,sqft,"Forced Air, Natural Gas",Central Air,unknown,215000.0,2.0,1.0,False,27.11864406779661,medium,-1,0,17,-9059.74,p2_more,p1_slight,medium_p2_more
11261816,11626611,15239,2022/6/1,242419.5122,13.85365854,"Single Family Residence, Residential",1977,2,3,0.26,Acres,"Forced Air, Natural Gas",Central Air,unknown,295000.0,15239,2022/6/1,224062.963,15.11111111,"Single Family Residence, Residential",1957,2,3,0.35,Acres,"Forced Air, Natural Gas",Central Air,unknown,195000.0,2.0,1.0,False,33.89830508474576,medium,0,0,20,-0.08999999999999997,equal,p1_slight,medium_equal
11597032,11597769,15239,2022/6/1,163066.6667,20.37037037,"Single Family Residence, Residential",1960,2,4,8908.0,sqft,"Forced Air, Natural Gas","Central Air, Electric",unknown,129900.0,15239,2022/6/1,172509.7561,21.6097561,"Single Family Residence, Residential",1975,2,3,0.32,Acres,"Forced Air, Natural Gas","Central Air, Electric",unknown,200000.0,,2.0,False,35.05,medium,1,0,-15,8907.68,p1_slight,similar,medium_p1_slight
11626611,11651096,15239,2022/6/1,224062.963,15.11111111,"Single Family Residence, Residential",1957,2,3,0.35,Acres,"Forced Air, Natural Gas",Central Air,unknown,195000.0,15239,2022/6/1,253938.4615,12.0,"Single Family Residence, Residential",1974,2,3,8999.0,sqft,"Forced Air, Natural Gas","Central Air, Electric",unknown,259900.0,1.0,2.0,False,24.971142747210465,hard,0,0,-17,-8998.65,equal,similar,hard_equal
11597440,11626283,15239,2022/7/1,237606.0241,18.09638554,"Single Family Residence, Residential",1960,3,3,7405.0,sqft,"Forced Air, Natural Gas",Central Air,unknown,260000.0,15239,2022/7/1,198700.0,18.0,"Single Family Residence, Residential",1952,1,3,0.48,Acres,"Forced Air, Natural Gas",Central Air,unknown,198500.0,2.0,1.0,False,23.653846153846153,hard,0,2,8,7404.52,equal,p1_slight,hard_equal
11432843,11609007,15241,2019/10/1,221070.2222,19.33333333,SingleFamily,1960,4,4,0.26,Acres,"Other, Electric",unknown,unknown,135000.0,15241,2019/10/1,224764.0,10.0,SingleFamily,1969,2,3,0.32,Acres,"Forced air, Gas",unknown,unknown,200000.0,1.0,2.0,False,32.5,medium,1,2,-9,-0.06,p1_slight,similar,medium_p1_slight
11472416,54623801,15241,2019/10/1,674248.75,17.5,SingleFamily,1983,6,4,0.01,Acres,"Forced air, Gas",Central,unknown,750000.0,15241,2019/10/1,653861.0,15.0,"Single Family Residence, Residential",2001,5,4,0.4,Acres,"Forced Air, Natural Gas",Central Air,unknown,558000.0,2.0,1.0,False,25.6,medium,0,1,-18,-0.39,equal,similar,medium_equal
11549328,11549657,15241,2019/10/1,296155.0,15.4,SingleFamily,1962,3,3,0.58,Acres,Other,Central,unknown,309900.0,15241,2019/10/1,297334.1667,10.0,SingleFamily,1953,3,4,0.68,Acres,"Other, Baseboard, Gas",Wall,unknown,255000.0,2.0,1.0,False,17.71539206195547,hard,-1,0,9,-0.10000000000000009,p2_more,p1_slight,hard_p2_more
11433393,11609187,15241,2019/11/1,294185.6154,14.61538462,SingleFamily,1951,3,3,0.79,Acres,Other,Central,unknown,355000.0,15241,2019/11/1,287610.8571,10.0,SingleFamily,1973,3,4,0.41,Acres,"Other, Forced air, Gas",Central,unknown,295000.0,2.0,1.0,False,16.901408450704224,hard,-1,0,-22,0.38000000000000006,p2_more,p2_newer,hard_p2_more
11434087,11549289,15241,2019/12/1,247631.4,19.9,SingleFamily,1968,3,3,2726.0,sqft,"Other, Gas",Central,Garage - Attached,289000.0,15241,2019/12/1,261285.0,17.0,SingleFamily,1958,4,3,10876.0,sqft,Other,Central,Garage - Attached,230000.0,2.0,1.0,False,20.415224913494807,hard,0,-1,10,-8150.0,equal,p1_slight,hard_equal
11434087,59837841,15241,2019/12/1,247631.4,19.9,SingleFamily,1968,3,3,2726.0,sqft,"Other, Gas",Central,Garage - Attached,289000.0,15241,2019/12/1,224212.5294,15.29411765,SingleFamily,1957,3,3,0.5,Acres,"Other, Forced air, Gas",Central,Garage - Attached,205000.0,2.0,1.0,False,29.06574394463668,medium,0,0,11,2725.5,equal,p1_slight,medium_equal
11432555,11432641,15241,2020/10/1,193270.0,22.0,"Single Family Residence, Residential",1950,3,4,7474.0,sqft,"Forced Air, Natural Gas","Central Air, Electric",unknown,244500.0,15241,2020/10/1,218049.8889,16.88888889,"Single Family Residence, Residential",1957,2,3,10254.0,sqft,"Forced Air, Natural Gas","Central Air, Electric",unknown,183700.0,2.0,1.0,False,24.867075664621677,hard,1,1,-7,-2780.0,p1_slight,similar,hard_p1_slight
11472147,11510775,15241,2020/12/1,342753.5455,21.18181818,"Single Family Residence, Residential",1925,2,3,0.42,Acres,"Radiant, Other",Electric,unknown,520000.0,15241,2020/12/1,325804.0,11.71428571,"Single Family Residence, Residential",1979,4,5,9840.0,sqft,"Heat Pump, Electric",Central Air,unknown,330000.0,2.0,1.0,False,36.53846153846153,medium,-2,-2,-54,-9839.58,p2_more,p2_newer,medium_p2_more
11472147,11549442,15241,2020/12/1,342753.5455,21.18181818,"Single Family Residence, Residential",1925,2,3,0.42,Acres,"Radiant, Other",Electric,unknown,520000.0,15241,2020/12/1,342563.5,15.0,"Single Family Residence, Residential",1958,3,4,0.37,Acres,"Forced Air, Natural Gas",Central Air,unknown,355000.0,2.0,1.0,False,31.73076923076923,medium,-1,-1,-33,0.04999999999999999,p2_more,p2_newer,medium_p2_more
11472147,11580755,15241,2020/12/1,342753.5455,21.18181818,"Single Family Residence, Residential",1925,2,3,0.42,Acres,"Radiant, Other",Electric,unknown,520000.0,15241,2020/12/1,317931.75,15.08333333,"Single Family Residence, Residential",1976,4,4,0.3,Acres,Natural Gas,"Central Air, Electric",unknown,295000.0,2.0,1.0,False,43.269230769230774,easy,-1,-2,-51,0.12,p2_more,p2_newer,easy_p2_more
11549442,11580755,15241,2020/12/1,342563.5,15.0,"Single Family Residence, Residential",1958,3,4,0.37,Acres,"Forced Air, Natural Gas",Central Air,unknown,355000.0,15241,2020/12/1,317931.75,15.08333333,"Single Family Residence, Residential",1976,4,4,0.3,Acres,Natural Gas,"Central Air, Electric",unknown,295000.0,2.0,1.0,False,16.901408450704224,hard,0,-1,-18,0.07,equal,similar,hard_equal
11433987,11472688,15241,2020/2/1,322148.0,15.0,SingleFamily,1987,4,3,0.33,Acres,"Forced air, Gas",Central,unknown,235000.0,15241,2020/2/1,366400.5455,14.09090909,SingleFamily,1968,3,4,0.3,Acres,"Other, Gas",Central,unknown,412000.0,1.0,2.0,False,42.961165048543684,easy,-1,1,19,0.030000000000000027,p2_more,p1_slight,easy_p2_more
11434088,11473115,15241,2020/3/1,301342.0,11.66666667,SingleFamily,1966,3,4,10088.0,sqft,"Forced air, Gas",Central,unknown,375000.0,15241,2020/3/1,316026.1818,18.18181818,SingleFamily,1977,4,4,0.31,Acres,Other,Central,unknown,312000.0,2.0,1.0,False,16.8,hard,0,-1,-11,10087.69,equal,similar,hard_equal
11432623,11510328,15241,2020/4/1,388967.0,20.38461538,SingleFamily,1975,4,4,0.59,Acres,"Gas, Forced air, Electric",Central,unknown,368000.0,15241,2020/4/1,431280.0,26.0,SingleFamily,1989,4,4,0.42,Acres,"Other, Forced air, Gas",Central,unknown,450000.0,1.0,2.0,False,18.22222222222222,hard,0,0,-14,0.16999999999999998,equal,similar,hard_equal
11432801,11582649,15241,2020/4/1,287797.9452,10.9109589,"Single Family Residence, Residential",1940,2,4,0.26,Acres,"Forced Air, Natural Gas",Central Air,unknown,249500.0,15241,2020/4/1,285159.4545,14.36363636,Townhouse,1977,2,3,4425.0,sqft,"Forced air, Gas",Central,unknown,305000.0,1.0,2.0,False,18.19672131147541,hard,1,0,-37,-4424.74,p1_slight,p2_newer,hard_p1_slight
11510328,11551332,15241,2020/4/1,431280.0,26.0,SingleFamily,1989,4,4,0.42,Acres,"Other, Forced air, Gas",Central,unknown,450000.0,15241,2020/4/1,364255.5,16.5,SingleFamily,1960,3,4,0.59,Acres,"Forced air, Gas",Central,unknown,323000.0,,1.0,False,28.22222222222222,medium,0,1,29,-0.16999999999999998,equal,p1_much,medium_equal
11398319,11432867,15241,2020/6/1,254585.0,19.44444444,SingleFamily,1961,2,3,0.31,Acres,Other,Central,unknown,271500.0,15241,2020/6/1,222786.6,13.6,SingleFamily,1953,3,3,0.29,Acres,Forced air,Other,unknown,222500.0,2.0,1.0,False,18.047882136279927,hard,0,-1,8,0.020000000000000018,equal,p1_slight,hard_equal
11398319,11581296,15241,2020/6/1,254585.0,19.44444444,SingleFamily,1961,2,3,0.31,Acres,Other,Central,unknown,271500.0,15241,2020/6/1,181026.5556,58.33333333,SingleFamily,1949,3,4,1.1,Acres,Other,Central,unknown,224250.0,2.0,1.0,False,17.403314917127073,hard,-1,-1,12,-0.79,p2_more,p1_slight,hard_p2_more
11472406,11582541,15241,2020/6/1,576845.0,16.4,SingleFamily,1966,6,4,0.45,Acres,Forced air,Central,unknown,489900.0,15241,2020/6/1,578973.8182,15.09090909,SingleFamily,1978,5,4,0.44,Acres,Other,Central,unknown,689900.0,1.0,2.0,False,28.989708653428032,medium,0,1,-12,0.010000000000000009,equal,similar,medium_equal
11473125,11549560,15241,2020/6/1,417178.9091,10.0,SingleFamily,1996,4,4,1.03,Acres,"Forced air, Gas",Central,unknown,415000.0,15241,2020/6/1,501486.4615,56.15384615,SingleFamily,1952,5,6,0.37,Acres,Forced air,Central,unknown,570000.0,1.0,2.0,False,27.192982456140353,medium,-2,-1,44,0.66,p2_more,p1_much,medium_p2_more
11473125,11581483,15241,2020/6/1,417178.9091,10.0,SingleFamily,1996,4,4,1.03,Acres,"Forced air, Gas",Central,unknown,415000.0,15241,2020/6/1,444317.7692,22.84615385,SingleFamily,1977,3,5,0.38,Acres,"Other, Forced air, Gas",Central,unknown,515000.0,1.0,2.0,False,19.41747572815534,hard,-1,1,19,0.65,p2_more,p1_slight,hard_p2_more
11549560,11582541,15241,2020/6/1,501486.4615,56.15384615,SingleFamily,1952,5,6,0.37,Acres,Forced air,Central,unknown,570000.0,15241,2020/6/1,578973.8182,15.09090909,SingleFamily,1978,5,4,0.44,Acres,Other,Central,unknown,689900.0,1.0,2.0,False,17.379330337730106,hard,2,0,-26,-0.07,p1_much,p2_newer,hard_p1_much
11580888,11581483,15241,2020/6/1,399437.5,12.5,SingleFamily,1975,4,4,0.6,Acres,"Forced air, Gas",Central,unknown,385000.0,15241,2020/6/1,444317.7692,22.84615385,SingleFamily,1977,3,5,0.38,Acres,"Other, Forced air, Gas",Central,unknown,515000.0,1.0,2.0,False,25.24271844660194,medium,-1,1,-2,0.21999999999999997,p2_more,similar,medium_p2_more
11432724,11549396,15241,2020/7/1,196457.0,12.22222222,"Single Family Residence, Residential",1946,1,4,8581.0,sqft,"Forced Air, Natural Gas",Central Air,unknown,188500.0,15241,2020/7/1,206283.4444,19.33333333,SingleFamily,1955,3,2,0.34,Acres,Other,Central,unknown,250000.0,,2.0,False,24.6,hard,2,-2,-9,8580.66,p1_much,similar,hard_p1_much
11432787,11473323,15241,2020/7/1,225845.9,14.9,SingleFamily,1952,3,4,8489.0,sqft,Other,Central,unknown,238500.0,15241,2020/7/1,234393.6667,18.33333333,SingleFamily,1964,3,3,0.27,Acres,Other,Central,unknown,296000.0,1.0,2.0,False,19.425675675675674,hard,1,0,-12,8488.73,p1_slight,similar,hard_p1_slight
11472832,11609198,15241,2020/7/1,310442.6,12.4,SingleFamily,1967,3,4,0.3,Acres,Other,Central,unknown,350000.0,15241,2020/7/1,280046.6,11.2,SingleFamily,1970,3,4,0.3,Acres,Other,Central,unknown,279900.0,2.0,1.0,False,20.02857142857143,hard,0,0,-3,0.0,equal,similar,hard_equal
11473323,11551225,15241,2020/7/1,234393.6667,18.33333333,SingleFamily,1964,3,3,0.27,Acres,Other,Central,unknown,296000.0,15241,2020/7/1,269703.5,13.5,SingleFamily,1955,2,3,0.49,Acres,"Other, Forced air, Gas",Central,unknown,245000.0,2.0,1.0,False,17.22972972972973,hard,0,1,9,-0.21999999999999997,equal,p1_slight,hard_equal
11398816,11432412,15241,2020/8/1,245032.375,19.375,SingleFamily,1979,3,4,0.26,Acres,Other,Central,unknown,238400.0,15241,2020/8/1,289939.6364,20.09090909,SingleFamily,1955,3,3,0.25,Acres,Forced air,Central,unknown,300000.0,1.0,2.0,False,20.533333333333335,hard,1,0,24,0.010000000000000009,p1_slight,p1_much,hard_p1_slight
11398816,11432769,15241,2020/8/1,245032.375,19.375,SingleFamily,1979,3,4,0.26,Acres,Other,Central,unknown,238400.0,15241,2020/8/1,282012.8,16.8,"Single Family Residence, Residential",1940,3,3,9840.0,sqft,"Forced Air, Natural Gas","Central Air, Electric",unknown,300000.0,1.0,2.0,False,20.533333333333335,hard,1,0,39,-9839.74,p1_slight,p1_much,hard_p1_slight
11432412,11580921,15241,2020/8/1,289939.6364,20.09090909,SingleFamily,1955,3,3,0.25,Acres,Forced air,Central,unknown,300000.0,15241,2020/8/1,320886.2222,15.33333333,SingleFamily,1976,3,4,1306.0,sqft,"Forced air, Gas",Central,unknown,425000.0,1.0,2.0,False,29.411764705882355,medium,-1,0,-21,-1305.75,p2_more,p2_newer,medium_p2_more
11432474,11510338,15241,2020/8/1,406263.6667,16.77777778,SingleFamily,1988,4,4,9099.0,sqft,Other,Central,unknown,462500.0,15241,2020/8/1,371109.0,17.0,"Single Family Residence, Residential",1962,3,4,0.46,Acres,Natural Gas,Central Air,unknown,315000.0,2.0,1.0,False,31.891891891891895,medium,0,1,26,9098.54,equal,p1_much,medium_equal
11432769,11580921,15241,2020/8/1,282012.8,16.8,"Single Family Residence, Residential",1940,3,3,9840.0,sqft,"Forced Air, Natural Gas","Central Air, Electric",unknown,300000.0,15241,2020/8/1,320886.2222,15.33333333,SingleFamily,1976,3,4,1306.0,sqft,"Forced air, Gas",Central,unknown,425000.0,1.0,2.0,False,29.411764705882355,medium,-1,0,-36,8534.0,p2_more,p2_newer,medium_p2_more
11432826,11510338,15241,2020/8/1,371239.8,14.0,"Single Family Residence, Residential",1965,4,4,0.27,Acres,Natural Gas,"Central Air, Electric",unknown,410000.0,15241,2020/8/1,371109.0,17.0,"Single Family Residence, Residential",1962,3,4,0.46,Acres,Natural Gas,Central Air,unknown,315000.0,2.0,1.0,False,23.170731707317074,hard,0,1,3,-0.19,equal,p1_slight,hard_equal
11432826,11551249,15241,2020/8/1,371239.8,14.0,"Single Family Residence, Residential",1965,4,4,0.27,Acres,Natural Gas,"Central Air, Electric",unknown,410000.0,15241,2020/8/1,335401.2,13.2,SingleFamily,1971,3,4,0.45,Acres,"Forced air, Gas",Central,unknown,335000.0,,1.0,False,18.29268292682927,hard,0,1,-6,-0.18,equal,similar,hard_equal
11434858,11510716,15241,2020/8/1,276601.2,16.2,"Single Family Residence, Residential",1966,3,4,0.4,Acres,"Forced Air, Natural Gas",Central Air,unknown,253000.0,15241,2020/8/1,311579.0,12.4,"Single Family Residence, Residential",1984,3,4,8276.0,sqft,"Heat Pump, Electric",Central Air,unknown,330000.0,1.0,2.0,False,23.333333333333332,hard,0,0,-18,-8275.6,equal,similar,hard_equal
11434858,11580921,15241,2020/8/1,276601.2,16.2,"Single Family Residence, Residential",1966,3,4,0.4,Acres,"Forced Air, Natural Gas",Central Air,unknown,253000.0,15241,2020/8/1,320886.2222,15.33333333,SingleFamily,1976,3,4,1306.0,sqft,"Forced air, Gas",Central,unknown,425000.0,1.0,2.0,False,40.470588235294116,easy,0,0,-10,-1305.6,equal,similar,easy_equal
11434858,11608998,15241,2020/8/1,276601.2,16.2,"Single Family Residence, Residential",1966,3,4,0.4,Acres,"Forced Air, Natural Gas",Central Air,unknown,253000.0,15241,2020/8/1,275042.5,16.3,"Single Family Residence, Residential",1969,3,4,0.34,Acres,"Forced Air, Natural Gas",Central Air,unknown,336000.0,1.0,2.0,False,24.702380952380953,hard,0,0,-3,0.06,equal,similar,hard_equal
11473358,11580921,15241,2020/8/1,282090.0,20.63636364,SingleFamily,1960,3,4,0.3,Acres,Other,Central,unknown,347000.0,15241,2020/8/1,320886.2222,15.33333333,SingleFamily,1976,3,4,1306.0,sqft,"Forced air, Gas",Central,unknown,425000.0,1.0,2.0,False,18.352941176470587,hard,0,0,-16,-1305.7,equal,similar,hard_equal
11510338,11580921,15241,2020/8/1,371109.0,17.0,"Single Family Residence, Residential",1962,3,4,0.46,Acres,Natural Gas,Central Air,unknown,315000.0,15241,2020/8/1,320886.2222,15.33333333,SingleFamily,1976,3,4,1306.0,sqft,"Forced air, Gas",Central,unknown,425000.0,1.0,2.0,False,25.882352941176475,medium,0,0,-14,-1305.54,equal,similar,medium_equal
11510497,11580921,15241,2020/8/1,329300.0,16.0,SingleFamily,1970,3,4,0.29,Acres,Other,Central,unknown,335000.0,15241,2020/8/1,320886.2222,15.33333333,SingleFamily,1976,3,4,1306.0,sqft,"Forced air, Gas",Central,unknown,425000.0,1.0,2.0,False,21.176470588235293,hard,0,0,-6,-1305.71,equal,similar,hard_equal
11580921,11608998,15241,2020/8/1,320886.2222,15.33333333,SingleFamily,1976,3,4,1306.0,sqft,"Forced air, Gas",Central,unknown,425000.0,15241,2020/8/1,275042.5,16.3,"Single Family Residence, Residential",1969,3,4,0.34,Acres,"Forced Air, Natural Gas",Central Air,unknown,336000.0,2.0,1.0,False,20.941176470588236,hard,0,0,7,1305.66,equal,p1_slight,hard_equal
11433351,11434863,15241,2020/9/1,331495.8,20.0,"Single Family Residence, Residential",1962,4,4,0.37,Acres,Natural Gas,Central Air,unknown,315000.0,15241,2020/9/1,369830.0,26.33333333,"Single Family Residence, Residential",1969,4,4,0.25,Acres,"Forced Air, Natural Gas",Central Air,unknown,425000.0,1.0,2.0,False,25.882352941176475,medium,0,0,-7,0.12,equal,similar,medium_equal
11434863,11473045,15241,2020/9/1,369830.0,26.33333333,"Single Family Residence, Residential",1969,4,4,0.25,Acres,"Forced Air, Natural Gas",Central Air,unknown,425000.0,15241,2020/9/1,352609.0,14.2,"Single Family Residence, Residential",1963,3,5,0.37,Acres,"Forced Air, Natural Gas",Central Air,unknown,350000.0,2.0,1.0,False,17.647058823529413,hard,-1,1,6,-0.12,p2_more,p1_slight,hard_p2_more
11434863,11581649,15241,2020/9/1,369830.0,26.33333333,"Single Family Residence, Residential",1969,4,4,0.25,Acres,"Forced Air, Natural Gas",Central Air,unknown,425000.0,15241,2020/9/1,325465.2,24.4,"Single Family Residence, Residential",1952,2,3,0.65,Acres,"Forced Air, Natural Gas",Other,unknown,235000.0,2.0,1.0,False,44.70588235294118,easy,1,2,17,-0.4,p1_slight,p1_slight,easy_p1_slight
11473356,11581649,15241,2020/9/1,268732.5,18.1,"Single Family Residence, Residential",1960,3,4,0.3,Acres,"Forced Air, Natural Gas",Central Air,unknown,290000.0,15241,2020/9/1,325465.2,24.4,"Single Family Residence, Residential",1952,2,3,0.65,Acres,"Forced Air, Natural Gas",Other,unknown,235000.0,2.0,1.0,False,18.96551724137931,hard,1,1,8,-0.35000000000000003,p1_slight,p1_slight,hard_p1_slight
11433238,11609251,15241,2021/10/1,438084.0678,12.13559322,"Single Family Residence, Residential",1963,4,4,0.31,Acres,"Forced Air, Natural Gas",Central Air,unknown,380000.0,15241,2021/10/1,507298.3051,19.83050847,"Single Family Residence, Residential",1986,4,3,0.32,Acres,Natural Gas,"Attic Fan, Central Air",unknown,535000.0,1.0,2.0,False,28.971962616822427,medium,1,0,-23,-0.010000000000000009,p1_slight,p2_newer,medium_p1_slight
11433993,11472597,15241,2021/10/1,331400.0,15.11111111,"Single Family Residence, Residential",1970,3,3,0.35,Acres,"Forced Air, Natural Gas",Central Air,unknown,255000.0,15241,2021/10/1,351732.8667,11.0,"Single Family Residence, Residential",1967,3,4,0.3,Acres,Electric,Central Air,unknown,360000.0,1.0,2.0,False,29.166666666666668,medium,-1,0,3,0.04999999999999999,p2_more,p1_slight,medium_p2_more
11580830,11581432,15241,2021/10/1,267694.4,19.0,"Single Family Residence, Residential",1965,3,4,10436.0,sqft,"Forced Air, Natural Gas","Central Air, Electric",unknown,390000.0,15241,2021/10/1,302772.8814,12.03389831,"Single Family Residence, Residential",1976,3,3,0.34,Acres,"Forced Air, Natural Gas",Central Air,unknown,217500.0,2.0,1.0,False,44.230769230769226,easy,1,0,-11,10435.66,p1_slight,similar,easy_p1_slight
11398360,49788822,15241,2021/11/1,286924.8276,24.89655172,"Single Family Residence, Residential",1965,3,4,0.28,Acres,"Forced Air, Natural Gas","Central Air, Electric",unknown,196000.0,15241,2021/11/1,269328.8136,10.47457627,"Single Family Residence, Residential",1950,2,3,0.49,Acres,Natural Gas,Central Air,unknown,272000.0,1.0,2.0,False,27.941176470588236,medium,1,1,15,-0.20999999999999996,p1_slight,p1_slight,medium_p1_slight
11509800,11510341,15241,2021/11/1,381984.4828,17.01724138,"Single Family Residence, Residential",1947,3,4,0.39,Acres,Natural Gas,Electric,unknown,378000.0,15241,2021/11/1,368186.4865,15.67567568,"Single Family Residence, Residential",1957,3,3,0.45,Acres,"Forced Air, Natural Gas",Central Air,unknown,460000.0,1.0,2.0,False,17.82608695652174,hard,1,0,-10,-0.06,p1_slight,similar,hard_p1_slight
11510341,11580732,15241,2021/11/1,368186.4865,15.67567568,"Single Family Residence, Residential",1957,3,3,0.45,Acres,"Forced Air, Natural Gas",Central Air,unknown,460000.0,15241,2021/11/1,355139.0977,17.69172932,"Single Family Residence, Residential",1968,3,4,0.3,Acres,"Forced Air, Natural Gas",Central Air,unknown,377000.0,2.0,1.0,False,18.043478260869566,hard,-1,0,-11,0.15000000000000002,p2_more,similar,hard_p2_more
11510341,11609108,15241,2021/11/1,368186.4865,15.67567568,"Single Family Residence, Residential",1957,3,3,0.45,Acres,"Forced Air, Natural Gas",Central Air,unknown,460000.0,15241,2021/11/1,419266.1765,14.33823529,"Single Family Residence, Residential",1974,3,4,0.3,Acres,"Forced Air, Natural Gas",Central Air,unknown,360000.0,2.0,1.0,False,21.73913043478261,hard,-1,0,-17,0.15000000000000002,p2_more,similar,hard_p2_more
11510642,11510693,15241,2021/11/1,459613.4286,22.14285714,"Single Family Residence, Residential",1981,4,4,0.55,Acres,Natural Gas,Central Air,unknown,875000.0,15241,2021/11/1,375910.8108,23.62162162,"Single Family Residence, Residential",1962,5,5,0.6,Acres,"Heat Pump, Electric",Central Air,unknown,540000.0,2.0,1.0,False,38.285714285714285,medium,-1,-1,19,-0.04999999999999993,p2_more,p1_slight,medium_p2_more
11434870,11581032,15241,2021/12/1,414700.0,14.0,"Single Family Residence, Residential",1969,4,4,0.35,Acres,"Forced Air, Natural Gas","Central Air, Electric",unknown,312000.0,15241,2021/12/1,437776.6917,16.76691729,"Single Family Residence, Residential",1982,3,4,0.38,Acres,"Forced Air, Natural Gas",Central Air,unknown,450155.0,1.0,2.0,False,30.690539925136896,medium,0,1,-13,-0.030000000000000027,equal,similar,medium_equal
11473219,11581032,15241,2021/12/1,379200.0,16.0,"Single Family Residence, Residential",1963,3,5,0.33,Acres,Natural Gas,Central Air,unknown,357505.0,15241,2021/12/1,437776.6917,16.76691729,"Single Family Residence, Residential",1982,3,4,0.38,Acres,"Forced Air, Natural Gas",Central Air,unknown,450155.0,1.0,2.0,False,20.581799602359187,hard,1,0,-19,-0.04999999999999999,p1_slight,similar,hard_p1_slight
11473240,11581032,15241,2021/12/1,382361.194,11.2238806,"Single Family Residence, Residential",1963,3,5,0.31,Acres,"Forced Air, Natural Gas",Central Air,unknown,370000.0,15241,2021/12/1,437776.6917,16.76691729,"Single Family Residence, Residential",1982,3,4,0.38,Acres,"Forced Air, Natural Gas",Central Air,unknown,450155.0,1.0,2.0,False,17.806089013784142,hard,1,0,-19,-0.07,p1_slight,similar,hard_p1_slight
11510044,11582529,15241,2021/12/1,193530.9677,22.91612903,"Single Family Residence, Residential",1950,2,3,0.29,Acres,"Forced Air, Natural Gas",Central Air,unknown,178500.0,15241,2021/12/1,218887.9699,18.59398496,"Townhouse, Residential",1977,4,3,1594.0,sqft,Natural Gas,Central Air,unknown,225750.0,1.0,2.0,False,20.930232558139537,hard,0,-2,-27,-1593.71,equal,p2_newer,hard_equal
11510272,11549783,15241,2021/12/1,273451.3514,25.62162162,"Single Family Residence, Residential",1943,2,4,0.51,Acres,"Forced Air, Electric","Central Air, Wall Unit(s)",unknown,392000.0,15241,2021/12/1,314276.6917,18.18796992,"Single Family Residence, Residential",1977,3,4,0.35,Acres,"Forced Air, Natural Gas",Central Air,unknown,320000.0,2.0,1.0,False,18.367346938775512,hard,0,-1,-34,0.16000000000000003,equal,p2_newer,hard_equal
11510272,11609184,15241,2021/12/1,273451.3514,25.62162162,"Single Family Residence, Residential",1943,2,4,0.51,Acres,"Forced Air, Electric","Central Air, Wall Unit(s)",unknown,392000.0,15241,2021/12/1,257614.8148,22.22222222,"Single Family Residence, Residential",1973,3,3,0.35,Acres,"Forced Air, Natural Gas",Central Air,unknown,275000.0,2.0,1.0,False,29.846938775510207,medium,1,-1,-30,0.16000000000000003,p1_slight,p2_newer,medium_p1_slight
11432435,11581511,15241,2021/4/1,461157.3333,15.66666667,"Single Family Residence, Residential",1988,4,4,8319.0,sqft,"Forced Air, Natural Gas",Central Air,unknown,505000.0,15241,2021/4/1,536516.0,22.75,"Single Family Residence, Residential",1960,4,3,0.42,Acres,"Forced Air, Natural Gas",Central Air,unknown,419500.0,,1.0,False,16.930693069306933,hard,1,0,28,8318.58,p1_slight,p1_much,hard_p1_slight
11433140,11510574,15241,2021/4/1,402729.0769,10.92307692,"Single Family Residence, Residential",2003,3,4,0.37,Acres,Natural Gas,"Central Air, Gas",unknown,407000.0,15241,2021/4/1,442942.0,21.0,"Single Family Residence, Residential",1973,3,4,0.5,Acres,Natural Gas,Central Air,unknown,491000.0,1.0,2.0,False,17.10794297352342,hard,0,0,30,-0.13,equal,p1_much,hard_equal
11580726,11580807,15241,2021/4/1,352756.25,19.75,"Single Family Residence, Residential",2004,3,3,0.36,Acres,"Forced Air, Natural Gas",Central Air,unknown,405000.0,15241,2021/4/1,322506.25,17.33333333,"Single Family Residence, Residential",1965,3,4,0.3,Acres,"Forced Air, Natural Gas",Central Air,unknown,276200.0,2.0,1.0,False,31.80246913580247,medium,-1,0,39,0.06,p2_more,p1_much,medium_p2_more
11581348,11581511,15241,2021/4/1,633809.7778,21.66666667,"Single Family Residence, Residential",1970,3,4,0.61,Acres,Natural Gas,Central Air,unknown,593500.0,15241,2021/4/1,536516.0,22.75,"Single Family Residence, Residential",1960,4,3,0.42,Acres,"Forced Air, Natural Gas",Central Air,unknown,419500.0,2.0,1.0,False,29.31760741364785,medium,1,-1,10,0.19,p1_slight,p1_slight,medium_p1_slight
11472728,11473174,15241,2021/6/1,304587.0,19.3,"Single Family Residence, Residential",1940,2,3,0.5,Acres,Natural Gas,Central Air,unknown,400000.0,15241,2021/6/1,340370.4667,14.93333333,"Single Family Residence, Residential",1966,3,4,10580.0,sqft,"Forced Air, Natural Gas",Central Air,unknown,328000.0,2.0,1.0,False,18.0,hard,-1,-1,-26,-10579.5,p2_more,p2_newer,hard_p2_more
11549542,11580863,15241,2021/6/1,254739.0,14.0,"Single Family Residence, Residential",1950,2,3,0.3,Acres,"Forced Air, Natural Gas",Central Air,unknown,265000.0,15241,2021/6/1,275397.3,20.2,"Single Family Residence, Residential",1955,2,3,0.25,Acres,"Forced Air, Natural Gas","Central Air, Electric",unknown,330000.0,1.0,2.0,False,19.696969696969695,hard,0,0,-5,0.04999999999999999,equal,similar,hard_equal
11432775,11582602,15241,2021/7/1,228223.381,11.19047619,"Single Family Residence, Residential",1945,2,2,8254.0,sqft,"Forced Air, Natural Gas",Central Air,unknown,228000.0,15241,2021/7/1,195784.7692,24.84615385,"Townhouse, Residential",1977,3,3,1829.0,sqft,"Forced Air, Natural Gas",Central Air,unknown,163000.0,,1.0,False,28.50877192982456,medium,-1,-1,-32,6425.0,p2_more,p2_newer,medium_p2_more
11472099,11510391,15241,2021/7/1,298661.8261,31.47826087,"Single Family Residence, Residential",1930,2,3,0.54,Acres,"Forced Air, Natural Gas",Central Air,unknown,310705.0,15241,2021/7/1,338361.1304,24.39130435,"Single Family Residence, Residential",1950,3,5,0.41,Acres,"Forced Air, Natural Gas","Central Air, Electric",unknown,256008.0,2.0,1.0,False,17.604158285190135,hard,-2,-1,-20,0.13000000000000006,p2_more,p2_newer,hard_p2_more
11473166,11510391,15241,2021/7/1,344691.8,14.4,"Single Family Residence, Residential",1965,3,4,0.3,Acres,"Forced Air, Natural Gas",Central Air,unknown,450000.0,15241,2021/7/1,338361.1304,24.39130435,"Single Family Residence, Residential",1950,3,5,0.41,Acres,"Forced Air, Natural Gas","Central Air, Electric",unknown,256008.0,2.0,1.0,False,43.10933333333333,easy,-1,0,15,-0.10999999999999999,p2_more,p1_slight,easy_p2_more
11473357,11510391,15241,2021/7/1,325030.2609,18.47826087,"Single Family Residence, Residential",1964,3,3,0.3,Acres,"Forced Air, Natural Gas","Central Air, Electric",unknown,335900.0,15241,2021/7/1,338361.1304,24.39130435,"Single Family Residence, Residential",1950,3,5,0.41,Acres,"Forced Air, Natural Gas","Central Air, Electric",unknown,256008.0,2.0,1.0,False,23.784459660613276,hard,-2,0,14,-0.10999999999999999,p2_more,p1_slight,hard_p2_more
11473357,11510491,15241,2021/7/1,325030.2609,18.47826087,"Single Family Residence, Residential",1964,3,3,0.3,Acres,"Forced Air, Natural Gas","Central Air, Electric",unknown,335900.0,15241,2021/7/1,376551.087,15.17391304,"Single Family Residence, Residential",1983,3,4,9326.0,sqft,"Heat Pump, Electric",Central Air,unknown,420000.0,,2.0,False,20.023809523809526,hard,-1,0,-19,-9325.7,p2_more,similar,hard_p2_more
11510391,11510491,15241,2021/7/1,338361.1304,24.39130435,"Single Family Residence, Residential",1950,3,5,0.41,Acres,"Forced Air, Natural Gas","Central Air, Electric",unknown,256008.0,15241,2021/7/1,376551.087,15.17391304,"Single Family Residence, Residential",1983,3,4,9326.0,sqft,"Heat Pump, Electric",Central Air,unknown,420000.0,1.0,2.0,False,39.04571428571428,medium,1,0,-33,-9325.59,p1_slight,p2_newer,medium_p1_slight
11510391,11580733,15241,2021/7/1,338361.1304,24.39130435,"Single Family Residence, Residential",1950,3,5,0.41,Acres,"Forced Air, Natural Gas","Central Air, Electric",unknown,256008.0,15241,2021/7/1,352601.9524,10.95238095,"Single Family Residence, Residential",1965,3,5,0.3,Acres,"Forced Air, Natural Gas",Central Air,unknown,370000.0,1.0,2.0,False,30.80864864864865,medium,0,0,-15,0.10999999999999999,equal,similar,medium_equal
11433540,11581585,15241,2021/8/1,446491.5254,19.3220339,"Single Family Residence, Residential",1940,3,3,0.88,Acres,"Forced Air, Natural Gas","Central Air, Electric",unknown,480000.0,15241,2021/8/1,422070.8571,14.95238095,"Single Family Residence, Residential",1967,3,4,0.74,Acres,"Forced Air, Natural Gas",Central Air,unknown,385000.0,2.0,1.0,False,19.791666666666664,hard,-1,0,-27,0.14,p2_more,p2_newer,hard_p2_more
11472733,11581585,15241,2021/8/1,469529.087,19.2173913,"Single Family Residence, Residential",1945,3,3,1.25,Acres,"Forced Air, Natural Gas",Central Air,unknown,500000.0,15241,2021/8/1,422070.8571,14.95238095,"Single Family Residence, Residential",1967,3,4,0.74,Acres,"Forced Air, Natural Gas",Central Air,unknown,385000.0,,1.0,False,23.0,hard,-1,0,-22,0.51,p2_more,p2_newer,hard_p2_more
11510636,11551229,15241,2021/8/1,390000.0,14.0,"Single Family Residence, Residential",1968,3,3,0.3,Acres,"Forced Air, Natural Gas",Central Air,unknown,399900.0,15241,2021/8/1,373388.8889,12.44444444,"Single Family Residence, Residential",1957,3,4,0.33,Acres,Natural Gas,Central Air,unknown,317500.0,2.0,1.0,False,20.605151287821954,hard,-1,0,11,-0.030000000000000027,p2_more,p1_slight,hard_p2_more
11510636,11609015,15241,2021/8/1,390000.0,14.0,"Single Family Residence, Residential",1968,3,3,0.3,Acres,"Forced Air, Natural Gas",Central Air,unknown,399900.0,15241,2021/8/1,347652.7619,12.9047619,"Single Family Residence, Residential",1969,3,4,0.3,Acres,Natural Gas,Central Air,unknown,312000.0,2.0,1.0,False,21.980495123780948,hard,-1,0,-1,0.0,p2_more,similar,hard_p2_more
11582657,11609015,15241,2021/8/1,324905.25,16.875,"Single Family Residence, Residential",1977,2,3,4386.0,sqft,"Forced Air, Natural Gas",Central Air,unknown,375000.0,15241,2021/8/1,347652.7619,12.9047619,"Single Family Residence, Residential",1969,3,4,0.3,Acres,Natural Gas,Central Air,unknown,312000.0,2.0,1.0,False,16.8,hard,-1,-1,8,4385.7,p2_more,p1_slight,hard_p2_more
11472954,11510495,15241,2021/9/1,377128.8136,11.69491525,"Single Family Residence, Residential",1963,3,5,0.32,Acres,"Forced Air, Natural Gas",Central Air,unknown,340000.0,15241,2021/9/1,365644.8621,17.72413793,"Single Family Residence, Residential",1976,3,5,0.36,Acres,"Forced Air, Electric",Electric,unknown,410000.0,1.0,2.0,False,17.073170731707318,hard,0,0,-13,-0.03999999999999998,equal,similar,hard_equal
11472954,11549598,15241,2021/9/1,377128.8136,11.69491525,"Single Family Residence, Residential",1963,3,5,0.32,Acres,"Forced Air, Natural Gas",Central Air,unknown,340000.0,15241,2021/9/1,393147.4576,17.11864407,"Single Family Residence, Residential",1975,3,4,0.5,Acres,"Forced Air, Natural Gas","Central Air, Electric",unknown,415000.0,1.0,2.0,False,18.072289156626507,hard,1,0,-12,-0.18,p1_slight,similar,hard_p1_slight
11473127,11549475,15241,2021/9/1,353011.6667,14.0,"Single Family Residence, Residential",1970,3,4,0.33,Acres,"Forced Air, Natural Gas",Central Air,unknown,385000.0,15241,2021/9/1,336359.322,17.71186441,"Single Family Residence, Residential",1966,3,4,0.39,Acres,"Forced Air, Natural Gas",Central Air,unknown,270000.0,2.0,1.0,False,29.87012987012987,medium,0,0,4,-0.06,equal,p1_slight,medium_equal
11549475,11609449,15241,2021/9/1,336359.322,17.71186441,"Single Family Residence, Residential",1966,3,4,0.39,Acres,"Forced Air, Natural Gas",Central Air,unknown,270000.0,15241,2021/9/1,381977.7778,11.66666667,"Single Family Residence, Residential",1987,3,3,0.31,Acres,"Forced Air, Natural Gas","Central Air, Electric",unknown,379000.0,1.0,2.0,False,28.759894459102902,medium,1,0,-21,0.08000000000000002,p1_slight,p2_newer,medium_p1_slight
11398894,11472730,15241,2022/1/1,359883.0508,23.52542373,"Single Family Residence, Residential",1974,4,4,0.3,Acres,"Forced Air, Natural Gas",Central Air,unknown,469500.0,15241,2022/1/1,366801.3605,11.7414966,"Single Family Residence, Residential",1994,2,3,1.01,Acres,"Forced Air, Natural Gas",Central Air,unknown,355000.0,2.0,1.0,False,24.38764643237487,hard,1,2,-20,-0.71,p1_slight,p2_newer,hard_p1_slight
11472532,11580973,15241,2022/3/1,476142.1769,22.5170068,"Single Family Residence, Residential",1975,5,5,0.81,Acres,"Forced Air, Electric","Central Air, Electric",unknown,479900.0,15241,2022/3/1,488744.75,22.25,"Single Family Residence, Residential",1990,4,4,10707.0,sqft,"Forced Air, Natural Gas",Central Air,unknown,655000.0,1.0,2.0,False,26.732824427480917,medium,1,1,-15,-10706.19,p1_slight,similar,medium_p1_slight
11549641,11580747,15241,2022/4/1,389684.2105,12.21052632,"Single Family Residence, Residential",1977,3,4,0.39,Acres,"Heat Pump, Electric",Central Air,unknown,392000.0,15241,2022/4/1,430497.3684,18.28947368,"Single Family Residence, Residential",1969,4,4,0.37,Acres,"Forced Air, Natural Gas",Central Air,unknown,475000.0,1.0,2.0,False,17.473684210526315,hard,0,-1,8,0.020000000000000018,equal,p1_slight,hard_equal
11432962,11433460,15241,2022/6/1,636108.8889,18.95555556,"Single Family Residence, Residential",1960,4,4,0.52,Acres,"Forced Air, Natural Gas",Central Air,unknown,765000.0,15241,2022/6/1,551656.1798,12.75280899,"Single Family Residence, Residential",1965,4,5,0.33,Acres,"Forced Air, Natural Gas",Central Air,unknown,550000.0,2.0,1.0,False,28.104575163398692,medium,-1,0,-5,0.19,p2_more,similar,medium_p2_more
11433338,11549565,15241,2022/6/1,404958.6667,14.0,"Single Family Residence, Residential",1965,4,4,0.4,Acres,"Forced Air, Natural Gas","Central Air, Electric",unknown,550000.0,15241,2022/6/1,446689.1566,12.53012048,"Single Family Residence, Residential",1962,4,4,0.41,Acres,"Forced Air, Natural Gas",Central Air,unknown,450000.0,2.0,1.0,False,18.181818181818183,hard,0,0,3,-0.009999999999999953,equal,p1_slight,hard_equal
11433460,11472584,15241,2022/6/1,551656.1798,12.75280899,"Single Family Residence, Residential",1965,4,5,0.33,Acres,"Forced Air, Natural Gas",Central Air,unknown,550000.0,15241,2022/6/1,649248.7179,21.84615385,"Single Family Residence, Residential",1967,4,4,0.5,Acres,"Forced Air, Natural Gas","Central Air, Electric",unknown,772600.0,1.0,2.0,False,28.811804297178355,medium,1,0,-2,-0.16999999999999998,p1_slight,similar,medium_p1_slight
11433460,11551264,15241,2022/6/1,551656.1798,12.75280899,"Single Family Residence, Residential",1965,4,5,0.33,Acres,"Forced Air, Natural Gas",Central Air,unknown,550000.0,15241,2022/6/1,643900.0,19.0,"Single Family Residence, Residential",1950,3,3,0.56,Acres,"Forced Air, Natural Gas",Central Air,unknown,830000.0,1.0,2.0,False,33.734939759036145,medium,2,1,15,-0.23000000000000004,p1_much,p1_slight,medium_p1_much
11433460,11581586,15241,2022/6/1,551656.1798,12.75280899,"Single Family Residence, Residential",1965,4,5,0.33,Acres,"Forced Air, Natural Gas",Central Air,unknown,550000.0,15241,2022/6/1,535884.6154,19.07692308,"Single Family Residence, Residential",1967,4,4,0.52,Acres,"Forced Air, Natural Gas",Central Air,unknown,700000.0,1.0,2.0,False,21.428571428571427,hard,1,0,-2,-0.19,p1_slight,similar,hard_p1_slight
11549490,11580981,15241,2022/6/1,379909.4118,14.51764706,"Single Family Residence, Residential",1964,3,4,0.31,Acres,"Forced Air, Natural Gas",Central Air,unknown,370000.0,15241,2022/6/1,362074.359,27.07692308,"Single Family Residence, Residential",1980,3,4,0.33,Acres,Electric,Central Air,unknown,465000.0,1.0,2.0,False,20.43010752688172,hard,0,0,-16,-0.020000000000000018,equal,similar,hard_equal
11398335,11432539,15241,2022/7/1,275751.7241,14.13793103,"Single Family Residence, Residential",1930,3,3,1.24,Acres,"Forced Air, Natural Gas",Central Air,unknown,225000.0,15241,2022/7/1,234372.0,31.16,"Single Family Residence, Residential",1956,2,3,0.29,Acres,"Forced Air, Natural Gas",Central Air,unknown,380000.0,1.0,2.0,False,40.78947368421053,easy,0,1,-26,0.95,equal,p2_newer,easy_equal
11313230,11360321,15243,2019/11/1,247132.4,21.2,SingleFamily,1939,3,3,5850.0,sqft,Other,Central,Garage - Attached,288000.0,15243,2019/11/1,221048.8462,13.76923077,SingleFamily,1954,2,3,7801.0,sqft,"Other, Forced air, Gas",Central,Garage - Attached,208500.0,2.0,1.0,False,27.604166666666668,medium,0,1,-15,-1951.0,equal,similar,medium_equal
11314147,11398642,15243,2019/11/1,196176.2308,11.61538462,"Single Family Residence, Residential",1955,3,3,10166.0,sqft,Natural Gas,Central Air,unknown,155000.0,15243,2019/11/1,200646.6,17.6,SingleFamily,1955,2,3,7200.0,sqft,Forced air,Central,unknown,191000.0,1.0,2.0,False,18.848167539267017,hard,0,1,0,2966.0,equal,similar,hard_equal
11314444,11361891,15243,2019/11/1,240857.1,22.75,SingleFamily,1938,2,3,10000.0,sqft,"Radiant, Other, Gas",Central,Garage - Detached,315000.0,15243,2019/11/1,202555.1,14.5,SingleFamily,1946,2,4,5998.0,sqft,"Forced air, Gas",Central,Garage - Attached,215000.0,2.0,1.0,False,31.746031746031743,medium,-1,0,-8,4002.0,p2_more,similar,medium_p2_more
11314401,11360741,15243,2019/12/1,196538.0,22.0,SingleFamily,1957,3,3,7074.0,sqft,Forced air,Central,unknown,154000.0,15243,2019/12/1,202785.5,17.75,SingleFamily,1939,1,3,0.3,Acres,Other,Central,unknown,185000.0,1.0,2.0,False,16.756756756756758,hard,0,2,18,7073.7,equal,p1_slight,hard_equal
11313247,11361491,15243,2019/8/1,247882.1538,16.76923077,SingleFamily,1938,2,2,0.27,Acres,"Forced air, Gas",Central,unknown,269900.0,15243,2019/8/1,218813.1579,11.05263158,SingleFamily,1950,2,2,0.38,Acres,Other,Central,unknown,219000.0,2.0,1.0,False,18.858836606150426,hard,0,0,-12,-0.10999999999999999,equal,similar,hard_equal
11361895,11399030,15243,2020/11/1,193674.1818,16.81818182,"Single Family Residence, Residential",1948,1,3,6000.0,sqft,"Forced Air, Natural Gas",Central Air,unknown,209000.0,15243,2020/11/1,176089.6,15.2,SingleFamily,1954,2,3,6250.0,sqft,Other,Central,unknown,164000.0,2.0,1.0,False,21.5311004784689,hard,0,-1,-6,-250.0,equal,similar,hard_equal
11314289,11399016,15243,2020/12/1,216449.7692,15.92307692,"Single Family Residence, Residential",1956,2,3,10785.0,sqft,"Forced Air, Natural Gas",Central Air,unknown,235000.0,15243,2020/12/1,192551.3333,11.66666667,"Single Family Residence, Residential",1949,2,4,6499.0,sqft,Natural Gas,Central Air,unknown,195000.0,,1.0,False,17.02127659574468,hard,-1,0,7,4286.0,p2_more,p1_slight,hard_p2_more
11314392,11360107,15243,2020/12/1,329846.0769,15.38461538,"Single Family Residence, Residential",1960,3,4,7200.0,sqft,"Forced Air, Natural Gas",Central Air,unknown,400500.0,15243,2020/12/1,329949.0,16.91666667,SingleFamily,1985,4,3,0.35,Acres,Other,Central,unknown,320000.0,2.0,1.0,False,20.09987515605493,hard,1,-1,-25,7199.65,p1_slight,p2_newer,hard_p1_slight
11360622,11361591,15243,2020/3/1,216632.5,14.5,SingleFamily,1960,2,3,7226.0,sqft,"Other, Forced air, Gas",Central,unknown,225000.0,15243,2020/3/1,193267.8333,10.0,SingleFamily,1951,3,3,6812.0,sqft,"Other, Gas",Central,unknown,159900.0,2.0,1.0,False,28.933333333333334,medium,0,-1,9,414.0,equal,p1_slight,medium_equal
11312965,11398438,15243,2020/4/1,324606.0,12.25,SingleFamily,1943,2,3,6500.0,sqft,"Forced air, Gas",Central,unknown,358000.0,15243,2020/4/1,293821.7778,11.55555556,SingleFamily,1968,4,5,8468.0,sqft,Other,Central,unknown,275000.0,2.0,1.0,False,23.18435754189944,hard,-2,-2,-25,-1968.0,p2_more,p2_newer,hard_p2_more
11398438,11398506,15243,2020/4/1,293821.7778,11.55555556,SingleFamily,1968,4,5,8468.0,sqft,Other,Central,unknown,275000.0,15243,2020/4/1,324626.5,16.5,SingleFamily,1969,3,4,0.39,Acres,Other,Central,unknown,383000.0,1.0,2.0,False,28.198433420365536,medium,1,1,-1,8467.61,p1_slight,similar,medium_p1_slight
11314419,11361122,15243,2020/6/1,217650.6667,18.0,SingleFamily,1956,2,4,8276.0,sqft,Other,Central,unknown,163000.0,15243,2020/6/1,207118.4,29.8,SingleFamily,1951,3,3,6250.0,sqft,"Other, Forced air, Gas",Central,unknown,230000.0,1.0,2.0,False,29.130434782608695,medium,1,-1,5,2026.0,p1_slight,p1_slight,medium_p1_slight
11314419,11398548,15243,2020/6/1,217650.6667,18.0,SingleFamily,1956,2,4,8276.0,sqft,Other,Central,unknown,163000.0,15243,2020/6/1,250205.8,16.6,SingleFamily,1961,3,3,6873.0,sqft,Other,Central,unknown,245000.0,1.0,2.0,False,33.46938775510204,medium,1,-1,-5,1403.0,p1_slight,similar,medium_p1_slight
11252639,11359685,15243,2020/7/1,397897.8889,26.66666667,SingleFamily,1964,3,3,0.28,Acres,Other,Central,unknown,329600.0,15243,2020/7/1,391981.6,15.6,SingleFamily,1958,3,4,8184.0,sqft,Other,Central,unknown,426000.0,1.0,2.0,False,22.62910798122066,hard,-1,0,6,-8183.72,p2_more,p1_slight,hard_p2_more
11313361,11314079,15243,2020/7/1,302718.4444,18.22222222,SingleFamily,1949,2,4,6625.0,sqft,"Forced air, Gas",Central,unknown,358750.0,15243,2020/7/1,253634.0,26.4,SingleFamily,1957,4,5,6373.0,sqft,Other,Central,unknown,295000.0,2.0,1.0,False,17.770034843205575,hard,-1,-2,-8,252.0,p2_more,similar,hard_p2_more
11314012,11361840,15243,2020/7/1,187823.6364,33.18181818,SingleFamily,1960,2,4,6500.0,sqft,"Other, Forced air, Gas",Central,unknown,185000.0,15243,2020/7/1,223716.0,22.0,SingleFamily,1940,2,3,10105.0,sqft,"Forced air, Gas",Central,unknown,227000.0,1.0,2.0,False,18.502202643171806,hard,1,0,20,-3605.0,p1_slight,p1_slight,hard_p1_slight
11359685,11398649,15243,2020/7/1,391981.6,15.6,SingleFamily,1958,3,4,8184.0,sqft,Other,Central,unknown,426000.0,15243,2020/7/1,335026.3333,25.0,SingleFamily,1957,3,3,0.44,Acres,"Radiant, Other, Gas",Central,unknown,312187.0,2.0,1.0,False,26.716666666666665,medium,1,0,1,8183.56,p1_slight,p1_slight,medium_p1_slight
11361241,11659117,15243,2020/8/1,231497.6364,26.0,"Single Family Residence, Residential",1954,3,3,5625.0,sqft,Natural Gas,"Central Air, Electric",unknown,244000.0,15243,2020/8/1,283216.1111,18.55555556,SingleFamily,1920,2,5,8581.0,sqft,"Baseboard, Gas",Other,unknown,295000.0,1.0,2.0,False,17.28813559322034,hard,-2,1,34,-2956.0,p2_more,p1_much,hard_p2_more
11658507,11659111,15243,2020/9/1,382617.2,21.2,"Single Family Residence, Residential",1949,4,4,0.46,Acres,"Radiant, Natural Gas","Central Air, Electric",unknown,361000.0,15243,2020/9/1,398120.4545,19.81818182,"Single Family Residence, Residential",1960,3,4,0.3,Acres,Natural Gas,Central Air,unknown,492085.0,1.0,2.0,False,26.63869047014235,medium,0,1,-11,0.16000000000000003,equal,similar,medium_equal
11398491,11398521,15243,2021/10/1,227771.7949,11.94871795,"Single Family Residence, Residential",1953,2,2,6969.0,sqft,"Forced Air, Natural Gas",Central Air,unknown,210000.0,15243,2021/10/1,218847.4576,13.0,"Single Family Residence, Residential",1953,1,3,7500.0,sqft,Natural Gas,"Central Air, Electric",unknown,174500.0,2.0,1.0,False,16.904761904761905,hard,-1,1,0,-531.0,p2_more,similar,hard_p2_more
11313861,11360118,15243,2021/11/1,271164.0288,23.27338129,"Single Family Residence, Residential",1957,3,4,6194.0,sqft,"Forced Air, Natural Gas","Central Air, Electric",unknown,295000.0,15243,2021/11/1,222513.5593,37.93220339,"Single Family Residence, Residential",1948,2,3,1.22,Acres,"Forced Air, Natural Gas",Central Air,unknown,160000.0,2.0,1.0,False,45.76271186440678,easy,1,1,9,6192.78,p1_slight,p1_slight,easy_p1_slight
11313861,11398598,15243,2021/11/1,271164.0288,23.27338129,"Single Family Residence, Residential",1957,3,4,6194.0,sqft,"Forced Air, Natural Gas","Central Air, Electric",unknown,295000.0,15243,2021/11/1,245586.8966,26.64827586,"Single Family Residence, Residential",1956,3,2,0.25,Acres,"Forced Air, Natural Gas","Central Air, Electric",unknown,199900.0,,1.0,False,32.237288135593225,medium,2,0,1,6193.75,p1_much,p1_slight,medium_p1_much
11313900,11360118,15243,2021/11/1,245266.1972,19.15492958,"Single Family Residence, Residential",1958,2,3,7801.0,sqft,Natural Gas,Central Air,unknown,250000.0,15243,2021/11/1,222513.5593,37.93220339,"Single Family Residence, Residential",1948,2,3,1.22,Acres,"Forced Air, Natural Gas",Central Air,unknown,160000.0,2.0,1.0,False,36.0,medium,0,0,10,7799.78,equal,p1_slight,medium_equal
11313900,11398570,15243,2021/11/1,245266.1972,19.15492958,"Single Family Residence, Residential",1958,2,3,7801.0,sqft,Natural Gas,Central Air,unknown,250000.0,15243,2021/11/1,247622.2222,25.11111111,"Single Family Residence, Residential",1871,2,3,0.33,Acres,Natural Gas,Central Air,unknown,207800.0,2.0,1.0,False,16.88,hard,0,0,87,7800.67,equal,p1_much,hard_equal
11313900,11398598,15243,2021/11/1,245266.1972,19.15492958,"Single Family Residence, Residential",1958,2,3,7801.0,sqft,Natural Gas,Central Air,unknown,250000.0,15243,2021/11/1,245586.8966,26.64827586,"Single Family Residence, Residential",1956,3,2,0.25,Acres,"Forced Air, Natural Gas","Central Air, Electric",unknown,199900.0,2.0,1.0,False,20.04,hard,1,-1,2,7800.75,p1_slight,p1_slight,hard_p1_slight
11314125,11360118,15243,2021/11/1,234798.3051,11.52542373,"Single Family Residence, Residential",1955,3,4,0.44,Acres,"Forced Air, Natural Gas",Central Air,unknown,233000.0,15243,2021/11/1,222513.5593,37.93220339,"Single Family Residence, Residential",1948,2,3,1.22,Acres,"Forced Air, Natural Gas",Central Air,unknown,160000.0,2.0,1.0,False,31.330472103004293,medium,1,1,7,-0.78,p1_slight,p1_slight,medium_p1_slight
11360118,11398598,15243,2021/11/1,222513.5593,37.93220339,"Single Family Residence, Residential",1948,2,3,1.22,Acres,"Forced Air, Natural Gas",Central Air,unknown,160000.0,15243,2021/11/1,245586.8966,26.64827586,"Single Family Residence, Residential",1956,3,2,0.25,Acres,"Forced Air, Natural Gas","Central Air, Electric",unknown,199900.0,1.0,2.0,False,19.959979989995,hard,1,-1,-8,0.97,p1_slight,similar,hard_p1_slight
11361504,11399029,15243,2021/2/1,186604.5,15.0,"Single Family Residence, Residential",1942,3,3,6500.0,sqft,"Forced Air, Natural Gas","Central Air, Electric",unknown,178000.0,15243,2021/2/1,205918.2,13.2,"Single Family Residence, Residential",1956,2,3,6250.0,sqft,Natural Gas,Central Air,unknown,217000.0,1.0,2.0,False,17.972350230414747,hard,0,1,-14,250.0,equal,similar,hard_equal
11361672,11399025,15243,2021/3/1,185873.0,17.44444444,"Single Family Residence, Residential",1950,1,3,7065.0,sqft,"Forced Air, Natural Gas",Central Air,unknown,179900.0,15243,2021/3/1,219583.0,21.0,"Single Family Residence, Residential",1954,2,2,6250.0,sqft,"Forced Air, Natural Gas",Central Air,unknown,236500.0,1.0,2.0,False,23.932346723044397,hard,1,-1,-4,815.0,p1_slight,similar,hard_p1_slight
11360627,11399061,15243,2021/6/1,234766.0,17.0,"Single Family Residence, Residential",1954,2,3,8568.0,sqft,"Forced Air, Natural Gas",Central Air,unknown,220000.0,15243,2021/6/1,247079.0,17.33333333,"Single Family Residence, Residential",1954,2,3,8385.0,sqft,"Forced Air, Natural Gas",Central Air,unknown,302000.0,1.0,2.0,False,27.1523178807947,medium,0,0,0,183.0,equal,similar,medium_equal
11313313,11360746,15243,2021/7/1,346481.75,22.25,"Single Family Residence, Residential",1937,2,3,6292.0,sqft,"Hot Water, Natural Gas",Central Air,unknown,439900.0,15243,2021/7/1,325304.0435,20.34782609,"Single Family Residence, Residential",1961,3,3,0.28,Acres,Natural Gas,Central Air,unknown,324900.0,2.0,1.0,False,26.142305069333936,medium,0,-1,-24,6291.72,equal,p2_newer,medium_equal
11359389,11360746,15243,2021/7/1,345845.2727,15.31818182,"Single Family Residence, Residential",1956,3,3,8398.0,sqft,"Forced Air, Natural Gas","Central Air, Electric",unknown,408500.0,15243,2021/7/1,325304.0435,20.34782609,"Single Family Residence, Residential",1961,3,3,0.28,Acres,Natural Gas,Central Air,unknown,324900.0,2.0,1.0,False,20.46511627906977,hard,0,0,-5,8397.72,equal,similar,hard_equal
11360661,11361096,15243,2021/7/1,227191.5455,13.81818182,"Single Family Residence, Residential",1955,2,3,7348.0,sqft,"Forced Air, Natural Gas",Central Air,unknown,222000.0,15243,2021/7/1,246359.0,20.57142857,"Single Family Residence, Residential",1950,2,3,6250.0,sqft,"Forced Air, Natural Gas",Central Air,unknown,267075.0,1.0,2.0,False,16.877281662454365,hard,0,0,5,1098.0,equal,p1_slight,hard_equal
11313926,11361531,15243,2021/9/1,241228.8136,11.59322034,"Single Family Residence, Residential",1959,2,3,7801.0,sqft,"Forced Air, Natural Gas","Central Air, Electric",unknown,220000.0,15243,2021/9/1,267062.7119,10.6440678,"Single Family Residence, Residential",1955,2,3,6600.0,sqft,"Forced Air, Natural Gas","Central Air, Electric",unknown,265000.0,1.0,2.0,False,16.9811320754717,hard,0,0,4,1201.0,equal,p1_slight,hard_equal
11360127,11360219,15243,2021/9/1,472425.4237,13.11864407,"Single Family Residence, Residential",1967,4,4,9718.0,sqft,Natural Gas,Central Air,unknown,487000.0,15243,2021/9/1,432271.0,21.0,"Single Family Residence, Residential",1965,3,4,0.31,Acres,"Forced Air, Natural Gas","Central Air, Electric",unknown,290000.0,,1.0,False,40.4517453798768,easy,0,1,2,9717.69,equal,p1_slight,easy_equal
11360833,11361011,15243,2022/4/1,190676.9231,31.33333333,"Single Family Residence, Residential",1948,1,3,9600.0,sqft,"Forced Air, Natural Gas","Central Air, Electric",unknown,201400.0,15243,2022/4/1,229223.0769,15.92307692,"Single Family Residence, Residential",1952,1,3,6865.0,sqft,"Forced Air, Natural Gas","Central Air, Electric",unknown,245000.0,1.0,2.0,False,17.79591836734694,hard,0,0,-4,2735.0,equal,similar,hard_equal
11313903,11659170,15243,2022/5/1,253915.3846,16.15384615,"Single Family Residence, Residential",1960,2,3,8712.0,sqft,"Forced Air, Natural Gas","Central Air, Electric",unknown,275000.0,15243,2022/5/1,301212.8205,24.46153846,"Single Family Residence, Residential",1930,2,4,4791.0,sqft,"Hot Water, Natural Gas",Wall Unit(s),unknown,376000.0,1.0,2.0,False,26.861702127659576,medium,-1,0,30,3921.0,p2_more,p1_much,medium_p2_more
11360276,11659187,15243,2022/5/1,400179.4872,12.82051282,"Single Family Residence, Residential",1941,3,3,9086.0,sqft,"Forced Air, Natural Gas",Electric,unknown,395000.0,15243,2022/5/1,432817.1429,20.05714286,"Single Family Residence, Residential",1929,4,4,5662.0,sqft,"Hot Water, Natural Gas",Central Air,unknown,562500.0,1.0,2.0,False,29.777777777777775,medium,-1,-1,12,3424.0,p2_more,p1_slight,medium_p2_more
11398451,11659187,15243,2022/5/1,364229.6703,16.38461538,"Single Family Residence, Residential",1969,3,4,0.33,Acres,"Forced Air, Natural Gas",Central Air,unknown,418000.0,15243,2022/5/1,432817.1429,20.05714286,"Single Family Residence, Residential",1929,4,4,5662.0,sqft,"Hot Water, Natural Gas",Central Air,unknown,562500.0,1.0,2.0,False,25.68888888888889,medium,0,-1,40,-5661.67,equal,p1_much,medium_equal
11313592,11659040,15243,2022/6/1,613115.3846,16.07692308,"Single Family Residence, Residential",1937,4,4,6969.0,sqft,"Hot Water, Natural Gas","Central Air, Electric",unknown,723730.0,15243,2022/6/1,606030.7692,14.53846154,"Single Family Residence, Residential",1962,3,4,0.32,Acres,"Forced Air, Natural Gas",Central Air,unknown,499900.0,2.0,1.0,False,30.92727951031462,medium,0,1,-25,6968.68,equal,p2_newer,medium_equal
11658460,11659040,15243,2022/6/1,587061.5385,12.23076923,"Single Family Residence, Residential",1958,4,3,10201.0,sqft,"Forced Air, Natural Gas",Central Air,unknown,642500.0,15243,2022/6/1,606030.7692,14.53846154,"Single Family Residence, Residential",1962,3,4,0.32,Acres,"Forced Air, Natural Gas",Central Air,unknown,499900.0,2.0,1.0,False,22.19455252918288,hard,-1,1,-4,10200.68,p2_more,similar,hard_p2_more
