zpid_1,zpid_2,zipcode_1,year_month.y_1,zestimate_linear_1,interval_range_linear_1,type_1,yearBuilt_1,bathrooms_1,bedrooms_1,lot_1,lotUnit_1,heating_1,cooling_1,parkingType_1,price.y_1,zipcode_2,year_month.y_2,zestimate_linear_2,interval_range_linear_2,type_2,yearBuilt_2,bathrooms_2,bedrooms_2,lot_2,lotUnit_2,heating_2,cooling_2,parkingType_2,price.y_2,pred_choice,true_choice,correct,price_diff_pct,difficulty,bedrooms_diff,bathrooms_diff,year_diff,lot_diff,bedroom_category,year_category,strat_key
59211050,123849004,2118,2021/7/1,794236.4,10.8,"Condominium, Rowhouse",1899,1,2,871.2,sqft,Electric Baseboard,Window Unit(s),Open Parking,845000.0,2118,2021/7/1,796444.3846,10.15384615,"Condominium, Rowhouse",1900,1,1,871.2,sqft,Forced Air,Central Air,Open Parking,685000.0,2,1.0,False,18.93491124260355,hard,1,0,-1,0.0,p1_slight,similar,hard_p1_slight
59187577,71505006,2119,2020/12/1,476662.3,16.3,Single Family Residence,1900,2,4,3484.0,sqft,"Forced Air, Natural Gas",Window Unit(s),unknown,585000.0,2119,2020/12/1,569144.0714,28.85714286,Single Family Residence,2005,2,3,4791.0,sqft,Forced Air,Window Unit(s),unknown,379186.0,2,1.0,False,35.18188034188034,medium,1,0,-105,-1307.0,p1_slight,p2_newer,medium_p1_slight
59112243,59118649,2124,2021/7/1,633383.1429,16.28571429,Single Family Residence,1885,3,4,7405.0,sqft,Oil,Window Unit(s),unknown,665000.0,2124,2021/7/1,743717.3158,16.63157895,Single Family Residence,1935,2,4,3049.0,sqft,Hot Water,Window Unit(s),unknown,825000.0,1,2.0,False,19.393939393939394,hard,0,1,-50,4356.0,equal,p2_newer,hard_equal
59112262,59119241,2124,2021/8/1,567705.7193,15.4502924,Single Family Residence,2008,3,5,8276.0,sqft,Oil,Window Unit(s),unknown,505000.0,2124,2021/8/1,688269.7895,24.21052632,Single Family Residence,1926,2,3,3920.0,sqft,Baseboard,Wall Unit(s),unknown,785000.0,1,2.0,False,35.6687898089172,medium,2,1,82,4356.0,p1_much,p1_much,medium_p1_much
59103939,59115237,2124,2022/1/1,573072.3404,30.17021277,Single Family Residence,1890,3,5,4791.0,sqft,"Forced Air, Electric Baseboard, Central, Natural Gas",Central Air,unknown,575000.0,2124,2022/1/1,676452.1127,14.21126761,Single Family Residence,1942,2,3,4791.0,sqft,Hot Water,Ductless,unknown,745000.0,1,2.0,False,22.818791946308725,hard,2,1,-52,0.0,p1_much,p2_newer,hard_p1_much
87796377,190047916,2127,2020/8/1,1532418.4,16.3,Single Family Residence,1920,3,4,3484.0,sqft,"Forced Air, Central, Natural Gas",Central Air,unknown,1499000.0,2127,2020/8/1,1790246.7,37.3,Single Family Residence,1905,4,4,1306.0,sqft,Forced Air,Central Air,unknown,1895000.0,1,2.0,False,20.897097625329817,hard,0,-1,15,2178.0,equal,p1_slight,hard_equal
59163035,59211504,2127,2021/7/1,831794.52,12.56,Single Family Residence,2000,3,3,1306.0,sqft,"Baseboard, Natural Gas",Window Unit(s),unknown,687500.0,2127,2021/7/1,934464.6667,13.91666667,"Condominium, Rowhouse",2000,2,3,1306.0,sqft,Forced Air,Central Air,unknown,970000.0,1,2.0,False,29.12371134020619,medium,0,1,0,0.0,equal,similar,medium_equal
87793474,117686364,2127,2021/7/1,1010977.8,18.4,Single Family Residence,2005,3,2,1306.0,sqft,Forced Air,Central Air,unknown,1140000.0,2127,2021/7/1,1200465.091,21.0,"Condominium, Rowhouse",1890,3,4,1742.0,sqft,Forced Air,Central Air,unknown,1369000.0,1,2.0,False,16.72753834915997,hard,-2,0,115,-436.0,p2_more,p1_much,hard_p2_more
117686364,118325134,2127,2021/7/1,1200465.091,21.0,"Condominium, Rowhouse",1890,3,4,1742.0,sqft,Forced Air,Central Air,unknown,1369000.0,2127,2021/7/1,1087536.87,15.56521739,"Condominium, Townhouse",2011,3,2,1306.0,sqft,Forced Air,Central Air,unknown,1079000.0,2,1.0,False,21.18334550766983,hard,2,0,-121,436.0,p1_much,p2_newer,hard_p1_much
59148930,59150813,2127,2021/8/1,1029817.857,19.28571429,Single Family Residence,1880,3,3,1742.0,sqft,Other,Other,unknown,950000.0,2127,2021/8/1,943758.2222,17.44444444,Single Family Residence,1900,2,3,1742.0,sqft,Forced Air,Central Air,unknown,735000.0,2,1.0,False,22.63157894736842,hard,0,1,-20,0.0,equal,p2_newer,hard_equal
59122039,59122794,2128,2020/11/1,531154.9231,12.23076923,Single Family Residence,1900,2,2,2613.0,sqft,Baseboard,Other,unknown,455000.0,2128,2020/11/1,563598.0,13.0,Single Family Residence,1910,1,2,1306.0,sqft,Baseboard,"Central Air, Ductless",unknown,605000.0,1,2.0,False,24.793388429752067,hard,0,1,-10,1307.0,equal,similar,hard_equal
59123471,102988148,2128,2020/7/1,476953.0,11.66666667,Single Family Residence,1900,1,2,1742.0,sqft,Oil,Window Unit(s),Open Parking,400000.0,2128,2020/7/1,495858.0968,10.01612903,"Condominium, Rowhouse",1865,2,1,871.2,sqft,Baseboard,Central Air,Open Parking,500000.0,1,2.0,False,20.0,hard,1,-1,35,870.8,p1_slight,p1_much,hard_p1_slight
59132028,59134432,2130,2019/10/1,589636.3846,14.84615385,Single Family Residence,1905,2,2,1742.0,sqft,Central,Central Air,unknown,650000.0,2130,2019/10/1,542333.0,13.33333333,Single Family Residence,1960,1,2,3484.0,sqft,"Forced Air, Natural Gas",Central Air,unknown,467000.0,2,1.0,False,28.153846153846153,medium,0,1,-55,-1742.0,equal,p2_newer,medium_equal
59134667,59134838,2130,2019/11/1,1582275.333,15.0,Single Family Residence,1958,4,5,6969.0,sqft,"Central, Natural Gas",Central Air,unknown,1680000.0,2130,2019/11/1,1802076.667,23.22222222,Single Family Residence,1860,2,2,0.29,Acres,Baseboard,Window Unit(s),unknown,2250000.0,1,2.0,False,25.333333333333336,medium,3,2,98,6968.71,p1_much,p1_much,medium_p1_much
59132284,59135616,2130,2019/12/1,919153.5891,11.3255814,Single Family Residence,1890,2,3,4356.0,sqft,"Forced Air, Natural Gas, Electric, Heat Pump, Central",Central Air,unknown,1000000.0,2130,2019/12/1,903615.0,14.33333333,Single Family Residence,1920,2,4,8276.0,sqft,"Oil, Steam","Window Unit(s), Wall Unit(s)",unknown,809000.0,2,1.0,False,19.1,hard,-1,0,-30,-3920.0,p2_more,p2_newer,hard_p2_more
59132504,59135694,2130,2020/10/1,999903.3333,15.33333333,Single Family Residence,1885,2,4,4791.0,sqft,"Forced Air, Natural Gas",Central Air,unknown,1250000.0,2130,2020/10/1,880727.6667,12.5,Single Family Residence,1939,2,3,4791.0,sqft,Forced Air,Central Air,unknown,910000.0,2,1.0,False,27.200000000000003,medium,1,0,-54,0.0,p1_slight,p2_newer,medium_p1_slight
59135060,59135598,2130,2020/7/1,1194162.5,17.2,Single Family Residence,1955,3,3,9583.0,sqft,Central,Central Air,unknown,1910000.0,2130,2020/7/1,1380559.3,12.7,Single Family Residence,1880,4,5,10454.0,sqft,"Hot Water, Electric Baseboard, Natural Gas",Window Unit(s),unknown,1450000.0,2,1.0,False,24.083769633507853,hard,-2,-1,75,-871.0,p2_more,p1_much,hard_p2_more
59135083,59136414,2130,2021/5/1,1277905.0,26.0,Single Family Residence,1960,3,4,8276.0,sqft,"Baseboard, Natural Gas",Central Air,unknown,1550000.0,2130,2021/5/1,1049411.0,22.0,Single Family Residence,1952,2,3,9147.0,sqft,"Hot Water, Natural Gas",Central Air,unknown,1232000.0,2,1.0,False,20.516129032258064,hard,1,1,8,-871.0,p1_slight,p1_slight,hard_p1_slight
59135538,71333006,2130,2021/8/1,1014065.042,13.79166667,Single Family Residence,1936,2,3,5227.0,sqft,"Hot Water, Natural Gas",Central Air,unknown,1050000.0,2130,2021/8/1,949830.6667,14.66666667,SingleFamily,1875,4,4,2178.0,sqft,"Forced air, Gas",Central,unknown,840000.0,2,1.0,False,20.0,hard,-1,-2,61,3049.0,p2_more,p1_much,hard_p2_more
59134044,59136430,2130,2021/9/1,1096018.644,12.6440678,Single Family Residence,1900,3,4,4356.0,sqft,"Forced Air, Central, Natural Gas",Central Air,unknown,1127375.0,2130,2021/9/1,1147787.222,15.55555556,Single Family Residence,1952,3,3,8276.0,sqft,Natural Gas,Central Air,unknown,900000.0,2,1.0,False,20.168533096795656,hard,1,0,-52,-3920.0,p1_slight,p2_newer,hard_p1_slight
59135119,59135209,2130,2022/6/1,1657783.333,18.06666667,Single Family Residence,1956,3,3,0.25,Acres,"Baseboard, Natural Gas",Central Air,unknown,1956000.0,2130,2022/6/1,1358300.0,23.0,Single Family Residence,1922,3,4,7840.0,sqft,"Natural Gas, Baseboard",Central Air,unknown,1555000.0,2,1.0,False,20.501022494887525,hard,-1,0,34,-7839.75,p2_more,p1_much,hard_p2_more
59146428,59146974,2131,2020/10/1,613089.8,14.8,Single Family Residence,1955,2,3,5662.0,sqft,Baseboard,Window Unit(s),unknown,741000.0,2131,2020/10/1,576284.25,11.25,Single Family Residence,1959,2,3,5227.0,sqft,Baseboard,Window Unit(s),unknown,600000.0,2,1.0,False,19.02834008097166,hard,0,0,-4,435.0,equal,similar,hard_equal
59142144,59147468,2131,2020/11/1,801710.3333,11.33333333,Single Family Residence,1915,3,3,3484.0,sqft,Hydro Air,Central Air,unknown,843000.0,2131,2020/11/1,710944.5,18.5,Single Family Residence,1873,3,4,4791.0,sqft,"Forced Air, Natural Gas",Central Air,unknown,560000.0,2,1.0,False,33.570581257414,medium,-1,0,42,-1307.0,p2_more,p1_much,medium_p2_more
59146996,59147367,2131,2021/12/1,748200.0,14.0,Single Family Residence,1934,2,4,0.27,Acres,"Forced Air, Oil, Steam",Central Air,unknown,849000.0,2131,2021/12/1,710805.036,13.07913669,Single Family Residence,1953,2,3,5662.0,sqft,Natural Gas,Wall Unit(s),unknown,690000.0,2,1.0,False,18.727915194346288,hard,1,0,-19,-5661.73,p1_slight,similar,hard_p1_slight
59141509,59146728,2131,2021/4/1,618317.6364,14.90909091,Single Family Residence,1950,1,3,5662.0,sqft,"Oil, Electric Baseboard, Baseboard",unknown,unknown,670000.0,2131,2021/4/1,588624.625,17.875,Single Family Residence,1880,2,4,6969.0,sqft,"Electric Baseboard, Oil, Baseboard",unknown,unknown,550000.0,2,1.0,False,17.91044776119403,hard,-1,-1,70,-1307.0,p2_more,p1_much,hard_p2_more
59141599,247150796,2131,2021/6/1,598593.6923,13.84615385,Single Family Residence,1900,2,5,7840.0,sqft,Baseboard,unknown,unknown,490000.0,2131,2021/6/1,560930.4545,12.18181818,"Condominium, Townhouse",1986,2,2,5662.0,sqft,Baseboard,unknown,unknown,625000.0,1,2.0,False,21.6,hard,3,0,-86,2178.0,p1_much,p2_newer,hard_p1_much
59143073,59146589,2131,2021/6/1,743974.4,11.6,Single Family Residence,1905,2,4,3920.0,sqft,Forced Air,Central Air,unknown,875000.0,2131,2021/6/1,668074.8,12.7,Single Family Residence,1968,2,4,4791.0,sqft,"Central, Active Solar, Baseboard, Natural Gas",Window Unit(s),unknown,715000.0,2,1.0,False,18.285714285714285,hard,0,0,-63,-871.0,equal,p2_newer,hard_equal
59143073,59147326,2131,2021/6/1,743974.4,11.6,Single Family Residence,1905,2,4,3920.0,sqft,Forced Air,Central Air,unknown,875000.0,2131,2021/6/1,686480.3333,12.5,Single Family Residence,1925,2,3,6534.0,sqft,"Forced Air, Natural Gas, Ductless","Ductless, Central Air",unknown,714000.0,2,1.0,False,18.4,hard,1,0,-20,-2614.0,p1_slight,p2_newer,hard_p1_slight
59143073,59147571,2131,2021/6/1,743974.4,11.6,Single Family Residence,1905,2,4,3920.0,sqft,Forced Air,Central Air,unknown,875000.0,2131,2021/6/1,672486.75,11.58333333,Single Family Residence,1935,2,3,3920.0,sqft,"Baseboard, Natural Gas",Window Unit(s),unknown,635000.0,2,1.0,False,27.42857142857143,medium,1,0,-30,0.0,p1_slight,p2_newer,medium_p1_slight
59143089,123851010,2131,2021/6/1,941210.9,20.0,Single Family Residence,1915,3,4,3484.0,sqft,"Forced Air, ENERGY STAR Qualified Equipment, Natural Gas","Dual, Central Air, ENERGY STAR Qualified Equipment",unknown,1050000.0,2131,2021/6/1,861046.1,15.4,Single Family Residence,2015,3,3,5662.0,sqft,"Forced Air, Natural Gas",Central Air,unknown,850000.0,2,1.0,False,19.047619047619047,hard,1,0,-100,-2178.0,p1_slight,p2_newer,hard_p1_slight
59144385,59144413,2131,2021/8/1,886462.0,17.0,Single Family Residence,2007,4,3,4356.0,sqft,Forced Air,Central Air,unknown,1050000.0,2131,2021/8/1,876683.3333,13.33333333,Single Family Residence,1899,2,3,6534.0,sqft,"Radiant, Hot Water, Baseboard, Natural Gas",Window Unit(s),unknown,875000.0,2,1.0,False,16.666666666666664,hard,0,2,108,-2178.0,equal,p1_much,hard_equal
59143148,59143485,2131,2021/9/1,759591.5254,21.16949153,Single Family Residence,1900,2,3,4791.0,sqft,"Hot Water, Electric Baseboard, Natural Gas",Window Unit(s),unknown,875000.0,2131,2021/9/1,650903.3898,11.91525424,Single Family Residence,1960,2,3,3484.0,sqft,"Natural Gas, Baseboard",Window Unit(s),unknown,695000.0,2,1.0,False,20.57142857142857,hard,0,0,-60,1307.0,equal,p2_newer,hard_equal
59143682,59146588,2131,2021/9/1,567549.1525,13.05084746,Single Family Residence,1958,3,4,4356.0,sqft,Natural Gas,Wall Unit(s),unknown,570000.0,2131,2021/9/1,620403.3898,15.59322034,Single Family Residence,1950,2,4,3920.0,sqft,Baseboard,Central Air,unknown,700000.0,1,2.0,False,18.571428571428573,hard,0,1,8,436.0,equal,p1_slight,hard_equal
59145941,59146675,2131,2022/4/1,760514.2857,20.0,Single Family Residence,1890,2,3,7840.0,sqft,"Hot Water, Central, Ductless","Central Air, Ductless",unknown,1025000.0,2131,2022/4/1,713228.5714,23.78571429,Single Family Residence,1925,3,4,6534.0,sqft,Baseboard,Central Air,unknown,769900.0,2,1.0,False,24.88780487804878,hard,-1,-1,-35,1306.0,p2_more,p2_newer,hard_p2_more
59143548,59144586,2131,2022/5/1,654640.0,21.96,Single Family Residence,1890,1,3,4791.0,sqft,Forced Air,Window Unit(s),unknown,775000.0,2131,2022/5/1,535708.0,30.6,Single Family Residence,1920,2,4,6098.0,sqft,"Hot Water, Natural Gas",Ductless,unknown,630000.0,2,1.0,False,18.70967741935484,hard,-1,-1,-30,-1307.0,p2_more,p2_newer,hard_p2_more
59153597,59160174,2132,2019/11/1,571374.0769,15.69230769,Single Family Residence,1989,2,3,3484.0,sqft,"Forced Air, Oil",Central Air,unknown,600000.0,2132,2019/11/1,570524.9148,11.39204545,Single Family Residence,1960,2,3,6534.0,sqft,Baseboard,Ductless,unknown,475000.0,2,1.0,False,20.833333333333336,hard,0,0,29,-3050.0,equal,p1_much,hard_equal
59155573,59160174,2132,2019/11/1,624448.1429,15.71428571,Single Family Residence,1929,1,3,4791.0,sqft,"Hot Water, Electric Baseboard, Natural Gas",Window Unit(s),unknown,599900.0,2132,2019/11/1,570524.9148,11.39204545,Single Family Residence,1960,2,3,6534.0,sqft,Baseboard,Ductless,unknown,475000.0,2,1.0,False,20.82013668944824,hard,0,-1,-31,-1743.0,equal,p2_newer,hard_equal
59155573,59160410,2132,2019/11/1,624448.1429,15.71428571,Single Family Residence,1929,1,3,4791.0,sqft,"Hot Water, Electric Baseboard, Natural Gas",Window Unit(s),unknown,599900.0,2132,2019/11/1,556367.0,10.0,Single Family Residence,1950,2,3,4356.0,sqft,"Oil, Baseboard",Window Unit(s),unknown,499000.0,2,1.0,False,16.81946991165194,hard,0,-1,-21,435.0,equal,p2_newer,hard_equal
59142924,59155335,2132,2019/12/1,677942.0,13.0,Single Family Residence,1920,2,3,3484.0,sqft,"Oil, Steam",unknown,unknown,697000.0,2132,2019/12/1,644475.0909,14.09090909,Single Family Residence,1900,2,4,6098.0,sqft,Baseboard,unknown,unknown,580000.0,2,1.0,False,16.786226685796272,hard,-1,0,20,-2614.0,p2_more,p1_slight,hard_p2_more
59154136,59155799,2132,2019/12/1,670100.8421,12.52631579,Single Family Residence,1928,2,3,4791.0,sqft,"Hot Water, Natural Gas","Ductless, Central Air",unknown,740000.0,2132,2019/12/1,701660.3333,10.0,Single Family Residence,1940,2,3,5227.0,sqft,"Oil, Hot Water",Window Unit(s),unknown,612500.0,2,1.0,False,17.22972972972973,hard,0,0,-12,-436.0,equal,similar,hard_equal
59157757,59160087,2132,2019/12/1,544494.9091,11.54545455,Single Family Residence,1930,1,3,8276.0,sqft,Hot Water,unknown,unknown,540000.0,2132,2019/12/1,490525.6667,10.0,Single Family Residence,1935,2,3,3484.0,sqft,"Hot Water, Oil",unknown,unknown,395000.0,2,1.0,False,26.851851851851855,medium,0,-1,-5,4792.0,equal,similar,medium_equal
59154384,59155205,2132,2019/7/1,716875.2778,14.33333333,Single Family Residence,1925,3,4,8712.0,sqft,"Forced Air, Natural Gas",Central Air,unknown,999000.0,2132,2019/7/1,732699.2308,13.46153846,Single Family Residence,1898,4,4,5227.0,sqft,Central,Central Air,unknown,605000.0,2,1.0,False,39.43943943943944,medium,0,-1,27,3485.0,equal,p1_much,medium_equal
59141636,59157055,2132,2020/1/1,501386.1852,19.0,Single Family Residence,1950,3,3,6534.0,sqft,"Oil, Baseboard",Ductless,unknown,479000.0,2132,2020/1/1,591178.3333,14.66666667,Single Family Residence,1915,1,2,5227.0,sqft,"Hot Water, Baseboard",Other,unknown,575000.0,1,2.0,False,16.695652173913047,hard,1,2,35,1307.0,p1_slight,p1_much,hard_p1_slight
59155827,59158265,2132,2020/1/1,781499.8889,17.11111111,Single Family Residence,1940,3,4,5227.0,sqft,"Steam, Natural Gas",Central Air,unknown,849000.0,2132,2020/1/1,694248.4167,13.66666667,Single Family Residence,1913,3,3,9583.0,sqft,Baseboard,Window Unit(s),unknown,675000.0,2,1.0,False,20.49469964664311,hard,1,0,27,-4356.0,p1_slight,p1_much,hard_p1_slight
59154404,59157758,2132,2020/11/1,782313.1429,12.28571429,Single Family Residence,1904,3,4,4791.0,sqft,"Central, Natural Gas",Window Unit(s),unknown,798000.0,2132,2020/11/1,709638.0,13.0,Single Family Residence,1931,2,3,5662.0,sqft,"Natural Gas, Baseboard",Central Air,unknown,649900.0,2,1.0,False,18.55889724310777,hard,1,1,-27,-871.0,p1_slight,p2_newer,hard_p1_slight
59157346,59160811,2132,2020/11/1,906299.9231,14.61538462,Single Family Residence,1910,4,5,4791.0,sqft,"Forced Air, Natural Gas",Central Air,unknown,950000.0,2132,2020/11/1,793679.9091,12.45454545,Single Family Residence,2017,3,4,4791.0,sqft,"Forced Air, Natural Gas",Central Air,unknown,750000.0,2,1.0,False,21.052631578947366,hard,1,1,-107,0.0,p1_slight,p2_newer,hard_p1_slight
59159834,59160552,2132,2020/12/1,589008.1818,15.81818182,Single Family Residence,1920,3,3,4791.0,sqft,"Hot Water, Natural Gas",Window Unit(s),unknown,640000.0,2132,2020/12/1,523668.8,19.6,Single Family Residence,1963,2,3,3920.0,sqft,Forced Air,Central Air,unknown,505000.0,2,1.0,False,21.09375,hard,0,1,-43,871.0,equal,p2_newer,hard_equal
59158896,59159434,2132,2020/6/1,682224.9091,13.81818182,Single Family Residence,1961,3,3,5662.0,sqft,"Baseboard, Natural Gas",Window Unit(s),unknown,754000.0,2132,2020/6/1,602675.0,16.33333333,Single Family Residence,1900,2,3,4791.0,sqft,"Forced Air, Electric Baseboard",Central Air,unknown,625000.0,2,1.0,False,17.108753315649867,hard,0,1,61,871.0,equal,p1_much,hard_equal
59141617,59142384,2132,2020/7/1,790937.2222,13.33333333,Single Family Residence,1941,3,3,7405.0,sqft,"Hot Water, Baseboard, Natural Gas",Central Air,unknown,890000.0,2132,2020/7/1,694086.0,15.6,Single Family Residence,1940,2,4,6534.0,sqft,Baseboard,Window Unit(s),unknown,720000.0,2,1.0,False,19.101123595505616,hard,-1,1,1,871.0,p2_more,p1_slight,hard_p2_more
59141617,59142692,2132,2020/7/1,790937.2222,13.33333333,Single Family Residence,1941,3,3,7405.0,sqft,"Hot Water, Baseboard, Natural Gas",Central Air,unknown,890000.0,2132,2020/7/1,723563.6667,13.33333333,Single Family Residence,1929,2,4,6098.0,sqft,"Hot Water, Oil",Window Unit(s),unknown,660000.0,2,1.0,False,25.842696629213485,medium,-1,1,12,1307.0,p2_more,p1_slight,medium_p2_more
59154084,59160439,2132,2020/7/1,507559.6667,15.16666667,Single Family Residence,1945,4,4,5662.0,sqft,Forced Air,Central Air,unknown,500000.0,2132,2020/7/1,537455.2,14.0,Single Family Residence,1960,2,3,4356.0,sqft,Hot Water,Window Unit(s),unknown,600000.0,1,2.0,False,16.666666666666664,hard,1,2,-15,1306.0,p1_slight,similar,hard_p1_slight
59158830,59161475,2132,2020/9/1,611697.0,12.8,Single Family Residence,1953,2,3,7840.0,sqft,Baseboard,Central Air,unknown,658000.0,2132,2020/9/1,558180.5,15.5,Single Family Residence,1960,3,3,4356.0,sqft,Baseboard,Window Unit(s),unknown,542500.0,2,1.0,False,17.5531914893617,hard,0,-1,-7,3484.0,equal,similar,hard_equal
59158046,59160666,2132,2021/1/1,521579.0,12.0,Single Family Residence,1954,1,3,5662.0,sqft,Hot Water,unknown,unknown,535000.0,2132,2021/1/1,491554.2143,12.57142857,Single Family Residence,1960,2,3,3920.0,sqft,"Oil, Electric Baseboard",unknown,unknown,435000.0,2,1.0,False,18.69158878504673,hard,0,-1,-6,1742.0,equal,similar,hard_equal
59159412,59161329,2132,2021/2/1,546283.1429,12.78571429,Single Family Residence,1925,1,2,5662.0,sqft,"Forced Air, Natural Gas",Central Air,unknown,551500.0,2132,2021/2/1,498853.0667,16.93333333,Single Family Residence,1896,2,3,4791.0,sqft,Forced Air,Window Unit(s),unknown,340000.0,2,1.0,False,38.34995466908431,medium,-1,-1,29,871.0,p2_more,p1_much,medium_p2_more
59155851,59162530,2132,2021/3/1,895353.5,27.5,Single Family Residence,1880,2,4,8276.0,sqft,"Natural Gas, Baseboard",unknown,unknown,1175000.0,2132,2021/3/1,809597.0,16.0,Single Family Residence,1904,2,3,5227.0,sqft,Natural Gas,unknown,unknown,799900.0,2,1.0,False,31.92340425531915,medium,1,0,-24,3049.0,p1_slight,p2_newer,medium_p1_slight
59141607,59142474,2132,2021/6/1,916028.0714,14.71428571,Single Family Residence,1928,3,3,8276.0,sqft,"Forced Air, Natural Gas, Hydro Air",Central Air,unknown,1100000.0,2132,2021/6/1,868140.1429,10.28571429,Single Family Residence,1968,2,4,6534.0,sqft,"Baseboard, Natural Gas",Window Unit(s),unknown,900000.0,2,1.0,False,18.181818181818183,hard,-1,1,-40,1742.0,p2_more,p2_newer,hard_p2_more
59141607,59156307,2132,2021/6/1,916028.0714,14.71428571,Single Family Residence,1928,3,3,8276.0,sqft,"Forced Air, Natural Gas, Hydro Air",Central Air,unknown,1100000.0,2132,2021/6/1,857550.0,15.0,Single Family Residence,1931,2,4,4791.0,sqft,"Central, Natural Gas",Central Air,unknown,890000.0,2,1.0,False,19.090909090909093,hard,-1,1,-3,3485.0,p2_more,similar,hard_p2_more
59141607,59157549,2132,2021/6/1,916028.0714,14.71428571,Single Family Residence,1928,3,3,8276.0,sqft,"Forced Air, Natural Gas, Hydro Air",Central Air,unknown,1100000.0,2132,2021/6/1,800198.4444,15.55555556,Single Family Residence,1935,2,3,9147.0,sqft,"Hot Water, Heat Pump","3 or More, Whole House Fan, Heat Pump",unknown,820000.0,2,1.0,False,25.454545454545453,medium,0,1,-7,-871.0,equal,similar,medium_equal
59141607,59158636,2132,2021/6/1,916028.0714,14.71428571,Single Family Residence,1928,3,3,8276.0,sqft,"Forced Air, Natural Gas, Hydro Air",Central Air,unknown,1100000.0,2132,2021/6/1,979660.4,23.8,Single Family Residence,2003,3,5,8712.0,sqft,"Forced Air, Natural Gas",Central Air,unknown,875000.0,2,1.0,False,20.454545454545457,hard,-2,0,-75,-436.0,p2_more,p2_newer,hard_p2_more
59141629,59160622,2132,2021/6/1,741379.16,12.68,Single Family Residence,1958,2,3,8276.0,sqft,Forced Air,Central Air,unknown,825000.0,2132,2021/6/1,652638.6364,13.27272727,Single Family Residence,1950,3,4,6534.0,sqft,"Hot Water, Natural Gas",Window Unit(s),unknown,600000.0,2,1.0,False,27.27272727272727,medium,-1,-1,8,1742.0,p2_more,p1_slight,medium_p2_more
59154219,59160622,2132,2021/6/1,773033.3636,20.0,Single Family Residence,1940,1,3,5662.0,sqft,"Hot Water, Radiant, Hydronic Floor Heat(Radiant), Natural Gas",Central Air,unknown,890000.0,2132,2021/6/1,652638.6364,13.27272727,Single Family Residence,1950,3,4,6534.0,sqft,"Hot Water, Natural Gas",Window Unit(s),unknown,600000.0,2,1.0,False,32.58426966292135,medium,-1,-2,-10,-872.0,p2_more,similar,medium_p2_more
59157878,59158157,2132,2021/6/1,969425.5455,21.0,Single Family Residence,1900,2,5,6534.0,sqft,"Forced Air, Natural Gas",Central Air,unknown,1150000.0,2132,2021/6/1,906905.2727,27.0,Single Family Residence,1880,2,4,10018.0,sqft,"Oil, Hot Water",Window Unit(s),unknown,930000.0,2,1.0,False,19.130434782608695,hard,1,0,20,-3484.0,p1_slight,p1_slight,hard_p1_slight
59158157,59158303,2132,2021/6/1,906905.2727,27.0,Single Family Residence,1880,2,4,10018.0,sqft,"Oil, Hot Water",Window Unit(s),unknown,930000.0,2132,2021/6/1,757716.0,11.2,Single Family Residence,1964,2,3,5227.0,sqft,"Baseboard, Ductless",Ductless,unknown,770000.0,2,1.0,False,17.20430107526882,hard,1,0,-84,4791.0,p1_slight,p2_newer,hard_p1_slight
59141929,59160533,2132,2021/7/1,616744.0909,11.81818182,Single Family Residence,1938,2,3,4356.0,sqft,"Hot Water, Electric Baseboard, Baseboard",Window Unit(s),unknown,715000.0,2132,2021/7/1,574741.92,16.72,Single Family Residence,1914,2,3,9583.0,sqft,"Electric Baseboard, Hot Water, Natural Gas",Window Unit(s),unknown,590000.0,2,1.0,False,17.482517482517483,hard,0,0,24,-5227.0,equal,p1_much,hard_equal
59156757,59157400,2132,2021/7/1,919075.2727,11.09090909,Single Family Residence,1945,2,4,7840.0,sqft,Natural Gas,Central Air,unknown,817500.0,2132,2021/7/1,879782.3,18.95,Single Family Residence,1930,2,4,4356.0,sqft,"Ductless, Hot Water, Baseboard","Ductless, Central Air",unknown,1080000.0,1,2.0,False,24.305555555555554,hard,0,0,15,3484.0,equal,p1_slight,hard_equal
59156757,59162165,2132,2021/7/1,919075.2727,11.09090909,Single Family Residence,1945,2,4,7840.0,sqft,Natural Gas,Central Air,unknown,817500.0,2132,2021/7/1,945952.52,12.56,Single Family Residence,1925,3,4,7840.0,sqft,"Hot Water, Baseboard",Window Unit(s),unknown,1150000.0,1,2.0,False,28.913043478260867,medium,0,-1,20,0.0,equal,p1_slight,medium_equal
59157128,59157400,2132,2021/7/1,805338.85,15.8,Single Family Residence,1960,3,4,6534.0,sqft,Baseboard,Window Unit(s),unknown,880000.0,2132,2021/7/1,879782.3,18.95,Single Family Residence,1930,2,4,4356.0,sqft,"Ductless, Hot Water, Baseboard","Ductless, Central Air",unknown,1080000.0,1,2.0,False,18.51851851851852,hard,0,1,30,2178.0,equal,p1_much,hard_equal
59157128,59161565,2132,2021/7/1,805338.85,15.8,Single Family Residence,1960,3,4,6534.0,sqft,Baseboard,Window Unit(s),unknown,880000.0,2132,2021/7/1,702518.72,13.36,Single Family Residence,1940,2,3,10018.0,sqft,"Forced Air, Electric Baseboard, Natural Gas",Central Air,unknown,715000.0,2,1.0,False,18.75,hard,1,1,20,-3484.0,p1_slight,p1_slight,hard_p1_slight
59157400,59158908,2132,2021/7/1,879782.3,18.95,Single Family Residence,1930,2,4,4356.0,sqft,"Ductless, Hot Water, Baseboard","Ductless, Central Air",unknown,1080000.0,2132,2021/7/1,774888.44,10.96,Single Family Residence,1959,2,3,5227.0,sqft,Baseboard,Window Unit(s),unknown,682000.0,2,1.0,False,36.851851851851855,medium,1,0,-29,-871.0,p1_slight,p2_newer,medium_p1_slight
59157547,59158908,2132,2021/7/1,832114.0,21.0,Single Family Residence,1920,2,4,7405.0,sqft,"Forced Air, Natural Gas",Central Air,unknown,900000.0,2132,2021/7/1,774888.44,10.96,Single Family Residence,1959,2,3,5227.0,sqft,Baseboard,Window Unit(s),unknown,682000.0,2,1.0,False,24.22222222222222,hard,1,0,-39,2178.0,p1_slight,p2_newer,hard_p1_slight
59157547,59161565,2132,2021/7/1,832114.0,21.0,Single Family Residence,1920,2,4,7405.0,sqft,"Forced Air, Natural Gas",Central Air,unknown,900000.0,2132,2021/7/1,702518.72,13.36,Single Family Residence,1940,2,3,10018.0,sqft,"Forced Air, Electric Baseboard, Natural Gas",Central Air,unknown,715000.0,2,1.0,False,20.555555555555554,hard,1,0,-20,-2613.0,p1_slight,p2_newer,hard_p1_slight
59124864,59157063,2132,2021/8/1,798366.6667,19.66666667,Single Family Residence,1950,3,3,8712.0,sqft,Baseboard,Window Unit(s),unknown,975000.0,2132,2021/8/1,707627.75,12.55,Single Family Residence,1954,4,4,5227.0,sqft,"Electric Baseboard, Baseboard, Natural Gas",Central Air,unknown,605000.0,2,1.0,False,37.94871794871795,medium,-1,-1,-4,3485.0,p2_more,similar,medium_p2_more
59124864,59158446,2132,2021/8/1,798366.6667,19.66666667,Single Family Residence,1950,3,3,8712.0,sqft,Baseboard,Window Unit(s),unknown,975000.0,2132,2021/8/1,718334.3158,13.78947368,Single Family Residence,1930,2,4,6969.0,sqft,"Electric Baseboard, Baseboard",Window Unit(s),unknown,605000.0,2,1.0,False,37.94871794871795,medium,-1,1,20,1743.0,p2_more,p1_slight,medium_p2_more
59124864,59161144,2132,2021/8/1,798366.6667,19.66666667,Single Family Residence,1950,3,3,8712.0,sqft,Baseboard,Window Unit(s),unknown,975000.0,2132,2021/8/1,769177.7778,12.55555556,Single Family Residence,1967,2,4,6098.0,sqft,"Natural Gas, Baseboard",Window Unit(s),unknown,715000.0,2,1.0,False,26.666666666666668,medium,-1,1,-17,2614.0,p2_more,similar,medium_p2_more
59142422,59158446,2132,2021/8/1,813800.7212,12.89090909,Single Family Residence,1938,2,3,6534.0,sqft,"Hot Water, Natural Gas",Window Unit(s),unknown,875000.0,2132,2021/8/1,718334.3158,13.78947368,Single Family Residence,1930,2,4,6969.0,sqft,"Electric Baseboard, Baseboard",Window Unit(s),unknown,605000.0,2,1.0,False,30.857142857142854,medium,-1,0,8,-435.0,p2_more,p1_slight,medium_p2_more
59142422,59161144,2132,2021/8/1,813800.7212,12.89090909,Single Family Residence,1938,2,3,6534.0,sqft,"Hot Water, Natural Gas",Window Unit(s),unknown,875000.0,2132,2021/8/1,769177.7778,12.55555556,Single Family Residence,1967,2,4,6098.0,sqft,"Natural Gas, Baseboard",Window Unit(s),unknown,715000.0,2,1.0,False,18.285714285714285,hard,-1,0,-29,436.0,p2_more,p2_newer,hard_p2_more
59154549,59155228,2132,2021/8/1,706212.4583,11.625,Single Family Residence,1950,2,3,6969.0,sqft,"Hot Water, Baseboard, Natural Gas",Window Unit(s),unknown,625000.0,2132,2021/8/1,720081.25,11.625,Single Family Residence,1950,2,3,3920.0,sqft,"Hot Water, Steam, Natural Gas",Window Unit(s),unknown,790000.0,1,2.0,False,20.88607594936709,hard,0,0,0,3049.0,equal,similar,hard_equal
59154549,59156944,2132,2021/8/1,706212.4583,11.625,Single Family Residence,1950,2,3,6969.0,sqft,"Hot Water, Baseboard, Natural Gas",Window Unit(s),unknown,625000.0,2132,2021/8/1,724797.8333,12.66666667,Single Family Residence,1940,2,3,3920.0,sqft,"Central, Natural Gas",Central Air,unknown,855000.0,1,2.0,False,26.900584795321635,medium,0,0,10,3049.0,equal,p1_slight,medium_equal
59155228,59157063,2132,2021/8/1,720081.25,11.625,Single Family Residence,1950,2,3,3920.0,sqft,"Hot Water, Steam, Natural Gas",Window Unit(s),unknown,790000.0,2132,2021/8/1,707627.75,12.55,Single Family Residence,1954,4,4,5227.0,sqft,"Electric Baseboard, Baseboard, Natural Gas",Central Air,unknown,605000.0,2,1.0,False,23.417721518987342,hard,-1,-2,-4,-1307.0,p2_more,similar,hard_p2_more
59155228,59158446,2132,2021/8/1,720081.25,11.625,Single Family Residence,1950,2,3,3920.0,sqft,"Hot Water, Steam, Natural Gas",Window Unit(s),unknown,790000.0,2132,2021/8/1,718334.3158,13.78947368,Single Family Residence,1930,2,4,6969.0,sqft,"Electric Baseboard, Baseboard",Window Unit(s),unknown,605000.0,2,1.0,False,23.417721518987342,hard,-1,0,20,-3049.0,p2_more,p1_slight,hard_p2_more
59156376,59158535,2132,2021/8/1,1415012.0,19.2,Single Family Residence,1880,4,6,0.39,Acres,"Steam, Electric Baseboard",Window Unit(s),unknown,1660000.0,2132,2021/8/1,1230635.593,10.0,Single Family Residence,2016,3,4,6534.0,sqft,"Forced Air, Natural Gas, ENERGY STAR Qualified Equipment","Central Air, ENERGY STAR Qualified Equipment",unknown,1260000.0,2,1.0,False,24.096385542168676,hard,2,1,-136,-6533.61,p1_much,p2_newer,hard_p1_much
59156944,59157063,2132,2021/8/1,724797.8333,12.66666667,Single Family Residence,1940,2,3,3920.0,sqft,"Central, Natural Gas",Central Air,unknown,855000.0,2132,2021/8/1,707627.75,12.55,Single Family Residence,1954,4,4,5227.0,sqft,"Electric Baseboard, Baseboard, Natural Gas",Central Air,unknown,605000.0,2,1.0,False,29.239766081871345,medium,-1,-2,-14,-1307.0,p2_more,similar,medium_p2_more
59156944,59158446,2132,2021/8/1,724797.8333,12.66666667,Single Family Residence,1940,2,3,3920.0,sqft,"Central, Natural Gas",Central Air,unknown,855000.0,2132,2021/8/1,718334.3158,13.78947368,Single Family Residence,1930,2,4,6969.0,sqft,"Electric Baseboard, Baseboard",Window Unit(s),unknown,605000.0,2,1.0,False,29.239766081871345,medium,-1,0,10,-3049.0,p2_more,p1_slight,medium_p2_more
59155221,59157654,2132,2022/1/1,866922.2222,15.0,Single Family Residence,1914,2,3,4791.0,sqft,"Steam, Natural Gas",Ductless,unknown,916000.0,2132,2022/1/1,760300.0,18.42361111,Single Family Residence,2006,3,3,3920.0,sqft,Forced Air,Central Air,unknown,760000.0,2,1.0,False,17.03056768558952,hard,0,-1,-92,871.0,equal,p2_newer,hard_equal
59141693,59159116,2132,2022/2/1,632473.2484,17.72611465,Single Family Residence,1950,2,3,7405.0,sqft,"Forced Air, Natural Gas",unknown,unknown,650000.0,2132,2022/2/1,595030.3681,11.18055556,Single Family Residence,1920,2,4,3920.0,sqft,Baseboard,unknown,unknown,538500.0,2,1.0,False,17.153846153846153,hard,-1,0,30,3485.0,p2_more,p1_much,hard_p2_more
59156645,59157557,2132,2022/4/1,903000.0,16.78571429,Single Family Residence,1925,3,4,5662.0,sqft,Baseboard,"Window Unit(s), None",unknown,1200000.0,2132,2022/4/1,889121.4286,14.0,Single Family Residence,1964,2,4,7840.0,sqft,"Natural Gas, Baseboard",Ductless,unknown,875000.0,2,1.0,False,27.083333333333332,medium,0,1,-39,-2178.0,equal,p2_newer,medium_equal
59156645,59157594,2132,2022/4/1,903000.0,16.78571429,Single Family Residence,1925,3,4,5662.0,sqft,Baseboard,"Window Unit(s), None",unknown,1200000.0,2132,2022/4/1,848028.5714,16.71428571,Single Family Residence,1920,3,3,4356.0,sqft,"Forced Air, Natural Gas",Central Air,unknown,965000.0,2,1.0,False,19.583333333333332,hard,1,0,5,1306.0,p1_slight,p1_slight,hard_p1_slight
59157594,59158447,2132,2022/4/1,848028.5714,16.71428571,Single Family Residence,1920,3,3,4356.0,sqft,"Forced Air, Natural Gas",Central Air,unknown,965000.0,2132,2022/4/1,759366.6667,14.0,Single Family Residence,1988,2,3,6969.0,sqft,Baseboard,Window Unit(s),unknown,760000.0,2,1.0,False,21.243523316062177,hard,0,1,-68,-2613.0,equal,p2_newer,hard_equal
59142442,59158740,2132,2022/5/1,915471.4286,15.85714286,Single Family Residence,1930,2,4,6969.0,sqft,Baseboard,Central Air,unknown,1100000.0,2132,2022/5/1,818614.2857,10.14285714,Single Family Residence,1939,2,3,3484.0,sqft,"Electric Baseboard, Hot Water, Steam, Natural Gas",Window Unit(s),unknown,852000.0,2,1.0,False,22.545454545454547,hard,1,0,-9,3485.0,p1_slight,similar,hard_p1_slight
59154224,59158419,2132,2022/5/1,980169.2308,12.84615385,Single Family Residence,1920,2,4,4356.0,sqft,"Electric Baseboard, Hot Water, Natural Gas",Central Air,unknown,1165000.0,2132,2022/5/1,894685.7143,13.85714286,Single Family Residence,1990,3,3,5662.0,sqft,"Central, Baseboard, Natural Gas",Central Air,unknown,950000.0,2,1.0,False,18.4549356223176,hard,1,-1,-70,-1306.0,p1_slight,p2_newer,hard_p1_slight
59156397,59158740,2132,2022/5/1,972964.2857,24.85714286,Single Family Residence,1910,2,5,7405.0,sqft,Baseboard,Window Unit(s),unknown,1025000.0,2132,2022/5/1,818614.2857,10.14285714,Single Family Residence,1939,2,3,3484.0,sqft,"Electric Baseboard, Hot Water, Steam, Natural Gas",Window Unit(s),unknown,852000.0,2,1.0,False,16.878048780487806,hard,2,0,-29,3921.0,p1_much,p2_newer,hard_p1_much
59158169,59160085,2132,2022/5/1,738277.7778,17.11111111,Single Family Residence,1920,2,4,4791.0,sqft,"Hot Water, Central, Baseboard, Natural Gas",Window Unit(s),unknown,850000.0,2132,2022/5/1,690157.1429,11.57142857,Single Family Residence,1935,2,3,3484.0,sqft,"Steam, Radiant",Window Unit(s),unknown,695000.0,2,1.0,False,18.235294117647058,hard,1,0,-15,1307.0,p1_slight,similar,hard_p1_slight
59158169,59160114,2132,2022/5/1,738277.7778,17.11111111,Single Family Residence,1920,2,4,4791.0,sqft,"Hot Water, Central, Baseboard, Natural Gas",Window Unit(s),unknown,850000.0,2132,2022/5/1,646850.0,11.5,Single Family Residence,1940,2,3,5662.0,sqft,"Forced Air, Natural Gas",Central Air,unknown,675000.0,2,1.0,False,20.588235294117645,hard,1,0,-20,-871.0,p1_slight,p2_newer,hard_p1_slight
59158419,59160613,2132,2022/5/1,894685.7143,13.85714286,Single Family Residence,1990,3,3,5662.0,sqft,"Central, Baseboard, Natural Gas",Central Air,unknown,950000.0,2132,2022/5/1,778328.4091,15.85227273,Single Family Residence,1938,2,4,9583.0,sqft,"Baseboard, Natural Gas",Central Air,unknown,730000.0,2,1.0,False,23.157894736842106,hard,-1,1,52,-3921.0,p2_more,p1_much,hard_p2_more
59154055,59160848,2132,2022/6/1,821400.0,14.0,Single Family Residence,1928,2,3,4356.0,sqft,"Electric Baseboard, Baseboard",unknown,unknown,800000.0,2132,2022/6/1,775320.0,19.33333333,Single Family Residence,1900,2,4,7840.0,sqft,Baseboard,unknown,unknown,625000.0,2,1.0,False,21.875,hard,-1,0,28,-3484.0,p2_more,p1_much,hard_p2_more
59154435,59160848,2132,2022/6/1,842222.2222,17.33333333,Single Family Residence,1920,2,3,8276.0,sqft,"Baseboard, Natural Gas",unknown,unknown,885000.0,2132,2022/6/1,775320.0,19.33333333,Single Family Residence,1900,2,4,7840.0,sqft,Baseboard,unknown,unknown,625000.0,2,1.0,False,29.37853107344633,medium,-1,0,20,436.0,p2_more,p1_slight,medium_p2_more
59154435,59211327,2132,2022/6/1,842222.2222,17.33333333,Single Family Residence,1920,2,3,8276.0,sqft,"Baseboard, Natural Gas",unknown,unknown,885000.0,2132,2022/6/1,752974.1935,14.12903226,Single Family Residence,1940,2,4,5227.0,sqft,Oil,unknown,unknown,680000.0,2,1.0,False,23.163841807909606,hard,-1,0,-20,3049.0,p2_more,p2_newer,hard_p2_more
59155369,59161171,2132,2022/6/1,841409.5238,14.04761905,Single Family Residence,1940,2,3,3484.0,sqft,"Forced Air, Electric Baseboard",Central Air,unknown,950000.0,2132,2022/6/1,737802.2222,13.06666667,Single Family Residence,1960,3,3,6098.0,sqft,Baseboard,Central Air,unknown,700000.0,2,1.0,False,26.31578947368421,medium,0,-1,-20,-2614.0,equal,p2_newer,medium_equal
59156243,59160848,2132,2022/6/1,751375.2809,17.56179775,Single Family Residence,1930,2,4,3920.0,sqft,"Hot Water, Natural Gas",unknown,unknown,810000.0,2132,2022/6/1,775320.0,19.33333333,Single Family Residence,1900,2,4,7840.0,sqft,Baseboard,unknown,unknown,625000.0,2,1.0,False,22.839506172839506,hard,0,0,30,-3920.0,equal,p1_much,hard_equal
59156284,59156715,2132,2022/6/1,668651.6854,15.0,Single Family Residence,1959,2,3,8276.0,sqft,"Hot Water, Natural Gas","Central Air, Wall Unit(s)",unknown,570000.0,2132,2022/6/1,759040.0,15.0,Single Family Residence,1940,2,3,5662.0,sqft,"Baseboard, Central",Window Unit(s),unknown,845000.0,1,2.0,False,32.544378698224854,medium,0,0,19,2614.0,equal,p1_slight,medium_equal
59156678,59161171,2132,2022/6/1,851084.6154,17.34065934,Single Family Residence,1930,2,3,6098.0,sqft,"Hot Water, Natural Gas",Window Unit(s),unknown,905000.0,2132,2022/6/1,737802.2222,13.06666667,Single Family Residence,1960,3,3,6098.0,sqft,Baseboard,Central Air,unknown,700000.0,2,1.0,False,22.65193370165746,hard,0,-1,-30,0.0,equal,p2_newer,hard_equal
59156715,59161171,2132,2022/6/1,759040.0,15.0,Single Family Residence,1940,2,3,5662.0,sqft,"Baseboard, Central",Window Unit(s),unknown,845000.0,2132,2022/6/1,737802.2222,13.06666667,Single Family Residence,1960,3,3,6098.0,sqft,Baseboard,Central Air,unknown,700000.0,2,1.0,False,17.159763313609467,hard,0,-1,-20,-436.0,equal,p2_newer,hard_equal
59156749,59161147,2132,2022/6/1,864980.7692,12.42307692,Single Family Residence,1924,3,3,4356.0,sqft,Baseboard,Central Air,unknown,1025000.0,2132,2022/6/1,792041.1765,11.35294118,Single Family Residence,1965,2,5,6534.0,sqft,"Fireplace, Baseboard","Other, None",unknown,830000.0,2,1.0,False,19.024390243902438,hard,-2,1,-41,-2178.0,p2_more,p2_newer,hard_p2_more
59157186,59161044,2132,2022/6/1,707717.9775,15.62921348,Single Family Residence,1931,2,3,3920.0,sqft,"Oil, Hot Water",Wall Unit(s),unknown,740000.0,2132,2022/6/1,620470.7865,16.86516854,Single Family Residence,1930,1,4,4356.0,sqft,Baseboard,Window Unit(s),unknown,615000.0,2,1.0,False,16.89189189189189,hard,-1,1,1,-436.0,p2_more,p1_slight,hard_p2_more
59157233,59160848,2132,2022/6/1,769153.8462,15.92307692,Single Family Residence,1928,2,4,3920.0,sqft,"Oil, Hot Water, Baseboard",unknown,unknown,750000.0,2132,2022/6/1,775320.0,19.33333333,Single Family Residence,1900,2,4,7840.0,sqft,Baseboard,unknown,unknown,625000.0,2,1.0,False,16.666666666666664,hard,0,0,28,-3920.0,equal,p1_much,hard_equal
59157323,59211327,2132,2022/6/1,852474.4444,18.42222222,Single Family Residence,1913,2,6,4791.0,sqft,"Hot Water, Central, Natural Gas",unknown,unknown,820000.0,2132,2022/6/1,752974.1935,14.12903226,Single Family Residence,1940,2,4,5227.0,sqft,Oil,unknown,unknown,680000.0,2,1.0,False,17.073170731707318,hard,2,0,-27,-436.0,p1_much,p2_newer,hard_p1_much
59158866,59160820,2132,2022/6/1,821657.6923,14.26923077,Single Family Residence,1928,3,3,5227.0,sqft,"Steam, Electric Baseboard","Window Unit(s), None",unknown,1095000.0,2132,2022/6/1,926226.9663,14.23595506,Single Family Residence,1900,3,5,9583.0,sqft,Gravity,Central Air,unknown,875000.0,2,1.0,False,20.091324200913242,hard,-2,0,28,-4356.0,p2_more,p1_much,hard_p2_more
59158866,59161147,2132,2022/6/1,821657.6923,14.26923077,Single Family Residence,1928,3,3,5227.0,sqft,"Steam, Electric Baseboard","Window Unit(s), None",unknown,1095000.0,2132,2022/6/1,792041.1765,11.35294118,Single Family Residence,1965,2,5,6534.0,sqft,"Fireplace, Baseboard","Other, None",unknown,830000.0,2,1.0,False,24.200913242009133,hard,-2,1,-37,-1307.0,p2_more,p2_newer,hard_p2_more
59158866,59161171,2132,2022/6/1,821657.6923,14.26923077,Single Family Residence,1928,3,3,5227.0,sqft,"Steam, Electric Baseboard","Window Unit(s), None",unknown,1095000.0,2132,2022/6/1,737802.2222,13.06666667,Single Family Residence,1960,3,3,6098.0,sqft,Baseboard,Central Air,unknown,700000.0,2,1.0,False,36.07305936073059,medium,0,0,-32,-871.0,equal,p2_newer,medium_equal
59159238,59161147,2132,2022/6/1,798071.4286,13.14285714,Single Family Residence,1810,3,3,4791.0,sqft,Baseboard,Window Unit(s),unknown,1010000.0,2132,2022/6/1,792041.1765,11.35294118,Single Family Residence,1965,2,5,6534.0,sqft,"Fireplace, Baseboard","Other, None",unknown,830000.0,2,1.0,False,17.82178217821782,hard,-2,1,-155,-1743.0,p2_more,p2_newer,hard_p2_more
59155217,59161521,2132,2022/7/1,585540.0,15.9,Single Family Residence,1925,1,2,5227.0,sqft,Baseboard,Other,unknown,635000.0,2132,2022/7/1,507971.0345,12.77241379,Single Family Residence,1916,2,3,7405.0,sqft,Natural Gas,Window Unit(s),unknown,475000.0,2,1.0,False,25.196850393700785,medium,-1,-1,9,-2178.0,p2_more,p1_slight,medium_p2_more
59096373,59097045,2135,2021/6/1,695612.8182,16.0,Single Family Residence,1930,2,4,3484.0,sqft,"Natural Gas, Baseboard",unknown,unknown,804500.0,2135,2021/6/1,645389.8182,13.81818182,Single Family Residence,1954,2,3,6534.0,sqft,Forced Air,unknown,unknown,580000.0,2,1.0,False,27.905531385954006,medium,1,0,-24,-3050.0,p1_slight,p2_newer,medium_p1_slight
59127777,59129159,2136,2019/10/1,472707.7692,11.84615385,Single Family Residence,1950,2,4,5227.0,sqft,Baseboard,Central Air,unknown,585000.0,2136,2019/10/1,425845.8889,10.0,Single Family Residence,1960,2,3,4791.0,sqft,"Baseboard, Natural Gas",Window Unit(s),unknown,409900.0,2,1.0,False,29.93162393162393,medium,1,0,-10,436.0,p1_slight,similar,medium_p1_slight
59129878,59130123,2136,2019/11/1,458211.0,15.0,Single Family Residence,1910,1,2,5227.0,sqft,"Hot Water, Natural Gas",unknown,unknown,560000.0,2136,2019/11/1,440145.0,11.0,Single Family Residence,1950,1,3,6534.0,sqft,"Oil, Baseboard",unknown,unknown,430105.0,2,1.0,False,23.195535714285715,hard,-1,0,-40,-1307.0,p2_more,p2_newer,hard_p2_more
59125202,59126062,2136,2019/12/1,486476.3333,12.22222222,Single Family Residence,1950,2,5,5227.0,sqft,"Natural Gas, Baseboard",Window Unit(s),unknown,524000.0,2136,2019/12/1,451894.5714,14.28571429,Single Family Residence,1942,1,3,6534.0,sqft,Central,Window Unit(s),unknown,412000.0,2,1.0,False,21.374045801526716,hard,2,1,8,-1307.0,p1_much,p1_slight,hard_p1_much
59126969,59127157,2136,2019/12/1,496916.7778,13.11111111,Single Family Residence,1940,3,4,6534.0,sqft,"Baseboard, Natural Gas",Window Unit(s),unknown,610000.0,2136,2019/12/1,462810.5385,16.15384615,Single Family Residence,1910,2,3,4356.0,sqft,"Forced Air, Natural Gas",Central Air,unknown,455000.0,2,1.0,False,25.40983606557377,medium,1,1,30,2178.0,p1_slight,p1_much,medium_p1_slight
59126969,59212540,2136,2019/12/1,496916.7778,13.11111111,Single Family Residence,1940,3,4,6534.0,sqft,"Baseboard, Natural Gas",Window Unit(s),unknown,610000.0,2136,2019/12/1,530930.75,14.55,Single Family Residence,1999,3,3,0.4,Acres,Forced Air,Central Air,unknown,485000.0,2,1.0,False,20.491803278688526,hard,1,0,-59,6533.6,p1_slight,p2_newer,hard_p1_slight
59126981,59212540,2136,2019/12/1,541881.2222,13.11111111,Single Family Residence,1950,2,3,6098.0,sqft,"Baseboard, Natural Gas","Central Air, Ductless",unknown,610000.0,2136,2019/12/1,530930.75,14.55,Single Family Residence,1999,3,3,0.4,Acres,Forced Air,Central Air,unknown,485000.0,2,1.0,False,20.491803278688526,hard,0,-1,-49,6097.6,equal,p2_newer,hard_equal
59126279,59126465,2136,2019/8/1,481049.0,10.0,Single Family Residence,1929,2,3,0.26,Acres,"Hot Water, Natural Gas",unknown,unknown,520000.0,2136,2019/8/1,443454.1667,12.0,Single Family Residence,1910,1,4,8276.0,sqft,"Forced Air, Natural Gas",unknown,unknown,389000.0,2,1.0,False,25.192307692307693,medium,-1,1,19,-8275.74,p2_more,p1_slight,medium_p2_more
59128372,59129896,2136,2020/12/1,502692.3077,18.15384615,Single Family Residence,1950,3,4,4791.0,sqft,Natural Gas,Window Unit(s),unknown,580000.0,2136,2020/12/1,459275.0,12.0,Single Family Residence,1935,1,3,6098.0,sqft,"Hot Water, Natural Gas",Window Unit(s),unknown,465000.0,2,1.0,False,19.82758620689655,hard,1,2,15,-1307.0,p1_slight,p1_slight,hard_p1_slight
59127136,59129791,2136,2020/5/1,596564.75,15.25,Single Family Residence,1935,3,3,4791.0,sqft,Natural Gas,Central Air,unknown,655000.0,2136,2020/5/1,533630.2727,12.27272727,Single Family Residence,1948,2,3,10454.0,sqft,"Forced Air, Natural Gas",Central Air,unknown,532500.0,2,1.0,False,18.702290076335878,hard,0,1,-13,-5663.0,equal,similar,hard_equal
59127964,59130050,2136,2020/5/1,469346.0,13.33333333,Single Family Residence,1930,1,3,4356.0,sqft,"Natural Gas, Steam",Window Unit(s),unknown,535000.0,2136,2020/5/1,464960.6364,13.27272727,Single Family Residence,1876,2,3,5662.0,sqft,Baseboard,Other,unknown,445000.0,2,1.0,False,16.822429906542055,hard,0,-1,54,-1306.0,equal,p1_much,hard_equal
59126226,59127210,2136,2020/8/1,552393.2,15.0,Single Family Residence,1955,2,3,4791.0,sqft,"Baseboard, Natural Gas",Window Unit(s),unknown,645500.0,2136,2020/8/1,529473.7778,15.77777778,Single Family Residence,1890,2,4,7840.0,sqft,Forced Air,Central Air,unknown,525000.0,2,1.0,False,18.66769945778466,hard,-1,0,65,-3049.0,p2_more,p1_much,hard_p2_more
59128630,59129639,2136,2021/10/1,680559.322,10.0,Single Family Residence,1964,2,3,3920.0,sqft,"Oil, Baseboard",Window Unit(s),unknown,680000.0,2136,2021/10/1,665901.6949,24.23728814,Single Family Residence,1890,2,5,7405.0,sqft,"Forced Air, Oil",Central Air,unknown,551000.0,2,1.0,False,18.970588235294116,hard,-2,0,74,-3485.0,p2_more,p1_much,hard_p2_more
59125011,59127100,2136,2021/2/1,641462.0714,11.92857143,Single Family Residence,1961,4,4,7405.0,sqft,Baseboard,Window Unit(s),unknown,635000.0,2136,2021/2/1,566104.4286,18.85714286,Single Family Residence,1882,1,4,6534.0,sqft,"Steam, Natural Gas",Window Unit(s),unknown,445000.0,2,1.0,False,29.92125984251969,medium,0,3,79,871.0,equal,p1_much,medium_equal
59127037,59127100,2136,2021/2/1,606019.4,11.4,Single Family Residence,1895,2,3,3484.0,sqft,"Natural Gas, Steam",Window Unit(s),unknown,624900.0,2136,2021/2/1,566104.4286,18.85714286,Single Family Residence,1882,1,4,6534.0,sqft,"Steam, Natural Gas",Window Unit(s),unknown,445000.0,2,1.0,False,28.788606176988317,medium,-1,1,13,-3050.0,p2_more,p1_slight,medium_p2_more
59129642,59139888,2136,2021/3/1,577029.0,16.0,Single Family Residence,1961,1,3,8276.0,sqft,Baseboard,Window Unit(s),unknown,549900.0,2136,2021/3/1,516544.1538,14.30769231,Single Family Residence,1930,2,3,3049.0,sqft,Baseboard,Window Unit(s),unknown,435000.0,2,1.0,False,20.894708128750683,hard,0,-1,31,5227.0,equal,p1_much,hard_equal
59126108,59130113,2136,2021/5/1,577889.0,16.0,Single Family Residence,1920,2,3,6098.0,sqft,"Oil, Baseboard",Window Unit(s),unknown,590000.0,2136,2021/5/1,517764.0,15.0,Single Family Residence,1949,1,3,5227.0,sqft,"Oil, Baseboard",Window Unit(s),unknown,480000.0,2,1.0,False,18.64406779661017,hard,0,1,-29,871.0,equal,p2_newer,hard_equal
59126148,59127212,2136,2021/5/1,507285.0,14.0,Single Family Residence,1962,1,3,6969.0,sqft,"Baseboard, Natural Gas",unknown,unknown,500000.0,2136,2021/5/1,516202.0,17.0,Single Family Residence,1950,2,3,3484.0,sqft,Baseboard,unknown,unknown,630000.0,1,2.0,False,20.634920634920633,hard,0,-1,12,3485.0,equal,p1_slight,hard_equal
59127533,59129912,2136,2021/6/1,614568.0909,14.90909091,Single Family Residence,1910,2,3,3484.0,sqft,"Natural Gas, Baseboard",unknown,unknown,710000.0,2136,2021/6/1,535014.0,18.0,Single Family Residence,1935,1,3,5662.0,sqft,Natural Gas,unknown,unknown,510000.0,2,1.0,False,28.169014084507044,medium,0,1,-25,-2178.0,equal,p2_newer,medium_equal
59128881,59129679,2136,2021/6/1,598743.3636,14.36363636,Single Family Residence,1910,2,3,6969.0,sqft,"Hot Water, Natural Gas",unknown,unknown,533000.0,2136,2021/6/1,599615.2143,13.92857143,Single Family Residence,1950,2,3,4791.0,sqft,Baseboard,unknown,unknown,688000.0,1,2.0,False,22.52906976744186,hard,0,0,-40,2178.0,equal,p2_newer,hard_equal
59129712,59130278,2136,2021/6/1,575692.0909,20.18181818,Single Family Residence,1890,2,4,3920.0,sqft,"Forced Air, Natural Gas",Central Air,unknown,668000.0,2136,2021/6/1,523144.0,19.0,Single Family Residence,1955,2,3,6534.0,sqft,Forced Air,"3 or More, Central Air",unknown,555000.0,2,1.0,False,16.91616766467066,hard,1,0,-65,-2614.0,p1_slight,p2_newer,hard_p1_slight
59126219,59129169,2136,2021/7/1,584006.2,15.8,Single Family Residence,1956,3,3,4791.0,sqft,Forced Air,Window Unit(s),unknown,675000.0,2136,2021/7/1,493235.2609,20.91304348,Single Family Residence,1950,2,2,9583.0,sqft,Forced Air,Central Air,unknown,535000.0,2,1.0,False,20.74074074074074,hard,1,1,6,-4792.0,p1_slight,p1_slight,hard_p1_slight
59126759,59129155,2136,2021/7/1,704148.375,12.75,Single Family Residence,1890,2,4,6098.0,sqft,"Hot Water, Central, Natural Gas",unknown,unknown,760000.0,2136,2021/7/1,625736.5417,12.75,Single Family Residence,1960,2,3,6534.0,sqft,Natural Gas,unknown,unknown,610000.0,2,1.0,False,19.736842105263158,hard,1,0,-70,-436.0,p1_slight,p2_newer,hard_p1_slight
59128157,59129470,2136,2021/8/1,642953.3333,13.0,Single Family Residence,1969,3,4,5227.0,sqft,Natural Gas,unknown,unknown,700000.0,2136,2021/8/1,562225.7,14.1,Single Family Residence,1914,2,4,6098.0,sqft,"Natural Gas, Baseboard",unknown,unknown,551000.0,2,1.0,False,21.285714285714285,hard,0,1,55,-871.0,equal,p1_much,hard_equal
59127739,67094742,2136,2021/9/1,610393.2203,15.93220339,Single Family Residence,1998,3,3,3920.0,sqft,Forced Air,Central Air,unknown,650000.0,2136,2021/9/1,531466.6667,20.55555556,Single Family Residence,1910,3,5,3484.0,sqft,"Radiant, Oil",Window Unit(s),unknown,510000.0,2,1.0,False,21.53846153846154,hard,-2,0,88,436.0,p2_more,p1_much,hard_p2_more
59128454,67094742,2136,2021/9/1,620692.4,19.6,Single Family Residence,1989,2,3,5227.0,sqft,"Natural Gas, Electric",Window Unit(s),unknown,620000.0,2136,2021/9/1,531466.6667,20.55555556,Single Family Residence,1910,3,5,3484.0,sqft,"Radiant, Oil",Window Unit(s),unknown,510000.0,2,1.0,False,17.741935483870968,hard,-2,-1,79,1743.0,p2_more,p1_much,hard_p2_more
59129873,59139931,2136,2022/1/1,568348.0,23.0,Single Family Residence,1968,2,4,6098.0,sqft,Natural Gas,"Wall Unit(s), Window Unit(s)",unknown,699000.0,2136,2022/1/1,558715.3846,21.0,Single Family Residence,1957,2,3,4791.0,sqft,"Oil, Baseboard",Central Air,unknown,575000.0,2,1.0,False,17.739628040057227,hard,1,0,11,1307.0,p1_slight,p1_slight,hard_p1_slight
59128754,59139894,2136,2022/5/1,480423.0769,24.61538462,Single Family Residence,1948,1,3,7840.0,sqft,"Oil, Baseboard",unknown,unknown,595000.0,2136,2022/5/1,412631.9444,20.03472222,Single Family Residence,1930,2,4,3920.0,sqft,"Oil, Baseboard",unknown,unknown,375000.0,2,1.0,False,36.97478991596639,medium,-1,-1,18,3920.0,p2_more,p1_slight,medium_p2_more
59128955,59129258,2136,2022/5/1,635507.6923,19.69230769,Single Family Residence,1920,2,3,3920.0,sqft,Forced Air,Central Air,unknown,787500.0,2136,2022/5/1,720952.5424,10.08474576,Single Family Residence,1950,1,3,7840.0,sqft,"Forced Air, Natural Gas",Central Air,unknown,625000.0,2,1.0,False,20.634920634920633,hard,0,1,-30,-3920.0,equal,p2_newer,hard_equal
59128955,59140901,2136,2022/5/1,635507.6923,19.69230769,Single Family Residence,1920,2,3,3920.0,sqft,Forced Air,Central Air,unknown,787500.0,2136,2022/5/1,590342.8571,17.42857143,Single Family Residence,1900,3,4,4791.0,sqft,"Forced Air, Natural Gas",Ductless,unknown,650000.0,2,1.0,False,17.46031746031746,hard,-1,-1,20,-871.0,p2_more,p1_slight,hard_p2_more
11259328,11559639,15101,2020/7/1,358734.7,21.0,SingleFamily,1990,3,3,0.7,Acres,"Forced air, Gas",Central,unknown,563000.0,15101,2020/7/1,378752.6,17.2,SingleFamily,1965,3,4,0.26,Acres,"Forced air, Gas",Central,unknown,353000.0,2,1.0,False,37.300177619893425,medium,-1,0,25,0.43999999999999995,p2_more,p1_much,medium_p2_more
11259328,11591457,15101,2020/7/1,358734.7,21.0,SingleFamily,1990,3,3,0.7,Acres,"Forced air, Gas",Central,unknown,563000.0,15101,2020/7/1,352860.0,13.0,SingleFamily,1969,3,4,8982.0,sqft,Other,Central,unknown,380000.0,2,1.0,False,32.5044404973357,medium,-1,0,21,-8981.3,p2_more,p1_much,medium_p2_more
11552838,11584009,15108,2020/8/1,211881.0909,24.09090909,"Single Family Residence, Residential",1940,3,3,0.44,Acres,"Forced Air, Natural Gas",Central Air,unknown,269900.0,15108,2020/8/1,188549.0,18.8,SingleFamily,1951,0,3,0.49,Acres,"Forced air, Gas",Central,unknown,201787.0,2,1.0,False,25.236383845868843,medium,0,3,-11,-0.04999999999999999,equal,similar,medium_equal
11264341,11264408,15136,2020/10/1,205634.4667,19.53333333,"Townhouse, Residential",1999,3,3,2100.0,sqft,"Forced Air, Natural Gas",Central Air,unknown,245000.0,15136,2020/10/1,173596.0,14.09090909,"Single Family Residence, Residential",1970,3,3,4800.0,sqft,Natural Gas,Central Air,unknown,200000.0,2,1.0,False,18.367346938775512,hard,0,0,29,-2700.0,equal,p1_much,hard_equal
11480310,11641997,15143,2019/12/1,254797.7778,21.66666667,SingleFamily,1900,4,4,2404.0,sqft,"Other, Forced air, Gas",Central,unknown,380000.0,15143,2019/12/1,310551.7692,18.15384615,SingleFamily,1955,2,5,1.04,Acres,"Forced air, Gas",Central,unknown,270000.0,2,1.0,False,28.947368421052634,medium,-1,2,-55,2402.96,p2_more,p2_newer,medium_p2_more
11642660,242630221,15143,2022/2/1,390380.0,28.33333333,"Single Family Residence, Residential",1936,3,4,0.01,Acres,"Forced Air, Natural Gas",Central Air,unknown,272000.0,15143,2022/2/1,380388.9655,10.0,"Townhouse, Residential",2016,2,2,2242.0,sqft,"Forced Air, Natural Gas","Other, Central Air",unknown,389000.0,1,2.0,False,30.077120822622106,medium,2,1,-80,-2241.99,p1_much,p2_newer,medium_p1_much
11513235,11514744,15201,2019/10/1,244998.0,21.4,"Single Family Residence, Residential",1890,3,3,753.59,sqft,"Forced Air, Natural Gas",Central Air,Open Parking,170000.0,15201,2019/10/1,253145.0,29.5,Townhouse,1995,2,3,5401.0,sqft,"Other, Gas",Central,Garage - Attached,296500.0,1,2.0,False,42.66441821247892,easy,0,1,-105,-4647.41,equal,p2_newer,easy_equal
11513235,11612430,15201,2019/10/1,244998.0,21.4,"Single Family Residence, Residential",1890,3,3,753.59,sqft,"Forced Air, Natural Gas",Central Air,Open Parking,170000.0,15201,2019/10/1,234831.4286,21.71428571,SingleFamily,1900,2,2,1708.0,sqft,"Forced air, Gas",Central,On-street,217500.0,1,2.0,False,21.839080459770116,hard,1,1,-10,-954.41,p1_slight,similar,hard_p1_slight
11513271,11513615,15201,2019/11/1,224356.8421,29.47368421,SingleFamily,1930,1,3,2792.0,sqft,Other,unknown,unknown,310000.0,15201,2019/11/1,250600.5385,30.69230769,SingleFamily,1910,2,3,2400.0,sqft,Other,unknown,unknown,215000.0,2,1.0,False,30.64516129032258,medium,0,-1,20,392.0,equal,p1_slight,medium_equal
11513615,11613129,15201,2019/11/1,250600.5385,30.69230769,SingleFamily,1910,2,3,2400.0,sqft,Other,unknown,unknown,215000.0,15201,2019/11/1,266006.6471,19.88235294,Townhouse,1890,2,4,1406.0,sqft,"Other, Gas",unknown,unknown,280000.0,1,2.0,False,23.214285714285715,hard,-1,0,20,994.0,p2_more,p1_slight,hard_p2_more
11513896,11514737,15201,2020/1/1,417814.6,25.4,SingleFamily,1892,3,5,3959.0,sqft,Other,unknown,unknown,480000.0,15201,2020/1/1,376584.4,14.7,SingleFamily,1900,3,3,818.0,sqft,Other,unknown,unknown,389000.0,2,1.0,False,18.958333333333332,hard,2,0,-8,3141.0,p1_much,similar,hard_p1_much
11612881,11613369,15201,2020/1/1,202355.6923,23.38461538,SingleFamily,1905,2,3,1999.0,sqft,Other,unknown,unknown,144300.0,15201,2020/1/1,239348.5294,17.41176471,SingleFamily,1890,2,2,609.0,sqft,"hot water, Other, Gas",unknown,unknown,214500.0,1,2.0,False,32.72727272727273,medium,1,0,15,1390.0,p1_slight,p1_slight,medium_p1_slight
11275729,11513765,15201,2020/11/1,200764.5,15.5,"Single Family Residence, Residential",1956,1,3,3001.0,sqft,"Forced Air, Natural Gas",Central Air,Open Parking,230000.0,15201,2020/11/1,229622.2727,56.63636364,"Single Family Residence, Residential",1900,3,3,2617.0,sqft,"Forced Air, Natural Gas",Central Air,Open Parking,140000.0,2,1.0,False,39.130434782608695,medium,0,-2,56,384.0,equal,p1_much,medium_equal
11513765,123271271,15201,2020/11/1,229622.2727,56.63636364,"Single Family Residence, Residential",1900,3,3,2617.0,sqft,"Forced Air, Natural Gas",Central Air,Open Parking,140000.0,15201,2020/11/1,330409.9231,21.84615385,"Townhouse, Residential",1919,3,3,988.0,sqft,"Forced Air, Natural Gas",Central Air,Open Parking,307500.0,1,2.0,False,54.47154471544715,easy,0,0,-19,1629.0,equal,similar,easy_equal
11513765,164713745,15201,2020/11/1,229622.2727,56.63636364,"Single Family Residence, Residential",1900,3,3,2617.0,sqft,"Forced Air, Natural Gas",Central Air,Open Parking,140000.0,15201,2020/11/1,309843.1429,12.85714286,"Single Family Residence, Residential",1920,1,2,936.54,sqft,"Forced Air, Natural Gas",Central Air,Open Parking,305000.0,1,2.0,False,54.09836065573771,easy,1,2,-20,1680.46,p1_slight,p2_newer,easy_p1_slight
11612338,11615310,15201,2020/11/1,236863.6667,55.93333333,"Single Family Residence, Residential",1900,2,3,2000.0,sqft,"Forced Air, Natural Gas",Central Air,unknown,378500.0,15201,2020/11/1,202598.0,32.0,"Single Family Residence, Residential",1935,2,4,7.89,Acres,"Hot Water, Natural Gas",Window A/C,unknown,260100.0,2,1.0,False,31.281373844121536,medium,-1,0,-35,1992.11,p2_more,p2_newer,medium_p2_more
11513017,11615633,15201,2020/12/1,184428.8,21.0,"Single Family Residence, Residential",1925,5,4,2000.0,sqft,"Forced Air, Natural Gas",Central Air,unknown,635000.0,15201,2020/12/1,208191.0,21.2,"Single Family Residence, Residential",1960,3,3,5519.0,sqft,"Forced Air, Natural Gas",Central Air,unknown,236500.0,2,1.0,False,62.75590551181103,easy,1,2,-35,-3519.0,p1_slight,p2_newer,easy_p1_slight
11513663,11514048,15201,2020/12/1,280451.3077,18.0,"Single Family Residence, Residential",1900,1,2,614.2,sqft,"Forced Air, Natural Gas",Central Air,Open Parking,309800.0,15201,2020/12/1,311007.0,25.27272727,"Single Family Residence, Residential",1920,1,4,1999.0,sqft,"Forced Air, Natural Gas",Window A/C,Open Parking,250000.0,2,1.0,False,19.30277598450613,hard,-2,0,-20,-1384.8,p2_more,p2_newer,hard_p2_more
11612258,11612444,15201,2020/3/1,245497.4444,53.55555556,SingleFamily,1900,2,3,875.0,sqft,Other,unknown,unknown,190300.0,15201,2020/3/1,220436.6667,30.66666667,SingleFamily,1900,2,3,1568.0,sqft,Other,unknown,unknown,252500.0,1,2.0,False,24.633663366336634,hard,0,0,0,-693.0,equal,similar,hard_equal
11512736,11613041,15201,2020/7/1,231631.7273,42.09090909,SingleFamily,1880,2,2,1036.0,sqft,Forced air,Central,On-street,270000.0,15201,2020/7/1,285921.0,34.0,"Single Family Residence, Residential",1900,3,3,1280.0,sqft,Natural Gas,Central Air,Open Parking,133000.0,2,1.0,False,50.74074074074074,easy,-1,-1,-20,-244.0,p2_more,p2_newer,easy_p2_more
11512969,11514662,15201,2020/7/1,204545.6,36.3,"Single Family Residence, Residential",1900,2,2,1280.0,sqft,"Forced Air, Natural Gas",Central Air,unknown,103000.0,15201,2020/7/1,202319.0,32.6,Townhouse,1900,1,3,1999.0,sqft,"Forced air, Gas",Central,unknown,330000.0,1,2.0,False,68.78787878787878,easy,-1,1,0,-719.0,p2_more,similar,easy_p2_more
11514124,11514650,15201,2020/7/1,264806.4,14.8,SingleFamily,1920,2,2,3898.0,sqft,Other,unknown,unknown,229000.0,15201,2020/7/1,271415.7,12.7,SingleFamily,1890,1,2,1999.0,sqft,Forced air,unknown,unknown,287500.0,1,2.0,False,20.347826086956523,hard,0,1,30,1899.0,equal,p1_much,hard_equal
11514345,11613472,15201,2020/7/1,164626.4444,60.88888889,SingleFamily,1890,3,3,1886.0,sqft,Other,unknown,unknown,442500.0,15201,2020/7/1,248892.0,28.33333333,SingleFamily,1900,1,3,635.0,sqft,Other,unknown,unknown,215000.0,2,1.0,False,51.41242937853108,easy,0,2,-10,1251.0,equal,similar,easy_equal
11514650,11613472,15201,2020/7/1,271415.7,12.7,SingleFamily,1890,1,2,1999.0,sqft,Forced air,unknown,unknown,287500.0,15201,2020/7/1,248892.0,28.33333333,SingleFamily,1900,1,3,635.0,sqft,Other,unknown,unknown,215000.0,2,1.0,False,25.217391304347824,medium,-1,0,-10,1364.0,p2_more,similar,medium_p2_more
11275880,11514407,15201,2020/8/1,193717.0,22.77777778,"Single Family Residence, Residential",1930,1,2,3600.0,sqft,"Forced Air, Natural Gas",Central Air,Garage,175000.0,15201,2020/8/1,207902.6667,70.16666667,Townhouse,1900,3,3,1200.0,sqft,"Other, Forced air, Gas",Central,On-street,290000.0,1,2.0,False,39.6551724137931,medium,-1,-2,30,2400.0,p2_more,p1_much,medium_p2_more
11513417,11615092,15201,2020/8/1,236760.4444,33.22222222,SingleFamily,1890,2,3,1875.0,sqft,"Other, Forced air, Gas",Central,unknown,256000.0,15201,2020/8/1,205388.6154,18.84615385,SingleFamily,1950,3,3,5000.0,sqft,Other,Central,unknown,188500.0,2,1.0,False,26.3671875,medium,0,-1,-60,-3125.0,equal,p2_newer,medium_equal
11612888,11615938,15201,2020/8/1,161698.6,20.4,"Single Family Residence, Residential",1900,2,3,1001.0,sqft,"Forced Air, Natural Gas",Central Air,unknown,220000.0,15201,2020/8/1,135759.8,15.8,SingleFamily,1950,1,3,2775.0,sqft,Other,Central,unknown,155000.0,2,1.0,False,29.545454545454547,medium,0,1,-50,-1774.0,equal,p2_newer,medium_equal
11275624,11615260,15201,2020/9/1,224878.9091,24.0,"Single Family Residence, Residential",1941,3,3,3998.0,sqft,"Forced Air, Natural Gas",Central Air,unknown,280000.0,15201,2020/9/1,230068.9048,11.57142857,"Single Family Residence, Residential",1950,3,2,5005.0,sqft,"Radiant, Natural Gas","Central Air, Electric",unknown,200000.0,2,1.0,False,28.57142857142857,medium,1,0,-9,-1007.0,p1_slight,similar,medium_p1_slight
11512717,11612851,15201,2020/9/1,372915.2727,30.90909091,"Single Family Residence, Residential",1880,2,4,1102.0,sqft,"Forced Air, Natural Gas","Central Air, Electric",Open Parking,430000.0,15201,2020/9/1,288641.5,20.5,"Single Family Residence, Residential",1900,3,3,1058.0,sqft,"Forced Air, Natural Gas",Central Air,Open Parking,314900.0,2,1.0,False,26.76744186046512,medium,1,-1,-20,44.0,p1_slight,p2_newer,medium_p1_slight
11275508,11615684,15201,2021/1/1,221843.625,14.5,"Single Family Residence, Residential",1900,2,2,3998.0,sqft,"Forced Air, Natural Gas",Central Air,unknown,232500.0,15201,2021/1/1,216904.0,16.75,SingleFamily,1955,3,4,5000.0,sqft,Other,Central,unknown,180000.0,2,1.0,False,22.58064516129032,hard,-2,-1,-55,-1002.0,p2_more,p2_newer,hard_p2_more
11615380,11615684,15201,2021/1/1,204891.2222,29.44444444,"Single Family Residence, Residential",1900,2,3,1921.0,sqft,"Forced Air, Natural Gas",Central Air,unknown,325000.0,15201,2021/1/1,216904.0,16.75,SingleFamily,1955,3,4,5000.0,sqft,Other,Central,unknown,180000.0,2,1.0,False,44.61538461538462,easy,-1,-1,-55,-3079.0,p2_more,p2_newer,easy_p2_more
11275146,11514047,15201,2021/10/1,248956.2044,31.67883212,"Single Family Residence, Residential",1953,3,3,5418.0,sqft,"Forced Air, Natural Gas",Central Air,unknown,320000.0,15201,2021/10/1,280094.8276,28.10344828,"Single Family Residence, Residential",1920,2,4,1999.0,sqft,"Hot Water, Natural Gas",Window A/C,unknown,250000.0,2,1.0,False,21.875,hard,-1,1,33,3419.0,p2_more,p1_much,hard_p2_more
11275629,11514047,15201,2021/10/1,336222.2222,21.66666667,"Single Family Residence, Residential",1940,3,3,4200.0,sqft,"Forced Air, Natural Gas",Central Air,unknown,338250.0,15201,2021/10/1,280094.8276,28.10344828,"Single Family Residence, Residential",1920,2,4,1999.0,sqft,"Hot Water, Natural Gas",Window A/C,unknown,250000.0,2,1.0,False,26.09016999260902,medium,-1,1,20,2201.0,p2_more,p1_slight,medium_p2_more
11512884,11613083,15201,2021/10/1,399682.7586,28.34482759,"Single Family Residence, Residential",1900,2,4,1802.0,sqft,"Hot Water, Other",Central Air,Off Street,465000.0,15201,2021/10/1,355020.0,37.0,"Single Family Residence, Residential",1910,3,2,1189.0,sqft,"Forced Air, Natural Gas",Central Air,Open Parking,560000.0,1,2.0,False,16.964285714285715,hard,2,-1,-10,613.0,p1_much,similar,hard_p1_much
11612239,11613083,15201,2021/10/1,298011.1111,32.77777778,"Single Family Residence, Residential",1900,2,3,1180.0,sqft,Natural Gas,Central Air,Open Parking,377500.0,15201,2021/10/1,355020.0,37.0,"Single Family Residence, Residential",1910,3,2,1189.0,sqft,"Forced Air, Natural Gas",Central Air,Open Parking,560000.0,1,2.0,False,32.589285714285715,medium,1,-1,-10,-9.0,p1_slight,similar,medium_p1_slight
11512589,11513551,15201,2021/12/1,301758.6207,33.75862069,"Single Family Residence, Residential",1900,2,2,1289.0,sqft,"Forced Air, Natural Gas","Window A/C, Central Air",unknown,360000.0,15201,2021/12/1,221732.2148,35.74496644,"Single Family Residence, Residential",1922,1,3,1001.0,sqft,"Forced Air, Natural Gas",Central Air,unknown,280000.0,2,1.0,False,22.22222222222222,hard,-1,1,-22,288.0,p2_more,p2_newer,hard_p2_more
11512589,11513578,15201,2021/12/1,301758.6207,33.75862069,"Single Family Residence, Residential",1900,2,2,1289.0,sqft,"Forced Air, Natural Gas","Window A/C, Central Air",unknown,360000.0,15201,2021/12/1,285594.6309,22.75167785,"Single Family Residence, Residential",1900,2,4,1160.0,sqft,"Hot Water, Natural Gas",Window A/C,unknown,160000.0,2,1.0,False,55.55555555555556,easy,-2,0,0,129.0,p2_more,similar,easy_p2_more
11512589,11612900,15201,2021/12/1,301758.6207,33.75862069,"Single Family Residence, Residential",1900,2,2,1289.0,sqft,"Forced Air, Natural Gas","Window A/C, Central Air",unknown,360000.0,15201,2021/12/1,315440.7407,12.96296296,"Single Family Residence, Residential",1902,2,2,2099.0,sqft,"Forced Air, Natural Gas",Central Air,unknown,290000.0,2,1.0,False,19.444444444444446,hard,0,0,-2,-810.0,equal,similar,hard_equal
11512589,11615495,15201,2021/12/1,301758.6207,33.75862069,"Single Family Residence, Residential",1900,2,2,1289.0,sqft,"Forced Air, Natural Gas","Window A/C, Central Air",unknown,360000.0,15201,2021/12/1,245711.1111,15.33333333,"Single Family Residence, Residential",1947,1,2,3955.0,sqft,Natural Gas,Central Air,unknown,285000.0,2,1.0,False,20.833333333333336,hard,0,1,-47,-2666.0,equal,p2_newer,hard_equal
11513186,11513578,15201,2021/12/1,332343.1034,17.75862069,"Single Family Residence, Residential",1890,3,2,1319.0,sqft,"Forced Air, Natural Gas",Central Air,unknown,320000.0,15201,2021/12/1,285594.6309,22.75167785,"Single Family Residence, Residential",1900,2,4,1160.0,sqft,"Hot Water, Natural Gas",Window A/C,unknown,160000.0,2,1.0,False,50.0,easy,-2,1,-10,159.0,p2_more,similar,easy_p2_more
11513551,11513578,15201,2021/12/1,221732.2148,35.74496644,"Single Family Residence, Residential",1922,1,3,1001.0,sqft,"Forced Air, Natural Gas",Central Air,unknown,280000.0,15201,2021/12/1,285594.6309,22.75167785,"Single Family Residence, Residential",1900,2,4,1160.0,sqft,"Hot Water, Natural Gas",Window A/C,unknown,160000.0,2,1.0,False,42.857142857142854,easy,-1,-1,22,-159.0,p2_more,p1_much,easy_p2_more
11400369,11402175,15201,2021/2/1,254253.1429,40.71428571,"Single Family Residence, Residential",1900,2,3,975.74,sqft,"Forced Air, Natural Gas","Central Air, Electric",Open Parking,295000.0,15201,2021/2/1,347920.0,31.0,"Single Family Residence, Residential",1890,3,3,1080.0,sqft,"Forced Air, Natural Gas",Electric,Open Parking,408000.0,1,2.0,False,27.696078431372552,medium,0,-1,10,-104.25999999999999,equal,p1_slight,medium_equal
11612228,11612904,15201,2021/2/1,268926.0769,20.0,"Single Family Residence, Residential",1884,1,3,2000.0,sqft,"Forced Air, Natural Gas","Window A/C, Central Air",unknown,255000.0,15201,2021/2/1,200650.0,56.0,"Single Family Residence, Residential",1900,2,3,1058.0,sqft,"Zoned, Electric",Wall Unit(s),unknown,122500.0,2,1.0,False,51.9607843137255,easy,0,-1,-16,942.0,equal,similar,easy_equal
11275310,11512966,15201,2021/3/1,226518.8889,19.22222222,"Single Family Residence, Residential",1945,1,3,3001.0,sqft,"Forced Air, Natural Gas",Central Air,unknown,253900.0,15201,2021/3/1,263990.1538,36.15384615,"Single Family Residence, Residential",1900,2,2,1176.0,sqft,"Forced Air, Natural Gas",Central Air,unknown,385000.0,1,2.0,False,34.05194805194805,medium,1,-1,45,1825.0,p1_slight,p1_much,medium_p1_slight
11275632,11514515,15201,2021/3/1,172004.0,22.0,"Single Family Residence, Residential",1940,1,3,4199.0,sqft,"Forced Air, Natural Gas",Central Air,unknown,247500.0,15201,2021/3/1,157322.7692,15.07692308,"Single Family Residence, Residential",1900,3,3,1001.0,sqft,Natural Gas,Central Air,unknown,146000.0,2,1.0,False,41.01010101010101,easy,0,-2,40,3198.0,equal,p1_much,easy_equal
11275703,11514451,15201,2021/3/1,245144.1429,13.42857143,"Single Family Residence, Residential",1940,2,3,3001.0,sqft,"Forced Air, Natural Gas",Central Air,unknown,267000.0,15201,2021/3/1,321704.7,43.3,"Single Family Residence, Residential",1890,3,2,1899.0,sqft,Natural Gas,Central Air,unknown,430000.0,1,2.0,False,37.906976744186046,medium,1,-1,50,1102.0,p1_slight,p1_much,medium_p1_slight
11275476,11513750,15201,2021/4/1,280979.0,20.0,"Single Family Residence, Residential",1951,2,3,5998.0,sqft,"Forced Air, Natural Gas",Central Air,unknown,340000.0,15201,2021/4/1,253377.1818,42.54545455,"Single Family Residence, Residential",1890,3,3,1799.0,sqft,"Forced Air, Natural Gas",Central Air,unknown,449500.0,1,2.0,False,24.360400444938822,hard,0,-1,61,4199.0,equal,p1_much,hard_equal
11275516,11514025,15201,2021/4/1,169629.1111,13.11111111,"Single Family Residence, Residential",1920,1,2,1999.0,sqft,Natural Gas,Other,Open Parking,182185.0,15201,2021/4/1,199595.125,19.625,"Townhouse, Residential",1920,2,3,1176.0,sqft,"Natural Gas, Baseboard",Electric,Open Parking,280000.0,1,2.0,False,34.933928571428574,medium,-1,-1,0,823.0,p2_more,similar,medium_p2_more
11512892,11513363,15201,2021/4/1,476197.6154,22.53846154,"Single Family Residence, Residential",1900,3,3,1711.0,sqft,Natural Gas,Central Air,unknown,490240.0,15201,2021/4/1,353118.4286,40.28571429,"Single Family Residence, Residential",1900,2,7,2500.0,sqft,"Hot Water, Natural Gas",Central Air,unknown,344000.0,2,1.0,False,29.83028720626632,medium,-4,1,0,-789.0,p2_more,similar,medium_p2_more
11513136,11513363,15201,2021/4/1,335905.6364,54.36363636,"Single Family Residence, Residential",1900,2,3,1981.0,sqft,Forced Air,Central Air,unknown,478500.0,15201,2021/4/1,353118.4286,40.28571429,"Single Family Residence, Residential",1900,2,7,2500.0,sqft,"Hot Water, Natural Gas",Central Air,unknown,344000.0,2,1.0,False,28.108672936259143,medium,-4,0,0,-519.0,p2_more,similar,medium_p2_more
11513363,11513750,15201,2021/4/1,353118.4286,40.28571429,"Single Family Residence, Residential",1900,2,7,2500.0,sqft,"Hot Water, Natural Gas",Central Air,unknown,344000.0,15201,2021/4/1,253377.1818,42.54545455,"Single Family Residence, Residential",1890,3,3,1799.0,sqft,"Forced Air, Natural Gas",Central Air,unknown,449500.0,1,2.0,False,23.470522803114573,hard,4,-1,10,701.0,p1_much,p1_slight,hard_p1_much
11513750,11614907,15201,2021/4/1,253377.1818,42.54545455,"Single Family Residence, Residential",1890,3,3,1799.0,sqft,"Forced Air, Natural Gas",Central Air,unknown,449500.0,15201,2021/4/1,224235.2308,13.46153846,"Single Family Residence, Residential",1940,2,3,4000.0,sqft,"Hot Water, Natural Gas",Window A/C,unknown,170000.0,2,1.0,False,62.18020022246941,easy,0,1,-50,-2201.0,equal,p2_newer,easy_equal
11513750,11615524,15201,2021/4/1,253377.1818,42.54545455,"Single Family Residence, Residential",1890,3,3,1799.0,sqft,"Forced Air, Natural Gas",Central Air,unknown,449500.0,15201,2021/4/1,204374.2143,21.64285714,"Single Family Residence, Residential",1952,2,3,5379.0,sqft,"Forced Air, Natural Gas",Central Air,unknown,325000.0,2,1.0,False,27.697441601779754,medium,0,1,-62,-3580.0,equal,p2_newer,medium_equal
11513782,11614907,15201,2021/4/1,280949.5,36.0,"Single Family Residence, Residential",1890,2,3,2221.0,sqft,"Forced Air, Natural Gas",Central Air,unknown,360000.0,15201,2021/4/1,224235.2308,13.46153846,"Single Family Residence, Residential",1940,2,3,4000.0,sqft,"Hot Water, Natural Gas",Window A/C,unknown,170000.0,2,1.0,False,52.77777777777778,easy,0,0,-50,-1779.0,equal,p2_newer,easy_equal
11612933,11614907,15201,2021/4/1,242421.0,26.0,"Single Family Residence, Residential",1900,2,2,1498.0,sqft,"Forced Air, Natural Gas",Central Air,unknown,289900.0,15201,2021/4/1,224235.2308,13.46153846,"Single Family Residence, Residential",1940,2,3,4000.0,sqft,"Hot Water, Natural Gas",Window A/C,unknown,170000.0,2,1.0,False,41.35908934115212,easy,-1,0,-40,-2502.0,p2_more,p2_newer,easy_p2_more
11613028,164712851,15201,2021/5/1,213922.0,45.0,"Single Family Residence, Residential",1900,2,2,2099.0,sqft,Natural Gas,Central Air,unknown,225000.0,15201,2021/5/1,274609.8889,24.22222222,"Single Family Residence, Residential",1900,1,2,1524.0,sqft,"Forced Air, Natural Gas",Central Air,unknown,312000.0,1,2.0,False,27.884615384615387,medium,0,1,0,575.0,equal,similar,medium_equal
11402187,11613334,15201,2021/6/1,231525.3333,37.33333333,"Single Family Residence, Residential",1920,2,1,1354.0,sqft,Natural Gas,Central Air,Open Parking,250000.0,15201,2021/6/1,233800.9231,41.23076923,Residential,1890,2,2,766.66,sqft,"Forced Air, Natural Gas",Central Air,Open Parking,160000.0,2,1.0,False,36.0,medium,-1,0,30,587.34,p2_more,p1_much,medium_p2_more
11513197,11613334,15201,2021/6/1,219962.0,34.0,"Single Family Residence, Residential",1890,2,1,520.0,sqft,"Forced Air, Natural Gas",Central Air,Open Parking,220000.0,15201,2021/6/1,233800.9231,41.23076923,Residential,1890,2,2,766.66,sqft,"Forced Air, Natural Gas",Central Air,Open Parking,160000.0,2,1.0,False,27.27272727272727,medium,-1,0,0,-246.65999999999997,p2_more,similar,medium_p2_more
11513287,11615399,15201,2021/6/1,307983.875,24.5,"Single Family Residence, Residential",1924,2,4,2326.0,sqft,"Hot Water, Electric","Central Air, Electric",unknown,437000.0,15201,2021/6/1,273295.1818,26.72727273,"Single Family Residence, Residential",1954,2,3,4822.0,sqft,Natural Gas,Electric,unknown,250000.0,2,1.0,False,42.79176201372998,easy,1,0,-30,-2496.0,p1_slight,p2_newer,easy_p1_slight
11513287,11615645,15201,2021/6/1,307983.875,24.5,"Single Family Residence, Residential",1924,2,4,2326.0,sqft,"Hot Water, Electric","Central Air, Electric",unknown,437000.0,15201,2021/6/1,237144.5556,28.88888889,"Single Family Residence, Residential",1955,2,3,5545.0,sqft,"Forced Air, Natural Gas",Central Air,unknown,280000.0,2,1.0,False,35.92677345537758,medium,1,0,-31,-3219.0,p1_slight,p2_newer,medium_p1_slight
11514648,11613334,15201,2021/6/1,239144.0,46.0,"Single Family Residence, Residential",1900,1,2,1332.0,sqft,"Forced Air, Natural Gas","Window A/C, Central Air",Open Parking,238500.0,15201,2021/6/1,233800.9231,41.23076923,Residential,1890,2,2,766.66,sqft,"Forced Air, Natural Gas",Central Air,Open Parking,160000.0,2,1.0,False,32.914046121593294,medium,0,-1,10,565.34,equal,p1_slight,medium_equal
11612909,87985995,15201,2021/7/1,495602.8333,34.33333333,"Single Family Residence, Residential",2016,5,3,2099.0,sqft,"Forced Air, Natural Gas","Central Air, Electric",unknown,599000.0,15201,2021/7/1,385572.9091,21.81818182,"Single Family Residence, Residential",2005,3,4,3419.0,sqft,"Forced Air, Natural Gas",Electric,unknown,485000.0,2,1.0,False,19.031719532554256,hard,-1,2,11,-1320.0,p2_more,p1_slight,hard_p2_more
11275809,11513552,15201,2021/8/1,230966.6667,28.0,"Single Family Residence, Residential",1935,2,4,0.83,Acres,"Forced Air, Natural Gas",Window A/C,unknown,188008.0,15201,2021/8/1,231230.0,35.9,"Single Family Residence, Residential",1922,1,2,1799.0,sqft,"Forced Air, Natural Gas",Central Air,unknown,295000.0,1,2.0,False,36.26847457627119,medium,2,1,13,-1798.17,p1_much,p1_slight,medium_p1_much
11512592,11513694,15201,2021/8/1,313916.619,18.66666667,"Single Family Residence, Residential",1900,2,2,644.69,sqft,"Forced Air, Natural Gas",Central Air,Open Parking,345000.0,15201,2021/8/1,326854.0,40.0,"Single Family Residence, Residential",1900,2,3,871.2,sqft,Natural Gas,Central Air,Open Parking,229000.0,2,1.0,False,33.6231884057971,medium,-1,0,0,-226.51,p2_more,similar,medium_p2_more
11512679,11512766,15201,2021/8/1,243215.0435,31.13043478,"Single Family Residence, Residential",1900,1,2,696.0,sqft,"Forced Air, Natural Gas",Electric,Open Parking,249900.0,15201,2021/8/1,222411.9565,21.0,"Single Family Residence, Residential",1900,3,3,1119.0,sqft,"Other, Baseboard",Window A/C,Open Parking,200000.0,2,1.0,False,19.96798719487795,hard,-1,-2,0,-423.0,p2_more,similar,hard_p2_more
11512766,11514052,15201,2021/8/1,222411.9565,21.0,"Single Family Residence, Residential",1900,3,3,1119.0,sqft,"Other, Baseboard",Window A/C,Open Parking,200000.0,15201,2021/8/1,257900.0,25.0,"Townhouse, Residential",1915,2,2,823.28,sqft,"Forced Air, Natural Gas","Central Air, Electric",Open Parking,280500.0,1,2.0,False,28.698752228163993,medium,1,1,-15,295.72,p1_slight,similar,medium_p1_slight
11513104,11513980,15201,2021/8/1,306800.0,14.5,"Single Family Residence, Residential",1910,1,3,1125.0,sqft,"Forced Air, Natural Gas",Central Air,Open Parking,335000.0,15201,2021/8/1,257193.75,37.125,"Single Family Residence, Residential",1920,1,2,1524.0,sqft,"Forced Air, Natural Gas",Central Air,Open Parking,242000.0,2,1.0,False,27.761194029850746,medium,1,0,-10,-399.0,p1_slight,similar,medium_p1_slight
11513694,11514052,15201,2021/8/1,326854.0,40.0,"Single Family Residence, Residential",1900,2,3,871.2,sqft,Natural Gas,Central Air,Open Parking,229000.0,15201,2021/8/1,257900.0,25.0,"Townhouse, Residential",1915,2,2,823.28,sqft,"Forced Air, Natural Gas","Central Air, Electric",Open Parking,280500.0,1,2.0,False,18.36007130124777,hard,1,0,-15,47.92000000000007,p1_slight,similar,hard_p1_slight
119344168,242629909,15201,2021/8/1,530992.3684,14.73684211,"Single Family Residence, Residential",2012,3,3,4621.0,sqft,"Forced Air, Natural Gas",Central Air,unknown,750000.0,15201,2021/8/1,455274.8571,18.64285714,"Single Family Residence, Residential",1920,4,3,1176.0,sqft,"Forced Air, Natural Gas",Central Air,unknown,450000.0,2,1.0,False,40.0,medium,0,-1,92,3445.0,equal,p1_much,medium_equal
11275855,11614867,15201,2021/9/1,296898.3333,20.6,"Single Family Residence, Residential",1960,2,3,6098.0,sqft,"Forced Air, Natural Gas",Central Air,unknown,275000.0,15201,2021/9/1,275310.4762,57.47619048,"Single Family Residence, Residential",1900,3,3,1559.0,sqft,Natural Gas,Central Air,unknown,450000.0,1,2.0,False,38.88888888888889,medium,0,-1,60,4539.0,equal,p1_much,medium_equal
11275158,11512976,15201,2022/2/1,250282.4818,14.0729927,"Single Family Residence, Residential",1945,1,3,3497.0,sqft,"Forced Air, Natural Gas",Central Air,unknown,235000.0,15201,2022/2/1,247503.3557,40.13422819,"Single Family Residence, Residential",1932,2,2,927.83,sqft,"Forced Air, Natural Gas",Central Air,unknown,364500.0,1,2.0,False,35.5281207133059,medium,1,-1,13,2569.17,p1_slight,p1_slight,medium_p1_slight
11512976,11615787,15201,2022/2/1,247503.3557,40.13422819,"Single Family Residence, Residential",1932,2,2,927.83,sqft,"Forced Air, Natural Gas",Central Air,unknown,364500.0,15201,2022/2/1,240102.2222,10.77777778,"Single Family Residence, Residential",1950,2,3,5157.0,sqft,Natural Gas,Window A/C,unknown,250000.0,2,1.0,False,31.412894375857338,medium,-1,0,-18,-4229.17,p2_more,similar,medium_p2_more
11275354,11614963,15201,2022/5/1,234402.5,21.1,"Single Family Residence, Residential",1950,1,3,3598.0,sqft,"Forced Air, Natural Gas",Central Air,unknown,300000.0,15201,2022/5/1,234476.9231,19.69230769,"Single Family Residence, Residential",1950,2,3,5342.0,sqft,"Forced Air, Natural Gas",Window A/C,unknown,235000.0,2,1.0,False,21.666666666666668,hard,0,-1,0,-1744.0,equal,similar,hard_equal
11513224,11614885,15201,2022/5/1,248211.236,31.75280899,"Single Family Residence, Residential",1890,1,2,718.74,sqft,Natural Gas,Central Air,Open Parking,340000.0,15201,2022/5/1,207974.359,21.79487179,"Single Family Residence, Residential",1900,2,4,2021.0,sqft,"Forced Air, Natural Gas",Window A/C,Open Parking,250000.0,2,1.0,False,26.47058823529412,medium,-2,-1,-10,-1302.26,p2_more,similar,medium_p2_more
11612273,11614885,15201,2022/5/1,254528.2051,20.87179487,"Single Family Residence, Residential",1920,2,3,884.27,sqft,"Forced Air, Natural Gas",Central Air,Open Parking,335000.0,15201,2022/5/1,207974.359,21.79487179,"Single Family Residence, Residential",1900,2,4,2021.0,sqft,"Forced Air, Natural Gas",Window A/C,Open Parking,250000.0,2,1.0,False,25.37313432835821,medium,-1,0,20,-1136.73,p2_more,p1_slight,medium_p2_more
11612628,11614963,15201,2022/5/1,271615.3846,32.0,"Single Family Residence, Residential",1900,1,3,2178.0,sqft,"Forced Air, Natural Gas","Central Air, Electric",unknown,295000.0,15201,2022/5/1,234476.9231,19.69230769,"Single Family Residence, Residential",1950,2,3,5342.0,sqft,"Forced Air, Natural Gas",Window A/C,unknown,235000.0,2,1.0,False,20.33898305084746,hard,0,-1,-50,-3164.0,equal,p2_newer,hard_equal
11326093,11369430,15202,2019/10/1,144148.0,29.0,SingleFamily,1913,2,4,3049.0,sqft,"Forced air, Gas",Central,unknown,170000.0,15202,2019/10/1,143935.0833,18.75,SingleFamily,1959,2,2,7104.0,sqft,"Forced air, Gas",Central,unknown,140500.0,2,1.0,False,17.352941176470587,hard,2,0,-46,-4055.0,p1_much,p2_newer,hard_p1_much
11368208,11369430,15202,2019/10/1,145097.2222,28.88888889,SingleFamily,1930,2,3,6019.0,sqft,"Forced air, Gas",Central,unknown,172000.0,15202,2019/10/1,143935.0833,18.75,SingleFamily,1959,2,2,7104.0,sqft,"Forced air, Gas",Central,unknown,140500.0,2,1.0,False,18.313953488372093,hard,1,0,-29,-1085.0,p1_slight,p2_newer,hard_p1_slight
11267395,11368206,15202,2019/11/1,178294.6667,21.0,SingleFamily,1911,3,5,3200.0,sqft,"Forced air, Gas",Central,unknown,174000.0,15202,2019/11/1,161090.1667,16.66666667,SingleFamily,1960,2,2,6708.0,sqft,"Other, Forced air, Gas",Central,unknown,127500.0,2,1.0,False,26.72413793103448,medium,3,1,-49,-3508.0,p1_much,p2_newer,medium_p1_much
11368769,11369451,15202,2019/11/1,165725.1111,18.0,"Single Family Residence, Residential",1920,3,3,4678.0,sqft,"Forced Air, Natural Gas","Window A/C, Central Air",unknown,187320.0,15202,2019/11/1,133834.82,31.05333333,SingleFamily,1910,1,5,2900.0,sqft,"Gas, Forced air, Electric",Central,unknown,152000.0,2,1.0,False,18.855434550501815,hard,-2,2,10,1778.0,p2_more,p1_slight,hard_p2_more
11267319,11323060,15202,2019/12/1,135835.0,28.15384615,SingleFamily,1925,1,3,2591.0,sqft,Other,unknown,unknown,131000.0,15202,2019/12/1,118218.7778,10.77777778,SingleFamily,1900,2,2,3750.0,sqft,Other,unknown,unknown,105000.0,2,1.0,False,19.84732824427481,hard,1,-1,25,-1159.0,p1_slight,p1_much,hard_p1_slight
11267407,11369420,15202,2020/10/1,185333.4615,33.69230769,"Single Family Residence, Residential",1900,2,4,5201.0,sqft,"Forced Air, Natural Gas",Electric,unknown,232000.0,15202,2020/10/1,168256.4286,11.28571429,"Single Family Residence, Residential",1950,2,3,4673.0,sqft,"Forced Air, Natural Gas",Central Air,unknown,175123.0,2,1.0,False,24.51594827586207,hard,1,0,-50,528.0,p1_slight,p2_newer,hard_p1_slight
11267407,11404590,15202,2020/10/1,185333.4615,33.69230769,"Single Family Residence, Residential",1900,2,4,5201.0,sqft,"Forced Air, Natural Gas",Electric,unknown,232000.0,15202,2020/10/1,166234.6667,15.0,"Single Family Residence, Residential",1930,1,3,7875.0,sqft,"Forced Air, Natural Gas",Window A/C,unknown,164900.0,2,1.0,False,28.922413793103445,medium,1,1,-30,-2674.0,p1_slight,p2_newer,medium_p1_slight
11325177,11325854,15202,2020/10/1,166737.4615,17.53846154,"Single Family Residence, Residential",1940,1,3,4499.0,sqft,Natural Gas,Central Air,Attached Garage,170000.0,15202,2020/10/1,142493.4,23.6,"Single Family Residence, Residential",1926,1,4,3500.0,sqft,"Forced Air, Natural Gas","Central Air, Electric",Off Street,133250.0,2,1.0,False,21.61764705882353,hard,-1,0,14,999.0,p2_more,p1_slight,hard_p2_more
11267341,11325513,15202,2020/6/1,148788.0,25.3,SingleFamily,1925,2,3,3345.0,sqft,Other,Central,unknown,148000.0,15202,2020/6/1,162079.0,19.0,SingleFamily,1917,1,3,2960.0,sqft,"Forced air, Gas","Central, Wall",unknown,185000.0,1,2.0,False,20.0,hard,0,1,8,385.0,equal,p1_slight,hard_equal
11267329,11368375,15202,2020/7/1,150983.5,23.8,SingleFamily,1930,1,3,3898.0,sqft,Other,Central,unknown,141000.0,15202,2020/7/1,176438.6,18.4,SingleFamily,1960,2,2,4000.0,sqft,"Forced air, Gas",Other,unknown,173000.0,1,2.0,False,18.497109826589593,hard,1,-1,-30,-102.0,p1_slight,p2_newer,hard_p1_slight
11325151,11325526,15202,2020/7/1,135837.6667,23.0,SingleFamily,1927,2,3,5318.0,sqft,"Other, Forced air, Gas",Central,unknown,147000.0,15202,2020/7/1,171644.8889,24.22222222,SingleFamily,1934,1,3,4160.0,sqft,"Gas, Forced air, Baseboard, Electric",Central,unknown,180500.0,1,2.0,False,18.559556786703602,hard,0,1,-7,1158.0,equal,similar,hard_equal
11325526,11369347,15202,2020/7/1,171644.8889,24.22222222,SingleFamily,1934,1,3,4160.0,sqft,"Gas, Forced air, Baseboard, Electric",Central,unknown,180500.0,15202,2020/7/1,146480.8889,17.77777778,SingleFamily,1930,2,3,5327.0,sqft,Other,wall unit,unknown,146500.0,2,1.0,False,18.83656509695291,hard,0,-1,4,-1167.0,equal,p1_slight,hard_equal
11326000,11369410,15202,2020/7/1,169566.3333,24.77777778,SingleFamily,1896,2,4,4773.0,sqft,Other,unknown,unknown,156000.0,15202,2020/7/1,181522.5556,16.66666667,SingleFamily,1930,2,2,3001.0,sqft,Other,unknown,unknown,195000.0,1,2.0,False,20.0,hard,2,0,-34,1772.0,p1_much,p2_newer,hard_p1_much
11367911,11368577,15202,2020/7/1,202043.0833,14.16666667,SingleFamily,1932,2,3,5950.0,sqft,Other,Central,unknown,231000.0,15202,2020/7/1,171393.3,26.2,SingleFamily,1930,2,4,3675.0,sqft,"Forced air, Gas",Other,unknown,172000.0,2,1.0,False,25.541125541125542,medium,-1,0,2,2275.0,p2_more,p1_slight,medium_p2_more
11367944,11405320,15202,2020/7/1,296249.0,17.77777778,SingleFamily,1934,2,3,0.32,Acres,Other,Central,unknown,350000.0,15202,2020/7/1,264348.0,21.0,SingleFamily,1897,2,4,10349.0,sqft,Other,Central,unknown,227000.0,2,1.0,False,35.14285714285714,medium,-1,0,37,-10348.68,p2_more,p1_much,medium_p2_more
11368054,11405320,15202,2020/7/1,284203.8,15.6,SingleFamily,1922,2,4,5884.0,sqft,"Forced air, Gas",Central,unknown,335000.0,15202,2020/7/1,264348.0,21.0,SingleFamily,1897,2,4,10349.0,sqft,Other,Central,unknown,227000.0,2,1.0,False,32.23880597014925,medium,0,0,25,-4465.0,equal,p1_much,medium_equal
11368181,11370028,15202,2020/8/1,131243.4,25.7,SingleFamily,1953,1,2,5998.0,sqft,Other,Central,unknown,135000.0,15202,2020/8/1,156823.9091,13.63636364,"Townhouse, Residential",1985,2,2,1977.0,sqft,"Forced Air, Natural Gas",Central Air,unknown,163000.0,1,2.0,False,17.177914110429448,hard,0,-1,-32,4021.0,equal,p2_newer,hard_equal
11369977,11405029,15202,2020/8/1,182162.8889,10.0,Townhouse,1997,3,3,1869.0,sqft,"Forced air, Gas",Central,unknown,195000.0,15202,2020/8/1,200218.3,21.1,"Single Family Residence, Residential",1920,2,2,3576.0,sqft,"Forced Air, Natural Gas",Central Air,unknown,237077.0,1,2.0,False,17.74824213230301,hard,1,1,77,-1707.0,p1_slight,p1_much,hard_p1_slight
11370007,11405029,15202,2020/8/1,181836.1,10.0,Townhouse,1996,3,3,1968.0,sqft,Other,Central,unknown,186000.0,15202,2020/8/1,200218.3,21.1,"Single Family Residence, Residential",1920,2,2,3576.0,sqft,"Forced Air, Natural Gas",Central Air,unknown,237077.0,1,2.0,False,21.5444771108121,hard,1,1,76,-1608.0,p1_slight,p1_much,hard_p1_slight
11326148,11368531,15202,2020/9/1,194461.2727,17.81818182,"Single Family Residence, Residential",1909,2,6,6000.0,sqft,"Forced Air, Natural Gas",Window A/C,Open Parking,208850.0,15202,2020/9/1,230058.5455,29.18181818,"Single Family Residence, Residential",1900,2,6,3571.0,sqft,"Natural Gas, Baseboard",Central Air,Open Parking,320000.0,1,2.0,False,34.734375,medium,0,0,9,2429.0,equal,p1_slight,medium_equal
11326491,11368659,15202,2020/9/1,153159.6364,22.54545455,"Single Family Residence, Residential",1920,2,3,5239.0,sqft,"Forced Air, Natural Gas",Central Air,unknown,217000.0,15202,2020/9/1,146210.6364,23.09090909,"Single Family Residence, Residential",1920,1,4,3676.0,sqft,"Forced Air, Natural Gas",Window A/C,unknown,175000.0,2,1.0,False,19.35483870967742,hard,-1,1,0,1563.0,p2_more,similar,hard_p2_more
11322827,11325618,15202,2021/11/1,161877.7778,32.0,"Single Family Residence, Residential",1910,3,2,5000.0,sqft,"Hot Water, Natural Gas",Central Air,unknown,200000.0,15202,2021/11/1,172332.2034,12.88135593,"Single Family Residence, Residential",1910,2,3,6547.0,sqft,"Forced Air, Natural Gas",Window A/C,unknown,165000.0,2,1.0,False,17.5,hard,-1,1,0,-1547.0,p2_more,similar,hard_p2_more
11322827,11326717,15202,2021/11/1,161877.7778,32.0,"Single Family Residence, Residential",1910,3,2,5000.0,sqft,"Hot Water, Natural Gas",Central Air,unknown,200000.0,15202,2021/11/1,158520.0075,27.0,"Single Family Residence, Residential",1960,1,3,0.61,Acres,"Forced Air, Natural Gas",Central Air,unknown,120000.0,2,1.0,False,40.0,medium,-1,2,-50,4999.39,p2_more,p2_newer,medium_p2_more
11325618,11326717,15202,2021/11/1,172332.2034,12.88135593,"Single Family Residence, Residential",1910,2,3,6547.0,sqft,"Forced Air, Natural Gas",Window A/C,unknown,165000.0,15202,2021/11/1,158520.0075,27.0,"Single Family Residence, Residential",1960,1,3,0.61,Acres,"Forced Air, Natural Gas",Central Air,unknown,120000.0,2,1.0,False,27.27272727272727,medium,0,1,-50,6546.39,equal,p2_newer,medium_equal
11267606,11368107,15202,2021/6/1,259718.9545,28.81818182,"Single Family Residence, Residential",1900,2,5,7400.0,sqft,"Forced Air, Natural Gas","Central Air, Electric",unknown,350000.0,15202,2021/6/1,290581.0,15.0,"Single Family Residence, Residential",1960,2,4,0.4,Acres,Natural Gas,Electric,unknown,242500.0,2,1.0,False,30.714285714285715,medium,1,0,-60,7399.6,p1_slight,p2_newer,medium_p1_slight
11267606,11368580,15202,2021/6/1,259718.9545,28.81818182,"Single Family Residence, Residential",1900,2,5,7400.0,sqft,"Forced Air, Natural Gas","Central Air, Electric",unknown,350000.0,15202,2021/6/1,191319.2727,32.72727273,"Single Family Residence, Residential",1915,2,3,3746.0,sqft,"Forced Air, Natural Gas",Central Air,unknown,188000.0,2,1.0,False,46.285714285714285,easy,2,0,-15,3654.0,p1_much,similar,easy_p1_much
11267643,11368842,15202,2021/6/1,161280.5455,25.77272727,"Single Family Residence, Residential",1939,2,3,3332.0,sqft,Natural Gas,Central Air,unknown,164614.0,15202,2021/6/1,197001.7273,21.72727273,"Single Family Residence, Residential",1897,2,3,3192.0,sqft,"Forced Air, Natural Gas",Central Air,unknown,235000.0,1,2.0,False,29.951489361702127,medium,0,0,42,140.0,equal,p1_much,medium_equal
11325870,11368842,15202,2021/6/1,176509.6667,20.0,"Single Family Residence, Residential",1950,2,3,4303.0,sqft,Natural Gas,Central Air,unknown,180000.0,15202,2021/6/1,197001.7273,21.72727273,"Single Family Residence, Residential",1897,2,3,3192.0,sqft,"Forced Air, Natural Gas",Central Air,unknown,235000.0,1,2.0,False,23.404255319148938,hard,0,0,53,1111.0,equal,p1_much,hard_equal
11367885,11367916,15202,2021/6/1,295875.6667,16.80952381,"Single Family Residence, Residential",1980,4,4,7500.0,sqft,"Forced Air, Natural Gas",unknown,unknown,227925.0,15202,2021/6/1,246784.1818,26.72727273,"Single Family Residence, Residential",1939,1,3,0.28,Acres,Natural Gas,unknown,unknown,325000.0,1,2.0,False,29.86923076923077,medium,1,3,41,7499.72,p1_slight,p1_much,medium_p1_slight
11368228,11369431,15202,2021/6/1,158407.0,25.09090909,"Single Family Residence, Residential",1934,1,3,5998.0,sqft,"Hot Water, Natural Gas",Window A/C,unknown,186000.0,15202,2021/6/1,159484.7273,15.72727273,"Single Family Residence, Residential",1955,1,2,7078.0,sqft,Natural Gas,Central Air,unknown,152500.0,2,1.0,False,18.010752688172044,hard,1,0,-21,-1080.0,p1_slight,p2_newer,hard_p1_slight
11368770,11369431,15202,2021/6/1,192946.9231,22.92307692,"Single Family Residence, Residential",1900,2,4,0.27,Acres,"Forced Air, Natural Gas","Window A/C, Central Air",unknown,195000.0,15202,2021/6/1,159484.7273,15.72727273,"Single Family Residence, Residential",1955,1,2,7078.0,sqft,Natural Gas,Central Air,unknown,152500.0,2,1.0,False,21.794871794871796,hard,2,1,-55,-7077.73,p1_much,p2_newer,hard_p1_much
11368842,11405093,15202,2021/6/1,197001.7273,21.72727273,"Single Family Residence, Residential",1897,2,3,3192.0,sqft,"Forced Air, Natural Gas",Central Air,unknown,235000.0,15202,2021/6/1,208268.0,18.0,"Single Family Residence, Residential",1960,2,2,5963.0,sqft,"Forced Air, Natural Gas",Central Air,unknown,164500.0,2,1.0,False,30.0,medium,1,0,-63,-2771.0,p1_slight,p2_newer,medium_p1_slight
11325074,11404822,15202,2021/7/1,323791.5455,20.5,"Single Family Residence, Residential",1933,3,4,7697.0,sqft,"Hot Water, Natural Gas","Central Air, Electric",unknown,351000.0,15202,2021/7/1,280496.9,15.7,"Single Family Residence, Residential",1896,2,3,9226.0,sqft,"Forced Air, Natural Gas",Central Air,unknown,250000.0,2,1.0,False,28.774928774928775,medium,1,1,37,-1529.0,p1_slight,p1_much,medium_p1_slight
11322807,11369114,15202,2021/8/1,194894.7143,25.57142857,"Single Family Residence, Residential",1900,2,4,3676.0,sqft,"Forced Air, Natural Gas",Central Air,unknown,190000.0,15202,2021/8/1,157500.0,19.0,"Single Family Residence, Residential",1950,1,2,8498.0,sqft,"Forced Air, Natural Gas",Central Air,unknown,155000.0,2,1.0,False,18.421052631578945,hard,2,1,-50,-4822.0,p1_much,p2_newer,hard_p1_much
11322807,11369409,15202,2021/8/1,194894.7143,25.57142857,"Single Family Residence, Residential",1900,2,4,3676.0,sqft,"Forced Air, Natural Gas",Central Air,unknown,190000.0,15202,2021/8/1,177100.0,16.44444444,"Single Family Residence, Residential",1931,1,3,4800.0,sqft,Natural Gas,Window A/C,unknown,127000.0,2,1.0,False,33.1578947368421,medium,1,1,-31,-1124.0,p1_slight,p2_newer,medium_p1_slight
11325144,11370045,15202,2021/8/1,214066.6667,19.0,"Single Family Residence, Residential",1934,2,4,2561.0,sqft,"Radiant, Other",Window A/C,unknown,155000.0,15202,2021/8/1,204326.8421,10.52631579,"Townhouse, Residential",1985,2,2,1224.0,sqft,"Forced Air, Natural Gas",Central Air,unknown,205000.0,1,2.0,False,24.390243902439025,hard,2,0,-51,1337.0,p1_much,p2_newer,hard_p1_much
11325424,11369164,15202,2021/8/1,246941.6522,21.34782609,"Single Family Residence, Residential",1905,2,4,4508.0,sqft,"Forced Air, Natural Gas",Central Air,unknown,285000.0,15202,2021/8/1,221986.5789,14.94736842,"Single Family Residence, Residential",1920,1,3,5188.0,sqft,"Forced Air, Natural Gas",Central Air,unknown,220000.0,2,1.0,False,22.807017543859647,hard,1,1,-15,-680.0,p1_slight,similar,hard_p1_slight
11325424,11404688,15202,2021/8/1,246941.6522,21.34782609,"Single Family Residence, Residential",1905,2,4,4508.0,sqft,"Forced Air, Natural Gas",Central Air,unknown,285000.0,15202,2021/8/1,240249.1111,17.22222222,"Single Family Residence, Residential",1960,2,3,3994.0,sqft,"Forced Air, Natural Gas",Central Air,unknown,207000.0,2,1.0,False,27.368421052631582,medium,1,0,-55,514.0,p1_slight,p2_newer,medium_p1_slight
11326845,11404688,15202,2021/8/1,255154.4211,15.15789474,"Single Family Residence, Residential",1915,2,4,3750.0,sqft,"Forced Air, Natural Gas","Central Air, Electric",unknown,250000.0,15202,2021/8/1,240249.1111,17.22222222,"Single Family Residence, Residential",1960,2,3,3994.0,sqft,"Forced Air, Natural Gas",Central Air,unknown,207000.0,2,1.0,False,17.2,hard,1,0,-45,-244.0,p1_slight,p2_newer,hard_p1_slight
11369098,11369114,15202,2021/8/1,181786.7895,31.89473684,"Single Family Residence, Residential",1907,2,4,3402.0,sqft,"Forced Air, Natural Gas","Central Air, Wall Unit(s)",unknown,250000.0,15202,2021/8/1,157500.0,19.0,"Single Family Residence, Residential",1950,1,2,8498.0,sqft,"Forced Air, Natural Gas",Central Air,unknown,155000.0,2,1.0,False,38.0,medium,2,1,-43,-5096.0,p1_much,p2_newer,medium_p1_much
11369098,11369409,15202,2021/8/1,181786.7895,31.89473684,"Single Family Residence, Residential",1907,2,4,3402.0,sqft,"Forced Air, Natural Gas","Central Air, Wall Unit(s)",unknown,250000.0,15202,2021/8/1,177100.0,16.44444444,"Single Family Residence, Residential",1931,1,3,4800.0,sqft,Natural Gas,Window A/C,unknown,127000.0,2,1.0,False,49.2,easy,1,1,-24,-1398.0,p1_slight,p2_newer,easy_p1_slight
11369098,11404802,15202,2021/8/1,181786.7895,31.89473684,"Single Family Residence, Residential",1907,2,4,3402.0,sqft,"Forced Air, Natural Gas","Central Air, Wall Unit(s)",unknown,250000.0,15202,2021/8/1,204888.8889,13.22222222,"Single Family Residence, Residential",1929,2,3,5314.0,sqft,"Forced Air, Natural Gas",Central Air,unknown,195000.0,2,1.0,False,22.0,hard,1,0,-22,-1912.0,p1_slight,p2_newer,hard_p1_slight
11369114,11369409,15202,2021/8/1,157500.0,19.0,"Single Family Residence, Residential",1950,1,2,8498.0,sqft,"Forced Air, Natural Gas",Central Air,unknown,155000.0,15202,2021/8/1,177100.0,16.44444444,"Single Family Residence, Residential",1931,1,3,4800.0,sqft,Natural Gas,Window A/C,unknown,127000.0,2,1.0,False,18.064516129032256,hard,-1,0,19,3698.0,p2_more,p1_slight,hard_p2_more
11369649,11404688,15202,2021/8/1,224113.7391,31.08695652,"Single Family Residence, Residential",1905,2,5,0.43,Acres,"Forced Air, Natural Gas",Central Air,unknown,256981.0,15202,2021/8/1,240249.1111,17.22222222,"Single Family Residence, Residential",1960,2,3,3994.0,sqft,"Forced Air, Natural Gas",Central Air,unknown,207000.0,2,1.0,False,19.449297808009153,hard,2,0,-55,-3993.57,p1_much,p2_newer,hard_p1_much
11369649,11404802,15202,2021/8/1,224113.7391,31.08695652,"Single Family Residence, Residential",1905,2,5,0.43,Acres,"Forced Air, Natural Gas",Central Air,unknown,256981.0,15202,2021/8/1,204888.8889,13.22222222,"Single Family Residence, Residential",1929,2,3,5314.0,sqft,"Forced Air, Natural Gas",Central Air,unknown,195000.0,2,1.0,False,24.118903732182535,hard,2,0,-24,-5313.57,p1_much,p2_newer,hard_p1_much
11323099,11369285,15202,2022/1/1,124999.2857,41.88571429,"Single Family Residence, Residential",1896,3,4,4599.0,sqft,"Forced Air, Natural Gas",Central Air,unknown,115000.0,15202,2022/1/1,146515.3846,26.15384615,"Single Family Residence, Residential",1940,1,2,4171.0,sqft,"Forced Air, Natural Gas",Central Air,unknown,168000.0,1,2.0,False,31.547619047619047,medium,2,2,-44,428.0,p1_much,p2_newer,medium_p1_much
11325997,11326051,15202,2022/6/1,196200.0,21.0,"Single Family Residence, Residential",1985,2,3,5227.0,sqft,Natural Gas,Electric,unknown,220000.0,15202,2022/6/1,156844.4444,28.74074074,"Single Family Residence, Residential",1925,1,3,3358.0,sqft,"Forced Air, Natural Gas","Central Air, Electric",unknown,180000.0,2,1.0,False,18.181818181818183,hard,0,1,60,1869.0,equal,p1_much,hard_equal
11326034,11326051,15202,2022/6/1,176020.0,11.4,"Single Family Residence, Residential",1906,2,2,3624.0,sqft,"Forced Air, Natural Gas",Central Air,unknown,225000.0,15202,2022/6/1,156844.4444,28.74074074,"Single Family Residence, Residential",1925,1,3,3358.0,sqft,"Forced Air, Natural Gas","Central Air, Electric",unknown,180000.0,2,1.0,False,20.0,hard,-1,1,-19,266.0,p2_more,similar,hard_p2_more
11326034,11369524,15202,2022/6/1,176020.0,11.4,"Single Family Residence, Residential",1906,2,2,3624.0,sqft,"Forced Air, Natural Gas",Central Air,unknown,225000.0,15202,2022/6/1,157408.5106,23.72340426,"Single Family Residence, Residential",1954,1,2,4281.0,sqft,"Forced Air, Natural Gas",Central Air,unknown,152000.0,2,1.0,False,32.44444444444444,medium,0,1,-48,-657.0,equal,p2_newer,medium_equal
11326051,11404934,15202,2022/6/1,156844.4444,28.74074074,"Single Family Residence, Residential",1925,1,3,3358.0,sqft,"Forced Air, Natural Gas","Central Air, Electric",unknown,180000.0,15202,2022/6/1,127463.5714,43.71428571,"Single Family Residence, Residential",1862,2,3,10489.0,sqft,"Forced Air, Natural Gas","Central Air, Electric",unknown,149900.0,2,1.0,False,16.72222222222222,hard,0,-1,63,-7131.0,equal,p1_much,hard_equal
11307787,11315242,15203,2019/10/1,235791.8462,28.46153846,"Single Family Residence, Residential",1890,3,3,1598.0,sqft,"Forced Air, Electric",Central Air,unknown,335000.0,15203,2019/10/1,288408.4,34.65,SingleFamily,1901,2,2,2400.0,sqft,"Forced air, Gas",Central,unknown,259694.0,2,1.0,False,22.479402985074625,hard,1,1,-11,-802.0,p1_slight,similar,hard_p1_slight
11427052,118479535,15203,2020/11/1,382030.6154,16.38461538,"Single Family Residence, Residential",1880,3,3,2757.0,sqft,"Forced Air, Natural Gas",Central Air,unknown,306000.0,15203,2020/11/1,435638.8,21.0,"Townhouse, Residential",2012,3,3,1328.0,sqft,"Forced Air, Natural Gas","Central Air, Electric",unknown,407000.0,1,2.0,False,24.815724815724817,hard,0,0,-132,1429.0,equal,p2_newer,hard_equal
118479535,2104949628,15203,2020/11/1,435638.8,21.0,"Townhouse, Residential",2012,3,3,1328.0,sqft,"Forced Air, Natural Gas","Central Air, Electric",unknown,407000.0,15203,2020/11/1,445813.8,23.5,"Single Family Residence, Residential",1855,3,2,4800.0,sqft,"Forced Air, Natural Gas",Central Air,unknown,767250.0,1,2.0,False,46.95340501792115,easy,1,0,157,-3472.0,p1_slight,p1_much,easy_p1_slight
11307330,11475093,15203,2020/7/1,222259.322,26.27118644,"Single Family Residence, Residential",1890,2,3,1450.0,sqft,"Forced Air, Natural Gas",Central Air,unknown,295900.0,15203,2020/7/1,179109.2727,17.90909091,SingleFamily,1900,3,4,1742.0,sqft,"Other, Forced air",Other,unknown,189000.0,2,1.0,False,36.12706995606624,medium,-1,-1,-10,-292.0,p2_more,similar,medium_p2_more
11291448,11307755,15203,2021/12/1,219873.9437,33.45070423,"Single Family Residence, Residential",1900,3,3,1197.0,sqft,"Natural Gas, Baseboard",Window A/C,unknown,245000.0,15203,2021/12/1,193830.2158,16.92805755,"Single Family Residence, Residential",1898,2,4,1197.0,sqft,"Forced Air, Natural Gas",Central Air,unknown,191900.0,2,1.0,False,21.6734693877551,hard,-1,1,2,0.0,p2_more,p1_slight,hard_p2_more
11292068,87996080,15203,2021/12/1,352154.2609,14.52173913,"Single Family Residence, Residential",1900,3,2,944.0,sqft,"Forced Air, Natural Gas",Central Air,Open Parking,280000.0,15203,2021/12/1,374785.7143,13.42857143,Townhouse,2004,3,3,961.0,sqft,Other,Central,Garage - Attached,379900.0,1,2.0,False,26.296393787838905,medium,-1,0,-104,-17.0,p2_more,p2_newer,medium_p2_more
11290490,11291939,15203,2021/4/1,199150.5714,13.64285714,"Single Family Residence, Residential",1907,1,1,1280.0,sqft,"Forced Air, Natural Gas",Central Air,Open Parking,195000.0,15203,2021/4/1,170436.9231,22.46153846,"Single Family Residence, Residential",1900,2,2,871.2,sqft,"Forced Air, Natural Gas",Electric,Open Parking,125000.0,2,1.0,False,35.8974358974359,medium,-1,-1,7,408.79999999999995,p2_more,p1_slight,medium_p2_more
11291853,11291939,15203,2021/4/1,172416.0769,26.53846154,"Single Family Residence, Residential",1900,1,2,901.69,sqft,"Forced Air, Natural Gas",Window A/C,Open Parking,165000.0,15203,2021/4/1,170436.9231,22.46153846,"Single Family Residence, Residential",1900,2,2,871.2,sqft,"Forced Air, Natural Gas",Electric,Open Parking,125000.0,2,1.0,False,24.242424242424242,hard,0,-1,0,30.49000000000001,equal,similar,hard_equal
11290796,11291191,15203,2021/5/1,308763.0,14.0,"Single Family Residence, Residential",1910,2,3,1197.0,sqft,"Forced Air, Natural Gas",Central Air,unknown,291000.0,15203,2021/5/1,363789.8333,20.5,"Single Family Residence, Residential",1900,3,3,1197.0,sqft,"Forced Air, Natural Gas","Central Air, Electric",unknown,375000.0,1,2.0,False,22.400000000000002,hard,0,-1,10,0.0,equal,p1_slight,hard_equal
11291065,87992594,15203,2021/5/1,340402.3333,23.0,"Single Family Residence, Residential",1902,2,3,1176.0,sqft,"Forced Air, Natural Gas",Electric,unknown,325000.0,15203,2021/5/1,395253.5,14.0,"Townhouse, Residential",2004,3,2,845.06,sqft,"Forced Air, Natural Gas",Central Air,unknown,404000.0,1,2.0,False,19.554455445544555,hard,1,-1,-102,330.94000000000005,p1_slight,p2_newer,hard_p1_slight
11474576,11474644,15203,2021/5/1,219323.6667,22.66666667,"Single Family Residence, Residential",1900,1,3,1271.0,sqft,"Forced Air, Natural Gas",Central Air,Open Parking,178000.0,15203,2021/5/1,205094.625,36.5,"Single Family Residence, Residential",1903,2,2,1200.0,sqft,"Forced Air, Natural Gas","Central Air, Electric",Open Parking,220000.0,1,2.0,False,19.090909090909093,hard,1,-1,-3,71.0,p1_slight,similar,hard_p1_slight
11290740,11307920,15203,2021/6/1,162765.5,13.0,"Single Family Residence, Residential",1915,2,3,1398.0,sqft,Natural Gas,"Central Air, Electric",Open Parking,261500.0,15203,2021/6/1,168712.4444,27.88888889,"Single Family Residence, Residential",1909,1,4,2740.0,sqft,"Forced Air, Natural Gas","Central Air, Electric",Open Parking,151915.0,2,1.0,False,41.90630975143404,easy,-1,1,6,-1342.0,p2_more,p1_slight,easy_p2_more
11291280,11307920,15203,2021/6/1,193946.4,25.0,"Single Family Residence, Residential",1910,2,2,1197.0,sqft,Natural Gas,Electric,Open Parking,215000.0,15203,2021/6/1,168712.4444,27.88888889,"Single Family Residence, Residential",1909,1,4,2740.0,sqft,"Forced Air, Natural Gas","Central Air, Electric",Open Parking,151915.0,2,1.0,False,29.34186046511628,medium,-2,1,1,-1543.0,p2_more,p1_slight,medium_p2_more
11308090,11474620,15203,2021/6/1,151556.4,33.6,"Single Family Residence, Residential",1900,1,2,3750.0,sqft,"Hot Water, Natural Gas",Wall Unit(s),unknown,250000.0,15203,2021/6/1,159093.8571,10.0,SingleFamily,1917,1,2,1723.0,sqft,Forced air,Other,unknown,142500.0,2,1.0,False,43.0,easy,0,0,-17,2027.0,equal,similar,easy_equal
11483399,11592775,15204,2020/12/1,124067.5714,28.35714286,"Single Family Residence, Residential",1915,1,4,0.25,Acres,"Forced Air, Natural Gas",Window A/C,unknown,124900.0,15204,2020/12/1,119720.4615,21.38461538,"Single Family Residence, Residential",1962,2,3,6298.0,sqft,"Forced Air, Natural Gas",Central Air,unknown,103000.0,2,1.0,False,17.53402722177742,hard,1,-1,-47,-6297.75,p1_slight,p2_newer,hard_p1_slight
11478993,11592728,15204,2021/12/1,164405.0847,17.3220339,"Single Family Residence, Residential",1929,2,3,4800.0,sqft,"Forced Air, Natural Gas","Window A/C, Electric",unknown,187000.0,15204,2021/12/1,145599.2537,24.73880597,"Single Family Residence, Residential",1900,2,4,6438.0,sqft,Natural Gas,Central Air,unknown,150000.0,2,1.0,False,19.786096256684495,hard,-1,0,29,-1638.0,p2_more,p1_much,hard_p2_more
11479796,11592728,15204,2021/12/1,143640.1361,39.60544218,"Single Family Residence, Residential",1935,1,3,6599.0,sqft,"Forced Air, Natural Gas",Central Air,unknown,218000.0,15204,2021/12/1,145599.2537,24.73880597,"Single Family Residence, Residential",1900,2,4,6438.0,sqft,Natural Gas,Central Air,unknown,150000.0,2,1.0,False,31.19266055045872,medium,-1,-1,35,161.0,p2_more,p1_much,medium_p2_more
11479109,11592404,15204,2021/2/1,142079.6429,39.28571429,"Single Family Residence, Residential",1940,2,6,5000.0,sqft,"Radiant, Natural Gas",Window A/C,unknown,180000.0,15204,2021/2/1,125286.3333,27.0,"Single Family Residence, Residential",1959,1,2,5520.0,sqft,"Forced Air, Natural Gas",Central Air,unknown,125000.0,2,1.0,False,30.555555555555557,medium,4,1,-19,-520.0,p1_much,similar,medium_p1_much
11482811,11592404,15204,2021/2/1,118389.4167,32.75,"Single Family Residence, Residential",1930,1,3,3402.0,sqft,Natural Gas,Central Air,unknown,150000.0,15204,2021/2/1,125286.3333,27.0,"Single Family Residence, Residential",1959,1,2,5520.0,sqft,"Forced Air, Natural Gas",Central Air,unknown,125000.0,2,1.0,False,16.666666666666664,hard,1,0,-29,-2118.0,p1_slight,p2_newer,hard_p1_slight
11479426,11483376,15204,2022/5/1,189040.0,19.0,"Single Family Residence, Residential",1941,2,3,3301.0,sqft,"Forced Air, Natural Gas",Central Air,unknown,225000.0,15204,2022/5/1,168680.0,16.8,"Single Family Residence, Residential",1910,2,4,2500.0,sqft,Natural Gas,Central Air,unknown,185000.0,2,1.0,False,17.77777777777778,hard,-1,0,31,801.0,p2_more,p1_much,hard_p2_more
11479469,11482836,15204,2022/7/1,107320.8889,39.66666667,"Single Family Residence, Residential",1945,1,2,3898.0,sqft,Hot Water,Window A/C,unknown,202500.0,15204,2022/7/1,105586.6667,39.03333333,"Single Family Residence, Residential",1900,1,3,3998.0,sqft,Natural Gas,Central Air,unknown,144000.0,2,1.0,False,28.888888888888886,medium,-1,0,45,-100.0,p2_more,p1_much,medium_p2_more
11476246,11476494,15205,2019/12/1,198672.5,16.3,SingleFamily,1910,4,3,9256.0,sqft,Other,unknown,unknown,192000.0,15205,2019/12/1,196313.1538,26.69230769,SingleFamily,1906,3,4,6240.0,sqft,Other,unknown,unknown,289900.0,1,2.0,False,33.77026560883063,medium,-1,1,4,3016.0,p2_more,p1_slight,medium_p2_more
11476804,11585057,15205,2019/9/1,179550.9231,15.38461538,SingleFamily,1965,2,3,5588.0,sqft,Other,Central,unknown,212000.0,15205,2019/9/1,180229.5,14.0,SingleFamily,1900,2,4,3998.0,sqft,Other,Central,unknown,165000.0,2,1.0,False,22.169811320754718,hard,-1,0,65,1590.0,p2_more,p1_much,hard_p2_more
11364895,11473559,15205,2020/11/1,223977.0,16.0,"Single Family Residence, Residential",1965,3,3,5558.0,sqft,"Forced Air, Natural Gas",Central Air,unknown,292000.0,15205,2020/11/1,228724.2727,20.18181818,"Single Family Residence, Residential",1925,2,5,5601.0,sqft,Other,Window A/C,unknown,239900.0,2,1.0,False,17.84246575342466,hard,-2,1,40,-43.0,p2_more,p1_much,hard_p2_more
11364895,11584996,15205,2020/11/1,223977.0,16.0,"Single Family Residence, Residential",1965,3,3,5558.0,sqft,"Forced Air, Natural Gas",Central Air,unknown,292000.0,15205,2020/11/1,193867.3333,40.33333333,"Single Family Residence, Residential",1900,3,4,5330.0,sqft,"Forced Air, Natural Gas",Central Air,unknown,235000.0,2,1.0,False,19.52054794520548,hard,-1,0,65,228.0,p2_more,p1_much,hard_p2_more
11401058,11473515,15205,2020/11/1,213937.2,14.0,"Single Family Residence, Residential",1950,2,3,0.4,Acres,"Forced Air, Natural Gas","Central Air, Electric",unknown,220000.0,15205,2020/11/1,195410.0,17.0,"Single Family Residence, Residential",1959,2,3,7500.0,sqft,"Forced Air, Natural Gas",Central Air,unknown,179000.0,2,1.0,False,18.636363636363637,hard,0,0,-9,-7499.6,equal,similar,hard_equal
11475568,11583422,15205,2020/11/1,124027.4545,24.54545455,"Townhouse, Residential",1970,2,2,9300.0,sqft,"Forced Air, Natural Gas",Central Air,unknown,130000.0,15205,2020/11/1,146220.0,23.0,"Single Family Residence, Residential",1936,1,3,3001.0,sqft,"Forced Air, Natural Gas","Central Air, Electric",unknown,160000.0,1,2.0,False,18.75,hard,-1,1,34,6299.0,p2_more,p1_much,hard_p2_more
11473571,11476710,15205,2020/12/1,158794.8,14.2,"Single Family Residence, Residential",1970,1,2,2500.0,sqft,"Hot Water, Natural Gas",Electric,unknown,160000.0,15205,2020/12/1,135953.8,17.6,"Single Family Residence, Residential",1955,1,2,5000.0,sqft,"Forced Air, Natural Gas",Central Air,unknown,120100.0,2,1.0,False,24.9375,hard,0,0,15,-2500.0,equal,p1_slight,hard_equal
11583045,11588036,15205,2020/3/1,189581.1053,18.52631579,SingleFamily,1929,2,3,9583.0,sqft,Other,Central,unknown,218500.0,15205,2020/3/1,178654.9412,13.35294118,SingleFamily,1935,2,3,9700.0,sqft,Other,Central,unknown,177625.0,2,1.0,False,18.7070938215103,hard,0,0,-6,-117.0,equal,similar,hard_equal
11356134,11583316,15205,2020/4/1,149478.8182,24.18181818,SingleFamily,1955,2,3,7865.0,sqft,"Other, Electric",Central,unknown,129000.0,15205,2020/4/1,176742.6667,29.11111111,SingleFamily,1910,2,3,3794.0,sqft,"Forced air, Gas",Central,unknown,220000.0,1,2.0,False,41.36363636363637,easy,0,0,45,4071.0,equal,p1_much,easy_equal
11583037,11588104,15205,2020/7/1,141823.3333,15.55555556,SingleFamily,1925,1,2,0.26,Acres,Other,unknown,unknown,165000.0,15205,2020/7/1,119521.0,33.22222222,SingleFamily,1920,1,3,3828.0,sqft,Other,unknown,unknown,135000.0,2,1.0,False,18.181818181818183,hard,-1,0,5,-3827.74,p2_more,p1_slight,hard_p2_more
11583396,11583454,15205,2020/7/1,173012.0,23.33333333,SingleFamily,1958,1,3,5998.0,sqft,"Forced air, Gas",Central,unknown,192000.0,15205,2020/7/1,130939.8,36.2,SingleFamily,1900,2,2,6825.0,sqft,"Other, Forced air, Gas",Central,unknown,159900.0,2,1.0,False,16.71875,hard,1,-1,58,-827.0,p1_slight,p1_much,hard_p1_slight
11257746,11320555,15205,2020/8/1,544682.0,30.0,"Single Family Residence, Residential",1955,6,4,0.44,Acres,"Forced Air, Natural Gas",Central Air,unknown,366000.0,15205,2020/8/1,454873.3636,11.90909091,"Single Family Residence, Residential",1989,4,4,0.26,Acres,"Forced Air, Natural Gas","Central Air, Electric",unknown,460000.0,1,2.0,False,20.434782608695652,hard,0,2,-34,0.18,equal,p2_newer,hard_equal
11320555,11583236,15205,2020/8/1,454873.3636,11.90909091,"Single Family Residence, Residential",1989,4,4,0.26,Acres,"Forced Air, Natural Gas","Central Air, Electric",unknown,460000.0,15205,2020/8/1,388846.0,29.0,SingleFamily,1900,3,5,10624.0,sqft,"Forced air, Gas",Central,unknown,318200.0,2,1.0,False,30.826086956521735,medium,-1,1,89,-10623.74,p2_more,p1_much,medium_p2_more
11356093,11475420,15205,2020/9/1,153474.5,27.0,"Single Family Residence, Residential",1955,2,3,0.25,Acres,"Hot Water, Natural Gas",Central Air,unknown,222000.0,15205,2020/9/1,138007.9,19.0,"Single Family Residence, Residential",1930,2,4,5408.0,sqft,"Forced Air, Natural Gas",Central Air,unknown,139900.0,2,1.0,False,36.98198198198198,medium,-1,0,25,-5407.75,p2_more,p1_much,medium_p2_more
11356225,11583089,15205,2020/9/1,237082.8,13.6,"Single Family Residence, Residential",1950,2,3,3001.0,sqft,Natural Gas,Central Air,unknown,268000.0,15205,2020/9/1,239279.3,28.8,"Single Family Residence, Residential",1900,2,4,5265.0,sqft,"Forced Air, Natural Gas",Central Air,unknown,220000.0,2,1.0,False,17.91044776119403,hard,-1,0,50,-2264.0,p2_more,p1_much,hard_p2_more
11356225,11583294,15205,2020/9/1,237082.8,13.6,"Single Family Residence, Residential",1950,2,3,3001.0,sqft,Natural Gas,Central Air,unknown,268000.0,15205,2020/9/1,210254.4,12.7,"Single Family Residence, Residential",1929,2,4,7000.0,sqft,"Hot Water, Natural Gas",Window A/C,unknown,205000.0,2,1.0,False,23.507462686567166,hard,-1,0,21,-3999.0,p2_more,p1_much,hard_p2_more
11474137,11587882,15205,2020/9/1,188383.6,27.3,"Single Family Residence, Residential",1965,2,3,0.62,Acres,"Forced Air, Natural Gas",Central Air,unknown,227000.0,15205,2020/9/1,147217.5455,29.18181818,"Single Family Residence, Residential",1984,2,3,5760.0,sqft,"Forced Air, Natural Gas",Central Air,unknown,137000.0,2,1.0,False,39.647577092511014,medium,0,0,-19,-5759.38,equal,similar,medium_equal
11476631,11583604,15205,2020/9/1,190910.6364,25.09090909,"Single Family Residence, Residential",1900,3,4,2500.0,sqft,"Forced Air, Natural Gas",Central Air,unknown,193000.0,15205,2020/9/1,156775.0,15.55555556,"Single Family Residence, Residential",1958,1,3,4791.0,sqft,"Forced Air, Natural Gas",Central Air,unknown,160000.0,2,1.0,False,17.098445595854923,hard,1,2,-58,-2291.0,p1_slight,p2_newer,hard_p1_slight
11476631,11587882,15205,2020/9/1,190910.6364,25.09090909,"Single Family Residence, Residential",1900,3,4,2500.0,sqft,"Forced Air, Natural Gas",Central Air,unknown,193000.0,15205,2020/9/1,147217.5455,29.18181818,"Single Family Residence, Residential",1984,2,3,5760.0,sqft,"Forced Air, Natural Gas",Central Air,unknown,137000.0,2,1.0,False,29.015544041450774,medium,1,1,-84,-3260.0,p1_slight,p2_newer,medium_p1_slight
11583309,11583338,15205,2020/9/1,326143.8,26.6,"Single Family Residence, Residential",1900,3,6,7501.0,sqft,"Forced Air, Natural Gas",Central Air,unknown,325500.0,15205,2020/9/1,271203.3636,14.09090909,"Single Family Residence, Residential",1950,3,3,5000.0,sqft,"Hot Water, Natural Gas",Electric,unknown,266001.0,2,1.0,False,18.279262672811058,hard,3,0,-50,2501.0,p1_much,p2_newer,hard_p1_much
11320750,11476782,15205,2021/1/1,195290.2222,17.22222222,"Single Family Residence, Residential",1964,2,3,0.34,Acres,"Forced Air, Natural Gas",Central Air,unknown,215000.0,15205,2021/1/1,165109.3636,22.72727273,"Single Family Residence, Residential",1920,2,5,5000.0,sqft,"Forced Air, Natural Gas",Central Air,unknown,171000.0,2,1.0,False,20.46511627906977,hard,-2,0,44,-4999.66,p2_more,p1_much,hard_p2_more
11355652,11583599,15205,2021/1/1,150726.0,18.0,"Single Family Residence, Residential",1932,1,3,5460.0,sqft,"Hot Water, Natural Gas","Other, Window A/C",unknown,169900.0,15205,2021/1/1,156789.3,30.9,"Single Family Residence, Residential",1899,2,3,2500.0,sqft,"Forced Air, Natural Gas",Central Air,unknown,131900.0,2,1.0,False,22.366097704532077,hard,0,-1,33,2960.0,equal,p1_much,hard_equal
11476115,11584591,15205,2021/10/1,238633.3333,14.66666667,"Single Family Residence, Residential",1941,2,3,3520.0,sqft,Natural Gas,Central Air,unknown,169150.0,15205,2021/10/1,223503.3898,16.28813559,"Single Family Residence, Residential",1900,2,3,5018.0,sqft,"Forced Air, Natural Gas","Window A/C, Wall Unit(s), Electric",unknown,229000.0,1,2.0,False,26.135371179039304,medium,0,0,41,-1498.0,equal,p1_much,medium_equal
11320787,11475843,15205,2021/11/1,243863.3094,10.0,"Townhouse, Residential",1996,3,3,1960.0,sqft,Natural Gas,Central Air,unknown,260000.0,15205,2021/11/1,213480.9524,22.95238095,"Single Family Residence, Residential",1920,2,5,5000.0,sqft,"Forced Air, Natural Gas",Window A/C,unknown,133500.0,2,1.0,False,48.65384615384615,easy,-2,1,76,-3040.0,p2_more,p1_much,easy_p2_more
11400834,11475843,15205,2021/11/1,237559.3103,16.45517241,SingleFamily,1956,2,3,0.62,Acres,Other,Central,unknown,205000.0,15205,2021/11/1,213480.9524,22.95238095,"Single Family Residence, Residential",1920,2,5,5000.0,sqft,"Forced Air, Natural Gas",Window A/C,unknown,133500.0,2,1.0,False,34.8780487804878,medium,-2,0,36,-4999.38,p2_more,p1_much,medium_p2_more
11256704,11473408,15205,2021/12/1,211662.0438,15.83941606,"Townhouse, Residential",1986,3,2,927.83,sqft,"Forced Air, Natural Gas","Central Air, Electric",unknown,230000.0,15205,2021/12/1,216442.8571,17.14285714,"Single Family Residence, Residential",1900,2,5,6250.0,sqft,"Forced Air, Natural Gas",Central Air,unknown,185000.0,2,1.0,False,19.565217391304348,hard,-3,1,86,-5322.17,p2_more,p1_much,hard_p2_more
11320781,11583329,15205,2021/12/1,301035.9712,28.36690647,"Single Family Residence, Residential",1976,3,3,0.62,Acres,"Forced Air, Natural Gas","Central Air, Electric",unknown,393900.0,15205,2021/12/1,343367.2727,12.90909091,"Single Family Residence, Residential",1950,4,4,6098.0,sqft,"Forced Air, Natural Gas",Central Air,unknown,290000.0,2,1.0,False,26.37725310992638,medium,-1,-1,26,-6097.38,p2_more,p1_much,medium_p2_more
11355726,11588309,15205,2021/4/1,182122.1667,23.75,"Single Family Residence, Residential",1929,2,3,5449.0,sqft,"Forced Air, Natural Gas",Central Air,unknown,284000.0,15205,2021/4/1,222655.0,29.0,"Single Family Residence, Residential",1926,3,4,4748.0,sqft,Natural Gas,Central Air,unknown,215000.0,2,1.0,False,24.295774647887324,hard,-1,-1,3,701.0,p2_more,p1_slight,hard_p2_more
11583187,11583784,15205,2021/5/1,246547.0,26.0,"Single Family Residence, Residential",1910,3,6,3676.0,sqft,"Radiant, Natural Gas","Other, Window A/C",unknown,313000.0,15205,2021/5/1,215911.3333,21.0,"Single Family Residence, Residential",1950,2,3,6500.0,sqft,"Forced Air, Natural Gas",Central Air,unknown,222000.0,2,1.0,False,29.073482428115017,medium,3,1,-40,-2824.0,p1_much,p2_newer,medium_p1_much
11355918,11584853,15205,2021/7/1,228354.1304,17.60869565,"Single Family Residence, Residential",1956,1,3,0.34,Acres,Natural Gas,Central Air,unknown,226000.0,15205,2021/7/1,279023.1304,24.04347826,"Single Family Residence, Residential",1900,3,3,0.25,Acres,"Forced Air, Natural Gas",Central Air,unknown,326000.0,1,2.0,False,30.67484662576687,medium,0,-2,56,0.09000000000000002,equal,p1_much,medium_equal
11473661,11583562,15205,2021/9/1,215135.5932,18.89830508,"Single Family Residence, Residential",1910,2,4,5000.0,sqft,Natural Gas,"Central Air, Electric",unknown,247500.0,15205,2021/9/1,179294.9153,18.77966102,"Single Family Residence, Residential",1948,2,3,4861.0,sqft,"Forced Air, Natural Gas",Central Air,unknown,179900.0,2,1.0,False,27.31313131313131,medium,1,0,-38,139.0,p1_slight,p2_newer,medium_p1_slight
11475847,11476751,15205,2022/2/1,182528.5714,14.97278912,"Single Family Residence, Residential",1913,2,3,3650.0,sqft,"Forced Air, Natural Gas",Central Air,unknown,205000.0,15205,2022/2/1,164155.9322,19.96610169,"Single Family Residence, Residential",1956,1,3,5410.0,sqft,Natural Gas,"Central Air, Electric",unknown,146000.0,2,1.0,False,28.780487804878046,medium,0,1,-43,-1760.0,equal,p2_newer,medium_equal
11583122,11587955,15205,2022/3/1,218087.9699,26.61654135,"Single Family Residence, Residential",1905,3,4,3881.0,sqft,"Forced Air, Natural Gas",Central Air,unknown,299350.0,15205,2022/3/1,183189.4737,14.92105263,"Single Family Residence, Residential",1955,2,3,4499.0,sqft,"Forced Air, Natural Gas","Central Air, Electric",unknown,202500.0,2,1.0,False,32.35343243694672,medium,1,1,-50,-618.0,p1_slight,p2_newer,medium_p1_slight
11256616,11364914,15205,2022/4/1,573474.6818,12.22727273,"Single Family Residence, Residential",1966,4,5,0.42,Acres,Natural Gas,Central Air,unknown,615000.0,15205,2022/4/1,502096.6102,15.18644068,"Single Family Residence, Residential",1971,3,4,1.82,Acres,"Forced Air, Electric","Central Air, Electric",unknown,500000.0,2,1.0,False,18.69918699186992,hard,1,1,-5,-1.4000000000000001,p1_slight,similar,hard_p1_slight
11320748,11473715,15205,2022/4/1,134297.5,37.9,"Single Family Residence, Residential",1950,2,2,0.35,Acres,"Forced Air, Oil",Central Air,unknown,200000.0,15205,2022/4/1,129882.0513,34.35897436,"Single Family Residence, Residential",1959,1,2,0.26,Acres,"Forced Air, Natural Gas",Central Air,unknown,110000.0,2,1.0,False,45.0,easy,0,1,-9,0.08999999999999997,equal,similar,easy_equal
11356142,11473715,15205,2022/4/1,138600.0,32.91549296,"Single Family Residence, Residential",1958,2,2,5998.0,sqft,Forced Air,Electric,unknown,190000.0,15205,2022/4/1,129882.0513,34.35897436,"Single Family Residence, Residential",1959,1,2,0.26,Acres,"Forced Air, Natural Gas",Central Air,unknown,110000.0,2,1.0,False,42.10526315789473,easy,0,1,-1,5997.74,equal,similar,easy_equal
11356142,11476050,15205,2022/4/1,138600.0,32.91549296,"Single Family Residence, Residential",1958,2,2,5998.0,sqft,Forced Air,Electric,unknown,190000.0,15205,2022/4/1,116790.0,27.4,"Single Family Residence, Residential",1950,1,2,0.26,Acres,"Forced Air, Natural Gas",Window A/C,unknown,114000.0,2,1.0,False,40.0,medium,0,1,8,5997.74,equal,p1_slight,medium_equal
11473689,11588553,15205,2022/4/1,186484.6154,12.61538462,"Single Family Residence, Residential",1955,2,3,2500.0,sqft,Natural Gas,Central Air,unknown,184900.0,15205,2022/4/1,205500.0,14.61538462,"Single Family Residence, Residential",1920,1,3,3750.0,sqft,"Forced Air, Natural Gas","Central Air, Electric",unknown,230000.0,1,2.0,False,19.608695652173914,hard,0,1,35,-1250.0,equal,p1_much,hard_equal
11620305,11622418,15206,2019/1/1,299473.4,11.6,SingleFamily,1925,1,3,3855.0,sqft,"Radiant, Gas",Other,unknown,287000.0,15206,2019/1/1,272706.7,41.7,"Single Family Residence, Residential",1920,4,5,3741.0,sqft,"Forced Air, Natural Gas",Central Air,unknown,227000.0,2,1.0,False,20.905923344947734,hard,-2,-3,5,114.0,p2_more,p1_slight,hard_p2_more
11622302,11622435,15206,2019/11/1,241571.0,19.0,SingleFamily,1920,2,2,1306.0,sqft,Other,Central,unknown,290000.0,15206,2019/11/1,237959.5385,29.46153846,SingleFamily,1900,2,3,2591.0,sqft,Other,Central,unknown,205600.0,2,1.0,False,29.10344827586207,medium,-1,0,20,-1285.0,p2_more,p1_slight,medium_p2_more
11278161,11278325,15206,2019/7/1,189469.5882,11.41176471,SingleFamily,1950,1,3,2600.0,sqft,"Forced air, Gas",Central,unknown,185000.0,15206,2019/7/1,172640.0,38.0,SingleFamily,1949,2,2,1163.0,sqft,Other,Central,unknown,225000.0,1,2.0,False,17.77777777777778,hard,1,-1,1,1437.0,p1_slight,p1_slight,hard_p1_slight
11287029,11620362,15206,2019/8/1,423661.0,19.0,SingleFamily,1910,3,5,2879.0,sqft,Other,Central,unknown,560000.0,15206,2019/8/1,413947.7692,14.07692308,SingleFamily,1920,3,5,3628.0,sqft,"Other, Forced air, Gas, Stove",Wall,unknown,409000.0,2,1.0,False,26.96428571428571,medium,0,0,-10,-749.0,equal,similar,medium_equal
11619600,11620883,15206,2020/10/1,328030.6667,16.66666667,"Single Family Residence, Residential",1912,2,3,0.67,Acres,Natural Gas,Wall Unit(s),unknown,300000.0,15206,2020/10/1,321088.2727,29.0,"Single Family Residence, Residential",1920,5,3,3541.0,sqft,"Forced Air, Natural Gas",Central Air,unknown,235000.0,2,1.0,False,21.666666666666668,hard,0,-3,-8,-3540.33,equal,similar,hard_equal
11287541,11623262,15206,2020/11/1,328794.0,22.0,"Single Family Residence, Residential",1923,1,3,2945.0,sqft,"Hot Water, Natural Gas",Window A/C,Open Parking,290000.0,15206,2020/11/1,280217.4615,40.0,Residential,1910,2,4,3598.0,sqft,Natural Gas,Other,Garage,140000.0,2,1.0,False,51.724137931034484,easy,-1,-1,13,-653.0,p2_more,p1_slight,easy_p2_more
11619425,11623262,15206,2020/11/1,236758.8,21.26666667,"Single Family Residence, Residential",1920,2,3,3519.0,sqft,"Forced Air, Natural Gas","Window A/C, Central Air, Electric",Open Parking,243000.0,15206,2020/11/1,280217.4615,40.0,Residential,1910,2,4,3598.0,sqft,Natural Gas,Other,Garage,140000.0,2,1.0,False,42.38683127572017,easy,-1,0,10,-79.0,p2_more,p1_slight,easy_p2_more
11619547,11623262,15206,2020/11/1,254681.7692,20.30769231,"Single Family Residence, Residential",1935,1,3,3001.0,sqft,"Hot Water, Natural Gas",Other,Off Street,180500.0,15206,2020/11/1,280217.4615,40.0,Residential,1910,2,4,3598.0,sqft,Natural Gas,Other,Garage,140000.0,2,1.0,False,22.437673130193904,hard,-1,-1,25,-597.0,p2_more,p1_much,hard_p2_more
11620870,11622311,15206,2020/11/1,334908.1429,28.0,"Single Family Residence, Residential",1910,1,5,3541.0,sqft,Natural Gas,unknown,unknown,353000.0,15206,2020/11/1,251594.6667,33.33333333,"Single Family Residence, Residential",1920,3,4,3990.0,sqft,Natural Gas,unknown,unknown,180000.0,2,1.0,False,49.008498583569406,easy,1,-2,-10,-449.0,p1_slight,similar,easy_p1_slight
11287013,11620897,15206,2020/12/1,299934.5,31.5,"Single Family Residence, Residential",1940,2,3,5998.0,sqft,"Forced Air, Natural Gas",Central Air,unknown,650000.0,15206,2020/12/1,389900.8,26.8,"Single Family Residence, Residential",1903,4,4,3097.0,sqft,"Forced Air, Natural Gas",Central Air,unknown,495000.0,2,1.0,False,23.846153846153847,hard,-1,-2,37,2901.0,p2_more,p1_much,hard_p2_more
11287492,11620977,15206,2020/5/1,301080.1,23.3,SingleFamily,1925,1,3,2400.0,sqft,Other,unknown,unknown,286000.0,15206,2020/5/1,234330.5,30.83333333,SingleFamily,1920,1,3,2130.0,sqft,Other,unknown,unknown,222000.0,2,1.0,False,22.377622377622377,hard,0,0,5,270.0,equal,p1_slight,hard_equal
11619582,11620144,15206,2020/6/1,232830.1111,19.22222222,SingleFamily,1925,2,3,3101.0,sqft,Other,Central,unknown,224900.0,15206,2020/6/1,283895.0,23.0,SingleFamily,1915,2,3,2613.0,sqft,"Gas, Other, Heat pump",Central,unknown,292600.0,1,2.0,False,23.137388926862613,hard,0,0,10,488.0,equal,p1_slight,hard_equal
11278739,11619740,15206,2020/7/1,251874.0,24.14285714,SingleFamily,1910,1,5,7191.0,sqft,Other,unknown,unknown,320000.0,15206,2020/7/1,226816.8889,20.44444444,SingleFamily,1929,1,3,2500.0,sqft,Other,unknown,unknown,220000.0,2,1.0,False,31.25,medium,2,0,-19,4691.0,p1_much,similar,medium_p1_much
11282741,11286979,15206,2020/7/1,367370.3333,11.77777778,SingleFamily,1925,2,3,4591.0,sqft,"Other, Gas",Central,unknown,400000.0,15206,2020/7/1,447641.75,26.5,SingleFamily,1850,3,2,2400.0,sqft,"Other, Forced air, Gas",Central,unknown,500000.0,1,2.0,False,20.0,hard,1,-1,75,2191.0,p1_slight,p1_much,hard_p1_slight
11286979,59835417,15206,2020/7/1,447641.75,26.5,SingleFamily,1850,3,2,2400.0,sqft,"Other, Forced air, Gas",Central,unknown,500000.0,15206,2020/7/1,364503.2,15.2,SingleFamily,1920,2,3,1650.0,sqft,"Other, Gas",Central,unknown,385000.0,2,1.0,False,23.0,hard,-1,1,-70,750.0,p2_more,p2_newer,hard_p2_more
11277949,11277954,15206,2020/8/1,188943.6667,27.88888889,"Single Family Residence, Residential",1925,2,3,3001.0,sqft,"Forced Air, Natural Gas",Window A/C,Open Parking,219900.0,15206,2020/8/1,161354.4,31.1,"Single Family Residence, Residential",1900,3,2,3998.0,sqft,Natural Gas,Electric,Off Street,110000.0,2,1.0,False,49.97726239199636,easy,1,-1,25,-997.0,p1_slight,p1_much,easy_p1_slight
11277954,11278702,15206,2020/8/1,161354.4,31.1,"Single Family Residence, Residential",1900,3,2,3998.0,sqft,Natural Gas,Electric,Off Street,110000.0,15206,2020/8/1,156333.4,18.8,"Single Family Residence, Residential",1925,1,2,2421.0,sqft,"Forced Air, Natural Gas",Central Air,Open Parking,171718.0,1,2.0,False,35.941485458717196,medium,0,2,-25,1577.0,equal,p2_newer,medium_equal
11278197,11285075,15206,2020/8/1,181833.6364,18.63636364,"Single Family Residence, Residential",1947,2,3,3001.0,sqft,Natural Gas,Central Air,unknown,117000.0,15206,2020/8/1,175934.6154,20.46153846,"Townhouse, Residential",1910,2,4,827.04,sqft,"Forced Air, Natural Gas",Central Air,unknown,208000.0,1,2.0,False,43.75,easy,-1,0,37,2173.96,p2_more,p1_much,easy_p2_more
11278197,11620096,15206,2020/8/1,181833.6364,18.63636364,"Single Family Residence, Residential",1947,2,3,3001.0,sqft,Natural Gas,Central Air,unknown,117000.0,15206,2020/8/1,186984.6364,36.18181818,"Single Family Residence, Residential",1920,1,2,2761.0,sqft,"Forced Air, Natural Gas",Window A/C,unknown,189000.0,1,2.0,False,38.095238095238095,medium,1,1,27,240.0,p1_slight,p1_much,medium_p1_slight
11284276,11619620,15206,2020/8/1,330913.75,39.625,"Single Family Residence, Residential",1920,3,4,2583.0,sqft,"Forced Air, Natural Gas",Central Air,Open Parking,415000.0,15206,2020/8/1,258325.5,15.0,"Single Family Residence, Residential",1948,2,3,4125.0,sqft,"Forced Air, Natural Gas",Electric,Off Street,255000.0,2,1.0,False,38.55421686746988,medium,1,1,-28,-1542.0,p1_slight,p2_newer,medium_p1_slight
11619451,11620702,15206,2020/8/1,237472.2,23.8,SingleFamily,1925,2,3,4299.0,sqft,Other,unknown,unknown,325000.0,15206,2020/8/1,288646.3,31.6,SingleFamily,1900,3,4,3393.0,sqft,Other,unknown,unknown,208000.0,2,1.0,False,36.0,medium,-1,-1,25,906.0,p2_more,p1_much,medium_p2_more
11619468,11620702,15206,2020/8/1,230047.1538,19.23076923,SingleFamily,1930,2,4,3201.0,sqft,Other,unknown,unknown,254377.0,15206,2020/8/1,288646.3,31.6,SingleFamily,1900,3,4,3393.0,sqft,Other,unknown,unknown,208000.0,2,1.0,False,18.231601127460422,hard,0,-1,30,-192.0,equal,p1_much,hard_equal
11278181,11278672,15206,2020/9/1,232022.0909,22.90909091,"Single Family Residence, Residential",1933,1,3,3219.0,sqft,"Forced Air, Natural Gas",Central Air,unknown,220000.0,15206,2020/9/1,246040.0,33.0,"Single Family Residence, Residential",1927,2,3,3001.0,sqft,"Hot Water, Natural Gas",Window A/C,unknown,305000.0,1,2.0,False,27.86885245901639,medium,0,-1,6,218.0,equal,p1_slight,medium_equal
11521023,11629265,15206,2020/9/1,384543.8182,19.18181818,"Single Family Residence, Residential",1920,3,3,4140.0,sqft,"Forced Air, Natural Gas",Central Air,unknown,389200.0,15206,2020/9/1,332775.3636,21.18181818,"Single Family Residence, Residential",1950,2,3,6306.0,sqft,"Forced Air, Natural Gas",Central Air,unknown,292407.0,2,1.0,False,24.86973278520041,hard,0,1,-30,-2166.0,equal,p2_newer,hard_equal
11619730,11629265,15206,2020/9/1,380034.7273,28.90909091,"Single Family Residence, Residential",1900,3,5,6000.0,sqft,"Forced Air, Natural Gas","Window A/C, Central Air",unknown,450000.0,15206,2020/9/1,332775.3636,21.18181818,"Single Family Residence, Residential",1950,2,3,6306.0,sqft,"Forced Air, Natural Gas",Central Air,unknown,292407.0,2,1.0,False,35.02066666666666,medium,2,1,-50,-306.0,p1_much,p2_newer,medium_p1_much
11619909,11622420,15206,2020/9/1,543133.0,26.36363636,"Single Family Residence, Residential",1918,3,5,5170.0,sqft,"Natural Gas, Heat Pump",Central Air,unknown,663000.0,15206,2020/9/1,486130.0,26.2,"Single Family Residence, Residential",1910,3,6,5000.0,sqft,"Forced Air, Natural Gas","Window A/C, Central Air",unknown,455000.0,2,1.0,False,31.372549019607842,medium,-1,0,8,170.0,p2_more,p1_slight,medium_p2_more
11278765,11620080,15206,2021/10/1,271606.5714,13.33333333,"Single Family Residence, Residential",1960,1,3,3598.0,sqft,Natural Gas,Central Air,unknown,230000.0,15206,2021/10/1,304901.1429,26.0,"Townhouse, Residential",1920,2,3,1404.0,sqft,"Forced Air, Natural Gas","Central Air, Electric",unknown,360000.0,1,2.0,False,36.11111111111111,medium,0,-1,40,2194.0,equal,p1_much,medium_equal
11282636,11620509,15206,2021/10/1,457080.0,14.3,SingleFamily,1929,2,4,4681.0,sqft,"Radiant, Other, Gas",Other,unknown,529000.0,15206,2021/10/1,390742.3729,23.05084746,"Single Family Residence, Residential",1899,2,5,4647.0,sqft,"Hot Water, Natural Gas",Wall Unit(s),unknown,390000.0,2,1.0,False,26.27599243856333,medium,-1,0,30,34.0,p2_more,p1_much,medium_p2_more
11519704,11620235,15206,2021/12/1,257172.4832,21.70469799,"Single Family Residence, Residential",1950,2,2,2992.0,sqft,"Forced Air, Natural Gas",Central Air,unknown,350000.0,15206,2021/12/1,209506.6667,28.04444444,"Single Family Residence, Residential",1939,1,3,2500.0,sqft,"Hot Water, Natural Gas",Window A/C,unknown,235000.0,2,1.0,False,32.857142857142854,medium,-1,1,11,492.0,p2_more,p1_slight,medium_p2_more
11519704,11622459,15206,2021/12/1,257172.4832,21.70469799,"Single Family Residence, Residential",1950,2,2,2992.0,sqft,"Forced Air, Natural Gas",Central Air,unknown,350000.0,15206,2021/12/1,248667.1642,18.65671642,"Single Family Residence, Residential",1911,1,3,3327.0,sqft,"Hot Water, Natural Gas",Window A/C,unknown,213000.0,2,1.0,False,39.14285714285714,medium,-1,1,39,-335.0,p2_more,p1_much,medium_p2_more
11278306,11284306,15206,2021/3/1,224077.7143,17.71428571,"Single Family Residence, Residential",1925,2,2,1659.0,sqft,Natural Gas,Central Air,unknown,239000.0,15206,2021/3/1,207817.6923,39.76923077,"Single Family Residence, Residential",1911,1,3,5654.0,sqft,"Hot Water, Natural Gas",Window A/C,unknown,190000.0,2,1.0,False,20.502092050209207,hard,-1,1,14,-3995.0,p2_more,p1_slight,hard_p2_more
11282603,11623543,15206,2021/3/1,416850.3571,11.85714286,"Single Family Residence, Residential",1965,3,3,1211.0,sqft,"Forced Air, Natural Gas",Central Air,unknown,630000.0,15206,2021/3/1,457788.8,18.2,"Single Family Residence, Residential",1908,2,6,3465.0,sqft,"Forced Air, Natural Gas",Window A/C,unknown,433000.0,2,1.0,False,31.26984126984127,medium,-3,1,57,-2254.0,p2_more,p1_much,medium_p2_more
11284306,11620016,15206,2021/3/1,207817.6923,39.76923077,"Single Family Residence, Residential",1911,1,3,5654.0,sqft,"Hot Water, Natural Gas",Window A/C,unknown,190000.0,15206,2021/3/1,244870.0,23.0,"Townhouse, Residential",1925,1,2,2565.0,sqft,"Hot Water, Natural Gas",Central Air,unknown,270000.0,1,2.0,False,29.629629629629626,medium,1,0,-14,3089.0,p1_slight,similar,medium_p1_slight
11284306,102980739,15206,2021/3/1,207817.6923,39.76923077,"Single Family Residence, Residential",1911,1,3,5654.0,sqft,"Hot Water, Natural Gas",Window A/C,unknown,190000.0,15206,2021/3/1,260367.0,23.0,"Townhouse, Residential",1925,1,3,2543.0,sqft,Natural Gas,Central Air,unknown,273131.0,1,2.0,False,30.436310781273455,medium,0,0,-14,3111.0,equal,similar,medium_equal
11620034,11620968,15206,2021/5/1,622363.6154,12.46153846,"Single Family Residence, Residential",1930,4,5,5575.0,sqft,"Hot Water, Natural Gas",Window A/C,unknown,550000.0,15206,2021/5/1,607892.5,15.83333333,"Single Family Residence, Residential",1910,4,4,2587.0,sqft,"Forced Air, Natural Gas","Central Air, Electric",unknown,675000.0,1,2.0,False,18.51851851851852,hard,1,0,20,2988.0,p1_slight,p1_slight,hard_p1_slight
11620968,11623107,15206,2021/5/1,607892.5,15.83333333,"Single Family Residence, Residential",1910,4,4,2587.0,sqft,"Forced Air, Natural Gas","Central Air, Electric",unknown,675000.0,15206,2021/5/1,584563.3333,13.66666667,"Single Family Residence, Residential",1900,4,5,3000.0,sqft,"Forced Air, Natural Gas",Central Air,unknown,555000.0,2,1.0,False,17.77777777777778,hard,-1,0,10,-413.0,p2_more,p1_slight,hard_p2_more
11278671,11629598,15206,2021/6/1,309089.5455,20.18181818,"Single Family Residence, Residential",1925,1,4,3001.0,sqft,"Hot Water, Natural Gas",Central Air,Open Parking,389000.0,15206,2021/6/1,280035.5714,14.71428571,"Single Family Residence, Residential",1900,2,3,1825.0,sqft,"Forced Air, Natural Gas",Window A/C,Open Parking,279000.0,2,1.0,False,28.277634961439592,medium,1,-1,25,1176.0,p1_slight,p1_much,medium_p1_slight
11284236,11624543,15206,2021/6/1,399554.4762,20.52380952,"Single Family Residence, Residential",1925,2,4,3898.0,sqft,"Hot Water, Natural Gas",Wall Unit(s),unknown,477500.0,15206,2021/6/1,479176.9231,20.0,"Single Family Residence, Residential",1910,3,5,3001.0,sqft,"Forced Air, Natural Gas","Central Air, Electric",unknown,355000.0,2,1.0,False,25.654450261780106,medium,-1,-1,15,897.0,p2_more,p1_slight,medium_p2_more
11284236,11629267,15206,2021/6/1,399554.4762,20.52380952,"Single Family Residence, Residential",1925,2,4,3898.0,sqft,"Hot Water, Natural Gas",Wall Unit(s),unknown,477500.0,15206,2021/6/1,362466.1818,20.81818182,"Single Family Residence, Residential",1910,2,3,2500.0,sqft,"Forced Air, Natural Gas",Window A/C,unknown,325000.0,2,1.0,False,31.93717277486911,medium,1,0,15,1398.0,p1_slight,p1_slight,medium_p1_slight
11286981,11629598,15206,2021/6/1,272077.6667,21.66666667,"Single Family Residence, Residential",1935,1,2,1799.0,sqft,"Forced Air, Natural Gas",Central Air,Open Parking,345000.0,15206,2021/6/1,280035.5714,14.71428571,"Single Family Residence, Residential",1900,2,3,1825.0,sqft,"Forced Air, Natural Gas",Window A/C,Open Parking,279000.0,2,1.0,False,19.130434782608695,hard,-1,-1,35,-26.0,p2_more,p1_much,hard_p2_more
11287074,11620480,15206,2021/6/1,516630.6667,27.80952381,"Single Family Residence, Residential",1881,4,3,2779.0,sqft,"Forced Air, Natural Gas",Central Air,unknown,571300.0,15206,2021/6/1,390639.6364,48.81818182,"Single Family Residence, Residential",1920,3,3,3471.0,sqft,"Forced Air, Natural Gas",Central Air,unknown,439000.0,2,1.0,False,23.15771048485909,hard,0,1,-39,-692.0,equal,p2_newer,hard_equal
11287074,11624543,15206,2021/6/1,516630.6667,27.80952381,"Single Family Residence, Residential",1881,4,3,2779.0,sqft,"Forced Air, Natural Gas",Central Air,unknown,571300.0,15206,2021/6/1,479176.9231,20.0,"Single Family Residence, Residential",1910,3,5,3001.0,sqft,"Forced Air, Natural Gas","Central Air, Electric",unknown,355000.0,2,1.0,False,37.861018729214074,medium,-2,1,-29,-222.0,p2_more,p2_newer,medium_p2_more
11620480,11624543,15206,2021/6/1,390639.6364,48.81818182,"Single Family Residence, Residential",1920,3,3,3471.0,sqft,"Forced Air, Natural Gas",Central Air,unknown,439000.0,15206,2021/6/1,479176.9231,20.0,"Single Family Residence, Residential",1910,3,5,3001.0,sqft,"Forced Air, Natural Gas","Central Air, Electric",unknown,355000.0,2,1.0,False,19.134396355353076,hard,-2,0,10,470.0,p2_more,p1_slight,hard_p2_more
11622511,11624543,15206,2021/6/1,464263.7,24.3,"Single Family Residence, Residential",1950,4,4,4408.0,sqft,"Forced Air, Natural Gas",Central Air,unknown,485000.0,15206,2021/6/1,479176.9231,20.0,"Single Family Residence, Residential",1910,3,5,3001.0,sqft,"Forced Air, Natural Gas","Central Air, Electric",unknown,355000.0,2,1.0,False,26.804123711340207,medium,-1,1,40,1407.0,p2_more,p1_much,medium_p2_more
11619851,11624641,15206,2021/7/1,520110.0,39.0,"Single Family Residence, Residential",1910,3,8,7299.0,sqft,"Hot Water, Natural Gas","Window A/C, Central Air",unknown,449000.0,15206,2021/7/1,560593.25,24.66666667,"Townhouse, Residential",1985,4,4,1459.0,sqft,"Forced Air, Natural Gas",Central Air,unknown,605000.0,1,2.0,False,25.785123966942148,medium,4,-1,-75,5840.0,p1_much,p2_newer,medium_p1_much
11620592,11620792,15206,2021/7/1,276879.2174,15.73913043,"Single Family Residence, Residential",1920,2,3,3900.0,sqft,"Forced Air, Natural Gas","Central Air, Electric",unknown,275000.0,15206,2021/7/1,349638.1304,30.0,"Townhouse, Residential",1920,3,4,3114.0,sqft,"Hot Water, Natural Gas",Window A/C,unknown,331000.0,1,2.0,False,16.91842900302115,hard,-1,-1,0,786.0,p2_more,similar,hard_p2_more
11620487,11620657,15206,2021/8/1,374675.2609,21.0,"Single Family Residence, Residential",1930,2,3,3314.0,sqft,"Hot Water, Natural Gas",Window A/C,unknown,281200.0,15206,2021/8/1,346747.9048,17.33333333,"Single Family Residence, Residential",1924,2,3,3100.0,sqft,Natural Gas,Central Air,unknown,385000.0,1,2.0,False,26.961038961038962,medium,0,0,6,214.0,equal,p1_slight,medium_equal
11620686,11629269,15206,2021/8/1,505449.1525,22.96610169,"Single Family Residence, Residential",1924,3,4,4586.0,sqft,"Hot Water, Natural Gas",Wall Unit(s),unknown,550000.0,15206,2021/8/1,469648.0,16.47619048,"Single Family Residence, Residential",1968,3,3,2848.0,sqft,Natural Gas,Central Air,unknown,442290.0,2,1.0,False,19.583636363636366,hard,1,0,-44,1738.0,p1_slight,p2_newer,hard_p1_slight
11278415,11278674,15206,2021/9/1,279066.6667,14.33333333,"Single Family Residence, Residential",1915,2,2,1398.0,sqft,"Forced Air, Natural Gas",Central Air,unknown,295000.0,15206,2021/9/1,289833.0,16.0,"Single Family Residence, Residential",1930,1,3,2600.0,sqft,"Hot Water, Natural Gas",Window A/C,unknown,205000.0,2,1.0,False,30.508474576271187,medium,-1,1,-15,-1202.0,p2_more,similar,medium_p2_more
11278133,11282754,15206,2022/1/1,372294.3662,14.38732394,"Single Family Residence, Residential",1965,4,4,3000.0,sqft,Natural Gas,Central Air,unknown,355000.0,15206,2022/1/1,305166.6667,32.3,SingleFamily,1927,2,3,4356.0,sqft,"Other, Forced air, Gas",Central,unknown,285000.0,2,1.0,False,19.718309859154928,hard,1,2,38,-1356.0,p1_slight,p1_much,hard_p1_slight
11620547,11625123,15206,2022/4/1,665537.5,19.2,"Single Family Residence, Residential",1931,4,4,6316.0,sqft,Natural Gas,"Window A/C, Central Air",unknown,855000.0,15206,2022/4/1,672000.0,19.5,"Single Family Residence, Residential",1900,3,5,3645.0,sqft,"Forced Air, Natural Gas",Central Air,unknown,690000.0,2,1.0,False,19.298245614035086,hard,-1,1,31,2671.0,p2_more,p1_much,hard_p2_more
11620901,11625211,15206,2022/4/1,552859.1429,16.85714286,"Single Family Residence, Residential",1925,4,5,2413.0,sqft,Natural Gas,"Other, Central Air",unknown,455000.0,15206,2022/4/1,538011.1111,17.0,"Townhouse, Residential",1984,4,4,2352.0,sqft,"Forced Air, Natural Gas",Central Air,unknown,606000.0,1,2.0,False,24.917491749174918,hard,1,0,-59,61.0,p1_slight,p2_newer,hard_p1_slight
11622552,11622920,15206,2022/4/1,415225.0,46.425,"Single Family Residence, Residential",1920,5,6,5431.0,sqft,Natural Gas,Central Air,unknown,902500.0,15206,2022/4/1,463132.3944,34.15492958,"Single Family Residence, Residential",1907,5,6,5880.0,sqft,"Forced Air, Natural Gas",Central Air,unknown,660000.0,2,1.0,False,26.869806094182824,medium,0,0,13,-449.0,equal,p1_slight,medium_equal
11278097,11619588,15206,2022/6/1,218200.0,46.32911392,"Single Family Residence, Residential",1900,2,5,2400.0,sqft,"Forced Air, Natural Gas",Central Air,unknown,421000.0,15206,2022/6/1,281244.4444,17.0,"Single Family Residence, Residential",1925,1,3,3101.0,sqft,"Forced Air, Natural Gas",Central Air,unknown,260000.0,2,1.0,False,38.242280285035626,medium,2,1,-25,-701.0,p1_much,p2_newer,medium_p1_much
11539980,11544274,15207,2020/10/1,115321.3333,32.66666667,"Single Family Residence, Residential",1954,2,1,0.29,Acres,Natural Gas,Central Air,unknown,130000.0,15207,2020/10/1,143389.0,34.83333333,"Single Family Residence, Residential",1920,1,2,2000.0,sqft,"Forced Air, Natural Gas",Central Air,unknown,220000.0,1,2.0,False,40.909090909090914,easy,-1,1,34,-1999.71,p2_more,p1_much,easy_p2_more
11544274,11549905,15207,2020/10/1,143389.0,34.83333333,"Single Family Residence, Residential",1920,1,2,2000.0,sqft,"Forced Air, Natural Gas",Central Air,unknown,220000.0,15207,2020/10/1,138045.0,56.5,"Single Family Residence, Residential",1931,3,5,8000.0,sqft,"Hot Water, Natural Gas",Window A/C,unknown,154000.0,2,1.0,False,30.0,medium,-3,-2,-11,-6000.0,p2_more,similar,medium_p2_more
11352497,11550887,15207,2020/7/1,125875.2,38.2,SingleFamily,1952,2,3,6085.0,sqft,"Other, Gas",Central,unknown,139180.0,15207,2020/7/1,126735.0,36.44444444,SingleFamily,1921,1,3,2875.0,sqft,"Forced air, Gas",Central,unknown,185000.0,1,2.0,False,24.767567567567568,hard,0,1,31,3210.0,equal,p1_much,hard_equal
11544441,11545191,15207,2020/8/1,201204.0,38.0,SingleFamily,1902,2,4,5500.0,sqft,"Other, Forced air, Gas",Central,unknown,269000.0,15207,2020/8/1,197684.0,24.0,"Single Family Residence, Residential",1953,2,3,6355.0,sqft,Natural Gas,Electric,unknown,170000.0,2,1.0,False,36.80297397769517,medium,1,0,-51,-855.0,p1_slight,p2_newer,medium_p1_slight
11544465,11544556,15207,2021/11/1,222177.9661,29.93220339,"Single Family Residence, Residential",1925,2,5,2500.0,sqft,Natural Gas,Window A/C,unknown,254900.0,15207,2021/11/1,232211.8644,13.08474576,"Single Family Residence, Residential",1920,2,4,1838.0,sqft,"Forced Air, Natural Gas",Central Air,unknown,200000.0,2,1.0,False,21.53785798352295,hard,1,0,5,662.0,p1_slight,p1_slight,hard_p1_slight
11545169,11545286,15207,2022/3/1,298700.0,13.0,"Single Family Residence, Residential",1950,2,3,3998.0,sqft,"Forced Air, Natural Gas","Central Air, Wall Unit(s)",unknown,336500.0,15207,2022/3/1,299463.8889,12.52777778,"Single Family Residence, Residential",1940,3,3,3746.0,sqft,"Forced Air, Natural Gas",Central Air,unknown,260000.0,2,1.0,False,22.73402674591382,hard,0,-1,10,252.0,equal,p1_slight,hard_equal
11299914,11545022,15207,2022/7/1,86454.34783,10.0,"Single Family Residence, Residential",1947,2,3,2435.0,sqft,Natural Gas,Central Air,Open Parking,112500.0,15207,2022/7/1,104900.0,57.0,"Single Family Residence, Residential",1900,2,3,2500.0,sqft,"Forced Air, Natural Gas",Central Air,Open Parking,180000.0,1,2.0,False,37.5,medium,0,0,47,-65.0,equal,p1_much,medium_equal
11286333,11287142,15208,2020/12/1,400760.2222,34.11111111,"Single Family Residence, Residential",1955,4,4,6060.0,sqft,Natural Gas,Central Air,unknown,520000.0,15208,2020/12/1,530753.0,30.0,"Single Family Residence, Residential",1930,5,5,8176.0,sqft,Natural Gas,Central Air,unknown,350000.0,2,1.0,False,32.69230769230769,medium,-1,-1,25,-2116.0,p2_more,p1_much,medium_p2_more
11287104,11287142,15208,2020/12/1,512815.6,26.1,"Single Family Residence, Residential",1950,3,3,6272.0,sqft,"Forced Air, Natural Gas","Central Air, Electric",unknown,542000.0,15208,2020/12/1,530753.0,30.0,"Single Family Residence, Residential",1930,5,5,8176.0,sqft,Natural Gas,Central Air,unknown,350000.0,2,1.0,False,35.42435424354243,medium,-2,-2,20,-1904.0,p2_more,p1_slight,medium_p2_more
11287770,11341362,15208,2021/2/1,659832.0,21.14285714,"Single Family Residence, Residential",1960,3,5,6960.0,sqft,"Forced Air, Natural Gas",Central Air,unknown,965225.0,15208,2021/2/1,578344.0,27.42857143,"Single Family Residence, Residential",1939,4,3,6600.0,sqft,"Forced Air, Natural Gas",Central Air,unknown,637500.0,2,1.0,False,33.9532233417079,medium,2,-1,21,360.0,p1_much,p1_much,medium_p1_much
11288037,11288107,15208,2021/4/1,403290.8571,18.0,"Single Family Residence, Residential",1900,2,3,1947.0,sqft,"Forced Air, Natural Gas",Central Air,Open Parking,440000.0,15208,2021/4/1,360143.2,17.0,"Single Family Residence, Residential",1900,2,5,2600.0,sqft,"Forced Air, Natural Gas",Window A/C,Open Parking,350300.0,2,1.0,False,20.386363636363637,hard,-2,0,0,-653.0,p2_more,similar,hard_p2_more
11287124,11287173,15208,2021/5/1,827284.5,14.5,"Single Family Residence, Residential",1940,4,4,6298.0,sqft,"Forced Air, Natural Gas","Central Air, Electric",unknown,890000.0,15208,2021/5/1,753547.3333,17.33333333,"Single Family Residence, Residential",1925,5,4,6094.0,sqft,"Hot Water, Natural Gas",Central Air,unknown,712500.0,2,1.0,False,19.9438202247191,hard,0,-1,15,204.0,equal,p1_slight,hard_equal
11286272,11287605,15208,2021/7/1,703827.0,24.0,"Single Family Residence, Residential",1962,5,4,7200.0,sqft,Natural Gas,Central Air,unknown,660000.0,15208,2021/7/1,779204.0,18.0,"Single Family Residence, Residential",1935,5,4,8899.0,sqft,"Forced Air, Natural Gas",Central Air,unknown,875000.0,1,2.0,False,24.571428571428573,hard,0,0,27,-1699.0,equal,p1_much,hard_equal
11410156,87992031,15209,2019/11/1,209462.3333,14.66666667,SingleFamily,1958,2,3,0.52,Acres,"Forced air, Gas",Central,Garage - Attached,235000.0,15209,2019/11/1,189658.5,10.75,SingleFamily,2006,3,3,1901.0,sqft,"Forced air, Gas",Central,Garage - Attached,185000.0,2,1.0,False,21.27659574468085,hard,0,-1,-48,-1900.48,equal,p2_newer,hard_equal
11372101,11410167,15209,2019/9/1,158824.5,17.5,SingleFamily,1949,2,3,8712.0,sqft,"Forced air, Gas",Central,unknown,145000.0,15209,2019/9/1,169997.1667,20.0,SingleFamily,1947,2,3,9099.0,sqft,"Forced air, Gas",Central,unknown,195000.0,1,2.0,False,25.64102564102564,medium,0,0,2,-387.0,equal,p1_slight,medium_equal
11272311,11330652,15209,2020/12/1,200257.6667,14.88888889,"Single Family Residence, Residential",1970,2,3,8276.0,sqft,"Forced Air, Natural Gas",Central Air,unknown,238800.0,15209,2020/12/1,188904.0,20.66666667,"Single Family Residence, Residential",1940,3,4,9000.0,sqft,Natural Gas,Central Air,unknown,155000.0,2,1.0,False,35.09212730318258,medium,-1,-1,30,-724.0,p2_more,p1_much,medium_p2_more
11328919,11330652,15209,2020/12/1,192010.6154,18.0,"Single Family Residence, Residential",1900,2,3,7405.0,sqft,"Forced Air, Natural Gas",Wall Unit(s),unknown,200000.0,15209,2020/12/1,188904.0,20.66666667,"Single Family Residence, Residential",1940,3,4,9000.0,sqft,Natural Gas,Central Air,unknown,155000.0,2,1.0,False,22.5,hard,-1,-1,-40,-1595.0,p2_more,p2_newer,hard_p2_more
11443253,72262894,15209,2020/3/1,182129.2222,24.33333333,SingleFamily,1910,2,2,0.38,Acres,Other,Central,unknown,165000.0,15209,2020/3/1,195715.8889,11.77777778,Townhouse,2004,3,3,1899.0,sqft,Other,Central,unknown,207000.0,1,2.0,False,20.28985507246377,hard,-1,-1,-94,-1898.62,p2_more,p2_newer,hard_p2_more
11371913,11442895,15209,2020/4/1,244157.1818,12.18181818,SingleFamily,1988,3,3,9015.0,sqft,Other,Central,unknown,252750.0,15209,2020/4/1,206923.0,24.33333333,SingleFamily,1950,2,4,9226.0,sqft,"Forced air, Gas",Central,unknown,189900.0,2,1.0,False,24.86646884272997,hard,-1,1,38,-211.0,p2_more,p1_much,hard_p2_more
11329199,11329345,15209,2021/3/1,179517.5455,31.72727273,"Single Family Residence, Residential",1920,1,3,7183.0,sqft,Natural Gas,"Central Air, Electric",unknown,217000.0,15209,2021/3/1,180200.0,24.625,"Single Family Residence, Residential",1924,2,4,3576.0,sqft,"Forced Air, Natural Gas",Window A/C,unknown,179900.0,2,1.0,False,17.096774193548388,hard,-1,-1,-4,3607.0,p2_more,similar,hard_p2_more
11272306,11330805,15209,2021/6/1,247352.0,15.0,"Single Family Residence, Residential",1963,2,3,7139.0,sqft,"Forced Air, Natural Gas",Central Air,unknown,315000.0,15209,2021/6/1,227439.0,15.5,"Single Family Residence, Residential",1950,2,3,10676.0,sqft,"Forced Air, Natural Gas",Central Air,unknown,240000.0,2,1.0,False,23.809523809523807,hard,0,0,13,-3537.0,equal,p1_slight,hard_equal
11272306,11371007,15209,2021/6/1,247352.0,15.0,"Single Family Residence, Residential",1963,2,3,7139.0,sqft,"Forced Air, Natural Gas",Central Air,unknown,315000.0,15209,2021/6/1,239969.6667,14.66666667,"Single Family Residence, Residential",1965,2,3,5784.0,sqft,"Forced Air, Electric","Central Air, Electric",unknown,243000.0,2,1.0,False,22.857142857142858,hard,0,0,-2,1355.0,equal,similar,hard_equal
11272730,11328760,15209,2021/7/1,241922.0952,14.76190476,"Single Family Residence, Residential",1968,3,3,8250.0,sqft,"Forced Air, Natural Gas",Central Air,unknown,217000.0,15209,2021/7/1,256724.0,16.0,"Single Family Residence, Residential",1960,3,3,0.86,Acres,"Forced Air, Natural Gas",Central Air,unknown,375000.0,1,2.0,False,42.13333333333333,easy,0,0,8,8249.14,equal,p1_slight,easy_equal
11272730,11410205,15209,2021/7/1,241922.0952,14.76190476,"Single Family Residence, Residential",1968,3,3,8250.0,sqft,"Forced Air, Natural Gas",Central Air,unknown,217000.0,15209,2021/7/1,241577.3636,21.09090909,"Single Family Residence, Residential",1937,2,3,0.36,Acres,"Forced Air, Natural Gas","Central Air, Electric",unknown,265000.0,1,2.0,False,18.11320754716981,hard,0,1,31,8249.64,equal,p1_much,hard_equal
11409848,11409990,15209,2021/8/1,269535.2222,18.55555556,"Single Family Residence, Residential",1960,3,3,5662.0,sqft,"Forced Air, Natural Gas","Central Air, Electric",unknown,300000.0,15209,2021/8/1,251433.3333,13.33333333,"Single Family Residence, Residential",1957,2,3,10001.0,sqft,"Forced Air, Natural Gas",Central Air,unknown,247900.0,2,1.0,False,17.366666666666667,hard,0,1,3,-4339.0,equal,p1_slight,hard_equal
11409848,11442843,15209,2021/8/1,269535.2222,18.55555556,"Single Family Residence, Residential",1960,3,3,5662.0,sqft,"Forced Air, Natural Gas","Central Air, Electric",unknown,300000.0,15209,2021/8/1,240900.0,27.0,"Single Family Residence, Residential",1960,2,3,9100.0,sqft,"Forced Air, Natural Gas","Central Air, Electric",unknown,231000.0,2,1.0,False,23.0,hard,0,1,0,-3438.0,equal,similar,hard_equal
11271464,11272632,15209,2022/3/1,265969.4915,13.37288136,"Single Family Residence, Residential",1910,4,3,6481.0,sqft,"Forced Air, Natural Gas",Central Air,unknown,210000.0,15209,2022/3/1,249481.8182,15.81818182,"Single Family Residence, Residential",1860,2,4,5610.0,sqft,"Hot Water, Natural Gas",Window A/C,unknown,280000.0,1,2.0,False,25.0,hard,-1,2,50,871.0,p2_more,p1_much,hard_p2_more
11371643,11372217,15209,2022/6/1,390975.0,10.35,"Single Family Residence, Residential",1991,3,4,0.34,Acres,"Forced Air, Natural Gas",Central Air,unknown,370000.0,15209,2022/6/1,380609.7826,36.19565217,"Single Family Residence, Residential",1900,4,4,0.26,Acres,"Forced Air, Natural Gas",Central Air,unknown,500000.0,1,2.0,False,26.0,medium,0,-1,91,0.08000000000000002,equal,p1_much,medium_equal
11556948,11647408,15210,2019/11/1,122397.2667,21.4,SingleFamily,1932,3,3,7501.0,sqft,"Other, Gas",Central,unknown,121150.0,15210,2019/11/1,146272.2,18.4,SingleFamily,1945,2,3,6936.0,sqft,Other,Central,unknown,161000.0,1,2.0,False,24.751552795031056,hard,0,1,-13,565.0,equal,similar,hard_equal
11647771,11647796,15210,2019/8/1,125870.5556,11.66666667,SingleFamily,1950,2,3,4499.0,sqft,"Forced air, Gas",Central,unknown,140000.0,15210,2019/8/1,119979.3333,21.5,SingleFamily,1954,2,3,4948.0,sqft,"Forced air, Gas",Central,unknown,110000.0,2,1.0,False,21.428571428571427,hard,0,0,-4,-449.0,equal,similar,hard_equal
11436079,11436880,15210,2020/10/1,133724.1667,33.75,"Single Family Residence, Residential",1938,2,4,5497.0,sqft,Natural Gas,Window A/C,unknown,155000.0,15210,2020/10/1,121742.5333,32.53333333,"Single Family Residence, Residential",1942,1,2,6480.0,sqft,"Forced Air, Natural Gas","Central Air, Electric",unknown,120000.0,2,1.0,False,22.58064516129032,hard,2,1,-4,-983.0,p1_much,similar,hard_p1_much
11554373,11556613,15210,2020/11/1,90151.9,48.8,"Single Family Residence, Residential",1915,1,3,4687.0,sqft,"Hot Water, Natural Gas",Window A/C,unknown,159900.0,15210,2020/11/1,56718.5,73.21428571,"Single Family Residence, Residential",1891,1,2,7000.0,sqft,"Forced Air, Natural Gas",Window A/C,unknown,114900.0,2,1.0,False,28.142589118198874,medium,1,0,24,-2313.0,p1_slight,p1_much,medium_p1_slight
11553940,11648374,15210,2020/7/1,88816.44444,19.0,SingleFamily,1932,2,3,5039.0,sqft,"Other, Forced air, Gas",unknown,unknown,112000.0,15210,2020/7/1,116193.0,39.0,SingleFamily,1942,1,3,439.0,sqft,"Forced air, Gas",unknown,unknown,145000.0,1,2.0,False,22.758620689655174,hard,0,1,-10,4600.0,equal,similar,hard_equal
11314724,11648231,15210,2020/9/1,168785.75,27.25,"Single Family Residence, Residential",1900,2,3,3789.0,sqft,"Forced Air, Natural Gas",Central Air,unknown,215000.0,15210,2020/9/1,170703.4545,21.27272727,"Single Family Residence, Residential",1937,3,5,5000.0,sqft,"Hot Water, Natural Gas",Window A/C,unknown,154900.0,2,1.0,False,27.953488372093023,medium,-2,-1,-37,-1211.0,p2_more,p2_newer,medium_p2_more
11556684,11647247,15210,2020/9/1,201654.0,23.0,"Single Family Residence, Residential",1949,3,4,0.32,Acres,"Forced Air, Natural Gas",Electric,unknown,248000.0,15210,2020/9/1,171144.8182,20.81818182,"Single Family Residence, Residential",1920,2,5,7300.0,sqft,Natural Gas,Central Air,unknown,181000.0,2,1.0,False,27.016129032258064,medium,-1,1,29,-7299.68,p2_more,p1_much,medium_p2_more
11556684,11648231,15210,2020/9/1,201654.0,23.0,"Single Family Residence, Residential",1949,3,4,0.32,Acres,"Forced Air, Natural Gas",Electric,unknown,248000.0,15210,2020/9/1,170703.4545,21.27272727,"Single Family Residence, Residential",1937,3,5,5000.0,sqft,"Hot Water, Natural Gas",Window A/C,unknown,154900.0,2,1.0,False,37.54032258064516,medium,-1,0,12,-4999.68,p2_more,p1_slight,medium_p2_more
11645208,11648231,15210,2020/9/1,171887.9091,18.81818182,"Single Family Residence, Residential",1937,2,4,7800.0,sqft,"Forced Air, Natural Gas",Central Air,unknown,195000.0,15210,2020/9/1,170703.4545,21.27272727,"Single Family Residence, Residential",1937,3,5,5000.0,sqft,"Hot Water, Natural Gas",Window A/C,unknown,154900.0,2,1.0,False,20.564102564102566,hard,-1,-1,0,2800.0,p2_more,similar,hard_p2_more
11556114,11556744,15210,2021/11/1,116800.0,51.15789474,"Single Family Residence, Residential",1900,3,4,0.26,Acres,Natural Gas,Central Air,unknown,234900.0,15210,2021/11/1,134166.1654,18.59398496,"Single Family Residence, Residential",1928,2,3,4347.0,sqft,Natural Gas,Central Air,unknown,150000.0,2,1.0,False,36.14303959131545,medium,1,1,-28,-4346.74,p1_slight,p2_newer,medium_p1_slight
11308940,11437556,15210,2021/12/1,131966.1017,15.18644068,"Single Family Residence, Residential",1950,2,3,6250.0,sqft,"Forced Air, Natural Gas",Central Air,unknown,133000.0,15210,2021/12/1,147016.9492,38.98305085,"Single Family Residence, Residential",1931,2,3,0.42,Acres,"Forced Air, Natural Gas",Central Air,unknown,189000.0,1,2.0,False,29.629629629629626,medium,0,0,19,6249.58,equal,p1_slight,medium_equal
11436773,11556918,15210,2021/12/1,95367.79661,46.6440678,"Single Family Residence, Residential",1950,1,4,3624.0,sqft,Natural Gas,Central Air,Attached Garage,115000.0,15210,2021/12/1,87918.04511,10.0,"Single Family Residence, Residential",1924,1,3,2448.0,sqft,"Forced Air, Natural Gas","Central Air, Electric",Open Parking,140000.0,1,2.0,False,17.857142857142858,hard,1,0,26,1176.0,p1_slight,p1_much,hard_p1_slight
11437556,11648428,15210,2021/12/1,147016.9492,38.98305085,"Single Family Residence, Residential",1931,2,3,0.42,Acres,"Forced Air, Natural Gas",Central Air,unknown,189000.0,15210,2021/12/1,117288.2353,36.76470588,"Single Family Residence, Residential",1950,1,3,4200.0,sqft,"Forced Air, Natural Gas",Central Air,unknown,134900.0,2,1.0,False,28.624338624338623,medium,0,1,-19,-4199.58,equal,similar,medium_equal
11437490,11647842,15210,2021/6/1,112458.1818,50.36363636,"Single Family Residence, Residential",1927,1,5,4094.0,sqft,"Hot Water, Natural Gas",unknown,unknown,149000.0,15210,2021/6/1,82069.78571,49.07142857,"Single Family Residence, Residential",1920,2,3,2452.0,sqft,Natural Gas,unknown,unknown,108000.0,2,1.0,False,27.516778523489933,medium,2,-1,7,1642.0,p1_much,p1_slight,medium_p1_much
11645206,11647409,15210,2021/9/1,170975.0,22.66666667,"Single Family Residence, Residential",1941,3,3,5850.0,sqft,Natural Gas,Window A/C,unknown,153000.0,15210,2021/9/1,195354.2373,16.86440678,"Single Family Residence, Residential",1940,2,3,3497.0,sqft,"Hot Water, Natural Gas",Central Air,unknown,190000.0,1,2.0,False,19.473684210526315,hard,0,1,1,2353.0,equal,p1_slight,hard_equal
11435372,11562243,15210,2022/3/1,111168.4932,36.54794521,"Single Family Residence, Residential",1920,3,4,7501.0,sqft,"Forced Air, Natural Gas",Window A/C,unknown,130000.0,15210,2022/3/1,144781.5789,27.5,"Single Family Residence, Residential",1932,2,2,4181.0,sqft,"Forced Air, Natural Gas",Central Air,unknown,205000.0,1,2.0,False,36.58536585365854,medium,2,1,-12,3320.0,p1_much,similar,medium_p1_much
11437357,11562243,15210,2022/3/1,129672.0,17.76,"Single Family Residence, Residential",1954,1,3,5000.0,sqft,Natural Gas,Central Air,unknown,144000.0,15210,2022/3/1,144781.5789,27.5,"Single Family Residence, Residential",1932,2,2,4181.0,sqft,"Forced Air, Natural Gas",Central Air,unknown,205000.0,1,2.0,False,29.756097560975608,medium,1,-1,22,819.0,p1_slight,p1_much,medium_p1_slight
11437482,11553925,15210,2022/3/1,137200.0,59.26027397,SingleFamily,1901,2,3,4977.0,sqft,"Gas, Forced air, Baseboard, Electric",Central,unknown,169900.0,15210,2022/3/1,143057.8947,20.0,"Single Family Residence, Residential",1953,2,3,5998.0,sqft,"Forced Air, Natural Gas",Electric,unknown,130000.0,2,1.0,False,23.484402589758684,hard,0,0,-52,-1021.0,equal,p2_newer,hard_equal
11437482,11562243,15210,2022/3/1,137200.0,59.26027397,SingleFamily,1901,2,3,4977.0,sqft,"Gas, Forced air, Baseboard, Electric",Central,unknown,169900.0,15210,2022/3/1,144781.5789,27.5,"Single Family Residence, Residential",1932,2,2,4181.0,sqft,"Forced Air, Natural Gas",Central Air,unknown,205000.0,1,2.0,False,17.121951219512198,hard,1,0,-31,796.0,p1_slight,p2_newer,hard_p1_slight
11553925,11562243,15210,2022/3/1,143057.8947,20.0,"Single Family Residence, Residential",1953,2,3,5998.0,sqft,"Forced Air, Natural Gas",Electric,unknown,130000.0,15210,2022/3/1,144781.5789,27.5,"Single Family Residence, Residential",1932,2,2,4181.0,sqft,"Forced Air, Natural Gas",Central Air,unknown,205000.0,1,2.0,False,36.58536585365854,medium,1,0,21,1817.0,p1_slight,p1_much,medium_p1_slight
11436884,11647161,15210,2022/5/1,93830.0,40.075,"Single Family Residence, Residential",1900,2,3,2021.0,sqft,"Forced Air, Natural Gas",Window A/C,unknown,123000.0,15210,2022/5/1,117084.6154,29.69230769,"Single Family Residence, Residential",1949,1,2,5039.0,sqft,"Forced Air, Natural Gas",Window A/C,unknown,150000.0,1,2.0,False,18.0,hard,1,1,-49,-3018.0,p1_slight,p2_newer,hard_p1_slight
11556301,11556985,15210,2022/5/1,131750.0,30.64285714,"Single Family Residence, Residential",1900,1,5,3598.0,sqft,"Forced Air, Natural Gas",Central Air,Open Parking,175000.0,15210,2022/5/1,137400.0,23.85714286,"Single Family Residence, Residential",1926,1,2,3968.0,sqft,"Forced Air, Natural Gas",Central Air,Open Parking,135000.0,2,1.0,False,22.857142857142858,hard,3,0,-26,-370.0,p1_much,p2_newer,hard_p1_much
11557323,11647161,15210,2022/5/1,148526.3158,30.89473684,"Single Family Residence, Residential",1932,1,4,4547.0,sqft,"Hot Water, Natural Gas",Window A/C,unknown,180000.0,15210,2022/5/1,117084.6154,29.69230769,"Single Family Residence, Residential",1949,1,2,5039.0,sqft,"Forced Air, Natural Gas",Window A/C,unknown,150000.0,2,1.0,False,16.666666666666664,hard,2,0,-17,-492.0,p1_much,similar,hard_p1_much
11647015,11647711,15210,2022/6/1,152435.0,35.65,"Single Family Residence, Residential",1915,2,4,0.25,Acres,"Forced Air, Natural Gas",Central Air,unknown,252577.0,15210,2022/6/1,163292.3077,24.0,"Single Family Residence, Residential",1960,2,3,6098.0,sqft,"Forced Air, Natural Gas",Wall Unit(s),unknown,174900.0,2,1.0,False,30.753789933366853,medium,1,0,-45,-6097.75,p1_slight,p2_newer,medium_p1_slight
11308484,11436909,15210,2022/7/1,174656.4103,17.94871795,"Single Family Residence, Residential",1927,2,4,3484.0,sqft,"Forced Air, Natural Gas",Central Air,unknown,205000.0,15210,2022/7/1,144476.087,21.04347826,"Single Family Residence, Residential",1945,2,3,4800.0,sqft,"Forced Air, Natural Gas",Window A/C,unknown,138000.0,2,1.0,False,32.6829268292683,medium,1,0,-18,-1316.0,p1_slight,similar,medium_p1_slight
11363416,11516595,15211,2019/12/1,346665.0556,18.88888889,SingleFamily,1910,3,3,0.46,Acres,"Forced air, Gas",Central,unknown,389900.0,15211,2019/12/1,306276.75,13.25,SingleFamily,1930,4,3,2250.0,sqft,"Forced air, Gas",Other,unknown,302500.0,2,1.0,False,22.416004103616313,hard,0,-1,-20,-2249.54,equal,p2_newer,hard_equal
11515877,11554766,15211,2019/12/1,225423.8,57.2,SingleFamily,1910,3,3,3049.0,sqft,Other,Central,unknown,350000.0,15211,2019/12/1,183902.9412,35.35294118,SingleFamily,1910,2,4,5200.0,sqft,"Forced air, Gas",Central,unknown,240000.0,2,1.0,False,31.428571428571427,medium,-1,1,0,-2151.0,p2_more,similar,medium_p2_more
11554766,11585603,15211,2019/12/1,183902.9412,35.35294118,SingleFamily,1910,2,4,5200.0,sqft,"Forced air, Gas",Central,unknown,240000.0,15211,2019/12/1,132448.8,40.8,SingleFamily,1925,2,3,1502.0,sqft,"Other, Gas",Central,unknown,186000.0,2,1.0,False,22.5,hard,1,0,-15,3698.0,p1_slight,similar,hard_p1_slight
11474820,11585241,15211,2019/7/1,144656.6667,38.66666667,SingleFamily,1910,1,3,2249.0,sqft,"Other, Gas",unknown,unknown,165000.0,15211,2019/7/1,147033.2941,16.23529412,SingleFamily,1910,1,3,3049.0,sqft,Other,unknown,unknown,117000.0,2,1.0,False,29.09090909090909,medium,0,0,0,-800.0,equal,similar,medium_equal
11585630,11585668,15211,2020/11/1,232815.5833,19.16666667,"Single Family Residence, Residential",1935,2,4,4290.0,sqft,"Forced Air, Natural Gas","Central Air, Electric",Open Parking,300000.0,15211,2020/11/1,192811.1538,40.46153846,"Single Family Residence, Residential",1900,2,3,2400.0,sqft,Natural Gas,Central Air,Garage,243725.0,2,1.0,False,18.758333333333333,hard,1,0,35,1890.0,p1_slight,p1_much,hard_p1_slight
11554727,11585460,15211,2020/7/1,154254.8,33.4,SingleFamily,1919,2,3,2683.0,sqft,"Forced air, Gas",Central,unknown,241500.0,15211,2020/7/1,168439.1111,20.66666667,SingleFamily,1964,1,3,6819.0,sqft,"Forced air, Gas",Other,unknown,180000.0,2,1.0,False,25.465838509316768,medium,0,1,-45,-4136.0,equal,p2_newer,medium_equal
11516400,11516818,15211,2020/9/1,179073.0909,36.18181818,"Single Family Residence, Residential",1918,2,6,3497.0,sqft,Other,Window A/C,unknown,355000.0,15211,2020/9/1,137978.1818,33.63636364,SingleFamily,1925,2,3,2592.0,sqft,Forced air,Other,unknown,190000.0,2,1.0,False,46.478873239436616,easy,3,0,-7,905.0,p1_much,similar,easy_p1_much
11516400,11585480,15211,2020/9/1,179073.0909,36.18181818,"Single Family Residence, Residential",1918,2,6,3497.0,sqft,Other,Window A/C,unknown,355000.0,15211,2020/9/1,190484.0,29.0,"Single Family Residence, Residential",1920,3,3,4094.0,sqft,"Forced Air, Natural Gas",Central Air,unknown,279900.0,2,1.0,False,21.15492957746479,hard,3,-1,-2,-597.0,p1_much,similar,hard_p1_much
11516309,11516310,15211,2021/1/1,276943.55,24.15,"Townhouse, Residential",1920,3,2,1833.0,sqft,Electric,Electric,unknown,320000.0,15211,2021/1/1,230299.0,31.4,"Single Family Residence, Townhouse, Residential",1920,2,2,1319.0,sqft,"Forced Air, Natural Gas",Central Air,unknown,246500.0,2,1.0,False,22.96875,hard,0,1,0,514.0,equal,similar,hard_equal
11516310,11517186,15211,2021/1/1,230299.0,31.4,"Single Family Residence, Townhouse, Residential",1920,2,2,1319.0,sqft,"Forced Air, Natural Gas",Central Air,unknown,246500.0,15211,2021/1/1,166635.8182,39.27272727,"Single Family Residence, Residential",1905,1,3,2378.0,sqft,"Forced Air, Natural Gas",Window A/C,unknown,174900.0,2,1.0,False,29.046653144016226,medium,-1,1,15,-1059.0,p2_more,p1_slight,medium_p2_more
11516822,11554801,15211,2021/10/1,176400.0,28.0,"Single Family Residence, Residential",1930,2,3,3327.0,sqft,"Forced Air, Natural Gas",Central Air,unknown,155000.0,15211,2021/10/1,157074.5763,34.20338983,"Townhouse, Residential",1975,1,2,3001.0,sqft,Natural Gas,Gas,unknown,192500.0,1,2.0,False,19.480519480519483,hard,1,1,-45,326.0,p1_slight,p2_newer,hard_p1_slight
11585622,87988964,15211,2021/4/1,264874.2308,20.76923077,"Single Family Residence, Residential",1900,3,4,4678.0,sqft,Natural Gas,"Central Air, Electric",unknown,249900.0,15211,2021/4/1,316515.5556,18.88888889,"Townhouse, Residential",2007,3,3,2670.0,sqft,"Forced Air, Natural Gas","Central Air, Electric",unknown,377524.0,1,2.0,False,33.80553289327301,medium,1,0,-107,2008.0,p1_slight,p2_newer,medium_p1_slight
11515300,11516233,15211,2021/6/1,267056.7273,19.18181818,"Single Family Residence, Residential",1900,2,3,4700.0,sqft,"Forced Air, Natural Gas",Central Air,unknown,318500.0,15211,2021/6/1,226509.0,29.0,"Single Family Residence, Residential",1910,2,3,2278.0,sqft,Natural Gas,Central Air,unknown,225000.0,2,1.0,False,29.356357927786497,medium,0,0,-10,2422.0,equal,similar,medium_equal
11516126,11516233,15211,2021/6/1,257404.4545,18.63636364,"Single Family Residence, Residential",1899,2,4,3197.0,sqft,"Forced Air, Natural Gas",Window A/C,unknown,277000.0,15211,2021/6/1,226509.0,29.0,"Single Family Residence, Residential",1910,2,3,2278.0,sqft,Natural Gas,Central Air,unknown,225000.0,2,1.0,False,18.772563176895307,hard,1,0,-11,919.0,p1_slight,similar,hard_p1_slight
11516126,11585700,15211,2021/6/1,257404.4545,18.63636364,"Single Family Residence, Residential",1899,2,4,3197.0,sqft,"Forced Air, Natural Gas",Window A/C,unknown,277000.0,15211,2021/6/1,267456.0,21.0,"Townhouse, Residential",1990,2,2,3467.0,sqft,"Forced Air, Natural Gas",Central Air,unknown,356000.0,1,2.0,False,22.191011235955056,hard,2,0,-91,-270.0,p1_much,p2_newer,hard_p1_much
11516233,11585700,15211,2021/6/1,226509.0,29.0,"Single Family Residence, Residential",1910,2,3,2278.0,sqft,Natural Gas,Central Air,unknown,225000.0,15211,2021/6/1,267456.0,21.0,"Townhouse, Residential",1990,2,2,3467.0,sqft,"Forced Air, Natural Gas",Central Air,unknown,356000.0,1,2.0,False,36.79775280898877,medium,1,0,-80,-1189.0,p1_slight,p2_newer,medium_p1_slight
11323553,11586323,15211,2021/8/1,198914.7826,38.39130435,"Single Family Residence, Residential",1920,3,5,2252.0,sqft,"Forced Air, Natural Gas",Central Air,Open Parking,190000.0,15211,2021/8/1,231447.1364,22.59090909,SingleFamily,1930,1,3,4069.0,sqft,"Other, Forced air","Other, Central",Off-street,236000.0,1,2.0,False,19.491525423728813,hard,2,2,-10,-1817.0,p1_much,similar,hard_p1_much
11323875,11516634,15211,2021/9/1,207908.4746,44.30508475,"Single Family Residence, Residential",1900,3,4,2421.0,sqft,"Forced Air, Natural Gas",Central Air,Open Parking,325000.0,15211,2021/9/1,159820.0,23.75,"Single Family Residence, Residential",1957,1,3,3615.0,sqft,"Forced Air, Natural Gas",Central Air,Attached Garage,158500.0,2,1.0,False,51.23076923076923,easy,1,2,-57,-1194.0,p1_slight,p2_newer,easy_p1_slight
11517115,72262175,15211,2022/4/1,187453.8462,23.64102564,"Single Family Residence, Residential",1925,2,3,4721.0,sqft,"Hot Water, Natural Gas","Window A/C, Wall Unit(s)",unknown,185000.0,15211,2022/4/1,222538.4615,12.0,"Townhouse, Residential",2004,2,2,1350.0,sqft,"Forced Air, Natural Gas","Central Air, Electric",unknown,240000.0,1,2.0,False,22.916666666666664,hard,1,0,-79,3371.0,p1_slight,p2_newer,hard_p1_slight
11268920,11605769,15212,2019/10/1,137834.8,35.2,SingleFamily,1910,1,4,4569.0,sqft,"Radiant, Other, Gas",Other,unknown,216500.0,15212,2019/10/1,136501.8,23.53333333,"Single Family Residence, Residential",1959,2,3,5780.0,sqft,"Forced Air, Natural Gas","Central Air, Electric",unknown,170000.0,2,1.0,False,21.478060046189377,hard,1,-1,-49,-1211.0,p1_slight,p2_newer,hard_p1_slight
11269224,11394716,15212,2019/11/1,140102.5,22.5,SingleFamily,1938,1,3,4486.0,sqft,"Other, Gas",unknown,unknown,150000.0,15212,2019/11/1,141936.75,49.75,SingleFamily,1920,2,3,3618.0,sqft,Other,unknown,unknown,119000.0,2,1.0,False,20.666666666666668,hard,0,-1,18,868.0,equal,p1_slight,hard_equal
11270011,11387724,15212,2019/11/1,171822.8,14.5,Townhouse,1993,2,2,3375.0,sqft,Other,Central,unknown,180000.0,15212,2019/11/1,129089.1111,60.22222222,SingleFamily,1860,2,2,1306.0,sqft,Forced air,Other,unknown,257500.0,1,2.0,False,30.097087378640776,medium,0,0,133,2069.0,equal,p1_much,medium_equal
11270011,11511219,15212,2019/11/1,171822.8,14.5,Townhouse,1993,2,2,3375.0,sqft,Other,Central,unknown,180000.0,15212,2019/11/1,153900.0,13.33333333,"Single Family Residence, Residential",1950,2,3,0.53,Acres,"Forced Air, Natural Gas",Central Air,unknown,147000.0,2,1.0,False,18.333333333333332,hard,-1,0,43,3374.47,p2_more,p1_much,hard_p2_more
11271127,11640308,15212,2019/11/1,237434.1176,16.11764706,SingleFamily,1952,2,4,0.47,Acres,Other,Central,Garage - Attached,249000.0,15212,2019/11/1,249081.6667,23.33333333,Townhouse,1984,3,2,1894.0,sqft,"Forced air, Gas",Central,Garage - Attached,321000.0,1,2.0,False,22.429906542056074,hard,2,-1,-32,-1893.53,p1_much,p2_newer,hard_p1_much
11387724,11394334,15212,2019/11/1,129089.1111,60.22222222,SingleFamily,1860,2,2,1306.0,sqft,Forced air,Other,unknown,257500.0,15212,2019/11/1,93090.81818,40.12121212,SingleFamily,1925,1,2,5370.0,sqft,"Forced air, Gas",Wall,unknown,106000.0,2,1.0,False,58.83495145631068,easy,0,1,-65,-4064.0,equal,p2_newer,easy_equal
11387724,11610318,15212,2019/11/1,129089.1111,60.22222222,SingleFamily,1860,2,2,1306.0,sqft,Forced air,Other,unknown,257500.0,15212,2019/11/1,127950.2,13.0,"Single Family Residence, Residential",1950,1,2,9426.0,sqft,"Forced Air, Natural Gas",Central Air,unknown,126500.0,2,1.0,False,50.873786407766985,easy,0,1,-90,-8120.0,equal,p2_newer,easy_equal
11269460,11387668,15212,2019/12/1,219139.9412,19.94117647,SingleFamily,1916,3,4,5758.0,sqft,Other,unknown,unknown,225000.0,15212,2019/12/1,273740.6154,28.46153846,SingleFamily,1910,3,4,3598.0,sqft,Other,unknown,unknown,619162.0,1,2.0,False,63.660560564117304,easy,0,0,6,2160.0,equal,p1_slight,easy_equal
11388412,11603733,15212,2019/12/1,333017.0345,48.24137931,SingleFamily,1910,3,4,2138.0,sqft,"Forced air, Gas",Central,unknown,399000.0,15212,2019/12/1,291429.8824,16.47058824,SingleFamily,1924,3,4,8.7,Acres,"Gas, Forced air, Electric","Other, Central",unknown,312000.0,2,1.0,False,21.804511278195488,hard,0,0,-14,2129.3,equal,similar,hard_equal
11388183,11511635,15212,2019/8/1,262244.1667,33.08333333,SingleFamily,1870,2,6,2374.0,sqft,"Other, Gas",unknown,unknown,360000.0,15212,2019/8/1,197566.8889,33.88888889,SingleFamily,1900,3,5,7405.0,sqft,"Other, Gas",unknown,unknown,180000.0,2,1.0,False,50.0,easy,1,-1,-30,-5031.0,p1_slight,p2_newer,easy_p1_slight
11395465,11511635,15212,2019/8/1,213760.9167,32.0,SingleFamily,1900,2,3,2574.0,sqft,"Forced air, Gas",unknown,unknown,310000.0,15212,2019/8/1,197566.8889,33.88888889,SingleFamily,1900,3,5,7405.0,sqft,"Other, Gas",unknown,unknown,180000.0,2,1.0,False,41.935483870967744,easy,-2,-1,0,-4831.0,p2_more,similar,easy_p2_more
11498650,11512060,15212,2020/10/1,145052.4,28.0,"Single Family Residence, Residential",1940,1,4,3598.0,sqft,"Forced Air, Natural Gas","Central Air, Electric",unknown,160000.0,15212,2020/10/1,118560.6364,35.45454545,"Single Family Residence, Residential",1956,2,2,3850.0,sqft,"Forced Air, Natural Gas",Central Air,unknown,120000.0,2,1.0,False,25.0,hard,2,-1,-16,-252.0,p1_much,similar,hard_p1_much
11512407,11603846,15212,2020/10/1,145875.2857,47.71428571,"Single Family Residence, Residential",1880,2,4,1951.0,sqft,Natural Gas,Window A/C,unknown,195000.0,15212,2020/10/1,110430.0,38.0,"Single Family Residence, Residential",1900,2,3,2880.0,sqft,"Forced Air, Natural Gas",Central Air,unknown,142500.0,2,1.0,False,26.923076923076923,medium,1,0,-20,-929.0,p1_slight,p2_newer,medium_p1_slight
11268121,11328776,15212,2020/11/1,148246.4,17.7,"Single Family Residence, Residential",1900,2,2,0.28,Acres,"Forced Air, Natural Gas",unknown,unknown,182500.0,15212,2020/11/1,158512.0,41.6,"Single Family Residence, Residential",1900,2,3,0.46,Acres,"Hot Water, Natural Gas",unknown,unknown,137000.0,2,1.0,False,24.93150684931507,hard,-1,0,0,-0.18,p2_more,similar,hard_p2_more
11268819,11271287,15212,2020/11/1,181022.6154,18.61538462,"Single Family Residence, Residential",1930,1,3,4000.0,sqft,"Forced Air, Natural Gas",Central Air,unknown,160000.0,15212,2020/11/1,152087.5556,24.44444444,"Single Family Residence, Residential",1940,1,2,8973.0,sqft,Other,Window A/C,unknown,120000.0,2,1.0,False,25.0,hard,1,0,-10,-4973.0,p1_slight,similar,hard_p1_slight
11268819,11395493,15212,2020/11/1,181022.6154,18.61538462,"Single Family Residence, Residential",1930,1,3,4000.0,sqft,"Forced Air, Natural Gas",Central Air,unknown,160000.0,15212,2020/11/1,219667.8182,33.54545455,"Townhouse, Residential",1900,2,3,1041.0,sqft,"Forced Air, Natural Gas",Central Air,unknown,242000.0,1,2.0,False,33.88429752066116,medium,0,-1,30,2959.0,equal,p1_much,medium_equal
11268948,11512303,15212,2020/11/1,185789.8667,11.6,"Single Family Residence, Residential",1950,2,3,6098.0,sqft,"Forced Air, Natural Gas",Central Air,unknown,175000.0,15212,2020/11/1,176488.2857,36.85714286,"Single Family Residence, Residential",1906,3,2,3584.0,sqft,"Forced Air, Natural Gas","Central Air, Electric",unknown,245000.0,1,2.0,False,28.57142857142857,medium,1,-1,44,2514.0,p1_slight,p1_much,medium_p1_slight
11328776,11387959,15212,2020/11/1,158512.0,41.6,"Single Family Residence, Residential",1900,2,3,0.46,Acres,"Hot Water, Natural Gas",unknown,unknown,137000.0,15212,2020/11/1,230974.0,49.0,"Single Family Residence, Residential",1910,2,3,1659.0,sqft,"Forced Air, Electric",unknown,unknown,243000.0,1,2.0,False,43.62139917695473,easy,0,0,-10,-1658.54,equal,similar,easy_equal
11395493,11498720,15212,2020/11/1,219667.8182,33.54545455,"Townhouse, Residential",1900,2,3,1041.0,sqft,"Forced Air, Natural Gas",Central Air,unknown,242000.0,15212,2020/11/1,133491.1538,90.23076923,"Single Family Residence, Residential",1927,2,4,3001.0,sqft,"Hot Water, Natural Gas",Window A/C,unknown,162050.0,2,1.0,False,33.03719008264463,medium,-1,0,-27,-1960.0,p2_more,p2_newer,medium_p2_more
11395493,11510800,15212,2020/11/1,219667.8182,33.54545455,"Townhouse, Residential",1900,2,3,1041.0,sqft,"Forced Air, Natural Gas",Central Air,unknown,242000.0,15212,2020/11/1,195257.5,35.5,"Single Family Residence, Residential",1910,2,4,0.46,Acres,"Other, Baseboard",Window A/C,unknown,192500.0,2,1.0,False,20.454545454545457,hard,-1,0,-10,1040.54,p2_more,similar,hard_p2_more
11270206,11611518,15212,2020/4/1,185537.7,19.9,SingleFamily,1937,2,3,4399.0,sqft,Radiant,unknown,unknown,240000.0,15212,2020/4/1,159519.8,12.6,SingleFamily,1960,2,4,6588.0,sqft,Other,unknown,unknown,171750.0,2,1.0,False,28.4375,medium,-1,0,-23,-2189.0,p2_more,p2_newer,medium_p2_more
11388326,11511922,15212,2020/4/1,188814.7263,51.21052632,SingleFamily,1870,3,3,1241.0,sqft,Forced air,unknown,On-street,420000.0,15212,2020/4/1,117210.5455,51.45454545,SingleFamily,1931,2,3,4255.0,sqft,"Forced air, Gas",unknown,On-street,165000.0,2,1.0,False,60.71428571428571,easy,0,1,-61,-3014.0,equal,p2_newer,easy_equal
11394788,11498559,15212,2020/4/1,82226.66667,14.0,SingleFamily,1900,2,3,2613.0,sqft,"Forced air, Gas",Central,unknown,199900.0,15212,2020/4/1,108878.7143,43.14285714,SingleFamily,1923,2,3,4878.0,sqft,Other,Central,unknown,138500.0,2,1.0,False,30.71535767883942,medium,0,0,-23,-2265.0,equal,p2_newer,medium_equal
11395297,11498559,15212,2020/4/1,151620.0,50.0,SingleFamily,1890,1,3,958.0,sqft,Forced air,Other,unknown,210000.0,15212,2020/4/1,108878.7143,43.14285714,SingleFamily,1923,2,3,4878.0,sqft,Other,Central,unknown,138500.0,2,1.0,False,34.04761904761905,medium,0,-1,-33,-3920.0,equal,p2_newer,medium_equal
11268334,11388289,15212,2020/6/1,305021.3333,24.0,SingleFamily,1910,3,4,4000.0,sqft,"Wall, Forced air, Gas","Central, Wall",unknown,310000.0,15212,2020/6/1,290763.9,23.35,SingleFamily,1890,4,3,2199.0,sqft,Other,Central,unknown,720000.0,1,2.0,False,56.94444444444444,easy,1,-1,20,1801.0,p1_slight,p1_slight,easy_p1_slight
11269200,11271157,15212,2020/7/1,184653.6667,20.0,SingleFamily,1954,3,4,0.5,Acres,Other,Central,unknown,245000.0,15212,2020/7/1,173515.3333,17.33333333,SingleFamily,1959,2,3,0.82,Acres,"Forced air, Gas",Central,unknown,195000.0,2,1.0,False,20.408163265306122,hard,1,1,-5,-0.31999999999999995,p1_slight,similar,hard_p1_slight
11269475,11510849,15212,2020/7/1,198579.0,25.0,SingleFamily,1930,1,3,4129.0,sqft,Other,unknown,unknown,180000.0,15212,2020/7/1,154216.3333,49.33333333,SingleFamily,1880,2,2,0.7,Acres,Other,unknown,unknown,240000.0,1,2.0,False,25.0,hard,1,-1,50,4128.3,p1_slight,p1_much,hard_p1_slight
11492645,11511095,15212,2020/7/1,105205.25,14.625,SingleFamily,1900,3,4,4329.0,sqft,Other,unknown,unknown,110000.0,15212,2020/7/1,79584.3,74.8,SingleFamily,1950,2,2,5231.0,sqft,Other,unknown,unknown,165000.0,1,2.0,False,33.33333333333333,medium,2,1,-50,-902.0,p1_much,p2_newer,medium_p1_much
11510849,11511060,15212,2020/7/1,154216.3333,49.33333333,SingleFamily,1880,2,2,0.7,Acres,Other,unknown,unknown,240000.0,15212,2020/7/1,121002.5556,26.66666667,SingleFamily,1930,3,4,2395.0,sqft,Other,unknown,unknown,135000.0,2,1.0,False,43.75,easy,-2,-1,-50,-2394.3,p2_more,p2_newer,easy_p2_more
11510849,11511087,15212,2020/7/1,154216.3333,49.33333333,SingleFamily,1880,2,2,0.7,Acres,Other,unknown,unknown,240000.0,15212,2020/7/1,128063.3333,33.11111111,SingleFamily,1930,2,3,5401.0,sqft,Other,unknown,unknown,190126.0,2,1.0,False,20.780833333333334,hard,-1,0,-50,-5400.3,p2_more,p2_newer,hard_p2_more
11510849,11511656,15212,2020/7/1,154216.3333,49.33333333,SingleFamily,1880,2,2,0.7,Acres,Other,unknown,unknown,240000.0,15212,2020/7/1,114665.9091,19.0,SingleFamily,1947,2,2,3850.0,sqft,"Other, Gas",unknown,unknown,128400.0,2,1.0,False,46.5,easy,0,0,-67,-3849.3,equal,p2_newer,easy_equal
11510849,11605594,15212,2020/7/1,154216.3333,49.33333333,SingleFamily,1880,2,2,0.7,Acres,Other,unknown,unknown,240000.0,15212,2020/7/1,143439.1111,42.88888889,SingleFamily,1925,2,4,6006.0,sqft,"Other, Gas",unknown,unknown,142386.0,2,1.0,False,40.6725,easy,-2,0,-45,-6005.3,p2_more,p2_newer,easy_p2_more
11511060,11511095,15212,2020/7/1,121002.5556,26.66666667,SingleFamily,1930,3,4,2395.0,sqft,Other,unknown,unknown,135000.0,15212,2020/7/1,79584.3,74.8,SingleFamily,1950,2,2,5231.0,sqft,Other,unknown,unknown,165000.0,1,2.0,False,18.181818181818183,hard,2,1,-20,-2836.0,p1_much,p2_newer,hard_p1_much
11511746,11605594,15212,2020/7/1,195512.8,25.3,SingleFamily,1957,3,3,0.43,Acres,"Other, Gas",unknown,unknown,214000.0,15212,2020/7/1,143439.1111,42.88888889,SingleFamily,1925,2,4,6006.0,sqft,"Other, Gas",unknown,unknown,142386.0,2,1.0,False,33.464485981308414,medium,-1,1,32,-6005.57,p2_more,p1_much,medium_p2_more
11268158,11394701,15212,2020/8/1,189682.2727,28.90909091,"Single Family Residence, Residential",1925,2,3,10070.0,sqft,"Forced Air, Natural Gas",Central Air,unknown,190000.0,15212,2020/8/1,158486.5556,17.77777778,SingleFamily,1920,1,4,2953.0,sqft,Other,Other,unknown,153000.0,2,1.0,False,19.473684210526315,hard,-1,1,5,7117.0,p2_more,p1_slight,hard_p2_more
11268158,11498292,15212,2020/8/1,189682.2727,28.90909091,"Single Family Residence, Residential",1925,2,3,10070.0,sqft,"Forced Air, Natural Gas",Central Air,unknown,190000.0,15212,2020/8/1,132318.2222,51.0,SingleFamily,1952,2,4,3162.0,sqft,Other,Central,unknown,132000.0,2,1.0,False,30.526315789473685,medium,-1,0,-27,6908.0,p2_more,p2_newer,medium_p2_more
11268314,11268543,15212,2020/8/1,217154.4,16.8,SingleFamily,1927,2,4,3998.0,sqft,Other,Central,unknown,236000.0,15212,2020/8/1,173446.9,30.5,"Single Family Residence, Residential",1930,2,4,5161.0,sqft,"Hot Water, Natural Gas",Window A/C,unknown,160000.0,2,1.0,False,32.20338983050847,medium,0,0,-3,-1163.0,equal,similar,medium_equal
11268314,11640306,15212,2020/8/1,217154.4,16.8,SingleFamily,1927,2,4,3998.0,sqft,Other,Central,unknown,236000.0,15212,2020/8/1,250507.9,19.8,"Single Family Residence, Residential",1984,2,2,1184.0,sqft,"Forced Air, Natural Gas",Central Air,unknown,310000.0,1,2.0,False,23.870967741935484,hard,2,0,-57,2814.0,p1_much,p2_newer,hard_p1_much
11268355,11498292,15212,2020/8/1,172484.7,19.8,SingleFamily,1940,2,2,7000.0,sqft,Other,Central,unknown,174900.0,15212,2020/8/1,132318.2222,51.0,SingleFamily,1952,2,4,3162.0,sqft,Other,Central,unknown,132000.0,2,1.0,False,24.528301886792452,hard,-2,0,-12,3838.0,p2_more,similar,hard_p2_more
11268543,11269188,15212,2020/8/1,173446.9,30.5,"Single Family Residence, Residential",1930,2,4,5161.0,sqft,"Hot Water, Natural Gas",Window A/C,unknown,160000.0,15212,2020/8/1,127040.8,34.0,SingleFamily,1946,2,3,4290.0,sqft,Other,Central,unknown,123000.0,2,1.0,False,23.125,hard,1,0,-16,871.0,p1_slight,similar,hard_p1_slight
11268543,11498292,15212,2020/8/1,173446.9,30.5,"Single Family Residence, Residential",1930,2,4,5161.0,sqft,"Hot Water, Natural Gas",Window A/C,unknown,160000.0,15212,2020/8/1,132318.2222,51.0,SingleFamily,1952,2,4,3162.0,sqft,Other,Central,unknown,132000.0,2,1.0,False,17.5,hard,0,0,-22,1999.0,equal,p2_newer,hard_equal
11268607,11388787,15212,2020/8/1,205365.9091,47.63636364,SingleFamily,1900,3,5,5906.0,sqft,"Forced air, Gas","Other, Central",unknown,243000.0,15212,2020/8/1,173685.4286,64.28571429,"Single Family Residence, Residential",1900,3,4,1999.0,sqft,"Forced Air, Natural Gas","Window A/C, Central Air",unknown,200000.0,2,1.0,False,17.695473251028808,hard,1,0,0,3907.0,p1_slight,similar,hard_p1_slight
11268607,11610512,15212,2020/8/1,205365.9091,47.63636364,SingleFamily,1900,3,5,5906.0,sqft,"Forced air, Gas","Other, Central",unknown,243000.0,15212,2020/8/1,182802.5455,13.27272727,"Single Family Residence, Residential",1960,2,3,6764.0,sqft,"Forced Air, Natural Gas",Central Air,unknown,190000.0,2,1.0,False,21.810699588477366,hard,2,1,-60,-858.0,p1_much,p2_newer,hard_p1_much
11268607,11640306,15212,2020/8/1,205365.9091,47.63636364,SingleFamily,1900,3,5,5906.0,sqft,"Forced air, Gas","Other, Central",unknown,243000.0,15212,2020/8/1,250507.9,19.8,"Single Family Residence, Residential",1984,2,2,1184.0,sqft,"Forced Air, Natural Gas",Central Air,unknown,310000.0,1,2.0,False,21.612903225806452,hard,3,1,-84,4722.0,p1_much,p2_newer,hard_p1_much
11268712,11388787,15212,2020/8/1,178037.6,34.8,"Single Family Residence, Residential",1925,2,3,4800.0,sqft,"Forced Air, Natural Gas",Central Air,unknown,280000.0,15212,2020/8/1,173685.4286,64.28571429,"Single Family Residence, Residential",1900,3,4,1999.0,sqft,"Forced Air, Natural Gas","Window A/C, Central Air",unknown,200000.0,2,1.0,False,28.57142857142857,medium,-1,-1,25,2801.0,p2_more,p1_much,medium_p2_more
11268712,11394701,15212,2020/8/1,178037.6,34.8,"Single Family Residence, Residential",1925,2,3,4800.0,sqft,"Forced Air, Natural Gas",Central Air,unknown,280000.0,15212,2020/8/1,158486.5556,17.77777778,SingleFamily,1920,1,4,2953.0,sqft,Other,Other,unknown,153000.0,2,1.0,False,45.357142857142854,easy,-1,1,5,1847.0,p2_more,p1_slight,easy_p2_more
11268712,11498292,15212,2020/8/1,178037.6,34.8,"Single Family Residence, Residential",1925,2,3,4800.0,sqft,"Forced Air, Natural Gas",Central Air,unknown,280000.0,15212,2020/8/1,132318.2222,51.0,SingleFamily,1952,2,4,3162.0,sqft,Other,Central,unknown,132000.0,2,1.0,False,52.85714285714286,easy,-1,0,-27,1638.0,p2_more,p2_newer,easy_p2_more
11269232,11640306,15212,2020/8/1,217690.4545,15.27272727,"Single Family Residence, Residential",1930,2,5,5005.0,sqft,"Forced Air, Natural Gas",Central Air,unknown,230000.0,15212,2020/8/1,250507.9,19.8,"Single Family Residence, Residential",1984,2,2,1184.0,sqft,"Forced Air, Natural Gas",Central Air,unknown,310000.0,1,2.0,False,25.806451612903224,medium,3,0,-54,3821.0,p1_much,p2_newer,medium_p1_much
11388787,11394701,15212,2020/8/1,173685.4286,64.28571429,"Single Family Residence, Residential",1900,3,4,1999.0,sqft,"Forced Air, Natural Gas","Window A/C, Central Air",unknown,200000.0,15212,2020/8/1,158486.5556,17.77777778,SingleFamily,1920,1,4,2953.0,sqft,Other,Other,unknown,153000.0,2,1.0,False,23.5,hard,0,2,-20,-954.0,equal,p2_newer,hard_equal
11388787,11498292,15212,2020/8/1,173685.4286,64.28571429,"Single Family Residence, Residential",1900,3,4,1999.0,sqft,"Forced Air, Natural Gas","Window A/C, Central Air",unknown,200000.0,15212,2020/8/1,132318.2222,51.0,SingleFamily,1952,2,4,3162.0,sqft,Other,Central,unknown,132000.0,2,1.0,False,34.0,medium,0,1,-52,-1163.0,equal,p2_newer,medium_equal
11388787,11640306,15212,2020/8/1,173685.4286,64.28571429,"Single Family Residence, Residential",1900,3,4,1999.0,sqft,"Forced Air, Natural Gas","Window A/C, Central Air",unknown,200000.0,15212,2020/8/1,250507.9,19.8,"Single Family Residence, Residential",1984,2,2,1184.0,sqft,"Forced Air, Natural Gas",Central Air,unknown,310000.0,1,2.0,False,35.483870967741936,medium,2,1,-84,815.0,p1_much,p2_newer,medium_p1_much
11268464,11387932,15212,2020/9/1,163437.3636,21.0,"Single Family Residence, Residential",1947,2,3,5993.0,sqft,"Forced Air, Natural Gas",Central Air,unknown,200000.0,15212,2020/9/1,162704.4444,21.11111111,"Single Family Residence, Residential",1910,3,3,1472.0,sqft,"Forced Air, Natural Gas","Central Air, Electric",unknown,120000.0,2,1.0,False,40.0,medium,0,-1,37,4521.0,equal,p1_much,medium_equal
11604305,11605781,15212,2020/9/1,162802.7273,28.54545455,"Single Family Residence, Residential",1907,2,6,3776.0,sqft,"Forced Air, Natural Gas",Window A/C,unknown,183500.0,15212,2020/9/1,146229.9,24.3,"Single Family Residence, Residential",1958,2,3,8062.0,sqft,"Forced Air, Natural Gas",Central Air,unknown,152900.0,2,1.0,False,16.67574931880109,hard,3,0,-51,-4286.0,p1_much,p2_newer,hard_p1_much
11271222,11603950,15212,2021/1/1,215867.0,28.16666667,"Single Family Residence, Residential",1940,3,4,4186.0,sqft,"Forced Air, Natural Gas",Central Air,unknown,169000.0,15212,2021/1/1,202515.5385,27.23076923,"Single Family Residence, Residential",1930,2,4,7518.0,sqft,"Hot Water, Natural Gas",Window A/C,unknown,230500.0,1,2.0,False,26.68112798264642,medium,0,1,10,-3332.0,equal,p1_slight,medium_equal
11387963,11512415,15212,2021/1/1,120044.3333,78.33333333,Townhouse,1900,2,3,1245.0,sqft,"Forced air, Gas",Other,Off-street,205000.0,15212,2021/1/1,102138.0,60.0,"Single Family Residence, Residential",1950,2,2,1980.0,sqft,"Forced Air, Natural Gas",Central Air,Open Parking,114000.0,2,1.0,False,44.390243902439025,easy,1,0,-50,-735.0,p1_slight,p2_newer,easy_p1_slight
11387964,11512415,15212,2021/1/1,148260.5,41.16666667,Townhouse,1900,2,3,1245.0,sqft,"Forced air, Gas",Other,Off-street,205000.0,15212,2021/1/1,102138.0,60.0,"Single Family Residence, Residential",1950,2,2,1980.0,sqft,"Forced Air, Natural Gas",Central Air,Open Parking,114000.0,2,1.0,False,44.390243902439025,easy,1,0,-50,-735.0,p1_slight,p2_newer,easy_p1_slight
11270148,11512395,15212,2021/10/1,275447.4576,15.49152542,"Single Family Residence, Residential",1930,2,3,10432.0,sqft,"Forced Air, Natural Gas","Central Air, Electric",unknown,260000.0,15212,2021/10/1,257063.7826,22.73913043,"Single Family Residence, Residential",1930,3,4,3489.0,sqft,"Hot Water, Natural Gas",Window A/C,unknown,215000.0,2,1.0,False,17.307692307692307,hard,-1,-1,0,6943.0,p2_more,similar,hard_p2_more
11271212,11511963,15212,2021/10/1,175503.4483,15.17241379,"Single Family Residence, Residential",1952,2,3,9016.0,sqft,"Forced Air, Natural Gas",Central Air,unknown,178000.0,15212,2021/10/1,145100.0,37.0,"Single Family Residence, Residential",1900,3,2,2001.0,sqft,"Forced Air, Natural Gas",Central Air,unknown,249900.0,1,2.0,False,28.771508603441376,medium,1,-1,52,7015.0,p1_slight,p1_much,medium_p1_slight
11388503,11512395,15212,2021/10/1,305500.0,38.0,"Single Family Residence, Residential",1900,2,3,1058.0,sqft,"Forced Air, Natural Gas",Central Air,unknown,489900.0,15212,2021/10/1,257063.7826,22.73913043,"Single Family Residence, Residential",1930,3,4,3489.0,sqft,"Hot Water, Natural Gas",Window A/C,unknown,215000.0,2,1.0,False,56.1134925494999,easy,-1,-1,-30,-2431.0,p2_more,p2_newer,easy_p2_more
11388538,11605750,15212,2021/10/1,349640.2222,34.0,"Single Family Residence, Residential",1890,4,3,2000.0,sqft,"Forced Air, Natural Gas",Central Air,unknown,522500.0,15212,2021/10/1,349067.7966,16.96610169,"Single Family Residence, Residential",1946,3,5,0.35,Acres,"Forced Air, Natural Gas","Central Air, Electric",unknown,344900.0,2,1.0,False,33.99043062200957,medium,-2,1,-56,1999.65,p2_more,p2_newer,medium_p2_more
11394458,11395384,15212,2021/10/1,217710.6087,34.73913043,"Single Family Residence, Residential",1902,2,4,2060.0,sqft,"Forced Air, Natural Gas",unknown,unknown,223000.0,15212,2021/10/1,211000.0,11.96610169,"Single Family Residence, Residential",1900,1,1,1332.0,sqft,"Radiant, Electric",unknown,unknown,275001.0,1,2.0,False,18.909385784051693,hard,3,1,2,728.0,p1_much,p1_slight,hard_p1_much
11388292,11388480,15212,2021/11/1,421318.0556,16.31944444,"Townhouse, Residential",1912,2,2,2199.0,sqft,Natural Gas,"Window A/C, Central Air",unknown,405000.0,15212,2021/11/1,383255.5556,21.04166667,"Single Family Residence, Residential",1890,3,3,2221.0,sqft,Natural Gas,Central Air,unknown,270000.0,2,1.0,False,33.33333333333333,medium,-1,-1,22,-22.0,p2_more,p1_much,medium_p2_more
11394363,11604361,15212,2021/11/1,198884.7222,41.75,"Single Family Residence, Residential",1923,3,4,6851.0,sqft,"Forced Air, Natural Gas",Central Air,unknown,475000.0,15212,2021/11/1,186886.5672,38.92537313,"Single Family Residence, Residential",1900,2,5,3038.0,sqft,"Forced Air, Natural Gas",Central Air,unknown,250000.0,2,1.0,False,47.368421052631575,easy,-1,1,23,3813.0,p2_more,p1_much,easy_p2_more
11395039,11511677,15212,2021/11/1,148264.4068,43.03389831,"Single Family Residence, Residential",1910,2,3,1189.0,sqft,"Forced Air, Natural Gas",Central Air,unknown,180000.0,15212,2021/11/1,120034.8718,23.0,"Single Family Residence, Residential",1930,1,3,2787.0,sqft,"Forced Air, Natural Gas",Central Air,unknown,110000.0,2,1.0,False,38.88888888888889,medium,0,1,-20,-1598.0,equal,p2_newer,medium_equal
11268852,11271195,15212,2021/12/1,248030.4348,27.65217391,"Single Family Residence, Residential",1938,3,4,4199.0,sqft,"Forced Air, Natural Gas",Central Air,unknown,355000.0,15212,2021/12/1,235309.8696,13.65217391,"Single Family Residence, Residential",1955,3,3,6285.0,sqft,"Forced Air, Natural Gas",Electric,unknown,205000.0,2,1.0,False,42.25352112676056,easy,1,0,-17,-2086.0,p1_slight,similar,easy_p1_slight
11268791,164603732,15212,2021/2/1,247384.6154,22.30769231,"Single Family Residence, Residential",1945,2,6,7470.0,sqft,"Radiant, Natural Gas",Window A/C,unknown,258000.0,15212,2021/2/1,195400.3333,66.16666667,"Single Family Residence, Residential",1876,6,6,3746.0,sqft,Natural Gas,Central Air,unknown,160000.0,2,1.0,False,37.98449612403101,medium,0,-4,69,3724.0,equal,p1_much,medium_equal
11270014,164603732,15212,2021/2/1,190860.2308,15.38461538,"Townhouse, Residential",1993,3,2,2495.0,sqft,"Forced Air, Natural Gas","Central Air, Electric",unknown,195000.0,15212,2021/2/1,195400.3333,66.16666667,"Single Family Residence, Residential",1876,6,6,3746.0,sqft,Natural Gas,Central Air,unknown,160000.0,2,1.0,False,17.94871794871795,hard,-4,-3,117,-1251.0,p2_more,p1_much,hard_p2_more
11387913,164603732,15212,2021/2/1,279843.3333,49.0,"Single Family Residence, Residential",1900,2,4,2240.0,sqft,Natural Gas,Window A/C,unknown,200000.0,15212,2021/2/1,195400.3333,66.16666667,"Single Family Residence, Residential",1876,6,6,3746.0,sqft,Natural Gas,Central Air,unknown,160000.0,2,1.0,False,20.0,hard,-2,-4,24,-1506.0,p2_more,p1_much,hard_p2_more
11511371,164603732,15212,2021/2/1,209016.1818,26.18181818,"Single Family Residence, Residential",1928,2,5,5550.0,sqft,"Hot Water, Natural Gas",Central Air,unknown,218000.0,15212,2021/2/1,195400.3333,66.16666667,"Single Family Residence, Residential",1876,6,6,3746.0,sqft,Natural Gas,Central Air,unknown,160000.0,2,1.0,False,26.605504587155966,medium,-1,-4,52,1804.0,p2_more,p1_much,medium_p2_more
11511842,11604062,15212,2021/2/1,147730.2727,51.0,"Single Family Residence, Residential",1900,3,3,2069.0,sqft,"Forced Air, Natural Gas",Central Air,unknown,278000.0,15212,2021/2/1,154120.0,17.85714286,"Single Family Residence, Residential",1958,1,3,5800.0,sqft,"Forced Air, Natural Gas",Central Air,unknown,159900.0,2,1.0,False,42.48201438848921,easy,0,2,-58,-3731.0,equal,p2_newer,easy_equal
11511842,164603732,15212,2021/2/1,147730.2727,51.0,"Single Family Residence, Residential",1900,3,3,2069.0,sqft,"Forced Air, Natural Gas",Central Air,unknown,278000.0,15212,2021/2/1,195400.3333,66.16666667,"Single Family Residence, Residential",1876,6,6,3746.0,sqft,Natural Gas,Central Air,unknown,160000.0,2,1.0,False,42.44604316546763,easy,-3,-3,24,-1677.0,p2_more,p1_much,easy_p2_more
11512021,11603611,15212,2021/3/1,160579.0,40.0,"Single Family Residence, Residential",1928,2,3,2700.0,sqft,"Forced Air, Natural Gas",Central Air,unknown,251000.0,15212,2021/3/1,158475.5714,19.42857143,"Single Family Residence, Residential",1906,3,4,10018.0,sqft,"Forced Air, Natural Gas",Central Air,unknown,164900.0,2,1.0,False,34.30278884462151,medium,-1,-1,22,-7318.0,p2_more,p1_much,medium_p2_more
11269083,11388109,15212,2021/4/1,176453.0769,21.07692308,"Single Family Residence, Residential",1942,1,3,5074.0,sqft,"Forced Air, Natural Gas",Central Air,unknown,195000.0,15212,2021/4/1,212543.0,37.0,SingleFamily,1898,1,2,2033.0,sqft,"Other, Electric, Heat pump",Central,unknown,315000.0,1,2.0,False,38.095238095238095,medium,1,0,44,3041.0,p1_slight,p1_much,medium_p1_slight
11271282,11327150,15212,2021/4/1,176371.0,20.88888889,"Single Family Residence, Residential",1946,3,3,0.37,Acres,"Forced Air, Natural Gas",Central Air,unknown,250000.0,15212,2021/4/1,206822.0,20.0,"Single Family Residence, Residential",1960,2,3,6054.0,sqft,"Forced Air, Natural Gas",Central Air,unknown,175000.0,2,1.0,False,30.0,medium,0,1,-14,-6053.63,equal,similar,medium_equal
11271282,11388109,15212,2021/4/1,176371.0,20.88888889,"Single Family Residence, Residential",1946,3,3,0.37,Acres,"Forced Air, Natural Gas",Central Air,unknown,250000.0,15212,2021/4/1,212543.0,37.0,SingleFamily,1898,1,2,2033.0,sqft,"Other, Electric, Heat pump",Central,unknown,315000.0,1,2.0,False,20.634920634920633,hard,1,2,48,-2032.63,p1_slight,p1_much,hard_p1_slight
11327150,11388109,15212,2021/4/1,206822.0,20.0,"Single Family Residence, Residential",1960,2,3,6054.0,sqft,"Forced Air, Natural Gas",Central Air,unknown,175000.0,15212,2021/4/1,212543.0,37.0,SingleFamily,1898,1,2,2033.0,sqft,"Other, Electric, Heat pump",Central,unknown,315000.0,1,2.0,False,44.44444444444444,easy,1,1,62,4021.0,p1_slight,p1_much,easy_p1_slight
11387948,11606202,15212,2021/4/1,95663.0,17.55555556,"Single Family Residence, Residential",2019,3,3,1041.0,sqft,Natural Gas,Central Air,unknown,560000.0,15212,2021/4/1,113097.5385,58.23076923,"Single Family Residence, Residential",1920,2,4,4251.0,sqft,Natural Gas,Window A/C,unknown,165000.0,2,1.0,False,70.53571428571429,easy,-1,1,99,-3210.0,p2_more,p1_much,easy_p2_more
11388109,11395399,15212,2021/4/1,212543.0,37.0,SingleFamily,1898,1,2,2033.0,sqft,"Other, Electric, Heat pump",Central,unknown,315000.0,15212,2021/4/1,231421.25,18.16666667,"Single Family Residence, Residential",1900,2,2,927.83,sqft,Natural Gas,Central Air,unknown,235000.0,2,1.0,False,25.396825396825395,medium,0,-1,-2,1105.17,equal,similar,medium_equal
11388717,121888353,15212,2021/5/1,326665.0,28.0,"Single Family Residence, Residential",1870,3,4,1921.0,sqft,"Forced Air, Natural Gas","Central Air, Electric",unknown,365000.0,15212,2021/5/1,383829.6667,13.22222222,"Townhouse, Residential",2013,3,4,1960.0,sqft,Natural Gas,Central Air,unknown,450000.0,1,2.0,False,18.88888888888889,hard,0,0,-143,-39.0,equal,p2_newer,hard_equal
11388750,164603464,15212,2021/5/1,332461.0,19.0,"Single Family Residence, Residential",1910,4,4,1799.0,sqft,"Forced Air, Natural Gas","Central Air, Electric",unknown,467000.0,15212,2021/5/1,385380.3077,17.61538462,"Single Family Residence, Residential",2017,3,3,1359.0,sqft,"Forced Air, Natural Gas",Central Air,unknown,385555.0,2,1.0,False,17.440042826552464,hard,1,1,-107,440.0,p1_slight,p2_newer,hard_p1_slight
11511471,11512161,15212,2021/5/1,149842.2727,34.72727273,"Single Family Residence, Residential",1935,1,3,4525.0,sqft,"Hot Water, Natural Gas",Window A/C,unknown,165000.0,15212,2021/5/1,185843.7273,26.90909091,"Single Family Residence, Residential",1900,1,2,2683.0,sqft,"Forced Air, Natural Gas",Central Air,unknown,230000.0,1,2.0,False,28.26086956521739,medium,1,0,35,1842.0,p1_slight,p1_much,medium_p1_slight
11269267,11511921,15212,2021/6/1,188620.1818,14.09090909,"Single Family Residence, Residential",1956,3,3,4878.0,sqft,"Forced Air, Natural Gas",Central Air,Attached Garage,190000.0,15212,2021/6/1,202483.5455,24.09090909,"Single Family Residence, Residential",1935,2,4,3715.0,sqft,"Forced Air, Natural Gas",Central Air,Open Parking,281000.0,1,2.0,False,32.38434163701068,medium,-1,1,21,1163.0,p2_more,p1_much,medium_p2_more
11394648,11498995,15212,2021/6/1,161778.0,61.33333333,"Single Family Residence, Residential",1926,3,4,2151.0,sqft,"Forced Air, Natural Gas",Central Air,unknown,295000.0,15212,2021/6/1,187858.7619,25.47619048,"Single Family Residence, Residential",1945,2,4,8267.0,sqft,Natural Gas,Central Air,unknown,213013.0,2,1.0,False,27.79220338983051,medium,0,1,-19,-6116.0,equal,similar,medium_equal
11394648,11611494,15212,2021/6/1,161778.0,61.33333333,"Single Family Residence, Residential",1926,3,4,2151.0,sqft,"Forced Air, Natural Gas",Central Air,unknown,295000.0,15212,2021/6/1,201090.3636,22.27272727,"Single Family Residence, Residential",1976,2,3,6728.0,sqft,"Forced Air, Natural Gas",Central Air,unknown,205000.0,2,1.0,False,30.508474576271187,medium,1,1,-50,-4577.0,p1_slight,p2_newer,medium_p1_slight
11268753,11512215,15212,2021/8/1,216766.6667,31.33333333,"Single Family Residence, Residential",1915,2,3,5553.0,sqft,"Forced Air, Natural Gas",Central Air,unknown,300000.0,15212,2021/8/1,184600.0,23.25,"Single Family Residence, Residential",1900,1,4,1546.0,sqft,"Forced Air, Natural Gas",Window A/C,unknown,215000.0,2,1.0,False,28.333333333333332,medium,-1,1,15,4007.0,p2_more,p1_slight,medium_p2_more
11268974,11512010,15212,2021/9/1,231803.3898,12.6440678,"Single Family Residence, Residential",1925,1,4,6277.0,sqft,"Forced Air, Natural Gas","Central Air, Electric",unknown,240000.0,15212,2021/9/1,209910.4545,22.72727273,"Single Family Residence, Residential",1900,2,4,2069.0,sqft,"Forced Air, Natural Gas",Central Air,unknown,185000.0,2,1.0,False,22.916666666666664,hard,0,-1,25,4208.0,equal,p1_much,hard_equal
11269163,11512010,15212,2021/9/1,230820.339,19.55932203,"Single Family Residence, Residential",1929,1,4,5998.0,sqft,"Forced Air, Natural Gas",Central Air,unknown,230000.0,15212,2021/9/1,209910.4545,22.72727273,"Single Family Residence, Residential",1900,2,4,2069.0,sqft,"Forced Air, Natural Gas",Central Air,unknown,185000.0,2,1.0,False,19.565217391304348,hard,0,-1,29,3929.0,equal,p1_much,hard_equal
11269236,11511681,15212,2021/9/1,154400.0,20.57627119,"Single Family Residence, Residential",1923,1,2,3262.0,sqft,"Forced Air, Natural Gas","Central Air, Electric",unknown,188200.0,15212,2021/9/1,140606.8966,25.56896552,"Single Family Residence, Residential",1938,2,2,4400.0,sqft,"Hot Water, Natural Gas","Window A/C, Wall Unit(s)",unknown,149000.0,2,1.0,False,20.828905419766205,hard,0,-1,-15,-1138.0,equal,similar,hard_equal
11270046,11511868,15212,2021/9/1,250261.0169,18.38983051,"Single Family Residence, Residential",1938,2,4,5201.0,sqft,Natural Gas,Central Air,unknown,259900.0,15212,2021/9/1,216350.0,33.5,"Single Family Residence, Residential",1920,3,3,4800.0,sqft,Natural Gas,Central Air,unknown,210000.0,2,1.0,False,19.199692189303576,hard,1,-1,18,401.0,p1_slight,p1_slight,hard_p1_slight
11395352,11604141,15212,2021/9/1,127222.2222,67.44444444,"Single Family Residence, Residential",1875,2,3,3798.0,sqft,"Hot Water, Natural Gas",Window A/C,unknown,182000.0,15212,2021/9/1,109883.0508,39.98305085,"Single Family Residence, Residential",1910,1,3,3097.0,sqft,"Forced Air, Natural Gas",Central Air,unknown,137000.0,2,1.0,False,24.725274725274726,hard,0,1,-35,701.0,equal,p2_newer,hard_equal
11510946,11512010,15212,2021/9/1,207844.8276,31.10344828,"Single Family Residence, Residential",1900,2,2,9099.0,sqft,"Forced Air, Natural Gas",Central Air,unknown,231000.0,15212,2021/9/1,209910.4545,22.72727273,"Single Family Residence, Residential",1900,2,4,2069.0,sqft,"Forced Air, Natural Gas",Central Air,unknown,185000.0,2,1.0,False,19.913419913419915,hard,-2,0,0,7030.0,p2_more,similar,hard_p2_more
11268118,11387360,15212,2022/1/1,449698.5507,30.33333333,"Single Family Residence, Residential",1957,3,5,0.05,Acres,"Natural Gas, Heat Pump",Central Air,unknown,575000.0,15212,2022/1/1,422983.3333,14.875,"Single Family Residence, Residential",1999,3,4,0.33,Acres,"Forced Air, Natural Gas",Central Air,unknown,430000.0,2,1.0,False,25.217391304347824,medium,1,0,-42,-0.28,p1_slight,p2_newer,medium_p1_slight
11388802,11394344,15212,2022/2/1,237502.0833,20.3125,"Single Family Residence, Residential",1900,4,5,1680.0,sqft,Natural Gas,Central Air,Open Parking,244900.0,15212,2022/2/1,205854.1667,20.9375,"Single Family Residence, Residential",1926,2,4,1720.0,sqft,Natural Gas,"Central Air, Electric",Open Parking,299000.0,1,2.0,False,18.093645484949832,hard,1,2,-26,-40.0,p1_slight,p2_newer,hard_p1_slight
11498572,11610421,15212,2022/2/1,188167.5676,26.5,"Single Family Residence, Residential",1901,2,4,2626.0,sqft,Natural Gas,"Central Air, Wall Unit(s)",Open Parking,210410.0,15212,2022/2/1,149086.6667,22.2,"Single Family Residence, Residential",1955,1,4,6952.0,sqft,"Forced Air, Natural Gas",Central Air,Attached Garage,149900.0,2,1.0,False,28.75813887172663,medium,0,1,-54,-4326.0,equal,p2_newer,medium_equal
11268168,11605566,15212,2022/5/1,217337.6812,26.08695652,"Single Family Residence, Residential",1926,3,4,0.54,Acres,"Natural Gas, Baseboard",Central Air,unknown,320000.0,15212,2022/5/1,218469.2308,13.92307692,"Single Family Residence, Residential",1916,2,4,7200.0,sqft,"Forced Air, Natural Gas","Central Air, Electric",unknown,420000.0,1,2.0,False,23.809523809523807,hard,0,1,10,-7199.46,equal,p1_slight,hard_equal
11394762,11606127,15212,2022/5/1,138341.2727,67.36363636,"Townhouse, Residential",1900,2,3,1598.0,sqft,Natural Gas,Central Air,unknown,235000.0,15212,2022/5/1,125361.5385,25.66666667,"Single Family Residence, Residential",1902,1,3,5959.0,sqft,"Forced Air, Natural Gas",Central Air,unknown,120000.0,2,1.0,False,48.93617021276596,easy,0,1,-2,-4361.0,equal,similar,easy_equal
11388160,11510916,15212,2022/6/1,195306.4516,29.16129032,"Single Family Residence, Residential",1942,1,2,4369.0,sqft,Natural Gas,Central Air,unknown,270000.0,15212,2022/6/1,152988.6364,36.06818182,"Single Family Residence, Residential",1930,2,3,0.5,Acres,"Forced Air, Natural Gas",Central Air,unknown,207000.0,2,1.0,False,23.333333333333332,hard,-1,-1,12,4368.5,p2_more,p1_slight,hard_p2_more
11388160,11611332,15212,2022/6/1,195306.4516,29.16129032,"Single Family Residence, Residential",1942,1,2,4369.0,sqft,Natural Gas,Central Air,unknown,270000.0,15212,2022/6/1,163615.3846,21.61538462,"Single Family Residence, Residential",1905,1,2,7226.0,sqft,"Forced Air, Natural Gas",Central Air,unknown,150000.0,2,1.0,False,44.44444444444444,easy,0,0,37,-2857.0,equal,p1_much,easy_equal
11388290,11389062,15212,2022/6/1,440320.0,19.04444444,"Single Family Residence, Residential",1872,3,3,640.33,sqft,Natural Gas,Central Air,unknown,367500.0,15212,2022/6/1,389920.0,15.7,"Single Family Residence, Residential",1993,2,3,1537.0,sqft,Natural Gas,Central Air,unknown,475000.0,1,2.0,False,22.63157894736842,hard,0,1,-121,-896.67,equal,p2_newer,hard_equal
11389062,11603770,15212,2022/6/1,389920.0,15.7,"Single Family Residence, Residential",1993,2,3,1537.0,sqft,Natural Gas,Central Air,unknown,475000.0,15212,2022/6/1,349479.4872,14.8974359,"Single Family Residence, Residential",1930,2,6,5915.0,sqft,"Forced Air, Natural Gas","Central Air, Electric",unknown,385000.0,2,1.0,False,18.947368421052634,hard,-3,0,63,-4378.0,p2_more,p1_much,hard_p2_more
11603774,11611337,15212,2022/6/1,301166.6667,18.33333333,"Single Family Residence, Residential",1930,2,5,5083.0,sqft,"Forced Air, Natural Gas","Central Air, Electric",unknown,376000.0,15212,2022/6/1,289969.2308,16.0,"Single Family Residence, Residential",1978,2,3,6847.0,sqft,Natural Gas,Central Air,unknown,287062.0,2,1.0,False,23.65372340425532,hard,2,0,-48,-1764.0,p1_much,p2_newer,hard_p1_much
11402696,11403045,15213,2020/3/1,179205.9,41.6,SingleFamily,1900,2,4,2665.0,sqft,Other,Central,unknown,178000.0,15213,2020/3/1,239038.7692,22.38461538,SingleFamily,1900,1,3,1880.0,sqft,"Other, Forced air, Gas",Central,unknown,269900.0,1,2.0,False,34.049648017784364,medium,1,1,0,785.0,p1_slight,similar,medium_p1_slight
11402696,11419891,15213,2020/3/1,179205.9,41.6,SingleFamily,1900,2,4,2665.0,sqft,Other,Central,unknown,178000.0,15213,2020/3/1,219650.7273,20.45454545,Townhouse,1980,2,3,1341.0,sqft,"Forced air, Gas",Central,unknown,230000.0,1,2.0,False,22.608695652173914,hard,1,0,-80,1324.0,p1_slight,p2_newer,hard_p1_slight
11402753,11420042,15213,2022/4/1,235127.0936,36.10837438,"Single Family Residence, Residential",1900,2,3,1892.0,sqft,"Forced Air, Natural Gas","Central Air, Electric",Open Parking,283000.0,15213,2022/4/1,195273.1034,28.86896552,"Single Family Residence, Residential",1890,2,4,2230.0,sqft,"Forced Air, Natural Gas",Window A/C,Open Parking,195000.0,2,1.0,False,31.09540636042403,medium,-1,0,10,-338.0,p2_more,p1_slight,medium_p2_more
11412427,11420042,15213,2022/4/1,222033.3333,22.85185185,"Single Family Residence, Residential",1900,2,3,975.74,sqft,"Forced Air, Natural Gas",Other,Open Parking,255000.0,15213,2022/4/1,195273.1034,28.86896552,"Single Family Residence, Residential",1890,2,4,2230.0,sqft,"Forced Air, Natural Gas",Window A/C,Open Parking,195000.0,2,1.0,False,23.52941176470588,hard,-1,0,10,-1254.26,p2_more,p1_slight,hard_p2_more
11270997,11609780,15214,2019/12/1,137184.3333,32.22222222,SingleFamily,1925,2,3,4944.0,sqft,"Other, Gas",Central,unknown,140000.0,15214,2019/12/1,183075.8824,31.17647059,SingleFamily,1936,2,2,0.78,Acres,"Other, Gas",Central,unknown,197900.0,1,2.0,False,29.25720060636685,medium,1,0,-11,4943.22,p1_slight,similar,medium_p1_slight
11326606,11328476,15214,2019/9/1,189386.2692,24.76923077,SingleFamily,1960,2,3,7177.0,sqft,"Baseboard, Gas",Central,Garage - Attached,220000.0,15214,2019/9/1,146736.5385,27.61538462,SingleFamily,1950,2,4,5501.0,sqft,"Forced air, Gas",Central,Garage - Attached,150500.0,2,1.0,False,31.590909090909093,medium,-1,0,10,1676.0,p2_more,p1_slight,medium_p2_more
11327261,11505720,15214,2020/11/1,238914.4615,16.76923077,"Single Family Residence, Residential",1970,3,3,5871.0,sqft,Natural Gas,Central Air,unknown,273000.0,15214,2020/11/1,198494.8,51.3,"Single Family Residence, Residential",1910,3,4,3463.0,sqft,Natural Gas,Central Air,unknown,225500.0,2,1.0,False,17.399267399267398,hard,-1,0,60,2408.0,p2_more,p1_much,hard_p2_more
11327593,11387482,15214,2021/2/1,128145.5556,29.88888889,"Single Family Residence, Residential",1930,2,3,4639.0,sqft,Natural Gas,"Central Air, Wall Unit(s)",unknown,117000.0,15214,2021/2/1,145938.0,38.42857143,"Single Family Residence, Residential",1890,2,3,1300.0,sqft,"Forced Air, Natural Gas",Central Air,unknown,161000.0,1,2.0,False,27.32919254658385,medium,0,0,40,3339.0,equal,p1_much,medium_equal
11327549,11506206,15214,2021/5/1,225047.9091,19.09090909,"Single Family Residence, Residential",1960,2,3,0.25,Acres,"Forced Air, Natural Gas",Central Air,unknown,265000.0,15214,2021/5/1,225848.0,16.0,"Single Family Residence, Residential",2008,2,3,3702.0,sqft,"Forced Air, Natural Gas",Central Air,unknown,220000.0,2,1.0,False,16.9811320754717,hard,0,0,-48,-3701.75,equal,p2_newer,hard_equal
11328292,11328527,15214,2021/6/1,186816.7273,18.18181818,"Single Family Residence, Residential",1920,1,3,3998.0,sqft,"Forced Air, Natural Gas",Central Air,unknown,172500.0,15214,2021/6/1,213648.3182,11.59090909,"Townhouse, Residential",1994,3,3,3685.0,sqft,"Forced Air, Natural Gas",Central Air,unknown,220000.0,1,2.0,False,21.59090909090909,hard,0,-2,-74,313.0,equal,p2_newer,hard_equal
11271251,11326736,15214,2021/7/1,220763.8696,11.39130435,"Single Family Residence, Residential",1960,2,3,6329.0,sqft,"Forced Air, Natural Gas",Central Air,unknown,230000.0,15214,2021/7/1,205816.3913,17.65217391,"Single Family Residence, Residential",1958,2,3,6385.0,sqft,"Forced Air, Natural Gas",Central Air,unknown,190000.0,2,1.0,False,17.391304347826086,hard,0,0,2,-56.0,equal,p1_slight,hard_equal
11327749,11505810,15214,2021/7/1,202537.3636,15.72727273,"Single Family Residence, Residential",1940,1,3,5800.0,sqft,"Hot Water, Natural Gas",Window A/C,unknown,226000.0,15214,2021/7/1,148300.0,53.0,"Single Family Residence, Residential",1900,1,4,3140.0,sqft,Natural Gas,Window A/C,unknown,140000.0,2,1.0,False,38.05309734513274,medium,-1,0,40,2660.0,p2_more,p1_much,medium_p2_more
11328093,11328483,15214,2021/7/1,194192.7826,32.26086957,"Single Family Residence, Residential",1957,2,3,10301.0,sqft,"Forced Air, Natural Gas",Central Air,unknown,136000.0,15214,2021/7/1,206209.9565,20.43478261,"Single Family Residence, Residential",1946,2,3,0.34,Acres,"Forced Air, Natural Gas","Central Air, Electric",unknown,181000.0,1,2.0,False,24.861878453038674,hard,0,0,11,10300.66,equal,p1_slight,hard_equal
11328093,11328542,15214,2021/7/1,194192.7826,32.26086957,"Single Family Residence, Residential",1957,2,3,10301.0,sqft,"Forced Air, Natural Gas",Central Air,unknown,136000.0,15214,2021/7/1,234872.0909,17.27272727,"Townhouse, Residential",1994,4,3,3963.0,sqft,"Forced Air, Natural Gas",Central Air,unknown,205000.0,1,2.0,False,33.65853658536586,medium,0,-2,-37,6338.0,equal,p2_newer,medium_equal
11270368,11387422,15214,2021/9/1,246782.3478,14.69565217,"Single Family Residence, Residential",1977,2,3,10040.0,sqft,"Forced Air, Natural Gas",Central Air,unknown,224900.0,15214,2021/9/1,225098.3051,17.59322034,"Single Family Residence, Residential",1992,2,3,3079.0,sqft,"Forced Air, Natural Gas",Central Air,unknown,162000.0,2,1.0,False,27.96798577145398,medium,0,0,-15,6961.0,equal,similar,medium_equal
11270730,11328158,15214,2021/9/1,270538.9831,14.0,"Single Family Residence, Residential",1910,2,3,5702.0,sqft,"Forced Air, Natural Gas",Central Air,Open Parking,325000.0,15214,2021/9/1,240600.0,23.0,"Single Family Residence, Residential",1968,3,3,7357.0,sqft,Natural Gas,Central Air,Attached Garage,220250.0,2,1.0,False,32.230769230769226,medium,0,-1,-58,-1655.0,equal,p2_newer,medium_equal
11328158,11609831,15214,2021/9/1,240600.0,23.0,"Single Family Residence, Residential",1968,3,3,7357.0,sqft,Natural Gas,Central Air,Attached Garage,220250.0,15214,2021/9/1,267630.5085,32.03389831,"Single Family Residence, Residential",1920,4,4,3998.0,sqft,"Forced Air, Natural Gas",Central Air,Off Street,432500.0,1,2.0,False,49.07514450867052,easy,-1,-1,48,3359.0,p2_more,p1_much,easy_p2_more
11326632,11327842,15214,2022/5/1,214220.0,17.15,"Single Family Residence, Residential",1972,2,2,0.52,Acres,"Forced Air, Natural Gas","Central Air, Electric",Attached Garage,211500.0,15214,2022/5/1,182220.0,26.3,"Single Family Residence, Residential",1950,2,3,8481.0,sqft,"Forced Air, Natural Gas",Window A/C,Attached Garage,110000.0,2,1.0,False,47.99054373522459,easy,-1,0,22,-8480.48,p2_more,p1_much,easy_p2_more
11327582,11328235,15214,2022/6/1,176995.122,15.63414634,"Single Family Residence, Residential",1928,2,2,0.3,Acres,"Forced Air, Natural Gas",Window A/C,unknown,200000.0,15214,2022/6/1,151353.1646,23.12658228,"Single Family Residence, Residential",1955,2,3,5100.0,sqft,"Forced Air, Natural Gas",Central Air,unknown,125000.0,2,1.0,False,37.5,medium,-1,0,-27,-5099.7,p2_more,p2_newer,medium_p2_more
11270554,59836704,15214,2022/7/1,257419.7531,16.13580247,"Single Family Residence, Residential",1945,3,3,3049.0,sqft,"Forced Air, Natural Gas",Central Air,unknown,310000.0,15214,2022/7/1,259992.5,15.2875,"Single Family Residence, Residential",1920,3,4,7592.0,sqft,"Radiant, Natural Gas",Window A/C,unknown,250000.0,2,1.0,False,19.35483870967742,hard,-1,0,25,-4543.0,p2_more,p1_much,hard_p2_more
11336387,11373876,15215,2020/1/1,375243.0,18.6,"Single Family Residence, Residential",1964,3,4,0.46,Acres,Natural Gas,Central Air,unknown,260000.0,15215,2020/1/1,403243.9231,15.38461538,SingleFamily,1972,3,4,0.39,Acres,Other,Central,unknown,465000.0,1,2.0,False,44.086021505376344,easy,0,0,-8,0.07,equal,similar,easy_equal
11333716,11334366,15215,2020/8/1,180427.3333,17.55555556,SingleFamily,1967,2,3,0.29,Acres,Other,Central,unknown,230000.0,15215,2020/8/1,141202.2,34.8,"Single Family Residence, Residential",1910,3,4,2366.0,sqft,"Forced Air, Natural Gas",Central Air,unknown,172900.0,2,1.0,False,24.82608695652174,hard,-1,-1,57,-2365.71,p2_more,p1_much,hard_p2_more
11333716,11373753,15215,2020/8/1,180427.3333,17.55555556,SingleFamily,1967,2,3,0.29,Acres,Other,Central,unknown,230000.0,15215,2020/8/1,156153.0,25.5,"Single Family Residence, Residential",1900,2,3,0.34,Acres,Natural Gas,"Attic Fan, Central Air",unknown,177000.0,2,1.0,False,23.043478260869566,hard,0,0,67,-0.050000000000000044,equal,p1_much,hard_equal
11333441,11334982,15215,2020/9/1,121274.5,42.5,"Single Family Residence, Residential",1900,2,4,6377.0,sqft,Natural Gas,"Central Air, Electric",unknown,148000.0,15215,2020/9/1,161490.0,29.0,SingleFamily,1917,2,2,5760.0,sqft,"Forced air, Gas",Central,unknown,290000.0,1,2.0,False,48.96551724137931,easy,2,0,-17,617.0,p1_much,similar,easy_p1_much
11333846,11411447,15215,2021/1/1,224733.0,20.0,"Single Family Residence, Residential",1967,2,3,9400.0,sqft,"Forced Air, Natural Gas",Central Air,unknown,265000.0,15215,2021/1/1,250888.0,19.0,"Single Family Residence, Residential",1950,3,4,1.1,Acres,"Forced Air, Natural Gas",Central Air,unknown,190000.0,2,1.0,False,28.30188679245283,medium,-1,-1,17,9398.9,p2_more,p1_slight,medium_p2_more
11336151,11373711,15215,2021/11/1,646925.4237,12.11864407,"Single Family Residence, Residential",1980,3,4,8489.0,sqft,Natural Gas,Central Air,unknown,711000.0,15215,2021/11/1,581632.2034,11.18644068,"Single Family Residence, Residential",1994,4,3,0.54,Acres,"Forced Air, Natural Gas",Central Air,unknown,589000.0,2,1.0,False,17.158931082981717,hard,1,-1,-14,8488.46,p1_slight,similar,hard_p1_slight
11374176,11374347,15215,2021/2/1,812444.3077,14.23076923,"Single Family Residence, Residential",1985,5,4,1.05,Acres,"Forced Air, Natural Gas",Central Air,unknown,725000.0,15215,2021/2/1,703390.2,21.2,"Single Family Residence, Residential",1971,4,5,1.98,Acres,"Forced Air, Natural Gas",Central Air,unknown,600000.0,2,1.0,False,17.24137931034483,hard,-1,1,14,-0.9299999999999999,p2_more,p1_slight,hard_p2_more
11336025,11374378,15215,2021/6/1,1112911.909,14.45454545,"Single Family Residence, Residential",1928,7,4,0.41,Acres,"Forced Air, Natural Gas",Central Air,unknown,1095000.0,15215,2021/6/1,907215.0,30.54545455,"Single Family Residence, Residential",1953,5,4,1.47,Acres,"Forced Air, Natural Gas",Central Air,unknown,904000.0,2,1.0,False,17.442922374429223,hard,0,2,-25,-1.06,equal,p2_newer,hard_equal
11336035,11374378,15215,2021/6/1,860190.6667,16.83333333,"Single Family Residence, Residential",1950,6,4,1.02,Acres,"Forced Air, Natural Gas",Central Air,unknown,1250000.0,15215,2021/6/1,907215.0,30.54545455,"Single Family Residence, Residential",1953,5,4,1.47,Acres,"Forced Air, Natural Gas",Central Air,unknown,904000.0,2,1.0,False,27.68,medium,0,1,-3,-0.44999999999999996,equal,similar,medium_equal
11336133,11336177,15215,2022/1/1,542460.0,10.0,SingleFamily,1963,3,4,0.5,Acres,Other,Central,unknown,480000.0,15215,2022/1/1,516252.8571,10.77142857,"Single Family Residence, Residential",1944,2,3,9043.0,sqft,Natural Gas,Central Air,unknown,670500.0,1,2.0,False,28.41163310961969,medium,1,1,19,-9042.5,p1_slight,p1_slight,medium_p1_slight
11446140,11446155,15216,2019/11/1,128111.5,20.0,SingleFamily,1925,2,3,3301.0,sqft,"Forced air, Gas",Central,unknown,170000.0,15216,2019/11/1,142025.6842,18.42105263,SingleFamily,1944,2,3,4400.0,sqft,Other,Central,unknown,140000.0,2,1.0,False,17.647058823529413,hard,0,0,-19,-1099.0,equal,similar,hard_equal
11311159,11655751,15216,2019/12/1,168752.6154,17.38461538,"Single Family Residence, Residential",1920,2,3,6969.0,sqft,"Forced Air, Natural Gas","Central Air, Electric",unknown,158000.0,15216,2019/12/1,186014.1765,20.05882353,"Single Family Residence, Residential",1900,3,4,3600.0,sqft,"Forced Air, Natural Gas",Central Air,unknown,115000.0,2,1.0,False,27.21518987341772,medium,-1,-1,20,3369.0,p2_more,p1_slight,medium_p2_more
11311159,59836087,15216,2019/12/1,168752.6154,17.38461538,"Single Family Residence, Residential",1920,2,3,6969.0,sqft,"Forced Air, Natural Gas","Central Air, Electric",unknown,158000.0,15216,2019/12/1,182363.6,14.2,Townhouse,1975,3,3,588.0,sqft,Other,Central,unknown,223000.0,1,2.0,False,29.14798206278027,medium,0,-1,-55,6381.0,equal,p2_newer,medium_equal
11446234,11655304,15216,2019/12/1,200612.0,12.14285714,SingleFamily,1950,2,3,4851.0,sqft,"Forced air, Gas",Central,unknown,220000.0,15216,2019/12/1,184588.0769,16.46153846,SingleFamily,1927,2,5,3484.0,sqft,Other,Central,unknown,167000.0,2,1.0,False,24.09090909090909,hard,-2,0,23,1367.0,p2_more,p1_much,hard_p2_more
11446234,11655751,15216,2019/12/1,200612.0,12.14285714,SingleFamily,1950,2,3,4851.0,sqft,"Forced air, Gas",Central,unknown,220000.0,15216,2019/12/1,186014.1765,20.05882353,"Single Family Residence, Residential",1900,3,4,3600.0,sqft,"Forced Air, Natural Gas",Central Air,unknown,115000.0,2,1.0,False,47.72727272727273,easy,-1,-1,50,1251.0,p2_more,p1_much,easy_p2_more
11566041,11655751,15216,2019/12/1,196217.7,25.3,"Single Family Residence, Residential",1920,2,4,3850.0,sqft,"Hot Water, Natural Gas","Window A/C, Wall Unit(s)",unknown,199900.0,15216,2019/12/1,186014.1765,20.05882353,"Single Family Residence, Residential",1900,3,4,3600.0,sqft,"Forced Air, Natural Gas",Central Air,unknown,115000.0,2,1.0,False,42.47123561780891,easy,0,-1,20,250.0,equal,p1_slight,easy_equal
11655160,11655751,15216,2019/12/1,212367.7,19.3,SingleFamily,1910,2,4,1855.0,sqft,Other,Central,unknown,227500.0,15216,2019/12/1,186014.1765,20.05882353,"Single Family Residence, Residential",1900,3,4,3600.0,sqft,"Forced Air, Natural Gas",Central Air,unknown,115000.0,2,1.0,False,49.45054945054945,easy,0,-1,10,-1745.0,equal,p1_slight,easy_equal
11655304,11655751,15216,2019/12/1,184588.0769,16.46153846,SingleFamily,1927,2,5,3484.0,sqft,Other,Central,unknown,167000.0,15216,2019/12/1,186014.1765,20.05882353,"Single Family Residence, Residential",1900,3,4,3600.0,sqft,"Forced Air, Natural Gas",Central Air,unknown,115000.0,2,1.0,False,31.137724550898206,medium,1,-1,27,-116.0,p1_slight,p1_much,medium_p1_slight
11655304,59836087,15216,2019/12/1,184588.0769,16.46153846,SingleFamily,1927,2,5,3484.0,sqft,Other,Central,unknown,167000.0,15216,2019/12/1,182363.6,14.2,Townhouse,1975,3,3,588.0,sqft,Other,Central,unknown,223000.0,1,2.0,False,25.112107623318387,medium,2,-1,-48,2896.0,p1_much,p2_newer,medium_p1_much
11655368,11655751,15216,2019/12/1,185959.8235,12.82352941,SingleFamily,1920,1,4,3598.0,sqft,"Other, Gas",Central,unknown,191000.0,15216,2019/12/1,186014.1765,20.05882353,"Single Family Residence, Residential",1900,3,4,3600.0,sqft,"Forced Air, Natural Gas",Central Air,unknown,115000.0,2,1.0,False,39.79057591623037,medium,0,-2,20,-2.0,equal,p1_slight,medium_equal
11655751,59836087,15216,2019/12/1,186014.1765,20.05882353,"Single Family Residence, Residential",1900,3,4,3600.0,sqft,"Forced Air, Natural Gas",Central Air,unknown,115000.0,15216,2019/12/1,182363.6,14.2,Townhouse,1975,3,3,588.0,sqft,Other,Central,unknown,223000.0,1,2.0,False,48.4304932735426,easy,1,0,-75,3012.0,p1_slight,p2_newer,easy_p1_slight
11655674,11656858,15216,2019/8/1,200097.9286,31.35714286,SingleFamily,1925,2,4,5797.0,sqft,"Other, Gas",Wall,unknown,208000.0,15216,2019/8/1,179066.3125,10.0,SingleFamily,1927,2,3,3301.0,sqft,"Other, Gas",Central,unknown,158500.0,2,1.0,False,23.798076923076923,hard,1,0,-2,2496.0,p1_slight,similar,hard_p1_slight
11571222,11655800,15216,2020/1/1,205778.0769,30.69230769,SingleFamily,1910,2,5,3497.0,sqft,Other,Central,unknown,285000.0,15216,2020/1/1,167534.2,19.1,"Single Family Residence, Residential",1920,2,3,2800.0,sqft,"Forced Air, Natural Gas","Central Air, Electric",unknown,172500.0,2,1.0,False,39.473684210526315,medium,2,0,-10,697.0,p1_much,similar,medium_p1_much
11658605,11658708,15216,2020/10/1,422016.1429,15.14285714,"Single Family Residence, Residential",1940,3,3,6250.0,sqft,Natural Gas,Central Air,unknown,511000.0,15216,2020/10/1,406224.0667,11.86666667,"Single Family Residence, Residential",1928,2,4,8100.0,sqft,"Hot Water, Natural Gas",Wall Unit(s),unknown,367000.0,2,1.0,False,28.180039138943247,medium,-1,1,12,-1850.0,p2_more,p1_slight,medium_p2_more
11335582,11446252,15216,2020/11/1,145702.0,35.0,"Single Family Residence, Residential",1920,2,3,3449.0,sqft,"Forced Air, Natural Gas",Central Air,unknown,191000.0,15216,2020/11/1,132486.8,28.0,"Single Family Residence, Residential",1953,1,4,4025.0,sqft,"Forced Air, Natural Gas",Central Air,unknown,150000.0,2,1.0,False,21.465968586387437,hard,-1,1,-33,-576.0,p2_more,p2_newer,hard_p2_more
11571211,11655035,15216,2020/11/1,218618.4286,30.71428571,"Single Family Residence, Residential",1900,3,5,4440.0,sqft,"Forced Air, Natural Gas",Central Air,unknown,170000.0,15216,2020/11/1,263183.3077,20.38461538,Residential,1930,2,4,4399.0,sqft,"Forced Air, Natural Gas","Central Air, Electric",unknown,307000.0,1,2.0,False,44.62540716612378,easy,1,1,-30,41.0,p1_slight,p2_newer,easy_p1_slight
11571211,11655680,15216,2020/11/1,218618.4286,30.71428571,"Single Family Residence, Residential",1900,3,5,4440.0,sqft,"Forced Air, Natural Gas",Central Air,unknown,170000.0,15216,2020/11/1,232551.3846,26.0,"Single Family Residence, Residential",1930,2,4,3850.0,sqft,"Hot Water, Natural Gas",Window A/C,unknown,250000.0,1,2.0,False,32.0,medium,1,1,-30,590.0,p1_slight,p2_newer,medium_p1_slight
11571211,11656167,15216,2020/11/1,218618.4286,30.71428571,"Single Family Residence, Residential",1900,3,5,4440.0,sqft,"Forced Air, Natural Gas",Central Air,unknown,170000.0,15216,2020/11/1,252463.0,18.46153846,"Single Family Residence, Residential",1930,3,3,3108.0,sqft,"Forced Air, Natural Gas",Central Air,unknown,255000.0,1,2.0,False,33.33333333333333,medium,2,0,-30,1332.0,p1_much,p2_newer,medium_p1_much
11652452,11654828,15216,2020/11/1,159151.8,28.4,"Single Family Residence, Residential",1920,1,3,2250.0,sqft,"Forced Air, Natural Gas","Central Air, Electric",unknown,207000.0,15216,2020/11/1,160064.6364,33.63636364,"Single Family Residence, Residential",1918,1,4,3049.0,sqft,"Forced Air, Natural Gas",Window A/C,unknown,162000.0,2,1.0,False,21.73913043478261,hard,-1,0,2,-799.0,p2_more,p1_slight,hard_p2_more
11655035,11656167,15216,2020/11/1,263183.3077,20.38461538,Residential,1930,2,4,4399.0,sqft,"Forced Air, Natural Gas","Central Air, Electric",unknown,307000.0,15216,2020/11/1,252463.0,18.46153846,"Single Family Residence, Residential",1930,3,3,3108.0,sqft,"Forced Air, Natural Gas",Central Air,unknown,255000.0,2,1.0,False,16.938110749185668,hard,1,-1,0,1291.0,p1_slight,similar,hard_p1_slight
11655035,11658641,15216,2020/11/1,263183.3077,20.38461538,Residential,1930,2,4,4399.0,sqft,"Forced Air, Natural Gas","Central Air, Electric",unknown,307000.0,15216,2020/11/1,311677.0,20.0,"Single Family Residence, Residential",1929,2,3,6120.0,sqft,"Forced Air, Natural Gas",Central Air,unknown,200000.0,2,1.0,False,34.85342019543974,medium,1,0,1,-1721.0,p1_slight,p1_slight,medium_p1_slight
11445824,11655707,15216,2020/12/1,125612.1111,56.44444444,"Single Family Residence, Residential",1954,1,3,4948.0,sqft,Natural Gas,Central Air,unknown,130000.0,15216,2020/12/1,169331.0,24.0,"Single Family Residence, Residential",1919,2,3,3598.0,sqft,"Forced Air, Natural Gas",Central Air,unknown,175000.0,1,2.0,False,25.71428571428571,medium,0,-1,35,1350.0,equal,p1_much,medium_equal
11439929,11656362,15216,2020/2/1,157853.0,27.0,SingleFamily,1911,2,3,9000.0,sqft,"Radiant, Other, Gas",unknown,unknown,152500.0,15216,2020/2/1,167192.0,17.0,SingleFamily,1930,2,3,5087.0,sqft,Other,unknown,unknown,219900.0,1,2.0,False,30.650295588904047,medium,0,0,-19,3913.0,equal,similar,medium_equal
11445386,11571213,15216,2020/2/1,148550.1944,35.0,SingleFamily,1927,2,5,5998.0,sqft,"Forced air, Gas",Central,unknown,190000.0,15216,2020/2/1,141698.2,40.2,"Single Family Residence, Residential",1910,3,5,3400.0,sqft,"Forced Air, Natural Gas",Central Air,unknown,107500.0,2,1.0,False,43.42105263157895,easy,0,-1,17,2598.0,equal,p1_slight,easy_equal
11565669,11571213,15216,2020/2/1,135319.0,17.63636364,SingleFamily,1959,2,3,3075.0,sqft,Other,Central,unknown,135000.0,15216,2020/2/1,141698.2,40.2,"Single Family Residence, Residential",1910,3,5,3400.0,sqft,"Forced Air, Natural Gas",Central Air,unknown,107500.0,2,1.0,False,20.37037037037037,hard,-2,-1,49,-325.0,p2_more,p1_much,hard_p2_more
11570299,11571213,15216,2020/2/1,142514.0,19.0,"Single Family Residence, Residential",1958,2,3,5209.0,sqft,"Forced Air, Natural Gas",Central Air,unknown,195000.0,15216,2020/2/1,141698.2,40.2,"Single Family Residence, Residential",1910,3,5,3400.0,sqft,"Forced Air, Natural Gas",Central Air,unknown,107500.0,2,1.0,False,44.871794871794876,easy,-2,-1,48,1809.0,p2_more,p1_much,easy_p2_more
11571213,11655066,15216,2020/2/1,141698.2,40.2,"Single Family Residence, Residential",1910,3,5,3400.0,sqft,"Forced Air, Natural Gas",Central Air,unknown,107500.0,15216,2020/2/1,185798.3611,21.27777778,SingleFamily,1925,1,3,3432.0,sqft,Other,Central,unknown,140000.0,1,2.0,False,23.214285714285715,hard,2,2,-15,-32.0,p1_much,similar,hard_p1_much
11655981,11656079,15216,2020/2/1,231598.0,21.0,SingleFamily,1918,2,3,3001.0,sqft,Forced air,Other,unknown,220000.0,15216,2020/2/1,211612.0,18.66666667,"Single Family Residence, Residential",1921,2,4,5401.0,sqft,"Hot Water, Natural Gas",Central Air,unknown,155000.0,2,1.0,False,29.545454545454547,medium,-1,0,-3,-2400.0,p2_more,similar,medium_p2_more
11445158,11452782,15216,2020/3/1,146175.2571,20.34285714,SingleFamily,1931,2,3,2700.0,sqft,Other,Central,unknown,157000.0,15216,2020/3/1,127516.3391,17.69565217,SingleFamily,1920,1,3,6765.0,sqft,"Other, Gas",Other,unknown,129000.0,2,1.0,False,17.8343949044586,hard,0,1,11,-4065.0,equal,p1_slight,hard_equal
11658547,11658825,15216,2020/3/1,254837.0,26.54545455,"Single Family Residence, Residential",1930,3,4,8102.0,sqft,Natural Gas,Central Air,unknown,245000.0,15216,2020/3/1,333195.8889,28.22222222,SingleFamily,1939,3,3,7353.0,sqft,"Other, Forced air, Gas",Central,unknown,313850.0,1,2.0,False,21.937231161382826,hard,1,0,-9,749.0,p1_slight,similar,hard_p1_slight
11570697,11570824,15216,2020/4/1,199340.5556,15.88888889,SingleFamily,1910,2,3,3387.0,sqft,"Forced air, Gas",Central,unknown,229900.0,15216,2020/4/1,172798.0,21.0,SingleFamily,1960,2,3,5079.0,sqft,Other,Central,unknown,180000.0,2,1.0,False,21.705089169204,hard,0,0,-50,-1692.0,equal,p2_newer,hard_equal
11570697,11655005,15216,2020/4/1,199340.5556,15.88888889,SingleFamily,1910,2,3,3387.0,sqft,"Forced air, Gas",Central,unknown,229900.0,15216,2020/4/1,205727.4,20.4,SingleFamily,1920,2,4,3471.0,sqft,"Baseboard, Gas",Central,unknown,189000.0,2,1.0,False,17.7903436276642,hard,-1,0,-10,-84.0,p2_more,similar,hard_p2_more
11653147,11655005,15216,2020/4/1,205363.2,22.8,SingleFamily,1957,2,3,7401.0,sqft,"Forced air, Gas",Central,unknown,261505.0,15216,2020/4/1,205727.4,20.4,SingleFamily,1920,2,4,3471.0,sqft,"Baseboard, Gas",Central,unknown,189000.0,2,1.0,False,27.72604730311084,medium,-1,0,37,3930.0,p2_more,p1_much,medium_p2_more
11653147,11655702,15216,2020/4/1,205363.2,22.8,SingleFamily,1957,2,3,7401.0,sqft,"Forced air, Gas",Central,unknown,261505.0,15216,2020/4/1,207884.5,19.5,SingleFamily,1912,1,4,4400.0,sqft,"Forced air, Gas",Other,unknown,200000.0,2,1.0,False,23.519626775778665,hard,-1,1,45,3001.0,p2_more,p1_much,hard_p2_more
11335823,11655314,15216,2020/7/1,173674.5,18.0,SingleFamily,1920,2,5,6900.0,sqft,"Forced air, Gas",Central,unknown,172500.0,15216,2020/7/1,206483.6667,23.0,SingleFamily,1920,3,3,3598.0,sqft,"Other, Gas",Other,unknown,215250.0,1,2.0,False,19.860627177700348,hard,2,-1,0,3302.0,p1_much,similar,hard_p1_much
11335906,11571133,15216,2020/7/1,214149.8462,15.84615385,SingleFamily,1951,2,3,3449.0,sqft,Other,Central,unknown,220000.0,15216,2020/7/1,175889.9231,24.61538462,SingleFamily,1915,3,3,3497.0,sqft,"Other, Gas",Central,unknown,155000.0,2,1.0,False,29.545454545454547,medium,0,-1,36,-48.0,equal,p1_much,medium_equal
11335962,11445791,15216,2020/7/1,134529.6667,27.66666667,SingleFamily,1947,2,3,3001.0,sqft,"Forced air, Gas","Other, Central",unknown,164900.0,15216,2020/7/1,131120.6,19.6,SingleFamily,1955,1,2,5000.0,sqft,"Forced air, Gas",Central,unknown,124500.0,2,1.0,False,24.499696785930865,hard,1,1,-8,-1999.0,p1_slight,similar,hard_p1_slight
11335962,11565160,15216,2020/7/1,134529.6667,27.66666667,SingleFamily,1947,2,3,3001.0,sqft,"Forced air, Gas","Other, Central",unknown,164900.0,15216,2020/7/1,134809.8,37.2,SingleFamily,1890,1,4,3301.0,sqft,Other,Central,unknown,136000.0,2,1.0,False,17.525773195876287,hard,-1,1,57,-300.0,p2_more,p1_much,hard_p2_more
11445777,11565223,15216,2020/7/1,135298.2,45.6,"Single Family Residence, Residential",1925,2,4,3105.0,sqft,"Hot Water, Natural Gas",Wall Unit(s),Open Parking,171135.0,15216,2020/7/1,142788.3333,29.55555556,SingleFamily,1925,1,4,3301.0,sqft,"Baseboard, Gas, Other, Forced air, Electric",Central,Off-street,220000.0,1,2.0,False,22.211363636363636,hard,0,1,0,-196.0,equal,similar,hard_equal
11446161,11453223,15216,2020/7/1,131865.2222,24.77777778,SingleFamily,1927,1,6,3441.0,sqft,Other,Central,unknown,182000.0,15216,2020/7/1,157719.0,22.0,SingleFamily,1961,2,2,8202.0,sqft,"Other, Forced air, Gas",Central,unknown,151000.0,2,1.0,False,17.032967032967033,hard,4,-1,-34,-4761.0,p1_much,p2_newer,hard_p1_much
11446161,11453554,15216,2020/7/1,131865.2222,24.77777778,SingleFamily,1927,1,6,3441.0,sqft,Other,Central,unknown,182000.0,15216,2020/7/1,119080.0,42.0,SingleFamily,1951,2,3,3733.0,sqft,"Other, Forced air",Central,unknown,145000.0,2,1.0,False,20.32967032967033,hard,3,-1,-24,-292.0,p1_much,p2_newer,hard_p1_much
11446161,11565442,15216,2020/7/1,131865.2222,24.77777778,SingleFamily,1927,1,6,3441.0,sqft,Other,Central,unknown,182000.0,15216,2020/7/1,124739.0,33.33333333,SingleFamily,1950,2,3,3301.0,sqft,"Forced air, Gas",Central,unknown,133000.0,2,1.0,False,26.923076923076923,medium,3,-1,-23,140.0,p1_much,p2_newer,medium_p1_much
11565142,11566032,15216,2020/7/1,157658.6,16.4,SingleFamily,1900,2,3,5000.0,sqft,Other,unknown,unknown,203000.0,15216,2020/7/1,166407.3333,16.0,SingleFamily,1927,1,3,5535.0,sqft,Other,unknown,unknown,167500.0,2,1.0,False,17.48768472906404,hard,0,1,-27,-535.0,equal,p2_newer,hard_equal
11565142,11655018,15216,2020/7/1,157658.6,16.4,SingleFamily,1900,2,3,5000.0,sqft,Other,unknown,unknown,203000.0,15216,2020/7/1,182017.5,28.9,SingleFamily,1925,1,3,4948.0,sqft,Other,unknown,unknown,250000.0,1,2.0,False,18.8,hard,0,1,-25,52.0,equal,p2_newer,hard_equal
11565160,11571588,15216,2020/7/1,134809.8,37.2,SingleFamily,1890,1,4,3301.0,sqft,Other,Central,unknown,136000.0,15216,2020/7/1,169307.5,16.3,SingleFamily,1948,2,2,3001.0,sqft,Other,Central,unknown,175000.0,1,2.0,False,22.285714285714285,hard,2,-1,-58,300.0,p1_much,p2_newer,hard_p1_much
11566032,11655018,15216,2020/7/1,166407.3333,16.0,SingleFamily,1927,1,3,5535.0,sqft,Other,unknown,unknown,167500.0,15216,2020/7/1,182017.5,28.9,SingleFamily,1925,1,3,4948.0,sqft,Other,unknown,unknown,250000.0,1,2.0,False,33.0,medium,0,0,2,587.0,equal,p1_slight,medium_equal
11570696,11571305,15216,2020/7/1,220286.0,21.0,SingleFamily,1910,1,3,3510.0,sqft,Other,Central,unknown,237000.0,15216,2020/7/1,182866.25,19.125,"Single Family Residence, Residential",1920,2,4,3393.0,sqft,"Forced Air, Natural Gas",Other,unknown,195000.0,2,1.0,False,17.72151898734177,hard,-1,-1,-10,117.0,p2_more,similar,hard_p2_more
11570769,11571133,15216,2020/7/1,193090.8,19.2,SingleFamily,1900,2,4,3750.0,sqft,"Forced air, Gas",Central,unknown,226500.0,15216,2020/7/1,175889.9231,24.61538462,SingleFamily,1915,3,3,3497.0,sqft,"Other, Gas",Central,unknown,155000.0,2,1.0,False,31.567328918322296,medium,1,-1,-15,253.0,p1_slight,similar,medium_p1_slight
11570769,11652601,15216,2020/7/1,193090.8,19.2,SingleFamily,1900,2,4,3750.0,sqft,"Forced air, Gas",Central,unknown,226500.0,15216,2020/7/1,169469.0,14.0,SingleFamily,1950,2,3,3001.0,sqft,"Other, Gas",Central,unknown,167000.0,2,1.0,False,26.269315673289185,medium,1,0,-50,749.0,p1_slight,p2_newer,medium_p1_slight
11570769,11655316,15216,2020/7/1,193090.8,19.2,SingleFamily,1900,2,4,3750.0,sqft,"Forced air, Gas",Central,unknown,226500.0,15216,2020/7/1,170512.8889,23.66666667,SingleFamily,1928,1,3,3598.0,sqft,"Other, Forced air, Gas",Central,unknown,180000.0,2,1.0,False,20.52980132450331,hard,1,1,-28,152.0,p1_slight,p2_newer,hard_p1_slight
11571133,11655608,15216,2020/7/1,175889.9231,24.61538462,SingleFamily,1915,3,3,3497.0,sqft,"Other, Gas",Central,unknown,155000.0,15216,2020/7/1,190030.5,28.8,SingleFamily,1921,2,2,4620.0,sqft,"Forced air, Gas",Central,unknown,208000.0,1,2.0,False,25.48076923076923,medium,1,1,-6,-1123.0,p1_slight,similar,medium_p1_slight
11652601,11655608,15216,2020/7/1,169469.0,14.0,SingleFamily,1950,2,3,3001.0,sqft,"Other, Gas",Central,unknown,167000.0,15216,2020/7/1,190030.5,28.8,SingleFamily,1921,2,2,4620.0,sqft,"Forced air, Gas",Central,unknown,208000.0,1,2.0,False,19.71153846153846,hard,1,0,29,-1619.0,p1_slight,p1_much,hard_p1_slight
11453208,11571131,15216,2020/8/1,188319.6667,13.33333333,SingleFamily,1950,2,3,7080.0,sqft,"Gas, Heat pump",Central,unknown,178000.0,15216,2020/8/1,223572.0,22.0,SingleFamily,1918,2,4,3598.0,sqft,"Other, Gas",Other,unknown,235000.0,1,2.0,False,24.25531914893617,hard,-1,0,32,3482.0,p2_more,p1_much,hard_p2_more
11311152,11574365,15216,2020/9/1,244766.3333,36.44444444,"Single Family Residence, Residential",1880,4,4,6600.0,sqft,"Forced Air, Natural Gas",Central Air,unknown,275600.0,15216,2020/9/1,306255.8182,20.63636364,"Single Family Residence, Residential",1949,2,3,6351.0,sqft,"Forced Air, Natural Gas",Central Air,unknown,350000.0,1,2.0,False,21.257142857142856,hard,1,2,-69,249.0,p1_slight,p2_newer,hard_p1_slight
11311152,11656614,15216,2020/9/1,244766.3333,36.44444444,"Single Family Residence, Residential",1880,4,4,6600.0,sqft,"Forced Air, Natural Gas",Central Air,unknown,275600.0,15216,2020/9/1,329902.9091,26.72727273,SingleFamily,1920,4,3,9347.0,sqft,Other,Wall,unknown,345750.0,1,2.0,False,20.289226319595084,hard,1,0,-40,-2747.0,p1_slight,p2_newer,hard_p1_slight
11445134,11655201,15216,2020/9/1,141586.1,16.3,"Single Family Residence, Residential",1915,2,3,3001.0,sqft,Natural Gas,Central Air,unknown,125000.0,15216,2020/9/1,164475.6,20.8,"Single Family Residence, Residential",1908,1,3,3001.0,sqft,"Forced Air, Natural Gas","Central Air, Electric",unknown,201000.0,1,2.0,False,37.81094527363184,medium,0,1,7,0.0,equal,p1_slight,medium_equal
11570475,11655232,15216,2020/9/1,175083.6364,15.45454545,"Single Family Residence, Residential",1925,1,3,3201.0,sqft,"Forced Air, Natural Gas",Central Air,unknown,219000.0,15216,2020/9/1,199236.0,20.4,"Single Family Residence, Residential",1905,2,4,3001.0,sqft,"Forced Air, Natural Gas",Central Air,unknown,179990.0,2,1.0,False,17.812785388127853,hard,-1,-1,20,200.0,p2_more,p1_slight,hard_p2_more
11571199,11656209,15216,2020/9/1,252555.2727,19.09090909,"Single Family Residence, Residential",1910,2,4,3785.0,sqft,"Forced Air, Natural Gas",Central Air,unknown,292500.0,15216,2020/9/1,222929.3636,14.36363636,"Single Family Residence, Residential",1925,2,3,3301.0,sqft,"Forced Air, Natural Gas",Central Air,unknown,234900.0,2,1.0,False,19.692307692307693,hard,1,0,-15,484.0,p1_slight,similar,hard_p1_slight
11445677,11571694,15216,2021/10/1,189200.0,14.23728814,"Single Family Residence, Residential",1955,1,3,2652.0,sqft,"Forced Air, Natural Gas",Central Air,unknown,189900.0,15216,2021/10/1,158815.1818,22.36363636,"Single Family Residence, Residential",1900,2,3,2400.0,sqft,Natural Gas,"Window A/C, Wall Unit(s)",unknown,150000.0,2,1.0,False,21.011058451816748,hard,0,-1,55,252.0,equal,p1_much,hard_equal
11452939,11453036,15216,2021/10/1,168287.931,15.37931034,"Single Family Residence, Residential",1958,1,3,6804.0,sqft,"Forced Air, Natural Gas",Central Air,unknown,120000.0,15216,2021/10/1,171460.3448,12.15517241,"Single Family Residence, Residential",1958,2,2,8184.0,sqft,"Forced Air, Natural Gas","Central Air, Electric",unknown,170000.0,1,2.0,False,29.411764705882355,medium,1,-1,0,-1380.0,p1_slight,similar,medium_p1_slight
11452939,11571694,15216,2021/10/1,168287.931,15.37931034,"Single Family Residence, Residential",1958,1,3,6804.0,sqft,"Forced Air, Natural Gas",Central Air,unknown,120000.0,15216,2021/10/1,158815.1818,22.36363636,"Single Family Residence, Residential",1900,2,3,2400.0,sqft,Natural Gas,"Window A/C, Wall Unit(s)",unknown,150000.0,1,2.0,False,20.0,hard,0,-1,58,4404.0,equal,p1_much,hard_equal
11565584,11571513,15216,2021/10/1,205233.3333,18.66666667,"Single Family Residence, Residential",1925,3,3,4399.0,sqft,"Forced Air, Natural Gas",Central Air,unknown,177500.0,15216,2021/10/1,235792.2034,12.71186441,"Single Family Residence, Residential",1940,2,3,4400.0,sqft,"Forced Air, Natural Gas",Central Air,unknown,222500.0,1,2.0,False,20.224719101123593,hard,0,1,-15,-1.0,equal,similar,hard_equal
11571694,11655386,15216,2021/10/1,158815.1818,22.36363636,"Single Family Residence, Residential",1900,2,3,2400.0,sqft,Natural Gas,"Window A/C, Wall Unit(s)",unknown,150000.0,15216,2021/10/1,118856.4103,60.34615385,"Single Family Residence, Residential",1910,1,3,3625.0,sqft,Natural Gas,"Central Air, Electric",unknown,110000.0,2,1.0,False,26.666666666666668,medium,0,1,-10,-1225.0,equal,similar,medium_equal
11446054,11453531,15216,2021/12/1,147784.9315,16.35616438,"Single Family Residence, Residential",1958,1,2,3301.0,sqft,"Forced Air, Natural Gas","Central Air, Electric",unknown,140000.0,15216,2021/12/1,127232.0513,23.82051282,"Single Family Residence, Residential",1940,2,2,5741.0,sqft,"Forced Air, Natural Gas",Central Air,unknown,115000.0,2,1.0,False,17.857142857142858,hard,0,-1,18,-2440.0,equal,p1_slight,hard_equal
11446199,11453531,15216,2021/12/1,162300.0,31.6,"Single Family Residence, Residential",1920,2,3,3510.0,sqft,"Forced Air, Natural Gas","Central Air, Electric",unknown,172900.0,15216,2021/12/1,127232.0513,23.82051282,"Single Family Residence, Residential",1940,2,2,5741.0,sqft,"Forced Air, Natural Gas",Central Air,unknown,115000.0,2,1.0,False,33.48756506651244,medium,1,0,-20,-2231.0,p1_slight,p2_newer,medium_p1_slight
11571214,11655697,15216,2021/2/1,238243.1765,23.0,"Single Family Residence, Residential",1920,4,4,5218.0,sqft,"Forced Air, Natural Gas",Central Air,unknown,334000.0,15216,2021/2/1,290542.0,25.0,"Single Family Residence, Residential",1930,3,5,4068.0,sqft,"Forced Air, Natural Gas","Central Air, Electric",unknown,240700.0,2,1.0,False,27.934131736526947,medium,-1,1,-10,1150.0,p2_more,similar,medium_p2_more
11446166,11652509,15216,2021/3/1,133260.6923,54.30769231,"Single Family Residence, Residential",1953,1,3,7500.0,sqft,Natural Gas,Central Air,unknown,175000.0,15216,2021/3/1,175991.25,25.5,"Single Family Residence, Residential",1910,2,3,3319.0,sqft,"Forced Air, Natural Gas",Central Air,unknown,224000.0,1,2.0,False,21.875,hard,0,-1,43,4181.0,equal,p1_much,hard_equal
11652509,11655166,15216,2021/3/1,175991.25,25.5,"Single Family Residence, Residential",1910,2,3,3319.0,sqft,"Forced Air, Natural Gas",Central Air,unknown,224000.0,15216,2021/3/1,197951.6154,13.0,"Single Family Residence, Residential",1920,1,5,3000.0,sqft,"Forced Air, Natural Gas","Central Air, Electric",unknown,170000.0,2,1.0,False,24.107142857142858,hard,-2,1,-10,319.0,p2_more,similar,hard_p2_more
11654967,11655166,15216,2021/3/1,209214.0,26.0,"Single Family Residence, Residential",1920,2,4,3001.0,sqft,"Forced Air, Natural Gas","Central Air, Electric",unknown,226000.0,15216,2021/3/1,197951.6154,13.0,"Single Family Residence, Residential",1920,1,5,3000.0,sqft,"Forced Air, Natural Gas","Central Air, Electric",unknown,170000.0,2,1.0,False,24.778761061946902,hard,-1,1,0,1.0,p2_more,similar,hard_p2_more
11446151,11570583,15216,2021/4/1,213441.3333,17.0,"Single Family Residence, Residential",1925,3,5,3354.0,sqft,"Hot Water, Natural Gas","Central Air, Electric",unknown,229900.0,15216,2021/4/1,217779.2143,17.5,"Single Family Residence, Residential",1940,3,4,0.29,Acres,"Hot Water, Natural Gas","Window A/C, Wall Unit(s)",unknown,184000.0,2,1.0,False,19.96520226185298,hard,1,0,-15,3353.71,p1_slight,similar,hard_p1_slight
11566531,11570583,15216,2021/4/1,187922.75,19.625,"Single Family Residence, Residential",1920,2,3,3001.0,sqft,"Forced Air, Natural Gas",Central Air,unknown,245000.0,15216,2021/4/1,217779.2143,17.5,"Single Family Residence, Residential",1940,3,4,0.29,Acres,"Hot Water, Natural Gas","Window A/C, Wall Unit(s)",unknown,184000.0,2,1.0,False,24.897959183673468,hard,-1,-1,-20,3000.71,p2_more,p2_newer,hard_p2_more
11566531,11652530,15216,2021/4/1,187922.75,19.625,"Single Family Residence, Residential",1920,2,3,3001.0,sqft,"Forced Air, Natural Gas",Central Air,unknown,245000.0,15216,2021/4/1,191602.3333,12.0,"Single Family Residence, Residential",1964,1,3,2700.0,sqft,"Forced Air, Natural Gas",Central Air,unknown,195000.0,2,1.0,False,20.408163265306122,hard,0,1,-44,301.0,equal,p2_newer,hard_equal
11570583,11571242,15216,2021/4/1,217779.2143,17.5,"Single Family Residence, Residential",1940,3,4,0.29,Acres,"Hot Water, Natural Gas","Window A/C, Wall Unit(s)",unknown,184000.0,15216,2021/4/1,203898.1667,27.83333333,"Single Family Residence, Residential",1930,2,4,3500.0,sqft,"Forced Air, Natural Gas",Central Air,unknown,301000.0,1,2.0,False,38.87043189368771,medium,0,1,10,-3499.71,equal,p1_slight,medium_equal
11570583,11656322,15216,2021/4/1,217779.2143,17.5,"Single Family Residence, Residential",1940,3,4,0.29,Acres,"Hot Water, Natural Gas","Window A/C, Wall Unit(s)",unknown,184000.0,15216,2021/4/1,260727.0,19.25,"Single Family Residence, Residential",1930,2,4,4399.0,sqft,"Forced Air, Natural Gas",Central Air,unknown,297000.0,1,2.0,False,38.04713804713805,medium,0,1,10,-4398.71,equal,p1_slight,medium_equal
11571242,11652530,15216,2021/4/1,203898.1667,27.83333333,"Single Family Residence, Residential",1930,2,4,3500.0,sqft,"Forced Air, Natural Gas",Central Air,unknown,301000.0,15216,2021/4/1,191602.3333,12.0,"Single Family Residence, Residential",1964,1,3,2700.0,sqft,"Forced Air, Natural Gas",Central Air,unknown,195000.0,2,1.0,False,35.21594684385382,medium,1,1,-34,800.0,p1_slight,p2_newer,medium_p1_slight
11571321,11652530,15216,2021/4/1,215983.0,30.0,"Single Family Residence, Residential",1910,2,4,3300.0,sqft,"Forced Air, Natural Gas",Window A/C,unknown,236000.0,15216,2021/4/1,191602.3333,12.0,"Single Family Residence, Residential",1964,1,3,2700.0,sqft,"Forced Air, Natural Gas",Central Air,unknown,195000.0,2,1.0,False,17.372881355932204,hard,1,1,-54,600.0,p1_slight,p2_newer,hard_p1_slight
11654908,11656322,15216,2021/4/1,306239.7273,20.18181818,"Single Family Residence, Residential",1924,3,3,4840.0,sqft,"Hot Water, Natural Gas",Window A/C,unknown,412000.0,15216,2021/4/1,260727.0,19.25,"Single Family Residence, Residential",1930,2,4,4399.0,sqft,"Forced Air, Natural Gas",Central Air,unknown,297000.0,2,1.0,False,27.9126213592233,medium,-1,1,-6,441.0,p2_more,similar,medium_p2_more
11311160,11653047,15216,2021/5/1,204900.2222,18.11111111,"Single Family Residence, Residential",1928,1,3,6172.0,sqft,"Forced Air, Natural Gas","Central Air, Electric",unknown,205000.0,15216,2021/5/1,175964.0,21.0,"Single Family Residence, Residential",1950,1,3,4155.0,sqft,Natural Gas,Central Air,unknown,167000.0,2,1.0,False,18.536585365853657,hard,0,0,-22,2017.0,equal,p2_newer,hard_equal
11445765,11653047,15216,2021/5/1,179586.0,33.0,"Single Family Residence, Residential",1940,3,4,10288.0,sqft,"Forced Air, Natural Gas","Window A/C, Central Air",unknown,227000.0,15216,2021/5/1,175964.0,21.0,"Single Family Residence, Residential",1950,1,3,4155.0,sqft,Natural Gas,Central Air,unknown,167000.0,2,1.0,False,26.431718061674008,medium,1,2,-10,6133.0,p1_slight,similar,medium_p1_slight
11570479,11653047,15216,2021/5/1,216889.0,22.0,"Single Family Residence, Residential",1920,1,4,3497.0,sqft,"Forced Air, Natural Gas",Central Air,unknown,266000.0,15216,2021/5/1,175964.0,21.0,"Single Family Residence, Residential",1950,1,3,4155.0,sqft,Natural Gas,Central Air,unknown,167000.0,2,1.0,False,37.21804511278196,medium,1,0,-30,-658.0,p1_slight,p2_newer,medium_p1_slight
11570479,11656741,15216,2021/5/1,216889.0,22.0,"Single Family Residence, Residential",1920,1,4,3497.0,sqft,"Forced Air, Natural Gas",Central Air,unknown,266000.0,15216,2021/5/1,178637.6667,16.44444444,"Single Family Residence, Residential",1925,2,3,3301.0,sqft,"Forced Air, Natural Gas",Central Air,unknown,201000.0,2,1.0,False,24.43609022556391,hard,1,-1,-5,196.0,p1_slight,similar,hard_p1_slight
11571247,11653047,15216,2021/5/1,200002.1,30.3,"Single Family Residence, Residential",1930,1,3,3497.0,sqft,"Forced Air, Natural Gas",Central Air,unknown,257000.0,15216,2021/5/1,175964.0,21.0,"Single Family Residence, Residential",1950,1,3,4155.0,sqft,Natural Gas,Central Air,unknown,167000.0,2,1.0,False,35.019455252918284,medium,0,0,-20,-658.0,equal,p2_newer,medium_equal
11574139,11574192,15216,2021/5/1,479531.9375,14.8125,"Single Family Residence, Residential",1968,4,4,9748.0,sqft,Natural Gas,"Attic Fan, Central Air",unknown,440000.0,15216,2021/5/1,441215.0,19.6,"Single Family Residence, Residential",1941,3,4,0.3,Acres,"Forced Air, Natural Gas",Central Air,unknown,533000.0,1,2.0,False,17.4484052532833,hard,0,1,27,9747.7,equal,p1_much,hard_equal
11653047,11655923,15216,2021/5/1,175964.0,21.0,"Single Family Residence, Residential",1950,1,3,4155.0,sqft,Natural Gas,Central Air,unknown,167000.0,15216,2021/5/1,181089.6364,18.45454545,"Single Family Residence, Residential",1920,1,3,3598.0,sqft,"Hot Water, Natural Gas",Window A/C,unknown,201000.0,1,2.0,False,16.91542288557214,hard,0,0,30,557.0,equal,p1_much,hard_equal
11653047,11656741,15216,2021/5/1,175964.0,21.0,"Single Family Residence, Residential",1950,1,3,4155.0,sqft,Natural Gas,Central Air,unknown,167000.0,15216,2021/5/1,178637.6667,16.44444444,"Single Family Residence, Residential",1925,2,3,3301.0,sqft,"Forced Air, Natural Gas",Central Air,unknown,201000.0,1,2.0,False,16.91542288557214,hard,0,-1,25,854.0,equal,p1_much,hard_equal
11571488,11652546,15216,2021/6/1,285974.2857,39.14285714,"Single Family Residence, Residential",1928,2,3,5501.0,sqft,"Forced Air, Natural Gas",Central Air,unknown,380000.0,15216,2021/6/1,239475.2727,20.0,"Single Family Residence, Residential",1920,1,4,2700.0,sqft,"Forced Air, Natural Gas","Central Air, Electric",unknown,225000.0,2,1.0,False,40.78947368421053,easy,-1,1,8,2801.0,p2_more,p1_slight,easy_p2_more
11571488,11654874,15216,2021/6/1,285974.2857,39.14285714,"Single Family Residence, Residential",1928,2,3,5501.0,sqft,"Forced Air, Natural Gas",Central Air,unknown,380000.0,15216,2021/6/1,337074.1667,13.75,"Single Family Residence, Residential",1930,2,4,6751.0,sqft,"Hot Water, Natural Gas",Central Air,unknown,278050.0,2,1.0,False,26.82894736842105,medium,-1,0,-2,-1250.0,p2_more,similar,medium_p2_more
11571488,11656147,15216,2021/6/1,285974.2857,39.14285714,"Single Family Residence, Residential",1928,2,3,5501.0,sqft,"Forced Air, Natural Gas",Central Air,unknown,380000.0,15216,2021/6/1,246400.1818,26.36363636,"Single Family Residence, Residential",1910,2,5,4399.0,sqft,"Forced Air, Natural Gas","Window A/C, Central Air",unknown,291900.0,2,1.0,False,23.18421052631579,hard,-2,0,18,1102.0,p2_more,p1_slight,hard_p2_more
11445471,11453023,15216,2021/7/1,199504.2609,17.30434783,Residential,1930,2,4,5148.0,sqft,"Forced Air, Natural Gas",Window A/C,unknown,196000.0,15216,2021/7/1,187548.0,16.0,"Single Family Residence, Residential",1956,1,2,6050.0,sqft,Natural Gas,Central Air,unknown,155710.0,2,1.0,False,20.55612244897959,hard,2,1,-26,-902.0,p1_much,p2_newer,hard_p1_much
11574361,11655360,15216,2021/7/1,373668.4783,23.30434783,"Single Family Residence, Residential",1932,2,3,5500.0,sqft,"Forced Air, Natural Gas",Central Air,unknown,385000.0,15216,2021/7/1,319021.619,18.04761905,"Single Family Residence, Residential",1919,2,4,5257.0,sqft,"Hot Water, Natural Gas","Central Air, Electric",unknown,300000.0,2,1.0,False,22.07792207792208,hard,-1,0,13,243.0,p2_more,p1_slight,hard_p2_more
11574361,11658432,15216,2021/7/1,373668.4783,23.30434783,"Single Family Residence, Residential",1932,2,3,5500.0,sqft,"Forced Air, Natural Gas",Central Air,unknown,385000.0,15216,2021/7/1,335484.087,13.04347826,"Single Family Residence, Residential",1925,1,4,6821.0,sqft,"Forced Air, Natural Gas",Central Air,unknown,315000.0,2,1.0,False,18.181818181818183,hard,-1,1,7,-1321.0,p2_more,p1_slight,hard_p2_more
11654855,11658632,15216,2021/7/1,414726.4091,11.63636364,"Single Family Residence, Residential",1991,3,4,5174.0,sqft,"Forced Air, Natural Gas",Central Air,unknown,489500.0,15216,2021/7/1,416853.8261,16.08695652,"Single Family Residence, Residential",1930,4,3,7200.0,sqft,"Forced Air, Natural Gas","Central Air, Electric",unknown,405000.0,2,1.0,False,17.262512768130744,hard,1,-1,61,-2026.0,p1_slight,p1_much,hard_p1_slight
11655360,11655456,15216,2021/7/1,319021.619,18.04761905,"Single Family Residence, Residential",1919,2,4,5257.0,sqft,"Hot Water, Natural Gas","Central Air, Electric",unknown,300000.0,15216,2021/7/1,286429.2,12.33333333,"Single Family Residence, Residential",1926,2,3,4399.0,sqft,"Forced Air, Natural Gas",Central Air,unknown,245000.0,2,1.0,False,18.333333333333332,hard,1,0,-7,858.0,p1_slight,similar,hard_p1_slight
11655456,11655547,15216,2021/7/1,286429.2,12.33333333,"Single Family Residence, Residential",1926,2,3,4399.0,sqft,"Forced Air, Natural Gas",Central Air,unknown,245000.0,15216,2021/7/1,279718.7826,18.86956522,"Single Family Residence, Residential",1930,2,3,4190.0,sqft,"Forced Air, Natural Gas",Central Air,unknown,331900.0,1,2.0,False,26.182585115998798,medium,0,0,-4,209.0,equal,similar,medium_equal
11655547,11656272,15216,2021/7/1,279718.7826,18.86956522,"Single Family Residence, Residential",1930,2,3,4190.0,sqft,"Forced Air, Natural Gas",Central Air,unknown,331900.0,15216,2021/7/1,260744.5,16.0,"Single Family Residence, Residential",1920,2,4,3300.0,sqft,"Forced Air, Natural Gas",Central Air,unknown,263000.0,2,1.0,False,20.75926483880687,hard,-1,0,10,890.0,p2_more,p1_slight,hard_p2_more
11445202,11571696,15216,2021/8/1,211593.9565,22.17391304,"Single Family Residence, Residential",1922,3,5,5000.0,sqft,"Hot Water, Natural Gas",Window A/C,unknown,201000.0,15216,2021/8/1,222540.678,25.72881356,"Single Family Residence, Residential",1910,2,4,4800.0,sqft,Natural Gas,Central Air,unknown,300000.0,1,2.0,False,33.0,medium,1,1,12,200.0,p1_slight,p1_slight,medium_p1_slight
11445617,11652470,15216,2021/8/1,180987.1176,19.88235294,"Single Family Residence, Residential",1910,1,3,3001.0,sqft,"Forced Air, Natural Gas",Central Air,unknown,210000.0,15216,2021/8/1,171330.5085,16.28813559,"Single Family Residence, Residential",1930,2,3,1062.0,sqft,"Forced Air, Natural Gas",Window A/C,unknown,155000.0,2,1.0,False,26.190476190476193,medium,0,-1,-20,1939.0,equal,p2_newer,medium_equal
11445617,11655231,15216,2021/8/1,180987.1176,19.88235294,"Single Family Residence, Residential",1910,1,3,3001.0,sqft,"Forced Air, Natural Gas",Central Air,unknown,210000.0,15216,2021/8/1,184528.8136,29.49152542,"Single Family Residence, Residential",1920,2,3,4499.0,sqft,"Hot Water, Natural Gas","Wall Unit(s), Electric",unknown,140000.0,2,1.0,False,33.33333333333333,medium,0,-1,-10,-1498.0,equal,similar,medium_equal
11565084,11570718,15216,2021/8/1,143188.7273,31.81818182,"Single Family Residence, Residential",1907,1,4,3746.0,sqft,Natural Gas,unknown,Off Street,150000.0,15216,2021/8/1,120077.5802,12.0,"Single Family Residence, Residential",1910,1,3,3463.0,sqft,"Forced Air, Natural Gas",unknown,Open Parking,105000.0,2,1.0,False,30.0,medium,1,0,-3,283.0,p1_slight,similar,medium_p1_slight
11571006,11652569,15216,2021/8/1,195366.6087,20.47826087,"Single Family Residence, Residential",1961,2,3,5501.0,sqft,Natural Gas,Central Air,unknown,185000.0,15216,2021/8/1,229700.0,14.0,"Single Family Residence, Residential",1934,2,4,3598.0,sqft,"Forced Air, Natural Gas",Central Air,unknown,234950.0,1,2.0,False,21.25984251968504,hard,-1,0,27,1903.0,p2_more,p1_much,hard_p2_more
11571696,11655231,15216,2021/8/1,222540.678,25.72881356,"Single Family Residence, Residential",1910,2,4,4800.0,sqft,Natural Gas,Central Air,unknown,300000.0,15216,2021/8/1,184528.8136,29.49152542,"Single Family Residence, Residential",1920,2,3,4499.0,sqft,"Hot Water, Natural Gas","Wall Unit(s), Electric",unknown,140000.0,2,1.0,False,53.333333333333336,easy,1,0,-10,301.0,p1_slight,similar,easy_p1_slight
11335461,11565973,15216,2021/9/1,227408.4746,14.6779661,"Single Family Residence, Residential",1940,2,4,7500.0,sqft,Natural Gas,Central Air,unknown,170000.0,15216,2021/9/1,244954.5,14.0,"Single Family Residence, Residential",1931,1,4,3781.0,sqft,"Forced Air, Natural Gas",Central Air,unknown,217000.0,1,2.0,False,21.658986175115206,hard,0,1,9,3719.0,equal,p1_slight,hard_equal
11335461,11570531,15216,2021/9/1,227408.4746,14.6779661,"Single Family Residence, Residential",1940,2,4,7500.0,sqft,Natural Gas,Central Air,unknown,170000.0,15216,2021/9/1,238729.2727,12.09090909,"Single Family Residence, Residential",1920,1,3,3301.0,sqft,"Forced Air, Natural Gas",Central Air,unknown,235000.0,1,2.0,False,27.659574468085108,medium,1,1,20,4199.0,p1_slight,p1_slight,medium_p1_slight
11445148,11570940,15216,2021/9/1,168688.2353,33.88235294,"Single Family Residence, Residential",1891,1,5,3001.0,sqft,"Forced Air, Natural Gas",Central Air,Open Parking,237000.0,15216,2021/9/1,159927.1186,16.44067797,"Single Family Residence, Residential",1965,2,3,3001.0,sqft,"Forced Air, Natural Gas",Central Air,Open Parking,158000.0,2,1.0,False,33.33333333333333,medium,2,-1,-74,0.0,p1_much,p2_newer,medium_p1_much
11453198,11565595,15216,2022/2/1,196014.2857,28.57142857,"Single Family Residence, Residential",1950,2,3,0.32,Acres,"Forced Air, Natural Gas",Central Air,unknown,250000.0,15216,2022/2/1,185927.0677,18.12781955,"Single Family Residence, Residential",1936,2,4,3301.0,sqft,"Forced Air, Natural Gas",Central Air,unknown,202000.0,2,1.0,False,19.2,hard,-1,0,14,-3300.68,p2_more,p1_slight,hard_p2_more
11335632,11565986,15216,2022/4/1,231815.0,11.8,"Single Family Residence, Residential",1951,2,3,7627.0,sqft,Natural Gas,Central Air,unknown,240000.0,15216,2022/4/1,256292.8571,16.28571429,"Single Family Residence, Residential",1927,1,4,5227.0,sqft,"Hot Water, Natural Gas",Wall Unit(s),unknown,302000.0,1,2.0,False,20.52980132450331,hard,-1,1,24,2400.0,p2_more,p1_much,hard_p2_more
11335632,11656869,15216,2022/4/1,231815.0,11.8,"Single Family Residence, Residential",1951,2,3,7627.0,sqft,Natural Gas,Central Air,unknown,240000.0,15216,2022/4/1,252064.0,11.44,"Single Family Residence, Residential",1930,2,3,3049.0,sqft,"Forced Air, Natural Gas",Central Air,unknown,292000.0,1,2.0,False,17.80821917808219,hard,0,0,21,4578.0,equal,p1_much,hard_equal
11335723,11439950,15216,2022/4/1,136402.5,12.775,"Single Family Residence, Residential",1920,3,6,3001.0,sqft,"Forced Air, Natural Gas",Central Air,unknown,289000.0,15216,2022/4/1,113184.0,45.08,"Single Family Residence, Residential",1957,2,3,6098.0,sqft,"Forced Air, Natural Gas",Central Air,unknown,185000.0,2,1.0,False,35.98615916955018,medium,3,1,-37,-3097.0,p1_much,p2_newer,medium_p1_much
11335723,11453406,15216,2022/4/1,136402.5,12.775,"Single Family Residence, Residential",1920,3,6,3001.0,sqft,"Forced Air, Natural Gas",Central Air,unknown,289000.0,15216,2022/4/1,162864.1026,25.92307692,"Single Family Residence, Residential",1961,2,3,10410.0,sqft,"Forced Air, Natural Gas",Central Air,unknown,164888.0,2,1.0,False,42.945328719723186,easy,3,1,-41,-7409.0,p1_much,p2_newer,easy_p1_much
11335723,11570817,15216,2022/4/1,136402.5,12.775,"Single Family Residence, Residential",1920,3,6,3001.0,sqft,"Forced Air, Natural Gas",Central Air,unknown,289000.0,15216,2022/4/1,168900.0,30.57142857,"Single Family Residence, Residential",1962,2,3,5000.0,sqft,"Forced Air, Natural Gas","Central Air, Electric",unknown,206000.0,2,1.0,False,28.719723183391004,medium,3,1,-42,-1999.0,p1_much,p2_newer,medium_p1_much
11335944,11445029,15216,2022/4/1,187540.0,20.4,"Single Family Residence, Residential",1960,3,4,2299.0,sqft,Natural Gas,Electric,unknown,227000.0,15216,2022/4/1,178526.9231,19.30769231,"Single Family Residence, Residential",1910,2,3,3001.0,sqft,"Forced Air, Natural Gas","Central Air, Electric",unknown,175000.0,2,1.0,False,22.90748898678414,hard,1,1,50,-702.0,p1_slight,p1_much,hard_p1_slight
11335944,11453406,15216,2022/4/1,187540.0,20.4,"Single Family Residence, Residential",1960,3,4,2299.0,sqft,Natural Gas,Electric,unknown,227000.0,15216,2022/4/1,162864.1026,25.92307692,"Single Family Residence, Residential",1961,2,3,10410.0,sqft,"Forced Air, Natural Gas",Central Air,unknown,164888.0,2,1.0,False,27.36211453744493,medium,1,1,-1,-8111.0,p1_slight,similar,medium_p1_slight
11335944,11655133,15216,2022/4/1,187540.0,20.4,"Single Family Residence, Residential",1960,3,4,2299.0,sqft,Natural Gas,Electric,unknown,227000.0,15216,2022/4/1,174105.8824,27.55147059,"Single Family Residence, Residential",1920,2,3,3001.0,sqft,Natural Gas,Central Air,unknown,180000.0,2,1.0,False,20.704845814977972,hard,1,1,40,-702.0,p1_slight,p1_much,hard_p1_slight
11445522,11453406,15216,2022/4/1,173702.5641,31.23076923,"Single Family Residence, Residential",1920,3,3,3001.0,sqft,"Forced Air, Natural Gas",Central Air,unknown,265000.0,15216,2022/4/1,162864.1026,25.92307692,"Single Family Residence, Residential",1961,2,3,10410.0,sqft,"Forced Air, Natural Gas",Central Air,unknown,164888.0,2,1.0,False,37.77811320754717,medium,0,1,-41,-7409.0,equal,p2_newer,medium_equal
11445522,11565189,15216,2022/4/1,173702.5641,31.23076923,"Single Family Residence, Residential",1920,3,3,3001.0,sqft,"Forced Air, Natural Gas",Central Air,unknown,265000.0,15216,2022/4/1,160650.0,19.42857143,"Single Family Residence, Residential",1900,1,4,3301.0,sqft,"Forced Air, Natural Gas",Window A/C,unknown,163000.0,2,1.0,False,38.49056603773585,medium,-1,2,20,-300.0,p2_more,p1_slight,medium_p2_more
11445522,11570817,15216,2022/4/1,173702.5641,31.23076923,"Single Family Residence, Residential",1920,3,3,3001.0,sqft,"Forced Air, Natural Gas",Central Air,unknown,265000.0,15216,2022/4/1,168900.0,30.57142857,"Single Family Residence, Residential",1962,2,3,5000.0,sqft,"Forced Air, Natural Gas","Central Air, Electric",unknown,206000.0,2,1.0,False,22.264150943396228,hard,0,1,-42,-1999.0,equal,p2_newer,hard_equal
11571078,11574140,15216,2022/5/1,411838.4615,11.53846154,"Single Family Residence, Residential",1960,3,3,10484.0,sqft,"Forced Air, Natural Gas",Central Air,unknown,526200.0,15216,2022/5/1,466453.8462,18.30769231,"Single Family Residence, Residential",1969,3,4,9748.0,sqft,"Forced Air, Natural Gas",Electric,unknown,351500.0,2,1.0,False,33.20030406689472,medium,-1,0,-9,736.0,p2_more,similar,medium_p2_more
11571692,11656136,15216,2022/7/1,266796.3902,25.51219512,"Single Family Residence, Residential",1920,3,4,5828.0,sqft,"Forced Air, Natural Gas",Central Air,unknown,263000.0,15216,2022/7/1,302907.6923,31.46153846,"Single Family Residence, Residential",1920,4,4,3025.0,sqft,"Hot Water, Natural Gas",Window A/C,unknown,325000.0,1,2.0,False,19.076923076923077,hard,0,-1,0,2803.0,equal,similar,hard_equal
11539828,11544778,15217,2019/10/1,153471.75,26.45,"Single Family Residence, Residential",1950,1,3,3598.0,sqft,Natural Gas,Central Air,Open Parking,107000.0,15217,2019/10/1,154012.8333,25.16666667,Townhouse,1954,1,2,2408.0,sqft,Other,Central,Garage - Attached,157217.0,1,2.0,False,31.941202287284455,medium,1,0,-4,1190.0,p1_slight,similar,medium_p1_slight
11631560,11636402,15217,2019/11/1,286302.0,23.0,SingleFamily,1935,3,3,1903.0,sqft,Other,unknown,unknown,365200.0,15217,2019/11/1,322443.0476,26.47619048,SingleFamily,1930,2,4,4508.0,sqft,Other,unknown,unknown,301000.0,2,1.0,False,17.579408543263966,hard,-1,1,5,-2605.0,p2_more,p1_slight,hard_p2_more
11631119,104361431,15217,2019/12/1,958147.1429,21.85714286,SingleFamily,1906,5,8,0.27,Acres,Other,Central,unknown,940000.0,15217,2019/12/1,808335.9231,16.61538462,SingleFamily,2009,0,0,5000.0,sqft,Other,Central,unknown,720000.0,2,1.0,False,23.404255319148938,hard,8,5,-103,-4999.73,p1_much,p2_newer,hard_p1_much
11635088,11635829,15217,2019/12/1,375252.4762,17.85714286,SingleFamily,1908,5,5,2901.0,sqft,Other,unknown,unknown,615000.0,15217,2019/12/1,349153.2857,30.42857143,SingleFamily,1922,4,4,6838.0,sqft,"Other, Gas",unknown,unknown,440000.0,2,1.0,False,28.455284552845526,medium,1,1,-14,-3937.0,p1_slight,similar,medium_p1_slight
11635815,11636456,15217,2019/7/1,234962.7647,14.94117647,SingleFamily,1923,2,5,2372.0,sqft,"Forced air, Gas",Central,unknown,239000.0,15217,2019/7/1,250654.5882,10.35294118,SingleFamily,1953,2,3,4850.0,sqft,"Forced air, Gas",Central,unknown,185000.0,2,1.0,False,22.594142259414227,hard,2,0,-30,-2478.0,p1_much,p2_newer,hard_p1_much
11540399,11540459,15217,2020/10/1,240560.75,20.5,"Single Family Residence, Residential",1907,2,4,2500.0,sqft,"Forced Air, Natural Gas","Central Air, Electric",Open Parking,281000.0,15217,2020/10/1,220716.3636,16.18181818,"Single Family Residence, Residential",1929,1,3,2178.0,sqft,"Forced Air, Natural Gas",Central Air,Open Parking,181500.0,2,1.0,False,35.40925266903915,medium,1,1,-22,322.0,p1_slight,p2_newer,medium_p1_slight
11534057,11629989,15217,2020/11/1,844196.0,14.4,"Townhouse, Residential",1982,4,3,2550.0,sqft,"Forced Air, Electric","Central Air, Electric",unknown,880000.0,15217,2020/11/1,852117.3333,15.66666667,"Single Family Residence, Residential",1965,4,5,8000.0,sqft,"Forced Air, Natural Gas",Central Air,unknown,720000.0,2,1.0,False,18.181818181818183,hard,-2,0,17,-5450.0,p2_more,p1_slight,hard_p2_more
11636362,11639549,15217,2020/12/1,291707.75,12.75,"Single Family Residence, Residential",1926,1,4,3828.0,sqft,"Forced Air, Natural Gas",Central Air,unknown,305000.0,15217,2020/12/1,254680.0,23.0,"Single Family Residence, Residential",1930,2,3,6268.0,sqft,"Forced Air, Natural Gas",Window A/C,unknown,185000.0,2,1.0,False,39.34426229508197,medium,1,-1,-4,-2440.0,p1_slight,similar,medium_p1_slight
11639252,11640227,15217,2020/2/1,180077.9048,48.19047619,SingleFamily,1900,2,2,1799.0,sqft,"Radiant, Gas",Other,unknown,170000.0,15217,2020/2/1,120448.5263,36.94736842,SingleFamily,1950,2,2,4024.0,sqft,Forced air,Other,unknown,139600.0,2,1.0,False,17.88235294117647,hard,0,0,-50,-2225.0,equal,p2_newer,hard_equal
11635814,11636622,15217,2020/5/1,269632.0,21.5,SingleFamily,1910,4,3,2841.0,sqft,Other,unknown,unknown,350000.0,15217,2020/5/1,272708.5556,22.66666667,SingleFamily,1930,2,3,3348.0,sqft,Other,unknown,unknown,237500.0,2,1.0,False,32.142857142857146,medium,0,2,-20,-507.0,equal,p2_newer,medium_equal
11289623,11632242,15217,2020/6/1,642602.625,20.625,SingleFamily,1920,4,6,7501.0,sqft,Radiant,unknown,unknown,730000.0,15217,2020/6/1,676939.0,16.0,SingleFamily,1936,5,5,3741.0,sqft,Other,unknown,unknown,550000.0,2,1.0,False,24.65753424657534,hard,1,-1,-16,3760.0,p1_slight,similar,hard_p1_slight
11289764,11630004,15217,2020/7/1,492062.0,31.0,SingleFamily,1920,5,5,7139.0,sqft,Other,unknown,unknown,260000.0,15217,2020/7/1,471785.3636,29.90909091,SingleFamily,1913,2,5,10576.0,sqft,"Other, Gas",unknown,unknown,395000.0,1,2.0,False,34.177215189873415,medium,0,3,7,-3437.0,equal,p1_slight,medium_equal
11289764,11630572,15217,2020/7/1,492062.0,31.0,SingleFamily,1920,5,5,7139.0,sqft,Other,unknown,unknown,260000.0,15217,2020/7/1,414848.7,29.0,SingleFamily,1920,2,3,3400.0,sqft,Heat pump,unknown,unknown,375000.0,1,2.0,False,30.666666666666664,medium,2,3,0,3739.0,p1_much,similar,medium_p1_much
11529651,92380820,15217,2020/7/1,574672.2,16.0,SingleFamily,1905,3,4,7750.0,sqft,"Other, Gas",Central,unknown,517500.0,15217,2020/7/1,575970.125,24.0,SingleFamily,2008,3,3,3898.0,sqft,Other,Central,unknown,625000.0,1,2.0,False,17.2,hard,1,0,-103,3852.0,p1_slight,p2_newer,hard_p1_slight
11529781,11629416,15217,2020/7/1,713671.3333,19.16666667,SingleFamily,1937,4,4,3794.0,sqft,"Other, Gas",Central,unknown,675000.0,15217,2020/7/1,609958.625,20.375,SingleFamily,1900,3,5,4353.0,sqft,"Forced air, Gas",Central,unknown,523500.0,2,1.0,False,22.444444444444443,hard,-1,1,37,-559.0,p2_more,p1_much,hard_p2_more
11544838,11636090,15217,2020/7/1,191168.1,22.35,SingleFamily,1951,2,2,1132.0,sqft,Other,Central,unknown,178000.0,15217,2020/7/1,214172.8,16.8,Townhouse,1930,2,3,2191.0,sqft,Forced air,Other,unknown,229000.0,1,2.0,False,22.270742358078603,hard,-1,0,21,-1059.0,p2_more,p1_much,hard_p2_more
11634949,92380820,15217,2020/7/1,494210.2,15.4,SingleFamily,1916,4,5,4896.0,sqft,"Other, Baseboard, Gas",Central,unknown,475000.0,15217,2020/7/1,575970.125,24.0,SingleFamily,2008,3,3,3898.0,sqft,Other,Central,unknown,625000.0,1,2.0,False,24.0,hard,2,1,-92,998.0,p1_much,p2_newer,hard_p1_much
11289394,11631320,15217,2020/8/1,622294.5455,23.0,SingleFamily,1933,5,5,4800.0,sqft,Radiant,Central,unknown,738000.0,15217,2020/8/1,523549.2,23.8,"Single Family Residence, Residential",1885,5,6,8712.0,sqft,Natural Gas,"Central Air, Electric",unknown,425000.0,2,1.0,False,42.41192411924119,easy,-1,0,48,-3912.0,p2_more,p1_much,easy_p2_more
11289807,11631320,15217,2020/8/1,478883.0,28.33333333,"Single Family Residence, Residential",1948,4,3,5445.0,sqft,"Forced Air, Natural Gas",Central Air,unknown,557500.0,15217,2020/8/1,523549.2,23.8,"Single Family Residence, Residential",1885,5,6,8712.0,sqft,Natural Gas,"Central Air, Electric",unknown,425000.0,2,1.0,False,23.766816143497756,hard,-3,-1,63,-3267.0,p2_more,p1_much,hard_p2_more
11534025,11639552,15217,2020/8/1,337995.6,29.2,"Single Family Residence, Residential",1920,3,4,4591.0,sqft,Natural Gas,Central Air,unknown,440000.0,15217,2020/8/1,276712.2,14.5,SingleFamily,1928,2,3,6764.0,sqft,"Radiant, Gas",Other,unknown,263000.0,2,1.0,False,40.22727272727273,easy,1,1,-8,-2173.0,p1_slight,similar,easy_p1_slight
11630695,11631320,15217,2020/8/1,605659.5,20.0,"Single Family Residence, Residential",1913,4,5,6952.0,sqft,"Hot Water, Natural Gas",Central Air,unknown,665000.0,15217,2020/8/1,523549.2,23.8,"Single Family Residence, Residential",1885,5,6,8712.0,sqft,Natural Gas,"Central Air, Electric",unknown,425000.0,2,1.0,False,36.09022556390977,medium,-1,-1,28,-1760.0,p2_more,p1_much,medium_p2_more
11630695,11635167,15217,2020/8/1,605659.5,20.0,"Single Family Residence, Residential",1913,4,5,6952.0,sqft,"Hot Water, Natural Gas",Central Air,unknown,665000.0,15217,2020/8/1,527577.6667,16.0,SingleFamily,1922,5,5,5719.0,sqft,"Radiant, Gas",Wall,unknown,538500.0,2,1.0,False,19.022556390977442,hard,0,-1,-9,1233.0,equal,similar,hard_equal
11631320,11635167,15217,2020/8/1,523549.2,23.8,"Single Family Residence, Residential",1885,5,6,8712.0,sqft,Natural Gas,"Central Air, Electric",unknown,425000.0,15217,2020/8/1,527577.6667,16.0,SingleFamily,1922,5,5,5719.0,sqft,"Radiant, Gas",Wall,unknown,538500.0,1,2.0,False,21.07706592386258,hard,1,0,-37,2993.0,p1_slight,p2_newer,hard_p1_slight
11539933,11636209,15217,2020/9/1,182228.8,17.4,"Single Family Residence, Residential",1955,1,3,3300.0,sqft,"Forced Air, Natural Gas",Central Air,unknown,198900.0,15217,2020/9/1,191939.7273,35.54545455,"Single Family Residence, Residential",1906,3,4,2800.0,sqft,"Forced Air, Natural Gas","Central Air, Electric",unknown,150000.0,2,1.0,False,24.58521870286576,hard,-1,-2,49,500.0,p2_more,p1_much,hard_p2_more
11635556,11636209,15217,2020/9/1,248749.0,24.0,"Single Family Residence, Residential",1923,2,3,1999.0,sqft,"Hot Water, Natural Gas",Window A/C,unknown,247500.0,15217,2020/9/1,191939.7273,35.54545455,"Single Family Residence, Residential",1906,3,4,2800.0,sqft,"Forced Air, Natural Gas","Central Air, Electric",unknown,150000.0,2,1.0,False,39.39393939393939,medium,-1,-1,17,-801.0,p2_more,p1_slight,medium_p2_more
11636209,11639449,15217,2020/9/1,191939.7273,35.54545455,"Single Family Residence, Residential",1906,3,4,2800.0,sqft,"Forced Air, Natural Gas","Central Air, Electric",unknown,150000.0,15217,2020/9/1,241779.9091,21.72727273,"Single Family Residence, Residential",1916,2,3,2178.0,sqft,"Radiant, Natural Gas",Wall Unit(s),unknown,244900.0,1,2.0,False,38.75051041241323,medium,1,1,-10,622.0,p1_slight,similar,medium_p1_slight
11635328,11635835,15217,2021/10/1,403716.6667,24.5,SingleFamily,1926,1,3,6838.0,sqft,Other,Other,Off-street,430000.0,15217,2021/10/1,379500.0,14.16666667,"Single Family Residence, Residential",1930,2,4,2286.0,sqft,"Hot Water, Natural Gas",Window A/C,Open Parking,297000.0,2,1.0,False,30.930232558139537,medium,-1,-1,-4,4552.0,p2_more,similar,medium_p2_more
11289779,11639484,15217,2021/11/1,295395.0,28.01666667,"Single Family Residence, Residential",1933,1,3,6242.0,sqft,"Hot Water, Natural Gas",Window A/C,unknown,170000.0,15217,2021/11/1,280777.7778,14.74074074,"Townhouse, Residential",1975,2,3,1794.0,sqft,"Forced Air, Natural Gas",Central Air,unknown,289900.0,1,2.0,False,41.35908934115212,easy,0,-1,-42,4448.0,equal,p2_newer,easy_equal
11629412,11630620,15217,2021/11/1,612250.0,19.5,"Single Family Residence, Residential",1907,4,5,3118.0,sqft,"Forced Air, Natural Gas",Central Air,unknown,635000.0,15217,2021/11/1,604324.6957,18.60869565,"Single Family Residence, Residential",1959,3,4,4765.0,sqft,Natural Gas,Central Air,unknown,492500.0,2,1.0,False,22.440944881889763,hard,1,1,-52,-1647.0,p1_slight,p2_newer,hard_p1_slight
11639278,11639307,15217,2021/11/1,285981.6901,19.22535211,"Single Family Residence, Residential",1910,2,4,2252.0,sqft,"Forced Air, Natural Gas",Central Air,unknown,297000.0,15217,2021/11/1,250904.7619,14.33333333,"Single Family Residence, Residential",1965,2,3,2500.0,sqft,"Forced Air, Natural Gas",Central Air,unknown,225000.0,2,1.0,False,24.242424242424242,hard,1,0,-55,-248.0,p1_slight,p2_newer,hard_p1_slight
11639307,11639484,15217,2021/11/1,250904.7619,14.33333333,"Single Family Residence, Residential",1965,2,3,2500.0,sqft,"Forced Air, Natural Gas",Central Air,unknown,225000.0,15217,2021/11/1,280777.7778,14.74074074,"Townhouse, Residential",1975,2,3,1794.0,sqft,"Forced Air, Natural Gas",Central Air,unknown,289900.0,1,2.0,False,22.387030010348397,hard,0,0,-10,706.0,equal,similar,hard_equal
11289526,11629835,15217,2021/3/1,361431.0,19.0,"Single Family Residence, Residential",1935,2,3,4621.0,sqft,"Hot Water, Natural Gas",Central Air,unknown,432512.0,15217,2021/3/1,376779.6429,23.35714286,"Single Family Residence, Residential",1922,1,4,2552.0,sqft,"Hot Water, Natural Gas",Window A/C,unknown,325000.0,2,1.0,False,24.8575762059781,hard,-1,1,13,2069.0,p2_more,p1_slight,hard_p2_more
11529610,11639555,15217,2021/3/1,478778.5385,19.69230769,"Single Family Residence, Residential",1920,3,4,6080.0,sqft,"Forced Air, Natural Gas",Central Air,unknown,472750.0,15217,2021/3/1,469287.0,30.6,"Single Family Residence, Residential",1923,2,6,4656.0,sqft,"Radiant, Natural Gas",Window A/C,unknown,300000.0,2,1.0,False,36.541512427287145,medium,-2,1,-3,1424.0,p2_more,similar,medium_p2_more
11629159,11639555,15217,2021/3/1,584153.6,16.9,"Single Family Residence, Residential",1966,2,3,1927.0,sqft,"Forced Air, Natural Gas",Central Air,unknown,595000.0,15217,2021/3/1,469287.0,30.6,"Single Family Residence, Residential",1923,2,6,4656.0,sqft,"Radiant, Natural Gas",Window A/C,unknown,300000.0,2,1.0,False,49.57983193277311,easy,-3,0,43,-2729.0,p2_more,p1_much,easy_p2_more
11630939,11635528,15217,2021/4/1,514523.0,26.66666667,"Single Family Residence, Residential",1950,2,3,6573.0,sqft,"Forced Air, Natural Gas","Attic Fan, Central Air",unknown,610000.0,15217,2021/4/1,414636.25,30.25,"Single Family Residence, Residential",1930,3,4,4500.0,sqft,"Hot Water, Natural Gas","Window A/C, Wall Unit(s)",unknown,436000.0,2,1.0,False,28.524590163934427,medium,-1,-1,20,2073.0,p2_more,p1_slight,medium_p2_more
11630978,11635528,15217,2021/4/1,492205.0,29.0,"Single Family Residence, Residential",1952,2,3,6442.0,sqft,"Forced Air, Natural Gas",Central Air,unknown,575000.0,15217,2021/4/1,414636.25,30.25,"Single Family Residence, Residential",1930,3,4,4500.0,sqft,"Hot Water, Natural Gas","Window A/C, Wall Unit(s)",unknown,436000.0,2,1.0,False,24.173913043478258,hard,-1,-1,22,1942.0,p2_more,p1_much,hard_p2_more
11631669,11636601,15217,2021/5/1,433999.3636,14.72727273,"Townhouse, Residential",1966,3,3,746.4,sqft,"Forced Air, Natural Gas",Central Air,unknown,605000.0,15217,2021/5/1,456767.4545,21.45454545,"Single Family Residence, Residential",1920,3,3,2925.0,sqft,"Forced Air, Natural Gas",Central Air,unknown,435000.0,2,1.0,False,28.09917355371901,medium,0,0,46,-2178.6,equal,p1_much,medium_equal
11289421,11289655,15217,2021/6/1,685362.8333,24.16666667,"Single Family Residence, Residential",1925,4,3,6364.0,sqft,"Forced Air, Natural Gas",Central Air,unknown,725000.0,15217,2021/6/1,598130.7619,23.76190476,"Single Family Residence, Residential",1925,3,5,3497.0,sqft,"Hot Water, Natural Gas",Central Air,unknown,540000.0,2,1.0,False,25.517241379310345,medium,-2,1,0,2867.0,p2_more,similar,medium_p2_more
11540390,11635924,15217,2021/6/1,257194.3333,17.33333333,"Single Family Residence, Residential",1930,1,3,5549.0,sqft,"Forced Air, Natural Gas",Central Air,unknown,280000.0,15217,2021/6/1,285355.8182,23.0,"Single Family Residence, Residential",1920,2,3,4125.0,sqft,"Hot Water, Natural Gas",Window A/C,unknown,475000.0,1,2.0,False,41.05263157894737,easy,0,-1,10,1424.0,equal,p1_slight,easy_equal
11540543,11545121,15217,2021/7/1,306806.0,17.63636364,"Single Family Residence, Residential",1925,3,5,3001.0,sqft,"Forced Air, Natural Gas",Central Air,unknown,350000.0,15217,2021/7/1,261285.6087,17.17391304,"Single Family Residence, Residential",1949,2,3,4665.0,sqft,"Forced Air, Natural Gas",Central Air,unknown,265000.0,2,1.0,False,24.285714285714285,hard,2,1,-24,-1664.0,p1_much,p2_newer,hard_p1_much
11635837,11636182,15217,2021/7/1,349111.4,22.2,"Single Family Residence, Residential",1930,3,3,1725.0,sqft,"Hot Water, Natural Gas",Window A/C,unknown,360000.0,15217,2021/7/1,295333.913,21.2173913,"Single Family Residence, Residential",1913,2,4,4639.0,sqft,"Forced Air, Natural Gas",Central Air,unknown,230000.0,2,1.0,False,36.11111111111111,medium,-1,1,17,-2914.0,p2_more,p1_slight,medium_p2_more
11289255,11636398,15217,2021/8/1,447427.3684,16.73684211,"Single Family Residence, Residential",1925,2,4,2739.0,sqft,"Hot Water, Natural Gas",Window A/C,unknown,446500.0,15217,2021/8/1,404421.2857,16.19047619,"Single Family Residence, Residential",1933,3,3,4360.0,sqft,"Hot Water, Natural Gas",Wall Unit(s),unknown,346000.0,2,1.0,False,22.508398656215007,hard,1,-1,-8,-1621.0,p1_slight,similar,hard_p1_slight
11289255,11640177,15217,2021/8/1,447427.3684,16.73684211,"Single Family Residence, Residential",1925,2,4,2739.0,sqft,"Hot Water, Natural Gas",Window A/C,unknown,446500.0,15217,2021/8/1,378766.0,22.0,"Single Family Residence, Residential",1952,2,3,6930.0,sqft,"Forced Air, Natural Gas",Central Air,unknown,346900.0,2,1.0,False,22.306830907054874,hard,1,0,-27,-4191.0,p1_slight,p2_newer,hard_p1_slight
11289494,11635168,15217,2021/8/1,765410.0,20.8,"Single Family Residence, Residential",1900,4,5,6500.0,sqft,"Forced Air, Natural Gas",Central Air,unknown,763125.0,15217,2021/8/1,644481.2174,13.69565217,"Single Family Residence, Residential",1922,4,6,5523.0,sqft,"Hot Water, Natural Gas","Window A/C, Central Air, Electric",unknown,625000.0,2,1.0,False,18.0999180999181,hard,-1,0,-22,977.0,p2_more,p2_newer,hard_p2_more
11634923,11640177,15217,2021/8/1,441303.8095,15.71428571,"Single Family Residence, Residential",1926,3,3,3898.0,sqft,"Radiant, Natural Gas",Central Air,unknown,472500.0,15217,2021/8/1,378766.0,22.0,"Single Family Residence, Residential",1952,2,3,6930.0,sqft,"Forced Air, Natural Gas",Central Air,unknown,346900.0,2,1.0,False,26.582010582010586,medium,0,1,-26,-3032.0,equal,p2_newer,medium_equal
11636470,11640002,15217,2021/8/1,339733.3333,20.11111111,"Single Family Residence, Residential",1933,3,3,3977.0,sqft,"Hot Water, Natural Gas",Central Air,unknown,437000.0,15217,2021/8/1,284513.4286,16.0,"Single Family Residence, Residential",1952,2,3,5000.0,sqft,"Forced Air, Natural Gas",Central Air,unknown,281800.0,2,1.0,False,35.514874141876426,medium,0,1,-19,-1023.0,equal,similar,medium_equal
11636470,11640177,15217,2021/8/1,339733.3333,20.11111111,"Single Family Residence, Residential",1933,3,3,3977.0,sqft,"Hot Water, Natural Gas",Central Air,unknown,437000.0,15217,2021/8/1,378766.0,22.0,"Single Family Residence, Residential",1952,2,3,6930.0,sqft,"Forced Air, Natural Gas",Central Air,unknown,346900.0,2,1.0,False,20.617848970251718,hard,0,1,-19,-2953.0,equal,similar,hard_equal
11631761,11635928,15217,2021/9/1,591767.7391,19.73913043,"Single Family Residence, Residential",1939,4,4,4329.0,sqft,"Hot Water, Natural Gas",Central Air,unknown,635000.0,15217,2021/9/1,509266.6667,17.66666667,"Single Family Residence, Residential",1925,3,4,6250.0,sqft,"Radiant, Natural Gas",Central Air,unknown,480000.0,2,1.0,False,24.409448818897637,hard,0,1,14,-1921.0,equal,p1_slight,hard_equal
11635928,92380268,15217,2021/9/1,509266.6667,17.66666667,"Single Family Residence, Residential",1925,3,4,6250.0,sqft,"Radiant, Natural Gas",Central Air,unknown,480000.0,15217,2021/9/1,494712.3333,30.66666667,"Single Family Residence, Residential",2008,3,2,3584.0,sqft,"Forced Air, Natural Gas",Central Air,unknown,590000.0,1,2.0,False,18.64406779661017,hard,2,0,-83,2666.0,p1_much,p2_newer,hard_p1_much
11636044,11639820,15217,2021/9/1,295400.0,16.06666667,"Single Family Residence, Residential",1910,1,3,2980.0,sqft,"Forced Air, Natural Gas",Central Air,Open Parking,315000.0,15217,2021/9/1,276876.4348,12.91304348,"Single Family Residence, Residential",1911,2,5,1860.0,sqft,"Forced Air, Natural Gas",Window A/C,Open Parking,250000.0,2,1.0,False,20.634920634920633,hard,-2,-1,-1,1120.0,p2_more,similar,hard_p2_more
11635673,11640242,15217,2022/1/1,210866.6667,26.66666667,"Single Family Residence, Residential",1920,2,3,4482.0,sqft,"Hot Water, Natural Gas",Window A/C,unknown,175000.0,15217,2022/1/1,197834.75,29.75,"Single Family Residence, Residential",1930,1,3,6703.0,sqft,"Forced Air, Natural Gas",Central Air,unknown,145000.0,2,1.0,False,17.142857142857142,hard,0,1,-10,-2221.0,equal,similar,hard_equal
11288302,11635891,15217,2022/2/1,410483.3333,14.26086957,"Single Family Residence, Residential",1920,2,3,4399.0,sqft,Natural Gas,Central Air,unknown,427000.0,15217,2022/2/1,364314.0741,13.07407407,"Single Family Residence, Residential",1927,3,4,3825.0,sqft,"Hot Water, Natural Gas",Electric,unknown,330000.0,2,1.0,False,22.716627634660423,hard,-1,-1,-7,574.0,p2_more,similar,hard_p2_more
11288409,11631379,15217,2022/3/1,491889.8551,10.4057971,"Single Family Residence, Residential",1916,3,4,3301.0,sqft,"Hot Water, Natural Gas",Wall Unit(s),unknown,519000.0,15217,2022/3/1,550108.5714,15.4,"Townhouse, Residential",1985,4,4,3691.0,sqft,"Forced Air, Natural Gas",Central Air,unknown,650000.0,1,2.0,False,20.153846153846153,hard,0,-1,-69,-390.0,equal,p2_newer,hard_equal
11534053,11629486,15217,2022/3/1,1171093.007,11.46853147,"Townhouse, Residential",1982,4,3,1955.0,sqft,"Forced Air, Electric",Central Air,unknown,1360000.0,15217,2022/3/1,1035337.037,20.42962963,"Single Family Residence, Residential",1906,4,5,6220.0,sqft,"Hot Water, Natural Gas","Central Air, Electric",unknown,999000.0,2,1.0,False,26.544117647058822,medium,-2,0,76,-4265.0,p2_more,p1_much,medium_p2_more
11631379,87991663,15217,2022/3/1,550108.5714,15.4,"Townhouse, Residential",1985,4,4,3691.0,sqft,"Forced Air, Natural Gas",Central Air,unknown,650000.0,15217,2022/3/1,526918.6441,11.15254237,"Townhouse, Residential",2005,3,2,2103.0,sqft,"Forced Air, Natural Gas",Central Air,unknown,475000.0,2,1.0,False,26.923076923076923,medium,2,1,-20,1588.0,p1_much,p2_newer,medium_p1_much
11634829,11635360,15217,2022/3/1,290220.0,12.0,"Townhouse, Residential",1920,1,3,2435.0,sqft,"Hot Water, Natural Gas",Central Air,unknown,251869.0,15217,2022/3/1,280125.0,11.96428571,"Single Family Residence, Residential",1920,1,2,2430.0,sqft,"Hot Water, Natural Gas",Window A/C,unknown,315000.0,1,2.0,False,20.041587301587303,hard,1,0,0,5.0,p1_slight,similar,hard_p1_slight
11288280,11635040,15217,2022/4/1,269066.6667,25.66666667,"Townhouse, Residential",1919,2,3,2530.0,sqft,"Forced Air, Natural Gas",Central Air,unknown,270000.0,15217,2022/4/1,262892.5,26.575,"Single Family Residence, Residential",1926,2,2,3611.0,sqft,"Forced Air, Natural Gas","Central Air, Electric",unknown,350000.0,1,2.0,False,22.857142857142858,hard,1,0,-7,-1081.0,p1_slight,similar,hard_p1_slight
11289679,11636407,15217,2022/4/1,311893.9394,16.93939394,"Townhouse, Residential",1917,3,3,13068.0,sqft,"Forced Air, Natural Gas",Central Air,unknown,390000.0,15217,2022/4/1,322707.6923,17.33333333,"Single Family Residence, Residential",1925,2,3,4055.0,sqft,Natural Gas,Central Air,unknown,295000.0,2,1.0,False,24.358974358974358,hard,0,1,-8,9013.0,equal,similar,hard_equal
11534077,11629326,15217,2022/4/1,869463.6364,25.98051948,"Townhouse, Residential",1982,4,3,1542.0,sqft,"Heat Pump, Electric",Central Air,unknown,930000.0,15217,2022/4/1,736685.7143,18.48571429,"Single Family Residence, Residential",1925,4,5,4400.0,sqft,"Hot Water, Natural Gas",Central Air,unknown,750000.0,2,1.0,False,19.35483870967742,hard,-2,0,57,-2858.0,p2_more,p1_much,hard_p2_more
11635040,11636624,15217,2022/4/1,262892.5,26.575,"Single Family Residence, Residential",1926,2,2,3611.0,sqft,"Forced Air, Natural Gas","Central Air, Electric",unknown,350000.0,15217,2022/4/1,190633.3333,54.55555556,"Single Family Residence, Residential",1925,1,3,4040.0,sqft,"Hot Water, Natural Gas",Window A/C,unknown,252000.0,2,1.0,False,28.000000000000004,medium,-1,1,1,-429.0,p2_more,p1_slight,medium_p2_more
11635114,11636407,15217,2022/4/1,366305.1282,14.51282051,"Single Family Residence, Residential",1911,2,3,2870.0,sqft,"Forced Air, Natural Gas",Central Air,unknown,379900.0,15217,2022/4/1,322707.6923,17.33333333,"Single Family Residence, Residential",1925,2,3,4055.0,sqft,Natural Gas,Central Air,unknown,295000.0,2,1.0,False,22.347986312187416,hard,0,0,-14,-1185.0,equal,similar,hard_equal
11636624,11640241,15217,2022/4/1,190633.3333,54.55555556,"Single Family Residence, Residential",1925,1,3,4040.0,sqft,"Hot Water, Natural Gas",Window A/C,unknown,252000.0,15217,2022/4/1,175700.0,31.15384615,"Single Family Residence, Residential",1930,1,3,6.04,Acres,"Natural Gas, Baseboard",Window A/C,unknown,179900.0,2,1.0,False,28.61111111111111,medium,0,0,-5,4033.96,equal,similar,medium_equal
11288014,11534004,15217,2022/5/1,673584.058,19.71014493,"Single Family Residence, Residential",1930,4,4,3920.0,sqft,"Hot Water, Natural Gas",Central Air,unknown,630000.0,15217,2022/5/1,717100.0,25.25,"Townhouse, Residential",1982,4,3,1694.0,sqft,"Forced Air, Electric",Central Air,unknown,1050000.0,1,2.0,False,40.0,medium,1,0,-52,2226.0,p1_slight,p2_newer,medium_p1_slight
11288291,11534004,15217,2022/5/1,713384.6154,14.23076923,"Single Family Residence, Residential",1917,3,4,4356.0,sqft,"Hot Water, Natural Gas",Central Air,unknown,780000.0,15217,2022/5/1,717100.0,25.25,"Townhouse, Residential",1982,4,3,1694.0,sqft,"Forced Air, Electric",Central Air,unknown,1050000.0,1,2.0,False,25.71428571428571,medium,1,-1,-65,2662.0,p1_slight,p2_newer,medium_p1_slight
11534004,11634976,15217,2022/5/1,717100.0,25.25,"Townhouse, Residential",1982,4,3,1694.0,sqft,"Forced Air, Electric",Central Air,unknown,1050000.0,15217,2022/5/1,583750.0,18.25,"Single Family Residence, Residential",1900,3,6,5479.0,sqft,"Radiant, Natural Gas",Window A/C,unknown,700000.0,2,1.0,False,33.33333333333333,medium,-3,1,82,-3785.0,p2_more,p1_much,medium_p2_more
11629661,11630029,15217,2022/5/1,360100.0,21.5,"Townhouse, Residential",1915,2,5,3179.0,sqft,"Hot Water, Natural Gas",Window A/C,unknown,280000.0,15217,2022/5/1,424712.5,15.425,"Single Family Residence, Residential",1940,2,2,3898.0,sqft,"Forced Air, Natural Gas",Central Air,unknown,450000.0,1,2.0,False,37.77777777777778,medium,3,0,-25,-719.0,p1_much,p2_newer,medium_p1_much
11634976,11640089,15217,2022/5/1,583750.0,18.25,"Single Family Residence, Residential",1900,3,6,5479.0,sqft,"Radiant, Natural Gas",Window A/C,unknown,700000.0,15217,2022/5/1,491761.5385,18.76923077,"Single Family Residence, Residential",1927,3,4,6150.0,sqft,"Hot Water, Natural Gas",Central Air,unknown,567500.0,2,1.0,False,18.928571428571427,hard,2,0,-27,-671.0,p1_much,p2_newer,hard_p1_much
11288351,11289529,15217,2022/6/1,432762.1951,24.08536585,"Single Family Residence, Residential",1920,3,4,4800.0,sqft,"Radiant, Natural Gas",Central Air,unknown,613000.0,15217,2022/6/1,475681.8182,31.0,"Single Family Residence, Residential",1900,3,5,4791.0,sqft,"Hot Water, Natural Gas","Window A/C, Central Air",unknown,450000.0,2,1.0,False,26.590538336052198,medium,-1,0,20,9.0,p2_more,p1_slight,medium_p2_more
11288373,11289529,15217,2022/6/1,498436.5854,22.97560976,"Single Family Residence, Residential",1920,3,5,3484.0,sqft,"Hot Water, Natural Gas",Wall Unit(s),unknown,650000.0,15217,2022/6/1,475681.8182,31.0,"Single Family Residence, Residential",1900,3,5,4791.0,sqft,"Hot Water, Natural Gas","Window A/C, Central Air",unknown,450000.0,2,1.0,False,30.76923076923077,medium,0,0,20,-1307.0,equal,p1_slight,medium_equal
11288373,11539875,15217,2022/6/1,498436.5854,22.97560976,"Single Family Residence, Residential",1920,3,5,3484.0,sqft,"Hot Water, Natural Gas",Wall Unit(s),unknown,650000.0,15217,2022/6/1,412636.5854,17.68292683,"Single Family Residence, Residential",1977,3,4,5353.0,sqft,Natural Gas,Central Air,unknown,523000.0,2,1.0,False,19.538461538461537,hard,1,0,-57,-1869.0,p1_slight,p2_newer,hard_p1_slight
11288373,11629481,15217,2022/6/1,498436.5854,22.97560976,"Single Family Residence, Residential",1920,3,5,3484.0,sqft,"Hot Water, Natural Gas",Wall Unit(s),unknown,650000.0,15217,2022/6/1,569938.4615,23.0,"Single Family Residence, Residential",1929,4,4,5488.0,sqft,"Hot Water, Natural Gas",Window A/C,unknown,515000.0,2,1.0,False,20.76923076923077,hard,1,-1,-9,-2004.0,p1_slight,similar,hard_p1_slight
11529592,11629427,15217,2022/6/1,1084107.692,18.07692308,"Single Family Residence, Residential",1970,4,3,9247.0,sqft,"Forced Air, Natural Gas",Electric,unknown,1300000.0,15217,2022/6/1,1033067.125,22.5,"Single Family Residence, Residential",1928,4,4,6098.0,sqft,"Hot Water, Natural Gas",Central Air,unknown,1000000.0,2,1.0,False,23.076923076923077,hard,-1,0,42,3149.0,p2_more,p1_much,hard_p2_more
11529592,11629457,15217,2022/6/1,1084107.692,18.07692308,"Single Family Residence, Residential",1970,4,3,9247.0,sqft,"Forced Air, Natural Gas",Electric,unknown,1300000.0,15217,2022/6/1,1042590.0,23.85,"Single Family Residence, Residential",1897,4,4,6751.0,sqft,"Forced Air, Natural Gas",Electric,unknown,995000.0,2,1.0,False,23.46153846153846,hard,-1,0,73,2496.0,p2_more,p1_much,hard_p2_more
11529818,121888237,15217,2022/6/1,649111.1111,19.44444444,"Single Family Residence, Residential",1930,4,4,5575.0,sqft,"Forced Air, Natural Gas",Central Air,unknown,642250.0,15217,2022/6/1,697222.5,13.25,"Townhouse, Residential",2013,4,3,4329.0,sqft,"Forced Air, Natural Gas","Central Air, Electric",unknown,778000.0,1,2.0,False,17.448586118251928,hard,1,0,-83,1246.0,p1_slight,p2_newer,hard_p1_slight
11539845,11636310,15217,2022/6/1,225697.6471,24.68235294,"Single Family Residence, Residential",1958,2,3,4920.0,sqft,"Forced Air, Natural Gas",Central Air,unknown,250000.0,15217,2022/6/1,259294.8718,23.51282051,"Single Family Residence, Residential",1953,2,3,2966.0,sqft,"Natural Gas, Heat Pump",Electric,unknown,300000.0,1,2.0,False,16.666666666666664,hard,0,0,5,1954.0,equal,p1_slight,hard_equal
11629427,11629992,15217,2022/6/1,1033067.125,22.5,"Single Family Residence, Residential",1928,4,4,6098.0,sqft,"Hot Water, Natural Gas",Central Air,unknown,1000000.0,15217,2022/6/1,859717.7778,27.20740741,"Single Family Residence, Residential",1909,3,6,7500.0,sqft,"Hot Water, Natural Gas",Central Air,unknown,757683.0,2,1.0,False,24.2317,hard,-2,1,19,-1402.0,p2_more,p1_slight,hard_p2_more
11629457,11629992,15217,2022/6/1,1042590.0,23.85,"Single Family Residence, Residential",1897,4,4,6751.0,sqft,"Forced Air, Natural Gas",Electric,unknown,995000.0,15217,2022/6/1,859717.7778,27.20740741,"Single Family Residence, Residential",1909,3,6,7500.0,sqft,"Hot Water, Natural Gas",Central Air,unknown,757683.0,2,1.0,False,23.850954773869347,hard,-2,1,-12,-749.0,p2_more,similar,hard_p2_more
11629992,67344762,15217,2022/6/1,859717.7778,27.20740741,"Single Family Residence, Residential",1909,3,6,7500.0,sqft,"Hot Water, Natural Gas",Central Air,unknown,757683.0,15217,2022/6/1,1025001.205,17.6626506,"Townhouse, Residential",2004,5,5,3049.0,sqft,"Forced Air, Natural Gas",Central Air,unknown,1000000.0,1,2.0,False,24.2317,hard,1,-2,-95,4451.0,p1_slight,p2_newer,hard_p1_slight
11344618,11344755,15218,2019/10/1,153261.0952,22.57142857,SingleFamily,1920,2,3,4356.0,sqft,"Radiant, Gas",Wall,unknown,105000.0,15218,2019/10/1,146376.6667,35.11111111,SingleFamily,1920,1,3,3598.0,sqft,"Other, Forced air, Gas",Central,unknown,149900.0,1,2.0,False,29.953302201467647,medium,0,1,0,758.0,equal,similar,medium_equal
11344918,11344943,15218,2019/10/1,183038.2941,17.88235294,SingleFamily,1910,5,5,5174.0,sqft,"Other, Forced air, None",Central,unknown,295000.0,15218,2019/10/1,161455.6,18.1,SingleFamily,1920,2,4,3628.0,sqft,"Other, Gas",Central,unknown,174900.0,2,1.0,False,40.71186440677966,easy,1,3,-10,1546.0,p1_slight,similar,easy_p1_slight
11344943,11383802,15218,2019/10/1,161455.6,18.1,SingleFamily,1920,2,4,3628.0,sqft,"Other, Gas",Central,unknown,174900.0,15218,2019/10/1,158752.5455,18.90909091,"Single Family Residence, Residential",1959,2,2,7840.0,sqft,"Forced Air, Natural Gas",Central Air,unknown,131000.0,2,1.0,False,25.10005717552887,medium,2,0,-39,-4212.0,p1_much,p2_newer,medium_p1_much
11343830,11345810,15218,2019/8/1,150156.8333,20.33333333,Townhouse,1930,2,2,1089.0,sqft,Other,Central,unknown,176500.0,15218,2019/8/1,119948.0,27.23076923,SingleFamily,1910,2,3,2748.0,sqft,"Other, Gas",Wall,unknown,140630.0,2,1.0,False,20.322946175637394,hard,-1,0,20,-1659.0,p2_more,p1_slight,hard_p2_more
11345672,11383764,15218,2020/12/1,129446.0,50.0,"Single Family Residence, Residential",1900,2,4,2725.0,sqft,"Forced Air, Natural Gas","Central Air, Electric",unknown,207000.0,15218,2020/12/1,87915.65217,45.52173913,"Single Family Residence, Residential",1926,1,3,3023.0,sqft,Electric,Electric,unknown,125000.0,2,1.0,False,39.61352657004831,medium,1,1,-26,-298.0,p1_slight,p2_newer,medium_p1_slight
11344220,11345064,15218,2020/6/1,191366.4,23.7,SingleFamily,1914,2,4,2400.0,sqft,Other,Central,unknown,243900.0,15218,2020/6/1,181770.6,16.6,"Single Family Residence, Residential",1945,2,3,3123.0,sqft,"Forced Air, Natural Gas",Central Air,unknown,200000.0,2,1.0,False,17.99917999179992,hard,1,0,-31,-723.0,p1_slight,p2_newer,hard_p1_slight
11343329,11343763,15218,2020/7/1,289740.0,21.0,SingleFamily,1941,3,4,4112.0,sqft,Other,Central,unknown,359000.0,15218,2020/7/1,268439.5185,17.0,"Single Family Residence, Residential",1920,2,3,6486.0,sqft,"Forced Air, Natural Gas",Central Air,unknown,199900.0,2,1.0,False,44.317548746518106,easy,1,1,21,-2374.0,p1_slight,p1_much,easy_p1_slight
11343329,11344192,15218,2020/7/1,289740.0,21.0,SingleFamily,1941,3,4,4112.0,sqft,Other,Central,unknown,359000.0,15218,2020/7/1,256147.6842,17.52631579,"Single Family Residence, Residential",1900,3,4,8319.0,sqft,"Natural Gas, Baseboard","Attic Fan, Window A/C",unknown,235000.0,2,1.0,False,34.540389972144844,medium,0,0,41,-4207.0,equal,p1_much,medium_equal
11344101,11344192,15218,2020/7/1,279412.4,21.9,SingleFamily,1936,2,3,6096.0,sqft,"Radiant, Gas",Central,unknown,340000.0,15218,2020/7/1,256147.6842,17.52631579,"Single Family Residence, Residential",1900,3,4,8319.0,sqft,"Natural Gas, Baseboard","Attic Fan, Window A/C",unknown,235000.0,2,1.0,False,30.88235294117647,medium,-1,-1,36,-2223.0,p2_more,p1_much,medium_p2_more
11290382,11381976,15218,2020/8/1,186403.2,28.6,SingleFamily,1950,1,3,3598.0,sqft,Other,Central,unknown,215000.0,15218,2020/8/1,160659.8,29.6,"Single Family Residence, Residential",1924,2,3,3149.0,sqft,Natural Gas,Central Air,unknown,176000.0,2,1.0,False,18.13953488372093,hard,0,-1,26,449.0,equal,p1_much,hard_equal
11344037,11381426,15218,2020/8/1,386207.4167,20.16666667,"Single Family Residence, Residential",1926,2,4,4200.0,sqft,"Forced Air, Natural Gas",Electric,unknown,835000.0,15218,2020/8/1,448810.4444,20.88888889,SingleFamily,1873,4,6,0.26,Acres,"Forced air, Gas",Central,unknown,458500.0,2,1.0,False,45.08982035928143,easy,-2,-2,53,4199.74,p2_more,p1_much,easy_p2_more
11345071,11381976,15218,2020/8/1,192319.75,25.0,"Single Family Residence, Residential",1920,1,3,2748.0,sqft,"Forced Air, Natural Gas",Central Air,unknown,223500.0,15218,2020/8/1,160659.8,29.6,"Single Family Residence, Residential",1924,2,3,3149.0,sqft,Natural Gas,Central Air,unknown,176000.0,2,1.0,False,21.252796420581653,hard,0,-1,-4,-401.0,equal,similar,hard_equal
11345530,11383533,15218,2020/8/1,159246.3,34.3,"Single Family Residence, Residential",1950,2,3,3600.0,sqft,"Forced Air, Natural Gas",Central Air,unknown,249000.0,15218,2020/8/1,142169.8182,23.45454545,"Single Family Residence, Residential",1966,1,3,9639.0,sqft,Natural Gas,Central Air,unknown,129900.0,2,1.0,False,47.83132530120482,easy,0,1,-16,-6039.0,equal,similar,easy_equal
11381976,11383533,15218,2020/8/1,160659.8,29.6,"Single Family Residence, Residential",1924,2,3,3149.0,sqft,Natural Gas,Central Air,unknown,176000.0,15218,2020/8/1,142169.8182,23.45454545,"Single Family Residence, Residential",1966,1,3,9639.0,sqft,Natural Gas,Central Air,unknown,129900.0,2,1.0,False,26.193181818181817,medium,0,1,-42,-6490.0,equal,p2_newer,medium_equal
11382362,11383533,15218,2020/8/1,171213.0769,30.30769231,SingleFamily,1926,2,3,3000.0,sqft,Other,Central,unknown,189900.0,15218,2020/8/1,142169.8182,23.45454545,"Single Family Residence, Residential",1966,1,3,9639.0,sqft,Natural Gas,Central Air,unknown,129900.0,2,1.0,False,31.595576619273302,medium,0,1,-40,-6639.0,equal,p2_newer,medium_equal
11290461,11344264,15218,2020/9/1,239101.6,16.2,"Single Family Residence, Residential",1950,2,3,0.26,Acres,"Forced Air, Natural Gas",Electric,unknown,270850.0,15218,2020/9/1,269094.5,28.0,"Single Family Residence, Residential",1925,2,3,4114.0,sqft,"Forced Air, Natural Gas",Central Air,unknown,213000.0,2,1.0,False,21.358685619346502,hard,0,0,25,-4113.74,equal,p1_much,hard_equal
11344091,11344264,15218,2020/9/1,257794.25,14.0,"Single Family Residence, Residential",1900,3,3,1877.0,sqft,"Forced Air, Natural Gas",Central Air,unknown,275000.0,15218,2020/9/1,269094.5,28.0,"Single Family Residence, Residential",1925,2,3,4114.0,sqft,"Forced Air, Natural Gas",Central Air,unknown,213000.0,2,1.0,False,22.545454545454547,hard,0,1,-25,-2237.0,equal,p2_newer,hard_equal
11290211,11345252,15218,2021/12/1,168147.8261,34.56521739,"Single Family Residence, Residential",1919,2,2,2252.0,sqft,"Forced Air, Natural Gas","Central Air, Electric",unknown,186000.0,15218,2021/12/1,135910.6383,37.44680851,"Single Family Residence, Residential",1935,1,3,4680.0,sqft,"Forced Air, Natural Gas",Window A/C,unknown,150000.0,2,1.0,False,19.35483870967742,hard,-1,1,-16,-2428.0,p2_more,similar,hard_p2_more
11343765,11345252,15218,2021/12/1,176044.6809,28.80851064,"Single Family Residence, Residential",1954,2,2,2888.0,sqft,Natural Gas,Electric,unknown,180000.0,15218,2021/12/1,135910.6383,37.44680851,"Single Family Residence, Residential",1935,1,3,4680.0,sqft,"Forced Air, Natural Gas",Window A/C,unknown,150000.0,2,1.0,False,16.666666666666664,hard,-1,1,19,-1792.0,p2_more,p1_slight,hard_p2_more
11343725,11344103,15218,2021/3/1,256408.0,21.0,"Single Family Residence, Residential",1949,2,3,3519.0,sqft,"Forced Air, Natural Gas",Central Air,unknown,230000.0,15218,2021/3/1,287775.5714,13.85714286,"Single Family Residence, Residential",1936,1,3,9104.0,sqft,Natural Gas,Central Air,unknown,284900.0,1,2.0,False,19.26991926991927,hard,0,1,13,-5585.0,equal,p1_slight,hard_equal
11345668,11383506,15218,2021/5/1,129187.0909,52.45454545,"Single Family Residence, Residential",1920,4,5,3841.0,sqft,Natural Gas,Central Air,unknown,251000.0,15218,2021/5/1,135290.1818,21.63636364,"Single Family Residence, Residential",1965,2,3,7125.0,sqft,"Forced Air, Natural Gas","Central Air, Electric",unknown,161000.0,2,1.0,False,35.85657370517929,medium,2,2,-45,-3284.0,p1_much,p2_newer,medium_p1_much
11382232,11382328,15218,2021/5/1,143903.3333,17.11111111,"Single Family Residence, Residential",1940,1,2,5601.0,sqft,"Forced Air, Natural Gas",Central Air,unknown,177000.0,15218,2021/5/1,116555.3333,38.0,"Single Family Residence, Residential",1920,1,3,4320.0,sqft,"Forced Air, Natural Gas",Central Air,unknown,126000.0,2,1.0,False,28.8135593220339,medium,-1,0,20,1281.0,p2_more,p1_slight,medium_p2_more
11343567,11345111,15218,2021/6/1,259418.6923,30.0,"Single Family Residence, Residential",1900,1,3,3960.0,sqft,"Forced Air, Natural Gas",Central Air,unknown,280000.0,15218,2021/6/1,190595.7273,33.45454545,"Single Family Residence, Residential",1890,2,3,4350.0,sqft,"Forced Air, Natural Gas",Central Air,unknown,199000.0,2,1.0,False,28.92857142857143,medium,0,-1,10,-390.0,equal,p1_slight,medium_equal
11344903,11382211,15218,2021/6/1,212112.3077,20.76923077,"Single Family Residence, Residential",1905,2,5,2874.0,sqft,"Forced Air, Natural Gas",Central Air,Open Parking,270000.0,15218,2021/6/1,212987.9091,23.90909091,"Single Family Residence, Residential",1928,1,3,3323.0,sqft,"Forced Air, Natural Gas",Window A/C,Open Parking,215000.0,2,1.0,False,20.37037037037037,hard,2,1,-23,-449.0,p1_much,p2_newer,hard_p1_much
11343082,11345515,15218,2021/8/1,448117.0,28.41666667,"Single Family Residence, Residential",1930,3,3,4199.0,sqft,"Forced Air, Natural Gas",Central Air,unknown,477100.0,15218,2021/8/1,384958.0,24.0,"Single Family Residence, Residential",1920,3,4,7200.0,sqft,"Forced Air, Natural Gas",Central Air,unknown,376500.0,2,1.0,False,21.08572626283798,hard,-1,0,10,-3001.0,p2_more,p1_slight,hard_p2_more
11345600,11383355,15218,2021/9/1,211730.0,18.4,"Single Family Residence, Residential",1946,1,3,5083.0,sqft,"Forced Air, Natural Gas","Central Air, Electric",unknown,277000.0,15218,2021/9/1,164264.4068,38.91525424,"Single Family Residence, Residential",1915,2,6,5749.0,sqft,"Hot Water, Natural Gas",Window A/C,unknown,184000.0,2,1.0,False,33.57400722021661,medium,-3,-1,31,-666.0,p2_more,p1_much,medium_p2_more
11345174,11345196,15218,2022/1/1,158963.8298,42.91489362,"Single Family Residence, Residential",1910,2,3,1890.0,sqft,"Forced Air, Natural Gas",Central Air,unknown,200000.0,15218,2022/1/1,125907.6706,31.45882353,"Single Family Residence, Residential",1918,2,4,2252.0,sqft,"Forced Air, Natural Gas",Window A/C,unknown,120000.0,2,1.0,False,40.0,medium,-1,0,-8,-362.0,p2_more,similar,medium_p2_more
11344314,11381613,15218,2022/3/1,175315.2866,11.40764331,"Single Family Residence, Residential",1900,2,3,3680.0,sqft,"Forced Air, Natural Gas",Central Air,unknown,189000.0,15218,2022/3/1,197231.25,24.90277778,"Single Family Residence, Residential",1935,1,3,9395.0,sqft,Natural Gas,Central Air,unknown,115000.0,2,1.0,False,39.15343915343915,medium,0,1,-35,-5715.0,equal,p2_newer,medium_equal
11343068,11343224,15218,2022/6/1,478719.5652,14.7173913,"Single Family Residence, Residential",1925,2,3,2696.0,sqft,"Forced Air, Natural Gas",Central Air,unknown,526000.0,15218,2022/6/1,408439.5604,19.23076923,"Single Family Residence, Residential",1930,4,3,3001.0,sqft,"Hot Water, Natural Gas","Window A/C, Wall Unit(s)",unknown,434900.0,2,1.0,False,17.319391634980988,hard,0,-2,-5,-305.0,equal,similar,hard_equal
11577554,11577710,15220,2019/10/1,198240.7059,10.70588235,SingleFamily,1955,1,3,0.34,Acres,Other,Central,Garage - Attached,159900.0,15220,2019/10/1,205074.0,13.5,SingleFamily,1957,2,3,7801.0,sqft,Other,Central,Garage - Attached,219500.0,1,2.0,False,27.152619589977224,medium,0,-1,-2,-7800.66,equal,similar,medium_equal
11355856,11577618,15220,2019/11/1,138397.4,20.8,SingleFamily,1960,2,3,8833.0,sqft,Other,Central,unknown,145000.0,15220,2019/11/1,156276.8571,15.57142857,SingleFamily,1941,1,3,5775.0,sqft,"Forced air, Gas",Central,unknown,175000.0,1,2.0,False,17.142857142857142,hard,0,1,19,3058.0,equal,p1_slight,hard_equal
11577598,11577671,15220,2019/9/1,216398.8462,18.46153846,SingleFamily,1950,2,4,5501.0,sqft,Other,Central,Garage - Attached,235000.0,15220,2019/9/1,189485.9,12.7,SingleFamily,1964,3,3,7623.0,sqft,"Other, Gas",Central,Garage - Attached,195500.0,2,1.0,False,16.80851063829787,hard,1,-1,-14,-2122.0,p1_slight,similar,hard_p1_slight
11452613,11453100,15220,2020/10/1,249078.7143,11.42857143,"Single Family Residence, Residential",1959,3,4,10476.0,sqft,Natural Gas,Central Air,Attached Garage,245000.0,15220,2020/10/1,250356.0,15.77777778,SingleFamily,1953,3,4,6534.0,sqft,"Other, Forced air, Gas",Central,Garage - Attached,355000.0,1,2.0,False,30.985915492957744,medium,0,0,6,3942.0,equal,p1_slight,medium_equal
11452637,11453151,15220,2020/11/1,229709.0,14.36363636,"Single Family Residence, Residential",1958,2,3,8977.0,sqft,"Forced Air, Natural Gas","Central Air, Electric",unknown,240000.0,15220,2020/11/1,264235.1538,16.76923077,"Single Family Residence, Residential",1950,2,3,0.46,Acres,"Natural Gas, Baseboard",Central Air,unknown,298250.0,1,2.0,False,19.53059513830679,hard,0,0,8,8976.54,equal,p1_slight,hard_equal
11453151,11460181,15220,2020/11/1,264235.1538,16.76923077,"Single Family Residence, Residential",1950,2,3,0.46,Acres,"Natural Gas, Baseboard",Central Air,unknown,298250.0,15220,2020/11/1,235002.0,10.0,"Single Family Residence, Residential",1970,3,5,8685.0,sqft,"Forced Air, Natural Gas",Central Air,unknown,240000.0,2,1.0,False,19.53059513830679,hard,-2,-1,-20,-8684.54,p2_more,p2_newer,hard_p2_more
11346876,11346944,15220,2020/2/1,178350.7619,19.0952381,SingleFamily,1958,2,3,8659.0,sqft,"Other, Gas",Central,Garage - Attached,171000.0,15220,2020/2/1,214469.8182,19.81818182,SingleFamily,1946,2,3,0.36,Acres,"Forced air, Gas",Central,Garage - Attached,229900.0,1,2.0,False,25.6198347107438,medium,0,0,12,8658.64,equal,p1_slight,medium_equal
11452726,11573531,15220,2020/2/1,165737.0,22.75,SingleFamily,1954,3,3,6250.0,sqft,"Other, Forced air, Gas",Central,unknown,169500.0,15220,2020/2/1,159812.3889,11.38888889,"Single Family Residence, Residential",1954,2,4,6542.0,sqft,"Forced Air, Natural Gas",Central Air,unknown,136500.0,2,1.0,False,19.469026548672566,hard,-1,1,0,-292.0,p2_more,similar,hard_p2_more
11252273,11460195,15220,2020/3/1,232810.6667,13.33333333,SingleFamily,1987,3,3,7562.0,sqft,Other,Central,Garage - Attached,225000.0,15220,2020/3/1,264933.3056,13.22222222,SingleFamily,1978,4,3,10362.0,sqft,Other,Central,Garage - Attached,279000.0,1,2.0,False,19.35483870967742,hard,0,-1,9,-2800.0,equal,p1_slight,hard_equal
11346934,11452973,15220,2020/3/1,222462.3,22.9,SingleFamily,1972,3,3,8917.0,sqft,Other,Central,unknown,271300.0,15220,2020/3/1,213648.7,21.9,SingleFamily,1952,2,4,6696.0,sqft,Other,Central,unknown,180000.0,2,1.0,False,33.65278289716181,medium,-1,1,20,2221.0,p2_more,p1_slight,medium_p2_more
11452973,11460176,15220,2020/3/1,213648.7,21.9,SingleFamily,1952,2,4,6696.0,sqft,Other,Central,unknown,180000.0,15220,2020/3/1,205824.1111,13.55555556,SingleFamily,1957,2,2,0.54,Acres,Other,Central,unknown,225000.0,1,2.0,False,20.0,hard,2,0,-5,6695.46,p1_much,similar,hard_p1_much
11460176,11468948,15220,2020/3/1,205824.1111,13.55555556,SingleFamily,1957,2,2,0.54,Acres,Other,Central,unknown,225000.0,15220,2020/3/1,183047.4615,15.92307692,SingleFamily,1962,2,3,25.0,sqft,"Forced air, Gas",Central,unknown,173500.0,2,1.0,False,22.88888888888889,hard,-1,0,-5,-24.46,p2_more,similar,hard_p2_more
11577447,59835990,15220,2020/3/1,258805.0,12.33333333,SingleFamily,1962,4,4,0.5,Acres,Other,Central,unknown,240500.0,15220,2020/3/1,276382.4,12.0,Townhouse,1995,3,3,3571.0,sqft,"Forced air, Gas",Central,unknown,295000.0,1,2.0,False,18.47457627118644,hard,1,1,-33,-3570.5,p1_slight,p2_newer,hard_p1_slight
11355765,11366806,15220,2020/8/1,104467.5,44.3,"Single Family Residence, Residential",1960,1,3,2500.0,sqft,"Forced Air, Electric","Attic Fan, Window A/C",unknown,110250.0,15220,2020/8/1,128877.2,20.4,"Townhouse, Residential",1978,2,2,3001.0,sqft,Forced Air,Central Air,unknown,133900.0,1,2.0,False,17.662434652725914,hard,1,-1,-18,-501.0,p1_slight,similar,hard_p1_slight
11252202,11252231,15220,2020/9/1,170816.4,25.2,"Single Family Residence, Residential",1952,3,3,0.76,Acres,"Forced Air, Natural Gas",Central Air,unknown,290000.0,15220,2020/9/1,154747.7273,14.72727273,"Single Family Residence, Residential",1950,1,4,6499.0,sqft,"Forced Air, Natural Gas",Central Air,unknown,156000.0,2,1.0,False,46.206896551724135,easy,-1,2,2,-6498.24,p2_more,p1_slight,easy_p2_more
11346691,11346790,15220,2021/1/1,334933.5,14.5,"Single Family Residence, Residential",1930,3,5,0.51,Acres,"Hot Water, Natural Gas",Window A/C,unknown,342000.0,15220,2021/1/1,323719.0,15.25,"Single Family Residence, Residential",1942,3,4,6690.0,sqft,"Forced Air, Natural Gas",Central Air,unknown,245900.0,2,1.0,False,28.099415204678362,medium,1,0,-12,-6689.49,p1_slight,similar,medium_p1_slight
11355981,11366914,15220,2021/10/1,132088.1356,21.18644068,"Single Family Residence, Residential",1940,1,2,3998.0,sqft,"Forced Air, Natural Gas",Central Air,unknown,170000.0,15220,2021/10/1,116101.6949,22.16949153,"Single Family Residence, Residential",1900,2,3,2252.0,sqft,Natural Gas,Central Air,unknown,126000.0,2,1.0,False,25.882352941176475,medium,-1,-1,40,1746.0,p2_more,p1_much,medium_p2_more
11362200,11366914,15220,2021/10/1,88505.88235,66.52941176,"Single Family Residence, Residential",1925,1,3,0.27,Acres,"Forced Air, Natural Gas",Window A/C,unknown,152000.0,15220,2021/10/1,116101.6949,22.16949153,"Single Family Residence, Residential",1900,2,3,2252.0,sqft,Natural Gas,Central Air,unknown,126000.0,2,1.0,False,17.105263157894736,hard,0,-1,25,-2251.73,equal,p1_much,hard_equal
11346658,11356014,15220,2021/2/1,170265.8333,16.66666667,"Single Family Residence, Residential",1942,1,2,6250.0,sqft,"Forced Air, Natural Gas",Central Air,unknown,205000.0,15220,2021/2/1,137505.5556,33.55555556,SingleFamily,1945,2,3,3955.0,sqft,"Other, Gas",Central,unknown,133650.0,2,1.0,False,34.80487804878049,medium,-1,-1,-3,2295.0,p2_more,similar,medium_p2_more
11366460,11452696,15220,2021/2/1,232320.0,18.36363636,"Single Family Residence, Residential",1952,3,3,10497.0,sqft,Natural Gas,Central Air,unknown,150000.0,15220,2021/2/1,216546.0,19.33333333,"Single Family Residence, Residential",1935,2,3,7435.0,sqft,"Forced Air, Natural Gas",Central Air,unknown,225000.0,1,2.0,False,33.33333333333333,medium,0,1,17,3062.0,equal,p1_slight,medium_equal
11346963,11573628,15220,2021/6/1,234350.0,21.66666667,"Single Family Residence, Residential",1953,2,3,10650.0,sqft,"Forced Air, Natural Gas",Central Air,unknown,185000.0,15220,2021/6/1,249910.2,12.4,"Single Family Residence, Residential",1952,2,3,0.31,Acres,"Forced Air, Natural Gas",Central Air,unknown,285000.0,1,2.0,False,35.08771929824561,medium,0,0,1,10649.69,equal,p1_slight,medium_equal
11453377,11573628,15220,2021/6/1,223899.8889,15.66666667,"Single Family Residence, Residential",1960,2,3,6420.0,sqft,"Forced Air, Natural Gas",Central Air,unknown,205000.0,15220,2021/6/1,249910.2,12.4,"Single Family Residence, Residential",1952,2,3,0.31,Acres,"Forced Air, Natural Gas",Central Air,unknown,285000.0,1,2.0,False,28.07017543859649,medium,0,0,8,6419.69,equal,p1_slight,medium_equal
11355811,11573742,15220,2021/7/1,186755.3913,25.34782609,"Single Family Residence, Residential",1950,2,3,5000.0,sqft,"Forced Air, Natural Gas",Central Air,unknown,143500.0,15220,2021/7/1,211927.1429,14.14285714,"Single Family Residence, Residential",1961,2,2,0.35,Acres,"Forced Air, Natural Gas",Central Air,unknown,210500.0,1,2.0,False,31.828978622327792,medium,1,0,-11,4999.65,p1_slight,similar,medium_p1_slight
11460087,11577743,15220,2021/8/1,246377.5652,13.52173913,"Single Family Residence, Residential",1967,3,3,0.25,Acres,Natural Gas,Central Air,unknown,215000.0,15220,2021/8/1,251979.8261,14.17391304,"Single Family Residence, Residential",1950,2,3,5998.0,sqft,"Forced Air, Natural Gas",Central Air,unknown,265000.0,1,2.0,False,18.867924528301888,hard,0,1,17,-5997.75,equal,p1_slight,hard_equal
11346788,11452697,15220,2022/1/1,217559.1549,26.04225352,"Single Family Residence, Residential",1966,3,4,6054.0,sqft,Natural Gas,Central Air,unknown,259900.0,15220,2022/1/1,194019.6667,14.66666667,"Single Family Residence, Residential",1950,1,3,6250.0,sqft,"Forced Air, Natural Gas",Central Air,unknown,167000.0,2,1.0,False,35.744517121969984,medium,1,2,16,-196.0,p1_slight,p1_slight,medium_p1_slight
11346948,11476057,15220,2022/5/1,197746.1538,22.1025641,"Single Family Residence, Residential",1941,2,3,7500.0,sqft,"Forced Air, Natural Gas",Central Air,unknown,235575.0,15220,2022/5/1,196565.0,14.95,"Single Family Residence, Residential",1966,3,3,5000.0,sqft,"Natural Gas, Baseboard",Central Air,unknown,180000.0,2,1.0,False,23.591212989493794,hard,0,-1,-25,2500.0,equal,p2_newer,hard_equal
11356074,11476057,15220,2022/5/1,188627.7778,18.5,"Single Family Residence, Residential",1956,1,3,4051.0,sqft,"Forced Air, Natural Gas",Central Air,unknown,243000.0,15220,2022/5/1,196565.0,14.95,"Single Family Residence, Residential",1966,3,3,5000.0,sqft,"Natural Gas, Baseboard",Central Air,unknown,180000.0,2,1.0,False,25.925925925925924,medium,0,-2,-10,-949.0,equal,similar,medium_equal
11452899,11476057,15220,2022/5/1,230642.8571,22.85714286,"Single Family Residence, Residential",1934,2,3,7801.0,sqft,"Hot Water, Natural Gas","Central Air, Electric",unknown,295000.0,15220,2022/5/1,196565.0,14.95,"Single Family Residence, Residential",1966,3,3,5000.0,sqft,"Natural Gas, Baseboard",Central Air,unknown,180000.0,2,1.0,False,38.983050847457626,medium,0,-1,-32,2801.0,equal,p2_newer,medium_equal
11452701,11574012,15220,2022/6/1,201952.0,24.52,"Single Family Residence, Residential",1950,1,2,10650.0,sqft,"Forced Air, Natural Gas",Central Air,unknown,222500.0,15220,2022/6/1,168084.9462,17.39784946,"Single Family Residence, Residential",1954,1,3,4473.0,sqft,Natural Gas,Central Air,unknown,150000.0,2,1.0,False,32.58426966292135,medium,-1,0,-4,6177.0,p2_more,similar,medium_p2_more
11342187,11418823,15221,2019/10/1,146981.1176,19.47058824,"Single Family Residence, Residential",1920,1,3,1250.0,sqft,Natural Gas,Central Air,Open Parking,165000.0,15221,2019/10/1,147798.1538,18.46153846,SingleFamily,1965,2,3,7914.0,sqft,Other,Central,Garage - Attached,136000.0,2,1.0,False,17.575757575757574,hard,0,-1,-45,-6664.0,equal,p2_newer,hard_equal
11418823,11419577,15221,2019/10/1,147798.1538,18.46153846,SingleFamily,1965,2,3,7914.0,sqft,Other,Central,Garage - Attached,136000.0,15221,2019/10/1,171601.6923,21.5,SingleFamily,1930,1,5,0.32,Acres,Other,Central,Garage - Attached,165000.0,1,2.0,False,17.575757575757574,hard,-2,1,35,7913.68,p2_more,p1_much,hard_p2_more
11456494,11456533,15221,2019/10/1,122667.8,19.0,SingleFamily,1960,2,3,0.34,Acres,Other,Central,unknown,117500.0,15221,2019/10/1,138345.0,20.0,SingleFamily,1930,2,3,4791.0,sqft,"Forced air, Gas",Central,unknown,157000.0,1,2.0,False,25.159235668789808,medium,0,0,30,-4790.66,equal,p1_much,medium_equal
11418943,11475160,15221,2019/7/1,144683.0,14.0,SingleFamily,1952,2,3,0.56,Acres,"Forced air, Gas",Central,unknown,160000.0,15221,2019/7/1,156120.5,15.25,SingleFamily,1935,2,3,0.76,Acres,"Forced air, Gas",Central,unknown,217000.0,1,2.0,False,26.26728110599078,medium,0,0,17,-0.19999999999999996,equal,p1_slight,medium_equal
11418966,11455634,15221,2020/10/1,206908.5455,13.81818182,"Single Family Residence, Residential",1968,2,3,9450.0,sqft,"Forced Air, Natural Gas",Central Air,unknown,230000.0,15221,2020/10/1,183517.2,13.9,"Single Family Residence, Residential",1960,2,4,6124.0,sqft,"Forced Air, Natural Gas",Central Air,unknown,164800.0,2,1.0,False,28.347826086956523,medium,-1,0,8,3326.0,p2_more,p1_slight,medium_p2_more
11419445,11456116,15221,2020/10/1,178829.0,18.0,"Single Family Residence, Residential",1960,2,3,9849.0,sqft,"Forced Air, Natural Gas",Central Air,unknown,197000.0,15221,2020/10/1,152417.7692,31.46153846,"Single Family Residence, Residential",1926,3,4,4822.0,sqft,"Natural Gas, Baseboard",Window A/C,unknown,159900.0,2,1.0,False,18.83248730964467,hard,-1,-1,34,5027.0,p2_more,p1_much,hard_p2_more
11341569,11455861,15221,2020/12/1,122385.5833,24.0,"Single Family Residence, Residential",1919,2,3,3127.0,sqft,"Forced Air, Natural Gas",Window A/C,unknown,153000.0,15221,2020/12/1,116797.5714,17.85714286,"Single Family Residence, Residential",1954,2,2,7914.0,sqft,"Forced Air, Natural Gas",Central Air,unknown,123000.0,2,1.0,False,19.607843137254903,hard,1,0,-35,-4787.0,p1_slight,p2_newer,hard_p1_slight
11342822,11455204,15221,2020/4/1,153102.7778,44.77777778,SingleFamily,1910,1,3,1711.0,sqft,"Other, Forced air, Gas",Central,On-street,176400.0,15221,2020/4/1,116065.6,24.3,SingleFamily,1954,1,3,7501.0,sqft,Other,Central,Garage - Attached,124000.0,2,1.0,False,29.705215419501137,medium,0,0,-44,-5790.0,equal,p2_newer,medium_equal
11342822,11455756,15221,2020/4/1,153102.7778,44.77777778,SingleFamily,1910,1,3,1711.0,sqft,"Other, Forced air, Gas",Central,On-street,176400.0,15221,2020/4/1,112607.5263,30.52631579,SingleFamily,1953,3,3,8319.0,sqft,"Other, Gas",Central,Garage - Attached,112500.0,2,1.0,False,36.224489795918366,medium,0,-2,-43,-6608.0,equal,p2_newer,medium_equal
11418481,11418656,15221,2020/7/1,160866.5,18.5,SingleFamily,1955,4,4,0.27,Acres,Other,Central,unknown,120510.0,15221,2020/7/1,171263.375,26.0,SingleFamily,1940,2,4,0.29,Acres,"Forced air, Gas",Central,unknown,199000.0,1,2.0,False,39.44221105527638,medium,0,2,15,-0.019999999999999962,equal,p1_slight,medium_equal
11418481,11418799,15221,2020/7/1,160866.5,18.5,SingleFamily,1955,4,4,0.27,Acres,Other,Central,unknown,120510.0,15221,2020/7/1,164205.75,17.5,SingleFamily,1967,3,3,0.25,Acres,Other,Central,unknown,221000.0,1,2.0,False,45.470588235294116,easy,1,1,-12,0.020000000000000018,p1_slight,similar,easy_p1_slight
11418656,11420690,15221,2020/7/1,171263.375,26.0,SingleFamily,1940,2,4,0.29,Acres,"Forced air, Gas",Central,unknown,199000.0,15221,2020/7/1,161867.8,21.8,SingleFamily,1955,3,4,0.89,Acres,Other,Central,unknown,159000.0,2,1.0,False,20.100502512562816,hard,0,-1,-15,-0.6000000000000001,equal,similar,hard_equal
11418656,11421025,15221,2020/7/1,171263.375,26.0,SingleFamily,1940,2,4,0.29,Acres,"Forced air, Gas",Central,unknown,199000.0,15221,2020/7/1,166662.8889,24.77777778,SingleFamily,1952,2,4,10545.0,sqft,Other,Central,unknown,157500.0,2,1.0,False,20.85427135678392,hard,0,0,-12,-10544.71,equal,similar,hard_equal
11418799,11420690,15221,2020/7/1,164205.75,17.5,SingleFamily,1967,3,3,0.25,Acres,Other,Central,unknown,221000.0,15221,2020/7/1,161867.8,21.8,SingleFamily,1955,3,4,0.89,Acres,Other,Central,unknown,159000.0,2,1.0,False,28.054298642533936,medium,-1,0,12,-0.64,p2_more,p1_slight,medium_p2_more
11418799,11421025,15221,2020/7/1,164205.75,17.5,SingleFamily,1967,3,3,0.25,Acres,Other,Central,unknown,221000.0,15221,2020/7/1,166662.8889,24.77777778,SingleFamily,1952,2,4,10545.0,sqft,Other,Central,unknown,157500.0,2,1.0,False,28.733031674208142,medium,-1,1,15,-10544.75,p2_more,p1_slight,medium_p2_more
11418881,11421025,15221,2020/7/1,203028.3333,16.66666667,Townhouse,1997,3,2,1575.0,sqft,"Forced air, Gas",Central,unknown,202000.0,15221,2020/7/1,166662.8889,24.77777778,SingleFamily,1952,2,4,10545.0,sqft,Other,Central,unknown,157500.0,2,1.0,False,22.02970297029703,hard,-2,1,45,-8970.0,p2_more,p1_much,hard_p2_more
11420843,11421025,15221,2020/7/1,192880.0,17.0,SingleFamily,1963,3,3,6673.0,sqft,Forced air,Central,unknown,233000.0,15221,2020/7/1,166662.8889,24.77777778,SingleFamily,1952,2,4,10545.0,sqft,Other,Central,unknown,157500.0,2,1.0,False,32.40343347639485,medium,-1,1,11,-3872.0,p2_more,p1_slight,medium_p2_more
11341680,11342623,15221,2020/8/1,374494.8889,19.22222222,"Single Family Residence, Residential",1918,2,3,3484.0,sqft,"Forced Air, Natural Gas",Central Air,unknown,525000.0,15221,2020/8/1,385520.6667,16.33333333,"Single Family Residence, Residential",1920,2,4,4800.0,sqft,"Hot Water, Natural Gas",Window A/C,unknown,419900.0,2,1.0,False,20.01904761904762,hard,-1,0,-2,-1316.0,p2_more,similar,hard_p2_more
11382960,11455040,15221,2020/8/1,121150.5,15.66666667,"Single Family Residence, Residential",1951,2,3,7501.0,sqft,Natural Gas,Central Air,unknown,108000.0,15221,2020/8/1,120179.5455,16.0,"Single Family Residence, Residential",1952,1,3,7500.0,sqft,"Forced Air, Natural Gas",Central Air,unknown,130000.0,1,2.0,False,16.923076923076923,hard,0,1,-1,1.0,equal,similar,hard_equal
11382960,11455095,15221,2020/8/1,121150.5,15.66666667,"Single Family Residence, Residential",1951,2,3,7501.0,sqft,Natural Gas,Central Air,unknown,108000.0,15221,2020/8/1,121430.7273,12.54545455,"Single Family Residence, Residential",1952,1,3,8938.0,sqft,"Forced Air, Natural Gas",Central Air,unknown,130000.0,1,2.0,False,16.923076923076923,hard,0,1,-1,-1437.0,equal,similar,hard_equal
11454888,11455040,15221,2020/8/1,144870.0,35.0,"Single Family Residence, Residential",1945,2,4,5675.0,sqft,"Forced Air, Natural Gas",Central Air,unknown,189900.0,15221,2020/8/1,120179.5455,16.0,"Single Family Residence, Residential",1952,1,3,7500.0,sqft,"Forced Air, Natural Gas",Central Air,unknown,130000.0,2,1.0,False,31.542917324907847,medium,1,1,-7,-1825.0,p1_slight,similar,medium_p1_slight
11454888,11455095,15221,2020/8/1,144870.0,35.0,"Single Family Residence, Residential",1945,2,4,5675.0,sqft,"Forced Air, Natural Gas",Central Air,unknown,189900.0,15221,2020/8/1,121430.7273,12.54545455,"Single Family Residence, Residential",1952,1,3,8938.0,sqft,"Forced Air, Natural Gas",Central Air,unknown,130000.0,2,1.0,False,31.542917324907847,medium,1,1,-7,-3263.0,p1_slight,similar,medium_p1_slight
11421179,11455577,15221,2021/1/1,136658.1818,28.27272727,"Single Family Residence, Residential",1950,2,3,8869.0,sqft,"Forced Air, Natural Gas","Central Air, Electric",unknown,150000.0,15221,2021/1/1,123378.0,20.0,SingleFamily,1955,2,3,7801.0,sqft,"Forced air, Gas",Central,unknown,120000.0,2,1.0,False,20.0,hard,0,0,-5,1068.0,equal,similar,hard_equal
11421226,11454801,15221,2021/10/1,142066.6667,20.88888889,"Single Family Residence, Residential",1957,2,3,6499.0,sqft,Natural Gas,Central Air,Attached Garage,180000.0,15221,2021/10/1,145171.4286,38.46938776,"Single Family Residence, Residential",1948,2,3,5998.0,sqft,"Forced Air, Natural Gas",Central Air,Attached Garage,222500.0,1,2.0,False,19.101123595505616,hard,0,0,9,501.0,equal,p1_slight,hard_equal
11418977,11419238,15221,2021/11/1,180861.5385,35.66666667,"Single Family Residence, Residential",1940,2,3,8394.0,sqft,"Forced Air, Natural Gas",Central Air,unknown,171000.0,15221,2021/11/1,131813.7931,39.8137931,"Single Family Residence, Residential",1950,1,3,6168.0,sqft,"Forced Air, Natural Gas",Central Air,unknown,212000.0,1,2.0,False,19.339622641509436,hard,0,1,-10,2226.0,equal,similar,hard_equal
11419238,11456124,15221,2021/11/1,131813.7931,39.8137931,"Single Family Residence, Residential",1950,1,3,6168.0,sqft,"Forced Air, Natural Gas",Central Air,unknown,212000.0,15221,2021/11/1,162696.5517,13.10344828,"Single Family Residence, Residential",1925,2,3,8250.0,sqft,"Hot Water, Natural Gas","Central Air, Electric",unknown,160000.0,2,1.0,False,24.528301886792452,hard,0,-1,25,-2082.0,equal,p1_much,hard_equal
11417093,11419523,15221,2021/12/1,131827.5862,22.72413793,"Single Family Residence, Residential",1946,2,3,6080.0,sqft,"Forced Air, Natural Gas",Central Air,unknown,118500.0,15221,2021/12/1,150564.3333,28.38095238,"Single Family Residence, Residential",1947,1,3,0.35,Acres,"Forced Air, Natural Gas",Central Air,unknown,145000.0,1,2.0,False,18.275862068965516,hard,0,1,-1,6079.65,equal,similar,hard_equal
11419009,11456090,15221,2021/12/1,227691.0345,13.55862069,"Single Family Residence, Residential",1938,1,3,0.73,Acres,"Forced Air, Natural Gas",Central Air,unknown,263000.0,15221,2021/12/1,191113.7931,22.4137931,"Single Family Residence, Residential",1922,2,4,6599.0,sqft,"Hot Water, Natural Gas",Window A/C,unknown,178000.0,2,1.0,False,32.31939163498099,medium,-1,-1,16,-6598.27,p2_more,p1_slight,medium_p2_more
11419569,11456090,15221,2021/12/1,225964.8276,20.37241379,"Single Family Residence, Residential",1910,2,3,0.33,Acres,"Forced Air, Natural Gas",Central Air,unknown,285000.0,15221,2021/12/1,191113.7931,22.4137931,"Single Family Residence, Residential",1922,2,4,6599.0,sqft,"Hot Water, Natural Gas",Window A/C,unknown,178000.0,2,1.0,False,37.54385964912281,medium,-1,0,-12,-6598.67,p2_more,similar,medium_p2_more
11420757,11455185,15221,2021/12/1,207480.0,37.51724138,"Single Family Residence, Residential",1940,2,3,5998.0,sqft,"Forced Air, Natural Gas",Central Air,unknown,285000.0,15221,2021/12/1,167356.4286,16.14285714,"Single Family Residence, Residential",1950,1,3,6419.0,sqft,"Forced Air, Natural Gas",Central Air,unknown,159900.0,2,1.0,False,43.89473684210527,easy,0,1,-10,-421.0,equal,similar,easy_equal
11420757,11456090,15221,2021/12/1,207480.0,37.51724138,"Single Family Residence, Residential",1940,2,3,5998.0,sqft,"Forced Air, Natural Gas",Central Air,unknown,285000.0,15221,2021/12/1,191113.7931,22.4137931,"Single Family Residence, Residential",1922,2,4,6599.0,sqft,"Hot Water, Natural Gas",Window A/C,unknown,178000.0,2,1.0,False,37.54385964912281,medium,-1,0,18,-601.0,p2_more,p1_slight,medium_p2_more
11420757,72262638,15221,2021/12/1,207480.0,37.51724138,"Single Family Residence, Residential",1940,2,3,5998.0,sqft,"Forced Air, Natural Gas",Central Air,unknown,285000.0,15221,2021/12/1,177244.5205,22.82191781,"Single Family Residence, Residential",2007,1,3,4000.0,sqft,Natural Gas,Central Air,unknown,170000.0,2,1.0,False,40.35087719298245,easy,0,1,-67,1998.0,equal,p2_newer,easy_equal
11342676,11343162,15221,2021/3/1,361793.0,31.0,"Single Family Residence, Residential",1920,3,4,3120.0,sqft,"Hot Water, Natural Gas",Window A/C,unknown,480000.0,15221,2021/3/1,375969.8571,14.28571429,"Single Family Residence, Residential",1930,2,3,4199.0,sqft,"Radiant, Natural Gas",Central Air,unknown,355000.0,2,1.0,False,26.041666666666668,medium,1,1,-10,-1079.0,p1_slight,similar,medium_p1_slight
11343130,11343162,15221,2021/3/1,374498.5,24.0,"Single Family Residence, Residential",1926,2,4,3000.0,sqft,"Forced Air, Natural Gas","Central Air, Electric",unknown,436750.0,15221,2021/3/1,375969.8571,14.28571429,"Single Family Residence, Residential",1930,2,3,4199.0,sqft,"Radiant, Natural Gas",Central Air,unknown,355000.0,2,1.0,False,18.717801946193475,hard,1,0,-4,-1199.0,p1_slight,similar,hard_p1_slight
11455159,11456071,15221,2021/3/1,130444.8,14.0,"Single Family Residence, Residential",1950,2,3,6369.0,sqft,Natural Gas,Central Air,unknown,125000.0,15221,2021/3/1,127686.4545,19.09090909,"Single Family Residence, Residential",1940,1,3,3301.0,sqft,"Forced Air, Natural Gas",Central Air,unknown,162500.0,1,2.0,False,23.076923076923077,hard,0,1,10,3068.0,equal,p1_slight,hard_equal
11455159,11456650,15221,2021/3/1,130444.8,14.0,"Single Family Residence, Residential",1950,2,3,6369.0,sqft,Natural Gas,Central Air,unknown,125000.0,15221,2021/3/1,154407.5,19.625,"Single Family Residence, Residential",1960,2,3,6150.0,sqft,"Forced Air, Natural Gas",Window A/C,unknown,176200.0,1,2.0,False,29.05788876276958,medium,0,0,-10,219.0,equal,similar,medium_equal
11342870,11420763,15221,2021/5/1,182184.0,31.0,"Single Family Residence, Residential",1900,2,3,1646.0,sqft,"Hot Water, Natural Gas","Window A/C, Wall Unit(s)",unknown,178310.0,15221,2021/5/1,142018.7273,24.90909091,"Single Family Residence, Residential",1942,2,3,5998.0,sqft,Natural Gas,Central Air,unknown,140000.0,2,1.0,False,21.485054119230554,hard,0,0,-42,-4352.0,equal,p2_newer,hard_equal
11419740,11456529,15221,2021/5/1,151230.4545,22.27272727,"Single Family Residence, Residential",1950,1,3,6098.0,sqft,Natural Gas,Central Air,Attached Garage,179900.0,15221,2021/5/1,186155.5833,23.33333333,"Single Family Residence, Residential",1930,3,3,4556.0,sqft,Natural Gas,Central Air,Open Parking,220000.0,1,2.0,False,18.227272727272727,hard,0,-2,20,1542.0,equal,p1_slight,hard_equal
11420835,11420837,15221,2022/5/1,140064.4068,12.13559322,"Single Family Residence, Residential",1940,2,3,0.25,Acres,Natural Gas,Central Air,unknown,134000.0,15221,2022/5/1,163240.0,44.2,"Single Family Residence, Residential",1925,2,3,4748.0,sqft,"Hot Water, Natural Gas",Central Air,unknown,245000.0,1,2.0,False,45.30612244897959,easy,0,0,15,-4747.75,equal,p1_slight,easy_equal
11342094,11343177,15221,2022/6/1,391247.191,16.4494382,"Single Family Residence, Residential",1900,3,4,2639.0,sqft,"Forced Air, Natural Gas",Central Air,unknown,480000.0,15221,2022/6/1,430138.4615,11.38461538,"Single Family Residence, Residential",1933,2,4,5002.0,sqft,"Forced Air, Natural Gas",Central Air,unknown,400000.0,2,1.0,False,16.666666666666664,hard,0,1,-33,-2363.0,equal,p2_newer,hard_equal
11418586,121887263,15221,2022/6/1,485325.0,14.125,"Single Family Residence, Residential",1963,4,4,0.26,Acres,"Forced Air, Natural Gas",Central Air,unknown,500000.0,15221,2022/6/1,430992.3077,11.69230769,"Single Family Residence, Residential",2013,3,3,0.37,Acres,"Forced Air, Natural Gas","Central Air, Electric",unknown,415000.0,2,1.0,False,17.0,hard,1,1,-50,-0.10999999999999999,p1_slight,p2_newer,hard_p1_slight
11333247,11410785,15223,2019/9/1,132412.1154,23.46153846,SingleFamily,1947,2,2,4700.0,sqft,"Other, Gas",Central,unknown,130000.0,15223,2019/9/1,162334.0769,21.84615385,SingleFamily,1930,2,2,0.47,Acres,"Other, Gas",Central,unknown,174000.0,1,2.0,False,25.287356321839084,medium,0,0,17,4699.53,equal,p1_slight,medium_equal
11331068,11411329,15223,2020/10/1,141016.6,30.8,"Single Family Residence, Residential",1910,2,3,4800.0,sqft,"Hot Water, Other",Other,unknown,124000.0,15223,2020/10/1,174829.6923,22.23076923,"Single Family Residence, Residential",1941,1,3,0.26,Acres,"Forced Air, Natural Gas",Central Air,unknown,150000.0,1,2.0,False,17.333333333333336,hard,0,1,-31,4799.74,equal,p2_newer,hard_equal
11411113,11411342,15223,2020/12/1,170799.0,16.0,"Single Family Residence, Residential",1955,2,2,5998.0,sqft,"Forced Air, Natural Gas",Central Air,unknown,180000.0,15223,2020/12/1,157404.9231,26.76923077,"Single Family Residence, Residential",1942,2,3,8154.0,sqft,"Forced Air, Natural Gas","Central Air, Electric",unknown,125000.0,2,1.0,False,30.555555555555557,medium,-1,0,13,-2156.0,p2_more,p1_slight,medium_p2_more
11372568,11372612,15223,2020/3/1,171845.8,15.0,SingleFamily,1957,2,3,5401.0,sqft,Other,Central,unknown,205000.0,15223,2020/3/1,160111.0,20.0,SingleFamily,1965,2,2,6250.0,sqft,"Forced air, Gas",Central,unknown,159900.0,2,1.0,False,22.0,hard,1,0,-8,-849.0,p1_slight,similar,hard_p1_slight
11373411,11443931,15223,2021/5/1,163957.0,33.0,"Single Family Residence, Residential",1902,2,3,8494.0,sqft,"Radiant, Natural Gas",Wall Unit(s),unknown,150000.0,15223,2021/5/1,129801.8182,55.09090909,"Single Family Residence, Residential",1923,1,2,0.38,Acres,"Forced Air, Natural Gas","Central Air, Electric",unknown,200000.0,1,2.0,False,25.0,hard,1,1,-21,8493.62,p1_slight,p2_newer,hard_p1_slight
11402408,11515158,15224,2019/10/1,193530.0,32.0,SingleFamily,1880,2,2,1250.0,sqft,Other,unknown,unknown,269775.0,15224,2019/10/1,186095.7,24.4,SingleFamily,1900,1,2,1999.0,sqft,Other,unknown,unknown,122500.0,2,1.0,False,54.59178945417478,easy,0,1,-20,-749.0,equal,p2_newer,easy_equal
11524350,11524807,15224,2019/11/1,226732.6154,20.76923077,Townhouse,1925,1,3,1899.0,sqft,Other,unknown,unknown,270000.0,15224,2019/11/1,217965.5,26.0,SingleFamily,1890,2,4,1524.0,sqft,Other,unknown,unknown,166600.0,2,1.0,False,38.2962962962963,medium,-1,-1,35,375.0,p2_more,p1_much,medium_p2_more
11402340,11402362,15224,2019/12/1,252957.2,35.8,SingleFamily,1880,2,4,1372.0,sqft,"Forced air, Gas",Central,On-street,310000.0,15224,2019/12/1,199009.0,21.0,SingleFamily,1900,2,3,1372.0,sqft,"Forced air, Gas",Central,On-street,233000.0,2,1.0,False,24.838709677419356,hard,1,0,-20,0.0,p1_slight,p2_newer,hard_p1_slight
11514810,11524791,15224,2019/9/1,187769.0,32.0,SingleFamily,1936,2,2,686.0,sqft,"Other, Gas",Central,unknown,220000.0,15224,2019/9/1,186306.3333,12.66666667,SingleFamily,1910,3,3,1999.0,sqft,"Forced air, Gas",Other,unknown,158000.0,2,1.0,False,28.18181818181818,medium,-1,-1,26,-1313.0,p2_more,p1_much,medium_p2_more
11515138,11524249,15224,2020/12/1,253725.0,38.61538462,"Single Family Residence, Residential",1890,3,3,1350.0,sqft,"Forced Air, Natural Gas",Central Air,unknown,375000.0,15224,2020/12/1,255236.8,24.4,"Single Family Residence, Residential",1920,2,3,1999.0,sqft,"Hot Water, Natural Gas",Window A/C,unknown,309000.0,2,1.0,False,17.599999999999998,hard,0,1,-30,-649.0,equal,p2_newer,hard_equal
11520608,104362709,15224,2020/12/1,268792.0,39.0,"Single Family Residence, Residential",1900,3,2,1999.0,sqft,"Forced Air, Natural Gas",Central Air,unknown,199900.0,15224,2020/12/1,299189.5714,11.5,"Townhouse, Residential",2009,2,1,725.0,sqft,"Forced Air, Natural Gas",Central Air,unknown,290000.0,1,2.0,False,31.06896551724138,medium,1,1,-109,1274.0,p1_slight,p2_newer,medium_p1_slight
11514688,11524356,15224,2020/2/1,294575.0667,41.73333333,"Single Family Residence, Residential",1900,2,3,2178.0,sqft,"Forced Air, Natural Gas",Central Air,unknown,195000.0,15224,2020/2/1,285030.1,15.3,SingleFamily,1925,2,3,2178.0,sqft,"Radiant, Gas","Other, Wall",unknown,308000.0,1,2.0,False,36.688311688311686,medium,0,0,-25,0.0,equal,p2_newer,medium_equal
11515093,11524632,15224,2020/8/1,221214.0,36.18181818,SingleFamily,1900,2,3,2670.0,sqft,Other,unknown,unknown,145000.0,15224,2020/8/1,178611.0,40.0,"Single Family Residence, Residential",1910,1,1,927.83,sqft,"Forced Air, Natural Gas",unknown,unknown,190000.0,1,2.0,False,23.684210526315788,hard,2,1,-10,1742.17,p1_much,similar,hard_p1_much
11514176,11514264,15224,2020/9/1,259018.4545,24.54545455,"Single Family Residence, Residential",1900,1,3,631.62,sqft,"Forced Air, Natural Gas",Central Air,Open Parking,262800.0,15224,2020/9/1,254554.1,45.1,"Single Family Residence, Residential",1900,2,4,1080.0,sqft,Natural Gas,Central Air,Open Parking,217000.0,2,1.0,False,17.427701674277017,hard,-1,-1,0,-448.38,p2_more,similar,hard_p2_more
11519975,11520053,15224,2020/9/1,186572.0,38.0,"Townhouse, Residential",1910,3,3,1058.0,sqft,"Forced Air, Natural Gas",Central Air,unknown,220000.0,15224,2020/9/1,144291.2,24.5,"Single Family Residence, Residential",1910,1,5,2570.0,sqft,"Hot Water, Natural Gas",Window A/C,unknown,160000.0,2,1.0,False,27.27272727272727,medium,-2,2,0,-1512.0,p2_more,similar,medium_p2_more
11520118,11520544,15224,2022/4/1,285403.3557,25.40939597,"Single Family Residence, Residential",1920,3,3,3900.0,sqft,Other,Central Air,unknown,285000.0,15224,2022/4/1,274684.6154,32.79487179,"Single Family Residence, Residential",1900,3,3,2252.0,sqft,"Forced Air, Natural Gas",Central Air,unknown,405000.0,1,2.0,False,29.629629629629626,medium,0,0,20,1648.0,equal,p1_slight,medium_equal
11561872,11566438,15226,2019/10/1,106765.4615,41.30769231,SingleFamily,1930,1,3,3301.0,sqft,"Other, Gas",unknown,Garage - Attached,137000.0,15226,2019/10/1,119374.6,31.2,SingleFamily,1955,1,2,5601.0,sqft,"Other, Gas",unknown,Garage - Attached,107500.0,2,1.0,False,21.532846715328464,hard,1,0,-25,-2300.0,p1_slight,p2_newer,hard_p1_slight
11561955,11566438,15226,2019/10/1,134065.9,14.95,SingleFamily,1955,1,3,448.0,sqft,Other,unknown,Garage - Attached,135900.0,15226,2019/10/1,119374.6,31.2,SingleFamily,1955,1,2,5601.0,sqft,"Other, Gas",unknown,Garage - Attached,107500.0,2,1.0,False,20.897718910963945,hard,1,0,0,-5153.0,p1_slight,similar,hard_p1_slight
11440452,11650499,15226,2019/12/1,151639.8,16.0,SingleFamily,1958,2,2,7365.0,sqft,"Forced air, Gas",Central,Garage - Attached,154000.0,15226,2019/12/1,150074.9,16.9,SingleFamily,1956,2,3,3598.0,sqft,Other,Central,Garage - Attached,127650.0,2,1.0,False,17.11038961038961,hard,-1,0,2,3767.0,p2_more,p1_slight,hard_p2_more
11649146,11650376,15226,2020/10/1,173677.9091,16.45454545,"Single Family Residence, Residential",1957,2,3,5318.0,sqft,Natural Gas,Central Air,unknown,175000.0,15226,2020/10/1,160537.9231,23.0,"Single Family Residence, Residential",1950,2,3,3898.0,sqft,"Forced Air, Natural Gas","Central Air, Electric",unknown,217111.0,1,2.0,False,19.396069291744773,hard,0,0,7,1420.0,equal,p1_slight,hard_equal
11650376,11652990,15226,2020/10/1,160537.9231,23.0,"Single Family Residence, Residential",1950,2,3,3898.0,sqft,"Forced Air, Natural Gas","Central Air, Electric",unknown,217111.0,15226,2020/10/1,174400.0,14.33333333,"Single Family Residence, Residential",1954,3,4,3600.0,sqft,Natural Gas,Central Air,unknown,180000.0,2,1.0,False,17.093099842937484,hard,-1,-1,-4,298.0,p2_more,similar,hard_p2_more
11649381,11649521,15226,2020/11/1,152357.5,24.75,"Single Family Residence, Residential",1951,1,3,8350.0,sqft,"Forced Air, Natural Gas",Central Air,unknown,174000.0,15226,2020/11/1,149450.2727,20.63636364,"Single Family Residence, Residential",1920,2,4,3598.0,sqft,"Forced Air, Natural Gas",Central Air,unknown,128000.0,2,1.0,False,26.436781609195403,medium,-1,-1,31,4752.0,p2_more,p1_much,medium_p2_more
11649381,11653316,15226,2020/11/1,152357.5,24.75,"Single Family Residence, Residential",1951,1,3,8350.0,sqft,"Forced Air, Natural Gas",Central Air,unknown,174000.0,15226,2020/11/1,177124.6,26.93333333,"Single Family Residence, Residential",1910,2,3,4838.0,sqft,"Forced Air, Natural Gas","Central Air, Electric",unknown,246000.0,1,2.0,False,29.268292682926827,medium,0,-1,41,3512.0,equal,p1_much,medium_equal
11562349,11652743,15226,2020/12/1,193247.2143,16.28571429,"Single Family Residence, Residential",1960,2,4,8670.0,sqft,"Forced Air, Natural Gas",Electric,unknown,229900.0,15226,2020/12/1,170808.0,17.0,"Single Family Residence, Residential",1956,1,3,6080.0,sqft,"Forced Air, Natural Gas",Central Air,unknown,175000.0,2,1.0,False,23.879947803392778,hard,1,1,4,2590.0,p1_slight,p1_slight,hard_p1_slight
11649787,11652743,15226,2020/12/1,194101.7692,11.53846154,"Single Family Residence, Residential",1900,2,4,3300.0,sqft,Natural Gas,"Central Air, Gas",unknown,279000.0,15226,2020/12/1,170808.0,17.0,"Single Family Residence, Residential",1956,1,3,6080.0,sqft,"Forced Air, Natural Gas",Central Air,unknown,175000.0,2,1.0,False,37.27598566308244,medium,1,1,-56,-2780.0,p1_slight,p2_newer,medium_p1_slight
11561877,11653507,15226,2020/3/1,162571.2,26.3,SingleFamily,1925,2,4,3301.0,sqft,Other,unknown,unknown,175000.0,15226,2020/3/1,136380.6667,31.77777778,SingleFamily,1901,1,3,3600.0,sqft,"Forced air, Gas",unknown,unknown,118000.0,2,1.0,False,32.57142857142858,medium,1,1,24,-299.0,p1_slight,p1_much,medium_p1_slight
11306482,11440195,15226,2020/4/1,225737.0,21.0,SingleFamily,1950,2,3,10418.0,sqft,"Forced air, Gas",Central,unknown,265000.0,15226,2020/4/1,205495.0,17.0,SingleFamily,1962,2,3,10720.0,sqft,Other,Central,unknown,200000.0,2,1.0,False,24.528301886792452,hard,0,0,-12,-302.0,equal,similar,hard_equal
11306482,92380570,15226,2020/4/1,225737.0,21.0,SingleFamily,1950,2,3,10418.0,sqft,"Forced air, Gas",Central,unknown,265000.0,15226,2020/4/1,217869.4,10.0,SingleFamily,2008,3,3,6260.0,sqft,Other,Central,unknown,220000.0,2,1.0,False,16.9811320754717,hard,0,-1,-58,4158.0,equal,p2_newer,hard_equal
11440238,11565941,15226,2020/4/1,134304.4,22.4,"Single Family Residence, Residential",1960,2,2,4948.0,sqft,"Forced Air, Natural Gas",Gas,unknown,132500.0,15226,2020/4/1,137743.7097,22.48387097,SingleFamily,1936,2,3,3150.0,sqft,"Other, Gas",Other,unknown,106500.0,2,1.0,False,19.622641509433965,hard,-1,0,24,1798.0,p2_more,p1_much,hard_p2_more
11565386,11565941,15226,2020/4/1,131614.6,16.7,SingleFamily,1920,2,2,6452.0,sqft,"Forced air, Gas",Central,unknown,135000.0,15226,2020/4/1,137743.7097,22.48387097,SingleFamily,1936,2,3,3150.0,sqft,"Other, Gas",Other,unknown,106500.0,2,1.0,False,21.11111111111111,hard,-1,0,-16,3302.0,p2_more,similar,hard_p2_more
11565941,11653269,15226,2020/4/1,137743.7097,22.48387097,SingleFamily,1936,2,3,3150.0,sqft,"Other, Gas",Other,unknown,106500.0,15226,2020/4/1,150296.25,20.5,SingleFamily,1920,1,2,3600.0,sqft,Other,Central,unknown,198000.0,1,2.0,False,46.21212121212121,easy,1,1,16,-450.0,p1_slight,p1_slight,easy_p1_slight
11565949,11652711,15226,2020/4/1,139767.8,18.8,SingleFamily,1930,1,3,7183.0,sqft,"Other, Gas",unknown,unknown,130000.0,15226,2020/4/1,155739.0,18.66666667,SingleFamily,1955,1,2,5471.0,sqft,Other,unknown,unknown,172000.0,1,2.0,False,24.418604651162788,hard,1,0,-25,1712.0,p1_slight,p2_newer,hard_p1_slight
11565853,11650412,15226,2020/6/1,165968.3333,21.55555556,SingleFamily,1909,1,4,3000.0,sqft,"Forced air, Gas",unknown,unknown,161000.0,15226,2020/6/1,135630.1111,20.55555556,SingleFamily,1936,1,3,3000.0,sqft,Other,unknown,unknown,130000.0,2,1.0,False,19.25465838509317,hard,1,0,-27,0.0,p1_slight,p2_newer,hard_p1_slight
11561794,11566410,15226,2020/7/1,163997.0,17.0,SingleFamily,1930,2,3,1232.0,sqft,Other,unknown,unknown,171000.0,15226,2020/7/1,166126.4516,22.32258065,SingleFamily,1935,2,3,4499.0,sqft,Other,unknown,unknown,142000.0,2,1.0,False,16.95906432748538,hard,0,0,-5,-3267.0,equal,similar,hard_equal
11562038,11653035,15226,2020/7/1,161215.0,19.625,SingleFamily,1943,2,3,5898.0,sqft,Other,unknown,unknown,180000.0,15226,2020/7/1,168063.6667,30.22222222,SingleFamily,1910,2,4,4800.0,sqft,Other,unknown,unknown,145000.0,2,1.0,False,19.444444444444446,hard,-1,0,33,1098.0,p2_more,p1_much,hard_p2_more
11562176,11650019,15226,2020/7/1,182153.9,21.7,SingleFamily,1955,2,4,9008.0,sqft,Other,Central,unknown,226500.0,15226,2020/7/1,167209.0,16.66666667,SingleFamily,1926,1,5,5401.0,sqft,Other,Central,unknown,175000.0,2,1.0,False,22.737306843267106,hard,-1,1,29,3607.0,p2_more,p1_much,hard_p2_more
11566410,11652653,15226,2020/7/1,166126.4516,22.32258065,SingleFamily,1935,2,3,4499.0,sqft,Other,unknown,unknown,142000.0,15226,2020/7/1,134183.4444,23.33333333,SingleFamily,1935,2,3,3647.0,sqft,Other,unknown,unknown,187700.0,1,2.0,False,24.347362812999467,hard,0,0,0,852.0,equal,similar,hard_equal
11566410,11653790,15226,2020/7/1,166126.4516,22.32258065,SingleFamily,1935,2,3,4499.0,sqft,Other,unknown,unknown,142000.0,15226,2020/7/1,142374.4,29.2,SingleFamily,1938,2,3,3600.0,sqft,Other,unknown,unknown,210000.0,1,2.0,False,32.38095238095238,medium,0,0,-3,899.0,equal,similar,medium_equal
11566969,11649021,15226,2020/7/1,170499.75,23.125,SingleFamily,1900,2,3,3301.0,sqft,Other,unknown,unknown,137900.0,15226,2020/7/1,153451.0,15.6,SingleFamily,1930,1,3,3075.0,sqft,Other,unknown,unknown,169000.0,1,2.0,False,18.402366863905325,hard,0,1,-30,226.0,equal,p2_newer,hard_equal
11566969,11653863,15226,2020/7/1,170499.75,23.125,SingleFamily,1900,2,3,3301.0,sqft,Other,unknown,unknown,137900.0,15226,2020/7/1,124740.6667,49.11111111,SingleFamily,1925,2,2,3598.0,sqft,Other,unknown,unknown,180000.0,1,2.0,False,23.38888888888889,hard,1,0,-25,-297.0,p1_slight,p2_newer,hard_p1_slight
11649021,11649575,15226,2020/7/1,153451.0,15.6,SingleFamily,1930,1,3,3075.0,sqft,Other,unknown,unknown,169000.0,15226,2020/7/1,134470.8889,16.66666667,SingleFamily,1935,1,3,4791.0,sqft,Other,unknown,unknown,132000.0,2,1.0,False,21.893491124260358,hard,0,0,-5,-1716.0,equal,similar,hard_equal
11649575,11653863,15226,2020/7/1,134470.8889,16.66666667,SingleFamily,1935,1,3,4791.0,sqft,Other,unknown,unknown,132000.0,15226,2020/7/1,124740.6667,49.11111111,SingleFamily,1925,2,2,3598.0,sqft,Other,unknown,unknown,180000.0,1,2.0,False,26.666666666666668,medium,1,-1,10,1193.0,p1_slight,p1_slight,medium_p1_slight
11649833,11653863,15226,2020/7/1,137751.4444,32.66666667,SingleFamily,1901,1,4,3598.0,sqft,Other,unknown,unknown,222500.0,15226,2020/7/1,124740.6667,49.11111111,SingleFamily,1925,2,2,3598.0,sqft,Other,unknown,unknown,180000.0,2,1.0,False,19.101123595505616,hard,2,-1,-24,0.0,p1_much,p2_newer,hard_p1_much
11652653,11653035,15226,2020/7/1,134183.4444,23.33333333,SingleFamily,1935,2,3,3647.0,sqft,Other,unknown,unknown,187700.0,15226,2020/7/1,168063.6667,30.22222222,SingleFamily,1910,2,4,4800.0,sqft,Other,unknown,unknown,145000.0,2,1.0,False,22.74906766116143,hard,-1,0,25,-1153.0,p2_more,p1_much,hard_p2_more
11653035,11653863,15226,2020/7/1,168063.6667,30.22222222,SingleFamily,1910,2,4,4800.0,sqft,Other,unknown,unknown,145000.0,15226,2020/7/1,124740.6667,49.11111111,SingleFamily,1925,2,2,3598.0,sqft,Other,unknown,unknown,180000.0,1,2.0,False,19.444444444444446,hard,2,0,-15,1202.0,p1_much,similar,hard_p1_much
11649433,11650319,15226,2020/8/1,161011.3636,21.18181818,"Single Family Residence, Residential",1930,2,3,3180.0,sqft,"Forced Air, Natural Gas","Central Air, Electric",unknown,227000.0,15226,2020/8/1,175090.0,20.0,SingleFamily,1953,2,3,6586.0,sqft,"Other, Gas",Central,unknown,180000.0,2,1.0,False,20.704845814977972,hard,0,0,-23,-3406.0,equal,p2_newer,hard_equal
11649433,11653924,15226,2020/8/1,161011.3636,21.18181818,"Single Family Residence, Residential",1930,2,3,3180.0,sqft,"Forced Air, Natural Gas","Central Air, Electric",unknown,227000.0,15226,2020/8/1,167915.3636,15.72727273,"Single Family Residence, Residential",1950,1,2,6115.0,sqft,"Forced Air, Natural Gas",Central Air,unknown,125000.0,2,1.0,False,44.93392070484582,easy,1,1,-20,-2935.0,p1_slight,p2_newer,easy_p1_slight
11652800,11653924,15226,2020/8/1,141347.3636,20.0,"Single Family Residence, Residential",1920,1,3,3600.0,sqft,"Forced Air, Natural Gas",Window A/C,unknown,193000.0,15226,2020/8/1,167915.3636,15.72727273,"Single Family Residence, Residential",1950,1,2,6115.0,sqft,"Forced Air, Natural Gas",Central Air,unknown,125000.0,2,1.0,False,35.233160621761655,medium,1,0,-30,-2515.0,p1_slight,p2_newer,medium_p1_slight
11653306,11653840,15226,2020/8/1,177739.0,31.0,"Single Family Residence, Residential",1920,2,3,3598.0,sqft,"Natural Gas, Steam",unknown,unknown,214000.0,15226,2020/8/1,134785.0,29.0,SingleFamily,1951,2,4,3600.0,sqft,Other,unknown,unknown,105000.0,2,1.0,False,50.93457943925234,easy,-1,0,-31,-2.0,p2_more,p2_newer,easy_p2_more
11652649,11653270,15226,2021/1/1,143597.875,50.25,"Single Family Residence, Residential",1918,2,3,2875.0,sqft,"Forced Air, Natural Gas","Central Air, Electric",unknown,180000.0,15226,2021/1/1,150809.5385,16.15384615,"Single Family Residence, Residential",1925,1,3,3598.0,sqft,"Forced Air, Natural Gas",Central Air,unknown,147500.0,2,1.0,False,18.055555555555554,hard,0,1,-7,-723.0,equal,similar,hard_equal
11306484,11653937,15226,2021/10/1,185228.5455,23.40909091,"Single Family Residence, Residential",1949,2,4,0.32,Acres,"Forced Air, Natural Gas",Central Air,unknown,256000.0,15226,2021/10/1,193401.6949,12.44067797,"Single Family Residence, Residential",1956,2,3,5292.0,sqft,"Forced Air, Natural Gas",Central Air,unknown,170000.0,2,1.0,False,33.59375,medium,1,0,-7,-5291.68,p1_slight,similar,medium_p1_slight
11440212,11649942,15226,2021/10/1,189649.1525,12.0,"Single Family Residence, Residential",1954,1,3,7897.0,sqft,"Forced Air, Natural Gas","Central Air, Electric",unknown,189900.0,15226,2021/10/1,196832.2034,21.15254237,"Single Family Residence, Residential",1918,1,4,3301.0,sqft,"Hot Water, Natural Gas",Window A/C,unknown,138000.0,2,1.0,False,27.33017377567141,medium,-1,0,36,4596.0,p2_more,p1_much,medium_p2_more
11565928,11566291,15226,2021/11/1,218890.0,19.3,"Single Family Residence, Residential",1961,2,3,2856.0,sqft,"Forced Air, Natural Gas",Central Air,unknown,230000.0,15226,2021/11/1,185771.4286,16.85714286,"Single Family Residence, Residential",1910,1,4,9600.0,sqft,Natural Gas,Central Air,unknown,182500.0,2,1.0,False,20.652173913043477,hard,-1,1,51,-6744.0,p2_more,p1_much,hard_p2_more
11566437,11653304,15226,2021/11/1,184742.1053,21.63157895,"Single Family Residence, Residential",1925,2,2,5601.0,sqft,Natural Gas,Central Air,unknown,139000.0,15226,2021/11/1,178130.1471,19.19117647,"Single Family Residence, Residential",1920,1,2,3598.0,sqft,"Forced Air, Natural Gas",Central Air,unknown,210000.0,1,2.0,False,33.80952380952381,medium,0,1,5,2003.0,equal,p1_slight,medium_equal
11306742,11649968,15226,2021/2/1,147739.6,27.4,"Single Family Residence, Residential",1949,2,3,7300.0,sqft,Natural Gas,Central Air,unknown,130000.0,15226,2021/2/1,179082.9231,12.76923077,"Single Family Residence, Residential",1910,1,3,3600.0,sqft,"Forced Air, Natural Gas","Central Air, Electric",unknown,190000.0,1,2.0,False,31.57894736842105,medium,0,1,39,3700.0,equal,p1_much,medium_equal
11306742,11653469,15226,2021/2/1,147739.6,27.4,"Single Family Residence, Residential",1949,2,3,7300.0,sqft,Natural Gas,Central Air,unknown,130000.0,15226,2021/2/1,178362.6,13.73333333,"Single Family Residence, Residential",1925,2,3,4800.0,sqft,"Forced Air, Natural Gas",Window A/C,unknown,179900.0,1,2.0,False,27.73763201778766,medium,0,0,24,2500.0,equal,p1_much,medium_equal
11306742,11653785,15226,2021/2/1,147739.6,27.4,"Single Family Residence, Residential",1949,2,3,7300.0,sqft,Natural Gas,Central Air,unknown,130000.0,15226,2021/2/1,171127.5,15.25,SingleFamily,1930,2,3,3615.0,sqft,"Forced air, Gas",Central,unknown,180000.0,1,2.0,False,27.77777777777778,medium,0,0,19,3685.0,equal,p1_slight,medium_equal
11566803,11649265,15226,2021/2/1,185049.0,41.0,"Single Family Residence, Residential",1890,2,4,4800.0,sqft,Natural Gas,Central Air,unknown,274000.0,15226,2021/2/1,171168.4615,16.92307692,"Single Family Residence, Residential",1945,1,3,7200.0,sqft,Natural Gas,Window A/C,unknown,160000.0,2,1.0,False,41.605839416058394,easy,1,1,-55,-2400.0,p1_slight,p2_newer,easy_p1_slight
11566803,11653257,15226,2021/2/1,185049.0,41.0,"Single Family Residence, Residential",1890,2,4,4800.0,sqft,Natural Gas,Central Air,unknown,274000.0,15226,2021/2/1,153502.4545,17.09090909,"Single Family Residence, Residential",1962,2,3,3598.0,sqft,Natural Gas,Electric,unknown,135000.0,2,1.0,False,50.72992700729927,easy,1,0,-72,1202.0,p1_slight,p2_newer,easy_p1_slight
11566803,11653469,15226,2021/2/1,185049.0,41.0,"Single Family Residence, Residential",1890,2,4,4800.0,sqft,Natural Gas,Central Air,unknown,274000.0,15226,2021/2/1,178362.6,13.73333333,"Single Family Residence, Residential",1925,2,3,4800.0,sqft,"Forced Air, Natural Gas",Window A/C,unknown,179900.0,2,1.0,False,34.34306569343066,medium,1,0,-35,0.0,p1_slight,p2_newer,medium_p1_slight
11566803,11653785,15226,2021/2/1,185049.0,41.0,"Single Family Residence, Residential",1890,2,4,4800.0,sqft,Natural Gas,Central Air,unknown,274000.0,15226,2021/2/1,171127.5,15.25,SingleFamily,1930,2,3,3615.0,sqft,"Forced air, Gas",Central,unknown,180000.0,2,1.0,False,34.306569343065696,medium,1,0,-40,1185.0,p1_slight,p2_newer,medium_p1_slight
11566803,11654015,15226,2021/2/1,185049.0,41.0,"Single Family Residence, Residential",1890,2,4,4800.0,sqft,Natural Gas,Central Air,unknown,274000.0,15226,2021/2/1,177805.9231,14.46153846,"Single Family Residence, Residential",1955,2,3,6734.0,sqft,"Forced Air, Natural Gas",Central Air,unknown,179900.0,2,1.0,False,34.34306569343066,medium,1,0,-65,-1934.0,p1_slight,p2_newer,medium_p1_slight
11649968,11653739,15226,2021/2/1,179082.9231,12.76923077,"Single Family Residence, Residential",1910,1,3,3600.0,sqft,"Forced Air, Natural Gas","Central Air, Electric",unknown,190000.0,15226,2021/2/1,160386.8571,18.57142857,"Single Family Residence, Residential",1945,2,2,7200.0,sqft,"Forced Air, Natural Gas",Central Air,unknown,154000.0,2,1.0,False,18.947368421052634,hard,1,-1,-35,-3600.0,p1_slight,p2_newer,hard_p1_slight
11440368,11649236,15226,2021/3/1,209197.5714,16.71428571,"Single Family Residence, Residential",1977,2,3,5000.0,sqft,Electric,"Central Air, Electric",unknown,244000.0,15226,2021/3/1,171323.0769,31.23076923,"Single Family Residence, Residential",1946,2,4,5566.0,sqft,"Forced Air, Natural Gas","Central Air, Electric",unknown,189900.0,2,1.0,False,22.172131147540984,hard,-1,0,31,-566.0,p2_more,p1_much,hard_p2_more
11566388,11566693,15226,2021/3/1,153622.1429,15.14285714,"Single Family Residence, Residential",1950,2,3,5562.0,sqft,"Forced Air, Natural Gas",Central Air,unknown,159000.0,15226,2021/3/1,168856.0,17.0,"Single Family Residence, Residential",1960,2,3,5420.0,sqft,Natural Gas,Central Air,unknown,225000.0,1,2.0,False,29.333333333333332,medium,0,0,-10,142.0,equal,similar,medium_equal
11566693,11649579,15226,2021/3/1,168856.0,17.0,"Single Family Residence, Residential",1960,2,3,5420.0,sqft,Natural Gas,Central Air,unknown,225000.0,15226,2021/3/1,151803.5714,15.14285714,"Single Family Residence, Residential",1950,2,3,6795.0,sqft,"Forced Air, Natural Gas",Central Air,unknown,146900.0,2,1.0,False,34.71111111111111,medium,0,0,10,-1375.0,equal,p1_slight,medium_equal
11562076,11566615,15226,2021/4/1,158897.3333,27.11111111,"Single Family Residence, Residential",1950,1,3,3001.0,sqft,"Forced Air, Natural Gas",Central Air,unknown,200000.0,15226,2021/4/1,144463.875,32.5,"Single Family Residence, Residential",1930,2,3,4791.0,sqft,"Forced Air, Natural Gas",Window A/C,unknown,150000.0,2,1.0,False,25.0,hard,0,-1,20,-1790.0,equal,p1_slight,hard_equal
11562076,11650149,15226,2021/4/1,158897.3333,27.11111111,"Single Family Residence, Residential",1950,1,3,3001.0,sqft,"Forced Air, Natural Gas",Central Air,unknown,200000.0,15226,2021/4/1,178477.0,16.0,"Single Family Residence, Residential",1950,1,3,5039.0,sqft,"Forced Air, Natural Gas",Central Air,unknown,165000.0,2,1.0,False,17.5,hard,0,0,0,-2038.0,equal,similar,hard_equal
11562553,11566615,15226,2021/4/1,183064.0,21.08333333,"Single Family Residence, Residential",1930,2,3,3304.0,sqft,"Forced Air, Natural Gas",Wall Unit(s),unknown,198000.0,15226,2021/4/1,144463.875,32.5,"Single Family Residence, Residential",1930,2,3,4791.0,sqft,"Forced Air, Natural Gas",Window A/C,unknown,150000.0,2,1.0,False,24.242424242424242,hard,0,0,0,-1487.0,equal,similar,hard_equal
11562553,11566741,15226,2021/4/1,183064.0,21.08333333,"Single Family Residence, Residential",1930,2,3,3304.0,sqft,"Forced Air, Natural Gas",Wall Unit(s),unknown,198000.0,15226,2021/4/1,207739.8182,20.54545455,"Single Family Residence, Residential",1920,3,5,4800.0,sqft,"Forced Air, Natural Gas","Central Air, Electric",unknown,140000.0,2,1.0,False,29.292929292929294,medium,-2,-1,10,-1496.0,p2_more,p1_slight,medium_p2_more
11562553,11650149,15226,2021/4/1,183064.0,21.08333333,"Single Family Residence, Residential",1930,2,3,3304.0,sqft,"Forced Air, Natural Gas",Wall Unit(s),unknown,198000.0,15226,2021/4/1,178477.0,16.0,"Single Family Residence, Residential",1950,1,3,5039.0,sqft,"Forced Air, Natural Gas",Central Air,unknown,165000.0,2,1.0,False,16.666666666666664,hard,0,1,-20,-1735.0,equal,p2_newer,hard_equal
11566741,11566942,15226,2021/4/1,207739.8182,20.54545455,"Single Family Residence, Residential",1920,3,5,4800.0,sqft,"Forced Air, Natural Gas","Central Air, Electric",unknown,140000.0,15226,2021/4/1,208938.0,16.85714286,"Single Family Residence, Residential",1930,1,3,3300.0,sqft,"Zoned, Electric",Electric,unknown,250000.0,1,2.0,False,44.0,easy,2,2,-10,1500.0,p1_much,similar,easy_p1_much
11566741,11566993,15226,2021/4/1,207739.8182,20.54545455,"Single Family Residence, Residential",1920,3,5,4800.0,sqft,"Forced Air, Natural Gas","Central Air, Electric",unknown,140000.0,15226,2021/4/1,209225.1667,20.83333333,"Single Family Residence, Residential",1930,2,3,3301.0,sqft,"Forced Air, Natural Gas",Central Air,unknown,237000.0,1,2.0,False,40.92827004219409,easy,2,1,-10,1499.0,p1_much,similar,easy_p1_much
11566741,11649286,15226,2021/4/1,207739.8182,20.54545455,"Single Family Residence, Residential",1920,3,5,4800.0,sqft,"Forced Air, Natural Gas","Central Air, Electric",unknown,140000.0,15226,2021/4/1,173519.8889,19.77777778,"Single Family Residence, Residential",1935,1,2,5280.0,sqft,"Forced Air, Natural Gas",Central Air,unknown,202000.0,1,2.0,False,30.693069306930692,medium,3,2,-15,-480.0,p1_much,similar,medium_p1_much
11566942,11653281,15226,2021/4/1,208938.0,16.85714286,"Single Family Residence, Residential",1930,1,3,3300.0,sqft,"Zoned, Electric",Electric,unknown,250000.0,15226,2021/4/1,184607.0,18.75,"Single Family Residence, Residential",1920,2,3,3600.0,sqft,"Forced Air, Natural Gas",Central Air,unknown,175000.0,2,1.0,False,30.0,medium,0,-1,10,-300.0,equal,p1_slight,medium_equal
11566993,11650149,15226,2021/4/1,209225.1667,20.83333333,"Single Family Residence, Residential",1930,2,3,3301.0,sqft,"Forced Air, Natural Gas",Central Air,unknown,237000.0,15226,2021/4/1,178477.0,16.0,"Single Family Residence, Residential",1950,1,3,5039.0,sqft,"Forced Air, Natural Gas",Central Air,unknown,165000.0,2,1.0,False,30.37974683544304,medium,0,1,-20,-1738.0,equal,p2_newer,medium_equal
11648881,11649758,15226,2021/5/1,167238.3,22.7,SingleFamily,1942,2,3,3600.0,sqft,"Forced air, Gas",Central,unknown,101500.0,15226,2021/5/1,147970.3,15.8,"Single Family Residence, Residential",1951,1,2,2522.0,sqft,"Forced Air, Natural Gas",Central Air,unknown,135500.0,1,2.0,False,25.092250922509223,medium,1,1,-9,1078.0,p1_slight,similar,medium_p1_slight
11648881,11652795,15226,2021/5/1,167238.3,22.7,SingleFamily,1942,2,3,3600.0,sqft,"Forced air, Gas",Central,unknown,101500.0,15226,2021/5/1,150885.0,35.0,"Single Family Residence, Residential",1947,2,3,3600.0,sqft,"Forced Air, Natural Gas",Central Air,unknown,230000.0,1,2.0,False,55.869565217391305,easy,0,0,-5,0.0,equal,similar,easy_equal
11649781,11653397,15226,2021/5/1,223633.2,20.8,"Single Family Residence, Residential",1946,2,3,4408.0,sqft,"Forced Air, Natural Gas",Central Air,unknown,240000.0,15226,2021/5/1,182804.5,24.0,"Single Family Residence, Residential",1910,1,4,3570.0,sqft,"Forced Air, Natural Gas",Central Air,unknown,198000.0,2,1.0,False,17.5,hard,-1,1,36,838.0,p2_more,p1_much,hard_p2_more
11306538,11566892,15226,2021/6/1,200295.25,14.08333333,"Single Family Residence, Residential",1950,2,3,5248.0,sqft,"Forced Air, Natural Gas",Central Air,unknown,240000.0,15226,2021/6/1,183769.9,20.2,"Single Family Residence, Residential",1955,1,4,3598.0,sqft,"Forced Air, Natural Gas",Central Air,unknown,189000.0,2,1.0,False,21.25,hard,-1,1,-5,1650.0,p2_more,similar,hard_p2_more
11652862,11653993,15226,2021/6/1,206899.1,23.0,"Single Family Residence, Residential",1929,1,4,4800.0,sqft,"Hot Water, Natural Gas",Window A/C,unknown,235000.0,15226,2021/6/1,179668.9091,21.45454545,"Single Family Residence, Residential",1956,1,3,7700.0,sqft,"Forced Air, Natural Gas",Central Air,unknown,185000.0,2,1.0,False,21.27659574468085,hard,1,0,-27,-2900.0,p1_slight,p2_newer,hard_p1_slight
11653399,11653993,15226,2021/6/1,144625.8571,24.0,"Single Family Residence, Residential",1906,2,4,3689.0,sqft,"Forced Air, Natural Gas",Central Air,unknown,225000.0,15226,2021/6/1,179668.9091,21.45454545,"Single Family Residence, Residential",1956,1,3,7700.0,sqft,"Forced Air, Natural Gas",Central Air,unknown,185000.0,2,1.0,False,17.77777777777778,hard,1,1,-50,-4011.0,p1_slight,p2_newer,hard_p1_slight
11562089,11649486,15226,2021/7/1,155183.4,16.2,"Single Family Residence, Residential",1950,2,3,4773.0,sqft,"Forced Air, Natural Gas",Central Air,unknown,205000.0,15226,2021/7/1,169948.5909,24.95454545,"Single Family Residence, Residential",1927,3,5,3300.0,sqft,"Hot Water, Natural Gas",Window A/C,unknown,170000.0,2,1.0,False,17.073170731707318,hard,-2,-1,23,1473.0,p2_more,p1_much,hard_p2_more
11562089,11650437,15226,2021/7/1,155183.4,16.2,"Single Family Residence, Residential",1950,2,3,4773.0,sqft,"Forced Air, Natural Gas",Central Air,unknown,205000.0,15226,2021/7/1,174505.1818,27.27272727,"Single Family Residence, Residential",1920,3,3,3998.0,sqft,"Forced Air, Natural Gas",Central Air,unknown,155000.0,2,1.0,False,24.390243902439025,hard,0,-1,30,775.0,equal,p1_much,hard_equal
11649448,11650437,15226,2021/7/1,194022.0909,10.81818182,"Single Family Residence, Residential",1953,1,3,3301.0,sqft,"Forced Air, Natural Gas",Central Air,unknown,192000.0,15226,2021/7/1,174505.1818,27.27272727,"Single Family Residence, Residential",1920,3,3,3998.0,sqft,"Forced Air, Natural Gas",Central Air,unknown,155000.0,2,1.0,False,19.270833333333336,hard,0,-2,33,-697.0,equal,p1_much,hard_equal
11306825,11649720,15226,2021/8/1,237400.0,14.0,"Single Family Residence, Residential",1938,2,3,5623.0,sqft,"Forced Air, Natural Gas",Central Air,unknown,210000.0,15226,2021/8/1,238835.4762,15.23809524,"Single Family Residence, Residential",1940,2,3,0.44,Acres,Natural Gas,"Window A/C, Wall Unit(s)",unknown,253000.0,1,2.0,False,16.99604743083004,hard,0,0,-2,5622.56,equal,similar,hard_equal
11561857,11649720,15226,2021/8/1,206968.6522,20.17391304,"Single Family Residence, Residential",1946,2,3,5500.0,sqft,"Forced Air, Natural Gas",Central Air,unknown,189900.0,15226,2021/8/1,238835.4762,15.23809524,"Single Family Residence, Residential",1940,2,3,0.44,Acres,Natural Gas,"Window A/C, Wall Unit(s)",unknown,253000.0,1,2.0,False,24.940711462450594,hard,0,0,6,5499.56,equal,p1_slight,hard_equal
11562163,11652617,15226,2021/8/1,236545.0,19.5,"Single Family Residence, Residential",1930,2,3,5998.0,sqft,"Forced Air, Natural Gas",Central Air,unknown,266100.0,15226,2021/8/1,225152.619,15.42857143,"Single Family Residence, Residential",1969,2,2,6843.0,sqft,"Heat Pump, Electric","Central Air, Electric",unknown,200000.0,2,1.0,False,24.840285606914694,hard,1,0,-39,-845.0,p1_slight,p2_newer,hard_p1_slight
11649720,11652617,15226,2021/8/1,238835.4762,15.23809524,"Single Family Residence, Residential",1940,2,3,0.44,Acres,Natural Gas,"Window A/C, Wall Unit(s)",unknown,253000.0,15226,2021/8/1,225152.619,15.42857143,"Single Family Residence, Residential",1969,2,2,6843.0,sqft,"Heat Pump, Electric","Central Air, Electric",unknown,200000.0,2,1.0,False,20.948616600790515,hard,1,0,-29,-6842.56,p1_slight,p2_newer,hard_p1_slight
11649720,11653649,15226,2021/8/1,238835.4762,15.23809524,"Single Family Residence, Residential",1940,2,3,0.44,Acres,Natural Gas,"Window A/C, Wall Unit(s)",unknown,253000.0,15226,2021/8/1,220291.619,19.14285714,"Single Family Residence, Residential",1925,2,3,3598.0,sqft,"Forced Air, Natural Gas",Central Air,unknown,195000.0,2,1.0,False,22.92490118577075,hard,0,0,15,-3597.56,equal,p1_slight,hard_equal
11566325,11649303,15226,2021/9/1,154302.5455,25.59090909,"Single Family Residence, Residential",1957,1,2,3220.0,sqft,"Forced Air, Natural Gas",Central Air,unknown,152800.0,15226,2021/9/1,147771.1864,16.84745763,"Single Family Residence, Residential",1941,1,3,5201.0,sqft,Natural Gas,Central Air,unknown,112000.0,2,1.0,False,26.701570680628272,medium,-1,0,16,-1981.0,p2_more,p1_slight,medium_p2_more
11566933,11649303,15226,2021/9/1,154632.0455,37.04545455,"Single Family Residence, Residential",1950,1,2,3598.0,sqft,"Forced Air, Natural Gas",Central Air,unknown,153300.0,15226,2021/9/1,147771.1864,16.84745763,"Single Family Residence, Residential",1941,1,3,5201.0,sqft,Natural Gas,Central Air,unknown,112000.0,2,1.0,False,26.94063926940639,medium,-1,0,9,-1603.0,p2_more,p1_slight,medium_p2_more
11649192,11649488,15226,2021/9/1,188311.1111,15.77777778,"Single Family Residence, Residential",1940,2,2,5100.0,sqft,"Forced Air, Natural Gas",Central Air,unknown,200000.0,15226,2021/9/1,196354.2373,19.96610169,"Single Family Residence, Residential",1930,2,3,3300.0,sqft,"Forced Air, Natural Gas",Central Air,unknown,165000.0,2,1.0,False,17.5,hard,-1,0,10,1800.0,p2_more,p1_slight,hard_p2_more
11440023,11649745,15226,2022/1/1,251213.6986,13.45205479,"Townhouse, Residential",1979,3,3,3120.0,sqft,"Forced Air, Natural Gas",Electric,unknown,262000.0,15226,2022/1/1,229012.1304,12.86956522,"Single Family Residence, Residential",1940,2,3,4726.0,sqft,"Hot Water, Natural Gas","Other, Window A/C",unknown,203900.0,2,1.0,False,22.175572519083968,hard,0,1,39,-1606.0,equal,p1_much,hard_equal
11440023,11652916,15226,2022/1/1,251213.6986,13.45205479,"Townhouse, Residential",1979,3,3,3120.0,sqft,"Forced Air, Natural Gas",Electric,unknown,262000.0,15226,2022/1/1,217651.4706,21.94852941,"Single Family Residence, Residential",1925,2,4,5401.0,sqft,Natural Gas,Window A/C,unknown,166837.0,2,1.0,False,36.32175572519084,medium,-1,1,54,-2281.0,p2_more,p1_much,medium_p2_more
11649745,11652916,15226,2022/1/1,229012.1304,12.86956522,"Single Family Residence, Residential",1940,2,3,4726.0,sqft,"Hot Water, Natural Gas","Other, Window A/C",unknown,203900.0,15226,2022/1/1,217651.4706,21.94852941,"Single Family Residence, Residential",1925,2,4,5401.0,sqft,Natural Gas,Window A/C,unknown,166837.0,2,1.0,False,18.177047572339383,hard,-1,0,15,-675.0,p2_more,p1_slight,hard_p2_more
11306412,11440054,15226,2022/3/1,214787.5,11.5,"Single Family Residence, Residential",1960,2,3,3994.0,sqft,Natural Gas,Central Air,unknown,218000.0,15226,2022/3/1,232504.0,13.52,"Townhouse, Residential",1979,3,3,1171.0,sqft,"Forced Air, Electric",Central Air,unknown,262000.0,1,2.0,False,16.793893129770993,hard,0,-1,-19,2823.0,equal,similar,hard_equal
11306413,11653862,15226,2022/3/1,124943.8849,15.4676259,"Townhouse, Residential",1952,1,2,7074.0,sqft,"Forced Air, Natural Gas",Central Air,unknown,117999.0,15226,2022/3/1,140925.7353,27.95588235,"Single Family Residence, Residential",1930,1,2,3598.0,sqft,Natural Gas,Central Air,unknown,176000.0,1,2.0,False,32.955113636363635,medium,0,0,22,3476.0,equal,p1_much,medium_equal
11440054,11562206,15226,2022/3/1,232504.0,13.52,"Townhouse, Residential",1979,3,3,1171.0,sqft,"Forced Air, Electric",Central Air,unknown,262000.0,15226,2022/3/1,240713.6364,15.95454545,"Single Family Residence, Residential",1976,2,3,5998.0,sqft,"Forced Air, Natural Gas",Central Air,unknown,190000.0,2,1.0,False,27.480916030534353,medium,0,1,3,-4827.0,equal,p1_slight,medium_equal
11440054,11652700,15226,2022/3/1,232504.0,13.52,"Townhouse, Residential",1979,3,3,1171.0,sqft,"Forced Air, Electric",Central Air,unknown,262000.0,15226,2022/3/1,197181.9,50.0,"Single Family Residence, Residential",1920,1,5,3598.0,sqft,"Forced Air, Natural Gas",Central Air,unknown,185000.0,2,1.0,False,29.389312977099237,medium,-2,2,59,-2427.0,p2_more,p1_much,medium_p2_more
11440358,11652700,15226,2022/3/1,220496.0,13.84,"Single Family Residence, Residential",1960,2,3,8720.0,sqft,"Forced Air, Natural Gas",Central Air,unknown,256000.0,15226,2022/3/1,197181.9,50.0,"Single Family Residence, Residential",1920,1,5,3598.0,sqft,"Forced Air, Natural Gas",Central Air,unknown,185000.0,2,1.0,False,27.734375,medium,-2,1,40,5122.0,p2_more,p1_much,medium_p2_more
11562206,92381115,15226,2022/3/1,240713.6364,15.95454545,"Single Family Residence, Residential",1976,2,3,5998.0,sqft,"Forced Air, Natural Gas",Central Air,unknown,190000.0,15226,2022/3/1,259186.1111,10.0,"Townhouse, Residential",2008,3,3,4578.0,sqft,Natural Gas,Central Air,unknown,265000.0,1,2.0,False,28.30188679245283,medium,0,-1,-32,1420.0,equal,p2_newer,medium_equal
11649369,11652700,15226,2022/3/1,170588.2353,17.94117647,"Single Family Residence, Residential",1950,1,3,5000.0,sqft,Natural Gas,Central Air,unknown,242000.0,15226,2022/3/1,197181.9,50.0,"Single Family Residence, Residential",1920,1,5,3598.0,sqft,"Forced Air, Natural Gas",Central Air,unknown,185000.0,2,1.0,False,23.553719008264462,hard,-2,0,30,1402.0,p2_more,p1_much,hard_p2_more
11652700,92381115,15226,2022/3/1,197181.9,50.0,"Single Family Residence, Residential",1920,1,5,3598.0,sqft,"Forced Air, Natural Gas",Central Air,unknown,185000.0,15226,2022/3/1,259186.1111,10.0,"Townhouse, Residential",2008,3,3,4578.0,sqft,Natural Gas,Central Air,unknown,265000.0,1,2.0,False,30.18867924528302,medium,2,-2,-88,-980.0,p1_much,p2_newer,medium_p1_much
11561966,11566360,15226,2022/4/1,179185.7143,16.0,"Single Family Residence, Residential",1950,1,3,3001.0,sqft,"Forced Air, Natural Gas","Central Air, Electric",unknown,210000.0,15226,2022/4/1,161515.3846,16.92307692,"Single Family Residence, Residential",1954,1,3,3079.0,sqft,"Forced Air, Natural Gas","Central Air, Electric",unknown,155000.0,2,1.0,False,26.190476190476193,medium,0,0,-4,-78.0,equal,similar,medium_equal
11306554,11566294,15226,2022/5/1,163315.3846,23.69230769,"Single Family Residence, Residential",1949,2,2,9660.0,sqft,"Forced Air, Natural Gas",Central Air,unknown,185000.0,15226,2022/5/1,166400.0,32.0,"Single Family Residence, Residential",1951,2,3,4791.0,sqft,"Forced Air, Natural Gas",Central Air,unknown,151000.0,2,1.0,False,18.37837837837838,hard,-1,0,-2,4869.0,p2_more,similar,hard_p2_more
11566294,11650147,15226,2022/5/1,166400.0,32.0,"Single Family Residence, Residential",1951,2,3,4791.0,sqft,"Forced Air, Natural Gas",Central Air,unknown,151000.0,15226,2022/5/1,203923.0769,20.0,"Single Family Residence, Residential",1949,2,3,4400.0,sqft,"Forced Air, Natural Gas",Central Air,unknown,201000.0,1,2.0,False,24.875621890547265,hard,0,0,2,391.0,equal,p1_slight,hard_equal
11440194,11566339,15226,2022/6/1,279066.6667,14.66666667,"Single Family Residence, Residential",1960,3,3,6054.0,sqft,"Forced Air, Natural Gas",Central Air,unknown,290000.0,15226,2022/6/1,236103.5714,20.47619048,"Single Family Residence, Residential",1905,3,4,3598.0,sqft,"Forced Air, Natural Gas","Window A/C, Central Air",unknown,224900.0,2,1.0,False,22.448275862068964,hard,-1,0,55,2456.0,p2_more,p1_much,hard_p2_more
11440194,11649788,15226,2022/6/1,279066.6667,14.66666667,"Single Family Residence, Residential",1960,3,3,6054.0,sqft,"Forced Air, Natural Gas",Central Air,unknown,290000.0,15226,2022/6/1,258604.8193,16.89156627,"Single Family Residence, Residential",1900,4,4,3484.0,sqft,Natural Gas,Wall Unit(s),unknown,225000.0,2,1.0,False,22.413793103448278,hard,-1,-1,60,2570.0,p2_more,p1_much,hard_p2_more
11561836,11650472,15226,2022/6/1,142136.5854,33.56097561,"Single Family Residence, Residential",1930,2,3,3149.0,sqft,"Forced Air, Natural Gas",Central Air,unknown,148500.0,15226,2022/6/1,170200.0,21.25,"Single Family Residence, Residential",1948,1,2,8276.0,sqft,"Forced Air, Natural Gas",Central Air,unknown,190000.0,1,2.0,False,21.842105263157897,hard,1,1,-18,-5127.0,p1_slight,similar,hard_p1_slight
11561836,11653749,15226,2022/6/1,142136.5854,33.56097561,"Single Family Residence, Residential",1930,2,3,3149.0,sqft,"Forced Air, Natural Gas",Central Air,unknown,148500.0,15226,2022/6/1,122314.8148,36.0,"Single Family Residence, Residential",1940,2,2,4965.0,sqft,"Forced Air, Natural Gas",Central Air,unknown,205000.0,1,2.0,False,27.5609756097561,medium,1,0,-10,-1816.0,p1_slight,similar,medium_p1_slight
11562166,11562574,15226,2022/6/1,192035.7143,21.14285714,"Single Family Residence, Residential",1940,2,3,3001.0,sqft,"Forced Air, Natural Gas",Central Air,unknown,252500.0,15226,2022/6/1,167200.0,19.0,"Single Family Residence, Residential",1928,1,2,6534.0,sqft,Natural Gas,Window A/C,unknown,137000.0,2,1.0,False,45.742574257425744,easy,1,1,12,-3533.0,p1_slight,p1_slight,easy_p1_slight
11562360,11562603,15226,2022/6/1,319316.6667,12.0,"Single Family Residence, Residential",1966,3,4,6599.0,sqft,"Forced Air, Natural Gas",Central Air,unknown,309000.0,15226,2022/6/1,363463.9535,14.36046512,"Single Family Residence, Residential",1930,3,4,0.3,Acres,"Hot Water, Natural Gas",Central Air,unknown,382000.0,1,2.0,False,19.10994764397906,hard,0,0,36,6598.7,equal,p1_much,hard_equal
11650472,11653296,15226,2022/6/1,170200.0,21.25,"Single Family Residence, Residential",1948,1,2,8276.0,sqft,"Forced Air, Natural Gas",Central Air,unknown,190000.0,15226,2022/6/1,145568.6747,26.19277108,"Single Family Residence, Residential",1940,2,3,4356.0,sqft,"Forced Air, Natural Gas","Window A/C, Wall Unit(s)",unknown,132500.0,2,1.0,False,30.263157894736842,medium,-1,-1,8,3920.0,p2_more,p1_slight,medium_p2_more
11652974,11653296,15226,2022/6/1,170302.5,23.875,"Single Family Residence, Residential",1930,1,3,3301.0,sqft,"Forced Air, Natural Gas",Central Air,unknown,180000.0,15226,2022/6/1,145568.6747,26.19277108,"Single Family Residence, Residential",1940,2,3,4356.0,sqft,"Forced Air, Natural Gas","Window A/C, Wall Unit(s)",unknown,132500.0,2,1.0,False,26.38888888888889,medium,0,-1,-10,-1055.0,equal,similar,medium_equal
11653296,11653749,15226,2022/6/1,145568.6747,26.19277108,"Single Family Residence, Residential",1940,2,3,4356.0,sqft,"Forced Air, Natural Gas","Window A/C, Wall Unit(s)",unknown,132500.0,15226,2022/6/1,122314.8148,36.0,"Single Family Residence, Residential",1940,2,2,4965.0,sqft,"Forced Air, Natural Gas",Central Air,unknown,205000.0,1,2.0,False,35.36585365853659,medium,1,0,0,-609.0,p1_slight,similar,medium_p1_slight
11302760,11354574,15227,2019/10/1,118833.7692,10.0,SingleFamily,1952,2,2,6250.0,sqft,"Other, Gas",Central,unknown,117900.0,15227,2019/10/1,126423.5,32.88461538,SingleFamily,1939,2,3,4273.0,sqft,"Forced air, Gas",Central,unknown,170000.0,1,2.0,False,30.64705882352941,medium,-1,0,13,1977.0,p2_more,p1_slight,medium_p2_more
11354574,11645150,15227,2019/10/1,126423.5,32.88461538,SingleFamily,1939,2,3,4273.0,sqft,"Forced air, Gas",Central,unknown,170000.0,15227,2019/10/1,133541.8182,19.18181818,"Single Family Residence, Residential",1954,1,3,6141.0,sqft,"Forced Air, Natural Gas",Central Air,unknown,108000.0,2,1.0,False,36.470588235294116,medium,0,1,-15,-1868.0,equal,similar,medium_equal
11354574,11646099,15227,2019/10/1,126423.5,32.88461538,SingleFamily,1939,2,3,4273.0,sqft,"Forced air, Gas",Central,unknown,170000.0,15227,2019/10/1,123405.4615,24.0,SingleFamily,1960,2,2,6098.0,sqft,"Forced air, Gas",Central,unknown,118000.0,2,1.0,False,30.58823529411765,medium,1,0,-21,-1825.0,p1_slight,p2_newer,medium_p1_slight
11428455,11642226,15227,2019/10/1,140266.1818,19.45454545,SingleFamily,1960,2,3,6608.0,sqft,Other,Central,Garage - Attached,147000.0,15227,2019/10/1,142461.6,12.4,SingleFamily,1961,2,3,7840.0,sqft,Other,Central,Garage - Attached,117500.0,2,1.0,False,20.068027210884352,hard,0,0,-1,-1232.0,equal,similar,hard_equal
11306368,11646045,15227,2019/8/1,145076.3077,10.0,SingleFamily,1956,2,3,1197.0,sqft,"Forced air, Gas",Central,unknown,187500.0,15227,2019/8/1,136345.6471,13.05882353,SingleFamily,1953,2,3,7906.0,sqft,"Other, Gas",Central,unknown,155000.0,2,1.0,False,17.333333333333336,hard,0,0,3,-6709.0,equal,p1_slight,hard_equal
11304514,11642305,15227,2019/9/1,109742.0,45.0,SingleFamily,1926,2,3,757.0,sqft,"Forced air, Baseboard, Gas",Central,"Off-street, Garage - Detached",117500.0,15227,2019/9/1,146935.7,20.9,SingleFamily,1959,1,3,5998.0,sqft,Other,Central,Garage - Attached,150000.0,1,2.0,False,21.666666666666668,hard,0,1,-33,-5241.0,equal,p2_newer,hard_equal
11354093,11554233,15227,2019/9/1,126736.25,14.16666667,SingleFamily,1964,2,3,7283.0,sqft,Other,unknown,Garage - Attached,127400.0,15227,2019/9/1,149039.7692,19.23076923,SingleFamily,1935,2,3,0.32,Acres,Other,unknown,Garage - Attached,181000.0,1,2.0,False,29.613259668508285,medium,0,0,29,7282.68,equal,p1_much,medium_equal
11391967,11642428,15227,2019/9/1,150194.4375,58.8125,"Single Family Residence, Residential",1953,3,4,10463.0,sqft,"Forced Air, Natural Gas","Central Air, Electric",unknown,285000.0,15227,2019/9/1,201322.5833,12.91666667,SingleFamily,1972,3,3,9768.0,sqft,"Other, Gas",Central,unknown,207000.0,2,1.0,False,27.368421052631582,medium,1,0,-19,695.0,p1_slight,similar,medium_p1_slight
11353752,11646053,15227,2020/1/1,134569.8824,13.88235294,SingleFamily,1945,1,3,7257.0,sqft,"Forced air, Gas",Central,Garage - Attached,131500.0,15227,2020/1/1,153743.4118,13.70588235,SingleFamily,1953,2,3,0.32,Acres,Other,Central,Garage - Attached,167500.0,1,2.0,False,21.492537313432834,hard,0,-1,-8,7256.68,equal,similar,hard_equal
11391700,11646053,15227,2020/1/1,159360.6111,17.94444444,SingleFamily,1947,2,3,7148.0,sqft,"Forced air, Gas",Central,Garage - Attached,114000.0,15227,2020/1/1,153743.4118,13.70588235,SingleFamily,1953,2,3,0.32,Acres,Other,Central,Garage - Attached,167500.0,1,2.0,False,31.94029850746269,medium,0,0,-6,7147.68,equal,similar,medium_equal
11304647,11554258,15227,2020/10/1,143874.4444,29.44444444,"Single Family Residence, Residential",1970,2,3,3998.0,sqft,"Forced Air, Natural Gas","Central Air, Electric",unknown,193900.0,15227,2020/10/1,146221.2667,12.26666667,"Single Family Residence, Residential",1940,1,3,8000.0,sqft,"Forced Air, Natural Gas","Window A/C, Central Air",unknown,150000.0,2,1.0,False,22.64053635894791,hard,0,1,30,-4002.0,equal,p1_much,hard_equal
11302815,11645315,15227,2020/11/1,161992.6,14.8,"Single Family Residence, Residential",1952,2,3,8511.0,sqft,"Forced Air, Natural Gas","Central Air, Electric",unknown,170000.0,15227,2020/11/1,142651.0,28.0,"Single Family Residence, Residential",1955,2,3,7400.0,sqft,"Forced Air, Natural Gas",Central Air,unknown,110500.0,2,1.0,False,35.0,medium,0,0,-3,1111.0,equal,similar,medium_equal
11303061,11391697,15227,2020/11/1,152596.4,21.7,"Single Family Residence, Residential",1953,2,3,6102.0,sqft,"Forced Air, Natural Gas",Central Air,unknown,184900.0,15227,2020/11/1,176213.6923,20.15384615,"Single Family Residence, Residential",1947,2,3,6499.0,sqft,"Forced Air, Natural Gas",Central Air,unknown,146000.0,2,1.0,False,21.038399134667387,hard,0,0,6,-397.0,equal,p1_slight,hard_equal
11303061,11645315,15227,2020/11/1,152596.4,21.7,"Single Family Residence, Residential",1953,2,3,6102.0,sqft,"Forced Air, Natural Gas",Central Air,unknown,184900.0,15227,2020/11/1,142651.0,28.0,"Single Family Residence, Residential",1955,2,3,7400.0,sqft,"Forced Air, Natural Gas",Central Air,unknown,110500.0,2,1.0,False,40.23796646836127,easy,0,0,-2,-1298.0,equal,similar,easy_equal
11304280,11305251,15227,2020/11/1,145302.6,20.6,"Single Family Residence, Residential",1956,3,3,3850.0,sqft,"Forced Air, Natural Gas","Central Air, Electric",unknown,172000.0,15227,2020/11/1,140951.6,17.0,"Single Family Residence, Residential",1952,1,3,8967.0,sqft,"Forced Air, Natural Gas",Central Air,unknown,130000.0,2,1.0,False,24.418604651162788,hard,0,2,4,-5117.0,equal,p1_slight,hard_equal
11304280,11645315,15227,2020/11/1,145302.6,20.6,"Single Family Residence, Residential",1956,3,3,3850.0,sqft,"Forced Air, Natural Gas","Central Air, Electric",unknown,172000.0,15227,2020/11/1,142651.0,28.0,"Single Family Residence, Residential",1955,2,3,7400.0,sqft,"Forced Air, Natural Gas",Central Air,unknown,110500.0,2,1.0,False,35.75581395348838,medium,0,1,1,-3550.0,equal,p1_slight,medium_equal
11304355,11645315,15227,2020/11/1,173774.6429,13.21428571,"Single Family Residence, Residential",1937,2,4,9347.0,sqft,"Hot Water, Natural Gas",Central Air,unknown,169900.0,15227,2020/11/1,142651.0,28.0,"Single Family Residence, Residential",1955,2,3,7400.0,sqft,"Forced Air, Natural Gas",Central Air,unknown,110500.0,2,1.0,False,34.96174220129488,medium,1,0,-18,1947.0,p1_slight,similar,medium_p1_slight
11305105,11305251,15227,2020/11/1,145376.0714,14.28571429,"Single Family Residence, Residential",1935,2,3,5214.0,sqft,"Forced Air, Natural Gas",Central Air,unknown,160000.0,15227,2020/11/1,140951.6,17.0,"Single Family Residence, Residential",1952,1,3,8967.0,sqft,"Forced Air, Natural Gas",Central Air,unknown,130000.0,2,1.0,False,18.75,hard,0,1,-17,-3753.0,equal,similar,hard_equal
11552011,11644985,15227,2020/11/1,195700.9231,22.38461538,"Single Family Residence, Residential",1962,2,3,9748.0,sqft,"Forced Air, Natural Gas",Central Air,unknown,212500.0,15227,2020/11/1,164093.75,16.75,"Single Family Residence, Residential",1980,2,3,5750.0,sqft,"Forced Air, Natural Gas",Central Air,unknown,175000.0,2,1.0,False,17.647058823529413,hard,0,0,-18,3998.0,equal,similar,hard_equal
11645315,59835654,15227,2020/11/1,142651.0,28.0,"Single Family Residence, Residential",1955,2,3,7400.0,sqft,"Forced Air, Natural Gas",Central Air,unknown,110500.0,15227,2020/11/1,123341.0,17.71428571,"Townhouse, Residential",1985,2,2,1263.0,sqft,"Forced Air, Natural Gas","Central Air, Electric",unknown,134000.0,1,2.0,False,17.537313432835823,hard,1,0,-30,6137.0,p1_slight,p2_newer,hard_p1_slight
11303315,11353975,15227,2020/12/1,122272.1667,55.75,"Single Family Residence, Residential",1925,3,3,5144.0,sqft,Natural Gas,"Window A/C, Wall Unit(s)",unknown,175000.0,15227,2020/12/1,142368.1429,23.92857143,"Single Family Residence, Residential",1926,1,3,5501.0,sqft,"Forced Air, Natural Gas","Central Air, Electric",unknown,138000.0,2,1.0,False,21.142857142857142,hard,0,2,-1,-357.0,equal,similar,hard_equal
11303315,11354025,15227,2020/12/1,122272.1667,55.75,"Single Family Residence, Residential",1925,3,3,5144.0,sqft,Natural Gas,"Window A/C, Wall Unit(s)",unknown,175000.0,15227,2020/12/1,146582.0,22.75,"Single Family Residence, Residential",1950,2,3,0.31,Acres,"Forced Air, Natural Gas",Central Air,unknown,140000.0,2,1.0,False,20.0,hard,0,1,-25,5143.69,equal,p2_newer,hard_equal
11303315,11354523,15227,2020/12/1,122272.1667,55.75,"Single Family Residence, Residential",1925,3,3,5144.0,sqft,Natural Gas,"Window A/C, Wall Unit(s)",unknown,175000.0,15227,2020/12/1,169671.1,30.2,"Single Family Residence, Residential",1952,4,4,7727.0,sqft,"Forced Air, Natural Gas",Electric,unknown,140000.0,2,1.0,False,20.0,hard,-1,-1,-27,-2583.0,p2_more,p2_newer,hard_p2_more
11306356,11354523,15227,2020/12/1,176786.3,17.2,"Single Family Residence, Residential",1955,2,3,9226.0,sqft,"Forced Air, Natural Gas",Central Air,unknown,200000.0,15227,2020/12/1,169671.1,30.2,"Single Family Residence, Residential",1952,4,4,7727.0,sqft,"Forced Air, Natural Gas",Electric,unknown,140000.0,2,1.0,False,30.0,medium,-1,-2,3,1499.0,p2_more,p1_slight,medium_p2_more
11354025,11354209,15227,2020/12/1,146582.0,22.75,"Single Family Residence, Residential",1950,2,3,0.31,Acres,"Forced Air, Natural Gas",Central Air,unknown,140000.0,15227,2020/12/1,169403.8,31.3,"Single Family Residence, Residential",1945,2,4,4499.0,sqft,Natural Gas,Window A/C,unknown,195000.0,1,2.0,False,28.205128205128204,medium,-1,0,5,-4498.69,p2_more,p1_slight,medium_p2_more
11354209,11354523,15227,2020/12/1,169403.8,31.3,"Single Family Residence, Residential",1945,2,4,4499.0,sqft,Natural Gas,Window A/C,unknown,195000.0,15227,2020/12/1,169671.1,30.2,"Single Family Residence, Residential",1952,4,4,7727.0,sqft,"Forced Air, Natural Gas",Electric,unknown,140000.0,2,1.0,False,28.205128205128204,medium,0,-2,-7,-3228.0,equal,similar,medium_equal
11354523,11391785,15227,2020/12/1,169671.1,30.2,"Single Family Residence, Residential",1952,4,4,7727.0,sqft,"Forced Air, Natural Gas",Electric,unknown,140000.0,15227,2020/12/1,161530.9231,23.53846154,"Single Family Residence, Residential",1940,2,2,9448.0,sqft,"Forced Air, Natural Gas",Central Air,unknown,168000.0,1,2.0,False,16.666666666666664,hard,2,2,12,-1721.0,p1_much,p1_slight,hard_p1_much
11354523,11645507,15227,2020/12/1,169671.1,30.2,"Single Family Residence, Residential",1952,4,4,7727.0,sqft,"Forced Air, Natural Gas",Electric,unknown,140000.0,15227,2020/12/1,201415.0,15.5,"Single Family Residence, Residential",1972,3,3,0.26,Acres,"Forced Air, Natural Gas",Central Air,unknown,240000.0,1,2.0,False,41.66666666666667,easy,1,1,-20,7726.74,p1_slight,p2_newer,easy_p1_slight
11355553,11390709,15227,2020/12/1,219256.875,29.5,"Single Family Residence, Residential",1870,2,3,9417.0,sqft,"Forced Air, Natural Gas",Central Air,unknown,269900.0,15227,2020/12/1,240910.0,16.0,"Single Family Residence, Residential",1960,3,2,7784.0,sqft,"Forced Air, Natural Gas",Central Air,unknown,219990.0,2,1.0,False,18.492034086698776,hard,1,-1,-90,1633.0,p1_slight,p2_newer,hard_p1_slight
11304109,11304221,15227,2020/2/1,128521.25,28.75,SingleFamily,1924,2,4,3000.0,sqft,"Forced air, Gas",Central,unknown,170001.0,15227,2020/2/1,111410.0,36.0,SingleFamily,1952,2,2,7783.0,sqft,"Forced air, Gas",Central,unknown,106500.0,2,1.0,False,37.35330968641361,medium,2,0,-28,-4783.0,p1_much,p2_newer,medium_p1_much
11302942,11391734,15227,2020/6/1,130434.25,24.125,SingleFamily,1955,2,3,6011.0,sqft,Other,Central,unknown,114900.0,15227,2020/6/1,156708.2222,20.88888889,SingleFamily,1947,2,3,8032.0,sqft,"Forced air, Gas",Central,unknown,165000.0,1,2.0,False,30.363636363636363,medium,0,0,8,-2021.0,equal,p1_slight,medium_equal
11391581,11642423,15227,2020/6/1,177227.9167,17.0,SingleFamily,1963,3,4,8254.0,sqft,Other,Central,unknown,170000.0,15227,2020/6/1,173004.6923,12.07692308,SingleFamily,1972,2,3,8809.0,sqft,Other,Central,unknown,225000.0,1,2.0,False,24.444444444444443,hard,1,1,-9,-555.0,p1_slight,similar,hard_p1_slight
11392596,11552040,15227,2020/6/1,211810.0,19.0,SingleFamily,1960,2,3,7178.0,sqft,Other,Central,unknown,216300.0,15227,2020/6/1,175142.6667,21.55555556,SingleFamily,1950,3,3,0.5,Acres,"Other, Forced air, Gas",Central,unknown,180000.0,2,1.0,False,16.78224687933426,hard,0,-1,10,7177.5,equal,p1_slight,hard_equal
11552040,11642423,15227,2020/6/1,175142.6667,21.55555556,SingleFamily,1950,3,3,0.5,Acres,"Other, Forced air, Gas",Central,unknown,180000.0,15227,2020/6/1,173004.6923,12.07692308,SingleFamily,1972,2,3,8809.0,sqft,Other,Central,unknown,225000.0,1,2.0,False,20.0,hard,0,1,-22,-8808.5,equal,p2_newer,hard_equal
11304325,11354140,15227,2020/7/1,121612.25,20.1,SingleFamily,1949,2,3,4948.0,sqft,"Other, Forced air, Gas",Central,unknown,135000.0,15227,2020/7/1,151899.1,26.1,SingleFamily,1930,2,4,4382.0,sqft,Other,Central,unknown,174000.0,1,2.0,False,22.413793103448278,hard,-1,0,19,566.0,p2_more,p1_slight,hard_p2_more
11304555,11645263,15227,2020/7/1,124515.0,13.0,SingleFamily,1947,2,3,3750.0,sqft,Other,Central,unknown,178000.0,15227,2020/7/1,127650.0,28.0,SingleFamily,1906,2,4,8298.0,sqft,"Forced air, Gas",Central,unknown,146000.0,2,1.0,False,17.97752808988764,hard,-1,0,41,-4548.0,p2_more,p1_much,hard_p2_more
11354140,11554506,15227,2020/7/1,151899.1,26.1,SingleFamily,1930,2,4,4382.0,sqft,Other,Central,unknown,174000.0,15227,2020/7/1,114757.0,32.0,SingleFamily,1948,2,2,6499.0,sqft,Other,Central,unknown,117000.0,2,1.0,False,32.758620689655174,medium,2,0,-18,-2117.0,p1_much,similar,medium_p1_much
11354140,11646051,15227,2020/7/1,151899.1,26.1,SingleFamily,1930,2,4,4382.0,sqft,Other,Central,unknown,174000.0,15227,2020/7/1,155318.875,16.75,SingleFamily,1953,2,3,10175.0,sqft,Other,Central,unknown,116900.0,2,1.0,False,32.816091954022994,medium,1,0,-23,-5793.0,p1_slight,p2_newer,medium_p1_slight
11354439,11554506,15227,2020/7/1,137366.2,22.0,SingleFamily,1925,1,3,3001.0,sqft,"Forced air, Gas",Central,unknown,158500.0,15227,2020/7/1,114757.0,32.0,SingleFamily,1948,2,2,6499.0,sqft,Other,Central,unknown,117000.0,2,1.0,False,26.18296529968454,medium,1,-1,-23,-3498.0,p1_slight,p2_newer,medium_p1_slight
11354439,11646051,15227,2020/7/1,137366.2,22.0,SingleFamily,1925,1,3,3001.0,sqft,"Forced air, Gas",Central,unknown,158500.0,15227,2020/7/1,155318.875,16.75,SingleFamily,1953,2,3,10175.0,sqft,Other,Central,unknown,116900.0,2,1.0,False,26.24605678233439,medium,0,-1,-28,-7174.0,equal,p2_newer,medium_equal
11354685,11646051,15227,2020/7/1,157406.6667,23.22222222,"Single Family Residence, Residential",1947,1,3,6499.0,sqft,"Forced Air, Natural Gas",Central Air,unknown,149900.0,15227,2020/7/1,155318.875,16.75,SingleFamily,1953,2,3,10175.0,sqft,Other,Central,unknown,116900.0,2,1.0,False,22.01467645096731,hard,0,-1,-6,-3676.0,equal,similar,hard_equal
11355581,11391479,15227,2020/7/1,191666.3333,18.66666667,"Single Family Residence, Residential",1955,2,2,9117.0,sqft,Natural Gas,Central Air,unknown,221000.0,15227,2020/7/1,155650.0,29.0,SingleFamily,1940,2,3,7374.0,sqft,Other,Central,unknown,172000.0,2,1.0,False,22.171945701357465,hard,-1,0,15,1743.0,p2_more,p1_slight,hard_p2_more
11355581,11554576,15227,2020/7/1,191666.3333,18.66666667,"Single Family Residence, Residential",1955,2,2,9117.0,sqft,Natural Gas,Central Air,unknown,221000.0,15227,2020/7/1,177600.2,12.4,SingleFamily,1950,2,3,0.28,Acres,Other,Central,unknown,177500.0,2,1.0,False,19.683257918552037,hard,-1,0,5,9116.72,p2_more,p1_slight,hard_p2_more
11391890,11646051,15227,2020/7/1,156899.0,16.0,SingleFamily,1947,2,2,8102.0,sqft,"Forced air, Gas",Central,unknown,149900.0,15227,2020/7/1,155318.875,16.75,SingleFamily,1953,2,3,10175.0,sqft,Other,Central,unknown,116900.0,2,1.0,False,22.01467645096731,hard,-1,0,-6,-2073.0,p2_more,similar,hard_p2_more
11554576,11646051,15227,2020/7/1,177600.2,12.4,SingleFamily,1950,2,3,0.28,Acres,Other,Central,unknown,177500.0,15227,2020/7/1,155318.875,16.75,SingleFamily,1953,2,3,10175.0,sqft,Other,Central,unknown,116900.0,2,1.0,False,34.140845070422536,medium,0,0,-3,-10174.72,equal,similar,medium_equal
11645263,11646051,15227,2020/7/1,127650.0,28.0,SingleFamily,1906,2,4,8298.0,sqft,"Forced air, Gas",Central,unknown,146000.0,15227,2020/7/1,155318.875,16.75,SingleFamily,1953,2,3,10175.0,sqft,Other,Central,unknown,116900.0,2,1.0,False,19.931506849315067,hard,1,0,-47,-1877.0,p1_slight,p2_newer,hard_p1_slight
11645743,11646051,15227,2020/7/1,142624.0,14.5,SingleFamily,1951,2,3,7819.0,sqft,Other,Central,unknown,152000.0,15227,2020/7/1,155318.875,16.75,SingleFamily,1953,2,3,10175.0,sqft,Other,Central,unknown,116900.0,2,1.0,False,23.092105263157894,hard,0,0,-2,-2356.0,equal,similar,hard_equal
11303005,11304040,15227,2020/8/1,134074.75,16.375,"Single Family Residence, Residential",1960,2,2,7862.0,sqft,"Forced Air, Natural Gas","Central Air, Electric",unknown,165000.0,15227,2020/8/1,136235.2,23.2,SingleFamily,1929,1,5,9099.0,sqft,"Forced air, Gas",Central,unknown,137000.0,2,1.0,False,16.969696969696972,hard,-3,1,31,-1237.0,p2_more,p1_much,hard_p2_more
11303005,11304111,15227,2020/8/1,134074.75,16.375,"Single Family Residence, Residential",1960,2,2,7862.0,sqft,"Forced Air, Natural Gas","Central Air, Electric",unknown,165000.0,15227,2020/8/1,122196.8,28.7,"Single Family Residence, Residential",1930,1,3,3001.0,sqft,Natural Gas,Central Air,unknown,120000.0,2,1.0,False,27.27272727272727,medium,-1,1,30,4861.0,p2_more,p1_much,medium_p2_more
11303005,11353545,15227,2020/8/1,134074.75,16.375,"Single Family Residence, Residential",1960,2,2,7862.0,sqft,"Forced Air, Natural Gas","Central Air, Electric",unknown,165000.0,15227,2020/8/1,121567.5,14.0,"Single Family Residence, Residential",1947,1,3,6969.0,sqft,"Baseboard, Electric",Electric,unknown,106000.0,2,1.0,False,35.75757575757576,medium,-1,1,13,893.0,p2_more,p1_slight,medium_p2_more
11303005,11554495,15227,2020/8/1,134074.75,16.375,"Single Family Residence, Residential",1960,2,2,7862.0,sqft,"Forced Air, Natural Gas","Central Air, Electric",unknown,165000.0,15227,2020/8/1,97352.69231,53.46153846,SingleFamily,1928,2,2,0.26,Acres,"Forced air, Gas",Central,unknown,127000.0,2,1.0,False,23.03030303030303,hard,0,0,32,7861.74,equal,p1_much,hard_equal
11303005,11646086,15227,2020/8/1,134074.75,16.375,"Single Family Residence, Residential",1960,2,2,7862.0,sqft,"Forced Air, Natural Gas","Central Air, Electric",unknown,165000.0,15227,2020/8/1,127093.2,17.3,"Single Family Residence, Residential",1950,1,3,5166.0,sqft,"Forced Air, Natural Gas",Central Air,unknown,134000.0,2,1.0,False,18.787878787878785,hard,-1,1,10,2696.0,p2_more,p1_slight,hard_p2_more
11303771,11354658,15227,2020/8/1,168658.0,25.2,SingleFamily,1970,3,4,5662.0,sqft,"Forced air, Gas",Central,unknown,131000.0,15227,2020/8/1,151983.0,19.0,"Single Family Residence, Residential",2002,2,2,0.34,Acres,Electric,Window A/C,unknown,157500.0,1,2.0,False,16.825396825396826,hard,2,1,-32,5661.66,p1_much,p2_newer,hard_p1_much
11304040,11353545,15227,2020/8/1,136235.2,23.2,SingleFamily,1929,1,5,9099.0,sqft,"Forced air, Gas",Central,unknown,137000.0,15227,2020/8/1,121567.5,14.0,"Single Family Residence, Residential",1947,1,3,6969.0,sqft,"Baseboard, Electric",Electric,unknown,106000.0,2,1.0,False,22.62773722627737,hard,2,0,-18,2130.0,p1_much,similar,hard_p1_much
11304107,11353545,15227,2020/8/1,134066.4545,23.36363636,Residential,1940,2,3,4499.0,sqft,"Forced Air, Natural Gas",Window A/C,unknown,168500.0,15227,2020/8/1,121567.5,14.0,"Single Family Residence, Residential",1947,1,3,6969.0,sqft,"Baseboard, Electric",Electric,unknown,106000.0,2,1.0,False,37.0919881305638,medium,0,1,-7,-2470.0,equal,similar,medium_equal
11304107,11554495,15227,2020/8/1,134066.4545,23.36363636,Residential,1940,2,3,4499.0,sqft,"Forced Air, Natural Gas",Window A/C,unknown,168500.0,15227,2020/8/1,97352.69231,53.46153846,SingleFamily,1928,2,2,0.26,Acres,"Forced air, Gas",Central,unknown,127000.0,2,1.0,False,24.629080118694365,hard,1,0,12,4498.74,p1_slight,p1_slight,hard_p1_slight
11304107,11646086,15227,2020/8/1,134066.4545,23.36363636,Residential,1940,2,3,4499.0,sqft,"Forced Air, Natural Gas",Window A/C,unknown,168500.0,15227,2020/8/1,127093.2,17.3,"Single Family Residence, Residential",1950,1,3,5166.0,sqft,"Forced Air, Natural Gas",Central Air,unknown,134000.0,2,1.0,False,20.474777448071215,hard,0,1,-10,-667.0,equal,similar,hard_equal
11305210,11554268,15227,2020/8/1,178262.7,17.3,"Single Family Residence, Residential",1955,3,5,6494.0,sqft,"Forced Air, Natural Gas",Central Air,unknown,180000.0,15227,2020/8/1,154066.7273,22.18181818,"Single Family Residence, Residential",1947,3,3,0.55,Acres,"Forced Air, Natural Gas","Central Air, Electric",unknown,220000.0,1,2.0,False,18.181818181818183,hard,2,0,8,6493.45,p1_much,p1_slight,hard_p1_much
11428503,11645969,15227,2020/8/1,174571.3333,17.22222222,SingleFamily,1956,2,3,7910.0,sqft,Other,Central,Garage - Attached,210000.0,15227,2020/8/1,138113.2727,32.90909091,"Single Family Residence, Residential",1918,3,4,2674.0,sqft,Natural Gas,Central Air,Open Parking,128700.0,2,1.0,False,38.714285714285715,medium,-1,-1,38,5236.0,p2_more,p1_much,medium_p2_more
11304906,11305084,15227,2020/9/1,218845.0,25.0,"Single Family Residence, Residential",1920,2,4,5501.0,sqft,"Forced Air, Natural Gas","Central Air, Electric",unknown,232032.0,15227,2020/9/1,183286.0,27.0,"Single Family Residence, Residential",1950,3,3,10602.0,sqft,"Forced Air, Natural Gas",Central Air,unknown,192499.0,2,1.0,False,17.037736174320784,hard,1,-1,-30,-5101.0,p1_slight,p2_newer,hard_p1_slight
11304962,59836791,15227,2020/9/1,133828.2727,21.0,"Single Family Residence, Residential",1932,2,4,3600.0,sqft,"Hot Water, Natural Gas","Central Air, Electric",unknown,141500.0,15227,2020/9/1,127638.0,17.0,"Single Family Residence, Residential",1948,1,3,6860.0,sqft,Natural Gas,Central Air,unknown,115000.0,2,1.0,False,18.727915194346288,hard,1,1,-16,-3260.0,p1_slight,similar,hard_p1_slight
11305084,11353784,15227,2020/9/1,183286.0,27.0,"Single Family Residence, Residential",1950,3,3,10602.0,sqft,"Forced Air, Natural Gas",Central Air,unknown,192499.0,15227,2020/9/1,155297.75,18.5,"Single Family Residence, Residential",1957,2,4,5222.0,sqft,"Forced Air, Natural Gas",Central Air,unknown,160000.0,2,1.0,False,16.882685104857686,hard,-1,1,-7,5380.0,p2_more,similar,hard_p2_more
11305084,11354510,15227,2020/9/1,183286.0,27.0,"Single Family Residence, Residential",1950,3,3,10602.0,sqft,"Forced Air, Natural Gas",Central Air,unknown,192499.0,15227,2020/9/1,165573.3333,38.66666667,"Single Family Residence, Residential",1936,5,4,6128.0,sqft,"Forced Air, Natural Gas",Central Air,unknown,138500.0,2,1.0,False,28.051574293892433,medium,-1,-2,14,4474.0,p2_more,p1_slight,medium_p2_more
11305304,11646121,15227,2020/9/1,158396.0,24.0,"Single Family Residence, Residential",1930,2,3,7200.0,sqft,"Forced Air, Natural Gas",Central Air,unknown,186000.0,15227,2020/9/1,126263.6,20.8,"Single Family Residence, Residential",1954,1,3,9495.0,sqft,"Forced Air, Natural Gas",Central Air,unknown,124900.0,2,1.0,False,32.8494623655914,medium,0,1,-24,-2295.0,equal,p2_newer,medium_equal
11353805,59836791,15227,2020/9/1,123258.8,27.0,"Single Family Residence, Residential",1940,1,2,3937.0,sqft,"Hot Water, Natural Gas",Wall Unit(s),unknown,145000.0,15227,2020/9/1,127638.0,17.0,"Single Family Residence, Residential",1948,1,3,6860.0,sqft,Natural Gas,Central Air,unknown,115000.0,2,1.0,False,20.689655172413794,hard,-1,0,-8,-2923.0,p2_more,similar,hard_p2_more
11354510,59836791,15227,2020/9/1,165573.3333,38.66666667,"Single Family Residence, Residential",1936,5,4,6128.0,sqft,"Forced Air, Natural Gas",Central Air,unknown,138500.0,15227,2020/9/1,127638.0,17.0,"Single Family Residence, Residential",1948,1,3,6860.0,sqft,Natural Gas,Central Air,unknown,115000.0,2,1.0,False,16.967509025270758,hard,1,4,-12,-732.0,p1_slight,similar,hard_p1_slight
11354833,11391708,15227,2020/9/1,232303.0,19.5,"Single Family Residence, Residential",1956,3,3,0.26,Acres,"Forced Air, Natural Gas","Central Air, Electric",unknown,259000.0,15227,2020/9/1,217912.0,17.2,"Single Family Residence, Residential",1966,3,3,7039.0,sqft,Natural Gas,Central Air,unknown,210000.0,2,1.0,False,18.91891891891892,hard,0,0,-10,-7038.74,equal,similar,hard_equal
11302826,11645656,15227,2021/1/1,142042.0,26.0,"Single Family Residence, Residential",1941,2,3,1.0,Acres,"Forced Air, Natural Gas",Central Air,unknown,163000.0,15227,2021/1/1,153670.4,23.6,"Single Family Residence, Residential",1954,2,3,0.35,Acres,"Forced Air, Natural Gas","Central Air, Electric",unknown,209900.0,1,2.0,False,22.34397332062887,hard,0,0,-13,0.65,equal,similar,hard_equal
11304473,11354151,15227,2021/1/1,137282.4615,21.0,"Single Family Residence, Residential",1926,2,4,3750.0,sqft,"Forced Air, Natural Gas",Central Air,unknown,141780.0,15227,2021/1/1,133983.0,28.0,"Single Family Residence, Residential",1939,1,2,6000.0,sqft,"Forced Air, Natural Gas",Central Air,unknown,113400.0,2,1.0,False,20.016927634363096,hard,2,1,-13,-2250.0,p1_much,similar,hard_p1_much
11304783,11392207,15227,2021/1/1,148415.8571,23.0,"Single Family Residence, Residential",1949,1,3,3998.0,sqft,"Forced Air, Natural Gas",Central Air,unknown,149900.0,15227,2021/1/1,122509.8889,22.88888889,"Single Family Residence, Residential",1942,1,2,7750.0,sqft,"Forced Air, Natural Gas",Central Air,unknown,119900.0,2,1.0,False,20.0133422281521,hard,1,0,7,-3752.0,p1_slight,p1_slight,hard_p1_slight
11304958,11354151,15227,2021/1/1,157556.0,27.0,"Single Family Residence, Residential",1930,2,3,5445.0,sqft,"Forced Air, Natural Gas",Central Air,unknown,160000.0,15227,2021/1/1,133983.0,28.0,"Single Family Residence, Residential",1939,1,2,6000.0,sqft,"Forced Air, Natural Gas",Central Air,unknown,113400.0,2,1.0,False,29.125,medium,1,1,-9,-555.0,p1_slight,similar,medium_p1_slight
11304958,11392207,15227,2021/1/1,157556.0,27.0,"Single Family Residence, Residential",1930,2,3,5445.0,sqft,"Forced Air, Natural Gas",Central Air,unknown,160000.0,15227,2021/1/1,122509.8889,22.88888889,"Single Family Residence, Residential",1942,1,2,7750.0,sqft,"Forced Air, Natural Gas",Central Air,unknown,119900.0,2,1.0,False,25.0625,medium,1,1,-12,-2305.0,p1_slight,similar,medium_p1_slight
11304220,11554456,15227,2021/10/1,179825.4237,13.45762712,"Single Family Residence, Residential",1935,2,3,3001.0,sqft,"Forced Air, Natural Gas",Central Air,unknown,170000.0,15227,2021/10/1,152068.4211,28.78947368,"Single Family Residence, Residential",1952,3,3,6686.0,sqft,Natural Gas,Electric,unknown,125000.0,2,1.0,False,26.47058823529412,medium,0,-1,-17,-3685.0,equal,similar,medium_equal
11304833,11392261,15227,2021/10/1,239149.1525,16.40677966,"Single Family Residence, Residential",1920,2,4,3740.0,sqft,"Forced Air, Natural Gas",Central Air,unknown,270000.0,15227,2021/10/1,232188.8889,14.0,"Single Family Residence, Residential",1956,2,3,6624.0,sqft,"Forced Air, Natural Gas",Central Air,unknown,202500.0,2,1.0,False,25.0,hard,1,0,-36,-2884.0,p1_slight,p2_newer,hard_p1_slight
11305769,11554456,15227,2021/10/1,154461.5942,19.96376812,"Single Family Residence, Residential",1955,2,3,5580.0,sqft,"Forced Air, Natural Gas",Central Air,unknown,155000.0,15227,2021/10/1,152068.4211,28.78947368,"Single Family Residence, Residential",1952,3,3,6686.0,sqft,Natural Gas,Electric,unknown,125000.0,2,1.0,False,19.35483870967742,hard,0,-1,3,-1106.0,equal,p1_slight,hard_equal
11306234,11554456,15227,2021/10/1,169181.3559,16.10169492,"Single Family Residence, Residential",1948,2,3,4264.0,sqft,"Forced Air, Natural Gas","Central Air, Electric",unknown,175000.0,15227,2021/10/1,152068.4211,28.78947368,"Single Family Residence, Residential",1952,3,3,6686.0,sqft,Natural Gas,Electric,unknown,125000.0,2,1.0,False,28.57142857142857,medium,0,-1,-4,-2422.0,equal,similar,medium_equal
11306321,11353160,15227,2021/10/1,239703.3898,20.37288136,"Single Family Residence, Residential",1956,2,4,8999.0,sqft,"Forced Air, Natural Gas",Central Air,unknown,307000.0,15227,2021/10/1,227893.2203,12.89830508,"Single Family Residence, Residential",1972,2,3,9361.0,sqft,"Forced Air, Natural Gas","Central Air, Electric",unknown,230500.0,2,1.0,False,24.9185667752443,hard,1,0,-16,-362.0,p1_slight,similar,hard_p1_slight
11306321,11353396,15227,2021/10/1,239703.3898,20.37288136,"Single Family Residence, Residential",1956,2,4,8999.0,sqft,"Forced Air, Natural Gas",Central Air,unknown,307000.0,15227,2021/10/1,218755.9322,21.94915254,"Single Family Residence, Residential",1967,2,3,7749.0,sqft,"Forced Air, Natural Gas",Central Air,unknown,245500.0,2,1.0,False,20.03257328990228,hard,1,0,-11,1250.0,p1_slight,similar,hard_p1_slight
11306321,11355487,15227,2021/10/1,239703.3898,20.37288136,"Single Family Residence, Residential",1956,2,4,8999.0,sqft,"Forced Air, Natural Gas",Central Air,unknown,307000.0,15227,2021/10/1,256406.7797,16.40677966,"Single Family Residence, Residential",1953,2,3,0.29,Acres,"Forced Air, Natural Gas",Central Air,unknown,234000.0,2,1.0,False,23.778501628664493,hard,1,0,3,8998.71,p1_slight,p1_slight,hard_p1_slight
11306321,11428428,15227,2021/10/1,239703.3898,20.37288136,"Single Family Residence, Residential",1956,2,4,8999.0,sqft,"Forced Air, Natural Gas",Central Air,unknown,307000.0,15227,2021/10/1,235216.9492,13.55932203,"Single Family Residence, Residential",1955,3,3,8398.0,sqft,"Forced Air, Natural Gas",Central Air,unknown,239900.0,2,1.0,False,21.85667752442997,hard,1,-1,1,601.0,p1_slight,p1_slight,hard_p1_slight
11353998,11554456,15227,2021/10/1,174530.5085,17.18644068,"Single Family Residence, Residential",1945,2,3,5998.0,sqft,"Forced Air, Natural Gas",Central Air,unknown,170000.0,15227,2021/10/1,152068.4211,28.78947368,"Single Family Residence, Residential",1952,3,3,6686.0,sqft,Natural Gas,Electric,unknown,125000.0,2,1.0,False,26.47058823529412,medium,0,-1,-7,-688.0,equal,similar,medium_equal
11303511,11646080,15227,2021/11/1,155927.5362,18.34782609,"Single Family Residence, Residential",1959,2,2,7806.0,sqft,"Forced Air, Natural Gas",Central Air,unknown,165000.0,15227,2021/11/1,146073.5294,33.22794118,"Single Family Residence, Residential",1925,1,4,4020.0,sqft,"Forced Air, Natural Gas",Central Air,unknown,128000.0,2,1.0,False,22.424242424242426,hard,-2,1,34,3786.0,p2_more,p1_much,hard_p2_more
11303525,11646080,15227,2021/11/1,173400.0,18.0,"Single Family Residence, Residential",1955,1,3,6242.0,sqft,Natural Gas,Electric,unknown,157500.0,15227,2021/11/1,146073.5294,33.22794118,"Single Family Residence, Residential",1925,1,4,4020.0,sqft,"Forced Air, Natural Gas",Central Air,unknown,128000.0,2,1.0,False,18.73015873015873,hard,-1,0,30,2222.0,p2_more,p1_much,hard_p2_more
11354012,11646080,15227,2021/11/1,156584.7458,22.20338983,"Single Family Residence, Residential",1958,2,3,2962.0,sqft,"Forced Air, Natural Gas","Central Air, Wall Unit(s)",unknown,165000.0,15227,2021/11/1,146073.5294,33.22794118,"Single Family Residence, Residential",1925,1,4,4020.0,sqft,"Forced Air, Natural Gas",Central Air,unknown,128000.0,2,1.0,False,22.424242424242426,hard,-1,1,33,-1058.0,p2_more,p1_much,hard_p2_more
11392146,11646080,15227,2021/11/1,181830.5556,15.58333333,"Single Family Residence, Residential",1953,2,2,10850.0,sqft,"Forced Air, Natural Gas","Central Air, Electric",unknown,167500.0,15227,2021/11/1,146073.5294,33.22794118,"Single Family Residence, Residential",1925,1,4,4020.0,sqft,"Forced Air, Natural Gas",Central Air,unknown,128000.0,2,1.0,False,23.582089552238806,hard,-2,1,28,6830.0,p2_more,p1_much,hard_p2_more
11302606,11391966,15227,2021/12/1,179246.3768,11.44927536,"Townhouse, Residential",1996,3,3,1463.0,sqft,"Forced Air, Natural Gas",Central Air,unknown,180000.0,15227,2021/12/1,209410.4167,23.57638889,"Single Family Residence, Residential",1955,2,3,10018.0,sqft,"Forced Air, Natural Gas",Central Air,unknown,242000.0,1,2.0,False,25.6198347107438,medium,0,1,41,-8555.0,equal,p1_much,medium_equal
11303945,11353886,15227,2021/12/1,159723.913,16.30434783,"Single Family Residence, Residential",1949,2,3,9246.0,sqft,"Forced Air, Natural Gas",Central Air,unknown,159900.0,15227,2021/12/1,152752.1127,20.47887324,"Single Family Residence, Residential",1920,1,4,8000.0,sqft,"Hot Water, Natural Gas",Window A/C,unknown,120000.0,2,1.0,False,24.953095684803,hard,-1,1,29,1246.0,p2_more,p1_much,hard_p2_more
11303999,11305059,15227,2021/12/1,146812.3188,16.01449275,"Single Family Residence, Residential",1927,1,3,2500.0,sqft,"Forced Air, Natural Gas",Central Air,unknown,164900.0,15227,2021/12/1,129866.6667,24.66666667,"Single Family Residence, Residential",1925,1,2,7505.0,sqft,"Forced Air, Natural Gas",Window A/C,unknown,136000.0,2,1.0,False,17.525773195876287,hard,1,0,2,-5005.0,p1_slight,p1_slight,hard_p1_slight
11303999,11353886,15227,2021/12/1,146812.3188,16.01449275,"Single Family Residence, Residential",1927,1,3,2500.0,sqft,"Forced Air, Natural Gas",Central Air,unknown,164900.0,15227,2021/12/1,152752.1127,20.47887324,"Single Family Residence, Residential",1920,1,4,8000.0,sqft,"Hot Water, Natural Gas",Window A/C,unknown,120000.0,2,1.0,False,27.228623408126136,medium,-1,0,7,-5500.0,p2_more,p1_slight,medium_p2_more
11304566,11353886,15227,2021/12/1,123032.3,23.65,"Single Family Residence, Residential",1939,2,3,5196.0,sqft,"Hot Water, Natural Gas",Central Air,unknown,145000.0,15227,2021/12/1,152752.1127,20.47887324,"Single Family Residence, Residential",1920,1,4,8000.0,sqft,"Hot Water, Natural Gas",Window A/C,unknown,120000.0,2,1.0,False,17.24137931034483,hard,-1,1,19,-2804.0,p2_more,p1_slight,hard_p2_more
11354471,11390865,15227,2021/12/1,200626.7606,23.4084507,"Single Family Residence, Residential",1936,3,3,4203.0,sqft,"Hot Water, Natural Gas",Central Air,unknown,225000.0,15227,2021/12/1,168451.3889,23.98611111,"Single Family Residence, Residential",1946,2,3,6499.0,sqft,"Forced Air, Natural Gas",Central Air,unknown,163000.0,2,1.0,False,27.555555555555557,medium,0,1,-10,-2296.0,equal,similar,medium_equal
11354471,11391777,15227,2021/12/1,200626.7606,23.4084507,"Single Family Residence, Residential",1936,3,3,4203.0,sqft,"Hot Water, Natural Gas",Central Air,unknown,225000.0,15227,2021/12/1,224375.7962,16.42038217,"Single Family Residence, Residential",1952,2,3,8102.0,sqft,"Forced Air, Natural Gas","Central Air, Electric",unknown,175100.0,2,1.0,False,22.177777777777777,hard,0,1,-16,-3899.0,equal,similar,hard_equal
11354471,11392229,15227,2021/12/1,200626.7606,23.4084507,"Single Family Residence, Residential",1936,3,3,4203.0,sqft,"Hot Water, Natural Gas",Central Air,unknown,225000.0,15227,2021/12/1,205255.5556,17.22222222,"Single Family Residence, Residential",1955,2,3,9000.0,sqft,"Forced Air, Natural Gas",Central Air,unknown,159000.0,2,1.0,False,29.333333333333332,medium,0,1,-19,-4797.0,equal,similar,medium_equal
11354471,11392491,15227,2021/12/1,200626.7606,23.4084507,"Single Family Residence, Residential",1936,3,3,4203.0,sqft,"Hot Water, Natural Gas",Central Air,unknown,225000.0,15227,2021/12/1,182872.2222,24.375,"Single Family Residence, Residential",1950,2,3,8999.0,sqft,Natural Gas,Central Air,unknown,175000.0,2,1.0,False,22.22222222222222,hard,0,1,-14,-4796.0,equal,similar,hard_equal
11354862,11392229,15227,2021/12/1,204121.1268,13.97887324,"Single Family Residence, Residential",1950,2,3,9360.0,sqft,"Forced Air, Natural Gas",Central Air,unknown,205000.0,15227,2021/12/1,205255.5556,17.22222222,"Single Family Residence, Residential",1955,2,3,9000.0,sqft,"Forced Air, Natural Gas",Central Air,unknown,159000.0,2,1.0,False,22.439024390243905,hard,0,0,-5,360.0,equal,similar,hard_equal
11390787,11391966,15227,2021/12/1,212737.5,14.90972222,"Single Family Residence, Residential",1954,3,3,6534.0,sqft,"Forced Air, Natural Gas","Central Air, Electric",unknown,197500.0,15227,2021/12/1,209410.4167,23.57638889,"Single Family Residence, Residential",1955,2,3,10018.0,sqft,"Forced Air, Natural Gas",Central Air,unknown,242000.0,1,2.0,False,18.388429752066116,hard,0,1,-1,-3484.0,equal,similar,hard_equal
11391966,11392229,15227,2021/12/1,209410.4167,23.57638889,"Single Family Residence, Residential",1955,2,3,10018.0,sqft,"Forced Air, Natural Gas",Central Air,unknown,242000.0,15227,2021/12/1,205255.5556,17.22222222,"Single Family Residence, Residential",1955,2,3,9000.0,sqft,"Forced Air, Natural Gas",Central Air,unknown,159000.0,2,1.0,False,34.29752066115703,medium,0,0,0,1018.0,equal,similar,medium_equal
11353482,11391005,15227,2021/2/1,175079.6667,20.33333333,"Single Family Residence, Residential",1930,2,3,4800.0,sqft,"Forced Air, Natural Gas",Central Air,unknown,184900.0,15227,2021/2/1,150509.9286,22.28571429,"Single Family Residence, Residential",1945,1,2,7200.0,sqft,Natural Gas,Central Air,unknown,148000.0,2,1.0,False,19.95673336938886,hard,1,1,-15,-2400.0,p1_slight,similar,hard_p1_slight
11304337,11645919,15227,2021/3/1,140864.5714,18.35714286,"Single Family Residence, Residential",1927,2,4,3850.0,sqft,"Forced Air, Natural Gas",Central Air,Assigned,144200.0,15227,2021/3/1,133399.0,28.0,"Single Family Residence, Residential",1925,2,3,2500.0,sqft,"Forced Air, Natural Gas",Central Air,Open Parking,105150.0,2,1.0,False,27.08044382801664,medium,1,0,2,1350.0,p1_slight,p1_slight,medium_p1_slight
11390910,11646033,15227,2021/3/1,113797.0,21.0,"Single Family Residence, Residential",1946,1,3,7200.0,sqft,"Forced Air, Natural Gas",Central Air,unknown,149900.0,15227,2021/3/1,130145.5833,41.16666667,"Single Family Residence, Residential",1928,2,3,7819.0,sqft,Natural Gas,Central Air,unknown,123500.0,2,1.0,False,17.61174116077385,hard,0,-1,18,-619.0,equal,p1_slight,hard_equal
11391550,11646033,15227,2021/3/1,174390.0714,20.21428571,"Single Family Residence, Residential",1935,1,3,6500.0,sqft,"Forced Air, Natural Gas",Central Air,unknown,168000.0,15227,2021/3/1,130145.5833,41.16666667,"Single Family Residence, Residential",1928,2,3,7819.0,sqft,Natural Gas,Central Air,unknown,123500.0,2,1.0,False,26.488095238095237,medium,0,-1,7,-1319.0,equal,p1_slight,medium_equal
11305318,11554135,15227,2021/4/1,192209.0,15.0,"Single Family Residence, Residential",1930,2,4,9391.0,sqft,"Hot Water, Natural Gas",Window A/C,unknown,227000.0,15227,2021/4/1,169418.3571,19.42857143,"Single Family Residence, Residential",1951,2,3,8145.0,sqft,"Forced Air, Natural Gas",Central Air,unknown,173500.0,2,1.0,False,23.568281938325992,hard,1,0,-21,1246.0,p1_slight,p2_newer,hard_p1_slight
11305776,11554528,15227,2021/4/1,137736.2727,22.18181818,"Single Family Residence, Residential",1956,2,3,6525.0,sqft,"Forced Air, Natural Gas",Central Air,unknown,110900.0,15227,2021/4/1,118933.75,24.91666667,"Single Family Residence, Residential",1959,2,3,4312.0,sqft,"Forced Air, Natural Gas",Central Air,unknown,210000.0,1,2.0,False,47.19047619047619,easy,0,0,-3,2213.0,equal,similar,easy_equal
11391565,11554555,15227,2021/4/1,183391.0,19.0,"Single Family Residence, Residential",1960,2,3,8833.0,sqft,"Forced Air, Natural Gas",Central Air,unknown,206000.0,15227,2021/4/1,146332.0,42.0,"Single Family Residence, Residential",1946,3,3,6750.0,sqft,"Forced Air, Natural Gas",Central Air,unknown,155000.0,2,1.0,False,24.75728155339806,hard,0,-1,14,2083.0,equal,p1_slight,hard_equal
11554528,11554555,15227,2021/4/1,118933.75,24.91666667,"Single Family Residence, Residential",1959,2,3,4312.0,sqft,"Forced Air, Natural Gas",Central Air,unknown,210000.0,15227,2021/4/1,146332.0,42.0,"Single Family Residence, Residential",1946,3,3,6750.0,sqft,"Forced Air, Natural Gas",Central Air,unknown,155000.0,2,1.0,False,26.190476190476193,medium,0,-1,13,-2438.0,equal,p1_slight,medium_equal
11554555,11645526,15227,2021/4/1,146332.0,42.0,"Single Family Residence, Residential",1946,3,3,6750.0,sqft,"Forced Air, Natural Gas",Central Air,unknown,155000.0,15227,2021/4/1,163905.0,22.7,"Single Family Residence, Residential",1958,2,3,9515.0,sqft,"Forced Air, Natural Gas",Central Air,unknown,199900.0,1,2.0,False,22.461230615307652,hard,0,1,-12,-2765.0,equal,similar,hard_equal
11353799,11391496,15227,2021/5/1,189000.0,23.0,"Single Family Residence, Residential",1952,2,3,10606.0,sqft,Natural Gas,Electric,unknown,215000.0,15227,2021/5/1,171693.2727,16.18181818,"Single Family Residence, Residential",1963,3,4,7100.0,sqft,"Hot Water, Natural Gas",Central Air,unknown,175000.0,2,1.0,False,18.6046511627907,hard,-1,-1,-11,3506.0,p2_more,similar,hard_p2_more
11303483,11306307,15227,2021/6/1,187940.4,13.0,"Single Family Residence, Residential",1958,2,2,7290.0,sqft,"Forced Air, Natural Gas",Central Air,unknown,200000.0,15227,2021/6/1,199075.6667,17.0,"Single Family Residence, Residential",1956,2,3,10598.0,sqft,Natural Gas,Central Air,unknown,130000.0,2,1.0,False,35.0,medium,-1,0,2,-3308.0,p2_more,p1_slight,medium_p2_more
11303483,11392585,15227,2021/6/1,187940.4,13.0,"Single Family Residence, Residential",1958,2,2,7290.0,sqft,"Forced Air, Natural Gas",Central Air,unknown,200000.0,15227,2021/6/1,215452.0,18.0,"Single Family Residence, Residential",1954,2,2,9000.0,sqft,"Forced Air, Natural Gas",Central Air,unknown,164900.0,2,1.0,False,17.549999999999997,hard,0,0,4,-1710.0,equal,p1_slight,hard_equal
11305045,11306307,15227,2021/6/1,177300.3333,16.25,"Single Family Residence, Residential",1940,2,3,4203.0,sqft,"Forced Air, Natural Gas","Central Air, Electric",unknown,196500.0,15227,2021/6/1,199075.6667,17.0,"Single Family Residence, Residential",1956,2,3,10598.0,sqft,Natural Gas,Central Air,unknown,130000.0,2,1.0,False,33.842239185750635,medium,0,0,-16,-6395.0,equal,similar,medium_equal
11305148,11306307,15227,2021/6/1,194455.0,10.8,"Single Family Residence, Residential",1945,1,3,0.34,Acres,"Forced Air, Natural Gas",Central Air,unknown,210000.0,15227,2021/6/1,199075.6667,17.0,"Single Family Residence, Residential",1956,2,3,10598.0,sqft,Natural Gas,Central Air,unknown,130000.0,2,1.0,False,38.095238095238095,medium,0,-1,-11,-10597.66,equal,similar,medium_equal
11305148,11392585,15227,2021/6/1,194455.0,10.8,"Single Family Residence, Residential",1945,1,3,0.34,Acres,"Forced Air, Natural Gas",Central Air,unknown,210000.0,15227,2021/6/1,215452.0,18.0,"Single Family Residence, Residential",1954,2,2,9000.0,sqft,"Forced Air, Natural Gas",Central Air,unknown,164900.0,2,1.0,False,21.476190476190478,hard,1,-1,-9,-8999.66,p1_slight,similar,hard_p1_slight
11306307,11354062,15227,2021/6/1,199075.6667,17.0,"Single Family Residence, Residential",1956,2,3,10598.0,sqft,Natural Gas,Central Air,unknown,130000.0,15227,2021/6/1,165425.6154,21.38461538,"Single Family Residence, Residential",1979,2,3,5515.0,sqft,"Forced Air, Natural Gas",Central Air,unknown,188000.0,1,2.0,False,30.851063829787233,medium,0,0,-23,5083.0,equal,p2_newer,medium_equal
11306307,11354115,15227,2021/6/1,199075.6667,17.0,"Single Family Residence, Residential",1956,2,3,10598.0,sqft,Natural Gas,Central Air,unknown,130000.0,15227,2021/6/1,199204.1538,17.38461538,"Single Family Residence, Residential",1940,1,3,4399.0,sqft,"Hot Water, Natural Gas",Window A/C,unknown,200500.0,1,2.0,False,35.16209476309227,medium,0,1,16,6199.0,equal,p1_slight,medium_equal
11306307,11355562,15227,2021/6/1,199075.6667,17.0,"Single Family Residence, Residential",1956,2,3,10598.0,sqft,Natural Gas,Central Air,unknown,130000.0,15227,2021/6/1,195053.9231,13.84615385,"Single Family Residence, Residential",1953,2,2,8999.0,sqft,"Forced Air, Natural Gas",Central Air,unknown,185000.0,1,2.0,False,29.72972972972973,medium,1,0,3,1599.0,p1_slight,p1_slight,medium_p1_slight
11306307,11392585,15227,2021/6/1,199075.6667,17.0,"Single Family Residence, Residential",1956,2,3,10598.0,sqft,Natural Gas,Central Air,unknown,130000.0,15227,2021/6/1,215452.0,18.0,"Single Family Residence, Residential",1954,2,2,9000.0,sqft,"Forced Air, Natural Gas",Central Air,unknown,164900.0,1,2.0,False,21.16434202546998,hard,1,0,2,1598.0,p1_slight,p1_slight,hard_p1_slight
11306307,11392669,15227,2021/6/1,199075.6667,17.0,"Single Family Residence, Residential",1956,2,3,10598.0,sqft,Natural Gas,Central Air,unknown,130000.0,15227,2021/6/1,171337.0,19.0,"Single Family Residence, Residential",1953,2,2,8123.0,sqft,"Forced Air, Natural Gas",Central Air,unknown,207500.0,1,2.0,False,37.34939759036144,medium,1,0,3,2475.0,p1_slight,p1_slight,medium_p1_slight
11306307,11642267,15227,2021/6/1,199075.6667,17.0,"Single Family Residence, Residential",1956,2,3,10598.0,sqft,Natural Gas,Central Air,unknown,130000.0,15227,2021/6/1,200691.6364,13.18181818,"Single Family Residence, Residential",1951,1,3,9099.0,sqft,"Forced Air, Natural Gas",Central Air,unknown,182500.0,1,2.0,False,28.767123287671232,medium,0,1,5,1499.0,equal,p1_slight,medium_equal
11306307,11645123,15227,2021/6/1,199075.6667,17.0,"Single Family Residence, Residential",1956,2,3,10598.0,sqft,Natural Gas,Central Air,unknown,130000.0,15227,2021/6/1,169703.7143,19.95238095,"Single Family Residence, Residential",1984,1,3,2979.0,sqft,"Forced Air, Natural Gas",Central Air,unknown,199000.0,1,2.0,False,34.67336683417086,medium,0,1,-28,7619.0,equal,p2_newer,medium_equal
11354115,11392585,15227,2021/6/1,199204.1538,17.38461538,"Single Family Residence, Residential",1940,1,3,4399.0,sqft,"Hot Water, Natural Gas",Window A/C,unknown,200500.0,15227,2021/6/1,215452.0,18.0,"Single Family Residence, Residential",1954,2,2,9000.0,sqft,"Forced Air, Natural Gas",Central Air,unknown,164900.0,2,1.0,False,17.75561097256858,hard,1,-1,-14,-4601.0,p1_slight,similar,hard_p1_slight
11354175,11392585,15227,2021/6/1,181231.8182,17.54545455,"Single Family Residence, Residential",1942,2,4,5390.0,sqft,"Forced Air, Natural Gas",Central Air,unknown,220000.0,15227,2021/6/1,215452.0,18.0,"Single Family Residence, Residential",1954,2,2,9000.0,sqft,"Forced Air, Natural Gas",Central Air,unknown,164900.0,2,1.0,False,25.045454545454543,medium,2,0,-12,-3610.0,p1_much,similar,medium_p1_much
11354175,11642267,15227,2021/6/1,181231.8182,17.54545455,"Single Family Residence, Residential",1942,2,4,5390.0,sqft,"Forced Air, Natural Gas",Central Air,unknown,220000.0,15227,2021/6/1,200691.6364,13.18181818,"Single Family Residence, Residential",1951,1,3,9099.0,sqft,"Forced Air, Natural Gas",Central Air,unknown,182500.0,2,1.0,False,17.045454545454543,hard,1,1,-9,-3709.0,p1_slight,similar,hard_p1_slight
11392585,87990071,15227,2021/6/1,215452.0,18.0,"Single Family Residence, Residential",1954,2,2,9000.0,sqft,"Forced Air, Natural Gas",Central Air,unknown,164900.0,15227,2021/6/1,245571.4545,10.86363636,"Condominium, Single Family Residence, Townhouse, Residential",2007,3,3,914.76,sqft,"Forced Air, Natural Gas","Central Air, Electric",unknown,256000.0,1,2.0,False,35.5859375,medium,-1,-1,-53,8085.24,p2_more,p2_newer,medium_p2_more
11303167,11304609,15227,2021/7/1,152792.5,14.0,"Single Family Residence, Residential",1955,1,3,6527.0,sqft,"Forced Air, Natural Gas",Central Air,unknown,150000.0,15227,2021/7/1,135337.5,25.66666667,"Single Family Residence, Residential",1928,1,3,2822.0,sqft,"Radiant, Electric",Window A/C,unknown,107000.0,2,1.0,False,28.666666666666668,medium,0,0,27,3705.0,equal,p1_much,medium_equal
11303240,11304609,15227,2021/7/1,166312.0,33.0,"Single Family Residence, Residential",1954,2,2,7200.0,sqft,"Forced Air, Natural Gas",Central Air,unknown,152000.0,15227,2021/7/1,135337.5,25.66666667,"Single Family Residence, Residential",1928,1,3,2822.0,sqft,"Radiant, Electric",Window A/C,unknown,107000.0,2,1.0,False,29.605263157894733,medium,-1,1,26,4378.0,p2_more,p1_much,medium_p2_more
11303276,11304609,15227,2021/7/1,143979.3478,14.34782609,"Single Family Residence, Residential",1947,1,2,4155.0,sqft,Natural Gas,Central Air,unknown,145000.0,15227,2021/7/1,135337.5,25.66666667,"Single Family Residence, Residential",1928,1,3,2822.0,sqft,"Radiant, Electric",Window A/C,unknown,107000.0,2,1.0,False,26.20689655172414,medium,-1,0,19,1333.0,p2_more,p1_slight,medium_p2_more
11304609,11642553,15227,2021/7/1,135337.5,25.66666667,"Single Family Residence, Residential",1928,1,3,2822.0,sqft,"Radiant, Electric",Window A/C,unknown,107000.0,15227,2021/7/1,152414.1818,14.09090909,"Townhouse, Residential",1985,2,3,1302.0,sqft,"Forced Air, Natural Gas",Central Air,unknown,159000.0,1,2.0,False,32.70440251572327,medium,0,-1,-57,1520.0,equal,p2_newer,medium_equal
11304561,11355188,15227,2021/8/1,164632.55,18.55,"Single Family Residence, Residential",1920,2,4,6869.0,sqft,"Forced Air, Natural Gas",Central Air,unknown,149900.0,15227,2021/8/1,147203.7895,21.63157895,"Single Family Residence, Residential",1952,2,2,0.45,Acres,Natural Gas,Central Air,unknown,192000.0,1,2.0,False,21.927083333333332,hard,2,0,-32,6868.55,p1_much,p2_newer,hard_p1_much
11304639,11392204,15227,2021/8/1,197198.913,13.43478261,"Single Family Residence, Residential",1966,3,4,3998.0,sqft,"Forced Air, Natural Gas",Central Air,unknown,180300.0,15227,2021/8/1,218417.6522,14.65217391,"Single Family Residence, Residential",1956,2,4,0.46,Acres,"Forced Air, Natural Gas",Central Air,unknown,219000.0,1,2.0,False,17.671232876712327,hard,0,1,10,3997.54,equal,p1_slight,hard_equal
11305351,11306285,15227,2021/8/1,161588.8889,19.88888889,"Single Family Residence, Residential",1917,2,4,4621.0,sqft,Natural Gas,Central Air,unknown,210000.0,15227,2021/8/1,144732.7391,21.43478261,"Single Family Residence, Residential",1930,2,3,7840.0,sqft,"Forced Air, Natural Gas",Central Air,unknown,135000.0,2,1.0,False,35.714285714285715,medium,1,0,-13,-3219.0,p1_slight,similar,medium_p1_slight
11305351,11354534,15227,2021/8/1,161588.8889,19.88888889,"Single Family Residence, Residential",1917,2,4,4621.0,sqft,Natural Gas,Central Air,unknown,210000.0,15227,2021/8/1,157457.0,19.36842105,"Single Family Residence, Residential",1940,2,3,3861.0,sqft,"Forced Air, Natural Gas","Central Air, Electric",unknown,155000.0,2,1.0,False,26.190476190476193,medium,1,0,-23,760.0,p1_slight,p2_newer,medium_p1_slight
11305351,11646070,15227,2021/8/1,161588.8889,19.88888889,"Single Family Residence, Residential",1917,2,4,4621.0,sqft,Natural Gas,Central Air,unknown,210000.0,15227,2021/8/1,179507.3333,17.58333333,"Single Family Residence, Residential",1953,2,3,5998.0,sqft,"Forced Air, Natural Gas",Central Air,unknown,175000.0,2,1.0,False,16.666666666666664,hard,1,0,-36,-1377.0,p1_slight,p2_newer,hard_p1_slight
11306285,11355188,15227,2021/8/1,144732.7391,21.43478261,"Single Family Residence, Residential",1930,2,3,7840.0,sqft,"Forced Air, Natural Gas",Central Air,unknown,135000.0,15227,2021/8/1,147203.7895,21.63157895,"Single Family Residence, Residential",1952,2,2,0.45,Acres,Natural Gas,Central Air,unknown,192000.0,1,2.0,False,29.6875,medium,1,0,-22,7839.55,p1_slight,p2_newer,medium_p1_slight
11306285,11554480,15227,2021/8/1,144732.7391,21.43478261,"Single Family Residence, Residential",1930,2,3,7840.0,sqft,"Forced Air, Natural Gas",Central Air,unknown,135000.0,15227,2021/8/1,160427.8571,17.28571429,"Single Family Residence, Residential",1957,2,2,4800.0,sqft,"Forced Air, Natural Gas",Central Air,unknown,165000.0,1,2.0,False,18.181818181818183,hard,1,0,-27,3040.0,p1_slight,p2_newer,hard_p1_slight
11354534,11355188,15227,2021/8/1,157457.0,19.36842105,"Single Family Residence, Residential",1940,2,3,3861.0,sqft,"Forced Air, Natural Gas","Central Air, Electric",unknown,155000.0,15227,2021/8/1,147203.7895,21.63157895,"Single Family Residence, Residential",1952,2,2,0.45,Acres,Natural Gas,Central Air,unknown,192000.0,1,2.0,False,19.270833333333336,hard,1,0,-12,3860.55,p1_slight,similar,hard_p1_slight
11355188,11646153,15227,2021/8/1,147203.7895,21.63157895,"Single Family Residence, Residential",1952,2,2,0.45,Acres,Natural Gas,Central Air,unknown,192000.0,15227,2021/8/1,127835.25,12.0,"Single Family Residence, Residential",1960,2,3,9938.0,sqft,"Forced Air, Natural Gas",Central Air,unknown,159000.0,2,1.0,False,17.1875,hard,-1,0,-8,-9937.55,p2_more,similar,hard_p2_more
11302838,11391873,15227,2021/9/1,198922.0339,21.62711864,"Single Family Residence, Residential",1933,2,3,8006.0,sqft,"Hot Water, Natural Gas",Central Air,unknown,200000.0,15227,2021/9/1,232948.1667,12.83333333,"Single Family Residence, Residential",1957,2,3,7836.0,sqft,Natural Gas,Electric,unknown,243000.0,1,2.0,False,17.695473251028808,hard,0,0,-24,170.0,equal,p2_newer,hard_equal
11305408,11353165,15227,2021/9/1,205939.1818,24.72727273,"Single Family Residence, Residential",1910,3,5,10219.0,sqft,Natural Gas,Central Air,unknown,245000.0,15227,2021/9/1,190420.339,19.72881356,"Single Family Residence, Residential",1950,2,4,0.28,Acres,"Forced Air, Natural Gas",Central Air,unknown,197000.0,2,1.0,False,19.591836734693878,hard,1,1,-40,10218.72,p1_slight,p2_newer,hard_p1_slight
11304584,11304602,15227,2022/1/1,164771.7391,11.67391304,"Single Family Residence, Residential",1937,3,3,5000.0,sqft,"Forced Air, Natural Gas","Central Air, Electric",unknown,185000.0,15227,2022/1/1,165947.8261,13.13043478,"Single Family Residence, Residential",1946,2,3,6128.0,sqft,"Forced Air, Natural Gas",Central Air,unknown,152500.0,2,1.0,False,17.56756756756757,hard,0,1,-9,-1128.0,equal,similar,hard_equal
11302611,11645873,15227,2022/3/1,149202.8986,14.0,"Townhouse, Residential",1996,2,2,1045.0,sqft,"Forced Air, Natural Gas",Central Air,unknown,162900.0,15227,2022/3/1,151776.4706,13.76470588,"Single Family Residence, Residential",1958,1,3,5797.0,sqft,"Forced Air, Natural Gas",Electric,unknown,130000.0,2,1.0,False,20.196439533456108,hard,-1,1,38,-4752.0,p2_more,p1_much,hard_p2_more
11392044,11554231,15227,2022/3/1,317588.8889,19.44444444,"Single Family Residence, Residential",1954,3,3,9583.0,sqft,"Forced Air, Natural Gas",Central Air,Attached Garage,380000.0,15227,2022/3/1,350925.9583,16.375,"Single Family Residence, Residential",1950,4,4,0.28,Acres,"Forced Air, Natural Gas",Central Air,Garage Door Opener,315000.0,2,1.0,False,17.105263157894736,hard,-1,-1,4,9582.72,p2_more,p1_slight,hard_p2_more
11305383,11554285,15227,2022/4/1,98154.54545,54.18181818,"Single Family Residence, Residential",1940,1,3,4791.0,sqft,Natural Gas,unknown,unknown,175000.0,15227,2022/4/1,129564.2857,30.64285714,"Single Family Residence, Residential",1941,1,3,7997.0,sqft,Natural Gas,unknown,unknown,120000.0,2,1.0,False,31.428571428571427,medium,0,0,-1,-3206.0,equal,similar,medium_equal
11306082,11554204,15227,2022/4/1,197788.4892,10.37410072,"Single Family Residence, Residential",1949,1,3,9949.0,sqft,Natural Gas,Central Air,unknown,205000.0,15227,2022/4/1,190777.4436,17.03759398,"Single Family Residence, Residential",1951,1,3,6098.0,sqft,"Forced Air, Natural Gas",Central Air,unknown,152000.0,2,1.0,False,25.853658536585368,medium,0,0,-2,3851.0,equal,similar,medium_equal
11306092,11645336,15227,2022/4/1,142530.0,18.5,"Single Family Residence, Residential",1940,2,2,4469.0,sqft,Natural Gas,Central Air,unknown,145000.0,15227,2022/4/1,121248.2759,19.72413793,"Single Family Residence, Residential",1900,2,3,5201.0,sqft,"Forced Air, Natural Gas",Central Air,unknown,119000.0,2,1.0,False,17.93103448275862,hard,-1,0,40,-732.0,p2_more,p1_much,hard_p2_more
11306227,11554540,15227,2022/4/1,180358.9744,14.74358974,"Single Family Residence, Residential",1946,1,3,6621.0,sqft,"Forced Air, Natural Gas",Electric,unknown,200000.0,15227,2022/4/1,168657.1429,17.91729323,"Single Family Residence, Residential",1909,2,3,7588.0,sqft,Natural Gas,Central Air,unknown,150000.0,2,1.0,False,25.0,hard,0,-1,37,-967.0,equal,p1_much,hard_equal
11390795,11392320,15227,2022/4/1,189877.5,29.575,"Single Family Residence, Residential",1942,3,3,8141.0,sqft,"Forced Air, Natural Gas",Central Air,unknown,270000.0,15227,2022/4/1,186428.5714,21.14285714,"Single Family Residence, Residential",1953,2,3,9583.0,sqft,"Forced Air, Natural Gas",Central Air,unknown,205000.0,2,1.0,False,24.074074074074073,hard,0,1,-11,-1442.0,equal,similar,hard_equal
11390795,11641556,15227,2022/4/1,189877.5,29.575,"Single Family Residence, Residential",1942,3,3,8141.0,sqft,"Forced Air, Natural Gas",Central Air,unknown,270000.0,15227,2022/4/1,160776.9231,26.0,"Single Family Residence, Residential",1955,2,3,6525.0,sqft,Natural Gas,Central Air,unknown,197000.0,2,1.0,False,27.037037037037038,medium,0,1,-13,1616.0,equal,similar,medium_equal
11391996,11554204,15227,2022/4/1,218900.0,12.0,"Single Family Residence, Residential",1954,2,2,7148.0,sqft,"Forced Air, Natural Gas","Central Air, Electric",unknown,225000.0,15227,2022/4/1,190777.4436,17.03759398,"Single Family Residence, Residential",1951,1,3,6098.0,sqft,"Forced Air, Natural Gas",Central Air,unknown,152000.0,2,1.0,False,32.44444444444444,medium,-1,1,3,1050.0,p2_more,p1_slight,medium_p2_more
11428642,11551962,15227,2022/4/1,354440.0,14.5,"Single Family Residence, Residential",1983,4,4,7840.0,sqft,Natural Gas,Electric,unknown,410000.0,15227,2022/4/1,310326.3158,14.47368421,"Single Family Residence, Residential",1955,4,5,8250.0,sqft,"Forced Air, Natural Gas",Central Air,unknown,280000.0,2,1.0,False,31.70731707317073,medium,-1,0,28,-410.0,p2_more,p1_much,medium_p2_more
11554540,11645108,15227,2022/4/1,168657.1429,17.91729323,"Single Family Residence, Residential",1909,2,3,7588.0,sqft,Natural Gas,Central Air,unknown,150000.0,15227,2022/4/1,178830.7692,17.23076923,"Single Family Residence, Residential",1927,2,3,3149.0,sqft,"Forced Air, Natural Gas",Central Air,unknown,210000.0,1,2.0,False,28.57142857142857,medium,0,0,-18,4439.0,equal,similar,medium_equal
11303668,11645826,15227,2022/6/1,89585.18519,10.0,"Single Family Residence, Residential",1920,1,3,3776.0,sqft,"Forced Air, Natural Gas","Central Air, Electric",Open Parking,155500.0,15227,2022/6/1,100600.0,57.0,"Single Family Residence, Residential",1910,3,4,2413.0,sqft,"Forced Air, Natural Gas",Central Air,Open Parking,115000.0,2,1.0,False,26.04501607717042,medium,-1,-2,10,1363.0,p2_more,p1_slight,medium_p2_more
11304408,11645826,15227,2022/6/1,148485.0,27.1,"Single Family Residence, Residential",1945,1,3,3850.0,sqft,"Hot Water, Natural Gas",Window A/C,Attached Garage,150000.0,15227,2022/6/1,100600.0,57.0,"Single Family Residence, Residential",1910,3,4,2413.0,sqft,"Forced Air, Natural Gas",Central Air,Open Parking,115000.0,2,1.0,False,23.333333333333332,hard,-1,-2,35,1437.0,p2_more,p1_much,hard_p2_more
11305289,11306363,15227,2022/6/1,188246.3415,21.09756098,"Single Family Residence, Residential",1951,3,3,5636.0,sqft,"Forced Air, Natural Gas","Central Air, Electric",unknown,245000.0,15227,2022/6/1,179500.0,22.0,"Single Family Residence, Residential",1955,2,3,9748.0,sqft,"Forced Air, Natural Gas","Central Air, Electric",unknown,201000.0,2,1.0,False,17.959183673469386,hard,0,1,-4,-4112.0,equal,similar,hard_equal
11305289,11354083,15227,2022/6/1,188246.3415,21.09756098,"Single Family Residence, Residential",1951,3,3,5636.0,sqft,"Forced Air, Natural Gas","Central Air, Electric",unknown,245000.0,15227,2022/6/1,194221.7391,23.52173913,SingleFamily,1914,2,3,9000.0,sqft,"Forced air, Gas",Central,unknown,199000.0,2,1.0,False,18.775510204081634,hard,0,1,37,-3364.0,equal,p1_much,hard_equal
11305289,11391310,15227,2022/6/1,188246.3415,21.09756098,"Single Family Residence, Residential",1951,3,3,5636.0,sqft,"Forced Air, Natural Gas","Central Air, Electric",unknown,245000.0,15227,2022/6/1,198465.0,21.6,"Single Family Residence, Residential",1971,2,3,7801.0,sqft,"Forced Air, Natural Gas",Central Air,unknown,150000.0,2,1.0,False,38.775510204081634,medium,0,1,-20,-2165.0,equal,p2_newer,medium_equal
11306363,11642627,15227,2022/6/1,179500.0,22.0,"Single Family Residence, Residential",1955,2,3,9748.0,sqft,"Forced Air, Natural Gas","Central Air, Electric",unknown,201000.0,15227,2022/6/1,206907.5,19.9125,"Single Family Residence, Residential",1956,2,3,7927.0,sqft,"Forced Air, Natural Gas",Central Air,unknown,252000.0,1,2.0,False,20.238095238095237,hard,0,0,-1,1821.0,equal,similar,hard_equal
11353852,11390866,15227,2022/6/1,160828.2051,17.94871795,"Single Family Residence, Residential",1950,1,3,4499.0,sqft,"Forced Air, Natural Gas",Central Air,unknown,169900.0,15227,2022/6/1,190635.4839,19.19354839,"Single Family Residence, Residential",1947,2,2,6499.0,sqft,"Forced Air, Natural Gas",Central Air,unknown,231520.0,1,2.0,False,26.615411195577053,medium,1,-1,3,-2000.0,p1_slight,p1_slight,medium_p1_slight
11354147,11390866,15227,2022/6/1,167588.172,13.74193548,"Single Family Residence, Residential",1939,2,3,5802.0,sqft,"Forced Air, Natural Gas",Central Air,unknown,162000.0,15227,2022/6/1,190635.4839,19.19354839,"Single Family Residence, Residential",1947,2,2,6499.0,sqft,"Forced Air, Natural Gas",Central Air,unknown,231520.0,1,2.0,False,30.027643400138217,medium,1,0,-8,-697.0,p1_slight,similar,medium_p1_slight
11354299,11390866,15227,2022/6/1,171997.8261,13.19565217,"Single Family Residence, Residential",1950,2,3,2613.0,sqft,"Forced Air, Natural Gas","Central Air, Electric",unknown,179900.0,15227,2022/6/1,190635.4839,19.19354839,"Single Family Residence, Residential",1947,2,2,6499.0,sqft,"Forced Air, Natural Gas",Central Air,unknown,231520.0,1,2.0,False,22.29612992398065,hard,1,0,3,-3886.0,p1_slight,p1_slight,hard_p1_slight
11357503,11397454,15228,2020/10/1,316810.9091,18.18181818,"Single Family Residence, Residential",1936,2,4,6000.0,sqft,"Forced Air, Natural Gas",Central Air,unknown,399900.0,15228,2020/10/1,275277.25,18.25,"Single Family Residence, Residential",1980,2,3,10125.0,sqft,"Forced Air, Natural Gas","Central Air, Electric",unknown,300000.0,2,1.0,False,24.981245311327832,hard,1,0,-44,-4125.0,p1_slight,p2_newer,hard_p1_slight
11309555,11309932,15228,2020/11/1,293188.4,19.0,"Single Family Residence, Residential",1948,2,3,5680.0,sqft,"Forced Air, Natural Gas",Central Air,unknown,350000.0,15228,2020/11/1,256977.1,15.6,"Single Family Residence, Residential",1948,2,3,6695.0,sqft,"Forced Air, Natural Gas",Central Air,unknown,237000.0,2,1.0,False,32.285714285714285,medium,0,0,0,-1015.0,equal,similar,medium_equal
11309600,11313492,15228,2020/12/1,288102.6923,16.46153846,"Single Family Residence, Residential",1942,2,3,5850.0,sqft,"Forced Air, Natural Gas",Central Air,unknown,290000.0,15228,2020/12/1,268579.0,19.0,"Single Family Residence, Residential",1926,2,4,0.31,Acres,"Forced Air, Natural Gas",Central Air,unknown,240000.0,2,1.0,False,17.24137931034483,hard,-1,0,16,5849.69,p2_more,p1_slight,hard_p2_more
11357631,11397658,15228,2020/7/1,314361.0,19.6,SingleFamily,1938,3,3,5728.0,sqft,"Forced air, Gas",Central,unknown,322000.0,15228,2020/7/1,359693.0,17.0,SingleFamily,1938,2,3,10328.0,sqft,"Forced air, Gas",Central,unknown,388900.0,1,2.0,False,17.202365646695807,hard,0,1,0,-4600.0,equal,similar,hard_equal
11358563,11396982,15228,2020/7/1,399195.4,20.2,SingleFamily,1929,3,3,10837.0,sqft,Other,Central,unknown,520000.0,15228,2020/7/1,417226.0,17.77777778,SingleFamily,1952,2,3,0.37,Acres,"Other, Gas",Central,unknown,430000.0,2,1.0,False,17.307692307692307,hard,0,1,-23,10836.63,equal,p2_newer,hard_equal
11358823,11397205,15228,2020/8/1,450075.875,24.0,SingleFamily,1966,4,4,9583.0,sqft,Other,Central,unknown,480000.0,15228,2020/8/1,565815.0,28.0,"Single Family Residence, Residential",1955,3,4,0.5,Acres,Natural Gas,Central Air,unknown,698979.0,1,2.0,False,31.32840900799595,medium,0,1,11,9582.5,equal,p1_slight,medium_equal
11311879,11312003,15228,2020/9/1,205803.9091,24.09090909,"Single Family Residence, Residential",1920,2,3,3593.0,sqft,Natural Gas,Window A/C,unknown,230000.0,15228,2020/9/1,209514.3333,14.66666667,"Single Family Residence, Residential",1924,1,3,4800.0,sqft,"Hot Water, Natural Gas",Window A/C,unknown,160000.0,2,1.0,False,30.434782608695656,medium,0,1,-4,-1207.0,equal,similar,medium_equal
11310983,11358943,15228,2021/10/1,305583.0508,15.33898305,SingleFamily,1923,3,3,3773.0,sqft,"Radiant, Solar, Gas","Wall, Solar",unknown,279500.0,15228,2021/10/1,341986.4407,11.62711864,"Single Family Residence, Residential",1950,3,3,1067.0,sqft,Natural Gas,Central Air,unknown,350000.0,1,2.0,False,20.142857142857142,hard,0,0,-27,2706.0,equal,p2_newer,hard_equal
11309985,11311486,15228,2021/11/1,317614.3885,13.91366906,"Single Family Residence, Residential",1952,3,3,6821.0,sqft,Natural Gas,Central Air,unknown,289000.0,15228,2021/11/1,353896.4029,12.22302158,"Single Family Residence, Residential",1944,3,3,5750.0,sqft,"Forced Air, Natural Gas",Central Air,unknown,357734.0,1,2.0,False,19.2137174548687,hard,0,0,8,1071.0,equal,p1_slight,hard_equal
11309985,11398032,15228,2021/11/1,317614.3885,13.91366906,"Single Family Residence, Residential",1952,3,3,6821.0,sqft,Natural Gas,Central Air,unknown,289000.0,15228,2021/11/1,344035.8621,13.97241379,"Single Family Residence, Residential",1945,2,3,6067.0,sqft,"Forced Air, Natural Gas","Central Air, Electric",unknown,349900.0,1,2.0,False,17.40497284938554,hard,0,1,7,754.0,equal,p1_slight,hard_equal
11310034,11312095,15228,2021/12/1,347035.5932,11.11864407,"Single Family Residence, Residential",1939,2,3,6359.0,sqft,Natural Gas,"Attic Fan, Central Air",unknown,285000.0,15228,2021/12/1,320522.5352,24.71830986,"Single Family Residence, Residential",1930,2,3,5998.0,sqft,"Forced Air, Natural Gas",Central Air,unknown,350000.0,1,2.0,False,18.571428571428573,hard,0,0,9,361.0,equal,p1_slight,hard_equal
11311760,11312102,15228,2021/6/1,285602.4,18.4,"Single Family Residence, Residential",1920,3,3,6750.0,sqft,"Forced Air, Natural Gas",Central Air,unknown,257500.0,15228,2021/6/1,289241.0,18.09090909,"Single Family Residence, Residential",1929,2,3,5749.0,sqft,Natural Gas,Central Air,unknown,347750.0,1,2.0,False,25.952552120776417,medium,0,1,-9,1001.0,equal,similar,medium_equal
11398203,11398259,15228,2021/6/1,384102.25,16.75,"Single Family Residence, Residential",1941,2,4,10800.0,sqft,"Forced Air, Natural Gas",Central Air,unknown,425000.0,15228,2021/6/1,334248.5833,25.0,"Single Family Residence, Residential",1939,3,3,7250.0,sqft,"Forced Air, Natural Gas",Central Air,unknown,342000.0,2,1.0,False,19.52941176470588,hard,1,-1,2,3550.0,p1_slight,p1_slight,hard_p1_slight
11312417,11359516,15228,2021/7/1,517995.913,26.26086957,"Single Family Residence, Residential",1917,4,6,5549.0,sqft,"Forced Air, Natural Gas",Central Air,unknown,449900.0,15228,2021/7/1,578066.0,20.0,"Single Family Residence, Residential",1941,3,3,1292.0,sqft,"Forced Air, Natural Gas","Central Air, Electric",unknown,550000.0,1,2.0,False,18.2,hard,3,1,-24,4257.0,p1_much,p2_newer,hard_p1_much
11312417,11359571,15228,2021/7/1,517995.913,26.26086957,"Single Family Residence, Residential",1917,4,6,5549.0,sqft,"Forced Air, Natural Gas",Central Air,unknown,449900.0,15228,2021/7/1,610189.3,24.2,"Single Family Residence, Residential",1934,3,4,5450.0,sqft,"Hot Water, Natural Gas",Central Air,unknown,615000.0,1,2.0,False,26.84552845528455,medium,2,1,-17,99.0,p1_much,similar,medium_p1_much
11309758,11359909,15228,2021/8/1,318500.0,13.11111111,"Single Family Residence, Residential",1948,2,3,8036.0,sqft,"Forced Air, Natural Gas",Central Air,unknown,330000.0,15228,2021/8/1,293200.0,16.0,"Single Family Residence, Residential",1950,2,3,7500.0,sqft,"Forced Air, Natural Gas",Central Air,unknown,272000.0,2,1.0,False,17.575757575757574,hard,0,0,-2,536.0,equal,similar,hard_equal
11311989,11359909,15228,2021/8/1,343830.3478,22.17391304,"Single Family Residence, Residential",1925,4,4,6240.0,sqft,"Hot Water, Natural Gas",Window A/C,unknown,370000.0,15228,2021/8/1,293200.0,16.0,"Single Family Residence, Residential",1950,2,3,7500.0,sqft,"Forced Air, Natural Gas",Central Air,unknown,272000.0,2,1.0,False,26.486486486486488,medium,1,2,-25,-1260.0,p1_slight,p2_newer,medium_p1_slight
11357575,11397691,15228,2021/8/1,414998.3051,18.76271186,"Single Family Residence, Residential",1938,3,4,7200.0,sqft,Natural Gas,Central Air,unknown,379900.0,15228,2021/8/1,482235.1304,12.56521739,"Single Family Residence, Residential",1934,3,3,6394.0,sqft,"Forced Air, Natural Gas",Central Air,unknown,505000.0,1,2.0,False,24.77227722772277,hard,1,0,4,806.0,p1_slight,p1_slight,hard_p1_slight
11309692,11312018,15228,2022/5/1,316125.0,13.0,"Single Family Residence, Residential",1949,2,3,7361.0,sqft,"Forced Air, Natural Gas",Central Air,unknown,390000.0,15228,2022/5/1,280661.5385,16.12820513,"Single Family Residence, Residential",1924,3,3,4617.0,sqft,Natural Gas,Central Air,unknown,296500.0,2,1.0,False,23.974358974358974,hard,0,-1,25,2744.0,equal,p1_much,hard_equal
11359777,11398284,15228,2022/5/1,382394.4444,17.44444444,"Single Family Residence, Residential",1956,3,3,6037.0,sqft,Natural Gas,Central Air,unknown,400196.0,15228,2022/5/1,450523.0769,17.61538462,"Single Family Residence, Residential",1936,3,3,10454.0,sqft,"Forced Air, Natural Gas",Central Air,unknown,527500.0,1,2.0,False,24.13345971563981,hard,0,0,20,-4417.0,equal,p1_slight,hard_equal
11359777,11656491,15228,2022/5/1,382394.4444,17.44444444,"Single Family Residence, Residential",1956,3,3,6037.0,sqft,Natural Gas,Central Air,unknown,400196.0,15228,2022/5/1,435807.6923,16.38461538,"Single Family Residence, Residential",1925,2,4,5998.0,sqft,"Hot Water, Natural Gas","Central Air, Electric",unknown,517000.0,1,2.0,False,22.5926499032882,hard,-1,1,31,39.0,p2_more,p1_much,hard_p2_more
11312208,11358332,15228,2022/6/1,246236.25,18.625,"Single Family Residence, Residential",1928,1,3,2517.0,sqft,"Radiant, Natural Gas",Window A/C,unknown,324000.0,15228,2022/6/1,229712.0879,14.41758242,"Single Family Residence, Residential",1920,2,2,2944.0,sqft,"Forced Air, Natural Gas",Central Air,unknown,265000.0,2,1.0,False,18.209876543209877,hard,1,-1,8,-427.0,p1_slight,p1_slight,hard_p1_slight
11358190,11397220,15228,2022/6/1,655300.0,20.73913043,"Single Family Residence, Residential",1927,4,5,0.29,Acres,"Hot Water, Natural Gas",Central Air,unknown,852900.0,15228,2022/6/1,641900.0,16.37078652,"Single Family Residence, Residential",1976,4,4,8398.0,sqft,"Forced Air, Natural Gas",Central Air,unknown,695000.0,2,1.0,False,18.51330753898464,hard,1,0,-49,-8397.71,p1_slight,p2_newer,hard_p1_slight
11309288,11358246,15228,2022/7/1,488202.5,16.8625,"Single Family Residence, Residential",1964,4,4,9452.0,sqft,"Forced Air, Natural Gas",Central Air,unknown,652000.0,15228,2022/7/1,466007.6923,22.69230769,"Single Family Residence, Residential",1928,4,5,3362.0,sqft,"Hot Water, Natural Gas",Window A/C,unknown,510000.0,2,1.0,False,21.779141104294478,hard,-1,0,36,6090.0,p2_more,p1_much,hard_p2_more
11309288,11396648,15228,2022/7/1,488202.5,16.8625,"Single Family Residence, Residential",1964,4,4,9452.0,sqft,"Forced Air, Natural Gas",Central Air,unknown,652000.0,15228,2022/7/1,573569.5652,21.86956522,"Single Family Residence, Residential",1930,5,4,10058.0,sqft,"Hot Water, Natural Gas",Window A/C,unknown,482500.0,2,1.0,False,25.996932515337424,medium,0,-1,34,-606.0,equal,p1_much,medium_equal
11311947,11397642,15228,2022/7/1,318837.9747,21.62025316,"Single Family Residence, Residential",1930,1,5,7474.0,sqft,"Forced Air, Natural Gas",Central Air,unknown,390000.0,15228,2022/7/1,302203.2258,17.84946237,"Single Family Residence, Residential",1950,2,3,8389.0,sqft,"Forced Air, Natural Gas",Central Air,unknown,320000.0,2,1.0,False,17.94871794871795,hard,2,-1,-20,-915.0,p1_much,p2_newer,hard_p1_much
11359634,11396648,15228,2022/7/1,588761.7021,15.36170213,"Single Family Residence, Residential",1945,4,4,6939.0,sqft,"Hot Water, Natural Gas",Central Air,unknown,625000.0,15228,2022/7/1,573569.5652,21.86956522,"Single Family Residence, Residential",1930,5,4,10058.0,sqft,"Hot Water, Natural Gas",Window A/C,unknown,482500.0,2,1.0,False,22.8,hard,0,-1,15,-3119.0,equal,p1_slight,hard_equal
11359634,11396663,15228,2022/7/1,588761.7021,15.36170213,"Single Family Residence, Residential",1945,4,4,6939.0,sqft,"Hot Water, Natural Gas",Central Air,unknown,625000.0,15228,2022/7/1,524349.8462,13.76923077,"Single Family Residence, Residential",1928,4,4,10672.0,sqft,"Hot Water, Natural Gas",Central Air,unknown,505000.0,2,1.0,False,19.2,hard,0,0,17,-3733.0,equal,p1_slight,hard_equal
11406101,11406786,15229,2019/12/1,152185.3333,13.66666667,SingleFamily,1930,2,3,4800.0,sqft,Other,Central,unknown,175526.0,15229,2019/12/1,154964.5714,18.14285714,SingleFamily,1955,2,2,8380.0,sqft,"Wood / Pellet, Other, Forced air, Gas",Central,unknown,140000.0,2,1.0,False,20.239736563244193,hard,1,0,-25,-3580.0,p1_slight,p2_newer,hard_p1_slight
11406101,11408241,15229,2019/12/1,152185.3333,13.66666667,SingleFamily,1930,2,3,4800.0,sqft,Other,Central,unknown,175526.0,15229,2019/12/1,143008.6154,28.0,SingleFamily,1905,2,3,0.37,Acres,"Forced air, Electric",Central,unknown,240000.0,1,2.0,False,26.864166666666666,medium,0,0,25,4799.63,equal,p1_much,medium_equal
11406512,11406786,15229,2019/12/1,171955.0,17.38888889,SingleFamily,1940,1,4,6098.0,sqft,Other,Central,unknown,178000.0,15229,2019/12/1,154964.5714,18.14285714,SingleFamily,1955,2,2,8380.0,sqft,"Wood / Pellet, Other, Forced air, Gas",Central,unknown,140000.0,2,1.0,False,21.34831460674157,hard,2,-1,-15,-2282.0,p1_much,similar,hard_p1_much
11405752,11440997,15229,2019/9/1,182801.75,10.0,SingleFamily,1930,2,2,5998.0,sqft,Other,unknown,unknown,186000.0,15229,2019/9/1,182385.9231,21.0,SingleFamily,1925,1,4,3240.0,sqft,"Forced air, Gas",unknown,unknown,142462.0,2,1.0,False,23.40752688172043,hard,-2,1,5,2758.0,p2_more,p1_slight,hard_p2_more
11405793,11406164,15229,2019/9/1,160685.25,19.75,SingleFamily,1974,2,3,3.0,Acres,"Other, Forced air, Gas",Central,unknown,214070.0,15229,2019/9/1,187813.6667,14.66666667,SingleFamily,1940,5,3,9147.0,sqft,"Other, Electric",Wall,unknown,170000.0,2,1.0,False,20.586723968795255,hard,0,-3,34,-9144.0,equal,p1_much,hard_equal
11440626,11440872,15229,2020/1/1,219538.0286,14.6,SingleFamily,1952,2,3,10620.0,sqft,Other,Central,Garage - Attached,199500.0,15229,2020/1/1,239846.0,18.0,SingleFamily,1960,3,2,10044.0,sqft,Other,Central,Garage - Attached,260000.0,1,2.0,False,23.26923076923077,hard,1,-1,-8,576.0,p1_slight,similar,hard_p1_slight
11406847,11408116,15229,2020/10/1,168626.0833,11.83333333,"Townhouse, Residential",1986,2,2,1742.0,sqft,"Forced Air, Natural Gas",Central Air,unknown,183000.0,15229,2020/10/1,163467.6923,12.30769231,"Single Family Residence, Residential",1943,1,3,5566.0,sqft,"Forced Air, Natural Gas","Central Air, Electric",unknown,150000.0,2,1.0,False,18.0327868852459,hard,-1,1,43,-3824.0,p2_more,p1_much,hard_p2_more
11406847,11441578,15229,2020/10/1,168626.0833,11.83333333,"Townhouse, Residential",1986,2,2,1742.0,sqft,"Forced Air, Natural Gas",Central Air,unknown,183000.0,15229,2020/10/1,149722.3333,25.22222222,"Single Family Residence, Residential",1950,1,3,4000.0,sqft,"Forced Air, Natural Gas","Central Air, Electric",unknown,136000.0,2,1.0,False,25.683060109289617,medium,-1,1,36,-2258.0,p2_more,p1_much,medium_p2_more
11406911,11441578,15229,2020/10/1,160168.2,12.0,"Townhouse, Residential",1986,2,2,1663.0,sqft,"Forced Air, Natural Gas",Central Air,unknown,170450.0,15229,2020/10/1,149722.3333,25.22222222,"Single Family Residence, Residential",1950,1,3,4000.0,sqft,"Forced Air, Natural Gas","Central Air, Electric",unknown,136000.0,2,1.0,False,20.211205632150193,hard,-1,1,36,-2337.0,p2_more,p1_much,hard_p2_more
11439879,11482269,15229,2020/10/1,292207.3077,12.53846154,"Single Family Residence, Residential",1969,3,3,746.16,sqft,"Forced Air, Natural Gas",Central Air,unknown,347600.0,15229,2020/10/1,273864.6364,15.45454545,"Single Family Residence, Residential",1947,3,3,0.26,Acres,"Forced Air, Natural Gas",Central Air,unknown,262000.0,2,1.0,False,24.62600690448792,hard,0,0,22,745.9,equal,p1_much,hard_equal
11405747,11409343,15229,2020/11/1,254164.3077,14.84615385,"Single Family Residence, Residential",1910,3,4,5998.0,sqft,"Forced Air, Natural Gas","Central Air, Electric",unknown,339888.0,15229,2020/11/1,248585.25,22.91666667,"Single Family Residence, Residential",1930,3,3,5500.0,sqft,Natural Gas,Window A/C,unknown,240000.0,2,1.0,False,29.388504448524223,medium,1,0,-20,498.0,p1_slight,p2_newer,medium_p1_slight
11405747,11440662,15229,2020/11/1,254164.3077,14.84615385,"Single Family Residence, Residential",1910,3,4,5998.0,sqft,"Forced Air, Natural Gas","Central Air, Electric",unknown,339888.0,15229,2020/11/1,237334.2,15.4,"Single Family Residence, Residential",1959,2,3,6000.0,sqft,"Forced Air, Natural Gas",Central Air,unknown,237000.0,2,1.0,False,30.271148142917664,medium,1,1,-49,-2.0,p1_slight,p2_newer,medium_p1_slight
11405747,11441317,15229,2020/11/1,254164.3077,14.84615385,"Single Family Residence, Residential",1910,3,4,5998.0,sqft,"Forced Air, Natural Gas","Central Air, Electric",unknown,339888.0,15229,2020/11/1,246509.0,12.7,"Single Family Residence, Residential",1945,2,4,6250.0,sqft,"Forced Air, Natural Gas",Central Air,unknown,260000.0,2,1.0,False,23.504213152567903,hard,0,1,-35,-252.0,equal,p2_newer,hard_equal
11405796,11408940,15229,2020/12/1,171381.0,16.5,"Single Family Residence, Residential",1940,1,3,3300.0,sqft,Natural Gas,Central Air,unknown,175000.0,15229,2020/12/1,154777.1818,29.27272727,"Single Family Residence, Residential",1910,2,3,3598.0,sqft,"Forced Air, Natural Gas",Window A/C,unknown,140000.0,2,1.0,False,20.0,hard,0,-1,30,-298.0,equal,p1_much,hard_equal
11408434,11408940,15229,2020/12/1,137721.8889,38.11111111,"Single Family Residence, Residential",1915,1,2,7579.0,sqft,"Forced Air, Natural Gas",Central Air,unknown,189100.0,15229,2020/12/1,154777.1818,29.27272727,"Single Family Residence, Residential",1910,2,3,3598.0,sqft,"Forced Air, Natural Gas",Window A/C,unknown,140000.0,2,1.0,False,25.96509783183501,medium,-1,-1,5,3981.0,p2_more,p1_slight,medium_p2_more
11409041,11441336,15229,2020/12/1,176515.0,20.0,"Single Family Residence, Residential",1922,2,4,3301.0,sqft,Natural Gas,Central Air,unknown,222500.0,15229,2020/12/1,203068.2308,16.15384615,"Single Family Residence, Residential",1928,2,3,6250.0,sqft,"Forced Air, Natural Gas",Central Air,unknown,175000.0,2,1.0,False,21.34831460674157,hard,1,0,-6,-2949.0,p1_slight,similar,hard_p1_slight
11369702,11406942,15229,2020/4/1,161952.3333,12.0,Townhouse,1984,2,2,1711.0,sqft,"Other, Gas",Central,unknown,168000.0,15229,2020/4/1,144323.9091,19.81818182,SingleFamily,1940,1,2,8049.0,sqft,Other,Central,unknown,135000.0,2,1.0,False,19.642857142857142,hard,0,1,44,-6338.0,equal,p1_much,hard_equal
11406354,11441044,15229,2020/4/1,201047.7778,12.66666667,SingleFamily,1976,2,3,6359.0,sqft,Forced air,Central,unknown,205000.0,15229,2020/4/1,185562.0,18.0,SingleFamily,1939,3,3,6000.0,sqft,"Forced air, Gas",Central,unknown,169900.0,2,1.0,False,17.121951219512198,hard,0,-1,37,359.0,equal,p1_much,hard_equal
11406760,11408563,15229,2020/4/1,163259.3636,14.0,SingleFamily,1931,2,3,6471.0,sqft,Forced air,Other,unknown,158000.0,15229,2020/4/1,176780.4444,20.77777778,SingleFamily,1930,1,3,4480.0,sqft,"Forced air, Gas",Central,unknown,217575.0,1,2.0,False,27.38136274847754,medium,0,1,1,1991.0,equal,p1_slight,medium_equal
11408563,11408795,15229,2020/4/1,176780.4444,20.77777778,SingleFamily,1930,1,3,4480.0,sqft,"Forced air, Gas",Central,unknown,217575.0,15229,2020/4/1,158086.0556,22.27777778,SingleFamily,1890,2,4,3301.0,sqft,Other,Central,unknown,155000.0,2,1.0,False,28.760197633000118,medium,-1,-1,40,1179.0,p2_more,p1_much,medium_p2_more
11408563,11441696,15229,2020/4/1,176780.4444,20.77777778,SingleFamily,1930,1,3,4480.0,sqft,"Forced air, Gas",Central,unknown,217575.0,15229,2020/4/1,164204.8333,17.58333333,SingleFamily,1933,2,2,6272.0,sqft,"Other, Baseboard, Gas",Other,unknown,175000.0,2,1.0,False,19.56796506951626,hard,1,-1,-3,-1792.0,p1_slight,similar,hard_p1_slight
11369699,11409027,15229,2020/6/1,164258.9,10.0,Townhouse,1989,2,2,2134.0,sqft,"Forced air, Gas",Central,unknown,165000.0,15229,2020/6/1,160193.5,20.3,SingleFamily,1950,2,2,5250.0,sqft,"Other, Gas",Central,unknown,124500.0,2,1.0,False,24.545454545454547,hard,0,0,39,-3116.0,equal,p1_much,hard_equal
11397160,11409027,15229,2020/6/1,161047.0909,14.0,SingleFamily,1955,1,2,0.28,Acres,"Forced air, Gas",Other,unknown,179900.0,15229,2020/6/1,160193.5,20.3,SingleFamily,1950,2,2,5250.0,sqft,"Other, Gas",Central,unknown,124500.0,2,1.0,False,30.794886047804336,medium,0,-1,5,-5249.72,equal,p1_slight,medium_equal
11397160,11441735,15229,2020/6/1,161047.0909,14.0,SingleFamily,1955,1,2,0.28,Acres,"Forced air, Gas",Other,unknown,179900.0,15229,2020/6/1,156839.4118,10.82352941,"Single Family Residence, Residential",1956,1,3,6098.0,sqft,"Forced Air, Natural Gas",Central Air,unknown,148000.0,2,1.0,False,17.73207337409672,hard,-1,0,-1,-6097.72,p2_more,similar,hard_p2_more
11406655,11408978,15229,2020/6/1,202683.0,15.6,SingleFamily,1992,2,3,8276.0,sqft,Other,Central,unknown,230000.0,15229,2020/6/1,191971.4,23.3,SingleFamily,1910,3,3,5370.0,sqft,Forced air,Central,unknown,185300.0,2,1.0,False,19.434782608695652,hard,0,-1,82,2906.0,equal,p1_much,hard_equal
11408781,11409027,15229,2020/6/1,170874.75,17.5,SingleFamily,1929,2,4,3301.0,sqft,Other,Central,unknown,212000.0,15229,2020/6/1,160193.5,20.3,SingleFamily,1950,2,2,5250.0,sqft,"Other, Gas",Central,unknown,124500.0,2,1.0,False,41.27358490566038,easy,2,0,-21,-1949.0,p1_much,p2_newer,easy_p1_much
11408781,11441735,15229,2020/6/1,170874.75,17.5,SingleFamily,1929,2,4,3301.0,sqft,Other,Central,unknown,212000.0,15229,2020/6/1,156839.4118,10.82352941,"Single Family Residence, Residential",1956,1,3,6098.0,sqft,"Forced Air, Natural Gas",Central Air,unknown,148000.0,2,1.0,False,30.18867924528302,medium,1,1,-27,-2797.0,p1_slight,p2_newer,medium_p1_slight
11408840,11409017,15229,2020/7/1,158009.625,27.5,SingleFamily,1900,2,4,4948.0,sqft,Other,unknown,unknown,158500.0,15229,2020/7/1,128045.6667,19.77777778,SingleFamily,1925,1,3,2003.0,sqft,"Forced air, Gas",unknown,unknown,123000.0,2,1.0,False,22.397476340694006,hard,1,1,-25,2945.0,p1_slight,p2_newer,hard_p1_slight
11439900,11441160,15229,2020/7/1,322551.0,11.5,SingleFamily,1967,3,4,0.28,Acres,Other,Central,unknown,360000.0,15229,2020/7/1,286753.8,16.1,SingleFamily,1965,3,5,7248.0,sqft,"Other, Gas",Central,unknown,266500.0,2,1.0,False,25.972222222222225,medium,-1,0,2,-7247.72,p2_more,p1_slight,medium_p2_more
11441579,104362856,15229,2020/7/1,144934.6,14.8,SingleFamily,1930,1,3,4007.0,sqft,Forced air,Central,unknown,112000.0,15229,2020/7/1,134753.5556,12.88888889,Townhouse,1960,2,2,1171.0,sqft,"Forced air, Gas",Other,unknown,142000.0,1,2.0,False,21.12676056338028,hard,1,-1,-30,2836.0,p1_slight,p2_newer,hard_p1_slight
11408742,59837088,15229,2020/8/1,193244.5,14.0,SingleFamily,1925,1,3,7200.0,sqft,Other,unknown,unknown,223000.0,15229,2020/8/1,177361.0,19.9,SingleFamily,1928,2,3,2686.0,sqft,"Other, Gas",unknown,unknown,185000.0,2,1.0,False,17.040358744394617,hard,0,-1,-3,4514.0,equal,similar,hard_equal
11406685,11406779,15229,2020/9/1,263575.4,20.8,"Single Family Residence, Residential",1935,2,4,1.53,Acres,Natural Gas,"Other, Window A/C",unknown,320000.0,15229,2020/9/1,230007.0,13.5,"Single Family Residence, Residential",1984,2,3,6534.0,sqft,"Forced Air, Natural Gas",Central Air,unknown,253000.0,2,1.0,False,20.9375,hard,1,0,-49,-6532.47,p1_slight,p2_newer,hard_p1_slight
11408537,11441176,15229,2020/9/1,185604.0,14.27272727,"Single Family Residence, Residential",1934,1,3,7091.0,sqft,"Forced Air, Natural Gas",Central Air,unknown,195000.0,15229,2020/9/1,214662.3846,20.38461538,"Single Family Residence, Residential",1940,2,2,7080.0,sqft,"Forced Air, Natural Gas",Central Air,unknown,256000.0,1,2.0,False,23.828125,hard,1,-1,-6,11.0,p1_slight,similar,hard_p1_slight
11441176,11441759,15229,2020/9/1,214662.3846,20.38461538,"Single Family Residence, Residential",1940,2,2,7080.0,sqft,"Forced Air, Natural Gas",Central Air,unknown,256000.0,15229,2020/9/1,188036.7273,15.09090909,"Single Family Residence, Residential",1922,2,3,7200.0,sqft,Radiant,Window A/C,unknown,206267.0,2,1.0,False,19.426953124999997,hard,-1,0,18,-120.0,p2_more,p1_slight,hard_p2_more
11406706,11408354,15229,2021/1/1,223178.5,17.5,"Single Family Residence, Residential",1949,2,3,10341.0,sqft,"Hot Water, Natural Gas","Window A/C, Central Air",unknown,212500.0,15229,2021/1/1,181748.75,34.625,"Single Family Residence, Residential",1900,2,4,3301.0,sqft,"Forced Air, Natural Gas",Window A/C,unknown,145000.0,2,1.0,False,31.76470588235294,medium,-1,0,49,7040.0,p2_more,p1_much,medium_p2_more
11406654,11441256,15229,2021/11/1,286416.9492,10.30508475,"Single Family Residence, Residential",1992,3,4,8001.0,sqft,Natural Gas,Central Air,unknown,270000.0,15229,2021/11/1,317524.6575,23.5890411,"Single Family Residence, Residential",1934,3,3,7801.0,sqft,"Forced Air, Natural Gas",Central Air,unknown,366000.0,1,2.0,False,26.229508196721312,medium,1,0,58,200.0,p1_slight,p1_much,medium_p1_slight
11405719,11409356,15229,2021/12/1,310475.6944,20.59722222,"Single Family Residence, Residential",1930,3,3,0.32,Acres,"Hot Water, Natural Gas",Central Air,unknown,352000.0,15229,2021/12/1,282231.9444,35.17361111,"Single Family Residence, Residential",1930,4,4,0.87,Acres,Natural Gas,Central Air,unknown,170000.0,2,1.0,False,51.70454545454546,easy,-1,-1,0,-0.55,p2_more,similar,easy_p2_more
11406850,11409356,15229,2021/12/1,248635.4167,16.04166667,"Single Family Residence, Residential",1984,2,3,6120.0,sqft,"Forced Air, Natural Gas",Central Air,unknown,230000.0,15229,2021/12/1,282231.9444,35.17361111,"Single Family Residence, Residential",1930,4,4,0.87,Acres,Natural Gas,Central Air,unknown,170000.0,2,1.0,False,26.08695652173913,medium,-1,-2,54,6119.13,p2_more,p1_much,medium_p2_more
11409356,11441113,15229,2021/12/1,282231.9444,35.17361111,"Single Family Residence, Residential",1930,4,4,0.87,Acres,Natural Gas,Central Air,unknown,170000.0,15229,2021/12/1,228063.4483,11.92413793,"Single Family Residence, Residential",1930,2,3,3598.0,sqft,"Forced Air, Natural Gas",Central Air,unknown,255000.0,1,2.0,False,33.33333333333333,medium,1,2,0,-3597.13,p1_slight,similar,medium_p1_slight
11409356,11441921,15229,2021/12/1,282231.9444,35.17361111,"Single Family Residence, Residential",1930,4,4,0.87,Acres,Natural Gas,Central Air,unknown,170000.0,15229,2021/12/1,209358.9041,23.23287671,"Single Family Residence, Residential",1958,2,2,0.31,Acres,"Forced Air, Natural Gas",Central Air,unknown,250000.0,1,2.0,False,32.0,medium,2,2,-28,0.56,p1_much,p2_newer,medium_p1_much
11406378,87991275,15229,2021/3/1,277466.0,15.0,"Single Family Residence, Residential",1930,3,4,8629.0,sqft,"Forced Air, Natural Gas","Central Air, Electric",unknown,298500.0,15229,2021/3/1,319261.1111,16.22222222,"Townhouse, Residential",2007,2,2,10528.0,sqft,"Forced Air, Natural Gas",Central Air,unknown,370000.0,1,2.0,False,19.324324324324323,hard,2,1,-77,-1899.0,p1_much,p2_newer,hard_p1_much
11408057,11440992,15229,2021/3/1,161844.2857,26.57142857,"Single Family Residence, Residential",1935,1,3,3436.0,sqft,"Forced Air, Natural Gas",Central Air,unknown,216500.0,15229,2021/3/1,176926.2222,16.88888889,"Single Family Residence, Residential",1972,2,3,3301.0,sqft,Natural Gas,Central Air,unknown,170500.0,2,1.0,False,21.247113163972287,hard,0,-1,-37,135.0,equal,p2_newer,hard_equal
11439704,11440992,15229,2021/3/1,215302.1818,26.18181818,"Single Family Residence, Residential",1948,2,3,7819.0,sqft,"Forced Air, Natural Gas","Attic Fan, Central Air",unknown,247000.0,15229,2021/3/1,176926.2222,16.88888889,"Single Family Residence, Residential",1972,2,3,3301.0,sqft,Natural Gas,Central Air,unknown,170500.0,2,1.0,False,30.971659919028337,medium,0,0,-24,4518.0,equal,p2_newer,medium_equal
11408243,11408532,15229,2021/5/1,175836.1667,14.08333333,"Single Family Residence, Residential",1946,2,2,6390.0,sqft,"Forced Air, Natural Gas",Central Air,unknown,197000.0,15229,2021/5/1,182879.0,25.6,"Single Family Residence, Residential",1923,2,3,3484.0,sqft,"Forced Air, Natural Gas",Central Air,unknown,130000.0,2,1.0,False,34.01015228426396,medium,-1,0,23,2906.0,p2_more,p1_much,medium_p2_more
11408532,11409272,15229,2021/5/1,182879.0,25.6,"Single Family Residence, Residential",1923,2,3,3484.0,sqft,"Forced Air, Natural Gas",Central Air,unknown,130000.0,15229,2021/5/1,183371.8,14.0,"Single Family Residence, Residential",1950,1,2,4726.0,sqft,"Forced Air, Natural Gas",Central Air,unknown,183000.0,1,2.0,False,28.96174863387978,medium,1,1,-27,-1242.0,p1_slight,p2_newer,medium_p1_slight
11370245,11440982,15229,2021/6/1,234180.0,17.0,"Single Family Residence, Residential",1952,2,2,0.38,Acres,Natural Gas,Central Air,unknown,188662.0,15229,2021/6/1,206454.8571,14.28571429,"Single Family Residence, Residential",1930,2,3,3301.0,sqft,Natural Gas,"Central Air, Electric",unknown,237000.0,1,2.0,False,20.3957805907173,hard,-1,0,22,-3300.62,p2_more,p1_much,hard_p2_more
11369754,11405788,15229,2021/7/1,185757.087,19.73913043,"Townhouse, Residential",1988,2,2,2816.0,sqft,"Forced Air, Natural Gas",Central Air,unknown,195000.0,15229,2021/7/1,235578.8333,38.0,"Single Family Residence, Residential",1911,3,4,3301.0,sqft,"Forced Air, Natural Gas","Central Air, Electric",unknown,147000.0,2,1.0,False,24.615384615384617,hard,-2,-1,77,-485.0,p2_more,p1_much,hard_p2_more
11405788,11408277,15229,2021/7/1,235578.8333,38.0,"Single Family Residence, Residential",1911,3,4,3301.0,sqft,"Forced Air, Natural Gas","Central Air, Electric",unknown,147000.0,15229,2021/7/1,188523.619,22.0,"Single Family Residence, Residential",1930,2,3,3301.0,sqft,"Forced Air, Natural Gas",Central Air,unknown,194900.0,1,2.0,False,24.576706003078503,hard,1,1,-19,0.0,p1_slight,similar,hard_p1_slight
11405788,11440983,15229,2021/7/1,235578.8333,38.0,"Single Family Residence, Residential",1911,3,4,3301.0,sqft,"Forced Air, Natural Gas","Central Air, Electric",unknown,147000.0,15229,2021/7/1,205033.0435,15.2173913,"Single Family Residence, Residential",1924,2,2,3300.0,sqft,"Forced Air, Natural Gas",Central Air,unknown,205000.0,1,2.0,False,28.292682926829265,medium,2,1,-13,1.0,p1_much,similar,medium_p1_much
11405949,11406914,15229,2021/7/1,175417.2857,20.14285714,"Single Family Residence, Residential",1955,1,2,3598.0,sqft,"Forced Air, Natural Gas",Central Air,unknown,145000.0,15229,2021/7/1,182117.0476,10.19047619,"Townhouse, Residential",1986,2,2,1728.0,sqft,"Forced Air, Natural Gas",Central Air,unknown,175900.0,1,2.0,False,17.566799317794203,hard,0,-1,-31,1870.0,equal,p2_newer,hard_equal
11408609,11409269,15229,2021/7/1,203502.5,27.25,"Single Family Residence, Residential",1911,3,4,5248.0,sqft,"Forced Air, Natural Gas",Central Air,unknown,260000.0,15229,2021/7/1,211453.1429,11.71428571,"Single Family Residence, Residential",1950,2,3,8725.0,sqft,Natural Gas,Central Air,unknown,215000.0,2,1.0,False,17.307692307692307,hard,1,1,-39,-3477.0,p1_slight,p2_newer,hard_p1_slight
11405879,11408350,15229,2021/8/1,202795.25,45.66666667,"Single Family Residence, Residential",1906,3,3,7649.0,sqft,"Hot Water, Natural Gas",Wall Unit(s),unknown,325000.0,15229,2021/8/1,197461.1111,21.88888889,"Single Family Residence, Residential",1930,2,3,7200.0,sqft,"Forced Air, Natural Gas",Central Air,unknown,200000.0,2,1.0,False,38.46153846153847,medium,0,1,-24,449.0,equal,p2_newer,medium_equal
11440850,11441104,15229,2021/8/1,312994.1176,10.82352941,"Single Family Residence, Residential",1931,2,3,5693.0,sqft,"Radiant, Natural Gas",Central Air,unknown,335000.0,15229,2021/8/1,274922.2222,16.22222222,"Single Family Residence, Residential",1928,2,4,7200.0,sqft,"Hot Water, Natural Gas",Window A/C,unknown,276000.0,2,1.0,False,17.611940298507463,hard,-1,0,3,-1507.0,p2_more,p1_slight,hard_p2_more
11370074,11409039,15229,2021/9/1,206123.7288,16.86440678,"Single Family Residence, Residential",1930,1,3,5362.0,sqft,"Forced Air, Natural Gas",Central Air,unknown,238000.0,15229,2021/9/1,214898.3051,12.88135593,"Single Family Residence, Residential",1920,3,4,3301.0,sqft,"Hot Water, Natural Gas","Window A/C, Electric",unknown,195000.0,2,1.0,False,18.067226890756302,hard,-1,-2,10,2061.0,p2_more,p1_slight,hard_p2_more
11370074,11484483,15229,2021/9/1,206123.7288,16.86440678,"Single Family Residence, Residential",1930,1,3,5362.0,sqft,"Forced Air, Natural Gas",Central Air,unknown,238000.0,15229,2021/9/1,208147.0588,14.52941176,"Single Family Residence, Residential",1945,2,3,7387.0,sqft,Natural Gas,Central Air,unknown,189000.0,2,1.0,False,20.588235294117645,hard,0,-1,-15,-2025.0,equal,similar,hard_equal
11370077,11440892,15229,2021/9/1,317237.2881,23.05084746,"Single Family Residence, Residential",1922,4,4,1.44,Acres,"Forced Air, Natural Gas",Central Air,unknown,319000.0,15229,2021/9/1,374971.1864,23.52542373,"Single Family Residence, Residential",1935,3,3,3597.0,sqft,Natural Gas,Central Air,unknown,400000.0,1,2.0,False,20.25,hard,1,1,-13,-3595.56,p1_slight,similar,hard_p1_slight
11406823,11408387,15229,2022/3/1,283185.1852,11.25925926,"Single Family Residence, Residential",1984,2,2,6534.0,sqft,"Forced Air, Natural Gas",Central Air,unknown,295000.0,15229,2022/3/1,248090.2778,18.48611111,"Single Family Residence, Residential",1920,3,4,7771.0,sqft,"Forced Air, Natural Gas",Central Air,unknown,220000.0,2,1.0,False,25.423728813559322,medium,-2,-1,64,-1237.0,p2_more,p1_much,medium_p2_more
11408308,11440882,15229,2022/3/1,225371.5278,15.52083333,"Single Family Residence, Residential",1975,1,3,7270.0,sqft,"Forced Air, Natural Gas",Central Air,unknown,235000.0,15229,2022/3/1,255207.5862,19.6137931,"Single Family Residence, Residential",1930,2,3,0.28,Acres,"Hot Water, Natural Gas",Window A/C,unknown,289000.0,1,2.0,False,18.685121107266436,hard,0,-1,45,7269.72,equal,p1_much,hard_equal
11408387,11440882,15229,2022/3/1,248090.2778,18.48611111,"Single Family Residence, Residential",1920,3,4,7771.0,sqft,"Forced Air, Natural Gas",Central Air,unknown,220000.0,15229,2022/3/1,255207.5862,19.6137931,"Single Family Residence, Residential",1930,2,3,0.28,Acres,"Hot Water, Natural Gas",Window A/C,unknown,289000.0,1,2.0,False,23.875432525951556,hard,1,1,-10,7770.72,p1_slight,similar,hard_p1_slight
11327397,11406341,15229,2022/5/1,210275.0,13.875,"Single Family Residence, Residential",1929,2,3,0.36,Acres,"Hot Water, Natural Gas",Central Air,unknown,202000.0,15229,2022/5/1,221969.2308,18.79487179,"Single Family Residence, Residential",1977,2,3,6359.0,sqft,"Forced Air, Natural Gas","Central Air, Electric",unknown,253900.0,1,2.0,False,20.441118550610476,hard,0,0,-48,-6358.64,equal,p2_newer,hard_equal
11327397,11406881,15229,2022/5/1,210275.0,13.875,"Single Family Residence, Residential",1929,2,3,0.36,Acres,"Hot Water, Natural Gas",Central Air,unknown,202000.0,15229,2022/5/1,228756.4103,13.58974359,"Single Family Residence, Residential",1968,1,3,9347.0,sqft,"Forced Air, Natural Gas",Central Air,unknown,250000.0,1,2.0,False,19.2,hard,0,1,-39,-9346.64,equal,p2_newer,hard_equal
11327397,11408555,15229,2022/5/1,210275.0,13.875,"Single Family Residence, Residential",1929,2,3,0.36,Acres,"Hot Water, Natural Gas",Central Air,unknown,202000.0,15229,2022/5/1,204956.4103,28.12820513,"Single Family Residence, Residential",1940,2,3,0.37,Acres,"Hot Water, Natural Gas",Window A/C,unknown,250000.0,1,2.0,False,19.2,hard,0,0,-11,-0.010000000000000009,equal,similar,hard_equal
11327397,11408967,15229,2022/5/1,210275.0,13.875,"Single Family Residence, Residential",1929,2,3,0.36,Acres,"Hot Water, Natural Gas",Central Air,unknown,202000.0,15229,2022/5/1,213533.3333,16.66666667,"Single Family Residence, Residential",1940,2,3,3301.0,sqft,"Forced Air, Natural Gas","Central Air, Electric",unknown,252500.0,1,2.0,False,20.0,hard,0,0,-11,-3300.64,equal,similar,hard_equal
11528617,11528650,15232,2020/10/1,764879.4545,13.27272727,"Single Family Residence, Residential",1926,3,4,6377.0,sqft,"Hot Water, Natural Gas",Window A/C,unknown,800000.0,15232,2020/10/1,782018.1,23.1,"Single Family Residence, Residential",1912,4,7,3672.0,sqft,"Forced Air, Natural Gas",Electric,unknown,610000.0,2,1.0,False,23.75,hard,-3,-1,14,2705.0,p2_more,p1_slight,hard_p2_more
11528549,11529286,15232,2021/9/1,448312.069,26.29310345,"Single Family Residence, Residential",1922,3,3,4081.0,sqft,Natural Gas,"Window A/C, Central Air",unknown,520000.0,15232,2021/9/1,540662.0,13.88888889,"Single Family Residence, Residential",2006,2,1,2926.0,sqft,"Radiant, Natural Gas",Central Air,unknown,429000.0,2,1.0,False,17.5,hard,2,1,-84,1155.0,p1_much,p2_newer,hard_p1_much
11310513,11356591,15234,2020/1/1,134897.0,27.23529412,SingleFamily,1938,2,2,9583.0,sqft,"Other, Forced air, Gas",Central,unknown,179000.0,15234,2020/1/1,136551.3333,13.0,SingleFamily,1958,2,3,7143.0,sqft,Forced air,Other,unknown,130000.0,2,1.0,False,27.37430167597765,medium,-1,0,-20,2440.0,p2_more,p2_newer,medium_p2_more
11306137,11356944,15234,2020/12/1,153769.0,22.0,"Single Family Residence, Residential",1940,1,3,7000.0,sqft,"Forced Air, Natural Gas","Central Air, Electric",unknown,170000.0,15234,2020/12/1,161497.1111,20.66666667,"Single Family Residence, Residential",1925,1,3,1.5,Acres,"Forced Air, Natural Gas",Central Air,unknown,139400.0,2,1.0,False,18.0,hard,0,0,15,6998.5,equal,p1_slight,hard_equal
11356651,11356855,15234,2020/12/1,193651.0,24.0,"Single Family Residence, Residential",1926,2,4,6900.0,sqft,"Hot Water, Natural Gas",Wall Unit(s),unknown,215000.0,15234,2020/12/1,168945.8,16.6,"Single Family Residence, Residential",1959,2,3,4800.0,sqft,"Forced Air, Natural Gas","Central Air, Electric",unknown,174900.0,2,1.0,False,18.651162790697676,hard,1,0,-33,2100.0,p1_slight,p2_newer,hard_p1_slight
11356651,11356944,15234,2020/12/1,193651.0,24.0,"Single Family Residence, Residential",1926,2,4,6900.0,sqft,"Hot Water, Natural Gas",Wall Unit(s),unknown,215000.0,15234,2020/12/1,161497.1111,20.66666667,"Single Family Residence, Residential",1925,1,3,1.5,Acres,"Forced Air, Natural Gas",Central Air,unknown,139400.0,2,1.0,False,35.16279069767442,medium,1,1,1,6898.5,p1_slight,p1_slight,medium_p1_slight
11356855,11356944,15234,2020/12/1,168945.8,16.6,"Single Family Residence, Residential",1959,2,3,4800.0,sqft,"Forced Air, Natural Gas","Central Air, Electric",unknown,174900.0,15234,2020/12/1,161497.1111,20.66666667,"Single Family Residence, Residential",1925,1,3,1.5,Acres,"Forced Air, Natural Gas",Central Air,unknown,139400.0,2,1.0,False,20.29731275014294,hard,0,1,34,4798.5,equal,p1_much,hard_equal
11356541,11397572,15234,2020/4/1,171578.0,13.0,SingleFamily,1948,1,3,5610.0,sqft,Other,Central,unknown,184000.0,15234,2020/4/1,176561.1111,20.88888889,SingleFamily,1951,2,2,10816.0,sqft,"Other, Forced air, Gas",Central,unknown,245000.0,1,2.0,False,24.897959183673468,hard,1,-1,-3,-5206.0,p1_slight,similar,hard_p1_slight
11357014,11397572,15234,2020/4/1,170328.6364,18.90909091,SingleFamily,1930,2,3,4270.0,sqft,"Other, Gas",Central,unknown,175000.0,15234,2020/4/1,176561.1111,20.88888889,SingleFamily,1951,2,2,10816.0,sqft,"Other, Forced air, Gas",Central,unknown,245000.0,1,2.0,False,28.57142857142857,medium,1,0,-21,-6546.0,p1_slight,p2_newer,medium_p1_slight
11396092,11396297,15234,2020/4/1,164024.6667,17.33333333,SingleFamily,1950,2,3,5400.0,sqft,"Forced air, Gas",Central,unknown,182000.0,15234,2020/4/1,178901.0,23.0,"Single Family Residence, Residential",1950,3,4,4791.0,sqft,Natural Gas,Central Air,unknown,115000.0,2,1.0,False,36.81318681318682,medium,-1,-1,0,609.0,p2_more,similar,medium_p2_more
11396092,11397572,15234,2020/4/1,164024.6667,17.33333333,SingleFamily,1950,2,3,5400.0,sqft,"Forced air, Gas",Central,unknown,182000.0,15234,2020/4/1,176561.1111,20.88888889,SingleFamily,1951,2,2,10816.0,sqft,"Other, Forced air, Gas",Central,unknown,245000.0,1,2.0,False,25.71428571428571,medium,1,0,-1,-5416.0,p1_slight,similar,medium_p1_slight
11396150,11396297,15234,2020/4/1,151036.8889,16.33333333,SingleFamily,1954,2,2,10088.0,sqft,Other,Central,unknown,143000.0,15234,2020/4/1,178901.0,23.0,"Single Family Residence, Residential",1950,3,4,4791.0,sqft,Natural Gas,Central Air,unknown,115000.0,2,1.0,False,19.58041958041958,hard,-2,-1,4,5297.0,p2_more,p1_slight,hard_p2_more
11396297,11397572,15234,2020/4/1,178901.0,23.0,"Single Family Residence, Residential",1950,3,4,4791.0,sqft,Natural Gas,Central Air,unknown,115000.0,15234,2020/4/1,176561.1111,20.88888889,SingleFamily,1951,2,2,10816.0,sqft,"Other, Forced air, Gas",Central,unknown,245000.0,1,2.0,False,53.06122448979592,easy,2,1,-1,-6025.0,p1_much,similar,easy_p1_much
11310465,11354993,15234,2020/7/1,187351.7778,15.55555556,SingleFamily,1960,0,4,0.85,Acres,Other,Central,unknown,160000.0,15234,2020/7/1,169339.8,14.2,SingleFamily,1961,2,2,0.32,Acres,Other,Central,unknown,194000.0,1,2.0,False,17.525773195876287,hard,2,-2,-1,0.53,p1_much,similar,hard_p1_much
11310465,11359164,15234,2020/7/1,187351.7778,15.55555556,SingleFamily,1960,0,4,0.85,Acres,Other,Central,unknown,160000.0,15234,2020/7/1,166478.4,11.8,SingleFamily,1940,1,2,4800.0,sqft,Other,Central,unknown,200000.0,1,2.0,False,20.0,hard,2,-1,20,-4799.15,p1_much,p1_slight,hard_p1_much
11354988,11397402,15234,2020/7/1,229707.6,11.2,SingleFamily,1956,3,3,0.35,Acres,Other,Central,unknown,239900.0,15234,2020/7/1,264808.6,18.8,Townhouse,1993,3,3,2176.0,sqft,Other,Central,unknown,355000.0,1,2.0,False,32.42253521126761,medium,0,0,-37,-2175.65,equal,p2_newer,medium_equal
11356926,11396000,15234,2020/7/1,159339.0,16.0,SingleFamily,1926,2,3,4410.0,sqft,Other,unknown,unknown,171400.0,15234,2020/7/1,157472.6,22.0,SingleFamily,1956,1,3,4691.0,sqft,Other,unknown,unknown,140000.0,2,1.0,False,18.319719953325556,hard,0,1,-30,-281.0,equal,p2_newer,hard_equal
11397402,11650565,15234,2020/7/1,264808.6,18.8,Townhouse,1993,3,3,2176.0,sqft,Other,Central,unknown,355000.0,15234,2020/7/1,227293.4,24.2,SingleFamily,1955,3,3,5519.0,sqft,Other,Central,unknown,239900.0,2,1.0,False,32.42253521126761,medium,0,0,38,-3343.0,equal,p1_much,medium_equal
11306740,11306993,15234,2020/8/1,151169.1667,18.16666667,SingleFamily,1945,1,3,7638.0,sqft,Other,Central,unknown,133900.0,15234,2020/8/1,144263.0,21.0,SingleFamily,1950,2,2,5998.0,sqft,Other,Central,unknown,176400.0,1,2.0,False,24.09297052154195,hard,1,-1,-5,1640.0,p1_slight,similar,hard_p1_slight
11306740,11306997,15234,2020/8/1,151169.1667,18.16666667,SingleFamily,1945,1,3,7638.0,sqft,Other,Central,unknown,133900.0,15234,2020/8/1,159409.0,15.6,"Single Family Residence, Residential",1950,2,2,6600.0,sqft,Natural Gas,Central Air,unknown,164900.0,1,2.0,False,18.799272286234082,hard,1,-1,-5,1038.0,p1_slight,similar,hard_p1_slight
11307142,11356648,15234,2020/8/1,183999.0909,16.54545455,"Single Family Residence, Residential",1950,2,3,0.34,Acres,"Forced Air, Natural Gas",Central Air,unknown,227000.0,15234,2020/8/1,174106.0,14.0,"Single Family Residence, Residential",1954,3,3,5000.0,sqft,"Forced Air, Natural Gas",Central Air,unknown,180500.0,2,1.0,False,20.484581497797357,hard,0,-1,-4,-4999.66,equal,similar,hard_equal
11306870,11395976,15234,2020/9/1,167817.8333,16.41666667,"Single Family Residence, Residential",1955,2,3,5998.0,sqft,"Forced Air, Natural Gas",Central Air,unknown,225000.0,15234,2020/9/1,157603.2,16.4,"Single Family Residence, Residential",1950,2,3,6298.0,sqft,"Forced Air, Natural Gas",Central Air,unknown,149000.0,2,1.0,False,33.77777777777778,medium,0,0,5,-300.0,equal,p1_slight,medium_equal
11309825,11395660,15234,2020/9/1,143141.6,16.4,"Single Family Residence, Residential",1955,1,3,8080.0,sqft,"Forced Air, Natural Gas",Central Air,unknown,146500.0,15234,2020/9/1,167356.0909,19.0,"Single Family Residence, Residential",1950,2,3,4000.0,sqft,"Forced Air, Natural Gas",Central Air,unknown,199900.0,1,2.0,False,26.713356678339167,medium,0,-1,5,4080.0,equal,p1_slight,medium_equal
11359064,11359065,15234,2020/9/1,277161.4545,16.09090909,"Single Family Residence, Residential",1956,2,3,9343.0,sqft,"Forced Air, Natural Gas","Central Air, Electric",unknown,270000.0,15234,2020/9/1,272717.0,22.0,SingleFamily,1956,2,3,8270.0,sqft,"Forced air, Gas",Central,unknown,210226.0,2,1.0,False,22.13851851851852,hard,0,0,0,1073.0,equal,similar,hard_equal
11393188,11650561,15234,2020/9/1,128434.0,23.27272727,"Single Family Residence, Residential",1948,1,3,5000.0,sqft,"Forced Air, Natural Gas",Central Air,unknown,160250.0,15234,2020/9/1,123551.6,14.4,"Single Family Residence, Residential",1954,1,3,5750.0,sqft,"Forced Air, Natural Gas","Central Air, Electric",unknown,102000.0,2,1.0,False,36.349453978159126,medium,0,0,-6,-750.0,equal,similar,medium_equal
11395660,11395976,15234,2020/9/1,167356.0909,19.0,"Single Family Residence, Residential",1950,2,3,4000.0,sqft,"Forced Air, Natural Gas",Central Air,unknown,199900.0,15234,2020/9/1,157603.2,16.4,"Single Family Residence, Residential",1950,2,3,6298.0,sqft,"Forced Air, Natural Gas",Central Air,unknown,149000.0,2,1.0,False,25.46273136568284,medium,0,0,0,-2298.0,equal,similar,medium_equal
11648078,11650561,15234,2020/9/1,100957.0,66.0,"Single Family Residence, Residential",1933,2,3,8908.0,sqft,"Forced Air, Natural Gas",Central Air,unknown,136000.0,15234,2020/9/1,123551.6,14.4,"Single Family Residence, Residential",1954,1,3,5750.0,sqft,"Forced Air, Natural Gas","Central Air, Electric",unknown,102000.0,2,1.0,False,25.0,hard,0,1,-21,3158.0,equal,p2_newer,hard_equal
11306622,11307208,15234,2021/10/1,155603.3898,12.23728814,"Single Family Residence, Residential",1935,1,2,4125.0,sqft,"Forced Air, Natural Gas",Central Air,unknown,150000.0,15234,2021/10/1,132291.5254,27.18644068,"Townhouse, Residential",1955,1,3,3319.0,sqft,"Forced Air, Natural Gas",Central Air,unknown,121000.0,2,1.0,False,19.333333333333332,hard,-1,0,-20,806.0,p2_more,p2_newer,hard_p2_more
11307208,11396405,15234,2021/10/1,132291.5254,27.18644068,"Townhouse, Residential",1955,1,3,3319.0,sqft,"Forced Air, Natural Gas",Central Air,unknown,121000.0,15234,2021/10/1,156044.0678,17.93220339,"Single Family Residence, Residential",1951,1,2,4238.0,sqft,"Forced Air, Natural Gas","Central Air, Electric",unknown,164900.0,1,2.0,False,26.622195269860523,medium,1,0,4,-919.0,p1_slight,p1_slight,medium_p1_slight
11306863,11393264,15234,2021/12/1,152671.223,14.02877698,"Single Family Residence, Residential",1930,2,2,4356.0,sqft,"Hot Water, Natural Gas",Central Air,unknown,155000.0,15234,2021/12/1,139358.3333,14.66666667,"Single Family Residence, Residential",1956,1,3,5353.0,sqft,"Forced Air, Natural Gas",Window A/C,unknown,105000.0,2,1.0,False,32.25806451612903,medium,-1,1,-26,-997.0,p2_more,p2_newer,medium_p2_more
11310564,11397526,15234,2021/12/1,222125.8993,13.1294964,SingleFamily,1960,2,3,8999.0,sqft,"Forced air, Gas",Central,unknown,210000.0,15234,2021/12/1,204740.7407,11.7037037,"Single Family Residence, Residential",1955,2,3,7396.0,sqft,"Forced Air, Natural Gas",Central Air,unknown,153258.0,2,1.0,False,27.02,medium,0,0,5,1603.0,equal,p1_slight,medium_equal
11357739,11396346,15234,2021/12/1,191988.7324,11.38028169,"Townhouse, Residential",1963,2,3,1724.0,sqft,"Forced Air, Natural Gas",Central Air,unknown,190000.0,15234,2021/12/1,173190.3448,17.06206897,"Single Family Residence, Residential",1950,2,3,6211.0,sqft,"Forced Air, Natural Gas",Central Air,unknown,115000.0,2,1.0,False,39.473684210526315,medium,0,0,13,-4487.0,equal,p1_slight,medium_equal
11357739,11397526,15234,2021/12/1,191988.7324,11.38028169,"Townhouse, Residential",1963,2,3,1724.0,sqft,"Forced Air, Natural Gas",Central Air,unknown,190000.0,15234,2021/12/1,204740.7407,11.7037037,"Single Family Residence, Residential",1955,2,3,7396.0,sqft,"Forced Air, Natural Gas",Central Air,unknown,153258.0,2,1.0,False,19.337894736842102,hard,0,0,8,-5672.0,equal,p1_slight,hard_equal
11358110,11396346,15234,2021/12/1,205848.5915,22.27464789,"Single Family Residence, Residential",1950,2,3,6000.0,sqft,"Forced Air, Natural Gas",Central Air,unknown,215000.0,15234,2021/12/1,173190.3448,17.06206897,"Single Family Residence, Residential",1950,2,3,6211.0,sqft,"Forced Air, Natural Gas",Central Air,unknown,115000.0,2,1.0,False,46.51162790697674,easy,0,0,0,-211.0,equal,similar,easy_equal
11358110,11397526,15234,2021/12/1,205848.5915,22.27464789,"Single Family Residence, Residential",1950,2,3,6000.0,sqft,"Forced Air, Natural Gas",Central Air,unknown,215000.0,15234,2021/12/1,204740.7407,11.7037037,"Single Family Residence, Residential",1955,2,3,7396.0,sqft,"Forced Air, Natural Gas",Central Air,unknown,153258.0,2,1.0,False,28.717209302325582,medium,0,0,-5,-1396.0,equal,similar,medium_equal
11309717,11431614,15234,2021/4/1,174207.25,16.41666667,"Single Family Residence, Residential",1942,2,3,5808.0,sqft,"Forced Air, Natural Gas",Central Air,unknown,153000.0,15234,2021/4/1,196584.5385,15.53846154,"Single Family Residence, Residential",1960,1,3,0.33,Acres,"Forced Air, Natural Gas",Central Air,unknown,205000.0,1,2.0,False,25.365853658536587,medium,0,1,-18,5807.67,equal,similar,medium_equal
11306151,11395991,15234,2021/5/1,152796.6,20.3,"Single Family Residence, Residential",1944,2,3,6499.0,sqft,"Forced Air, Natural Gas","Central Air, Electric",unknown,220000.0,15234,2021/5/1,175413.8889,14.33333333,"Single Family Residence, Residential",1946,2,3,5002.0,sqft,"Forced Air, Natural Gas",Central Air,unknown,173500.0,2,1.0,False,21.136363636363637,hard,0,0,-2,1497.0,equal,similar,hard_equal
11306151,11396013,15234,2021/5/1,152796.6,20.3,"Single Family Residence, Residential",1944,2,3,6499.0,sqft,"Forced Air, Natural Gas","Central Air, Electric",unknown,220000.0,15234,2021/5/1,154036.4545,20.90909091,"Single Family Residence, Residential",1956,1,3,6000.0,sqft,"Forced Air, Natural Gas",Window A/C,unknown,165000.0,2,1.0,False,25.0,hard,0,1,-12,499.0,equal,similar,hard_equal
11307170,11357728,15234,2021/6/1,160963.8,14.4,"Single Family Residence, Residential",1955,1,3,4848.0,sqft,Natural Gas,Central Air,unknown,138325.0,15234,2021/6/1,178699.3077,13.46153846,"Townhouse, Residential",1963,2,3,3463.0,sqft,"Forced Air, Natural Gas",Central Air,unknown,179000.0,1,2.0,False,22.72346368715084,hard,0,-1,-8,1385.0,equal,similar,hard_equal
11306889,11396008,15234,2021/9/1,184493.2203,14.61016949,"Single Family Residence, Residential",1955,1,2,5998.0,sqft,"Forced Air, Natural Gas",Central Air,unknown,175000.0,15234,2021/9/1,175362.7119,14.98305085,"Single Family Residence, Residential",1956,1,3,4299.0,sqft,"Forced Air, Natural Gas",Window A/C,unknown,145000.0,2,1.0,False,17.142857142857142,hard,-1,0,-1,1699.0,p2_more,similar,hard_p2_more
11357747,11396042,15234,2021/9/1,168105.0847,35.49152542,"Single Family Residence, Residential",1905,2,3,1981.0,sqft,"Forced Air, Natural Gas","Central Air, Electric",unknown,237000.0,15234,2021/9/1,183552.5424,10.6779661,"Single Family Residence, Residential",1950,1,3,7525.0,sqft,Natural Gas,Central Air,unknown,175500.0,2,1.0,False,25.949367088607595,medium,0,1,-45,-5544.0,equal,p2_newer,medium_equal
11396042,11396387,15234,2021/9/1,183552.5424,10.6779661,"Single Family Residence, Residential",1950,1,3,7525.0,sqft,Natural Gas,Central Air,unknown,175500.0,15234,2021/9/1,185475.3333,19.0,"Single Family Residence, Residential",1950,2,2,5880.0,sqft,"Forced Air, Natural Gas",Central Air,unknown,215000.0,1,2.0,False,18.372093023255815,hard,1,-1,0,1645.0,p1_slight,similar,hard_p1_slight
11356641,11397513,15234,2022/3/1,122109.8592,52.4084507,"Single Family Residence, Residential",1924,2,3,2178.0,sqft,Natural Gas,Central Air,unknown,108000.0,15234,2022/3/1,156022.2222,18.96296296,"Single Family Residence, Residential",1956,1,2,6481.0,sqft,"Forced Air, Natural Gas",Central Air,unknown,150000.0,1,2.0,False,28.000000000000004,medium,1,1,-32,-4303.0,p1_slight,p2_newer,medium_p1_slight
11395632,11395807,15234,2022/4/1,169750.3185,33.75159236,"Single Family Residence, Residential",1920,2,3,4038.0,sqft,"Forced Air, Natural Gas",Window A/C,unknown,239000.0,15234,2022/4/1,158728.9655,35.75862069,"Single Family Residence, Residential",1939,2,3,7650.0,sqft,Electric,Central Air,unknown,180000.0,2,1.0,False,24.686192468619247,hard,0,0,-19,-3612.0,equal,similar,hard_equal
11395632,11395986,15234,2022/4/1,169750.3185,33.75159236,"Single Family Residence, Residential",1920,2,3,4038.0,sqft,"Forced Air, Natural Gas",Window A/C,unknown,239000.0,15234,2022/4/1,145133.3333,30.0,"Single Family Residence, Residential",1950,1,3,6952.0,sqft,"Forced Air, Natural Gas","Central Air, Electric",unknown,175000.0,2,1.0,False,26.778242677824267,medium,0,1,-30,-2914.0,equal,p2_newer,medium_equal
11357885,11396029,15234,2022/5/1,215779.4872,12.0,"Single Family Residence, Residential",1950,2,3,5501.0,sqft,"Forced Air, Natural Gas",Central Air,unknown,261280.0,15234,2022/5/1,211942.7586,14.52413793,"Single Family Residence, Residential",1950,2,3,7021.0,sqft,"Forced Air, Natural Gas",Central Air,unknown,200000.0,2,1.0,False,23.453766074709122,hard,0,0,0,-1520.0,equal,similar,hard_equal
11418045,11535077,15235,2019/8/1,71512.94444,52.44444444,SingleFamily,1950,2,2,0.25,Acres,Other,Central,Garage - Attached,132500.0,15235,2019/8/1,93525.0,16.75,SingleFamily,1953,2,2,7649.0,sqft,"Other, Gas",Central,Garage - Attached,105000.0,2,1.0,False,20.754716981132077,hard,0,0,-3,-7648.75,equal,similar,hard_equal
11531668,11533791,15235,2019/9/1,112696.6667,30.16666667,SingleFamily,1963,2,5,10031.0,sqft,"Forced air, Gas",Central,unknown,149900.0,15235,2019/9/1,120070.5,10.0,SingleFamily,1967,3,3,4029.0,sqft,"Forced air, Gas",Central,unknown,120000.0,2,1.0,False,19.946631087391594,hard,2,-1,-4,6002.0,p1_much,similar,hard_p1_much
11531951,11567567,15235,2019/9/1,121637.5,14.16666667,"Single Family Residence, Residential",1962,1,3,10149.0,sqft,"Forced Air, Natural Gas","Central Air, Electric",unknown,138000.0,15235,2019/9/1,108841.0588,11.41176471,"Single Family Residence, Residential",1965,2,3,6050.0,sqft,"Forced Air, Natural Gas",Central Air,unknown,110000.0,2,1.0,False,20.28985507246377,hard,0,-1,-3,4099.0,equal,similar,hard_equal
11454566,11494569,15235,2020/10/1,236750.8571,18.57142857,"Single Family Residence, Residential",1968,3,4,0.29,Acres,"Forced Air, Natural Gas",Central Air,unknown,254900.0,15235,2020/10/1,260598.0,18.0,"Single Family Residence, Residential",1967,3,4,0.27,Acres,"Forced Air, Natural Gas",Central Air,unknown,310000.0,1,2.0,False,17.774193548387096,hard,0,0,1,0.019999999999999962,equal,p1_slight,hard_equal
11532256,11533761,15235,2020/10/1,154916.6,22.0,"Single Family Residence, Residential",1964,4,4,9831.0,sqft,"Forced Air, Natural Gas",Electric,unknown,181000.0,15235,2020/10/1,145955.0,14.5,"Single Family Residence, Residential",1961,2,3,7840.0,sqft,"Forced Air, Natural Gas",Central Air,unknown,149000.0,2,1.0,False,17.67955801104972,hard,1,2,3,1991.0,p1_slight,p1_slight,hard_p1_slight
11532256,11568070,15235,2020/10/1,154916.6,22.0,"Single Family Residence, Residential",1964,4,4,9831.0,sqft,"Forced Air, Natural Gas",Electric,unknown,181000.0,15235,2020/10/1,137013.0,17.5,"Single Family Residence, Residential",1972,2,3,0.42,Acres,"Forced Air, Natural Gas","Central Air, Electric",unknown,146000.0,2,1.0,False,19.337016574585636,hard,1,2,-8,9830.58,p1_slight,similar,hard_p1_slight
11568131,11598099,15235,2020/10/1,146338.0,17.5,"Single Family Residence, Residential",1971,2,3,7984.0,sqft,"Forced Air, Natural Gas",Central Air,unknown,165900.0,15235,2020/10/1,127168.5,23.5,"Single Family Residence, Residential",1946,2,4,7697.0,sqft,"Forced Air, Natural Gas",Central Air,unknown,129000.0,2,1.0,False,22.24231464737794,hard,-1,0,25,287.0,p2_more,p1_much,hard_p2_more
11569152,11598099,15235,2020/10/1,130892.0,10.57142857,"Single Family Residence, Residential",1950,2,3,1.72,Acres,"Forced Air, Natural Gas",Central Air,unknown,160000.0,15235,2020/10/1,127168.5,23.5,"Single Family Residence, Residential",1946,2,4,7697.0,sqft,"Forced Air, Natural Gas",Central Air,unknown,129000.0,2,1.0,False,19.375,hard,-1,0,4,-7695.28,p2_more,p1_slight,hard_p2_more
11416942,11454188,15235,2020/11/1,218156.75,49.0,"Single Family Residence, Residential",1955,3,6,6455.0,sqft,Natural Gas,Central Air,unknown,230000.0,15235,2020/11/1,193431.0909,21.36363636,"Single Family Residence, Residential",1960,3,3,0.28,Acres,"Forced Air, Natural Gas","Central Air, Electric",unknown,279900.0,1,2.0,False,17.827795641300465,hard,3,0,-5,6454.72,p1_much,similar,hard_p1_much
11451617,11535208,15235,2020/11/1,132106.9231,23.69230769,"Single Family Residence, Residential",1947,3,3,7688.0,sqft,"Forced Air, Natural Gas","Central Air, Electric",unknown,165000.0,15235,2020/11/1,124134.8182,22.36363636,"Single Family Residence, Residential",1957,2,3,7800.0,sqft,"Forced Air, Natural Gas","Central Air, Electric",unknown,130000.0,2,1.0,False,21.21212121212121,hard,0,1,-10,-112.0,equal,similar,hard_equal
11452291,11534708,15235,2020/11/1,163894.4545,22.36363636,"Single Family Residence, Residential",1954,2,3,5998.0,sqft,"Forced Air, Natural Gas",Central Air,unknown,175000.0,15235,2020/11/1,135140.3333,15.46666667,"Single Family Residence, Residential",1956,2,3,7501.0,sqft,"Forced Air, Natural Gas","Attic Fan, Central Air",unknown,145000.0,2,1.0,False,17.142857142857142,hard,0,0,-2,-1503.0,equal,similar,hard_equal
11454188,11532062,15235,2020/11/1,193431.0909,21.36363636,"Single Family Residence, Residential",1960,3,3,0.28,Acres,"Forced Air, Natural Gas","Central Air, Electric",unknown,279900.0,15235,2020/11/1,183470.6,13.2,"Single Family Residence, Residential",1967,3,4,7405.0,sqft,"Forced Air, Natural Gas",Central Air,unknown,199000.0,2,1.0,False,28.90317970703823,medium,-1,0,-7,-7404.72,p2_more,similar,medium_p2_more
11533246,11568066,15235,2020/11/1,97180.8,38.0,"Single Family Residence, Residential",1970,1,3,7588.0,sqft,"Forced Air, Natural Gas","Central Air, Electric",unknown,150000.0,15235,2020/11/1,65258.46154,61.84615385,"Single Family Residence, Residential",1910,2,3,0.01,Acres,Oil,Central Air,unknown,119000.0,2,1.0,False,20.666666666666668,hard,0,-1,60,7587.99,equal,p1_much,hard_equal
11415849,11451901,15235,2020/12/1,113407.4286,43.14285714,"Single Family Residence, Residential",1940,3,3,7758.0,sqft,Natural Gas,Central Air,unknown,154900.0,15235,2020/12/1,127461.9231,11.53846154,"Single Family Residence, Residential",1950,2,3,6000.0,sqft,"Forced Air, Natural Gas",Central Air,unknown,116000.0,2,1.0,False,25.112976113621695,medium,0,1,-10,1758.0,equal,similar,medium_equal
11451605,11451901,15235,2020/12/1,131192.2857,25.57142857,"Single Family Residence, Residential",1930,2,3,0.29,Acres,Natural Gas,Window A/C,unknown,153000.0,15235,2020/12/1,127461.9231,11.53846154,"Single Family Residence, Residential",1950,2,3,6000.0,sqft,"Forced Air, Natural Gas",Central Air,unknown,116000.0,2,1.0,False,24.18300653594771,hard,0,0,-20,-5999.71,equal,p2_newer,hard_equal
11451605,11568237,15235,2020/12/1,131192.2857,25.57142857,"Single Family Residence, Residential",1930,2,3,0.29,Acres,Natural Gas,Window A/C,unknown,153000.0,15235,2020/12/1,122509.9091,13.63636364,"Single Family Residence, Residential",1972,2,3,8398.0,sqft,"Forced Air, Natural Gas","Attic Fan, Window A/C",unknown,115000.0,2,1.0,False,24.836601307189543,hard,0,0,-42,-8397.71,equal,p2_newer,hard_equal
11451848,11491744,15235,2020/2/1,120610.4286,20.04761905,SingleFamily,1950,2,3,7126.0,sqft,"Other, Forced air, Gas",Central,unknown,125000.0,15235,2020/2/1,109215.2929,22.72857143,SingleFamily,1920,2,3,10454.0,sqft,"Forced air, Gas","Other, Central",unknown,164000.0,1,2.0,False,23.78048780487805,hard,0,0,30,-3328.0,equal,p1_much,hard_equal
11416244,11417289,15235,2020/3/1,198113.0,21.33333333,SingleFamily,1930,2,3,0.37,Acres,Other,unknown,unknown,248000.0,15235,2020/3/1,229875.0,39.0,SingleFamily,1947,3,3,6310.0,sqft,"Gas, Forced air, Electric",unknown,unknown,196000.0,2,1.0,False,20.967741935483872,hard,0,-1,-17,-6309.63,equal,similar,hard_equal
11417666,11535141,15235,2020/4/1,129028.8,40.8,SingleFamily,1952,2,3,6560.0,sqft,Other,Central,unknown,157900.0,15235,2020/4/1,119753.8,11.8,SingleFamily,1956,2,3,8999.0,sqft,Other,Central,unknown,125000.0,2,1.0,False,20.83597213426219,hard,0,0,-4,-2439.0,equal,similar,hard_equal
11453940,11534533,15235,2020/4/1,195827.6408,16.76375405,SingleFamily,1959,3,3,10563.0,sqft,"Forced air, Gas",Central,unknown,215000.0,15235,2020/4/1,217021.5455,26.0,SingleFamily,1966,3,4,2.58,Acres,Other,Central,unknown,149500.0,2,1.0,False,30.465116279069765,medium,-1,0,-7,10560.42,p2_more,similar,medium_p2_more
11532315,11568478,15235,2020/4/1,138879.5455,25.27272727,SingleFamily,1962,3,3,9430.0,sqft,"Forced air, Gas",Central,unknown,167500.0,15235,2020/4/1,126441.9444,18.05555556,SingleFamily,1967,3,4,8398.0,sqft,Other,Central,unknown,120000.0,2,1.0,False,28.35820895522388,medium,-1,0,-5,1032.0,p2_more,similar,medium_p2_more
11416918,11454264,15235,2020/5/1,165871.1,32.7,SingleFamily,1957,3,4,7413.0,sqft,"Forced air, Gas",Central,unknown,170000.0,15235,2020/5/1,196104.2,28.4,SingleFamily,1950,3,4,0.26,Acres,Other,Central,unknown,235000.0,1,2.0,False,27.659574468085108,medium,0,0,7,7412.74,equal,p1_slight,medium_equal
11451941,11567850,15235,2020/5/1,127047.5143,14.35714286,SingleFamily,1956,2,4,0.36,Acres,"Other, Gas",Central,unknown,147000.0,15235,2020/5/1,141130.2857,21.57142857,SingleFamily,1963,3,3,10018.0,sqft,"Forced air, Gas",Central,unknown,118500.0,2,1.0,False,19.387755102040817,hard,1,-1,-7,-10017.64,p1_slight,similar,hard_p1_slight
11454166,11494590,15235,2020/5/1,243623.2,14.8,SingleFamily,1957,3,4,0.39,Acres,Other,Central,unknown,245000.0,15235,2020/5/1,275076.8,16.3,SingleFamily,1968,3,4,85.0,sqft,"Forced air, Gas",Central,unknown,310000.0,1,2.0,False,20.967741935483872,hard,0,0,-11,-84.61,equal,similar,hard_equal
11454246,11494590,15235,2020/5/1,245518.5,24.0,SingleFamily,1950,4,4,0.55,Acres,Other,Central,unknown,215000.0,15235,2020/5/1,275076.8,16.3,SingleFamily,1968,3,4,85.0,sqft,"Forced air, Gas",Central,unknown,310000.0,1,2.0,False,30.64516129032258,medium,0,1,-18,-84.45,equal,similar,medium_equal
11491940,11567485,15235,2020/6/1,102511.0,25.66666667,SingleFamily,1957,3,3,7501.0,sqft,"Other, Gas",Central,unknown,118000.0,15235,2020/6/1,100266.0,37.75,SingleFamily,1950,2,3,6098.0,sqft,Forced air,Central,unknown,143000.0,1,2.0,False,17.482517482517483,hard,0,1,7,1403.0,equal,p1_slight,hard_equal
11567668,11569017,15235,2020/6/1,104166.0,24.0,SingleFamily,1960,2,3,6507.0,sqft,Other,Central,unknown,155500.0,15235,2020/6/1,100769.6364,30.81818182,SingleFamily,1977,1,4,5100.0,sqft,Other,Central,unknown,125000.0,2,1.0,False,19.614147909967848,hard,-1,1,-17,1407.0,p2_more,similar,hard_p2_more
11416268,11493532,15235,2020/7/1,101540.4444,25.0,SingleFamily,1937,2,4,0.33,Acres,Other,Central,unknown,125000.0,15235,2020/7/1,98345.0,17.6,SingleFamily,1950,1,3,8086.0,sqft,Other,Central,unknown,103000.0,2,1.0,False,17.599999999999998,hard,1,1,-13,-8085.67,p1_slight,similar,hard_p1_slight
11418024,11492190,15235,2020/7/1,158663.6667,19.77777778,SingleFamily,1952,2,3,0.26,Acres,Other,Central,unknown,175000.0,15235,2020/7/1,130563.7273,23.81818182,SingleFamily,1959,3,3,5941.0,sqft,"Other, Forced air, Gas",Central,unknown,145000.0,2,1.0,False,17.142857142857142,hard,0,-1,-7,-5940.74,equal,similar,hard_equal
11418024,11494334,15235,2020/7/1,158663.6667,19.77777778,SingleFamily,1952,2,3,0.26,Acres,Other,Central,unknown,175000.0,15235,2020/7/1,149870.3333,26.0,SingleFamily,1963,2,3,7810.0,sqft,"Forced air, Gas",Central,unknown,144200.0,2,1.0,False,17.599999999999998,hard,0,0,-11,-7809.74,equal,similar,hard_equal
11418024,11568209,15235,2020/7/1,158663.6667,19.77777778,SingleFamily,1952,2,3,0.26,Acres,Other,Central,unknown,175000.0,15235,2020/7/1,135534.25,17.625,SingleFamily,1967,2,3,7832.0,sqft,Forced air,Central,unknown,140000.0,2,1.0,False,20.0,hard,0,0,-15,-7831.74,equal,similar,hard_equal
11453812,11535011,15235,2020/7/1,93610.55556,27.11111111,SingleFamily,1951,1,3,5998.0,sqft,Other,Central,unknown,110000.0,15235,2020/7/1,120197.4444,24.88888889,SingleFamily,1957,2,2,7501.0,sqft,Other,Central,unknown,136000.0,1,2.0,False,19.11764705882353,hard,1,-1,-6,-1503.0,p1_slight,similar,hard_p1_slight
11491404,11535011,15235,2020/7/1,110318.3333,46.0,SingleFamily,1951,1,3,0.26,Acres,Other,Central,unknown,104000.0,15235,2020/7/1,120197.4444,24.88888889,SingleFamily,1957,2,2,7501.0,sqft,Other,Central,unknown,136000.0,1,2.0,False,23.52941176470588,hard,1,-1,-6,-7500.74,p1_slight,similar,hard_p1_slight
11491642,11494175,15235,2020/7/1,172940.0909,17.0,SingleFamily,1940,3,4,0.39,Acres,"Other, Forced air, Gas",Central,unknown,152500.0,15235,2020/7/1,162553.1667,22.83333333,SingleFamily,1971,2,3,0.39,Acres,Other,Central,unknown,184900.0,1,2.0,False,17.52298539751217,hard,1,1,-31,0.0,p1_slight,p2_newer,hard_p1_slight
11491861,11533717,15235,2020/7/1,125299.5241,20.96463023,SingleFamily,1955,2,3,10188.0,sqft,"Forced air, Gas",Central,unknown,157000.0,15235,2020/7/1,111976.6667,24.88888889,SingleFamily,1960,3,3,10018.0,sqft,Other,Central,unknown,107000.0,2,1.0,False,31.84713375796178,medium,0,-1,-5,170.0,equal,similar,medium_equal
11492190,11494175,15235,2020/7/1,130563.7273,23.81818182,SingleFamily,1959,3,3,5941.0,sqft,"Other, Forced air, Gas",Central,unknown,145000.0,15235,2020/7/1,162553.1667,22.83333333,SingleFamily,1971,2,3,0.39,Acres,Other,Central,unknown,184900.0,1,2.0,False,21.57923201730665,hard,0,1,-12,5940.61,equal,similar,hard_equal
11492519,11533717,15235,2020/7/1,121319.9,19.8,SingleFamily,1937,2,4,7405.0,sqft,Other,Central,unknown,135000.0,15235,2020/7/1,111976.6667,24.88888889,SingleFamily,1960,3,3,10018.0,sqft,Other,Central,unknown,107000.0,2,1.0,False,20.74074074074074,hard,1,-1,-23,-2613.0,p1_slight,p2_newer,hard_p1_slight
11493532,11535011,15235,2020/7/1,98345.0,17.6,SingleFamily,1950,1,3,8086.0,sqft,Other,Central,unknown,103000.0,15235,2020/7/1,120197.4444,24.88888889,SingleFamily,1957,2,2,7501.0,sqft,Other,Central,unknown,136000.0,1,2.0,False,24.264705882352942,hard,1,-1,-7,585.0,p1_slight,similar,hard_p1_slight
11494175,11494334,15235,2020/7/1,162553.1667,22.83333333,SingleFamily,1971,2,3,0.39,Acres,Other,Central,unknown,184900.0,15235,2020/7/1,149870.3333,26.0,SingleFamily,1963,2,3,7810.0,sqft,"Forced air, Gas",Central,unknown,144200.0,2,1.0,False,22.011898323418063,hard,0,0,8,-7809.61,equal,p1_slight,hard_equal
11533433,11568209,15235,2020/7/1,153994.2727,22.72727273,SingleFamily,1963,3,4,7643.0,sqft,Other,Central,unknown,195000.0,15235,2020/7/1,135534.25,17.625,SingleFamily,1967,2,3,7832.0,sqft,Forced air,Central,unknown,140000.0,2,1.0,False,28.205128205128204,medium,1,1,-4,-189.0,p1_slight,similar,medium_p1_slight
11533625,11533717,15235,2020/7/1,112827.0,25.25,SingleFamily,1965,2,3,0.26,Acres,"Forced air, Gas",Central,unknown,150000.0,15235,2020/7/1,111976.6667,24.88888889,SingleFamily,1960,3,3,10018.0,sqft,Other,Central,unknown,107000.0,2,1.0,False,28.666666666666668,medium,0,-1,5,-10017.74,equal,p1_slight,medium_equal
11533717,11535206,15235,2020/7/1,111976.6667,24.88888889,SingleFamily,1960,3,3,10018.0,sqft,Other,Central,unknown,107000.0,15235,2020/7/1,135144.0,25.11111111,SingleFamily,1957,2,3,7501.0,sqft,"Forced air, Gas",Central,unknown,165000.0,1,2.0,False,35.15151515151515,medium,0,1,3,2517.0,equal,p1_slight,medium_equal
11533717,11568209,15235,2020/7/1,111976.6667,24.88888889,SingleFamily,1960,3,3,10018.0,sqft,Other,Central,unknown,107000.0,15235,2020/7/1,135534.25,17.625,SingleFamily,1967,2,3,7832.0,sqft,Forced air,Central,unknown,140000.0,1,2.0,False,23.57142857142857,hard,0,1,-7,2186.0,equal,similar,hard_equal
11416473,11492418,15235,2020/8/1,104427.2,24.0,"Single Family Residence, Residential",1953,2,3,5998.0,sqft,"Forced Air, Natural Gas",Central Air,unknown,110000.0,15235,2020/8/1,118882.3333,28.0,SingleFamily,1958,2,2,10876.0,sqft,Other,Central,unknown,134000.0,1,2.0,False,17.91044776119403,hard,1,0,-5,-4878.0,p1_slight,similar,hard_p1_slight
11416946,11417763,15235,2020/8/1,162909.25,13.375,SingleFamily,1962,3,5,4512.0,sqft,"Forced air, Gas",Central,unknown,170000.0,15235,2020/8/1,191659.9091,24.63636364,"Single Family Residence, Residential",1948,2,4,0.31,Acres,"Forced Air, Natural Gas",Electric,unknown,209900.0,1,2.0,False,19.009051929490234,hard,1,1,14,4511.69,p1_slight,p1_slight,hard_p1_slight
11454394,11454584,15235,2020/8/1,240981.7368,15.47368421,"Single Family Residence, Residential",1963,3,4,10000.0,sqft,Natural Gas,Central Air,unknown,232000.0,15235,2020/8/1,278031.0,16.33333333,SingleFamily,1963,4,4,0.27,Acres,Other,Central,unknown,299000.0,1,2.0,False,22.40802675585284,hard,0,-1,0,9999.73,equal,similar,hard_equal
11567467,11597589,15235,2020/8/1,131825.7273,24.18181818,"Single Family Residence, Residential",1951,2,4,10800.0,sqft,"Forced Air, Natural Gas","Central Air, Electric",unknown,154900.0,15235,2020/8/1,96831.0,41.2,"Single Family Residence, Residential",1959,2,3,7196.0,sqft,"Forced Air, Natural Gas",Central Air,unknown,120000.0,2,1.0,False,22.53066494512589,hard,1,0,-8,3604.0,p1_slight,similar,hard_p1_slight
11568018,11597589,15235,2020/8/1,123814.8182,22.36363636,SingleFamily,1970,2,3,8820.0,sqft,Other,Central,unknown,152000.0,15235,2020/8/1,96831.0,41.2,"Single Family Residence, Residential",1959,2,3,7196.0,sqft,"Forced Air, Natural Gas",Central Air,unknown,120000.0,2,1.0,False,21.052631578947366,hard,0,0,11,1624.0,equal,p1_slight,hard_equal
11451405,11491975,15235,2020/9/1,104862.2222,30.55555556,"Single Family Residence, Residential",1951,2,3,6250.0,sqft,Natural Gas,Central Air,unknown,110700.0,15235,2020/9/1,131008.3636,20.27272727,"Single Family Residence, Residential",1950,1,3,9072.0,sqft,"Forced Air, Natural Gas",Central Air,unknown,135500.0,1,2.0,False,18.30258302583026,hard,0,1,1,-2822.0,equal,p1_slight,hard_equal
11454216,11494147,15235,2020/9/1,203659.8462,29.53846154,"Single Family Residence, Residential",1957,3,3,0.66,Acres,"Forced Air, Natural Gas",Central Air,unknown,290000.0,15235,2020/9/1,178354.1818,13.72727273,"Single Family Residence, Residential",1969,3,4,10240.0,sqft,"Forced Air, Natural Gas",Central Air,unknown,175000.0,2,1.0,False,39.6551724137931,medium,-1,0,-12,-10239.34,p2_more,similar,medium_p2_more
11491597,11533848,15235,2021/1/1,133016.0,21.0,"Single Family Residence, Residential",1947,2,3,0.39,Acres,"Forced Air, Natural Gas",Central Air,unknown,192000.0,15235,2021/1/1,126327.5,17.66666667,"Single Family Residence, Residential",1964,3,3,0.26,Acres,"Forced Air, Natural Gas",Central Air,unknown,134900.0,2,1.0,False,29.739583333333336,medium,0,-1,-17,0.13,equal,similar,medium_equal
11417380,11451953,15235,2021/10/1,217550.8475,19.83050847,"Single Family Residence, Residential",1945,2,3,6263.0,sqft,"Forced Air, Natural Gas",Central Air,unknown,207000.0,15235,2021/10/1,193996.5517,27.24137931,"Single Family Residence, Residential",1940,2,3,0.5,Acres,Natural Gas,"Central Air, Electric",unknown,251000.0,1,2.0,False,17.52988047808765,hard,0,0,5,6262.5,equal,p1_slight,hard_equal
11450560,11451953,15235,2021/10/1,174567.2414,10.51724138,"Single Family Residence, Residential",1955,2,3,7501.0,sqft,"Forced Air, Natural Gas",Central Air,unknown,175000.0,15235,2021/10/1,193996.5517,27.24137931,"Single Family Residence, Residential",1940,2,3,0.5,Acres,Natural Gas,"Central Air, Electric",unknown,251000.0,1,2.0,False,30.278884462151396,medium,0,0,15,7500.5,equal,p1_slight,medium_equal
11451953,11492334,15235,2021/10/1,193996.5517,27.24137931,"Single Family Residence, Residential",1940,2,3,0.5,Acres,Natural Gas,"Central Air, Electric",unknown,251000.0,15235,2021/10/1,172383.0508,18.6779661,"Single Family Residence, Residential",1950,3,4,8311.0,sqft,"Forced Air, Natural Gas",Central Air,unknown,165000.0,2,1.0,False,34.26294820717131,medium,-1,-1,-10,-8310.5,p2_more,similar,medium_p2_more
11416970,11531639,15235,2021/11/1,150183.4483,42.66206897,"Single Family Residence, Residential",1945,3,4,0.28,Acres,Natural Gas,Central Air,unknown,229000.0,15235,2021/11/1,165066.1017,32.61016949,"Single Family Residence, Residential",1957,2,3,0.59,Acres,"Forced Air, Natural Gas","Central Air, Electric",unknown,140000.0,2,1.0,False,38.864628820960704,medium,1,1,-12,-0.30999999999999994,p1_slight,similar,medium_p1_slight
11416970,11533554,15235,2021/11/1,150183.4483,42.66206897,"Single Family Residence, Residential",1945,3,4,0.28,Acres,Natural Gas,Central Air,unknown,229000.0,15235,2021/11/1,178072.8814,11.22033898,"Single Family Residence, Residential",1961,2,3,0.29,Acres,"Forced Air, Natural Gas","Central Air, Electric",unknown,170000.0,2,1.0,False,25.76419213973799,medium,1,1,-16,-0.009999999999999953,p1_slight,similar,medium_p1_slight
11416970,11534569,15235,2021/11/1,150183.4483,42.66206897,"Single Family Residence, Residential",1945,3,4,0.28,Acres,Natural Gas,Central Air,unknown,229000.0,15235,2021/11/1,170072.7273,22.72727273,"Single Family Residence, Residential",1958,2,3,5000.0,sqft,Natural Gas,Central Air,unknown,163000.0,2,1.0,False,28.82096069868996,medium,1,1,-13,-4999.72,p1_slight,similar,medium_p1_slight
11451104,11568310,15235,2021/11/1,148951.7007,25.26530612,"Single Family Residence, Residential",1956,2,3,8720.0,sqft,"Forced Air, Natural Gas",Central Air,unknown,128000.0,15235,2021/11/1,142087.9699,28.14285714,"Single Family Residence, Residential",1956,2,3,6525.0,sqft,"Forced Air, Natural Gas","Central Air, Electric",unknown,172500.0,1,2.0,False,25.79710144927536,medium,0,0,0,2195.0,equal,similar,medium_equal
11492955,11568919,15235,2021/11/1,171557.6271,19.08474576,SingleFamily,1936,1,3,0.26,Acres,"Other, Gas",Central,Garage - Attached,190000.0,15235,2021/11/1,146543.75,19.28125,"Single Family Residence, Residential",1954,2,3,5227.0,sqft,"Forced Air, Natural Gas",Central Air,Attached Garage,135000.0,2,1.0,False,28.947368421052634,medium,0,-1,-18,-5226.74,equal,similar,medium_equal
11531639,11568627,15235,2021/11/1,165066.1017,32.61016949,"Single Family Residence, Residential",1957,2,3,0.59,Acres,"Forced Air, Natural Gas","Central Air, Electric",unknown,140000.0,15235,2021/11/1,182414.7826,12.17391304,"Single Family Residence, Residential",1969,2,3,0.27,Acres,"Forced Air, Natural Gas",Central Air,unknown,194900.0,1,2.0,False,28.168291431503334,medium,0,0,-12,0.31999999999999995,equal,similar,medium_equal
11534569,11535078,15235,2021/11/1,170072.7273,22.72727273,"Single Family Residence, Residential",1958,2,3,5000.0,sqft,Natural Gas,Central Air,unknown,163000.0,15235,2021/11/1,181138.9831,22.6440678,"Single Family Residence, Residential",1954,2,3,7881.0,sqft,Natural Gas,"Attic Fan, Central Air",unknown,199900.0,1,2.0,False,18.459229614807406,hard,0,0,4,-2881.0,equal,p1_slight,hard_equal
11568627,11569138,15235,2021/11/1,182414.7826,12.17391304,"Single Family Residence, Residential",1969,2,3,0.27,Acres,"Forced Air, Natural Gas",Central Air,unknown,194900.0,15235,2021/11/1,187050.0,12.5,"Single Family Residence, Residential",1967,3,4,8398.0,sqft,"Forced Air, Natural Gas","Central Air, Electric",unknown,159900.0,2,1.0,False,17.957927142124166,hard,-1,-1,2,-8397.73,p2_more,p1_slight,hard_p2_more
11416237,11451689,15235,2021/12/1,158392.4138,20.65517241,"Single Family Residence, Residential",1950,2,3,5850.0,sqft,Electric,Central Air,unknown,196900.0,15235,2021/12/1,130482.3129,22.6122449,"Single Family Residence, Residential",1910,2,3,5998.0,sqft,"Radiant, Natural Gas",Window A/C,unknown,125000.0,2,1.0,False,36.51599796851194,medium,0,0,40,-148.0,equal,p1_much,medium_equal
11416237,11453584,15235,2021/12/1,158392.4138,20.65517241,"Single Family Residence, Residential",1950,2,3,5850.0,sqft,Electric,Central Air,unknown,196900.0,15235,2021/12/1,160910.2041,30.80272109,"Single Family Residence, Residential",1952,2,2,6246.0,sqft,"Forced Air, Natural Gas",Central Air,unknown,163000.0,2,1.0,False,17.216861350939563,hard,1,0,-2,-396.0,p1_slight,similar,hard_p1_slight
11416237,11567502,15235,2021/12/1,158392.4138,20.65517241,"Single Family Residence, Residential",1950,2,3,5850.0,sqft,Electric,Central Air,unknown,196900.0,15235,2021/12/1,169530.0,10.65,"Single Family Residence, Residential",1953,3,3,10601.0,sqft,"Forced Air, Natural Gas",Window A/C,unknown,145000.0,2,1.0,False,26.358557643473844,medium,0,-1,-3,-4751.0,equal,similar,medium_equal
11416237,11597582,15235,2021/12/1,158392.4138,20.65517241,"Single Family Residence, Residential",1950,2,3,5850.0,sqft,Electric,Central Air,unknown,196900.0,15235,2021/12/1,153518.6567,14.1641791,"Single Family Residence, Residential",1972,1,3,6481.0,sqft,"Forced Air, Natural Gas","Central Air, Electric",unknown,160000.0,2,1.0,False,18.740477399695276,hard,0,1,-22,-631.0,equal,p2_newer,hard_equal
11417583,11451689,15235,2021/12/1,102741.3793,34.20689655,"Single Family Residence, Residential",1950,2,3,4443.0,sqft,Natural Gas,Central Air,unknown,181000.0,15235,2021/12/1,130482.3129,22.6122449,"Single Family Residence, Residential",1910,2,3,5998.0,sqft,"Radiant, Natural Gas",Window A/C,unknown,125000.0,2,1.0,False,30.939226519337016,medium,0,0,40,-1555.0,equal,p1_much,medium_equal
11417583,11493809,15235,2021/12/1,102741.3793,34.20689655,"Single Family Residence, Residential",1950,2,3,4443.0,sqft,Natural Gas,Central Air,unknown,181000.0,15235,2021/12/1,111947.973,35.12162162,"Single Family Residence, Residential",1965,1,3,7169.0,sqft,"Forced Air, Natural Gas",Central Air,unknown,140000.0,2,1.0,False,22.65193370165746,hard,0,1,-15,-2726.0,equal,similar,hard_equal
11417585,11450975,15235,2021/12/1,127698.3051,32.03389831,"Single Family Residence, Residential",1950,2,3,5523.0,sqft,"Forced Air, Natural Gas",Central Air,unknown,190000.0,15235,2021/12/1,120393.8776,37.21088435,"Single Family Residence, Residential",1958,2,3,0.28,Acres,Natural Gas,"Central Air, Electric",unknown,132500.0,2,1.0,False,30.263157894736842,medium,0,0,-8,5522.72,equal,similar,medium_equal
11417585,11451173,15235,2021/12/1,127698.3051,32.03389831,"Single Family Residence, Residential",1950,2,3,5523.0,sqft,"Forced Air, Natural Gas",Central Air,unknown,190000.0,15235,2021/12/1,125596.5986,33.79591837,"Single Family Residence, Residential",1955,2,3,8820.0,sqft,"Forced Air, Natural Gas","Central Air, Electric",unknown,128000.0,2,1.0,False,32.631578947368425,medium,0,0,-5,-3297.0,equal,similar,medium_equal
11417585,11451689,15235,2021/12/1,127698.3051,32.03389831,"Single Family Residence, Residential",1950,2,3,5523.0,sqft,"Forced Air, Natural Gas",Central Air,unknown,190000.0,15235,2021/12/1,130482.3129,22.6122449,"Single Family Residence, Residential",1910,2,3,5998.0,sqft,"Radiant, Natural Gas",Window A/C,unknown,125000.0,2,1.0,False,34.21052631578947,medium,0,0,40,-475.0,equal,p1_much,medium_equal
11417585,11493809,15235,2021/12/1,127698.3051,32.03389831,"Single Family Residence, Residential",1950,2,3,5523.0,sqft,"Forced Air, Natural Gas",Central Air,unknown,190000.0,15235,2021/12/1,111947.973,35.12162162,"Single Family Residence, Residential",1965,1,3,7169.0,sqft,"Forced Air, Natural Gas",Central Air,unknown,140000.0,2,1.0,False,26.31578947368421,medium,0,1,-15,-1646.0,equal,similar,medium_equal
11450975,11453584,15235,2021/12/1,120393.8776,37.21088435,"Single Family Residence, Residential",1958,2,3,0.28,Acres,Natural Gas,"Central Air, Electric",unknown,132500.0,15235,2021/12/1,160910.2041,30.80272109,"Single Family Residence, Residential",1952,2,2,6246.0,sqft,"Forced Air, Natural Gas",Central Air,unknown,163000.0,1,2.0,False,18.711656441717793,hard,1,0,6,-6245.72,p1_slight,p1_slight,hard_p1_slight
11450975,11533224,15235,2021/12/1,120393.8776,37.21088435,"Single Family Residence, Residential",1958,2,3,0.28,Acres,Natural Gas,"Central Air, Electric",unknown,132500.0,15235,2021/12/1,155006.4935,16.23376623,"Single Family Residence, Residential",1955,2,3,6067.0,sqft,"Forced Air, Natural Gas",Central Air,unknown,175000.0,1,2.0,False,24.285714285714285,hard,0,0,3,-6066.72,equal,p1_slight,hard_equal
11451173,11493629,15235,2021/12/1,125596.5986,33.79591837,"Single Family Residence, Residential",1955,2,3,8820.0,sqft,"Forced Air, Natural Gas","Central Air, Electric",unknown,128000.0,15235,2021/12/1,158659.4595,18.08108108,"Townhouse, Residential",1988,3,2,884.27,sqft,"Forced Air, Natural Gas",Central Air,unknown,154397.0,1,2.0,False,17.096834783059258,hard,1,-1,-33,7935.73,p1_slight,p2_newer,hard_p1_slight
11451173,11533224,15235,2021/12/1,125596.5986,33.79591837,"Single Family Residence, Residential",1955,2,3,8820.0,sqft,"Forced Air, Natural Gas","Central Air, Electric",unknown,128000.0,15235,2021/12/1,155006.4935,16.23376623,"Single Family Residence, Residential",1955,2,3,6067.0,sqft,"Forced Air, Natural Gas",Central Air,unknown,175000.0,1,2.0,False,26.857142857142858,medium,0,0,0,2753.0,equal,similar,medium_equal
11451173,11597582,15235,2021/12/1,125596.5986,33.79591837,"Single Family Residence, Residential",1955,2,3,8820.0,sqft,"Forced Air, Natural Gas","Central Air, Electric",unknown,128000.0,15235,2021/12/1,153518.6567,14.1641791,"Single Family Residence, Residential",1972,1,3,6481.0,sqft,"Forced Air, Natural Gas","Central Air, Electric",unknown,160000.0,1,2.0,False,20.0,hard,0,1,-17,2339.0,equal,similar,hard_equal
11451351,11451689,15235,2021/12/1,152679.3103,15.89655172,"Single Family Residence, Residential",1959,2,3,5445.0,sqft,"Forced Air, Natural Gas","Central Air, Electric",unknown,162519.0,15235,2021/12/1,130482.3129,22.6122449,"Single Family Residence, Residential",1910,2,3,5998.0,sqft,"Radiant, Natural Gas",Window A/C,unknown,125000.0,2,1.0,False,23.085916108270418,hard,0,0,49,-553.0,equal,p1_much,hard_equal
11451689,11493629,15235,2021/12/1,130482.3129,22.6122449,"Single Family Residence, Residential",1910,2,3,5998.0,sqft,"Radiant, Natural Gas",Window A/C,unknown,125000.0,15235,2021/12/1,158659.4595,18.08108108,"Townhouse, Residential",1988,3,2,884.27,sqft,"Forced Air, Natural Gas",Central Air,unknown,154397.0,1,2.0,False,19.039877717831306,hard,1,-1,-78,5113.73,p1_slight,p2_newer,hard_p1_slight
11494140,11597230,15235,2021/12/1,146410.9489,22.49635036,"Single Family Residence, Residential",1954,2,3,0.27,Acres,"Forced Air, Natural Gas",Central Air,unknown,150000.0,15235,2021/12/1,176660.1399,25.1048951,"Single Family Residence, Residential",1958,2,3,0.27,Acres,"Forced Air, Natural Gas",Central Air,unknown,200000.0,1,2.0,False,25.0,hard,0,0,-4,0.0,equal,similar,hard_equal
11416689,11451647,15235,2021/2/1,138641.0,31.0,"Single Family Residence, Residential",1954,2,2,0.26,Acres,"Forced Air, Natural Gas",Central Air,unknown,192000.0,15235,2021/2/1,120010.0,30.625,"Single Family Residence, Residential",1941,2,3,6995.0,sqft,"Forced Air, Natural Gas",Central Air,unknown,112000.0,2,1.0,False,41.66666666666667,easy,-1,0,13,-6994.74,p2_more,p1_slight,easy_p2_more
11451283,11533463,15235,2021/2/1,144158.2857,21.85714286,"Single Family Residence, Residential",1940,3,4,8598.0,sqft,"Forced Air, Natural Gas",Central Air,unknown,225000.0,15235,2021/2/1,131543.3846,27.76923077,"Single Family Residence, Residential",1961,3,3,0.26,Acres,"Forced Air, Natural Gas","Central Air, Electric",unknown,186500.0,2,1.0,False,17.11111111111111,hard,1,0,-21,8597.74,p1_slight,p2_newer,hard_p1_slight
11531966,11534945,15235,2021/3/1,134998.8333,23.33333333,"Single Family Residence, Residential",1960,2,3,8407.0,sqft,Natural Gas,Electric,unknown,166001.0,15235,2021/3/1,117915.3077,28.76923077,"Single Family Residence, Residential",1953,2,2,7500.0,sqft,"Forced Air, Natural Gas",Central Air,unknown,133000.0,2,1.0,False,19.88000072288721,hard,1,0,7,907.0,p1_slight,p1_slight,hard_p1_slight
11450758,11492110,15235,2021/5/1,104105.0,30.8,"Single Family Residence, Residential",1958,2,3,7226.0,sqft,Natural Gas,Central Air,unknown,110000.0,15235,2021/5/1,110915.8182,20.36363636,"Single Family Residence, Residential",1955,1,3,8851.0,sqft,"Forced Air, Natural Gas",Central Air,unknown,147500.0,1,2.0,False,25.423728813559322,medium,0,1,3,-1625.0,equal,p1_slight,medium_equal
11450758,11492982,15235,2021/5/1,104105.0,30.8,"Single Family Residence, Residential",1958,2,3,7226.0,sqft,Natural Gas,Central Air,unknown,110000.0,15235,2021/5/1,107838.0,31.25,"Single Family Residence, Residential",1950,1,3,7501.0,sqft,"Forced Air, Natural Gas",Central Air,unknown,147000.0,1,2.0,False,25.170068027210885,medium,0,1,8,-275.0,equal,p1_slight,medium_equal
11450758,11493112,15235,2021/5/1,104105.0,30.8,"Single Family Residence, Residential",1958,2,3,7226.0,sqft,Natural Gas,Central Air,unknown,110000.0,15235,2021/5/1,131804.9091,17.72727273,"Single Family Residence, Residential",1947,2,3,8973.0,sqft,"Forced Air, Natural Gas",Central Air,unknown,172000.0,1,2.0,False,36.04651162790697,medium,0,0,11,-1747.0,equal,p1_slight,medium_equal
11491366,11534996,15235,2021/5/1,138260.0909,15.72727273,"Single Family Residence, Residential",1950,1,3,7710.0,sqft,"Forced Air, Natural Gas",Central Air,Attached Garage,165000.0,15235,2021/5/1,134963.0,21.0,"Single Family Residence, Residential",1953,2,3,7501.0,sqft,Natural Gas,Central Air,Attached Garage,132500.0,2,1.0,False,19.696969696969695,hard,0,-1,-3,209.0,equal,similar,hard_equal
11492110,11532685,15235,2021/5/1,110915.8182,20.36363636,"Single Family Residence, Residential",1955,1,3,8851.0,sqft,"Forced Air, Natural Gas",Central Air,unknown,147500.0,15235,2021/5/1,129246.0,14.18181818,"Single Family Residence, Residential",1955,2,4,5183.0,sqft,"Forced Air, Natural Gas","Central Air, Electric",unknown,120000.0,2,1.0,False,18.64406779661017,hard,-1,-1,0,3668.0,p2_more,similar,hard_p2_more
11493112,11532685,15235,2021/5/1,131804.9091,17.72727273,"Single Family Residence, Residential",1947,2,3,8973.0,sqft,"Forced Air, Natural Gas",Central Air,unknown,172000.0,15235,2021/5/1,129246.0,14.18181818,"Single Family Residence, Residential",1955,2,4,5183.0,sqft,"Forced Air, Natural Gas","Central Air, Electric",unknown,120000.0,2,1.0,False,30.23255813953488,medium,-1,0,-8,3790.0,p2_more,similar,medium_p2_more
11531972,11568078,15235,2021/5/1,186762.0,15.0,"Single Family Residence, Residential",1965,3,4,0.33,Acres,"Forced Air, Natural Gas",Central Air,unknown,225000.0,15235,2021/5/1,158808.25,23.58333333,"Single Family Residence, Residential",1975,2,3,7679.0,sqft,Natural Gas,Central Air,unknown,160500.0,2,1.0,False,28.666666666666668,medium,1,1,-10,-7678.67,p1_slight,similar,medium_p1_slight
11532823,11532841,15235,2021/5/1,95984.53846,44.69230769,"Single Family Residence, Residential",1948,3,4,7679.0,sqft,Natural Gas,Electric,unknown,165000.0,15235,2021/5/1,115256.125,29.25,"Single Family Residence, Residential",1960,1,3,8250.0,sqft,"Forced Air, Natural Gas",Central Air,unknown,128750.0,2,1.0,False,21.96969696969697,hard,1,2,-12,-571.0,p1_slight,similar,hard_p1_slight
11417333,11453638,15235,2021/6/1,228348.3636,27.45454545,"Single Family Residence, Residential",1948,2,5,9748.0,sqft,"Forced Air, Natural Gas",Central Air,unknown,300000.0,15235,2021/6/1,185371.5714,21.28571429,"Single Family Residence, Residential",1960,2,3,0.29,Acres,Natural Gas,Central Air,unknown,204000.0,2,1.0,False,32.0,medium,2,0,-12,9747.71,p1_much,similar,medium_p1_much
11417333,11534526,15235,2021/6/1,228348.3636,27.45454545,"Single Family Residence, Residential",1948,2,5,9748.0,sqft,"Forced Air, Natural Gas",Central Air,unknown,300000.0,15235,2021/6/1,199210.7143,12.0,"Single Family Residence, Residential",1966,3,3,9844.0,sqft,"Forced Air, Natural Gas",Central Air,unknown,235119.0,2,1.0,False,21.627,hard,2,-1,-18,-96.0,p1_much,similar,hard_p1_much
11417333,11568851,15235,2021/6/1,228348.3636,27.45454545,"Single Family Residence, Residential",1948,2,5,9748.0,sqft,"Forced Air, Natural Gas",Central Air,unknown,300000.0,15235,2021/6/1,179017.0,24.8,"Single Family Residence, Residential",1964,3,4,9321.0,sqft,"Forced Air, Natural Gas",Central Air,unknown,215000.0,2,1.0,False,28.333333333333332,medium,1,-1,-16,427.0,p1_slight,similar,medium_p1_slight
11417644,11453794,15235,2021/6/1,197721.2727,24.54545455,"Single Family Residence, Residential",1938,3,3,5980.0,sqft,"Hot Water, Natural Gas",Window A/C,unknown,216000.0,15235,2021/6/1,172661.7333,19.8,"Single Family Residence, Residential",1950,2,3,9430.0,sqft,Natural Gas,Central Air,unknown,160000.0,2,1.0,False,25.925925925925924,medium,0,1,-12,-3450.0,equal,similar,medium_equal
11417644,11568382,15235,2021/6/1,197721.2727,24.54545455,"Single Family Residence, Residential",1938,3,3,5980.0,sqft,"Hot Water, Natural Gas",Window A/C,unknown,216000.0,15235,2021/6/1,165104.2,17.9,"Single Family Residence, Residential",1972,2,3,9178.0,sqft,"Forced Air, Natural Gas",Central Air,unknown,172000.0,2,1.0,False,20.37037037037037,hard,0,1,-34,-3198.0,equal,p2_newer,hard_equal
11417692,11534668,15235,2021/6/1,130107.3636,20.27272727,"Single Family Residence, Residential",1950,2,3,2456.0,sqft,Natural Gas,Central Air,Attached Garage,170400.0,15235,2021/6/1,119640.4286,17.85714286,"Single Family Residence, Residential",1955,2,2,7000.0,sqft,"Forced Air, Natural Gas",Central Air,Off Street,130000.0,2,1.0,False,23.708920187793428,hard,1,0,-5,-4544.0,p1_slight,similar,hard_p1_slight
11451991,11533085,15235,2021/6/1,123186.3333,18.33333333,"Single Family Residence, Residential",1948,1,3,0.27,Acres,"Forced Air, Natural Gas",Central Air,unknown,150000.0,15235,2021/6/1,119779.75,22.0,"Single Family Residence, Residential",1945,2,3,7583.0,sqft,"Forced Air, Natural Gas",Central Air,unknown,115000.0,2,1.0,False,23.333333333333332,hard,0,-1,3,-7582.73,equal,p1_slight,hard_equal
11452439,11453638,15235,2021/6/1,132422.1905,50.33333333,"Single Family Residence, Residential",1950,2,3,5998.0,sqft,"Forced Air, Natural Gas",Central Air,unknown,145000.0,15235,2021/6/1,185371.5714,21.28571429,"Single Family Residence, Residential",1960,2,3,0.29,Acres,Natural Gas,Central Air,unknown,204000.0,1,2.0,False,28.921568627450984,medium,0,0,-10,5997.71,equal,similar,medium_equal
11452439,11491500,15235,2021/6/1,132422.1905,50.33333333,"Single Family Residence, Residential",1950,2,3,5998.0,sqft,"Forced Air, Natural Gas",Central Air,unknown,145000.0,15235,2021/6/1,171677.4545,15.90909091,"Single Family Residence, Residential",1950,1,3,0.43,Acres,"Forced Air, Natural Gas","Central Air, Electric",unknown,182000.0,1,2.0,False,20.32967032967033,hard,0,1,0,5997.57,equal,similar,hard_equal
11452439,11533085,15235,2021/6/1,132422.1905,50.33333333,"Single Family Residence, Residential",1950,2,3,5998.0,sqft,"Forced Air, Natural Gas",Central Air,unknown,145000.0,15235,2021/6/1,119779.75,22.0,"Single Family Residence, Residential",1945,2,3,7583.0,sqft,"Forced Air, Natural Gas",Central Air,unknown,115000.0,2,1.0,False,20.689655172413794,hard,0,0,5,-1585.0,equal,p1_slight,hard_equal
11453638,11453790,15235,2021/6/1,185371.5714,21.28571429,"Single Family Residence, Residential",1960,2,3,0.29,Acres,Natural Gas,Central Air,unknown,204000.0,15235,2021/6/1,205094.5455,19.54545455,"Single Family Residence, Residential",1950,3,3,10598.0,sqft,"Forced Air, Natural Gas",Central Air,unknown,256000.0,1,2.0,False,20.3125,hard,0,-1,10,-10597.71,equal,p1_slight,hard_equal
11453638,11454330,15235,2021/6/1,185371.5714,21.28571429,"Single Family Residence, Residential",1960,2,3,0.29,Acres,Natural Gas,Central Air,unknown,204000.0,15235,2021/6/1,217906.0,23.0,"Single Family Residence, Residential",1959,2,3,10162.0,sqft,Natural Gas,Central Air,unknown,265000.0,1,2.0,False,23.0188679245283,hard,0,0,1,-10161.71,equal,p1_slight,hard_equal
11491500,11567572,15235,2021/6/1,171677.4545,15.90909091,"Single Family Residence, Residential",1950,1,3,0.43,Acres,"Forced Air, Natural Gas","Central Air, Electric",unknown,182000.0,15235,2021/6/1,150811.3913,17.69565217,"Single Family Residence, Residential",1965,1,2,6050.0,sqft,"Forced Air, Natural Gas",Central Air,unknown,143000.0,2,1.0,False,21.428571428571427,hard,1,0,-15,-6049.57,p1_slight,similar,hard_p1_slight
11533085,11568168,15235,2021/6/1,119779.75,22.0,"Single Family Residence, Residential",1945,2,3,7583.0,sqft,"Forced Air, Natural Gas",Central Air,unknown,115000.0,15235,2021/6/1,133587.3333,17.33333333,"Single Family Residence, Residential",1975,1,3,0.33,Acres,"Forced Air, Natural Gas",Central Air,unknown,150000.0,1,2.0,False,23.333333333333332,hard,0,1,-30,7582.67,equal,p2_newer,hard_equal
11568354,11568382,15235,2021/6/1,142097.3,44.6,"Single Family Residence, Residential",1900,3,4,0.02,Acres,"Forced Air, Natural Gas","Central Air, Electric",unknown,423000.0,15235,2021/6/1,165104.2,17.9,"Single Family Residence, Residential",1972,2,3,9178.0,sqft,"Forced Air, Natural Gas",Central Air,unknown,172000.0,2,1.0,False,59.33806146572104,easy,1,1,-72,-9177.98,p1_slight,p2_newer,easy_p1_slight
11568354,11569076,15235,2021/6/1,142097.3,44.6,"Single Family Residence, Residential",1900,3,4,0.02,Acres,"Forced Air, Natural Gas","Central Air, Electric",unknown,423000.0,15235,2021/6/1,137423.6957,23.7826087,"Single Family Residence, Residential",1956,1,4,7239.0,sqft,"Forced Air, Natural Gas","Central Air, Electric",unknown,151500.0,2,1.0,False,64.18439716312056,easy,0,2,-56,-7238.98,equal,p2_newer,easy_equal
11377253,11451313,15235,2021/7/1,125377.2308,38.61538462,"Single Family Residence, Residential",1922,2,3,10800.0,sqft,Natural Gas,Central Air,unknown,105000.0,15235,2021/7/1,144520.8667,24.46666667,"Single Family Residence, Residential",1957,1,3,10798.0,sqft,Natural Gas,Central Air,unknown,145000.0,1,2.0,False,27.586206896551722,medium,0,1,-35,2.0,equal,p2_newer,medium_equal
11377253,11452230,15235,2021/7/1,125377.2308,38.61538462,"Single Family Residence, Residential",1922,2,3,10800.0,sqft,Natural Gas,Central Air,unknown,105000.0,15235,2021/7/1,133391.1304,18.69565217,"Single Family Residence, Residential",1950,2,3,5782.0,sqft,"Forced Air, Natural Gas",Central Air,unknown,137000.0,1,2.0,False,23.357664233576642,hard,0,0,-28,5018.0,equal,p2_newer,hard_equal
11377253,11534599,15235,2021/7/1,125377.2308,38.61538462,"Single Family Residence, Residential",1922,2,3,10800.0,sqft,Natural Gas,Central Air,unknown,105000.0,15235,2021/7/1,121446.2727,13.54545455,"Single Family Residence, Residential",1954,1,3,7649.0,sqft,"Forced Air, Natural Gas",Central Air,unknown,145000.0,1,2.0,False,27.586206896551722,medium,0,1,-32,3151.0,equal,p2_newer,medium_equal
11416659,11491714,15235,2021/7/1,193892.2609,21.30434783,"Single Family Residence, Residential",1962,2,3,8999.0,sqft,Forced Air,Central Air,unknown,275000.0,15235,2021/7/1,218947.4286,18.57142857,"Single Family Residence, Residential",1936,2,4,0.42,Acres,"Forced Air, Natural Gas",Central Air,unknown,209000.0,2,1.0,False,24.0,hard,-1,0,26,8998.58,p2_more,p1_much,hard_p2_more
11416659,11531795,15235,2021/7/1,193892.2609,21.30434783,"Single Family Residence, Residential",1962,2,3,8999.0,sqft,Forced Air,Central Air,unknown,275000.0,15235,2021/7/1,180773.0833,19.25,"Single Family Residence, Residential",1963,2,3,8398.0,sqft,"Forced Air, Natural Gas",Central Air,unknown,191000.0,2,1.0,False,30.545454545454547,medium,0,0,-1,601.0,equal,similar,medium_equal
11416659,11567976,15235,2021/7/1,193892.2609,21.30434783,"Single Family Residence, Residential",1962,2,3,8999.0,sqft,Forced Air,Central Air,unknown,275000.0,15235,2021/7/1,155253.7619,25.66666667,"Single Family Residence, Residential",1953,3,3,5445.0,sqft,Natural Gas,"Attic Fan, Central Air",unknown,173000.0,2,1.0,False,37.09090909090909,medium,0,-1,9,3554.0,equal,p1_slight,medium_equal
11451313,11492243,15235,2021/7/1,144520.8667,24.46666667,"Single Family Residence, Residential",1957,1,3,10798.0,sqft,Natural Gas,Central Air,unknown,145000.0,15235,2021/7/1,121522.7143,29.28571429,"Single Family Residence, Residential",1942,2,3,7858.0,sqft,"Forced Air, Natural Gas",Central Air,unknown,175000.0,1,2.0,False,17.142857142857142,hard,0,-1,15,2940.0,equal,p1_slight,hard_equal
11491345,11567976,15235,2021/7/1,185866.6667,19.47619048,"Single Family Residence, Residential",1950,2,3,7750.0,sqft,"Forced Air, Natural Gas","Central Air, Electric",unknown,210000.0,15235,2021/7/1,155253.7619,25.66666667,"Single Family Residence, Residential",1953,3,3,5445.0,sqft,Natural Gas,"Attic Fan, Central Air",unknown,173000.0,2,1.0,False,17.61904761904762,hard,0,-1,-3,2305.0,equal,similar,hard_equal
11533452,11567976,15235,2021/7/1,171917.9091,13.31818182,"Single Family Residence, Residential",1961,2,3,10031.0,sqft,"Forced Air, Natural Gas",Central Air,unknown,235000.0,15235,2021/7/1,155253.7619,25.66666667,"Single Family Residence, Residential",1953,3,3,5445.0,sqft,Natural Gas,"Attic Fan, Central Air",unknown,173000.0,2,1.0,False,26.382978723404253,medium,0,-1,8,4586.0,equal,p1_slight,medium_equal
11417347,11533671,15235,2021/8/1,180033.3333,17.11111111,"Single Family Residence, Residential",1940,2,3,0.32,Acres,"Forced Air, Natural Gas",Central Air,unknown,185000.0,15235,2021/8/1,153775.8696,20.82608696,"Single Family Residence, Residential",1960,2,3,9247.0,sqft,"Natural Gas, Baseboard",Central Air,unknown,141000.0,2,1.0,False,23.783783783783786,hard,0,0,-20,-9246.68,equal,p2_newer,hard_equal
11491422,11493544,15235,2021/8/1,175366.4286,15.0952381,"Single Family Residence, Residential",1958,2,3,0.75,Acres,"Natural Gas, Space Heater","Attic Fan, Central Air",unknown,205000.0,15235,2021/8/1,197244.4444,18.0,"Single Family Residence, Residential",1976,3,3,0.43,Acres,"Forced Air, Natural Gas",Gas,unknown,160000.0,2,1.0,False,21.951219512195124,hard,0,-1,-18,0.32,equal,similar,hard_equal
11491422,11533671,15235,2021/8/1,175366.4286,15.0952381,"Single Family Residence, Residential",1958,2,3,0.75,Acres,"Natural Gas, Space Heater","Attic Fan, Central Air",unknown,205000.0,15235,2021/8/1,153775.8696,20.82608696,"Single Family Residence, Residential",1960,2,3,9247.0,sqft,"Natural Gas, Baseboard",Central Air,unknown,141000.0,2,1.0,False,31.21951219512195,medium,0,0,-2,-9246.25,equal,similar,medium_equal
11491429,11492055,15235,2021/8/1,106195.381,13.95238095,"Single Family Residence, Residential",1950,2,3,6000.0,sqft,"Forced Air, Natural Gas",Central Air,unknown,140000.0,15235,2021/8/1,128995.5714,29.28571429,"Single Family Residence, Residential",1960,2,3,4573.0,sqft,Natural Gas,Central Air,unknown,170000.0,1,2.0,False,17.647058823529413,hard,0,0,-10,1427.0,equal,similar,hard_equal
11491429,11532770,15235,2021/8/1,106195.381,13.95238095,"Single Family Residence, Residential",1950,2,3,6000.0,sqft,"Forced Air, Natural Gas",Central Air,unknown,140000.0,15235,2021/8/1,100903.2,15.0,"Single Family Residence, Residential",1942,2,3,10798.0,sqft,"Forced Air, Natural Gas","Central Air, Electric",unknown,110000.0,2,1.0,False,21.428571428571427,hard,0,0,8,-4798.0,equal,p1_slight,hard_equal
11492055,11568061,15235,2021/8/1,128995.5714,29.28571429,"Single Family Residence, Residential",1960,2,3,4573.0,sqft,Natural Gas,Central Air,unknown,170000.0,15235,2021/8/1,130340.2,37.8,"Single Family Residence, Residential",1947,2,4,10193.0,sqft,Natural Gas,Central Air,unknown,140000.0,2,1.0,False,17.647058823529413,hard,-1,0,13,-5620.0,p2_more,p1_slight,hard_p2_more
11532554,11567571,15235,2021/8/1,109910.5,35.5,"Single Family Residence, Residential",1962,2,3,6499.0,sqft,"Forced Air, Natural Gas",Central Air,unknown,145000.0,15235,2021/8/1,116314.7727,16.72727273,"Single Family Residence, Residential",1965,2,3,6050.0,sqft,"Forced Air, Natural Gas",Central Air,unknown,105555.0,2,1.0,False,27.20344827586207,medium,0,0,-3,449.0,equal,similar,medium_equal
11533175,11568061,15235,2021/8/1,126083.6818,24.09090909,"Single Family Residence, Residential",1956,2,3,6599.0,sqft,Natural Gas,Central Air,unknown,185000.0,15235,2021/8/1,130340.2,37.8,"Single Family Residence, Residential",1947,2,4,10193.0,sqft,Natural Gas,Central Air,unknown,140000.0,2,1.0,False,24.324324324324326,hard,-1,0,9,-3594.0,p2_more,p1_slight,hard_p2_more
11415908,11450720,15235,2021/9/1,152149.0,30.66666667,"Single Family Residence, Residential",1930,3,4,8049.0,sqft,Natural Gas,Central Air,unknown,159000.0,15235,2021/9/1,135185.1852,19.77777778,"Single Family Residence, Residential",1958,2,3,7501.0,sqft,"Forced Air, Natural Gas","Central Air, Electric",unknown,129900.0,2,1.0,False,18.30188679245283,hard,1,1,-28,548.0,p1_slight,p2_newer,hard_p1_slight
11415908,11451982,15235,2021/9/1,152149.0,30.66666667,"Single Family Residence, Residential",1930,3,4,8049.0,sqft,Natural Gas,Central Air,unknown,159000.0,15235,2021/9/1,139175.8621,21.24137931,"Single Family Residence, Residential",1954,2,3,7500.0,sqft,"Forced Air, Natural Gas","Central Air, Electric",unknown,102555.0,2,1.0,False,35.5,medium,1,1,-24,549.0,p1_slight,p2_newer,medium_p1_slight
11416859,11568699,15235,2021/9/1,208700.0,16.0,"Single Family Residence, Residential",1950,2,3,5932.0,sqft,"Forced Air, Natural Gas",Electric,unknown,200000.0,15235,2021/9/1,195629.4545,24.40909091,"Single Family Residence, Residential",1961,3,3,0.28,Acres,Natural Gas,Central Air,unknown,153000.0,2,1.0,False,23.5,hard,0,-1,-11,5931.72,equal,similar,hard_equal
11416913,11451038,15235,2021/9/1,175800.0,24.0,"Single Family Residence, Residential",1950,2,3,6995.0,sqft,"Forced Air, Natural Gas",Central Air,unknown,175000.0,15235,2021/9/1,133041.3621,34.05172414,"Single Family Residence, Residential",1955,2,4,0.32,Acres,Natural Gas,"Window A/C, Wall Unit(s)",unknown,145000.0,2,1.0,False,17.142857142857142,hard,-1,0,-5,6994.68,p2_more,similar,hard_p2_more
11416919,11451038,15235,2021/9/1,174667.7966,29.91525424,"Single Family Residence, Residential",1962,2,3,6978.0,sqft,Natural Gas,Central Air,unknown,195000.0,15235,2021/9/1,133041.3621,34.05172414,"Single Family Residence, Residential",1955,2,4,0.32,Acres,Natural Gas,"Window A/C, Wall Unit(s)",unknown,145000.0,2,1.0,False,25.64102564102564,medium,-1,0,7,6977.68,p2_more,p1_slight,medium_p2_more
11416919,11451982,15235,2021/9/1,174667.7966,29.91525424,"Single Family Residence, Residential",1962,2,3,6978.0,sqft,Natural Gas,Central Air,unknown,195000.0,15235,2021/9/1,139175.8621,21.24137931,"Single Family Residence, Residential",1954,2,3,7500.0,sqft,"Forced Air, Natural Gas","Central Air, Electric",unknown,102555.0,2,1.0,False,47.40769230769231,easy,0,0,8,-522.0,equal,p1_slight,easy_equal
11417018,11451982,15235,2021/9/1,162281.3559,16.16949153,"Single Family Residence, Residential",1948,2,3,8572.0,sqft,"Forced Air, Natural Gas","Central Air, Electric",unknown,168525.0,15235,2021/9/1,139175.8621,21.24137931,"Single Family Residence, Residential",1954,2,3,7500.0,sqft,"Forced Air, Natural Gas","Central Air, Electric",unknown,102555.0,2,1.0,False,39.14552736982643,medium,0,0,-6,1072.0,equal,similar,medium_equal
11450720,11451982,15235,2021/9/1,135185.1852,19.77777778,"Single Family Residence, Residential",1958,2,3,7501.0,sqft,"Forced Air, Natural Gas","Central Air, Electric",unknown,129900.0,15235,2021/9/1,139175.8621,21.24137931,"Single Family Residence, Residential",1954,2,3,7500.0,sqft,"Forced Air, Natural Gas","Central Air, Electric",unknown,102555.0,2,1.0,False,21.05080831408776,hard,0,0,4,1.0,equal,p1_slight,hard_equal
11450720,11534982,15235,2021/9/1,135185.1852,19.77777778,"Single Family Residence, Residential",1958,2,3,7501.0,sqft,"Forced Air, Natural Gas","Central Air, Electric",unknown,129900.0,15235,2021/9/1,160089.8305,16.77966102,"Single Family Residence, Residential",1954,2,3,7501.0,sqft,"Forced Air, Natural Gas",Central Air,unknown,173000.0,1,2.0,False,24.91329479768786,hard,0,0,4,0.0,equal,p1_slight,hard_equal
11450720,11567983,15235,2021/9/1,135185.1852,19.77777778,"Single Family Residence, Residential",1958,2,3,7501.0,sqft,"Forced Air, Natural Gas","Central Air, Electric",unknown,129900.0,15235,2021/9/1,160625.0,18.25,"Single Family Residence, Residential",1953,2,3,6777.0,sqft,"Forced Air, Natural Gas",Central Air,unknown,175000.0,1,2.0,False,25.771428571428572,medium,0,0,5,724.0,equal,p1_slight,medium_equal
11451038,11451982,15235,2021/9/1,133041.3621,34.05172414,"Single Family Residence, Residential",1955,2,4,0.32,Acres,Natural Gas,"Window A/C, Wall Unit(s)",unknown,145000.0,15235,2021/9/1,139175.8621,21.24137931,"Single Family Residence, Residential",1954,2,3,7500.0,sqft,"Forced Air, Natural Gas","Central Air, Electric",unknown,102555.0,2,1.0,False,29.272413793103446,medium,1,0,1,-7499.68,p1_slight,p1_slight,medium_p1_slight
11451038,11452202,15235,2021/9/1,133041.3621,34.05172414,"Single Family Residence, Residential",1955,2,4,0.32,Acres,Natural Gas,"Window A/C, Wall Unit(s)",unknown,145000.0,15235,2021/9/1,122655.1724,17.24137931,"Single Family Residence, Residential",1950,2,3,7927.0,sqft,"Forced Air, Natural Gas",Central Air,unknown,120555.0,2,1.0,False,16.858620689655172,hard,1,0,5,-7926.68,p1_slight,p1_slight,hard_p1_slight
11451982,11532507,15235,2021/9/1,139175.8621,21.24137931,"Single Family Residence, Residential",1954,2,3,7500.0,sqft,"Forced Air, Natural Gas","Central Air, Electric",unknown,102555.0,15235,2021/9/1,144189.8305,13.93220339,"Single Family Residence, Residential",1961,1,3,0.33,Acres,"Forced Air, Natural Gas",Central Air,unknown,155000.0,1,2.0,False,33.83548387096774,medium,0,1,-7,7499.67,equal,similar,medium_equal
11451982,11534982,15235,2021/9/1,139175.8621,21.24137931,"Single Family Residence, Residential",1954,2,3,7500.0,sqft,"Forced Air, Natural Gas","Central Air, Electric",unknown,102555.0,15235,2021/9/1,160089.8305,16.77966102,"Single Family Residence, Residential",1954,2,3,7501.0,sqft,"Forced Air, Natural Gas",Central Air,unknown,173000.0,1,2.0,False,40.71965317919075,easy,0,0,0,-1.0,equal,similar,easy_equal
11451982,11567983,15235,2021/9/1,139175.8621,21.24137931,"Single Family Residence, Residential",1954,2,3,7500.0,sqft,"Forced Air, Natural Gas","Central Air, Electric",unknown,102555.0,15235,2021/9/1,160625.0,18.25,"Single Family Residence, Residential",1953,2,3,6777.0,sqft,"Forced Air, Natural Gas",Central Air,unknown,175000.0,1,2.0,False,41.39714285714285,easy,0,0,1,723.0,equal,p1_slight,easy_equal
11492053,11532517,15235,2021/9/1,156849.1525,15.69491525,"Single Family Residence, Residential",1950,2,4,3619.0,sqft,"Forced Air, Natural Gas",Central Air,unknown,168000.0,15235,2021/9/1,159177.7778,20.0,"Single Family Residence, Residential",1961,2,3,0.3,Acres,"Forced Air, Natural Gas","Central Air, Electric",unknown,140000.0,2,1.0,False,16.666666666666664,hard,1,0,-11,3618.7,p1_slight,similar,hard_p1_slight
11492053,11534679,15235,2021/9/1,156849.1525,15.69491525,"Single Family Residence, Residential",1950,2,4,3619.0,sqft,"Forced Air, Natural Gas",Central Air,unknown,168000.0,15235,2021/9/1,149755.8824,19.80882353,"Single Family Residence, Residential",1954,2,3,7000.0,sqft,Natural Gas,Central Air,unknown,140000.0,2,1.0,False,16.666666666666664,hard,1,0,-4,-3381.0,p1_slight,similar,hard_p1_slight
11492053,11598104,15235,2021/9/1,156849.1525,15.69491525,"Single Family Residence, Residential",1950,2,4,3619.0,sqft,"Forced Air, Natural Gas",Central Air,unknown,168000.0,15235,2021/9/1,123494.9153,35.01694915,"Single Family Residence, Residential",1925,2,3,10532.0,sqft,"Forced Air, Natural Gas",Central Air,unknown,135000.0,2,1.0,False,19.642857142857142,hard,1,0,25,-6913.0,p1_slight,p1_much,hard_p1_slight
11493124,11533091,15235,2021/9/1,153483.3043,19.2173913,"Single Family Residence, Residential",1947,1,3,3551.0,sqft,"Forced Air, Natural Gas",Central Air,unknown,160000.0,15235,2021/9/1,124476.3043,29.2173913,"Single Family Residence, Residential",1943,1,3,10288.0,sqft,Natural Gas,Central Air,unknown,130000.0,2,1.0,False,18.75,hard,0,0,4,-6737.0,equal,p1_slight,hard_equal
11451161,11533102,15235,2022/1/1,131846.9388,16.32653061,"Single Family Residence, Residential",1956,2,3,5998.0,sqft,Natural Gas,Central Air,unknown,115000.0,15235,2022/1/1,153008.0537,14.22818792,"Single Family Residence, Residential",1942,2,3,7392.0,sqft,"Forced Air, Natural Gas",Central Air,unknown,159900.0,1,2.0,False,28.080050031269543,medium,0,0,14,-1394.0,equal,p1_slight,medium_equal
11376987,11533207,15235,2022/2/1,147665.6051,27.25477707,"Single Family Residence, Residential",1952,2,3,0.3,Acres,Natural Gas,Central Air,unknown,123000.0,15235,2022/2/1,139480.5195,11.55844156,"Single Family Residence, Residential",1956,2,3,6520.0,sqft,"Forced Air, Natural Gas",Electric,unknown,160000.0,1,2.0,False,23.125,hard,0,0,-4,-6519.7,equal,similar,hard_equal
11415481,11532600,15235,2022/2/1,116082.0513,34.11538462,"Single Family Residence, Residential",1950,3,3,0.27,Acres,Natural Gas,Central Air,unknown,229770.0,15235,2022/2/1,143094.6309,14.97315436,"Single Family Residence, Residential",1957,2,3,6499.0,sqft,"Forced Air, Natural Gas",Central Air,unknown,153000.0,2,1.0,False,33.411672542107326,medium,0,1,-7,-6498.73,equal,similar,medium_equal
11416081,11453793,15235,2022/4/1,155361.5385,16.92307692,"Single Family Residence, Residential",1940,2,3,0.34,Acres,"Forced Air, Natural Gas",Central Air,unknown,167000.0,15235,2022/4/1,188652.0,22.0,"Single Family Residence, Residential",1950,2,3,0.26,Acres,"Forced Air, Natural Gas",Central Air,unknown,299000.0,1,2.0,False,44.14715719063545,easy,0,0,-10,0.08000000000000002,equal,similar,easy_equal
11416653,11453793,15235,2022/4/1,163030.7692,26.61538462,"Single Family Residence, Residential",1952,2,3,8250.0,sqft,"Forced Air, Natural Gas","Central Air, Electric",unknown,240000.0,15235,2022/4/1,188652.0,22.0,"Single Family Residence, Residential",1950,2,3,0.26,Acres,"Forced Air, Natural Gas",Central Air,unknown,299000.0,1,2.0,False,19.732441471571907,hard,0,0,2,8249.74,equal,p1_slight,hard_equal
11416653,11492959,15235,2022/4/1,163030.7692,26.61538462,"Single Family Residence, Residential",1952,2,3,8250.0,sqft,"Forced Air, Natural Gas","Central Air, Electric",unknown,240000.0,15235,2022/4/1,125308.6957,38.52173913,"Single Family Residence, Residential",1950,2,3,9448.0,sqft,"Forced Air, Natural Gas","Central Air, Electric",unknown,197000.0,2,1.0,False,17.916666666666668,hard,0,0,2,-1198.0,equal,p1_slight,hard_equal
11418062,11453793,15235,2022/4/1,196950.0,20.61538462,"Single Family Residence, Residential",1940,3,3,0.26,Acres,"Forced Air, Natural Gas",Central Air,unknown,215000.0,15235,2022/4/1,188652.0,22.0,"Single Family Residence, Residential",1950,2,3,0.26,Acres,"Forced Air, Natural Gas",Central Air,unknown,299000.0,1,2.0,False,28.093645484949832,medium,0,1,-10,0.0,equal,similar,medium_equal
11451707,11492395,15235,2022/4/1,133629.5,22.1,"Single Family Residence, Residential",1940,2,3,6242.0,sqft,Natural Gas,Central Air,unknown,135000.0,15235,2022/4/1,116269.5652,36.0,"Single Family Residence, Residential",1940,1,3,0.25,Acres,"Forced Air, Natural Gas",Central Air,unknown,185000.0,1,2.0,False,27.027027027027028,medium,0,1,0,6241.75,equal,similar,medium_equal
11451707,11597227,15235,2022/4/1,133629.5,22.1,"Single Family Residence, Residential",1940,2,3,6242.0,sqft,Natural Gas,Central Air,unknown,135000.0,15235,2022/4/1,130746.1538,55.58974359,"Single Family Residence, Residential",1898,2,3,0.01,Acres,"Natural Gas, Baseboard",Window A/C,unknown,180413.0,1,2.0,False,25.171689401539798,medium,0,0,42,6241.99,equal,p1_much,medium_equal
11453793,11535098,15235,2022/4/1,188652.0,22.0,"Single Family Residence, Residential",1950,2,3,0.26,Acres,"Forced Air, Natural Gas",Central Air,unknown,299000.0,15235,2022/4/1,190350.0,14.0,"Single Family Residence, Residential",1958,2,4,5048.0,sqft,"Forced Air, Natural Gas","Central Air, Electric",unknown,212000.0,2,1.0,False,29.09698996655518,medium,-1,0,-8,-5047.74,p2_more,similar,medium_p2_more
11453793,11535099,15235,2022/4/1,188652.0,22.0,"Single Family Residence, Residential",1950,2,3,0.26,Acres,"Forced Air, Natural Gas",Central Air,unknown,299000.0,15235,2022/4/1,195192.3077,16.65384615,"Single Family Residence, Residential",1959,2,3,7832.0,sqft,"Forced Air, Natural Gas",Central Air,unknown,189900.0,2,1.0,False,36.48829431438127,medium,0,0,-9,-7831.74,equal,similar,medium_equal
11492395,11493738,15235,2022/4/1,116269.5652,36.0,"Single Family Residence, Residential",1940,1,3,0.25,Acres,"Forced Air, Natural Gas",Central Air,unknown,185000.0,15235,2022/4/1,123227.5,18.4,"Single Family Residence, Residential",1952,1,3,5998.0,sqft,"Forced Air, Natural Gas",Central Air,unknown,148000.0,2,1.0,False,20.0,hard,0,0,-12,-5997.75,equal,similar,hard_equal
11492395,11568921,15235,2022/4/1,116269.5652,36.0,"Single Family Residence, Residential",1940,1,3,0.25,Acres,"Forced Air, Natural Gas",Central Air,unknown,185000.0,15235,2022/4/1,85270.0,54.1,"Single Family Residence, Residential",1910,2,3,0.28,Acres,"Forced Air, Natural Gas",Central Air,unknown,126500.0,2,1.0,False,31.62162162162162,medium,0,-1,30,-0.030000000000000027,equal,p1_much,medium_equal
11492959,11534837,15235,2022/4/1,125308.6957,38.52173913,"Single Family Residence, Residential",1950,2,3,9448.0,sqft,"Forced Air, Natural Gas","Central Air, Electric",unknown,197000.0,15235,2022/4/1,147076.9231,18.69230769,"Single Family Residence, Residential",1958,2,3,7165.0,sqft,Natural Gas,Central Air,unknown,157400.0,2,1.0,False,20.101522842639593,hard,0,0,-8,2283.0,equal,similar,hard_equal
11493738,11597227,15235,2022/4/1,123227.5,18.4,"Single Family Residence, Residential",1952,1,3,5998.0,sqft,"Forced Air, Natural Gas",Central Air,unknown,148000.0,15235,2022/4/1,130746.1538,55.58974359,"Single Family Residence, Residential",1898,2,3,0.01,Acres,"Natural Gas, Baseboard",Window A/C,unknown,180413.0,1,2.0,False,17.96600023279919,hard,0,-1,54,5997.99,equal,p1_much,hard_equal
11453645,11533247,15235,2022/5/1,122569.2308,22.23076923,"Single Family Residence, Residential",1950,2,3,5998.0,sqft,Natural Gas,Central Air,Attached Garage,105000.0,15235,2022/5/1,148720.0,17.4,"Single Family Residence, Residential",1950,2,3,5998.0,sqft,Natural Gas,Central Air,Attached Garage,170000.0,1,2.0,False,38.23529411764706,medium,0,0,0,0.0,equal,similar,medium_equal
11453645,11598095,15235,2022/5/1,122569.2308,22.23076923,"Single Family Residence, Residential",1950,2,3,5998.0,sqft,Natural Gas,Central Air,Attached Garage,105000.0,15235,2022/5/1,108869.2308,43.0,"Single Family Residence, Residential",1930,2,4,0.33,Acres,"Forced Air, Natural Gas",Electric,Attached Garage,150000.0,1,2.0,False,30.0,medium,-1,0,20,5997.67,p2_more,p1_slight,medium_p2_more
11454723,11492342,15235,2022/5/1,184807.6923,33.69230769,"Single Family Residence, Residential",1964,3,4,0.27,Acres,"Forced Air, Natural Gas",Central Air,unknown,302500.0,15235,2022/5/1,190140.0,13.8,"Single Family Residence, Residential",1975,3,3,9753.0,sqft,"Radiant, Electric",Other,unknown,236000.0,2,1.0,False,21.983471074380166,hard,1,0,-11,-9752.73,p1_slight,similar,hard_p1_slight
11454723,11492540,15235,2022/5/1,184807.6923,33.69230769,"Single Family Residence, Residential",1964,3,4,0.27,Acres,"Forced Air, Natural Gas",Central Air,unknown,302500.0,15235,2022/5/1,165360.0,20.575,"Single Family Residence, Residential",1951,2,3,0.47,Acres,"Forced Air, Natural Gas",Central Air,unknown,185000.0,2,1.0,False,38.84297520661157,medium,1,1,13,-0.19999999999999996,p1_slight,p1_slight,medium_p1_slight
11491513,11494479,15235,2022/5/1,204280.0,22.95,"Single Family Residence, Residential",1954,3,4,9452.0,sqft,"Forced Air, Natural Gas",Central Air,unknown,203000.0,15235,2022/5/1,217934.7826,53.04347826,"Single Family Residence, Residential",1950,3,3,0.66,Acres,"Forced Air, Natural Gas",Central Air,unknown,430000.0,1,2.0,False,52.79069767441861,easy,1,0,4,9451.34,p1_slight,p1_slight,easy_p1_slight
11492342,11492540,15235,2022/5/1,190140.0,13.8,"Single Family Residence, Residential",1975,3,3,9753.0,sqft,"Radiant, Electric",Other,unknown,236000.0,15235,2022/5/1,165360.0,20.575,"Single Family Residence, Residential",1951,2,3,0.47,Acres,"Forced Air, Natural Gas",Central Air,unknown,185000.0,2,1.0,False,21.610169491525426,hard,0,1,24,9752.53,equal,p1_much,hard_equal
11492392,11493435,15235,2022/5/1,126451.3846,27.76923077,"Single Family Residence, Residential",1948,2,3,0.42,Acres,"Forced Air, Natural Gas",Central Air,unknown,200000.0,15235,2022/5/1,138860.0,22.0,"Single Family Residence, Residential",1965,2,3,7104.0,sqft,"Forced Air, Natural Gas",Central Air,unknown,165000.0,2,1.0,False,17.5,hard,0,0,-17,-7103.58,equal,similar,hard_equal
11492392,11533219,15235,2022/5/1,126451.3846,27.76923077,"Single Family Residence, Residential",1948,2,3,0.42,Acres,"Forced Air, Natural Gas",Central Air,unknown,200000.0,15235,2022/5/1,119776.9231,23.07692308,"Single Family Residence, Residential",1955,1,3,6024.0,sqft,Forced Air,Central Air,unknown,135000.0,2,1.0,False,32.5,medium,0,1,-7,-6023.58,equal,similar,medium_equal
11492392,11569136,15235,2022/5/1,126451.3846,27.76923077,"Single Family Residence, Residential",1948,2,3,0.42,Acres,"Forced Air, Natural Gas",Central Air,unknown,200000.0,15235,2022/5/1,113085.7143,13.85714286,"Single Family Residence, Residential",1970,2,3,9234.0,sqft,"Forced Air, Natural Gas",Central Air,unknown,135700.0,2,1.0,False,32.15,medium,0,0,-22,-9233.58,equal,p2_newer,medium_equal
11492398,11598095,15235,2022/5/1,109870.75,27.16666667,"Single Family Residence, Residential",1940,2,3,0.34,Acres,"Forced Air, Natural Gas",Central Air,Attached Garage,125000.0,15235,2022/5/1,108869.2308,43.0,"Single Family Residence, Residential",1930,2,4,0.33,Acres,"Forced Air, Natural Gas",Electric,Attached Garage,150000.0,1,2.0,False,16.666666666666664,hard,-1,0,10,0.010000000000000009,p2_more,p1_slight,hard_p2_more
11492965,11532241,15235,2022/5/1,182960.0,27.1,"Single Family Residence, Residential",1948,2,4,9330.0,sqft,"Forced Air, Natural Gas",Central Air,unknown,250000.0,15235,2022/5/1,200848.8889,15.73333333,"Single Family Residence, Residential",1965,2,3,7309.0,sqft,"Forced Air, Natural Gas",Electric,unknown,205000.0,2,1.0,False,18.0,hard,1,0,-17,2021.0,p1_slight,similar,hard_p1_slight
11492965,11532398,15235,2022/5/1,182960.0,27.1,"Single Family Residence, Residential",1948,2,4,9330.0,sqft,"Forced Air, Natural Gas",Central Air,unknown,250000.0,15235,2022/5/1,177150.0,21.625,"Single Family Residence, Residential",1965,2,3,7566.0,sqft,Natural Gas,Central Air,unknown,195000.0,2,1.0,False,22.0,hard,1,0,-17,1764.0,p1_slight,similar,hard_p1_slight
11492965,11567558,15235,2022/5/1,182960.0,27.1,"Single Family Residence, Residential",1948,2,4,9330.0,sqft,"Forced Air, Natural Gas",Central Air,unknown,250000.0,15235,2022/5/1,155100.0,23.35135135,"Single Family Residence, Residential",1955,3,3,5998.0,sqft,"Forced Air, Natural Gas",Central Air,unknown,169500.0,2,1.0,False,32.2,medium,1,-1,-7,3332.0,p1_slight,similar,medium_p1_slight
11494479,11531832,15235,2022/5/1,217934.7826,53.04347826,"Single Family Residence, Residential",1950,3,3,0.66,Acres,"Forced Air, Natural Gas",Central Air,unknown,430000.0,15235,2022/5/1,234007.6923,20.0,"Single Family Residence, Residential",1974,3,4,8964.0,sqft,"Forced Air, Natural Gas",Central Air,unknown,231000.0,2,1.0,False,46.27906976744186,easy,-1,0,-24,-8963.34,p2_more,p2_newer,easy_p2_more
11494479,11532241,15235,2022/5/1,217934.7826,53.04347826,"Single Family Residence, Residential",1950,3,3,0.66,Acres,"Forced Air, Natural Gas",Central Air,unknown,430000.0,15235,2022/5/1,200848.8889,15.73333333,"Single Family Residence, Residential",1965,2,3,7309.0,sqft,"Forced Air, Natural Gas",Electric,unknown,205000.0,2,1.0,False,52.32558139534884,easy,0,1,-15,-7308.34,equal,similar,easy_equal
11494479,11532266,15235,2022/5/1,217934.7826,53.04347826,"Single Family Residence, Residential",1950,3,3,0.66,Acres,"Forced Air, Natural Gas",Central Air,unknown,430000.0,15235,2022/5/1,213915.0,19.85,"Single Family Residence, Residential",1965,3,3,8712.0,sqft,"Forced Air, Natural Gas",Central Air,unknown,268000.0,2,1.0,False,37.67441860465116,medium,0,0,-15,-8711.34,equal,similar,medium_equal
11494479,11532398,15235,2022/5/1,217934.7826,53.04347826,"Single Family Residence, Residential",1950,3,3,0.66,Acres,"Forced Air, Natural Gas",Central Air,unknown,430000.0,15235,2022/5/1,177150.0,21.625,"Single Family Residence, Residential",1965,2,3,7566.0,sqft,Natural Gas,Central Air,unknown,195000.0,2,1.0,False,54.65116279069767,easy,0,1,-15,-7565.34,equal,similar,easy_equal
11567558,11568901,15235,2022/5/1,155100.0,23.35135135,"Single Family Residence, Residential",1955,3,3,5998.0,sqft,"Forced Air, Natural Gas",Central Air,unknown,169500.0,15235,2022/5/1,173868.4211,33.68421053,"Single Family Residence, Residential",1957,3,3,0.35,Acres,"Hot Water, Natural Gas",Central Air,unknown,278100.0,1,2.0,False,39.05070118662351,medium,0,0,-2,5997.65,equal,similar,medium_equal
11416884,11491557,15235,2022/6/1,198019.1011,20.75280899,"Single Family Residence, Residential",1954,3,3,7501.0,sqft,"Forced Air, Natural Gas",Central Air,unknown,210000.0,15235,2022/6/1,205064.0449,24.3258427,"Single Family Residence, Residential",1939,3,3,0.38,Acres,"Forced Air, Natural Gas",Central Air,unknown,270000.0,1,2.0,False,22.22222222222222,hard,0,0,15,7500.62,equal,p1_slight,hard_equal
11454266,11491557,15235,2022/6/1,230550.0,20.5,"Single Family Residence, Residential",1956,2,3,9748.0,sqft,Natural Gas,Central Air,unknown,190000.0,15235,2022/6/1,205064.0449,24.3258427,"Single Family Residence, Residential",1939,3,3,0.38,Acres,"Forced Air, Natural Gas",Central Air,unknown,270000.0,1,2.0,False,29.629629629629626,medium,0,-1,17,9747.62,equal,p1_slight,medium_equal
11454266,11494551,15235,2022/6/1,230550.0,20.5,"Single Family Residence, Residential",1956,2,3,9748.0,sqft,Natural Gas,Central Air,unknown,190000.0,15235,2022/6/1,203927.2727,14.71590909,"Single Family Residence, Residential",1900,1,2,0.46,Acres,"Hot Water, Natural Gas",Central Air,unknown,232000.0,1,2.0,False,18.103448275862068,hard,1,1,56,9747.54,p1_slight,p1_much,hard_p1_slight
11454266,11568501,15235,2022/6/1,230550.0,20.5,"Single Family Residence, Residential",1956,2,3,9748.0,sqft,Natural Gas,Central Air,unknown,190000.0,15235,2022/6/1,211640.0,20.30588235,"Single Family Residence, Residential",1977,3,3,8489.0,sqft,"Forced Air, Natural Gas",Electric,unknown,234000.0,1,2.0,False,18.803418803418804,hard,0,-1,-21,1259.0,equal,p2_newer,hard_equal
11491557,11532238,15235,2022/6/1,205064.0449,24.3258427,"Single Family Residence, Residential",1939,3,3,0.38,Acres,"Forced Air, Natural Gas",Central Air,unknown,270000.0,15235,2022/6/1,168990.2857,22.0,"Single Family Residence, Residential",1963,2,3,0.32,Acres,"Forced Air, Natural Gas",Central Air,unknown,191000.0,2,1.0,False,29.259259259259256,medium,0,1,-24,0.06,equal,p2_newer,medium_equal
11491557,11533243,15235,2022/6/1,205064.0449,24.3258427,"Single Family Residence, Residential",1939,3,3,0.38,Acres,"Forced Air, Natural Gas",Central Air,unknown,270000.0,15235,2022/6/1,179355.0,12.4,"Single Family Residence, Residential",1950,2,3,5998.0,sqft,"Forced Air, Natural Gas",Central Air,unknown,175000.0,2,1.0,False,35.18518518518518,medium,0,1,-11,-5997.62,equal,similar,medium_equal
11491557,11535057,15235,2022/6/1,205064.0449,24.3258427,"Single Family Residence, Residential",1939,3,3,0.38,Acres,"Forced Air, Natural Gas",Central Air,unknown,270000.0,15235,2022/6/1,160400.0,26.46153846,"Single Family Residence, Residential",1965,2,3,7082.0,sqft,"Forced Air, Natural Gas",Electric,unknown,175000.0,2,1.0,False,35.18518518518518,medium,0,1,-26,-7081.62,equal,p2_newer,medium_equal
11491557,11568277,15235,2022/6/1,205064.0449,24.3258427,"Single Family Residence, Residential",1939,3,3,0.38,Acres,"Forced Air, Natural Gas",Central Air,unknown,270000.0,15235,2022/6/1,197088.3721,15.51162791,"Single Family Residence, Residential",1968,2,3,8999.0,sqft,"Forced Air, Natural Gas",Central Air,unknown,217500.0,2,1.0,False,19.444444444444446,hard,0,1,-29,-8998.62,equal,p2_newer,hard_equal
11491557,11568672,15235,2022/6/1,205064.0449,24.3258427,"Single Family Residence, Residential",1939,3,3,0.38,Acres,"Forced Air, Natural Gas",Central Air,unknown,270000.0,15235,2022/6/1,200466.6667,23.83333333,"Single Family Residence, Residential",1964,3,4,0.3,Acres,"Forced Air, Natural Gas","Window A/C, Central Air, Electric",unknown,195000.0,2,1.0,False,27.77777777777778,medium,-1,0,-25,0.08000000000000002,p2_more,p2_newer,medium_p2_more
11491723,11494123,15235,2022/6/1,197763.6364,24.48863636,"Single Family Residence, Residential",1950,3,4,0.28,Acres,"Forced Air, Natural Gas",Central Air,unknown,300000.0,15235,2022/6/1,230058.427,13.70786517,"Single Family Residence, Residential",1986,2,3,0.37,Acres,Natural Gas,"Central Air, Electric",unknown,225000.0,2,1.0,False,25.0,hard,1,1,-36,-0.08999999999999997,p1_slight,p2_newer,hard_p1_slight
11491723,11532238,15235,2022/6/1,197763.6364,24.48863636,"Single Family Residence, Residential",1950,3,4,0.28,Acres,"Forced Air, Natural Gas",Central Air,unknown,300000.0,15235,2022/6/1,168990.2857,22.0,"Single Family Residence, Residential",1963,2,3,0.32,Acres,"Forced Air, Natural Gas",Central Air,unknown,191000.0,2,1.0,False,36.333333333333336,medium,1,1,-13,-0.03999999999999998,p1_slight,similar,medium_p1_slight
11491723,11533834,15235,2022/6/1,197763.6364,24.48863636,"Single Family Residence, Residential",1950,3,4,0.28,Acres,"Forced Air, Natural Gas",Central Air,unknown,300000.0,15235,2022/6/1,210920.0,16.4,"Single Family Residence, Residential",1963,3,4,7827.0,sqft,"Forced Air, Natural Gas",Central Air,unknown,230000.0,2,1.0,False,23.333333333333332,hard,0,0,-13,-7826.72,equal,similar,hard_equal
11491723,11535057,15235,2022/6/1,197763.6364,24.48863636,"Single Family Residence, Residential",1950,3,4,0.28,Acres,"Forced Air, Natural Gas",Central Air,unknown,300000.0,15235,2022/6/1,160400.0,26.46153846,"Single Family Residence, Residential",1965,2,3,7082.0,sqft,"Forced Air, Natural Gas",Electric,unknown,175000.0,2,1.0,False,41.66666666666667,easy,1,1,-15,-7081.72,p1_slight,similar,easy_p1_slight
11491723,11568277,15235,2022/6/1,197763.6364,24.48863636,"Single Family Residence, Residential",1950,3,4,0.28,Acres,"Forced Air, Natural Gas",Central Air,unknown,300000.0,15235,2022/6/1,197088.3721,15.51162791,"Single Family Residence, Residential",1968,2,3,8999.0,sqft,"Forced Air, Natural Gas",Central Air,unknown,217500.0,2,1.0,False,27.500000000000004,medium,1,1,-18,-8998.72,p1_slight,similar,medium_p1_slight
11491723,11568501,15235,2022/6/1,197763.6364,24.48863636,"Single Family Residence, Residential",1950,3,4,0.28,Acres,"Forced Air, Natural Gas",Central Air,unknown,300000.0,15235,2022/6/1,211640.0,20.30588235,"Single Family Residence, Residential",1977,3,3,8489.0,sqft,"Forced Air, Natural Gas",Electric,unknown,234000.0,2,1.0,False,22.0,hard,1,0,-27,-8488.72,p1_slight,p2_newer,hard_p1_slight
11492205,11534634,15235,2022/6/1,115960.4396,28.72527473,"Single Family Residence, Residential",1955,1,3,7592.0,sqft,"Forced Air, Natural Gas","Central Air, Electric",unknown,121000.0,15235,2022/6/1,139321.2121,25.85606061,"Single Family Residence, Residential",1952,1,3,6629.0,sqft,"Forced Air, Natural Gas",Central Air,unknown,177000.0,1,2.0,False,31.63841807909605,medium,0,0,3,963.0,equal,p1_slight,medium_equal
11494551,11533243,15235,2022/6/1,203927.2727,14.71590909,"Single Family Residence, Residential",1900,1,2,0.46,Acres,"Hot Water, Natural Gas",Central Air,unknown,232000.0,15235,2022/6/1,179355.0,12.4,"Single Family Residence, Residential",1950,2,3,5998.0,sqft,"Forced Air, Natural Gas",Central Air,unknown,175000.0,2,1.0,False,24.568965517241377,hard,-1,-1,-50,-5997.54,p2_more,p2_newer,hard_p2_more
11568501,11568672,15235,2022/6/1,211640.0,20.30588235,"Single Family Residence, Residential",1977,3,3,8489.0,sqft,"Forced Air, Natural Gas",Electric,unknown,234000.0,15235,2022/6/1,200466.6667,23.83333333,"Single Family Residence, Residential",1964,3,4,0.3,Acres,"Forced Air, Natural Gas","Window A/C, Central Air, Electric",unknown,195000.0,2,1.0,False,16.666666666666664,hard,-1,0,13,8488.7,p2_more,p1_slight,hard_p2_more
11452507,11569022,15235,2022/7/1,163599.0112,14.76404494,"Single Family Residence, Residential",1950,2,3,7614.0,sqft,"Forced Air, Natural Gas",Central Air,Attached Garage,195500.0,15235,2022/7/1,148855.5556,18.33333333,"Single Family Residence, Residential",1968,2,3,8398.0,sqft,Natural Gas,Central Air,Attached Garage,138200.0,2,1.0,False,29.309462915601024,medium,0,0,-18,-784.0,equal,similar,medium_equal
11491654,11494318,15235,2022/7/1,194630.4348,31.17391304,"Single Family Residence, Residential",1947,3,4,0.48,Acres,"Forced Air, Natural Gas",Central Air,unknown,257000.0,15235,2022/7/1,192629.5455,16.75,"Single Family Residence, Residential",1959,2,3,0.5,Acres,"Forced Air, Natural Gas",Central Air,unknown,189900.0,2,1.0,False,26.108949416342416,medium,1,1,-12,-0.020000000000000018,p1_slight,similar,medium_p1_slight
11393454,11469450,15236,2019/10/1,164412.4286,13.42857143,SingleFamily,1954,2,3,8698.0,sqft,"Forced air, Gas",Central,unknown,152000.0,15236,2019/10/1,182373.6,18.0,SingleFamily,1940,2,2,0.45,Acres,Other,Central,unknown,200000.0,1,2.0,False,24.0,hard,1,0,14,8697.55,p1_slight,p1_slight,hard_p1_slight
11393454,11508065,15236,2019/10/1,164412.4286,13.42857143,SingleFamily,1954,2,3,8698.0,sqft,"Forced air, Gas",Central,unknown,152000.0,15236,2019/10/1,190318.25,18.25,SingleFamily,1956,2,3,8276.0,sqft,"Forced air, Gas",Central,unknown,197000.0,1,2.0,False,22.84263959390863,hard,0,0,-2,422.0,equal,similar,hard_equal
11393908,11469450,15236,2019/10/1,161457.2222,16.22222222,Townhouse,1985,2,3,2308.0,sqft,"Gas, Heat pump",Central,unknown,156250.0,15236,2019/10/1,182373.6,18.0,SingleFamily,1940,2,2,0.45,Acres,Other,Central,unknown,200000.0,1,2.0,False,21.875,hard,1,0,45,2307.55,p1_slight,p1_much,hard_p1_slight
11430120,11469578,15236,2019/10/1,154970.5,20.5,SingleFamily,1942,2,3,6751.0,sqft,"Forced air, Gas",Central,Garage - Attached,150000.0,15236,2019/10/1,175318.5,15.5,SingleFamily,1957,2,3,6599.0,sqft,Other,Central,Garage - Attached,185000.0,1,2.0,False,18.91891891891892,hard,0,0,-15,152.0,equal,similar,hard_equal
11430622,11469450,15236,2019/10/1,154642.0,15.0,SingleFamily,1953,2,2,8999.0,sqft,"Forced air, Gas",Central,unknown,158000.0,15236,2019/10/1,182373.6,18.0,SingleFamily,1940,2,2,0.45,Acres,Other,Central,unknown,200000.0,1,2.0,False,21.0,hard,0,0,13,8998.55,equal,p1_slight,hard_equal
11393815,11430457,15236,2019/11/1,164339.7143,16.28571429,SingleFamily,1950,3,3,0.42,Acres,Other,Central,unknown,123000.0,15236,2019/11/1,150049.3846,16.23076923,"Single Family Residence, Residential",1946,1,3,0.36,Acres,"Hot Water, Natural Gas",Central Air,unknown,151500.0,1,2.0,False,18.81188118811881,hard,0,2,4,0.06,equal,p1_slight,hard_equal
11393815,11507593,15236,2019/11/1,164339.7143,16.28571429,SingleFamily,1950,3,3,0.42,Acres,Other,Central,unknown,123000.0,15236,2019/11/1,178636.6429,15.5,SingleFamily,1972,2,3,0.31,Acres,"Other, Electric",Central,unknown,172000.0,1,2.0,False,28.488372093023255,medium,0,1,-22,0.10999999999999999,equal,p2_newer,medium_equal
11469725,11469798,15236,2019/11/1,139925.6,15.6,SingleFamily,1952,2,2,6873.0,sqft,Other,Central,Garage - Attached,132900.0,15236,2019/11/1,152892.9474,12.10526316,SingleFamily,1957,1,3,6599.0,sqft,Other,Central,Garage - Attached,160000.0,1,2.0,False,16.9375,hard,-1,1,-5,274.0,p2_more,similar,hard_p2_more
11469900,11546491,15236,2019/11/1,189697.9231,12.69230769,SingleFamily,1956,2,4,7566.0,sqft,Other,Central,Garage - Attached,199900.0,15236,2019/11/1,169825.2308,13.69230769,SingleFamily,1956,2,3,0.3,Acres,"Forced air, Gas",Central,Garage - Attached,160000.0,2,1.0,False,19.959979989995,hard,1,0,0,7565.7,p1_slight,similar,hard_p1_slight
11393949,11468216,15236,2019/12/1,187018.0,14.0,Townhouse,1993,2,3,6372.0,sqft,Other,Central,unknown,210000.0,15236,2019/12/1,160167.0,21.7,SingleFamily,1953,2,3,7100.0,sqft,"Forced air, Gas",Central,unknown,167500.0,2,1.0,False,20.238095238095237,hard,0,0,40,-728.0,equal,p1_much,hard_equal
11469769,11470549,15236,2019/12/1,145360.5,15.5,SingleFamily,1958,1,2,7204.0,sqft,"Forced air, Gas",Central,Garage - Attached,121500.0,15236,2019/12/1,152810.0,14.2,SingleFamily,1956,2,2,7148.0,sqft,Other,Central,Garage - Attached,160000.0,1,2.0,False,24.0625,hard,0,-1,2,56.0,equal,p1_slight,hard_equal
11430393,11506940,15236,2019/9/1,202941.8333,10.0,"Single Family Residence, Residential",1954,2,3,10711.0,sqft,"Forced Air, Natural Gas",Central Air,unknown,270000.0,15236,2019/9/1,186344.8333,19.16666667,SingleFamily,1960,2,3,7550.0,sqft,"Other, Forced air, Gas",Central,unknown,184500.0,2,1.0,False,31.666666666666664,medium,0,0,-6,3161.0,equal,similar,medium_equal
11469519,11470607,15236,2019/9/1,151966.3846,17.61538462,SingleFamily,1955,2,3,6751.0,sqft,Other,Central,Garage - Attached,152000.0,15236,2019/9/1,151425.5417,12.91666667,SingleFamily,1959,2,2,7840.0,sqft,"Forced air, Gas",Central,Garage - Attached,182500.0,1,2.0,False,16.71232876712329,hard,1,0,-4,-1089.0,p1_slight,similar,hard_p1_slight
11507244,11642435,15236,2019/9/1,157029.2,20.53333333,SingleFamily,1946,1,3,9861.0,sqft,"Forced air, Gas",Central,unknown,176450.0,15236,2019/9/1,155097.0,12.0,SingleFamily,1955,2,3,0.77,Acres,Other,Central,unknown,138000.0,2,1.0,False,21.790875602153584,hard,0,-1,-9,9860.23,equal,similar,hard_equal
11507689,11546674,15236,2019/9/1,174472.0,10.0,SingleFamily,1939,2,3,9583.0,sqft,Other,Central,Garage - Attached,135300.0,15236,2019/9/1,181466.6429,18.35714286,SingleFamily,1981,3,2,2880.0,sqft,"Baseboard, Electric",Central,Garage - Attached,176000.0,1,2.0,False,23.125,hard,1,-1,-42,6703.0,p1_slight,p2_newer,hard_p1_slight
11394119,11506576,15236,2020/1/1,222858.3056,18.61111111,SingleFamily,1948,4,4,7801.0,sqft,"Forced air, Gas",Central,unknown,185000.0,15236,2020/1/1,249292.5,12.5,"Single Family Residence, Residential",1950,4,4,7797.0,sqft,"Forced Air, Natural Gas","Window A/C, Central Air, Electric",unknown,240000.0,1,2.0,False,22.916666666666664,hard,0,0,-2,4.0,equal,similar,hard_equal
11430046,11506820,15236,2020/1/1,145847.0,17.2,SingleFamily,1940,1,3,5000.0,sqft,"Other, Forced air, Gas",Central,unknown,149000.0,15236,2020/1/1,160022.4,20.8,"Single Family Residence, Residential",1948,1,3,7801.0,sqft,"Forced Air, Natural Gas",Window A/C,unknown,114550.0,2,1.0,False,23.120805369127517,hard,0,0,-8,-2801.0,equal,similar,hard_equal
11507735,11546102,15236,2020/10/1,243965.7857,20.28571429,"Single Family Residence, Residential",1940,3,4,10262.0,sqft,"Forced Air, Natural Gas",Central Air,unknown,249900.0,15236,2020/10/1,220547.2667,23.06666667,"Single Family Residence, Residential",1955,2,3,9618.0,sqft,"Forced Air, Natural Gas",Central Air,unknown,196000.0,2,1.0,False,21.568627450980394,hard,1,1,-15,644.0,p1_slight,similar,hard_p1_slight
11429990,11469194,15236,2020/11/1,180613.0,16.0,"Single Family Residence, Residential",1948,2,3,9069.0,sqft,"Forced Air, Natural Gas",Central Air,unknown,182900.0,15236,2020/11/1,168694.0,15.0,"Single Family Residence, Residential",1954,2,3,7150.0,sqft,"Forced Air, Natural Gas","Central Air, Electric",unknown,140000.0,2,1.0,False,23.455440131219245,hard,0,0,-6,1919.0,equal,similar,hard_equal
11468457,11469194,15236,2020/11/1,172562.0909,16.63636364,"Single Family Residence, Residential",1956,2,3,6545.0,sqft,"Forced Air, Natural Gas",Central Air,unknown,189900.0,15236,2020/11/1,168694.0,15.0,"Single Family Residence, Residential",1954,2,3,7150.0,sqft,"Forced Air, Natural Gas","Central Air, Electric",unknown,140000.0,2,1.0,False,26.276987888362296,medium,0,0,2,-605.0,equal,p1_slight,medium_equal
11469194,11469799,15236,2020/11/1,168694.0,15.0,"Single Family Residence, Residential",1954,2,3,7150.0,sqft,"Forced Air, Natural Gas","Central Air, Electric",unknown,140000.0,15236,2020/11/1,170487.6923,15.92307692,"Single Family Residence, Residential",1957,2,3,6599.0,sqft,"Forced Air, Natural Gas",Central Air,unknown,198500.0,1,2.0,False,29.47103274559194,medium,0,0,-3,551.0,equal,similar,medium_equal
11469194,11469969,15236,2020/11/1,168694.0,15.0,"Single Family Residence, Residential",1954,2,3,7150.0,sqft,"Forced Air, Natural Gas","Central Air, Electric",unknown,140000.0,15236,2020/11/1,166794.3846,15.69230769,"Single Family Residence, Residential",1956,2,3,7150.0,sqft,"Forced Air, Natural Gas",Central Air,unknown,213000.0,1,2.0,False,34.27230046948357,medium,0,0,-2,0.0,equal,similar,medium_equal
11469194,11507279,15236,2020/11/1,168694.0,15.0,"Single Family Residence, Residential",1954,2,3,7150.0,sqft,"Forced Air, Natural Gas","Central Air, Electric",unknown,140000.0,15236,2020/11/1,174832.0,14.0,"Single Family Residence, Residential",1955,2,3,0.28,Acres,Natural Gas,Central Air,unknown,178900.0,1,2.0,False,21.74399105645612,hard,0,0,-1,7149.72,equal,similar,hard_equal
11393939,11429288,15236,2020/12/1,199905.0909,12.18181818,"Townhouse, Residential",1990,3,3,2874.0,sqft,Natural Gas,"Central Air, Electric",unknown,192000.0,15236,2020/12/1,195884.5333,19.2,"Single Family Residence, Residential",1951,2,3,10005.0,sqft,"Forced Air, Natural Gas",Central Air,unknown,265000.0,1,2.0,False,27.547169811320753,medium,0,1,39,-7131.0,equal,p1_much,medium_equal
11393939,11578376,15236,2020/12/1,199905.0909,12.18181818,"Townhouse, Residential",1990,3,3,2874.0,sqft,Natural Gas,"Central Air, Electric",unknown,192000.0,15236,2020/12/1,227857.2,16.8,"Single Family Residence, Residential",1979,2,3,9374.0,sqft,Natural Gas,Electric,unknown,231500.0,1,2.0,False,17.062634989200866,hard,0,1,11,-6500.0,equal,p1_slight,hard_equal
11429288,11507049,15236,2020/12/1,195884.5333,19.2,"Single Family Residence, Residential",1951,2,3,10005.0,sqft,"Forced Air, Natural Gas",Central Air,unknown,265000.0,15236,2020/12/1,216833.8667,14.0,"Single Family Residence, Residential",1940,3,3,7801.0,sqft,"Forced Air, Natural Gas",Central Air,unknown,210000.0,2,1.0,False,20.754716981132077,hard,0,-1,11,2204.0,equal,p1_slight,hard_equal
11430129,11578376,15236,2020/12/1,211918.0,22.54545455,"Single Family Residence, Residential",1950,2,3,0.26,Acres,"Forced Air, Natural Gas",Central Air,unknown,180000.0,15236,2020/12/1,227857.2,16.8,"Single Family Residence, Residential",1979,2,3,9374.0,sqft,Natural Gas,Electric,unknown,231500.0,1,2.0,False,22.24622030237581,hard,0,0,-29,-9373.74,equal,p2_newer,hard_equal
11546675,11546796,15236,2020/12/1,240484.0,11.96,"Single Family Residence, Residential",1945,2,3,9204.0,sqft,"Forced Air, Natural Gas",Central Air,unknown,205000.0,15236,2020/12/1,233116.6,14.0,"Single Family Residence, Residential",1955,2,3,0.26,Acres,"Forced Air, Natural Gas",Electric,unknown,250000.0,1,2.0,False,18.0,hard,0,0,-10,9203.74,equal,similar,hard_equal
11394148,11470545,15236,2020/2/1,138655.0,16.0,SingleFamily,1950,2,2,6534.0,sqft,Other,Central,Garage - Attached,154900.0,15236,2020/2/1,152119.4,11.2,SingleFamily,1956,1,3,8712.0,sqft,"Forced air, Gas",Central,Garage - Attached,119500.0,2,1.0,False,22.85345384118786,hard,-1,1,-6,-2178.0,p2_more,similar,hard_p2_more
11429081,11546942,15236,2020/3/1,193988.5556,19.0,SingleFamily,1955,2,3,9966.0,sqft,"Forced air, Gas",Central,unknown,175000.0,15236,2020/3/1,209850.0,17.0,SingleFamily,1973,2,3,8703.0,sqft,Other,Central,unknown,223000.0,1,2.0,False,21.524663677130047,hard,0,0,-18,1263.0,equal,similar,hard_equal
11429526,11468141,15236,2020/3/1,170289.7273,19.09090909,SingleFamily,1957,2,3,7148.0,sqft,Other,Central,Garage - Attached,180000.0,15236,2020/3/1,176489.2,11.2,SingleFamily,1940,3,3,9748.0,sqft,"Forced air, Gas",Central,Garage - Attached,234900.0,1,2.0,False,23.371647509578544,hard,0,-1,17,-2600.0,equal,p1_slight,hard_equal
11429847,11546942,15236,2020/3/1,190336.2,13.7,SingleFamily,1959,3,3,7405.0,sqft,"Other, Gas",Central,unknown,182000.0,15236,2020/3/1,209850.0,17.0,SingleFamily,1973,2,3,8703.0,sqft,Other,Central,unknown,223000.0,1,2.0,False,18.385650224215247,hard,0,1,-14,-1298.0,equal,similar,hard_equal
11470543,11507492,15236,2020/3/1,212750.875,22.25,SingleFamily,1957,3,4,10537.0,sqft,"Other, Forced air, Gas",Central,unknown,217400.0,15236,2020/3/1,249118.5789,12.52631579,SingleFamily,1971,3,4,9748.0,sqft,Other,Central,unknown,272000.0,1,2.0,False,20.073529411764707,hard,0,0,-14,789.0,equal,similar,hard_equal
11393850,11467824,15236,2020/4/1,167337.0,23.0,SingleFamily,1948,2,2,9147.0,sqft,"Forced air, Gas",Central,unknown,160000.0,15236,2020/4/1,133149.9,32.25,SingleFamily,1936,2,3,6500.0,sqft,Other,Central,unknown,118000.0,2,1.0,False,26.25,medium,-1,0,12,2647.0,p2_more,p1_slight,medium_p2_more
11467824,11547269,15236,2020/4/1,133149.9,32.25,SingleFamily,1936,2,3,6500.0,sqft,Other,Central,unknown,118000.0,15236,2020/4/1,153964.6667,16.0,SingleFamily,1955,1,2,7618.0,sqft,Other,Central,unknown,180000.0,1,2.0,False,34.44444444444444,medium,1,1,-19,-1118.0,p1_slight,similar,medium_p1_slight
11468377,11469817,15236,2020/4/1,193989.8889,14.55555556,"Single Family Residence, Residential",1950,2,3,9600.0,sqft,"Hot Water, Natural Gas",Central Air,unknown,216000.0,15236,2020/4/1,173463.6,14.1,SingleFamily,1958,2,3,6098.0,sqft,"Other, Gas",Central,unknown,177000.0,2,1.0,False,18.055555555555554,hard,0,0,-8,3502.0,equal,similar,hard_equal
11299706,11392974,15236,2020/6/1,195211.2,15.5,SingleFamily,1967,3,3,6751.0,sqft,Other,Central,unknown,190000.0,15236,2020/6/1,224054.4,21.6,SingleFamily,1949,2,3,9333.0,sqft,"Other, Forced air, Gas",Central,unknown,252000.0,1,2.0,False,24.6031746031746,hard,0,1,18,-2582.0,equal,p1_slight,hard_equal
11299706,11429325,15236,2020/6/1,195211.2,15.5,SingleFamily,1967,3,3,6751.0,sqft,Other,Central,unknown,190000.0,15236,2020/6/1,215909.6,14.8,SingleFamily,1970,2,3,8999.0,sqft,"Other, Forced air, Gas",Central,unknown,246500.0,1,2.0,False,22.920892494929006,hard,0,1,-3,-2248.0,equal,similar,hard_equal
11392922,11506935,15236,2020/6/1,238092.7,25.4,SingleFamily,1940,2,4,9900.0,sqft,"Radiant, Gas",Other,unknown,250000.0,15236,2020/6/1,223570.5714,20.21428571,"Single Family Residence, Residential",1940,2,3,8616.0,sqft,"Forced Air, Natural Gas",Central Air,unknown,203000.0,2,1.0,False,18.8,hard,1,0,0,1284.0,p1_slight,similar,hard_p1_slight
11392974,11429174,15236,2020/6/1,224054.4,21.6,SingleFamily,1949,2,3,9333.0,sqft,"Other, Forced air, Gas",Central,unknown,252000.0,15236,2020/6/1,198280.1111,27.77777778,SingleFamily,1930,3,3,8999.0,sqft,Other,Central,unknown,210000.0,2,1.0,False,16.666666666666664,hard,0,-1,19,334.0,equal,p1_slight,hard_equal
11429174,11429817,15236,2020/6/1,198280.1111,27.77777778,SingleFamily,1930,3,3,8999.0,sqft,Other,Central,unknown,210000.0,15236,2020/6/1,232710.1818,13.81818182,SingleFamily,1950,2,3,0.67,Acres,"Forced air, Gas",Central,unknown,260000.0,1,2.0,False,19.230769230769234,hard,0,1,-20,8998.33,equal,p2_newer,hard_equal
11467668,11506944,15236,2020/6/1,179516.0,23.0,SingleFamily,1955,2,3,6499.0,sqft,"Other, Gas",Central,unknown,145101.0,15236,2020/6/1,214185.7778,15.44444444,SingleFamily,1949,2,3,801.0,sqft,"Forced air, Gas",Central,unknown,218000.0,1,2.0,False,33.439908256880734,medium,0,0,6,5698.0,equal,p1_slight,medium_equal
11467668,59837342,15236,2020/6/1,179516.0,23.0,SingleFamily,1955,2,3,6499.0,sqft,"Other, Gas",Central,unknown,145101.0,15236,2020/6/1,213195.3333,14.66666667,SingleFamily,1940,2,3,0.27,Acres,"Other, Forced air, Gas",Central,unknown,210000.0,1,2.0,False,30.904285714285713,medium,0,0,15,6498.73,equal,p1_slight,medium_equal
11391135,11393497,15236,2020/7/1,129280.5,19.0,Townhouse,1994,2,2,2178.0,sqft,Other,Central,unknown,130000.0,15236,2020/7/1,135350.0,14.5,Townhouse,1985,2,2,1224.0,sqft,Heat pump,Central,unknown,158000.0,1,2.0,False,17.72151898734177,hard,0,0,9,954.0,equal,p1_slight,hard_equal
11393744,11429149,15236,2020/7/1,163973.1818,13.81818182,SingleFamily,1942,1,3,6242.0,sqft,"Forced air, Gas",Central,unknown,167500.0,15236,2020/7/1,162960.2222,13.88888889,SingleFamily,1940,2,3,7200.0,sqft,Other,Central,unknown,116500.0,2,1.0,False,30.447761194029848,medium,0,-1,2,-958.0,equal,p1_slight,medium_equal
11393744,11642370,15236,2020/7/1,163973.1818,13.81818182,SingleFamily,1942,1,3,6242.0,sqft,"Forced air, Gas",Central,unknown,167500.0,15236,2020/7/1,167726.0,18.0,SingleFamily,1963,1,3,0.4,Acres,Other,Central,unknown,128500.0,2,1.0,False,23.283582089552237,hard,0,0,-21,6241.6,equal,p2_newer,hard_equal
11393785,11467788,15236,2020/7/1,181799.7778,24.55555556,SingleFamily,1957,3,3,0.35,Acres,Other,Central,unknown,225000.0,15236,2020/7/1,201900.9,20.1,SingleFamily,1940,2,4,0.84,Acres,"Other, Gas",Central,unknown,185000.0,2,1.0,False,17.77777777777778,hard,-1,1,17,-0.49,p2_more,p1_slight,hard_p2_more
11393785,11467909,15236,2020/7/1,181799.7778,24.55555556,SingleFamily,1957,3,3,0.35,Acres,Other,Central,unknown,225000.0,15236,2020/7/1,178351.6667,20.0,SingleFamily,1986,2,3,6625.0,sqft,"Forced air, Gas",Central,unknown,169600.0,2,1.0,False,24.622222222222224,hard,0,1,-29,-6624.65,equal,p2_newer,hard_equal
11393785,11507664,15236,2020/7/1,181799.7778,24.55555556,SingleFamily,1957,3,3,0.35,Acres,Other,Central,unknown,225000.0,15236,2020/7/1,159933.2222,10.0,SingleFamily,1946,2,3,7800.0,sqft,"Forced air, Gas",Central,unknown,155000.0,2,1.0,False,31.11111111111111,medium,0,1,11,-7799.65,equal,p1_slight,medium_equal
11429149,11641569,15236,2020/7/1,162960.2222,13.88888889,SingleFamily,1940,2,3,7200.0,sqft,Other,Central,unknown,116500.0,15236,2020/7/1,153327.6,14.8,SingleFamily,1955,1,3,6660.0,sqft,Other,Central,unknown,162000.0,1,2.0,False,28.08641975308642,medium,0,1,-15,540.0,equal,similar,medium_equal
11429558,11507664,15236,2020/7/1,160945.5,19.4,SingleFamily,1956,2,3,0.32,Acres,Other,Central,unknown,199900.0,15236,2020/7/1,159933.2222,10.0,SingleFamily,1946,2,3,7800.0,sqft,"Forced air, Gas",Central,unknown,155000.0,2,1.0,False,22.461230615307652,hard,0,0,10,-7799.68,equal,p1_slight,hard_equal
11430733,11467748,15236,2020/7/1,182152.6667,13.88888889,SingleFamily,1955,2,3,8673.0,sqft,"Forced air, Gas",Central,unknown,212000.0,15236,2020/7/1,160627.6,12.0,SingleFamily,1956,2,4,0.5,Acres,Other,Central,unknown,149900.0,2,1.0,False,29.29245283018868,medium,-1,0,-1,8672.5,p2_more,similar,medium_p2_more
11470137,11507664,15236,2020/7/1,177969.7273,20.18181818,SingleFamily,1961,2,4,1.64,Acres,Other,Central,unknown,199000.0,15236,2020/7/1,159933.2222,10.0,SingleFamily,1946,2,3,7800.0,sqft,"Forced air, Gas",Central,unknown,155000.0,2,1.0,False,22.110552763819097,hard,1,0,15,-7798.36,p1_slight,p1_slight,hard_p1_slight
11470449,11506955,15236,2020/7/1,232008.0,19.0,SingleFamily,1964,3,4,1.83,Acres,Other,Central,unknown,255000.0,15236,2020/7/1,264309.7778,22.44444444,SingleFamily,1952,3,4,0.28,Acres,"Forced air, Gas",Central,unknown,376300.0,1,2.0,False,32.234918947648154,medium,0,0,12,1.55,equal,p1_slight,medium_equal
11470586,11506955,15236,2020/7/1,301763.6,15.6,SingleFamily,1970,3,4,0.25,Acres,Other,Central,unknown,240000.0,15236,2020/7/1,264309.7778,22.44444444,SingleFamily,1952,3,4,0.28,Acres,"Forced air, Gas",Central,unknown,376300.0,1,2.0,False,36.22110018602179,medium,0,0,18,-0.030000000000000027,equal,p1_slight,medium_equal
11506955,11546128,15236,2020/7/1,264309.7778,22.44444444,SingleFamily,1952,3,4,0.28,Acres,"Forced air, Gas",Central,unknown,376300.0,15236,2020/7/1,250809.0,19.11111111,SingleFamily,1958,4,4,9748.0,sqft,Other,Central,unknown,309900.0,2,1.0,False,17.645495615200637,hard,0,-1,-6,-9747.72,equal,similar,hard_equal
11506955,11547129,15236,2020/7/1,264309.7778,22.44444444,SingleFamily,1952,3,4,0.28,Acres,"Forced air, Gas",Central,unknown,376300.0,15236,2020/7/1,242325.0,17.0,"Single Family Residence, Residential",1977,3,3,0.28,Acres,"Forced Air, Natural Gas",Central Air,unknown,275000.0,2,1.0,False,26.920010629816638,medium,1,0,-25,0.0,p1_slight,p2_newer,medium_p1_slight
11506955,11578366,15236,2020/7/1,264309.7778,22.44444444,SingleFamily,1952,3,4,0.28,Acres,"Forced air, Gas",Central,unknown,376300.0,15236,2020/7/1,253508.1176,12.35294118,SingleFamily,1978,3,3,0.64,Acres,"Forced air, Gas",Central,unknown,226000.0,2,1.0,False,39.94153600850385,medium,1,0,-26,-0.36,p1_slight,p2_newer,medium_p1_slight
11506955,11578411,15236,2020/7/1,264309.7778,22.44444444,SingleFamily,1952,3,4,0.28,Acres,"Forced air, Gas",Central,unknown,376300.0,15236,2020/7/1,259119.5,15.125,SingleFamily,1974,3,4,9034.0,sqft,Other,Central,unknown,270000.0,2,1.0,False,28.24873770927451,medium,0,0,-22,-9033.72,equal,p2_newer,medium_equal
11508033,11546499,15236,2020/7/1,172378.3023,53.55305466,SingleFamily,1911,3,5,0.01,Acres,"Forced air, Gas",Central,unknown,245000.0,15236,2020/7/1,148319.8235,16.88235294,SingleFamily,1960,3,3,10201.0,sqft,"Other, Forced air, Gas",Central,unknown,197300.0,2,1.0,False,19.46938775510204,hard,2,0,-49,-10200.99,p1_much,p2_newer,hard_p1_much
11508033,11642370,15236,2020/7/1,172378.3023,53.55305466,SingleFamily,1911,3,5,0.01,Acres,"Forced air, Gas",Central,unknown,245000.0,15236,2020/7/1,167726.0,18.0,SingleFamily,1963,1,3,0.4,Acres,Other,Central,unknown,128500.0,2,1.0,False,47.55102040816326,easy,2,2,-52,-0.39,p1_much,p2_newer,easy_p1_much
11546279,11578366,15236,2020/7/1,276067.3333,14.08333333,SingleFamily,1957,3,4,0.31,Acres,Other,Central,unknown,280000.0,15236,2020/7/1,253508.1176,12.35294118,SingleFamily,1978,3,3,0.64,Acres,"Forced air, Gas",Central,unknown,226000.0,2,1.0,False,19.28571428571429,hard,1,0,-21,-0.33,p1_slight,p2_newer,hard_p1_slight
11393147,11506492,15236,2020/8/1,156344.8,14.9,SingleFamily,1951,2,3,5876.0,sqft,Other,Central,unknown,144000.0,15236,2020/8/1,174623.8182,16.45454545,"Single Family Residence, Residential",1950,2,3,0.26,Acres,"Forced Air, Natural Gas",Electric,unknown,180000.0,1,2.0,False,20.0,hard,0,0,1,5875.74,equal,p1_slight,hard_equal
11394062,11429536,15236,2020/8/1,158640.6364,13.54545455,"Single Family Residence, Residential",1953,1,2,7440.0,sqft,"Forced Air, Natural Gas",Central Air,unknown,165000.0,15236,2020/8/1,159150.7778,14.44444444,SingleFamily,1955,2,3,8751.0,sqft,Other,Central,unknown,130000.0,2,1.0,False,21.21212121212121,hard,-1,-1,-2,-1311.0,p2_more,similar,hard_p2_more
11428721,11468212,15236,2020/8/1,206578.0,32.0,SingleFamily,1937,2,4,7801.0,sqft,Other,Central,unknown,198500.0,15236,2020/8/1,162470.4,16.3,SingleFamily,1953,2,3,8071.0,sqft,Other,Central,unknown,155000.0,2,1.0,False,21.91435768261965,hard,1,0,-16,-270.0,p1_slight,similar,hard_p1_slight
11429536,11429923,15236,2020/8/1,159150.7778,14.44444444,SingleFamily,1955,2,3,8751.0,sqft,Other,Central,unknown,130000.0,15236,2020/8/1,172735.4545,12.27272727,SingleFamily,1951,2,3,5998.0,sqft,Other,Central,unknown,173000.0,1,2.0,False,24.85549132947977,hard,0,0,4,2753.0,equal,p1_slight,hard_equal
11429536,11469922,15236,2020/8/1,159150.7778,14.44444444,SingleFamily,1955,2,3,8751.0,sqft,Other,Central,unknown,130000.0,15236,2020/8/1,168569.0,17.0,"Single Family Residence, Residential",1954,1,3,6873.0,sqft,Natural Gas,Electric,unknown,175000.0,1,2.0,False,25.71428571428571,medium,0,1,1,1878.0,equal,p1_slight,medium_equal
11429536,11506492,15236,2020/8/1,159150.7778,14.44444444,SingleFamily,1955,2,3,8751.0,sqft,Other,Central,unknown,130000.0,15236,2020/8/1,174623.8182,16.45454545,"Single Family Residence, Residential",1950,2,3,0.26,Acres,"Forced Air, Natural Gas",Electric,unknown,180000.0,1,2.0,False,27.77777777777778,medium,0,0,5,8750.74,equal,p1_slight,medium_equal
11429639,11507792,15236,2020/8/1,178589.05,18.75,SingleFamily,1953,2,3,0.83,Acres,"Forced air, Gas",Central,unknown,255000.0,15236,2020/8/1,176246.4545,18.36363636,"Single Family Residence, Residential",1961,2,3,9687.0,sqft,"Forced Air, Natural Gas",Central Air,unknown,200000.0,2,1.0,False,21.568627450980394,hard,0,0,-8,-9686.17,equal,similar,hard_equal
11394215,11508239,15236,2020/9/1,143499.1818,27.27272727,"Single Family Residence, Residential",1942,1,3,7156.0,sqft,"Forced Air, Natural Gas","Central Air, Electric",unknown,165000.0,15236,2020/9/1,139674.0,16.4,"Single Family Residence, Residential",1954,2,2,8300.0,sqft,Natural Gas,"Central Air, Electric",unknown,129000.0,2,1.0,False,21.818181818181817,hard,1,-1,-12,-1144.0,p1_slight,similar,hard_p1_slight
11467578,11546023,15236,2020/9/1,132726.6,34.3,"Single Family Residence, Residential",1947,2,3,7453.0,sqft,"Natural Gas, Heat Pump",Central Air,unknown,174900.0,15236,2020/9/1,154238.4444,37.44444444,"Single Family Residence, Residential",1985,2,3,8450.0,sqft,Natural Gas,Central Air,unknown,249900.0,1,2.0,False,30.012004801920767,medium,0,0,-38,-997.0,equal,p2_newer,medium_equal
11468337,11546023,15236,2020/9/1,154791.1667,10.16666667,"Single Family Residence, Residential",1950,2,3,8807.0,sqft,"Forced Air, Natural Gas","Central Air, Electric",unknown,110000.0,15236,2020/9/1,154238.4444,37.44444444,"Single Family Residence, Residential",1985,2,3,8450.0,sqft,Natural Gas,Central Air,unknown,249900.0,1,2.0,False,55.98239295718287,easy,0,0,-35,357.0,equal,p2_newer,easy_equal
11469405,11508239,15236,2020/9/1,136662.4615,23.07692308,"Single Family Residence, Residential",1942,1,2,6000.0,sqft,"Forced Air, Natural Gas",Central Air,unknown,155000.0,15236,2020/9/1,139674.0,16.4,"Single Family Residence, Residential",1954,2,2,8300.0,sqft,Natural Gas,"Central Air, Electric",unknown,129000.0,2,1.0,False,16.7741935483871,hard,0,-1,-12,-2300.0,equal,similar,hard_equal
11467833,11468379,15236,2021/1/1,126314.0,32.0,"Single Family Residence, Residential",1957,1,3,6499.0,sqft,"Forced Air, Natural Gas",Central Air,unknown,131000.0,15236,2021/1/1,155246.5385,21.15384615,"Single Family Residence, Residential",1940,2,2,7971.0,sqft,"Forced Air, Natural Gas","Central Air, Electric",unknown,225000.0,1,2.0,False,41.77777777777778,easy,1,-1,17,-1472.0,p1_slight,p1_slight,easy_p1_slight
11468093,11546501,15236,2021/1/1,175517.0,18.0,"Single Family Residence, Residential",1951,2,3,7291.0,sqft,"Forced Air, Natural Gas",Central Air,unknown,177500.0,15236,2021/1/1,196426.6154,16.0,"Single Family Residence, Residential",1958,2,3,946.64,sqft,"Forced Air, Natural Gas",Central Air,unknown,140000.0,2,1.0,False,21.12676056338028,hard,0,0,-7,6344.36,equal,similar,hard_equal
11468115,11546501,15236,2021/1/1,167204.6154,22.0,"Single Family Residence, Residential",1942,2,3,7701.0,sqft,"Forced Air, Natural Gas","Central Air, Electric",unknown,197500.0,15236,2021/1/1,196426.6154,16.0,"Single Family Residence, Residential",1958,2,3,946.64,sqft,"Forced Air, Natural Gas",Central Air,unknown,140000.0,2,1.0,False,29.11392405063291,medium,0,0,-16,6754.36,equal,similar,medium_equal
11468379,11507007,15236,2021/1/1,155246.5385,21.15384615,"Single Family Residence, Residential",1940,2,2,7971.0,sqft,"Forced Air, Natural Gas","Central Air, Electric",unknown,225000.0,15236,2021/1/1,170899.8462,16.92307692,"Single Family Residence, Residential",1941,1,3,0.25,Acres,"Forced Air, Natural Gas",Central Air,unknown,156000.0,2,1.0,False,30.666666666666664,medium,-1,1,-1,7970.75,p2_more,similar,medium_p2_more
11299770,11469737,15236,2021/10/1,235962.7119,18.6779661,"Single Family Residence, Residential",1930,2,2,2.44,Acres,"Forced Air, Natural Gas","Window A/C, Central Air",unknown,265000.0,15236,2021/10/1,214400.0,11.65517241,"Single Family Residence, Residential",1949,3,3,3162.0,sqft,Natural Gas,Central Air,unknown,216500.0,2,1.0,False,18.30188679245283,hard,-1,-1,-19,-3159.56,p2_more,similar,hard_p2_more
11299770,11470081,15236,2021/10/1,235962.7119,18.6779661,"Single Family Residence, Residential",1930,2,2,2.44,Acres,"Forced Air, Natural Gas","Window A/C, Central Air",unknown,265000.0,15236,2021/10/1,171556.8493,49.98630137,"Single Family Residence, Residential",1920,2,3,7000.0,sqft,"Forced Air, Natural Gas",Central Air,unknown,149999.0,2,1.0,False,43.39660377358491,easy,-1,0,10,-6997.56,p2_more,p1_slight,easy_p2_more
11299770,11470528,15236,2021/10/1,235962.7119,18.6779661,"Single Family Residence, Residential",1930,2,2,2.44,Acres,"Forced Air, Natural Gas","Window A/C, Central Air",unknown,265000.0,15236,2021/10/1,201120.339,19.66101695,"Single Family Residence, Residential",1956,2,2,0.26,Acres,"Forced Air, Natural Gas",Central Air,unknown,215000.0,2,1.0,False,18.867924528301888,hard,0,0,-26,2.1799999999999997,equal,p2_newer,hard_equal
11393748,11506473,15236,2021/10/1,230638.8889,14.65277778,"Single Family Residence, Residential",1956,2,3,0.29,Acres,"Forced Air, Natural Gas",Central Air,unknown,236500.0,15236,2021/10/1,219317.2414,16.79310345,"Single Family Residence, Residential",1938,3,3,7871.0,sqft,"Forced Air, Natural Gas","Central Air, Electric",unknown,287000.0,1,2.0,False,17.59581881533101,hard,0,-1,18,-7870.71,equal,p1_slight,hard_equal
11394023,11470081,15236,2021/10/1,190577.9661,14.23728814,"Single Family Residence, Residential",1948,1,3,9217.0,sqft,"Forced Air, Natural Gas","Attic Fan, Central Air",unknown,187000.0,15236,2021/10/1,171556.8493,49.98630137,"Single Family Residence, Residential",1920,2,3,7000.0,sqft,"Forced Air, Natural Gas",Central Air,unknown,149999.0,2,1.0,False,19.78663101604278,hard,0,-1,28,2217.0,equal,p1_much,hard_equal
11430254,11506928,15236,2021/10/1,288023.7288,13.79661017,"Single Family Residence, Residential",1948,3,3,0.27,Acres,"Forced Air, Natural Gas",Central Air,unknown,300000.0,15236,2021/10/1,246418.9655,18.44827586,"Single Family Residence, Residential",1941,4,3,0.25,Acres,"Forced Air, Natural Gas","Central Air, Electric",unknown,230000.0,2,1.0,False,23.333333333333332,hard,0,-1,7,0.020000000000000018,equal,p1_slight,hard_equal
11430591,11470081,15236,2021/10/1,174706.7797,30.0,"Single Family Residence, Residential",1955,1,3,0.38,Acres,"Forced Air, Natural Gas",Central Air,unknown,200000.0,15236,2021/10/1,171556.8493,49.98630137,"Single Family Residence, Residential",1920,2,3,7000.0,sqft,"Forced Air, Natural Gas",Central Air,unknown,149999.0,2,1.0,False,25.0005,medium,0,-1,35,-6999.62,equal,p1_much,medium_equal
11469648,11470081,15236,2021/10/1,203495.2381,10.0,"Single Family Residence, Residential",1950,1,2,6599.0,sqft,"Forced Air, Natural Gas","Central Air, Electric",unknown,180000.0,15236,2021/10/1,171556.8493,49.98630137,"Single Family Residence, Residential",1920,2,3,7000.0,sqft,"Forced Air, Natural Gas",Central Air,unknown,149999.0,2,1.0,False,16.66722222222222,hard,-1,-1,30,-401.0,p2_more,p1_much,hard_p2_more
11469737,11470081,15236,2021/10/1,214400.0,11.65517241,"Single Family Residence, Residential",1949,3,3,3162.0,sqft,Natural Gas,Central Air,unknown,216500.0,15236,2021/10/1,171556.8493,49.98630137,"Single Family Residence, Residential",1920,2,3,7000.0,sqft,"Forced Air, Natural Gas",Central Air,unknown,149999.0,2,1.0,False,30.716397228637415,medium,0,1,29,-3838.0,equal,p1_much,medium_equal
11470081,11470528,15236,2021/10/1,171556.8493,49.98630137,"Single Family Residence, Residential",1920,2,3,7000.0,sqft,"Forced Air, Natural Gas",Central Air,unknown,149999.0,15236,2021/10/1,201120.339,19.66101695,"Single Family Residence, Residential",1956,2,2,0.26,Acres,"Forced Air, Natural Gas",Central Air,unknown,215000.0,1,2.0,False,30.23302325581395,medium,1,0,-36,6999.74,p1_slight,p2_newer,medium_p1_slight
11506473,11547168,15236,2021/10/1,219317.2414,16.79310345,"Single Family Residence, Residential",1938,3,3,7871.0,sqft,"Forced Air, Natural Gas","Central Air, Electric",unknown,287000.0,15236,2021/10/1,230650.8475,11.69491525,"Single Family Residence, Residential",1950,2,3,9343.0,sqft,"Forced Air, Natural Gas",Central Air,unknown,224900.0,2,1.0,False,21.637630662020907,hard,0,1,-12,-1472.0,equal,similar,hard_equal
11428218,11470357,15236,2021/11/1,188788.1356,10.74576271,"Single Family Residence, Residential",1970,2,4,5998.0,sqft,"Forced Air, Natural Gas",Central Air,unknown,191000.0,15236,2021/11/1,197542.8571,26.19047619,"Single Family Residence, Residential",1958,1,3,0.28,Acres,"Forced Air, Natural Gas",Central Air,unknown,255675.0,1,2.0,False,25.29578566539552,medium,1,1,12,5997.72,p1_slight,p1_slight,medium_p1_slight
11428241,11506649,15236,2021/11/1,215166.6667,24.66666667,"Single Family Residence, Residential",1951,2,3,0.26,Acres,"Forced Air, Natural Gas",Central Air,unknown,243900.0,15236,2021/11/1,209859.322,10.91525424,"Single Family Residence, Residential",1951,3,3,6006.0,sqft,"Forced Air, Natural Gas",Central Air,unknown,186500.0,2,1.0,False,23.534235342353423,hard,0,-1,0,-6005.74,equal,similar,hard_equal
11428241,11642326,15236,2021/11/1,215166.6667,24.66666667,"Single Family Residence, Residential",1951,2,3,0.26,Acres,"Forced Air, Natural Gas",Central Air,unknown,243900.0,15236,2021/11/1,175960.0,15.2,"Single Family Residence, Residential",1967,1,3,5052.0,sqft,Natural Gas,Central Air,unknown,184500.0,2,1.0,False,24.354243542435423,hard,0,1,-16,-5051.74,equal,similar,hard_equal
11428772,11506649,15236,2021/11/1,252138.9831,24.71186441,"Single Family Residence, Residential",1958,2,4,9099.0,sqft,"Forced Air, Natural Gas",Central Air,unknown,265000.0,15236,2021/11/1,209859.322,10.91525424,"Single Family Residence, Residential",1951,3,3,6006.0,sqft,"Forced Air, Natural Gas",Central Air,unknown,186500.0,2,1.0,False,29.62264150943396,medium,1,-1,7,3093.0,p1_slight,p1_slight,medium_p1_slight
11469245,11506649,15236,2021/11/1,231946.9388,11.55102041,"Single Family Residence, Residential",1959,2,3,7148.0,sqft,"Forced Air, Natural Gas",Central Air,unknown,239900.0,15236,2021/11/1,209859.322,10.91525424,"Single Family Residence, Residential",1951,3,3,6006.0,sqft,"Forced Air, Natural Gas",Central Air,unknown,186500.0,2,1.0,False,22.259274697790747,hard,0,-1,8,1142.0,equal,p1_slight,hard_equal
11469408,11469834,15236,2021/11/1,201156.8966,19.05172414,"Single Family Residence, Residential",1940,2,3,5998.0,sqft,"Forced Air, Natural Gas",Central Air,unknown,215000.0,15236,2021/11/1,173263.125,29.33333333,"Single Family Residence, Residential",1955,1,3,6930.0,sqft,"Forced Air, Natural Gas",Central Air,unknown,179000.0,2,1.0,False,16.74418604651163,hard,0,1,-15,-932.0,equal,similar,hard_equal
11470357,11506649,15236,2021/11/1,197542.8571,26.19047619,"Single Family Residence, Residential",1958,1,3,0.28,Acres,"Forced Air, Natural Gas",Central Air,unknown,255675.0,15236,2021/11/1,209859.322,10.91525424,"Single Family Residence, Residential",1951,3,3,6006.0,sqft,"Forced Air, Natural Gas",Central Air,unknown,186500.0,2,1.0,False,27.055832599980445,medium,0,-2,7,-6005.72,equal,p1_slight,medium_equal
11470357,11642326,15236,2021/11/1,197542.8571,26.19047619,"Single Family Residence, Residential",1958,1,3,0.28,Acres,"Forced Air, Natural Gas",Central Air,unknown,255675.0,15236,2021/11/1,175960.0,15.2,"Single Family Residence, Residential",1967,1,3,5052.0,sqft,Natural Gas,Central Air,unknown,184500.0,2,1.0,False,27.838075682018186,medium,0,0,-9,-5051.72,equal,similar,medium_equal
11506649,11546586,15236,2021/11/1,209859.322,10.91525424,"Single Family Residence, Residential",1951,3,3,6006.0,sqft,"Forced Air, Natural Gas",Central Air,unknown,186500.0,15236,2021/11/1,180032.2034,25.50847458,"Single Family Residence, Residential",1960,2,3,8433.0,sqft,"Forced Air, Natural Gas",Central Air,unknown,235000.0,1,2.0,False,20.638297872340424,hard,0,1,-9,-2427.0,equal,similar,hard_equal
11507472,11547072,15236,2021/11/1,342459.65,12.85,"Single Family Residence, Residential",1968,4,4,0.29,Acres,"Forced Air, Natural Gas",Central Air,unknown,341000.0,15236,2021/11/1,296900.0,20.0,"Single Family Residence, Residential",1982,3,4,0.37,Acres,"Forced Air, Natural Gas",Central Air,unknown,275000.0,2,1.0,False,19.35483870967742,hard,0,1,-14,-0.08000000000000002,equal,similar,hard_equal
11546586,11642326,15236,2021/11/1,180032.2034,25.50847458,"Single Family Residence, Residential",1960,2,3,8433.0,sqft,"Forced Air, Natural Gas",Central Air,unknown,235000.0,15236,2021/11/1,175960.0,15.2,"Single Family Residence, Residential",1967,1,3,5052.0,sqft,Natural Gas,Central Air,unknown,184500.0,2,1.0,False,21.48936170212766,hard,0,1,-7,3381.0,equal,similar,hard_equal
11392971,11469782,15236,2021/12/1,214393.75,14.72222222,"Single Family Residence, Residential",1950,2,2,0.29,Acres,"Forced Air, Natural Gas",Central Air,unknown,224000.0,15236,2021/12/1,193627.5862,14.68965517,"Single Family Residence, Residential",1958,2,3,2360.0,sqft,"Forced Air, Natural Gas",Central Air,unknown,166667.0,2,1.0,False,25.595089285714284,medium,-1,0,-8,-2359.71,p2_more,similar,medium_p2_more
11467729,11469544,15236,2021/12/1,175690.4762,14.57142857,"Single Family Residence, Residential",1952,2,3,7000.0,sqft,"Forced Air, Natural Gas","Central Air, Electric",unknown,150000.0,15236,2021/12/1,208428.5714,19.55102041,"Single Family Residence, Residential",1956,2,3,6000.0,sqft,"Forced Air, Natural Gas",Central Air,unknown,230000.0,1,2.0,False,34.78260869565217,medium,0,0,-4,1000.0,equal,similar,medium_equal
11506827,11547178,15236,2021/12/1,173014.1892,21.68243243,"Single Family Residence, Residential",1955,2,3,7800.0,sqft,Natural Gas,"Central Air, Electric",unknown,185000.0,15236,2021/12/1,214574.4361,26.9924812,"Single Family Residence, Residential",1953,2,3,9448.0,sqft,Natural Gas,Central Air,unknown,278900.0,1,2.0,False,33.667981355324486,medium,0,0,2,-1648.0,equal,p1_slight,medium_equal
11357135,11393121,15236,2021/2/1,189979.4,21.0,"Townhouse, Residential",1999,3,2,2926.0,sqft,"Forced Air, Natural Gas","Central Air, Electric",unknown,192500.0,15236,2021/2/1,189125.0,18.0,"Single Family Residence, Residential",1950,2,3,8999.0,sqft,"Forced Air, Natural Gas","Central Air, Electric",unknown,160000.0,2,1.0,False,16.883116883116884,hard,-1,1,49,-6073.0,p2_more,p1_much,hard_p2_more
11468782,11470158,15236,2021/2/1,195782.8462,22.23076923,"Single Family Residence, Residential",1951,3,4,7801.0,sqft,"Forced Air, Natural Gas",Central Air,unknown,328000.0,15236,2021/2/1,182916.5333,14.13333333,"Single Family Residence, Residential",1960,2,3,8799.0,sqft,"Forced Air, Natural Gas",Central Air,unknown,212000.0,2,1.0,False,35.36585365853659,medium,1,1,-9,-998.0,p1_slight,similar,medium_p1_slight
11506337,11506984,15236,2021/2/1,168121.0,21.0,"Single Family Residence, Residential",1956,2,3,7801.0,sqft,"Forced Air, Natural Gas",Central Air,unknown,239900.0,15236,2021/2/1,191165.0,25.0,"Single Family Residence, Residential",1939,2,4,7880.0,sqft,Natural Gas,Central Air,unknown,193000.0,2,1.0,False,19.549812421842436,hard,-1,0,17,-79.0,p2_more,p1_slight,hard_p2_more
11393043,11469604,15236,2021/3/1,180529.7143,14.85714286,"Single Family Residence, Residential",1946,2,3,7200.0,sqft,"Hot Water, Natural Gas",Window A/C,unknown,208000.0,15236,2021/3/1,172929.3077,13.30769231,"Single Family Residence, Residential",1955,2,3,7701.0,sqft,Natural Gas,Central Air,unknown,172000.0,2,1.0,False,17.307692307692307,hard,0,0,-9,-501.0,equal,similar,hard_equal
11430059,11469604,15236,2021/3/1,191850.5,13.5,"Single Family Residence, Residential",1950,2,3,6168.0,sqft,"Forced Air, Natural Gas",Electric,unknown,207000.0,15236,2021/3/1,172929.3077,13.30769231,"Single Family Residence, Residential",1955,2,3,7701.0,sqft,Natural Gas,Central Air,unknown,172000.0,2,1.0,False,16.908212560386474,hard,0,0,-5,-1533.0,equal,similar,hard_equal
11469584,11547219,15236,2021/3/1,188024.6,15.6,"Single Family Residence, Residential",1958,2,3,6599.0,sqft,Natural Gas,Central Air,unknown,185000.0,15236,2021/3/1,199927.5455,13.63636364,"Single Family Residence, Residential",1953,2,3,7692.0,sqft,"Forced Air, Natural Gas",Electric,unknown,243500.0,1,2.0,False,24.02464065708419,hard,0,0,5,-1093.0,equal,p1_slight,hard_equal
11546969,59837033,15236,2021/3/1,182806.0,21.0,"Single Family Residence, Residential",1949,2,3,9792.0,sqft,"Forced Air, Natural Gas",Central Air,unknown,170500.0,15236,2021/3/1,187378.25,13.0,"Townhouse, Residential",2002,3,2,1306.0,sqft,"Forced Air, Natural Gas",Central Air,unknown,205000.0,1,2.0,False,16.82926829268293,hard,1,-1,-53,8486.0,p1_slight,p2_newer,hard_p1_slight
11393772,62982812,15236,2021/4/1,303045.4444,13.55555556,"Single Family Residence, Residential",1963,3,4,0.29,Acres,"Forced Air, Natural Gas",Central Air,unknown,336000.0,15236,2021/4/1,273822.7692,10.38461538,"Single Family Residence, Residential",2002,3,3,4547.0,sqft,"Forced Air, Natural Gas",Central Air,unknown,262500.0,2,1.0,False,21.875,hard,1,0,-39,-4546.71,p1_slight,p2_newer,hard_p1_slight
11429616,11429711,15236,2021/4/1,245383.1818,12.45454545,"Single Family Residence, Residential",1960,2,4,7200.0,sqft,"Forced Air, Natural Gas",Central Air,unknown,259900.0,15236,2021/4/1,223565.1538,17.53846154,"Single Family Residence, Residential",1950,3,3,6250.0,sqft,"Forced Air, Natural Gas",Central Air,unknown,215000.0,2,1.0,False,17.275875336667948,hard,1,-1,10,950.0,p1_slight,p1_slight,hard_p1_slight
11429616,11470022,15236,2021/4/1,245383.1818,12.45454545,"Single Family Residence, Residential",1960,2,4,7200.0,sqft,"Forced Air, Natural Gas",Central Air,unknown,259900.0,15236,2021/4/1,224713.5,19.25,"Single Family Residence, Residential",1962,2,3,0.37,Acres,"Forced Air, Natural Gas","Central Air, Electric",unknown,190000.0,2,1.0,False,26.894959599846096,medium,1,0,-2,7199.63,p1_slight,similar,medium_p1_slight
11429616,11470250,15236,2021/4/1,245383.1818,12.45454545,"Single Family Residence, Residential",1960,2,4,7200.0,sqft,"Forced Air, Natural Gas",Central Air,unknown,259900.0,15236,2021/4/1,213580.5556,21.66666667,"Single Family Residence, Residential",1956,2,3,0.25,Acres,"Forced Air, Natural Gas",Central Air,unknown,215000.0,2,1.0,False,17.275875336667948,hard,1,0,4,7199.75,p1_slight,p1_slight,hard_p1_slight
11429616,11546644,15236,2021/4/1,245383.1818,12.45454545,"Single Family Residence, Residential",1960,2,4,7200.0,sqft,"Forced Air, Natural Gas",Central Air,unknown,259900.0,15236,2021/4/1,236862.0,22.0,"Single Family Residence, Residential",1958,3,3,8450.0,sqft,"Forced Air, Natural Gas","Central Air, Electric",unknown,215000.0,2,1.0,False,17.275875336667948,hard,1,-1,2,-1250.0,p1_slight,p1_slight,hard_p1_slight
11429711,11506285,15236,2021/4/1,223565.1538,17.53846154,"Single Family Residence, Residential",1950,3,3,6250.0,sqft,"Forced Air, Natural Gas",Central Air,unknown,215000.0,15236,2021/4/1,201303.0,18.30769231,"Single Family Residence, Residential",1958,2,3,7800.0,sqft,"Forced Air, Natural Gas",Central Air,unknown,165000.0,2,1.0,False,23.25581395348837,hard,0,1,-8,-1550.0,equal,similar,hard_equal
11429958,11469598,15236,2021/4/1,233045.8182,13.63636364,"Single Family Residence, Residential",1949,3,4,5998.0,sqft,"Baseboard, Electric",Electric,unknown,250000.0,15236,2021/4/1,220067.8,17.6,"Single Family Residence, Residential",1958,2,3,6695.0,sqft,"Forced Air, Natural Gas","Central Air, Wall Unit(s)",unknown,207000.0,2,1.0,False,17.2,hard,1,1,-9,-697.0,p1_slight,similar,hard_p1_slight
11429958,11470022,15236,2021/4/1,233045.8182,13.63636364,"Single Family Residence, Residential",1949,3,4,5998.0,sqft,"Baseboard, Electric",Electric,unknown,250000.0,15236,2021/4/1,224713.5,19.25,"Single Family Residence, Residential",1962,2,3,0.37,Acres,"Forced Air, Natural Gas","Central Air, Electric",unknown,190000.0,2,1.0,False,24.0,hard,1,1,-13,5997.63,p1_slight,similar,hard_p1_slight
11429958,11506285,15236,2021/4/1,233045.8182,13.63636364,"Single Family Residence, Residential",1949,3,4,5998.0,sqft,"Baseboard, Electric",Electric,unknown,250000.0,15236,2021/4/1,201303.0,18.30769231,"Single Family Residence, Residential",1958,2,3,7800.0,sqft,"Forced Air, Natural Gas",Central Air,unknown,165000.0,2,1.0,False,34.0,medium,1,1,-9,-1802.0,p1_slight,similar,medium_p1_slight
11430023,11506824,15236,2021/4/1,187223.0,14.0,"Single Family Residence, Residential",1948,2,3,5998.0,sqft,"Forced Air, Natural Gas",Central Air,unknown,192000.0,15236,2021/4/1,182415.0,17.0,"Single Family Residence, Residential",1950,2,3,7801.0,sqft,"Forced Air, Natural Gas","Central Air, Electric",unknown,157400.0,2,1.0,False,18.020833333333332,hard,0,0,-2,-1803.0,equal,similar,hard_equal
11430139,11506285,15236,2021/4/1,219532.6154,22.46153846,"Single Family Residence, Residential",1946,3,4,6629.0,sqft,"Forced Air, Natural Gas","Window A/C, Central Air",unknown,220000.0,15236,2021/4/1,201303.0,18.30769231,"Single Family Residence, Residential",1958,2,3,7800.0,sqft,"Forced Air, Natural Gas",Central Air,unknown,165000.0,2,1.0,False,25.0,hard,1,1,-12,-1171.0,p1_slight,similar,hard_p1_slight
11430139,11546616,15236,2021/4/1,219532.6154,22.46153846,"Single Family Residence, Residential",1946,3,4,6629.0,sqft,"Forced Air, Natural Gas","Window A/C, Central Air",unknown,220000.0,15236,2021/4/1,187426.0,16.0,"Single Family Residence, Residential",1957,2,3,8450.0,sqft,"Forced Air, Natural Gas",Central Air,unknown,167000.0,2,1.0,False,24.09090909090909,hard,1,1,-11,-1821.0,p1_slight,similar,hard_p1_slight
11468456,11506285,15236,2021/4/1,188108.0,16.0,"Single Family Residence, Residential",1957,2,3,6000.0,sqft,"Forced Air, Natural Gas","Central Air, Electric",unknown,205000.0,15236,2021/4/1,201303.0,18.30769231,"Single Family Residence, Residential",1958,2,3,7800.0,sqft,"Forced Air, Natural Gas",Central Air,unknown,165000.0,2,1.0,False,19.51219512195122,hard,0,0,-1,-1800.0,equal,similar,hard_equal
11468456,11546616,15236,2021/4/1,188108.0,16.0,"Single Family Residence, Residential",1957,2,3,6000.0,sqft,"Forced Air, Natural Gas","Central Air, Electric",unknown,205000.0,15236,2021/4/1,187426.0,16.0,"Single Family Residence, Residential",1957,2,3,8450.0,sqft,"Forced Air, Natural Gas",Central Air,unknown,167000.0,2,1.0,False,18.536585365853657,hard,0,0,0,-2450.0,equal,similar,hard_equal
11469391,11469727,15236,2021/4/1,189256.0909,14.0,"Single Family Residence, Residential",1949,1,3,5998.0,sqft,"Forced Air, Natural Gas",Central Air,unknown,195000.0,15236,2021/4/1,166131.75,18.75,"Single Family Residence, Residential",1953,2,2,7230.0,sqft,"Forced Air, Natural Gas","Central Air, Electric",unknown,145700.0,2,1.0,False,25.28205128205128,medium,1,-1,-4,-1232.0,p1_slight,similar,medium_p1_slight
11469598,11506285,15236,2021/4/1,220067.8,17.6,"Single Family Residence, Residential",1958,2,3,6695.0,sqft,"Forced Air, Natural Gas","Central Air, Wall Unit(s)",unknown,207000.0,15236,2021/4/1,201303.0,18.30769231,"Single Family Residence, Residential",1958,2,3,7800.0,sqft,"Forced Air, Natural Gas",Central Air,unknown,165000.0,2,1.0,False,20.28985507246377,hard,0,0,0,-1105.0,equal,similar,hard_equal
11469598,11546616,15236,2021/4/1,220067.8,17.6,"Single Family Residence, Residential",1958,2,3,6695.0,sqft,"Forced Air, Natural Gas","Central Air, Wall Unit(s)",unknown,207000.0,15236,2021/4/1,187426.0,16.0,"Single Family Residence, Residential",1957,2,3,8450.0,sqft,"Forced Air, Natural Gas",Central Air,unknown,167000.0,2,1.0,False,19.32367149758454,hard,0,0,1,-1755.0,equal,p1_slight,hard_equal
11470250,11506285,15236,2021/4/1,213580.5556,21.66666667,"Single Family Residence, Residential",1956,2,3,0.25,Acres,"Forced Air, Natural Gas",Central Air,unknown,215000.0,15236,2021/4/1,201303.0,18.30769231,"Single Family Residence, Residential",1958,2,3,7800.0,sqft,"Forced Air, Natural Gas",Central Air,unknown,165000.0,2,1.0,False,23.25581395348837,hard,0,0,-2,-7799.75,equal,similar,hard_equal
11470250,11546616,15236,2021/4/1,213580.5556,21.66666667,"Single Family Residence, Residential",1956,2,3,0.25,Acres,"Forced Air, Natural Gas",Central Air,unknown,215000.0,15236,2021/4/1,187426.0,16.0,"Single Family Residence, Residential",1957,2,3,8450.0,sqft,"Forced Air, Natural Gas",Central Air,unknown,167000.0,2,1.0,False,22.325581395348838,hard,0,0,-1,-8449.75,equal,similar,hard_equal
11506285,11506901,15236,2021/4/1,201303.0,18.30769231,"Single Family Residence, Residential",1958,2,3,7800.0,sqft,"Forced Air, Natural Gas",Central Air,unknown,165000.0,15236,2021/4/1,175567.4615,23.15384615,"Single Family Residence, Residential",1938,2,3,0.26,Acres,"Forced Air, Natural Gas",Central Air,unknown,205500.0,1,2.0,False,19.708029197080293,hard,0,0,20,7799.74,equal,p1_slight,hard_equal
11506824,11506901,15236,2021/4/1,182415.0,17.0,"Single Family Residence, Residential",1950,2,3,7801.0,sqft,"Forced Air, Natural Gas","Central Air, Electric",unknown,157400.0,15236,2021/4/1,175567.4615,23.15384615,"Single Family Residence, Residential",1938,2,3,0.26,Acres,"Forced Air, Natural Gas",Central Air,unknown,205500.0,1,2.0,False,23.40632603406326,hard,0,0,12,7800.74,equal,p1_slight,hard_equal
11546644,62982812,15236,2021/4/1,236862.0,22.0,"Single Family Residence, Residential",1958,3,3,8450.0,sqft,"Forced Air, Natural Gas","Central Air, Electric",unknown,215000.0,15236,2021/4/1,273822.7692,10.38461538,"Single Family Residence, Residential",2002,3,3,4547.0,sqft,"Forced Air, Natural Gas",Central Air,unknown,262500.0,1,2.0,False,18.095238095238095,hard,0,0,-44,3903.0,equal,p2_newer,hard_equal
11357381,11392802,15236,2021/5/1,269710.4,16.4,"Townhouse, Residential",1997,3,3,4347.0,sqft,"Forced Air, Natural Gas","Central Air, Electric",unknown,325000.0,15236,2021/5/1,251413.9286,18.64285714,"Single Family Residence, Residential",1940,2,3,9600.0,sqft,"Forced Air, Natural Gas","Central Air, Electric",unknown,245450.0,2,1.0,False,24.476923076923075,hard,0,1,57,-5253.0,equal,p1_much,hard_equal
11357381,11392941,15236,2021/5/1,269710.4,16.4,"Townhouse, Residential",1997,3,3,4347.0,sqft,"Forced Air, Natural Gas","Central Air, Electric",unknown,325000.0,15236,2021/5/1,252428.4444,24.77777778,"Single Family Residence, Residential",1948,4,3,8864.0,sqft,"Forced Air, Natural Gas",Central Air,unknown,225000.0,2,1.0,False,30.76923076923077,medium,0,-1,49,-4517.0,equal,p1_much,medium_equal
11357381,11468589,15236,2021/5/1,269710.4,16.4,"Townhouse, Residential",1997,3,3,4347.0,sqft,"Forced Air, Natural Gas","Central Air, Electric",unknown,325000.0,15236,2021/5/1,230567.1538,16.92307692,"Single Family Residence, Residential",1961,2,4,10079.0,sqft,"Forced Air, Natural Gas",Central Air,unknown,250000.0,2,1.0,False,23.076923076923077,hard,-1,1,36,-5732.0,p2_more,p1_much,hard_p2_more
11357381,11547261,15236,2021/5/1,269710.4,16.4,"Townhouse, Residential",1997,3,3,4347.0,sqft,"Forced Air, Natural Gas","Central Air, Electric",unknown,325000.0,15236,2021/5/1,239582.7778,16.77777778,"Single Family Residence, Residential",1956,2,4,0.36,Acres,Natural Gas,Central Air,unknown,234900.0,2,1.0,False,27.723076923076924,medium,-1,1,41,4346.64,p2_more,p1_much,medium_p2_more
11393017,11394137,15236,2021/5/1,188804.2857,14.28571429,"Single Family Residence, Residential",1935,2,2,9801.0,sqft,"Hot Water, Natural Gas",Central Air,unknown,210000.0,15236,2021/5/1,160161.0,28.0,"Single Family Residence, Residential",1950,2,2,6426.0,sqft,"Forced Air, Natural Gas","Central Air, Electric",unknown,165311.0,2,1.0,False,21.28047619047619,hard,0,0,-15,3375.0,equal,similar,hard_equal
11393999,11508296,15236,2021/5/1,149935.6667,22.44444444,"Single Family Residence, Residential",1954,2,2,6799.0,sqft,"Forced Air, Natural Gas",Central Air,unknown,165000.0,15236,2021/5/1,121340.7692,35.61538462,"Single Family Residence, Residential",1930,2,3,7300.0,sqft,"Forced Air, Natural Gas",Window A/C,unknown,127000.0,2,1.0,False,23.03030303030303,hard,-1,0,24,-501.0,p2_more,p1_much,hard_p2_more
11394137,11508296,15236,2021/5/1,160161.0,28.0,"Single Family Residence, Residential",1950,2,2,6426.0,sqft,"Forced Air, Natural Gas","Central Air, Electric",unknown,165311.0,15236,2021/5/1,121340.7692,35.61538462,"Single Family Residence, Residential",1930,2,3,7300.0,sqft,"Forced Air, Natural Gas",Window A/C,unknown,127000.0,2,1.0,False,23.175106314764292,hard,-1,0,20,-874.0,p2_more,p1_slight,hard_p2_more
11468489,11507889,15236,2021/5/1,300128.0,13.0,"Single Family Residence, Residential",1994,3,3,0.32,Acres,"Forced Air, Natural Gas","Central Air, Electric",unknown,405000.0,15236,2021/5/1,281345.5,11.75,"Single Family Residence, Residential",1965,3,4,8028.0,sqft,Natural Gas,Central Air,unknown,275000.0,2,1.0,False,32.098765432098766,medium,-1,0,29,-8027.68,p2_more,p1_much,medium_p2_more
11468489,11508423,15236,2021/5/1,300128.0,13.0,"Single Family Residence, Residential",1994,3,3,0.32,Acres,"Forced Air, Natural Gas","Central Air, Electric",unknown,405000.0,15236,2021/5/1,278181.0,20.25,"Single Family Residence, Residential",1960,3,4,9180.0,sqft,Natural Gas,Central Air,unknown,285000.0,2,1.0,False,29.629629629629626,medium,-1,0,34,-9179.68,p2_more,p1_much,medium_p2_more
11506916,11547261,15236,2021/5/1,226492.8182,17.27272727,"Single Family Residence, Residential",1939,2,3,9500.0,sqft,"Forced Air, Natural Gas",Central Air,unknown,290000.0,15236,2021/5/1,239582.7778,16.77777778,"Single Family Residence, Residential",1956,2,4,0.36,Acres,Natural Gas,Central Air,unknown,234900.0,2,1.0,False,19.0,hard,-1,0,-17,9499.64,p2_more,similar,hard_p2_more
11357406,11469828,15236,2021/6/1,214934.0,12.8,"Townhouse, Residential",1990,2,3,5140.0,sqft,"Forced Air, Electric",Central Air,unknown,224900.0,15236,2021/6/1,188807.0,15.0,"Single Family Residence, Residential",1958,1,3,5610.0,sqft,"Forced Air, Natural Gas",Central Air,unknown,180000.0,2,1.0,False,19.964428634948867,hard,0,1,32,-470.0,equal,p1_much,hard_equal
11429092,11507221,15236,2021/6/1,283537.7143,13.0,"Single Family Residence, Residential",1954,2,3,8999.0,sqft,"Forced Air, Natural Gas",Central Air,unknown,299000.0,15236,2021/6/1,249176.4545,20.81818182,"Single Family Residence, Residential",1940,3,3,8450.0,sqft,"Forced Air, Natural Gas",Central Air,unknown,239900.0,2,1.0,False,19.765886287625417,hard,0,-1,14,549.0,equal,p1_slight,hard_equal
11429865,119344771,15236,2021/6/1,240396.1667,20.08333333,"Single Family Residence, Residential",1967,3,3,0.28,Acres,"Forced Air, Natural Gas",Central Air,unknown,270000.0,15236,2021/6/1,217792.2727,23.27272727,"Single Family Residence, Residential",1940,3,4,9300.0,sqft,"Forced Air, Natural Gas",Central Air,unknown,210000.0,2,1.0,False,22.22222222222222,hard,-1,0,27,-9299.72,p2_more,p1_much,hard_p2_more
11430499,11508411,15236,2021/6/1,249963.6667,17.22222222,"Single Family Residence, Residential",1968,3,3,9099.0,sqft,Electric,Central Air,unknown,260000.0,15236,2021/6/1,225488.8571,13.71428571,"Single Family Residence, Residential",1956,3,3,9000.0,sqft,"Forced Air, Natural Gas",Central Air,unknown,210000.0,2,1.0,False,19.230769230769234,hard,0,0,12,99.0,equal,p1_slight,hard_equal
11430499,119344771,15236,2021/6/1,249963.6667,17.22222222,"Single Family Residence, Residential",1968,3,3,9099.0,sqft,Electric,Central Air,unknown,260000.0,15236,2021/6/1,217792.2727,23.27272727,"Single Family Residence, Residential",1940,3,4,9300.0,sqft,"Forced Air, Natural Gas",Central Air,unknown,210000.0,2,1.0,False,19.230769230769234,hard,-1,0,28,-201.0,p2_more,p1_much,hard_p2_more
11468042,11470170,15236,2021/6/1,168656.2105,15.15789474,"Single Family Residence, Residential",1950,3,3,7897.0,sqft,"Forced Air, Natural Gas",Central Air,unknown,235000.0,15236,2021/6/1,174460.2,13.8,"Single Family Residence, Residential",1959,2,3,7148.0,sqft,"Forced Air, Natural Gas",Central Air,unknown,170000.0,2,1.0,False,27.659574468085108,medium,0,1,-9,749.0,equal,similar,medium_equal
11354901,11547099,15236,2021/7/1,158926.0,14.0,"Townhouse, Residential",1980,2,2,1559.0,sqft,"Forced Air, Natural Gas",Central Air,unknown,150000.0,15236,2021/7/1,154433.0,34.22222222,"Single Family Residence, Townhouse, Residential",1910,1,3,9461.0,sqft,"Forced Air, Natural Gas","Central Air, Electric",unknown,114900.0,2,1.0,False,23.400000000000002,hard,-1,1,70,-7902.0,p2_more,p1_much,hard_p2_more
11430458,11547099,15236,2021/7/1,145743.0,30.0,"Single Family Residence, Residential",1950,1,2,0.42,Acres,"Forced Air, Natural Gas","Central Air, Electric",unknown,145000.0,15236,2021/7/1,154433.0,34.22222222,"Single Family Residence, Townhouse, Residential",1910,1,3,9461.0,sqft,"Forced Air, Natural Gas","Central Air, Electric",unknown,114900.0,2,1.0,False,20.75862068965517,hard,-1,0,40,-9460.58,p2_more,p1_much,hard_p2_more
11507922,11546398,15236,2021/7/1,273550.5455,15.18181818,"Single Family Residence, Residential",1969,3,4,0.25,Acres,"Forced Air, Natural Gas",Central Air,unknown,353000.0,15236,2021/7/1,256548.5652,14.39130435,"Single Family Residence, Residential",1978,3,3,7801.0,sqft,"Forced Air, Natural Gas",Central Air,unknown,258000.0,2,1.0,False,26.912181303116146,medium,1,0,-9,-7800.75,p1_slight,similar,medium_p1_slight
11394103,52560850,15236,2021/8/1,226298.8182,19.18181818,"Single Family Residence, Residential",1950,1,3,5998.0,sqft,"Forced Air, Natural Gas",Central Air,unknown,163000.0,15236,2021/8/1,243772.4783,12.86956522,"Townhouse, Residential",2000,2,2,3223.0,sqft,Natural Gas,Central Air,unknown,230000.0,1,2.0,False,29.130434782608695,medium,1,-1,-50,2775.0,p1_slight,p2_newer,medium_p1_slight
11467818,11468794,15236,2021/8/1,182434.9167,22.125,"Single Family Residence, Residential",1941,2,3,6499.0,sqft,"Forced Air, Natural Gas",Central Air,unknown,180000.0,15236,2021/8/1,216689.6552,29.55172414,"Single Family Residence, Residential",1940,2,3,9369.0,sqft,"Forced Air, Natural Gas","Central Air, Electric",unknown,260000.0,1,2.0,False,30.76923076923077,medium,0,0,1,-2870.0,equal,p1_slight,medium_equal
11468056,72260994,15236,2021/8/1,306960.6667,16.41666667,"Single Family Residence, Residential",1939,3,3,0.41,Acres,"Forced Air, Natural Gas",Central Air,unknown,295000.0,15236,2021/8/1,307085.3636,10.81818182,"Townhouse, Residential",2005,3,3,4452.0,sqft,"Forced Air, Natural Gas","Central Air, Electric",unknown,355000.0,1,2.0,False,16.901408450704224,hard,0,0,-66,-4451.59,equal,p2_newer,hard_equal
11468794,11469891,15236,2021/8/1,216689.6552,29.55172414,"Single Family Residence, Residential",1940,2,3,9369.0,sqft,"Forced Air, Natural Gas","Central Air, Electric",unknown,260000.0,15236,2021/8/1,193558.8235,16.05882353,"Single Family Residence, Residential",1957,2,2,6600.0,sqft,"Forced Air, Natural Gas",Central Air,unknown,203000.0,2,1.0,False,21.923076923076923,hard,1,0,-17,2769.0,p1_slight,similar,hard_p1_slight
11468794,11506869,15236,2021/8/1,216689.6552,29.55172414,"Single Family Residence, Residential",1940,2,3,9369.0,sqft,"Forced Air, Natural Gas","Central Air, Electric",unknown,260000.0,15236,2021/8/1,213413.85,19.15,"Single Family Residence, Residential",1960,2,3,0.36,Acres,"Forced Air, Natural Gas",Window A/C,unknown,206000.0,2,1.0,False,20.76923076923077,hard,0,0,-20,9368.64,equal,p2_newer,hard_equal
11507420,72260994,15236,2021/8/1,299518.75,10.0,"Single Family Residence, Residential",1958,3,4,9766.0,sqft,"Forced Air, Natural Gas",Central Air,unknown,290000.0,15236,2021/8/1,307085.3636,10.81818182,"Townhouse, Residential",2005,3,3,4452.0,sqft,"Forced Air, Natural Gas","Central Air, Electric",unknown,355000.0,1,2.0,False,18.30985915492958,hard,1,0,-47,5314.0,p1_slight,p2_newer,hard_p1_slight
11299877,11546727,15236,2021/9/1,201888.1356,16.27118644,"Single Family Residence, Residential",1959,2,3,6660.0,sqft,"Forced Air, Natural Gas",Central Air,unknown,189900.0,15236,2021/9/1,217757.6271,23.01694915,"Single Family Residence, Residential",1951,3,4,0.54,Acres,"Forced Air, Natural Gas",Central Air,unknown,140000.0,2,1.0,False,26.276987888362296,medium,-1,-1,8,6659.46,p2_more,p1_slight,medium_p2_more
11393437,11508145,15236,2021/9/1,177733.3333,15.0,"Townhouse, Residential",1985,2,2,1568.0,sqft,"Forced Air, Natural Gas",Central Air,unknown,170000.0,15236,2021/9/1,154620.6897,20.62068966,"Single Family Residence, Residential",1955,1,2,0.55,Acres,Hot Water,Window A/C,unknown,135000.0,2,1.0,False,20.588235294117645,hard,0,1,30,1567.45,equal,p1_much,hard_equal
11428260,11469540,15236,2021/9/1,208845.7627,17.86440678,"Single Family Residence, Residential",1939,2,3,9844.0,sqft,"Forced Air, Natural Gas",Central Air,unknown,165000.0,15236,2021/9/1,198300.0,25.0,"Single Family Residence, Residential",1955,1,3,7230.0,sqft,"Forced Air, Natural Gas",Central Air,unknown,208000.0,1,2.0,False,20.673076923076923,hard,0,1,-16,2614.0,equal,similar,hard_equal
11428267,11508145,15236,2021/9/1,182852.5424,15.15254237,"Single Family Residence, Residential",1948,1,3,0.25,Acres,"Forced Air, Natural Gas",Central Air,unknown,170000.0,15236,2021/9/1,154620.6897,20.62068966,"Single Family Residence, Residential",1955,1,2,0.55,Acres,Hot Water,Window A/C,unknown,135000.0,2,1.0,False,20.588235294117645,hard,1,0,-7,-0.30000000000000004,p1_slight,similar,hard_p1_slight
11428580,11470804,15236,2021/9/1,221188.1356,20.94915254,"Single Family Residence, Residential",1958,3,3,10375.0,sqft,"Forced Air, Natural Gas",Central Air,unknown,225000.0,15236,2021/9/1,259635.2941,15.11764706,"Single Family Residence, Residential",1970,2,3,9509.0,sqft,"Forced Air, Natural Gas",Central Air,unknown,273000.0,1,2.0,False,17.582417582417584,hard,0,1,-12,866.0,equal,similar,hard_equal
11428580,11546727,15236,2021/9/1,221188.1356,20.94915254,"Single Family Residence, Residential",1958,3,3,10375.0,sqft,"Forced Air, Natural Gas",Central Air,unknown,225000.0,15236,2021/9/1,217757.6271,23.01694915,"Single Family Residence, Residential",1951,3,4,0.54,Acres,"Forced Air, Natural Gas",Central Air,unknown,140000.0,2,1.0,False,37.77777777777778,medium,-1,0,7,10374.46,p2_more,p1_slight,medium_p2_more
11429502,11546149,15236,2021/9/1,156633.3333,16.33333333,"Single Family Residence, Residential",1959,2,2,7078.0,sqft,Natural Gas,Central Air,Attached Garage,139000.0,15236,2021/9/1,177733.3333,15.83333333,SingleFamily,1982,2,4,1800.0,sqft,Other,Central,Garage - Attached,235000.0,1,2.0,False,40.85106382978723,easy,-2,0,-23,5278.0,p2_more,p2_newer,easy_p2_more
11430308,11508145,15236,2021/9/1,172772.8814,17.3220339,"Single Family Residence, Residential",1944,1,2,0.32,Acres,"Forced Air, Natural Gas",Central Air,unknown,170000.0,15236,2021/9/1,154620.6897,20.62068966,"Single Family Residence, Residential",1955,1,2,0.55,Acres,Hot Water,Window A/C,unknown,135000.0,2,1.0,False,20.588235294117645,hard,0,0,-11,-0.23000000000000004,equal,similar,hard_equal
11430513,11470804,15236,2021/9/1,284922.0339,21.94915254,"Single Family Residence, Residential",1960,3,3,0.28,Acres,"Forced Air, Natural Gas",Central Air,unknown,336900.0,15236,2021/9/1,259635.2941,15.11764706,"Single Family Residence, Residential",1970,2,3,9509.0,sqft,"Forced Air, Natural Gas",Central Air,unknown,273000.0,2,1.0,False,18.96705253784506,hard,0,1,-10,-9508.72,equal,similar,hard_equal
11430513,11546492,15236,2021/9/1,284922.0339,21.94915254,"Single Family Residence, Residential",1960,3,3,0.28,Acres,"Forced Air, Natural Gas",Central Air,unknown,336900.0,15236,2021/9/1,244406.7797,14.91525424,"Single Family Residence, Residential",1957,2,3,0.4,Acres,"Forced Air, Natural Gas",Central Air,unknown,238000.0,2,1.0,False,29.355891956070053,medium,0,1,3,-0.12,equal,p1_slight,medium_equal
11467615,11469536,15236,2021/9/1,205293.1034,35.13793103,"Single Family Residence, Residential",1953,4,4,6499.0,sqft,"Natural Gas, Baseboard","Window A/C, Central Air",unknown,230000.0,15236,2021/9/1,199901.7241,11.44827586,"Single Family Residence, Residential",1950,2,3,6599.0,sqft,"Forced Air, Natural Gas",Central Air,unknown,187900.0,2,1.0,False,18.304347826086957,hard,1,2,3,-100.0,p1_slight,p1_slight,hard_p1_slight
11467615,11469887,15236,2021/9/1,205293.1034,35.13793103,"Single Family Residence, Residential",1953,4,4,6499.0,sqft,"Natural Gas, Baseboard","Window A/C, Central Air",unknown,230000.0,15236,2021/9/1,165035.2241,27.06896552,"Single Family Residence, Residential",1957,2,3,7156.0,sqft,"Forced Air, Natural Gas",Central Air,unknown,190000.0,2,1.0,False,17.391304347826086,hard,1,2,-4,-657.0,p1_slight,similar,hard_p1_slight
11470140,11546727,15236,2021/9/1,231122.0339,11.0,"Single Family Residence, Residential",1961,2,3,7148.0,sqft,"Forced Air, Natural Gas",Central Air,unknown,219900.0,15236,2021/9/1,217757.6271,23.01694915,"Single Family Residence, Residential",1951,3,4,0.54,Acres,"Forced Air, Natural Gas",Central Air,unknown,140000.0,2,1.0,False,36.33469758981355,medium,-1,-1,10,7147.46,p2_more,p1_slight,medium_p2_more
11470804,11546727,15236,2021/9/1,259635.2941,15.11764706,"Single Family Residence, Residential",1970,2,3,9509.0,sqft,"Forced Air, Natural Gas",Central Air,unknown,273000.0,15236,2021/9/1,217757.6271,23.01694915,"Single Family Residence, Residential",1951,3,4,0.54,Acres,"Forced Air, Natural Gas",Central Air,unknown,140000.0,2,1.0,False,48.717948717948715,easy,-1,-1,19,9508.46,p2_more,p1_slight,easy_p2_more
11506619,11508145,15236,2021/9/1,183983.0,15.0,"Single Family Residence, Residential",1945,1,2,7801.0,sqft,"Forced Air, Natural Gas","Window A/C, Central Air, Electric",unknown,190160.0,15236,2021/9/1,154620.6897,20.62068966,"Single Family Residence, Residential",1955,1,2,0.55,Acres,Hot Water,Window A/C,unknown,135000.0,2,1.0,False,29.007151872107702,medium,0,0,-10,7800.45,equal,similar,medium_equal
11507900,11546727,15236,2021/9/1,232434.4828,20.75862069,"Single Family Residence, Residential",1959,2,3,7772.0,sqft,"Forced Air, Natural Gas",Central Air,unknown,266000.0,15236,2021/9/1,217757.6271,23.01694915,"Single Family Residence, Residential",1951,3,4,0.54,Acres,"Forced Air, Natural Gas",Central Air,unknown,140000.0,2,1.0,False,47.368421052631575,easy,-1,-1,8,7771.46,p2_more,p1_slight,easy_p2_more
11546727,59836814,15236,2021/9/1,217757.6271,23.01694915,"Single Family Residence, Residential",1951,3,4,0.54,Acres,"Forced Air, Natural Gas",Central Air,unknown,140000.0,15236,2021/9/1,243886.8182,10.81818182,"Townhouse, Residential",2001,3,2,5401.0,sqft,"Forced Air, Natural Gas",Central Air,unknown,217500.0,1,2.0,False,35.63218390804598,medium,2,0,-50,-5400.46,p1_much,p2_newer,medium_p1_much
11468223,11468529,15236,2022/1/1,163534.6939,18.16326531,"Single Family Residence, Residential",1954,2,3,7257.0,sqft,"Forced Air, Natural Gas",Central Air,unknown,160000.0,15236,2022/1/1,184647.619,29.9047619,"Single Family Residence, Residential",1959,2,3,0.27,Acres,Natural Gas,Central Air,unknown,230000.0,1,2.0,False,30.434782608695656,medium,0,0,-5,7256.73,equal,similar,medium_equal
11468424,11469204,15236,2022/1/1,207997.9592,13.26530612,"Single Family Residence, Residential",1939,2,3,7657.0,sqft,"Forced Air, Natural Gas",Central Air,unknown,206000.0,15236,2022/1/1,184166.6667,21.11111111,"Single Family Residence, Residential",1954,0,3,9346.0,sqft,"Forced Air, Natural Gas",Central Air,unknown,160000.0,2,1.0,False,22.330097087378643,hard,0,2,-15,-1689.0,equal,similar,hard_equal
11469474,11506541,15236,2022/3/1,201899.3197,10.70748299,"Single Family Residence, Residential",1957,2,5,10506.0,sqft,"Hot Water, Natural Gas",Window A/C,unknown,225500.0,15236,2022/3/1,201145.2703,13.68243243,"Single Family Residence, Residential",1950,2,3,7779.0,sqft,"Forced Air, Natural Gas",Central Air,unknown,175000.0,2,1.0,False,22.394678492239468,hard,2,0,7,2727.0,p1_much,p1_slight,hard_p1_much
11393916,11394013,15236,2022/4/1,211457.1429,12.57142857,"Townhouse, Residential",1985,3,2,1306.0,sqft,"Forced Air, Natural Gas",Central Air,unknown,200000.0,15236,2022/4/1,183639.5833,21.97222222,"Single Family Residence, Residential",1941,2,3,4356.0,sqft,"Forced Air, Natural Gas",Central Air,unknown,155000.0,2,1.0,False,22.5,hard,-1,1,44,-3050.0,p2_more,p1_much,hard_p2_more
11430072,11547114,15236,2022/4/1,193986.2069,10.35172414,"Single Family Residence, Residential",1948,2,3,7165.0,sqft,"Forced Air, Natural Gas",Central Air,unknown,210000.0,15236,2022/4/1,205202.5,29.5,"Single Family Residence, Residential",1979,2,3,2877.0,sqft,"Forced Air, Natural Gas",Central Air,unknown,285000.0,1,2.0,False,26.31578947368421,medium,0,0,-31,4288.0,equal,p2_newer,medium_equal
11470364,11547114,15236,2022/4/1,183673.875,13.625,SingleFamily,1952,2,3,7152.0,sqft,"Other, Gas",Central,unknown,205000.0,15236,2022/4/1,205202.5,29.5,"Single Family Residence, Residential",1979,2,3,2877.0,sqft,"Forced Air, Natural Gas",Central Air,unknown,285000.0,1,2.0,False,28.07017543859649,medium,0,0,-27,4275.0,equal,p2_newer,medium_equal
11470644,11547114,15236,2022/4/1,197138.0952,15.9047619,"Single Family Residence, Residential",1956,2,3,6499.0,sqft,"Forced Air, Natural Gas",Central Air,unknown,193000.0,15236,2022/4/1,205202.5,29.5,"Single Family Residence, Residential",1979,2,3,2877.0,sqft,"Forced Air, Natural Gas",Central Air,unknown,285000.0,1,2.0,False,32.280701754385966,medium,0,0,-23,3622.0,equal,p2_newer,medium_equal
11507081,11547114,15236,2022/4/1,233192.3077,10.97435897,"Single Family Residence, Residential",1961,2,3,9944.0,sqft,"Forced Air, Natural Gas","Central Air, Electric",unknown,235000.0,15236,2022/4/1,205202.5,29.5,"Single Family Residence, Residential",1979,2,3,2877.0,sqft,"Forced Air, Natural Gas",Central Air,unknown,285000.0,1,2.0,False,17.543859649122805,hard,0,0,-18,7067.0,equal,similar,hard_equal
11547047,11547114,15236,2022/4/1,207105.2632,11.5037594,"Single Family Residence, Residential",1953,1,3,9400.0,sqft,"Forced Air, Natural Gas",Central Air,unknown,210000.0,15236,2022/4/1,205202.5,29.5,"Single Family Residence, Residential",1979,2,3,2877.0,sqft,"Forced Air, Natural Gas",Central Air,unknown,285000.0,1,2.0,False,26.31578947368421,medium,0,-1,-26,6523.0,equal,p2_newer,medium_equal
11547114,52560791,15236,2022/4/1,205202.5,29.5,"Single Family Residence, Residential",1979,2,3,2877.0,sqft,"Forced Air, Natural Gas",Central Air,unknown,285000.0,15236,2022/4/1,176400.0,19.0,"Single Family Residence, Residential",1958,2,3,7130.0,sqft,"Forced Air, Natural Gas",Central Air,unknown,190000.0,2,1.0,False,33.33333333333333,medium,0,0,21,-4253.0,equal,p1_much,medium_equal
11357423,11642359,15236,2022/5/1,212751.2821,14.0,"Townhouse, Residential",1991,2,2,1089.0,sqft,"Forced Air, Natural Gas","Central Air, Electric",unknown,210000.0,15236,2022/5/1,184573.3333,15.86666667,"Single Family Residence, Residential",1949,2,3,0.37,Acres,"Forced Air, Natural Gas",Central Air,unknown,173000.0,2,1.0,False,17.61904761904762,hard,-1,0,42,1088.63,p2_more,p1_much,hard_p2_more
11428839,11468553,15236,2022/5/1,226325.0,21.9,"Single Family Residence, Residential",1957,2,4,7026.0,sqft,"Forced Air, Natural Gas",Central Air,unknown,300000.0,15236,2022/5/1,217084.0,13.84,"Single Family Residence, Residential",1958,2,3,10759.0,sqft,"Forced Air, Natural Gas",Central Air,unknown,250000.0,2,1.0,False,16.666666666666664,hard,1,0,-1,-3733.0,p1_slight,similar,hard_p1_slight
11546599,11642359,15236,2022/5/1,189600.0,12.4,"Single Family Residence, Residential",1960,1,3,10759.0,sqft,"Forced Air, Natural Gas",Central Air,unknown,215000.0,15236,2022/5/1,184573.3333,15.86666667,"Single Family Residence, Residential",1949,2,3,0.37,Acres,"Forced Air, Natural Gas",Central Air,unknown,173000.0,2,1.0,False,19.53488372093023,hard,0,-1,11,10758.63,equal,p1_slight,hard_equal
11299851,11507979,15236,2022/6/1,217225.9259,13.82716049,"Single Family Residence, Residential",1958,2,3,6655.0,sqft,"Forced Air, Natural Gas",Central Air,unknown,220000.0,15236,2022/6/1,227184.6154,26.92307692,"Single Family Residence, Residential",1940,3,3,0.32,Acres,"Hot Water, Natural Gas",Central Air,unknown,375000.0,1,2.0,False,41.333333333333336,easy,0,-1,18,6654.68,equal,p1_slight,easy_equal
11354924,11506911,15236,2022/6/1,161200.0,15.89010989,"Townhouse, Residential",1980,2,2,1324.0,sqft,"Forced Air, Natural Gas","Central Air, Electric",unknown,167500.0,15236,2022/6/1,155111.3636,21.61363636,"Single Family Residence, Residential",1946,1,3,7557.0,sqft,"Forced Air, Natural Gas",Electric,unknown,134900.0,2,1.0,False,19.462686567164177,hard,-1,1,34,-6233.0,p2_more,p1_much,hard_p2_more
11354924,11508272,15236,2022/6/1,161200.0,15.89010989,"Townhouse, Residential",1980,2,2,1324.0,sqft,"Forced Air, Natural Gas","Central Air, Electric",unknown,167500.0,15236,2022/6/1,152006.6667,22.84444444,"Single Family Residence, Residential",1951,2,4,6220.0,sqft,Natural Gas,Central Air,unknown,120000.0,2,1.0,False,28.35820895522388,medium,-2,0,29,-4896.0,p2_more,p1_much,medium_p2_more
11393420,11507979,15236,2022/6/1,233300.0,17.5,"Single Family Residence, Residential",1955,2,3,7949.0,sqft,"Forced Air, Natural Gas",Central Air,unknown,249000.0,15236,2022/6/1,227184.6154,26.92307692,"Single Family Residence, Residential",1940,3,3,0.32,Acres,"Hot Water, Natural Gas",Central Air,unknown,375000.0,1,2.0,False,33.6,medium,0,-1,15,7948.68,equal,p1_slight,medium_equal
11394130,11507979,15236,2022/6/1,255510.8696,13.85869565,"Single Family Residence, Residential",1947,3,4,6499.0,sqft,"Forced Air, Natural Gas",Central Air,unknown,305000.0,15236,2022/6/1,227184.6154,26.92307692,"Single Family Residence, Residential",1940,3,3,0.32,Acres,"Hot Water, Natural Gas",Central Air,unknown,375000.0,1,2.0,False,18.666666666666668,hard,1,0,7,6498.68,p1_slight,p1_slight,hard_p1_slight
11394130,11641582,15236,2022/6/1,255510.8696,13.85869565,"Single Family Residence, Residential",1947,3,4,6499.0,sqft,"Forced Air, Natural Gas",Central Air,unknown,305000.0,15236,2022/6/1,248743.5897,11.02564103,"Single Family Residence, Residential",1971,3,3,7840.0,sqft,"Forced Air, Natural Gas",Central Air,unknown,242500.0,2,1.0,False,20.491803278688526,hard,1,0,-24,-1341.0,p1_slight,p2_newer,hard_p1_slight
11428044,11430282,15236,2022/6/1,180579.4545,18.81818182,SingleFamily,1966,2,2,0.48,Acres,Other,Central,unknown,320000.0,15236,2022/6/1,194059.1398,16.27956989,"Single Family Residence, Residential",1946,1,3,5301.0,sqft,"Forced Air, Natural Gas",Central Air,unknown,196000.0,2,1.0,False,38.75,medium,-1,1,20,-5300.52,p2_more,p1_slight,medium_p2_more
11428044,11467606,15236,2022/6/1,180579.4545,18.81818182,SingleFamily,1966,2,2,0.48,Acres,Other,Central,unknown,320000.0,15236,2022/6/1,172033.3333,17.57777778,"Single Family Residence, Residential",1953,2,3,7287.0,sqft,"Forced Air, Natural Gas","Central Air, Electric",unknown,139900.0,2,1.0,False,56.28125000000001,easy,-1,0,13,-7286.52,p2_more,p1_slight,easy_p2_more
11428044,11469897,15236,2022/6/1,180579.4545,18.81818182,SingleFamily,1966,2,2,0.48,Acres,Other,Central,unknown,320000.0,15236,2022/6/1,197269.5652,16.26086957,"Single Family Residence, Residential",1958,1,3,6534.0,sqft,"Forced Air, Natural Gas",Central Air,unknown,205000.0,2,1.0,False,35.9375,medium,-1,1,8,-6533.52,p2_more,p1_slight,medium_p2_more
11428044,11469987,15236,2022/6/1,180579.4545,18.81818182,SingleFamily,1966,2,2,0.48,Acres,Other,Central,unknown,320000.0,15236,2022/6/1,160191.3043,30.08695652,"Single Family Residence, Residential",1938,2,3,0.43,Acres,"Forced Air, Natural Gas",Central Air,unknown,204000.0,2,1.0,False,36.25,medium,-1,0,28,0.04999999999999999,p2_more,p1_much,medium_p2_more
11428044,11470307,15236,2022/6/1,180579.4545,18.81818182,SingleFamily,1966,2,2,0.48,Acres,Other,Central,unknown,320000.0,15236,2022/6/1,204891.3043,17.17391304,"Single Family Residence, Residential",1956,2,3,7801.0,sqft,Natural Gas,Electric,unknown,247000.0,2,1.0,False,22.8125,hard,-1,0,10,-7800.52,p2_more,p1_slight,hard_p2_more
11428044,11470643,15236,2022/6/1,180579.4545,18.81818182,SingleFamily,1966,2,2,0.48,Acres,Other,Central,unknown,320000.0,15236,2022/6/1,189906.4516,19.34408602,"Single Family Residence, Residential",1956,2,3,4500.0,sqft,"Forced Air, Natural Gas","Central Air, Electric",unknown,207000.0,2,1.0,False,35.3125,medium,-1,0,10,-4499.52,p2_more,p1_slight,medium_p2_more
11428044,11508272,15236,2022/6/1,180579.4545,18.81818182,SingleFamily,1966,2,2,0.48,Acres,Other,Central,unknown,320000.0,15236,2022/6/1,152006.6667,22.84444444,"Single Family Residence, Residential",1951,2,4,6220.0,sqft,Natural Gas,Central Air,unknown,120000.0,2,1.0,False,62.5,easy,-2,0,15,-6219.52,p2_more,p1_slight,easy_p2_more
11428044,11641572,15236,2022/6/1,180579.4545,18.81818182,SingleFamily,1966,2,2,0.48,Acres,Other,Central,unknown,320000.0,15236,2022/6/1,192428.75,22.425,"Single Family Residence, Residential",1956,2,2,6586.0,sqft,"Forced Air, Natural Gas",Central Air,unknown,174500.0,2,1.0,False,45.46875,easy,0,0,10,-6585.52,equal,p1_slight,easy_equal
11429177,11506911,15236,2022/6/1,186847.2527,16.82417582,"Single Family Residence, Residential",1955,1,2,7200.0,sqft,Natural Gas,"Central Air, Electric",unknown,184000.0,15236,2022/6/1,155111.3636,21.61363636,"Single Family Residence, Residential",1946,1,3,7557.0,sqft,"Forced Air, Natural Gas",Electric,unknown,134900.0,2,1.0,False,26.684782608695652,medium,-1,0,9,-357.0,p2_more,p1_slight,medium_p2_more
11467606,11469987,15236,2022/6/1,172033.3333,17.57777778,"Single Family Residence, Residential",1953,2,3,7287.0,sqft,"Forced Air, Natural Gas","Central Air, Electric",unknown,139900.0,15236,2022/6/1,160191.3043,30.08695652,"Single Family Residence, Residential",1938,2,3,0.43,Acres,"Forced Air, Natural Gas",Central Air,unknown,204000.0,1,2.0,False,31.42156862745098,medium,0,0,15,7286.57,equal,p1_slight,medium_equal
11468711,11507979,15236,2022/6/1,214186.9565,18.34782609,"Single Family Residence, Residential",1950,2,3,8677.0,sqft,"Forced Air, Natural Gas",Central Air,unknown,290000.0,15236,2022/6/1,227184.6154,26.92307692,"Single Family Residence, Residential",1940,3,3,0.32,Acres,"Hot Water, Natural Gas",Central Air,unknown,375000.0,1,2.0,False,22.666666666666664,hard,0,-1,10,8676.68,equal,p1_slight,hard_equal
11469987,11508272,15236,2022/6/1,160191.3043,30.08695652,"Single Family Residence, Residential",1938,2,3,0.43,Acres,"Forced Air, Natural Gas",Central Air,unknown,204000.0,15236,2022/6/1,152006.6667,22.84444444,"Single Family Residence, Residential",1951,2,4,6220.0,sqft,Natural Gas,Central Air,unknown,120000.0,2,1.0,False,41.17647058823529,easy,-1,0,-13,-6219.57,p2_more,similar,easy_p2_more
11506540,11507979,15236,2022/6/1,232515.9091,11.52272727,"Single Family Residence, Residential",1951,2,3,7840.0,sqft,"Forced Air, Natural Gas",Central Air,unknown,247000.0,15236,2022/6/1,227184.6154,26.92307692,"Single Family Residence, Residential",1940,3,3,0.32,Acres,"Hot Water, Natural Gas",Central Air,unknown,375000.0,1,2.0,False,34.13333333333333,medium,0,-1,11,7839.68,equal,p1_slight,medium_equal
11507355,11507979,15236,2022/6/1,235300.0,19.0,"Single Family Residence, Residential",1960,3,3,7840.0,sqft,"Forced Air, Natural Gas",Central Air,unknown,257000.0,15236,2022/6/1,227184.6154,26.92307692,"Single Family Residence, Residential",1940,3,3,0.32,Acres,"Hot Water, Natural Gas",Central Air,unknown,375000.0,1,2.0,False,31.466666666666665,medium,0,0,20,7839.68,equal,p1_slight,medium_equal
11507979,11578336,15236,2022/6/1,227184.6154,26.92307692,"Single Family Residence, Residential",1940,3,3,0.32,Acres,"Hot Water, Natural Gas",Central Air,unknown,375000.0,15236,2022/6/1,262883.3333,17.33333333,"Single Family Residence, Residential",1974,3,4,9539.0,sqft,"Forced Air, Natural Gas",Central Air,unknown,257500.0,2,1.0,False,31.333333333333336,medium,-1,0,-34,-9538.68,p2_more,p2_newer,medium_p2_more
11507979,11641582,15236,2022/6/1,227184.6154,26.92307692,"Single Family Residence, Residential",1940,3,3,0.32,Acres,"Hot Water, Natural Gas",Central Air,unknown,375000.0,15236,2022/6/1,248743.5897,11.02564103,"Single Family Residence, Residential",1971,3,3,7840.0,sqft,"Forced Air, Natural Gas",Central Air,unknown,242500.0,2,1.0,False,35.333333333333336,medium,0,0,-31,-7839.68,equal,p2_newer,medium_equal
11441935,11484913,15237,2019/11/1,250865.2,15.6,SingleFamily,1946,3,3,9740.0,sqft,"Gas, Forced air, Baseboard, Electric",Central,unknown,217500.0,15237,2019/11/1,249343.0,15.7,SingleFamily,1950,3,3,9757.0,sqft,"Forced air, Gas",Central,unknown,160000.0,2,1.0,False,26.436781609195403,medium,0,0,-4,-17.0,equal,similar,medium_equal
11441935,11589678,15237,2019/11/1,250865.2,15.6,SingleFamily,1946,3,3,9740.0,sqft,"Gas, Forced air, Baseboard, Electric",Central,unknown,217500.0,15237,2019/11/1,274698.7692,11.30769231,SingleFamily,1964,2,3,10585.0,sqft,"Forced air, Gas",Central,unknown,275000.0,1,2.0,False,20.909090909090907,hard,0,1,-18,-845.0,equal,similar,hard_equal
11441935,121887952,15237,2019/11/1,250865.2,15.6,SingleFamily,1946,3,3,9740.0,sqft,"Gas, Forced air, Baseboard, Electric",Central,unknown,217500.0,15237,2019/11/1,275497.0769,10.0,"Townhouse, Residential",2012,3,3,2818.0,sqft,"Forced Air, Natural Gas","Central Air, Electric",unknown,268000.0,1,2.0,False,18.84328358208955,hard,0,0,-66,6922.0,equal,p2_newer,hard_equal
11484094,11484913,15237,2019/11/1,215422.0,21.0,SingleFamily,1950,3,3,0.28,Acres,"Other, Forced air, Gas",Central,unknown,205000.0,15237,2019/11/1,249343.0,15.7,SingleFamily,1950,3,3,9757.0,sqft,"Forced air, Gas",Central,unknown,160000.0,2,1.0,False,21.951219512195124,hard,0,0,0,-9756.72,equal,similar,hard_equal
11484913,11559470,15237,2019/11/1,249343.0,15.7,SingleFamily,1950,3,3,9757.0,sqft,"Forced air, Gas",Central,unknown,160000.0,15237,2019/11/1,229272.6,11.0,SingleFamily,1978,2,3,0.45,Acres,Other,Central,unknown,222500.0,1,2.0,False,28.08988764044944,medium,0,1,-28,9756.55,equal,p2_newer,medium_equal
11484913,11589678,15237,2019/11/1,249343.0,15.7,SingleFamily,1950,3,3,9757.0,sqft,"Forced air, Gas",Central,unknown,160000.0,15237,2019/11/1,274698.7692,11.30769231,SingleFamily,1964,2,3,10585.0,sqft,"Forced air, Gas",Central,unknown,275000.0,1,2.0,False,41.81818181818181,easy,0,1,-14,-828.0,equal,similar,easy_equal
11484913,121887952,15237,2019/11/1,249343.0,15.7,SingleFamily,1950,3,3,9757.0,sqft,"Forced air, Gas",Central,unknown,160000.0,15237,2019/11/1,275497.0769,10.0,"Townhouse, Residential",2012,3,3,2818.0,sqft,"Forced Air, Natural Gas","Central Air, Electric",unknown,268000.0,1,2.0,False,40.298507462686565,easy,0,0,-62,6939.0,equal,p2_newer,easy_equal
11589023,61261629,15237,2019/11/1,419255.2,14.2,SingleFamily,1994,4,4,0.26,Acres,Other,Central,unknown,424900.0,15237,2019/11/1,460740.0,23.0,SingleFamily,2002,3,4,9469.0,sqft,"Forced air, Gas",Central,unknown,510000.0,1,2.0,False,16.686274509803923,hard,0,1,-8,-9468.74,equal,similar,hard_equal
11589678,11590526,15237,2019/11/1,274698.7692,11.30769231,SingleFamily,1964,2,3,10585.0,sqft,"Forced air, Gas",Central,unknown,275000.0,15237,2019/11/1,262506.0,18.0,SingleFamily,1952,3,3,0.32,Acres,"Forced air, Gas",Other,unknown,195000.0,2,1.0,False,29.09090909090909,medium,0,-1,12,10584.68,equal,p1_slight,medium_equal
11589946,11590526,15237,2019/11/1,222985.9,18.45,"Single Family Residence, Residential",1952,2,4,0.5,Acres,"Forced Air, Natural Gas",Central Air,unknown,249900.0,15237,2019/11/1,262506.0,18.0,SingleFamily,1952,3,3,0.32,Acres,"Forced air, Gas",Other,unknown,195000.0,2,1.0,False,21.968787515006003,hard,1,-1,0,0.18,p1_slight,similar,hard_p1_slight
11481578,11617760,15237,2019/7/1,198149.2,10.0,SingleFamily,1950,2,3,0.58,Acres,Other,Central,Garage - Attached,179000.0,15237,2019/7/1,211123.0769,10.0,SingleFamily,1950,2,3,9517.0,sqft,"Forced air, Gas",Central,Garage - Attached,215000.0,1,2.0,False,16.74418604651163,hard,0,0,0,-9516.42,equal,similar,hard_equal
11643820,119344881,15237,2019/7/1,312568.0588,10.47058824,"Single Family Residence, Residential",1945,3,4,0.57,Acres,"Forced Air, Natural Gas",Central Air,unknown,290000.0,15237,2019/7/1,345624.8462,10.0,SingleFamily,2012,2,2,6425.0,sqft,Other,Central,unknown,363900.0,1,2.0,False,20.307776861775213,hard,2,1,-67,-6424.43,p1_much,p2_newer,hard_p1_much
11558438,11590292,15237,2019/8/1,256193.25,12.25,SingleFamily,1965,4,4,3265.0,sqft,"Forced air, Gas",Central,unknown,375000.0,15237,2019/8/1,276541.2069,10.0,"Single Family Residence, Residential",1975,3,4,0.35,Acres,"Forced Air, Natural Gas","Central Air, Electric",unknown,253900.0,2,1.0,False,32.29333333333334,medium,0,1,-10,3264.65,equal,similar,medium_equal
11616739,164697312,15237,2019/8/1,386863.8095,10.57142857,SingleFamily,1975,3,4,2208.0,sqft,"Forced air, Gas",Central,unknown,465000.0,15237,2019/8/1,351788.3333,10.0,Townhouse,2015,3,3,2326.0,sqft,"Forced air, Gas",Central,unknown,335000.0,2,1.0,False,27.956989247311824,medium,1,0,-40,-118.0,p1_slight,p2_newer,medium_p1_slight
11523281,118479550,15237,2020/1/1,286503.0,14.5,SingleFamily,1969,4,3,0.29,Acres,Other,Central,unknown,193325.0,15237,2020/1/1,298682.7368,18.10526316,"Townhouse, Residential",2012,4,3,2922.0,sqft,"Forced Air, Natural Gas",Central Air,unknown,293000.0,1,2.0,False,34.018771331058026,medium,0,0,-43,-2921.71,equal,p2_newer,medium_equal
11481776,11485053,15237,2020/10/1,274804.3846,13.46153846,"Single Family Residence, Residential",1949,2,3,0.26,Acres,"Forced Air, Natural Gas","Central Air, Electric",unknown,310000.0,15237,2020/10/1,262832.2,17.46666667,"Single Family Residence, Residential",1950,3,3,0.02,Acres,"Forced Air, Natural Gas",Central Air,unknown,249899.0,2,1.0,False,19.38741935483871,hard,0,-1,-1,0.24000000000000002,equal,similar,hard_equal
11522998,11523221,15237,2020/10/1,193201.0,10.0,"Townhouse, Residential",1975,3,3,871.2,sqft,"Forced Air, Natural Gas",Central Air,unknown,225000.0,15237,2020/10/1,189426.0,23.0,"Single Family Residence, Residential",1954,2,2,10500.0,sqft,"Forced Air, Natural Gas",Central Air,unknown,180678.0,2,1.0,False,19.698666666666668,hard,1,1,21,-9628.8,p1_slight,p1_much,hard_p1_slight
11523221,11559195,15237,2020/10/1,189426.0,23.0,"Single Family Residence, Residential",1954,2,2,10500.0,sqft,"Forced Air, Natural Gas",Central Air,unknown,180678.0,15237,2020/10/1,202361.9,14.2,"Single Family Residence, Residential",1950,2,2,0.3,Acres,"Forced Air, Natural Gas",Central Air,unknown,226000.0,1,2.0,False,20.053982300884957,hard,0,0,4,10499.7,equal,p1_slight,hard_equal
11557521,11616727,15237,2020/10/1,335320.2667,22.13333333,"Single Family Residence, Residential",1978,3,4,0.25,Acres,Natural Gas,"Central Air, Electric",unknown,353000.0,15237,2020/10/1,372904.0,18.0,"Single Family Residence, Residential",1960,3,4,0.01,Acres,"Forced Air, Natural Gas","Central Air, Electric",unknown,434100.0,1,2.0,False,18.68233126007832,hard,0,0,18,0.24,equal,p1_slight,hard_equal
11616727,11643051,15237,2020/10/1,372904.0,18.0,"Single Family Residence, Residential",1960,3,4,0.01,Acres,"Forced Air, Natural Gas","Central Air, Electric",unknown,434100.0,15237,2020/10/1,422864.0,19.0,"Single Family Residence, Residential",1935,2,3,0.92,Acres,"Hot Water, Natural Gas",Central Air,unknown,360000.0,2,1.0,False,17.069799585349,hard,1,1,25,-0.91,p1_slight,p1_much,hard_p1_slight
11616727,115826528,15237,2020/10/1,372904.0,18.0,"Single Family Residence, Residential",1960,3,4,0.01,Acres,"Forced Air, Natural Gas","Central Air, Electric",unknown,434100.0,15237,2020/10/1,335595.9167,11.16666667,"Townhouse, Residential",2010,4,4,3258.0,sqft,"Forced Air, Natural Gas","Central Air, Electric",unknown,335000.0,2,1.0,False,22.828841280810874,hard,0,-1,-50,-3257.99,equal,p2_newer,hard_equal
11409318,11481710,15237,2020/11/1,217731.0,20.0,SingleFamily,1948,1,3,10653.0,sqft,"Forced air, Gas",Central,unknown,236000.0,15237,2020/11/1,181432.5,22.9,"Single Family Residence, Residential",1945,2,3,0.4,Acres,"Hot Water, Natural Gas",Window A/C,unknown,110000.0,2,1.0,False,53.38983050847458,easy,0,-1,3,10652.6,equal,p1_slight,easy_equal
11409318,11481992,15237,2020/11/1,217731.0,20.0,SingleFamily,1948,1,3,10653.0,sqft,"Forced air, Gas",Central,unknown,236000.0,15237,2020/11/1,186309.8462,15.0,"Single Family Residence, Residential",1931,2,3,468.8,sqft,"Forced Air, Natural Gas",Central Air,unknown,183000.0,2,1.0,False,22.45762711864407,hard,0,-1,17,10184.2,equal,p1_slight,hard_equal
11409318,11558334,15237,2020/11/1,217731.0,20.0,SingleFamily,1948,1,3,10653.0,sqft,"Forced air, Gas",Central,unknown,236000.0,15237,2020/11/1,206544.0,13.66666667,"Single Family Residence, Residential",1963,2,3,5300.0,sqft,"Forced Air, Natural Gas","Central Air, Electric",unknown,194500.0,2,1.0,False,17.584745762711865,hard,0,-1,-15,5353.0,equal,similar,hard_equal
11481710,11481992,15237,2020/11/1,181432.5,22.9,"Single Family Residence, Residential",1945,2,3,0.4,Acres,"Hot Water, Natural Gas",Window A/C,unknown,110000.0,15237,2020/11/1,186309.8462,15.0,"Single Family Residence, Residential",1931,2,3,468.8,sqft,"Forced Air, Natural Gas",Central Air,unknown,183000.0,1,2.0,False,39.89071038251366,medium,0,0,14,-468.40000000000003,equal,p1_slight,medium_equal
11558229,11617455,15237,2020/11/1,274901.2308,14.61538462,"Single Family Residence, Residential",1966,3,3,8160.0,sqft,"Forced Air, Natural Gas",Central Air,unknown,275000.0,15237,2020/11/1,328844.2727,27.45454545,"Single Family Residence, Residential",1880,3,3,1.46,Acres,"Hot Water, Natural Gas","Window A/C, Wall Unit(s)",unknown,435000.0,1,2.0,False,36.7816091954023,medium,0,0,86,8158.54,equal,p1_much,medium_equal
11617455,11618516,15237,2020/11/1,328844.2727,27.45454545,"Single Family Residence, Residential",1880,3,3,1.46,Acres,"Hot Water, Natural Gas","Window A/C, Wall Unit(s)",unknown,435000.0,15237,2020/11/1,322748.6364,14.90909091,"Single Family Residence, Residential",1959,3,3,0.47,Acres,"Forced Air, Natural Gas",Central Air,unknown,300000.0,2,1.0,False,31.03448275862069,medium,0,0,-79,0.99,equal,p2_newer,medium_equal
11617503,11618516,15237,2020/11/1,344501.4,16.1,"Single Family Residence, Residential",1962,4,4,0.31,Acres,"Forced Air, Natural Gas",Central Air,unknown,390000.0,15237,2020/11/1,322748.6364,14.90909091,"Single Family Residence, Residential",1959,3,3,0.47,Acres,"Forced Air, Natural Gas",Central Air,unknown,300000.0,2,1.0,False,23.076923076923077,hard,1,1,3,-0.15999999999999998,p1_slight,p1_slight,hard_p1_slight
11617602,11618516,15237,2020/11/1,338619.6667,12.33333333,"Single Family Residence, Residential",1949,2,5,0.01,Acres,"Forced Air, Natural Gas",Central Air,unknown,389000.0,15237,2020/11/1,322748.6364,14.90909091,"Single Family Residence, Residential",1959,3,3,0.47,Acres,"Forced Air, Natural Gas",Central Air,unknown,300000.0,2,1.0,False,22.87917737789203,hard,2,-1,-10,-0.45999999999999996,p1_much,similar,hard_p1_much
11370489,11616581,15237,2020/12/1,473208.1667,28.5,"Single Family Residence, Residential",1863,5,5,3.5,Acres,"Forced Air, Natural Gas","Other, Central Air",unknown,590000.0,15237,2020/12/1,485033.1538,11.07692308,"Single Family Residence, Residential",1999,3,4,0.46,Acres,"Forced Air, Natural Gas",Central Air,unknown,439000.0,2,1.0,False,25.593220338983052,medium,1,2,-136,3.04,p1_slight,p2_newer,medium_p1_slight
11370489,119344606,15237,2020/12/1,473208.1667,28.5,"Single Family Residence, Residential",1863,5,5,3.5,Acres,"Forced Air, Natural Gas","Other, Central Air",unknown,590000.0,15237,2020/12/1,466204.2,17.13333333,SingleFamily,2011,4,4,0.42,Acres,"Forced air, Gas",Central,unknown,489000.0,2,1.0,False,17.11864406779661,hard,1,1,-148,3.08,p1_slight,p2_newer,hard_p1_slight
11481865,11558581,15237,2020/12/1,219571.0,15.91666667,"Single Family Residence, Residential",1956,2,3,6250.0,sqft,"Forced Air, Natural Gas",Central Air,unknown,210000.0,15237,2020/12/1,247852.3333,11.33333333,"Single Family Residence, Residential",1950,1,3,10500.0,sqft,"Forced Air, Natural Gas",Central Air,unknown,260000.0,1,2.0,False,19.230769230769234,hard,0,1,6,-4250.0,equal,p1_slight,hard_equal
11616704,11617428,15237,2020/12/1,266325.0769,15.07692308,"Single Family Residence, Residential",1958,2,2,1.26,Acres,"Forced Air, Natural Gas",Central Air,unknown,284200.0,15237,2020/12/1,308778.0,18.0,"Single Family Residence, Residential",1970,3,3,0.28,Acres,"Forced Air, Natural Gas","Central Air, Electric",unknown,220000.0,2,1.0,False,22.58972554539057,hard,-1,-1,-12,0.98,p2_more,similar,hard_p2_more
11617295,11617428,15237,2020/12/1,276879.8462,17.61538462,"Single Family Residence, Residential",1925,2,4,1.08,Acres,Natural Gas,Electric,unknown,390000.0,15237,2020/12/1,308778.0,18.0,"Single Family Residence, Residential",1970,3,3,0.28,Acres,"Forced Air, Natural Gas","Central Air, Electric",unknown,220000.0,2,1.0,False,43.58974358974359,easy,1,-1,-45,0.8,p1_slight,p2_newer,easy_p1_slight
11617295,11617489,15237,2020/12/1,276879.8462,17.61538462,"Single Family Residence, Residential",1925,2,4,1.08,Acres,Natural Gas,Electric,unknown,390000.0,15237,2020/12/1,335072.6923,21.0,"Single Family Residence, Residential",1965,2,4,0.25,Acres,"Forced Air, Natural Gas",Central Air,unknown,300000.0,2,1.0,False,23.076923076923077,hard,0,0,-40,0.8300000000000001,equal,p2_newer,hard_equal
11617295,11643925,15237,2020/12/1,276879.8462,17.61538462,"Single Family Residence, Residential",1925,2,4,1.08,Acres,Natural Gas,Electric,unknown,390000.0,15237,2020/12/1,308841.0,13.0,"Single Family Residence, Residential",1983,3,4,0.28,Acres,"Forced Air, Natural Gas",Central Air,unknown,290000.0,2,1.0,False,25.64102564102564,medium,0,-1,-58,0.8,equal,p2_newer,medium_equal
11617295,119346049,15237,2020/12/1,276879.8462,17.61538462,"Single Family Residence, Residential",1925,2,4,1.08,Acres,Natural Gas,Electric,unknown,390000.0,15237,2020/12/1,292522.0,18.0,"Single Family Residence, Residential",1951,2,3,0.99,Acres,"Forced Air, Natural Gas","Central Air, Electric",unknown,292000.0,2,1.0,False,25.128205128205128,medium,1,0,-26,0.09000000000000008,p1_slight,p2_newer,medium_p1_slight
11617428,11617489,15237,2020/12/1,308778.0,18.0,"Single Family Residence, Residential",1970,3,3,0.28,Acres,"Forced Air, Natural Gas","Central Air, Electric",unknown,220000.0,15237,2020/12/1,335072.6923,21.0,"Single Family Residence, Residential",1965,2,4,0.25,Acres,"Forced Air, Natural Gas",Central Air,unknown,300000.0,1,2.0,False,26.666666666666668,medium,-1,1,5,0.030000000000000027,p2_more,p1_slight,medium_p2_more
11481949,11590373,15237,2020/3/1,226039.5,13.3,SingleFamily,1964,3,3,0.46,Acres,Other,Central,Garage - Attached,170000.0,15237,2020/3/1,243424.6667,17.22222222,SingleFamily,1962,3,3,9374.0,sqft,"Forced air, Gas",Central,Garage - Attached,305000.0,1,2.0,False,44.26229508196721,easy,0,0,2,-9373.54,equal,p1_slight,easy_equal
11481949,11616598,15237,2020/3/1,226039.5,13.3,SingleFamily,1964,3,3,0.46,Acres,Other,Central,Garage - Attached,170000.0,15237,2020/3/1,237335.5,16.5,SingleFamily,1955,2,3,0.43,Acres,"Forced air, Gas",Central,Garage - Attached,240000.0,1,2.0,False,29.166666666666668,medium,0,1,9,0.030000000000000027,equal,p1_slight,medium_equal
11523469,11559336,15237,2020/3/1,267654.0,19.0,SingleFamily,1952,2,3,0.39,Acres,"Forced air, Gas",Central,unknown,229750.0,15237,2020/3/1,272347.0,19.0,SingleFamily,1970,3,4,0.31,Acres,Other,Central,unknown,305000.0,1,2.0,False,24.672131147540984,hard,-1,-1,-18,0.08000000000000002,p2_more,similar,hard_p2_more
11442100,11523138,15237,2020/4/1,304892.0,21.0,SingleFamily,1988,3,4,0.36,Acres,Other,Central,unknown,395000.0,15237,2020/4/1,279859.0,14.0,SingleFamily,1965,3,5,10280.0,sqft,"Forced air, Gas",Central,unknown,297000.0,2,1.0,False,24.81012658227848,hard,-1,0,23,-10279.64,p2_more,p1_much,hard_p2_more
11521929,11522027,15237,2020/5/1,266564.2,13.6,SingleFamily,1964,3,5,0.76,Acres,Other,Central,unknown,250000.0,15237,2020/5/1,305345.0909,13.63636364,SingleFamily,1940,2,4,0.3,Acres,"Forced air, Gas",Central,unknown,318000.0,1,2.0,False,21.38364779874214,hard,1,1,24,0.46,p1_slight,p1_much,hard_p1_slight
11409259,11617759,15237,2020/6/1,250274.4545,13.27272727,SingleFamily,1950,2,4,10214.0,sqft,Other,Central,unknown,255000.0,15237,2020/6/1,218139.3333,25.11111111,"Single Family Residence, Residential",1944,3,3,9600.0,sqft,"Forced Air, Natural Gas",Central Air,unknown,177000.0,2,1.0,False,30.58823529411765,medium,1,-1,6,614.0,p1_slight,p1_slight,medium_p1_slight
11409259,11643467,15237,2020/6/1,250274.4545,13.27272727,SingleFamily,1950,2,4,10214.0,sqft,Other,Central,unknown,255000.0,15237,2020/6/1,236976.5455,14.45454545,"Single Family Residence, Residential",1939,2,3,0.37,Acres,"Forced Air, Natural Gas","Central Air, Wall Unit(s)",unknown,192000.0,2,1.0,False,24.705882352941178,hard,1,0,11,10213.63,p1_slight,p1_slight,hard_p1_slight
11484986,11643467,15237,2020/6/1,250370.75,15.75,SingleFamily,1950,2,3,0.27,Acres,"Other, Forced air, Gas",Central,unknown,259000.0,15237,2020/6/1,236976.5455,14.45454545,"Single Family Residence, Residential",1939,2,3,0.37,Acres,"Forced Air, Natural Gas","Central Air, Wall Unit(s)",unknown,192000.0,2,1.0,False,25.868725868725868,medium,0,0,11,-0.09999999999999998,equal,p1_slight,medium_equal
11485026,11616749,15237,2020/6/1,271759.3636,11.09090909,SingleFamily,1978,3,3,0.47,Acres,"Forced air, Gas",Central,unknown,276000.0,15237,2020/6/1,291775.0,15.0,SingleFamily,1965,3,4,0.25,Acres,Other,Central,unknown,339900.0,1,2.0,False,18.79964695498676,hard,-1,0,13,0.21999999999999997,p2_more,p1_slight,hard_p2_more
11521590,11617759,15237,2020/6/1,211911.8182,19.09090909,SingleFamily,1968,2,3,0.6,Acres,Forced air,Other,unknown,230000.0,15237,2020/6/1,218139.3333,25.11111111,"Single Family Residence, Residential",1944,3,3,9600.0,sqft,"Forced Air, Natural Gas",Central Air,unknown,177000.0,2,1.0,False,23.043478260869566,hard,0,-1,24,-9599.4,equal,p1_much,hard_equal
11522602,11617759,15237,2020/6/1,261296.0,20.0,SingleFamily,1960,3,4,0.26,Acres,Other,Central,unknown,333900.0,15237,2020/6/1,218139.3333,25.11111111,"Single Family Residence, Residential",1944,3,3,9600.0,sqft,"Forced Air, Natural Gas",Central Air,unknown,177000.0,2,1.0,False,46.99011680143755,easy,1,0,16,-9599.74,p1_slight,p1_slight,easy_p1_slight
11522602,11643467,15237,2020/6/1,261296.0,20.0,SingleFamily,1960,3,4,0.26,Acres,Other,Central,unknown,333900.0,15237,2020/6/1,236976.5455,14.45454545,"Single Family Residence, Residential",1939,2,3,0.37,Acres,"Forced Air, Natural Gas","Central Air, Wall Unit(s)",unknown,192000.0,2,1.0,False,42.497753818508535,easy,1,1,21,-0.10999999999999999,p1_slight,p1_much,easy_p1_slight
11558387,11617759,15237,2020/6/1,210300.8889,17.0,"Single Family Residence, Residential",1955,2,2,7548.0,sqft,Natural Gas,Central Air,unknown,227500.0,15237,2020/6/1,218139.3333,25.11111111,"Single Family Residence, Residential",1944,3,3,9600.0,sqft,"Forced Air, Natural Gas",Central Air,unknown,177000.0,2,1.0,False,22.197802197802197,hard,-1,-1,11,-2052.0,p2_more,p1_slight,hard_p2_more
11559338,11616749,15237,2020/6/1,304659.6364,16.54545455,SingleFamily,1967,3,4,10454.0,sqft,Other,Central,unknown,275000.0,15237,2020/6/1,291775.0,15.0,SingleFamily,1965,3,4,0.25,Acres,Other,Central,unknown,339900.0,1,2.0,False,19.093851132686083,hard,0,0,2,10453.75,equal,p1_slight,hard_equal
11590245,11617759,15237,2020/6/1,225271.8889,17.77777778,SingleFamily,1960,2,3,9147.0,sqft,Other,Central,unknown,255000.0,15237,2020/6/1,218139.3333,25.11111111,"Single Family Residence, Residential",1944,3,3,9600.0,sqft,"Forced Air, Natural Gas",Central Air,unknown,177000.0,2,1.0,False,30.58823529411765,medium,0,-1,16,-453.0,equal,p1_slight,medium_equal
11590387,11617759,15237,2020/6/1,218223.7273,14.54545455,SingleFamily,1974,1,3,0.57,Acres,Other,Central,unknown,220500.0,15237,2020/6/1,218139.3333,25.11111111,"Single Family Residence, Residential",1944,3,3,9600.0,sqft,"Forced Air, Natural Gas",Central Air,unknown,177000.0,2,1.0,False,19.727891156462583,hard,0,-2,30,-9599.43,equal,p1_much,hard_equal
11590947,11643489,15237,2020/6/1,440385.6667,11.55555556,SingleFamily,1965,3,5,0.41,Acres,"Forced air, Gas",Central,unknown,443000.0,15237,2020/6/1,447872.375,15.0,SingleFamily,1905,3,4,0.01,Acres,"Radiant, Forced air, Gas","Other, Central",unknown,542500.0,1,2.0,False,18.34101382488479,hard,1,0,60,0.39999999999999997,p1_slight,p1_much,hard_p1_slight
11409776,11558472,15237,2020/7/1,165379.0,13.0,Townhouse,1978,2,3,1484.0,sqft,"Electric, Heat pump",Central,unknown,159900.0,15237,2020/7/1,182247.5,17.33333333,SingleFamily,1950,2,2,10497.0,sqft,Other,Central,unknown,193500.0,1,2.0,False,17.364341085271317,hard,1,0,28,-9013.0,p1_slight,p1_much,hard_p1_slight
11409776,11618494,15237,2020/7/1,165379.0,13.0,Townhouse,1978,2,3,1484.0,sqft,"Electric, Heat pump",Central,unknown,159900.0,15237,2020/7/1,192963.9,18.2,SingleFamily,1954,2,2,10497.0,sqft,Other,Central,unknown,260000.0,1,2.0,False,38.5,medium,1,0,24,-9013.0,p1_slight,p1_much,medium_p1_slight
11440812,11521560,15237,2020/7/1,295825.4167,15.91666667,SingleFamily,1981,3,4,9114.0,sqft,Forced air,Central,unknown,300000.0,15237,2020/7/1,310667.6,18.9,SingleFamily,1966,3,4,0.7,Acres,"Other, Forced air, Gas",Central,unknown,360000.0,1,2.0,False,16.666666666666664,hard,0,0,15,9113.3,equal,p1_slight,hard_equal
11442089,11617609,15237,2020/7/1,397524.3333,18.66666667,SingleFamily,1965,4,5,0.72,Acres,Other,Central,unknown,450000.0,15237,2020/7/1,344541.8,13.0,SingleFamily,1993,3,4,1.46,Acres,Other,Central,unknown,360000.0,2,1.0,False,20.0,hard,1,1,-28,-0.74,p1_slight,p2_newer,hard_p1_slight
11485567,11523307,15237,2020/7/1,198393.7273,23.63636364,SingleFamily,1930,2,2,0.58,Acres,Other,unknown,unknown,235000.0,15237,2020/7/1,177222.6667,19.33333333,SingleFamily,1954,1,3,0.39,Acres,Other,unknown,unknown,179900.0,2,1.0,False,23.4468085106383,hard,-1,1,-24,0.18999999999999995,p2_more,p2_newer,hard_p2_more
11521560,11617639,15237,2020/7/1,310667.6,18.9,SingleFamily,1966,3,4,0.7,Acres,"Other, Forced air, Gas",Central,unknown,360000.0,15237,2020/7/1,285886.0,11.6,SingleFamily,1965,3,5,0.27,Acres,Other,Central,unknown,280000.0,2,1.0,False,22.22222222222222,hard,-1,0,1,0.42999999999999994,p2_more,p1_slight,hard_p2_more
11522176,11618494,15237,2020/7/1,200303.5556,15.77777778,SingleFamily,1953,1,3,0.5,Acres,"Forced air, Gas",Central,unknown,207250.0,15237,2020/7/1,192963.9,18.2,SingleFamily,1954,2,2,10497.0,sqft,Other,Central,unknown,260000.0,1,2.0,False,20.28846153846154,hard,1,-1,-1,-10496.5,p1_slight,similar,hard_p1_slight
11522518,11590312,15237,2020/7/1,321430.1111,15.44444444,SingleFamily,1951,3,4,1.1,Acres,Other,Central,unknown,385000.0,15237,2020/7/1,296686.8889,13.77777778,SingleFamily,1962,3,5,0.26,Acres,"Forced air, Gas",Central,unknown,320000.0,2,1.0,False,16.883116883116884,hard,-1,0,-11,0.8400000000000001,p2_more,similar,hard_p2_more
11522518,11617639,15237,2020/7/1,321430.1111,15.44444444,SingleFamily,1951,3,4,1.1,Acres,Other,Central,unknown,385000.0,15237,2020/7/1,285886.0,11.6,SingleFamily,1965,3,5,0.27,Acres,Other,Central,unknown,280000.0,2,1.0,False,27.27272727272727,medium,-1,0,-14,0.8300000000000001,p2_more,similar,medium_p2_more
11589127,87995611,15237,2020/7/1,430815.3333,10.0,SingleFamily,1992,3,4,0.49,Acres,"Forced air, Gas",Central,unknown,364815.0,15237,2020/7/1,439929.3,11.8,SingleFamily,2007,3,4,0.26,Acres,"Other, Gas",Central,unknown,475000.0,1,2.0,False,23.19684210526316,hard,0,0,-15,0.22999999999999998,equal,similar,hard_equal
11589127,92379316,15237,2020/7/1,430815.3333,10.0,SingleFamily,1992,3,4,0.49,Acres,"Forced air, Gas",Central,unknown,364815.0,15237,2020/7/1,459572.0,11.0,SingleFamily,2009,3,4,0.29,Acres,Other,Central,unknown,464900.0,1,2.0,False,21.528285652828565,hard,0,0,-17,0.2,equal,similar,hard_equal
11643874,87995611,15237,2020/7/1,398854.625,12.25,SingleFamily,1948,3,4,0.51,Acres,Other,Central,unknown,377500.0,15237,2020/7/1,439929.3,11.8,SingleFamily,2007,3,4,0.26,Acres,"Other, Gas",Central,unknown,475000.0,1,2.0,False,20.526315789473685,hard,0,0,-59,0.25,equal,p2_newer,hard_equal
11440690,11557886,15237,2020/8/1,307496.4444,11.55555556,"Single Family Residence, Residential",1989,3,4,0.25,Acres,"Forced Air, Natural Gas",Central Air,unknown,330000.0,15237,2020/8/1,318457.3333,18.0,SingleFamily,1950,3,5,0.38,Acres,"Forced air, Gas",Central,unknown,269900.0,2,1.0,False,18.21212121212121,hard,-1,0,39,-0.13,p2_more,p1_much,hard_p2_more
11481874,11485554,15237,2020/8/1,197303.5,16.0,SingleFamily,1949,3,3,5405.0,sqft,Other,Central,unknown,189000.0,15237,2020/8/1,218461.4,18.8,"Single Family Residence, Residential",1953,2,3,0.32,Acres,Natural Gas,Central Air,unknown,233400.0,1,2.0,False,19.02313624678663,hard,0,1,-4,5404.68,equal,similar,hard_equal
11481874,11617790,15237,2020/8/1,197303.5,16.0,SingleFamily,1949,3,3,5405.0,sqft,Other,Central,unknown,189000.0,15237,2020/8/1,225700.5,16.2,"Single Family Residence, Residential",1955,1,3,0.54,Acres,"Forced Air, Natural Gas",Central Air,unknown,240000.0,1,2.0,False,21.25,hard,0,2,-6,5404.46,equal,similar,hard_equal
11484140,11557886,15237,2020/8/1,337013.6,13.8,"Single Family Residence, Residential",1977,3,4,10125.0,sqft,"Forced Air, Natural Gas",Electric,unknown,341000.0,15237,2020/8/1,318457.3333,18.0,SingleFamily,1950,3,5,0.38,Acres,"Forced air, Gas",Central,unknown,269900.0,2,1.0,False,20.85043988269795,hard,-1,0,27,10124.62,p2_more,p1_much,hard_p2_more
11523199,11617790,15237,2020/8/1,209058.4545,14.72727273,"Single Family Residence, Residential",1956,2,3,10497.0,sqft,"Forced Air, Electric",Electric,unknown,200000.0,15237,2020/8/1,225700.5,16.2,"Single Family Residence, Residential",1955,1,3,0.54,Acres,"Forced Air, Natural Gas",Central Air,unknown,240000.0,1,2.0,False,16.666666666666664,hard,0,1,1,10496.46,equal,p1_slight,hard_equal
11556013,11617621,15237,2020/8/1,411097.6667,18.55555556,SingleFamily,1983,4,4,0.49,Acres,"Other, Forced air, Gas",Central,unknown,439900.0,15237,2020/8/1,355050.0,17.0,SingleFamily,1954,3,4,1.23,Acres,Other,Central,unknown,359150.0,2,1.0,False,18.35644464651057,hard,0,1,29,-0.74,equal,p1_much,hard_equal
11557859,11590326,15237,2020/8/1,254293.6,13.6,SingleFamily,1969,2,3,9000.0,sqft,"Forced air, Gas",Central,unknown,294000.0,15237,2020/8/1,238819.0909,15.36363636,"Single Family Residence, Residential",1968,2,3,7562.0,sqft,"Forced Air, Natural Gas",Central Air,unknown,240000.0,2,1.0,False,18.367346938775512,hard,0,0,1,1438.0,equal,p1_slight,hard_equal
11557886,11589314,15237,2020/8/1,318457.3333,18.0,SingleFamily,1950,3,5,0.38,Acres,"Forced air, Gas",Central,unknown,269900.0,15237,2020/8/1,318899.4545,18.81818182,SingleFamily,1973,2,3,9879.0,sqft,Other,Central,unknown,335000.0,1,2.0,False,19.432835820895523,hard,2,1,-23,-9878.62,p1_much,p2_newer,hard_p1_much
11557886,11616973,15237,2020/8/1,318457.3333,18.0,SingleFamily,1950,3,5,0.38,Acres,"Forced air, Gas",Central,unknown,269900.0,15237,2020/8/1,348162.8,12.7,"Single Family Residence, Residential",1972,3,4,0.3,Acres,Natural Gas,Electric,unknown,350000.0,1,2.0,False,22.885714285714286,hard,1,0,-22,0.08000000000000002,p1_slight,p2_newer,hard_p1_slight
11442428,11521445,15237,2020/9/1,253770.0,10.0,"Single Family Residence, Residential",1968,3,4,0.58,Acres,"Forced Air, Natural Gas",Central Air,unknown,270000.0,15237,2020/9/1,249929.3333,21.66666667,"Single Family Residence, Residential",1971,2,3,0.78,Acres,"Forced Air, Natural Gas",Central Air,unknown,225000.0,2,1.0,False,16.666666666666664,hard,1,1,-3,-0.20000000000000007,p1_slight,similar,hard_p1_slight
11442794,11485609,15237,2020/9/1,246914.8462,13.46153846,"Single Family Residence, Residential",1960,2,3,6984.0,sqft,"Hot Water, Natural Gas",Central Air,unknown,260000.0,15237,2020/9/1,265433.0,13.27272727,"Single Family Residence, Residential",1951,2,3,0.37,Acres,"Forced Air, Natural Gas",Central Air,unknown,330000.0,1,2.0,False,21.21212121212121,hard,0,0,9,6983.63,equal,p1_slight,hard_equal
11442794,11522133,15237,2020/9/1,246914.8462,13.46153846,"Single Family Residence, Residential",1960,2,3,6984.0,sqft,"Hot Water, Natural Gas",Central Air,unknown,260000.0,15237,2020/9/1,249207.2,14.0,"Single Family Residence, Residential",1967,2,3,0.27,Acres,Natural Gas,Central Air,unknown,190000.0,2,1.0,False,26.923076923076923,medium,0,0,-7,6983.73,equal,similar,medium_equal
11485609,11557856,15237,2020/9/1,265433.0,13.27272727,"Single Family Residence, Residential",1951,2,3,0.37,Acres,"Forced Air, Natural Gas",Central Air,unknown,330000.0,15237,2020/9/1,261235.4,11.2,"Single Family Residence, Residential",1967,2,3,8400.0,sqft,"Forced Air, Natural Gas",Central Air,unknown,250000.0,2,1.0,False,24.242424242424242,hard,0,0,-16,-8399.63,equal,similar,hard_equal
11522133,11590053,15237,2020/9/1,249207.2,14.0,"Single Family Residence, Residential",1967,2,3,0.27,Acres,Natural Gas,Central Air,unknown,190000.0,15237,2020/9/1,239533.0625,21.9375,"Single Family Residence, Residential",1953,2,3,0.01,Acres,"Forced Air, Natural Gas",Central Air,unknown,260000.0,1,2.0,False,26.923076923076923,medium,0,0,14,0.26,equal,p1_slight,medium_equal
11522133,11618280,15237,2020/9/1,249207.2,14.0,"Single Family Residence, Residential",1967,2,3,0.27,Acres,Natural Gas,Central Air,unknown,190000.0,15237,2020/9/1,218905.8333,19.16666667,"Single Family Residence, Residential",1954,2,3,0.26,Acres,"Forced Air, Natural Gas","Central Air, Electric",unknown,230000.0,1,2.0,False,17.391304347826086,hard,0,0,13,0.010000000000000009,equal,p1_slight,hard_equal
11558359,11590720,15237,2020/9/1,185509.1818,36.54545455,"Single Family Residence, Residential",1939,3,3,5300.0,sqft,"Forced Air, Natural Gas",Central Air,unknown,245000.0,15237,2020/9/1,220630.6364,14.90909091,"Single Family Residence, Residential",1949,3,3,0.32,Acres,Natural Gas,Central Air,unknown,198100.0,2,1.0,False,19.142857142857142,hard,0,0,-10,5299.68,equal,similar,hard_equal
11590053,11590720,15237,2020/9/1,239533.0625,21.9375,"Single Family Residence, Residential",1953,2,3,0.01,Acres,"Forced Air, Natural Gas",Central Air,unknown,260000.0,15237,2020/9/1,220630.6364,14.90909091,"Single Family Residence, Residential",1949,3,3,0.32,Acres,Natural Gas,Central Air,unknown,198100.0,2,1.0,False,23.807692307692307,hard,0,-1,4,-0.31,equal,p1_slight,hard_equal
11409945,11643017,15237,2021/10/1,583247.4576,11.42372881,"Single Family Residence, Residential",1997,5,4,0.66,Acres,"Forced Air, Natural Gas","Central Air, Electric",unknown,557150.0,15237,2021/10/1,557021.831,24.47183099,"Single Family Residence, Residential",1958,4,5,0.01,Acres,"Forced Air, Natural Gas",Central Air,unknown,685000.0,1,2.0,False,18.664233576642335,hard,-1,1,39,0.65,p2_more,p1_much,hard_p2_more
11484848,11485339,15237,2021/10/1,246062.2667,19.0,"Single Family Residence, Residential",1950,3,4,0.28,Acres,"Forced Air, Natural Gas",Central Air,unknown,325000.0,15237,2021/10/1,241776.2712,18.6440678,"Single Family Residence, Residential",1958,2,3,0.3,Acres,"Forced Air, Natural Gas",Attic Fan,unknown,215000.0,2,1.0,False,33.84615384615385,medium,1,1,-8,-0.019999999999999962,p1_slight,similar,medium_p1_slight
11484848,11521595,15237,2021/10/1,246062.2667,19.0,"Single Family Residence, Residential",1950,3,4,0.28,Acres,"Forced Air, Natural Gas",Central Air,unknown,325000.0,15237,2021/10/1,267536.4615,14.84615385,"Single Family Residence, Residential",1958,2,3,1.02,Acres,"Forced Air, Natural Gas",Central Air,unknown,270000.0,2,1.0,False,16.923076923076923,hard,1,1,-8,-0.74,p1_slight,similar,hard_p1_slight
11481786,11483960,15237,2021/11/1,271286.3946,26.80272109,"Single Family Residence, Residential",1950,2,4,0.25,Acres,"Heat Pump, Electric","Central Air, Electric",unknown,305000.0,15237,2021/11/1,250525.4237,15.69491525,"Single Family Residence, Residential",1950,3,3,0.49,Acres,Forced Air,Electric,unknown,240000.0,2,1.0,False,21.311475409836063,hard,1,-1,0,-0.24,p1_slight,similar,hard_p1_slight
11481786,11522099,15237,2021/11/1,271286.3946,26.80272109,"Single Family Residence, Residential",1950,2,4,0.25,Acres,"Heat Pump, Electric","Central Air, Electric",unknown,305000.0,15237,2021/11/1,239727.5862,15.24137931,"Single Family Residence, Residential",1953,2,3,0.68,Acres,"Forced Air, Natural Gas",Central Air,unknown,229800.0,2,1.0,False,24.65573770491803,hard,1,0,-3,-0.43000000000000005,p1_slight,similar,hard_p1_slight
11484159,11523250,15237,2021/11/1,192185.7143,25.42857143,"Single Family Residence, Residential",1950,2,4,0.26,Acres,"Forced Air, Natural Gas",Central Air,unknown,150000.0,15237,2021/11/1,235275.8389,16.53020134,"Townhouse, Residential",1981,3,2,771.01,sqft,"Forced Air, Natural Gas",Central Air,unknown,190000.0,1,2.0,False,21.052631578947366,hard,2,-1,-31,-770.75,p1_much,p2_newer,hard_p1_much
11523250,11590921,15237,2021/11/1,235275.8389,16.53020134,"Townhouse, Residential",1981,3,2,771.01,sqft,"Forced Air, Natural Gas",Central Air,unknown,190000.0,15237,2021/11/1,265083.0508,10.91525424,"Single Family Residence, Residential",1952,1,3,0.29,Acres,"Forced Air, Natural Gas","Central Air, Electric",unknown,265000.0,1,2.0,False,28.30188679245283,medium,-1,2,29,770.72,p2_more,p1_much,medium_p2_more
11558782,11643605,15237,2021/11/1,311145.4545,11.78787879,"Single Family Residence, Residential",1999,2,4,10018.0,sqft,"Forced Air, Natural Gas",Central Air,unknown,390000.0,15237,2021/11/1,323659.322,13.25423729,"Single Family Residence, Residential",1937,2,3,1.0,Acres,"Forced Air, Natural Gas",Central Air,unknown,310000.0,2,1.0,False,20.51282051282051,hard,1,0,62,10017.0,p1_slight,p1_much,hard_p1_slight
11442506,11483956,15237,2021/12/1,277461.0169,20.6779661,"Single Family Residence, Residential",1954,2,3,0.46,Acres,"Hot Water, Natural Gas",Wall Unit(s),unknown,240000.0,15237,2021/12/1,276639.4558,19.11564626,"Single Family Residence, Residential",1950,3,3,0.28,Acres,"Forced Air, Natural Gas",Electric,unknown,299900.0,1,2.0,False,19.973324441480493,hard,0,-1,4,0.18,equal,p1_slight,hard_equal
11483956,11558690,15237,2021/12/1,276639.4558,19.11564626,"Single Family Residence, Residential",1950,3,3,0.28,Acres,"Forced Air, Natural Gas",Electric,unknown,299900.0,15237,2021/12/1,238593.3333,12.26666667,"Single Family Residence, Residential",1951,1,3,0.34,Acres,Natural Gas,Central Air,unknown,233000.0,2,1.0,False,22.307435811937314,hard,0,2,-1,-0.06,equal,similar,hard_equal
11483956,11590145,15237,2021/12/1,276639.4558,19.11564626,"Single Family Residence, Residential",1950,3,3,0.28,Acres,"Forced Air, Natural Gas",Electric,unknown,299900.0,15237,2021/12/1,233279.661,22.0,"Single Family Residence, Residential",1922,1,2,0.49,Acres,Natural Gas,Central Air,unknown,239500.0,2,1.0,False,20.140046682227407,hard,1,2,28,-0.20999999999999996,p1_slight,p1_much,hard_p1_slight
11483956,11590536,15237,2021/12/1,276639.4558,19.11564626,"Single Family Residence, Residential",1950,3,3,0.28,Acres,"Forced Air, Natural Gas",Electric,unknown,299900.0,15237,2021/12/1,253198.5075,15.91044776,"Single Family Residence, Residential",1963,3,3,0.28,Acres,Natural Gas,"Central Air, Electric",unknown,228000.0,2,1.0,False,23.974658219406468,hard,0,0,-13,0.0,equal,similar,hard_equal
11483956,11617439,15237,2021/12/1,276639.4558,19.11564626,"Single Family Residence, Residential",1950,3,3,0.28,Acres,"Forced Air, Natural Gas",Electric,unknown,299900.0,15237,2021/12/1,245384.2857,13.38095238,"Single Family Residence, Residential",1949,2,3,0.47,Acres,"Forced Air, Natural Gas","Central Air, Electric",unknown,214900.0,2,1.0,False,28.342780926975657,medium,0,1,1,-0.18999999999999995,equal,p1_slight,medium_equal
11483956,11617921,15237,2021/12/1,276639.4558,19.11564626,"Single Family Residence, Residential",1950,3,3,0.28,Acres,"Forced Air, Natural Gas",Electric,unknown,299900.0,15237,2021/12/1,230200.0,20.66666667,"Single Family Residence, Residential",1954,2,3,10184.0,sqft,"Forced Air, Natural Gas",Central Air,unknown,228000.0,2,1.0,False,23.974658219406468,hard,0,1,-4,-10183.72,equal,similar,hard_equal
11483956,11618071,15237,2021/12/1,276639.4558,19.11564626,"Single Family Residence, Residential",1950,3,3,0.28,Acres,"Forced Air, Natural Gas",Electric,unknown,299900.0,15237,2021/12/1,283229.6296,15.77777778,"Single Family Residence, Residential",1947,2,3,0.34,Acres,Natural Gas,Central Air,unknown,232500.0,2,1.0,False,22.474158052684228,hard,0,1,3,-0.06,equal,p1_slight,hard_equal
11522876,11558463,15237,2021/12/1,205203.3557,20.4295302,"Townhouse, Residential",1976,3,3,627.26,sqft,"Forced Air, Natural Gas",Central Air,unknown,197000.0,15237,2021/12/1,234161.3636,27.97727273,"Single Family Residence, Residential",1939,2,3,0.65,Acres,Natural Gas,Central Air,unknown,268000.0,1,2.0,False,26.492537313432834,medium,0,1,37,626.61,equal,p1_much,medium_equal
11522876,11590145,15237,2021/12/1,205203.3557,20.4295302,"Townhouse, Residential",1976,3,3,627.26,sqft,"Forced Air, Natural Gas",Central Air,unknown,197000.0,15237,2021/12/1,233279.661,22.0,"Single Family Residence, Residential",1922,1,2,0.49,Acres,Natural Gas,Central Air,unknown,239500.0,1,2.0,False,17.745302713987474,hard,1,2,54,626.77,p1_slight,p1_much,hard_p1_slight
11557486,11617460,15237,2021/12/1,359848.1203,11.17293233,"Single Family Residence, Residential",1978,3,4,0.28,Acres,"Forced Air, Natural Gas",Central Air,unknown,357000.0,15237,2021/12/1,315159.2593,17.98518519,"Single Family Residence, Residential",1955,3,4,0.56,Acres,Natural Gas,Central Air,unknown,290017.0,2,1.0,False,18.762745098039215,hard,0,0,23,-0.28,equal,p1_much,hard_equal
11558035,11617869,15237,2021/12/1,290988.1356,26.0,SingleFamily,1950,3,3,0.78,Acres,Other,Central,unknown,270000.0,15237,2021/12/1,298148.8889,16.96296296,"Single Family Residence, Residential",1973,2,4,7875.0,sqft,"Forced Air, Natural Gas",Central Air,unknown,335000.0,1,2.0,False,19.402985074626866,hard,-1,1,-23,-7874.22,p2_more,p2_newer,hard_p2_more
11558463,11618500,15237,2021/12/1,234161.3636,27.97727273,"Single Family Residence, Residential",1939,2,3,0.65,Acres,Natural Gas,Central Air,unknown,268000.0,15237,2021/12/1,194340.5594,24.22377622,"Single Family Residence, Residential",1954,2,2,10875.0,sqft,Natural Gas,Central Air,unknown,180000.0,2,1.0,False,32.83582089552239,medium,1,0,-15,-10874.35,p1_slight,similar,medium_p1_slight
11589268,11617439,15237,2021/12/1,262382.0896,17.71641791,"Single Family Residence, Residential",1978,3,3,0.29,Acres,"Forced Air, Natural Gas","Attic Fan, Central Air",unknown,278000.0,15237,2021/12/1,245384.2857,13.38095238,"Single Family Residence, Residential",1949,2,3,0.47,Acres,"Forced Air, Natural Gas","Central Air, Electric",unknown,214900.0,2,1.0,False,22.697841726618705,hard,0,1,29,-0.18,equal,p1_much,hard_equal
11590145,11618500,15237,2021/12/1,233279.661,22.0,"Single Family Residence, Residential",1922,1,2,0.49,Acres,Natural Gas,Central Air,unknown,239500.0,15237,2021/12/1,194340.5594,24.22377622,"Single Family Residence, Residential",1954,2,2,10875.0,sqft,Natural Gas,Central Air,unknown,180000.0,2,1.0,False,24.843423799582464,hard,0,-1,-32,-10874.51,equal,p2_newer,hard_equal
11590488,11590536,15237,2021/12/1,291329.8507,13.89552239,"Single Family Residence, Residential",1959,2,4,10541.0,sqft,"Forced Air, Natural Gas",Central Air,unknown,305000.0,15237,2021/12/1,253198.5075,15.91044776,"Single Family Residence, Residential",1963,3,3,0.28,Acres,Natural Gas,"Central Air, Electric",unknown,228000.0,2,1.0,False,25.245901639344265,medium,1,-1,-4,10540.72,p1_slight,similar,medium_p1_slight
11590488,11618071,15237,2021/12/1,291329.8507,13.89552239,"Single Family Residence, Residential",1959,2,4,10541.0,sqft,"Forced Air, Natural Gas",Central Air,unknown,305000.0,15237,2021/12/1,283229.6296,15.77777778,"Single Family Residence, Residential",1947,2,3,0.34,Acres,Natural Gas,Central Air,unknown,232500.0,2,1.0,False,23.770491803278688,hard,1,0,12,10540.66,p1_slight,p1_slight,hard_p1_slight
11590536,11617869,15237,2021/12/1,253198.5075,15.91044776,"Single Family Residence, Residential",1963,3,3,0.28,Acres,Natural Gas,"Central Air, Electric",unknown,228000.0,15237,2021/12/1,298148.8889,16.96296296,"Single Family Residence, Residential",1973,2,4,7875.0,sqft,"Forced Air, Natural Gas",Central Air,unknown,335000.0,1,2.0,False,31.94029850746269,medium,-1,1,-10,-7874.72,p2_more,similar,medium_p2_more
11617460,11618514,15237,2021/12/1,315159.2593,17.98518519,"Single Family Residence, Residential",1955,3,4,0.56,Acres,Natural Gas,Central Air,unknown,290017.0,15237,2021/12/1,350459.2593,13.25925926,"Single Family Residence, Residential",1957,3,4,0.56,Acres,Natural Gas,Central Air,unknown,354000.0,1,2.0,False,18.074293785310736,hard,0,0,-2,0.0,equal,similar,hard_equal
11617473,11617869,15237,2021/12/1,271171.8519,16.94814815,"Single Family Residence, Residential",1957,3,3,0.55,Acres,Natural Gas,"Central Air, Electric",unknown,265000.0,15237,2021/12/1,298148.8889,16.96296296,"Single Family Residence, Residential",1973,2,4,7875.0,sqft,"Forced Air, Natural Gas",Central Air,unknown,335000.0,1,2.0,False,20.8955223880597,hard,-1,1,-16,-7874.45,p2_more,similar,hard_p2_more
11617869,11618071,15237,2021/12/1,298148.8889,16.96296296,"Single Family Residence, Residential",1973,2,4,7875.0,sqft,"Forced Air, Natural Gas",Central Air,unknown,335000.0,15237,2021/12/1,283229.6296,15.77777778,"Single Family Residence, Residential",1947,2,3,0.34,Acres,Natural Gas,Central Air,unknown,232500.0,2,1.0,False,30.597014925373134,medium,1,0,26,7874.66,p1_slight,p1_much,medium_p1_slight
11485019,11590749,15237,2021/2/1,251520.5385,14.0,"Single Family Residence, Residential",1950,2,3,0.27,Acres,"Forced Air, Natural Gas",Central Air,unknown,190000.0,15237,2021/2/1,243159.3636,13.63636364,"Single Family Residence, Residential",1945,2,3,0.31,Acres,"Forced Air, Natural Gas",Central Air,unknown,235000.0,1,2.0,False,19.148936170212767,hard,0,0,5,-0.03999999999999998,equal,p1_slight,hard_equal
11484137,11522277,15237,2021/3/1,275936.4545,15.36363636,"Single Family Residence, Residential",1964,3,2,0.28,Acres,"Forced Air, Natural Gas",Central Air,unknown,305000.0,15237,2021/3/1,256257.9231,11.84615385,"Single Family Residence, Residential",1963,3,3,0.44,Acres,Natural Gas,Central Air,unknown,242400.0,2,1.0,False,20.524590163934427,hard,-1,0,1,-0.15999999999999998,p2_more,p1_slight,hard_p2_more
11484137,11557889,15237,2021/3/1,275936.4545,15.36363636,"Single Family Residence, Residential",1964,3,2,0.28,Acres,"Forced Air, Natural Gas",Central Air,unknown,305000.0,15237,2021/3/1,239381.0,19.0,"Single Family Residence, Residential",1960,2,3,0.35,Acres,"Forced Air, Natural Gas",Central Air,unknown,240000.0,2,1.0,False,21.311475409836063,hard,-1,1,4,-0.06999999999999995,p2_more,p1_slight,hard_p2_more
11484137,11618235,15237,2021/3/1,275936.4545,15.36363636,"Single Family Residence, Residential",1964,3,2,0.28,Acres,"Forced Air, Natural Gas",Central Air,unknown,305000.0,15237,2021/3/1,241301.5,13.0,"Single Family Residence, Residential",1954,2,3,10497.0,sqft,"Forced Air, Natural Gas",Central Air,unknown,248000.0,2,1.0,False,18.688524590163937,hard,-1,1,10,-10496.72,p2_more,p1_slight,hard_p2_more
11484137,11618373,15237,2021/3/1,275936.4545,15.36363636,"Single Family Residence, Residential",1964,3,2,0.28,Acres,"Forced Air, Natural Gas",Central Air,unknown,305000.0,15237,2021/3/1,241787.9333,13.66666667,"Single Family Residence, Residential",1952,1,3,10123.0,sqft,Natural Gas,Central Air,unknown,245000.0,2,1.0,False,19.672131147540984,hard,-1,2,12,-10122.72,p2_more,p1_slight,hard_p2_more
11522277,11618274,15237,2021/3/1,256257.9231,11.84615385,"Single Family Residence, Residential",1963,3,3,0.44,Acres,Natural Gas,Central Air,unknown,242400.0,15237,2021/3/1,279657.5,13.5,"Single Family Residence, Residential",1960,2,3,10497.0,sqft,"Forced Air, Natural Gas",Central Air,unknown,310000.0,1,2.0,False,21.806451612903228,hard,0,1,3,-10496.56,equal,p1_slight,hard_equal
11522277,11618482,15237,2021/3/1,256257.9231,11.84615385,"Single Family Residence, Residential",1963,3,3,0.44,Acres,Natural Gas,Central Air,unknown,242400.0,15237,2021/3/1,250173.2308,15.0,"Single Family Residence, Residential",1953,2,3,10328.0,sqft,"Forced Air, Natural Gas",Central Air,unknown,300000.0,1,2.0,False,19.2,hard,0,1,10,-10327.56,equal,p1_slight,hard_equal
11618235,11618482,15237,2021/3/1,241301.5,13.0,"Single Family Residence, Residential",1954,2,3,10497.0,sqft,"Forced Air, Natural Gas",Central Air,unknown,248000.0,15237,2021/3/1,250173.2308,15.0,"Single Family Residence, Residential",1953,2,3,10328.0,sqft,"Forced Air, Natural Gas",Central Air,unknown,300000.0,1,2.0,False,17.333333333333336,hard,0,0,1,169.0,equal,p1_slight,hard_equal
11441995,123270828,15237,2021/4/1,285645.5,21.66666667,"Single Family Residence, Residential",1950,2,3,0.33,Acres,"Forced Air, Natural Gas",Central Air,unknown,294000.0,15237,2021/4/1,324043.1429,14.85714286,Townhouse,2015,3,3,2469.0,sqft,"Other, Forced air",Central,unknown,372500.0,1,2.0,False,21.073825503355707,hard,0,-1,-65,-2468.67,equal,p2_newer,hard_equal
11482048,123270828,15237,2021/4/1,280150.3636,15.81818182,"Single Family Residence, Residential",1984,3,3,0.4,Acres,"Forced Air, Natural Gas",Central Air,unknown,291000.0,15237,2021/4/1,324043.1429,14.85714286,Townhouse,2015,3,3,2469.0,sqft,"Other, Forced air",Central,unknown,372500.0,1,2.0,False,21.879194630872483,hard,0,0,-31,-2468.6,equal,p2_newer,hard_equal
11523969,11643509,15237,2021/4/1,295009.9231,13.69230769,"Single Family Residence, Residential",1950,2,3,1.25,Acres,"Forced Air, Natural Gas",Central Air,unknown,403000.0,15237,2021/4/1,290575.2727,15.09090909,"Single Family Residence, Residential",1951,3,3,0.33,Acres,"Forced Air, Natural Gas",Central Air,unknown,297000.0,2,1.0,False,26.302729528535977,medium,0,-1,-1,0.9199999999999999,equal,similar,medium_equal
11642898,123270828,15237,2021/4/1,294367.3077,13.84615385,"Single Family Residence, Residential",1953,1,3,1.1,Acres,"Forced Air, Natural Gas",Central Air,unknown,288000.0,15237,2021/4/1,324043.1429,14.85714286,Townhouse,2015,3,3,2469.0,sqft,"Other, Forced air",Central,unknown,372500.0,1,2.0,False,22.684563758389263,hard,0,-2,-62,-2467.9,equal,p2_newer,hard_equal
11643509,123270828,15237,2021/4/1,290575.2727,15.09090909,"Single Family Residence, Residential",1951,3,3,0.33,Acres,"Forced Air, Natural Gas",Central Air,unknown,297000.0,15237,2021/4/1,324043.1429,14.85714286,Townhouse,2015,3,3,2469.0,sqft,"Other, Forced air",Central,unknown,372500.0,1,2.0,False,20.268456375838927,hard,0,0,-64,-2468.67,equal,p2_newer,hard_equal
11442076,11618395,15237,2021/5/1,268371.8667,15.8,"Single Family Residence, Residential",1920,3,3,0.34,Acres,"Forced Air, Natural Gas",Central Air,unknown,230000.0,15237,2021/5/1,257353.5,17.0,"Single Family Residence, Residential",1954,2,3,4308.0,sqft,"Forced Air, Electric",Central Air,unknown,286700.0,1,2.0,False,19.77677014300663,hard,0,1,-34,-4307.66,equal,p2_newer,hard_equal
11521435,116178577,15237,2021/5/1,460600.7778,14.11111111,"Single Family Residence, Residential",1988,3,4,0.46,Acres,Natural Gas,Central Air,unknown,480000.0,15237,2021/5/1,394783.8182,17.0,"Single Family Residence, Residential",2011,2,2,7017.0,sqft,"Forced Air, Natural Gas","Central Air, Electric",unknown,362000.0,2,1.0,False,24.583333333333332,hard,2,1,-23,-7016.54,p1_much,p2_newer,hard_p1_much
11558465,164713149,15237,2021/5/1,685918.5714,13.0,"Single Family Residence, Residential",1955,5,4,3.92,Acres,"Forced Air, Natural Gas","Central Air, Electric",unknown,713000.0,15237,2021/5/1,620465.0,19.66666667,"Single Family Residence, Residential",2016,4,4,0.3,Acres,"Forced Air, Natural Gas",Central Air,unknown,591000.0,2,1.0,False,17.11079943899018,hard,0,1,-61,3.62,equal,p2_newer,hard_equal
11409954,92380357,15237,2021/6/1,508605.8571,15.14285714,"Single Family Residence, Residential",1993,4,4,0.39,Acres,"Forced Air, Natural Gas",Central Air,unknown,540000.0,15237,2021/6/1,462723.4,18.6,"Single Family Residence, Residential",2009,4,4,10010.0,sqft,"Forced Air, Natural Gas","Central Air, Electric",unknown,442000.0,2,1.0,False,18.14814814814815,hard,0,0,-16,-10009.61,equal,similar,hard_equal
11442259,11522114,15237,2021/6/1,303570.0,15.0,"Single Family Residence, Residential",1952,3,3,0.38,Acres,"Forced Air, Natural Gas",Central Air,unknown,400000.0,15237,2021/6/1,260695.9,17.3,"Single Family Residence, Residential",1958,2,4,0.59,Acres,"Forced Air, Natural Gas",Central Air,unknown,300000.0,2,1.0,False,25.0,hard,-1,1,-6,-0.20999999999999996,p2_more,similar,hard_p2_more
11442259,11558064,15237,2021/6/1,303570.0,15.0,"Single Family Residence, Residential",1952,3,3,0.38,Acres,"Forced Air, Natural Gas",Central Air,unknown,400000.0,15237,2021/6/1,278036.0909,14.45454545,"Single Family Residence, Residential",1974,3,4,5749.0,sqft,"Forced Air, Natural Gas",Central Air,unknown,271500.0,2,1.0,False,32.125,medium,-1,0,-22,-5748.62,p2_more,p2_newer,medium_p2_more
11442259,11589893,15237,2021/6/1,303570.0,15.0,"Single Family Residence, Residential",1952,3,3,0.38,Acres,"Forced Air, Natural Gas",Central Air,unknown,400000.0,15237,2021/6/1,295351.1818,11.63636364,"Single Family Residence, Residential",1969,4,3,0.41,Acres,Natural Gas,Central Air,unknown,303000.0,2,1.0,False,24.25,hard,0,-1,-17,-0.02999999999999997,equal,similar,hard_equal
11521964,164305295,15237,2021/6/1,370816.0476,13.61904762,"Single Family Residence, Residential",1961,4,4,0.29,Acres,"Forced Air, Natural Gas","Central Air, Electric",unknown,445000.0,15237,2021/6/1,337267.8182,10.0,"Townhouse, Residential",2015,3,3,3933.0,sqft,"Forced Air, Natural Gas","Central Air, Electric",unknown,345000.0,2,1.0,False,22.47191011235955,hard,1,1,-54,-3932.71,p1_slight,p2_newer,hard_p1_slight
11522114,11522201,15237,2021/6/1,260695.9,17.3,"Single Family Residence, Residential",1958,2,4,0.59,Acres,"Forced Air, Natural Gas",Central Air,unknown,300000.0,15237,2021/6/1,224096.5455,20.09090909,"Single Family Residence, Residential",1949,2,3,10798.0,sqft,"Natural Gas, Heat Pump","Central Air, Gas",unknown,250000.0,2,1.0,False,16.666666666666664,hard,1,0,9,-10797.41,p1_slight,p1_slight,hard_p1_slight
11522494,11559448,15237,2021/6/1,272530.8182,17.36363636,"Single Family Residence, Residential",1948,2,3,0.35,Acres,"Forced Air, Natural Gas",Central Air,unknown,282400.0,15237,2021/6/1,308670.4,12.4,"Single Family Residence, Residential",1958,2,3,0.26,Acres,Natural Gas,Central Air,unknown,353000.0,1,2.0,False,20.0,hard,0,0,-10,0.08999999999999997,equal,similar,hard_equal
11557867,11558588,15237,2021/6/1,183719.3636,26.45454545,"Single Family Residence, Residential",1951,2,3,0.32,Acres,"Forced Air, Natural Gas",Central Air,unknown,216000.0,15237,2021/6/1,196962.1429,23.92857143,"Single Family Residence, Residential",1950,3,4,0.35,Acres,Natural Gas,Window A/C,unknown,150000.0,2,1.0,False,30.555555555555557,medium,-1,-1,1,-0.02999999999999997,p2_more,p1_slight,medium_p2_more
11558064,11559448,15237,2021/6/1,278036.0909,14.45454545,"Single Family Residence, Residential",1974,3,4,5749.0,sqft,"Forced Air, Natural Gas",Central Air,unknown,271500.0,15237,2021/6/1,308670.4,12.4,"Single Family Residence, Residential",1958,2,3,0.26,Acres,Natural Gas,Central Air,unknown,353000.0,1,2.0,False,23.08781869688385,hard,1,1,16,5748.74,p1_slight,p1_slight,hard_p1_slight
11558168,11558588,15237,2021/6/1,231294.2,23.3,"Single Family Residence, Residential",1950,3,3,10001.0,sqft,"Forced Air, Natural Gas",Window A/C,unknown,255000.0,15237,2021/6/1,196962.1429,23.92857143,"Single Family Residence, Residential",1950,3,4,0.35,Acres,Natural Gas,Window A/C,unknown,150000.0,2,1.0,False,41.17647058823529,easy,-1,0,0,10000.65,p2_more,similar,easy_p2_more
11558588,11617950,15237,2021/6/1,196962.1429,23.92857143,"Single Family Residence, Residential",1950,3,4,0.35,Acres,Natural Gas,Window A/C,unknown,150000.0,15237,2021/6/1,216284.8,15.6,"Single Family Residence, Residential",1940,2,3,7875.0,sqft,"Forced Air, Natural Gas",Central Air,unknown,225000.0,1,2.0,False,33.33333333333333,medium,1,1,10,-7874.65,p1_slight,p1_slight,medium_p1_slight
11616673,11616693,15237,2021/6/1,526319.4545,12.54545455,"Single Family Residence, Residential",1992,4,4,0.58,Acres,"Forced Air, Natural Gas","Central Air, Electric",unknown,607000.0,15237,2021/6/1,518922.9091,12.86363636,"Single Family Residence, Residential",1998,3,5,0.48,Acres,"Forced Air, Natural Gas","Central Air, Electric",unknown,500000.0,2,1.0,False,17.627677100494235,hard,-1,1,-6,0.09999999999999998,p2_more,similar,hard_p2_more
11616673,92380357,15237,2021/6/1,526319.4545,12.54545455,"Single Family Residence, Residential",1992,4,4,0.58,Acres,"Forced Air, Natural Gas","Central Air, Electric",unknown,607000.0,15237,2021/6/1,462723.4,18.6,"Single Family Residence, Residential",2009,4,4,10010.0,sqft,"Forced Air, Natural Gas","Central Air, Electric",unknown,442000.0,2,1.0,False,27.182866556836906,medium,0,0,-17,-10009.42,equal,similar,medium_equal
11616673,164657057,15237,2021/6/1,526319.4545,12.54545455,"Single Family Residence, Residential",1992,4,4,0.58,Acres,"Forced Air, Natural Gas","Central Air, Electric",unknown,607000.0,15237,2021/6/1,503924.2,15.8,"Single Family Residence, Residential",2015,4,4,0.28,Acres,"Forced Air, Natural Gas",Central Air,unknown,500312.0,2,1.0,False,17.57627677100494,hard,0,0,-23,0.29999999999999993,equal,p2_newer,hard_equal
11616693,11643079,15237,2021/6/1,518922.9091,12.86363636,"Single Family Residence, Residential",1998,3,5,0.48,Acres,"Forced Air, Natural Gas","Central Air, Electric",unknown,500000.0,15237,2021/6/1,577497.0,15.0,"Single Family Residence, Residential",1986,4,4,0.46,Acres,"Forced Air, Natural Gas","Central Air, Electric",unknown,609000.0,1,2.0,False,17.898193760262725,hard,1,-1,12,0.019999999999999962,p1_slight,p1_slight,hard_p1_slight
11643079,164657057,15237,2021/6/1,577497.0,15.0,"Single Family Residence, Residential",1986,4,4,0.46,Acres,"Forced Air, Natural Gas","Central Air, Electric",unknown,609000.0,15237,2021/6/1,503924.2,15.8,"Single Family Residence, Residential",2015,4,4,0.28,Acres,"Forced Air, Natural Gas",Central Air,unknown,500312.0,2,1.0,False,17.84696223316913,hard,0,0,-29,0.18,equal,p2_newer,hard_equal
67338576,164657057,15237,2021/6/1,550912.0,15.09090909,"Single Family Residence, Residential",2013,4,4,0.27,Acres,"Forced Air, Natural Gas",Central Air,unknown,610000.0,15237,2021/6/1,503924.2,15.8,"Single Family Residence, Residential",2015,4,4,0.28,Acres,"Forced Air, Natural Gas",Central Air,unknown,500312.0,2,1.0,False,17.981639344262295,hard,0,0,-2,-0.010000000000000009,equal,similar,hard_equal
11481599,11616984,15237,2021/7/1,361713.3333,16.66666667,"Single Family Residence, Residential",1953,2,4,0.46,Acres,"Forced Air, Natural Gas",Central Air,unknown,340000.0,15237,2021/7/1,402628.5909,17.86363636,"Single Family Residence, Residential",1970,3,4,0.34,Acres,"Forced Air, Natural Gas","Central Air, Electric",unknown,427600.0,1,2.0,False,20.48643592142189,hard,0,-1,-17,0.12,equal,similar,hard_equal
11484380,11590686,15237,2021/7/1,208062.8667,17.8,"Single Family Residence, Residential",1935,2,3,8698.0,sqft,"Forced Air, Natural Gas",Central Air,unknown,176000.0,15237,2021/7/1,231128.8696,15.2173913,"Single Family Residence, Residential",1948,1,2,0.71,Acres,"Forced Air, Natural Gas",Central Air,unknown,231000.0,1,2.0,False,23.809523809523807,hard,1,1,-13,8697.29,p1_slight,similar,hard_p1_slight
11484380,11643541,15237,2021/7/1,208062.8667,17.8,"Single Family Residence, Residential",1935,2,3,8698.0,sqft,"Forced Air, Natural Gas",Central Air,unknown,176000.0,15237,2021/7/1,239528.0,21.14285714,"Single Family Residence, Residential",1950,1,3,0.48,Acres,"Forced Air, Natural Gas",Central Air,unknown,277000.0,1,2.0,False,36.462093862815884,medium,0,1,-15,8697.52,equal,similar,medium_equal
11484852,11557964,15237,2021/7/1,372790.1333,23.0,"Single Family Residence, Residential",1960,3,4,0.53,Acres,"Forced Air, Natural Gas",Central Air,unknown,400000.0,15237,2021/7/1,329191.0,11.30434783,"Single Family Residence, Residential",1967,3,4,10875.0,sqft,"Forced Air, Natural Gas","Attic Fan, Central Air",unknown,300000.0,2,1.0,False,25.0,hard,0,0,-7,-10874.47,equal,similar,hard_equal
11484852,11558275,15237,2021/7/1,372790.1333,23.0,"Single Family Residence, Residential",1960,3,4,0.53,Acres,"Forced Air, Natural Gas",Central Air,unknown,400000.0,15237,2021/7/1,341331.5455,14.63636364,"Single Family Residence, Residential",1995,3,4,5257.0,sqft,"Forced Air, Natural Gas",Central Air,unknown,320000.0,2,1.0,False,20.0,hard,0,0,-35,-5256.47,equal,p2_newer,hard_equal
11558275,11559415,15237,2021/7/1,341331.5455,14.63636364,"Single Family Residence, Residential",1995,3,4,5257.0,sqft,"Forced Air, Natural Gas",Central Air,unknown,320000.0,15237,2021/7/1,335913.0,12.85714286,"Single Family Residence, Residential",1966,3,3,0.3,Acres,"Forced Air, Natural Gas",Electric,unknown,394000.0,1,2.0,False,18.781725888324875,hard,1,0,29,5256.7,p1_slight,p1_much,hard_p1_slight
11558275,11589740,15237,2021/7/1,341331.5455,14.63636364,"Single Family Residence, Residential",1995,3,4,5257.0,sqft,"Forced Air, Natural Gas",Central Air,unknown,320000.0,15237,2021/7/1,348971.5455,11.0,"Single Family Residence, Residential",1963,3,4,0.42,Acres,"Forced Air, Natural Gas",Central Air,unknown,421500.0,1,2.0,False,24.080664294187425,hard,0,0,32,5256.58,equal,p1_much,hard_equal
11559415,11590463,15237,2021/7/1,335913.0,12.85714286,"Single Family Residence, Residential",1966,3,3,0.3,Acres,"Forced Air, Natural Gas",Electric,unknown,394000.0,15237,2021/7/1,312685.4762,12.95238095,"Single Family Residence, Residential",1960,2,3,0.26,Acres,"Forced Air, Natural Gas",Central Air,unknown,295000.0,2,1.0,False,25.12690355329949,medium,0,1,6,0.03999999999999998,equal,p1_slight,medium_equal
11559415,104360709,15237,2021/7/1,335913.0,12.85714286,"Single Family Residence, Residential",1966,3,3,0.3,Acres,"Forced Air, Natural Gas",Electric,unknown,394000.0,15237,2021/7/1,342225.7143,10.57142857,"Townhouse, Residential",2009,3,3,3463.0,sqft,"Forced Air, Natural Gas",Central Air,unknown,315000.0,2,1.0,False,20.050761421319795,hard,0,0,-43,-3462.7,equal,p2_newer,hard_equal
11589443,11590463,15237,2021/7/1,283057.6522,12.86956522,"Single Family Residence, Residential",1979,2,3,0.25,Acres,Natural Gas,Central Air,unknown,242000.0,15237,2021/7/1,312685.4762,12.95238095,"Single Family Residence, Residential",1960,2,3,0.26,Acres,"Forced Air, Natural Gas",Central Air,unknown,295000.0,1,2.0,False,17.966101694915253,hard,0,0,19,-0.010000000000000009,equal,p1_slight,hard_equal
11590020,11618478,15237,2021/7/1,230270.7273,15.63636364,"Single Family Residence, Residential",1948,2,3,10497.0,sqft,"Forced Air, Natural Gas",Central Air,unknown,222000.0,15237,2021/7/1,264927.5,15.5,"Single Family Residence, Residential",1953,1,2,0.81,Acres,"Forced Air, Natural Gas",Central Air,unknown,275000.0,1,2.0,False,19.272727272727273,hard,1,1,-5,10496.19,p1_slight,similar,hard_p1_slight
11590020,11643541,15237,2021/7/1,230270.7273,15.63636364,"Single Family Residence, Residential",1948,2,3,10497.0,sqft,"Forced Air, Natural Gas",Central Air,unknown,222000.0,15237,2021/7/1,239528.0,21.14285714,"Single Family Residence, Residential",1950,1,3,0.48,Acres,"Forced Air, Natural Gas",Central Air,unknown,277000.0,1,2.0,False,19.855595667870034,hard,0,1,-2,10496.52,equal,similar,hard_equal
11590428,11618478,15237,2021/7/1,233892.0,17.09090909,"Single Family Residence, Residential",1962,2,2,6050.0,sqft,"Forced Air, Natural Gas",Central Air,unknown,228900.0,15237,2021/7/1,264927.5,15.5,"Single Family Residence, Residential",1953,1,2,0.81,Acres,"Forced Air, Natural Gas",Central Air,unknown,275000.0,1,2.0,False,16.763636363636365,hard,0,1,9,6049.19,equal,p1_slight,hard_equal
11590575,11616602,15237,2021/7/1,291587.381,15.23809524,"Single Family Residence, Residential",1955,2,3,0.47,Acres,"Forced Air, Natural Gas",Central Air,unknown,317000.0,15237,2021/7/1,248517.9,19.2,"Single Family Residence, Residential",1948,2,3,0.63,Acres,Natural Gas,Central Air,unknown,236500.0,2,1.0,False,25.39432176656151,medium,0,0,7,-0.16000000000000003,equal,p1_slight,medium_equal
11618261,11618478,15237,2021/7/1,254855.7619,14.52380952,"Single Family Residence, Residential",1954,2,3,10500.0,sqft,"Forced Air, Natural Gas",Central Air,unknown,210000.0,15237,2021/7/1,264927.5,15.5,"Single Family Residence, Residential",1953,1,2,0.81,Acres,"Forced Air, Natural Gas",Central Air,unknown,275000.0,1,2.0,False,23.636363636363637,hard,1,1,1,10499.19,p1_slight,p1_slight,hard_p1_slight
11618261,11643541,15237,2021/7/1,254855.7619,14.52380952,"Single Family Residence, Residential",1954,2,3,10500.0,sqft,"Forced Air, Natural Gas",Central Air,unknown,210000.0,15237,2021/7/1,239528.0,21.14285714,"Single Family Residence, Residential",1950,1,3,0.48,Acres,"Forced Air, Natural Gas",Central Air,unknown,277000.0,1,2.0,False,24.187725631768952,hard,0,1,4,10499.52,equal,p1_slight,hard_equal
11409439,11522110,15237,2021/8/1,327500.0,14.27777778,"Single Family Residence, Residential",1968,3,4,0.26,Acres,"Forced Air, Natural Gas","Attic Fan, Central Air",unknown,349899.0,15237,2021/8/1,295976.1429,11.14285714,"Single Family Residence, Residential",1975,3,3,0.43,Acres,"Forced Air, Natural Gas",Central Air,unknown,260000.0,2,1.0,False,25.692842791777053,medium,1,0,-7,-0.16999999999999998,p1_slight,similar,medium_p1_slight
11440693,11589686,15237,2021/8/1,346479.5,12.45454545,"Single Family Residence, Residential",1990,3,4,4944.0,sqft,"Forced Air, Natural Gas",Central Air,unknown,324900.0,15237,2021/8/1,392123.7826,15.47826087,"Single Family Residence, Residential",1968,3,4,0.66,Acres,"Forced Air, Natural Gas",Central Air,unknown,451050.0,1,2.0,False,27.968074492850015,medium,0,0,22,4943.34,equal,p1_much,medium_equal
11481807,11522110,15237,2021/8/1,321405.8824,12.11764706,"Single Family Residence, Residential",1950,2,4,0.41,Acres,"Forced Air, Natural Gas","Central Air, Electric",unknown,351000.0,15237,2021/8/1,295976.1429,11.14285714,"Single Family Residence, Residential",1975,3,3,0.43,Acres,"Forced Air, Natural Gas",Central Air,unknown,260000.0,2,1.0,False,25.925925925925924,medium,1,-1,-25,-0.020000000000000018,p1_slight,p2_newer,medium_p1_slight
11481807,11617643,15237,2021/8/1,321405.8824,12.11764706,"Single Family Residence, Residential",1950,2,4,0.41,Acres,"Forced Air, Natural Gas","Central Air, Electric",unknown,351000.0,15237,2021/8/1,350600.0,21.0,"Single Family Residence, Residential",1962,3,3,0.27,Acres,"Forced Air, Natural Gas",Central Air,unknown,290000.0,2,1.0,False,17.37891737891738,hard,1,-1,-12,0.13999999999999996,p1_slight,similar,hard_p1_slight
11481863,11558981,15237,2021/8/1,256995.7391,13.52173913,"Single Family Residence, Residential",1953,3,3,5580.0,sqft,"Forced Air, Natural Gas",Central Air,unknown,250000.0,15237,2021/8/1,296473.3333,15.8,"Single Family Residence, Residential",1950,2,3,0.45,Acres,"Forced Air, Natural Gas",Central Air,unknown,326000.0,1,2.0,False,23.31288343558282,hard,0,1,3,5579.55,equal,p1_slight,hard_equal
11485416,11589686,15237,2021/8/1,348234.7273,15.45454545,"Single Family Residence, Residential",1970,4,4,10240.0,sqft,Natural Gas,"Central Air, Electric",unknown,340000.0,15237,2021/8/1,392123.7826,15.47826087,"Single Family Residence, Residential",1968,3,4,0.66,Acres,"Forced Air, Natural Gas",Central Air,unknown,451050.0,1,2.0,False,24.620330340317036,hard,0,1,2,10239.34,equal,p1_slight,hard_equal
11522536,11616477,15237,2021/8/1,242525.7391,27.52173913,"Single Family Residence, Residential",1962,2,3,0.34,Acres,"Forced Air, Natural Gas",Central Air,unknown,280000.0,15237,2021/8/1,264900.0,20.55555556,"Single Family Residence, Residential",1949,1,3,0.94,Acres,"Forced Air, Natural Gas",Central Air,unknown,220000.0,2,1.0,False,21.428571428571427,hard,0,1,13,-0.5999999999999999,equal,p1_slight,hard_equal
11523387,11588854,15237,2021/8/1,396103.1667,12.625,"Single Family Residence, Residential",1990,3,3,0.36,Acres,Natural Gas,Central Air,unknown,403500.0,15237,2021/8/1,357588.1356,17.62711864,"Single Family Residence, Residential",1971,3,4,0.43,Acres,"Forced Air, Natural Gas",Central Air,unknown,320000.0,2,1.0,False,20.693928128872365,hard,-1,0,19,-0.07,p2_more,p1_slight,hard_p2_more
11557804,11616477,15237,2021/8/1,285510.1695,18.84745763,"Single Family Residence, Residential",1967,2,4,6969.0,sqft,"Forced Air, Natural Gas",Central Air,unknown,301250.0,15237,2021/8/1,264900.0,20.55555556,"Single Family Residence, Residential",1949,1,3,0.94,Acres,"Forced Air, Natural Gas",Central Air,unknown,220000.0,2,1.0,False,26.970954356846473,medium,1,1,18,6968.06,p1_slight,p1_slight,medium_p1_slight
11557804,11618200,15237,2021/8/1,285510.1695,18.84745763,"Single Family Residence, Residential",1967,2,4,6969.0,sqft,"Forced Air, Natural Gas",Central Air,unknown,301250.0,15237,2021/8/1,268497.087,11.56521739,"Single Family Residence, Residential",1953,2,3,0.46,Acres,"Forced Air, Natural Gas",Central Air,unknown,250000.0,2,1.0,False,17.012448132780083,hard,1,0,14,6968.54,p1_slight,p1_slight,hard_p1_slight
11558981,11616477,15237,2021/8/1,296473.3333,15.8,"Single Family Residence, Residential",1950,2,3,0.45,Acres,"Forced Air, Natural Gas",Central Air,unknown,326000.0,15237,2021/8/1,264900.0,20.55555556,"Single Family Residence, Residential",1949,1,3,0.94,Acres,"Forced Air, Natural Gas",Central Air,unknown,220000.0,2,1.0,False,32.515337423312886,medium,0,1,1,-0.48999999999999994,equal,p1_slight,medium_equal
11558981,11618200,15237,2021/8/1,296473.3333,15.8,"Single Family Residence, Residential",1950,2,3,0.45,Acres,"Forced Air, Natural Gas",Central Air,unknown,326000.0,15237,2021/8/1,268497.087,11.56521739,"Single Family Residence, Residential",1953,2,3,0.46,Acres,"Forced Air, Natural Gas",Central Air,unknown,250000.0,2,1.0,False,23.31288343558282,hard,0,0,-3,-0.010000000000000009,equal,similar,hard_equal
11257430,11557616,15237,2021/9/1,441944.1,12.1,"Single Family Residence, Residential",1979,4,4,0.46,Acres,"Forced Air, Natural Gas",Central Air,unknown,485500.0,15237,2021/9/1,422555.9322,10.98305085,"Single Family Residence, Residential",1977,3,5,0.57,Acres,"Forced Air, Natural Gas","Central Air, Electric",unknown,360000.0,2,1.0,False,25.84963954685891,medium,-1,1,2,-0.10999999999999993,p2_more,p1_slight,medium_p2_more
11484294,11484872,15237,2021/9/1,241616.9492,15.69491525,"Single Family Residence, Residential",1948,3,2,10772.0,sqft,"Forced Air, Natural Gas","Central Air, Electric",unknown,205000.0,15237,2021/9/1,265879.661,10.0,"Single Family Residence, Residential",1945,2,3,0.27,Acres,"Forced Air, Natural Gas",Central Air,unknown,250000.0,1,2.0,False,18.0,hard,-1,1,3,10771.73,p2_more,p1_slight,hard_p2_more
11523441,11589738,15237,2022/1/1,358213.7931,17.4137931,"Single Family Residence, Residential",1980,3,5,0.34,Acres,Natural Gas,Central Air,unknown,315000.0,15237,2022/1/1,344160.4478,15.99253731,"Single Family Residence, Residential",1969,3,4,0.31,Acres,"Forced Air, Natural Gas",Central Air,unknown,385000.0,1,2.0,False,18.181818181818183,hard,1,0,11,0.030000000000000027,p1_slight,p1_slight,hard_p1_slight
11523441,11617480,15237,2022/1/1,358213.7931,17.4137931,"Single Family Residence, Residential",1980,3,5,0.34,Acres,Natural Gas,Central Air,unknown,315000.0,15237,2022/1/1,350850.3704,17.65925926,"Single Family Residence, Residential",1962,3,4,0.25,Acres,"Forced Air, Natural Gas",Central Air,unknown,384410.0,1,2.0,False,18.056242033245752,hard,1,0,18,0.09000000000000002,p1_slight,p1_slight,hard_p1_slight
11481530,11521563,15237,2022/2/1,334387.7551,14.62585034,"Single Family Residence, Residential",1949,3,3,0.48,Acres,"Forced Air, Natural Gas",Central Air,unknown,335000.0,15237,2022/2/1,311324.8322,13.62416107,"Single Family Residence, Residential",1968,3,5,0.26,Acres,"Forced Air, Electric",Central Air,unknown,260000.0,2,1.0,False,22.388059701492537,hard,-2,0,-19,0.21999999999999997,p2_more,similar,hard_p2_more
11555967,11617189,15237,2022/2/1,466403.0075,13.54887218,"Single Family Residence, Residential",1986,3,4,0.46,Acres,Natural Gas,Central Air,unknown,426000.0,15237,2022/2/1,507003.7037,15.48148148,"Single Family Residence, Residential",1976,3,4,0.46,Acres,"Forced Air, Natural Gas",Central Air,unknown,519000.0,1,2.0,False,17.91907514450867,hard,0,0,10,0.0,equal,p1_slight,hard_equal
11484080,11643439,15237,2022/3/1,242523.5294,14.23529412,"Single Family Residence, Residential",1950,2,3,0.8,Acres,"Forced Air, Natural Gas",Central Air,unknown,271000.0,15237,2022/3/1,225802.5641,36.23076923,"Single Family Residence, Residential",1923,4,4,0.5,Acres,"Forced Air, Natural Gas",Electric,unknown,201000.0,2,1.0,False,25.830258302583026,medium,-1,-2,27,0.30000000000000004,p2_more,p1_much,medium_p2_more
11522860,11643439,15237,2022/3/1,236622.8188,10.01342282,"Single Family Residence, Residential",1962,2,3,10001.0,sqft,"Forced Air, Natural Gas",Central Air,unknown,299900.0,15237,2022/3/1,225802.5641,36.23076923,"Single Family Residence, Residential",1923,4,4,0.5,Acres,"Forced Air, Natural Gas",Electric,unknown,201000.0,2,1.0,False,32.97765921973991,medium,-1,-2,39,10000.5,p2_more,p1_much,medium_p2_more
11557493,11558712,15237,2022/3/1,337550.0,16.0,"Single Family Residence, Residential",1978,3,3,0.29,Acres,"Forced Air, Natural Gas",Central Air,unknown,366362.0,15237,2022/3/1,306740.9091,13.86363636,"Single Family Residence, Residential",1950,2,3,0.42,Acres,"Forced Air, Natural Gas",Central Air,unknown,305000.0,2,1.0,False,16.749007811945564,hard,0,1,28,-0.13,equal,p1_much,hard_equal
11558098,11617303,15237,2022/3/1,195306.0606,12.78787879,"Single Family Residence, Residential",1950,2,2,5706.0,sqft,"Forced Air, Natural Gas",Central Air,unknown,170000.0,15237,2022/3/1,208800.0,11.77777778,"Townhouse, Residential",1972,2,3,5723.0,sqft,Natural Gas,Window A/C,unknown,220000.0,1,2.0,False,22.727272727272727,hard,-1,0,-22,-17.0,p2_more,p2_newer,hard_p2_more
11616944,248643112,15237,2022/3/1,393816.6667,28.0,"Single Family Residence, Residential",1965,3,4,0.51,Acres,"Forced Air, Natural Gas","Central Air, Electric",unknown,489500.0,15237,2022/3/1,390781.0219,10.0,"Single Family Residence, Residential",2017,2,2,2016.0,sqft,"Forced Air, Natural Gas",Central Air,unknown,380000.0,2,1.0,False,22.36976506639428,hard,2,1,-52,-2015.49,p1_much,p2_newer,hard_p1_much
11409174,11523159,15237,2022/4/1,187233.3333,35.33333333,"Single Family Residence, Residential",1958,1,3,10450.0,sqft,"Forced Air, Natural Gas",Central Air,unknown,205000.0,15237,2022/4/1,235423.0769,30.30769231,"Single Family Residence, Residential",1956,2,2,9191.0,sqft,"Forced Air, Natural Gas","Central Air, Electric",unknown,315000.0,1,2.0,False,34.92063492063492,medium,1,-1,2,1259.0,p1_slight,p1_slight,medium_p1_slight
11439377,11523159,15237,2022/4/1,190059.7778,21.13888889,"Single Family Residence, Residential",1950,2,3,0.27,Acres,Natural Gas,Central Air,unknown,245000.0,15237,2022/4/1,235423.0769,30.30769231,"Single Family Residence, Residential",1956,2,2,9191.0,sqft,"Forced Air, Natural Gas","Central Air, Electric",unknown,315000.0,1,2.0,False,22.22222222222222,hard,1,0,-6,-9190.73,p1_slight,similar,hard_p1_slight
11442258,11442620,15237,2022/4/1,357591.68,11.68,SingleFamily,1950,3,3,0.35,Acres,"Forced air, Gas",Central,unknown,367000.0,15237,2022/4/1,324540.0,14.26666667,"Single Family Residence, Residential",1960,3,3,0.44,Acres,"Forced Air, Natural Gas",Electric,unknown,300000.0,2,1.0,False,18.256130790190735,hard,0,0,-10,-0.09000000000000002,equal,similar,hard_equal
11485105,11523159,15237,2022/4/1,212341.6667,15.41666667,"Single Family Residence, Residential",1948,2,3,9191.0,sqft,Natural Gas,Central Air,unknown,195000.0,15237,2022/4/1,235423.0769,30.30769231,"Single Family Residence, Residential",1956,2,2,9191.0,sqft,"Forced Air, Natural Gas","Central Air, Electric",unknown,315000.0,1,2.0,False,38.095238095238095,medium,1,0,-8,0.0,p1_slight,similar,medium_p1_slight
11521577,11523291,15237,2022/4/1,309292.3077,26.0,"Single Family Residence, Residential",1962,3,5,0.82,Acres,"Forced Air, Natural Gas",Central Air,unknown,377000.0,15237,2022/4/1,332762.4161,13.27516779,"Single Family Residence, Residential",1970,3,4,0.73,Acres,"Forced Air, Natural Gas",Central Air,unknown,310000.0,2,1.0,False,17.771883289124666,hard,1,0,-8,0.08999999999999997,p1_slight,similar,hard_p1_slight
11522069,11642781,15237,2022/4/1,377273.913,12.26086957,"Single Family Residence, Residential",1992,4,4,0.5,Acres,"Forced Air, Natural Gas",Central Air,unknown,350000.0,15237,2022/4/1,359261.5385,28.58974359,"Single Family Residence, Residential",1941,2,4,1.33,Acres,"Hot Water, Natural Gas",Electric,unknown,460000.0,1,2.0,False,23.91304347826087,hard,0,2,51,-0.8300000000000001,equal,p1_much,hard_equal
11523159,11558929,15237,2022/4/1,235423.0769,30.30769231,"Single Family Residence, Residential",1956,2,2,9191.0,sqft,"Forced Air, Natural Gas","Central Air, Electric",unknown,315000.0,15237,2022/4/1,271185.7143,12.0,"Single Family Residence, Residential",1949,1,3,9361.0,sqft,"Forced Air, Natural Gas","Central Air, Electric",unknown,255100.0,2,1.0,False,19.015873015873016,hard,-1,1,7,-170.0,p2_more,p1_slight,hard_p2_more
11523291,11642781,15237,2022/4/1,332762.4161,13.27516779,"Single Family Residence, Residential",1970,3,4,0.73,Acres,"Forced Air, Natural Gas",Central Air,unknown,310000.0,15237,2022/4/1,359261.5385,28.58974359,"Single Family Residence, Residential",1941,2,4,1.33,Acres,"Hot Water, Natural Gas",Electric,unknown,460000.0,1,2.0,False,32.608695652173914,medium,0,1,29,-0.6000000000000001,equal,p1_much,medium_equal
11523349,11642781,15237,2022/4/1,416046.1538,15.76923077,"Single Family Residence, Residential",1990,3,4,1.04,Acres,"Forced Air, Natural Gas",Central Air,unknown,376000.0,15237,2022/4/1,359261.5385,28.58974359,"Single Family Residence, Residential",1941,2,4,1.33,Acres,"Hot Water, Natural Gas",Electric,unknown,460000.0,1,2.0,False,18.26086956521739,hard,0,1,49,-0.29000000000000004,equal,p1_much,hard_equal
11557955,11642781,15237,2022/4/1,295276.9231,24.42307692,"Single Family Residence, Residential",1964,3,4,10876.0,sqft,"Forced Air, Natural Gas",Central Air,unknown,325650.0,15237,2022/4/1,359261.5385,28.58974359,"Single Family Residence, Residential",1941,2,4,1.33,Acres,"Hot Water, Natural Gas",Electric,unknown,460000.0,1,2.0,False,29.206521739130437,medium,0,1,23,10874.67,equal,p1_much,medium_equal
11589831,11642781,15237,2022/4/1,388620.5128,14.92307692,"Single Family Residence, Residential",1964,3,4,0.5,Acres,"Forced Air, Natural Gas",Central Air,unknown,380000.0,15237,2022/4/1,359261.5385,28.58974359,"Single Family Residence, Residential",1941,2,4,1.33,Acres,"Hot Water, Natural Gas",Electric,unknown,460000.0,1,2.0,False,17.391304347826086,hard,0,1,23,-0.8300000000000001,equal,p1_much,hard_equal
11642781,11643821,15237,2022/4/1,359261.5385,28.58974359,"Single Family Residence, Residential",1941,2,4,1.33,Acres,"Hot Water, Natural Gas",Electric,unknown,460000.0,15237,2022/4/1,350988.8889,14.44444444,"Single Family Residence, Residential",1950,3,3,0.72,Acres,"Forced Air, Natural Gas","Central Air, Electric",unknown,346000.0,2,1.0,False,24.782608695652176,hard,1,-1,-9,0.6100000000000001,p1_slight,similar,hard_p1_slight
11483974,11484635,15237,2022/5/1,250393.8776,28.75510204,"Single Family Residence, Residential",1950,3,4,0.43,Acres,"Forced Air, Natural Gas",Central Air,unknown,286000.0,15237,2022/5/1,310900.0,22.75,"Single Family Residence, Residential",1975,4,3,0.33,Acres,"Forced Air, Natural Gas",Central Air,unknown,406000.0,1,2.0,False,29.55665024630542,medium,1,-1,-25,0.09999999999999998,p1_slight,p2_newer,medium_p1_slight
11483974,11485060,15237,2022/5/1,250393.8776,28.75510204,"Single Family Residence, Residential",1950,3,4,0.43,Acres,"Forced Air, Natural Gas",Central Air,unknown,286000.0,15237,2022/5/1,308320.0,21.0,"Single Family Residence, Residential",1950,3,4,0.41,Acres,"Forced Air, Natural Gas",Central Air,unknown,365600.0,1,2.0,False,21.772428884026258,hard,0,0,0,0.020000000000000018,equal,similar,hard_equal
11404583,11522810,15237,2022/6/1,343846.1538,31.14285714,"Single Family Residence, Residential",1944,1,3,6.08,Acres,"Forced Air, Natural Gas",Central Air,unknown,385000.0,15237,2022/6/1,287044.3182,17.125,"Single Family Residence, Residential",1964,2,4,0.39,Acres,Natural Gas,Central Air,unknown,295000.0,2,1.0,False,23.376623376623375,hard,-1,-1,-20,5.69,p2_more,p2_newer,hard_p2_more
11404583,11523330,15237,2022/6/1,343846.1538,31.14285714,"Single Family Residence, Residential",1944,1,3,6.08,Acres,"Forced Air, Natural Gas",Central Air,unknown,385000.0,15237,2022/6/1,282125.641,13.69230769,"Single Family Residence, Residential",1967,2,3,0.47,Acres,"Hot Water, Natural Gas",Central Air,unknown,307000.0,2,1.0,False,20.259740259740262,hard,0,-1,-23,5.61,equal,p2_newer,hard_equal
11404583,11558242,15237,2022/6/1,343846.1538,31.14285714,"Single Family Residence, Residential",1944,1,3,6.08,Acres,"Forced Air, Natural Gas",Central Air,unknown,385000.0,15237,2022/6/1,319141.4634,10.0,"Single Family Residence, Residential",1980,3,3,5749.0,sqft,"Forced Air, Natural Gas",Central Air,unknown,315000.0,2,1.0,False,18.181818181818183,hard,0,-2,-36,-5742.92,equal,p2_newer,hard_equal
11404583,11558625,15237,2022/6/1,343846.1538,31.14285714,"Single Family Residence, Residential",1944,1,3,6.08,Acres,"Forced Air, Natural Gas",Central Air,unknown,385000.0,15237,2022/6/1,299326.506,12.74698795,"Single Family Residence, Residential",1951,2,3,10454.0,sqft,"Forced Air, Natural Gas",Central Air,unknown,270000.0,2,1.0,False,29.87012987012987,medium,0,-1,-7,-10447.92,equal,similar,medium_equal
11484792,11523330,15237,2022/6/1,247820.0,19.33333333,"Single Family Residence, Residential",1949,3,3,8197.0,sqft,"Forced Air, Natural Gas",Central Air,unknown,240000.0,15237,2022/6/1,282125.641,13.69230769,"Single Family Residence, Residential",1967,2,3,0.47,Acres,"Hot Water, Natural Gas",Central Air,unknown,307000.0,1,2.0,False,21.824104234527688,hard,0,1,-18,8196.53,equal,similar,hard_equal
11522810,11617445,15237,2022/6/1,287044.3182,17.125,"Single Family Residence, Residential",1964,2,4,0.39,Acres,Natural Gas,Central Air,unknown,295000.0,15237,2022/6/1,335971.4286,23.71428571,"Single Family Residence, Residential",1938,3,3,0.01,Acres,"Hot Water, Natural Gas",Electric,unknown,438000.0,1,2.0,False,32.64840182648402,medium,1,-1,26,0.38,p1_slight,p1_much,medium_p1_slight
11522810,11618303,15237,2022/6/1,287044.3182,17.125,"Single Family Residence, Residential",1964,2,4,0.39,Acres,Natural Gas,Central Air,unknown,295000.0,15237,2022/6/1,317650.0,13.0,"Single Family Residence, Residential",1955,2,3,0.25,Acres,"Forced Air, Natural Gas",Central Air,unknown,371100.0,1,2.0,False,20.50660199407168,hard,1,0,9,0.14,p1_slight,p1_slight,hard_p1_slight
11523330,11617445,15237,2022/6/1,282125.641,13.69230769,"Single Family Residence, Residential",1967,2,3,0.47,Acres,"Hot Water, Natural Gas",Central Air,unknown,307000.0,15237,2022/6/1,335971.4286,23.71428571,"Single Family Residence, Residential",1938,3,3,0.01,Acres,"Hot Water, Natural Gas",Electric,unknown,438000.0,1,2.0,False,29.908675799086758,medium,0,-1,29,0.45999999999999996,equal,p1_much,medium_equal
11523330,11618303,15237,2022/6/1,282125.641,13.69230769,"Single Family Residence, Residential",1967,2,3,0.47,Acres,"Hot Water, Natural Gas",Central Air,unknown,307000.0,15237,2022/6/1,317650.0,13.0,"Single Family Residence, Residential",1955,2,3,0.25,Acres,"Forced Air, Natural Gas",Central Air,unknown,371100.0,1,2.0,False,17.272972244677984,hard,0,0,12,0.21999999999999997,equal,p1_slight,hard_equal
11558625,11617445,15237,2022/6/1,299326.506,12.74698795,"Single Family Residence, Residential",1951,2,3,10454.0,sqft,"Forced Air, Natural Gas",Central Air,unknown,270000.0,15237,2022/6/1,335971.4286,23.71428571,"Single Family Residence, Residential",1938,3,3,0.01,Acres,"Hot Water, Natural Gas",Electric,unknown,438000.0,1,2.0,False,38.35616438356164,medium,0,-1,13,10453.99,equal,p1_slight,medium_equal
11558625,11618303,15237,2022/6/1,299326.506,12.74698795,"Single Family Residence, Residential",1951,2,3,10454.0,sqft,"Forced Air, Natural Gas",Central Air,unknown,270000.0,15237,2022/6/1,317650.0,13.0,"Single Family Residence, Residential",1955,2,3,0.25,Acres,"Forced Air, Natural Gas",Central Air,unknown,371100.0,1,2.0,False,27.243330638641876,medium,0,0,-4,10453.75,equal,similar,medium_equal
11589177,11643310,15237,2022/6/1,464084.6154,14.0,"Single Family Residence, Residential",1983,5,5,0.57,Acres,Natural Gas,Electric,unknown,485000.0,15237,2022/6/1,512261.5385,25.0,"Single Family Residence, Residential",1954,3,3,0.02,Acres,"Forced Air, Natural Gas",Central Air,unknown,610000.0,1,2.0,False,20.491803278688526,hard,2,2,29,0.5499999999999999,p1_much,p1_much,hard_p1_much
11589671,11617397,15237,2022/6/1,365531.7143,19.46428571,"Single Family Residence, Residential",1968,4,4,0.29,Acres,"Forced Air, Natural Gas",Central Air,unknown,427500.0,15237,2022/6/1,309583.3333,20.0,"Single Family Residence, Residential",1950,4,4,0.37,Acres,"Forced Air, Natural Gas",Central Air,unknown,350000.0,2,1.0,False,18.128654970760234,hard,0,0,18,-0.08000000000000002,equal,p1_slight,hard_equal
11589671,11643265,15237,2022/6/1,365531.7143,19.46428571,"Single Family Residence, Residential",1968,4,4,0.29,Acres,"Forced Air, Natural Gas",Central Air,unknown,427500.0,15237,2022/6/1,347946.1538,12.30769231,"Single Family Residence, Residential",1950,2,4,0.9,Acres,"Forced Air, Natural Gas",Central Air,unknown,328000.0,2,1.0,False,23.27485380116959,hard,0,2,18,-0.6100000000000001,equal,p1_slight,hard_equal
11590510,11617445,15237,2022/6/1,347034.9398,12.74698795,"Single Family Residence, Residential",1961,2,3,10480.0,sqft,"Forced Air, Natural Gas",Central Air,unknown,350000.0,15237,2022/6/1,335971.4286,23.71428571,"Single Family Residence, Residential",1938,3,3,0.01,Acres,"Hot Water, Natural Gas",Electric,unknown,438000.0,1,2.0,False,20.091324200913242,hard,0,-1,23,10479.99,equal,p1_much,hard_equal
11617445,11643265,15237,2022/6/1,335971.4286,23.71428571,"Single Family Residence, Residential",1938,3,3,0.01,Acres,"Hot Water, Natural Gas",Electric,unknown,438000.0,15237,2022/6/1,347946.1538,12.30769231,"Single Family Residence, Residential",1950,2,4,0.9,Acres,"Forced Air, Natural Gas",Central Air,unknown,328000.0,2,1.0,False,25.11415525114155,medium,-1,1,-12,-0.89,p2_more,similar,medium_p2_more
11617445,164305293,15237,2022/6/1,335971.4286,23.71428571,"Single Family Residence, Residential",1938,3,3,0.01,Acres,"Hot Water, Natural Gas",Electric,unknown,438000.0,15237,2022/6/1,346165.8537,10.0,"Townhouse, Residential",2015,3,3,3571.0,sqft,"Forced Air, Natural Gas",Central Air,unknown,340000.0,2,1.0,False,22.37442922374429,hard,0,0,-77,-3570.99,equal,p2_newer,hard_equal
11522156,11590459,15237,2022/7/1,287462.6374,13.16483516,"Single Family Residence, Residential",1945,3,3,0.32,Acres,"Forced Air, Natural Gas",Central Air,unknown,290000.0,15237,2022/7/1,315377.0,10.9375,"Single Family Residence, Residential",1959,2,3,0.29,Acres,"Forced Air, Natural Gas",Central Air,unknown,360000.0,1,2.0,False,19.444444444444446,hard,0,1,-14,0.030000000000000027,equal,similar,hard_equal
11558850,11643180,15237,2022/7/1,260343.5294,11.0,"Single Family Residence, Residential",1949,2,3,9060.0,sqft,"Forced Air, Natural Gas",Central Air,unknown,320000.0,15237,2022/7/1,300005.1282,21.76923077,"Single Family Residence, Residential",1875,3,4,0.87,Acres,"Forced Air, Natural Gas",Central Air,unknown,261600.0,2,1.0,False,18.25,hard,-1,-1,74,9059.13,p2_more,p1_much,hard_p2_more
11590008,11643180,15237,2022/7/1,330775.6098,11.14634146,"Single Family Residence, Residential",1979,3,3,0.28,Acres,"Forced Air, Natural Gas",Central Air,unknown,365000.0,15237,2022/7/1,300005.1282,21.76923077,"Single Family Residence, Residential",1875,3,4,0.87,Acres,"Forced Air, Natural Gas",Central Air,unknown,261600.0,2,1.0,False,28.328767123287673,medium,-1,0,104,-0.59,p2_more,p1_much,medium_p2_more
11590459,11643180,15237,2022/7/1,315377.0,10.9375,"Single Family Residence, Residential",1959,2,3,0.29,Acres,"Forced Air, Natural Gas",Central Air,unknown,360000.0,15237,2022/7/1,300005.1282,21.76923077,"Single Family Residence, Residential",1875,3,4,0.87,Acres,"Forced Air, Natural Gas",Central Air,unknown,261600.0,2,1.0,False,27.333333333333332,medium,-1,-1,84,-0.5800000000000001,p2_more,p1_much,medium_p2_more
11643180,116179935,15237,2022/7/1,300005.1282,21.76923077,"Single Family Residence, Residential",1875,3,4,0.87,Acres,"Forced Air, Natural Gas",Central Air,unknown,261600.0,15237,2022/7/1,342740.0,10.6,"Townhouse, Residential",2010,3,3,2922.0,sqft,"Forced Air, Natural Gas",Central Air,unknown,315000.0,1,2.0,False,16.952380952380953,hard,1,0,-135,-2921.13,p1_slight,p2_newer,hard_p1_slight
11446485,11646621,15238,2019/10/1,311669.2,14.9,Townhouse,1987,5,4,3963.0,sqft,"Forced air, Gas",Central,unknown,245000.0,15238,2019/10/1,330763.3,15.4,SingleFamily,1985,3,3,0.39,Acres,"Forced air, Gas",Central,unknown,350057.0,1,2.0,False,30.011398143730876,medium,1,2,2,3962.61,p1_slight,p1_slight,medium_p1_slight
11412004,92378975,15238,2019/12/1,709395.0,16.0,SingleFamily,1975,4,4,1.03,Acres,"Forced air, Gas",Central,unknown,500000.0,15238,2019/12/1,700437.3333,18.25,SingleFamily,2007,3,3,8089.0,sqft,Other,Central,unknown,682500.0,1,2.0,False,26.73992673992674,medium,1,1,-32,-8087.97,p1_slight,p2_newer,medium_p1_slight
11413924,11488670,15238,2020/1/1,178610.7692,59.69230769,SingleFamily,1911,1,2,0.46,Acres,"Forced air, Gas",Central,unknown,175000.0,15238,2020/1/1,248568.5,20.33333333,"Townhouse, Residential",1986,3,2,2247.0,sqft,"Forced Air, Natural Gas",Central Air,unknown,230000.0,1,2.0,False,23.91304347826087,hard,0,-2,-75,-2246.54,equal,p2_newer,hard_equal
11375090,11527873,15238,2020/10/1,493711.8,16.8,"Single Family Residence, Residential",2009,4,4,10658.0,sqft,"Forced Air, Natural Gas",Central Air,unknown,449000.0,15238,2020/10/1,546562.1818,21.45454545,"Single Family Residence, Residential",1968,3,4,1.49,Acres,Natural Gas,Central Air,unknown,605000.0,1,2.0,False,25.785123966942148,medium,0,1,41,10656.51,equal,p1_much,medium_equal
11413912,11414283,15238,2020/10/1,171507.0909,22.81818182,"Single Family Residence, Residential",1951,1,2,9265.0,sqft,"Forced Air, Natural Gas",Central Air,unknown,230000.0,15238,2020/10/1,182622.5833,19.16666667,"Single Family Residence, Residential",1963,2,3,5875.0,sqft,"Forced Air, Natural Gas",Central Air,unknown,167500.0,2,1.0,False,27.173913043478258,medium,-1,-1,-12,3390.0,p2_more,similar,medium_p2_more
11413912,11414442,15238,2020/10/1,171507.0909,22.81818182,"Single Family Residence, Residential",1951,1,2,9265.0,sqft,"Forced Air, Natural Gas",Central Air,unknown,230000.0,15238,2020/10/1,164990.0,21.0,"Single Family Residence, Residential",1953,1,3,9180.0,sqft,Natural Gas,Central Air,unknown,179900.0,2,1.0,False,21.782608695652176,hard,-1,0,-2,85.0,p2_more,similar,hard_p2_more
11414135,11444513,15238,2020/4/1,498572.8889,13.77777778,SingleFamily,1978,3,4,0.92,Acres,Other,Central,unknown,537000.0,15238,2020/4/1,530946.1538,25.38461538,SingleFamily,1990,4,3,2592.0,sqft,"Other, Gas",Central,unknown,320000.0,2,1.0,False,40.4096834264432,easy,1,-1,-12,-2591.08,p1_slight,similar,easy_p1_slight
11414193,11487476,15238,2020/4/1,250485.0,25.0,SingleFamily,1958,3,4,8624.0,sqft,"Forced air, Gas",Central,unknown,220000.0,15238,2020/4/1,246083.0,13.0,SingleFamily,1978,2,3,0.4,Acres,"Forced air, Gas",Central,unknown,269900.0,1,2.0,False,18.48832901074472,hard,1,1,-20,8623.6,p1_slight,p2_newer,hard_p1_slight
11414193,59837122,15238,2020/4/1,250485.0,25.0,SingleFamily,1958,3,4,8624.0,sqft,"Forced air, Gas",Central,unknown,220000.0,15238,2020/4/1,248218.6667,16.0,Townhouse,2006,3,3,3301.0,sqft,"Other, Forced air, Gas",Central,unknown,268000.0,1,2.0,False,17.91044776119403,hard,1,0,-48,5323.0,p1_slight,p2_newer,hard_p1_slight
11444556,11488396,15238,2020/6/1,585496.4444,22.22222222,"Single Family Residence, Residential",1958,5,4,1.15,Acres,"Forced Air, Natural Gas","Central Air, Electric",unknown,482500.0,15238,2020/6/1,689919.1818,12.72727273,"Townhouse, Residential",1994,4,4,1306.0,sqft,"Forced Air, Natural Gas",Central Air,unknown,630000.0,1,2.0,False,23.41269841269841,hard,0,1,-36,-1304.85,equal,p2_newer,hard_equal
11411993,11487720,15238,2020/7/1,595235.1818,19.45454545,SingleFamily,1953,3,4,0.88,Acres,Other,Central,unknown,627500.0,15238,2020/7/1,571692.0,22.0,SingleFamily,1965,5,5,0.03,Acres,"Forced air, Gas",Central,unknown,515000.0,2,1.0,False,17.928286852589643,hard,-1,-2,-12,0.85,p2_more,similar,hard_p2_more
11411993,11528034,15238,2020/7/1,595235.1818,19.45454545,SingleFamily,1953,3,4,0.88,Acres,Other,Central,unknown,627500.0,15238,2020/7/1,483532.2,26.8,"Single Family Residence, Residential",1954,3,3,1.23,Acres,"Forced Air, Natural Gas",Central Air,unknown,522000.0,2,1.0,False,16.812749003984067,hard,1,0,-1,-0.35,p1_slight,similar,hard_p1_slight
11487477,11528034,15238,2020/7/1,392607.5385,15.53846154,SingleFamily,1987,6,4,1.28,Acres,Other,Central,unknown,305110.0,15238,2020/7/1,483532.2,26.8,"Single Family Residence, Residential",1954,3,3,1.23,Acres,"Forced Air, Natural Gas",Central Air,unknown,522000.0,1,2.0,False,41.54980842911877,easy,1,3,33,0.050000000000000044,p1_slight,p1_much,easy_p1_slight
11487477,87992919,15238,2020/7/1,392607.5385,15.53846154,SingleFamily,1987,6,4,1.28,Acres,Other,Central,unknown,305110.0,15238,2020/7/1,357531.7,20.1,"Townhouse, Residential",2006,3,2,1158.0,sqft,"Forced Air, Natural Gas",Central Air,unknown,395000.0,1,2.0,False,22.756962025316454,hard,2,3,-19,-1156.72,p1_much,similar,hard_p1_much
11487647,11528034,15238,2020/7/1,433763.3333,20.0,SingleFamily,1951,4,4,1.37,Acres,"Other, Gas",Central,unknown,425000.0,15238,2020/7/1,483532.2,26.8,"Single Family Residence, Residential",1954,3,3,1.23,Acres,"Forced Air, Natural Gas",Central Air,unknown,522000.0,1,2.0,False,18.582375478927204,hard,1,1,-3,0.14000000000000012,p1_slight,similar,hard_p1_slight
11412050,11446406,15238,2020/8/1,552371.4545,29.09090909,"Single Family Residence, Residential",1959,3,4,1.0,Acres,"Forced Air, Natural Gas","Central Air, Electric",unknown,654500.0,15238,2020/8/1,532644.0,17.22222222,SingleFamily,1954,4,4,1.59,Acres,Other,Central,unknown,509000.0,2,1.0,False,22.230710466004584,hard,0,-1,5,-0.5900000000000001,equal,p1_slight,hard_equal
11412174,11487741,15238,2020/8/1,1007903.0,12.0,"Single Family Residence, Residential",1929,6,5,1.09,Acres,"Forced Air, Natural Gas",Central Air,unknown,1365000.0,15238,2020/8/1,977025.4545,13.63636364,"Single Family Residence, Residential",1960,5,4,2.9,Acres,"Forced Air, Natural Gas",Central Air,unknown,975000.0,2,1.0,False,28.57142857142857,medium,1,1,-31,-1.8099999999999998,p1_slight,p2_newer,medium_p1_slight
11446406,11562731,15238,2020/8/1,532644.0,17.22222222,SingleFamily,1954,4,4,1.59,Acres,Other,Central,unknown,509000.0,15238,2020/8/1,557717.2,17.8,"Single Family Residence, Residential",1960,3,5,0.1,Acres,"Forced Air, Natural Gas",Central Air,unknown,650000.0,1,2.0,False,21.69230769230769,hard,-1,1,-6,1.49,p2_more,similar,hard_p2_more
11446406,87987769,15238,2020/8/1,532644.0,17.22222222,SingleFamily,1954,4,4,1.59,Acres,Other,Central,unknown,509000.0,15238,2020/8/1,606850.3333,20.0,SingleFamily,2007,3,4,5388.0,sqft,"Forced air, Electric",Central,unknown,659000.0,1,2.0,False,22.76176024279211,hard,0,1,-53,-5386.41,equal,p2_newer,hard_equal
11562731,164643366,15238,2020/8/1,557717.2,17.8,"Single Family Residence, Residential",1960,3,5,0.1,Acres,"Forced Air, Natural Gas",Central Air,unknown,650000.0,15238,2020/8/1,601409.0,13.33333333,"Townhouse, Residential",2000,3,3,0.38,Acres,"Forced Air, Natural Gas",Central Air,unknown,537500.0,2,1.0,False,17.307692307692307,hard,2,0,-40,-0.28,p1_much,p2_newer,hard_p1_much
11527853,11561753,15238,2021/10/1,728500.0,18.25,"Single Family Residence, Residential",1978,4,4,1.1,Acres,"Forced Air, Natural Gas","Central Air, Electric",unknown,575000.0,15238,2021/10/1,759540.5455,12.04545455,"Single Family Residence, Residential",1993,4,4,0.92,Acres,"Forced Air, Natural Gas",Central Air,unknown,715000.0,1,2.0,False,19.58041958041958,hard,0,0,-15,0.18000000000000005,equal,similar,hard_equal
11412141,11487703,15238,2021/6/1,1598101.0,18.8,"Single Family Residence, Residential",1929,6,5,1.35,Acres,"Radiant, Natural Gas",Central Air,unknown,2450000.0,15238,2021/6/1,1394122.933,14.8,"Single Family Residence, Residential",1963,6,4,6.33,Acres,"Forced Air, Natural Gas",Central Air,unknown,1560000.0,2,1.0,False,36.3265306122449,medium,1,0,-34,-4.98,p1_slight,p2_newer,medium_p1_slight
11413779,11487512,15238,2021/8/1,857900.0,15.0,"Single Family Residence, Residential",1982,5,4,1.8,Acres,"Forced Air, Natural Gas",Central Air,unknown,1190000.0,15238,2021/8/1,923847.2174,10.7826087,"Single Family Residence, Residential",1978,5,6,1.01,Acres,"Forced Air, Natural Gas",Central Air,unknown,910000.0,2,1.0,False,23.52941176470588,hard,-2,0,4,0.79,p2_more,p1_slight,hard_p2_more
11446397,11487774,15238,2021/9/1,1234207.143,21.71428571,"Single Family Residence, Residential",1993,7,5,2.41,Acres,"Forced Air, Natural Gas",Central Air,unknown,925000.0,15238,2021/9/1,1464720.0,25.0,"Single Family Residence, Residential",1964,6,4,3.27,Acres,"Forced Air, Natural Gas",Central Air,unknown,1197000.0,1,2.0,False,22.7234753550543,hard,1,1,29,-0.8599999999999999,p1_slight,p1_much,hard_p1_slight
11446500,11488394,15238,2022/5/1,456450.0,17.2,"Townhouse, Residential",1990,4,4,1584.0,sqft,"Forced Air, Natural Gas",Central Air,unknown,520000.0,15238,2022/5/1,400923.6667,16.0,"Townhouse, Residential",1990,4,3,7370.0,sqft,"Forced Air, Natural Gas",Central Air,unknown,420000.0,2,1.0,False,19.230769230769234,hard,1,0,0,-5786.0,p1_slight,similar,hard_p1_slight
11282383,11597168,15239,2020/12/1,157989.1429,20.28571429,"Single Family Residence, Residential",1960,2,3,10763.0,sqft,"Forced Air, Natural Gas",Central Air,unknown,169000.0,15239,2020/12/1,151929.0,22.0,"Single Family Residence, Residential",1962,2,2,0.45,Acres,"Forced Air, Natural Gas",Central Air,unknown,127000.0,2,1.0,False,24.85207100591716,hard,1,0,-2,10762.55,p1_slight,similar,hard_p1_slight
11597824,11626177,15239,2020/5/1,153800.5385,16.0,SingleFamily,1958,2,4,9000.0,sqft,Other,Central,unknown,154900.0,15239,2020/5/1,133658.0,23.0,SingleFamily,1963,3,3,0.28,Acres,Other,Central,unknown,119900.0,2,1.0,False,22.59522272433828,hard,1,-1,-5,8999.72,p1_slight,similar,hard_p1_slight
11596909,11598142,15239,2020/7/1,167448.95,13.6,SingleFamily,1954,3,4,6315.0,sqft,"Forced air, Gas",Central,unknown,162500.0,15239,2020/7/1,177704.2,14.8,SingleFamily,1970,2,3,8546.0,sqft,Other,Central,unknown,220000.0,1,2.0,False,26.136363636363637,medium,1,1,-16,-2231.0,p1_slight,similar,medium_p1_slight
11597281,11598057,15239,2021/5/1,161254.0,17.0,"Single Family Residence, Residential",1966,2,3,9000.0,sqft,"Forced Air, Natural Gas",Central Air,unknown,176500.0,15239,2021/5/1,184171.0,18.0,"Single Family Residence, Residential",1958,3,3,0.29,Acres,"Forced Air, Natural Gas",Central Air,unknown,250000.0,1,2.0,False,29.4,medium,0,-1,8,8999.71,equal,p1_slight,medium_equal
11598057,11626666,15239,2021/5/1,184171.0,18.0,"Single Family Residence, Residential",1958,3,3,0.29,Acres,"Forced Air, Natural Gas",Central Air,unknown,250000.0,15239,2021/5/1,155681.9091,15.45454545,"Single Family Residence, Residential",1958,2,3,0.82,Acres,"Forced Air, Natural Gas",Central Air,unknown,178137.0,2,1.0,False,28.745199999999997,medium,0,1,0,-0.53,equal,similar,medium_equal
11261816,11626488,15239,2022/6/1,242419.5122,13.85365854,"Single Family Residence, Residential",1977,2,3,0.26,Acres,"Forced Air, Natural Gas",Central Air,unknown,295000.0,15239,2022/6/1,208592.3077,23.0,"Single Family Residence, Residential",1960,2,4,9060.0,sqft,"Forced Air, Natural Gas",Central Air,unknown,215000.0,2,1.0,False,27.11864406779661,medium,-1,0,17,-9059.74,p2_more,p1_slight,medium_p2_more
11261816,11626611,15239,2022/6/1,242419.5122,13.85365854,"Single Family Residence, Residential",1977,2,3,0.26,Acres,"Forced Air, Natural Gas",Central Air,unknown,295000.0,15239,2022/6/1,224062.963,15.11111111,"Single Family Residence, Residential",1957,2,3,0.35,Acres,"Forced Air, Natural Gas",Central Air,unknown,195000.0,2,1.0,False,33.89830508474576,medium,0,0,20,-0.08999999999999997,equal,p1_slight,medium_equal
11282916,11626611,15239,2022/6/1,233746.3415,13.85365854,"Single Family Residence, Residential",1963,3,5,0.27,Acres,"Forced Air, Natural Gas",Central Air,unknown,260000.0,15239,2022/6/1,224062.963,15.11111111,"Single Family Residence, Residential",1957,2,3,0.35,Acres,"Forced Air, Natural Gas",Central Air,unknown,195000.0,2,1.0,False,25.0,hard,2,1,6,-0.07999999999999996,p1_much,p1_slight,hard_p1_much
11597769,11597972,15239,2022/6/1,172509.7561,21.6097561,"Single Family Residence, Residential",1975,2,3,0.32,Acres,"Forced Air, Natural Gas","Central Air, Electric",unknown,200000.0,15239,2022/6/1,193453.8462,21.0,"Single Family Residence, Residential",1962,3,3,7501.0,sqft,"Forced Air, Natural Gas","Central Air, Electric",unknown,153500.0,2,1.0,False,23.25,hard,0,-1,13,-7500.68,equal,p1_slight,hard_equal
11597972,11626572,15239,2022/6/1,193453.8462,21.0,"Single Family Residence, Residential",1962,3,3,7501.0,sqft,"Forced Air, Natural Gas","Central Air, Electric",unknown,153500.0,15239,2022/6/1,212617.5,17.075,"Single Family Residence, Residential",1960,1,3,0.29,Acres,"Forced Air, Natural Gas",Central Air,unknown,200000.0,1,2.0,False,23.25,hard,0,2,2,7500.71,equal,p1_slight,hard_equal
11597972,11626611,15239,2022/6/1,193453.8462,21.0,"Single Family Residence, Residential",1962,3,3,7501.0,sqft,"Forced Air, Natural Gas","Central Air, Electric",unknown,153500.0,15239,2022/6/1,224062.963,15.11111111,"Single Family Residence, Residential",1957,2,3,0.35,Acres,"Forced Air, Natural Gas",Central Air,unknown,195000.0,1,2.0,False,21.28205128205128,hard,0,1,5,7500.65,equal,p1_slight,hard_equal
11432517,11549470,15241,2019/10/1,254751.3889,10.0,SingleFamily,1947,2,3,0.31,Acres,Other,Central,Garage - Attached,200000.0,15241,2019/10/1,268377.0,15.8,SingleFamily,1948,2,3,0.32,Acres,Other,Central,Garage - Attached,309000.0,1,2.0,False,35.275080906148865,medium,0,0,-1,-0.010000000000000009,equal,similar,medium_equal
11472416,54623801,15241,2019/10/1,674248.75,17.5,SingleFamily,1983,6,4,0.01,Acres,"Forced air, Gas",Central,unknown,750000.0,15241,2019/10/1,653861.0,15.0,"Single Family Residence, Residential",2001,5,4,0.4,Acres,"Forced Air, Natural Gas",Central Air,unknown,558000.0,2,1.0,False,25.6,medium,0,1,-18,-0.39,equal,similar,medium_equal
11549328,11549657,15241,2019/10/1,296155.0,15.4,SingleFamily,1962,3,3,0.58,Acres,Other,Central,unknown,309900.0,15241,2019/10/1,297334.1667,10.0,SingleFamily,1953,3,4,0.68,Acres,"Other, Baseboard, Gas",Wall,unknown,255000.0,2,1.0,False,17.71539206195547,hard,-1,0,9,-0.10000000000000009,p2_more,p1_slight,hard_p2_more
11432453,11510248,15241,2019/11/1,363926.6,10.55,SingleFamily,1987,3,4,10887.0,sqft,Other,Central,Garage - Attached,330000.0,15241,2019/11/1,377647.8,14.5,SingleFamily,1975,4,4,0.32,Acres,"Baseboard, Gas",Central,Garage - Attached,412000.0,1,2.0,False,19.902912621359224,hard,0,-1,12,10886.68,equal,p1_slight,hard_equal
11434087,11549289,15241,2019/12/1,247631.4,19.9,SingleFamily,1968,3,3,2726.0,sqft,"Other, Gas",Central,Garage - Attached,289000.0,15241,2019/12/1,261285.0,17.0,SingleFamily,1958,4,3,10876.0,sqft,Other,Central,Garage - Attached,230000.0,2,1.0,False,20.415224913494807,hard,0,-1,10,-8150.0,equal,p1_slight,hard_equal
11432555,11432641,15241,2020/10/1,193270.0,22.0,"Single Family Residence, Residential",1950,3,4,7474.0,sqft,"Forced Air, Natural Gas","Central Air, Electric",unknown,244500.0,15241,2020/10/1,218049.8889,16.88888889,"Single Family Residence, Residential",1957,2,3,10254.0,sqft,"Forced Air, Natural Gas","Central Air, Electric",unknown,183700.0,2,1.0,False,24.867075664621677,hard,1,1,-7,-2780.0,p1_slight,similar,hard_p1_slight
11433156,11581473,15241,2020/11/1,607463.2727,12.90909091,"Single Family Residence, Residential",1990,4,4,0.31,Acres,"Forced Air, Natural Gas","Central Air, Electric",unknown,535000.0,15241,2020/11/1,601239.6667,15.58333333,"Single Family Residence, Residential",1980,4,4,0.53,Acres,Natural Gas,Central Air,unknown,710000.0,1,2.0,False,24.647887323943664,hard,0,0,10,-0.22000000000000003,equal,p1_slight,hard_equal
11434174,11472286,15241,2020/11/1,668859.0,10.0,"Single Family Residence, Residential",1998,5,5,0.34,Acres,"Forced Air, Natural Gas",Central Air,unknown,615000.0,15241,2020/11/1,807481.0,31.0,"Single Family Residence, Residential",1995,5,4,1.87,Acres,"Forced Air, Natural Gas","Central Air, Electric",unknown,800000.0,1,2.0,False,23.125,hard,1,0,3,-1.53,p1_slight,p1_slight,hard_p1_slight
11472147,11510763,15241,2020/12/1,342753.5455,21.18181818,"Single Family Residence, Residential",1925,2,3,0.42,Acres,"Radiant, Other",Electric,unknown,520000.0,15241,2020/12/1,319085.3333,13.33333333,SingleFamily,1979,3,4,10496.0,sqft,Other,Central,unknown,330000.0,2,1.0,False,36.53846153846153,medium,-1,-1,-54,-10495.58,p2_more,p2_newer,medium_p2_more
11472147,11510775,15241,2020/12/1,342753.5455,21.18181818,"Single Family Residence, Residential",1925,2,3,0.42,Acres,"Radiant, Other",Electric,unknown,520000.0,15241,2020/12/1,325804.0,11.71428571,"Single Family Residence, Residential",1979,4,5,9840.0,sqft,"Heat Pump, Electric",Central Air,unknown,330000.0,2,1.0,False,36.53846153846153,medium,-2,-2,-54,-9839.58,p2_more,p2_newer,medium_p2_more
11472147,11549442,15241,2020/12/1,342753.5455,21.18181818,"Single Family Residence, Residential",1925,2,3,0.42,Acres,"Radiant, Other",Electric,unknown,520000.0,15241,2020/12/1,342563.5,15.0,"Single Family Residence, Residential",1958,3,4,0.37,Acres,"Forced Air, Natural Gas",Central Air,unknown,355000.0,2,1.0,False,31.73076923076923,medium,-1,-1,-33,0.04999999999999999,p2_more,p2_newer,medium_p2_more
11472147,11580755,15241,2020/12/1,342753.5455,21.18181818,"Single Family Residence, Residential",1925,2,3,0.42,Acres,"Radiant, Other",Electric,unknown,520000.0,15241,2020/12/1,317931.75,15.08333333,"Single Family Residence, Residential",1976,4,4,0.3,Acres,Natural Gas,"Central Air, Electric",unknown,295000.0,2,1.0,False,43.269230769230774,easy,-1,-2,-51,0.12,p2_more,p2_newer,easy_p2_more
11510775,11549375,15241,2020/12/1,325804.0,11.71428571,"Single Family Residence, Residential",1979,4,5,9840.0,sqft,"Heat Pump, Electric",Central Air,unknown,330000.0,15241,2020/12/1,369434.5385,15.0,"Single Family Residence, Residential",1965,3,5,0.5,Acres,"Forced Air, Natural Gas",Central Air,unknown,439500.0,1,2.0,False,24.914675767918087,hard,0,1,14,9839.5,equal,p1_slight,hard_equal
11433987,11472688,15241,2020/2/1,322148.0,15.0,SingleFamily,1987,4,3,0.33,Acres,"Forced air, Gas",Central,unknown,235000.0,15241,2020/2/1,366400.5455,14.09090909,SingleFamily,1968,3,4,0.3,Acres,"Other, Gas",Central,unknown,412000.0,1,2.0,False,42.961165048543684,easy,-1,1,19,0.030000000000000027,p2_more,p1_slight,easy_p2_more
11433987,11580909,15241,2020/2/1,322148.0,15.0,SingleFamily,1987,4,3,0.33,Acres,"Forced air, Gas",Central,unknown,235000.0,15241,2020/2/1,346316.0,13.55555556,SingleFamily,1978,4,4,0.3,Acres,Other,Central,unknown,370000.0,1,2.0,False,36.486486486486484,medium,-1,0,9,0.030000000000000027,p2_more,p1_slight,medium_p2_more
11434088,11473115,15241,2020/3/1,301342.0,11.66666667,SingleFamily,1966,3,4,10088.0,sqft,"Forced air, Gas",Central,unknown,375000.0,15241,2020/3/1,316026.1818,18.18181818,SingleFamily,1977,4,4,0.31,Acres,Other,Central,unknown,312000.0,2,1.0,False,16.8,hard,0,-1,-11,10087.69,equal,similar,hard_equal
11473115,11473169,15241,2020/3/1,316026.1818,18.18181818,SingleFamily,1977,4,4,0.31,Acres,Other,Central,unknown,312000.0,15241,2020/3/1,355628.75,14.25,SingleFamily,1964,4,4,0.32,Acres,"Other, Forced air, Gas",Central,unknown,379900.0,1,2.0,False,17.873124506449063,hard,0,0,13,-0.010000000000000009,equal,p1_slight,hard_equal
11432623,11510328,15241,2020/4/1,388967.0,20.38461538,SingleFamily,1975,4,4,0.59,Acres,"Gas, Forced air, Electric",Central,unknown,368000.0,15241,2020/4/1,431280.0,26.0,SingleFamily,1989,4,4,0.42,Acres,"Other, Forced air, Gas",Central,unknown,450000.0,1,2.0,False,18.22222222222222,hard,0,0,-14,0.16999999999999998,equal,similar,hard_equal
11432801,11582649,15241,2020/4/1,287797.9452,10.9109589,"Single Family Residence, Residential",1940,2,4,0.26,Acres,"Forced Air, Natural Gas",Central Air,unknown,249500.0,15241,2020/4/1,285159.4545,14.36363636,Townhouse,1977,2,3,4425.0,sqft,"Forced air, Gas",Central,unknown,305000.0,1,2.0,False,18.19672131147541,hard,1,0,-37,-4424.74,p1_slight,p2_newer,hard_p1_slight
11510328,11551332,15241,2020/4/1,431280.0,26.0,SingleFamily,1989,4,4,0.42,Acres,"Other, Forced air, Gas",Central,unknown,450000.0,15241,2020/4/1,364255.5,16.5,SingleFamily,1960,3,4,0.59,Acres,"Forced air, Gas",Central,unknown,323000.0,2,1.0,False,28.22222222222222,medium,0,1,29,-0.16999999999999998,equal,p1_much,medium_equal
11398319,11581296,15241,2020/6/1,254585.0,19.44444444,SingleFamily,1961,2,3,0.31,Acres,Other,Central,unknown,271500.0,15241,2020/6/1,181026.5556,58.33333333,SingleFamily,1949,3,4,1.1,Acres,Other,Central,unknown,224250.0,2,1.0,False,17.403314917127073,hard,-1,-1,12,-0.79,p2_more,p1_slight,hard_p2_more
11472406,11582541,15241,2020/6/1,576845.0,16.4,SingleFamily,1966,6,4,0.45,Acres,Forced air,Central,unknown,489900.0,15241,2020/6/1,578973.8182,15.09090909,SingleFamily,1978,5,4,0.44,Acres,Other,Central,unknown,689900.0,1,2.0,False,28.989708653428032,medium,0,1,-12,0.010000000000000009,equal,similar,medium_equal
11473125,11581483,15241,2020/6/1,417178.9091,10.0,SingleFamily,1996,4,4,1.03,Acres,"Forced air, Gas",Central,unknown,415000.0,15241,2020/6/1,444317.7692,22.84615385,SingleFamily,1977,3,5,0.38,Acres,"Other, Forced air, Gas",Central,unknown,515000.0,1,2.0,False,19.41747572815534,hard,-1,1,19,0.65,p2_more,p1_slight,hard_p2_more
11549560,11582541,15241,2020/6/1,501486.4615,56.15384615,SingleFamily,1952,5,6,0.37,Acres,Forced air,Central,unknown,570000.0,15241,2020/6/1,578973.8182,15.09090909,SingleFamily,1978,5,4,0.44,Acres,Other,Central,unknown,689900.0,1,2.0,False,17.379330337730106,hard,2,0,-26,-0.07,p1_much,p2_newer,hard_p1_much
11432724,11549396,15241,2020/7/1,196457.0,12.22222222,"Single Family Residence, Residential",1946,1,4,8581.0,sqft,"Forced Air, Natural Gas",Central Air,unknown,188500.0,15241,2020/7/1,206283.4444,19.33333333,SingleFamily,1955,3,2,0.34,Acres,Other,Central,unknown,250000.0,1,2.0,False,24.6,hard,2,-2,-9,8580.66,p1_much,similar,hard_p1_much
11432787,11473323,15241,2020/7/1,225845.9,14.9,SingleFamily,1952,3,4,8489.0,sqft,Other,Central,unknown,238500.0,15241,2020/7/1,234393.6667,18.33333333,SingleFamily,1964,3,3,0.27,Acres,Other,Central,unknown,296000.0,1,2.0,False,19.425675675675674,hard,1,0,-12,8488.73,p1_slight,similar,hard_p1_slight
11472832,11580788,15241,2020/7/1,310442.6,12.4,SingleFamily,1967,3,4,0.3,Acres,Other,Central,unknown,350000.0,15241,2020/7/1,283175.3529,10.47058824,SingleFamily,1969,3,4,9705.0,sqft,"Forced air, Gas",Central,unknown,270000.0,2,1.0,False,22.857142857142858,hard,0,0,-2,-9704.7,equal,similar,hard_equal
11551244,11580788,15241,2020/7/1,314916.2222,17.11111111,SingleFamily,1957,3,4,0.31,Acres,Other,Central,unknown,325000.0,15241,2020/7/1,283175.3529,10.47058824,SingleFamily,1969,3,4,9705.0,sqft,"Forced air, Gas",Central,unknown,270000.0,2,1.0,False,16.923076923076923,hard,0,0,-12,-9704.69,equal,similar,hard_equal
11551368,11580788,15241,2020/7/1,325126.3,19.9,SingleFamily,1966,3,4,0.34,Acres,Other,Central,unknown,339900.0,15241,2020/7/1,283175.3529,10.47058824,SingleFamily,1969,3,4,9705.0,sqft,"Forced air, Gas",Central,unknown,270000.0,2,1.0,False,20.5648720211827,hard,0,0,-3,-9704.66,equal,similar,hard_equal
11398816,11432412,15241,2020/8/1,245032.375,19.375,SingleFamily,1979,3,4,0.26,Acres,Other,Central,unknown,238400.0,15241,2020/8/1,289939.6364,20.09090909,SingleFamily,1955,3,3,0.25,Acres,Forced air,Central,unknown,300000.0,1,2.0,False,20.533333333333335,hard,1,0,24,0.010000000000000009,p1_slight,p1_much,hard_p1_slight
11432826,11510338,15241,2020/8/1,371239.8,14.0,"Single Family Residence, Residential",1965,4,4,0.27,Acres,Natural Gas,"Central Air, Electric",unknown,410000.0,15241,2020/8/1,371109.0,17.0,"Single Family Residence, Residential",1962,3,4,0.46,Acres,Natural Gas,Central Air,unknown,315000.0,2,1.0,False,23.170731707317074,hard,0,1,3,-0.19,equal,p1_slight,hard_equal
11433531,11510338,15241,2020/8/1,318942.4545,22.81818182,SingleFamily,1964,4,4,0.36,Acres,"Forced air, Gas",Central,unknown,425000.0,15241,2020/8/1,371109.0,17.0,"Single Family Residence, Residential",1962,3,4,0.46,Acres,Natural Gas,Central Air,unknown,315000.0,2,1.0,False,25.882352941176475,medium,0,1,2,-0.10000000000000003,equal,p1_slight,medium_equal
11433531,11510716,15241,2020/8/1,318942.4545,22.81818182,SingleFamily,1964,4,4,0.36,Acres,"Forced air, Gas",Central,unknown,425000.0,15241,2020/8/1,311579.0,12.4,"Single Family Residence, Residential",1984,3,4,8276.0,sqft,"Heat Pump, Electric",Central Air,unknown,330000.0,2,1.0,False,22.35294117647059,hard,0,1,-20,-8275.64,equal,p2_newer,hard_equal
11433531,11551249,15241,2020/8/1,318942.4545,22.81818182,SingleFamily,1964,4,4,0.36,Acres,"Forced air, Gas",Central,unknown,425000.0,15241,2020/8/1,335401.2,13.2,SingleFamily,1971,3,4,0.45,Acres,"Forced air, Gas",Central,unknown,335000.0,2,1.0,False,21.176470588235293,hard,0,1,-7,-0.09000000000000002,equal,similar,hard_equal
11433533,11551249,15241,2020/8/1,364123.0,14.66666667,"Single Family Residence, Residential",1963,4,4,0.39,Acres,"Forced Air, Natural Gas",Central Air,unknown,485000.0,15241,2020/8/1,335401.2,13.2,SingleFamily,1971,3,4,0.45,Acres,"Forced air, Gas",Central,unknown,335000.0,2,1.0,False,30.927835051546392,medium,0,1,-8,-0.06,equal,similar,medium_equal
11510338,11580921,15241,2020/8/1,371109.0,17.0,"Single Family Residence, Residential",1962,3,4,0.46,Acres,Natural Gas,Central Air,unknown,315000.0,15241,2020/8/1,320886.2222,15.33333333,SingleFamily,1976,3,4,1306.0,sqft,"Forced air, Gas",Central,unknown,425000.0,1,2.0,False,25.882352941176475,medium,0,0,-14,-1305.54,equal,similar,medium_equal
11510716,11551346,15241,2020/8/1,311579.0,12.4,"Single Family Residence, Residential",1984,3,4,8276.0,sqft,"Heat Pump, Electric",Central Air,unknown,330000.0,15241,2020/8/1,338828.1111,17.0,SingleFamily,1965,3,4,0.43,Acres,Other,Central,unknown,440000.0,1,2.0,False,25.0,hard,0,0,19,8275.57,equal,p1_slight,hard_equal
11580921,11608998,15241,2020/8/1,320886.2222,15.33333333,SingleFamily,1976,3,4,1306.0,sqft,"Forced air, Gas",Central,unknown,425000.0,15241,2020/8/1,275042.5,16.3,"Single Family Residence, Residential",1969,3,4,0.34,Acres,"Forced Air, Natural Gas",Central Air,unknown,336000.0,2,1.0,False,20.941176470588236,hard,0,0,7,1305.66,equal,p1_slight,hard_equal
11433351,11434863,15241,2020/9/1,331495.8,20.0,"Single Family Residence, Residential",1962,4,4,0.37,Acres,Natural Gas,Central Air,unknown,315000.0,15241,2020/9/1,369830.0,26.33333333,"Single Family Residence, Residential",1969,4,4,0.25,Acres,"Forced Air, Natural Gas",Central Air,unknown,425000.0,1,2.0,False,25.882352941176475,medium,0,0,-7,0.12,equal,similar,medium_equal
11434863,11473045,15241,2020/9/1,369830.0,26.33333333,"Single Family Residence, Residential",1969,4,4,0.25,Acres,"Forced Air, Natural Gas",Central Air,unknown,425000.0,15241,2020/9/1,352609.0,14.2,"Single Family Residence, Residential",1963,3,5,0.37,Acres,"Forced Air, Natural Gas",Central Air,unknown,350000.0,2,1.0,False,17.647058823529413,hard,-1,1,6,-0.12,p2_more,p1_slight,hard_p2_more
11434863,11473058,15241,2020/9/1,369830.0,26.33333333,"Single Family Residence, Residential",1969,4,4,0.25,Acres,"Forced Air, Natural Gas",Central Air,unknown,425000.0,15241,2020/9/1,345288.2857,11.85714286,"Single Family Residence, Residential",1967,3,4,0.42,Acres,"Forced Air, Natural Gas",Central Air,unknown,334900.0,2,1.0,False,21.2,hard,0,1,2,-0.16999999999999998,equal,p1_slight,hard_equal
11434863,11581649,15241,2020/9/1,369830.0,26.33333333,"Single Family Residence, Residential",1969,4,4,0.25,Acres,"Forced Air, Natural Gas",Central Air,unknown,425000.0,15241,2020/9/1,325465.2,24.4,"Single Family Residence, Residential",1952,2,3,0.65,Acres,"Forced Air, Natural Gas",Other,unknown,235000.0,2,1.0,False,44.70588235294118,easy,1,2,17,-0.4,p1_slight,p1_slight,easy_p1_slight
11473045,11581649,15241,2020/9/1,352609.0,14.2,"Single Family Residence, Residential",1963,3,5,0.37,Acres,"Forced Air, Natural Gas",Central Air,unknown,350000.0,15241,2020/9/1,325465.2,24.4,"Single Family Residence, Residential",1952,2,3,0.65,Acres,"Forced Air, Natural Gas",Other,unknown,235000.0,2,1.0,False,32.857142857142854,medium,2,1,11,-0.28,p1_much,p1_slight,medium_p1_much
11473058,11581649,15241,2020/9/1,345288.2857,11.85714286,"Single Family Residence, Residential",1967,3,4,0.42,Acres,"Forced Air, Natural Gas",Central Air,unknown,334900.0,15241,2020/9/1,325465.2,24.4,"Single Family Residence, Residential",1952,2,3,0.65,Acres,"Forced Air, Natural Gas",Other,unknown,235000.0,2,1.0,False,29.829799940280683,medium,1,1,15,-0.23000000000000004,p1_slight,p1_slight,medium_p1_slight
11473356,11581649,15241,2020/9/1,268732.5,18.1,"Single Family Residence, Residential",1960,3,4,0.3,Acres,"Forced Air, Natural Gas",Central Air,unknown,290000.0,15241,2020/9/1,325465.2,24.4,"Single Family Residence, Residential",1952,2,3,0.65,Acres,"Forced Air, Natural Gas",Other,unknown,235000.0,2,1.0,False,18.96551724137931,hard,1,1,8,-0.35000000000000003,p1_slight,p1_slight,hard_p1_slight
11549730,11581649,15241,2020/9/1,360299.0,18.0,"Single Family Residence, Residential",1965,3,4,0.3,Acres,"Forced Air, Natural Gas","Central Air, Electric",unknown,325000.0,15241,2020/9/1,325465.2,24.4,"Single Family Residence, Residential",1952,2,3,0.65,Acres,"Forced Air, Natural Gas",Other,unknown,235000.0,2,1.0,False,27.692307692307693,medium,1,1,13,-0.35000000000000003,p1_slight,p1_slight,medium_p1_slight
11551297,11581649,15241,2020/9/1,338054.4,17.2,"Single Family Residence, Residential",1968,4,4,0.3,Acres,"Forced Air, Natural Gas",Central Air,unknown,375000.0,15241,2020/9/1,325465.2,24.4,"Single Family Residence, Residential",1952,2,3,0.65,Acres,"Forced Air, Natural Gas",Other,unknown,235000.0,2,1.0,False,37.333333333333336,medium,1,2,16,-0.35000000000000003,p1_slight,p1_slight,medium_p1_slight
11580869,11581649,15241,2020/9/1,359848.0,16.0,"Single Family Residence, Residential",1976,4,4,0.32,Acres,"Forced Air, Natural Gas",Central Air,unknown,370000.0,15241,2020/9/1,325465.2,24.4,"Single Family Residence, Residential",1952,2,3,0.65,Acres,"Forced Air, Natural Gas",Other,unknown,235000.0,2,1.0,False,36.486486486486484,medium,1,2,24,-0.33,p1_slight,p1_much,medium_p1_slight
11433238,11609251,15241,2021/10/1,438084.0678,12.13559322,"Single Family Residence, Residential",1963,4,4,0.31,Acres,"Forced Air, Natural Gas",Central Air,unknown,380000.0,15241,2021/10/1,507298.3051,19.83050847,"Single Family Residence, Residential",1986,4,3,0.32,Acres,Natural Gas,"Attic Fan, Central Air",unknown,535000.0,1,2.0,False,28.971962616822427,medium,1,0,-23,-0.010000000000000009,p1_slight,p2_newer,medium_p1_slight
11580830,11581432,15241,2021/10/1,267694.4,19.0,"Single Family Residence, Residential",1965,3,4,10436.0,sqft,"Forced Air, Natural Gas","Central Air, Electric",unknown,390000.0,15241,2021/10/1,302772.8814,12.03389831,"Single Family Residence, Residential",1976,3,3,0.34,Acres,"Forced Air, Natural Gas",Central Air,unknown,217500.0,2,1.0,False,44.230769230769226,easy,1,0,-11,10435.66,p1_slight,similar,easy_p1_slight
11433637,11472402,15241,2021/11/1,857048.0,22.0,"Single Family Residence, Residential",1941,4,4,1.86,Acres,"Hot Water, Natural Gas","Central Air, Electric",unknown,870000.0,15241,2021/11/1,818764.7059,27.0,"Single Family Residence, Residential",1970,5,4,0.57,Acres,"Forced Air, Natural Gas",Central Air,unknown,725000.0,2,1.0,False,16.666666666666664,hard,0,-1,-29,1.29,equal,p2_newer,hard_equal
11510341,11580732,15241,2021/11/1,368186.4865,15.67567568,"Single Family Residence, Residential",1957,3,3,0.45,Acres,"Forced Air, Natural Gas",Central Air,unknown,460000.0,15241,2021/11/1,355139.0977,17.69172932,"Single Family Residence, Residential",1968,3,4,0.3,Acres,"Forced Air, Natural Gas",Central Air,unknown,377000.0,2,1.0,False,18.043478260869566,hard,-1,0,-11,0.15000000000000002,p2_more,similar,hard_p2_more
11510341,11609108,15241,2021/11/1,368186.4865,15.67567568,"Single Family Residence, Residential",1957,3,3,0.45,Acres,"Forced Air, Natural Gas",Central Air,unknown,460000.0,15241,2021/11/1,419266.1765,14.33823529,"Single Family Residence, Residential",1974,3,4,0.3,Acres,"Forced Air, Natural Gas",Central Air,unknown,360000.0,2,1.0,False,21.73913043478261,hard,-1,0,-17,0.15000000000000002,p2_more,similar,hard_p2_more
11510642,11510693,15241,2021/11/1,459613.4286,22.14285714,"Single Family Residence, Residential",1981,4,4,0.55,Acres,Natural Gas,Central Air,unknown,875000.0,15241,2021/11/1,375910.8108,23.62162162,"Single Family Residence, Residential",1962,5,5,0.6,Acres,"Heat Pump, Electric",Central Air,unknown,540000.0,2,1.0,False,38.285714285714285,medium,-1,-1,19,-0.04999999999999993,p2_more,p1_slight,medium_p2_more
11510044,11582529,15241,2021/12/1,193530.9677,22.91612903,"Single Family Residence, Residential",1950,2,3,0.29,Acres,"Forced Air, Natural Gas",Central Air,unknown,178500.0,15241,2021/12/1,218887.9699,18.59398496,"Townhouse, Residential",1977,4,3,1594.0,sqft,Natural Gas,Central Air,unknown,225750.0,1,2.0,False,20.930232558139537,hard,0,-2,-27,-1593.71,equal,p2_newer,hard_equal
11510272,11549783,15241,2021/12/1,273451.3514,25.62162162,"Single Family Residence, Residential",1943,2,4,0.51,Acres,"Forced Air, Electric","Central Air, Wall Unit(s)",unknown,392000.0,15241,2021/12/1,314276.6917,18.18796992,"Single Family Residence, Residential",1977,3,4,0.35,Acres,"Forced Air, Natural Gas",Central Air,unknown,320000.0,2,1.0,False,18.367346938775512,hard,0,-1,-34,0.16000000000000003,equal,p2_newer,hard_equal
11510272,11609184,15241,2021/12/1,273451.3514,25.62162162,"Single Family Residence, Residential",1943,2,4,0.51,Acres,"Forced Air, Electric","Central Air, Wall Unit(s)",unknown,392000.0,15241,2021/12/1,257614.8148,22.22222222,"Single Family Residence, Residential",1973,3,3,0.35,Acres,"Forced Air, Natural Gas",Central Air,unknown,275000.0,2,1.0,False,29.846938775510207,medium,1,-1,-30,0.16000000000000003,p1_slight,p2_newer,medium_p1_slight
11549585,11609184,15241,2021/12/1,309038.8889,20.23611111,"Single Family Residence, Residential",1977,3,4,0.3,Acres,Natural Gas,"Central Air, Electric",unknown,355000.0,15241,2021/12/1,257614.8148,22.22222222,"Single Family Residence, Residential",1973,3,3,0.35,Acres,"Forced Air, Natural Gas",Central Air,unknown,275000.0,2,1.0,False,22.535211267605636,hard,1,0,4,-0.04999999999999999,p1_slight,p1_slight,hard_p1_slight
11582529,11609184,15241,2021/12/1,218887.9699,18.59398496,"Townhouse, Residential",1977,4,3,1594.0,sqft,Natural Gas,Central Air,unknown,225750.0,15241,2021/12/1,257614.8148,22.22222222,"Single Family Residence, Residential",1973,3,3,0.35,Acres,"Forced Air, Natural Gas",Central Air,unknown,275000.0,1,2.0,False,17.909090909090907,hard,0,1,4,1593.65,equal,p1_slight,hard_equal
11473013,11582574,15241,2021/2/1,523170.5,15.0,"Single Family Residence, Residential",1987,4,4,0.32,Acres,Natural Gas,Central Air,unknown,485000.0,15241,2021/2/1,565376.0,23.0,"Single Family Residence, Residential",1972,4,4,0.48,Acres,"Forced Air, Electric","Attic Fan, Central Air",unknown,615000.0,1,2.0,False,21.138211382113823,hard,0,0,15,-0.15999999999999998,equal,p1_slight,hard_equal
11510460,11549432,15241,2021/3/1,358127.2,16.3,"Single Family Residence, Residential",1957,3,4,0.28,Acres,"Forced Air, Natural Gas",Central Air,unknown,380000.0,15241,2021/3/1,358189.8462,16.46153846,"Single Family Residence, Residential",1960,4,3,0.31,Acres,"Forced Air, Natural Gas","Central Air, Electric",unknown,315000.0,2,1.0,False,17.105263157894736,hard,1,-1,-3,-0.02999999999999997,p1_slight,similar,hard_p1_slight
11433140,11510574,15241,2021/4/1,402729.0769,10.92307692,"Single Family Residence, Residential",2003,3,4,0.37,Acres,Natural Gas,"Central Air, Gas",unknown,407000.0,15241,2021/4/1,442942.0,21.0,"Single Family Residence, Residential",1973,3,4,0.5,Acres,Natural Gas,Central Air,unknown,491000.0,1,2.0,False,17.10794297352342,hard,0,0,30,-0.13,equal,p1_much,hard_equal
11510732,11551395,15241,2021/5/1,349454.0,11.0,"Single Family Residence, Residential",1979,3,4,4348.0,sqft,"Heat Pump, Electric",Central Air,unknown,358500.0,15241,2021/5/1,357910.25,13.75,"Single Family Residence, Residential",1965,3,4,0.31,Acres,"Forced Air, Natural Gas",Central Air,unknown,470000.0,1,2.0,False,23.72340425531915,hard,0,0,14,4347.69,equal,p1_slight,hard_equal
11510781,11551395,15241,2021/5/1,349707.0,10.33333333,"Single Family Residence, Residential",1979,3,4,3034.0,sqft,"Heat Pump, Electric",Central Air,unknown,355000.0,15241,2021/5/1,357910.25,13.75,"Single Family Residence, Residential",1965,3,4,0.31,Acres,"Forced Air, Natural Gas",Central Air,unknown,470000.0,1,2.0,False,24.46808510638298,hard,0,0,14,3033.69,equal,p1_slight,hard_equal
11434067,11473174,15241,2021/6/1,395394.4545,15.09090909,"Single Family Residence, Residential",1965,3,4,0.26,Acres,"Forced Air, Natural Gas",Central Air,unknown,452000.0,15241,2021/6/1,340370.4667,14.93333333,"Single Family Residence, Residential",1966,3,4,10580.0,sqft,"Forced Air, Natural Gas",Central Air,unknown,328000.0,2,1.0,False,27.43362831858407,medium,0,0,-1,-10579.74,equal,similar,medium_equal
11472728,11473174,15241,2021/6/1,304587.0,19.3,"Single Family Residence, Residential",1940,2,3,0.5,Acres,Natural Gas,Central Air,unknown,400000.0,15241,2021/6/1,340370.4667,14.93333333,"Single Family Residence, Residential",1966,3,4,10580.0,sqft,"Forced Air, Natural Gas",Central Air,unknown,328000.0,2,1.0,False,18.0,hard,-1,-1,-26,-10579.5,p2_more,p2_newer,hard_p2_more
11473349,11608996,15241,2021/6/1,427436.5,16.0,"Single Family Residence, Residential",1963,4,4,0.91,Acres,"Forced Air, Natural Gas",Central Air,unknown,500000.0,15241,2021/6/1,380666.1818,12.18181818,"Single Family Residence, Residential",1970,3,4,4348.0,sqft,"Forced Air, Natural Gas",Central Air,unknown,370000.0,2,1.0,False,26.0,medium,0,1,-7,-4347.09,equal,similar,medium_equal
11472099,11510391,15241,2021/7/1,298661.8261,31.47826087,"Single Family Residence, Residential",1930,2,3,0.54,Acres,"Forced Air, Natural Gas",Central Air,unknown,310705.0,15241,2021/7/1,338361.1304,24.39130435,"Single Family Residence, Residential",1950,3,5,0.41,Acres,"Forced Air, Natural Gas","Central Air, Electric",unknown,256008.0,2,1.0,False,17.604158285190135,hard,-2,-1,-20,0.13000000000000006,p2_more,p2_newer,hard_p2_more
11472099,11549628,15241,2021/7/1,298661.8261,31.47826087,"Single Family Residence, Residential",1930,2,3,0.54,Acres,"Forced Air, Natural Gas",Central Air,unknown,310705.0,15241,2021/7/1,272231.9091,21.77272727,"Single Family Residence, Residential",1949,2,3,8938.0,sqft,Natural Gas,Central Air,unknown,245000.0,2,1.0,False,21.147068762974524,hard,0,0,-19,-8937.46,equal,similar,hard_equal
11473166,11510391,15241,2021/7/1,344691.8,14.4,"Single Family Residence, Residential",1965,3,4,0.3,Acres,"Forced Air, Natural Gas",Central Air,unknown,450000.0,15241,2021/7/1,338361.1304,24.39130435,"Single Family Residence, Residential",1950,3,5,0.41,Acres,"Forced Air, Natural Gas","Central Air, Electric",unknown,256008.0,2,1.0,False,43.10933333333333,easy,-1,0,15,-0.10999999999999999,p2_more,p1_slight,easy_p2_more
11473313,11510391,15241,2021/7/1,322796.0909,16.54545455,"Single Family Residence, Residential",1965,3,4,0.98,Acres,"Forced Air, Natural Gas",Central Air,unknown,405000.0,15241,2021/7/1,338361.1304,24.39130435,"Single Family Residence, Residential",1950,3,5,0.41,Acres,"Forced Air, Natural Gas","Central Air, Electric",unknown,256008.0,2,1.0,False,36.788148148148146,medium,-1,0,15,0.5700000000000001,p2_more,p1_slight,medium_p2_more
11473357,11510391,15241,2021/7/1,325030.2609,18.47826087,"Single Family Residence, Residential",1964,3,3,0.3,Acres,"Forced Air, Natural Gas","Central Air, Electric",unknown,335900.0,15241,2021/7/1,338361.1304,24.39130435,"Single Family Residence, Residential",1950,3,5,0.41,Acres,"Forced Air, Natural Gas","Central Air, Electric",unknown,256008.0,2,1.0,False,23.784459660613276,hard,-2,0,14,-0.10999999999999999,p2_more,p1_slight,hard_p2_more
11510391,11580733,15241,2021/7/1,338361.1304,24.39130435,"Single Family Residence, Residential",1950,3,5,0.41,Acres,"Forced Air, Natural Gas","Central Air, Electric",unknown,256008.0,15241,2021/7/1,352601.9524,10.95238095,"Single Family Residence, Residential",1965,3,5,0.3,Acres,"Forced Air, Natural Gas",Central Air,unknown,370000.0,1,2.0,False,30.80864864864865,medium,0,0,-15,0.10999999999999999,equal,similar,medium_equal
11433540,11549600,15241,2021/8/1,446491.5254,19.3220339,"Single Family Residence, Residential",1940,3,3,0.88,Acres,"Forced Air, Natural Gas","Central Air, Electric",unknown,480000.0,15241,2021/8/1,420064.4068,11.96610169,"Single Family Residence, Residential",1967,3,4,0.29,Acres,"Forced Air, Natural Gas","Central Air, Electric",unknown,400000.0,2,1.0,False,16.666666666666664,hard,-1,0,-27,0.5900000000000001,p2_more,p2_newer,hard_p2_more
11433540,11581585,15241,2021/8/1,446491.5254,19.3220339,"Single Family Residence, Residential",1940,3,3,0.88,Acres,"Forced Air, Natural Gas","Central Air, Electric",unknown,480000.0,15241,2021/8/1,422070.8571,14.95238095,"Single Family Residence, Residential",1967,3,4,0.74,Acres,"Forced Air, Natural Gas",Central Air,unknown,385000.0,2,1.0,False,19.791666666666664,hard,-1,0,-27,0.14,p2_more,p2_newer,hard_p2_more
11472385,11510636,15241,2021/8/1,442536.7273,20.63636364,"Single Family Residence, Residential",1954,3,4,0.42,Acres,"Forced Air, Natural Gas",Central Air,unknown,495000.0,15241,2021/8/1,390000.0,14.0,"Single Family Residence, Residential",1968,3,3,0.3,Acres,"Forced Air, Natural Gas",Central Air,unknown,399900.0,2,1.0,False,19.21212121212121,hard,1,0,-14,0.12,p1_slight,similar,hard_p1_slight
11472733,11549600,15241,2021/8/1,469529.087,19.2173913,"Single Family Residence, Residential",1945,3,3,1.25,Acres,"Forced Air, Natural Gas",Central Air,unknown,500000.0,15241,2021/8/1,420064.4068,11.96610169,"Single Family Residence, Residential",1967,3,4,0.29,Acres,"Forced Air, Natural Gas","Central Air, Electric",unknown,400000.0,2,1.0,False,20.0,hard,-1,0,-22,0.96,p2_more,p2_newer,hard_p2_more
11472733,11581585,15241,2021/8/1,469529.087,19.2173913,"Single Family Residence, Residential",1945,3,3,1.25,Acres,"Forced Air, Natural Gas",Central Air,unknown,500000.0,15241,2021/8/1,422070.8571,14.95238095,"Single Family Residence, Residential",1967,3,4,0.74,Acres,"Forced Air, Natural Gas",Central Air,unknown,385000.0,2,1.0,False,23.0,hard,-1,0,-22,0.51,p2_more,p2_newer,hard_p2_more
11510636,11551229,15241,2021/8/1,390000.0,14.0,"Single Family Residence, Residential",1968,3,3,0.3,Acres,"Forced Air, Natural Gas",Central Air,unknown,399900.0,15241,2021/8/1,373388.8889,12.44444444,"Single Family Residence, Residential",1957,3,4,0.33,Acres,Natural Gas,Central Air,unknown,317500.0,2,1.0,False,20.605151287821954,hard,-1,0,11,-0.030000000000000027,p2_more,p1_slight,hard_p2_more
11510636,11609015,15241,2021/8/1,390000.0,14.0,"Single Family Residence, Residential",1968,3,3,0.3,Acres,"Forced Air, Natural Gas",Central Air,unknown,399900.0,15241,2021/8/1,347652.7619,12.9047619,"Single Family Residence, Residential",1969,3,4,0.3,Acres,Natural Gas,Central Air,unknown,312000.0,2,1.0,False,21.980495123780948,hard,-1,0,-1,0.0,p2_more,similar,hard_p2_more
11582657,11609015,15241,2021/8/1,324905.25,16.875,"Single Family Residence, Residential",1977,2,3,4386.0,sqft,"Forced Air, Natural Gas",Central Air,unknown,375000.0,15241,2021/8/1,347652.7619,12.9047619,"Single Family Residence, Residential",1969,3,4,0.3,Acres,Natural Gas,Central Air,unknown,312000.0,2,1.0,False,16.8,hard,-1,-1,8,4385.7,p2_more,p1_slight,hard_p2_more
11434173,11551247,15241,2021/9/1,601500.0,18.0,"Single Family Residence, Residential",1994,5,5,0.44,Acres,"Forced Air, Natural Gas","Attic Fan, Central Air",unknown,700000.0,15241,2021/9/1,497764.5833,24.83333333,"Single Family Residence, Residential",1950,4,4,0.71,Acres,Natural Gas,Central Air,unknown,580000.0,2,1.0,False,17.142857142857142,hard,1,1,44,-0.26999999999999996,p1_slight,p1_much,hard_p1_slight
11510495,11549475,15241,2021/9/1,365644.8621,17.72413793,"Single Family Residence, Residential",1976,3,5,0.36,Acres,"Forced Air, Electric",Electric,unknown,410000.0,15241,2021/9/1,336359.322,17.71186441,"Single Family Residence, Residential",1966,3,4,0.39,Acres,"Forced Air, Natural Gas",Central Air,unknown,270000.0,2,1.0,False,34.146341463414636,medium,1,0,10,-0.030000000000000027,p1_slight,p1_slight,medium_p1_slight
11398894,11472730,15241,2022/1/1,359883.0508,23.52542373,"Single Family Residence, Residential",1974,4,4,0.3,Acres,"Forced Air, Natural Gas",Central Air,unknown,469500.0,15241,2022/1/1,366801.3605,11.7414966,"Single Family Residence, Residential",1994,2,3,1.01,Acres,"Forced Air, Natural Gas",Central Air,unknown,355000.0,2,1.0,False,24.38764643237487,hard,1,2,-20,-0.71,p1_slight,p2_newer,hard_p1_slight
11432819,11510657,15241,2022/1/1,589275.3425,25.24657534,"Single Family Residence, Residential",1964,4,4,0.3,Acres,"Forced Air, Natural Gas",Central Air,unknown,600000.0,15241,2022/1/1,482771.5217,19.47826087,"Single Family Residence, Residential",1975,4,4,8174.0,sqft,"Forced Air, Natural Gas","Central Air, Electric",unknown,397850.0,2,1.0,False,33.69166666666666,medium,0,0,-11,-8173.7,equal,similar,medium_equal
11549641,11580734,15241,2022/4/1,389684.2105,12.21052632,"Single Family Residence, Residential",1977,3,4,0.39,Acres,"Heat Pump, Electric",Central Air,unknown,392000.0,15241,2022/4/1,372526.3158,24.68421053,"Single Family Residence, Residential",1975,4,4,0.3,Acres,"Forced Air, Natural Gas",Central Air,unknown,473514.0,1,2.0,False,17.214696925539688,hard,0,-1,2,0.09000000000000002,equal,p1_slight,hard_equal
11549641,11580747,15241,2022/4/1,389684.2105,12.21052632,"Single Family Residence, Residential",1977,3,4,0.39,Acres,"Heat Pump, Electric",Central Air,unknown,392000.0,15241,2022/4/1,430497.3684,18.28947368,"Single Family Residence, Residential",1969,4,4,0.37,Acres,"Forced Air, Natural Gas",Central Air,unknown,475000.0,1,2.0,False,17.473684210526315,hard,0,-1,8,0.020000000000000018,equal,p1_slight,hard_equal
11549421,242630098,15241,2022/5/1,719838.4615,19.84615385,"Single Family Residence, Residential",1904,5,5,3.4,Acres,"Hot Water, Natural Gas","Central Air, Electric",unknown,1000000.0,15241,2022/5/1,750138.4615,14.76923077,"Single Family Residence, Residential",2016,3,4,0.26,Acres,"Forced Air, Natural Gas",Central Air,unknown,779900.0,2,1.0,False,22.009999999999998,hard,1,2,-112,3.1399999999999997,p1_slight,p2_newer,hard_p1_slight
11432962,11433460,15241,2022/6/1,636108.8889,18.95555556,"Single Family Residence, Residential",1960,4,4,0.52,Acres,"Forced Air, Natural Gas",Central Air,unknown,765000.0,15241,2022/6/1,551656.1798,12.75280899,"Single Family Residence, Residential",1965,4,5,0.33,Acres,"Forced Air, Natural Gas",Central Air,unknown,550000.0,2,1.0,False,28.104575163398692,medium,-1,0,-5,0.19,p2_more,similar,medium_p2_more
11433219,11549758,15241,2022/6/1,419300.0,12.0,"Single Family Residence, Residential",1974,3,4,0.33,Acres,"Forced Air, Natural Gas",Central Air,unknown,410000.0,15241,2022/6/1,371869.7674,24.23255814,"Single Family Residence, Residential",1920,3,5,0.54,Acres,"Natural Gas, Steam",Window A/C,unknown,312000.0,2,1.0,False,23.902439024390244,hard,-1,0,54,-0.21000000000000002,p2_more,p1_much,hard_p2_more
11433338,11549565,15241,2022/6/1,404958.6667,14.0,"Single Family Residence, Residential",1965,4,4,0.4,Acres,"Forced Air, Natural Gas","Central Air, Electric",unknown,550000.0,15241,2022/6/1,446689.1566,12.53012048,"Single Family Residence, Residential",1962,4,4,0.41,Acres,"Forced Air, Natural Gas",Central Air,unknown,450000.0,2,1.0,False,18.181818181818183,hard,0,0,3,-0.009999999999999953,equal,p1_slight,hard_equal
11433338,11549758,15241,2022/6/1,404958.6667,14.0,"Single Family Residence, Residential",1965,4,4,0.4,Acres,"Forced Air, Natural Gas","Central Air, Electric",unknown,550000.0,15241,2022/6/1,371869.7674,24.23255814,"Single Family Residence, Residential",1920,3,5,0.54,Acres,"Natural Gas, Steam",Window A/C,unknown,312000.0,2,1.0,False,43.27272727272727,easy,-1,1,45,-0.14,p2_more,p1_much,easy_p2_more
11434892,11549490,15241,2022/6/1,375192.1348,18.19101124,"Single Family Residence, Residential",1950,3,4,0.4,Acres,"Forced Air, Natural Gas","Central Air, Electric",unknown,445000.0,15241,2022/6/1,379909.4118,14.51764706,"Single Family Residence, Residential",1964,3,4,0.31,Acres,"Forced Air, Natural Gas",Central Air,unknown,370000.0,2,1.0,False,16.853932584269664,hard,0,0,-14,0.09000000000000002,equal,similar,hard_equal
11434892,11549758,15241,2022/6/1,375192.1348,18.19101124,"Single Family Residence, Residential",1950,3,4,0.4,Acres,"Forced Air, Natural Gas","Central Air, Electric",unknown,445000.0,15241,2022/6/1,371869.7674,24.23255814,"Single Family Residence, Residential",1920,3,5,0.54,Acres,"Natural Gas, Steam",Window A/C,unknown,312000.0,2,1.0,False,29.8876404494382,medium,-1,0,30,-0.14,p2_more,p1_much,medium_p2_more
11473383,11549758,15241,2022/6/1,376550.5618,16.47191011,"Single Family Residence, Residential",1965,3,4,0.3,Acres,"Natural Gas, Baseboard",Central Air,unknown,415000.0,15241,2022/6/1,371869.7674,24.23255814,"Single Family Residence, Residential",1920,3,5,0.54,Acres,"Natural Gas, Steam",Window A/C,unknown,312000.0,2,1.0,False,24.819277108433734,hard,-1,0,45,-0.24000000000000005,p2_more,p1_much,hard_p2_more
11473383,49788842,15241,2022/6/1,376550.5618,16.47191011,"Single Family Residence, Residential",1965,3,4,0.3,Acres,"Natural Gas, Baseboard",Central Air,unknown,415000.0,15241,2022/6/1,349742.0455,40.90909091,"Single Family Residence, Residential",1955,2,3,0.32,Acres,"Forced Air, Natural Gas",Central Air,unknown,295000.0,2,1.0,False,28.915662650602407,medium,1,1,10,-0.020000000000000018,p1_slight,p1_slight,medium_p1_slight
11510347,11549565,15241,2022/6/1,407483.3333,15.77777778,"Single Family Residence, Residential",1960,3,5,0.8,Acres,"Forced Air, Natural Gas",Central Air,unknown,600000.0,15241,2022/6/1,446689.1566,12.53012048,"Single Family Residence, Residential",1962,4,4,0.41,Acres,"Forced Air, Natural Gas",Central Air,unknown,450000.0,2,1.0,False,25.0,hard,1,-1,-2,0.39000000000000007,p1_slight,similar,hard_p1_slight
11510347,11580981,15241,2022/6/1,407483.3333,15.77777778,"Single Family Residence, Residential",1960,3,5,0.8,Acres,"Forced Air, Natural Gas",Central Air,unknown,600000.0,15241,2022/6/1,362074.359,27.07692308,"Single Family Residence, Residential",1980,3,4,0.33,Acres,Electric,Central Air,unknown,465000.0,2,1.0,False,22.5,hard,1,0,-20,0.47000000000000003,p1_slight,p2_newer,hard_p1_slight
11510347,11609436,15241,2022/6/1,407483.3333,15.77777778,"Single Family Residence, Residential",1960,3,5,0.8,Acres,"Forced Air, Natural Gas",Central Air,unknown,600000.0,15241,2022/6/1,392976.9231,13.92307692,"Single Family Residence, Residential",1967,3,4,0.3,Acres,"Forced Air, Natural Gas",Central Air,unknown,420000.0,2,1.0,False,30.0,medium,1,0,-7,0.5,p1_slight,similar,medium_p1_slight
11510347,11609474,15241,2022/6/1,407483.3333,15.77777778,"Single Family Residence, Residential",1960,3,5,0.8,Acres,"Forced Air, Natural Gas",Central Air,unknown,600000.0,15241,2022/6/1,389056.0976,11.68292683,"Single Family Residence, Residential",1970,3,4,0.35,Acres,"Forced Air, Natural Gas","Central Air, Electric",unknown,430000.0,2,1.0,False,28.333333333333332,medium,1,0,-10,0.45000000000000007,p1_slight,similar,medium_p1_slight
11398335,11432539,15241,2022/7/1,275751.7241,14.13793103,"Single Family Residence, Residential",1930,3,3,1.24,Acres,"Forced Air, Natural Gas",Central Air,unknown,225000.0,15241,2022/7/1,234372.0,31.16,"Single Family Residence, Residential",1956,2,3,0.29,Acres,"Forced Air, Natural Gas",Central Air,unknown,380000.0,1,2.0,False,40.78947368421053,easy,0,1,-26,0.95,equal,p2_newer,easy_equal
11313168,11361923,15243,2019/11/1,152848.5,10.83333333,SingleFamily,1948,1,3,0.25,Acres,"Other, Gas",Central,Garage - Attached,120000.0,15243,2019/11/1,149433.6,14.4,SingleFamily,1952,2,2,7501.0,sqft,"Forced air, Gas",Central,Garage - Attached,158000.0,1,2.0,False,24.050632911392405,hard,1,-1,-4,-7500.75,p1_slight,similar,hard_p1_slight
11313230,11360321,15243,2019/11/1,247132.4,21.2,SingleFamily,1939,3,3,5850.0,sqft,Other,Central,Garage - Attached,288000.0,15243,2019/11/1,221048.8462,13.76923077,SingleFamily,1954,2,3,7801.0,sqft,"Other, Forced air, Gas",Central,Garage - Attached,208500.0,2,1.0,False,27.604166666666668,medium,0,1,-15,-1951.0,equal,similar,medium_equal
11314147,11398642,15243,2019/11/1,196176.2308,11.61538462,"Single Family Residence, Residential",1955,3,3,10166.0,sqft,Natural Gas,Central Air,unknown,155000.0,15243,2019/11/1,200646.6,17.6,SingleFamily,1955,2,3,7200.0,sqft,Forced air,Central,unknown,191000.0,1,2.0,False,18.848167539267017,hard,0,1,0,2966.0,equal,similar,hard_equal
11314444,11361891,15243,2019/11/1,240857.1,22.75,SingleFamily,1938,2,3,10000.0,sqft,"Radiant, Other, Gas",Central,Garage - Detached,315000.0,15243,2019/11/1,202555.1,14.5,SingleFamily,1946,2,4,5998.0,sqft,"Forced air, Gas",Central,Garage - Attached,215000.0,2,1.0,False,31.746031746031743,medium,-1,0,-8,4002.0,p2_more,similar,medium_p2_more
11314401,11360741,15243,2019/12/1,196538.0,22.0,SingleFamily,1957,3,3,7074.0,sqft,Forced air,Central,unknown,154000.0,15243,2019/12/1,202785.5,17.75,SingleFamily,1939,1,3,0.3,Acres,Other,Central,unknown,185000.0,1,2.0,False,16.756756756756758,hard,0,2,18,7073.7,equal,p1_slight,hard_equal
11313247,11361491,15243,2019/8/1,247882.1538,16.76923077,SingleFamily,1938,2,2,0.27,Acres,"Forced air, Gas",Central,unknown,269900.0,15243,2019/8/1,218813.1579,11.05263158,SingleFamily,1950,2,2,0.38,Acres,Other,Central,unknown,219000.0,2,1.0,False,18.858836606150426,hard,0,0,-12,-0.10999999999999999,equal,similar,hard_equal
11314291,11359300,15243,2020/11/1,205587.3846,14.92307692,"Single Family Residence, Residential",1950,1,3,9060.0,sqft,"Forced Air, Natural Gas",Central Air,unknown,177000.0,15243,2020/11/1,220566.6,17.7,"Single Family Residence, Residential",1950,2,2,10297.0,sqft,"Forced Air, Natural Gas",Central Air,unknown,221000.0,1,2.0,False,19.90950226244344,hard,1,-1,0,-1237.0,p1_slight,similar,hard_p1_slight
11361895,11399030,15243,2020/11/1,193674.1818,16.81818182,"Single Family Residence, Residential",1948,1,3,6000.0,sqft,"Forced Air, Natural Gas",Central Air,unknown,209000.0,15243,2020/11/1,176089.6,15.2,SingleFamily,1954,2,3,6250.0,sqft,Other,Central,unknown,164000.0,2,1.0,False,21.5311004784689,hard,0,-1,-6,-250.0,equal,similar,hard_equal
11314289,11399016,15243,2020/12/1,216449.7692,15.92307692,"Single Family Residence, Residential",1956,2,3,10785.0,sqft,"Forced Air, Natural Gas",Central Air,unknown,235000.0,15243,2020/12/1,192551.3333,11.66666667,"Single Family Residence, Residential",1949,2,4,6499.0,sqft,Natural Gas,Central Air,unknown,195000.0,2,1.0,False,17.02127659574468,hard,-1,0,7,4286.0,p2_more,p1_slight,hard_p2_more
11360107,11360767,15243,2020/12/1,329949.0,16.91666667,SingleFamily,1985,4,3,0.35,Acres,Other,Central,unknown,320000.0,15243,2020/12/1,310924.6667,19.66666667,"Single Family Residence, Residential",1949,2,3,9600.0,sqft,"Hot Water, Natural Gas",Central Air,unknown,260000.0,2,1.0,False,18.75,hard,0,2,36,-9599.65,equal,p1_much,hard_equal
11360622,11361591,15243,2020/3/1,216632.5,14.5,SingleFamily,1960,2,3,7226.0,sqft,"Other, Forced air, Gas",Central,unknown,225000.0,15243,2020/3/1,193267.8333,10.0,SingleFamily,1951,3,3,6812.0,sqft,"Other, Gas",Central,unknown,159900.0,2,1.0,False,28.933333333333334,medium,0,-1,9,414.0,equal,p1_slight,medium_equal
11312965,11398438,15243,2020/4/1,324606.0,12.25,SingleFamily,1943,2,3,6500.0,sqft,"Forced air, Gas",Central,unknown,358000.0,15243,2020/4/1,293821.7778,11.55555556,SingleFamily,1968,4,5,8468.0,sqft,Other,Central,unknown,275000.0,2,1.0,False,23.18435754189944,hard,-2,-2,-25,-1968.0,p2_more,p2_newer,hard_p2_more
11398438,11398506,15243,2020/4/1,293821.7778,11.55555556,SingleFamily,1968,4,5,8468.0,sqft,Other,Central,unknown,275000.0,15243,2020/4/1,324626.5,16.5,SingleFamily,1969,3,4,0.39,Acres,Other,Central,unknown,383000.0,1,2.0,False,28.198433420365536,medium,1,1,-1,8467.61,p1_slight,similar,medium_p1_slight
11314215,11360983,15243,2020/6/1,211295.8,18.6,SingleFamily,1958,2,4,8385.0,sqft,Other,Central,unknown,241000.0,15243,2020/6/1,190870.5,13.5,SingleFamily,1950,2,3,8424.0,sqft,"Forced air, Gas",Central,unknown,184900.0,2,1.0,False,23.278008298755186,hard,1,0,8,-39.0,p1_slight,p1_slight,hard_p1_slight
11399013,11399200,15243,2020/6/1,221116.2,19.0,SingleFamily,1945,2,4,6499.0,sqft,Other,Central,unknown,240000.0,15243,2020/6/1,197746.375,12.625,SingleFamily,1957,2,3,7200.0,sqft,Other,Central,unknown,195900.0,2,1.0,False,18.375,hard,1,0,-12,-701.0,p1_slight,similar,hard_p1_slight
11313361,11314079,15243,2020/7/1,302718.4444,18.22222222,SingleFamily,1949,2,4,6625.0,sqft,"Forced air, Gas",Central,unknown,358750.0,15243,2020/7/1,253634.0,26.4,SingleFamily,1957,4,5,6373.0,sqft,Other,Central,unknown,295000.0,2,1.0,False,17.770034843205575,hard,-1,-2,-8,252.0,p2_more,similar,hard_p2_more
11312582,11313834,15243,2020/8/1,671509.7,21.6,SingleFamily,1980,5,5,0.3,Acres,Other,Central,unknown,900000.0,15243,2020/8/1,544071.0,23.0,SingleFamily,1964,3,4,0.38,Acres,"Forced air, Gas",Central,unknown,565900.0,2,1.0,False,37.12222222222222,medium,1,2,16,-0.08000000000000002,p1_slight,p1_slight,medium_p1_slight
11658507,11659111,15243,2020/9/1,382617.2,21.2,"Single Family Residence, Residential",1949,4,4,0.46,Acres,"Radiant, Natural Gas","Central Air, Electric",unknown,361000.0,15243,2020/9/1,398120.4545,19.81818182,"Single Family Residence, Residential",1960,3,4,0.3,Acres,Natural Gas,Central Air,unknown,492085.0,1,2.0,False,26.63869047014235,medium,0,1,-11,0.16000000000000003,equal,similar,medium_equal
11398491,11398521,15243,2021/10/1,227771.7949,11.94871795,"Single Family Residence, Residential",1953,2,2,6969.0,sqft,"Forced Air, Natural Gas",Central Air,unknown,210000.0,15243,2021/10/1,218847.4576,13.0,"Single Family Residence, Residential",1953,1,3,7500.0,sqft,Natural Gas,"Central Air, Electric",unknown,174500.0,2,1.0,False,16.904761904761905,hard,-1,1,0,-531.0,p2_more,similar,hard_p2_more
11313861,11360118,15243,2021/11/1,271164.0288,23.27338129,"Single Family Residence, Residential",1957,3,4,6194.0,sqft,"Forced Air, Natural Gas","Central Air, Electric",unknown,295000.0,15243,2021/11/1,222513.5593,37.93220339,"Single Family Residence, Residential",1948,2,3,1.22,Acres,"Forced Air, Natural Gas",Central Air,unknown,160000.0,2,1.0,False,45.76271186440678,easy,1,1,9,6192.78,p1_slight,p1_slight,easy_p1_slight
11314125,11360118,15243,2021/11/1,234798.3051,11.52542373,"Single Family Residence, Residential",1955,3,4,0.44,Acres,"Forced Air, Natural Gas",Central Air,unknown,233000.0,15243,2021/11/1,222513.5593,37.93220339,"Single Family Residence, Residential",1948,2,3,1.22,Acres,"Forced Air, Natural Gas",Central Air,unknown,160000.0,2,1.0,False,31.330472103004293,medium,1,1,7,-0.78,p1_slight,p1_slight,medium_p1_slight
11359391,11398570,15243,2021/11/1,291766.1972,14.47887324,"Single Family Residence, Residential",1963,3,4,7840.0,sqft,"Forced Air, Natural Gas",Central Air,unknown,270000.0,15243,2021/11/1,247622.2222,25.11111111,"Single Family Residence, Residential",1871,2,3,0.33,Acres,Natural Gas,Central Air,unknown,207800.0,2,1.0,False,23.037037037037038,hard,1,1,92,7839.67,p1_slight,p1_much,hard_p1_slight
11360118,11398598,15243,2021/11/1,222513.5593,37.93220339,"Single Family Residence, Residential",1948,2,3,1.22,Acres,"Forced Air, Natural Gas",Central Air,unknown,160000.0,15243,2021/11/1,245586.8966,26.64827586,"Single Family Residence, Residential",1956,3,2,0.25,Acres,"Forced Air, Natural Gas","Central Air, Electric",unknown,199900.0,1,2.0,False,19.959979989995,hard,1,-1,-8,0.97,p1_slight,similar,hard_p1_slight
11398570,11658871,15243,2021/11/1,247622.2222,25.11111111,"Single Family Residence, Residential",1871,2,3,0.33,Acres,Natural Gas,Central Air,unknown,207800.0,15243,2021/11/1,253062.5,17.0,"Single Family Residence, Residential",1954,2,2,7487.0,sqft,"Forced Air, Natural Gas",Central Air,unknown,260000.0,1,2.0,False,20.076923076923077,hard,1,0,-83,-7486.67,p1_slight,p2_newer,hard_p1_slight
11359381,11360401,15243,2021/12/1,302000.0,25.32394366,"Single Family Residence, Residential",1950,2,3,9957.0,sqft,"Forced Air, Natural Gas",Central Air,unknown,375000.0,15243,2021/12/1,298017.8344,15.35031847,"Single Family Residence, Residential",1955,3,3,7956.0,sqft,Natural Gas,Central Air,unknown,309000.0,2,1.0,False,17.599999999999998,hard,0,-1,-5,2001.0,equal,similar,hard_equal
11359381,11360882,15243,2021/12/1,302000.0,25.32394366,"Single Family Residence, Residential",1950,2,3,9957.0,sqft,"Forced Air, Natural Gas",Central Air,unknown,375000.0,15243,2021/12/1,272212.6316,11.89473684,"Single Family Residence, Residential",1953,2,3,7200.0,sqft,"Forced Air, Natural Gas",Central Air,unknown,232000.0,2,1.0,False,38.13333333333333,medium,0,0,-3,2757.0,equal,similar,medium_equal
11360203,11360298,15243,2021/12/1,250910.1695,10.20338983,"Single Family Residence, Residential",1953,2,3,6936.0,sqft,Natural Gas,Central Air,unknown,224000.0,15243,2021/12/1,255258.4507,14.18309859,"Single Family Residence, Residential",1945,2,3,7945.0,sqft,"Forced Air, Natural Gas","Central Air, Electric",unknown,295000.0,1,2.0,False,24.06779661016949,hard,0,0,8,-1009.0,equal,p1_slight,hard_equal
11361504,11399029,15243,2021/2/1,186604.5,15.0,"Single Family Residence, Residential",1942,3,3,6500.0,sqft,"Forced Air, Natural Gas","Central Air, Electric",unknown,178000.0,15243,2021/2/1,205918.2,13.2,"Single Family Residence, Residential",1956,2,3,6250.0,sqft,Natural Gas,Central Air,unknown,217000.0,1,2.0,False,17.972350230414747,hard,0,1,-14,250.0,equal,similar,hard_equal
11360887,11360962,15243,2021/3/1,332230.0,21.0,"Single Family Residence, Residential",1955,3,3,0.28,Acres,"Forced Air, Natural Gas",Central Air,unknown,385000.0,15243,2021/3/1,310002.0,10.0,"Single Family Residence, Residential",1953,3,4,7200.0,sqft,Other,"Central Air, Wall Unit(s)",unknown,310000.0,2,1.0,False,19.480519480519483,hard,-1,0,2,-7199.72,p2_more,p1_slight,hard_p2_more
11312600,11312828,15243,2021/5/1,315527.1818,15.45454545,"Single Family Residence, Residential",1963,3,4,9352.0,sqft,"Forced Air, Natural Gas",Central Air,unknown,361500.0,15243,2021/5/1,295365.3846,12.15384615,"Single Family Residence, Residential",1973,3,4,5710.0,sqft,"Forced Air, Natural Gas",Central Air,unknown,289000.0,2,1.0,False,20.055325034578146,hard,0,0,-10,3642.0,equal,similar,hard_equal
11360627,11399061,15243,2021/6/1,234766.0,17.0,"Single Family Residence, Residential",1954,2,3,8568.0,sqft,"Forced Air, Natural Gas",Central Air,unknown,220000.0,15243,2021/6/1,247079.0,17.33333333,"Single Family Residence, Residential",1954,2,3,8385.0,sqft,"Forced Air, Natural Gas",Central Air,unknown,302000.0,1,2.0,False,27.1523178807947,medium,0,0,0,183.0,equal,similar,medium_equal
11313313,11360746,15243,2021/7/1,346481.75,22.25,"Single Family Residence, Residential",1937,2,3,6292.0,sqft,"Hot Water, Natural Gas",Central Air,unknown,439900.0,15243,2021/7/1,325304.0435,20.34782609,"Single Family Residence, Residential",1961,3,3,0.28,Acres,Natural Gas,Central Air,unknown,324900.0,2,1.0,False,26.142305069333936,medium,0,-1,-24,6291.72,equal,p2_newer,medium_equal
11360661,11361096,15243,2021/7/1,227191.5455,13.81818182,"Single Family Residence, Residential",1955,2,3,7348.0,sqft,"Forced Air, Natural Gas",Central Air,unknown,222000.0,15243,2021/7/1,246359.0,20.57142857,"Single Family Residence, Residential",1950,2,3,6250.0,sqft,"Forced Air, Natural Gas",Central Air,unknown,267075.0,1,2.0,False,16.877281662454365,hard,0,0,5,1098.0,equal,p1_slight,hard_equal
11313592,11659040,15243,2022/6/1,613115.3846,16.07692308,"Single Family Residence, Residential",1937,4,4,6969.0,sqft,"Hot Water, Natural Gas","Central Air, Electric",unknown,723730.0,15243,2022/6/1,606030.7692,14.53846154,"Single Family Residence, Residential",1962,3,4,0.32,Acres,"Forced Air, Natural Gas",Central Air,unknown,499900.0,2,1.0,False,30.92727951031462,medium,0,1,-25,6968.68,equal,p2_newer,medium_equal
11360545,11398721,15243,2022/6/1,396964.8352,12.91208791,"Single Family Residence, Residential",1950,4,4,7370.0,sqft,"Forced Air, Natural Gas",Central Air,unknown,395511.0,15243,2022/6/1,445766.6667,11.0,"Single Family Residence, Residential",1980,3,4,0.32,Acres,"Forced Air, Natural Gas",Central Air,unknown,480100.0,1,2.0,False,17.61903770047907,hard,0,1,-30,7369.68,equal,p2_newer,hard_equal
11658460,11659040,15243,2022/6/1,587061.5385,12.23076923,"Single Family Residence, Residential",1958,4,3,10201.0,sqft,"Forced Air, Natural Gas",Central Air,unknown,642500.0,15243,2022/6/1,606030.7692,14.53846154,"Single Family Residence, Residential",1962,3,4,0.32,Acres,"Forced Air, Natural Gas",Central Air,unknown,499900.0,2,1.0,False,22.19455252918288,hard,-1,1,-4,10200.68,p2_more,similar,hard_p2_more
